relative_path,sha256,true_label,true_index,pred_label,pred_index,confidence,n_boxes,correct,batch_elapsed_ms,batch_mean_inference_ms_per_image
A/ASL_A_001.jpg,4c22cf21532007e15036d69e6d511ed050cea28eeb6bbb65488fe19dd70bba71,A,0,W,22,0.5907229781150818,300,0,2817.69056600001,2817.69056600001
A/ASL_A_002.jpg,933b67da7cf17aa61f7e03ab3ba17d5b716d661a2f22b081097d4e9dc2621e40,A,0,M,12,0.5400426387786865,300,0,43.68467799997688,43.68467799997688
A/ASL_A_003.jpg,3fdf32c4cac9ad0da5197c3e60e2601f8705c6c866875b748cfed55f96aea83d,A,0,W,22,0.968078911304474,300,0,41.10032400001273,41.10032400001273
A/ASL_A_004.jpg,c7818535bf2044cd23b0f5dd35a7582bd85054b493e34ee801cbe1bdc3feacc9,A,0,W,22,0.7261865735054016,300,0,41.471160000014606,41.471160000014606
A/ASL_A_005.jpg,78ed23875740a490f29f23f2b9de37e747abf04222a5a11da803d50cb9842884,A,0,W,22,0.9656224846839904,300,0,37.60056300006909,37.60056300006909
A/ASL_A_006.jpg,46cc66c3917738a4a92434ae5957949b94396ff314fca14ecafa0841a3dc2a86,A,0,Y,24,0.8823277950286865,300,0,41.585714999996526,41.585714999996526
A/ASL_A_007.jpg,18044e3310f4481cac7389f7dd9d018aebed9427678e2be9a4daa51c2ec690b0,A,0,Y,24,0.5437673926353455,300,0,40.02524299994548,40.02524299994548
A/ASL_A_008.jpg,d1a75fc4c160ffbb43f3cbcd0535294f51fc0d188083ed5641ff8f93369a08bf,A,0,G,6,0.6649786233901978,300,0,39.75559899993186,39.75559899993186
A/ASL_A_009.jpg,edb18db664a5caafd3a392e84bff525f9db725368f257a186c8f7f7fa24cf795,A,0,Y,24,0.7672443985939026,300,0,40.81135199999153,40.81135199999153
A/ASL_A_010.jpg,eba49b0ddc79eea96ebe235a4016791821713b1cf97a681a962bf740c6d4cfe9,A,0,Y,24,0.6872687339782715,300,0,40.1516489999949,40.1516489999949
A/ASL_A_011.jpg,53f4a127eed06b577d298a6d217314dd66a9c706cc64a607ff36609e06850a23,A,0,N,13,0.4906707406044006,300,0,41.63483599995743,41.63483599995743
A/ASL_A_012.jpg,1e1ba8380b1cdbb8d2a056642013fc40fda5879a09d3c36f1ebb6dfeea1100e7,A,0,Y,24,0.8475344777107239,300,0,39.425821999998334,39.425821999998334
A/ASL_A_013.jpg,54f1fd2558332fd8e74e3428a29bc8d186ae2f1132f939eebd2a098a8c988f43,A,0,Y,24,0.562213659286499,300,0,40.686004000008325,40.686004000008325
A/ASL_A_014.jpg,aae8c61e18af84f7d75a23c52b2bdb0300c13376af8185fba7b06d79a00309a2,A,0,Y,24,0.6562904715538025,300,0,39.152184000045054,39.152184000045054
A/ASL_A_015.jpg,89b842ffe2d4f810a5201ba7e2caea1d1db17edd7f35dd68319ad80048ff5e86,A,0,Y,24,0.842138409614563,300,0,38.60014899998987,38.60014899998987
A/ASL_A_016.jpg,4de06c5bf53047e6fb3907e785cfca486d53a598e48e01cbaf34298d7e0bbc3f,A,0,A,0,0.9896981120109558,300,1,40.73184799995033,40.73184799995033
A/ASL_A_017.jpg,4a6002e77458fc74a8d41e549d0df86309d95ad2fabc2a6ff514f301d1e0dc6c,A,0,A,0,0.936785101890564,300,1,40.10024900003373,40.10024900003373
A/ASL_A_018.jpg,d0f5f73ac0f4a26fa76a6bc1d40a1c79776e73c6d7925f67c6dcc68629f5c922,A,0,A,0,0.8649472594261169,300,1,39.71790000002784,39.71790000002784
A/ASL_A_019.jpg,1f8d127446031b44d8768ca25b1c71d3df1f4b2069da5d2e9cefe78780a33b7f,A,0,W,22,0.7818009853363037,300,0,39.74676799998633,39.74676799998633
A/ASL_A_020.jpg,e796e6c3e2b221582c0c6956063cf9fd7f7210b4a60d68f5641f3c30fe885600,A,0,N,13,0.922711968421936,300,0,39.3308769999976,39.3308769999976
A/ASL_A_021.png,12e255a04b1428c81d18263302c26f8b17d303595c95f8237c162dab62f87e1f,A,0,A,0,0.9738829731941224,300,1,54.55062199996519,54.55062199996519
A/ASL_A_022.png,82ccfb903afa97278f9757dd10b7c74858ad26afafe82049dc629be3bbcd45d1,A,0,Y,24,0.99153333902359,300,0,45.770650999998,45.770650999998
A/ASL_A_023.png,f18b87449c3840d7b21dfc54d78e780922be6604733e8be6a1ee7f248a225539,A,0,A,0,0.9601857662200928,300,1,49.220833000049424,49.220833000049424
A/ASL_A_024.png,cdee7a8b316d14fe32db73897d8c2c8703cb8e4bf291c4ad76858a3038292343,A,0,Y,24,0.6211106777191162,300,0,45.95654899992496,45.95654899992496
A/ASL_A_025.png,4f92a4fae98ba243487b1cf35afae660a5c672f493263aaa7e977696dd59d369,A,0,T,19,0.794192373752594,300,0,47.41577899994809,47.41577899994809
A/ASL_A_026.png,ea867d33f7259d012ffdcd0a2933f8134f321f748d0a5d4d18366f370b4a0e64,A,0,A,0,0.968171000480652,300,1,46.44581100001233,46.44581100001233
A/ASL_A_027.png,adc0d90fcbab4e90d3df2525971456278805563d3692a4bc23612327cb91eeb3,A,0,A,0,0.9902936220169068,300,1,47.36093299993627,47.36093299993627
A/ASL_A_028.png,0c94c2c25b6b69438a2e95b01d4d7c6ea7ad95ed3539686227b75fe76d2027c0,A,0,A,0,0.9830173254013062,300,1,46.93032700004096,46.93032700004096
A/ASL_A_029.png,6f4541f783c86e1e9225af6a9629b3e425cb8834dd0df85189b6f95bd6db075b,A,0,A,0,0.9839069843292236,300,1,54.83713099999932,54.83713099999932
A/ASL_A_030.png,c1735501801d4d408fca47af35ddcf40b3cb5c9a9390a70ea7935bf252c3c8ad,A,0,A,0,0.8687717318534851,300,1,46.66642199993021,46.66642199993021
B/ASL_B_001.jpg,b418b4d3b0297cbf2cd3bf4827eba4e60b5102ec80415a9666eb7f3a468a9a7e,B,1,N,13,0.5772441029548645,300,0,39.51726599996164,39.51726599996164
B/ASL_B_002.jpg,0baf3e101494bd60855442750a2fb82fddd50150c749bcf0f8b3683ce3b5fb8f,B,1,B,1,0.8671009540557861,300,1,41.9543129999056,41.9543129999056
B/ASL_B_003.jpg,0114429b0d99756d9f89eaf7be3df9435f37da83e88df92136e8b50ad320be6d,B,1,B,1,0.9727166295051576,300,1,42.91864400011036,42.91864400011036
B/ASL_B_004.jpg,1085e355695d54bd2ef6ccc9a2c394f05d30bb384982cf33c7f306778ea452bd,B,1,B,1,0.940837860107422,300,1,40.185505999943416,40.185505999943416
B/ASL_B_005.jpg,a72d4dc3228dce2ef90fdec959648dd0edec8f48d5c6570f78bc44d290519367,B,1,B,1,0.92604660987854,300,1,39.98586099999102,39.98586099999102
B/ASL_B_006.jpg,50135618e5767b4974a598592bcbeb5894165890a94d66fcb9a1fdc33ced45c9,B,1,F,5,0.5549185872077942,300,0,40.51681999999346,40.51681999999346
B/ASL_B_007.jpg,c934012f69b37ddeed774ac15587534cf37d91a72137ee4d47bfa44a76a4e53c,B,1,G,6,0.4471684396266937,300,0,38.19353899996258,38.19353899996258
B/ASL_B_008.jpg,2e221c7017c2607f1c72cee54da43a554e5a6e5ca9b0b1b8c7a2544eb48fcf12,B,1,N,13,0.6410410404205322,300,0,38.82189900002686,38.82189900002686
B/ASL_B_009.jpg,90f8030fc7c115d910bfd52032545168fa2c17da7c54b4df8d5de0c9fe557dbc,B,1,N,13,0.5450071692466736,300,0,39.71502699994289,39.71502699994289
B/ASL_B_010.jpg,c65e71d7799e0b9ac094c509bc5fb89cebade97912ccf281f911de212c78713e,B,1,W,22,0.4000110924243927,300,0,37.37448499998664,37.37448499998664
B/ASL_B_011.jpg,dac7224ef5a75dd772d04743b08867cfd5137444b01dd35460403a666d09f64f,B,1,N,13,0.8766679167747498,300,0,39.06049500005793,39.06049500005793
B/ASL_B_012.jpg,25e700b48ff8070fe443f7ca2a7fdfef2749d9464ee64c6776574b0f924123dc,B,1,F,5,0.93222177028656,300,0,38.42365000002701,38.42365000002701
B/ASL_B_013.jpg,24cbba9e61b1638b65e150b4fc51f43bbbf3d89017bc64cad6cd39cb0b2ea761,B,1,F,5,0.8598045110702515,300,0,37.65654100004667,37.65654100004667
B/ASL_B_014.jpg,b460d8dd711d5709599bcb1279088e34efc3c13326f1dab2fbfd2cfbeee63214,B,1,P,15,0.8577306270599365,300,0,41.21733499994207,41.21733499994207
B/ASL_B_015.jpg,5f15eec369f4599635552a0e53a0aa02ebece210a02b985f3cb73b47584d0231,B,1,B,1,0.9900937676429749,300,1,39.05824000003122,39.05824000003122
B/ASL_B_016.jpg,eb3d6da5c11776fd7da75a73dc5b7dac039d28d8e9b34ed9781c5647f5534c6b,B,1,B,1,0.8278734087944031,300,1,40.241627000000335,40.241627000000335
B/ASL_B_017.jpg,1c877891994306e015515316e6ac5769313c34a568125542a116614ca144d526,B,1,B,1,0.991528868675232,300,1,40.81020499995702,40.81020499995702
B/ASL_B_018.jpg,b27c5316f60c7a8b1a3d67dffd70db7373c2f86800b556e1170c556b2078636e,B,1,B,1,0.9897443652153016,300,1,39.46667699995032,39.46667699995032
B/ASL_B_019.jpg,b8fc8517449de7cd8075aca568afdd0a28ad681a2c4fd8717bee0b45e380e22f,B,1,B,1,0.9880321025848388,300,1,39.871516000062,39.871516000062
B/ASL_B_020.jpg,2a64fabb48cfab282f2dba93a9d1535905d6ced7e10e493bb59a2abba07d73e8,B,1,M,12,0.9633402824401855,300,0,39.94080799998301,39.94080799998301
B/ASL_B_021.png,762b16156f967eaaa2a76aba092e01e9dfdc32ad3d012efec6180ac544b751fd,B,1,B,1,0.9898234009742736,300,1,49.24975000005816,49.24975000005816
B/ASL_B_022.png,6c0ad97fb610cf04a0ca086f7200f8401803ebce7549c81f70a45c2f69122965,B,1,B,1,0.9915557503700256,300,1,50.0186560000202,50.0186560000202
B/ASL_B_023.png,ba5c60eeb5e9a4ca67aa663439c55b9c5e4e94e2a7c5ac660c6e927cf9eb521f,B,1,U,20,0.8599674701690674,300,0,49.68714099993576,49.68714099993576
B/ASL_B_024.png,ce5ded61c33aaac5c784758cff7f3d7556007abbb544e1cbdd9e4d0473016517,B,1,B,1,0.9897416830062866,300,1,47.06970500001262,47.06970500001262
B/ASL_B_025.png,84d611b0737f12560071d4de57781987214371520db0b02a2edd3d56c0d0547a,B,1,B,1,0.9860450625419616,300,1,64.19972599996981,64.19972599996981
B/ASL_B_026.png,1eeac6917b0c830ad29a9d1c737b356fff2a3d9e2c097272b8b63a9ac28f0ee0,B,1,B,1,0.9884893298149108,300,1,44.73767199999656,44.73767199999656
B/ASL_B_027.png,6f2c28dc08dc2dbad0cb584b65061c833792162699daa4a0f21a62200bcad957,B,1,nothing,27,0.6673281192779541,300,0,46.93819599992821,46.93819599992821
B/ASL_B_028.png,2f6884817e46d2a5c34477edbdd1a694f14bebe57f9d1468bf3c36e76f78558c,B,1,B,1,0.9922101497650146,300,1,47.73936899994169,47.73936899994169
B/ASL_B_029.png,433b9b1947fd2afd842c5a1b07467e065876ce5e2e92e5175a6494ea0d1a37d5,B,1,B,1,0.8414404988288879,300,1,48.36972199996126,48.36972199996126
B/ASL_B_030.png,3a185caf0f939a922da6ab7ab76f3560aa01ec5475b8fe083ce4a507fff80e3f,B,1,B,1,0.9877810478210448,300,1,45.22724399998879,45.22724399998879
C/ASL_C_001.jpg,1af7c090815dfeb2b6919436f329a8d2f5c11c1acdc9b048d1a7cb732dd3f314,C,2,N,13,0.8692178726196289,300,0,43.893359999970016,43.893359999970016
C/ASL_C_002.jpg,cce807f3f0d771f57b79e362f1fd90a0092ba30cc65a6ce49dbf0afb705eb896,C,2,W,22,0.9228339791297911,300,0,39.503173000071,39.503173000071
C/ASL_C_003.jpg,f3fe0fb4685bc67ec66d97b5e58cb7378a4345bedab45dd99a37918944827837,C,2,W,22,0.9743196964263916,300,0,40.538666999964335,40.538666999964335
C/ASL_C_004.jpg,f1f953eabe1f3a2f53570753d1d34dfc3fefa748372077f15491962f476153f5,C,2,W,22,0.8464996218681335,300,0,40.20826299995406,40.20826299995406
C/ASL_C_005.jpg,270f0af5cac20bff25aebceac5f022fc1f01a682b964766c253f0b967204fc45,C,2,N,13,0.7923434972763062,300,0,39.39913300007447,39.39913300007447
C/ASL_C_006.jpg,039516bee03f14eec0cde52843dfe405cab7ce3b7c33b68e08d2f6cbd72e85a0,C,2,F,5,0.5255804657936096,300,0,41.80703800000174,41.80703800000174
C/ASL_C_007.jpg,136fb390cfdbe89d942ce585aaad232661fdce63eeea45811f7bf241894d80c2,C,2,P,15,0.604340672492981,300,0,39.11538900001688,39.11538900001688
C/ASL_C_008.jpg,2a8ecaf3bce0ad733297140a13f9d741744da305bcbf895606000db2b0967cfa,C,2,D,3,0.8608142137527466,300,0,38.093869000022096,38.093869000022096
C/ASL_C_009.jpg,fe0ed91513edc36d416dad190b19205604992363d376955732c594ff0185db1e,C,2,F,5,0.7927597761154175,300,0,40.09592299996712,40.09592299996712
C/ASL_C_010.jpg,650dd0c9b727519bcc90350e97c27547e432bcf026badf8bab6b6a71f4853004,C,2,F,5,0.9862116575241088,300,0,39.506159999973534,39.506159999973534
C/ASL_C_011.jpg,75adee28f63f4d4d16ab3dd677cc69487f8860fd17fa07b568394de1be14445b,C,2,D,3,0.729337751865387,300,0,39.006976999985454,39.006976999985454
C/ASL_C_012.jpg,d56f47da4ac0774d333dfd5b9c92d085eccd3142f8d1c45b0b5dbd1955d85352,C,2,F,5,0.9503728151321412,300,0,39.04372199997397,39.04372199997397
C/ASL_C_013.jpg,fe02a1aa135a27fa7d657322eab3262432590aaf7f3d452d914acca1f785ddf0,C,2,F,5,0.6540151238441467,300,0,38.07241700008035,38.07241700008035
C/ASL_C_014.jpg,54629adc0b94d81c765417e8a63f203a795fad41fa2786a24c56255d6664e84d,C,2,D,3,0.8382583260536194,300,0,39.50303100009478,39.50303100009478
C/ASL_C_015.jpg,f5d173921ef09cece3096db9475bb1903a74640107babd51bc91a04df6b46b4f,C,2,Y,24,0.804265558719635,300,0,40.33724600003552,40.33724600003552
C/ASL_C_016.jpg,75972516f2da32b2faeab8ed29a44bbf51585fce41f536ac1b0d472b830744b4,C,2,C,2,0.7912792563438416,300,1,38.51711899994825,38.51711899994825
C/ASL_C_017.jpg,8a364509e5f488945bc5b9acdce89ba1d1753dc199cd4e099cf3f9aa6e12a860,C,2,D,3,0.8574267625808716,300,0,39.76919799993084,39.76919799993084
C/ASL_C_018.jpg,f531ade19485f557f4258ac0728f36317a9c0e3bb62f26c34d81d76d4da00138,C,2,O,14,0.6300862431526184,300,0,43.05094300002565,43.05094300002565
C/ASL_C_019.jpg,1e33b1ae09f53716a4a7fa92fe78bb0b6a018b1bb9b5b6000c6d721b4e0b5552,C,2,N,13,0.697884738445282,300,0,37.66606499993941,37.66606499993941
C/ASL_C_020.jpg,78f8555d781d06bf54e9d3d86c276396845382e0ee2567d36fd1a11349f46f31,C,2,N,13,0.8861360549926758,300,0,38.16844499999661,38.16844499999661
C/ASL_C_021.png,cd53d73bc0e0e1924e9f66794688b8607c63fcd74ec770200b5d5bdd3a89e21e,C,2,O,14,0.9574666023254396,300,0,49.67189700005292,49.67189700005292
C/ASL_C_022.png,93ab0509367c960d1961f7ebe559e2c0753e1da684374bbf468990f5b4963ae3,C,2,O,14,0.9796318411827089,300,0,43.91329700001734,43.91329700001734
C/ASL_C_023.png,384c7c8d02aab0074e61ce0dbffbe96fad55a1e280f03ec5dfaefb8875d25201,C,2,C,2,0.9901296496391296,300,1,46.74284500003978,46.74284500003978
C/ASL_C_024.png,ec68a4b903790196560474a91962f0284f30e02c3864c402726a909ddb0d3e67,C,2,space,28,0.9743339419364928,300,0,49.19541399999616,49.19541399999616
C/ASL_C_025.png,fbe020c97f1a2d4ee21e97a8525b465bb17cbd414eefc7640835ed3430d8c2be,C,2,N,13,0.8465008735656738,300,0,45.89446099998895,45.89446099998895
C/ASL_C_026.png,2f40d10de29771c2de44df1de28b04bb68b7eccf8f8067d35fab8b47e62b5fb7,C,2,space,28,0.839203953742981,300,0,49.23224399999526,49.23224399999526
C/ASL_C_027.png,332284392061bc4de7fa779ba5e51283fc45ae3986937bda74917cc48ba0e2dc,C,2,D,3,0.9092642068862916,300,0,50.63320800002202,50.63320800002202
C/ASL_C_028.png,f49f65fe7f4cd333988b86a75faf3e0f301cbf5aea9428c04ac492b55a1aa283,C,2,O,14,0.7369757890701294,300,0,48.940928000092754,48.940928000092754
C/ASL_C_029.png,ebab16614dc50fca9c5f3a5aef13a6779079c95a9478772fced58463b5b84e92,C,2,C,2,0.9812622666358948,300,1,48.07195299997602,48.07195299997602
C/ASL_C_030.png,60124c721ef87de0594bbb9bdb29ca8cd2b534c37a717f45668a4a22acf3106b,C,2,O,14,0.874582052230835,300,0,47.41148300001896,47.41148300001896
D/ASL_D_001.jpg,b9694a484f19b1f1743f134857a883479f54d497740287dcd435ef41534e00c3,D,3,D,3,0.8630391955375671,300,1,37.81495099997301,37.81495099997301
D/ASL_D_002.jpg,c2c581e63acc4295238ba042fabf96f78520789bd559d01dca98505d687cb2ee,D,3,D,3,0.9100292921066284,300,1,39.37661299994488,39.37661299994488
D/ASL_D_003.jpg,b20d8fc67ad1c5f0529093ca12b30472f2758b11e365adcd03868d8d7203a47d,D,3,G,6,0.6979391574859619,300,0,38.92807599993375,38.92807599993375
D/ASL_D_004.jpg,19cfbba26a2f6f6f88159bfa4c0b18495f693e76c0f733572e51a5660ba9dbcf,D,3,F,5,0.7151055932044983,300,0,38.12180299996726,38.12180299996726
D/ASL_D_005.jpg,81ce8c8543c54163075ed0b9e0e6284182d173b5bc2a304618c430038f25ec4c,D,3,D,3,0.9548528790473938,300,1,43.24424799995086,43.24424799995086
D/ASL_D_006.jpg,8899ec6ecbc5f3bb7916ef88828363cb58496a581f632a18777cc668ba144b25,D,3,D,3,0.9582741260528564,300,1,38.593768999930944,38.593768999930944
D/ASL_D_007.jpg,4e352fe008b020fca4a1e300b27c81fb3a9c422c26ac5ed9ff7e730cb91f2435,D,3,D,3,0.8714046478271484,300,1,40.38728099999389,40.38728099999389
D/ASL_D_008.jpg,6978d1787a7ed05c0e4e4d0a95300b161fbd750cd048d509361297290798d924,D,3,Y,24,0.5812651515007019,300,0,41.19116300000769,41.19116300000769
D/ASL_D_009.jpg,049de9d1c774aa88914e4048bd58dd89c7fdddab1875dc94766a9b04d6f315a7,D,3,D,3,0.7530249953269958,300,1,40.23959699998159,40.23959699998159
D/ASL_D_010.jpg,5728738401fb8fa43d821ac2a580de44bcc70604026a2a73b9495f97e5f1ce68,D,3,D,3,0.9302290081977844,300,1,40.90223600007903,40.90223600007903
D/ASL_D_011.jpg,804bfbd9354f0c6bab697ae536b5f547a3c4482ac37094abc3217951dccf775d,D,3,D,3,0.9717751741409302,300,1,43.14930099997128,43.14930099997128
D/ASL_D_012.jpg,a710a1afc1dcb19675632fe62820db16dd87b59c599d73ccbc05b9c3c26ab22a,D,3,D,3,0.9574366211891174,300,1,37.706845999991856,37.706845999991856
D/ASL_D_013.jpg,58bf26cb12ecef96e1efff8f3084ce42ca29295bc269a321e966f54b2be2a2ed,D,3,D,3,0.910790205001831,300,1,38.51992699992479,38.51992699992479
D/ASL_D_014.jpg,06d3f7e9fc1f010e02a9e5fed45e7c7dbf230dcd4bf77ca867bb63eba7f28a01,D,3,D,3,0.9318724870681764,300,1,37.48686500000531,37.48686500000531
D/ASL_D_015.jpg,ba474909f8e546064ffde981e323d55eb3573135a770dc38b777610bd39d790c,D,3,D,3,0.991031289100647,300,1,38.297120999914114,38.297120999914114
D/ASL_D_016.jpg,4a22afb520cf1354779809109205ffe4ee965371c4b1aef6e80c3872656f4cb6,D,3,D,3,0.9913738369941713,300,1,37.620214999947166,37.620214999947166
D/ASL_D_017.jpg,a2b787f2e9be4891fe9fd5b938e0506a3dbd46d690952720be11787beee42097,D,3,D,3,0.9918553829193116,300,1,40.95117500003198,40.95117500003198
D/ASL_D_018.jpg,51dcb3b51f3dbcc413009afd373f13c4abea6bfbd254d8912d2084c73cf01b90,D,3,D,3,0.990426242351532,300,1,37.80442099991888,37.80442099991888
D/ASL_D_019.jpg,e3be73914b8550580b2575e2bb7b83a6debaeab591324f5bb3c74aa2e7522ae9,D,3,D,3,0.9894213676452636,300,1,37.81237999999121,37.81237999999121
D/ASL_D_020.jpg,b81303430c3ed387b6ece13aa08475225d0a5a651f43baa87a308ab3525088c9,D,3,D,3,0.9888784885406494,300,1,40.096535999964544,40.096535999964544
D/ASL_D_021.jpg,2386a3f1f7895bd3a0b7f229ce737897dd4399cf33848a4c6cdfda2ba11e4e13,D,3,D,3,0.9923121333122252,300,1,38.22878199991919,38.22878199991919
D/ASL_D_022.jpg,f0464911387b1f94d3f3e69c114261e9634e0c4f582fe24e3c6586e1a1c3b49c,D,3,D,3,0.9906366467475892,300,1,50.92442399995889,50.92442399995889
D/ASL_D_023.jpg,c2d063adbf69a4136a6f6c0c3dae39a08f78c8d9c3105feb681d437afc5a5a92,D,3,D,3,0.9919849038124084,300,1,37.87294800008567,37.87294800008567
D/ASL_D_024.jpg,415f7349bd92947d328766d07df187d36178046f255950141c84c314b7d81cc8,D,3,D,3,0.9912269711494446,300,1,39.28396199989948,39.28396199989948
D/ASL_D_025.png,0c35c7bdd7c3e96e755f7b3cca1b9abc4a03f0e2e0a11fd87fff60f9fbc48c0d,D,3,D,3,0.9903517365455629,300,1,45.737384000062775,45.737384000062775
D/ASL_D_026.png,b43a47147b45b6999aa83a2bdece1068c31d8adf853f4c77de566d00caa1efcb,D,3,D,3,0.7547504305839539,300,1,46.81881700003032,46.81881700003032
D/ASL_D_027.png,f865ea4a51d92e15344813ea469a6b189d72bdbd626d95dd1f1a6840b02cfe35,D,3,D,3,0.9931079149246216,300,1,45.33960500009471,45.33960500009471
D/ASL_D_028.png,48b533cfbc71713ffe81f83e39c882166ddf09008d239f657b6f465beafd2041,D,3,D,3,0.990767538547516,300,1,47.778485999970144,47.778485999970144
D/ASL_D_029.png,6a54a7f95a84287e62f57ddfc7cae49d5c7d5ad3e058c8ffe091bd6a54ea86e0,D,3,D,3,0.9809045195579528,300,1,47.63581400004568,47.63581400004568
D/ASL_D_030.png,d8f9895f91aee4435ed78daeee1039b11dbd57c66b9301b49fb29621105bae2c,D,3,D,3,0.9933401942253112,300,1,48.43854399996417,48.43854399996417
E/ASL_E_001.jpg,4e2939d3e6a235b7b1e9c9db49ab44bd8644819edc84f3b814342b8996a2ebd2,E,4,Q,16,0.8431482911109924,300,0,38.46308300001056,38.46308300001056
E/ASL_E_002.jpg,b29695cd99e3a9c6e6932901545b5447a7080373a18d17a4a8524dbbc07d665d,E,4,N,13,0.6020504236221313,300,0,39.71656900000653,39.71656900000653
E/ASL_E_003.jpg,ede07477a509968d9beaf05f50575192ae1af81dbd756ecbeac06bedf55a5dd5,E,4,W,22,0.8865729570388794,300,0,39.7273439999708,39.7273439999708
E/ASL_E_004.jpg,72bca3822a268dc087b661f5b0d84a0b35bc116a08a62fc2194066a0fd9c8713,E,4,I,8,0.8637580871582031,300,0,38.4849499999973,38.4849499999973
E/ASL_E_005.jpg,c8f6a2a207f45f72ed56d252cb375724b4a9969e5f299de9969e1b3fb15c219f,E,4,G,6,0.8877747654914856,300,0,37.949847000049886,37.949847000049886
E/ASL_E_006.jpg,b9950796aabc0f857b82ba252acb2ed7faf3cf422920df0b780897e73d55f3a2,E,4,D,3,0.6309311985969543,300,0,41.55157799993958,41.55157799993958
E/ASL_E_007.jpg,eef563fae607776b600331e5dd328317668fd79dde3c2f2cb08b40f7670b1599,E,4,K,10,0.651216447353363,300,0,37.61361699991994,37.61361699991994
E/ASL_E_008.jpg,3e913ce60e89b3171c2a6c4ab0caaf42cff0204fc1428a6d51a0df66c182f098,E,4,D,3,0.975216805934906,300,0,37.03390199996193,37.03390199996193
E/ASL_E_009.jpg,5f337b45556f5009c1dc520d8ee3e04356d9da8186401aef679e286d9948bf10,E,4,D,3,0.7649970054626465,300,0,41.06038600002648,41.06038600002648
E/ASL_E_010.jpg,7733d40968234f4d114cf2c1cee39d2b6e10f8664f70c0b19b093ee36e1c20c3,E,4,D,3,0.7306030988693237,300,0,40.52013000000443,40.52013000000443
E/ASL_E_011.jpg,707208c2208115a9641d9a6d5d89a2920ebb6815f300005bc2b772b3cbf04b3f,E,4,K,10,0.7885416150093079,300,0,39.0082279999433,39.0082279999433
E/ASL_E_012.jpg,16e11b958477068669b2852bf326367555f105f16e604dd48861ac76c619dd46,E,4,K,10,0.6972096562385559,300,0,40.5228670000497,40.5228670000497
E/ASL_E_013.jpg,e449e20a2c31a55c0e85ba457e26cb77c619a020cf7c8b928da3ebcfa9f1b8a9,E,4,D,3,0.5361610054969788,300,0,40.48200599993379,40.48200599993379
E/ASL_E_014.jpg,45562414bcf7cdbfa88ae3f07f9918f1947ce3d9dea36fb0b1cd1dd01f0225b5,E,4,G,6,0.6425239443778992,300,0,37.73863899994012,37.73863899994012
E/ASL_E_015.jpg,b3894188dbd6e495f659ca10e4b805d4ddb49124f5bdc00bac30b9ae1a82672c,E,4,D,3,0.6614029407501221,300,0,38.49450500001694,38.49450500001694
E/ASL_E_016.jpg,0c0f459283aa96fa1a910a1fd434ef8cfbe1a0635f98ba04413d6bb1c84f6548,E,4,K,10,0.5704319477081299,300,0,36.98417999999037,36.98417999999037
E/ASL_E_017.jpg,d15bee940f36f4bd6a4ee6727124a2702151b85fffe293e86caa5f10c2be5551,E,4,M,12,0.7568590044975281,300,0,37.48027300002832,37.48027300002832
E/ASL_E_018.jpg,173bd6eb3aac493ae3b6dce8c5da4f1cee8ff62274342fb913729a01e21dec91,E,4,M,12,0.6639171838760376,300,0,36.57568300002367,36.57568300002367
E/ASL_E_019.jpg,1c107845d7332a06191bc992311cd8b96df0478f7f897a3e0bcb3485184db6d6,E,4,E,4,0.9141320586204528,300,1,37.72798300008162,37.72798300008162
E/ASL_E_020.jpg,df0685bd3121e179ddb31fb2c41635413d98b91e581202bca7439be62dbbaa5d,E,4,M,12,0.9430997371673584,300,0,37.38525400001436,37.38525400001436
E/ASL_E_021.png,e61a1f573f02f992ecca819d37da862908b87c8cd1f59c4098d477c997632462,E,4,E,4,0.9916676878929138,300,1,47.76804499999798,47.76804499999798
E/ASL_E_022.png,482db448ae9b11a11709ab94b0b1ee54ecf4f8ef88fe3365fbf1fdaf695dd933,E,4,E,4,0.6516615152359009,300,1,48.19724599997244,48.19724599997244
E/ASL_E_023.png,55b7374145ed65f7410091a4386deb119a30a8800aa33534a341cece43a63fe8,E,4,E,4,0.992181658744812,300,1,47.306337999998505,47.306337999998505
E/ASL_E_024.png,8e32309eeccad8d9a00493ed0ca4ae68a100ba6b80642607c6880759a0617571,E,4,E,4,0.9421291947364808,300,1,47.2968020000053,47.2968020000053
E/ASL_E_025.png,64e1cef387683e4d7b9cb47d8dbd2edc3f4680849bff19a6149970e10ce17e4a,E,4,E,4,0.9863669276237488,300,1,46.96802799992384,46.96802799992384
E/ASL_E_026.png,247f9d478ad211ed441a61f11ff64c52303c722e8f4c30a94ca59a1423f81974,E,4,E,4,0.9921872615814208,300,1,47.3541800000703,47.3541800000703
E/ASL_E_027.png,35e546aeca71bf6a8cee3e341f96c3f6409ef0824272420f652044451f1bd834,E,4,E,4,0.9863656759262084,300,1,46.6505669999151,46.6505669999151
E/ASL_E_028.png,a03fb2cdafffca0c9356acf6ea2934463e4ef5d2b7508616fa85be4601c572bd,E,4,E,4,0.991117775440216,300,1,48.5269179999932,48.5269179999932
E/ASL_E_029.png,691247e750965a5491f42a7999e92db5aa2e1b6d95fd11c4110e88f39fec6b71,E,4,S,18,0.8277682662010193,300,0,47.30203999997684,47.30203999997684
E/ASL_E_030.png,0528d433712db1e5b48c54fa040ac8db066a3508893713128c019e1be6b23561,E,4,E,4,0.9902177453041076,300,1,48.25619799999004,48.25619799999004
F/ASL_F_001.jpg,2f2e177fff3da4c822abd213fdaa5e33011d543362de31d38f741f55184d6647,F,5,W,22,0.953386664390564,300,0,39.07676400001492,39.07676400001492
F/ASL_F_002.jpg,18a4ab085a969465d97d0ce896d13b4d695f88bb9bad38cd526840599fe62718,F,5,W,22,0.9220027923583984,300,0,37.7418209999405,37.7418209999405
F/ASL_F_003.jpg,363d4fb53ca67bc1be1233c42b5696e9fede3a6952204ee703a8a76c67e5b715,F,5,W,22,0.9482916593551636,300,0,37.80352500007211,37.80352500007211
F/ASL_F_004.jpg,909580540b00c7efae04f8ff2d6fd3d493b785c95fe652693207ff105b18e6c4,F,5,W,22,0.9867841005325316,300,0,38.14951599997585,38.14951599997585
F/ASL_F_005.jpg,ab5187525096e87c34722eb232cf7d906809fbb5c53f54d99b6c62f314aa22b3,F,5,F,5,0.8412361145019531,300,1,40.14919899998404,40.14919899998404
F/ASL_F_006.jpg,dceb688853be4e9ac980d3e446cff1b6912759f0ddb45b713a98260d548013c7,F,5,F,5,0.9382162094116212,300,1,38.59878200000821,38.59878200000821
F/ASL_F_007.jpg,409de33ff9ca57f5b022c060b33a9c6c3599451c168613f6fd28e21a82ab2b64,F,5,G,6,0.880472719669342,300,0,39.08723699998973,39.08723699998973
F/ASL_F_008.jpg,c09b951f438d65fe9b6752b5ba3c50c1b52eac3df1c0a5d57d22c7899a216bb5,F,5,K,10,0.7351108193397522,300,0,37.16481499998281,37.16481499998281
F/ASL_F_009.jpg,ccfc9ab9c102ac7a74530a741d0b74cd8412fdb6435d311283f0763452357604,F,5,F,5,0.9735264778137208,300,1,43.43629599998167,43.43629599998167
F/ASL_F_010.jpg,ca4befaea3eab9dd02d57f854f05be9f9fc6df89d15de25f6d8a018e9cecf650,F,5,F,5,0.9853679537773132,300,1,41.14844900004755,41.14844900004755
F/ASL_F_011.jpg,6d4eb78b02130cc81196e62e15e379cd56c4901f080c8476e9032caf28a6a5aa,F,5,F,5,0.97748464345932,300,1,39.26680100005342,39.26680100005342
F/ASL_F_012.jpg,22c0e146ae37744aa2de920c9ce38bc7ccc3c922be61efeb6d0435636d26c33f,F,5,F,5,0.9516271948814392,300,1,38.9339480000217,38.9339480000217
F/ASL_F_013.jpg,d916389644cfddeebb2e5e7833180d89b57be1939f59faf10709050f9d60e3f6,F,5,F,5,0.974580705165863,300,1,38.690435000035,38.690435000035
F/ASL_F_014.jpg,2651255b95c4bc9bbbaee3c4b033fad65243ba176a8aeb9babed185b6350dc2c,F,5,F,5,0.9230873584747314,300,1,39.39670299996578,39.39670299996578
F/ASL_F_015.jpg,84362d3eef64f71f0b7af85cddaf6683b23e5e47eba23f45e918921c71d4f38b,F,5,F,5,0.9798837900161744,300,1,39.70661899995776,39.70661899995776
F/ASL_F_016.jpg,6bd67519747bb12cc70778264948eada43534e3fd4f7bcc461facd7748a82f99,F,5,F,5,0.96323823928833,300,1,39.10212999994656,39.10212999994656
F/ASL_F_017.jpg,4f037b6901475da321df7bcead09f98b9ffdbd8394187005563212b10df83f28,F,5,D,3,0.9188811779022216,300,0,38.765799999964656,38.765799999964656
F/ASL_F_018.jpg,3a5db7825c9f690bf3080f889c7644bb8fcc250bfe1c971a827e7e17ebe1829b,F,5,F,5,0.903411626815796,300,1,38.14854099994136,38.14854099994136
F/ASL_F_019.jpg,28544020d501540835bd148986f96044916caa5a5343d39f89d6177537461f44,F,5,F,5,0.6410967707633972,300,1,43.21502799996324,43.21502799996324
F/ASL_F_020.jpg,d8edd33f5c1cce8f7f3d7f030c735940003b688b898ac933a4c0fee0743f7c3e,F,5,K,10,0.7282498478889465,300,0,37.98193000000083,37.98193000000083
F/ASL_F_021.png,6df21702f3f287892e15446786ee109c4a009faf31d2283e8af43c9248d25990,F,5,W,22,0.9582750797271729,300,0,49.11544900005538,49.11544900005538
F/ASL_F_022.png,d0aa553a9307d1aa626156fa373a3ab8ea6fe45c033009e4781055c52251ac22,F,5,W,22,0.9896703362464904,300,0,52.03288699999575,52.03288699999575
F/ASL_F_023.png,e5652963a24c897609560f57bb989052fb366aab832733f3ebdce7685083eeb1,F,5,W,22,0.9836978316307068,300,0,48.15099699999337,48.15099699999337
F/ASL_F_024.png,95197b082b525689ba50d9dc520fec941b11fe0be86f759a9c8e14143cbe471c,F,5,W,22,0.9915321469306946,300,0,50.406835000103456,50.406835000103456
F/ASL_F_025.png,518b1a6d3d7915432f5544807f9b3fdc19931cfc3f0dd6bcc56f6ce4ff4ae956,F,5,W,22,0.9849740266799928,300,0,47.8452649999781,47.8452649999781
F/ASL_F_026.png,ba281e8cdaa9dff789bdd0971a1c83e719a4761fcbdbd26122c69786d081fd75,F,5,W,22,0.8955058455467224,300,0,50.43427300006442,50.43427300006442
F/ASL_F_027.png,310c016cc1248f1d1f2d15a7e69ce22aab786f3f513e7d341373242e85dba2f8,F,5,W,22,0.9195937514305116,300,0,49.53801199997088,49.53801199997088
F/ASL_F_028.png,efca1bc8eeb282db65338065de8d8a0b350fbc81410ade31f6d92eda3a7e169b,F,5,F,5,0.927617073059082,300,1,47.10615600004076,47.10615600004076
F/ASL_F_029.png,77e27dd211c91c9351db4693a048b47c10e744f11fe7e403d048a9fbf27e3b59,F,5,M,12,0.9060751795768738,300,0,48.569289000056415,48.569289000056415
F/ASL_F_030.png,9d06241f3638f6e3c05a75f13220ad7c4fd9fa15a13a378466c574cfeec20367,F,5,W,22,0.8588425517082214,300,0,50.13252399999146,50.13252399999146
G/ASL_G_001.jpg,3e74d3fbf4dfdffeabf234af90e1ca1a2c9e629a0c5213b0705dd393636106a4,G,6,I,8,0.7856863141059875,300,0,41.11268500003007,41.11268500003007
G/ASL_G_002.jpg,f863a155cd07e195703a00b5d334ad28c9bf643248ddedea76e541189515377c,G,6,L,11,0.946543037891388,300,0,38.699919000009686,38.699919000009686
G/ASL_G_003.jpg,713c7a413bc223bc5904e07373eed3b3b097819d1eb2d1fc42f2f72bee0c6ca8,G,6,X,23,0.5317379236221313,300,0,39.81743100007407,39.81743100007407
G/ASL_G_004.jpg,85d6d67e66ff5587daff93f4bc9f76ec2d20438a95899d83be5e2c6a6d0ba2ef,G,6,I,8,0.9705227017402648,300,0,39.51931699998568,39.51931699998568
G/ASL_G_005.jpg,f9f7b2ac44aacba5d0c646260831878030bae3f8ac858133a007c469f2be448c,G,6,I,8,0.8829928040504456,300,0,40.930966000019,40.930966000019
G/ASL_G_006.jpg,e55809fa4943d8b4e7a1c46ec91554253c008c6e564bb0bc020e98a172ac9a54,G,6,G,6,0.9555457234382628,300,1,40.68347700001596,40.68347700001596
G/ASL_G_007.jpg,84f6bf57c605c707c31212e66be522199a8bb77a77e5c43a8f39e5a27be21c66,G,6,G,6,0.9024266600608826,300,1,39.6165590000237,39.6165590000237
G/ASL_G_008.jpg,e1fd5fd60fdedd0873106f08dc491b362b92d7db5becfaa493367b7600dd7d42,G,6,H,7,0.9136496186256408,300,0,40.36241000005703,40.36241000005703
G/ASL_G_009.jpg,40282b0babd3a3ec6cb94cabc44119ff778b0d63bf5db5940fe8aa3151b1c8b7,G,6,G,6,0.9846617579460144,300,1,41.75212099994496,41.75212099994496
G/ASL_G_010.jpg,ace378a5c51282300c66fc8afdfa69f435bf37faac2bb1ea13c46e2085253845,G,6,G,6,0.9872004985809326,300,1,39.37761299994236,39.37761299994236
G/ASL_G_011.jpg,54db88db7abf5af7005de35e133447c2fc94a414ee4603fce6fe63a54714db3d,G,6,G,6,0.9826214909553528,300,1,43.3660339999733,43.3660339999733
G/ASL_G_012.jpg,fa9f620c438560593db2f1b539f003d8f33e347821ea0a83ed24137ca5dd4ecc,G,6,G,6,0.9818528294563292,300,1,41.14808600002107,41.14808600002107
G/ASL_G_013.jpg,96e56f6ca6bb7ef3a2432c47672e5fd33cf815c5f81899bb68ffa31647c6a66c,G,6,G,6,0.986254334449768,300,1,46.33605499998339,46.33605499998339
G/ASL_G_014.jpg,2a1e6ea74e6f910f88c2aae9c0868fa88ecdab6d5af2ca89fae402d024915487,G,6,G,6,0.9797043800354004,300,1,39.70777299991824,39.70777299991824
G/ASL_G_015.jpg,b2b084839225cb320f73c5f2ba81a4ad65aa92aa873b5da239019b8043dc5b88,G,6,G,6,0.9858333468437196,300,1,38.08148300004177,38.08148300004177
G/ASL_G_016.jpg,34ab9b5fb9fccdb4ebda41440b1e42465d3441f91f492e9856a8b79dd6849848,G,6,C,2,0.9115592241287231,300,0,41.6999899999837,41.6999899999837
G/ASL_G_017.jpg,23974cee47b324312901cccecc3a7ff250ea0865e987d255fd153b28c801f8aa,G,6,G,6,0.9905535578727722,300,1,40.75721300000623,40.75721300000623
G/ASL_G_018.jpg,f1af7d3209356a2f4593fcf78426b0fdbc79feecb67f26c1dc5cbea1022cc4eb,G,6,G,6,0.9799173474311828,300,1,41.83221100004175,41.83221100004175
G/ASL_G_019.jpg,6986a27bc96ac05e5065375b7b14ade757306ec5f636435ceb33f34964e59ceb,G,6,nothing,27,0.6980528235435486,300,0,40.856316000031256,40.856316000031256
G/ASL_G_020.jpg,e1300dd38368e1503fbacdc59c1ffe7de0afd9edcf603b1fc9a626e29840ae4e,G,6,G,6,0.9359676241874696,300,1,38.58606400001463,38.58606400001463
G/ASL_G_021.jpg,a8c3ac907f85b6140d7384af5b9531ce573d0a189be1078661f3757746f5b32d,G,6,G,6,0.9684388637542723,300,1,40.16556999999921,40.16556999999921
G/ASL_G_022.jpg,a1fda245483e11d1e23e8c90b93bced39252e1d28a16bb909ee3f4fb467a948d,G,6,G,6,0.9862653613090516,300,1,39.46033799991256,39.46033799991256
G/ASL_G_023.jpg,11baa3d90273025d042e1ee90e04b00d2a2da213d50011c974b9068b262ea18a,G,6,G,6,0.967628002166748,300,1,39.57567800000561,39.57567800000561
G/ASL_G_024.jpg,7277e64805214bcb5b65f8e81b9bfd11b7bce9d19158f8ee439d60e87b28923c,G,6,G,6,0.990272343158722,300,1,39.39440299996022,39.39440299996022
G/ASL_G_025.jpg,e8f431dd2b53fe00efc329fde6af6f5b13f2167d707f1a55e1992f2aeda56810,G,6,G,6,0.9883840084075928,300,1,39.83962299992072,39.83962299992072
G/ASL_G_026.jpg,7de1535e623687503d3807565c4bca9f131073bcf555764236edeaa56a07cfa4,G,6,G,6,0.9874898791313172,300,1,40.84961299997758,40.84961299997758
G/ASL_G_027.jpg,ae2af6bc3ba192e8b724279dc0c35559e76ba33320ae2feee5f9f4a85ad9177d,G,6,G,6,0.987626016139984,300,1,37.44697100000849,37.44697100000849
G/ASL_G_028.jpg,dab71679d3ae330db9c3e920dd06a2e4ee816f124dc57d9ddad4406397745752,G,6,G,6,0.9907901287078856,300,1,38.08696600003714,38.08696600003714
G/ASL_G_029.jpg,64888c5df1201e394049b5a3e9ec079a057d7f2c7f09f840eeae1010a7ea81e2,G,6,G,6,0.9857265949249268,300,1,38.58908600000177,38.58908600000177
G/ASL_G_030.jpg,2d97b847623fef4b1c3477e03d00cff5bca3a5d075b66cee6f925b89485e40bb,G,6,G,6,0.9896765351295472,300,1,38.934684999958336,38.934684999958336
H/ASL_H_001.jpg,44c95dbbed122d5a270cb7da6399a17e2c8d6ea20b813421852126154bf997aa,H,7,H,7,0.992659866809845,300,1,41.21486999997615,41.21486999997615
H/ASL_H_002.jpg,523c47d323741707ff9cbad063e9c2132f2939aab295a662bd396fe9f721daa6,H,7,H,7,0.9926725029945374,300,1,40.33838200007267,40.33838200007267
H/ASL_H_003.jpg,2a918463a35894cffa004553701f99ca18065f8f6195ddf65eb40c418eafaa6d,H,7,H,7,0.9926854372024536,300,1,39.15616999995564,39.15616999995564
H/ASL_H_004.jpg,5b73e0df4a169a0a69f17c8505a4a3df603ed068e1dd0309fbc2844c7a91c9a3,H,7,H,7,0.9926638603210448,300,1,41.75067799997123,41.75067799997123
H/ASL_H_005.jpg,7dfabc323a8a4c85da35eca2d57a8c3e4e7c2a86d5e55323566a83fc3734bc8c,H,7,H,7,0.9921616911888124,300,1,39.89747200000693,39.89747200000693
H/ASL_H_006.jpg,6656a78a593f4b59716bef50f1a22e5d734a44fb78c0a043b78f03bcd600c95d,H,7,H,7,0.990702748298645,300,1,39.391968000018096,39.391968000018096
H/ASL_H_007.jpg,d553218b138081f6b512550b571a0a80cad90cf7ba8967e64a66433fa213b36c,H,7,H,7,0.9836909174919128,300,1,40.24355999990803,40.24355999990803
H/ASL_H_008.jpg,bbc733abf0bac32482fe380b8ab8aab08903ff669ce911b4792f45043179a3a0,H,7,H,7,0.9849837422370912,300,1,40.90971800007992,40.90971800007992
H/ASL_H_009.jpg,cfd65cd5e36522d4357db0b5bcc14099aa09c3ab709a81a2adc51bb90a710b00,H,7,H,7,0.992239475250244,300,1,39.91778700003579,39.91778700003579
H/ASL_H_010.jpg,879e283a9a107e60890c7c79e2a2488347f877874d2daaa93d37e68229aae945,H,7,H,7,0.9869537949562072,300,1,44.71840600001542,44.71840600001542
H/ASL_H_011.jpg,e37d7dfdad2288a4daa101ce818becc9fdb1b662b15f78b8a78260dd637404f3,H,7,H,7,0.9894992113113404,300,1,41.82250599990312,41.82250599990312
H/ASL_H_012.jpg,f438445117fe7a7538bb8f57ca66c5a8020c40f2c22f32235f1de928c4bdc887,H,7,H,7,0.9651421308517456,300,1,42.04263000008268,42.04263000008268
H/ASL_H_013.jpg,95edb15340a7103f6b70818965502c6c5b630a367dd79416e8d9a9afa398f693,H,7,H,7,0.8852073550224304,300,1,48.11258000006546,48.11258000006546
H/ASL_H_014.jpg,d293832bfb2af6b354832638a2eb689ddb536a62a54e10b04068b9388a44aeda,H,7,H,7,0.9917284846305848,300,1,40.15964899997471,40.15964899997471
H/ASL_H_015.jpg,04c1d9ccb8d050feaa1f91bb0bd3e2e00b5be516e5a734bf02b08b6d0efba3c3,H,7,H,7,0.9914570450782776,300,1,41.35402199995042,41.35402199995042
H/ASL_H_016.jpg,05b450be002a85741a0373edf919c011e17fddcab4eb29f3c5d30f3bb3a98f1f,H,7,H,7,0.9915101528167723,300,1,40.71569500001715,40.71569500001715
H/ASL_H_017.jpg,46a82474a7616a4f7c86a785959c043afaf619bf9b03b2553df6247d02b75524,H,7,H,7,0.9916735291481018,300,1,39.30872299997645,39.30872299997645
H/ASL_H_018.jpg,69049c3b0b0b25678228ffe18d95cdb1d857aa900ea2bb76bb410897187d46a1,H,7,H,7,0.9908017516136168,300,1,38.158311999950456,38.158311999950456
H/ASL_H_019.jpg,812118a24f6e06748a59162cdd1165efa22f634291fca0d05129684ee5e1a588,H,7,H,7,0.9903852939605712,300,1,38.92733100008172,38.92733100008172
H/ASL_H_020.jpg,7da230be94cb2a859494c9e38f704034ddd01fe2ebf6bc26dd3c9023fd4baac6,H,7,H,7,0.9916149377822876,300,1,37.67057700008536,37.67057700008536
H/ASL_H_021.jpg,8279e9d6f5926a99e834e043086cb00e959b87824e0b9266a08cbb6746595f45,H,7,H,7,0.99154132604599,300,1,40.396637999947416,40.396637999947416
H/ASL_H_022.jpg,b5c909c121a698876b22664f9243e91fe0472d3366d70b398a452f5befafb0e3,H,7,H,7,0.9892548322677612,300,1,38.30779800000528,38.30779800000528
H/ASL_H_023.jpg,fcc3d1acdf0b7e08aa72f8c6cdedbd4e0171727f52d235453e15ab72ad62a880,H,7,H,7,0.991703987121582,300,1,40.17175700005282,40.17175700005282
H/ASL_H_024.jpg,6a1795f46de6bef3f2d2f34bd867909835bd739010e2f3286eed72786c29f733,H,7,H,7,0.9908332228660583,300,1,40.00882300010744,40.00882300010744
H/ASL_H_025.jpg,4514a6e6d25d2b40380361d198e1b3f758bf8ad12e2105f581fafbcc1a1665bb,H,7,H,7,0.991464912891388,300,1,39.12834699997347,39.12834699997347
H/ASL_H_026.jpg,bf70b0b717157a85dcf85bbedcfd686acfaf6bf323730a178fe30ae4bcddd277,H,7,H,7,0.9922534823417664,300,1,41.96835700008705,41.96835700008705
H/ASL_H_027.jpg,ea5e6b583917e5c41849819e31e0783176ff032569a6f7655ad5bdc3c5d35ddf,H,7,H,7,0.990143060684204,300,1,39.442877999931625,39.442877999931625
H/ASL_H_028.jpg,4d1e97dae04f9fd0d26a13bb66a498864d489caf4089c21a898101035e919e61,H,7,H,7,0.9923298954963684,300,1,39.77905900001133,39.77905900001133
H/ASL_H_029.jpg,a88ed6f0c1cbb2543b056adbb77ef947d193bb74b9794cb5066668766266ae13,H,7,H,7,0.99255108833313,300,1,38.48975200003224,38.48975200003224
H/ASL_H_030.jpg,6a065362e20120ed66267727cfbb3e7c94709a9685ac727d423edef42b57282a,H,7,H,7,0.964352011680603,300,1,40.5768990000297,40.5768990000297
I/ASL_I_001.jpg,c05491405c5fafebcf3631cc8ef89dfc953080fb72e009f8e4e62233e8f5878a,I,8,K,10,0.8704911470413208,300,0,41.968193999991854,41.968193999991854
I/ASL_I_002.jpg,d60171d98f3fb5bf8c5f25ff01740bb12eb5f5cb7ef19adc1a4d224655f930d0,I,8,I,8,0.8922573924064636,300,1,40.08967300001132,40.08967300001132
I/ASL_I_003.jpg,fb4ae4242e9dbd062191da05189d7525a22cf2bcd4016a0b6c07e01c8f50114e,I,8,space,28,0.8884729743003845,300,0,39.21647499998926,39.21647499998926
I/ASL_I_004.jpg,ba51ebb4a0fe461a9c1a9787ed9024425901427cc71236de19777038f7cfc414,I,8,K,10,0.5413059592247009,300,0,39.60870000003069,39.60870000003069
I/ASL_I_005.jpg,34235c75f1957b96c7fdad4ec783dd042c6d707bc00ca86ec2b3860ba9178999,I,8,I,8,0.9189678430557252,300,1,37.59227899990947,37.59227899990947
I/ASL_I_006.jpg,9ae989d453d15c52cbcc6f2c056d63367a0778a8122534759a8361a5acb64a8f,I,8,Y,24,0.7781158685684204,300,0,37.454526000033184,37.454526000033184
I/ASL_I_007.jpg,b0a42678615237cea3fa8fdb8fe96933ce542b56a0c6137274ce21b936ecfaa6,I,8,I,8,0.926006317138672,300,1,39.031572999988384,39.031572999988384
I/ASL_I_008.jpg,a6cc9370417aea07188570b7efcdae41bfd92b5e23bf6a34d6baa0da7c8adafa,I,8,I,8,0.8099032044410706,300,1,38.28742700000021,38.28742700000021
I/ASL_I_009.jpg,82d767ece7742543ba3f056ed17a4e800b762447414068806c90f1f856ee9b5b,I,8,I,8,0.8317831754684448,300,1,37.776259999986905,37.776259999986905
I/ASL_I_010.jpg,1f556b162756904cd0ae81fdc611370b9b687ed83a7bee59541cf061d6828809,I,8,I,8,0.8748042583465576,300,1,39.13975699992989,39.13975699992989
I/ASL_I_011.jpg,e7bdd0deb68a8e66f2327d380b9e5ec06d35418904266bde1a7e54b3593932bc,I,8,S,18,0.8119533061981201,300,0,39.963978999935534,39.963978999935534
I/ASL_I_012.jpg,93348b527e42d41b55f50908c1cc7f07d2b3bd3c8f068c3ad6ccdaa25d22573f,I,8,J,9,0.8031226992607117,300,0,37.34849299996768,37.34849299996768
I/ASL_I_013.jpg,c88de22cfd1844cec7627b80093b9e9d90c42afa1d3839e963df941cece7ff5a,I,8,I,8,0.8020692467689514,300,1,37.99299699994663,37.99299699994663
I/ASL_I_014.jpg,712bbc180092f78a5930cc07259fd0ae5b2214f77e7643951a383be4d4721822,I,8,I,8,0.9740503430366516,300,1,36.851703999900565,36.851703999900565
I/ASL_I_015.jpg,87afba3ad605b9ea21f1c28fd9cb972993fc96ff680e7028b6947d41cb1e4131,I,8,X,23,0.8179208040237427,300,0,37.44628200001898,37.44628200001898
I/ASL_I_016.jpg,a4a9321f72f78799a67ebb87c06bacdf6521c165e86702e4622ee2bad4a22a86,I,8,S,18,0.7590337991714478,300,0,37.86867799999527,37.86867799999527
I/ASL_I_017.jpg,06af8bb0b095714ecebccb6f3fdecd186b233718b09a9b3e4df99060a5d599f5,I,8,I,8,0.829460620880127,300,1,37.919200000033015,37.919200000033015
I/ASL_I_018.jpg,9ddc1b332150083110854d4d16e01acac257c8b7d6c3b76a9cbb2f70735be3dc,I,8,I,8,0.7721005082130432,300,1,37.29452400000355,37.29452400000355
I/ASL_I_019.jpg,187b489ed608ba03c99a69d07ad4bc969b8fbd22dc26ae9c05783f0e9d4119a3,I,8,J,9,0.830773651599884,300,0,38.10783200003698,38.10783200003698
I/ASL_I_020.jpg,2374e08439b81a789cc030eb07c48a0d7a27e52b3089a878f430d8118a77178d,I,8,J,9,0.8746785521507263,300,0,37.83335299999635,37.83335299999635
I/ASL_I_021.jpg,4c34efa52dcec5c67ab4870b76e1b7816cafaf523447fcd680529e42f6e9d678,I,8,I,8,0.9801319241523744,300,1,37.267376999921,37.267376999921
I/ASL_I_022.jpg,ffda9ad21ae683b38287051636a880d0e3022cfc3368259d27b1b333e8e75601,I,8,Q,16,0.629323422908783,300,0,37.25865199999134,37.25865199999134
I/ASL_I_023.jpg,5c6dbd80171d16cb6832643926c7fba7e0155fb91b4d8876619370dcdfe697b6,I,8,I,8,0.9705163836479188,300,1,37.954723999973794,37.954723999973794
I/ASL_I_024.jpg,ac391a59d0f5297d3b0439372e10234dbaed1c27efd161a9e21c539c92b0b615,I,8,I,8,0.9522209763526917,300,1,37.75617200005854,37.75617200005854
I/ASL_I_025.jpg,f54d2581104dc3de5350ab140047def1b3d10b39207278d47d75329af592beae,I,8,I,8,0.974572777748108,300,1,40.11119200004032,40.11119200004032
I/ASL_I_026.jpg,88f65088bd7f7cf70c7dfcf17a374513bc2b26afc623d8bd048fe7d5d847c6b5,I,8,I,8,0.9686269760131836,300,1,38.2522950000066,38.2522950000066
I/ASL_I_027.jpg,57e839481ae82c5514263e34dba90c7b8f3583ad687f453622e62dfcc2811670,I,8,I,8,0.7587937712669373,300,1,37.39821600004234,37.39821600004234
I/ASL_I_028.jpg,672a9a2a4417f83457cd8328bb76898fea8f0a374ebd90760495df0a2a9d0122,I,8,I,8,0.9609637260437012,300,1,37.294427999995605,37.294427999995605
I/ASL_I_029.jpg,838516fd4813ce77bea4215e8615451697d30d68041cb8ce9a88a05cb87c1c62,I,8,I,8,0.9360697865486144,300,1,37.00058200001877,37.00058200001877
I/ASL_I_030.jpg,9c24e1dce752b90c3dc37e9a10fe69e4e2a4d646c373bdd4c056b9910fa2c158,I,8,A,0,0.7020575404167175,300,0,38.09575900004347,38.09575900004347
J/ASL_J_001.jpg,6245bef3fe5a7ec9bacaf155844aa5e2dad2c97424049fe3e7da5f1e911f1228,J,9,N,13,0.6765568256378174,300,0,39.12149100005991,39.12149100005991
J/ASL_J_002.jpg,0450c366ee8dfb207c240225df327dc0cc4a7a91dd5a974db451fd0ac58de16b,J,9,N,13,0.8811796307563782,300,0,37.39702199993644,37.39702199993644
J/ASL_J_003.jpg,8a3f00b8be68b6145bb7c7defa297d419face07a3d5af8767d1c0e72a1aa1bc4,J,9,N,13,0.8522025346755981,300,0,38.15755100004026,38.15755100004026
J/ASL_J_004.jpg,4a6183cfde7c031a27c069c2a4da17db4d08411dd7ff9dc481e052e5c8f2e257,J,9,N,13,0.9884076714515686,300,0,38.10673499992845,38.10673499992845
J/ASL_J_005.jpg,a5ad090bc40ddf66febddd45c994568adab316294ce6f1610c161e94731a6588,J,9,N,13,0.9416462182998656,300,0,38.42497899995578,38.42497899995578
J/ASL_J_006.jpg,9dd916c4e2b289921d5027427ab32bcbd32e2164ff4b9b911e06f9d4a75f78ef,J,9,N,13,0.9599231481552124,300,0,38.49217800006954,38.49217800006954
J/ASL_J_007.jpg,3f09300d53d1953ba207b2db206e001f6761a598e922867c124e198a2a33c6ed,J,9,J,9,0.9901787042617798,300,1,40.72408299998642,40.72408299998642
J/ASL_J_008.jpg,bdbe7a939a1dbb9198b997b42bad85f77ef8d80cbd20d9ee3810dc55bb468b50,J,9,J,9,0.9900550842285156,300,1,38.48347500002092,38.48347500002092
J/ASL_J_009.jpg,53bfe67d568481dd2ce893ed64a1f3ef8db73a647cfa948357ac5686e4cb62bd,J,9,J,9,0.9899544715881348,300,1,37.94186100003572,37.94186100003572
J/ASL_J_010.jpg,d4a886fd0bc222dabddd9d0b0ec301930332ce368a46f9ea9a0ec166a4417ae1,J,9,J,9,0.9873939752578736,300,1,42.03269799995724,42.03269799995724
J/ASL_J_011.jpg,446026377f7993eafab4f03f24179e86390aa6ccded035cc1a736feb7becaad0,J,9,J,9,0.991115927696228,300,1,40.51840599993284,40.51840599993284
J/ASL_J_012.jpg,a6fb95cb6260fbbc8422e2778e4e66e54fb0358bfdcf4b464d4b07a783bda2de,J,9,J,9,0.9899554252624512,300,1,41.15169699991839,41.15169699991839
J/ASL_J_013.jpg,20315939ae3422c8c902323dfbb6dbe352acf28ed633cb9d4f2f878bbcae8d33,J,9,J,9,0.988455057144165,300,1,39.68546900000547,39.68546900000547
J/ASL_J_014.jpg,59f2639e4cc735464b7020355d4a8037a5a2f3b0cda2be1c738e1c35c8218bdc,J,9,J,9,0.9893535375595092,300,1,39.12977999993928,39.12977999993928
J/ASL_J_015.jpg,9057f9bd566daa3ea21524addd1fd96b12495285f4fa84399e077eac9ca78e58,J,9,J,9,0.9904112815856934,300,1,38.29424399998516,38.29424399998516
J/ASL_J_016.jpg,20470a3fedec44ea085705b5715725cc2e3ceb4042d5c6625119aad089166ce3,J,9,J,9,0.990132212638855,300,1,39.31143599993448,39.31143599993448
J/ASL_J_017.jpg,1ab77517da304b021ef4de6dd481f1de9db0737794a34e10f25e6806f63d5cc5,J,9,J,9,0.989582061767578,300,1,41.021451999995406,41.021451999995406
J/ASL_J_018.jpg,251ef5593ec5fcdc0d710a6cbbe167e1bb28c0682fbc9513809c676d33744eaf,J,9,J,9,0.975702702999115,300,1,43.73709800006509,43.73709800006509
J/ASL_J_019.jpg,48efc7f54fff5165c2e0c3ba84dc12b4ab1fc3454eb655fd4a3050fe9c81b609,J,9,J,9,0.9887911081314088,300,1,38.65664799991464,38.65664799991464
J/ASL_J_020.jpg,01f8da7d6fccd4eee0bf25d9562330987b6c7df50c857dbe9350af011a2ce356,J,9,J,9,0.987365186214447,300,1,37.400643999944805,37.400643999944805
J/ASL_J_021.jpg,eb3084d14c076d6ad639c4139e47131b72cade0e1ea13c34382eee39e2995ea6,J,9,J,9,0.988373637199402,300,1,37.42112500003714,37.42112500003714
J/ASL_J_022.jpg,fd229e194e52429b234941089dbdb8f2dd069bcfbb02a83c150ac4e97e1d514a,J,9,nothing,27,0.97560453414917,300,0,40.56559899993317,40.56559899993317
J/ASL_J_023.jpg,385c8f49e823e124f189f4fc938c5b47212a91a60bd04130a01c6d94e11074d9,J,9,J,9,0.984699845314026,300,1,39.38405899998543,39.38405899998543
J/ASL_J_024.jpg,b9f2d489458f6affa5bd21b935d665f1130ab8782ff7cb72f183376d7dc3b563,J,9,J,9,0.9855551719665528,300,1,41.25197400003344,41.25197400003344
J/ASL_J_025.jpg,5194ffb7183b784ebdaad9ff67afe75d2754c4a5cbff261c6fbd1f29e7da822d,J,9,J,9,0.9417540431022644,300,1,39.624920000051134,39.624920000051134
J/ASL_J_026.jpg,7acb8c5b9edff8265229868132b613077278b80b42628ce8f7373b41867d4497,J,9,J,9,0.9904656410217284,300,1,39.49694499999623,39.49694499999623
J/ASL_J_027.jpg,a27f589a3519f3b4a05736488d9e22318420e9f3e285f0e66d7288194daa7d7e,J,9,J,9,0.990746021270752,300,1,39.17337699999735,39.17337699999735
J/ASL_J_028.jpg,877639821648ad087dad0abe96c633152a87bed187d415160e0de65d6df5a58d,J,9,J,9,0.991236925125122,300,1,39.474509999990914,39.474509999990914
J/ASL_J_029.jpg,254e14557c7da4b0fbee423c27d9ebf9cb7332187e873d4e0474cbdfc522a753,J,9,J,9,0.9912590384483336,300,1,38.14249499998823,38.14249499998823
J/ASL_J_030.jpg,8cd2436b08cd1c11cf126b66d529b22088fdeca54a16f62e0b7f9b940b5893c6,J,9,J,9,0.9912976026535034,300,1,38.32099099997777,38.32099099997777
K/ASL_K_001.jpg,2a1f967588da1eb9ecfaaa850e9d3fbdbb934f974be2f2a8e8b957e118b04373,K,10,space,28,0.7519059181213379,300,0,38.62842699993507,38.62842699993507
K/ASL_K_002.jpg,27bfbe562c2d89040ab266a95ca59577286c7b97688bf17e3f00b57dd549e957,K,10,K,10,0.982431948184967,300,1,37.93472199993175,37.93472199993175
K/ASL_K_003.jpg,26143e3e97d52bdea297b04954cdc3e725e4483250fe38578075c5736efb9a2b,K,10,K,10,0.8859170079231262,300,1,37.59247499999674,37.59247499999674
K/ASL_K_004.jpg,d3a516113e6c8e364d07c514ec2ad98aa4a3a0f615b69369652ad2c36a1efa70,K,10,I,8,0.9707756042480468,300,0,38.49579299992456,38.49579299992456
K/ASL_K_005.jpg,a7ab21a7bd4da9b2e831dea792d4e4be54a58b37e3e659861ecec15b7ebc7e5d,K,10,space,28,0.6831270456314087,300,0,38.82240200005072,38.82240200005072
K/ASL_K_006.jpg,777d8f04620b527e96ddefb02d8d782f3a52e49752ffc46febfa8ced82ceb46b,K,10,I,8,0.9434496760368348,300,0,37.54366700002265,37.54366700002265
K/ASL_K_007.jpg,f0b2f620c4c0b7358731fac5f6d727362c4b0f925193b5a72a56d02c17283701,K,10,K,10,0.947583794593811,300,1,37.39290299995446,37.39290299995446
K/ASL_K_008.jpg,92e3d732df2f384caae0d74e26e0e39af0518c9650b04543ca59f6790407066d,K,10,K,10,0.8638624548912048,300,1,42.72811400005594,42.72811400005594
K/ASL_K_009.jpg,21946224218987ee8e5c7e66e442f09bbcd886c66e44a8f4142b49f186cab793,K,10,K,10,0.9830905199050904,300,1,38.48190700000487,38.48190700000487
K/ASL_K_010.jpg,35c7c3959b8fb585b61f4811780b5fe6a9bdcd0e5decb71a08676718653374ce,K,10,K,10,0.8816397190093994,300,1,39.9012100000391,39.9012100000391
K/ASL_K_011.jpg,29daa1724fb63b4e8896b9a1c3e21124fa265674716789197f7766f765188aa4,K,10,I,8,0.7182405591011047,300,0,40.77907500004585,40.77907500004585
K/ASL_K_012.jpg,58728b2ff637af76b10bdb02bf793d0e8e83e99e0c2fef0978bbcceccba502ca,K,10,K,10,0.9392811059951782,300,1,37.44790300004297,37.44790300004297
K/ASL_K_013.jpg,f971b6d9ffcc2de36a44835db0fa8d1d3e305279a3759ddac931838c5a8b296b,K,10,K,10,0.7119213938713074,300,1,41.19272900004489,41.19272900004489
K/ASL_K_014.jpg,34f878760cda088f1fb70688d5ff0f85cac7a73eed15bedf5512eb38845afaf5,K,10,K,10,0.982437551021576,300,1,40.51453199997468,40.51453199997468
K/ASL_K_015.jpg,11f27cb02101f4e5bef249fd83b4a474fc78ec9b64dc1ded682891865a3804f0,K,10,K,10,0.9890334606170654,300,1,40.05399499999385,40.05399499999385
K/ASL_K_016.jpg,66b71458de46dc2a3666662ce6972b8776a31343cd4ee57fa15dbb68d9ece4b5,K,10,K,10,0.9907920360565186,300,1,40.26934700004858,40.26934700004858
K/ASL_K_017.jpg,e6a7792fd70040770836df80ac9a8d0e7c73d38cb87458e908bf1d11b686c850,K,10,K,10,0.9912254214286804,300,1,40.697163000004366,40.697163000004366
K/ASL_K_018.jpg,a73420e01bdedf026e4a9f85e486c0add09995b5b51349243a3b058e7e8d9875,K,10,K,10,0.9909212589263916,300,1,37.59310300006291,37.59310300006291
K/ASL_K_019.jpg,6354c2f77a3b94e2ef585e7f8288a5102db1ea546e849501923bb3a9f9edf8f6,K,10,K,10,0.9907286167144777,300,1,42.19385700002931,42.19385700002931
K/ASL_K_020.jpg,89acf5efa22ec53dbc3f708c7cb8923252722a38681aaacd3e4084adb1a33ada,K,10,K,10,0.9909018874168396,300,1,37.80906200006484,37.80906200006484
K/ASL_K_021.png,d04c8f834873869381cfaa7a8c9731dc7e2ea4a3aeffda9e0766977cc7f8e7dc,K,10,K,10,0.8928102850914001,300,1,51.28720899995187,51.28720899995187
K/ASL_K_022.png,5d13e76f3348b824ae08233f60aace659cea998a1fb1bbff846d11068b8f99bb,K,10,nothing,27,0.9605594277381896,300,0,51.63899400008631,51.63899400008631
K/ASL_K_023.png,fc3b6ed977c6c9de50f2d5ec590e5a6a634dca72942e6a92b254bda49aa3351e,K,10,K,10,0.9050101637840272,300,1,48.51320099999157,48.51320099999157
K/ASL_K_024.png,9834388e37dc385d2d6d0cc2252afc5134aa8a092724a9a01dab2c1b742bc50e,K,10,K,10,0.8547325134277344,300,1,49.6268990000317,49.6268990000317
K/ASL_K_025.png,aa8c99fd22992fbb11d312f7ed73e08a7f3c69399fd62c4039b08dbf74479d19,K,10,K,10,0.5929880738258362,300,1,49.354670000070655,49.354670000070655
K/ASL_K_026.png,9fb012330c108b4a50f4553fdd5076df76bc4f3c859d17b7a87d1dcc14602f84,K,10,K,10,0.990269422531128,300,1,45.81889200005662,45.81889200005662
K/ASL_K_027.png,9f775ff9a49b6c0b0c9141503b1c095890caec35e6d8b151711f8535c7e185e3,K,10,I,8,0.9782748222351074,300,0,46.3606160000154,46.3606160000154
K/ASL_K_028.png,2378dd0a6fe1f743b6bc44425b4879b7ab09e9e496390e30bfff70111336494a,K,10,K,10,0.9898563623428344,300,1,49.77383699997517,49.77383699997517
K/ASL_K_029.png,5058631c153f00f1d787968a02c623c9f096091bed883bd4d4f2b58aa391d77f,K,10,K,10,0.9056452512741088,300,1,47.23764499999561,47.23764499999561
K/ASL_K_030.png,2439ad9dde507efee5a0975bd53ca4adf84dc2c9cb9bde41222a98f0afc1cd02,K,10,K,10,0.9430798888206482,300,1,48.63550799996119,48.63550799996119
L/ASL_L_001.jpg,c0a2c8488131c604e871cd37929f585a44b8e0b786886a687e2c15a63a6d849f,L,11,L,11,0.7854526042938232,300,1,39.89020999995319,39.89020999995319
L/ASL_L_002.jpg,8076ce36943a56fc56cf3953455e624a8916c6e2b07b717afd7548b09ba2fa10,L,11,X,23,0.8551394939422607,300,0,39.35144400008994,39.35144400008994
L/ASL_L_003.jpg,b81b1cd4de43242ddcf40b6af85b97f765e3ca17c5a6c5706829cac3c0c9d15a,L,11,X,23,0.762477457523346,300,0,40.27093700005935,40.27093700005935
L/ASL_L_004.jpg,d578542f6c141d695568e96fa30ed63314918fab4975ffee188a0fc4fa9e7cc3,L,11,X,23,0.9482945799827576,300,0,37.94555400008903,37.94555400008903
L/ASL_L_005.jpg,ee3ca6f1c96bcf5a5fb03429d7a4bc0e5a4559e40bc1f513c594c6dee43d7706,L,11,X,23,0.8827800750732422,300,0,37.71440599996368,37.71440599996368
L/ASL_L_006.jpg,b1a6f2d3a29251d7aea656f7fadb61d8abdb1561b8a42bccf6d3495cf89b65f9,L,11,L,11,0.981714367866516,300,1,37.53148400005557,37.53148400005557
L/ASL_L_007.jpg,3224e92cb7a25bb546542746b686027bfe1e1797a21ef5e1a37eb416fa7c1650,L,11,L,11,0.9887682795524596,300,1,39.00752699996701,39.00752699996701
L/ASL_L_008.jpg,9d9fd11b8bce2031248495b4c6ed1dc2705bc63049ac7d3e777576adaff78cdf,L,11,L,11,0.9860614538192748,300,1,38.70610500007388,38.70610500007388
L/ASL_L_009.jpg,b842f32060280815828b307863d40d693ecade23c939233207030fa67112aa53,L,11,L,11,0.99088716506958,300,1,38.09998400004133,38.09998400004133
L/ASL_L_010.jpg,2430322644f2645620278ced850ee0f65a25cd158eee278a90721d9658451ec6,L,11,L,11,0.9915878176689148,300,1,38.17217400001027,38.17217400001027
L/ASL_L_011.jpg,d0d7280bc2a91ed7943ed134cdee4eb85ef45d19ce85ea978e7a263201aa490b,L,11,nothing,27,0.5134338140487671,300,0,39.633634999972855,39.633634999972855
L/ASL_L_012.jpg,189f347fe3a72526f8c4b19820dc413c9db0f2ae6ee7ece6b9531295105501cd,L,11,A,0,0.6114193797111511,300,0,39.24181200000021,39.24181200000021
L/ASL_L_013.jpg,67ac1be557f7eac6e48c5d8b5c7ae87a59b87551f14742940678a3ceb241d1a9,L,11,L,11,0.9913968443870544,300,1,42.10613400005059,42.10613400005059
L/ASL_L_014.jpg,f80c07efc01d15d492ac61acf0759f96f1d5e823dc45a548c96d4cd774f1eda3,L,11,L,11,0.9921321272850036,300,1,43.23664699995789,43.23664699995789
L/ASL_L_015.jpg,5ca56429f1046a145760d81ed9ca96346c3a3ebc8efab72c45af8892c7313833,L,11,L,11,0.9902111887931824,300,1,39.12051800000427,39.12051800000427
L/ASL_L_016.jpg,3ad147cdd6f58ee659e0f0d6e7754d5734f67b345ddc4e6c42f8c3475a92be1c,L,11,L,11,0.9924307465553284,300,1,40.1096340000322,40.1096340000322
L/ASL_L_017.jpg,1e4bf20a4999317192726978ea6cd0bc6ecc8ece6bee9d03269f3d34ef51fde0,L,11,L,11,0.9903241395950316,300,1,38.2631869999841,38.2631869999841
L/ASL_L_018.jpg,ee7e98fe24769b8a8f040819ec7b68f3eb1ccbe90a5d66e49215c6f889d94203,L,11,L,11,0.9420585036277772,300,1,38.56131299994559,38.56131299994559
L/ASL_L_019.jpg,a8bae190922b5c5579d46094f03bf252714679fcdb1fc875b159fefce26cf869,L,11,L,11,0.967441201210022,300,1,38.5659379999197,38.5659379999197
L/ASL_L_020.jpg,d3ec6ed2415330726d8209f313b36e7d6db2b25a860d3459d11d7365e635c087,L,11,L,11,0.9897910952568054,300,1,39.908851000063805,39.908851000063805
L/ASL_L_021.png,44eb03e751d7fff2eb4ec34210768b7e0613e527dd261b21234eeb22486cc997,L,11,L,11,0.9862388968467712,300,1,47.72825399993508,47.72825399993508
L/ASL_L_022.png,7f76ae5ed87ee85d31aaead8dfded80f373e7c55b0f1be18f7cf14700225d6cc,L,11,L,11,0.9707848429679872,300,1,49.36986699999579,49.36986699999579
L/ASL_L_023.png,39124217abd65ac80d34f5908d5d699516f2118809ac1ef303face76888e4250,L,11,L,11,0.99233478307724,300,1,47.69482300002892,47.69482300002892
L/ASL_L_024.png,36ca60bb04c95d0c8ad09e920f9c21d2d6f936b2f6b14a2c1188bfd044d5ab87,L,11,L,11,0.9258722066879272,300,1,49.88828800003376,49.88828800003376
L/ASL_L_025.png,192d45bc00fdc30b4894877c980e6249d3d3d880bba9cc4bba668dbe1d79b012,L,11,L,11,0.9819334149360656,300,1,50.74528600005124,50.74528600005124
L/ASL_L_026.png,c31e225f96572e2df185b4321e4bc3b2cd3c5bb61d84df745cc3e9d4a0162baf,L,11,L,11,0.9775171279907228,300,1,46.576022999943234,46.576022999943234
L/ASL_L_027.png,08807645894a860378d098c1d285952f6e3da9a1c1d0f6ad87f5e5fc764b0740,L,11,L,11,0.981136918067932,300,1,49.167964000048414,49.167964000048414
L/ASL_L_028.png,2e3dc6e2abda111b299ae7b13d0f69467a485d5bb5b86f697d8ee76fbdcba602,L,11,L,11,0.8698570132255554,300,1,49.46080999991409,49.46080999991409
L/ASL_L_029.png,9315d4e93247151f30dcb206db60db5bb16595e488e60c4773f03ee943d10ae8,L,11,L,11,0.7492954730987549,300,1,51.178563999997095,51.178563999997095
L/ASL_L_030.png,82d7ffcf9fcde33bf7c9f36191c4f58996afd50832b66151a947c94386cf46fd,L,11,L,11,0.976342499256134,300,1,50.8042620000424,50.8042620000424
M/ASL_M_001.jpg,77ebf856202aad8bcbfa4745f319dd1dc026c1fa028485e93ca6395c42f9209f,M,12,M,12,0.9798071384429932,300,1,41.90878099996098,41.90878099996098
M/ASL_M_002.jpg,3da2ee3ade41cd51252598a8c298ba0516bd7091ea27b694c13966ca855b08ff,M,12,M,12,0.9695902466773988,300,1,39.92519999997057,39.92519999997057
M/ASL_M_003.jpg,e5ed5ad84e9af8f42b903439efe3ed1e0cc4e25aa027381e805c76900d340fda,M,12,N,13,0.7843009233474731,300,0,37.88370999996005,37.88370999996005
M/ASL_M_004.jpg,7570f63d89003d790c0589a3c474528de6f1f1222bbeed27e235e29400d6aafc,M,12,N,13,0.7624765038490295,300,0,42.07743400002073,42.07743400002073
M/ASL_M_005.jpg,b82dbd8698d6e556e1e87fa57da8605857bfcd19185a1efe6d4ecb67aeeec257,M,12,M,12,0.6316845417022705,300,1,38.23084700002255,38.23084700002255
M/ASL_M_006.jpg,d1830a5b37bd803e5992fa3d3bbe8d6bf337627d61a57f541157524fc41e1654,M,12,N,13,0.6517407298088074,300,0,41.64769600004092,41.64769600004092
M/ASL_M_007.jpg,e7176cd632d92ef1b8f1a1daf57e393c477fc44d5869ae17f9a83d8eb849469a,M,12,N,13,0.8511103987693787,300,0,39.57780100006403,39.57780100006403
M/ASL_M_008.jpg,e6c9acb23633af7accdbecbc95380aff53283594f4881ac9bcd101b40c03d6c7,M,12,N,13,0.9623888731002808,300,0,37.57351199999448,37.57351199999448
M/ASL_M_009.jpg,baf0b38129f09659b7fefb7d169e67d77cd4628ea337f6b5e001d6b39bbc9bd1,M,12,M,12,0.9686033725738524,300,1,40.67714199993589,40.67714199993589
M/ASL_M_010.jpg,2e82b1ba461f546e2acaf6bc6c26da356e4d08ddfb02e74c874ca3b90e2af6c4,M,12,M,12,0.9916515946388244,300,1,40.38678900008108,40.38678900008108
M/ASL_M_011.jpg,d0d5b2667e46c469ddde98b221dd6605432ac07542ff360771a334cd150331e5,M,12,M,12,0.9901286959648132,300,1,40.32799200001591,40.32799200001591
M/ASL_M_012.jpg,2f11a2635631305e6bb0ef9373d6b371c9fc9c93c0b2aa053674ad2205554625,M,12,M,12,0.9836829304695128,300,1,39.8706339999535,39.8706339999535
M/ASL_M_013.jpg,7db030b6bac9709abdf0961901202cc1c12e3b5405c22126cb2aefab5db3276e,M,12,M,12,0.9901648163795472,300,1,39.04069999998683,39.04069999998683
M/ASL_M_014.jpg,08012701bd74ddd799f9c3ef2354b3c181fefcda4006ed7366e0c1f7abb718bd,M,12,M,12,0.9922161102294922,300,1,41.5972429999556,41.5972429999556
M/ASL_M_015.jpg,7f22aba9a8967f015e53bea03758ac668f577ad657b470b4f607e2e8899debbf,M,12,M,12,0.991953432559967,300,1,39.26276299989695,39.26276299989695
M/ASL_M_016.jpg,85c742b2876a4f81e3e0b02a33b60e7f482d58531f7f4cd6143f313f104e0caa,M,12,M,12,0.9923657774925232,300,1,40.23770800006332,40.23770800006332
M/ASL_M_017.jpg,8e9d4b874a82ee84ff4dd27eaa9539ee952d416bcd3792e9cddfc0b7fa7c98af,M,12,M,12,0.9896559715270996,300,1,37.07963399995151,37.07963399995151
M/ASL_M_018.jpg,2f3ef9ef442c6202f803814d255f323317dd6401db0db0673e4bdc6ebcf0f4b4,M,12,M,12,0.9923619031906128,300,1,40.02620799997203,40.02620799997203
M/ASL_M_019.jpg,f40890361c73c571fb512a121bb40a2d40825df84e6bceb25e704c61d1abee27,M,12,N,13,0.9679487943649292,300,0,38.92484499999682,38.92484499999682
M/ASL_M_020.jpg,20543956c18ccac5942c8a4b0534ef3a21e59768aa5ce758b31a16d4d9886d14,M,12,M,12,0.99120831489563,300,1,38.75833600000078,38.75833600000078
M/ASL_M_021.jpg,4f34ee8c33fcd6d9389710ff447db120e9eeb83e8963817be35c7a7adcd40b41,M,12,M,12,0.991061806678772,300,1,39.63721600007375,39.63721600007375
M/ASL_M_022.jpg,6d7b99c1a474900b8d9ba1decce3c0c4add98f0f6bd34a87f571b4126d29aec6,M,12,M,12,0.7295730113983154,300,1,39.819926999939526,39.819926999939526
M/ASL_M_023.jpg,a4cdc08d193225ada220f112c45afe56a1d2ffff7e494403d4266878b77f9f2e,M,12,M,12,0.8820732831954956,300,1,42.12503700000525,42.12503700000525
M/ASL_M_024.jpg,f9e0d2fe0427bbc84a9f796eca4b781a2a785083e191826b01adb2174b94eac7,M,12,N,13,0.585633397102356,300,0,38.58667899999091,38.58667899999091
M/ASL_M_025.jpg,5c7e798b795a492e744bec6a494a8b516cc48d8649f7c21cb087bd381ee34045,M,12,M,12,0.953057050704956,300,1,39.54976900001839,39.54976900001839
M/ASL_M_026.jpg,da2963d7b00c6904719fe86b2b00bd0d107d256782b46c2b63a970fd3b7c17a6,M,12,M,12,0.9909533262252808,300,1,37.87780700008625,37.87780700008625
M/ASL_M_027.jpg,e7643bc3683796c0a182edb74ac069cd14a915865990f3044c240461695558e9,M,12,M,12,0.8532580137252808,300,1,37.23606500000187,37.23606500000187
M/ASL_M_028.jpg,33eb53186eef3766ca0b330d0074a2e50a4135fcd68382f5990a19713210170a,M,12,O,14,0.6730921864509583,300,0,39.64632800000345,39.64632800000345
M/ASL_M_029.jpg,156a9b6e564591b7aafed13175d2f27114c9ce3acce56451189033c515358336,M,12,N,13,0.9291239976882936,300,0,39.06498399999237,39.06498399999237
M/ASL_M_030.jpg,b4e024035d8a5e9f1b38b82faf5c8c6e0c73d82832977a8e70895ebce95259fe,M,12,M,12,0.9895106554031372,300,1,38.830081000014616,38.830081000014616
N/ASL_N_001.jpg,96a4860a11877be08659a142f3f507808bfcdd794cef257263ba8aa89fa4221f,N,13,N,13,0.970452845096588,300,1,41.3832959999354,41.3832959999354
N/ASL_N_002.jpg,d6a12a23e011a1df2aee2df4051c5ebac59297d5bd91e9b04e02e7430443dcdf,N,13,N,13,0.9823026061058044,300,1,38.71434899997439,38.71434899997439
N/ASL_N_003.jpg,e72a34fd22ae99826cfa496c315b19792e55a41809a0238a4a976b78361182f3,N,13,N,13,0.9889243245124816,300,1,48.85370199997397,48.85370199997397
N/ASL_N_004.jpg,3c346d517210ff37ceecb2307700c1c373a06c29ae79b055e292cb78aac3a289,N,13,N,13,0.9892693161964417,300,1,36.90055599997777,36.90055599997777
N/ASL_N_005.jpg,a4a78a23f492a77ade52f07f06324e41bed6a59f777742e4e47a735d896b66de,N,13,N,13,0.9872550964355468,300,1,37.49234700001125,37.49234700001125
N/ASL_N_006.jpg,f60f17b5a926fa0dcffc2225cb2d7835add748def8ddc9decddd535c0b33c14a,N,13,M,12,0.968492031097412,300,0,36.54375700000401,36.54375700000401
N/ASL_N_007.jpg,eb5cd87a2acb14ab878d3f55ee4152b2c25099441c32bb4d332a5e0c2aa3f78c,N,13,M,12,0.9906328916549684,300,0,37.33657899999798,37.33657899999798
N/ASL_N_008.jpg,85f90d80772ff530659f521f7fdcdd331a08e6bc7d6e2fb7272438178451ba08,N,13,M,12,0.8716627955436707,300,0,39.85377399999379,39.85377399999379
N/ASL_N_009.jpg,8fa36a4d71b16330c29272fd4856b0291e25caea10a820bd4b0d823bc11c946e,N,13,M,12,0.9621021151542664,300,0,37.85859800007074,37.85859800007074
N/ASL_N_010.jpg,4903bd2891b7794a1dc2ff2d572a19587317a4def5b5d0cc9e8aa400dccc2910,N,13,M,12,0.992548942565918,300,0,38.69349699994018,38.69349699994018
N/ASL_N_011.jpg,be7704008021afe2d6159bb0abe29d1ddeacfd00aa300eb85033fdbef96962eb,N,13,M,12,0.9396763443946838,300,0,37.28289200000745,37.28289200000745
N/ASL_N_012.jpg,2e9e3f91ad47dcfd83e93ce04ec518401db1bc34ff37758e27298640b6246817,N,13,N,13,0.9354142546653748,300,1,38.201041999968766,38.201041999968766
N/ASL_N_013.jpg,9de24440cfb406a154fe73e3a6df0a1a10396266cc52a6f429a86fb979d67ecf,N,13,M,12,0.9810168147087096,300,0,36.60879099993508,36.60879099993508
N/ASL_N_014.jpg,c890c3a29c49641d936fec920945ed59eb58615fe1fabcfec68858f30fee7470,N,13,M,12,0.6196246147155762,300,0,38.07546999996703,38.07546999996703
N/ASL_N_015.jpg,c8b59483c7e0e86161e94c8aeaab6d79ec3579c956fef4ac8bbbc01a64f04b9e,N,13,M,12,0.9899260997772216,300,0,38.14597999996749,38.14597999996749
N/ASL_N_016.jpg,2ff9e2456c91e5e1506531ba4f20a70a5f7d64011ae05024d6d16bf4a735b633,N,13,M,12,0.9832224249839784,300,0,40.83509299994148,40.83509299994148
N/ASL_N_017.jpg,5cf8b3faf0602cbc13e1491fc55bdeb0e2a10c732696e9c76a9669a5eb1744d3,N,13,M,12,0.9279747605323792,300,0,41.9706860000133,41.9706860000133
N/ASL_N_018.jpg,c4328fa7f2f4edd7bf2ac2b29874cd20ffd543ff48f2ad617a5df3722224da93,N,13,Z,25,0.9852362871170044,300,0,42.05561499998112,42.05561499998112
N/ASL_N_019.jpg,77cd58a906b838b52c1e393dc9c5adb1f3b9ce77d3ca6aff5ee3643fc760bb57,N,13,M,12,0.9656926393508912,300,0,37.98799799994868,37.98799799994868
N/ASL_N_020.jpg,8544d625c71950bf9c19ea9e17332820106b7bd7496a9b9ae02b66662ebf948c,N,13,M,12,0.9896683692932128,300,0,37.43598899995959,37.43598899995959
N/ASL_N_021.jpg,9d994145e7c7057cb7a7031dddfb231e1eaef605b589e63ae1ad64a964da8be6,N,13,M,12,0.99150288105011,300,0,39.43920599999728,39.43920599999728
N/ASL_N_022.jpg,7ffe9784460069b070b45e3727d9b4e53dac695a21f2ae0742efab663a88dbd8,N,13,A,0,0.922061026096344,300,0,38.09041599993179,38.09041599993179
N/ASL_N_023.jpg,521551d48c0d9cdd2c48465adab70fd8706240cf3486464cc2f56c17e8ab756e,N,13,N,13,0.8170614242553711,300,1,39.817341999992095,39.817341999992095
N/ASL_N_024.jpg,f9ac0de2e0adec50674f749a3836766e61dfab471182cbecf6071833237a43a7,N,13,M,12,0.8275185823440552,300,0,38.1943439999759,38.1943439999759
N/ASL_N_025.jpg,f95935708e6e2d4fe9cfe5ba5013008dab3de4973cde92e3235333de9a97dbbe,N,13,A,0,0.8458351492881775,300,0,37.86705400000301,37.86705400000301
N/ASL_N_026.jpg,51872924b772db4ab19341d808cc9243cd798897b88613cd4502c517afe19e26,N,13,P,15,0.5823761224746704,300,0,38.37642199994207,38.37642199994207
N/ASL_N_027.jpg,a8a4a9fb97dc954f6a685cdaa5fa72b59a076ce7154ae800d0f14109573ffa7d,N,13,M,12,0.9684518575668336,300,0,40.93304500008799,40.93304500008799
N/ASL_N_028.jpg,110e01dc8d01b0011d4637c7b25ec73c0e4439ef93a0cd08bd64cda422e96aba,N,13,N,13,0.9796301126480104,300,1,39.39923099994758,39.39923099994758
N/ASL_N_029.jpg,9ce6bd3c7b648f37aa26de6fba88d6d876bf7f60275e553e4793c297059cb8fd,N,13,N,13,0.9866553544998168,300,1,39.625132000082885,39.625132000082885
N/ASL_N_030.jpg,c8490542b79c6868672605fdc78a1399bac9fdd3232413ebaf09e347811b68c3,N,13,M,12,0.9849088788032532,300,0,40.641929000003074,40.641929000003074
O/ASL_O_001.jpg,e71485b2147c7284eb2d67bfbac096b088cdfa5f54f34fca019eed6e8a66fec9,O,14,O,14,0.9922864437103271,300,1,40.97866999995858,40.97866999995858
O/ASL_O_002.jpg,0d874638ac31e08a975cd0950562985f91c9b1be8040d921f82cdce350758426,O,14,O,14,0.9866241216659546,300,1,40.20170500007225,40.20170500007225
O/ASL_O_003.jpg,131f91a6a42d03fd575e4b874b37f77f17b75f1e00e700d3eba754e2305f77e4,O,14,O,14,0.9855934977531432,300,1,40.215164000073855,40.215164000073855
O/ASL_O_004.jpg,e29f9481c082d98845328370a2e4b4429816fba850baf06031caa1110caa4799,O,14,delete,26,0.8850678205490112,300,0,40.46128100003443,40.46128100003443
O/ASL_O_005.jpg,595fac219e12b63d4c66ee6ec8d6517f346bceeefba99c176292fba86979232f,O,14,O,14,0.8203403949737549,300,1,41.82048300003771,41.82048300003771
O/ASL_O_006.jpg,5947856adb0b31528ffae4b5e72e6dfb334b31a8a8ca3aaaa5ce4c1587f0de5c,O,14,O,14,0.967067539691925,300,1,39.199625000037486,39.199625000037486
O/ASL_O_007.jpg,e89ea803fba736a9b6670379a42f6eadcd0793cb8660b802a2cff3252e873060,O,14,O,14,0.9822701811790466,300,1,41.08055200003946,41.08055200003946
O/ASL_O_008.jpg,efa5fd44d4915b29ea5109bc3f8819765c5d794cca5e15266b7c7700c65697de,O,14,D,3,0.9893757104873656,300,0,41.1689090000209,41.1689090000209
O/ASL_O_009.jpg,f9b6298a3565b9d8b7f5484d375319e76e91e90babf54135d550a390eac124b1,O,14,D,3,0.9903027415275574,300,0,37.44807700002184,37.44807700002184
O/ASL_O_010.jpg,c47f55250f1ff86929707aecb137b29d914b943df2f22a2a174bc338b9f3c7db,O,14,D,3,0.989496409893036,300,0,39.37709599995287,39.37709599995287
O/ASL_O_011.jpg,df6911968de51642a60026ff5a45c98be0bfd497ca077ad504f4b32ff348619a,O,14,D,3,0.9875814914703368,300,0,41.260212999986834,41.260212999986834
O/ASL_O_012.jpg,96752c9935ea9edfb4cac5fd0a3026219c8c1ee4ab4d59237a84a5aca2d5c6ab,O,14,D,3,0.9467144012451172,300,0,37.81057300000157,37.81057300000157
O/ASL_O_013.jpg,561c1c39159e865b651b2c0e7336314c983430b1e22f12ed0188c9d9ed4aabd2,O,14,O,14,0.9879747629165648,300,1,39.91057099995032,39.91057099995032
O/ASL_O_014.jpg,1b9f28701ad9fe3f2a9e8a4665ee6f826e5fd52cc5cd48e821feed9955965982,O,14,D,3,0.8799393773078918,300,0,40.66577800006144,40.66577800006144
O/ASL_O_015.jpg,30ac265c27c3b0761c58266e2cb834d308504c915235ca7d6649c5004007a22e,O,14,O,14,0.7123060822486877,300,1,39.72762699993382,39.72762699993382
O/ASL_O_016.jpg,8154a2f343850cf0aa95408c7a3ca0cc600aacd3ed8187b66ce0f8b0c24f30c4,O,14,D,3,0.9207137227058412,300,0,38.21944200001326,38.21944200001326
O/ASL_O_017.jpg,5c7e953c4abdf68da37dcbd3104b284145d7f5c717bb927db4974edd00c98ad2,O,14,O,14,0.6681958436965942,300,1,40.59583799994471,40.59583799994471
O/ASL_O_018.jpg,466b648fdf85a17c8305ca46ca9fe07ce60f0b9d4d92fc39ce8b519ab33daae4,O,14,O,14,0.9597466588020324,300,1,39.9991179999688,39.9991179999688
O/ASL_O_019.jpg,610c7ffdc12fb29a3b3bb08df4d70374103b55ff7aafa43d088c475f23f1c969,O,14,O,14,0.7542153000831604,300,1,38.95613899999262,38.95613899999262
O/ASL_O_020.jpg,7034e4d1a673ffca24a1f1ac1afb77e23a2410add6d43f48128b5abc030a98d0,O,14,D,3,0.901810884475708,300,0,39.31626199994298,39.31626199994298
O/ASL_O_021.png,1534ea2b352affcc87206b22d92567b0bc3edcdbbfb6bc655501cc2705be350d,O,14,O,14,0.5420926809310913,300,1,49.84588000002077,49.84588000002077
O/ASL_O_022.png,26557430cdff0ad05b9c894648b2a0aea6468e3cab3d2ff3d33cb6e5a0195306,O,14,D,3,0.9220125079154968,300,0,49.63494100002208,49.63494100002208
O/ASL_O_023.png,cf8d8a9b950256e0691a25f3a0ca98b493c4b0dc92b831a7b7aedc5b9a8b772e,O,14,D,3,0.9586657285690308,300,0,50.19852199995967,50.19852199995967
O/ASL_O_024.png,1bacda77025b7682994fd2496b9d70bcc8c103fd1b36ed0115b5147e482ec89c,O,14,O,14,0.9936208128929138,300,1,47.82841700000517,47.82841700000517
O/ASL_O_025.png,4114c442b306ebeccb7cd3d3f61a937eafcca150ad36079f68d9476fd2b7b9a8,O,14,O,14,0.9751214385032654,300,1,52.25852699993538,52.25852699993538
O/ASL_O_026.png,d5414426ad978dcd5d4a3e73375e75d33cb3adb74ba9efd4b802dee626b396fd,O,14,D,3,0.9699913263320924,300,0,48.38365300008718,48.38365300008718
O/ASL_O_027.png,c1bf8f70731c7f376347d15f258927cc07e833d0a834b88ae7f7b6666bd91933,O,14,X,23,0.5236583352088928,300,0,49.47667900000852,49.47667900000852
O/ASL_O_028.png,1719776c075f23d6144a39ac051bd87c5d84667a0c2cb9c692c273409a3a71a6,O,14,D,3,0.991214394569397,300,0,48.93432899996242,48.93432899996242
O/ASL_O_029.png,37ebac0a6275b83a52b6cbb0865b69c77458503f08f8004b730f02925e716314,O,14,D,3,0.8951513171195984,300,0,52.690235999989454,52.690235999989454
O/ASL_O_030.png,8698729af769b46a037ce8359ae3e903d3255f79da779409092ff1b0d13e2dd2,O,14,O,14,0.9922450184822084,300,1,46.52843799999573,46.52843799999573
P/ASL_P_001.jpg,591689b6579183bf3ab2782fc9860655c342a0c4c8fefbe2a26ebfcff07415e5,P,15,P,15,0.9913323521614076,300,1,41.63718400002381,41.63718400002381
P/ASL_P_002.jpg,4531deaea81ed03ee2aeee10dbf80f4dcf39dac5bd95464ede27a3974c20d5af,P,15,P,15,0.9915066361427308,300,1,38.49974900003872,38.49974900003872
P/ASL_P_003.jpg,8ad4b39dff8aa2eb965442502e429b1bad5dd718ab911564fe99a5df0c1c8f4d,P,15,P,15,0.9899721145629884,300,1,38.53294199996071,38.53294199996071
P/ASL_P_004.jpg,ce52ad7cb014070c074e41eca0fd4c008b720503840d40fd6eef870715fc4bb3,P,15,P,15,0.9882327914237976,300,1,39.96938600005251,39.96938600005251
P/ASL_P_005.jpg,2c2dfe2f37f08549eab48ab94481437b129a4c1abdd7c0be111490048e6c0a6f,P,15,P,15,0.976621687412262,300,1,39.95037000004231,39.95037000004231
P/ASL_P_006.jpg,09f8d75042f5ac4a55e2bdbb61cbc6606c64c3e0e09564042bdd6e995740fafd,P,15,P,15,0.990502119064331,300,1,41.112562999956026,41.112562999956026
P/ASL_P_007.jpg,69d77e9528cbe27446ffff0b37e26a647120300493554b87f3ec922da5d0dfed,P,15,P,15,0.991160213947296,300,1,40.504971000018486,40.504971000018486
P/ASL_P_008.jpg,9a714550e882a832ac502db3ad815502cce20e0a1da46c545e3614bd36e7d6c6,P,15,P,15,0.9923638105392456,300,1,37.69976500007033,37.69976500007033
P/ASL_P_009.jpg,8da8bb940fe12fb89db0a3aa54df6b8efb799cf1c5720401ba896277777001df,P,15,P,15,0.9803555011749268,300,1,38.99157799992281,38.99157799992281
P/ASL_P_010.jpg,0e79b5010966a0b8b01d2d9dce4008aab5294885ff74746b2a01e5c927e3c515,P,15,P,15,0.990718424320221,300,1,39.498529999946186,39.498529999946186
P/ASL_P_011.jpg,02e7355c56c79e4cb9c817f9e0aaeff22ff5d1678b4c20a783e4ad4b55997d6c,P,15,P,15,0.9888020753860474,300,1,39.383722000025045,39.383722000025045
P/ASL_P_012.jpg,db1d980b569678463a4e43da156f2fee935bbabc808d5d5f56bc10f8a68db86c,P,15,P,15,0.9210587739944458,300,1,39.94456200007335,39.94456200007335
P/ASL_P_013.jpg,8e9acf52bd3c2bf628933576e757b463a44c8475b2cdbe38b95bc7dfb310c618,P,15,P,15,0.979369580745697,300,1,38.16212699996413,38.16212699996413
P/ASL_P_014.jpg,8ea8856e946adc3a1d74f1cfc05ba88b140db7d2218b7c68c4fa1f224c4df87c,P,15,P,15,0.9873898029327391,300,1,39.33288700000048,39.33288700000048
P/ASL_P_015.jpg,80c8687c6db289a37265ac7e3be16264258dd50eae5d54cd36770d20b3e10cea,P,15,P,15,0.9853984117507936,300,1,41.25765100002354,41.25765100002354
P/ASL_P_016.jpg,f914f630e6726cdef59ccf28a4dfe49bbd8129287dae7685c3c8cac809873725,P,15,P,15,0.9887924790382384,300,1,38.22386799993183,38.22386799993183
P/ASL_P_017.jpg,3668af996d8356bf9581ec981e170e315a85b73926addf0dd877bfac947af0ee,P,15,P,15,0.988990068435669,300,1,40.27169400001185,40.27169400001185
P/ASL_P_018.jpg,4bc75eeda6379defac2368634ef1db2f9aaf992cdde4e6af23b2f9c149a646ac,P,15,P,15,0.9863813519477844,300,1,41.17957500000102,41.17957500000102
P/ASL_P_019.jpg,ce802e42ef9a802ec644f775ed04718f0f1b4ecc07aa5b9c5483377492f05535,P,15,N,13,0.9086357355117798,300,0,41.37318599998707,41.37318599998707
P/ASL_P_020.jpg,4546e1fad61813a4c2c71ca59e5c93f555bdaed0da3582c7ab6de342d74f82a7,P,15,P,15,0.992069125175476,300,1,38.828512999998566,38.828512999998566
P/ASL_P_021.jpg,435855a4a650685d4a5cfe44478f39e9f9d2181512e818744f8b600c8ba6eaf7,P,15,P,15,0.9909074306488036,300,1,39.67690799993306,39.67690799993306
P/ASL_P_022.jpg,bfb89577cf77693319218abc1b1c4e5b487c259774f8891823c7c31150d9c46e,P,15,P,15,0.9913412928581238,300,1,41.17990199995347,41.17990199995347
P/ASL_P_023.jpg,a8a2efb21dbf0b8bfaf78a289e9079d11724d086bb1e40922b18b830d2e6d812,P,15,P,15,0.9904712438583374,300,1,37.81957799992597,37.81957799992597
P/ASL_P_024.jpg,5bb3a95651ce4240c25c5d0dc856b720018c9a69ddeb58c493cc2806f194440f,P,15,P,15,0.9900723695755004,300,1,36.803187999908005,36.803187999908005
P/ASL_P_025.jpg,81886e54e31645964173165beede0511a4a311558806d518653b244f0c030dda,P,15,P,15,0.9910258650779724,300,1,37.46399699991798,37.46399699991798
P/ASL_P_026.jpg,b2bbc7d3dba87f584e9ca24641cd4fd4978969d37029ec2dceeff612325f6b70,P,15,P,15,0.9917444586753844,300,1,38.04057799993643,38.04057799993643
P/ASL_P_027.jpg,20d556a0de00a36761923de533815160a88e0448ccad17a6d76066c911dd8569,P,15,P,15,0.9919849038124084,300,1,36.69101799994223,36.69101799994223
P/ASL_P_028.jpg,234f0862e191cb4c644f9a252af40348568f7437a16319bfc6a9b9b96423a5f9,P,15,P,15,0.9914554953575134,300,1,36.58678499994039,36.58678499994039
P/ASL_P_029.jpg,abe8ad763a9552253ce2efa04c8a451c727edcb860ac18054bba170a3d0d5e62,P,15,P,15,0.9877732396125792,300,1,36.86341000002358,36.86341000002358
P/ASL_P_030.jpg,d1a3e0452a2945527eb70fd58abddb2832e277f64ccd4fd23fd5e58eeb1647b8,P,15,P,15,0.9874773025512696,300,1,37.13354699993943,37.13354699993943
Q/ASL_Q_001.jpg,c7e7f4de0235cf9ad9b3a82d4b2359211cbca6fdcad29b1df53ab562b0909da6,Q,16,P,15,0.8557375073432922,300,0,37.53146999997625,37.53146999997625
Q/ASL_Q_002.jpg,3b136ea1a1a41c540a210fab9cc1682db047a36a3b55349a9e83f84a14b41177,Q,16,Q,16,0.9829609990119934,300,1,37.875660999930005,37.875660999930005
Q/ASL_Q_003.jpg,2739b9d1c4fb8147a0bd7e85c52e0d2e1cdceb31f27fb7ce75b50394e5c6e404,Q,16,Q,16,0.9901077747344972,300,1,38.02742400000625,38.02742400000625
Q/ASL_Q_004.jpg,269693542cb93494902fa29bfa0b816e65d1a04780c82913168f5d26b86d46cc,Q,16,Q,16,0.9053921103477478,300,1,38.38500200004091,38.38500200004091
Q/ASL_Q_005.jpg,c4aaed4808a04c92c6f88aa560b37d7fd4d6cb9aecd8bfd9823b81bc7c277982,Q,16,D,3,0.976682424545288,300,0,37.35493800002132,37.35493800002132
Q/ASL_Q_006.jpg,9589612a3c47805a12c861689a775c0ae36806174f69c5d4611b0d797f5d23b6,Q,16,D,3,0.8326669931411743,300,0,36.89231700002438,36.89231700002438
Q/ASL_Q_007.jpg,7f89bf4ec4f3bef3c2f8c4a7967d72f2d9caa551d628bc3d2700f438f1ccfe59,Q,16,Q,16,0.9823266863822936,300,1,37.249741999971775,37.249741999971775
Q/ASL_Q_008.jpg,5418136cafeca08fdd72d25486b5243d74a812c26715b6b288d63083e8a943af,Q,16,Q,16,0.8608839511871338,300,1,36.9898110000122,36.9898110000122
Q/ASL_Q_009.jpg,f5e250ec0c3c613b60b1514177bbbd61d1fb7481621e3ab642d400b9a5ca0247,Q,16,nothing,27,0.9020994901657104,300,0,38.26998600004572,38.26998600004572
Q/ASL_Q_010.jpg,bbff1f944fe12f2fe04ace8c48c7078b94c89a08bcfbf0d854e4e32a6f1241a9,Q,16,N,13,0.9714514017105104,300,0,38.54695100005756,38.54695100005756
Q/ASL_Q_011.jpg,c9b7fd0a4652ce772a080c93f5883429ca55a8302137916a7e40652dc8384fec,Q,16,Q,16,0.8466824293136597,300,1,40.11983000009423,40.11983000009423
Q/ASL_Q_012.jpg,0a4a0e204519ff094ee090a8af81b55a6522c998590e72abe92e1fe7b02d0680,Q,16,C,2,0.7714846730232239,300,0,41.49742399999923,41.49742399999923
Q/ASL_Q_013.jpg,8fb9b8730727c165a5156b466ac38e6f1f82708d7a5d859106bf15313ca3193e,Q,16,C,2,0.9438185095787048,300,0,40.66268199994738,40.66268199994738
Q/ASL_Q_014.jpg,cc3a0211e5710f4a65ede1ccf1eec033fde9574a63935f8f175f4685cb099812,Q,16,Q,16,0.9897095561027528,300,1,39.69554900004368,39.69554900004368
Q/ASL_Q_015.jpg,e1144596ba7c8fbed7f3d7a875ca0651b485efff8e84ccc3b6066368e9594f61,Q,16,Q,16,0.9904363751411438,300,1,42.35833800009914,42.35833800009914
Q/ASL_Q_016.jpg,2ae2ad99c7f9b348ea6428488a648a57890357caf3c54a93d59ff54064a2e788,Q,16,Q,16,0.973073661327362,300,1,40.434342000025936,40.434342000025936
Q/ASL_Q_017.jpg,e8ed26cbefcf18997d2d5a695379da5295d41db7becef7786fcc4642932a91fc,Q,16,N,13,0.9869009852409364,300,0,39.0476770000987,39.0476770000987
Q/ASL_Q_018.jpg,81f3751b5682d44b097736a42b1885e91184a78dd5719ec110cf1905cf1b3c6f,Q,16,Q,16,0.8939681053161621,300,1,39.69505099996695,39.69505099996695
Q/ASL_Q_019.jpg,6fd5cbb521d343ceaeb56065f3c6bf1fcbe7b88bf66f284d2993c0c2f841a1f6,Q,16,Q,16,0.9903783798217772,300,1,44.00519099999656,44.00519099999656
Q/ASL_Q_020.jpg,41928823050c30d1026d73cc71037e57f2de18be2b224058487ca5cbf4f31c29,Q,16,Q,16,0.9924601912498474,300,1,42.30859300002976,42.30859300002976
Q/ASL_Q_021.jpg,6101364a24f72ecc2c52e9c6f16fe178cf9889e0b95c2bf01d6ca9e216f9e348,Q,16,Q,16,0.991069793701172,300,1,40.22367100003521,40.22367100003521
Q/ASL_Q_022.jpg,c87b0fce28fe9d5685b6d42d34f20c75252d5b0a29ceca95286366af51cbb3cd,Q,16,Q,16,0.9913438558578492,300,1,38.917923999974846,38.917923999974846
Q/ASL_Q_023.jpg,1b2d49e89b53276a0a5dfed7582328d60226a214edeed9d394e8732d34546c81,Q,16,Q,16,0.9906994700431824,300,1,38.28779599996324,38.28779599996324
Q/ASL_Q_024.jpg,20d259002e673b2f3fba49ea3cc1636388ab3defe85afbd57cce1040f1970366,Q,16,Q,16,0.989862322807312,300,1,38.27408600000126,38.27408600000126
Q/ASL_Q_025.jpg,c310ca496b36bde70ba8981aa9398eafe4f20c2f9e1068b594539cd464756c19,Q,16,Q,16,0.9888402819633484,300,1,39.38803099993038,39.38803099993038
Q/ASL_Q_026.jpg,b7dfe1215ba24546ab6553c0cf154db4ca2c3a4fd27e5d29053b80896cdde02b,Q,16,Q,16,0.9909226298332214,300,1,37.74057299995093,37.74057299995093
Q/ASL_Q_027.jpg,cf6f253fa9d3fc3bc82d0162905d597dd8c88c086257dae1b511dbe8a92de200,Q,16,Q,16,0.9907195568084716,300,1,38.99997000007716,38.99997000007716
Q/ASL_Q_028.jpg,ac0e707272f667e3854da9a694eec3c54beed598347d3716ca318c7c2cfefff7,Q,16,nothing,27,0.988444685935974,300,0,38.51350100001128,38.51350100001128
Q/ASL_Q_029.jpg,3aa57d546f39e13479111f8f2b4d05b88cef17fc5d9ea46b0818ed93ea86666a,Q,16,Q,16,0.962972104549408,300,1,37.99839900000279,37.99839900000279
Q/ASL_Q_030.jpg,69c3f47e8f471079578f493457b526f0be90577e9d9452ffc8b6a27f4369fff3,Q,16,Q,16,0.9899982810020448,300,1,39.85241700002007,39.85241700002007
R/ASL_R_001.jpg,43d94a4b6d9fa49bc78d7261a33efdb5861d2c137efdf3db9f8218469ea933b2,R,17,R,17,0.9767121076583862,300,1,41.67507599993314,41.67507599993314
R/ASL_R_002.jpg,3432f08b4e2ca89e158b03274f5a975b470bf21d9c9b13c61a4d101fc84cf291,R,17,R,17,0.9913650751113892,300,1,42.70890199995847,42.70890199995847
R/ASL_R_003.jpg,127d54a0eb0bf6c92470dacfa7ccc4f6c813b7c0985b08c87deb2a140155c522,R,17,R,17,0.9426413774490356,300,1,39.80658600005427,39.80658600005427
R/ASL_R_004.jpg,653e6b564fe1c66f965bc9f7883ca42712dfa4a7275d90168bed8f8524612e7c,R,17,R,17,0.9886246919631958,300,1,40.232624000054784,40.232624000054784
R/ASL_R_005.jpg,cfee45a88e4ba467c6f1cdd0102a13b363bd05d0f4f16074764d66341edd829c,R,17,R,17,0.9551809430122375,300,1,40.13059900000826,40.13059900000826
R/ASL_R_006.jpg,30fca63d67d001253e85f71cb7965654ab2665aa002d6fe7344a80656ce53f3b,R,17,R,17,0.9903454184532166,300,1,39.15062600003694,39.15062600003694
R/ASL_R_007.jpg,e5f6a0ba4901e55c9cfc19f8505ab1f5d9c5cf52bcab1e6c97e7b4ef79eed0d4,R,17,R,17,0.974068522453308,300,1,42.3519400000032,42.3519400000032
R/ASL_R_008.jpg,fd6d4b45e8c0e8d284271836f43a6edc2de423c8ea5057d7fdeeecc4a60f8d1c,R,17,R,17,0.5455241799354553,300,1,41.00562899998295,41.00562899998295
R/ASL_R_009.jpg,7999a90b859f8b08c39489ad4e20650546964b331dbc4fde1fa071b867fcfa76,R,17,I,8,0.6362820863723755,300,0,39.3562890000112,39.3562890000112
R/ASL_R_010.jpg,1bedefb350a42cf3034a0ed94420f2f599b018e954555216e8ea2189a22b14ca,R,17,R,17,0.987801730632782,300,1,40.81942200002686,40.81942200002686
R/ASL_R_011.jpg,b3a2a6c5aedfb8320099ceb6923880cd7d63f5ae1468f0ce98d57da7f9641251,R,17,R,17,0.9890866279602052,300,1,38.88185499999963,38.88185499999963
R/ASL_R_012.jpg,30ac238556172a339f11bd90fe4de707db9c09f3ce0691459dd020a9714836d8,R,17,U,20,0.918595016002655,300,0,38.23788499994407,38.23788499994407
R/ASL_R_013.jpg,7708838d762d503b99a78b78ba05dffd9a90c1be450a92afb68cadf084034ba9,R,17,R,17,0.989707350730896,300,1,40.73795400006475,40.73795400006475
R/ASL_R_014.jpg,a5ca63ff96cb0faef84d545258d0f8a6e6cb5b65a545a075ec14367f210a7dd3,R,17,R,17,0.9899702668190002,300,1,39.93859400009114,39.93859400009114
R/ASL_R_015.jpg,fffaa300c8bf483365fe79847bc3e8e3cae015117f4994944af122fd0904cee4,R,17,R,17,0.8439107537269592,300,1,40.61216200000217,40.61216200000217
R/ASL_R_016.jpg,7507b181dd933b47380d32df098cebd386ded61bcdc1dce731ec6f208915cad2,R,17,B,1,0.7392707467079163,300,0,39.53043299998171,39.53043299998171
R/ASL_R_017.jpg,3cecfb4d8eabe02a7c6348c7d0ca4728f067135e81525d44a4322059ef549a57,R,17,A,0,0.791944146156311,300,0,38.12820900009228,38.12820900009228
R/ASL_R_018.jpg,6eeecdc293525be7cecf1a04315feb040888b66324709e994a722a7e5820d4c5,R,17,R,17,0.9921312928199768,300,1,43.36321800008136,43.36321800008136
R/ASL_R_019.jpg,ee8ee4a565acefc7219ad5b98e42afbfa7d5e400cefbf92df7c9d5219a265173,R,17,R,17,0.8096225261688232,300,1,37.85053299998253,37.85053299998253
R/ASL_R_020.jpg,034c96231431f5369e816ecd7055f818dd1dd1f4fb7c6a3b1570d8f7e0163dfa,R,17,R,17,0.9922332763671876,300,1,38.431201999969744,38.431201999969744
R/ASL_R_021.jpg,b9a383af351fb616b912e171601ffb8fb47953b50580fb7017ca615fc53296ce,R,17,R,17,0.989632487297058,300,1,39.49292400000104,39.49292400000104
R/ASL_R_022.jpg,740b1c6959fb5cee1ed498b218364d777bb9e0434ad6795b525555ec757c5e79,R,17,R,17,0.9881293177604676,300,1,40.92969299995275,40.92969299995275
R/ASL_R_023.jpg,664575c510002220230ab4ae7882ea7a1425d29a0a5f6831fb62fa32319f101f,R,17,R,17,0.9153391122817992,300,1,39.58606399999098,39.58606399999098
R/ASL_R_024.png,90a83d44597203f34d5d6e43fd70efedd7ae7e22bf56db27a214559ab76713bc,R,17,R,17,0.9212531447410583,300,1,46.58374800010279,46.58374800010279
R/ASL_R_025.png,148779269e1cb3fc486436c2c5d009bd232b5c535bcad4a3f519005192ca5099,R,17,R,17,0.943160355091095,300,1,46.60916099999213,46.60916099999213
R/ASL_R_026.png,51db763057c0766a2c146629257041c7e919bf01d97b79c0fcafb120820fccc3,R,17,R,17,0.9919350147247314,300,1,47.829330000013215,47.829330000013215
R/ASL_R_027.png,b5247113bec281f705018e8673ebaca1811f12f6c2efb092420399a841130c51,R,17,R,17,0.9581305384635924,300,1,49.43743000001177,49.43743000001177
R/ASL_R_028.png,6629ce05abb1765cc7c895c3717cc2fdc25aec30d37e72f01d2a0bc213195abb,R,17,R,17,0.9924485683441162,300,1,48.19480699995893,48.19480699995893
R/ASL_R_029.png,844b565b9b9892848f0cd162088ec772ac1693fde78a53012ba19278b0c82fc1,R,17,K,10,0.9813929200172424,300,0,54.118319999929554,54.118319999929554
R/ASL_R_030.png,7bc593e3667685873e63b0082271e58c90b9f36b030f9b7b620c00db5b88b092,R,17,L,11,0.909360408782959,300,0,49.623714999938784,49.623714999938784
S/ASL_S_001.jpg,77da1652636aeff80d299878521fbb041c56675ec5d83e172fd617980faf7c6a,S,18,S,18,0.897059440612793,300,1,43.51491199997781,43.51491199997781
S/ASL_S_002.jpg,abe48ca4097a3a6a59bc2dfa8abcaab7b20c58f43bc3a29c75c63122b537d241,S,18,S,18,0.6774539351463318,300,1,38.14805399997567,38.14805399997567
S/ASL_S_003.jpg,52efae618217d5ca980f30a07cfcbca939904815e47973779d54c24fb6df09f7,S,18,S,18,0.7354965806007385,300,1,38.1955550000157,38.1955550000157
S/ASL_S_004.jpg,b2ada4b5ea4afe56c34a946d42a4d2e52190a7423094c707d94ef00837eee728,S,18,S,18,0.8904278874397278,300,1,37.32489700007591,37.32489700007591
S/ASL_S_005.jpg,9126c8ec7bcdd03853b1f9088a06158dff5490bb889cf7d8e473feaa61d3e4c9,S,18,G,6,0.944766879081726,300,0,41.78190599998288,41.78190599998288
S/ASL_S_006.jpg,ca1f0a96d2d088cbcbfc71a2e391ea3f350a3d3fe78eb31885d4d48f44dbd424,S,18,I,8,0.6113201379776001,300,0,40.48634800005857,40.48634800005857
S/ASL_S_007.jpg,c8a1543179d31fa32adf5e07c0a39ee2f4cbc79731827543749efb344bec792f,S,18,Q,16,0.9172420501708984,300,0,38.5611509999535,38.5611509999535
S/ASL_S_008.jpg,affe8b3ae25a6ea9bc4c8b61666956630312bc52f56dd7da05461f35860498c0,S,18,J,9,0.9087615609169006,300,0,37.15603699993153,37.15603699993153
S/ASL_S_009.jpg,c02f871c007fa8bfef4d53458616d3c48e9d2bde362c298dd1ab4ab3bc56b589,S,18,N,13,0.9679366946220398,300,0,42.18305200004124,42.18305200004124
S/ASL_S_010.jpg,0ba2605f2106754c43f5de61ae61f361fe4449758d9aea54a14362d27be7de07,S,18,N,13,0.9805112481117249,300,0,39.54038899996704,39.54038899996704
S/ASL_S_011.jpg,2ecf52d1490c0635d560c2a1dc02a6787624fca4b5b3e7eae10e11f05d1d8d69,S,18,N,13,0.9057551622390748,300,0,39.13294099993436,39.13294099993436
S/ASL_S_012.jpg,1f7f6d6714573e0c4c6da933ce9ccf5655c59c304687c041a4b145a6892b3c56,S,18,Q,16,0.5453358292579651,300,0,39.2066800000066,39.2066800000066
S/ASL_S_013.jpg,dbaf47982a90de0de8fffeb9bc70faac2db07d3cb2ab9b37194f26a838db3d28,S,18,I,8,0.5281901359558105,300,0,38.16801799996483,38.16801799996483
S/ASL_S_014.jpg,278e91740509ea3cd37ef6c04dc5938e26eb2b80f263424c39270e761de89922,S,18,I,8,0.5794554948806763,300,0,40.142833999993854,40.142833999993854
S/ASL_S_015.jpg,cb3725405b98f32d561a9b371e659c1ee91e5099e9e3e1661b3db8dce1e47446,S,18,W,22,0.8597872257232666,300,0,37.66759900008765,37.66759900008765
S/ASL_S_016.jpg,b9d50eb9b81673456993788c6e4a01b6193958064c2f58575196f9699e42c60a,S,18,I,8,0.9348828196525574,300,0,37.582241999984944,37.582241999984944
S/ASL_S_017.jpg,e2fb49dcbb39781366b44494585d85b3df9698f45dcc358443f5b0e84a3cbea6,S,18,I,8,0.9495446681976318,300,0,40.15370100000837,40.15370100000837
S/ASL_S_018.jpg,507311cfd33e9f1847b7ef1de86e1fced63aa7486e7c6dda7a49d81724ddfebc,S,18,J,9,0.8362013697624207,300,0,39.06398899994201,39.06398899994201
S/ASL_S_019.jpg,7e7aadec026b9a309416072f3fefcf8560deb557c92771ef53e85a89fe915860,S,18,J,9,0.7215818762779236,300,0,39.7325159999582,39.7325159999582
S/ASL_S_020.jpg,47561ddcae1df589f610ae6b411a07060d52341fed3fab9883b3be943c1c71dc,S,18,I,8,0.5186539888381958,300,0,47.18376900007115,47.18376900007115
S/ASL_S_021.jpg,f11f427d72f6de204654f1b98760520d5fba09913f662202f2c748d5ac89e3e3,S,18,U,20,0.8695210814476013,300,0,37.79829300003712,37.79829300003712
S/ASL_S_022.jpg,1707d53a95e10619e5e4e952de9c190824c8aff3a7c94939a2f22a475275f0ab,S,18,M,12,0.7987436056137085,300,0,38.44372699995802,38.44372699995802
S/ASL_S_023.jpg,eb27752122d1149253f7e356af9037948a33b4cbbecf7a6b7e37af5b87a785ca,S,18,I,8,0.8885950446128845,300,0,38.908575000050405,38.908575000050405
S/ASL_S_024.jpg,07866d130c9788523bf2a0e131e07e8af6628885d7ad4eebbb18da30d45a7929,S,18,E,4,0.7938044667243958,300,0,42.01059100000748,42.01059100000748
S/ASL_S_025.jpg,1a46c32eb25f61e622bba328f79d26bcf7f176b108a79d96b4b457a4ed794a14,S,18,I,8,0.9224432706832886,300,0,40.37619200005338,40.37619200005338
S/ASL_S_026.jpg,9c4eb2d546b4bf02d5ac3e6b1981241fa831a183e9cc23bf3c0f6583a167b299,S,18,I,8,0.7527289986610413,300,0,38.24356199993417,38.24356199993417
S/ASL_S_027.jpg,df869dc700ce4e5bce56e06c032db722d537349403f6311acfd203854fa78952,S,18,nothing,27,0.9730848073959352,300,0,39.19663199997103,39.19663199997103
S/ASL_S_028.jpg,d8e579ba32feb43e7d0ffdd6b5060717ea1f50150f01a85773b8965432f27bf9,S,18,V,21,0.3904672563076019,300,0,41.14276500001779,41.14276500001779
S/ASL_S_029.jpg,b42255a72be94dbcf2549206afb66beae961f9784dc5ad3c11ad6adacf99793f,S,18,X,23,0.7128021717071533,300,0,42.35882700004368,42.35882700004368
S/ASL_S_030.jpg,409bf0dd3ab540fd69c9fb4842d9c94e15f1c363ce21a2e7f7b7356b6b306bfe,S,18,S,18,0.9831269979476928,300,1,40.10756000002402,40.10756000002402
T/ASL_T_001.jpg,4412873383e78146de645965b554c2355c987d3b868c935ba23d2b78a8819bc4,T,19,J,9,0.9734006524086,300,0,37.94373300002008,37.94373300002008
T/ASL_T_002.jpg,c106e3c2aa5de1dc0597d6d628f8cded028c2009b470ea227b8a8b3f00e1f3a9,T,19,X,23,0.9366804957389832,300,0,37.266550000026655,37.266550000026655
T/ASL_T_003.jpg,d0267a9cc74eec37be17e852d95f24a82cb920e6508ba3d76711ceeea573aa86,T,19,J,9,0.9799315333366394,300,0,37.64827999998488,37.64827999998488
T/ASL_T_004.jpg,2a5d3211f5bfd7dce1da6263f6683af9983c8fb65758b60bc0ff6062acc6d21b,T,19,Y,24,0.7638677954673767,300,0,38.6316930000703,38.6316930000703
T/ASL_T_005.jpg,0378a2394f97794318a814d44ba48516d58408a7ce0e74380dfc8b581823a151,T,19,X,23,0.9529419541358948,300,0,38.4502590000011,38.4502590000011
T/ASL_T_006.jpg,01b2d9b4d959ea5f25291fdce15444ce294e71b8240a18ab9b0598cbdbd19ea1,T,19,X,23,0.9666264057159424,300,0,38.92621700003929,38.92621700003929
T/ASL_T_007.jpg,f3fde920e9a96cf25a724004f763a370976224339e6edc589d4a06808a3a6600,T,19,X,23,0.8959352970123291,300,0,41.2368959999867,41.2368959999867
T/ASL_T_008.jpg,00af04c9c7380b0649f5077331eee900e9352995312c6a8492734aedf68b5851,T,19,L,11,0.8321996331214905,300,0,38.52119999999104,38.52119999999104
T/ASL_T_009.jpg,cd826ac42d92cd37dd27c6f8fd3d7ee29af938be61b6f4c446ebac9275ca6836,T,19,Q,16,0.9493496417999268,300,0,41.303434000042216,41.303434000042216
T/ASL_T_010.jpg,c0c4d90ba34b3732bd919e1d3d8f24095acf349b3a972ab9014c49d50b874d4f,T,19,X,23,0.8563810586929321,300,0,40.84200400006921,40.84200400006921
T/ASL_T_011.jpg,9e8e872cebe1603805e05477bd13a543857bcd47dbaa12540b648943513ea961,T,19,X,23,0.9511972069740297,300,0,41.52143499993599,41.52143499993599
T/ASL_T_012.jpg,fcb5a4d9f1b1ae768d582ac5bc1c3849b5c97336ce2510e128c103d3fb1a68ee,T,19,X,23,0.9691968560218812,300,0,39.57665899997664,39.57665899997664
T/ASL_T_013.jpg,1b218d05b6bb3ed2403f4898dfc331cace243af7f656f9285374ae57a0b9748e,T,19,X,23,0.6514902710914612,300,0,38.74705700002323,38.74705700002323
T/ASL_T_014.jpg,0ea96b3947826c0bca934a803fe49b76d45c7f5d5abf2793d26ae0d441daf700,T,19,L,11,0.7775245904922485,300,0,40.58210000005147,40.58210000005147
T/ASL_T_015.jpg,f1d111cf77135bda352cbe4b87c8658c8c5601f22f4c56ea2fe992de3deddee6,T,19,X,23,0.4500907659530639,300,0,41.12309499998901,41.12309499998901
T/ASL_T_016.jpg,2ffad7fed9114bbb44de5f4bb4d19b764bcb00027194b8a1649125de0286fa69,T,19,L,11,0.7896152138710022,300,0,39.33316699999523,39.33316699999523
T/ASL_T_017.jpg,cff62f04c421684d315ea45720d762785bb2e6c7c270e700061831ef70d00cfa,T,19,L,11,0.6652697920799255,300,0,37.27171199989243,37.27171199989243
T/ASL_T_018.jpg,82fa8d8258e5bb9403a91621a408b937b3dadf500b6ba89a6877818afe26687e,T,19,J,9,0.9863145351409912,300,0,38.206158999969375,38.206158999969375
T/ASL_T_019.jpg,2a438ee3c4d31926c182fb7d69a85354540dc0f456b0cdec29d0661f4490c204,T,19,I,8,0.9545227885246276,300,0,37.55631100000301,37.55631100000301
T/ASL_T_020.jpg,9b5a8dc58e42c4e03e422fdb712375b12938aba55053e923c9d30e46c741ba62,T,19,T,19,0.9871771335601808,300,1,39.16380600003322,39.16380600003322
T/ASL_T_021.jpg,f5b841327e404b3f8ad8da693217dbec28e82fad90bcccccce2915ca947ef5d8,T,19,A,0,0.9200572371482848,300,0,37.43120199999339,37.43120199999339
T/ASL_T_022.jpg,1a38c0238bdf67b5de563545fe99f5a4bc368478b0835216f320d362f26787a5,T,19,M,12,0.9434732794761658,300,0,38.07001600000604,38.07001600000604
T/ASL_T_023.jpg,1d23839ecb9d686532de0b209466fa316f55df7585493439ed8e59c0e809d13c,T,19,J,9,0.9674230217933656,300,0,38.560531000030096,38.560531000030096
T/ASL_T_024.jpg,511c0b24f6eff512f328961cebd81254c97599e7944ebe425b8c0897a737b0f9,T,19,O,14,0.9852088689804076,300,0,39.62410100007219,39.62410100007219
T/ASL_T_025.jpg,46aba7c5a5276f2230feedf92a800b29e8e97961bda96b28bcd341e875c32741,T,19,T,19,0.9878799319267272,300,1,38.04119400001582,38.04119400001582
T/ASL_T_026.jpg,b7928be37bca26f7e89372cbba280921edd0ee099eb91a959e9d7e8e5a6c643b,T,19,T,19,0.990401566028595,300,1,39.93547600009606,39.93547600009606
T/ASL_T_027.jpg,b088da371d08f7ca9296460a73bd34dab24f627436275975b33e88c86c4e0070,T,19,T,19,0.983665943145752,300,1,38.371960000063154,38.371960000063154
T/ASL_T_028.jpg,c02240f1100a7e9bbfb1e5d774e1e1124153d106477092232ff8a53d2a875c29,T,19,J,9,0.9856858253479004,300,0,38.19672500003435,38.19672500003435
T/ASL_T_029.jpg,e35a125e3673ff6feb3e82c4681506f3246e5980d2ceebe6498715e5aeebd3bf,T,19,J,9,0.7886000871658325,300,0,37.64134799996555,37.64134799996555
T/ASL_T_030.jpg,d18139b1c2b6267c0fe3880bbaaeb7edb55bb4cf4637eafebcc48bb7760ff503,T,19,I,8,0.4549820125102997,300,0,40.20471700005146,40.20471700005146
U/ASL_U_001.jpg,0fa25f901f77462c28a1785bc8ab2eacf045e32d39a5acb1586916a678dd3f84,U,20,U,20,0.9851978421211244,300,1,40.99846899998738,40.99846899998738
U/ASL_U_002.jpg,4bc60fc00ee4eb4199c7531b1ae473aba947c43d6f1331f210b84acb0ee532ad,U,20,U,20,0.9895551204681396,300,1,38.791686999957165,38.791686999957165
U/ASL_U_003.jpg,ac9a620389a9e467159bcdf9757b43bd8ccbd1b42dd32d8abf06c773de5b1f44,U,20,U,20,0.9905409216880798,300,1,38.90690600007929,38.90690600007929
U/ASL_U_004.jpg,73298c670b0a54ff30dd951fc18c58806292f9c4904cb263b1f381c58f5a55bb,U,20,U,20,0.9900450110435486,300,1,39.786549000041305,39.786549000041305
U/ASL_U_005.jpg,afee836ec46885bc0184b3c97d073aac19fa35ddec20c87534ca7e1acb52d9be,U,20,U,20,0.9868107438087464,300,1,42.73812899998575,42.73812899998575
U/ASL_U_006.jpg,c5217e65bd3e1279c01b577649df87224be3a4005cb555281ae1a973d969d148,U,20,U,20,0.984965205192566,300,1,38.13640999999279,38.13640999999279
U/ASL_U_007.jpg,d18384ae5e7d0f0329fa2b47b3571dae1d001c85e0534e1e981c2810974198ee,U,20,U,20,0.9887301325798036,300,1,41.28996300005383,41.28996300005383
U/ASL_U_008.jpg,b124078788387a6ee4c00a347c24326a8cf4d09c851842730a5babc43315df2a,U,20,U,20,0.9740849137306212,300,1,39.56472100003339,39.56472100003339
U/ASL_U_009.jpg,78dac8431cba6268d7003c19f47a34fdb4962befaba9aedaee4ccbe1655430e1,U,20,U,20,0.970815360546112,300,1,41.09140200000638,41.09140200000638
U/ASL_U_010.jpg,54166fcdfb6b1b99f1cfc43810766387dedf388501162ed22b37778b867c905e,U,20,B,1,0.6934865117073059,300,0,40.94996399999218,40.94996399999218
U/ASL_U_011.jpg,15ae9edb9a4671632c2ce8f3b681dd9c110c947d6f942ad6fdf415c3e2901589,U,20,Q,16,0.6485065221786499,300,0,45.568365999997695,45.568365999997695
U/ASL_U_012.jpg,7dc71c265a64e60bf771362a70ef4d501b4c6bef21d70f514451f39a9b304006,U,20,Q,16,0.948529064655304,300,0,38.09089100002439,38.09089100002439
U/ASL_U_013.jpg,3165b0d03d282fac9d2792472946fa34af948f66c1af72015e77bea2456cec0b,U,20,K,10,0.8249847292900085,300,0,39.40689500007011,39.40689500007011
U/ASL_U_014.jpg,93d629030c8085c16e6b8ed8edab8ac845e60a8155bbe02fe004ad9201acbaa5,U,20,M,12,0.9814505577087402,300,0,37.93511599997146,37.93511599997146
U/ASL_U_015.jpg,63bb5df802260ffaf6d9f169d29f67b5cba3f59aeff42fa10dc06d6c76c4e6f4,U,20,U,20,0.982821762561798,300,1,42.410723000102735,42.410723000102735
U/ASL_U_016.jpg,b712893ae058790df03b504f88a78e3bd6377c6a0ec4fb13a322037dd0c7c55d,U,20,I,8,0.7731257677078247,300,0,39.87933899998097,39.87933899998097
U/ASL_U_017.jpg,4fce64234526670bd4ea7b160b403e7eb4424e5ce759d38b4491f1eba59510fd,U,20,nothing,27,0.8673393726348877,300,0,38.19291299998895,38.19291299998895
U/ASL_U_018.jpg,f795eea6e067dae4c7231d175594dd9509ba39b137d5b120b3fa5a8a6b17ae4b,U,20,U,20,0.980705201625824,300,1,38.119208000011895,38.119208000011895
U/ASL_U_019.jpg,ffa57bfac3b5d14a8fc1a985a80f461b6e287e8718f2a754bc6f3e5b227b275f,U,20,U,20,0.985983908176422,300,1,40.15036800001326,40.15036800001326
U/ASL_U_020.jpg,46c57b6f978c67842567951877f956a081053fca59bf0dbaa0319f4038c47039,U,20,U,20,0.9548879861831664,300,1,39.45500500003618,39.45500500003618
U/ASL_U_021.png,ae0489ac9b282bba6ed3486d5be6c414ca3f18c9900e2c9a530154c13401663e,U,20,B,1,0.8347234725952148,300,0,51.22976100005872,51.22976100005872
U/ASL_U_022.png,6737428cdfb94142d8ee873d839628dce9df5026288a9ea6667bad29c3892b10,U,20,U,20,0.5329952239990234,300,1,49.529135999932805,49.529135999932805
U/ASL_U_023.png,a132f0bac6d396f804d67b98a4a87ed51ebbc5a6b66a74e7baf34bf3289a0247,U,20,B,1,0.7528807520866394,300,0,51.52853999993568,51.52853999993568
U/ASL_U_024.png,51033d8cfeabff78741102496c326915791718695e7771094a75b07d21d873b5,U,20,K,10,0.8743464350700378,300,0,50.57533800004421,50.57533800004421
U/ASL_U_025.png,6fac742093256535ca126ed601c75a3d89353d09f1784dc7e40515f11b5aae35,U,20,delete,26,0.7723377346992493,300,0,53.36397600001419,53.36397600001419
U/ASL_U_026.png,c77bdfb9971de60b7992ba9f0fb63006192d502135584029b116dd1e94fe1056,U,20,U,20,0.9717988967895508,300,1,46.88612099994316,46.88612099994316
U/ASL_U_027.png,5521a8aea887fd36f07a06df71bb18b945980c5a7831b8b20f43433f7990fedd,U,20,U,20,0.9877105355262756,300,1,50.88815900001009,50.88815900001009
U/ASL_U_028.png,cd64d2217424dc80f1cfbe5aadb42003afff6c00331e894949f1a527af350046,U,20,R,17,0.9499329328536988,300,0,44.12647000003744,44.12647000003744
U/ASL_U_029.png,73bd22c1d239c178793cfaf676c3d86631e24ba4b8f8a32f59cc51ddbf4c23e2,U,20,U,20,0.9856742024421692,300,1,44.34523699990223,44.34523699990223
U/ASL_U_030.png,94c95d74a25c595e1f3f10fee649fac17c5bd68035ddd1c7a53856a613dd4afa,U,20,R,17,0.8250132203102112,300,0,46.038498000029904,46.038498000029904
V/ASL_V_001.jpg,cb7f4d79effe87246cfab1891c3f91548a266b4ea08bb98223240d09e9e6fa07,V,21,K,10,0.8999778628349304,300,0,39.63607199989383,39.63607199989383
V/ASL_V_002.jpg,6b38b096b3c9115a80680d1b673b9a0667490a83cfc6e1133eea67a57e3eae33,V,21,K,10,0.9191808700561525,300,0,38.4940800000777,38.4940800000777
V/ASL_V_003.jpg,15b304616e9003e537aef3f028033c959a464b202705779f6862d251b8b06a8f,V,21,K,10,0.9399045705795288,300,0,38.88816599999245,38.88816599999245
V/ASL_V_004.jpg,a04418358f9b38bb0ac2759299f1080002f77cde58265940b1ff5b1fbcc3e3b6,V,21,K,10,0.9270009994506836,300,0,38.78200600001946,38.78200600001946
V/ASL_V_005.jpg,e3fdf19c73a78d3373773a33f6468ae18c574d843a97ff102a285215baaa5b38,V,21,K,10,0.8301975131034851,300,0,38.202458999990085,38.202458999990085
V/ASL_V_006.jpg,0192ff8c2aee6c93014c9bab197b03f99bb91374b1d8708f10e501e72506921f,V,21,W,22,0.6002172827720642,300,0,39.483466999968186,39.483466999968186
V/ASL_V_007.jpg,9873681694a2228ce30bbf8e9992512ab0c35bb9cfdda5fa644f9658ae2266ec,V,21,K,10,0.9746819734573364,300,0,40.36266500008878,40.36266500008878
V/ASL_V_008.jpg,a34de884bff731bbb437efb6dca4734316f440473635f269e9687e28c6c5b6d2,V,21,K,10,0.9866505861282348,300,0,38.63189400010469,38.63189400010469
V/ASL_V_009.jpg,5f8d8aa852a7b9aa071c2ac5bbd9200213c5f95c8023fbdc77eb91ecffe4fff4,V,21,K,10,0.9811315536499025,300,0,40.06883600004585,40.06883600004585
V/ASL_V_010.jpg,3bc35ba42b44ecf406c674f6fcfc422caa7a211a9616c0c0f720cb0e019df669,V,21,O,14,0.4454001784324646,300,0,37.70177100000183,37.70177100000183
V/ASL_V_011.jpg,8709e53a00b9508b4911353a8f409765287d8fcabcb760cdaabfd566f033e50f,V,21,K,10,0.9191524386405944,300,0,42.40272000004097,42.40272000004097
V/ASL_V_012.jpg,9dd45321cd9269e05b92751a00abf8f5cb8a1c1886140e79c00cd2439edfc579,V,21,W,22,0.9519004821777344,300,0,39.77220199999465,39.77220199999465
V/ASL_V_013.jpg,e86baae839abb4cbff21936901bfbf1405861ef7709e47e3e3c180496fabba6f,V,21,K,10,0.9661730527877808,300,0,39.11123299997144,39.11123299997144
V/ASL_V_014.jpg,dee5cff3f281f3cdcc8f80d566c74b178a1b4a2431becd80c20a6e831654d144,V,21,W,22,0.6481342315673828,300,0,39.922128000057455,39.922128000057455
V/ASL_V_015.jpg,713295f4a81e2b19c098d2e63e0a74b0a60c2d0f173a20f76f81c2adb3f9aedf,V,21,K,10,0.7760925889015198,300,0,37.57413199991788,37.57413199991788
V/ASL_V_016.jpg,46268f515dd5cd8e66d9fe0022c56d77e7cd1c336d75a84b4d58addc7710fddc,V,21,K,10,0.9897415637969972,300,0,38.03040699995108,38.03040699995108
V/ASL_V_017.jpg,6a5cc954bb649751b783242dad7167e070451155d8a566fe959eb140084a8ddf,V,21,K,10,0.9904412031173706,300,0,37.77552599990486,37.77552599990486
V/ASL_V_018.jpg,be1a90eb4472fc7e8b7698a2b44eb536c8922d6371bddc88d132513784944b89,V,21,K,10,0.9902104139328004,300,0,38.95730099998218,38.95730099998218
V/ASL_V_019.jpg,fdf7cd12354cfb8e34a0b59b179f79b9f9207daeeae2ffc00d7ef2e2a24e29a4,V,21,K,10,0.977852463722229,300,0,39.915185000040765,39.915185000040765
V/ASL_V_020.jpg,ad891ca8711cff801e59c0aa15ba0599788925371d4a0c187d8e1dafcc52c347,V,21,nothing,27,0.9125393033027648,300,0,37.58089099994777,37.58089099994777
V/ASL_V_021.png,1b03df784b2d8d40120305b363f1a33f28b2cef653f03b880dbb47dea538ac93,V,21,K,10,0.9914612770080566,300,0,46.74503499995808,46.74503499995808
V/ASL_V_022.png,0ac3c76f67461d26aea33caf2888474e313ee17067c9611b70c01c2886bd5c1e,V,21,K,10,0.981721043586731,300,0,47.43317999998453,47.43317999998453
V/ASL_V_023.png,689a998cc2c72a9902834db4f71fa039a1f9fd57ec8ea174af84ba560e46b91d,V,21,K,10,0.8882204294204712,300,0,44.8338240000794,44.8338240000794
V/ASL_V_024.png,313d8c8dad0ae46141be597b2010c32eb207ac107f2f9754187a4bdd92689453,V,21,K,10,0.959302008152008,300,0,47.20640100003948,47.20640100003948
V/ASL_V_025.png,ecbe98e9ef9317c20ced2f0a64f0eaa439374aaa2769553573db61be4fdf5e77,V,21,N,13,0.8631106615066528,300,0,49.446732999967935,49.446732999967935
V/ASL_V_026.png,38669cb936c92fc806e86ce7980c81bb5f3f43b847feadd8b11629bc103bf0b4,V,21,K,10,0.9882120490074158,300,0,49.81044500004828,49.81044500004828
V/ASL_V_027.png,6abcf90e20f5f6d03b664ffd3538cd0a7095842cac8a57fc9739cb64a66dcb1a,V,21,W,22,0.979910135269165,300,0,46.504236000032506,46.504236000032506
V/ASL_V_028.png,c260dc85fd87e62ebf24f2f19f5fb3f8b5ab75b5c0b3940759c39e3f8726fda7,V,21,K,10,0.9893446564674376,300,0,46.52301900000566,46.52301900000566
V/ASL_V_029.png,13107c518f80692b36b478e61f54df787eb0f42dec5f5f0447a52b7f90977423,V,21,K,10,0.9754852056503296,300,0,47.32231299999512,47.32231299999512
V/ASL_V_030.png,429d72e532c1aa32d285fb4f3bbb206722c6cbc0d17247a08b3d4ae03c852884,V,21,W,22,0.9163296222686768,300,0,48.29391300006591,48.29391300006591
W/ASL_W_001.jpg,2439530964da92a2076ad7fa3dc051c1924a2c6e2e65447f534ddc387736afb3,W,22,W,22,0.9860541224479676,300,1,37.97022300000208,37.97022300000208
W/ASL_W_002.jpg,f786389ed62a8780fd2b51b59991af32ec8133136db35536fc62f89989d3d502,W,22,W,22,0.9881447553634644,300,1,39.38291199995092,39.38291199995092
W/ASL_W_003.jpg,fab269b21d27853baaa91419f162f8fea428f783b50bf78037427b2237132153,W,22,W,22,0.99168199300766,300,1,41.0563819999652,41.0563819999652
W/ASL_W_004.jpg,2814e29f5b9e453e1fa767b4f11253c734a654627137d3489c770850097c3199,W,22,W,22,0.9918950200080872,300,1,38.52866199997607,38.52866199997607
W/ASL_W_005.jpg,a5a3669e63483114e29c0d42e22d38fb9a7919bbf3dc5f4c217e113b2544e4a9,W,22,W,22,0.991455614566803,300,1,44.37712099991131,44.37712099991131
W/ASL_W_006.jpg,75a043bd01063c566e9fc9d27e58e4fa3ad627191679f64dbb6ce940e01eca9f,W,22,W,22,0.991927981376648,300,1,37.147008000033566,37.147008000033566
W/ASL_W_007.jpg,f9df299ebbac9ac04007f37a0f0a505809d322c0a6ca749a1852e0594bf16d8b,W,22,W,22,0.9902225732803344,300,1,38.14248399999087,38.14248399999087
W/ASL_W_008.jpg,ea84177182164df86f796489697e869130851d42179e0fb06e5cffe0b2b8f305,W,22,W,22,0.990334689617157,300,1,37.35292800001844,37.35292800001844
W/ASL_W_009.jpg,39db15acbded1649227de881eceae191c047e4b9cbada293e2c1854eb259fe2e,W,22,W,22,0.9905006885528564,300,1,37.90263000007599,37.90263000007599
W/ASL_W_010.jpg,c7bfa60124e953732df64b6248d1d7b24244cff4ff296f8a11285b3f17ce3fbd,W,22,W,22,0.989297091960907,300,1,38.57789100004538,38.57789100004538
W/ASL_W_011.jpg,4105ebbee39397e72a1cf0514e76c0b4ad8e2130cfe8883fa1d294bf18a76ede,W,22,W,22,0.9902905821800232,300,1,37.05132899995078,37.05132899995078
W/ASL_W_012.jpg,491e658c809b08c70834b4f873db2933f1ab670a56d417607aa81508ba56c9eb,W,22,W,22,0.9870469570159912,300,1,37.55774700005077,37.55774700005077
W/ASL_W_013.jpg,4ea08fa30b49d51600b711ca7f243a9d90cb3734cb9a1d2329ac965802d75b96,W,22,W,22,0.9869233965873718,300,1,38.62223099997664,38.62223099997664
W/ASL_W_014.jpg,84466830ce27eddf5ff1dd574cb05ce84f4ff5798c58decf3a3981be82375c71,W,22,W,22,0.9879711270332336,300,1,37.9548660000637,37.9548660000637
W/ASL_W_015.jpg,f6657a04331aec1e92253f9673f7a0e28e07fa57e109b442c455ba5894f64cb3,W,22,W,22,0.9816270470619202,300,1,38.88977399992655,38.88977399992655
W/ASL_W_016.jpg,eebb45a723526adf9da3455290f756dc29a54033583db75bd915583ae5903b84,W,22,W,22,0.9899070262908936,300,1,36.78095300006135,36.78095300006135
W/ASL_W_017.jpg,dd5bbdf2f77503aa94e9a81784f2826c514842abc85a6a03edb93f1e5db56aa6,W,22,W,22,0.9714330434799194,300,1,38.34547400003885,38.34547400003885
W/ASL_W_018.jpg,2e0ff969562039a9c606eed016cd107f690584655989c6433ead240411e2c3e4,W,22,W,22,0.990468680858612,300,1,38.23185299995657,38.23185299995657
W/ASL_W_019.jpg,15010a6b7b16adbf5ba8ef3c5866e41b4eb87d38ca2d0b18a394a90c3ba2cc8c,W,22,W,22,0.9649540185928344,300,1,38.23789099999431,38.23789099999431
W/ASL_W_020.jpg,1742213401552d8dc701974bc95ef9ac2ffd99e60de774b334308c3427386977,W,22,W,22,0.9877305626869202,300,1,38.16780599993308,38.16780599993308
W/ASL_W_021.png,d9291ea14d1bffaf6073b33a7346feb019a7b5b031666ecc32dbb1f7e72a1fd9,W,22,W,22,0.9901644587516784,300,1,50.20008600001802,50.20008600001802
W/ASL_W_022.png,e9f00438cce1d66a7c63e992d1104fbcb015dc885eb6909659336da0325d1bb1,W,22,W,22,0.9864704012870787,300,1,46.25755899996875,46.25755899996875
W/ASL_W_023.png,9abf9f3ba61c72a13b512a148c2ef5b222a8c7c30fc00089255ec16117be0625,W,22,W,22,0.9916167855262756,300,1,47.73890199999187,47.73890199999187
W/ASL_W_024.png,8786d38b0cebbdc59456669ff9d231739ecf317e953b1faa5c6bc08116ce1057,W,22,W,22,0.9874196648597716,300,1,49.48667300004672,49.48667300004672
W/ASL_W_025.png,236ee7d700c0c1ff6b73d455954cbb34d9c797acacdebec81ede0c6ebee01e14,W,22,W,22,0.957923412322998,300,1,49.71035699998083,49.71035699998083
W/ASL_W_026.png,a7de396f559d3db6cea516cf4e1044d75f10385aa81a4295e68ea8f090d413a6,W,22,W,22,0.875308632850647,300,1,47.13036900000134,47.13036900000134
W/ASL_W_027.png,e60771ad4b03f2e230544eb040393fa130db8876c0a7b0e48c1b3e74815ec902,W,22,W,22,0.9875197410583496,300,1,44.10520700002962,44.10520700002962
W/ASL_W_028.png,290a293f412882dab54375c5e66af3a547b7d8a2ab24b6bdc0c5f000a642b6e1,W,22,W,22,0.9912541508674622,300,1,44.87983199999235,44.87983199999235
W/ASL_W_029.png,d9b5d86f4491055142d6e23ad292e1ee2a330cf64e979b18c73703fab88be677,W,22,W,22,0.8024067878723145,300,1,47.41948299999876,47.41948299999876
W/ASL_W_030.png,5d683de008af55654ab25138c1586de40d5b711ac9bd1175231cb364c6b0ac24,W,22,W,22,0.992150068283081,300,1,45.96423899999991,45.96423899999991
X/ASL_X_001.jpg,d7b9d9693250e92afc32da6e1fb0253fb2c347a9b4c840ed9c5b73f120191be0,X,23,P,15,0.9030659198760986,300,0,38.04182700002912,38.04182700002912
X/ASL_X_002.jpg,22dd557b9d8f54acfd505ec6cde06f4ab9c7bfe113bc877e21cce41141d0b484,X,23,P,15,0.9136532545089722,300,0,36.69776900005672,36.69776900005672
X/ASL_X_003.jpg,478d25a3ac86dbe7a154930973a1451b88da57cbcda5973adcd5da30d3b7042a,X,23,N,13,0.879981517791748,300,0,38.37897500000054,38.37897500000054
X/ASL_X_004.jpg,764392cddd5b48b6e4619556f37dcbc149ef19b593afeb92069fad9052b4ec6c,X,23,N,13,0.8789544105529785,300,0,38.26926099998218,38.26926099998218
X/ASL_X_005.jpg,e275d866cdabb0d31d786a2949fc095b3ffc7552bbb4cc2d73466336696b60d5,X,23,I,8,0.5312051773071289,300,0,37.53355300000294,37.53355300000294
X/ASL_X_006.jpg,3fbde952d571a97c5764619fddf74e7c9c8586b4d3edcb6e7614f7840e9efe83,X,23,X,23,0.976277768611908,300,1,38.41330099999141,38.41330099999141
X/ASL_X_007.jpg,6e1b74b53e243097682d466ed9bd311b2304faaaed8e47be622a96aa46beb27b,X,23,X,23,0.7542839050292969,300,1,37.68724500002918,37.68724500002918
X/ASL_X_008.jpg,56a6511c999e97428e4c500fff3f3cc3e6ad03d188da77ac003586640b8bcfa8,X,23,X,23,0.6814793348312378,300,1,36.903929999994034,36.903929999994034
X/ASL_X_009.jpg,bdd50e68bee9a4ee3766aeb2747bcfff0e3b24a875a59072952b8a9142561ead,X,23,X,23,0.8887892365455627,300,1,38.72456499993859,38.72456499993859
X/ASL_X_010.jpg,898ce52195a9139cb4ff59fb80e898d9b9409bcb6a3d7cfe8e97f1a47686ada1,X,23,X,23,0.9206790328025818,300,1,37.47523200001979,37.47523200001979
X/ASL_X_011.jpg,9d4dcacad2ec2da4e3721357f70f52efbabf376f1b12796473205f5794d8833d,X,23,nothing,27,0.7634209990501404,300,0,37.08870699995259,37.08870699995259
X/ASL_X_012.jpg,20af31acc1aa3581e0558bbc9d5f4e6d5545349b064518c6efdb5b5a669f21a3,X,23,A,0,0.6319754123687744,300,0,37.27028200000859,37.27028200000859
X/ASL_X_013.jpg,c8ae83f41389b57de11d8f165ba0c96871387f16a80397b562cb84f33bed084c,X,23,X,23,0.9877011179924012,300,1,37.81323999999131,37.81323999999131
X/ASL_X_014.jpg,800ae21dcb2ed0f8d01d3a5886a915a9ec0c442d9911782b3ad4259ccbaf668b,X,23,X,23,0.9905999898910522,300,1,38.065118999952574,38.065118999952574
X/ASL_X_015.jpg,3034241759913dab92c43543325cc8a047705805251a418f424d6dd55b549ea4,X,23,X,23,0.9891541600227356,300,1,37.50422199993864,37.50422199993864
X/ASL_X_016.jpg,e31c1c94fccbb2460d06d9f7c47cac992bc6c926ce9f7857830cc3ec0250af5a,X,23,X,23,0.987354338169098,300,1,37.167644999954064,37.167644999954064
X/ASL_X_017.jpg,86f97c0ff41284c915a42b5f3741837ca78b0cb345723d10c698a3023aada972,X,23,X,23,0.926180362701416,300,1,39.25122900000133,39.25122900000133
X/ASL_X_018.jpg,fc1b12e0e60126af3aca6797c53295f0d913560211b6be3a99d57f7f5680c0a2,X,23,X,23,0.9854810833930968,300,1,36.921854999945936,36.921854999945936
X/ASL_X_019.jpg,0a9d3ff26508daab2ab0a49ef2aec1c31d67bdf6b0bf3ad69d4b1047f74bd95c,X,23,X,23,0.9886893630027772,300,1,38.22994799998014,38.22994799998014
X/ASL_X_020.jpg,2d9bb9e054fb075749d252dc85c4f6f079e280bfdfb374ee5b43e4127a389cf1,X,23,X,23,0.9511882066726683,300,1,37.509893999981614,37.509893999981614
X/ASL_X_021.png,471f8b10d6f8cdaabdccd2be5c1023a3a3b9437c543fbce97c8ce33bfdbcbda0,X,23,X,23,0.7744759917259216,300,1,45.728053000061664,45.728053000061664
X/ASL_X_022.png,1e0330e54b1e66897221da6f6346e1acde325338e609df2c3b7c5d9e62c59d01,X,23,R,17,0.9643197655677797,300,0,46.25556799999231,46.25556799999231
X/ASL_X_023.png,bdf6d3683844493c5ce5bdd6c3b22cc7d66dc8fca7a18e14ed13938dc17ab8b0,X,23,delete,26,0.978067934513092,300,0,47.87592600007429,47.87592600007429
X/ASL_X_024.png,ad25a4e9a9ae4366b28ffbb7c2b669b86d6ac83e3dd6efd4586dc9ae3c0896c6,X,23,R,17,0.9842313528060912,300,0,44.17076400000042,44.17076400000042
X/ASL_X_025.png,f6076eed9212505fe151610e72f2579a1eac2f71b8992897b559146a5cd28afe,X,23,R,17,0.9889322519302368,300,0,45.294894999983626,45.294894999983626
X/ASL_X_026.png,2977082d48db3253ab57010780387bd93472a771db17b841e71d3fe02f24c1de,X,23,W,22,0.8611634969711304,300,0,46.54626499996084,46.54626499996084
X/ASL_X_027.png,b73a1b870b9d2fd2d3dc17b4626325be1d06fd20e8f286fb617070517de68aff,X,23,N,13,0.6299744248390198,300,0,45.47364999996262,45.47364999996262
X/ASL_X_028.png,fb78f3bc2df9e2515c9ee948397571ea0f6d4f22900514f69695adec9635c795,X,23,F,5,0.9151912331581116,300,0,48.79102200004581,48.79102200004581
X/ASL_X_029.png,81098a140b110edd46692cbbc36cc0f243cdb8ea92483161d8189e9a44e97b2c,X,23,R,17,0.4555657804012298,300,0,45.46969400007583,45.46969400007583
X/ASL_X_030.png,30c9c9c457ad8d1ce19963305acde202bbb824a1d0fe5c6a8c446f7ecf3f3314,X,23,N,13,0.8144741654396057,300,0,45.77834199994868,45.77834199994868
Y/ASL_Y_001.jpg,af1cff57ccdf3b634247063f38803491cea2563a31e8f43b26b7a72cc162764d,Y,24,Y,24,0.9128534197807312,300,1,37.9015010000785,37.9015010000785
Y/ASL_Y_002.jpg,c7010209c8da4a0ed067185bde286f53cb97b78ad4ee651bf024fc886afca283,Y,24,P,15,0.9159148931503296,300,0,36.79162200000974,36.79162200000974
Y/ASL_Y_003.jpg,e8985a0147e6c6e8b4c8dcd9c862dc7efa5fcf0ac7bd963538cfd1f53319adbe,Y,24,Y,24,0.9002224802970886,300,1,37.05862499998602,37.05862499998602
Y/ASL_Y_004.jpg,147058a920f61ed888756844c96149f35fbc8ec4cbbec8cdd1f29ca1d9eb154f,Y,24,P,15,0.8364682793617249,300,0,48.60342800009221,48.60342800009221
Y/ASL_Y_005.jpg,3d02fcae521ba2352849f7c88fa6eb86827655ddbed6b39027f9c244e3cb01d0,Y,24,P,15,0.8374141454696655,300,0,37.80034199996862,37.80034199996862
Y/ASL_Y_006.jpg,27a0657fabe3d78b9f1d773da558c156d8ff6b611a5a0169b641b06329dc4d5f,Y,24,Y,24,0.9211406707763672,300,1,37.71645699998771,37.71645699998771
Y/ASL_Y_007.jpg,d9e36c29561416261db20448d6a4728a12e854cbf8cd785c837edb9a4be3dde3,Y,24,Y,24,0.9792040586471558,300,1,38.01954799996565,38.01954799996565
Y/ASL_Y_008.jpg,69d4e1c320404c98e33760cc09176c3c0040d0f07b6deb956dc5a3f1edcc1d0e,Y,24,Y,24,0.9862918257713318,300,1,37.74975199996789,37.74975199996789
Y/ASL_Y_009.jpg,4a51dcb46f8bd608fc9ee56ab3d059ac6062d001b41e0fff75115a5b9ea50871,Y,24,Y,24,0.9870582222938538,300,1,38.258926000025895,38.258926000025895
Y/ASL_Y_010.jpg,f650c5e1409e8eb0f3da27be56960485ddb7250ced3410435981d4cb86a6bbca,Y,24,Y,24,0.8385886549949646,300,1,38.42755699997724,38.42755699997724
Y/ASL_Y_011.jpg,b990afa80b6c930cfb2021a525efca24e935f4e161ae9792fb6daa392834cfde,Y,24,Y,24,0.9842221140861512,300,1,37.31902799995623,37.31902799995623
Y/ASL_Y_012.jpg,d8b14407dde9844b0669d966dfa42d52ad72edbe6929c53926cf3035a1a4d8d3,Y,24,L,11,0.857798159122467,300,0,36.79543299995203,36.79543299995203
Y/ASL_Y_013.jpg,6a2a1e81c650f2c1bb7d44731d8a91df8bb2a0a97234b40ea629676f4f0af945,Y,24,Y,24,0.9791626930236816,300,1,36.78382700002203,36.78382700002203
Y/ASL_Y_014.jpg,d6a7216d82ea6bf454722a6c58e12924eb9291a9c340145e0e7be22992f23732,Y,24,L,11,0.8651360273361206,300,0,37.17880299996068,37.17880299996068
Y/ASL_Y_015.jpg,1f9bc670f5bff1070ed614ec53515107dda7696e6d88a360e802bc307ed93be2,Y,24,Y,24,0.991565465927124,300,1,38.4493689999772,38.4493689999772
Y/ASL_Y_016.jpg,a3520968c8225656d85f4e8cd8c4675fcf4284380e0d467c0f5141fc99c1abf6,Y,24,Y,24,0.990040361881256,300,1,38.74851099999432,38.74851099999432
Y/ASL_Y_017.jpg,e7658b01ea6e300dce855a2c3acd7d8186941fb07c53ce1275e849eacdad832e,Y,24,Y,24,0.9901485443115234,300,1,38.85718899994117,38.85718899994117
Y/ASL_Y_018.jpg,b5d0ac6234a88f0d9616c0a1cd6ef2358da8f95723be8bff56aba20bd94db4e0,Y,24,Y,24,0.9894002079963684,300,1,37.22422999999253,37.22422999999253
Y/ASL_Y_019.jpg,c7d9c191bf4e49ea3083e231cf03e1e495604876a941b34574c66f9f4b941bd5,Y,24,Y,24,0.9917333126068116,300,1,39.65017500001977,39.65017500001977
Y/ASL_Y_020.jpg,f0c0b9c88137453176727265e052f3af844a3b1ff58afd6aaa5ba822200fea9a,Y,24,Y,24,0.9916808009147644,300,1,40.47494099995674,40.47494099995674
Y/ASL_Y_021.png,02ef350ff483b9dde0897a210c8bd54e4f597b83a56e601eee8d22249ae71459,Y,24,Y,24,0.988943338394165,300,1,49.06280000000152,49.06280000000152
Y/ASL_Y_022.png,622b76c46f19e95dc5d70d31ac7ac06f2e759192957e2bcbcd4905fcaac1b0cc,Y,24,Y,24,0.991637408733368,300,1,47.33504199998606,47.33504199998606
Y/ASL_Y_023.png,55efdbf563b78081098ac39807eeed380cf1969a1c4d284cc84c8e7f9aecef20,Y,24,Y,24,0.991457998752594,300,1,44.76054899998872,44.76054899998872
Y/ASL_Y_024.png,c6c7b1008fc83c1791ce64894cf6d55c17c4f79605b554a32f1c3550d624bccf,Y,24,Y,24,0.9875836968421936,300,1,45.01220800000283,45.01220800000283
Y/ASL_Y_025.png,21976db6de7d46da93c2793138f7d2692c80bff6bc16e4f0e0aa346c6bc00c65,Y,24,Y,24,0.9909194707870485,300,1,50.26263800004927,50.26263800004927
Y/ASL_Y_026.png,08a1bfff729b998af237b2c74dac6c85f8cd2f30da06a057d672ca75256198ae,Y,24,Y,24,0.986695408821106,300,1,46.50042399998711,46.50042399998711
Y/ASL_Y_027.png,97cd31d28d71a1f7ca24917f82111243043e5ecf0776fbc8f4216319c3265528,Y,24,Y,24,0.9921655654907228,300,1,50.517119999994975,50.517119999994975
Y/ASL_Y_028.png,d78e748db1a66313d2bf5eb7a4fa400fba7b63f56b2ed47e0965ee074a03626a,Y,24,Y,24,0.9348922967910768,300,1,49.58791199999269,49.58791199999269
Y/ASL_Y_029.png,fa09274ebe5679457fdcf0b43904fe83ee77a2085e2f235d406fe7c662a19f6a,Y,24,Y,24,0.9568451642990112,300,1,48.79267900003015,48.79267900003015
Y/ASL_Y_030.png,3b5c1b1324aad213bb0f13a6b08b328b01c5913f2d66bbf27f54f1a0bd308cf7,Y,24,Y,24,0.9674455523490906,300,1,49.20499800005018,49.20499800005018
Z/ASL_Z_001.jpg,0624821ed6edfaa4726f0f3d899d80c8ea7d3991f73655cdb7b73cadd5c84897,Z,25,P,15,0.9610141515731812,300,0,40.158005000080266,40.158005000080266
Z/ASL_Z_002.jpg,f17bc12e9749c7f8ea9467151c2650c6b5249de874e730a77851527d8aafb7bb,Z,25,P,15,0.9851607084274292,300,0,41.14151800001764,41.14151800001764
Z/ASL_Z_003.jpg,44aff75ca36db2dd00237138f99b1e87f6556b3e2824cf9b51cb76a8f535641f,Z,25,P,15,0.9870229959487916,300,0,38.37124200003928,38.37124200003928
Z/ASL_Z_004.jpg,2fc4b2d7cf33adeb34c3e7d9dc58628d023886113ccb948331fb028128992a6c,Z,25,P,15,0.9844025373458862,300,0,39.685894999934135,39.685894999934135
Z/ASL_Z_005.jpg,4e7c2144aa0455dc26c3983cd58122abf6d3ccb8a54e32854cfa0fd402bddcdb,Z,25,P,15,0.9072337746620178,300,0,39.62630099999842,39.62630099999842
Z/ASL_Z_006.jpg,1de9246c509d2436cdd94dd3fb58b7888655b574108aa3bc073c9e2148069a05,Z,25,P,15,0.9817746877670288,300,0,38.82757100006984,38.82757100006984
Z/ASL_Z_007.jpg,a17d12d96d44452363aa404c587e9152b22cc1cdb41c959a9a588d28f32441ad,Z,25,J,9,0.9287294149398804,300,0,38.47119300007762,38.47119300007762
Z/ASL_Z_008.jpg,dd62a835d307e7ca64882c768813b69bfe97cc21f50e9b1c7e2dc489563cffe4,Z,25,J,9,0.9572083353996276,300,0,37.179850000029546,37.179850000029546
Z/ASL_Z_009.jpg,7843f0e4d304d4497d29e592dd5a384a1389852cc22520cf233d0177b79b1e4d,Z,25,J,9,0.986443281173706,300,0,39.41994199999499,39.41994199999499
Z/ASL_Z_010.jpg,e54afd2ad4e17a7898f6d2c3ac34c02a7942a274539c852f4cf1da481f7b3d25,Z,25,J,9,0.9852478504180908,300,0,38.95453999996335,38.95453999996335
Z/ASL_Z_011.jpg,47f71b33a82b90efa3e5fbbde347a274f10a3c64d6c77d280fed41c7eced742e,Z,25,J,9,0.8235523104667664,300,0,39.27028300006441,39.27028300006441
Z/ASL_Z_012.jpg,4a6837143c315dedac889aa3bc74fa99e141da817f131b0bc416e0256d9faf26,Z,25,J,9,0.9495654106140136,300,0,39.45174699993004,39.45174699993004
Z/ASL_Z_013.jpg,c1199dd5db6fe528c9c8937a94c09e64da83f2eb3d214fb4607087daf14ef51a,Z,25,Q,16,0.8563516139984131,300,0,38.47568300000148,38.47568300000148
Z/ASL_Z_014.jpg,9be98ea485dc2634b99e69cf96d9a888a4f3382c57d977102c0304076f7086fe,Z,25,Z,25,0.9512507915496826,300,1,37.080266999964806,37.080266999964806
Z/ASL_Z_015.jpg,df024cddc26d87325dd2e82520b6675ca3e9b0e7c2abb00132195c3c9755191f,Z,25,J,9,0.9687561988830566,300,0,38.92750199997863,38.92750199997863
Z/ASL_Z_016.jpg,7df4cdbab795327e9d550e6c5bac3d71440ba1d6f034c726fa4a104e8a3ce59d,Z,25,J,9,0.9416529536247252,300,0,39.41968599997381,39.41968599997381
Z/ASL_Z_017.jpg,4deb4052ba1f950b6ef7082942ee6138a177d89ed580d0de26b2b2bdd8f6b90f,Z,25,Z,25,0.9681097269058228,300,1,37.54471799993553,37.54471799993553
Z/ASL_Z_018.jpg,5b77c3af093ebd2d5011eeac8aa2c520ff599e9c618efdf01d34743dae0761ea,Z,25,I,8,0.5337663292884827,300,0,40.401150999969104,40.401150999969104
Z/ASL_Z_019.jpg,4d8f1244403327edbd0b93ce0d883695f62b20bebdabfeb83ac4cc55381e7316,Z,25,Z,25,0.980262279510498,300,1,45.49764000000778,45.49764000000778
Z/ASL_Z_020.jpg,0d226f89d076271fed1df15fc5aa4c72532cf08916256e5a3ee2a3bda1169078,Z,25,Z,25,0.6920009851455688,300,1,41.58286200004113,41.58286200004113
Z/ASL_Z_021.png,c4ba9762020e63383fa82ac8fef4e0912dc39187a9d8dd6e3b459e93dbba09c3,Z,25,M,12,0.9787757992744446,300,0,48.03421599990543,48.03421599990543
Z/ASL_Z_022.png,810ed83803c69f117e396e57d89ac9399813f5feb3583ae0daff326938d08416,Z,25,M,12,0.970406174659729,300,0,46.97317500006193,46.97317500006193
Z/ASL_Z_023.png,68f0362c318cfa527bfbf0c07b882aa462bc0095828ec4a4960b19d58de34ae2,Z,25,delete,26,0.7848692536354065,300,0,49.46391800001493,49.46391800001493
Z/ASL_Z_024.png,20ad394336cf72738ba6f68dd975ff6f22a5c3442196a0bae1d38d34cc206b71,Z,25,B,1,0.616859495639801,300,0,47.07760700000563,47.07760700000563
Z/ASL_Z_025.png,0462795b7d12f5c25975af0764adc1c5df233afdff0b0a78d2151ed581293e0c,Z,25,space,28,0.9655093550682068,300,0,47.696866000023874,47.696866000023874
Z/ASL_Z_026.png,0de1b6a70772c2f1bf109ce6cb9d3756dfbbc135f45011ce5f031dadc9358485,Z,25,L,11,0.7971979379653931,300,0,51.99291099995662,51.99291099995662
Z/ASL_Z_027.png,4434822b21bf0ddb919bc020371f98a8cb85678c4771bc7b0ec7d64ed4129bc0,Z,25,space,28,0.7879349589347839,300,0,45.566933000031895,45.566933000031895
Z/ASL_Z_028.png,4ecade11a820d0e3f59df984683d150b50e781af0634316e68e0b0bd60e0f41e,Z,25,O,14,0.938277304172516,300,0,64.88628500005689,64.88628500005689
Z/ASL_Z_029.png,8b5268b8eb3691f67fc6056886fb3800043ea9e0ea5482079bfc5b770d6b8c63,Z,25,Z,25,0.9088106751441956,300,1,50.36194100000557,50.36194100000557
Z/ASL_Z_030.png,6003e02ad6a91601cce9f430fcb8bed43420e16524a8069cc1a83ddf645085ab,Z,25,V,21,0.6095993518829346,300,0,46.40621099997588,46.40621099997588
del/ASL_DEL_001.jpg,1f66bd14cfac50e743221356eb5389740c63ea53319df5053613a93b93de47ab,delete,26,N,13,0.8564087748527527,300,0,38.85351899998568,38.85351899998568
del/ASL_DEL_002.jpg,afcde3db73a3337a1f42057298993a798d585d924109127c58ac0782677f8f4a,delete,26,Q,16,0.9884288907051086,300,0,39.16443199989317,39.16443199989317
del/ASL_DEL_003.jpg,c62c4b903d9c1d65086e257b5993be68cdb159928c46cf1202bf803f367fa251,delete,26,Q,16,0.8838075399398804,300,0,42.9335749998927,42.9335749998927
del/ASL_DEL_004.jpg,ca952ca1df28a99342df1d8e7cff9f8731d6b031fa5f4f7a4462f5697e61c4f7,delete,26,N,13,0.9485753178596495,300,0,42.15951000003315,42.15951000003315
del/ASL_DEL_005.jpg,dd423527ef8abe4d7f5b975a684a6bc4d705db400e2d3e18b02a279f7282cc7a,delete,26,N,13,0.7744184732437134,300,0,40.11405100004595,40.11405100004595
del/ASL_DEL_006.jpg,a3c1b8730cd75780a6fad475544d99586fb3f25cb679f07323766723e07021f4,delete,26,Q,16,0.9413823485374452,300,0,38.48011799993856,38.48011799993856
del/ASL_DEL_007.jpg,8cd08310cb083123b0d37077cbc99d7969661a5804a6ac40b25d7ea0785d3c6b,delete,26,Q,16,0.9573382139205932,300,0,39.58584899999096,39.58584899999096
del/ASL_DEL_008.jpg,81cff8003662b95afb5be2ef146915f0b0aea29b407dafccb8b5f6fbaa49aa3d,delete,26,N,13,0.7472251057624817,300,0,38.980679000019336,38.980679000019336
del/ASL_DEL_009.jpg,a13c943905d9255912e52d22c34049530940616fe8a63b81df79c19db88ca628,delete,26,Q,16,0.9635582566261292,300,0,40.901394000002256,40.901394000002256
del/ASL_DEL_010.jpg,e996b474e96872217b2a620de491bc3f486f33ac02048df221a08e8e00568d2d,delete,26,delete,26,0.8980981707572937,300,1,40.79335500000525,40.79335500000525
del/ASL_DEL_011.jpg,d4935731cbcafc406b7a89cb65991ee4149bd055015374f28854d20b147cc776,delete,26,delete,26,0.8618735074996948,300,1,40.40777500006243,40.40777500006243
del/ASL_DEL_012.jpg,87ae08ba5334a668606749cdc6d45fb26b300323b49159e8b60e657a7c025623,delete,26,delete,26,0.9886966943740844,300,1,38.480462000052285,38.480462000052285
del/ASL_DEL_013.jpg,b6428b4ac846fe04fe56fbbead03b799fec9f6cf5376d7187ae25d91ebbd57e6,delete,26,nothing,27,0.8004140257835388,300,0,41.349895999928776,41.349895999928776
del/ASL_DEL_014.jpg,252c20d7207ae0dba11754ae67b49d5c8528e5da0d548cbcf6f04dfdd53b83b9,delete,26,delete,26,0.9895938634872437,300,1,41.03076299998065,41.03076299998065
del/ASL_DEL_015.jpg,a97d99161669ce498d9c09b2ce7be2e0da5cd134044f8212df19ec8347320591,delete,26,delete,26,0.9702996015548706,300,1,41.18384000003061,41.18384000003061
del/ASL_DEL_016.jpg,2081b9ffb7c50f85fc7f2bf6be42b2bf11f69d055cab161419de0ed82b2208b5,delete,26,delete,26,0.9769136309623718,300,1,39.21028299998852,39.21028299998852
del/ASL_DEL_017.jpg,b96eb1ac0a03aa1b2aafc61ca7eb5bdef9fa909a266878e41669b148ca758533,delete,26,delete,26,0.9758628606796264,300,1,39.34707600001275,39.34707600001275
del/ASL_DEL_018.jpg,57117df39ae29f1e71bd318187561f48f0ce4835564d424946e6835a878ddffa,delete,26,delete,26,0.9715296626091005,300,1,38.82694999992964,38.82694999992964
del/ASL_DEL_019.jpg,b25ab634db3a9313b5428c477b62933e3598aa89d59fe118d7bd11da0dcc4b9c,delete,26,delete,26,0.9605278968811036,300,1,41.00084699996387,41.00084699996387
del/ASL_DEL_020.jpg,f08992ccd10ab95de42de1c96ca40a572a342364568835e980dd4b6b2e2bd0b7,delete,26,delete,26,0.9888362288475036,300,1,40.17943299993476,40.17943299993476
del/ASL_DEL_021.jpg,fae36b19a46930cf49911fc38f147f9edf26e2da7d8b08bd35da2081bf40f5fa,delete,26,delete,26,0.9901947379112244,300,1,41.58000799998263,41.58000799998263
del/ASL_DEL_022.jpg,27493ef901bd8e4ed827383611951a42e2c3ea758c647e8dbda5331f9cc62579,delete,26,delete,26,0.9911640882492064,300,1,38.98633700009668,38.98633700009668
del/ASL_DEL_023.jpg,2ada6ac6075027a40f225f6206df312931d4ce612098c0661f7268e7038f1100,delete,26,delete,26,0.8576818704605103,300,1,39.60557999994308,39.60557999994308
del/ASL_DEL_024.jpg,073cf81e709bc611d8f2ad081b1959b21efbcbb7c9d1584b62efd06e6ba42561,delete,26,delete,26,0.9832363724708556,300,1,39.30962100002944,39.30962100002944
del/ASL_DEL_025.jpg,2559fde0e22b3eadecf36f08fb2d07c5a7c15871e595460a3178526addbb4ca6,delete,26,delete,26,0.9894641637802124,300,1,40.21785899999486,40.21785899999486
del/ASL_DEL_026.jpg,648a8c6f9ca6a6a021144dde299cca4a9ddd7613b1667569a53bc4884ed2f4ff,delete,26,delete,26,0.8060580492019653,300,1,40.48530400007167,40.48530400007167
del/ASL_DEL_027.jpg,14f973be3f5ee28476ab08f79c1fa1891aed7d0d3641ffee6906f026b2afdc8b,delete,26,delete,26,0.9888558983802797,300,1,39.533298000037576,39.533298000037576
del/ASL_DEL_028.jpg,1bfd1ee7855302adcc83a9bbd71491b4a0db36901ceb4a2a11fd35e048758cad,delete,26,delete,26,0.9902430176734924,300,1,40.96418000005997,40.96418000005997
del/ASL_DEL_029.jpg,4851a54ee88d57105d5b433090aa146ae2d0ff020acfcb6935f097ccb4b72509,delete,26,delete,26,0.9878780841827391,300,1,40.456191999965085,40.456191999965085
del/ASL_DEL_030.jpg,d71073d7dccece2ccf606310581bee270b8a05f0d9b35f2d00113adc845777ec,delete,26,delete,26,0.9897096753120422,300,1,40.30697500002134,40.30697500002134
nothing/ASL_NOTHING_001.jpg,bb3cbaa0609fdf120cea7f66f2b54c3164a0366327f1f4233a135181ba34be86,nothing,27,D,3,0.7816075682640076,300,0,41.56181799999104,41.56181799999104
nothing/ASL_NOTHING_002.jpg,7e428a3c400c8ac2fc229880e86e42abcb7756c27f91f4881c8665e94d395c03,nothing,27,Q,16,0.9555233120918274,300,0,39.3686649999836,39.3686649999836
nothing/ASL_NOTHING_003.jpg,0e08d1ee7fa98f502e34801e8a95c8ce6c12fe64d612f049599b2f155c2ab015,nothing,27,Q,16,0.9796239733695984,300,0,40.45090199997503,40.45090199997503
nothing/ASL_NOTHING_004.jpg,870c0bdbbf090d7facd0520d3e43576eeb299723687be1880dcfc44466ddbf05,nothing,27,Q,16,0.9761896133422852,300,0,40.68527599997651,40.68527599997651
nothing/ASL_NOTHING_005.jpg,59088f9a5a4efd5ca88d462afc3c53f62cd9c81fa876150d3d23a62786e8fe3b,nothing,27,Q,16,0.9181153774261476,300,0,40.31723100001727,40.31723100001727
nothing/ASL_NOTHING_006.jpg,fe2a972ca055f6641c2436a718d805ac29a4d814cb2d6b50679e82b5f14fbc42,nothing,27,Q,16,0.9774942994117736,300,0,39.6705269999984,39.6705269999984
nothing/ASL_NOTHING_007.jpg,7e1788aa31807c06220ca90bfb7b574fb96ea5b455f24964f85d75a1c7e22e5c,nothing,27,Q,16,0.9872927665710448,300,0,39.7929960000738,39.7929960000738
nothing/ASL_NOTHING_008.jpg,2894358b6b315d5cbddb612d448f723a272563c5f9eb8ed1c0aa787fca780087,nothing,27,Q,16,0.8840212225914001,300,0,40.43607500000235,40.43607500000235
nothing/ASL_NOTHING_009.jpg,ee6e24ae43470506ae626062179d484ad74ed5eb9d20e729c9611ec3efec7253,nothing,27,N,13,0.9911341071128844,300,0,40.58517499993286,40.58517499993286
nothing/ASL_NOTHING_010.jpg,9f6bd2848c756cb05751b5f8c8bd17c10a6200e84f5afdd3aeab9bda6dbf0143,nothing,27,delete,26,0.9612141251564026,300,0,39.39374799995221,39.39374799995221
nothing/ASL_NOTHING_011.jpg,9c881123bde5da7fd10580fb0036796d366365199ecd4bf6bd6b27bdb71fd55d,nothing,27,delete,26,0.962241530418396,300,0,39.20764899999085,39.20764899999085
nothing/ASL_NOTHING_012.jpg,7011cb378d477a919b2aa7f1c41dcbb5b3e0453a2ce59791347cd7e614af95f6,nothing,27,nothing,27,0.9531471729278564,300,1,39.26027900001827,39.26027900001827
nothing/ASL_NOTHING_013.jpg,a618c3f6ddb8f7ff2f4dd6d85516e0702251bcb55780a0611c570803af2b62e9,nothing,27,P,15,0.8789659738540649,300,0,39.359233000027416,39.359233000027416
nothing/ASL_NOTHING_014.jpg,e4ff67e886abea0e5cd14b9dd11b2f9c6748e2c733d4fef9b53d174d6aed286a,nothing,27,Q,16,0.916442334651947,300,0,43.43670700006896,43.43670700006896
nothing/ASL_NOTHING_015.jpg,6005eb4c996a366b676455a62ad97ec51915bdcf1cbe3ffbbb13d1280dbeed1a,nothing,27,F,5,0.9370937943458556,300,0,38.97019999999429,38.97019999999429
nothing/ASL_NOTHING_016.jpg,58d11862acb5c9405481cf32a284da11934dbe5d41ecbac10b956387ca2184ef,nothing,27,F,5,0.9660702347755432,300,0,42.4566380000897,42.4566380000897
nothing/ASL_NOTHING_017.jpg,a8d884fbe2beaeee6b0b96c70446253c8ea8baa663a9c8eff40c766680dffd7a,nothing,27,P,15,0.6670799255371094,300,0,39.74981600003957,39.74981600003957
nothing/ASL_NOTHING_018.jpg,07b87fda6fa827f90db9225f581d66b023e617e78e9b50a1907d2e5681b604dd,nothing,27,X,23,0.6240202188491821,300,0,39.25839700002598,39.25839700002598
nothing/ASL_NOTHING_019.jpg,1c06aca52f0f2cd94ef2a0d7ca0aea19a1e595b6a46869e9f3c671f1f1eae2c0,nothing,27,P,15,0.9405894875526428,300,0,38.92657100004726,38.92657100004726
nothing/ASL_NOTHING_020.jpg,ae30d691f176f22ef637fa93e465125d7819eb3ea487e71faa8bc6b2e8b65eef,nothing,27,nothing,27,0.9407182931900024,300,1,40.89499100007288,40.89499100007288
nothing/ASL_NOTHING_021.jpg,2f218195aa02bc2a58d0e906231e2e6b90a3157776e9633eba0c0865d3271cd1,nothing,27,Q,16,0.9162359237670898,300,0,39.82405499994002,39.82405499994002
nothing/ASL_NOTHING_022.jpg,680b3a6a8da87fbea9cbfa10ed54cc8b3785e0f8a3c0c6709c7314c6c92b21f4,nothing,27,B,1,0.6416599750518799,300,0,38.73542100006944,38.73542100006944
nothing/ASL_NOTHING_023.jpg,7e36d16c7d3ddbac9459056de3da7b7bfbcd4dea5d967d395c1cb138dd6b4fad,nothing,27,nothing,27,0.9847351312637328,300,1,39.009570000075655,39.009570000075655
nothing/ASL_NOTHING_024.jpg,a15806f2126b5cef81523a7aa63a25dbc29a2391d637d2f0331359491615c09e,nothing,27,F,5,0.8830288648605347,300,0,37.85284699995373,37.85284699995373
nothing/ASL_NOTHING_025.jpg,45035ccb7da7ca1e0d163913c5d1bab287d7cb399923a6ba4e1a0f54a89592e0,nothing,27,nothing,27,0.9682196974754332,300,1,39.87819700000728,39.87819700000728
nothing/ASL_NOTHING_026.jpg,9f56adf8069078e2b7a09f8e2dd1d1259caa8670817f16295b229ba6087613b5,nothing,27,H,7,0.714167594909668,300,0,39.100328000017726,39.100328000017726
nothing/ASL_NOTHING_027.jpg,7834f15a82d1f1d21fbdb77efb9d3278d02e68216b83c453e2ee03f0f5206256,nothing,27,nothing,27,0.9533786177635192,300,1,42.54595800000516,42.54595800000516
nothing/ASL_NOTHING_028.jpg,add65715d2818835d5fd27219b56208e048f3c612e2d0a3442baded132f192c3,nothing,27,nothing,27,0.802623450756073,300,1,40.8242280000195,40.8242280000195
nothing/ASL_NOTHING_029.jpg,197deda8b649ac9d9eec98f5626fc5c0d9ad15681ec78bbddf1b125b26e24f2f,nothing,27,nothing,27,0.9925917387008668,300,1,39.4932299999482,39.4932299999482
nothing/ASL_NOTHING_030.jpg,ba38f8eaec85587929d4715be098e72c769f46384e9055d7a56129473bfca380,nothing,27,nothing,27,0.9918515086174012,300,1,43.71481999999105,43.71481999999105
space/ASL_SPACE_001.jpg,b7ecaa2cb5a6258948cb517f51c22ca232b246a363161c13b6fa87d727527780,space,28,K,10,0.5859104990959167,300,0,41.560085000014624,41.560085000014624
space/ASL_SPACE_002.jpg,b58d96236147e80d6b4da65c33216a2c458b427a3e12c540f007e6952b0f6bfe,space,28,space,28,0.960706114768982,300,1,40.033526000001984,40.033526000001984
space/ASL_SPACE_003.jpg,56d70cf01a745ab7d45b911cee790bf1f6b87775ae668d8a3c568874d89d3f8e,space,28,Z,25,0.7794009447097778,300,0,39.96269200001734,39.96269200001734
space/ASL_SPACE_004.jpg,83bc001c241b0f23c22996f1abc09b3a0b0d60868deff770ef75330b27f3070a,space,28,Q,16,0.5406479239463806,300,0,39.72347800004172,39.72347800004172
space/ASL_SPACE_005.jpg,58425cd4bef577d9c59fc142fe310c89cef3d983803cd5d061ff61a2ffe4ded1,space,28,D,3,0.4003932178020477,300,0,42.15276799993717,42.15276799993717
space/ASL_SPACE_006.jpg,2c858fa5e53e64bda38b796e56fedc67c511c5c22a23b5919ead27d9748756c5,space,28,I,8,0.7185696959495544,300,0,39.940205999982936,39.940205999982936
space/ASL_SPACE_007.jpg,5be50bf32cfa3defdaddc9f9aef74accb58d3aec9a8438cec62caa60c6ccf1d1,space,28,space,28,0.9540835618972778,300,1,37.44420699990769,37.44420699990769
space/ASL_SPACE_008.jpg,c45b810c45ea3d914a9550c77cd56029e5297599a2e8aadb6e5ff6a6298fa01a,space,28,space,28,0.9811201691627502,300,1,37.89752700004101,37.89752700004101
space/ASL_SPACE_009.jpg,3a775d4ba0f9235b0ec28d93a6b924f6d83c63ff6af2f6aceba7004a9363929d,space,28,N,13,0.8717892169952393,300,0,39.92442300000221,39.92442300000221
space/ASL_SPACE_010.jpg,de01201a054c1f6f899a9e45d8e13f0fc0b11d54ffd35107bdf1f7aaaa3ae231,space,28,Q,16,0.8172047734260559,300,0,40.212760999907005,40.212760999907005
space/ASL_SPACE_011.jpg,a3dfd599a102f5e7e5f97d6a61b2541211f483469103b2992bd928dcf265152e,space,28,space,28,0.5619804263114929,300,1,39.25937400003932,39.25937400003932
space/ASL_SPACE_012.jpg,a947ecc6396338bcad2236216f4f8ef902e151049987672816bafe506df36596,space,28,Q,16,0.8058599233627319,300,0,39.462823999997454,39.462823999997454
space/ASL_SPACE_013.jpg,d26abd7c611fdae1af2eeae6bef7759ee3ce213b32c0ddb522500d012464423e,space,28,Q,16,0.9110228419303894,300,0,40.03046600007565,40.03046600007565
space/ASL_SPACE_014.jpg,03d2bc812b1b609353c5bf9b90e83a85835dd52643e126497e3b1217883f5d3d,space,28,I,8,0.5351702570915222,300,0,39.76212299994586,39.76212299994586
space/ASL_SPACE_015.jpg,fb9c910ed558edaf1f28c61c630898642fd0e79d30ffb0d75a996886e5c77ab7,space,28,space,28,0.9551709294319152,300,1,39.88018399991233,39.88018399991233
space/ASL_SPACE_016.jpg,611a6bd45f40408a27ba746a6775e5c262ec3988a8387943824062f4ddfcc369,space,28,space,28,0.9929593801498412,300,1,40.86195499996848,40.86195499996848
space/ASL_SPACE_017.jpg,334470904191bcf912ac789afd91304259a434e6bddb82a28f88c163932f9fb6,space,28,space,28,0.9924091100692748,300,1,38.811137999914536,38.811137999914536
space/ASL_SPACE_018.jpg,e6d29717288e5a6bc7eb1bdd81a07cae568cccf558ec452a29fcd94bcadf5034,space,28,space,28,0.99241042137146,300,1,40.93821800006481,40.93821800006481
space/ASL_SPACE_019.jpg,0dd764e13669066dec17b8171c84e039a2c66d8ca2e8d3debdd6e4bdd5b5fd8d,space,28,space,28,0.9901643395423888,300,1,40.21742899999481,40.21742899999481
space/ASL_SPACE_020.jpg,daa5b6142f70b4cd1620140645cc1a85d47ef61b2a462e6f559f4370d8c2c6af,space,28,space,28,0.991215705871582,300,1,39.82039499999246,39.82039499999246
space/ASL_SPACE_021.jpg,857782b5527cf5b821f000133a437dc00ae05ec0e7d268750d619f4501ed125c,space,28,space,28,0.9926297664642334,300,1,39.91548800001965,39.91548800001965
space/ASL_SPACE_022.jpg,d4f9f6d62fefe936dbe4bd7873236136736a952e518a1ade3ac11feab4f7e341,space,28,space,28,0.9925093650817872,300,1,38.28743300005044,38.28743300005044
space/ASL_SPACE_023.jpg,fb5378840a19ef5bc7acddb234a00cff5161b0f4f8ed3c6e0e32ea07e0779320,space,28,space,28,0.7590674161911011,300,1,38.90066700000716,38.90066700000716
space/ASL_SPACE_024.jpg,22dfaa04babb5235f823890cf6050dea5d788c6d34019fffbc733f12be6cf661,space,28,space,28,0.9476286768913268,300,1,39.30252300006032,39.30252300006032
space/ASL_SPACE_025.jpg,e2608dc71efc2164a2a25ec0357a26c7e30a7761bd1a679a64b79eb9f4fc617a,space,28,space,28,0.99251127243042,300,1,39.57355000000007,39.57355000000007
space/ASL_SPACE_026.jpg,40a10962b2fd1aee623e8cfb7a6974438eb3ef5a96da56d631f97069c59ad70a,space,28,space,28,0.9925718903541564,300,1,40.25876499997594,40.25876499997594
space/ASL_SPACE_027.jpg,362feb0a188e44256552ba58acd777853a9b72600c96365efa288d006a9024a8,space,28,space,28,0.991279661655426,300,1,38.72315899991463,38.72315899991463
space/ASL_SPACE_028.jpg,c57b3d7636f9d4ab2fd545f4ef3d4984eaa6fafc90cc4fa1f725247f84bedf13,space,28,space,28,0.9907402992248536,300,1,37.968936000083886,37.968936000083886
space/ASL_SPACE_029.jpg,6a1bf0f51b805a872ada156f66713d3eda06dc3504b9882d678a0330b596141e,space,28,space,28,0.9908273816108704,300,1,39.14916600001561,39.14916600001561
space/ASL_SPACE_030.jpg,c342fd2cc37e03d381a7762643b22be65d8a76e61475bc6162973eb896bbd15f,space,28,space,28,0.9908955693244934,300,1,40.31849400007559,40.31849400007559
