video,frame_idx,true_label,stage1_detected,pred_label,pred_conf,correct_strict,pred_label_operational,correct_operational,operational_nothing_policy_applied,localization_failure,recognition_failure,stage1_latency_ms,roi_crop_ms,preprocess_ms,model_call_ms,postprocess_ms,component_sum_e2e_ms
A.MOV,0,A,True,A,0.9959105253219604,True,A,True,False,False,False,7144.13352699998,0.0078079999639157,8.267446999980166,1220.819545999916,0.0305930000195076,8373.25892099986
A.MOV,1,A,True,A,0.9964621663093568,True,A,True,False,False,False,16.098302000017384,0.0101269999959185,0.81441299994367,42.786144999922726,0.0206490000209669,59.729635999900665
A.MOV,2,A,True,A,0.994434893131256,True,A,True,False,False,False,15.95690800002103,0.0071250000246436,0.4466560000082609,42.22840299996733,0.0196299999970506,58.65872200001832
A.MOV,3,A,True,A,0.994224727153778,True,A,True,False,False,False,15.504192000008745,0.0088589999904797,0.4799160000175106,42.63005299992528,0.0228970000080153,58.64591699995003
A.MOV,4,A,True,A,0.9884973764419556,True,A,True,False,False,False,14.527304000012007,0.0081010000485548,0.4629459999705432,42.5112860000354,0.0230520000741307,57.53268900014064
A.MOV,5,A,True,A,0.9672931432724,True,A,True,False,False,False,14.215843999977553,0.0065159999849129,0.4273319999583691,42.2507980000546,0.0222859999894353,56.92277599996487
A.MOV,6,A,True,A,0.9663292765617372,True,A,True,False,False,False,14.174013999991075,0.0080710000247563,0.4745719999164066,51.63206899999295,0.020554999991873,66.30928099991706
A.MOV,7,A,True,A,0.9833617806434632,True,A,True,False,False,False,14.517385999994303,0.0084779999269812,0.4770670000198151,43.99367899998197,0.0215799999523369,59.0181899998754
A.MOV,8,A,True,A,0.9858714938163756,True,A,True,False,False,False,14.56688499999359,0.0077230000670169,0.7555459999366576,49.23969200001466,0.01978299997063,64.58962899998255
A.MOV,9,A,True,A,0.9939014911651612,True,A,True,False,False,False,14.002902000015638,0.0075079999533045,0.5193309999640405,44.48917199999869,0.0190020000445656,59.03791499997624
A.MOV,10,A,True,A,0.9872027039527892,True,A,True,False,False,False,13.985996999991812,0.0069739999162266,0.4511329999559166,44.753626999977314,0.0199580000526111,59.21768899989388
A.MOV,11,A,True,A,0.9868285059928894,True,A,True,False,False,False,14.276258999984748,0.0133149999328452,0.7447849999380196,60.24554900000112,0.0240540000504552,75.30396199990719
A.MOV,12,A,True,A,0.9818814396858216,True,A,True,False,False,False,14.20429899999931,0.0073769999744399,0.4232559999763907,44.27763599994705,0.0215450000951022,58.93411299999229
A.MOV,13,A,True,A,0.9917395114898682,True,A,True,False,False,False,14.87058899999738,0.0084939999851485,0.4876650000369409,47.12074500002928,0.0233109999498992,62.51080399999864
A.MOV,14,A,True,A,0.9896625280380248,True,A,True,False,False,False,15.299986000002264,0.0066620000325201,0.7717180000099688,43.89896999998655,0.0195379999468059,59.996873999978106
A.MOV,15,A,True,A,0.9814606308937072,True,A,True,False,False,False,13.972996000006788,0.0072240000008605,0.7456330000650269,42.86573399997451,0.0196619999996983,57.61124900004688
A.MOV,16,A,True,A,0.98139488697052,True,A,True,False,False,False,14.170427999999902,0.0069120000034672,0.444503000039731,42.72839100008241,0.019357000041964,57.36959100016748
A.MOV,17,A,True,A,0.9892461895942688,True,A,True,False,False,False,14.130785000020296,0.0241129999949407,0.7793940000055954,43.76953799999228,0.0208370000791546,58.72466700009227
A.MOV,18,A,True,A,0.9906849265098572,True,A,True,False,False,False,14.422365000001491,0.0060700000403812,0.7581639999898471,43.71298000000934,0.0221069999497558,58.921685999990814
A.MOV,19,A,True,A,0.992088258266449,True,A,True,False,False,False,14.28898600002526,0.0148799999806215,0.7980569999972431,44.29644499998631,0.0212930000316191,59.41966100002105
A.MOV,20,A,True,A,0.9919597506523132,True,A,True,False,False,False,14.052356999997071,0.0085320000380306,0.8104219999722773,44.61639899989223,0.0207309999495919,59.5084409998492
A.MOV,21,A,True,A,0.9917448163032532,True,A,True,False,False,False,14.350505000010116,0.0099550001095849,0.4405219999625842,44.93175799996152,0.0251709999474769,59.75791099999128
A.MOV,22,A,True,A,0.9940630793571472,True,A,True,False,False,False,14.079447999989725,0.0074980000590585,0.4332070000145904,43.71502700007568,0.0213300000950766,58.25651000023413
A.MOV,23,A,True,A,0.956305742263794,True,A,True,False,False,False,14.526770999992776,0.007607999918946,0.4364569999779633,43.75963799998317,0.0201569999944695,58.750630999867326
A.MOV,24,A,True,nothing,0.9165377616882324,False,nothing,False,False,False,True,14.37599400000522,0.0064750000774438,0.4761669999879814,43.71244099991145,0.0213499999972555,58.59242699997935
A.MOV,25,A,True,nothing,0.9112312197685242,False,nothing,False,False,False,True,14.330749000009746,0.0082800000882343,0.5707949999305129,45.40523800005758,0.0194420000525497,60.33450400013862
A.MOV,26,A,True,A,0.5032018423080444,True,A,True,False,False,False,14.285774000001084,0.0074330000643385,0.4525020000301083,42.67262000007577,0.0257540000347944,57.44408300020609
A.MOV,27,A,True,A,0.8052237629890442,True,A,True,False,False,False,14.42969199999311,0.0081670000326994,0.5663010000489521,42.94586200001049,0.0189649999811081,57.96898700006636
A.MOV,28,A,True,A,0.8619218468666077,True,A,True,False,False,False,14.352408999997124,0.0065799999902083,0.5333719999498499,43.19078999992598,0.0200109999468622,58.10316199981003
A.MOV,29,A,True,A,0.8679353594779968,True,A,True,False,False,False,14.35804300001564,0.0080859999798121,0.4816220000520843,43.35007199995289,0.0215320000052088,58.21935500000564
A.MOV,30,A,True,A,0.9182258248329164,True,A,True,False,False,False,14.120252999987317,0.0078790000088702,0.4760179999721003,42.93498599997747,0.0220690000105605,57.56120499995632
A.MOV,31,A,True,A,0.9100568294525146,True,A,True,False,False,False,13.97682800001121,0.0078690000009373,0.4671729999472518,43.44133099993997,0.0196820000155639,57.91288299991493
A.MOV,32,A,True,A,0.9564537405967712,True,A,True,False,False,False,13.955295000016577,0.0076110000009066,0.4672979999895688,43.67026299996724,0.020769000002474,58.12123599997676
A.MOV,33,A,True,nothing,0.736365556716919,False,nothing,False,False,False,True,14.220359999995935,0.0067819999003404,0.4505670000298778,42.58352199997262,0.0213419999681718,57.28257299986694
A.MOV,34,A,True,nothing,0.996691107749939,False,nothing,False,False,False,True,14.092629000003852,0.0074760000643436,0.5074489999969956,43.2135459999472,0.0212780000765633,57.84237800008896
A.MOV,35,A,True,nothing,0.9966235160827636,False,nothing,False,False,False,True,14.271559000007985,0.00859399995079,0.7754140000315601,44.0342749999445,0.0206500000103915,59.110491999945225
A.MOV,36,A,True,nothing,0.9928910732269288,False,nothing,False,False,False,True,13.950584000014032,0.0079669999877296,0.4409559999203338,43.91426799998044,0.0207730000738592,58.3345479999764
A.MOV,37,A,True,A,0.8993925452232361,True,A,True,False,False,False,13.989836999996896,0.0094240000407808,0.7949910000206728,44.056508000039685,0.0421800000367511,58.89294000013479
A.MOV,38,A,True,A,0.9996101260185242,True,A,True,False,False,False,14.069365000011658,0.0081130000353368,0.8256520000031742,45.13859300004697,0.024299999950017,60.06602300004715
A.MOV,39,A,True,A,0.9999151229858398,True,A,True,False,False,False,14.201237999998284,0.1340100000106758,0.5500190000020666,45.89832200008459,0.0236150000318957,60.80720400012751
A.MOV,40,A,True,A,0.999879002571106,True,A,True,False,False,False,13.88012099999969,0.0079249999771491,0.452820000077736,46.01858599994557,0.0224169999682999,60.38186899996845
A.MOV,41,A,True,A,0.9998148083686828,True,A,True,False,False,False,13.94836400001509,0.0078440000379487,0.4826910000019779,45.57932799991704,0.0220599999920523,60.04028699996411
A.MOV,42,A,True,A,0.9995867609977722,True,A,True,False,False,False,13.986692999992556,0.0061510000932685,0.4179350000867998,43.18494400001782,0.0236700000186829,57.61939300020913
A.MOV,43,A,True,A,0.9985783100128174,True,A,True,False,False,False,14.040856999997686,0.0071350000325764,0.4575020000174845,44.92867399994793,0.0230380001084995,59.45720600010418
A.MOV,44,A,True,A,0.996599018573761,True,A,True,False,False,False,14.007644000002983,0.0070020000748627,0.8222940000450762,48.0891930000098,0.0236070000028121,62.949740000135535
A.MOV,45,A,True,A,0.998635709285736,True,A,True,False,False,False,14.039785000022675,0.0187279999863676,0.7580269999607481,42.49995899999704,0.0180680000312349,57.33456699999806
A.MOV,46,A,True,A,0.9988306164741516,True,A,True,False,False,False,14.01190300001076,0.0084380000089367,0.4313700000011522,42.62757599997258,0.0198069999441941,57.09909399993762
A.MOV,47,A,True,A,0.9994433522224426,True,A,True,False,False,False,13.990742000004277,0.0075839999453819,0.7630869999957213,43.189863000066,0.0211890001082792,57.972465000119655
A.MOV,48,A,True,A,0.9948063492774964,True,A,True,False,False,False,14.029274000023406,0.0086850000116101,0.4614980000496871,43.97862799999075,0.0212110001029941,58.49929600017845
A.MOV,49,A,True,A,0.9841209053993224,True,A,True,False,False,False,14.128112999998166,0.0069330000087575,0.4362629999832279,43.81970499991894,0.021105999962856,58.41211999987195
A.MOV,50,A,True,A,0.9374241232872008,True,A,True,False,False,False,14.260758000006035,0.006902999984959,0.7242010000254595,43.34058199992796,0.019866999991791,58.35231099993621
A.MOV,51,A,True,A,0.8342462778091431,True,A,True,False,False,False,14.066143999997394,0.0093130000777819,0.8297010000433147,44.38738099997863,0.0235400000292429,59.316079000126365
A.MOV,52,A,True,A,0.8941792249679565,True,A,True,False,False,False,14.095168000011428,0.0076699999453921,0.5458900000121503,43.58659800004716,0.0208000000156971,58.25612600003183
A.MOV,53,A,True,A,0.9750469923019408,True,A,True,False,False,False,14.026381999997284,0.0083730000142168,0.789287999964472,44.63439500000277,0.0233660000503732,59.48180400002912
A.MOV,54,A,True,A,0.9556829929351808,True,A,True,False,False,False,13.995485000009468,0.0190309999652527,0.7933560000310536,42.95060699996611,0.0195199999097894,57.77799899988168
A.MOV,55,A,True,A,0.9833936095237732,True,A,True,False,False,False,14.106100999981663,0.0072299999374081,0.7017810000888858,42.798157000106585,0.0195040000789958,57.63277300019354
A.MOV,56,A,True,A,0.9787477254867554,True,A,True,False,False,False,13.924948000010318,0.0060329999769237,0.737803999982134,41.88372399994478,0.0196610000102737,56.57216999992443
A.MOV,57,A,True,A,0.9853277802467346,True,A,True,False,False,False,13.979936999987784,0.0082340000062686,0.8311830000593545,43.529677000037736,0.0196690000393573,58.3687000001305
A.MOV,58,A,True,A,0.9770415425300598,True,A,True,False,False,False,14.181817999997293,0.0062979999029266,0.7775290000608948,42.6144990000239,0.0196539999706146,57.599797999955626
A.MOV,59,A,True,A,0.980854868888855,True,A,True,False,False,False,14.182247999997344,0.0068289999717308,0.7515870000815994,43.00763900005222,0.0201599999627433,57.96846300006564
A.MOV,60,A,True,A,0.978182315826416,True,A,True,False,False,False,14.36196800000289,0.0070559999585384,0.7908860000043205,45.00148099998569,0.019573999907152,60.18096499985859
A.MOV,61,A,True,A,0.9868430495262146,True,A,True,False,False,False,14.242358999979388,0.0065859999267559,0.8209029999761697,43.425276999983,0.0220759999365327,58.51720099980184
A.MOV,62,A,True,A,0.980435848236084,True,A,True,False,False,False,13.943437999984098,0.0069740000299134,0.7205910000038784,42.87839899996016,0.0225699999418793,57.57197199991992
A.MOV,63,A,True,A,0.98692387342453,True,A,True,False,False,False,14.090604000017493,0.0068589999955293,0.7568769999579672,42.796359000021766,0.0217280000924802,57.67242700008524
A.MOV,64,A,True,A,0.9744205474853516,True,A,True,False,False,False,13.942237999998495,0.0061619999769391,0.7374600000957798,42.45182800002567,0.018378000049779,57.156066000146666
A.MOV,65,A,True,A,0.9894503951072692,True,A,True,False,False,False,14.046654000026138,0.0069989999929021,0.5146240000613034,43.2728790000283,0.0189739999996163,57.860130000108256
A.MOV,66,A,True,A,0.993244469165802,True,A,True,False,False,False,14.33387299999822,0.0060280000298007,0.7597030000852101,43.028101000004426,0.0185650000048553,58.14627000012251
A.MOV,67,A,True,A,0.9926068782806396,True,A,True,False,False,False,14.01834399999302,0.0070719999030188,0.762863999966612,43.51697499998863,0.0213939999866852,58.32664899983797
A.MOV,68,A,True,A,0.9917287230491638,True,A,True,False,False,False,13.97672899997815,0.0080449999586562,0.757853999971303,44.409857000005104,0.0203659999442606,59.172850999857474
A.MOV,69,A,True,A,0.992460072040558,True,A,True,False,False,False,14.14442799998028,0.0078250000115076,0.8762620000197785,43.54326099996797,0.0202350000790829,58.59201100005862
A.MOV,70,A,True,A,0.9939362406730652,True,A,True,False,False,False,14.00009299999283,0.0079050000749703,0.7831730000589232,43.87312899996232,0.0199959999918064,58.68429600008085
A.MOV,71,A,True,A,0.992944061756134,True,A,True,False,False,False,14.003196000004436,0.0061389999927996,0.4804129999911311,42.86669700002221,0.0206660000685587,57.37711100007914
A.MOV,72,A,True,A,0.988968312740326,True,A,True,False,False,False,14.864504000001943,0.007456000048478,0.7950789999995322,43.52890600000592,0.0265459999582162,59.22249100001409
A.MOV,73,A,True,A,0.9939654469490052,True,A,True,False,False,False,15.906712000003154,0.0101339999218907,0.7962939999970331,43.21815699995568,0.0266949999740973,59.957991999851856
A.MOV,74,A,True,A,0.992716908454895,True,A,True,False,False,False,14.05501900001127,0.0070319999849743,0.7869519999985641,43.38535100009722,0.0201240000023972,58.25447800009442
A.MOV,75,A,True,A,0.9899550676345824,True,A,True,False,False,False,14.0185269999904,0.0090629999931479,0.5096080000157599,43.97967599993535,0.0210230000448063,58.537896999979466
A.MOV,76,A,True,A,0.9907613396644592,True,A,True,False,False,False,13.853087000001096,0.0080019999586511,0.5175470000722271,42.87446299997555,0.0215840000237221,57.274683000031246
A.MOV,77,A,True,A,0.9936769604682922,True,A,True,False,False,False,14.0278789999968,0.0089409999191047,0.5257359999859545,42.9942690000189,0.0213680000342719,57.57819299995504
A.MOV,78,A,True,A,0.9938388466835022,True,A,True,False,False,False,13.958652000013672,0.008298000011564,0.4614329999412803,44.2511909999439,0.0217399999655754,58.70131399987599
A.MOV,79,A,True,A,0.9947408437728882,True,A,True,False,False,False,13.995991000001595,0.0095410000540141,0.4712249999556661,44.535196999959226,0.0215899999602697,59.03354399993077
A.MOV,80,A,True,A,0.9924538731575012,True,A,True,False,False,False,13.93857300001855,0.0091300000804039,0.47673799997483,43.7044689999766,0.0211169999602134,58.1500270000106
A.MOV,81,A,True,A,0.992956519126892,True,A,True,False,False,False,14.104720000005956,0.0071780000325816,0.7987170000660626,44.54457700001058,0.0216579999232635,59.47685000003844
A.MOV,82,A,True,A,0.9939582347869872,True,A,True,False,False,False,14.068928999989794,0.0071540000590175,0.7738929999732136,43.20630500001244,0.0205079999204826,58.07678899995494
A.MOV,83,A,True,A,0.9929817914962769,True,A,True,False,False,False,13.980708999980608,0.0072919999638543,0.4607030000443046,45.9493509999902,0.020364999954836,60.4184199999338
A.MOV,84,A,True,A,0.9944102168083192,True,A,True,False,False,False,13.889198000015313,0.0069120000034672,0.7807639999555249,44.81949799992435,0.0200220000579065,59.51639399995656
A.MOV,85,A,True,A,0.994714081287384,True,A,True,False,False,False,14.10440600000129,0.0065270000959571,0.4765689999430833,42.96633199999178,0.0214269999787575,57.57526100001087
A.MOV,86,A,True,A,0.9932998418807985,True,A,True,False,False,False,13.975676000001158,0.0069300000404837,0.469781999981933,43.18904100000509,0.0208870000051319,57.6623160000338
A.MOV,87,A,True,A,0.9935410022735596,True,A,True,False,False,False,14.0062640000167,0.0074589999030649,0.7687680000572072,43.44851700000163,0.0205940000341797,58.25160200001278
A.MOV,88,A,True,A,0.9931961297988892,True,A,True,False,False,False,13.96488800000384,0.0067810000246026,0.8433299999524024,47.09703300000001,0.0197809999917808,61.93181299997264
A.MOV,89,A,True,A,0.9922192096710204,True,A,True,False,False,False,13.95907200000579,0.0105999999959749,0.5902679999962857,45.1752999999826,0.0191619999441172,59.75440199992477
A.MOV,90,A,True,A,0.9895755052566528,True,A,True,False,False,False,14.419126000007054,0.0071829999797046,0.7610030000932966,44.19762500003799,0.0193349999335623,59.404272000051606
A.MOV,91,A,True,A,0.993852972984314,True,A,True,False,False,False,14.233507000000143,0.0075859999242311,0.779161999957978,43.84502200002771,0.0196189999996931,58.88489599990976
A.MOV,92,A,True,A,0.9903692603111268,True,A,True,False,False,False,14.103038000001789,0.0056530000165366,0.4565630000570309,44.24455399998806,0.0211729999364251,58.83098099999984
A.MOV,93,A,True,A,0.9939870834350586,True,A,True,False,False,False,13.972064999990153,0.0064729999849078,0.7954349999863553,43.56570199990984,0.0243429999500222,58.36401799982127
A.MOV,94,A,True,A,0.9927721619606018,True,A,True,False,False,False,14.01400400001762,0.0074749999612322,0.4910650000056193,43.83555099991554,0.0207599999839658,58.36885499988398
A.MOV,95,A,True,A,0.994203507900238,True,A,True,False,False,False,13.986506999998484,0.0072529999215475,0.4813230000308977,43.81004700007907,0.0230089999604388,58.30813899999043
A.MOV,96,A,True,A,0.9930777549743652,True,A,True,False,False,False,14.034528999985696,0.0065579999954934,0.4806099999541402,43.43413099991267,0.0224230000185343,57.97825099986653
A.MOV,97,A,True,A,0.994115114212036,True,A,True,False,False,False,14.05412299999398,0.0068649999320768,0.4602330000125221,43.746071999976266,0.0236019999420022,58.290894999856846
A.MOV,98,A,True,A,0.9942891597747804,True,A,True,False,False,False,14.084702000019432,0.0073219999876528,0.4559029999882114,42.70605900001101,0.0240269999949305,57.27801300000124
A.MOV,99,A,True,A,0.9936827421188354,True,A,True,False,False,False,13.93696299999192,0.0070380000352088,0.4591379999965284,42.79062499995234,0.0214049999840426,57.21516899996004
A.MOV,100,A,True,A,0.9936071634292604,True,A,True,False,False,False,13.948510999995278,0.006703000053676,0.4793939999672147,44.80673700004445,0.0233150000212845,59.2646600000819
A.MOV,101,A,True,A,0.9940946698188782,True,A,True,False,False,False,14.436681999995926,0.0075890000061917,0.4564799999116076,43.188879000013,0.0219999999444553,58.111629999871184
A.MOV,102,A,True,A,0.9919946193695068,True,A,True,False,False,False,14.18450299999563,0.0067290000060893,0.4932950000693381,43.39469399997142,0.0225349999709578,58.10175600001344
A.MOV,103,A,True,A,0.9915906190872192,True,A,True,False,False,False,14.102432000015597,0.00705200000084,0.4973179999296917,43.44812099998308,0.0219750000951535,58.07689800002436
A.MOV,104,A,True,A,0.991158664226532,True,A,True,False,False,False,13.970923000016455,0.0253409999686482,0.4517899999427754,43.465148999985104,0.0218929999391548,57.93509599985214
A.MOV,105,A,True,A,0.9933239817619324,True,A,True,False,False,False,14.263470999992478,0.0060909999319846,0.4605950000495795,42.67078700002003,0.022532000002684,57.423475999996754
A.MOV,106,A,True,A,0.9921865463256836,True,A,True,False,False,False,14.386080000008404,0.0064249999240928,0.735050000002957,43.86994900005448,0.0181999999995241,59.015703999989455
A.MOV,107,A,True,A,0.9914174675941468,True,A,True,False,False,False,13.80692099999692,0.0062139999954524,0.80921500000386,43.16379800002324,0.0176029999465754,57.80375099996604
A.MOV,108,A,True,A,0.9905216693878174,True,A,True,False,False,False,13.813838999993775,0.0059720000535889,0.7390349999241153,44.333717999961664,0.0196849999838377,58.91224899991698
A.MOV,109,A,True,A,0.9938420057296752,True,A,True,False,False,False,14.151961999999685,0.0071539999453307,0.4952769999135853,43.06283699997948,0.0194169999758742,57.73664699981396
A.MOV,110,A,True,A,0.9952629804611206,True,A,True,False,False,False,14.153054000018985,0.0074399999903107,0.4558420000648766,43.48099300000285,0.0210179999839965,58.11834700006102
A.MOV,111,A,True,A,0.9937094449996948,True,A,True,False,False,False,13.839458999996168,0.0304919999507546,0.4475839999713571,43.64083200005098,0.0214320000395673,57.979799000008825
A.MOV,112,A,True,A,0.9945726990699768,True,A,True,False,False,False,14.154198999989376,0.0063080000245463,0.5058839999492193,42.86392799997429,0.0195829999256602,57.549901999863096
A.MOV,113,A,True,A,0.993672490119934,True,A,True,False,False,False,14.18023799999446,0.0074600000061764,0.4578680000122404,43.6241779999591,0.0196710000182065,58.289414999990186
A.MOV,114,A,True,A,0.99406498670578,True,A,True,False,False,False,14.116662000020597,0.0070959999902697,0.7335469999816269,43.37630599991371,0.0198319999071827,58.25344299981339
A.MOV,115,A,True,A,0.9921592473983764,True,A,True,False,False,False,14.076208000005863,0.0072389999559163,0.5148189999317765,43.62073499999042,0.0200339999310017,58.239034999814976
A.MOV,116,A,True,A,0.9861481189727784,True,A,True,False,False,False,14.196259000016198,0.0092049999693699,0.6188459999521001,47.22549300004175,0.0196029999415259,62.06940599992095
A.MOV,117,A,True,A,0.991434633731842,True,A,True,False,False,False,14.095702000020085,0.0074769999400814,0.4859739999574231,47.69949100000304,0.0229439999657188,62.31158799988634
A.MOV,118,A,True,A,0.9879798889160156,True,A,True,False,False,False,14.350267999986954,0.0086969999983921,0.9476160000758682,50.25976100000662,0.0220610000951637,65.588403000163
A.MOV,119,A,True,A,0.9881105422973632,True,A,True,False,False,False,14.187956999990092,0.0076160000617164,0.4677760000504349,43.74131999998099,0.0226250000423533,58.42729400012559
A.MOV,120,A,True,A,0.9880792498588562,True,A,True,False,False,False,14.399988999997504,0.0080279999110643,0.7531670000844315,43.29634999999144,0.0224189999471491,58.479952999931584
A.MOV,121,A,True,A,0.9907302260398864,True,A,True,False,False,False,14.785743999993883,0.0066850000166596,0.5262990000574064,44.009688000073766,0.0209149999363944,59.34933100007811
A.MOV,122,A,True,A,0.9909600019454956,True,A,True,False,False,False,14.151698999995688,0.0063920000457073,0.4779920000146376,43.2829110000057,0.0206640000897095,57.93965800015144
A.MOV,123,A,True,A,0.9928203225135804,True,A,True,False,False,False,14.16318299999375,0.0068129999135635,0.5126559999553137,43.6337479999338,0.0202439999839043,58.336643999780335
A.MOV,124,A,True,A,0.9912621974945068,True,A,True,False,False,False,14.14074100000562,0.006546999998136,0.5057439999518465,44.58548399998108,0.0216860000818996,59.26020200001858
A.MOV,125,A,True,A,0.9925280809402466,True,A,True,False,False,False,14.107905999992454,0.0073269999347758,0.52531899996211,44.03362999994442,0.0194780000128957,58.69365999984666
A.MOV,126,A,True,A,0.9897556900978088,True,A,True,False,False,False,14.58096999999725,0.008237999963967,0.77769699998953,44.60182800005441,0.0191830000630943,59.98791600006825
A.MOV,127,A,True,A,0.9926145076751708,True,A,True,False,False,False,15.260764999993626,0.0071749999506209,0.7561209999948915,43.45231699994656,0.0201970000262008,59.4965749999119
A.MOV,128,A,True,A,0.9900814890861512,True,A,True,False,False,False,14.216046999990796,0.0064360000351371,0.794014000007337,44.83943900004306,0.0189319999890358,59.87486800006536
A.MOV,129,A,True,A,0.9929404258728028,True,A,True,False,False,False,14.015882999984797,0.0055739999424986,0.783601999955863,44.33363199996165,0.0193329999547131,59.158023999799525
A.MOV,130,A,True,A,0.9895233511924744,True,A,True,False,False,False,14.100611000003482,0.0056340001037824,0.7912580000493108,44.40686600003119,0.0188609999440814,59.32323000013184
A.MOV,131,A,True,A,0.987631857395172,True,A,True,False,False,False,14.072462999990876,0.0057880000667864,0.7901779999883729,45.60694899998907,0.0190929999916988,60.494471000026806
A.MOV,132,A,True,A,0.9893997311592102,True,A,True,False,False,False,13.904515000007224,0.0054569999292652,0.7507410000471282,44.47414900005242,0.0336699999934353,59.16853200002947
B.MOV,0,B,True,nothing,0.5333113670349121,False,nothing,False,False,False,True,14.956157999989728,0.0092739999217883,1.0344209999857412,44.37225900005615,0.0239580000425121,60.39606999999592
B.MOV,1,B,True,nothing,0.5444163680076599,False,nothing,False,False,False,True,14.261004000019284,0.0070360000563596,0.8498949999875549,44.31897200004187,0.0257610000744534,59.46266800017952
B.MOV,2,B,True,nothing,0.5801356434822083,False,nothing,False,False,False,True,13.993687999999338,0.0067349999426369,0.8952729999691655,43.985304999978325,0.0233960000741717,58.90439699996364
B.MOV,3,B,True,nothing,0.6531446576118469,False,nothing,False,False,False,True,14.08167400001048,0.0062599999637313,0.8208880000211138,44.86491900001965,0.0224190000608359,59.796160000075815
B.MOV,4,B,True,nothing,0.70955890417099,False,nothing,False,False,False,True,14.365225999995346,0.0064079999901878,0.8417399999416375,43.88725600006183,0.0222969999867927,59.12292699997579
B.MOV,5,B,True,nothing,0.9075726866722108,False,nothing,False,False,False,True,14.067898999996942,0.0065740000536607,0.6523770000512741,44.25692999996045,0.0240260000055059,59.00780600006783
B.MOV,6,B,True,nothing,0.9481788277626038,False,nothing,False,False,False,True,13.86043200000131,0.027392999982112,0.880571000038799,44.52670599994235,0.0209009999707632,59.316002999935336
B.MOV,7,B,True,nothing,0.9251658916473388,False,nothing,False,False,False,True,14.0244179999911,0.0079959999084167,0.6010289999949237,44.20047499991142,0.0228850000212332,58.856802999827096
B.MOV,8,B,True,nothing,0.8549014925956726,False,nothing,False,False,False,True,14.037126999994598,0.0090600000248741,0.8509680000088338,44.3483719999449,0.0235699999393546,59.26909699991256
B.MOV,9,B,True,nothing,0.6123796701431274,False,nothing,False,False,False,True,14.274199999988468,0.0088980000327865,0.8553860000120039,45.082419999971535,0.0237599999763915,60.24466399998119
B.MOV,10,B,True,nothing,0.4992845058441162,False,nothing,False,False,False,True,14.003994000006514,0.0082159999692521,0.8615869999175629,45.20350900008907,0.0239849999843499,60.10129099996675
B.MOV,11,B,True,A,0.5147679448127747,False,A,False,False,False,True,14.030453999993142,0.0090130000671706,0.8856040000182475,46.25519699993674,0.0247030000082304,61.204971000023534
B.MOV,12,B,True,A,0.5602914690971375,False,A,False,False,False,True,13.942279999980656,0.0081970000564979,0.9204499999668768,43.5905740000635,0.0235950000160301,58.48509600008356
B.MOV,13,B,True,A,0.5803869962692261,False,A,False,False,False,True,13.993980999998712,0.0095569999984945,0.8775329999934911,43.68111600001612,0.0252689999342692,58.587455999941085
B.MOV,14,B,True,A,0.5914195775985718,False,A,False,False,False,True,14.018292999992354,0.0142159999541036,0.8294890000115629,43.44271000002209,0.0232090000054085,58.32791699998552
B.MOV,15,B,True,A,0.5583266615867615,False,A,False,False,False,True,13.899204000011878,0.007775999961268,0.8760440000514791,43.2888869999033,0.0242700000399054,58.09618099996783
B.MOV,16,B,True,A,0.5227329134941101,False,A,False,False,False,True,14.14607999998907,0.0073160000511052,0.8641580000130489,44.65614499997628,0.023102000000108,59.69680100002961
B.MOV,17,B,True,nothing,0.4468229711055755,False,nothing,False,False,False,True,14.09339600002113,0.0062190000562623,0.85189599997193,45.82570200000191,0.0240279999843551,60.80124100003559
B.MOV,18,B,True,nothing,0.478032112121582,False,nothing,False,False,False,True,14.0147259999992,0.0070600000299236,0.849918999961119,43.94821000005322,0.0254930000664899,58.84540800010996
B.MOV,19,B,True,nothing,0.6089614033699036,False,nothing,False,False,False,True,13.912235999981704,0.0088220000407091,0.9253719999833264,48.5499600000594,0.0275230000852388,63.42391300015038
B.MOV,20,B,True,nothing,0.569983959197998,False,nothing,False,False,False,True,14.108813999996528,0.0091050000037284,0.7894430000305874,43.14683900008731,0.0208899999734057,58.07509100009156
B.MOV,21,B,True,nothing,0.7291467189788818,False,nothing,False,False,False,True,14.263636000009685,0.0240989999156227,0.532363999923291,42.91115600005924,0.0205710000500403,57.75182599995787
B.MOV,22,B,True,nothing,0.6004613041877747,False,nothing,False,False,False,True,13.999595000001364,0.0065130000166391,0.5858410000882941,45.91344000004938,0.0217450000263852,60.52713400018206
B.MOV,23,B,True,nothing,0.623279869556427,False,nothing,False,False,False,True,13.964607000019669,0.0106370000594324,0.65046000008806,49.440835999917,0.0231609999445936,64.08970100002875
B.MOV,24,B,True,nothing,0.6967675685882568,False,nothing,False,False,False,True,14.678254000017432,0.0086860000010347,0.8402189999969778,43.57711799991648,0.0223779999259932,59.12665499985792
B.MOV,25,B,True,nothing,0.6613143682479858,False,nothing,False,False,False,True,13.992417000025624,0.0065240000139965,0.8490899999742396,42.80583500008106,0.0225779999709629,57.676444000065885
B.MOV,26,B,True,nothing,0.6959441900253296,False,nothing,False,False,False,True,13.964685000019015,0.0065089999452538,0.8225840000477547,44.32951100000082,0.0235119999842936,59.14680099999714
B.MOV,27,B,True,nothing,0.7706099152565002,False,nothing,False,False,False,True,14.580857999987984,0.0088489999825469,0.8591570000362481,43.87779300009242,0.0216739999814308,59.34833100008064
B.MOV,28,B,True,nothing,0.7632232308387756,False,nothing,False,False,False,True,14.450285999998869,0.0083520000089265,0.861298000017996,43.53425500005415,0.0228379999498429,58.87702900002978
B.MOV,29,B,True,nothing,0.7725982069969177,False,nothing,False,False,False,True,14.347237999999152,0.0088450000248485,0.8220400000027439,43.15868200001205,0.0225799999498121,58.359384999988606
B.MOV,30,B,True,nothing,0.8643407821655273,False,nothing,False,False,False,True,14.605114000005416,0.0070410000034826,0.8576410000387114,43.29199000005701,0.0192559999732111,58.78104200007783
B.MOV,31,B,True,nothing,0.7750986814498901,False,nothing,False,False,False,True,14.539818999992349,0.0081850000697158,0.9398379999083772,44.4006459999855,0.0241030001006947,59.91259100005664
B.MOV,32,B,True,nothing,0.8255169987678528,False,nothing,False,False,False,True,14.00838299997531,0.0067529999796533,0.8224770000424542,43.14599299993915,0.0227860000450164,58.00639199998159
B.MOV,33,B,True,nothing,0.8506987690925598,False,nothing,False,False,False,True,13.919640000011668,0.0077239999427547,0.8507649999955902,43.6342620000687,0.0202740000077028,58.43266500002642
B.MOV,34,B,True,nothing,0.8891106843948364,False,nothing,False,False,False,True,13.878741000013406,0.0072079999426932,0.8747639999455714,43.70453100000304,0.0202670000817306,58.485510999986445
B.MOV,35,B,True,nothing,0.8336770534515381,False,nothing,False,False,False,True,13.922918999980991,0.0236500000028172,0.8598800000072515,43.04426599992439,0.0196659999573967,57.87038099987285
B.MOV,36,B,True,nothing,0.8029558062553406,False,nothing,False,False,False,True,14.098955999997996,0.0062159999743016,0.8717480000086653,42.272698000033415,0.0236040000345383,57.27322200004892
B.MOV,37,B,True,A,0.5871812105178833,False,A,False,False,False,True,13.947575999992525,0.0062130000060278,0.5194409999376148,44.12371700004769,0.0228180000476641,58.61976500003152
B.MOV,38,B,True,A,0.5266502499580383,False,A,False,False,False,True,14.134855999998308,0.0067469999294189,0.8624009999493865,42.47119299998303,0.0219790000528519,57.497175999913
B.MOV,39,B,True,A,0.556477427482605,False,A,False,False,False,True,14.31726499998831,0.0071220000563698,0.9108560000186116,43.552607000037824,0.0224420000449754,58.81029200014609
B.MOV,40,B,True,nothing,0.5729908347129822,False,nothing,False,False,False,True,13.991199000003007,0.0102160000778894,0.9770120000212046,43.56474999997317,0.022964999971009,58.56614200004629
B.MOV,41,B,True,nothing,0.575843334197998,False,nothing,False,False,False,True,14.228005999996183,0.0067099999796482,0.8637739999812766,42.68592900007207,0.0217929999735133,57.80621200000269
B.MOV,42,B,True,nothing,0.5704523921012878,False,nothing,False,False,False,True,14.08473399999366,0.0062789999901724,0.8167680000497057,43.644507999943016,0.0223980000555457,58.5746870000321
B.MOV,43,B,True,A,0.5513869524002075,False,A,False,False,False,True,14.663140999999769,0.0073530000008759,0.8296589999190473,43.94084000000476,0.0200480000103198,59.46104099993477
B.MOV,44,B,True,A,0.5310748815536499,False,A,False,False,False,True,14.079503999994358,0.0129860000015469,0.8324069999616768,42.98803200003931,0.0236170000107449,57.93654600000764
B.MOV,45,B,True,A,0.6125864386558533,False,A,False,False,False,True,14.165143000013812,0.0079120000009424,0.9239369999249902,44.75532100002511,0.0229680000529697,59.87528100001782
B.MOV,46,B,True,A,0.7133750319480896,False,A,False,False,False,True,13.917668000004824,0.0063580000642105,0.85542199997235,43.32119599996531,0.0224020000132441,58.12304600001994
B.MOV,47,B,True,A,0.7275955677032471,False,A,False,False,False,True,14.282398999995394,0.0063720000298417,0.8354589999726159,43.171410000013566,0.0217870000369657,58.31742700004838
B.MOV,48,B,True,A,0.711929202079773,False,A,False,False,False,True,14.146065999995017,0.0069080000457688,1.049992000048405,44.44626300005439,0.0219670000660698,59.67119600020965
B.MOV,49,B,True,A,0.7244096398353577,False,A,False,False,False,True,14.19491499999026,0.006849999977021,0.8440760000212322,42.96433000001798,0.0225989999762532,58.03276999998275
B.MOV,50,B,True,A,0.7138119339942932,False,A,False,False,False,True,14.102035999997042,0.0068970000484114,0.8538649999536574,43.55676299996958,0.1776390000713945,58.69720000004008
B.MOV,51,B,True,A,0.7471244931221008,False,A,False,False,False,True,14.126191999991988,0.0079339999956573,0.841490999960115,44.149792999974125,0.0243399999817484,59.149749999903634
B.MOV,52,B,True,A,0.6661571860313416,False,A,False,False,False,True,14.14696400001958,0.0062309999293574,0.8533300000408417,42.61047600004986,0.0197790000129316,57.63678000005257
B.MOV,53,B,True,A,0.785610020160675,False,A,False,False,False,True,14.00029500001665,0.0060280000298007,0.8722140000827494,44.52588600008767,0.0191030001133185,59.423526000330185
B.MOV,54,B,True,A,0.8051741123199463,False,A,False,False,False,True,13.987989000014522,0.0072630000431672,0.9047680000549008,43.39434799999253,0.0224059999709425,58.31677400007607
B.MOV,55,B,True,A,0.7493430972099304,False,A,False,False,False,True,14.089905999981056,0.0072369999770671,0.9243309999646954,43.398983999964,0.0219730000026174,58.44243099988944
B.MOV,56,B,True,A,0.7154444456100464,False,A,False,False,False,True,14.04386600000862,0.0070629999981974,0.8894979999922725,47.23435099992912,0.0224209999259983,62.19719899985421
B.MOV,57,B,True,A,0.8160086274147034,False,A,False,False,False,True,13.913991999999098,0.0065650000351524,0.8353660000466334,42.8915299999062,0.0242429999843807,57.67169599997146
B.MOV,58,B,True,A,0.8313215374946594,False,A,False,False,False,True,14.029182999991008,0.0062230000139607,0.8621100000709703,43.01858299993455,0.0222169999233301,57.93831599993382
B.MOV,59,B,True,A,0.6972494125366211,False,A,False,False,False,True,14.183029999998098,0.0070559999585384,0.8344210000359453,43.510667000077774,0.0216399999999339,58.55681400007029
B.MOV,60,B,True,A,0.7393295764923096,False,A,False,False,False,True,13.977608999994118,0.0067909999188486,0.8594429999675413,43.46401099996911,0.0217300000713294,58.32958399992094
B.MOV,61,B,True,A,0.7569203972816467,False,A,False,False,False,True,14.442378000012468,0.0082840000459327,0.8590570000706066,43.98505800008934,0.0231160000794261,59.31789300029777
B.MOV,62,B,True,A,0.7197474241256714,False,A,False,False,False,True,14.046175999993691,0.0081570000247666,0.8758190000435206,46.359555999970326,0.0214080000660032,61.31111600009831
B.MOV,63,B,True,A,0.7378324270248413,False,A,False,False,False,True,13.933906000005436,0.0067769999532174,0.9573899999395508,47.664836999956606,0.0201689999812515,62.58307899983606
B.MOV,64,B,True,A,0.7584488987922668,False,A,False,False,False,True,13.882824000006622,0.0076320000061969,0.7910369999990507,44.0331629999946,0.0217450000263852,58.736401000032856
B.MOV,65,B,True,A,0.8919824361801147,False,A,False,False,False,True,14.213596999979927,0.0073550000934119,0.8110549999855721,42.84590300005675,0.0235009999869362,57.9014110001026
B.MOV,66,B,True,A,0.8987406492233276,False,A,False,False,False,True,14.09165200001894,0.0064070000007632,0.7930450000230849,42.47331700003088,0.0217709999787985,57.38619200005246
B.MOV,67,B,True,A,0.8538546562194824,False,A,False,False,False,True,14.607202000007646,0.0078499999744963,0.8364200000414712,43.23152100005245,0.0233179999895583,58.706311000065625
B.MOV,68,B,True,A,0.7409878373146057,False,A,False,False,False,True,14.208989000024983,0.0057349999451616,0.8206469999549881,42.971360000024106,0.0230569999075669,58.02978799985681
B.MOV,69,B,True,A,0.6618333458900452,False,A,False,False,False,True,14.127553000008676,0.0076520000220625,0.85760100000698,44.45178500009206,0.0213530000792161,59.46594400020899
B.MOV,70,B,True,A,0.6947807669639587,False,A,False,False,False,True,14.122914000012088,0.0067649999664354,0.8597190000045885,43.27745000000505,0.019285000007585,58.28613299999574
B.MOV,71,B,True,A,0.7153604626655579,False,A,False,False,False,True,17.154969000017672,0.007136000022001,0.8680390000108673,43.8863050000009,0.0410489999467245,61.95749799999817
B.MOV,72,B,True,A,0.6468855738639832,False,A,False,False,False,True,16.35926000000154,0.0066189999188281,0.8159359999808657,42.6468370000066,0.021694999986721,59.85034699989456
B.MOV,73,B,True,A,0.5744255185127258,False,A,False,False,False,True,14.040743999998996,0.0065259999928457,0.5338739999842801,46.9100720000597,0.0219799999285896,61.51319599996441
B.MOV,74,B,True,A,0.6998182535171509,False,A,False,False,False,True,14.262677000004942,0.0062000000298212,0.8003669998970508,42.713102999982766,0.0210410000818228,57.8033879999964
B.MOV,75,B,True,A,0.6808708310127258,False,A,False,False,False,True,13.923915999981771,0.0064780000457176,0.8717880000403966,42.6114739999548,0.0218589999576579,57.43551499998034
B.MOV,76,B,True,A,0.6660202145576477,False,A,False,False,False,True,13.929227999994964,0.0078690000009373,0.8523680000962486,61.58153699993818,0.0239849999843499,76.39498700001468
B.MOV,77,B,True,A,0.7299483418464661,False,A,False,False,False,True,14.4348359999924,0.0077129999453973,0.859784999988733,44.8776400000952,0.0402220000523811,60.22019600007411
B.MOV,78,B,True,A,0.7733186483383179,False,A,False,False,False,True,13.901884000006248,0.0277770000138843,0.889148000055684,47.23923099993499,0.0237120000292634,62.08175200004007
B.MOV,79,B,True,A,0.7444535493850708,False,A,False,False,False,True,14.022562000008064,0.0067020000642514,0.8224430000609573,43.692939999914415,0.0224590000925672,58.56710600014026
B.MOV,80,B,True,A,0.7385662794113159,False,A,False,False,False,True,14.171282999996038,0.0077749999718434,0.8599090000416254,43.34797599995,0.0221020000026328,58.40904499996213
B.MOV,81,B,True,A,0.5741559863090515,False,A,False,False,False,True,14.202162000003682,0.0069689999691036,0.9136779999607824,44.34943399996882,0.0216420000924699,59.49388499999486
B.MOV,82,B,True,A,0.6508799195289612,False,A,False,False,False,True,14.07451899999046,0.0072670000008656,0.9594269999979588,43.29343699998845,0.0209139999469698,58.3555639999247
B.MOV,83,B,True,A,0.5648772716522217,False,A,False,False,False,True,14.096746999996412,0.0067649999664354,0.861374999999498,44.357960999946044,0.020129000063207,59.3429769999716
B.MOV,84,B,True,A,0.5934609770774841,False,A,False,False,False,True,14.089976000008164,0.0429110000368382,0.8050819999425585,42.58276699999897,0.0196130000631455,57.54034900004967
B.MOV,85,B,True,Z,0.5142459869384766,False,Z,False,False,False,True,14.006495000018049,0.0066200000219396,0.5713480001077187,43.18660799992813,0.0191940000604518,57.79026500013629
B.MOV,86,B,True,A,0.5124318599700928,False,A,False,False,False,True,14.177210000013927,0.0065330000325047,0.8725889999823266,42.29584899997008,0.0204599999733545,57.37264099997219
B.MOV,87,B,True,Z,0.5738350749015808,False,Z,False,False,False,True,14.051885000014863,0.0062550000166083,0.83332999997765,42.53221300007226,0.0191039999890563,57.44278700007044
B.MOV,88,B,True,A,0.5769493579864502,False,A,False,False,False,True,14.02949299998113,0.0066269999479118,0.7907949999435004,42.23155799991218,0.0251330000082816,57.08360599979301
B.MOV,89,B,True,A,0.5532746911048889,False,A,False,False,False,True,18.398209999986648,0.0077079999982743,0.8773739999696772,43.68429500004822,0.0213710000025457,62.98895800000537
B.MOV,90,B,True,A,0.5335734486579895,False,A,False,False,False,True,13.872195000004696,0.0069140000960032,0.5558309999287303,44.38887900005284,0.0241520000372474,58.84797100011952
B.MOV,91,B,True,Z,0.5894252061843872,False,Z,False,False,False,True,13.931293000013056,0.0068560000272555,0.8451179999156011,43.49518099991201,0.0228309999101838,58.301278999778106
B.MOV,92,B,True,Z,0.5341746211051941,False,Z,False,False,False,True,13.949994000000745,0.0067250000483909,0.9249490000229345,48.22087999991709,0.0231049999683818,63.12565299995754
B.MOV,93,B,True,Z,0.616675615310669,False,Z,False,False,False,True,14.176484000017808,0.0073969999903056,0.819417999991856,43.86708599997746,0.023587999976371,58.8939729999538
B.MOV,94,B,True,Z,0.5396552681922913,False,Z,False,False,False,True,14.18304000000603,0.0064850000853766,0.8252369999581788,42.91085599993494,0.0226480000264928,57.94826600001102
B.MOV,95,B,True,A,0.565971314907074,False,A,False,False,False,True,14.419945000014422,0.0061660000483243,0.8284160001039709,43.2477580000068,0.0215699999444041,58.52385500011792
B.MOV,96,B,True,A,0.6894708871841431,False,A,False,False,False,True,14.22834100000614,0.0068589999955293,0.8137119999673814,44.21454900000299,0.0231870000106937,59.28664799998273
B.MOV,97,B,True,A,0.4640915989875793,False,A,False,False,False,True,13.953514999997196,0.0061660000483243,0.8225929999525761,43.60242599989306,0.0206939999998212,58.405393999890975
B.MOV,98,B,True,A,0.5366949439048767,False,A,False,False,False,True,13.99993400002586,0.0067299999955139,0.8244939999713097,42.86995100005697,0.0188960000286897,57.720005000078345
B.MOV,99,B,True,A,0.6700178384780884,False,A,False,False,False,True,14.160387000003992,0.0065840000615935,0.7967200000393859,43.05181799998081,0.0188980000075389,58.03440700009333
B.MOV,100,B,True,A,0.6515249609947205,False,A,False,False,False,True,14.059254000017065,0.0072120000140785,0.815014000068004,43.71053399995617,0.0210700000025099,58.61308400005783
B.MOV,101,B,True,A,0.5879220962524414,False,A,False,False,False,True,14.012909999991052,0.0068599999849539,0.8792309999989811,43.17102800007433,0.022678999926029,58.09270799997535
B.MOV,102,B,True,A,0.7058626413345337,False,A,False,False,False,True,14.29867799998874,0.007205999963844,0.811216000101922,43.37407399998483,0.0220690000105605,58.5132430000499
B.MOV,103,B,True,A,0.7276470065116882,False,A,False,False,False,True,14.04857600002174,0.0059779999901365,0.8078629999772602,42.59450899996864,0.0216079999972862,57.47853399995506
B.MOV,104,B,True,A,0.5963920950889587,False,A,False,False,False,True,13.936404999981278,0.0067249999347041,0.8254079999687747,43.85724700000537,0.0235149999525674,58.6492999998427
B.MOV,105,B,True,A,0.5856727957725525,False,A,False,False,False,True,14.019931999996516,0.0062110000271786,0.5690629999435259,44.43737600001896,0.0201450000076874,59.052726999993865
B.MOV,106,B,True,A,0.7455815672874451,False,A,False,False,False,True,13.827939999998762,0.0134409999645868,0.8389590000206226,43.74293600005785,0.0224929999603773,58.4457690000022
B.MOV,107,B,True,A,0.7177294492721558,False,A,False,False,False,True,13.881485999974077,0.0075049999850307,0.7592760000534327,44.435731000021406,0.0222190000158661,59.10621700004981
B.MOV,108,B,True,A,0.6549935340881348,False,A,False,False,False,True,13.933524000009356,0.0066199999082527,0.9195420000196464,42.5714660000267,0.0220839999656163,57.453235999929575
B.MOV,109,B,True,A,0.6973811984062195,False,A,False,False,False,True,13.965303000020413,0.0072389999559163,0.9456120000095324,42.46064199992361,0.0214000000369196,57.40019599994639
B.MOV,110,B,True,A,0.6925637125968933,False,A,False,False,False,True,13.8733919999936,0.0060350000694597,0.7986169999867343,43.08023600003708,0.021057999902041,57.77933799998891
B.MOV,111,B,True,A,0.712028980255127,False,A,False,False,False,True,13.909295999980031,0.0070169999162317,0.86737800006631,42.72959800005083,0.0220550000449293,57.53534400005833
B.MOV,112,B,True,A,0.7557777166366577,False,A,False,False,False,True,13.92301599997836,0.0068919999876015,0.8256419999952413,45.09733200006849,0.0191840000525189,59.87206600008221
B.MOV,113,B,True,A,0.8116585612297058,False,A,False,False,False,True,13.96012099999666,0.006563999932041,0.8517410000195014,42.35908299995117,0.0205960000130289,57.1981049999124
B.MOV,114,B,True,A,0.8048102259635925,False,A,False,False,False,True,13.990363999994315,0.009238000075129,0.5480199999965407,43.86690000001181,0.0194020000208183,58.43392400009861
B.MOV,115,B,True,A,0.762690544128418,False,A,False,False,False,True,14.141082000008964,0.0075149999929635,0.8372589999225966,42.62256499998784,0.0198589999627074,57.62827999987508
B.MOV,116,B,True,A,0.8203967213630676,False,A,False,False,False,True,14.816092999978991,0.0060480000456664,0.8081920000222453,42.50562199990782,0.0190289999864035,58.15498399994112
B.MOV,117,B,True,A,0.7669602036476135,False,A,False,False,False,True,14.225507999981346,0.0061780000351063,0.8357189999514958,42.58080699992206,0.018508000039219,57.66671999992923
B.MOV,118,B,True,A,0.7948673367500305,False,A,False,False,False,True,13.969519999989188,0.0067370000351729,0.8095609999827502,42.27320600000439,0.0206219999654422,57.07964599997695
B.MOV,119,B,True,A,0.7735421061515808,False,A,False,False,False,True,13.916222000005972,0.0065870000298673,0.8786079999936192,43.643322000093576,0.024497000026713,58.46923600014975
B.MOV,120,B,True,A,0.8035898208618164,False,A,False,False,False,True,14.100662999993574,0.0076850000141348,0.9758489999285302,49.07596800001102,0.0235379999367069,64.18370299988396
B.MOV,121,B,True,A,0.773289680480957,False,A,False,False,False,True,13.99206100001038,0.0074469999162829,0.8695799999713927,43.15866600006757,0.0217369999973016,58.04949099996293
B.MOV,122,B,True,A,0.8555092811584473,False,A,False,False,False,True,14.17186800000536,0.0078620000749651,0.834311000062371,43.017763999955605,0.0405470000259811,58.07235200012428
B.MOV,123,B,True,A,0.795458197593689,False,A,False,False,False,True,13.935259999982463,0.0075510000669964,0.8510159999559619,44.41743600000336,0.0228769999921496,59.23414000000093
B.MOV,124,B,True,A,0.7665819525718689,False,A,False,False,False,True,14.290036000005555,0.00618600006419,0.8635170000843573,42.6073290000204,0.0219039999365122,57.788972000111016
B.MOV,125,B,True,A,0.632262110710144,False,A,False,False,False,True,14.009168999990608,0.0067130000616089,0.7918769999832875,43.4699920000412,0.0211330000183807,58.298884000095086
B.MOV,126,B,True,A,0.7973982691764832,False,A,False,False,False,True,14.17996499998253,0.007472999982383,0.866894999944634,45.3205579999576,0.0196189999996931,60.39450999986684
B.MOV,127,B,True,A,0.830592930316925,False,A,False,False,False,True,14.126645999994023,0.0070269999241645,0.8807469999965178,44.64725100001488,0.0222660000872565,59.68393700001684
B.MOV,128,B,True,A,0.7459507584571838,False,A,False,False,False,True,14.100549000005458,0.007035000066935,0.8166220000020985,42.52176900001814,0.0265830000216737,57.472558000114304
B.MOV,129,B,True,A,0.6465270519256592,False,A,False,False,False,True,14.234410000000253,0.0068230000351832,0.8190659999627314,42.71697100000438,0.0206349999416488,57.797904999944194
B.MOV,130,B,True,A,0.6744717359542847,False,A,False,False,False,True,14.27556999999524,0.0077249999321793,0.8256529999925988,42.36588399999164,0.0227830000767426,57.4976149999884
B.MOV,131,B,True,A,0.7816891670227051,False,A,False,False,False,True,14.071187000013197,0.0085319999243438,0.925825000081204,44.37139499998466,0.0233120000530107,59.400251000056414
B.MOV,132,B,True,A,0.7132337689399719,False,A,False,False,False,True,14.034769999994978,0.007270999958564,0.8131700000149067,42.9489079999712,0.0224390000767016,57.82655800001635
B.MOV,133,B,True,A,0.6318846940994263,False,A,False,False,False,True,13.937678000019105,0.0068950000695622,0.8179520000339835,42.803995999975086,0.021468999989338,57.58799000008708
B.MOV,134,B,True,A,0.6701180934906006,False,A,False,False,False,True,13.849108000016486,0.0063080000245463,0.8025990000533056,44.25832599997648,0.0240670000266618,58.94040800009748
B.MOV,135,B,True,A,0.7956763505935669,False,A,False,False,False,True,14.10478200000398,0.0070620000087728,0.8237110000663961,43.69851699993888,0.0247860000399668,58.65885800005799
B.MOV,136,B,True,A,0.8007274866104126,False,A,False,False,False,True,13.829154000006838,0.0072620000537426,0.8219920000556158,43.78159600003073,0.0234499999578474,58.463454000104775
B.MOV,137,B,True,A,0.8081413507461548,False,A,False,False,False,True,13.794520000004695,0.00875000000633,0.935427000058553,48.753061000070375,0.0230330000476897,63.51479100018764
C.MOV,0,C,True,A,0.7115556597709656,False,A,False,False,False,True,15.2542579999988,0.0094000000672167,0.8583620000308656,43.25174100006279,0.0197360000129265,59.3934970001726
C.MOV,1,C,True,nothing,0.5437234044075012,False,nothing,False,False,False,True,14.233791000009433,0.0073539999903005,0.8121939999909955,44.04768500000955,0.0199480000446783,59.12097200004496
C.MOV,2,C,True,A,0.6164175868034363,False,A,False,False,False,True,14.109171000001195,0.0097949999826596,0.6016180000187887,43.92166399998132,0.0194259999943824,58.66167399997835
C.MOV,3,C,True,A,0.5538377165794373,False,A,False,False,False,True,14.204227000021774,0.006332999987535,0.8873339999126983,44.08337099994242,0.0223069999947256,59.20357199985915
C.MOV,4,C,True,nothing,0.5037285685539246,False,nothing,False,False,False,True,14.450937000020758,0.006845000029898,0.8004970000001776,44.26741699990089,0.0214259999893329,59.547121999941055
C.MOV,5,C,True,nothing,0.8133028149604797,False,nothing,False,False,False,True,14.606522000008226,0.0072040000986817,0.8227380000107587,44.06186800008527,0.0223270000105912,59.52065900021353
C.MOV,6,C,True,nothing,0.7629495859146118,False,nothing,False,False,False,True,14.074062999981152,0.0071330000537273,0.7638480000196068,44.060861000048135,0.0189159999308685,58.92482100003349
C.MOV,7,C,True,nothing,0.7142024636268616,False,nothing,False,False,False,True,15.226963999992904,0.0063699999373056,0.8011039999473724,44.06195599995044,0.0201329999072186,60.11652699973524
C.MOV,8,C,True,nothing,0.6015994548797607,False,nothing,False,False,False,True,13.902983999997788,0.0064620001012372,0.8477909999555777,43.95356299994546,0.0196370000367096,58.73043700003677
C.MOV,9,C,True,nothing,0.8590359687805176,False,nothing,False,False,False,True,14.248793000007254,0.0069719999373774,0.7832709999320286,43.15475399994284,0.01984799996535,58.21363799978485
C.MOV,10,C,True,nothing,0.661135196685791,False,nothing,False,False,False,True,14.160416000009944,0.0085870000248178,0.7934299999305949,43.71945400009736,0.0221340000052805,58.704021000068
C.MOV,11,C,True,nothing,0.7396819591522217,False,nothing,False,False,False,True,13.992582000014409,0.008877999903234,0.827129000072091,43.32425300003706,0.0215449999814154,58.17438700000821
C.MOV,12,C,True,nothing,0.562009334564209,False,nothing,False,False,False,True,14.026733000008562,0.0077139999348219,0.7900969999354857,43.268510000075366,0.0219419999893943,58.11499599994363
C.MOV,13,C,True,nothing,0.6083958745002747,False,nothing,False,False,False,True,14.04843500000652,0.0075180000749242,0.7829049999372728,43.32586999998966,0.0206120000711962,58.18534000007958
C.MOV,14,C,True,nothing,0.7787805795669556,False,nothing,False,False,False,True,14.137317999995958,0.0073480000537529,0.7684869999593502,45.0309229998993,0.0221100000317164,59.96618599994008
C.MOV,15,C,True,nothing,0.806218147277832,False,nothing,False,False,False,True,13.890736999996989,0.0082699999666147,0.8078270000169141,44.41580299999259,0.0221779999947102,59.14481499996782
C.MOV,16,C,True,nothing,0.8337636590003967,False,nothing,False,False,False,True,14.214307000003146,0.0063229999796021,0.8077760001015122,45.30943700001444,0.0212659999760944,60.3591090000748
C.MOV,17,C,True,nothing,0.8447954654693604,False,nothing,False,False,False,True,14.180494000015642,0.0070879999611861,0.8115069999803382,44.39024499993138,0.0187670000286743,59.40810099991722
C.MOV,18,C,True,nothing,0.8001305460929871,False,nothing,False,False,False,True,15.224894999988692,0.0061590000086653,0.7945219999783149,43.45372200009479,0.0202799999442504,59.49957800001471
C.MOV,19,C,True,nothing,0.8739539980888367,False,nothing,False,False,False,True,14.054892000018526,0.0067170000193073,0.8306780000566505,42.9862469999307,0.0213749999602441,57.89990899998543
C.MOV,20,C,True,nothing,0.8729898929595947,False,nothing,False,False,False,True,14.037756999982776,0.0056779999795253,0.7945259999360132,42.8975800000444,0.0211390000686151,57.75668000001133
C.MOV,21,C,True,nothing,0.8876324892044067,False,nothing,False,False,False,True,14.007158999987723,0.0079369999639311,0.8162929999571134,43.20885899994664,0.0209600000289356,58.061207999884346
C.MOV,22,C,True,nothing,0.8694054484367371,False,nothing,False,False,False,True,14.00412699999265,0.0071990000378718,0.8035729999846808,44.98714199996812,0.0214979999100251,59.823538999893344
C.MOV,23,C,True,nothing,0.8797092437744141,False,nothing,False,False,False,True,13.959762000013145,0.0093969999852561,0.795134999975744,43.62601699995139,0.0198870000076567,58.41019799993319
C.MOV,24,C,True,nothing,0.8001973628997803,False,nothing,False,False,False,True,14.032431999993378,0.0066279999373364,0.7549810000000434,43.86377699995592,0.0200540000605542,58.67787199994723
C.MOV,25,C,True,nothing,0.8904659748077393,False,nothing,False,False,False,True,14.30307499998662,0.0082469999824752,0.8606880001025274,43.11263800002507,0.0196280000182014,58.304276000114896
C.MOV,26,C,True,nothing,0.9540846347808838,False,nothing,False,False,False,True,14.08976100000814,0.0082960000327148,0.7964750000155618,46.5600390000418,0.0463270000636839,61.5008980001619
C.MOV,27,C,True,nothing,0.9563019275665284,False,nothing,False,False,False,True,14.036199999992505,0.0065300000642309,0.7980329999099922,42.5901649999787,0.0202699999363176,57.45119799988174
C.MOV,28,C,True,nothing,0.97203266620636,False,nothing,False,False,False,True,14.085206000004291,0.0068269999928816,0.8259769999767741,43.445652000059454,0.0207649999310888,58.38442699996449
C.MOV,29,C,True,nothing,0.9594104290008544,False,nothing,False,False,False,True,14.068807000001016,0.0061629999663637,0.7783510000081151,59.48608200003491,0.0232419999974808,74.36264500000789
C.MOV,30,C,True,nothing,0.9652841687202454,False,nothing,False,False,False,True,14.10412300000985,0.0081349999163649,0.8079250000037064,42.50434300001871,0.0180450000470955,57.44257099999572
C.MOV,31,C,True,nothing,0.9670286774635316,False,nothing,False,False,False,True,14.000974999987648,0.0069559999928969,0.80350999996881,44.436754999992445,0.0231870000106937,59.27138299995249
C.MOV,32,C,True,nothing,0.955308735370636,False,nothing,False,False,False,True,14.073045999992928,0.0068860000510539,0.8640649999733796,42.4433760000511,0.0207759999284462,57.40814899999691
C.MOV,33,C,True,nothing,0.9738332033157348,False,nothing,False,False,False,True,14.339940999974488,0.0244300000531438,0.9023689999594352,45.90583899994272,0.02324399997633,61.19582299990611
C.MOV,34,C,True,nothing,0.9233062267303468,False,nothing,False,False,False,True,14.063243000009606,0.0090160000354444,0.9013720000439208,46.13770499997827,0.0207190000764967,61.13205500014374
C.MOV,35,C,True,nothing,0.9734516739845276,False,nothing,False,False,False,True,14.337780000005296,0.0070620000087728,0.8149579999781054,42.99284100000023,0.0212460000739156,58.17388700006632
C.MOV,36,C,True,nothing,0.9872170090675354,False,nothing,False,False,False,True,14.037615000006554,0.0086669999745936,0.8064190000141025,44.55901999995149,0.0221479999709117,59.43386899991765
C.MOV,37,C,True,nothing,0.9837647080421448,False,nothing,False,False,False,True,14.066895000013346,0.0066259999584872,0.8833379999941826,45.01812399996652,0.0211550000130955,59.99613799994563
C.MOV,38,C,True,nothing,0.9790881276130676,False,nothing,False,False,False,True,15.006257000010237,0.0071680000246487,0.8229759999949238,43.25080299997808,0.0218860000131826,59.10909000002107
C.MOV,39,C,True,nothing,0.9702502489089966,False,nothing,False,False,False,True,13.910726999995404,0.0064500000007683,0.7818560000032448,43.37872399992193,0.0210350000315884,58.09879199995294
C.MOV,40,C,True,nothing,0.9823479652404784,False,nothing,False,False,False,True,13.921874000004664,0.007331000006161,0.8151459999226063,43.31238800000392,0.0195950000261291,58.07633399996348
C.MOV,41,C,True,nothing,0.9534026980400084,False,nothing,False,False,False,True,14.03904300002523,0.0066320000087216,0.8200659999602067,45.36062600004698,0.0193879999415003,60.24575499998264
C.MOV,42,C,True,nothing,0.9325172305107116,False,nothing,False,False,False,True,14.120851000001268,0.0075099999321537,0.8297750000565429,47.10275600007208,0.0429439999152236,62.103835999977264
C.MOV,43,C,True,nothing,0.954161822795868,False,nothing,False,False,False,True,14.184964999998328,0.0065430000404376,0.7866139999350708,44.328583000037725,0.0227329999233916,59.32943799993495
C.MOV,44,C,True,nothing,0.9454165101051332,False,nothing,False,False,False,True,14.052834000011671,0.0092660000063915,0.8092550000355914,45.414299999947616,0.0232040000582856,60.30885900005956
C.MOV,45,C,True,nothing,0.9749653935432434,False,nothing,False,False,False,True,14.369318999996494,0.0069829999347348,0.7752510000500479,43.48849099994823,0.0214969999206005,58.6615409998501
C.MOV,46,C,True,nothing,0.9718817472457886,False,nothing,False,False,False,True,14.160215999993396,0.0067839999928764,0.5429679999906512,44.28582499997447,0.0225400000317677,59.01833299998316
C.MOV,47,C,True,nothing,0.9839035272598268,False,nothing,False,False,False,True,14.38948099999493,0.0065630000563032,0.790553000001637,43.27866599999197,0.0207919999866135,58.486055000031456
C.MOV,48,C,True,nothing,0.9891372323036194,False,nothing,False,False,False,True,14.216830000009397,0.0063600000430596,0.9046059999491264,43.159884000033344,0.0218540000105349,58.30953400004546
C.MOV,49,C,True,nothing,0.989195704460144,False,nothing,False,False,False,True,14.13661199998728,0.0076669999771183,0.8206999999629261,43.67814499994438,0.0194610000789907,58.662584999950695
C.MOV,50,C,True,nothing,0.9914394617080688,False,nothing,False,False,False,True,14.079528999985769,0.0072440000167262,0.8441329999868685,43.15363300008812,0.0200889999177888,58.10462799999527
C.MOV,51,C,True,nothing,0.990507960319519,False,nothing,False,False,False,True,14.177724999996144,0.006696000014017,0.9255479999410454,42.8848740000376,0.0198699999600648,58.01471299994887
C.MOV,52,C,True,nothing,0.9894188046455384,False,nothing,False,False,False,True,14.157159999996338,0.0066320000087216,0.884053999925527,46.48287200006962,0.021334000052775,61.55205200005298
C.MOV,53,C,True,nothing,0.986843764781952,False,nothing,False,False,False,True,14.25153900001419,0.006470000016634,0.8348730000307114,43.07987099991806,0.0195290000419845,58.19228200002158
C.MOV,54,C,True,nothing,0.984100580215454,False,nothing,False,False,False,True,14.211305000003447,0.0068839999585179,0.820938000060778,44.100839999941854,0.0213419999681718,59.16130899993277
C.MOV,55,C,True,nothing,0.98710697889328,False,nothing,False,False,False,True,14.144197999996775,0.009433000059289,0.8419869999443108,47.15981599997576,0.0220709999894097,62.17750499996555
C.MOV,56,C,True,nothing,0.9760095477104188,False,nothing,False,False,False,True,14.136533999987932,0.0075519999427342,0.880373999962103,47.71934899997632,0.0233750000688814,62.76718399993797
C.MOV,57,C,True,nothing,0.9828757047653198,False,nothing,False,False,False,True,14.16203499999824,0.0081629999613141,0.8583169999383244,46.70204100000319,0.0210400000923982,61.75159599999347
C.MOV,58,C,True,nothing,0.9760701060295104,False,nothing,False,False,False,True,14.217905999998948,0.0071150000167108,0.7949600000074497,44.909490999998525,0.0216720000025816,59.951144000024215
C.MOV,59,C,True,nothing,0.9782676696777344,False,nothing,False,False,False,True,14.372440000016695,0.006708000000799,0.7894379999697776,44.05014400003893,0.0216019999470518,59.24033199997325
C.MOV,60,C,True,nothing,0.9707112312316896,False,nothing,False,False,False,True,14.11040900001126,0.0059770000007119,0.757991000000402,43.034482999928514,0.0217169999814359,57.93057699992232
C.MOV,61,C,True,nothing,0.9584120512008668,False,nothing,False,False,False,True,16.800627999998596,0.0070550000828006,0.7910919999858379,42.49158699997224,0.0214080000660032,60.11177000010548
C.MOV,62,C,True,nothing,0.9846526980400084,False,nothing,False,False,False,True,14.311474000010094,0.0062200000456869,0.7855510000354116,42.62820799999645,0.0200329999415771,57.75148600002922
C.MOV,63,C,True,nothing,0.9776061773300172,False,nothing,False,False,False,True,14.06264199999896,0.006149999990157,0.8259670000825281,42.55935799994859,0.0236280000081023,57.477745000028335
C.MOV,64,C,True,nothing,0.972794234752655,False,nothing,False,False,False,True,14.17534600000181,0.0064160000192714,0.8024140000770785,42.335167000032925,0.0219219999735287,57.34126500010461
C.MOV,65,C,True,nothing,0.9858230352401732,False,nothing,False,False,False,True,16.222738000010395,0.0074050000193892,0.8310709999932442,42.273003999980574,0.0225449999788907,59.35676299998249
C.MOV,66,C,True,nothing,0.9778873324394226,False,nothing,False,False,False,True,14.231223999985332,0.0072000000272964,0.5173779999267936,42.97813700009101,0.0216690000343078,57.75560800006474
C.MOV,67,C,True,nothing,0.967525064945221,False,nothing,False,False,False,True,14.28618599999254,0.0064039999188025,0.8192299999336683,42.59865999995327,0.0218519999179989,57.73233199971628
C.MOV,68,C,True,nothing,0.983647644519806,False,nothing,False,False,False,True,14.36570999999276,0.0067099999796482,0.8078400001068076,44.76437399989664,0.0210340000421638,59.96566800001801
C.MOV,69,C,True,nothing,0.9693040251731871,False,nothing,False,False,False,True,14.100702999996884,0.0061939999795868,0.5357769999818629,42.91837800008125,0.0212160000501171,57.5822680000897
C.MOV,70,C,True,nothing,0.9473804831504822,False,nothing,False,False,False,True,13.898794999988697,0.022180999962984,0.8215819999577434,41.954607999969085,0.0219300000026123,56.71909599988112
C.MOV,71,C,True,nothing,0.9510489106178284,False,nothing,False,False,False,True,13.931934999988016,0.0062440000192509,0.850214999900345,43.30013899993901,0.0229309999895122,58.11146399983613
C.MOV,72,C,True,nothing,0.9763782024383544,False,nothing,False,False,False,True,13.999511000008624,0.0062930000694905,0.7969739999680314,42.87814099996013,0.0345830000014757,57.71550200000775
C.MOV,73,C,True,nothing,0.9591721892356871,False,nothing,False,False,False,True,14.05331500001239,0.006631000019297,0.7965199999944161,42.88597400000072,0.0201609999521679,57.762600999978986
C.MOV,74,C,True,nothing,0.9561848640441896,False,nothing,False,False,False,True,14.09996099999944,0.0069850000272708,0.8222469999736859,42.718397000044206,0.0216480000290175,57.66923800007362
C.MOV,75,C,True,nothing,0.9693716764450072,False,nothing,False,False,False,True,14.30483199999344,0.0059600000668069,0.7997359999762921,43.80221400003848,0.0215569999681974,58.93429900004321
C.MOV,76,C,True,nothing,0.9771559238433838,False,nothing,False,False,False,True,14.060129000000645,0.0069349999876067,0.7984210000131498,43.63576500009003,0.0197609999759151,58.52101100006735
C.MOV,77,C,True,nothing,0.9638847708702089,False,nothing,False,False,False,True,14.019265000001724,0.0076800000670118,0.9121969999341673,43.62561999994341,0.0202339999759715,58.584995999922285
C.MOV,78,C,True,nothing,0.9514315128326416,False,nothing,False,False,False,True,14.282082000022456,0.006482000003416,0.5085850000341452,44.17088200000308,0.0534340000513111,59.0214650001144
C.MOV,79,C,True,nothing,0.9616109132766724,False,nothing,False,False,False,True,14.091459999974632,0.0071619999744143,0.8133300000281452,45.81389899999522,0.0228920000608923,60.7487430000333
C.MOV,80,C,True,nothing,0.9743978977203368,False,nothing,False,False,False,True,14.107782000024828,0.0056480000694136,0.7766959998889433,44.36247699993601,0.0210450000395212,59.27364799995871
C.MOV,81,C,True,nothing,0.9363337755203248,False,nothing,False,False,False,True,13.940917999974545,0.0059420000297905,0.5541589999893404,43.8808380000637,0.0220780000290687,58.40393500008645
C.MOV,82,C,True,nothing,0.9433810114860536,False,nothing,False,False,False,True,13.97690299998544,0.0064030000430648,0.797330999944279,43.51318199996968,0.0211519999311349,58.3149709998736
C.MOV,83,C,True,nothing,0.9489406943321228,False,nothing,False,False,False,True,14.180482999989865,0.0059679999822037,0.7908410000254662,43.01253800008453,0.0205409999125549,58.01037099999462
C.MOV,84,C,True,nothing,0.9114142060279846,False,nothing,False,False,False,True,16.57892800000127,0.0064319999637518,0.7862840000143478,45.14579600004254,0.0207709999813232,62.53821100000323
C.MOV,85,C,True,nothing,0.938414454460144,False,nothing,False,False,False,True,14.00727099999699,0.0064330000668633,0.8160159999306416,45.943936999947255,0.0208349999866186,60.79449199992837
C.MOV,86,C,True,nothing,0.9345649480819702,False,nothing,False,False,False,True,14.253148999983978,0.0078980000353112,0.8363009999357018,46.73730000001797,0.0230279999868798,61.85767599995984
C.MOV,87,C,True,nothing,0.9489561319351196,False,nothing,False,False,False,True,13.961233999992828,0.0063019999743119,0.8597940000072413,44.612837999920885,0.023159999955169,59.46332799985044
C.MOV,88,C,True,nothing,0.9198772311210632,False,nothing,False,False,False,True,13.927246000008608,0.0068739999505851,0.8644759999469898,44.45783300002404,0.0222219999841399,59.27865099991436
C.MOV,89,C,True,nothing,0.9347909092903136,False,nothing,False,False,False,True,14.113789999981918,0.006489000043075,0.8937160000641597,43.34131699999944,0.0230520000741307,58.37836400016272
C.MOV,90,C,True,nothing,0.9550076723098756,False,nothing,False,False,False,True,14.178540000017392,0.0084260000221547,0.8581240000467005,45.03151599999456,0.0233650000609486,60.09997100014175
C.MOV,91,C,True,nothing,0.936189591884613,False,nothing,False,False,False,True,14.115284999974165,0.0079090000326687,0.9168210000325416,43.96323299999949,0.0246519999791416,59.02790000001801
C.MOV,92,C,True,nothing,0.958521604537964,False,nothing,False,False,False,True,14.385707999991835,0.0097590000223135,0.8083969999006513,42.771915999992416,0.0190830000974528,57.99486300000467
C.MOV,93,C,True,nothing,0.9504767060279846,False,nothing,False,False,False,True,14.16867999998317,0.007977999985087,0.6034799999952156,43.511239999929785,0.0211590000844807,58.31253699997774
C.MOV,94,C,True,nothing,0.946277678012848,False,nothing,False,False,False,True,14.140843999996378,0.0068789998977081,0.7860360000222499,42.380409999964286,0.0520019999612486,57.36617099984187
C.MOV,95,C,True,nothing,0.9491915106773376,False,nothing,False,False,False,True,14.02819599999816,0.0072110000246539,0.8438690000502902,42.36942399995769,0.0197680000155742,57.26846800004637
C.MOV,96,C,True,nothing,0.9497557878494264,False,nothing,False,False,False,True,14.3395460000022,0.0075929999638901,0.823531000037292,43.42797699996481,0.0219349999497353,58.62058199991793
C.MOV,97,C,True,nothing,0.9514253735542296,False,nothing,False,False,False,True,14.205051000004689,0.007614999958605,0.9058749999439896,43.19267300002139,0.0195750000102634,58.33078899993893
C.MOV,98,C,True,nothing,0.9132398962974548,False,nothing,False,False,False,True,14.14330099999006,0.0074230000564057,0.816457000041737,45.088040999985424,0.0277359999927284,60.08295800006636
C.MOV,99,C,True,nothing,0.9513711929321288,False,nothing,False,False,False,True,14.009133999991263,0.0068150000060995,0.8115779999116057,43.77070400005323,0.0213209999628816,58.61955199992508
C.MOV,100,C,True,nothing,0.9455000758171082,False,nothing,False,False,False,True,14.18691700001773,0.0066559999822857,0.8055710000007821,43.05009899997003,0.0193509999917296,58.06859399996256
C.MOV,101,C,True,nothing,0.8910947442054749,False,nothing,False,False,False,True,14.198638000010533,0.0075340000194046,0.852588999919135,46.05312699993647,0.0200650000579116,61.13195299994345
C.MOV,102,C,True,nothing,0.919115662574768,False,nothing,False,False,False,True,14.0957399999877,0.0093280000328377,0.9358800000427436,43.98758899992572,0.0202869999839094,59.04882399997291
C.MOV,103,C,True,nothing,0.9078216552734376,False,nothing,False,False,False,True,13.95833300000504,0.0061089999690011,0.8580310000070313,42.87635700006831,0.0219709999100814,57.720800999959465
C.MOV,104,C,True,nothing,0.9295053482055664,False,nothing,False,False,False,True,14.1122619999976,0.007335999953284,0.9387790000801032,43.55904400006239,0.0222469999471286,58.6396680000405
C.MOV,105,C,True,nothing,0.9325358867645264,False,nothing,False,False,False,True,14.306989999994356,0.0088119999190894,0.8329579999326597,43.98805499999981,0.0233319999551895,59.1601469998011
C.MOV,106,C,True,nothing,0.932852268218994,False,nothing,False,False,False,True,14.194207000002734,0.0105569999959698,0.9417920000487356,46.710900999983096,0.0249800000347022,61.88243700006524
C.MOV,107,C,True,nothing,0.9516609907150269,False,nothing,False,False,False,True,14.378103000012745,0.008933000003708,0.8569750000333443,43.877026000018304,0.0308099999983824,59.15184700006648
C.MOV,108,C,True,nothing,0.9278145432472228,False,nothing,False,False,False,True,14.057790000009618,0.0072730000511,0.8636280000473562,43.25761099994452,0.0231860000212691,58.20948800007386
C.MOV,109,C,True,nothing,0.924822986125946,False,nothing,False,False,False,True,14.133768999982976,0.0076619999163085,0.5148830000507587,43.85228800003915,0.0222710000343795,58.530873000023576
C.MOV,110,C,True,nothing,0.9054123163223268,False,nothing,False,False,False,True,14.79164900001706,0.0060249999478401,0.8774870000252122,43.54614599992601,0.0235450000900527,59.244852000006176
C.MOV,111,C,True,nothing,0.9532997608184814,False,nothing,False,False,False,True,14.211192000004758,0.0064649999558241,0.8063060000722544,43.27537200003917,0.0215700000580909,58.3209050001301
C.MOV,112,C,True,nothing,0.9643622040748596,False,nothing,False,False,False,True,14.210200999997369,0.006142999950498,0.8454939999182898,43.92765199997939,0.0235090000160198,59.012998999861566
C.MOV,113,C,True,nothing,0.948527693748474,False,nothing,False,False,False,True,14.263511999985212,0.0065030000087062,0.9016789999805042,42.90145200002371,0.0255139999580933,58.09865999995623
C.MOV,114,C,True,nothing,0.955765664577484,False,nothing,False,False,False,True,14.278374000014082,0.0065680000034262,0.5124040000055174,44.51760099993862,0.0215100000104939,59.33645699997214
C.MOV,115,C,True,nothing,0.9392533898353576,False,nothing,False,False,False,True,14.213938000011694,0.0064679999240979,0.8309809999218487,43.5565330000145,0.0213560000474899,58.62927599991963
C.MOV,116,C,True,nothing,0.941161572933197,False,nothing,False,False,False,True,14.35638699999231,0.0057720000086192,0.8211200000687313,45.25865000005069,0.0203660000579475,60.4622950001783
C.MOV,117,C,True,nothing,0.9151143431663512,False,nothing,False,False,False,True,14.26556299998083,0.0089650000063556,0.8385479999333256,45.69221500003096,0.0319569999192026,60.83724799987067
C.MOV,118,C,True,nothing,0.9537542462348938,False,nothing,False,False,False,True,14.018797999995058,0.0085909999825162,0.8520129999851633,43.78686400002607,0.0223170000026584,58.68858299999147
C.MOV,119,C,True,nothing,0.957864224910736,False,nothing,False,False,False,True,14.084306999990304,0.0083340000855969,0.8819209999728628,46.3305449999325,0.0230629999578013,61.32816999993906
C.MOV,120,C,True,nothing,0.9100159406661988,False,nothing,False,False,False,True,14.128216000017346,0.008389000072384,0.7918119999885675,44.06618600000911,0.0246630000901859,59.0192660001776
C.MOV,121,C,True,nothing,0.938879132270813,False,nothing,False,False,False,True,14.182352000005949,0.0086820000433363,0.8347240000148304,44.15715899995121,0.0210320000633146,59.20394900007864
C.MOV,122,C,True,nothing,0.9632235765457152,False,nothing,False,False,False,True,14.022834000002147,0.009094000006371,0.8562689999962458,46.44843099993068,0.0239899999314729,61.36061799986692
C.MOV,123,C,True,nothing,0.953516721725464,False,nothing,False,False,False,True,14.229633000013564,0.0081109999428008,0.8681530000558269,46.46870099998068,0.0256190000982314,61.60021700009111
C.MOV,124,C,True,nothing,0.9637978076934814,False,nothing,False,False,False,True,14.02789799999482,0.0085059999719305,0.9112159999631332,46.340278999991824,0.0229710000212435,61.31086999994295
C.MOV,125,C,True,nothing,0.9478937983512878,False,nothing,False,False,False,True,14.083000999988826,0.006477000056293,0.807719000022189,42.77913900000385,0.0208540000130597,57.69719000008422
C.MOV,126,C,True,nothing,0.9509479999542236,False,nothing,False,False,False,True,14.152288000019553,0.0075489999744604,0.824894999936987,42.99463899997136,0.0231120000080409,58.0024829999104
C.MOV,127,C,True,nothing,0.958039164543152,False,nothing,False,False,False,True,14.110431000005974,0.009154000053968,0.8850739999388679,46.881773999984944,0.0265050000507471,61.9129380000345
C.MOV,128,C,True,nothing,0.943295419216156,False,nothing,False,False,False,True,14.03554600000234,0.0071440000510847,0.7935959999940678,43.42271999996683,0.0204120000262264,58.27941800004055
C.MOV,129,C,True,nothing,0.9707022309303284,False,nothing,False,False,False,True,14.349918000021944,0.006340000027194,0.9137770000506862,45.61409000007188,0.0214079999523164,60.90553300012402
C.MOV,130,C,True,nothing,0.9658054113388062,False,nothing,False,False,False,True,13.965777999999318,0.0059249999821986,0.8939079999663591,47.46584800000164,0.021557999957622,62.35301699990714
C.MOV,131,C,True,nothing,0.9698763489723206,False,nothing,False,False,False,True,14.31282799998712,0.006323000093289,0.8957470000723333,44.80662499997834,0.0194180000789856,60.04094100021007
C.MOV,132,C,True,nothing,0.9791281819343568,False,nothing,False,False,False,True,13.8684220000016,0.0059980000060022,0.9226299999909316,51.45870100000138,0.0207560000262674,66.27650700002619
D.MOV,0,D,True,Z,0.9227738976478576,False,Z,False,False,False,True,15.11082100000749,0.0103419999959442,0.912052999979096,43.098840999959975,0.021274000005178,59.15333099994768
D.MOV,1,D,True,Z,0.903327703475952,False,Z,False,False,False,True,14.285447999981216,0.0069730000404888,0.8958959999745275,43.29543099993316,0.0230389999842373,58.50678699991363
D.MOV,2,D,True,Z,0.9332717061042786,False,Z,False,False,False,True,14.14934800001788,0.0086039999587228,0.5640540000513283,42.98075500003051,0.0230819999842424,57.72584300004269
D.MOV,3,D,True,Z,0.8114606142044067,False,Z,False,False,False,True,14.149347000000034,0.0070460000642924,0.9595989999979792,42.87822300000244,0.0237110000398388,58.01792600010458
D.MOV,4,D,True,Z,0.8688511252403259,False,Z,False,False,False,True,14.28776900002049,0.007537999977103,0.8979500000805274,43.74050299998089,0.0226509999947666,58.95641100005378
D.MOV,5,D,True,Z,0.9210328459739684,False,Z,False,False,False,True,14.47660900001324,0.0062980000166135,0.8956179999586311,42.118092999999135,0.0206299999945258,57.51724799998215
D.MOV,6,D,True,Z,0.9322739839553832,False,Z,False,False,False,True,14.760469999998804,0.0061970000615474,0.8625240000128542,43.952919000048496,0.0212080000210335,59.603318000142735
D.MOV,7,D,True,Z,0.9670020341873168,False,Z,False,False,False,True,14.803064999995286,0.0069949999215168,0.911509000047772,42.56171900010486,0.0207909999971889,58.30407900006662
D.MOV,8,D,True,Z,0.9699244499206544,False,Z,False,False,False,True,14.227515000015956,0.0063469999531662,0.8434000000079322,42.302684999981466,0.0268449999794029,57.40679199993792
D.MOV,9,D,True,Z,0.9455350041389464,False,Z,False,False,False,True,14.202153000013595,0.0070840000034877,0.8530449999852863,43.02596299999095,0.0201149999838889,58.10835999997721
D.MOV,10,D,True,Z,0.9505441188812256,False,Z,False,False,False,True,14.336949000011144,0.0065799999902083,0.8440889999974388,43.485210999961055,0.0206999999363688,58.693528999896216
D.MOV,11,D,True,Z,0.9534891843795776,False,Z,False,False,False,True,14.448721000007936,0.0070869999717615,0.8793969999487672,42.82814900000176,0.0216739999814308,58.18502799991165
D.MOV,12,D,True,Z,0.9680802226066588,False,Z,False,False,False,True,14.469959999985347,0.0066029999743477,0.8408710000367137,42.73978800006262,0.0207730000738592,58.07799500013289
D.MOV,13,D,True,Z,0.9085448384284972,False,Z,False,False,False,True,14.525635000012471,0.0063810000483499,0.8685899999818503,42.47732700002871,0.0215039999602595,57.89943700003164
D.MOV,14,D,True,Z,0.9079778790473938,False,Z,False,False,False,True,14.387107000004562,0.0073740000061661,0.8493220000218571,42.78022699998019,0.0215010001056725,58.04553100011845
D.MOV,15,D,True,Z,0.9005358219146729,False,Z,False,False,False,True,14.092184000020325,0.0080820000221137,0.8468639999819061,43.16718000006858,0.0227510000740949,58.13706100016702
D.MOV,16,D,True,Z,0.8484268188476562,False,Z,False,False,False,True,14.225167000006422,0.0079820000564723,0.8470189999343347,42.46094400002676,0.0229250000529646,57.56403700007695
D.MOV,17,D,True,Z,0.8264620304107666,False,Z,False,False,False,True,14.135780000003706,0.0065550000272196,0.530752000031498,45.06461000005402,0.018811000018104,59.75650800013455
D.MOV,18,D,True,Z,0.8804659247398376,False,Z,False,False,False,True,14.475029999999832,0.0068120000378257,0.8379269999068129,44.48019899996325,0.0351730000147654,59.83514099992249
D.MOV,19,D,True,Z,0.863142728805542,False,Z,False,False,False,True,14.1714899999954,0.0087839999878269,0.842258000034235,42.625651999969705,0.0194689999943875,57.66765299998156
D.MOV,20,D,True,Z,0.7814348936080933,False,Z,False,False,False,True,14.42399600000499,0.0068049999981667,0.9000689999538736,42.816066999989744,0.0213810000104786,58.16831799995725
D.MOV,21,D,True,Z,0.8498677015304565,False,Z,False,False,False,True,14.065880000003972,0.0072670000008656,0.924492999956783,45.79224400004023,0.0240179999764222,60.81390199997827
D.MOV,22,D,True,Z,0.777143120765686,False,Z,False,False,False,True,14.382369000003337,0.0062970000271889,0.8801939999329988,42.08134500004235,0.0219480000396288,57.3721530000455
D.MOV,23,D,True,Z,0.7260227799415588,False,Z,False,False,False,True,14.244665000006762,0.0060300000086499,0.8238489999712328,42.95955600002799,0.0489330000164045,58.08303300003104
D.MOV,24,D,True,Z,0.8353356122970581,False,Z,False,False,False,True,14.266751999997496,0.0067380000245975,0.8286649999718065,42.297225999959664,0.0191020000102071,57.41848299996377
D.MOV,25,D,True,Z,0.8270423412322998,False,Z,False,False,False,True,14.2757490000065,0.0067329999637877,0.8369639999727951,42.78950100001566,0.0275909999345458,57.93653799989329
D.MOV,26,D,True,Z,0.8541859984397888,False,Z,False,False,False,True,14.019747999981291,0.0075660000220523,0.8353970000598565,43.077487999994446,0.0203249999231047,57.96052399998075
D.MOV,27,D,True,Z,0.8760015964508057,False,Z,False,False,False,True,14.073026999994909,0.00881500000105,0.8801090000361,44.26635300001181,0.022608999984186,59.25091300002805
D.MOV,28,D,True,Z,0.8726375699043274,False,Z,False,False,False,True,14.092777999991313,0.0198100000261547,0.8045289999927263,43.11156799997207,0.019640999994408,58.04832599997667
D.MOV,29,D,True,Z,0.8345610499382019,False,Z,False,False,False,True,14.119502999989209,0.0071019999268173,0.8639889999813022,43.855996000047526,0.0211029999945822,58.86769299993944
D.MOV,30,D,True,Z,0.823799192905426,False,Z,False,False,False,True,13.938977000009343,0.0067449999505697,0.9241889999884734,43.27760600006059,0.0217830000792673,58.16930000008824
D.MOV,31,D,True,Z,0.8040731549263,False,Z,False,False,False,True,14.027231999989452,0.0059540000165725,0.8515879999322351,42.562392999911935,0.0224619999471542,57.46962899979735
D.MOV,32,D,True,Z,0.7841798067092896,False,Z,False,False,False,True,14.062122000012778,0.0071729999717717,0.8984969999801251,46.42663300001004,0.0236379999023483,61.418062999877066
D.MOV,33,D,True,Z,0.7971085906028748,False,Z,False,False,False,True,14.273076999984369,0.008370000045943,0.8905690000347022,43.11540599996988,0.0218819999417974,58.30930399997669
D.MOV,34,D,True,Z,0.7760185599327087,False,Z,False,False,False,True,14.064695000001848,0.006412000061573,0.8899629999632452,44.21308799999224,0.0236979999499453,59.19785599996885
D.MOV,35,D,True,Z,0.8242666721343994,False,Z,False,False,False,True,14.00279199998522,0.0068869999267917,0.8824800000866162,44.58642800000234,0.0228129999868542,59.50139999998783
D.MOV,36,D,True,Z,0.802552342414856,False,Z,False,False,False,True,14.177735000004075,0.0064160000192714,0.840495000034025,43.77811599999859,0.0257969999211127,58.82855899997708
D.MOV,37,D,True,Z,0.7647610902786255,False,Z,False,False,False,True,14.138031999976874,0.0074980000590585,0.8632070000658132,43.948018999913074,0.0214369999866903,58.97819300000151
D.MOV,38,D,True,Z,0.7305039763450623,False,Z,False,False,False,True,14.114672999994582,0.0069699999585282,0.834648000022753,43.41047700006584,0.0337520000357471,58.40052000007745
D.MOV,39,D,True,Z,0.7119637131690979,False,Z,False,False,False,True,13.929091999983712,0.0066750000087267,0.8634350000420454,42.71957999992537,0.0489220000190471,57.5677039999789
D.MOV,40,D,True,Z,0.8342078924179077,False,Z,False,False,False,True,14.045613000007506,0.0065279999716949,0.8523859999058914,42.62907499992252,0.0255859999924723,57.55918799980009
D.MOV,41,D,True,Z,0.7606591582298279,False,Z,False,False,False,True,14.041356000007,0.0062600000774182,0.832278999951086,42.70180399998935,0.0200360000235377,57.60173500004839
D.MOV,42,D,True,Z,0.7876108884811401,False,Z,False,False,False,True,14.005668999999443,0.0071150000167108,0.9504009999545816,43.13530799993259,0.0188540000181092,58.11734699992144
D.MOV,43,D,True,Z,0.7300248742103577,False,Z,False,False,False,True,13.96206900000152,0.0070610000193482,0.8045180001090557,44.66306999995595,0.0223819999973784,59.45910000008325
D.MOV,44,D,True,Z,0.6435457468032837,False,Z,False,False,False,True,14.536649999996598,0.0067370000351729,0.8494319999954314,42.89492099997005,0.0270279999767808,58.31476799997404
D.MOV,45,D,True,Z,0.8211138248443604,False,Z,False,False,False,True,14.107158000001618,0.0067260000378155,0.8914249999634194,43.4323620000896,0.0233050000133516,58.4609760001058
D.MOV,46,D,True,Z,0.8098989725112915,False,Z,False,False,False,True,13.935510999999678,0.0068729999611605,0.8846590000075594,42.949675999921055,0.0217539999312066,57.79847299982066
D.MOV,47,D,True,Z,0.7918672561645508,False,Z,False,False,False,True,14.269928999993908,0.0068640000563391,0.8968090000962547,43.335374999969645,0.0198120000050039,58.52878900012115
D.MOV,48,D,True,Z,0.6471996307373047,False,Z,False,False,False,True,14.07476900001825,0.0073880000854842,0.8582940000678718,43.05015499994624,0.0194890000102532,58.0100950001281
D.MOV,49,D,True,Z,0.7293055653572083,False,Z,False,False,False,True,14.160905000011326,0.0067870000748371,0.903187000062644,43.81765499999801,0.0207880000289151,58.909322000175735
D.MOV,50,D,True,Z,0.7613388895988464,False,Z,False,False,False,True,14.234740999995664,0.0068750000536965,0.8487479999530478,43.05623000004744,0.0199989999600802,58.166593000009925
D.MOV,51,D,True,Z,0.7434884905815125,False,Z,False,False,False,True,14.056044000000156,0.0066460000880397,0.877971000022626,43.22758000000704,0.0550130000647186,58.22325400018258
D.MOV,52,D,True,Z,0.7417641878128052,False,Z,False,False,False,True,14.06946699998457,0.0075119999110029,0.9306539999442976,44.35070299996369,0.0351969999883294,59.39353299979189
D.MOV,53,D,True,Z,0.6978386640548706,False,Z,False,False,False,True,14.207482000017537,0.0072020000061456,0.886021000042092,43.53120400003263,0.0199300000076618,58.65183900010607
D.MOV,54,D,True,Z,0.7441962361335754,False,Z,False,False,False,True,14.140698999995038,0.0069769999981872,0.8754319999297877,44.46237899992411,0.0188080000498302,59.50429499989696
D.MOV,55,D,True,Z,0.724516749382019,False,Z,False,False,False,True,14.08021499997858,0.0074700000141092,0.9717789999967864,45.68327100002989,0.0198589999627074,60.76259399998207
D.MOV,56,D,True,Z,0.575940728187561,False,Z,False,False,False,True,13.962959999986424,0.0075660000220523,0.8970989999852463,43.04883100007828,0.0221200000396493,57.93857600011165
D.MOV,57,D,True,Z,0.6495746374130249,False,Z,False,False,False,True,14.287842999976874,0.0074270000141041,0.8977609999192282,43.18381900009172,0.0206630001002849,58.39751300010221
D.MOV,58,D,True,Z,0.7454869151115417,False,Z,False,False,False,True,13.995316999995566,0.0078179999718486,0.8656260000634575,43.88882599994304,0.0215619999153204,58.77914899988923
D.MOV,59,D,True,Z,0.8087069392204285,False,Z,False,False,False,True,14.01334700000234,0.0080769999613039,0.8689530000083323,43.63945099999,0.0196999999388935,58.54952799990088
D.MOV,60,D,True,Z,0.813484251499176,False,Z,False,False,False,True,14.626013999986752,0.0075259999903209,0.5643529999588281,45.89901600002122,0.0238330000001951,61.12074199995732
D.MOV,61,D,True,Z,0.7937814593315125,False,Z,False,False,False,True,15.090027000013606,0.0081909998925766,0.8919130000322184,43.9201399999547,0.0273759999345202,59.93764699982762
D.MOV,62,D,True,Z,0.7283711433410645,False,Z,False,False,False,True,14.298080999992637,0.0065000000404324,0.8892030000424711,44.31120300000657,0.0217330000396032,59.52672000012171
D.MOV,63,D,True,Z,0.7612588405609131,False,Z,False,False,False,True,14.003250999991224,0.0075399999559522,0.8586860000150409,42.612833000021055,0.0235170000451034,57.505827000028376
D.MOV,64,D,True,Z,0.759265661239624,False,Z,False,False,False,True,13.924086999992369,0.0089830000433721,0.6743399999322719,44.47957900003985,0.0210250000236555,59.10801400003152
D.MOV,65,D,True,Z,0.7061651945114136,False,Z,False,False,False,True,15.848946000005526,0.0082420000353522,0.9006579999777387,42.83364900004472,0.0220560000343539,59.61355100009769
D.MOV,66,D,True,Z,0.6996119618415833,False,Z,False,False,False,True,15.549235999998244,0.0061540000615423,0.8439610001005349,44.331303000035405,0.0214560000131314,60.75211000020886
D.MOV,67,D,True,Z,0.6630764603614807,False,Z,False,False,False,True,13.899082999984104,0.0080089999983101,0.943960999961746,43.38745400002608,0.0248559999818098,58.26336299995205
D.MOV,68,D,True,Z,0.599277913570404,False,Z,False,False,False,True,14.297553999995216,0.0077859999692009,0.852898999937679,45.53125200004615,0.0263819999872794,60.71587299993553
D.MOV,69,D,True,Z,0.5764610171318054,False,Z,False,False,False,True,14.24746500001106,0.0095569999984945,0.8867420000342463,43.19847299996127,0.0206810000236146,58.362918000028685
D.MOV,70,D,True,Z,0.5672640800476074,False,Z,False,False,False,True,15.055723000017451,0.0076920000537938,0.8844559999943158,43.4151079999765,0.0202329999865469,59.38321200002861
D.MOV,71,D,True,Z,0.5841920375823975,False,Z,False,False,False,True,14.322505000023966,0.0077880000617369,0.8787949999486955,43.77597600000627,0.022459999968305,59.00752400000897
D.MOV,72,D,True,Z,0.6970304250717163,False,Z,False,False,False,True,14.336667999998554,0.0072249999902851,0.8391799999571958,44.63299700000789,0.0227050001058159,59.83877500005974
D.MOV,73,D,True,A,0.4906465709209442,False,A,False,False,False,True,14.026542000010522,0.0075830000696441,0.9364949999053352,45.974931000046126,0.020822000010412,60.96637300004204
D.MOV,74,D,True,A,0.5600879788398743,False,A,False,False,False,True,14.226593000017829,0.0094279999984792,1.010208000025159,47.8730339999629,0.0212070000316089,63.140470000035975
D.MOV,75,D,True,A,0.5448031425476074,False,A,False,False,False,True,14.28478200000427,0.0063389999240826,1.0042870000006587,44.14546399993924,0.0195479999547387,59.46041999982299
D.MOV,76,D,True,Z,0.6592719554901123,False,Z,False,False,False,True,14.110337999994726,0.00705200000084,0.8520799999587325,43.59956000007514,0.019212999973206,58.58824300000265
D.MOV,77,D,True,Z,0.6874936819076538,False,Z,False,False,False,True,13.99904000001584,0.006614000085392,0.8769900000515918,44.102296999994905,0.0195979999944029,59.00453900014213
D.MOV,78,D,True,Z,0.6212974786758423,False,Z,False,False,False,True,13.9718829999822,0.008540999942852,0.8804139999938343,43.94678799997109,0.0316640000619372,58.83928999995192
D.MOV,79,D,True,Z,0.6880072951316833,False,Z,False,False,False,True,14.427067999974952,0.0086830000327609,0.9068369998885828,43.9827369999648,0.0216590000263749,59.34698399988747
D.MOV,80,D,True,Z,0.7131898403167725,False,Z,False,False,False,True,13.98048000001495,0.0091419999534991,1.0090999999192718,46.511542999951416,0.0235329999895839,61.53379799982872
D.MOV,81,D,True,Z,0.7456006407737732,False,Z,False,False,False,True,14.268259000004946,0.0104789999113563,0.9394969999902968,46.96436000006088,0.0229809999154895,62.20557599988297
D.MOV,82,D,True,Z,0.7054311037063599,False,Z,False,False,False,True,13.900436999989552,0.010623999969539,0.9192369999482252,44.76469399992311,0.0247049999870796,59.61969699981751
D.MOV,83,D,True,Z,0.6210274696350098,False,Z,False,False,False,True,13.952287999984492,0.0095089999376796,0.8955020000485092,44.749143999979424,0.0236750000794927,59.6301180000296
D.MOV,84,D,True,Z,0.7493302226066589,False,Z,False,False,False,True,14.369778000002498,0.007824000022083,0.954615999944508,43.286614999942685,0.0229270000318138,58.64175999994359
D.MOV,85,D,True,Z,0.5943903923034668,False,Z,False,False,False,True,14.235159000008936,0.0097710000090955,0.954579999984162,44.06864300005964,0.0238269999499607,59.29198000001179
D.MOV,86,D,True,A,0.489638090133667,False,A,False,False,False,True,14.50984999999605,0.0110500000118918,0.935559000026842,45.74777100003757,0.022945999944568,61.227176000016925
D.MOV,87,D,True,Z,0.5984123945236206,False,Z,False,False,False,True,14.24092299998847,0.0086160000591917,0.8823089999623335,43.70194299997365,0.0400510000417853,58.87384200002544
D.MOV,88,D,True,Z,0.6049161553382874,False,Z,False,False,False,True,14.200109999990218,0.0097549999509283,0.9223809998957222,43.83375800000522,0.0220619999709015,58.98806599981299
D.MOV,89,D,True,Z,0.6886521577835083,False,Z,False,False,False,True,14.338664999996809,0.0083420000009937,0.8884929999339874,44.25366199996006,0.024829000039972,59.51399099993182
D.MOV,90,D,True,Z,0.634791374206543,False,Z,False,False,False,True,14.190802999991092,0.0097699999059841,0.8887120000053983,44.65388100004475,0.0229700000318189,59.76613599997904
D.MOV,91,D,True,Z,0.6734439134597778,False,Z,False,False,False,True,14.22819399999753,0.0082159999692521,0.8785210000041843,57.32554700000492,0.0215999999682026,72.46207799994409
D.MOV,92,D,True,Z,0.6983299255371094,False,Z,False,False,False,True,14.253056999990577,0.0102970000170898,0.9375860000773172,45.81974000006994,0.0208899999734057,61.04157000012833
D.MOV,93,D,True,Z,0.7412680387496948,False,Z,False,False,False,True,14.457003000018176,0.0095440000222879,0.5897009999671354,44.482506999997895,0.0218439998889152,59.56059899989441
D.MOV,94,D,True,Z,0.7280811667442322,False,Z,False,False,False,True,14.09531199999492,0.0139569999646482,0.7991070000343825,60.814733999905,0.0252410000030067,75.74835099990196
D.MOV,95,D,True,Z,0.6276921033859253,False,Z,False,False,False,True,14.020174000023644,0.0079339999956573,0.9805170000163344,44.58012100008091,0.0205889999733699,59.60933500008992
D.MOV,96,D,True,Z,0.6562945246696472,False,Z,False,False,False,True,14.99720199998933,0.0082440000142014,0.905892999981006,45.64992899997833,0.0212449999708042,61.58251299993367
D.MOV,97,D,True,Z,0.6164289712905884,False,Z,False,False,False,True,14.10404099999596,0.0086360000750573,0.8920899999793619,44.313260000080845,0.0228359999709937,59.34086300010222
D.MOV,98,D,True,Z,0.5693874955177307,False,Z,False,False,False,True,13.891537000006338,0.0086100000089572,0.881489999983387,43.423458000006576,0.023583000029248,58.228678000034506
D.MOV,99,D,True,Z,0.512352466583252,False,Z,False,False,False,True,14.081191000002493,0.0071619999744143,0.9195279999403284,43.75350600003003,0.0232329999789726,58.78461999992624
D.MOV,100,D,True,A,0.4915445446968078,False,A,False,False,False,True,14.129615999991074,0.0066950000245924,0.6086240000513499,43.48094900001343,0.0222180000264415,58.24810200010688
D.MOV,101,D,True,Z,0.5057923197746277,False,Z,False,False,False,True,14.007014000014806,0.0080450000723431,0.8748849999165031,43.163001000039,0.0222070000290841,58.07515200007174
D.MOV,102,D,True,A,0.481026291847229,False,A,False,False,False,True,14.251282000003584,0.0079000000141604,0.9883790000912996,43.59345499995016,0.0219300000026123,58.86294600006181
D.MOV,103,D,True,A,0.4956401884555816,False,A,False,False,False,True,13.994263999990151,0.0074240000458303,0.8781359999829874,43.85686000000533,0.0216430000818945,58.75832700010619
D.MOV,104,D,True,A,0.5145282745361328,False,A,False,False,False,True,14.004857999992735,0.0071929999876374,0.9839969999347886,47.97198899996147,0.0211060000765428,62.98914299995317
D.MOV,105,D,True,Z,0.4873635172843933,False,Z,False,False,False,True,14.057171000018798,0.0076999999691906,0.8891960000028121,43.3432240000684,0.0196429999732572,58.31693400003246
D.MOV,106,D,True,Z,0.5176898837089539,False,Z,False,False,False,True,14.006918999996287,0.0084460000380204,0.9857920000513332,44.37056799997663,0.0211620000527545,59.392887000115024
D.MOV,107,D,True,Z,0.6499115824699402,False,Z,False,False,False,True,14.09701200000768,0.0070869999717615,0.9052970000311688,45.04512599999089,0.0213459999258702,60.07586799992737
D.MOV,108,D,True,Z,0.5834738612174988,False,Z,False,False,False,True,13.999071999990065,0.0088609999693289,0.857168000038655,43.16015000006246,0.0231230000053983,58.04837400006591
D.MOV,109,D,True,Z,0.6600930690765381,False,Z,False,False,False,True,14.107400000000323,0.0080769999613039,0.88023900002554,43.975051999950665,0.0220549999312424,58.99282299986908
D.MOV,110,D,True,Z,0.7560907602310181,False,Z,False,False,False,True,14.012683000004245,0.0083300000142116,0.8887420000291968,43.29294999990907,0.0231810000741461,58.22588600003087
D.MOV,111,D,True,Z,0.7867578864097595,False,Z,False,False,False,True,14.03867099998024,0.0076449999824035,0.8817200000521552,43.94409600001836,0.0254430000268257,58.89757500005999
D.MOV,112,D,True,Z,0.7726292014122009,False,Z,False,False,False,True,17.58375399998613,0.0082070000644307,0.8858400000235633,43.71341199998824,0.0411419999863937,62.23235500004876
D.MOV,113,D,True,Z,0.8041988015174866,False,Z,False,False,False,True,14.128009000017984,0.0136899999461093,0.8838630000127523,43.69439399999919,0.0230429999419357,58.74299899991797
D.MOV,114,D,True,Z,0.771513819694519,False,Z,False,False,False,True,14.163042999996378,0.0081179999824598,0.8962919999930818,43.98445200001788,0.0221290000581575,59.07403400004796
D.MOV,115,D,True,Z,0.8561572432518005,False,Z,False,False,False,True,14.27241999999751,0.0159950000124808,0.7505959999889456,43.27437300003112,0.0228200000265133,58.33620400005657
D.MOV,116,D,True,Z,0.8969717621803284,False,Z,False,False,False,True,14.214503999994577,0.0076160000617164,0.8997059999273915,44.88586399997985,0.0216560000581012,60.02934600002163
D.MOV,117,D,True,Z,0.8223649859428406,False,Z,False,False,False,True,14.56081499998163,0.0082740000379999,0.8724809999876015,42.889844000001176,0.0224860000344051,58.35390000004281
D.MOV,118,D,True,Z,0.8740394115447998,False,Z,False,False,False,True,14.1639069999826,0.00740300004054,0.6520149999005298,43.634318000044914,0.021392000007836,58.47903499997642
D.MOV,119,D,True,Z,0.8581663966178894,False,Z,False,False,False,True,14.0219879999961,0.0068040000087421,0.8515620000935087,43.11190100008844,0.0206569999363637,58.01291200012315
D.MOV,120,D,True,Z,0.8635472059249878,False,Z,False,False,False,True,14.908249000001206,0.0082870000142065,0.8693600000242441,43.35654399994837,0.020959000039511,59.16339900002754
D.MOV,121,D,True,Z,0.8641866445541382,False,Z,False,False,False,True,14.005428000018584,0.0086119999878064,0.930796999909944,44.840048999958526,0.0202599999283847,59.80514599980325
D.MOV,122,D,True,Z,0.8901236653327942,False,Z,False,False,False,True,13.96813900001348,0.010375999977441,0.9386339999082338,44.97208199995839,0.0233550000530158,59.91258599991056
D.MOV,123,D,True,Z,0.8664683103561401,False,Z,False,False,False,True,14.091164000006984,0.0080940000088958,0.9058439999307666,44.63957799998752,0.0227499999709834,59.66742999990515
D.MOV,124,D,True,Z,0.8168663382530212,False,Z,False,False,False,True,14.0682310000102,0.0078980000353112,0.8662980000053722,43.25359500001014,0.0291019999849595,58.22512400004598
D.MOV,125,D,True,Z,0.8354399800300598,False,Z,False,False,False,True,14.012918000020136,0.0065870000298673,0.8972010000434238,43.17402200001652,0.0268579999556095,58.11758600006556
D.MOV,126,D,True,Z,0.7784703969955444,False,Z,False,False,False,True,14.085937999993805,0.0083359999507592,0.9058800000047996,44.76652999994712,0.0248199999077769,59.79150399980426
D.MOV,127,D,True,Z,0.7960748672485352,False,Z,False,False,False,True,13.98593500002221,0.0086969999983921,0.907578999999714,44.43956700004037,0.0228010000000722,59.36457900006076
D.MOV,128,D,True,Z,0.820704996585846,False,Z,False,False,False,True,14.027118000001336,0.0077640000881729,0.869555000008404,45.11993200003417,0.0239549999605515,60.04832400009264
D.MOV,129,D,True,Z,0.8350834846496582,False,Z,False,False,False,True,14.245499999987032,0.0074399999903107,0.9178540000220892,44.710850999990726,0.0232679999498941,59.90491299994005
D.MOV,130,D,True,Z,0.8478541374206543,False,Z,False,False,False,True,14.128032000002122,0.0080320000961364,0.9106129999736368,43.88817800008837,0.0230650000503374,58.957920000210606
D.MOV,131,D,True,Z,0.8156821131706238,False,Z,False,False,False,True,14.087447000008524,0.0088559999085191,0.9256219999542736,44.47500499998114,0.0247160000981239,59.52164599995058
D.MOV,132,D,True,Z,0.7371435165405273,False,Z,False,False,False,True,14.232404000011911,0.0099009999985355,0.9796020000294448,44.37429600000087,0.0232610000239219,59.61946400006468
D.MOV,133,D,True,Z,0.7947810292243958,False,Z,False,False,False,True,14.086778999995886,0.0088770000274962,0.9019999999964056,43.87334800003373,0.0229439999657188,58.89394800001924
D.MOV,134,D,True,Z,0.8041492104530334,False,Z,False,False,False,True,14.13561100000038,0.0088689999984126,0.9442670000225916,42.77322899997671,0.0224379999735901,57.88441399997168
D.MOV,135,D,True,Z,0.8118957877159119,False,Z,False,False,False,True,14.01946499998985,0.0081429999454485,0.8865130000685895,44.69804100006058,0.0233250000292173,59.63548700009369
D.MOV,136,D,True,Z,0.7809769511222839,False,Z,False,False,False,True,14.259944000002632,0.0079320000168081,0.8886560000291865,44.53881300003104,0.0403479999704359,59.735693000050105
D.MOV,137,D,True,Z,0.8268024921417236,False,Z,False,False,False,True,14.002905000012332,0.0088880000248536,0.928480999959902,44.67336400000477,0.0241189999314883,59.63775699993335
D.MOV,138,D,True,Z,0.8256613612174988,False,Z,False,False,False,True,14.134810999991032,0.0098089999482908,0.8499819999769898,43.55062699994505,0.0228909999577808,58.568119999819146
D.MOV,139,D,True,Z,0.8675919771194458,False,Z,False,False,False,True,14.20060300000614,0.00852899995607,0.8782539999856454,43.915850999951545,0.022325000031742,59.02556199993114
D.MOV,140,D,True,Z,0.8549023866653442,False,Z,False,False,False,True,13.887199999999211,0.007105000008778,0.9267159999808428,43.04448699997465,0.0230809999948178,57.8885889999583
D.MOV,141,D,True,Z,0.7583954930305481,False,Z,False,False,False,True,14.008590000003096,0.0086759999931018,0.9497539999756556,42.94389400001819,0.0219109999761712,57.932824999966215
D.MOV,142,D,True,Z,0.7574887275695801,False,Z,False,False,False,True,14.025310999983276,0.0243939999791109,0.9295119999706004,44.34007099996506,0.0221799999735594,59.34146799987161
D.MOV,143,D,True,Z,0.7935144901275635,False,Z,False,False,False,True,14.097098999997115,0.0076839999110234,0.8763700000145036,43.42540400000416,0.0233980000530209,58.42995499997983
D.MOV,144,D,True,Z,0.6289609670639038,False,Z,False,False,False,True,14.012658000012834,0.0078500000881831,0.8871149999549743,42.90182199997616,0.0212369999417205,57.83068199997388
D.MOV,145,D,True,Z,0.7244836688041687,False,Z,False,False,False,True,13.919832999988555,0.008023999953366,0.6114010000146664,43.79855199999838,0.0222810000423123,58.36009099999728
D.MOV,146,D,True,Z,0.8101093769073486,False,Z,False,False,False,True,13.945966000022736,0.0095860000328684,0.9240059999910956,45.23079299997335,0.0221440000132133,60.13249500003326
D.MOV,147,D,True,Z,0.7167150974273682,False,Z,False,False,False,True,14.054710000010571,0.0077990000590943,0.9024099999805912,44.55282199990052,0.0217719999682231,59.539512999919
D.MOV,148,D,True,Z,0.6154385209083557,False,Z,False,False,False,True,14.30972999997948,0.0076970000009168,0.8575709999831815,55.77559599998949,0.0227710000899605,70.97336500004303
D.MOV,149,D,True,Z,0.6415703892707825,False,Z,False,False,False,True,14.103153999997176,0.0089250000883112,0.6951359999902706,49.31975199997396,0.0235869999869464,64.15055400003666
D.MOV,150,D,True,Z,0.5365152359008789,False,Z,False,False,False,True,14.071515000011914,0.0078330000405912,0.8638369999971474,43.31782400004158,0.0214479999840477,58.28245700007528
D.MOV,151,D,True,Z,0.6047992706298828,False,Z,False,False,False,True,13.916931000011346,0.0064060000113386,0.893888999939918,43.26264300004823,0.0231179999445885,58.10298699995542
D.MOV,152,D,True,Z,0.6233712434768677,False,Z,False,False,False,True,13.810184999982766,0.007881999977144,0.8676019999711571,43.11435700003585,0.0235400000292429,57.82356599999616
D.MOV,153,D,True,Z,0.6911622285842896,False,Z,False,False,False,True,13.852095000004285,0.0071489999982077,0.8668590000979748,45.85982799994781,0.0228569999762839,60.60878800002456
D.MOV,154,D,True,Z,0.6499539017677307,False,Z,False,False,False,True,13.870989000025702,0.0066139999717051,0.9133600000268416,45.237676000056126,0.0230269999974552,60.05166600007783
D.MOV,155,D,True,Z,0.7912238240242004,False,Z,False,False,False,True,14.056917000004889,0.0087909999137991,0.9206920000224272,46.06931600005737,0.0215400000342924,61.077256000032776
E.MOV,0,E,True,A,0.9922692775726318,False,A,False,False,False,True,14.307266000002985,0.011066000070059,0.9091850000686464,50.946226999940336,0.0226050000264876,66.19634900010851
E.MOV,1,E,True,A,0.9972737431526184,False,A,False,False,False,True,14.265493000010563,0.0090739999905054,0.5678710000438514,49.91616000006616,0.0252209999871411,64.78381900009822
E.MOV,2,E,True,A,0.994706094264984,False,A,False,False,False,True,14.40902100000585,0.0089799999614115,0.5845709999903193,48.36588099999517,0.0231179999445885,63.39157099989734
E.MOV,3,E,True,A,0.9951979517936708,False,A,False,False,False,True,14.184827999997651,0.008103000027404,0.520144999995864,43.90832700005376,0.0225659999841809,58.64396900005886
E.MOV,4,E,True,A,0.994160294532776,False,A,False,False,False,True,14.913591999999198,0.0078129999110387,0.5068550000260075,44.15666099998816,0.0219240000660647,59.60684499999047
E.MOV,5,E,True,A,0.9954212307929992,False,A,False,False,False,True,14.031371000015724,0.0074230000564057,0.5577619999712624,44.10752000001139,0.0225329999921086,58.72660900004689
E.MOV,6,E,True,A,0.9945815205574036,False,A,False,False,False,True,13.987298000017743,0.0075129999004275,0.5071629999520155,44.01043300003949,0.0219099999867466,58.53431699989642
E.MOV,7,E,True,A,0.9931697845458984,False,A,False,False,False,True,13.994535999984237,0.0071670000352241,0.540438000030008,43.34936899999775,0.0229629999921598,57.91447300003938
E.MOV,8,E,True,A,0.991211712360382,False,A,False,False,False,True,14.051261000020077,0.0076179999268788,0.5116849999922124,43.45848900004512,0.022019999960321,58.05107299994461
E.MOV,9,E,True,A,0.9989487528800964,False,A,False,False,False,True,14.294943999999532,0.0078199999506978,0.5194660000142903,44.72085500003686,0.0244340000108422,59.56751900001223
E.MOV,10,E,True,A,0.9985371828079224,False,A,False,False,False,True,14.758153000002494,0.0065279999716949,0.7659469999907742,43.55373599992163,0.0209989999575554,59.10536299984415
E.MOV,11,E,True,A,0.9982897639274596,False,A,False,False,False,True,14.175330000000486,0.0090309999905002,0.8719070000324791,47.34839599996121,0.0216869999576374,62.42635099994232
E.MOV,12,E,True,A,0.9948557615280152,False,A,False,False,False,True,14.20625299999756,0.0084329999481269,0.8135009999250542,46.686661999956414,0.0273990000323465,61.7422479998595
E.MOV,13,E,True,A,0.9968241453170776,False,A,False,False,False,True,14.11135499998295,0.0088990000222111,0.857165999946119,44.04385700001967,0.0183509999942543,59.039627999965205
E.MOV,14,E,True,A,0.9965665340423584,False,A,False,False,False,True,14.37500400001568,0.0074409999797353,0.5324379999365192,47.45556799991846,0.0241640000240295,62.39461499987442
E.MOV,15,E,True,A,0.9978933930397034,False,A,False,False,False,True,14.216327000013962,0.0075410000590636,0.5649150000408554,44.47809299995242,0.0219060000290483,59.28878200009535
E.MOV,16,E,True,A,0.994728147983551,False,A,False,False,False,True,14.23536299998318,0.0068100000589765,0.5206559999351157,44.3144900000334,0.0218160000713396,59.099135000082015
E.MOV,17,E,True,A,0.9948875308036804,False,A,False,False,False,True,14.13643799997999,0.008379999940189,0.5692370000360825,43.1943380000348,0.0227520000635195,57.931145000054585
E.MOV,18,E,True,A,0.9958763122558594,False,A,False,False,False,True,14.193868999996084,0.015277999978025,0.5637939999587616,44.14289800001825,0.0233050000133516,58.93914399996447
E.MOV,19,E,True,A,0.9979440569877625,False,A,False,False,False,True,14.214801999997915,0.0084879999349141,0.8499929999743472,43.29117999998289,0.0206239999442914,58.38508699983436
E.MOV,20,E,True,A,0.9983970522880554,False,A,False,False,False,True,14.153154000013046,0.0097270000196658,0.8755339999879652,42.7381570000307,0.0200409999706607,57.79661300002204
E.MOV,21,E,True,A,0.9977038502693176,False,A,False,False,False,True,14.770685000002004,0.0076540000009117,0.8366160000150558,43.598399000075005,0.021468999989338,59.23482300008232
E.MOV,22,E,True,A,0.9985051155090332,False,A,False,False,False,True,14.342167999984667,0.0082969999084525,0.5743850000499151,44.895386999996845,0.0228310000238707,59.84306799996375
E.MOV,23,E,True,A,0.9990002512931824,False,A,False,False,False,True,14.097104999962085,0.0100820000170642,0.5548390000740255,48.94906999993509,0.0244670000029145,63.63556299999118
E.MOV,24,E,True,A,0.998659372329712,False,A,False,False,False,True,14.00484300000926,0.0092180000592634,0.8073810000723824,48.8217419999728,0.0205210000103761,63.66370500012408
E.MOV,25,E,True,A,0.9983906745910645,False,A,False,False,False,True,13.988356000027125,0.0085670000089521,0.9654429999272908,45.16856300006111,0.0373350000018035,60.16826400002629
E.MOV,26,E,True,A,0.997579038143158,False,A,False,False,False,True,14.00278400001298,0.0087070000063249,0.5177059999823541,44.915805000073306,0.0219269999206517,59.466928999995616
E.MOV,27,E,True,A,0.9972007274627686,False,A,False,False,False,True,14.089810000029956,0.0122289999353597,0.9101140000211672,60.778312000024926,0.0211110000236658,75.81157600003507
E.MOV,28,E,True,A,0.9982367753982544,False,A,False,False,False,True,14.157328999999663,0.0094250000302054,0.5357620000268071,43.70277599991823,0.0237499999684587,58.429041999943365
E.MOV,29,E,True,A,0.9977148771286012,False,A,False,False,False,True,14.1760319999662,0.0081069999851024,0.801895999984481,44.04423300002236,0.0194189999547234,59.04968699991287
E.MOV,30,E,True,A,0.9956335425376892,False,A,False,False,False,True,14.008016999980557,0.0084439999454843,0.875092000001132,42.99613099999533,0.0257680000004256,57.91345199992293
E.MOV,31,E,True,A,0.9979830980300904,False,A,False,False,False,True,13.917017000039776,0.0089290000460096,0.982576999945195,43.51832700001523,0.0222310000026482,58.449081000048864
E.MOV,32,E,True,A,0.9977349042892456,False,A,False,False,False,True,14.020304000041506,0.0090089999957854,0.9316150000131528,44.04495400001451,0.0383569999939936,59.04423900005895
E.MOV,33,E,True,A,0.9983569979667664,False,A,False,False,False,True,14.283274000035815,0.0096820000408115,0.9609210000007806,47.2515830000475,0.0235670000847676,62.52902700020968
E.MOV,34,E,True,A,0.9985405206680298,False,A,False,False,False,True,14.184845000045245,0.0110999999378691,0.8530430000064371,44.06468299998778,0.0242799999341514,59.13795099991148
E.MOV,35,E,True,A,0.9975289702415466,False,A,False,False,False,True,14.038816000038423,0.0157839999701536,0.868419999960679,44.47061200005464,0.021868000089853,59.41550000011375
E.MOV,36,E,True,A,0.9974420070648192,False,A,False,False,False,True,14.088528999991468,0.0090129999534838,0.8777500000860528,46.65260600006605,0.020543000005091,61.64844100010214
E.MOV,37,E,True,A,0.9977298378944396,False,A,False,False,False,True,13.98349299995516,0.0070139999479579,0.4923820000612977,46.04684500009171,0.0190150000207722,60.548749000076896
E.MOV,38,E,True,A,0.997589945793152,False,A,False,False,False,True,14.101078999999572,0.0081040000168286,0.8840730000656549,45.83609600001637,0.0249099999791724,60.8542620000776
E.MOV,39,E,True,A,0.9979650974273682,False,A,False,False,False,True,15.19679300002963,0.0071929999876374,0.7956679999097105,43.25290099995982,0.0197279999838428,59.27228299987064
E.MOV,40,E,True,A,0.998342514038086,False,A,False,False,False,True,14.171689000022525,0.0074829999903158,0.8344320000333028,44.56958100001884,0.0197429999388987,59.602928000003885
E.MOV,41,E,True,A,0.9986749291419984,False,A,False,False,False,True,13.990573999990374,0.0081250000221189,0.8194700000103694,44.72408699996322,0.0232050000477102,59.56546100003379
E.MOV,42,E,True,A,0.9978083968162536,False,A,False,False,False,True,14.030496000032144,0.0083370000538707,0.7991259999471367,43.97385699996903,0.0237770000239834,58.835593000026165
E.MOV,43,E,True,A,0.9977535605430604,False,A,False,False,False,True,17.785044999982347,0.0103479999324918,0.8434210000132225,44.69871000003423,0.024420000045211,63.3619440000075
E.MOV,44,E,True,A,0.9974396228790284,False,A,False,False,False,True,14.199302999998054,0.0091680000195992,0.8315830000356073,44.14288700002089,0.0246370000240858,59.20757800009824
E.MOV,45,E,True,A,0.9970327615737916,False,A,False,False,False,True,13.99717000003875,0.0098099999377154,0.9395559999347824,44.70968299995093,0.0226580000344256,59.6788769998966
E.MOV,46,E,True,A,0.9973806738853456,False,A,False,False,False,True,14.002611999956116,0.0082609999481064,0.8200490000263017,44.16602600008446,0.020898999991914,59.017847000006896
E.MOV,47,E,True,A,0.9979172348976136,False,A,False,False,False,True,14.084685000000263,0.0087519999851792,0.545792000025358,43.82477100000415,0.0420899999653556,58.506089999980304
E.MOV,48,E,True,A,0.9979966282844543,False,A,False,False,False,True,13.858935000030217,0.0092600000698439,0.5006059999459467,44.42347899998822,0.0238699999499658,58.81614999998419
E.MOV,49,E,True,A,0.9975021481513976,False,A,False,False,False,True,14.161978999993607,0.0097189999905822,0.5410339999798452,43.40542299996741,0.0233650000609486,58.1415199999924
E.MOV,50,E,True,A,0.9971674084663392,False,A,False,False,False,True,13.954001999991306,0.0083280000353624,0.5509620000339055,43.42452999992474,0.0234719999525623,57.96129399993788
E.MOV,51,E,True,A,0.9973984956741332,False,A,False,False,False,True,14.053291999971409,0.0088839999534684,0.5659699999114309,43.73038000005636,0.0243609999870386,58.3828869998797
E.MOV,52,E,True,A,0.9974874258041382,False,A,False,False,False,True,14.263617999972666,0.00894499999049,0.5191220000142494,42.6978320000444,0.0225490000502759,57.51206600007208
E.MOV,53,E,True,A,0.997514009475708,False,A,False,False,False,True,14.27382200000693,0.007889000016803,0.5593679999265078,42.53452399996149,0.0207460000183346,57.39634899993007
E.MOV,54,E,True,A,0.9966992735862732,False,A,False,False,False,True,14.13332299995318,0.0082489999613244,0.514365000071848,43.25448700001289,0.0183869999546004,57.92881099995384
E.MOV,55,E,True,A,0.9977565407752992,False,A,False,False,False,True,14.014777999989292,0.0061250000271684,0.5015250000042215,42.71065199998248,0.0191860000313681,57.25226600003453
E.MOV,56,E,True,A,0.9979594945907592,False,A,False,False,False,True,14.037709999968229,0.0068629999532277,0.5351830000108748,43.467171999964194,0.0179060000391473,58.06483399993567
E.MOV,57,E,True,A,0.997269093990326,False,A,False,False,False,True,14.033343999983572,0.00833399997191,0.5196040000328139,45.62206100001731,0.0231090000397671,60.206452000045374
E.MOV,58,E,True,A,0.997666597366333,False,A,False,False,False,True,13.996747000021514,0.0075890000061917,0.5007859999750508,44.59037200001603,0.0203309999733392,59.11582499999213
E.MOV,59,E,True,A,0.9978176355361938,False,A,False,False,False,True,14.575728000011168,0.0085969999190638,0.5073390000234212,45.500552000021344,0.0210959999549231,60.61331199992992
E.MOV,60,E,True,A,0.999009609222412,False,A,False,False,False,True,13.918773000000328,0.0074959999665225,0.4910769999924014,42.938344000049256,0.0188469999784501,57.37453699998696
E.MOV,61,E,True,A,0.9976784586906432,False,A,False,False,False,True,14.20282699996278,0.0241019999975833,0.5151919999661914,44.22988400006034,0.0230219999366454,58.99502699992354
E.MOV,62,E,True,A,0.9977299571037292,False,A,False,False,False,True,14.030101000003016,0.0061480000113078,0.4990580000594491,43.404859000020224,0.0208720000500761,57.96103800014407
E.MOV,63,E,True,A,0.9983800649642944,False,A,False,False,False,True,14.26236700001482,0.0079440000035901,0.524431000030745,42.55034200002683,0.0199450000764045,57.36502900015239
E.MOV,64,E,True,A,0.9983206391334534,False,A,False,False,False,True,13.920898999970175,0.0070349999532481,0.5533539999760251,42.36833000004481,0.019491999978527,56.869109999922784
E.MOV,65,E,True,A,0.9988749623298644,False,A,False,False,False,True,14.180823000003784,0.0100690000408576,0.9123790000558074,44.66989799993826,0.0234100000398029,59.79657900007851
E.MOV,66,E,True,A,0.9974873065948486,False,A,False,False,False,True,13.967491999949289,0.0069829999347348,0.8334679999961736,44.07497500005775,0.0205320000077335,58.90344999994568
E.MOV,67,E,True,A,0.9983939528465272,False,A,False,False,False,True,14.037910000013198,0.0072650000220164,0.8582030000070517,44.602177999991,0.0192070000366584,59.524763000069925
E.MOV,68,E,True,A,0.9976940751075744,False,A,False,False,False,True,14.259957000035683,0.0079889999824445,0.8482730000878291,43.06367499998487,0.0201839999363073,58.20007800002713
E.MOV,69,E,True,A,0.9977594614028932,False,A,False,False,False,True,14.126690000011877,0.0068179999743733,0.8624769999414639,43.060606000040025,0.0208680000923777,58.07745900006012
E.MOV,70,E,True,A,0.9982319474220276,False,A,False,False,False,True,13.88396599998032,0.0098510000725582,0.8453900001086367,43.73107800006437,0.019843000018227,58.49012800024411
E.MOV,71,E,True,A,0.9987245202064514,False,A,False,False,False,True,14.003645999991932,0.0069070000563442,0.4801540000016757,43.390251000005264,0.0216390000105093,57.902597000065725
E.MOV,72,E,True,A,0.997079372406006,False,A,False,False,False,True,13.979891000019506,0.0071849999585538,0.8214450000423312,46.28247599998758,0.0335659999564086,61.12456299996438
E.MOV,73,E,True,A,0.9970040917396544,False,A,False,False,False,True,14.18208299998014,0.0087870000697876,0.8656550000978314,44.532440000011775,0.0203800000235787,59.60934500018311
E.MOV,74,E,True,A,0.9988968372344972,False,A,False,False,False,True,14.295093000043837,0.0187149998964741,0.7610589999558215,42.93822899990119,0.0198480000790368,58.03294399987635
E.MOV,75,E,True,A,0.9984418749809264,False,A,False,False,False,True,14.34676900004206,0.0082009999005094,0.816517000089334,44.91877399993882,0.0202659999786192,60.11052699994934
E.MOV,76,E,True,A,0.9971482157707214,False,A,False,False,False,True,14.208429999996495,0.0085489999719357,0.9032559999013756,44.83174200004214,0.0199419999944439,59.97191899990639
E.MOV,77,E,True,A,0.9984011054039,False,A,False,False,False,True,14.047966000021006,0.0073459999612168,0.835932000086359,43.87551000002077,0.0212129999681565,58.78796700005751
E.MOV,78,E,True,A,0.9971444010734558,False,A,False,False,False,True,13.982605000023796,0.0063599999293728,0.7811420000507496,44.382690000020375,0.022690999912811,59.175487999937104
E.MOV,79,E,True,A,0.9977983832359314,False,A,False,False,False,True,14.149361000022507,0.0085519999402094,0.8243779999475009,45.68302200004837,0.0211330000183807,60.68644599997697
E.MOV,80,E,True,A,0.9969772100448608,False,A,False,False,False,True,14.29966300003116,0.0089190000380767,0.782197000035012,44.562273999986246,0.0212239999655139,59.67427700005601
E.MOV,81,E,True,A,0.9965006113052368,False,A,False,False,False,True,14.0327569999954,0.0092170000698388,0.876357000038297,43.865529000072456,0.0209429999813437,58.804803000157335
E.MOV,82,E,True,A,0.9974879026412964,False,A,False,False,False,True,14.161632999957874,0.0073789999532891,0.8262930000455526,42.789129999960096,0.0217999998994855,57.8062349998163
E.MOV,83,E,True,A,0.9976634979248048,False,A,False,False,False,True,14.19749500001899,0.0075689999903261,0.8286700000326164,42.830033999962325,0.020826999957535,57.88459499996179
E.MOV,84,E,True,A,0.999113142490387,False,A,False,False,False,True,14.04170799997928,0.0075550000246948,0.8295790000829584,45.05076600003122,0.0225510000291251,59.95215900014728
E.MOV,85,E,True,A,0.9995174407958984,False,A,False,False,False,True,14.220484000020406,0.0084320000723892,0.9622210000088672,46.54930999993212,0.038906999975552,61.77935400000933
E.MOV,86,E,True,A,0.9993450045585632,False,A,False,False,False,True,14.106863000051815,0.0084600000036516,0.942106000024978,44.01302000007945,0.0208969998993779,59.09134600005928
E.MOV,87,E,True,A,0.9992436170578004,False,A,False,False,False,True,14.18097499998794,0.009863999935078,0.8629559999917547,44.30224299994734,0.0210900000183755,59.377127999880486
E.MOV,88,E,True,A,0.9962039589881896,False,A,False,False,False,True,13.99617900000294,0.0215869999919959,0.8335490000490609,44.20366599993031,0.0223750000714062,59.07735600004571
E.MOV,89,E,True,A,0.9958779811859132,False,A,False,False,False,True,14.173534000008203,0.0082169999586767,0.847600000042803,43.63932100000056,0.0194539999256448,58.68812599993589
E.MOV,90,E,True,A,0.9937868118286132,False,A,False,False,False,True,14.313975999982633,0.0075050000987175,0.8635420000473459,43.46146000000317,0.0384720000283778,58.68495500016024
E.MOV,91,E,True,A,0.995499551296234,False,A,False,False,False,True,13.96439399997007,0.0086499999270017,0.8473849999290906,42.65924300000279,0.0209099999892714,57.50058199981822
E.MOV,92,E,True,A,0.9967490434646606,False,A,False,False,False,True,14.188391000004684,0.0075290000722816,0.83156699997744,43.035550000013245,0.0192300000207978,58.08226700008845
E.MOV,93,E,True,A,0.9958069324493408,False,A,False,False,False,True,14.123946999973214,0.0075419999348014,0.792748999970172,43.425029999980325,0.0208969998993779,58.37016499975789
E.MOV,94,E,True,A,0.9856745600700378,False,A,False,False,False,True,14.566240000021937,0.0074840000934273,0.7875530000092112,42.61578199998439,0.018363999970461,57.99542300007943
E.MOV,95,E,True,A,0.9920071363449096,False,A,False,False,False,True,14.428952999992362,0.0073399999109824,0.4877679999708562,42.72570500006623,0.0221799999735594,57.67194599991399
E.MOV,96,E,True,A,0.9926910996437072,False,A,False,False,False,True,14.198446000023068,0.0066210000113642,0.5388309999716512,42.09015799995086,0.0221559999999954,56.85621199995694
E.MOV,97,E,True,A,0.9810822010040284,False,A,False,False,False,True,14.82116199997563,0.0077720000035697,0.8223859999816341,42.99608899998475,0.0201779999997597,58.66758699994534
E.MOV,98,E,True,A,0.9484502673149108,False,A,False,False,False,True,14.60940499998742,0.0080209999850922,0.8337119999168863,43.48240400008763,0.0216820000105144,58.95522399998754
E.MOV,99,E,True,A,0.9816538095474244,False,A,False,False,False,True,13.967906999994284,0.008309999998346,0.9001599999010068,43.286305999913566,0.0221249999867723,58.184807999793975
E.MOV,100,E,True,A,0.9912540316581726,False,A,False,False,False,True,14.004038999985369,0.0082660000089163,0.8636400000341382,44.90679400009867,0.0216270000237273,59.80436600015082
E.MOV,101,E,True,A,0.9903325438499452,False,A,False,False,False,True,14.273149000018748,0.0094430000672218,0.7900289999724919,43.21848100005354,0.0227740000582343,58.31387600017024
E.MOV,102,E,True,A,0.9970542192459106,False,A,False,False,False,True,13.9736020000214,0.0077390000114974,0.8096780001096704,42.55474599995068,0.0209009999707632,57.366666000064015
E.MOV,103,E,True,A,0.9976231455802916,False,A,False,False,False,True,14.061910000009448,0.0085199999375618,0.7847379999930126,43.561558999954286,0.0204500000791085,58.43717699997342
E.MOV,104,E,True,A,0.9994305968284608,False,A,False,False,False,True,13.980815999957484,0.0065200000562981,0.7698549999304305,43.60469800008104,0.0322360000382104,58.39412500006347
E.MOV,105,E,True,A,0.999479115009308,False,A,False,False,False,True,14.33182900001384,0.0071540000590175,0.7921530000203347,43.54121500000474,0.0216789999285538,58.69403000002649
E.MOV,106,E,True,A,0.9997811913490297,False,A,False,False,False,True,14.124429999981205,0.0077010000723021,0.8575350000228354,42.807513000070685,0.0193030000446015,57.81648200019163
E.MOV,107,E,True,A,0.99974924325943,False,A,False,False,False,True,14.087357999983396,0.0070230000801529,0.802179999936925,45.33308500003841,0.0208110000130545,60.25045700005194
E.MOV,108,E,True,A,0.9995142221450806,False,A,False,False,False,True,14.13652200000115,0.0076800000670118,0.8384840000417171,47.71941000001334,0.0214120000237016,62.72350800014692
E.MOV,109,E,True,A,0.9997214674949646,False,A,False,False,False,True,14.142782000021723,0.007472999982383,0.565337000011823,43.08071800005564,0.0200260000156049,57.816336000087176
E.MOV,110,E,True,A,0.999733030796051,False,A,False,False,False,True,14.19537900000023,0.0074490000088189,0.8240489999025158,42.92603099997905,0.0197580000076413,57.972665999898254
E.MOV,111,E,True,A,0.9997350573539734,False,A,False,False,False,True,13.953711999988627,0.0062549999029215,0.8236880000822566,44.18685100006314,0.0306399999772111,59.00114600001416
E.MOV,112,E,True,A,0.9996047616004944,False,A,False,False,False,True,13.997130999996443,0.0075649999189408,0.7782609999367196,43.64988700001504,0.019908000012947,58.45275199988009
E.MOV,113,E,True,A,0.9994993209838868,False,A,False,False,False,True,13.95393600000716,0.0068250000140324,0.8354039999858287,46.0097829999313,0.0208740000289253,60.82682199996725
E.MOV,114,E,True,A,0.9989268183708192,False,A,False,False,False,True,14.11923799997794,0.007331000006161,0.900794000017413,44.00757700000213,0.0182830000312606,59.053223000034905
E.MOV,115,E,True,A,0.986812174320221,False,A,False,False,False,True,13.994902000035836,0.0073969999903056,0.8509310000590631,44.25120099995184,0.0186729999995804,59.12310400003662
E.MOV,116,E,True,A,0.9906854033470154,False,A,False,False,False,True,13.869169000031434,0.0067930000113847,0.5011370000147508,43.846178999956464,0.0199529999918013,58.24323100000584
E.MOV,117,E,True,A,0.9648863673210144,False,A,False,False,False,True,14.036700000019664,0.0071619999744143,0.7923619999701259,43.77516099998502,0.0193140000419589,58.63069899999118
E.MOV,118,E,True,A,0.9717755913734436,False,A,False,False,False,True,14.05302699998856,0.007763999974486,0.7686809999540856,43.268756000088615,0.020061999975951,58.1182899999817
E.MOV,119,E,True,A,0.9814017415046692,False,A,False,False,False,True,13.932603000000654,0.0067210000906925,0.7858550000037212,43.10596699997405,0.0205680000817665,57.85171400015088
E.MOV,120,E,True,A,0.989570379257202,False,A,False,False,False,True,14.110525000035068,0.0060290000192253,0.8262459999741623,46.55378999996174,0.0193729999864444,61.51596299997664
E.MOV,121,E,True,A,0.9910379648208618,False,A,False,False,False,True,13.96042999999736,0.0072750000299492,0.7732200000418743,42.6266139999143,0.0199349999547848,57.387473999938265
E.MOV,122,E,True,A,0.987438976764679,False,A,False,False,False,True,13.953019999974003,0.0058970000509361,0.7680180000306791,43.48058999994464,0.0185939999255424,58.2261189999258
E.MOV,123,E,True,A,0.9920198321342468,False,A,False,False,False,True,13.829938000014865,0.0062159999743016,0.7537509999337999,42.69827500002066,0.0189149999414439,57.30709499988507
E.MOV,124,E,True,A,0.9853942394256592,False,A,False,False,False,True,13.940058000002864,0.0066259999584872,0.8286309999903096,43.487539000011566,0.0265329999820096,58.28938699994524
E.MOV,125,E,True,A,0.9846723675727844,False,A,False,False,False,True,14.058950999981334,0.0071150000167108,0.8107219999828885,42.78855799998382,0.0183170000127574,57.68366299997752
E.MOV,126,E,True,A,0.9834895133972168,False,A,False,False,False,True,14.00888500000974,0.0067240000589663,0.7800959999713086,44.37364500006424,0.020543000005091,59.18989300010935
E.MOV,127,E,True,A,0.9903069734573364,False,A,False,False,False,True,14.25169399999504,0.007201000016721,0.763907999953517,44.36845399993672,0.0197100000605132,59.41096699996251
E.MOV,128,E,True,A,0.9928478002548218,False,A,False,False,False,True,14.007431999971232,0.0072070000669555,0.4988160000038988,42.21000900008676,0.0224189999471491,56.74588300007599
E.MOV,129,E,True,A,0.9880844950675964,False,A,False,False,False,True,14.03815899999472,0.008038000032684,0.5361459999448925,43.18896099994163,0.0224909999815281,57.793794999895454
E.MOV,130,E,True,A,0.991588056087494,False,A,False,False,False,True,14.03600800000504,0.009147000014309,0.8437729999286603,44.02365499993266,0.0196519999917654,58.93223499987244
E.MOV,131,E,True,A,0.9921374917030334,False,A,False,False,False,True,13.928082000006723,0.0079310000273835,0.9000880000940015,43.96724799994445,0.0199329999759356,58.82328200004849
E.MOV,132,E,True,A,0.9921230673789978,False,A,False,False,False,True,14.26588599997558,0.0060759999769288,0.8109069999591156,46.65923400000338,0.0323470000012093,61.77444999991621
E.MOV,133,E,True,A,0.9966711401939392,False,A,False,False,False,True,14.880819999973482,0.0103710000303181,0.7859449999614299,51.00032799998644,0.0206250000474028,66.69808899999907
E.MOV,134,E,True,A,0.9969609379768372,False,A,False,False,False,True,14.324595999994472,0.0063979999822549,0.7700520000071265,42.937805000065055,0.0234780000027967,58.0623290000517
E.MOV,135,E,True,A,0.9987379908561708,False,A,False,False,False,True,13.90310499999714,0.0242490000346151,0.8311500000672822,43.69251399998575,0.0226879999445372,58.47370600002933
E.MOV,136,E,True,A,0.997825801372528,False,A,False,False,False,True,14.838673999975072,0.0090280000222264,0.6902760000002672,43.9425229999415,0.0216820000105144,59.50218299994958
E.MOV,137,E,True,A,0.997467875480652,False,A,False,False,False,True,13.965267000003225,0.0079080000432441,0.7810910000216609,43.2252849999486,0.0197630000684512,57.99931400008518
E.MOV,138,E,True,A,0.9987115859985352,False,A,False,False,False,True,14.103416000011748,0.0066789999664251,0.8758430000170847,42.61718300006123,0.0189879999652475,57.62210900002174
E.MOV,139,E,True,A,0.998790681362152,False,A,False,False,False,True,14.102777000005062,0.0054680000403095,0.773968999965291,43.03583599994454,0.0203749999627689,57.93842499991797
E.MOV,140,E,True,A,0.9996267557144164,False,A,False,False,False,True,14.085346000001664,0.0056119999953807,0.7748799999944822,45.119750000026215,0.0210029999152538,60.006590999933
E.MOV,141,E,True,A,0.9997822642326356,False,A,False,False,False,True,14.004544999977496,0.0056830000403351,0.8070080000379676,44.60229799997251,0.0197959999468366,59.43932999997514
E.MOV,142,E,True,A,0.9990299940109252,False,A,False,False,False,True,13.961447000042426,0.0057359999345862,0.7699989999991885,44.89726700001029,0.0402100000655991,59.67465900005209
F.MOV,0,F,True,Z,0.6264260411262512,False,Z,False,False,False,True,14.187038000045504,0.0096300000222981,0.9708740000178296,44.48616799993488,0.0228709999419152,59.676580999962425
F.MOV,1,F,True,Z,0.5842429995536804,False,Z,False,False,False,True,14.060411999992084,0.00791799993749,0.9190800000169476,42.93590200006747,0.0249409999923955,57.94825300000639
F.MOV,2,F,True,Z,0.7169508934020996,False,Z,False,False,False,True,13.949606000039694,0.0097129999403478,0.935229999981857,42.48173899998165,0.0272910000376214,57.40357899998117
F.MOV,3,F,True,Z,0.7055562138557434,False,Z,False,False,False,True,14.033971000003476,0.0069560001065838,0.8881589999418793,42.932091000011496,0.0232269999287382,57.88440399999217
F.MOV,4,F,True,Z,0.7380325794219971,False,Z,False,False,False,True,14.01878299998316,0.0077139999348219,0.882415999967634,43.27967500000796,0.0234430000318752,58.212030999925446
F.MOV,5,F,True,Z,0.802782416343689,False,Z,False,False,False,True,14.308991000007154,0.0074420000828467,0.8763289999933477,42.490292000024965,0.0195090000261188,57.70256300013443
F.MOV,6,F,True,Z,0.7835299372673035,False,Z,False,False,False,True,13.980393999986518,0.007342999992943,0.866591999965749,43.72950999993464,0.0187570000207415,58.602595999900586
F.MOV,7,F,True,Z,0.8602865934371948,False,Z,False,False,False,True,14.004685999964297,0.0076369999533199,0.9102450000000316,42.74269000006825,0.0228840000318086,57.688142000017706
F.MOV,8,F,True,Z,0.8876734375953674,False,Z,False,False,False,True,14.22947900005056,0.0082039999824701,0.8969399999614325,42.82993799995438,0.023166999994828,57.98772799994367
F.MOV,9,F,True,Z,0.8470674157142639,False,Z,False,False,False,True,14.136232999987897,0.0078500000881831,0.9648389999483696,45.34601000000293,0.0261000000136846,60.48103200004107
F.MOV,10,F,True,Z,0.8945630788803101,False,Z,False,False,False,True,14.145284999983687,0.0078090000670272,0.9027919999198276,43.78522299998622,0.0243970000610715,58.86550600001783
F.MOV,11,F,True,Z,0.8923900127410889,False,Z,False,False,False,True,14.331151000021691,0.0086970001120789,0.8857610000632121,43.56379000000743,0.0225999999656778,58.81199900017009
F.MOV,12,F,True,Z,0.9139449596405028,False,Z,False,False,False,True,14.065969000000678,0.0104119999377871,0.8889309999631223,43.63877800005866,0.0231039999789572,58.62719399993921
F.MOV,13,F,True,Z,0.94412761926651,False,Z,False,False,False,True,14.174520000040047,0.0101649999351138,0.9501389999968524,44.74051800002599,0.0245259999474001,59.8998679999454
F.MOV,14,F,True,Z,0.9537591934204102,False,Z,False,False,False,True,13.907480000000303,0.0087240000539168,0.9372869999424438,43.70099699997354,0.0235459999657905,58.578033999936
F.MOV,15,F,True,Z,0.9485812783241272,False,Z,False,False,False,True,14.114048999999795,0.0073170000405298,0.9718019999809258,44.17202600006931,0.0298360000670072,59.29503000015757
F.MOV,16,F,True,Z,0.9575096368789672,False,Z,False,False,False,True,14.019254999993793,0.0087180000036823,0.90605200000482,43.68698399991899,0.023361999978988,58.64437099990028
F.MOV,17,F,True,Z,0.9299431443214417,False,Z,False,False,False,True,14.196765000008329,0.0083520000089265,0.9197509999694377,43.01277000001846,0.0202630000103454,58.1579010000155
F.MOV,18,F,True,Z,0.9028338193893432,False,Z,False,False,False,True,14.051658000028056,0.0079080000432441,0.8717460000298161,42.91598100007832,0.0199070000235224,57.86720000020296
F.MOV,19,F,True,Z,0.880505383014679,False,Z,False,False,False,True,13.90567400000009,0.0073769999744399,0.8871040000713037,42.86722200004078,0.0190800000154922,57.68645700010211
F.MOV,20,F,True,Z,0.854263961315155,False,Z,False,False,False,True,13.934567000035258,0.0058199999557473,0.8773490000066886,42.52028899998095,0.019438999970589,57.35746399994923
F.MOV,21,F,True,Z,0.8174187541007996,False,Z,False,False,False,True,14.307395000002998,0.0065199999426113,0.8994780000648461,43.4623549999742,0.0196559999494638,58.69540399993412
F.MOV,22,F,True,Z,0.6996169090270996,False,Z,False,False,False,True,14.055694999967727,0.0069530000246231,0.909691000060775,42.05289999993056,0.0200900000209003,57.045329000004585
F.MOV,23,F,True,Z,0.7584487795829773,False,Z,False,False,False,True,14.3216409999809,0.0074319999612271,0.8796199999778764,44.65824400006113,0.0208069999416693,59.887743999922805
F.MOV,24,F,True,Z,0.650378942489624,False,Z,False,False,False,True,14.38344899997901,0.0070160000404939,0.862324999957309,42.60895600009462,0.0223219999497814,57.884068000021216
F.MOV,25,F,True,Z,0.7201160192489624,False,Z,False,False,False,True,14.065111000036268,0.0071880000405144,0.6066939999982424,43.05313600002592,0.021206999917922,57.75333600001886
F.MOV,26,F,True,Z,0.6764394640922546,False,Z,False,False,False,True,14.13034099999777,0.0068550000378309,0.899168000046302,42.88625699996373,0.0212010000950613,57.9438220001407
F.MOV,27,F,True,Z,0.5829117894172668,False,Z,False,False,False,True,14.051015999996253,0.0073850000035236,0.9291669999811348,43.79739500006963,0.0234869999076181,58.80844999995816
F.MOV,28,F,True,Z,0.6335403919219971,False,Z,False,False,False,True,14.215014000001249,0.0064229999452436,0.9058440000444534,42.17953300008048,0.0178330000153437,57.32464700008677
F.MOV,29,F,True,Z,0.6333172917366028,False,Z,False,False,False,True,14.238111000054232,0.005693000048268,0.908757999923182,43.00997600000756,0.0211430000263135,58.18368100005955
F.MOV,30,F,True,Z,0.5970646739006042,False,Z,False,False,False,True,14.194470000006731,0.007617000051141,1.0087940000857998,43.11925000001793,0.0181770000153846,58.348308000176985
F.MOV,31,F,True,Z,0.5878835320472717,False,Z,False,False,False,True,14.061968999953931,0.0065149999954883,0.6261959999847022,43.169490999957816,0.0207909999971889,57.88496199988913
F.MOV,32,F,True,Z,0.6236687302589417,False,Z,False,False,False,True,15.215569000019968,0.0068870000404785,0.933527000029244,44.12345899993397,0.0232589999313859,60.30270099995505
F.MOV,33,F,True,Z,0.5920486450195312,False,Z,False,False,False,True,15.934488000027612,0.0073129999691445,1.0240159999739262,42.544658999986495,0.0223249999180552,59.53280099987524
F.MOV,34,F,True,Z,0.6390920877456665,False,Z,False,False,False,True,14.04129100001228,0.0067029999399892,0.9481110000706394,44.62735300000986,0.0220279999894046,59.645486000022174
F.MOV,35,F,True,Z,0.6171092987060547,False,Z,False,False,False,True,14.16967300002625,0.0062200000456869,0.9242119999726128,44.042525000008936,0.0217410000686868,59.16437100012217
F.MOV,36,F,True,Z,0.6645036935806274,False,Z,False,False,False,True,13.94823800001177,0.0068800000008195,0.9223519999750353,44.54152000005252,0.0221850000343692,59.44117500007451
F.MOV,37,F,True,Z,0.6376864314079285,False,Z,False,False,False,True,14.050881000002846,0.0075359999982538,1.0053600000219376,45.44709599997532,0.0208550000024843,60.53172800000084
F.MOV,38,F,True,Z,0.6332388520240784,False,Z,False,False,False,True,14.048345999981391,0.007177000043157,0.9653340000568278,43.530271000008725,0.0213409999787472,58.57246900006885
F.MOV,39,F,True,Z,0.5908986330032349,False,Z,False,False,False,True,14.207199999987097,0.0056840000297597,0.9656409999934112,43.0642840000246,0.0230370000053881,58.265846000040256
F.MOV,40,F,True,Z,0.568495512008667,False,Z,False,False,False,True,13.98016100000632,0.006477000056293,0.9550500000159444,42.66104199996335,0.0212869999813847,57.62401700002329
F.MOV,41,F,True,delete,0.4876958131790161,False,delete,False,False,False,True,14.036739999994552,0.0096939999139067,0.945279000006849,44.55087500002719,0.0190269998938674,59.561614999836365
F.MOV,42,F,True,Z,0.6019552946090698,False,Z,False,False,False,True,14.05563999998094,0.0070230000801529,0.8893169999737438,43.618680999998105,0.0271799999609356,58.59784099999388
F.MOV,43,F,True,Z,0.702251136302948,False,Z,False,False,False,True,14.015911999990749,0.0184729999546107,0.8852739999838377,45.60256800004936,0.022229000023799,60.54445600000236
F.MOV,44,F,True,Z,0.7423281073570251,False,Z,False,False,False,True,14.23146999997016,0.0073080000220215,0.9554239999260972,42.84233900000345,0.0218520000316857,58.05839299995341
F.MOV,45,F,True,Z,0.8403709530830383,False,Z,False,False,False,True,14.024366999990434,0.0067710000166698,0.892561000000569,43.81521799996335,0.0221770000052856,58.76109399997631
F.MOV,46,F,True,Z,0.9054059386253356,False,Z,False,False,False,True,14.156829000000926,0.0067209999770057,0.8703259999265356,43.11926199989102,0.0225509999154382,58.17568899971093
F.MOV,47,F,True,Z,0.92124205827713,False,Z,False,False,False,True,14.081072000010408,0.013396999975157,0.883745999999519,44.13775799991981,0.0202630000103454,59.13623599991524
F.MOV,48,F,True,Z,0.9416013956069946,False,Z,False,False,False,True,13.985646999969958,0.0065950000589509,0.8911039999475179,42.72009700002855,0.0207090000685639,57.624152000073536
F.MOV,49,F,True,Z,0.9494749903678894,False,Z,False,False,False,True,14.081344000032914,0.0079819999427854,0.9362370000189912,47.435430999939854,0.0223719999894456,62.48336599992399
F.MOV,50,F,True,Z,0.9283705949783324,False,Z,False,False,False,True,14.011351000021932,0.0064160000192714,0.8995340000410579,43.47806400005538,0.0204020000182936,58.41576700015594
F.MOV,51,F,True,Z,0.9021708965301514,False,Z,False,False,False,True,14.02486099999578,0.0061060000007273,0.5481169999939084,43.47116700000697,0.0198809999574223,58.07013199995481
F.MOV,52,F,True,Z,0.8912011981010437,False,Z,False,False,False,True,14.086813000005804,0.0071369998977388,0.5596290000084991,44.65270299999702,0.0208000000156971,59.32708199992476
F.MOV,53,F,True,Z,0.7973924875259399,False,Z,False,False,False,True,14.04953500002648,0.00634999992144,0.5872960000488092,44.01345199994466,0.0189590000445605,58.675591999985954
F.MOV,54,F,True,Z,0.8478080630302429,False,Z,False,False,False,True,14.19418300002917,0.0067649999664354,0.8926949999477074,43.50446000000829,0.0196630001028097,58.61776600005442
F.MOV,55,F,True,Z,0.79903644323349,False,Z,False,False,False,True,13.89822699997012,0.0079980000009527,1.0763579999775177,52.39786399999957,0.0212969999893175,67.40174399993748
F.MOV,56,F,True,Z,0.7947797775268555,False,Z,False,False,False,True,13.91651199998023,0.0065179999637621,0.9729490000154328,48.01825200001986,0.0198019999970711,62.93403299997635
F.MOV,57,F,True,Z,0.5446987748146057,False,Z,False,False,False,True,14.060523000011926,0.0062999999954627,0.9043430000019724,42.52883399999519,0.0226490000159174,57.52264900002047
F.MOV,58,F,True,Z,0.5837205052375793,False,Z,False,False,False,True,14.181206999978713,0.006138000003375,0.9196900000461028,43.47592600004191,0.020845999983976,58.60380700005408
F.MOV,59,F,True,delete,0.4936569631099701,False,delete,False,False,False,True,13.926728000001276,0.0064500000007683,0.8760790000224006,43.25061899999128,0.0223309999682896,58.08220699998401
F.MOV,60,F,True,Z,0.5939376354217529,False,Z,False,False,False,True,14.054579000003288,0.0080730000036055,1.0035679999873537,43.3936279999898,0.0217949999523625,58.48164299993641
F.MOV,61,F,True,Z,0.5049120187759399,False,Z,False,False,False,True,13.9986969999768,0.0063789999558139,0.9823990000086268,42.07872200004204,0.0206779999416539,57.08687499992493
F.MOV,62,F,True,Z,0.5466480255126953,False,Z,False,False,False,True,14.016662000017275,0.0060069999108236,0.8854310000288024,42.33869300003335,0.0217210000528211,57.26851400004307
F.MOV,63,F,True,delete,0.4744569063186645,False,delete,False,False,False,True,13.942606000000524,0.0064440000642207,0.9905030000254555,42.76773300000514,0.0225190000264774,57.72980500012181
F.MOV,64,F,True,delete,0.5553256869316101,False,delete,False,False,False,True,13.965820999999323,0.0057380000271223,0.909758000034344,44.68013600001086,0.0184230000286333,59.579876000100285
F.MOV,65,F,True,delete,0.5658426880836487,False,delete,False,False,False,True,13.958548000005068,0.0077429999691958,0.6124469999804205,42.6232559999562,0.0219309999920369,57.22392499990292
F.MOV,66,F,True,delete,0.520496666431427,False,delete,False,False,False,True,13.879701000007572,0.0074929999982487,0.9342839999817444,43.80172499998025,0.0201770000103351,58.64337999997815
F.MOV,67,F,True,delete,0.6092949509620667,False,delete,False,False,False,True,14.006775999973796,0.0070369999320973,1.0115369999539323,44.191012999931445,0.0233860000662389,59.23974899985751
F.MOV,68,F,True,delete,0.5704565644264221,False,delete,False,False,False,True,14.223013999981047,0.0069010000061098,0.892541999974128,43.183846000033554,0.022929000010663,58.329232000005504
F.MOV,69,F,True,delete,0.5940406322479248,False,delete,False,False,False,True,14.246819000049982,0.0140309999778764,0.6034390000877465,46.87668600001871,0.0193949999811593,61.76037000011547
F.MOV,70,F,True,delete,0.5423794984817505,False,delete,False,False,False,True,13.93590699996139,0.0059879999980694,1.1215619999802584,48.97503699999106,0.0217330000396032,64.06022699997038
F.MOV,71,F,True,Z,0.4841424226760864,False,Z,False,False,False,True,13.934521000010136,0.0068570000166801,0.8671059999869613,44.30575599997155,0.0185479999572635,59.13278799994259
F.MOV,72,F,True,Z,0.6183484792709351,False,Z,False,False,False,True,13.99979299998222,0.0068459999056358,0.9417050000593008,43.7050340000269,0.0225399999180808,58.675917999892135
F.MOV,73,F,True,Z,0.6593822836875916,False,Z,False,False,False,True,13.987821999990048,0.0226409999868337,0.9263590000045951,43.55396100004327,0.0234469999895736,58.51423000001432
F.MOV,74,F,True,Z,0.6655656099319458,False,Z,False,False,False,True,14.288769000017965,0.0070090000008349,0.898882000001322,42.99416399999245,0.0227619999577655,58.21158599997034
F.MOV,75,F,True,Z,0.6776925921440125,False,Z,False,False,False,True,13.919263999980558,0.0068059999875913,0.9472460000097273,44.01869100001932,0.0211960000342514,58.91320300003144
F.MOV,76,F,True,Z,0.7899342179298401,False,Z,False,False,False,True,14.241443000003072,0.0058710000985229,0.9236989999408252,41.80016199995862,0.0212470000633402,56.99242200006438
F.MOV,77,F,True,Z,0.7384169101715088,False,Z,False,False,False,True,14.218857000003029,0.0057949999927586,0.902443999962088,42.49547399990661,0.0211489999628611,57.64371899982734
F.MOV,78,F,True,Z,0.8087330460548401,False,Z,False,False,False,True,14.104164000002584,0.0073659999770825,0.9466799999700016,42.27568700002848,0.0207030000183294,57.35459999999648
F.MOV,79,F,True,Z,0.7772054672241211,False,Z,False,False,False,True,13.99740199997268,0.0078489999850717,0.9189219999825582,43.368149999992056,0.0208619999284565,58.31318499986082
F.MOV,80,F,True,Z,0.8720296025276184,False,Z,False,False,False,True,13.946061000012833,0.006412000061573,0.8648189999576061,43.1553260000328,0.0179149999439687,57.99053300000878
F.MOV,81,F,True,Z,0.8875142335891724,False,Z,False,False,False,True,14.042088999985936,0.0066950000245924,0.8939509999663642,56.30139100003362,0.0273039999001412,71.27142999991065
F.MOV,82,F,True,Z,0.9303131699562072,False,Z,False,False,False,True,14.33199500002047,0.0098970000408371,0.9141069999714092,42.54776700008733,0.0222030000713857,57.82596900019144
F.MOV,83,F,True,Z,0.9263773560523988,False,Z,False,False,False,True,13.881291000018336,0.006493999990198,0.8544009999695845,42.067475000067134,0.0210849999575657,56.83074600000282
F.MOV,84,F,True,Z,0.93473881483078,False,Z,False,False,False,True,14.068323999993028,0.0078900000062276,0.8834000000206288,43.454895000081706,0.0218280000581216,58.43633700015971
F.MOV,85,F,True,Z,0.9406278133392334,False,Z,False,False,False,True,14.17200700001331,0.0063289999161497,0.9342089999790916,43.461657999955605,0.0219670000660698,58.59616999993023
F.MOV,86,F,True,Z,0.93760085105896,False,Z,False,False,False,True,14.157008999973186,0.0068909999981769,0.8661739999524798,43.89010700003837,0.0233849999631274,58.94356599992534
F.MOV,87,F,True,Z,0.9365912079811096,False,Z,False,False,False,True,14.00099200003524,0.0080240000670528,0.902924999991228,43.184230999941065,0.0215349999734826,58.11770700000807
F.MOV,88,F,True,Z,0.9363316893577576,False,Z,False,False,False,True,14.754533999962405,0.0073229999770774,0.9205930000462104,43.37099100007436,0.0223529999630045,59.07579400002305
F.MOV,89,F,True,Z,0.9272042512893676,False,Z,False,False,False,True,14.222019000044384,0.0068509999664456,0.914912999974149,43.86653899996418,0.0213580000263391,59.031679999975495
F.MOV,90,F,True,Z,0.922646939754486,False,Z,False,False,False,True,14.312521000022116,0.0066549999928611,0.9440339999855496,42.766036999978496,0.0211809999655088,58.05042799994453
F.MOV,91,F,True,Z,0.8914454579353333,False,Z,False,False,False,True,14.086834000011097,0.0064580000298519,0.8644110000659566,44.283758000005946,0.0228269999524854,59.264288000065335
F.MOV,92,F,True,Z,0.9076741337776184,False,Z,False,False,False,True,14.171568999984174,0.0081379999983255,0.9486010000046008,46.18744399999741,0.0233660000503732,61.33911800003489
F.MOV,93,F,True,Z,0.8707797527313232,False,Z,False,False,False,True,13.915182999994611,0.0069310000299083,0.910853000050338,43.459136000024046,0.0219849999893995,58.314088000088304
F.MOV,94,F,True,Z,0.7699286937713623,False,Z,False,False,False,True,14.07655500003102,0.0069330000087575,0.8958480000273994,42.122654999957376,0.0207300000738541,57.12272100009841
F.MOV,95,F,True,Z,0.7265093326568604,False,Z,False,False,False,True,13.984581999977763,0.0071199999638338,0.9356549999210984,43.03004900009455,0.0226659999498224,57.98007199990707
F.MOV,96,F,True,Z,0.735931932926178,False,Z,False,False,False,True,13.900524000007408,0.0066420000166544,0.8969700000989178,42.59506400001101,0.0213819999999032,57.42058200013389
F.MOV,97,F,True,Z,0.6173655390739441,False,Z,False,False,False,True,14.132407000033709,0.0064409999822601,0.9198960000276202,42.71616500000164,0.0222749999920779,57.797184000037305
F.MOV,98,F,True,Z,0.7538499236106873,False,Z,False,False,False,True,14.254131999962285,0.0061050000113027,0.9197169999879408,42.72402799995234,0.0216009999576272,57.92558299987149
F.MOV,99,F,True,Z,0.6904383897781372,False,Z,False,False,False,True,14.01773200001344,0.0068470000087472,1.1066109999546825,42.1996659999877,0.0217289999682179,57.35258499993279
F.MOV,100,F,True,Z,0.6891724467277527,False,Z,False,False,False,True,13.90581199996177,0.0060479999319795,0.9575850000373975,44.04969799998071,0.0209019999601878,58.94004499987204
F.MOV,101,F,True,Z,0.5840622782707214,False,Z,False,False,False,True,14.103470999998535,0.0066459999743528,0.9161909999875206,42.74753300001066,0.021885000023758,57.79572599999483
F.MOV,102,F,True,Z,0.6493165493011475,False,Z,False,False,False,True,14.046694000001024,0.0189600000339851,0.8871210000052088,43.34735700001602,0.0194669999018515,58.31959899995809
F.MOV,103,F,True,Z,0.5854294896125793,False,Z,False,False,False,True,14.183258999992177,0.006780000035178,0.6473409999898649,43.35660599997482,0.0206639999760227,58.21464999996806
F.MOV,104,F,True,Z,0.5344362854957581,False,Z,False,False,False,True,14.21824800002014,0.0057230000720664,0.9082059999627744,42.86306599999534,0.0194259999943824,58.01466900004471
F.MOV,105,F,True,delete,0.5158222317695618,False,delete,False,False,False,True,14.083295000034468,0.0065770000219345,0.9130460000505992,43.34324199999173,0.0219030000607745,58.36806300015951
F.MOV,106,F,True,delete,0.4904856979846954,False,delete,False,False,False,True,14.030155999989802,0.0072380000801786,0.9022680000043692,44.32895400009329,0.0207849999469544,59.289401000114594
F.MOV,107,F,True,delete,0.5520814657211304,False,delete,False,False,False,True,14.026645999990706,0.006643000006079,0.9628669999983686,43.56136899991725,0.0223499999947307,58.57987499990713
F.MOV,108,F,True,delete,0.5500594973564148,False,delete,False,False,False,True,14.044957000010072,0.0065909999875657,0.8917640000163374,43.49555599992527,0.0238090000266311,58.46267699996588
F.MOV,109,F,True,delete,0.6071075201034546,False,delete,False,False,False,True,14.468898000018273,0.007196000069598,0.905058999933317,43.77577900004326,0.0235559999737233,59.18048800003817
F.MOV,110,F,True,delete,0.603214681148529,False,delete,False,False,False,True,14.332094999986111,0.0073610000299595,0.9210210000674124,43.5683489999974,0.0213609999946129,58.85018700007549
F.MOV,111,F,True,delete,0.6464284062385559,False,delete,False,False,False,True,14.167070999974383,0.0060600000324484,0.9091040000157592,44.2024980000042,0.018941000007544,59.303674000034334
F.MOV,112,F,True,delete,0.7168051600456238,False,delete,False,False,False,True,14.165439999999307,0.0073209999982282,0.929575000100158,43.5081559999162,0.0192830000287358,58.62977500004263
F.MOV,113,F,True,delete,0.5398686528205872,False,delete,False,False,False,True,13.986998000007134,0.0072969999109773,0.9337469999763924,43.71915299998364,0.0211550000130955,58.668349999891234
F.MOV,114,F,True,delete,0.5874545574188232,False,delete,False,False,False,True,14.041087000009613,0.0066269999479118,0.94661899993298,43.4371490000558,0.0212830000236863,58.45276499996999
F.MOV,115,F,True,Z,0.5308716297149658,False,Z,False,False,False,True,13.901881000037974,0.0081070000987892,0.941279000016948,43.0051480000202,0.0213160000157586,57.87773100018967
F.MOV,116,F,True,Z,0.5100910067558289,False,Z,False,False,False,True,14.365209999994022,0.0133340000729731,0.9005140000226675,42.043649999982335,0.0210329999390523,57.34374100001105
F.MOV,117,F,True,Z,0.578870952129364,False,Z,False,False,False,True,14.152288999980556,0.0074519999770927,0.8850359999996726,44.067640999969626,0.0237790000028326,59.13619699992978
F.MOV,118,F,True,Z,0.779981791973114,False,Z,False,False,False,True,13.922215999969012,0.0120760000754671,0.5725269999174998,42.87669800010008,0.0196460000552178,57.40316300011728
F.MOV,119,F,True,Z,0.753101110458374,False,Z,False,False,False,True,14.141679000033491,0.0064179999981206,0.86004000002049,42.56666200001291,0.0199029999521371,57.59470200001715
F.MOV,120,F,True,Z,0.8522471189498901,False,Z,False,False,False,True,13.950439000041117,0.0063740000086909,0.8815029999595936,42.68384799991054,0.0206529999786653,57.542816999898605
F.MOV,121,F,True,Z,0.8640650510787964,False,Z,False,False,False,True,14.332480000007308,0.008261999937531,0.9223409999776776,43.58555299995714,0.0416780000023209,58.89031399988198
F.MOV,122,F,True,Z,0.9153587818145752,False,Z,False,False,False,True,14.027684999973644,0.0087360000406988,0.9205500000462052,43.317056000091725,0.0240440000425223,58.2980710001948
F.MOV,123,F,True,Z,0.9086602926254272,False,Z,False,False,False,True,14.731036000000586,0.0077360000432236,0.8761399999457353,42.50170199998138,0.0231779999921855,58.13979199996311
F.MOV,124,F,True,Z,0.931776225566864,False,Z,False,False,False,True,14.30829700001368,0.0061029999187667,0.8865269999205339,43.06681900004605,0.0224440000238246,58.29018999992286
F.MOV,125,F,True,Z,0.928303599357605,False,Z,False,False,False,True,14.083617999972375,0.0081399999771747,0.8985990000383026,43.28452199990807,0.0290220000351837,58.3039009999311
F.MOV,126,F,True,Z,0.9178948402404784,False,Z,False,False,False,True,14.112427000043226,0.0091299999667171,0.8854889999838633,43.49927900000239,0.0235439999869413,58.52986899998314
F.MOV,127,F,True,Z,0.8681499361991882,False,Z,False,False,False,True,14.066949999971712,0.0079039999718588,0.8726790000537221,42.711477000011655,0.02391999998963,57.68292999999858
F.MOV,128,F,True,Z,0.8762207627296448,False,Z,False,False,False,True,13.996608000013566,0.0090409999984331,0.9376069999689208,45.391601999995146,0.0231740000344871,60.35803200001055
F.MOV,129,F,True,Z,0.8789706230163574,False,Z,False,False,False,True,13.810798000008615,0.007735000053799,0.9050600000364284,43.45353399992291,0.0232890000688712,58.20041600009063
F.MOV,130,F,True,Z,0.8480545878410339,False,Z,False,False,False,True,14.183957999989616,0.0058609999769032,0.9094800000184478,46.520235000002685,0.0224560000106066,61.64198999999826
F.MOV,131,F,True,Z,0.8549684286117554,False,Z,False,False,False,True,13.917219999996178,0.006772999995519,0.8920280000666025,42.99758700005896,0.0229639999815844,57.83657200009884
F.MOV,132,F,True,Z,0.8561516404151917,False,Z,False,False,False,True,14.125789999980045,0.0072299999374081,1.0044300000799922,46.03980299998511,0.0231259999736721,61.20037899995623
F.MOV,133,F,True,Z,0.8064134120941162,False,Z,False,False,False,True,14.198751999970227,0.0074969999559471,1.0161919999518432,46.91002799995658,0.0302230000670533,62.16269199990165
G.MOV,0,G,True,A,0.3920643031597137,False,A,False,False,False,True,14.3918360000157,0.0102640000250175,1.0162399998989713,46.22762700000749,0.0239420000980317,61.66990900004521
G.MOV,1,G,True,A,0.3892536759376526,False,A,False,False,False,True,14.112715999999637,0.0094160000116971,0.8693379999158424,44.33461499991154,0.0221069999497558,59.34819199978847
G.MOV,2,G,True,A,0.3736630976200104,False,A,False,False,False,True,14.06936199998654,0.0060719999055436,0.8939330000430346,43.146580000097856,0.0224389999630147,58.13838599999599
G.MOV,3,G,True,A,0.3849027454853058,False,A,False,False,False,True,13.99234900003421,0.0069349999876067,0.8407200000419834,42.06185700002152,0.0208239999892612,56.92268500007458
G.MOV,4,G,True,A,0.3996884822845459,False,A,False,False,False,True,13.995643999976435,0.006501000029857,0.8642999999892709,42.45164799999657,0.0219579999338748,57.34005099992601
G.MOV,5,G,True,A,0.4408494234085083,False,A,False,False,False,True,14.012463999961255,0.0065990000166493,0.5776479999894946,43.32063700007893,0.0209720000157176,57.93832000006205
G.MOV,6,G,True,A,0.4432939887046814,False,A,False,False,False,True,14.10868800002163,0.0074270000141041,0.8480840000402168,42.38957099994423,0.0215800000660237,57.3753500000862
G.MOV,7,G,True,A,0.4511063694953918,False,A,False,False,False,True,14.120596999987356,0.0063439999848924,0.97073399990677,44.32160500005011,0.0290460000087477,59.44832599993788
G.MOV,8,G,True,A,0.4323704242706299,False,A,False,False,False,True,14.128561000006812,0.0070969999796943,0.8932610001011199,42.63696999998956,0.0201779999997597,57.68606700007695
G.MOV,9,G,True,A,0.421661764383316,False,A,False,False,False,True,14.040023999996263,0.008471000001009,0.6336090000331751,43.16256599997814,0.0208789999760483,57.86554899998464
G.MOV,10,G,True,A,0.4211907386779785,False,A,False,False,False,True,14.032933000009962,0.0060369999346221,0.8502739999585174,41.86144300001615,0.0201130000050397,56.77079999992429
G.MOV,11,G,True,A,0.4205602705478668,False,A,False,False,False,True,14.032052000004567,0.0065220000351473,0.9158660000139208,44.45205000001806,0.0194379999811644,59.42592800005286
G.MOV,12,G,True,A,0.4174817502498626,False,A,False,False,False,True,14.028375999998843,0.0072620000537426,0.9148799999820768,44.3330949999563,0.0192530000049373,59.3028659999959
G.MOV,13,G,True,A,0.3997006118297577,False,A,False,False,False,True,14.063002000000324,0.0074350000431877,0.9075100000472958,50.33422699989387,0.0234880000107295,65.33566199999541
G.MOV,14,G,True,A,0.3995865285396576,False,A,False,False,False,True,14.351650000037353,0.0081659999295879,0.960124000016549,43.66565599991645,0.0222650000978319,59.007860999997774
G.MOV,15,G,True,A,0.3886798322200775,False,A,False,False,False,True,14.042394000000511,0.0071150000167108,0.8668469999975059,42.74425400001292,0.0221820000660954,57.68279200009374
G.MOV,16,G,True,Z,0.3858137428760528,False,Z,False,False,False,True,14.05303400002822,0.0060800000483141,0.8581050000202595,42.79348299996855,0.0219359999391599,57.7326380000045
G.MOV,17,G,True,Z,0.3942896127700805,False,Z,False,False,False,True,13.948346000006495,0.0057380000271223,0.8610060000364683,44.06993500003864,0.0229050000370989,58.90793000014583
G.MOV,18,G,True,A,0.402685284614563,False,A,False,False,False,True,13.954087000001891,0.0073100000008707,0.8684099999527461,43.9673829999947,0.0223560000449651,58.81954599999517
G.MOV,19,G,True,A,0.4390409588813782,False,A,False,False,False,True,14.112135000004857,0.0065360000007785,0.8674940000901188,43.972881000058806,0.0212359999522959,58.98028200010685
G.MOV,20,G,True,A,0.4071252048015594,False,A,False,False,False,True,13.885530999971252,0.0064609999981257,0.8360260000017661,42.866459999913786,0.0193350000472491,57.61381299993218
G.MOV,21,G,True,A,0.4088646173477173,False,A,False,False,False,True,13.99364600001718,0.0080669999533711,0.8636210000076971,42.70071499990991,0.0212120000924187,57.58726099998057
G.MOV,22,G,True,A,0.4085893929004669,False,A,False,False,False,True,14.235716000030152,0.0080249999427906,0.8814600000732753,42.874941000036415,0.0201590000870055,58.02030100016964
G.MOV,23,G,True,A,0.4368461370468139,False,A,False,False,False,True,14.041007000002992,0.0073350000775462,0.933283999984269,44.17405099991356,0.020345999928395,59.17602299990676
G.MOV,24,G,True,A,0.4467282295227051,False,A,False,False,False,True,14.064624000013737,0.0078460000167979,0.8846139999150182,44.79913399995894,0.0226989999418947,59.77891699984639
G.MOV,25,G,True,Z,0.5407396554946899,False,Z,False,False,False,True,13.891207000028771,0.0088289999666812,0.8829070000047068,44.95190099999036,0.0231039999789572,59.757947999969474
G.MOV,26,G,True,Z,0.5109641551971436,False,Z,False,False,False,True,13.998565000008512,0.0081440000485599,0.8387000000311673,44.32354799996574,0.0242590000425479,59.19321600009653
G.MOV,27,G,True,Z,0.5590722560882568,False,Z,False,False,False,True,13.943466000000626,0.0061169999980847,0.8647219999602385,43.06386700000076,0.0216100000898222,57.89978200004953
G.MOV,28,G,True,Z,0.621990978717804,False,Z,False,False,False,True,13.950604000001476,0.0065699999822754,0.845142000002852,43.712471000048936,0.0229810000291763,58.53776800006472
G.MOV,29,G,True,Z,0.5167299509048462,False,Z,False,False,False,True,14.165348000005906,0.0077340000643744,0.880801999983305,43.49003400000129,0.0226230000635041,58.56654100011838
G.MOV,30,G,True,Z,0.465678721666336,False,Z,False,False,False,True,14.160847999960424,0.0085499999613603,0.9883569999828978,44.37345999997433,0.021752999941782,59.5529679998208
G.MOV,31,G,True,Z,0.4384621083736419,False,Z,False,False,False,True,13.900491000015336,0.0076210000088394,0.9629420000010214,43.29793099998369,0.0203550000605901,58.18934000006948
G.MOV,32,G,True,A,0.3978607654571533,False,A,False,False,False,True,15.815065999959188,0.0071160000061354,0.8883020000212127,43.69293199999902,0.0188440000101763,60.42225999999573
G.MOV,33,G,True,Z,0.4970476627349853,False,Z,False,False,False,True,15.181377999965662,0.0062939999452282,0.8421520000183591,43.076427999949374,0.0199689999362817,59.126220999814905
G.MOV,34,G,True,Z,0.4629362225532532,False,Z,False,False,False,True,14.192788000002563,0.0068890000193277,0.8981570000514694,44.25690899995516,0.0195310000208337,59.37427400004936
G.MOV,35,G,True,Z,0.4342958629131317,False,Z,False,False,False,True,14.054461000000629,0.0072859999136198,0.943049000056817,43.70812299998761,0.0271369999609305,58.740055999919605
G.MOV,36,G,True,Z,0.4878638982772827,False,Z,False,False,False,True,14.261684000018704,0.0084990000459583,1.0410259999389382,48.862457000041104,0.0206349999416488,64.19430099998635
G.MOV,37,G,True,A,0.4156634509563446,False,A,False,False,False,True,14.293382000005296,0.0072159999717769,0.8649630000263642,44.10919099996136,0.0197279999838428,59.29447999994864
G.MOV,38,G,True,A,0.4424228370189667,False,A,False,False,False,True,13.972346000002744,0.0073090000114461,0.8756890000540807,43.65143600000465,0.019571000052565,58.52635100012549
G.MOV,39,G,True,A,0.4004918932914734,False,A,False,False,False,True,13.955806000012672,0.0115080000568923,0.795772000060424,61.1549059999561,0.0216030000501632,75.93959500013625
G.MOV,40,G,True,Z,0.4537246823310852,False,Z,False,False,False,True,13.915895000025102,0.0062609999531559,0.5960189999996146,44.03873100000055,0.0200980000499839,58.57700400002841
G.MOV,41,G,True,Z,0.5373153686523438,False,Z,False,False,False,True,14.13743899996689,0.0086200000168901,0.8695059999581645,44.09458600002836,0.0206310000976372,59.13078200006794
G.MOV,42,G,True,A,0.4095236957073211,False,A,False,False,False,True,13.931683000009798,0.0061920000007376,0.8349539999699118,43.96106699994107,0.0205039999627842,58.7543999998843
G.MOV,43,G,True,Z,0.7537448406219482,False,Z,False,False,False,True,14.005021000002673,0.0064229999452436,0.8881300000211922,44.31803299996773,0.0199419999944439,59.23754899993128
G.MOV,44,G,True,Z,0.6407703161239624,False,Z,False,False,False,True,14.023717999975815,0.0094119999403119,0.6425999999919441,45.7222659999843,0.0217570000131672,60.41975299990554
G.MOV,45,G,True,Z,0.7991162538528442,False,Z,False,False,False,True,14.093419999994694,0.0079579999692214,0.8924850000084916,43.24481900005139,0.0194069999679413,58.25808899999174
G.MOV,46,G,True,Z,0.7808278203010559,False,Z,False,False,False,True,14.071923999949831,0.0064260000272042,0.8448529999895982,42.11238599998524,0.022243000103117,57.05783200005499
G.MOV,47,G,True,Z,0.5923399329185486,False,Z,False,False,False,True,14.10737800000561,0.0058949999584001,0.8467960000189123,42.71758300001238,0.0253429999474974,57.7029949999428
G.MOV,48,G,True,Z,0.8576306700706482,False,Z,False,False,False,True,14.146044000028724,0.0066680000827545,0.8502019999241384,42.38246199997775,0.0188090000392548,57.40418500005262
G.MOV,49,G,True,Z,0.6083298325538635,False,Z,False,False,False,True,14.35323199996219,0.0073150000616806,0.8805659999779891,43.246678000059546,0.0215439999919908,58.5093350000534
G.MOV,50,G,True,Z,0.728658139705658,False,Z,False,False,False,True,14.31705299995656,0.0074759999506568,0.8552089999511736,43.25189299993326,0.0213079999866749,58.452938999778326
G.MOV,51,G,True,Z,0.4207267463207245,False,Z,False,False,False,True,14.243055999997978,0.006291999966379,0.8625460000075691,42.8596380000954,0.0207289999707427,57.99226100003807
G.MOV,52,G,True,Z,0.5059292912483215,False,Z,False,False,False,True,14.263560000017604,0.0068850000616293,0.5738590000419208,43.47344999996494,0.0206260000368274,58.338380000122925
G.MOV,53,G,True,Z,0.5803713202476501,False,Z,False,False,False,True,14.17634300003101,0.0061030000324535,0.866396999981589,42.1316360000219,0.0208500000553613,57.20132900012232
G.MOV,54,G,True,Z,0.4832596182823181,False,Z,False,False,False,True,14.32461299998522,0.0074049999057024,0.8574349999435071,42.26685100002214,0.0213979999443836,57.47770199980096
G.MOV,55,G,True,Z,0.6306179761886597,False,Z,False,False,False,True,14.386954000030984,0.0075279999691701,0.8913490000850288,44.00235699995392,0.0213529999655293,59.30954100000463
G.MOV,56,G,True,Z,0.635901689529419,False,Z,False,False,False,True,14.224353999964023,0.0073900000643334,1.0383019999835597,45.06131599998753,0.0232009999763249,60.35456299997577
G.MOV,57,G,True,Z,0.6076483130455017,False,Z,False,False,False,True,13.956993999954648,0.0078199999506978,0.8055370000192852,44.48609999997189,0.0208049999628201,59.277255999859335
G.MOV,58,G,True,Z,0.620279848575592,False,Z,False,False,False,True,14.067371999999525,0.0065899999981411,0.9164929999769812,44.80288799993559,0.0222099999973579,59.8155529999076
G.MOV,59,G,True,Z,0.5627422332763672,False,Z,False,False,False,True,13.965009000003192,0.0065499999664098,0.8707900000217705,42.52246399994419,0.02099999994698,57.38581299988255
G.MOV,60,G,True,Z,0.6486205458641052,False,Z,False,False,False,True,14.055881999979649,0.0057900000456356,0.5717129999993631,43.191503999992165,0.0187350000260266,57.84362400004284
G.MOV,61,G,True,Z,0.6313446164131165,False,Z,False,False,False,True,14.256832999990364,0.0069200000325508,0.8406450000393306,42.88487899998472,0.019922000092265,58.00919900013923
G.MOV,62,G,True,Z,0.5267533659934998,False,Z,False,False,False,True,13.965903999974216,0.0073090000114461,0.5234320000226944,43.4931920000281,0.0362240000413294,58.02606100007779
G.MOV,63,G,True,Z,0.4351705312728882,False,Z,False,False,False,True,14.172814000005474,0.0070550000828006,0.8637380000209305,43.11300400001983,0.020826999957535,58.17743800008657
G.MOV,64,G,True,Z,0.4808142185211181,False,Z,False,False,False,True,14.047184999981257,0.0070180000193431,0.8422990000553909,43.08090300003187,0.0192820000393112,57.99668700012717
G.MOV,65,G,True,Z,0.5420463681221008,False,Z,False,False,False,True,13.97698699997818,0.0069019999955344,0.8658250000053158,42.64601599993512,0.0210990000368838,57.51682899995103
G.MOV,66,G,True,Z,0.3854497075080871,False,Z,False,False,False,True,14.12776600000143,0.0082359999851178,0.8611569999175117,44.89293900007851,0.019273000020803,59.909371000003375
G.MOV,67,G,True,Z,0.5534508228302002,False,Z,False,False,False,True,14.090746999954716,0.0077550000696646,0.960576000011315,48.21269699993991,0.0196129999494587,63.29138799992506
G.MOV,68,G,True,Z,0.6155006289482117,False,Z,False,False,False,True,13.996297999995022,0.0065570000060688,0.8621719999837296,45.15283299997464,0.0198139999838531,60.03767399994331
G.MOV,69,G,True,Z,0.6028925776481628,False,Z,False,False,False,True,14.001295000014125,0.0075959999321639,0.9488880000390054,44.45011999996496,0.0190190000921575,59.426918000042406
G.MOV,70,G,True,Z,0.6682423949241638,False,Z,False,False,False,True,14.156661000015449,0.007242000037877,0.8199510000395094,42.84979100009423,0.0208669999892663,57.85451200017633
G.MOV,71,G,True,Z,0.7252230644226074,False,Z,False,False,False,True,14.045706999979757,0.0068279999823062,0.9800779999977748,45.47967599989988,0.022019999960321,60.53430899982004
G.MOV,72,G,True,Z,0.5775899291038513,False,Z,False,False,False,True,14.010836000011295,0.006130999963716,0.8608519999597775,43.44577699998808,0.0203120000605849,58.34390799998346
G.MOV,73,G,True,Z,0.699020266532898,False,Z,False,False,False,True,14.063945999964744,0.0070029999506004,0.887046000002556,44.178355000099145,0.0204089999442658,59.15675899996131
G.MOV,74,G,True,Z,0.6959567070007324,False,Z,False,False,False,True,13.944495000032475,0.0084780000406681,0.6254859999899054,46.75183200004085,0.019564000012906,61.3498550001168
G.MOV,75,G,True,Z,0.6498464345932007,False,Z,False,False,False,True,13.998624999999263,0.0075230000220471,0.8487059999424673,45.071652000046925,0.0228410000318035,59.94934700004251
G.MOV,76,G,True,A,0.4024574160575866,False,A,False,False,False,True,14.01487100002896,0.0070809999215271,0.9241260000862894,43.95662499996433,0.0214829999549692,58.92418599995608
G.MOV,77,G,True,Z,0.4018985033035278,False,Z,False,False,False,True,14.15872299998,0.0071430000616601,0.9412979999297022,43.03649199994197,0.0220530000660801,58.165708999979415
G.MOV,78,G,True,Z,0.4293403923511505,False,Z,False,False,False,True,14.035771999999724,0.0070820000246385,0.956703999918318,44.33106800001951,0.021457000002556,59.35208299996475
G.MOV,79,G,True,A,0.4449612200260162,False,A,False,False,False,True,14.04056199999104,0.0067980000721945,0.9058629999572076,42.99027000001843,0.0216500000078667,57.96514300004674
G.MOV,80,G,True,A,0.4574413895606994,False,A,False,False,False,True,15.131789999998093,0.0058629999557524,0.8770480000066527,42.49129400000129,0.0272640000957835,58.53325900005757
G.MOV,81,G,True,A,0.4133948385715484,False,A,False,False,False,True,14.143111000009869,0.0066950000245924,0.8964529999957449,43.094308999911846,0.0218279999444348,58.162395999886485
G.MOV,82,G,True,Z,0.541810154914856,False,Z,False,False,False,True,13.980816000014327,0.0069180000537016,0.8805569999594809,42.644129999985125,0.0391899999385714,57.55161099995121
G.MOV,83,G,True,Z,0.446898490190506,False,Z,False,False,False,True,14.13365100000874,0.0070889999506107,0.9241050000809992,42.79892700003529,0.0222979999762173,57.88607000005186
G.MOV,84,G,True,Z,0.6667068600654602,False,Z,False,False,False,True,13.958086999991792,0.0078229999189716,0.8540720000382862,43.40936199992029,0.0216989999444194,58.25104299981376
G.MOV,85,G,True,Z,0.5558973550796509,False,Z,False,False,False,True,14.126191000002564,0.0060290000192253,0.8724799999981769,44.69305300005999,0.0240609999764274,59.72181400005638
G.MOV,86,G,True,Z,0.5638279914855957,False,Z,False,False,False,True,14.22909999996591,0.0070190000087677,0.8558449999327422,43.85854000008749,0.0236410000979958,58.9741450000929
G.MOV,87,G,True,Z,0.6515800356864929,False,Z,False,False,False,True,14.00342599998794,0.0076039999612476,0.8904079999183523,44.5552520000092,0.0208640000209925,59.47755399989774
G.MOV,88,G,True,Z,0.6836934685707092,False,Z,False,False,False,True,13.96982400001434,0.0064459999293831,0.8777240000199527,43.70387999995273,0.0236999999287945,58.581573999845205
G.MOV,89,G,True,Z,0.5139709115028381,False,Z,False,False,False,True,14.25877600001968,0.006272999939938,0.9114459999182144,43.92742300001373,0.043969999978799,59.14788799987036
G.MOV,90,G,True,Z,0.4981169402599334,False,Z,False,False,False,True,14.025378999974691,0.0059970000165776,0.8461659999738913,43.79553299997952,0.0207470000077591,58.69382199995243
G.MOV,91,G,True,Z,0.7464706897735596,False,Z,False,False,False,True,14.00079399996912,0.0079199999163392,0.8720380000113437,43.3589240000174,0.0219800000422765,58.26165599995648
G.MOV,92,G,True,Z,0.7880851030349731,False,Z,False,False,False,True,13.995876000024056,0.006061000021873,0.9027899999409784,45.530340000027536,0.0223670000423226,60.457434000056764
G.MOV,93,G,True,Z,0.8097333908081055,False,Z,False,False,False,True,14.043760999982169,0.0080800000432645,0.8618089999572476,42.73624000006748,0.0220009999338799,57.67189099998404
G.MOV,94,G,True,Z,0.6939773559570312,False,Z,False,False,False,True,13.982164000026389,0.0068770000325457,0.873598000111997,42.24989099998311,0.0214340000184165,57.133964000172455
G.MOV,95,G,True,Z,0.4960789680480957,False,Z,False,False,False,True,14.253545999963537,0.0063219999901775,0.8551999999326654,42.718240999988666,0.0230570000212537,57.8563659998963
G.MOV,96,G,True,Z,0.5851180553436279,False,Z,False,False,False,True,14.14773400000513,0.0085809999745833,0.9047130000681136,44.68283599999268,0.0241949999235657,59.76805899996407
G.MOV,97,G,True,Z,0.5091269612312317,False,Z,False,False,False,True,13.938382999981512,0.0074250000352549,0.9834530000034648,43.39619999996103,0.0231419999181525,58.34860299989941
G.MOV,98,G,True,Z,0.6640338897705078,False,Z,False,False,False,True,13.999927999975624,0.0082269999666095,0.944905999972434,43.18751699997847,0.0228010000000722,58.16337899989321
G.MOV,99,G,True,Z,0.5085641741752625,False,Z,False,False,False,True,14.18412699996452,0.0067649999664354,0.8286160000352538,42.509967999990295,0.0208600000632941,57.5503360000198
G.MOV,100,G,True,Z,0.5670667886734009,False,Z,False,False,False,True,14.108815999975375,0.0073179999162675,0.838655000052313,44.12725300005605,0.0251469999739128,59.10718899997392
G.MOV,101,G,True,Z,0.4126359224319458,False,Z,False,False,False,True,14.03369299998758,0.0085709999666505,0.9387229999902048,44.47123099998862,0.0237720000768604,59.47599000000992
G.MOV,102,G,True,Z,0.4316879212856293,False,Z,False,False,False,True,14.52671399999872,0.0081639999507387,0.634557000012137,43.995342000016535,0.0203519999786294,59.18512899995676
G.MOV,103,G,True,Z,0.5748373866081238,False,Z,False,False,False,True,14.091244000042025,0.0069570000960084,0.9100080000052913,43.778945999974894,0.0220379999973374,58.80919300011556
G.MOV,104,G,True,Z,0.5418751835823059,False,Z,False,False,False,True,14.065780999999332,0.0073740000061661,0.8437870000079783,44.22252500000923,0.0205179999284155,59.15998499995112
G.MOV,105,G,True,Z,0.5544187426567078,False,Z,False,False,False,True,14.272672999993574,0.0074700000141092,0.6060389999902327,45.885929999940345,0.0216600000157995,60.79377199995406
G.MOV,106,G,True,Z,0.569391131401062,False,Z,False,False,False,True,14.122949000011433,0.0075409999453768,0.9548680000079912,45.15205500001685,0.0248960000135411,60.262308999995184
G.MOV,107,G,True,Z,0.6203089356422424,False,Z,False,False,False,True,13.94148800000039,0.0086460000829902,0.9292469999309104,45.636543999989954,0.0206000000844142,60.53652500008866
G.MOV,108,G,True,Z,0.5228531360626221,False,Z,False,False,False,True,13.942646999964836,0.0071849999585538,0.9165449999954944,46.00106699990647,0.0243629999658878,60.89180699979124
G.MOV,109,G,True,Z,0.66814124584198,False,Z,False,False,False,True,14.055433999999424,0.0085049999825059,1.007653999977265,44.13537599998563,0.0242480000451905,59.23121699999001
G.MOV,110,G,True,Z,0.7171233296394348,False,Z,False,False,False,True,14.029910000033396,0.0081929999851126,0.96344799999315,44.0555890000951,0.0218160000713396,59.078956000178096
G.MOV,111,G,True,Z,0.698321521282196,False,Z,False,False,False,True,14.378418000035252,0.008030999993025,0.8849429999600034,47.08386699996936,0.0318010000910362,62.38706000004868
G.MOV,112,G,True,Z,0.7389397025108337,False,Z,False,False,False,True,14.27357000000029,0.0099039999668093,0.9257250000018756,44.621023999980025,0.0230209999472208,59.85324399989622
G.MOV,113,G,True,Z,0.6961683630943298,False,Z,False,False,False,True,14.225008000039452,0.0082950000432902,0.9238220000042928,47.23890200000369,0.0261960000216276,62.42222300011235
G.MOV,114,G,True,Z,0.7182871103286743,False,Z,False,False,False,True,14.277275999972971,0.0081650000538502,0.8927119999952993,46.29696999995758,0.026673999968807,61.50179699994851
G.MOV,115,G,True,Z,0.6719341278076172,False,Z,False,False,False,True,14.199973999950544,0.0085629999375669,0.9350440000162052,43.85944099999506,0.0215529998968122,59.02457499979619
G.MOV,116,G,True,Z,0.6068010330200195,False,Z,False,False,False,True,14.427804000035849,0.0080319999824496,0.8860499999627791,43.70642599997154,0.0244909999764786,59.0528029999291
G.MOV,117,G,True,Z,0.6151139736175537,False,Z,False,False,False,True,14.463513000009698,0.0085970000327506,0.8736779999480859,46.88994600007845,0.0276779999239806,62.26341199999297
G.MOV,118,G,True,Z,0.6948281526565552,False,Z,False,False,False,True,14.200838999954613,0.0066220000007888,0.8601030000363608,43.50088899991533,0.0227549999181064,58.5912079998252
G.MOV,119,G,True,Z,0.6863296627998352,False,Z,False,False,False,True,14.113076000001,0.0072159999717769,0.9011970000756264,44.60596900003111,0.0256420000823709,59.653100000161885
G.MOV,120,G,True,A,0.3931508660316467,False,A,False,False,False,True,14.008305999993809,0.007549999963885,0.8726759999717615,42.96619499996268,0.0187770000366072,57.87350399992874
G.MOV,121,G,True,Z,0.5938568711280823,False,Z,False,False,False,True,14.087212999982055,0.0067839999928764,0.5921560000388126,42.90711800001645,0.0185549999969225,57.61182600002712
G.MOV,122,G,True,Z,0.7137660384178162,False,Z,False,False,False,True,14.105052999980217,0.0069180000537016,0.8488890000535321,42.68994400001702,0.0190810000049168,57.66988500010939
G.MOV,123,G,True,Z,0.5683362483978271,False,Z,False,False,False,True,14.010697000003349,0.0073879999717973,0.9770020000132718,43.97100099993168,0.0216820000105144,58.987769999930606
G.MOV,124,G,True,Z,0.5946376919746399,False,Z,False,False,False,True,14.121600999999371,0.0066560000959725,0.8415229999627627,43.73425000005682,0.0206290000051012,58.72465900012003
G.MOV,125,G,True,Z,0.7507538199424744,False,Z,False,False,False,True,14.14930200002118,0.0069829999347348,0.9076290000393784,44.20777700011058,0.0209359999416847,59.29262700004756
G.MOV,126,G,True,Z,0.7329919934272766,False,Z,False,False,False,True,14.178576999995585,0.0071499999876323,0.5184269999745084,46.67361099996015,0.0216980000686817,61.39946299998656
G.MOV,127,G,True,Z,0.700823962688446,False,Z,False,False,False,True,14.040539000006902,0.0079159999586408,0.590464000083557,43.96804099997098,0.0201279999600956,58.627087999980176
G.MOV,128,G,True,Z,0.6515238285064697,False,Z,False,False,False,True,14.39673700002686,0.0070559999585384,0.5971809999891775,46.414527000024464,0.020506999931058,61.4360079999301
G.MOV,129,G,True,Z,0.6102044582366943,False,Z,False,False,False,True,14.31910600001629,0.0067689999241338,0.8953399999427347,46.69167500003368,0.0200949999680233,61.93298499988487
G.MOV,130,G,True,Z,0.5285454392433167,False,Z,False,False,False,True,14.067213000032552,0.0080940000088958,0.971734000017932,44.956630000001496,0.0204199999416232,60.0240910000025
G.MOV,131,G,True,Z,0.4427429437637329,False,Z,False,False,False,True,14.3292690000294,0.0075009999136455,0.8564329999671827,44.70458899993446,0.0202819999230996,59.918073999767785
G.MOV,132,G,True,A,0.4261015653610229,False,A,False,False,False,True,14.164126999958173,0.0090419999878577,0.6986770000594333,44.39289100002952,0.019350000002305,59.28408700003729
G.MOV,133,G,True,Z,0.4971054196357727,False,Z,False,False,False,True,14.385159000028125,0.0056439999980284,0.8117440000887655,43.61294399996041,0.0206179998940569,58.83610899996938
G.MOV,134,G,True,Z,0.7081286311149597,False,Z,False,False,False,True,14.642842000000655,0.0055470000006607,0.8106479999696603,43.84599200000139,0.019082999983766,59.32411199995613
G.MOV,135,G,True,Z,0.5169335007667542,False,Z,False,False,False,True,14.189495999971768,0.0055179999662868,0.9050740000020596,44.433293999986745,0.0192140000763174,59.55259600000318
G.MOV,136,G,True,Z,0.5439558029174805,False,Z,False,False,False,True,14.406519999965894,0.0051990000429213,0.8877390000634477,43.26919499999349,0.0186510000048656,58.58730400007062
G.MOV,137,G,True,Z,0.5914741158485413,False,Z,False,False,False,True,14.175114000011035,0.0056279999398611,0.8759229999668605,44.77067799996348,0.0241689999711525,59.85151199985239
H.MOV,0,H,True,nothing,0.5002369284629822,False,nothing,False,False,False,True,14.733549000027324,0.0098670000170386,1.299037000080716,44.0841959999716,0.0215860000025713,60.14823500009925
H.MOV,1,H,True,nothing,0.5981341004371643,False,nothing,False,False,False,True,14.14173800003482,0.0065939999558395,0.7595629999741504,42.65514600001552,0.0216519999867159,57.58469299996705
H.MOV,2,H,True,nothing,0.5605356693267822,False,nothing,False,False,False,True,14.176364999968882,0.0063339999769596,0.7683999999699154,44.58906599995771,0.0221189999365378,59.562283999810006
H.MOV,3,H,True,nothing,0.5251573920249939,False,nothing,False,False,False,True,14.010517000031086,0.0104970000620596,0.8161040000231878,43.32635599996593,0.0214489999734723,58.18492300005573
H.MOV,4,H,True,nothing,0.4718426465988159,False,nothing,False,False,False,True,14.316570000005411,0.0066470000774643,0.7862410000143427,42.12541499998679,0.0213659999417359,57.256239000025744
H.MOV,5,H,True,nothing,0.4977954626083374,False,nothing,False,False,False,True,14.08228300005021,0.0067049999188384,0.7598859999689012,42.32299199998124,0.0217289999682179,57.19359499988741
H.MOV,6,H,True,nothing,0.4822584092617035,False,nothing,False,False,False,True,13.905380000039711,0.0064360000351371,0.4728099999056212,44.819098000061786,0.0203390000024228,59.22406300004468
H.MOV,7,H,True,nothing,0.3843114674091339,False,nothing,False,False,False,True,14.167993000000934,0.0079210000194507,0.8222459999842613,43.68797400002222,0.0225630000159071,58.708697000042775
H.MOV,8,H,True,nothing,0.4016161262989044,False,nothing,False,False,False,True,14.20501900003046,0.0066259999584872,0.788465000027827,46.23120899998412,0.0230450000344717,61.254364000035366
H.MOV,9,H,True,A,0.4395975470542907,False,A,False,False,False,True,14.196751000042696,0.0081020000379794,0.7763899999417845,43.07915699996556,0.0233670000397978,58.08376700002782
H.MOV,10,H,True,A,0.4640291631221771,False,A,False,False,False,True,14.027002999966951,0.0074780000431928,0.8900279999579652,45.29199900002823,0.0195729999177274,60.23608099991407
H.MOV,11,H,True,A,0.4352855086326599,False,A,False,False,False,True,14.28749600000856,0.0067070000113744,0.8754890000091109,49.32634500005406,0.0233359999128879,64.519372999996
H.MOV,12,H,True,A,0.4014142453670501,False,A,False,False,False,True,14.089636999983668,0.0061559999267046,0.7364299999608193,44.63737699995818,0.0226119999524598,59.49221199978183
H.MOV,13,H,True,A,0.4025367498397827,False,A,False,False,False,True,14.205528999980288,0.0066249999690626,0.762491000045884,43.995934000008674,0.0215090000210693,58.99208800002498
H.MOV,14,H,True,A,0.486280620098114,False,A,False,False,False,True,14.237175000005209,0.0069590000748576,0.7880089999616757,43.48778899998251,0.0206710000156817,58.54060300003994
H.MOV,15,H,True,A,0.604910135269165,False,A,False,False,False,True,14.292491999981394,0.0072880000061559,0.8008109999764201,42.59533200001897,0.0217620000739771,57.71768500005692
H.MOV,16,H,True,A,0.5087376832962036,False,A,False,False,False,True,14.483353999992232,0.00718199999028,0.9117490000107864,47.08301700009088,0.0208000000156971,62.50610200009987
H.MOV,17,H,True,A,0.598680853843689,False,A,False,False,False,True,14.167076000035197,0.0085159999798634,0.8469379999951343,47.22767999999178,0.0243350000346254,62.2745450000366
H.MOV,18,H,True,A,0.6751812696456909,False,A,False,False,False,True,14.231757999993988,0.0066779999770005,0.7477850000441322,42.69391599996197,0.0205970000024535,57.70073399997955
H.MOV,19,H,True,A,0.7176775336265564,False,A,False,False,False,True,14.05346400002827,0.0066049999531969,0.7455730000174299,42.470200000025216,0.0215030000845217,57.29734500010864
H.MOV,20,H,True,A,0.5985408425331116,False,A,False,False,False,True,14.072796999982984,0.0137330000598012,0.7554390000450439,43.47986499999479,0.0224579999894558,58.34429200007207
H.MOV,21,H,True,A,0.6143884062767029,False,A,False,False,False,True,13.955905000045732,0.0061040000218781,0.7467350000069928,43.89523600002576,0.0213760000633556,58.62535600016372
H.MOV,22,H,True,A,0.5882165431976318,False,A,False,False,False,True,14.91110199998502,0.006638000058956,0.7967700000790501,44.360789999927874,0.0199439999732931,60.0952440000242
H.MOV,23,H,True,A,0.6184705495834351,False,A,False,False,False,True,14.2837029999896,0.006926999958523,0.744973999985632,44.34295399994426,0.0226009999551024,59.40115899983312
H.MOV,24,H,True,A,0.5612815022468567,False,A,False,False,False,True,14.228403999993589,0.0066199999082527,0.7492689999253344,43.01161699993372,0.0298929999189567,58.025802999679854
H.MOV,25,H,True,A,0.5677500367164612,False,A,False,False,False,True,13.881441000023642,0.006558999984918,0.74566400007825,42.03715200003444,0.0207360000104017,56.69155200013165
H.MOV,26,H,True,A,0.6217881441116333,False,A,False,False,False,True,15.37210399999367,0.006614000085392,0.7814069999767526,44.048169000006965,0.0191130000075645,60.22740700007034
H.MOV,27,H,True,A,0.5298096537590027,False,A,False,False,False,True,15.31689500001221,0.0064019999399533,0.7670139999618186,44.23420199998418,0.0216619999946487,60.34617499989281
H.MOV,28,H,True,A,0.4946378171443939,False,A,False,False,False,True,14.17828199998894,0.0079859999004838,0.8447999999816602,46.82968500003426,0.0221970000211513,61.882949999926495
H.MOV,29,H,True,A,0.5049088001251221,False,A,False,False,False,True,14.25552199998492,0.0062540000271837,0.7872290000250359,43.18436699998074,0.0219849999893995,58.25535700000728
H.MOV,30,H,True,A,0.5705341696739197,False,A,False,False,False,True,13.92782499999612,0.0060520000033648,0.7561400000213325,42.19603000001371,0.0223739999682948,56.90842100000282
H.MOV,31,H,True,A,0.5897164940834045,False,A,False,False,False,True,13.990209000041888,0.0060849999954371,0.7618120000643103,42.30944399989767,0.0217069999735031,57.0892569999728
H.MOV,32,H,True,A,0.5471566319465637,False,A,False,False,False,True,14.2454250000128,0.0058560000297802,0.7437570000092819,42.74123900006544,0.0190110000630738,57.75528800018037
H.MOV,33,H,True,A,0.6547783017158508,False,A,False,False,False,True,13.887713000031,0.0120040000410881,0.7415769999852273,42.53074600001128,0.0201000000288331,57.192140000097424
H.MOV,34,H,True,A,0.5410330891609192,False,A,False,False,False,True,14.206750000028023,0.0057849999848258,0.7510990000128004,43.28400700001112,0.0192659999811439,58.26690700001791
H.MOV,35,H,True,A,0.5849518179893494,False,A,False,False,False,True,14.085455999975238,0.0066869999955088,0.7829499999161271,43.16630799996801,0.0253569999131286,58.066757999768015
H.MOV,36,H,True,A,0.6183500289916992,False,A,False,False,False,True,14.09249699997872,0.0063190000219037,0.7811500000798333,42.88214100006371,0.0223300000925519,57.78443700023672
H.MOV,37,H,True,A,0.5872855186462402,False,A,False,False,False,True,14.305863000004138,0.0067649999664354,0.730932000010398,42.84303899999031,0.0192450000895405,57.90584400006082
H.MOV,38,H,True,A,0.6291882395744324,False,A,False,False,False,True,14.295498000024054,0.0089990001015394,0.7507650000206922,44.59253299989996,0.0193260000287409,59.667121000074985
H.MOV,39,H,True,A,0.5690777897834778,False,A,False,False,False,True,13.958756999954858,0.0081740000723584,0.825015000032181,44.03911200006405,0.0199359999442094,58.85099400006766
H.MOV,40,H,True,A,0.625531792640686,False,A,False,False,False,True,13.976075000016408,0.0062540000271837,0.7839129999638317,43.10302400006094,0.021966999952383,57.89123300002075
H.MOV,41,H,True,A,0.5958077907562256,False,A,False,False,False,True,14.001963999987764,0.0072020000061456,0.7730229999651783,42.26031899997906,0.0193429999626459,57.0618509999008
H.MOV,42,H,True,A,0.6200564503669739,False,A,False,False,False,True,14.182987000026516,0.0076070000432082,0.7417730000724987,42.82970099995964,0.0202650001028814,57.78233300020474
H.MOV,43,H,True,A,0.598987877368927,False,A,False,False,False,True,14.03336800001398,0.0060580000535992,0.7249569999885352,43.32559199997377,0.0192950000155178,58.1092700000454
H.MOV,44,H,True,A,0.6548669934272766,False,A,False,False,False,True,14.13956699997243,0.0063429999954678,0.7933630000707126,42.35723499994037,0.0205830000368223,57.31709100001581
H.MOV,45,H,True,A,0.6186211109161377,False,A,False,False,False,True,14.213819000019612,0.0073420000035184,0.7779719999234658,42.8879879999613,0.0206490000209669,57.90776999992886
H.MOV,46,H,True,A,0.6035653352737427,False,A,False,False,False,True,13.99396300001854,0.0069359999770313,0.7919549999542141,42.65369000006558,0.0268329999926209,57.47337700000799
H.MOV,47,H,True,A,0.6439070105552673,False,A,False,False,False,True,13.958526000010352,0.007140999969124,0.8597739999913756,42.579769999974815,0.0195840000287716,57.42479499997444
H.MOV,48,H,True,A,0.4478973150253296,False,A,False,False,False,True,13.970357999994576,0.0065630000563032,0.7863840000936761,42.36533599998893,0.0220860000581524,57.15072700019164
H.MOV,49,H,True,A,0.5684439539909363,False,A,False,False,False,True,14.1267099999709,0.0069220000114,0.7884550000198942,44.09711899995728,0.0213939999866852,59.04059999994615
H.MOV,50,H,True,A,0.3695084154605865,False,A,False,False,False,True,15.272035999998934,0.0073609999162727,0.698928000019805,43.8918319999857,0.0206040000421126,59.89076099996282
H.MOV,51,H,True,Z,0.4387959241867065,False,Z,False,False,False,True,14.4970359999661,0.0062780000007478,0.7440690000066752,42.78586099997028,0.0223009999444911,58.0555449998883
H.MOV,52,H,True,A,0.5471156239509583,False,A,False,False,False,True,14.242734000049497,0.0067780000563288,0.7936210000707433,42.35752900001444,0.0226890000476487,57.423351000238654
H.MOV,53,H,True,A,0.6090694665908813,False,A,False,False,False,True,14.293490999989444,0.0078320000511666,0.7725880000180041,42.699840000068434,0.0215349999734826,57.79528600010053
H.MOV,54,H,True,A,0.6944776177406311,False,A,False,False,False,True,14.577927999994245,0.0068340000325406,0.8669860000054541,42.7040089999764,0.020826999957535,58.17658399996617
H.MOV,55,H,True,A,0.6541099548339844,False,A,False,False,False,True,13.99441600000273,0.0067500000113795,0.8579730000519703,42.0743100000891,0.0206370000341848,56.95408600018936
H.MOV,56,H,True,A,0.6752627491950989,False,A,False,False,False,True,13.919119999968643,0.0068190000774848,0.7471180000493405,42.32589999992342,0.0219720000131928,57.02092900003208
H.MOV,57,H,True,A,0.6927306056022644,False,A,False,False,False,True,14.026212000032956,0.0074780000431928,0.821671999915452,43.95143499993992,0.0199300000076618,58.82672699993918
H.MOV,58,H,True,A,0.6500281095504761,False,A,False,False,False,True,14.182250000033036,0.0062980000166135,0.7868159999588897,44.10742999994,0.0205800000685485,59.10337400001709
H.MOV,59,H,True,A,0.6674991250038147,False,A,False,False,False,True,14.20678400000952,0.0067700000272452,0.785199000006287,43.39158899995255,0.0195949999124422,58.40993699990804
H.MOV,60,H,True,A,0.7092185020446777,False,A,False,False,False,True,14.137875000017177,0.0080710000247563,0.8829009999544724,44.37868999991679,0.0213950000897966,59.42893200000299
H.MOV,61,H,True,A,0.7058045864105225,False,A,False,False,False,True,14.143873000023175,0.0084990000459583,0.8585310000626123,43.750732000034986,0.0190399999837609,58.780675000150495
H.MOV,62,H,True,A,0.7213722467422485,False,A,False,False,False,True,14.509614000019155,0.0068929999770261,0.7660059999352598,42.5889380001081,0.0220929999841246,57.89354400002367
H.MOV,63,H,True,A,0.6755800843238831,False,A,False,False,False,True,14.55194999999776,0.0067679999347092,0.7424379999747543,43.402851999985614,0.0208550000024843,58.72486299989532
H.MOV,64,H,True,A,0.6525020599365234,False,A,False,False,False,True,13.987201000020375,0.0088770000274962,0.8153859999993074,43.21997600004579,0.0246329999527006,58.05607300004567
H.MOV,65,H,True,A,0.6613807082176208,False,A,False,False,False,True,14.195916000005582,0.0086979999878167,0.8073349999904167,43.3083230000193,0.0243060000002515,58.34457800000337
H.MOV,66,H,True,A,0.6269205808639526,False,A,False,False,False,True,14.146928999991816,0.007698999979766,0.8607239999491867,43.63918800004285,0.0223980000555457,58.67693800001916
H.MOV,67,H,True,A,0.528638482093811,False,A,False,False,False,True,14.830002999985936,0.0066830000378104,0.7453819999909683,42.186173999994026,0.0209280000262879,57.78917000003503
H.MOV,68,H,True,A,0.7086779475212097,False,A,False,False,False,True,14.257413999985149,0.0056719999292909,0.8600559999649704,42.87708799995471,0.0225589999445219,58.02278899977864
H.MOV,69,H,True,A,0.6154829263687134,False,A,False,False,False,True,13.916649000009327,0.006688999974358,0.8151959999622704,43.68943199995101,0.0217179999708605,58.44968399986783
H.MOV,70,H,True,A,0.6687666773796082,False,A,False,False,False,True,14.212880000002317,0.0063050000562725,0.7710300000098869,42.268603000025,0.0218079999285691,57.28062600002204
H.MOV,71,H,True,A,0.7106631994247437,False,A,False,False,False,True,13.919251000004351,0.0070830000140631,0.7421929999509302,42.60822999992797,0.0231819999498839,57.2999389998472
H.MOV,72,H,True,A,0.7179178595542908,False,A,False,False,False,True,14.408397000011064,0.0089060000618701,0.8574020000651217,44.05469300002096,0.020345999928395,59.34974400008741
H.MOV,73,H,True,A,0.6916651725769043,False,A,False,False,False,True,14.18505499998446,0.0080849999903875,0.841351000076429,43.32482899997103,0.0206689999231457,58.37998899994545
H.MOV,74,H,True,A,0.7265742421150208,False,A,False,False,False,True,14.171794999981556,0.0082039999824701,0.8885820000159583,43.82294999993519,0.0203929999997853,58.91192399991496
H.MOV,75,H,True,A,0.729754626750946,False,A,False,False,False,True,14.061287000004086,0.0080940000088958,0.7763240000713267,43.92111800007115,0.0201850000394188,58.78700800019488
H.MOV,76,H,True,A,0.7190667986869812,False,A,False,False,False,True,13.906900999984371,0.0061850000747654,0.8704299999635623,43.53018699998756,0.0203249999231047,58.33402799993337
H.MOV,77,H,True,A,0.6466181874275208,False,A,False,False,False,True,14.08533000000034,0.0098890000117535,0.7835050000721822,44.679930000029344,0.0218690000792776,59.5805230001929
H.MOV,78,H,True,A,0.6641384363174438,False,A,False,False,False,True,13.911048000011306,0.0085740000486111,0.8414850000235674,43.82290099999864,0.021738000100413,58.605746000182535
H.MOV,79,H,True,A,0.7350375652313232,False,A,False,False,False,True,14.043070999946394,0.008442000080322,0.7689069999514686,43.07701300001554,0.0221740000370118,57.91960700003074
H.MOV,80,H,True,A,0.7712476253509521,False,A,False,False,False,True,14.08848199997692,0.0061850000747654,0.7495520000020406,45.56745699994735,0.0236469999208566,60.43532299992194
H.MOV,81,H,True,A,0.7709813714027405,False,A,False,False,False,True,14.444144999970376,0.0072899999850051,0.7558480000398049,42.76572599997053,0.0205379999442811,57.99354699991
H.MOV,82,H,True,A,0.7823728322982788,False,A,False,False,False,True,13.946336999993036,0.0078900000062276,0.7662389999723018,44.23731499991845,0.0215699999444041,58.97935099983442
H.MOV,83,H,True,A,0.7726374864578247,False,A,False,False,False,True,13.995001000012053,0.0087569999323022,0.8625609999626249,46.55829600005745,0.020547999952214,61.44516299991665
H.MOV,84,H,True,A,0.8065052032470703,False,A,False,False,False,True,13.944974999958504,0.0083620000168593,0.851325999974506,44.56938500004526,0.0207429999363739,59.3947909999315
H.MOV,85,H,True,A,0.7466249465942383,False,A,False,False,False,True,14.00956899999528,0.0083350000750215,0.8905559999448087,43.560412000033466,0.024280999923576,58.49315299997215
H.MOV,86,H,True,A,0.7007157802581787,False,A,False,False,False,True,13.973332000034588,0.0088749999349602,0.9343579999949724,45.38963300001342,0.0238100000160557,60.330007999994
H.MOV,87,H,True,A,0.6970839500427246,False,A,False,False,False,True,14.090219000024716,0.009510000040791,0.860145999922679,44.409792000010384,0.0224660000185394,59.39213300001711
H.MOV,88,H,True,A,0.7479439973831177,False,A,False,False,False,True,13.98855999997295,0.0083969999877808,0.8586469999727342,47.02871699998923,0.0207900000077643,61.90511099993046
H.MOV,89,H,True,A,0.7267299890518188,False,A,False,False,False,True,13.93655999999055,0.0073259999453512,0.9068540000498616,42.99315399998704,0.0234049999789931,57.8672989999518
H.MOV,90,H,True,A,0.7231797575950623,False,A,False,False,False,True,14.351069000042571,0.00705200000084,0.8207109999602835,43.13760700006242,0.0220830000898786,58.33852200015599
H.MOV,91,H,True,A,0.7727701663970947,False,A,False,False,False,True,14.060861000018576,0.0059660000033545,0.7581330000903108,42.3509820000163,0.0238680000848034,57.19981000021335
H.MOV,92,H,True,A,0.7471888065338135,False,A,False,False,False,True,14.018496000005598,0.009461999979976,0.6842969999070192,43.72961599995051,0.0220099999523881,58.46388099979549
H.MOV,93,H,True,A,0.7070750594139099,False,A,False,False,False,True,14.027092999981503,0.0069420000272657,0.7935809999253252,43.3774609999773,0.0217169999814359,58.226793999892834
H.MOV,94,H,True,A,0.6841204762458801,False,A,False,False,False,True,14.16134700002658,0.0074230000564057,0.5051349999121157,44.29980399993383,0.021759999981441,58.99546899991037
H.MOV,95,H,True,A,0.7301197648048401,False,A,False,False,False,True,14.064399000005778,0.0094289999879038,0.7774449999260469,43.26390500000343,0.0212809999311502,58.13645899985431
H.MOV,96,H,True,A,0.7626934051513672,False,A,False,False,False,True,14.1062649999526,0.0084629999719254,0.7738080000763148,42.15461399996912,0.0232690000530055,57.06641900002296
H.MOV,97,H,True,A,0.7847964763641357,False,A,False,False,False,True,14.074413000003004,0.0069099999109312,0.8470839999290547,56.1330560000215,0.0208259999681104,71.0822889998326
H.MOV,98,H,True,A,0.7458794713020325,False,A,False,False,False,True,14.151399000013498,0.0085559998979078,1.0485660000085772,44.98344399996768,0.0209600000289356,60.2129249999166
H.MOV,99,H,True,A,0.7956761717796326,False,A,False,False,False,True,14.116537999996126,0.006761000008737,0.8225410000477495,44.3355929999143,0.0198590000763942,59.3012920000433
H.MOV,100,H,True,A,0.8426517844200134,False,A,False,False,False,True,14.067732000000888,0.0068659999215014,0.7732960000339517,43.25236199997562,0.0195970000049783,58.11985299993694
H.MOV,101,H,True,A,0.7994819283485413,False,A,False,False,False,True,14.104198999973503,0.0065130000166391,0.7535339999549251,44.62432499997249,0.0202170000420665,59.50878799995962
H.MOV,102,H,True,A,0.6872058510780334,False,A,False,False,False,True,13.984671999992315,0.0066449999849282,0.8092190000752453,44.54634299997906,0.0199410000050193,59.36682000003657
H.MOV,103,H,True,A,0.6733188033103943,False,A,False,False,False,True,14.176733999988755,0.0063299999055743,0.8411860000023808,42.99268500005837,0.019826000084322,58.036761000039405
H.MOV,104,H,True,A,0.7076002359390259,False,A,False,False,False,True,14.096853000012288,0.0064910000219242,0.8194099999627724,42.64736600009656,0.0530539999772372,57.623174000070776
H.MOV,105,H,True,A,0.7496109008789062,False,A,False,False,False,True,14.181300999950963,0.0065750000430853,0.7481090000283075,42.78899199994157,0.0198850000288075,57.744861999992736
H.MOV,106,H,True,A,0.7165797352790833,False,A,False,False,False,True,14.118744000029436,0.0064350000457125,0.7609169999795995,42.10551699998177,0.02061500003947,57.01222800007599
H.MOV,107,H,True,A,0.6706646680831909,False,A,False,False,False,True,13.96620000002713,0.0072049999744194,0.7783329999710986,43.61207800002376,0.0242930000240448,58.38810900002045
H.MOV,108,H,True,A,0.684025764465332,False,A,False,False,False,True,14.079369999990377,0.0061559999267046,0.7862980000936659,42.36931000002642,0.0221660000079282,57.26330000004509
H.MOV,109,H,True,A,0.7405721545219421,False,A,False,False,False,True,14.109568000037598,0.0076359999638953,0.7759650000025431,42.42374099999324,0.020639000013034,57.33754900001031
H.MOV,110,H,True,A,0.6935499310493469,False,A,False,False,False,True,14.326696000011909,0.0067379999109107,0.8067109999956301,43.8869380000142,0.0199490000341029,59.04703199996675
H.MOV,111,H,True,A,0.737794041633606,False,A,False,False,False,True,14.277599000024566,0.0080350000644102,0.888878999944609,43.722352000031606,0.0193240000498917,58.91618900011508
H.MOV,112,H,True,A,0.772121787071228,False,A,False,False,False,True,14.865052999994075,0.0060349999557729,0.8208079999576512,43.61154000002898,0.0203170000077079,59.32375299994419
H.MOV,113,H,True,A,0.7883671522140503,False,A,False,False,False,True,14.269680999973389,0.0085730000591865,0.7857240000248567,43.423521999898185,0.0222469999471286,58.509746999902745
H.MOV,114,H,True,A,0.7867574095726013,False,A,False,False,False,True,13.86986199997864,0.0069830000484216,0.8076770000116085,45.145305000005465,0.0195869999970454,59.84941400004118
H.MOV,115,H,True,A,0.7731842398643494,False,A,False,False,False,True,14.072739999960504,0.0070800000457893,0.8147510000071634,44.018692999998166,0.0303709999798229,58.943634999991446
H.MOV,116,H,True,A,0.7580363750457764,False,A,False,False,False,True,14.23858499998687,0.0066290000404478,0.794567000070856,43.081072000063614,0.0189200000022538,58.13977300016404
H.MOV,117,H,True,A,0.7193959355354309,False,A,False,False,False,True,14.139994000004208,0.0062130000060278,0.8043210000323597,43.5710230000268,0.0191119999044531,58.54066299997385
H.MOV,118,H,True,A,0.7124141454696655,False,A,False,False,False,True,13.921437000021797,0.0064320000774387,0.7737959999758459,45.756296000035945,0.0217900000052395,60.479751000116266
H.MOV,119,H,True,A,0.7226074934005737,False,A,False,False,False,True,13.951172999952632,0.0064210000800812,0.7536209999443599,43.35873299999093,0.0216490000184421,58.09159699998645
H.MOV,120,H,True,A,0.7198111414909363,False,A,False,False,False,True,13.882564000027742,0.0070720000167057,0.7941249999703359,44.45118199998888,0.0221300000475821,59.15707300005124
H.MOV,121,H,True,A,0.6890910267829895,False,A,False,False,False,True,14.25334999998995,0.0069459999849641,0.7620889999770952,43.922417999965546,0.0224829999524445,58.96728599987
H.MOV,122,H,True,A,0.6838275194168091,False,A,False,False,False,True,14.0624620000267,0.0066299999161856,0.7923930000970358,43.59481000005872,0.0211070000659674,58.4774020001646
H.MOV,123,H,True,A,0.6458280682563782,False,A,False,False,False,True,13.97659899998871,0.0069090000351934,0.8079460000089966,44.14783099991837,0.022589999957745,58.96187499990901
H.MOV,124,H,True,A,0.7165082097053528,False,A,False,False,False,True,14.479287999961343,0.0081819999877552,0.8020110000188652,43.5171320000336,0.0198179999415515,58.82643099994311
H.MOV,125,H,True,A,0.6528456807136536,False,A,False,False,False,True,14.113628000018252,0.0069179999400148,0.7944320000206062,44.35697999997501,0.019231999999647,59.29118999995353
H.MOV,126,H,True,A,0.7236485481262207,False,A,False,False,False,True,14.083547999973687,0.007391000053758,0.8498339999505333,44.675204999975904,0.0233230000503681,59.63930100000425
H.MOV,127,H,True,A,0.5681682229042053,False,A,False,False,False,True,13.96637800002054,0.0064429999611093,0.7642020000275807,43.455380000068544,0.0226129999418844,58.21501600001966
H.MOV,128,H,True,A,0.6356989145278931,False,A,False,False,False,True,14.27562300000318,0.006558999984918,0.7407990000274367,43.14880699996593,0.022661999992124,58.19444999997359
H.MOV,129,H,True,A,0.3093859255313873,False,A,False,False,False,True,13.93492300002208,0.0077810000220779,0.8080070000460182,44.66387799993754,0.0218010000025969,59.43639000003032
H.MOV,130,H,True,A,0.5108082294464111,False,A,False,False,False,True,14.02041400001508,0.0071499999876323,0.7360170000083599,45.08885600000667,0.0222789999497763,59.87471599996752
H.MOV,131,H,True,A,0.4862551391124725,False,A,False,False,False,True,14.285359999973934,0.0060260000509515,0.8386230000496653,45.81008100001327,0.0224160000925621,60.96250600018038
H.MOV,132,H,True,A,0.5277670621871948,False,A,False,False,False,True,14.174092000018844,0.0054319999662766,0.4867510000394759,43.61162899999727,0.0226339999471747,58.30053799996904
H.MOV,133,H,True,A,0.4162734746932983,False,A,False,False,False,True,14.116210999986832,0.0060700000403812,0.7762090000369426,42.601714000056745,0.0184030000127677,57.51860700013367
H.MOV,134,H,True,A,0.4185838997364044,False,A,False,False,False,True,14.044387000012648,0.0072599999612066,0.7896219999565801,43.44276799997715,0.0218269999550102,58.3058639998626
H.MOV,135,H,True,A,0.3932054042816162,False,A,False,False,False,True,14.264914999955636,0.0077160000273579,0.9411979999640608,43.07508300007612,0.0220879999233147,58.31099999994649
H.MOV,136,H,True,A,0.7266456484794617,False,A,False,False,False,True,13.992792999999892,0.0069609999400199,0.4813240000203223,43.78121799993551,0.0229589999207746,58.28525499981652
H.MOV,137,H,True,A,0.6438527703285217,False,A,False,False,False,True,14.046188000008897,0.0071619999744143,0.7899270000280012,44.87401399990176,0.0223980000555457,59.73968899996862
H.MOV,138,H,True,A,0.6342448592185974,False,A,False,False,False,True,14.058465000005071,0.00653700010389,0.7835759998897629,42.4874530000352,0.0214909999840529,57.35752200001798
H.MOV,139,H,True,A,0.6136476993560791,False,A,False,False,False,True,13.954851999983475,0.0057390000165469,0.7727880000629739,44.66521799997736,0.0217580000025918,59.42035500004295
H.MOV,140,H,True,A,0.7250787019729614,False,A,False,False,False,True,14.053148000016336,0.007537999977103,0.8358590000625554,45.2082799999971,0.0214149999919754,60.12624000004507
H.MOV,141,H,True,A,0.7625306844711304,False,A,False,False,False,True,14.12831400000414,0.0057759999663176,0.8625010000287148,45.46321899999839,0.022197999896889,60.48200799989445
H.MOV,142,H,True,A,0.7422569394111633,False,A,False,False,False,True,13.89566300002798,0.0058829999716181,0.7890559999168545,46.03712200002974,0.0214120000237016,60.74913599996989
I.MOV,0,I,True,nothing,0.9144553542137146,False,nothing,False,False,False,True,14.144776999955866,0.0092230000063864,0.8566010000095048,44.5412540000234,0.0215320000052088,59.573387000000366
I.MOV,1,I,True,nothing,0.8718730807304382,False,nothing,False,False,False,True,14.127076000022498,0.008038000032684,0.8715370000800249,43.642910000016855,0.0208059999522447,58.67036700010431
I.MOV,2,I,True,nothing,0.8661248683929443,False,nothing,False,False,False,True,13.907122999967214,0.0072169999612015,0.8533469999747467,43.65375099996527,0.0212149999470057,58.44265299981544
I.MOV,3,I,True,nothing,0.8785716891288757,False,nothing,False,False,False,True,14.040535999981785,0.0071030000299288,0.8278190000510222,43.74535399995239,0.0221420000343641,58.642954000049485
I.MOV,4,I,True,nothing,0.8216972947120667,False,nothing,False,False,False,True,14.032522000036352,0.0066039999637723,0.5671090000305412,44.5459640000081,0.0226120000661467,59.17481100010491
I.MOV,5,I,True,nothing,0.796683669090271,False,nothing,False,False,False,True,13.961799000014707,0.0067739999849436,0.8176940000339528,43.30948400001944,0.0214589999814052,58.11721000003445
I.MOV,6,I,True,nothing,0.8491595983505249,False,nothing,False,False,False,True,13.93866899996965,0.0077870000723123,0.8045309999715755,42.54978200003734,0.018180999973083,57.31895000002396
I.MOV,7,I,True,nothing,0.9137880206108092,False,nothing,False,False,False,True,14.196769000022869,0.0057039999319385,0.8070369999586546,42.65995100001874,0.01936699993621,57.68882799986841
I.MOV,8,I,True,nothing,0.8883320093154907,False,nothing,False,False,False,True,14.05003399997895,0.0072800000907591,0.8193710000341525,42.32983300005344,0.0193150000313835,57.225833000188686
I.MOV,9,I,True,nothing,0.8077890276908875,False,nothing,False,False,False,True,14.079283000000942,0.0071790000220062,0.8358960000123261,43.03694999998697,0.0220729999682589,57.981380999990506
I.MOV,10,I,True,nothing,0.8287221193313599,False,nothing,False,False,False,True,14.49026400001685,0.0068800000008195,0.8405190000075891,43.9239559999578,0.0224340000158917,59.28405299999895
I.MOV,11,I,True,nothing,0.7671968936920166,False,nothing,False,False,False,True,14.141645000051994,0.0073779999638645,0.953298000013092,46.62865900002089,0.0245420000055673,61.75552200005541
I.MOV,12,I,True,nothing,0.8377495408058167,False,nothing,False,False,False,True,16.34600599999203,0.0063679999584564,0.8173420000048282,44.226453999954174,0.023422000026585,61.41959199993608
I.MOV,13,I,True,nothing,0.7670958638191223,False,nothing,False,False,False,True,13.828993000004177,0.0081759999375208,0.8472439999422932,43.2951550000098,0.0220970000555098,58.0016649999493
I.MOV,14,I,True,nothing,0.7033573389053345,False,nothing,False,False,False,True,13.879959000007602,0.0067369999214861,0.8233390000214058,42.76702799995746,0.0246900000320238,57.50175299993998
I.MOV,15,I,True,nothing,0.6163529753684998,False,nothing,False,False,False,True,13.99922999996761,0.0093340000830721,0.9029650000229594,45.44911499999671,0.0245649999897068,60.38520900006006
I.MOV,16,I,True,nothing,0.7508982419967651,False,nothing,False,False,False,True,16.719143999978314,0.0066970000034416,0.8540279999351696,45.510143000001335,0.0221650000185036,63.11217699993677
I.MOV,17,I,True,nothing,0.6793138980865479,False,nothing,False,False,False,True,14.061348000041107,0.0070469999400302,0.8483009999054048,43.03233699999964,0.021533999984058,57.97056699987024
I.MOV,18,I,True,nothing,0.6510886549949646,False,nothing,False,False,False,True,14.06219300002931,0.0060359999451975,0.5098889999999301,43.69040299991411,0.0193700000181706,58.28789099990672
I.MOV,19,I,True,nothing,0.7839999198913574,False,nothing,False,False,False,True,13.983717000030538,0.0063300000192612,0.8260000000746004,45.01472000004014,0.0196319999758998,59.85039900014044
I.MOV,20,I,True,nothing,0.8070207834243774,False,nothing,False,False,False,True,14.094352000029176,0.0075729999480245,0.8405180000181645,43.17108299994743,0.0219160000369811,58.135441999979776
I.MOV,21,I,True,nothing,0.6669057011604309,False,nothing,False,False,False,True,14.105491000009351,0.0075640000432031,0.9325180000132604,43.74505600003431,0.0218650000078923,58.81249400010802
I.MOV,22,I,True,nothing,0.6648440957069397,False,nothing,False,False,False,True,14.099405999957073,0.0073539999903005,0.814540000078523,43.45916299996588,0.021615999912683,58.40207899990446
I.MOV,23,I,True,nothing,0.5379986763000488,False,nothing,False,False,False,True,14.017914000021392,0.0071559999241799,0.872361999995519,44.14242699999704,0.0220939999735492,59.06195299991168
I.MOV,24,I,True,nothing,0.5442817211151123,False,nothing,False,False,False,True,14.1875079999636,0.0071079999770518,0.8848999999599982,43.29496399998334,0.0215049999496841,58.39598499983367
I.MOV,25,I,True,nothing,0.5410562753677368,False,nothing,False,False,False,True,14.334818999998332,0.0074670000458354,0.8921990000771984,43.80831399998897,0.0210839999681411,59.06388300007848
I.MOV,26,I,True,nothing,0.4707205891609192,False,nothing,False,False,False,True,14.022658999977011,0.0066459999743528,0.8275580000827176,44.35668700000406,0.0199009999732879,59.23345100001143
I.MOV,27,I,True,A,0.4753521680831909,False,A,False,False,False,True,13.963040000021463,0.0069139999823164,0.8164829999941503,41.94652199998927,0.0212710000369042,56.75423000002411
I.MOV,28,I,True,A,0.5254067182540894,False,A,False,False,False,True,14.156108000008771,0.0082839999322459,0.8911799999395953,43.720631000041976,0.0229439999657188,58.79914699988831
I.MOV,29,I,True,A,0.4968734979629516,False,A,False,False,False,True,13.955829999986236,0.0079369999639311,0.8879240000396749,43.832239999915146,0.0236949999816715,58.70762599988666
I.MOV,30,I,True,A,0.499273270368576,False,A,False,False,False,True,13.959927000030348,0.0082120000115537,0.8504149999453148,45.93633700005739,0.0247629999421405,60.77965399998675
I.MOV,31,I,True,A,0.5854890942573547,False,A,False,False,False,True,13.939700999969771,0.0072039999849948,0.8244680000188964,43.72056000011071,0.0226339999471747,58.51456700003155
I.MOV,32,I,True,A,0.56069016456604,False,A,False,False,False,True,13.961869000013394,0.0079150000829031,0.8762530000012703,46.00095599994347,0.0204469999971479,60.86744000003819
I.MOV,33,I,True,A,0.5698749423027039,False,A,False,False,False,True,13.916888999972343,0.009091999913835,0.9285270000418676,46.43405900003472,0.0241520000372474,61.312719000000016
I.MOV,34,I,True,A,0.6738423109054565,False,A,False,False,False,True,13.998044999993908,0.0072749999162624,0.8901649999870642,44.726247000085095,0.02337399996577,59.6451059999481
I.MOV,35,I,True,A,0.6572260856628418,False,A,False,False,False,True,13.997240999970018,0.007331000006161,0.8417170000711849,44.630579999989095,0.0204739999389858,59.49734299997544
I.MOV,36,I,True,A,0.6055622696876526,False,A,False,False,False,True,14.01663600000802,0.0079990001040641,0.8636090000209151,43.99338999996871,0.0206570000500505,58.90229100015176
I.MOV,37,I,True,A,0.6267489194869995,False,A,False,False,False,True,14.033809000011388,0.0077489999057434,0.8630620000076306,47.41413099998226,0.0249979999580318,62.343748999865056
I.MOV,38,I,True,A,0.6156008243560791,False,A,False,False,False,True,14.096033999976498,0.0099290000434848,0.6112949999987904,48.06033199997728,0.021457000002556,62.79904699999861
I.MOV,39,I,True,A,0.6339370012283325,False,A,False,False,False,True,14.265655000031074,0.0087009999560905,0.6021770000188553,47.21960500000933,0.0218930000528416,62.118031000068186
I.MOV,40,I,True,A,0.5253477692604065,False,A,False,False,False,True,14.000036000027194,0.0083209999957034,0.856040000030589,43.86231099999805,0.0212319999945975,58.74794000004613
I.MOV,41,I,True,A,0.5108473896980286,False,A,False,False,False,True,14.194087000021227,0.0136119999751826,0.8428819999153347,44.40751499998896,0.0215620000290073,59.479657999929714
I.MOV,42,I,True,A,0.5057438611984253,False,A,False,False,False,True,14.082610999992085,0.009308000016972,0.8940359999769498,44.34114399998634,0.0320719999535867,59.35917099992594
I.MOV,43,I,True,nothing,0.4524864256381988,False,nothing,False,False,False,True,13.961569999992207,0.0097900000355366,0.8944489999294092,44.28356900007202,0.0399649999280882,59.18934299995726
I.MOV,44,I,True,nothing,0.3808112740516662,False,nothing,False,False,False,True,13.930767000033484,0.0077969999665583,0.8145040000044901,44.62423299992224,0.0204939999548514,59.397794999881626
I.MOV,45,I,True,nothing,0.4791901111602783,False,nothing,False,False,False,True,14.295225000012124,0.007703999926889,0.9015050000016344,56.57040100004451,0.0291570000854335,71.8039920000706
I.MOV,46,I,True,nothing,0.5171260237693787,False,nothing,False,False,False,True,14.07475999997132,0.0094050000143397,0.917359000027318,44.68048100000033,0.0203130000500095,59.70231800006332
I.MOV,47,I,True,nothing,0.5352656841278076,False,nothing,False,False,False,True,14.023179000048458,0.0074359999189255,0.9462669999038552,43.74922399995285,0.0193950000948461,58.74550099991893
I.MOV,48,I,True,A,0.5547167062759399,False,A,False,False,False,True,13.912369000024682,0.0093029999561622,0.8650610000131564,43.3114669999668,0.0409130000207369,58.139112999981535
I.MOV,49,I,True,A,0.5338051319122314,False,A,False,False,False,True,14.040846999989752,0.0086489999375771,0.8376589998988493,43.568673999971,0.0228420000212281,58.478670999818405
I.MOV,50,I,True,A,0.5968719720840454,False,A,False,False,False,True,13.929293999979109,0.0073999999585794,0.8207779999338527,43.849595000097,0.0215090000210693,58.62857599998961
I.MOV,51,I,True,A,0.5511343479156494,False,A,False,False,False,True,14.270518999978776,0.0088850000565798,0.8599039999808156,43.67281700001513,0.0235799999472874,58.83570499997859
I.MOV,52,I,True,A,0.607702910900116,False,A,False,False,False,True,14.115356999980122,0.0097790000381792,0.7852270000512362,43.67611299994678,0.026652000087779,58.6131280001041
I.MOV,53,I,True,A,0.5800438523292542,False,A,False,False,False,True,14.003066999976,0.0085829999534325,0.8562549999169278,44.34684299997116,0.025185000026795,59.23993299984432
I.MOV,54,I,True,A,0.5847062468528748,False,A,False,False,False,True,13.980647000039426,0.0078509999639209,0.8307069999773375,43.92176399994696,0.0260560000242549,58.7670249999519
I.MOV,55,I,True,A,0.5243759155273438,False,A,False,False,False,True,13.8295479999897,0.0072909999744297,0.8862290000024586,43.1630819999782,0.022585000010622,57.90873499995541
I.MOV,56,I,True,A,0.6440991163253784,False,A,False,False,False,True,13.89726999997265,0.0072440000167262,0.8297959999481463,43.54103399998621,0.0229329999683614,58.298276999892096
I.MOV,57,I,True,A,0.7889094948768616,False,A,False,False,False,True,14.073575999987042,0.0075560000141194,0.8870469999919806,45.31304800002545,0.0229859999762993,60.30421299999489
I.MOV,58,I,True,A,0.7859928607940674,False,A,False,False,False,True,13.913090000016837,0.0076900000749446,0.9399100000564432,44.21460999992632,0.0233030000345024,59.09860300010905
I.MOV,59,I,True,A,0.7065876722335815,False,A,False,False,False,True,14.11656799996308,0.006287000019256,0.8381420000205253,46.32220300004519,0.023102000000108,61.30630200004816
I.MOV,60,I,True,A,0.6105996370315552,False,A,False,False,False,True,13.937843000007888,0.0074499999982435,0.5109640000000581,42.744700000071134,0.0211979998994138,57.22215499997674
I.MOV,61,I,True,A,0.4638805389404297,False,A,False,False,False,True,13.917135000042435,0.007658000072297,0.8478570000534091,45.33475199991699,0.0198249999812105,60.12722700006634
I.MOV,62,I,True,nothing,0.5977430939674377,False,nothing,False,False,False,True,13.959907000014482,0.0079400000458917,0.8793260000174996,42.449892000036016,0.0228889999789316,57.31995400009282
I.MOV,63,I,True,A,0.4334138035774231,False,A,False,False,False,True,13.89069900000095,0.0078969999321998,0.8428360000607427,42.83946999998989,0.0217369999973016,57.60263899998108
I.MOV,64,I,True,nothing,0.4634499847888946,False,nothing,False,False,False,True,13.937075000001188,0.0070969999796943,0.8327990000225327,43.92610599995805,0.0195730000314142,58.72264999999288
I.MOV,65,I,True,nothing,0.6890246272087097,False,nothing,False,False,False,True,15.113014999997176,0.0080070000194609,0.8526520000486926,43.20262500004901,0.0190520000842298,59.19535100019857
I.MOV,66,I,True,nothing,0.5284537076950073,False,nothing,False,False,False,True,14.135516999999709,0.0063710000404171,0.8193679999521919,42.562901999986025,0.0330880000092292,57.55724599998757
I.MOV,67,I,True,A,0.4802258908748626,False,A,False,False,False,True,14.130491000003076,0.0065369999902031,0.5419230000143216,42.0013260001042,0.019215000065742,56.69949200017754
I.MOV,68,I,True,nothing,0.5652950406074524,False,nothing,False,False,False,True,14.200651000010112,0.0084329999481269,0.5364449999660792,42.99811699991096,0.0209690000474438,57.76461499988272
I.MOV,69,I,True,A,0.4747582376003265,False,A,False,False,False,True,14.106937999997626,0.0059929999451924,0.5548230000158583,41.86409499993715,0.0195539998912863,56.55140299978712
I.MOV,70,I,True,A,0.5437634587287903,False,A,False,False,False,True,14.414421000026325,0.0061619999769391,0.8796700000175406,42.77054700003191,0.0193629999785116,58.090163000031225
I.MOV,71,I,True,A,0.6892604231834412,False,A,False,False,False,True,13.974497000049269,0.0085090000538912,0.8358390000466898,42.68584199996894,0.0187929999810876,57.52348000009988
I.MOV,72,I,True,A,0.6874247789382935,False,A,False,False,False,True,13.967793999995592,0.0070490000325662,0.8192469999812602,43.18007499989562,0.0210709999919345,57.99523599989698
I.MOV,73,I,True,A,0.840893566608429,False,A,False,False,False,True,14.270749999980126,0.0080009999692265,0.8333009999432761,43.02272500001436,0.0252439999712805,58.16002099987827
I.MOV,74,I,True,A,0.90421724319458,False,A,False,False,False,True,13.966127000003326,0.0068890000193277,0.8516400000644353,44.00269899997511,0.0232619998996597,58.85061699996186
I.MOV,75,I,True,A,0.9041680693626404,False,A,False,False,False,True,14.092406999964169,0.0071800000114308,0.8392019999519107,43.69531400004689,0.0192560000868979,58.6533590000613
I.MOV,76,I,True,A,0.5720558762550354,False,A,False,False,False,True,13.813517000016873,0.0063860001091597,0.810473000001366,42.24740600000132,0.0195480000684256,56.89733000019714
I.MOV,77,I,True,A,0.5458260178565979,False,A,False,False,False,True,14.156646000003548,0.0069740000299134,0.882973999978276,43.64787800000158,0.019866999991791,58.71433900000511
I.MOV,78,I,True,nothing,0.4996859729290008,False,nothing,False,False,False,True,13.97409300000163,0.006417000008696,0.8385029999544713,43.09406699996998,0.0198469999759254,57.93292699991071
I.MOV,79,I,True,nothing,0.4853966832160949,False,nothing,False,False,False,True,13.947944999983974,0.008374999993066,0.909825999997338,44.95326400001432,0.0222109999867825,59.84162099997548
I.MOV,80,I,True,A,0.5715316534042358,False,A,False,False,False,True,13.924723999991784,0.0074130000484728,0.8532640000566971,43.39500699995824,0.0220819999867671,58.20249000004196
I.MOV,81,I,True,A,0.6546968221664429,False,A,False,False,False,True,14.212971000006291,0.0069060000669196,0.8599550000099043,43.8902019999432,0.023090000013326,58.99312400003964
I.MOV,82,I,True,A,0.6596052050590515,False,A,False,False,False,True,14.187524999954348,0.0063420000060432,0.8201939999707974,42.78470500003096,0.0218300000369708,57.82059599999912
I.MOV,83,I,True,A,0.7968857884407043,False,A,False,False,False,True,14.102258999969308,0.0062520000483345,0.8155099999385129,44.121093000057954,0.0224149999894507,59.06752900000356
I.MOV,84,I,True,A,0.7539414763450623,False,A,False,False,False,True,14.108280000016292,0.0062609999531559,0.5390729999135146,43.77462700006163,0.0225310000132594,58.45077199995785
I.MOV,85,I,True,A,0.8543471097946167,False,A,False,False,False,True,14.166080999984842,0.0066869999955088,0.8390210000470688,44.212433999973655,0.0204959999337006,59.244718999934776
I.MOV,86,I,True,A,0.8628494143486023,False,A,False,False,False,True,22.98330899998291,0.0073379999321332,0.887260000013157,43.8682770000014,0.0196419999838326,67.76582599991343
I.MOV,87,I,True,A,0.8469292521476746,False,A,False,False,False,True,14.25169599997389,0.0084209999613449,0.5575980000003256,46.98851000000559,0.0202269999363124,61.82645199987746
I.MOV,88,I,True,A,0.8536122441291809,False,A,False,False,False,True,14.496260000044003,0.0080389999084218,0.8286600000246835,44.76988999999776,0.0223339999365634,60.12518299991143
I.MOV,89,I,True,A,0.7533522248268127,False,A,False,False,False,True,14.234725999983766,0.0063530000034006,0.8426699999972698,42.195773999992525,0.0220580000132031,57.301580999990165
I.MOV,90,I,True,A,0.8215872645378113,False,A,False,False,False,True,14.194866000025286,0.0069440000061149,0.516951000008703,43.59507699996357,0.0188939999361537,58.332731999939824
I.MOV,91,I,True,A,0.800942599773407,False,A,False,False,False,True,13.96833000001152,0.0063590000536351,0.804984000069453,42.43069399990418,0.0189129999625947,57.22928000000138
I.MOV,92,I,True,A,0.789238691329956,False,A,False,False,False,True,13.898654000001898,0.00705200000084,0.7996819999789295,43.67385900002319,0.0218719999338645,58.40111899993872
I.MOV,93,I,True,A,0.8644570112228394,False,A,False,False,False,True,14.048449000028995,0.0080400000115332,0.8231059999843637,43.238363999989815,0.023927000029289,58.141886000044
I.MOV,94,I,True,A,0.8872284293174744,False,A,False,False,False,True,13.979929999948126,0.0081360000194763,0.8354340000096272,45.15433099993516,0.020704000007754,59.99853499992014
I.MOV,95,I,True,A,0.8467843532562256,False,A,False,False,False,True,13.93128600000182,0.0066500000457381,0.8537589999377815,43.88020100009271,0.0190549999388167,58.69095100001687
I.MOV,96,I,True,A,0.9148011207580566,False,A,False,False,False,True,13.914183999986562,0.0080659999639465,0.8591529999648628,44.77529099995081,0.021553000010499,59.57824699987668
I.MOV,97,I,True,A,0.8473029136657715,False,A,False,False,False,True,14.076473999978134,0.007740000000922,0.8942450000404278,44.43975100002717,0.0230140000212486,59.44122400006791
I.MOV,98,I,True,A,0.8158330917358398,False,A,False,False,False,True,13.872159999948508,0.006979999966461,0.8903769999051292,43.77781200003028,0.0199959999918064,58.567324999842185
I.MOV,99,I,True,A,0.7878867387771606,False,A,False,False,False,True,14.01063099996236,0.0073919999294957,0.8631500001001768,43.77662900003543,0.0334439999960523,58.69124600002351
I.MOV,100,I,True,A,0.7378190755844116,False,A,False,False,False,True,14.002208000022163,0.0066009999954985,0.8671100000583465,44.68493500007753,0.0215769999840631,59.5824310001376
I.MOV,101,I,True,A,0.5372099280357361,False,A,False,False,False,True,14.236299000003784,0.007896000056462,0.9363420000454424,44.68100799999775,0.0205090000235941,59.88205400012703
I.MOV,102,I,True,A,0.5126691460609436,False,A,False,False,False,True,14.146441000036702,0.0076930000432184,0.8259720000296511,42.92586500002926,0.0207049999971786,57.92667600013601
I.MOV,103,I,True,A,0.5223584771156311,False,A,False,False,False,True,13.9651439999966,0.0064780000457176,0.8045519999768658,43.86167799998475,0.0218039999708707,58.6596559999748
I.MOV,104,I,True,A,0.4884370863437652,False,A,False,False,False,True,14.061105999985555,0.0061779999214195,0.8145949999516233,44.66962699996202,0.0230919999921752,59.5745979998128
I.MOV,105,I,True,A,0.6194323301315308,False,A,False,False,False,True,14.009693999980756,0.0074950000907847,0.8894400000372116,43.30708699990282,0.021533999984058,58.23524999999563
I.MOV,106,I,True,A,0.6634305715560913,False,A,False,False,False,True,13.983213000017258,0.0068479999981718,0.8519430000433204,43.22418699996433,0.019701000042005,58.08589200006509
I.MOV,107,I,True,A,0.5759737491607666,False,A,False,False,False,True,14.61956499997541,0.007763999974486,0.5886530000225321,44.99283199993442,0.0200440000526214,60.22885799995947
I.MOV,108,I,True,A,0.6431143879890442,False,A,False,False,False,True,14.06973799998923,0.0063109999928201,0.8195890000024519,44.86877599993022,0.0193780000472543,59.78379199996198
I.MOV,109,I,True,A,0.5867317914962769,False,A,False,False,False,True,14.14966100003312,0.007112000048437,0.8678629999394616,43.894492999925205,0.0217230000316703,58.940851999977895
I.MOV,110,I,True,A,0.5701728463172913,False,A,False,False,False,True,14.29153800000904,0.0078760000405964,0.8138939999753347,43.76452600001812,0.0215570000818843,58.89939100012498
I.MOV,111,I,True,A,0.5279214978218079,False,A,False,False,False,True,13.977146000001994,0.0069550000034723,0.8194920000050843,43.52313900005811,0.0215889999708451,58.34832100003951
I.MOV,112,I,True,A,0.5657487511634827,False,A,False,False,False,True,14.061700000013388,0.0084140000353727,0.8925879999424069,43.69938499996806,0.0222889999577091,58.68437599991694
I.MOV,113,I,True,A,0.4898030459880829,False,A,False,False,False,True,14.039752999963184,0.0074690000246846,0.8804550000149902,43.6715240000467,0.0222639999947205,58.62146500004428
I.MOV,114,I,True,nothing,0.6043778657913208,False,nothing,False,False,False,True,14.02520099998128,0.0072149999823523,0.821445999918069,42.04361899996911,0.0194289999626562,56.91690999981347
I.MOV,115,I,True,nothing,0.5993019342422485,False,nothing,False,False,False,True,14.109475999987351,0.008233000016844,0.8422500000051514,42.43820199997117,0.0195950000261291,57.41775600000665
I.MOV,116,I,True,nothing,0.6259024143218994,False,nothing,False,False,False,True,14.161086000001433,0.0067439999611451,0.8136640000202533,42.60770899998079,0.0204460000077233,57.60964899997134
I.MOV,117,I,True,nothing,0.5880056619644165,False,nothing,False,False,False,True,13.987176000000543,0.0073300000167364,0.8704430000534558,43.27507899995453,0.0219379999180091,58.16196599994328
I.MOV,118,I,True,nothing,0.4709697365760803,False,nothing,False,False,False,True,14.1160019999802,0.0075419999348014,0.8266040000535213,44.521317999965504,0.0224729999445116,59.49393899987854
I.MOV,119,I,True,nothing,0.5558122396469116,False,nothing,False,False,False,True,13.991474000022208,0.0063579999505236,0.8382839999967473,43.023488000017096,0.01872200004982,57.8783260000364
I.MOV,120,I,True,nothing,0.5274178385734558,False,nothing,False,False,False,True,14.056147000019337,0.0066129999822805,0.8146300000362316,42.92611500000021,0.0223099999629994,57.82581500000106
I.MOV,121,I,True,nothing,0.5709154009819031,False,nothing,False,False,False,True,14.227266999967014,0.007816999982424,0.8070709999401515,43.71725300006801,0.021262000018396,58.780669999976
I.MOV,122,I,True,nothing,0.627811074256897,False,nothing,False,False,False,True,14.169915000024956,0.0069550000034723,0.5536290000236477,45.9814280000046,0.020822000010412,60.73274900006709
I.MOV,123,I,True,nothing,0.6622000336647034,False,nothing,False,False,False,True,14.126229999988029,0.0069469999743887,0.862163999954646,43.01021000003402,0.0204389999680643,58.02598999991915
I.MOV,124,I,True,nothing,0.5739722847938538,False,nothing,False,False,False,True,14.023201999975754,0.0074299999823779,0.8084700000381417,43.55021400010628,0.0218140000924904,58.41113000019504
I.MOV,125,I,True,nothing,0.7078864574432373,False,nothing,False,False,False,True,14.12520100001302,0.0069449999955395,0.8400200000551195,42.88288200007173,0.0213170000051832,57.8763650001406
I.MOV,126,I,True,nothing,0.7477684617042542,False,nothing,False,False,False,True,14.07378900000822,0.0071780000325816,0.8509509999612419,43.00852599999416,0.0212529999998878,57.96169699999609
I.MOV,127,I,True,nothing,0.6620445847511292,False,nothing,False,False,False,True,14.130586999954176,0.0063979999822549,0.7927479999807474,43.07660199992824,0.0221990000000005,58.02853399984542
I.MOV,128,I,True,nothing,0.5859600901603699,False,nothing,False,False,False,True,13.993351000010534,0.0064070000007632,0.817910000023403,43.20999900005518,0.022529999910148,58.050197000000026
I.MOV,129,I,True,nothing,0.5313417315483093,False,nothing,False,False,False,True,14.138424999998731,0.00839899996663,0.8934019999742304,43.19090599994979,0.0219160000369811,58.253047999926366
I.MOV,130,I,True,nothing,0.5304034948348999,False,nothing,False,False,False,True,14.106290000029276,0.0072419999241901,0.8200790000501001,42.68518000003496,0.0220410000792981,57.64083200011783
I.MOV,131,I,True,A,0.4926139712333679,False,A,False,False,False,True,14.085919999956786,0.0079950000326789,0.8292109999956665,45.05824399996072,0.0241269999605719,60.00549699990643
I.MOV,132,I,True,nothing,0.6415601372718811,False,nothing,False,False,False,True,14.137351000044871,0.0082710000697261,0.873862999924313,43.178297000054044,0.0210399999787114,58.21882200007167
I.MOV,133,I,True,nothing,0.5737408995628357,False,nothing,False,False,False,True,14.324881999982608,0.0050969999847438,0.7649430000356006,44.32902600001398,0.0212400000236812,59.445188000040616
I.MOV,134,I,True,nothing,0.534372866153717,False,nothing,False,False,False,True,14.148919000035676,0.0060979999716437,0.7921709999436644,42.81773900004282,0.0391170000284546,57.80404400002226
I.MOV,135,I,True,A,0.4997573494911194,False,A,False,False,False,True,14.289159999975707,0.0057639999795355,0.7965759999706279,42.89626299998872,0.0213579999126523,58.009120999827246
I.MOV,136,I,True,A,0.483244925737381,False,A,False,False,False,True,13.951458999997612,0.0059049999663329,0.803302999997868,42.07710100001805,0.022524999963025,56.860292999942885
J.MOV,0,J,True,A,0.5774763822555542,False,A,False,False,False,True,14.681358000018465,0.0130990000570818,0.8726209999849743,59.05766000000767,0.0243590000081894,74.64909700007638
J.MOV,1,J,True,A,0.6066453456878662,False,A,False,False,False,True,14.438292000022557,0.0072950000458149,0.8842360000471672,42.81959300010385,0.0237209999340848,58.173137000153474
J.MOV,2,J,True,A,0.5966405272483826,False,A,False,False,False,True,14.017800000033276,0.0062840000509822,0.8141879999357116,42.19836499999019,0.0216280000131519,57.05826500002331
J.MOV,3,J,True,A,0.4879025518894195,False,A,False,False,False,True,14.175956999963546,0.0076659999876937,0.8758940000461735,42.75045800000044,0.0225710000449907,57.83254600004284
J.MOV,4,J,True,N,0.4317153692245483,False,N,False,False,False,True,14.373456999976495,0.0069469999743887,0.852100000088285,44.68804700002238,0.0204310000526675,59.94098200011422
J.MOV,5,J,True,A,0.4878076612949371,False,A,False,False,False,True,14.497617000017726,0.006554000037795,0.7947479999756979,44.69675299992559,0.0285469999425913,60.02421899989941
J.MOV,6,J,True,A,0.6170552968978882,False,A,False,False,False,True,14.188438999951812,0.007396000000881,0.6987539999272485,44.72116499994172,0.0201679999918269,59.63592199981349
J.MOV,7,J,True,A,0.5762068033218384,False,A,False,False,False,True,14.427358999967057,0.0059480000800249,0.7079000000658198,46.38482199993632,0.0215420000131416,61.54757100006236
J.MOV,8,J,True,A,0.6591311097145081,False,A,False,False,False,True,14.049486000033085,0.0079299999242721,0.8237250000320273,43.88024599995788,0.021254999978737,58.782641999926
J.MOV,9,J,True,A,0.6720504760742188,False,A,False,False,False,True,14.183631000037169,0.0085079999507797,0.8152820000759675,45.39779999993243,0.0261729999238014,60.43139399992015
J.MOV,10,J,True,A,0.6034559011459351,False,A,False,False,False,True,14.412294000010206,0.008882000088306,0.8914349999713522,45.07033900006263,0.0243050000108269,60.40725500014332
J.MOV,11,J,True,A,0.6332961320877075,False,A,False,False,False,True,14.307583000004342,0.0089760000037131,0.9126080000214642,44.55398699997204,0.0253609999845139,59.80851499998607
J.MOV,12,J,True,A,0.5947071313858032,False,A,False,False,False,True,14.31239400000095,0.0086830000327609,0.8939979999240677,44.219485999974495,0.0238049999552458,59.45836599988752
J.MOV,13,J,True,A,0.7148166298866272,False,A,False,False,False,True,16.157969999994748,0.0091329999349909,0.8282359999611799,44.14441100004751,0.0226959999736209,61.16244599991205
J.MOV,14,J,True,A,0.744161069393158,False,A,False,False,False,True,14.113105000035375,0.0084319999587023,0.7922419999886188,42.8948250000758,0.0221230000079231,57.83072700006642
J.MOV,15,J,True,A,0.7701669931411743,False,A,False,False,False,True,13.963342000010924,0.0540339999588468,0.7820609999953376,43.61992700000883,0.0235249999605002,58.44288899993444
J.MOV,16,J,True,A,0.7585893273353577,False,A,False,False,False,True,13.861614999996164,0.0095020000117074,0.8914479999475589,49.51953199997661,0.0255190000189031,64.30761599995094
J.MOV,17,J,True,A,0.7420822381973267,False,A,False,False,False,True,13.972211000009338,0.0073139999585691,0.8026420000533108,43.60848199996781,0.0227959999392624,58.41344499992829
J.MOV,18,J,True,A,0.7035966515541077,False,A,False,False,False,True,14.25109199999497,0.0067340000668991,0.8244360000162487,42.55969200005438,0.0218549999999595,57.66380900013246
J.MOV,19,J,True,A,0.6272597312927246,False,A,False,False,False,True,14.096215999984452,0.0060369999346221,0.8353140000281201,43.47540100002334,0.0216160000263698,58.4345839999969
J.MOV,20,J,True,A,0.6634343266487122,False,A,False,False,False,True,14.030307999973957,0.0071140000272862,0.8245970000189118,43.61712599995826,0.0227560000212179,58.501900999999634
J.MOV,21,J,True,A,0.6130095720291138,False,A,False,False,False,True,14.324369999997089,0.0079239999877245,0.802870000029543,43.14465300001302,0.0244909999764786,58.30430800000386
J.MOV,22,J,True,A,0.6383400559425354,False,A,False,False,False,True,13.94990900001858,0.0076039999612476,0.8087759999853006,41.973756999937,0.0209249999443272,56.76097099984645
J.MOV,23,J,True,A,0.604051411151886,False,A,False,False,False,True,13.98797699999932,0.0064270000166288,0.8571370000254319,42.95866899997236,0.020461000076466,57.830671000090206
J.MOV,24,J,True,A,0.615297794342041,False,A,False,False,False,True,14.03273400001126,0.0078589999930045,0.8457129999897006,42.642129999990175,0.0212050000527597,57.5496410000369
J.MOV,25,J,True,A,0.6295186281204224,False,A,False,False,False,True,14.25841300005004,0.0091979999297109,0.8364239999991696,44.16502800006583,0.0231829999393085,59.29224599998406
J.MOV,26,J,True,A,0.6606972813606262,False,A,False,False,False,True,13.937103999978715,0.008240000056503,0.7882459999564162,43.32929500003502,0.0205999999707273,58.08348499999738
J.MOV,27,J,True,A,0.5822819471359253,False,A,False,False,False,True,13.773214000025291,0.0068449999162112,0.819321999983913,45.149866999963706,0.0203419999706966,59.76958999985982
J.MOV,28,J,True,A,0.5739490389823914,False,A,False,False,False,True,13.980507999974634,0.0083669999639823,0.9238380000624602,43.413231999920754,0.0225229999841758,58.348467999906006
J.MOV,29,J,True,A,0.5931868553161621,False,A,False,False,False,True,14.280218000010336,0.0065940000695263,0.8337269999856289,42.77330699994764,0.022722000039721,57.91656800005285
J.MOV,30,J,True,A,0.6160107851028442,False,A,False,False,False,True,14.104147000011835,0.0074260000246795,0.8283180000034918,42.774532999942494,0.021618000005219,57.73604199998772
J.MOV,31,J,True,A,0.5722746253013611,False,A,False,False,False,True,14.096423000012235,0.0059010000086345,0.5110429999604094,43.88195700005326,0.021815000081915,58.51713900011646
J.MOV,32,J,True,A,0.5785903334617615,False,A,False,False,False,True,13.96445699998594,0.0064019999399533,0.8090700000593642,42.847398999924735,0.0233239999261059,57.6506519998361
J.MOV,33,J,True,A,0.4212009310722351,False,A,False,False,False,True,14.036889000010431,0.0058690000059868,0.8223129999578305,42.80625400008376,0.0223779999259932,57.693702999984
J.MOV,34,J,True,A,0.5311145186424255,False,A,False,False,False,True,13.953564000019014,0.0063610000324842,0.8163390000390791,44.13181100005659,0.0216440000713191,58.92971900021848
J.MOV,35,J,True,A,0.6795989871025085,False,A,False,False,False,True,14.17009900001176,0.0062049999769442,0.7959929999969972,42.29855300002328,0.0210890000289509,57.29193900003793
J.MOV,36,J,True,A,0.7679207921028137,False,A,False,False,False,True,14.009084999997867,0.0080970000908564,0.8155970000416346,43.13172099989515,0.0332470000330431,57.99774700005855
J.MOV,37,J,True,A,0.6162247061729431,False,A,False,False,False,True,14.15241000000833,0.0066920000563186,0.8194519999733529,42.49405600000955,0.0388590000284239,57.51146900007598
J.MOV,38,J,True,A,0.5401710867881775,False,A,False,False,False,True,13.90815100000964,0.0071399999796994,0.8091659999536205,43.34294799991767,0.0210670000342361,58.088471999894864
J.MOV,39,J,True,A,0.4875497221946716,False,A,False,False,False,True,14.061285000025237,0.0073520000114513,0.8287509999718168,43.46785500001715,0.0216610000052241,58.38690400003088
J.MOV,40,J,True,A,0.612328052520752,False,A,False,False,False,True,14.008100000012291,0.0237560000186931,0.8130380000466175,43.04195500003516,0.0264000000242958,57.91324900013706
J.MOV,41,J,True,A,0.5348134636878967,False,A,False,False,False,True,14.000693000014053,0.0070439999717564,0.8431259999497343,43.09074000002511,0.0222029999576989,57.96380599991835
J.MOV,42,J,True,A,0.496909886598587,False,A,False,False,False,True,14.110813999991478,0.0062670000033904,0.8001080000212824,47.05424500002664,0.022180999962984,61.993615000005775
J.MOV,43,J,True,A,0.5704998970031738,False,A,False,False,False,True,13.994491000005382,0.0069059999532328,0.7632819999798812,44.79822600001171,0.022306000005301,59.58521099995551
J.MOV,44,J,True,A,0.526714563369751,False,A,False,False,False,True,13.949749999994763,0.0073620000193841,0.816931000031218,43.54134300001533,0.0216189999946436,58.33700500005534
J.MOV,45,J,True,A,0.5525960326194763,False,A,False,False,False,True,13.953982999964865,0.0078209999401224,0.8606420000205617,43.182085000012194,0.0242770000795644,58.02880800001731
J.MOV,46,J,True,A,0.5396054983139038,False,A,False,False,False,True,13.905523999994784,0.0074309999718025,0.8778520000305434,44.59709399998246,0.0234490000821097,59.4113500000617
J.MOV,47,J,True,A,0.5663003325462341,False,A,False,False,False,True,14.781056999993323,0.0071609999849897,0.8070919999454418,45.73086400000648,0.0234210000371604,61.349594999967394
J.MOV,48,J,True,A,0.6408575177192688,False,A,False,False,False,True,13.967526999977052,0.0067580000404632,0.8254319999423387,45.20527800002583,0.0221719999444758,60.02716699993016
J.MOV,49,J,True,A,0.5598024129867554,False,A,False,False,False,True,14.307829000017591,0.0059299999293216,0.8145199999489705,43.69820400006574,0.0215799999523369,58.84806299991397
J.MOV,50,J,True,A,0.5859118103981018,False,A,False,False,False,True,14.017480999996224,0.0067150000404581,0.7994119999921168,41.81204700000762,0.0220350000290636,56.657690000065486
J.MOV,51,J,True,A,0.5822123289108276,False,A,False,False,False,True,14.191240999991804,0.0068999999029983,0.857528999972601,42.76614500008691,0.0207120000368377,57.84252699999115
J.MOV,52,J,True,A,0.5666458010673523,False,A,False,False,False,True,13.994893000017328,0.0062829999478708,0.8152579999887166,42.27713699992819,0.0215830000342975,57.1151539999164
J.MOV,53,J,True,A,0.6489282846450806,False,A,False,False,False,True,14.08303599998817,0.0067189999981565,0.8641059999945355,43.11212199991133,0.0190530000736544,58.08503599996584
J.MOV,54,J,True,A,0.6453872323036194,False,A,False,False,False,True,14.080798999998478,0.0063219999901775,0.915360000021792,47.17991299992264,0.0198470000896122,62.202241000022696
J.MOV,55,J,True,A,0.4968378245830536,False,A,False,False,False,True,14.249131000042324,0.0069569999823215,0.8458350000637438,44.48003799996059,0.0274190000482121,59.60938000009719
J.MOV,56,J,True,A,0.4944450855255127,False,A,False,False,False,True,13.884680999979082,0.0252510000109396,0.8157219999702647,44.02834300003633,0.0196490000234916,58.77364600002011
J.MOV,57,J,True,A,0.5247463583946228,False,A,False,False,False,True,13.940735999995011,0.0069089999215066,0.801633999913065,42.27157699995132,0.0278279999292863,57.04868399971019
J.MOV,58,J,True,A,0.4938585460186004,False,A,False,False,False,True,14.065330999983416,0.0064309999743272,0.778478999905019,42.368936999992,0.0234640000371655,57.24264199989193
J.MOV,59,J,True,A,0.552589476108551,False,A,False,False,False,True,13.859529999990627,0.006065999968996,0.784640999995645,47.30092399995556,0.0209910000421587,61.972151999952985
J.MOV,60,J,True,A,0.4882662892341614,False,A,False,False,False,True,14.53727699998808,0.0080070000194609,0.803702000098383,42.952767999963726,0.0191289999520449,58.320883000021695
J.MOV,61,J,True,A,0.5590523481369019,False,A,False,False,False,True,14.108179999993808,0.0070480000431416,0.8166369999571543,45.65720900006909,0.0209500000210027,60.6100240000842
J.MOV,62,J,True,A,0.5635893940925598,False,A,False,False,False,True,14.454210999986117,0.0073370000563954,0.8124729999963165,43.62462099993536,0.0197020000314296,58.91834400000562
J.MOV,63,J,True,A,0.5579964518547058,False,A,False,False,False,True,14.030916000024265,0.0055399999610017,0.934017000076892,42.93442699997741,0.019922000092265,57.92482200013183
J.MOV,64,J,True,A,0.5053644180297852,False,A,False,False,False,True,13.994298000000072,0.0064639999663995,0.8097449999695527,43.33114899998236,0.0279519999821786,58.16960799990056
J.MOV,65,J,True,A,0.5479757785797119,False,A,False,False,False,True,13.929953999991085,0.0069950000352037,0.8241859999316148,43.45098400006009,0.0228010000000722,58.234920000018064
J.MOV,66,J,True,A,0.5906655788421631,False,A,False,False,False,True,13.978373999975702,0.0067789999320666,0.8191590000024007,42.5709989999632,0.019405000102779,57.39471599997614
J.MOV,67,J,True,A,0.5166776180267334,False,A,False,False,False,True,14.248930999997356,0.0081089999639516,0.7970419999310252,43.17098399997121,0.0194700000974989,58.244535999961045
J.MOV,68,J,True,A,0.6481428146362305,False,A,False,False,False,True,13.981164999961493,0.0070040000537119,0.9124529999553488,42.83053400001791,0.0199370000473209,57.75109300003578
J.MOV,69,J,True,A,0.6615452170372009,False,A,False,False,False,True,14.13974000001872,0.0069249999796738,0.8640290000130335,44.51029900008052,0.0244809999685458,59.545474000060494
J.MOV,70,J,True,A,0.7086446285247803,False,A,False,False,False,True,14.449737000006737,0.0081499999851075,0.8221559999128658,43.10954099992159,0.0221559999999954,58.411739999826295
J.MOV,71,J,True,A,0.6757789850234985,False,A,False,False,False,True,14.180516999999782,0.0064140000404222,0.8106179999458618,42.53596900002776,0.0210569999126164,57.55457499992645
J.MOV,72,J,True,A,0.6608420014381409,False,A,False,False,False,True,14.063550000003032,0.007963999905769,0.8116799999697832,42.45092500002556,0.0214090000554278,57.35552799995958
J.MOV,73,J,True,A,0.6360574960708618,False,A,False,False,False,True,13.943759000028422,0.0059949999240416,0.8407480000869327,44.79657699994277,0.0214980000237119,59.60857700000588
J.MOV,74,J,True,A,0.6646787524223328,False,A,False,False,False,True,13.952738000000409,0.0070469999400302,0.8080210000116494,44.0255389999038,0.0222319999920728,58.81557699984796
J.MOV,75,J,True,A,0.4839653968811035,False,A,False,False,False,True,13.90635600000678,0.0061409999716488,0.7902300000068863,41.9685470000104,0.0203260000262162,56.691600000021936
J.MOV,76,J,True,A,0.3887372016906738,False,A,False,False,False,True,13.88308500003177,0.0063159999399431,0.8115660000385105,43.34538699993118,0.021553000010499,58.0679069999519
J.MOV,77,J,True,A,0.4620869755744934,False,A,False,False,False,True,14.007986000024175,0.0060050000456612,0.8048429999689688,43.84789199991701,0.0223839999762276,58.68910999993204
J.MOV,78,J,True,A,0.5575013160705566,False,A,False,False,False,True,13.999820000037744,0.0086100000089572,0.836483000057342,44.63071099996796,0.0275390000297193,59.50316300010172
J.MOV,79,J,True,A,0.554845929145813,False,A,False,False,False,True,14.241162000018903,0.0067989999479323,0.8265860000165048,43.57878999996956,0.0234240000054342,58.67676099995833
J.MOV,80,J,True,A,0.4767722189426422,False,A,False,False,False,True,13.83885999996437,0.007266000011441,0.8405390000234547,42.74505099999715,0.0215300000263596,57.45324600002277
J.MOV,81,J,True,A,0.3384335041046142,False,A,False,False,False,True,13.966806999974324,0.0073789999532891,0.8384700000760859,44.022982999990745,0.0214130000131262,58.85705200000757
J.MOV,82,J,True,A,0.3827643990516662,False,A,False,False,False,True,14.241406999985884,0.0065729999505492,0.8692730000348092,42.641239999966274,0.0212200000078155,57.77971299994533
J.MOV,83,J,True,A,0.4358901381492615,False,A,False,False,False,True,14.034355000035248,0.0071560000378667,0.8047779999742488,43.343807000042034,0.0186070000154359,58.20870300010483
J.MOV,84,J,True,A,0.5219492316246033,False,A,False,False,False,True,14.11951299996872,0.0075189999506619,0.8549809999749414,43.408341000031214,0.0494989999424433,58.43985299986798
J.MOV,85,J,True,A,0.6052143573760986,False,A,False,False,False,True,14.112382999996951,0.0062379999690165,0.7991219999894383,43.77054999997654,0.0195169999415156,58.70780999987346
J.MOV,86,J,True,A,0.615981936454773,False,A,False,False,False,True,14.014379000002464,0.0134049998905538,0.796109000020806,43.41492600008223,0.0190329999441019,58.25785199994016
J.MOV,87,J,True,A,0.61518394947052,False,A,False,False,False,True,14.068798999971932,0.0065920000906771,0.8054840000113472,42.53228499999295,0.01936699993621,57.43252700000312
J.MOV,88,J,True,A,0.624515950679779,False,A,False,False,False,True,13.995757000031972,0.0058780000244951,0.8650249999391235,41.942862000041714,0.0196799999230279,56.82920199996033
J.MOV,89,J,True,A,0.6204915046691895,False,A,False,False,False,True,14.26959100001568,0.0056900000799942,0.824478999902567,42.95938199993543,0.018387999944025,58.0775299998777
J.MOV,90,J,True,A,0.5234658122062683,False,A,False,False,False,True,14.305827999976373,0.0076789999639004,0.8548179999934291,44.10609000001386,0.0217509999629328,59.2961659999105
J.MOV,91,J,True,A,0.3991613984107971,False,A,False,False,False,True,14.249115999973585,0.00698700000612,0.8283299999902738,43.69908099999975,0.0209360000553715,58.8044500000251
J.MOV,92,J,True,N,0.3288079798221588,False,N,False,False,False,True,13.985445000002985,0.007136000022001,0.8315869999933057,43.746686999952544,0.0204210000447346,58.59127600001557
J.MOV,93,J,True,A,0.395244151353836,False,A,False,False,False,True,14.112181000029976,0.0062889999981052,0.8324130000119112,43.50288199998431,0.0201029999971069,58.47386800002141
J.MOV,94,J,True,A,0.5187669396400452,False,A,False,False,False,True,14.2663170000219,0.0080019999586511,0.8374649999041139,43.90288900003725,0.0207680000130494,59.03544099993496
J.MOV,95,J,True,A,0.5309322476387024,False,A,False,False,False,True,13.979850000055194,0.0059819999478349,0.7850939999798356,43.45527400005267,0.0196560000631507,58.24585600009869
J.MOV,96,J,True,A,0.5835816860198975,False,A,False,False,False,True,13.97274600003584,0.0064509999901929,0.5505029999994804,44.14309400010552,0.02026399999977,58.6930580001308
J.MOV,97,J,True,A,0.5385445952415466,False,A,False,False,False,True,14.122961999987638,0.0055140000085884,0.8157119999623319,43.717424999954346,0.0191179999546875,58.68073099986759
J.MOV,98,J,True,A,0.4963559508323669,False,A,False,False,False,True,14.14952599998287,0.008245000003626,0.904330000025766,45.222564999903625,0.025694999976622,60.31036099989251
J.MOV,99,J,True,N,0.3681522309780121,False,N,False,False,False,True,14.29104499999312,0.0064800000245668,0.7865190000302391,45.13714500001242,0.0425939999786351,60.26378300003898
J.MOV,100,J,True,N,0.3830183446407318,False,N,False,False,False,True,14.06037499998547,0.0079989999903773,0.8130170000413273,43.711107000035554,0.0220760000502195,58.61457400010295
J.MOV,101,J,True,N,0.4541996121406555,False,N,False,False,False,True,14.169227000024875,0.0077020000617267,0.8383460000231935,43.13217200001418,0.0203149999151719,58.16776200003915
J.MOV,102,J,True,A,0.4189585149288177,False,A,False,False,False,True,14.164821000008487,0.0061660000483243,0.8245369999713148,45.22781499997564,0.0203820000024279,60.24372100000619
J.MOV,103,J,True,A,0.4697775542736053,False,A,False,False,False,True,14.126701000009234,0.0082940000538656,0.8497549999901821,43.16884200000004,0.0205449999839402,58.17413700003726
J.MOV,104,J,True,A,0.5682505965232849,False,A,False,False,False,True,13.943010999980745,0.0069139999823164,0.7866899999271482,42.61673999997129,0.0205059999416334,57.37386099980313
J.MOV,105,J,True,A,0.5143334269523621,False,A,False,False,False,True,14.20954799999663,0.0064920000113488,0.8051849999901606,48.322272000064,0.022455000021182,63.365952000083325
J.MOV,106,J,True,A,0.4642984271049499,False,A,False,False,False,True,14.50993800000333,0.0066329999981462,0.7656090000409677,48.96839100001671,0.023381000005429,64.27395200006458
J.MOV,107,J,True,N,0.345760703086853,False,N,False,False,False,True,13.903894000009132,0.0106670000832309,0.7952470000418543,50.16990800004351,0.0220819999867671,64.90179800016449
J.MOV,108,J,True,N,0.3118155598640442,False,N,False,False,False,True,14.11553799999865,0.0070759999744041,0.8198479999919073,43.19300299994211,0.0219230000766401,58.15738799998371
J.MOV,109,J,True,N,0.417283296585083,False,N,False,False,False,True,13.913765999973291,0.0067319999743631,0.8103000000119209,42.26224399997136,0.0209949999998571,57.0140369999308
J.MOV,110,J,True,A,0.3479257524013519,False,A,False,False,False,True,14.32488000000376,0.0070550000828006,0.8197089999839591,43.40927499993086,0.0215390000448678,58.582458000046245
J.MOV,111,J,True,A,0.3863385021686554,False,A,False,False,False,True,14.143364000005931,0.0073979999797302,0.8037249999688356,42.69164100003309,0.0191120000181399,57.66524000000573
J.MOV,112,J,True,A,0.433296799659729,False,A,False,False,False,True,14.206099999967137,0.0078189999612732,0.8675180000636828,43.89760499998374,0.0231509999366608,59.002192999912495
J.MOV,113,J,True,A,0.4559593200683594,False,A,False,False,False,True,14.062717000001612,0.0078269999903568,0.8252789999687593,43.30602400000316,0.0226910000264979,58.22453799999039
J.MOV,114,J,True,A,0.412792444229126,False,A,False,False,False,True,13.920735999988665,0.0068269999928816,0.9936920000654936,44.795224000040434,0.0221490000740232,59.7386280001615
J.MOV,115,J,True,A,0.2944495379924774,False,A,False,False,False,True,13.916886999993494,0.0073370000563954,0.8317980000356329,42.67259400000967,0.0245479999421149,57.453164000037305
J.MOV,116,J,True,N,0.5163518190383911,False,N,False,False,False,True,14.041194000014912,0.0067789999320666,0.8330529999511782,43.41281199992864,0.0214769999047348,58.31531499973153
J.MOV,117,J,True,N,0.3739356696605682,False,N,False,False,False,True,14.243649999968966,0.00718199999028,0.8074349999560582,43.24965499995415,0.0209440000844551,58.32886599995391
J.MOV,118,J,True,A,0.5454590916633606,False,A,False,False,False,True,14.106614000013453,0.0066940000351678,0.8139299999356808,44.5881890000237,0.0226560000555764,59.53808300006358
J.MOV,119,J,True,A,0.6281521916389465,False,A,False,False,False,True,14.220077000004494,0.0065479999875606,0.8096100000329898,43.77725500000906,0.0228480000714625,58.83633800010557
J.MOV,120,J,True,A,0.6786977648735046,False,A,False,False,False,True,13.98681599999918,0.0098890000117535,0.8432570000422857,43.92365600006087,0.0389690000019982,58.80258700011609
J.MOV,121,J,True,A,0.6171820163726807,False,A,False,False,False,True,14.10667300001478,0.0071419999585486,0.8568990000412668,44.3649500000447,0.0235329999895839,59.35919700004888
J.MOV,122,J,True,A,0.5541529655456543,False,A,False,False,False,True,14.116378999972312,0.007821999929547,1.0189209999680315,44.676589999994576,0.0243970000610715,59.84410899992554
J.MOV,123,J,True,A,0.3586355745792389,False,A,False,False,False,True,14.169639000044754,0.0073969999903056,0.8552500000860164,45.84452799997507,0.0219250000554893,60.89873900015164
J.MOV,124,J,True,A,0.3025245070457458,False,A,False,False,False,True,13.83315000003904,0.0077500000088548,0.8142810000890677,43.681106000008185,0.0356990000227597,58.37198600016791
J.MOV,125,J,True,A,0.354686826467514,False,A,False,False,False,True,14.11274700001286,0.0081059999956778,0.9026709999488958,43.70815200002198,0.02202699999998,58.7537029999794
J.MOV,126,J,True,A,0.4363341927528381,False,A,False,False,False,True,14.159135999989305,0.0071649999426881,0.8187250000446511,43.06227000006402,0.0225039999577347,58.0697999999984
J.MOV,127,J,True,A,0.4655428826808929,False,A,False,False,False,True,13.943635000032373,0.0052929999583284,0.7947209999201732,42.881097999952544,0.0214450000157739,57.64619199987919
J.MOV,128,J,True,A,0.5086256861686707,False,A,False,False,False,True,13.85710800002471,0.0053989999742043,0.7685059999857913,42.605017000028056,0.0212730000157534,57.257303000028514
J.MOV,129,J,True,A,0.4857025742530823,False,A,False,False,False,True,13.893414999984088,0.0055509999583591,0.7865420000143786,42.63557000001583,0.0214579999919806,57.34253599996464
J.MOV,130,J,True,A,0.4304695427417755,False,A,False,False,False,True,14.088387000015246,0.0064049999082271,0.8040159999609386,44.18685400003142,0.0243350000346254,59.10999699995045
J.MOV,131,J,True,A,0.3808211088180542,False,A,False,False,False,True,14.142780999975455,0.0055220000376721,0.8068049999110372,42.69191700007013,0.0221369999735543,57.669161999967855
K.MOV,0,K,True,delete,0.665736198425293,False,delete,False,False,False,True,14.59875899996632,0.0118469999961234,0.9438079999881666,44.10457200003748,0.0248120001060669,59.68379800009416
K.MOV,1,K,True,delete,0.7128227949142456,False,delete,False,False,False,True,14.2862889999833,0.0073569999585743,0.8505650000643072,43.00192899995636,0.0233960000741717,58.16953600003672
K.MOV,2,K,True,delete,0.6587495803833008,False,delete,False,False,False,True,13.951240000039888,0.0084679999190484,0.8752820000381689,43.4116390000554,0.019992000034108,58.266621000086616
K.MOV,3,K,True,delete,0.6712666153907776,False,delete,False,False,False,True,14.020777000041562,0.0078429999348372,0.8500110000113636,43.06458799999291,0.0229179998996187,57.96613699988029
K.MOV,4,K,True,delete,0.6622546315193176,False,delete,False,False,False,True,13.91241800001808,0.0082589999692572,0.8813580000150978,45.138010999949074,0.019705999989128,59.95975199994064
K.MOV,5,K,True,delete,0.7047172784805298,False,delete,False,False,False,True,13.945826999986366,0.0071079999770518,0.628810999955931,43.144164000068486,0.0235630000133824,57.74947300000122
K.MOV,6,K,True,delete,0.6904077529907227,False,delete,False,False,False,True,14.294098999982907,0.0063510000245514,0.8349180000095657,43.39821300004587,0.0217909999946641,58.55537200005756
K.MOV,7,K,True,delete,0.7137568593025208,False,delete,False,False,False,True,14.17598599999792,0.0065849999373313,0.8171820001052765,42.22998300008385,0.0220960000660852,57.25183200019046
K.MOV,8,K,True,delete,0.6909964084625244,False,delete,False,False,False,True,13.949415000013232,0.0065529999346836,0.8982999999034291,42.5005989999363,0.02074500002891,57.37561199981656
K.MOV,9,K,True,delete,0.7072691917419434,False,delete,False,False,False,True,14.112434000026042,0.00718199999028,0.8194800000183022,42.932780000001,0.0223090000872616,57.89418500012289
K.MOV,10,K,True,delete,0.7002021670341492,False,delete,False,False,False,True,14.225138000028892,0.0062249999928098,0.7921889999806808,42.08032999997613,0.02068000003419,57.1245620000127
K.MOV,11,K,True,delete,0.6653662323951721,False,delete,False,False,False,True,14.886568000008538,0.0065780000113591,0.8317960000567837,41.97774699991896,0.0197929999785628,57.72248199997421
K.MOV,12,K,True,delete,0.5604159832000732,False,delete,False,False,False,True,13.996682999959376,0.0069829999347348,0.8256160000428281,42.19278300001861,0.0197620000790266,57.04182700003457
K.MOV,13,K,True,delete,0.545367419719696,False,delete,False,False,False,True,14.318251000020156,0.0071420000722355,0.9000789999618064,43.789434000018446,0.0197430000525855,59.03464900012523
K.MOV,14,K,True,delete,0.5973469018936157,False,delete,False,False,False,True,14.14160400003084,0.0069210000219754,0.8311139999932493,42.61088299995208,0.0199090000023716,57.61043100000052
K.MOV,15,K,True,delete,0.6654273271560669,False,delete,False,False,False,True,16.885977000015373,0.0065000000404324,0.8149550000098316,43.072315000017625,0.020215999938955,60.79996300002222
K.MOV,16,K,True,delete,0.6739106774330139,False,delete,False,False,False,True,14.641877000030943,0.0061819999928047,0.8800279999832128,42.67899700005273,0.0189820000286999,58.2260660000884
K.MOV,17,K,True,delete,0.6136430501937866,False,delete,False,False,False,True,14.426306000018483,0.0203549999469032,0.8062800000061543,42.53215699998236,0.0226079999947614,57.807705999948666
K.MOV,18,K,True,delete,0.4881521165370941,False,delete,False,False,False,True,14.215755999998692,0.0068829999690933,0.9060889999545908,42.2680549999086,0.0201860000288434,57.41696899985982
K.MOV,19,K,True,delete,0.4953496754169464,False,delete,False,False,False,True,14.47728499999812,0.0063269999373005,0.8808630000203266,44.28958199991939,0.0236879999420125,59.67774499981715
K.MOV,20,K,True,delete,0.3090021312236786,False,delete,False,False,False,True,14.009930000042914,0.0080629999956727,0.9736080000948276,43.68855400002758,0.0223729999788702,58.70252800013986
K.MOV,21,K,True,delete,0.5044075846672058,False,delete,False,False,False,True,14.28150999998934,0.0073030000748985,0.5034810000097423,44.19444500001646,0.0389509999649817,59.02569000005542
K.MOV,22,K,True,delete,0.4202535152435303,False,delete,False,False,False,True,13.938787000029151,0.0086820000433363,0.838866999970378,43.52181100000507,0.0190250000287051,58.32717200007664
K.MOV,23,K,True,delete,0.3816530406475067,False,delete,False,False,False,True,13.88713699998334,0.0078740000617472,0.9008380000068428,42.513428999996,0.018573000033939,57.32785100008186
K.MOV,24,K,True,delete,0.4111972451210022,False,delete,False,False,False,True,14.074740000012298,0.0061769999319949,0.8085210000672305,42.76911099998415,0.0203489998966688,57.67889799989234
K.MOV,25,K,True,delete,0.4609307646751404,False,delete,False,False,False,True,14.2369519999761,0.0069970000140529,0.8596860000125162,44.7904010000002,0.019090000023425,59.913126000026296
K.MOV,26,K,True,A,0.2723596394062042,False,A,False,False,False,True,14.021731000013917,0.0075110000352651,0.8721179999611195,42.63192999997045,0.0193580000313886,57.55264800001214
K.MOV,27,K,True,A,0.2715414762496948,False,A,False,False,False,True,13.927388000013252,0.0073100000008707,0.8279329999822949,42.63247799997316,0.0228119999974296,57.41792099996701
K.MOV,28,K,True,A,0.2552926242351532,False,A,False,False,False,True,14.220079000040188,0.0065749999293984,0.504289999980756,42.60441799999626,0.0222119999762071,57.357573999922806
K.MOV,29,K,True,A,0.2746700942516327,False,A,False,False,False,True,13.94394999999804,0.00705200000084,0.8604530000866362,42.58753700003126,0.0228609999339823,57.42185300005076
K.MOV,30,K,True,A,0.3189446926116943,False,A,False,False,False,True,14.104454000005262,0.0064699999029471,0.8534869999721195,46.51136900008623,0.0227760000370835,61.498556000003646
K.MOV,31,K,True,delete,0.3411885499954223,False,delete,False,False,False,True,14.39612600000828,0.007189000029939,0.8588009999357382,42.89057999994839,0.0202129999706812,58.17290899989303
K.MOV,32,K,True,delete,0.3170970380306244,False,delete,False,False,False,True,14.074768000000404,0.0060159999293318,0.8028539999713757,43.09326600002805,0.0199099999917962,57.99681399992096
K.MOV,33,K,True,delete,0.320081889629364,False,delete,False,False,False,True,14.066980999984937,0.0068099999452897,0.8389519999809636,43.00932600006036,0.0189400000181194,57.94100899998966
K.MOV,34,K,True,delete,0.37772336602211,False,delete,False,False,False,True,14.20044600001802,0.0065009999161702,0.8256059999212084,43.5133199999882,0.0583549999646493,58.604227999808245
K.MOV,35,K,True,delete,0.3735826015472412,False,delete,False,False,False,True,14.135704000011629,0.0067519999902287,0.5064769999307828,42.703854000023966,0.0182369999492948,57.3710239999059
K.MOV,36,K,True,Z,0.3447868824005127,False,Z,False,False,False,True,14.399669999988872,0.0072599999612066,0.8214499999894542,43.48461800009318,0.0214299999470313,58.734427999979744
K.MOV,37,K,True,delete,0.3115617334842682,False,delete,False,False,False,True,14.265693000027111,0.0070099999902595,0.8689230000982207,43.42522700005702,0.0213910000184114,58.58824400019103
K.MOV,38,K,True,Z,0.3261443674564361,False,Z,False,False,False,True,14.09043199998905,0.0070510000114154,0.9640990000434612,42.99529499996879,0.0233069999922008,58.08018400000492
K.MOV,39,K,True,Z,0.3412935733795166,False,Z,False,False,False,True,14.24626100003934,0.0073879999717973,0.8152919999702135,42.72599999990234,0.0208420000262776,57.81578299990997
K.MOV,40,K,True,Z,0.3735097050666809,False,Z,False,False,False,True,13.975549000008414,0.0067549999585025,0.8188589999917895,44.04876700004934,0.0209969999787063,58.87092699998675
K.MOV,41,K,True,Z,0.3347390294075012,False,Z,False,False,False,True,14.046251000024768,0.0069169999505902,0.8458150000478781,45.25387000001047,0.0245459999632657,60.17739899999697
K.MOV,42,K,True,Z,0.3353382349014282,False,Z,False,False,False,True,14.204485999982808,0.0088530000539321,0.973951999981182,48.99116600006437,0.0239639999790597,64.20242100006135
K.MOV,43,K,True,delete,0.349947065114975,False,delete,False,False,False,True,14.04391599999144,0.0089669999852048,0.97101999995175,45.149614000024485,0.0235160000556788,60.19703300000856
K.MOV,44,K,True,Z,0.3629164099693298,False,Z,False,False,False,True,13.9217280000139,0.0065210000457227,0.9620970000696616,47.90833099991687,0.023499000008087,62.82217600005424
K.MOV,45,K,True,delete,0.5130707621574402,False,delete,False,False,False,True,13.961216999973658,0.0082010000141963,1.0143700000071476,54.25452200006475,0.0262849999899117,69.26459500004967
K.MOV,46,K,True,delete,0.5534070134162903,False,delete,False,False,False,True,13.907230000029358,0.0089349999825572,1.0371939999913593,50.241880999919886,0.0282590000324489,65.22349899995561
K.MOV,47,K,True,delete,0.4890833497047424,False,delete,False,False,False,True,13.893022999980076,0.0073229999770774,0.9336529999472988,45.186331000081736,0.0215139999681923,60.04184399995438
K.MOV,48,K,True,delete,0.4177239537239074,False,delete,False,False,False,True,13.896745000010924,0.0070209999876169,0.9230590000015582,48.10253700009071,0.0343019999036187,62.96366399999442
K.MOV,49,K,True,delete,0.4678863883018493,False,delete,False,False,False,True,14.01810300001216,0.0067809999109158,0.912265000010848,48.13102200000685,0.0239810000266516,63.09215199996743
K.MOV,50,K,True,delete,0.3744673132896423,False,delete,False,False,False,True,13.928159999977652,0.0075719999585999,0.9262910000416014,49.13809399999991,0.0220139999100865,64.02213099988785
K.MOV,51,K,True,delete,0.3830934762954712,False,delete,False,False,False,True,13.957029999971835,0.0063960000034057,0.8335479999459494,42.25208399998337,0.0213710000025457,57.07042899990711
K.MOV,52,K,True,delete,0.4067458808422088,False,delete,False,False,False,True,14.016876000027878,0.0058819999821935,0.8323330000621354,42.84681499996168,0.0224330000264671,57.724339000060354
K.MOV,53,K,True,delete,0.5585025548934937,False,delete,False,False,False,True,14.099018000024444,0.0072650000220164,0.8315989999800877,42.93215900008818,0.0232769999684023,57.89331800008313
K.MOV,54,K,True,delete,0.6109906435012817,False,delete,False,False,False,True,14.38965600004849,0.0075079999533045,0.8579880000070261,43.0038729999751,0.0209559999575503,58.27998099994147
K.MOV,55,K,True,delete,0.7207387089729309,False,delete,False,False,False,True,13.887463999992631,0.0067619999981616,0.8307389999799852,42.89994800001296,0.0215980001030402,57.646511000086775
K.MOV,56,K,True,delete,0.5440648794174194,False,delete,False,False,False,True,13.967405000016695,0.0076009999929738,0.8982360000118206,43.43649200006894,0.0189810000392753,58.328715000129705
K.MOV,57,K,True,delete,0.4361454546451568,False,delete,False,False,False,True,14.196459000004324,0.0069999999823266,0.8807839999462885,44.94432399997095,0.0193930000023101,60.0479599999062
K.MOV,58,K,True,delete,0.6647151112556458,False,delete,False,False,False,True,14.10324299996546,0.0067050000325252,0.8844540000154666,43.8165250000111,0.021877999984099,58.83280500000865
K.MOV,59,K,True,delete,0.6565158367156982,False,delete,False,False,False,True,14.047715000003793,0.0061389999927996,0.8028769999555152,42.54454399995211,0.0213550000580653,57.42262999996228
K.MOV,60,K,True,delete,0.7173386216163635,False,delete,False,False,False,True,14.014653999993245,0.0062430000298263,0.8236050000505202,42.77708699999039,0.0213769999390933,57.64296600000307
K.MOV,61,K,True,delete,0.7050102949142456,False,delete,False,False,False,True,14.296894000040083,0.0070840000034877,0.8943899999849236,44.654715999968175,0.0217900000052395,59.87487400000191
K.MOV,62,K,True,delete,0.5831283926963806,False,delete,False,False,False,True,13.967555999954584,0.0079120000009424,0.8624430000736538,48.50843600002008,0.0221669999973528,63.368514000046616
K.MOV,63,K,True,delete,0.6647226214408875,False,delete,False,False,False,True,14.115908000007948,0.0064399999928355,1.006547000088176,44.206568999925366,0.0230539999392931,59.35851799995362
K.MOV,64,K,True,delete,0.6529865860939026,False,delete,False,False,False,True,14.060062999988077,0.007602999971823,0.7622089999586024,44.78365199997825,0.0222229999735645,59.63574999987031
K.MOV,65,K,True,delete,0.7651892304420471,False,delete,False,False,False,True,14.046027999995658,0.0133479999249175,0.7360710000057225,61.91080500002499,0.0239470000451547,76.73019899999645
K.MOV,66,K,True,delete,0.7141572833061218,False,delete,False,False,False,True,14.045828000007532,0.0067970000827699,0.8713619999980438,43.93592799999624,0.0236900000345485,58.88360500011913
K.MOV,67,K,True,delete,0.6649297475814819,False,delete,False,False,False,True,14.350825000008172,0.006703000053676,0.8279240000774735,42.824463999977525,0.0181519999387091,58.02806800005556
K.MOV,68,K,True,delete,0.7034631967544556,False,delete,False,False,False,True,13.928617999965809,0.0059320000218576,0.8157530000971747,42.87494899995181,0.0193869999520757,57.64463899998873
K.MOV,69,K,True,delete,0.6271107196807861,False,delete,False,False,False,True,14.128494999965824,0.00698700000612,0.9067390000154774,42.804083999953946,0.0192520000155127,57.86555699995688
K.MOV,70,K,True,delete,0.5548198819160461,False,delete,False,False,False,True,14.598116000001935,0.0059149999742658,0.818626999944172,42.78168600001209,0.0183079999942492,58.22265199992671
K.MOV,71,K,True,delete,0.4700270295143127,False,delete,False,False,False,True,14.29766300003621,0.0058020000324177,0.8649590000686658,42.82322299991392,0.0191759999097484,58.010822999960965
K.MOV,72,K,True,delete,0.4613483846187591,False,delete,False,False,False,True,14.05405600002041,0.0063060000456971,0.8430839999391537,42.39456599998448,0.0197849999494792,57.31779699993922
K.MOV,73,K,True,delete,0.5590202808380127,False,delete,False,False,False,True,14.286327999968762,0.0076420000141297,0.8723810000219601,44.72527899997658,0.0222979999762173,59.91392799995765
K.MOV,74,K,True,delete,0.606311023235321,False,delete,False,False,False,True,14.484349999975166,0.0065430000404376,0.8475889999317587,43.37390199998481,0.0217180000845473,58.73410200001672
K.MOV,75,K,True,delete,0.555804431438446,False,delete,False,False,False,True,14.266398000017944,0.006008000013935,0.8629610000525645,42.69658900000195,0.0329719999854205,57.86492800007181
K.MOV,76,K,True,delete,0.5583899021148682,False,delete,False,False,False,True,13.890421999974478,0.005596999926638,0.8294089999481002,43.62789499998598,0.0196629999891229,58.37298599982432
K.MOV,77,K,True,delete,0.6228055357933044,False,delete,False,False,False,True,14.002672000003711,0.0063219999901775,0.8247120000532959,42.681867999931455,0.0189070000260471,57.53448100000469
K.MOV,78,K,True,delete,0.6459819674491882,False,delete,False,False,False,True,13.941797999962091,0.0070099999902595,0.8654670000396436,45.0553809999974,0.0227179999683357,59.89237399995773
K.MOV,79,K,True,delete,0.7165219187736511,False,delete,False,False,False,True,13.984778000008191,0.006566000024577,0.8200990000659658,43.617959000016526,0.018796999938786,58.448199000054046
K.MOV,80,K,True,delete,0.5855976343154907,False,delete,False,False,False,True,14.654825999969034,0.0074260000246795,0.8862290000024586,43.07330200003889,0.0218019999920215,58.64358500002709
K.MOV,81,K,True,delete,0.6538965702056885,False,delete,False,False,False,True,14.11833800000295,0.006409999969037,0.8941039999399436,41.87504300000455,0.0184890000127779,56.91238399992926
K.MOV,82,K,True,delete,0.6696460843086243,False,delete,False,False,False,True,13.9004079999836,0.0063899999531713,0.8287419999533086,44.137111000054574,0.0200279999944541,58.89267899993911
K.MOV,83,K,True,delete,0.7409379482269287,False,delete,False,False,False,True,14.232431000039014,0.0077810000220779,0.8484410000164644,42.730662999929336,0.0199759999759407,57.839291999982834
K.MOV,84,K,True,delete,0.5851197242736816,False,delete,False,False,False,True,14.23836199995776,0.0066669999796431,0.8371529999067207,42.43846899998971,0.0195309999071469,57.54018199974098
K.MOV,85,K,True,delete,0.6465099453926086,False,delete,False,False,False,True,14.10520600001064,0.0077020000617267,0.8706300000085321,43.78776199996537,0.021036000021013,58.79233600006728
K.MOV,86,K,True,delete,0.6756443381309509,False,delete,False,False,False,True,14.029584000013529,0.0074170000061712,0.8080259999587724,42.9038730000002,0.0218630000290431,57.77076300000772
K.MOV,87,K,True,delete,0.7101039290428162,False,delete,False,False,False,True,13.92452600003935,0.0062400000615525,0.8393430000523949,43.842591000043285,0.0219769999603158,58.6346770001569
K.MOV,88,K,True,delete,0.7843424081802368,False,delete,False,False,False,True,14.020630999993957,0.0075500000775718,0.8368819999304833,45.298168000044825,0.021666000066034,60.18489700011287
K.MOV,89,K,True,delete,0.731392502784729,False,delete,False,False,False,True,14.33650800004216,0.0081900000168388,0.8716770000773977,44.45551499998146,0.022394999973585,59.69428500009144
K.MOV,90,K,True,delete,0.6016979813575745,False,delete,False,False,False,True,14.000485999986267,0.0061090000826879,0.8422529999734252,43.209240999999565,0.0250399999686123,58.08312900001056
K.MOV,91,K,True,delete,0.6246957182884216,False,delete,False,False,False,True,13.996634000022825,0.0065880000192919,0.8441640000000916,42.53119899999547,0.0215190000290022,57.40010400006668
K.MOV,92,K,True,delete,0.6140919923782349,False,delete,False,False,False,True,13.914932999966824,0.0066899999637826,0.8182320000287291,41.98177000000669,0.0216680000448832,56.74329300001091
K.MOV,93,K,True,delete,0.6692806482315063,False,delete,False,False,False,True,14.033676999986255,0.0086420000116049,0.8460939999395123,45.06520699999328,0.0241609999420688,59.97778099987272
K.MOV,94,K,True,delete,0.5856289863586426,False,delete,False,False,False,True,14.093317000003935,0.0089540000089982,0.84288599998672,43.629453999983525,0.0253320000638268,58.599943000047006
K.MOV,95,K,True,delete,0.4971857368946075,False,delete,False,False,False,True,14.113715000007687,0.0075909999850409,0.8547150000595138,43.857255000034456,0.0253519999660056,58.858628000052704
K.MOV,96,K,True,delete,0.4451783001422882,False,delete,False,False,False,True,14.044482000031168,0.007396000000881,0.8825139999544263,43.473501999983455,0.022969999918132,58.43086399988806
K.MOV,97,K,True,delete,0.4190220534801483,False,delete,False,False,False,True,13.938167999981488,0.0059989999954268,0.8665210000344814,42.70689800000582,0.0190890000340004,57.53667500005122
K.MOV,98,K,True,delete,0.4399992227554321,False,delete,False,False,False,True,14.18120800002498,0.0229720000106681,0.811180000027889,41.81722900000295,0.0174539999306944,56.85004299999719
K.MOV,99,K,True,delete,0.4481695294380188,False,delete,False,False,False,True,13.894953000033183,0.0070219999770415,0.875669000038215,44.13901899999928,0.0208950000342156,58.937558000081935
K.MOV,100,K,True,delete,0.469026118516922,False,delete,False,False,False,True,14.162702000021454,0.0069449999955395,0.887360999968223,45.48190100001648,0.0220980000449344,60.56100700004663
K.MOV,101,K,True,delete,0.4520635604858398,False,delete,False,False,False,True,14.417978999972547,0.0079029999824342,0.8513129999982993,44.47224199998345,0.0221100000317164,59.77154699996845
K.MOV,102,K,True,delete,0.5529975891113281,False,delete,False,False,False,True,14.075934999993931,0.006198000050972,0.8586839999225049,43.45863899993674,0.0223439999444963,58.421799999848645
K.MOV,103,K,True,delete,0.6114687919616699,False,delete,False,False,False,True,14.061679000008098,0.0061819999928047,0.8565099999486847,44.52712399995562,0.0220399999761866,59.473534999881394
K.MOV,104,K,True,delete,0.6572360992431641,False,delete,False,False,False,True,14.542327999947702,0.0087229999508053,0.8489340000323864,44.1125379999221,0.0230230000397568,59.53554599989275
K.MOV,105,K,True,delete,0.6670787930488586,False,delete,False,False,False,True,14.616120999960458,0.0067490000219549,0.8208750000449072,42.33649099990089,0.0228579999657085,57.80309399989392
K.MOV,106,K,True,delete,0.5991250276565552,False,delete,False,False,False,True,14.761774999954014,0.0073890000749088,0.8188420000578844,42.02765700006239,0.0223380000079487,57.638001000157146
K.MOV,107,K,True,delete,0.6736923456192017,False,delete,False,False,False,True,14.309950999972898,0.0070859999823369,0.8208200000581201,42.98538500006544,0.0219130000687073,58.1451550001475
K.MOV,108,K,True,delete,0.6151000261306763,False,delete,False,False,False,True,13.944444000003386,0.0084160000142219,0.8277910000060729,42.96366799997031,0.0229020000688251,57.76722100006282
K.MOV,109,K,True,delete,0.7810016870498657,False,delete,False,False,False,True,13.958994000006442,0.0079049999612834,0.8185149999917485,42.84332700001414,0.0204509999548463,57.64919199992846
K.MOV,110,K,True,delete,0.6131554841995239,False,delete,False,False,False,True,14.09851100004289,0.0063590000536351,0.7922480000388532,43.86071500005073,0.0221129999999902,58.7799460001861
K.MOV,111,K,True,delete,0.5069594979286194,False,delete,False,False,False,True,14.171805999978917,0.0079970000115281,0.8424009999998816,44.21722799997952,0.0260430000480482,59.26547500001789
K.MOV,112,K,True,delete,0.481950968503952,False,delete,False,False,False,True,14.182468000001336,0.0078299999586306,0.8416049998913877,43.44766600002004,0.0210820001029787,58.50065099997437
K.MOV,113,K,True,delete,0.6898539066314697,False,delete,False,False,False,True,13.923371000032605,0.0076600000511461,0.9978220000448346,44.02785199999926,0.0202799999442504,58.97698500007209
K.MOV,114,K,True,delete,0.697536826133728,False,delete,False,False,False,True,14.124530999993112,0.006000999974276,0.5316980000316107,43.2412300000351,0.0195599999415208,57.92301999997562
K.MOV,115,K,True,delete,0.6950837969779968,False,delete,False,False,False,True,14.49472000001606,0.0077679999321844,0.9124079999764944,44.58553500001017,0.0233750000688814,60.02380600000379
K.MOV,116,K,True,delete,0.6151137351989746,False,delete,False,False,False,True,14.322895000020708,0.0063420000060432,0.8442309999736608,43.13192400002208,0.0232749999895531,58.32866700001205
K.MOV,117,K,True,delete,0.6580390930175781,False,delete,False,False,False,True,14.292350999994596,0.0076510000326379,0.8906979999210307,43.19044199996824,0.039476999972976,58.42061899988949
K.MOV,118,K,True,delete,0.5504878759384155,False,delete,False,False,False,True,14.56613400000606,0.0068769999188589,0.8325169999352511,42.1927270000424,0.0213609999946129,57.61961599989718
K.MOV,119,K,True,delete,0.5376799702644348,False,delete,False,False,False,True,13.925511999957507,0.005373000021791,0.8680959999765037,42.72780600001624,0.0198170000658137,57.54660400003786
K.MOV,120,K,True,delete,0.5374332070350647,False,delete,False,False,False,True,13.990036999985024,0.0061090000826879,0.8086090000460899,43.08281399994485,0.0193660000604722,57.90693500011912
K.MOV,121,K,True,delete,0.4777880012989044,False,delete,False,False,False,True,14.035557999989123,0.0088830000777306,0.8771550000119532,44.77539100003014,0.0209080000104222,59.71789500011937
K.MOV,122,K,True,delete,0.4173465371131897,False,delete,False,False,False,True,14.141296999980568,0.0086789999613756,0.9091160000025412,45.07158899991737,0.0254490000770601,60.15612999993891
K.MOV,123,K,True,delete,0.4410837888717651,False,delete,False,False,False,True,14.209079000011116,0.0093280000328377,0.8251399999608111,42.533524000077705,0.022447999981523,57.59951900006399
K.MOV,124,K,True,delete,0.4211558699607849,False,delete,False,False,False,True,14.00484900000265,0.0074430000722713,0.5567329999394133,45.499737000000096,0.0201499999548104,60.08891199996924
K.MOV,125,K,True,delete,0.4573728740215301,False,delete,False,False,False,True,13.986266000017622,0.0119780000886748,0.8516100000406368,44.40826300003664,0.0202749999971274,59.2783920001807
K.MOV,126,K,True,delete,0.4705656766891479,False,delete,False,False,False,True,13.980491000040727,0.0082950000432902,0.8587040000520574,43.7423769999441,0.0211609999496431,58.61102800002982
K.MOV,127,K,True,delete,0.5616165995597839,False,delete,False,False,False,True,14.506922999999006,0.0080400000115332,0.8554760000833994,44.407301999967785,0.0201599999627433,59.79790100002447
K.MOV,128,K,True,delete,0.5981775522232056,False,delete,False,False,False,True,14.211294999995516,0.007901000003585,0.9364979999872958,43.63300399995751,0.0209610000183602,58.80965899996227
K.MOV,129,K,True,delete,0.5965490937232971,False,delete,False,False,False,True,14.00815300002023,0.0061819999928047,0.8102970000436471,42.49320200005968,0.0227529999392572,57.34058700005562
K.MOV,130,K,True,delete,0.539374589920044,False,delete,False,False,False,True,14.26005799999075,0.0050600000349732,0.7921750000150496,42.21525900004508,0.0206240000579782,57.29317600014383
K.MOV,131,K,True,delete,0.5953137874603271,False,delete,False,False,False,True,14.48079400000779,0.0049380000746168,0.7725080000682283,41.70538300002136,0.0203399999918474,56.98396300016384
K.MOV,132,K,True,delete,0.5513431429862976,False,delete,False,False,False,True,14.28312000001597,0.0064200000906566,0.8133919999409045,42.24739000005684,0.0224220000291097,57.37274400013348
K.MOV,133,K,True,delete,0.6510429382324219,False,delete,False,False,False,True,13.931019000040124,0.0058800000033443,0.8190659999627314,43.19288300007429,0.0205269999469237,57.96937500002741
L.MOV,0,L,True,space,0.5112765431404114,False,space,False,False,False,True,14.246478000018216,0.0103219999800785,0.9638730000460782,43.411810000066,0.0239339999552612,58.65641700006563
L.MOV,1,L,True,U,0.3814841210842132,False,U,False,False,False,True,14.043035000042892,0.0081239999190074,0.9404400000221358,43.81687500006137,0.0211959999205646,58.82966999996597
L.MOV,2,L,True,space,0.3956826329231262,False,space,False,False,False,True,14.192927000010512,0.0064060000113386,0.8910990000003949,42.61789499992119,0.0215840000237221,57.72991099996716
L.MOV,3,L,True,U,0.3771273493766784,False,U,False,False,False,True,13.984271000026638,0.0074870000617011,0.9239459999434984,43.55425500000365,0.0207049999971786,58.490664000032666
L.MOV,4,L,True,U,0.3785714209079742,False,U,False,False,False,True,13.893114999973475,0.0061480000113078,0.9027699999251126,46.16949800004022,0.0192400000287307,60.99077099997885
L.MOV,5,L,True,U,0.3871425092220306,False,U,False,False,False,True,13.993702000050234,0.0072379999664917,0.910676999978932,44.216007000045465,0.0233900000239373,59.15101400006506
L.MOV,6,L,True,U,0.4033326804637909,False,U,False,False,False,True,13.96037800003569,0.0094110000645741,0.9697980000282768,46.10450799998489,0.0233959999604849,61.06749100007392
L.MOV,7,L,True,U,0.4527745842933655,False,U,False,False,False,True,14.037508000001251,0.007047000053717,0.8957989999771598,43.9093810000486,0.0225790000740744,58.8723140001548
L.MOV,8,L,True,U,0.379005491733551,False,U,False,False,False,True,14.222506999999496,0.0066279999373364,0.856740000017453,43.96012899997004,0.0217680000105247,59.06777199993485
L.MOV,9,L,True,U,0.3985919654369354,False,U,False,False,False,True,14.342564000003222,0.0076910000643692,0.9260460000177771,42.17271100003472,0.0223089999735748,57.47132100009367
L.MOV,10,L,True,U,0.4184694290161133,False,U,False,False,False,True,14.133503000039129,0.0070050000431365,0.8418690000553397,42.97452099990551,0.0216509999972913,57.9785490000404
L.MOV,11,L,True,U,0.442383199930191,False,U,False,False,False,True,14.33942199997773,0.0077739999824189,0.8941660000800766,43.67589200001021,0.0385350000442485,58.95578900009468
L.MOV,12,L,True,U,0.5337747931480408,False,U,False,False,False,True,14.142252999988614,0.007552000056421,0.90409900008126,42.741638999928,0.0222429999894302,57.817786000043725
L.MOV,13,L,True,U,0.510891318321228,False,U,False,False,False,True,14.307568999981868,0.0061149999055487,0.8685589999686272,43.56932999996843,0.0215800000660237,58.7731529998905
L.MOV,14,L,True,U,0.6149400472640991,False,U,False,False,False,True,15.402851000033024,0.0065169999743375,0.8526310000434023,44.91729400001532,0.0214500000765838,61.200743000142666
L.MOV,15,L,True,U,0.4537563920021057,False,U,False,False,False,True,14.569372999972074,0.0063820000377745,1.0845790000075797,44.93256999990081,0.021836999962943,60.61474099988118
L.MOV,16,L,True,U,0.4701842069625854,False,U,False,False,False,True,14.056894000020748,0.0068150000060995,0.9150839999847448,43.937430000028144,0.0210440000500966,58.93726700008983
L.MOV,17,L,True,U,0.5382065773010254,False,U,False,False,False,True,14.021580000019185,0.0072539999109721,0.8736190000036004,42.71350999999868,0.038409000012507,57.65437199994494
L.MOV,18,L,True,space,0.5923669338226318,False,space,False,False,False,True,13.937835000035648,0.007201000016721,0.8946309999373625,45.4371229999424,0.0229060000265235,60.29969599995866
L.MOV,19,L,True,space,0.631164014339447,False,space,False,False,False,True,14.087451000023066,0.0078799999982948,0.9024169999065634,44.9451780000345,0.0223150000238092,59.96524099998624
L.MOV,20,L,True,space,0.5730085372924805,False,space,False,False,False,True,14.010042999984762,0.0080400000115332,0.8812070000203676,44.27032499995676,0.0212229999760893,59.19083799994951
L.MOV,21,L,True,space,0.611594557762146,False,space,False,False,False,True,13.97961300000361,0.0084150000247973,0.9132689999660216,43.94603399998687,0.0187399999731496,58.866070999954445
L.MOV,22,L,True,space,0.5943364500999451,False,space,False,False,False,True,14.02984200001356,0.0086790000750625,0.8895590000292941,60.492996999983006,0.0198089999230433,75.44088600002397
L.MOV,23,L,True,space,0.5934949517250061,False,space,False,False,False,True,13.925026999970669,0.0131570000121428,0.9193450000566372,43.857646999981625,0.0217240000210949,58.73690000004217
L.MOV,24,L,True,space,0.7087892293930054,False,space,False,False,False,True,14.046887000006336,0.0064249999240928,0.8896189999632043,42.641430999992735,0.0205439999945156,57.60490599988088
L.MOV,25,L,True,space,0.6676430106163025,False,space,False,False,False,True,14.067389000047116,0.0066940000351678,0.8499969999320456,42.70863299996108,0.0231239999948229,57.65583699997024
L.MOV,26,L,True,space,0.5966840386390686,False,space,False,False,False,True,14.041603999999095,0.0062710000747756,0.8861009999918679,42.63482400006069,0.0227770000265081,57.59157700015294
L.MOV,27,L,True,space,0.4718291461467743,False,space,False,False,False,True,14.18107800003554,0.0068269999928816,0.8645860000342509,44.71203500008869,0.0222569999550614,59.786783000106425
L.MOV,28,L,True,space,0.5144691467285156,False,space,False,False,False,True,14.193156000033014,0.0065960000483755,0.9113090000028023,43.53584500006491,0.0229449999551434,58.669851000104245
L.MOV,29,L,True,space,0.5816442370414734,False,space,False,False,False,True,14.011880999987625,0.0068199999532225,0.920339000003878,44.27800799999204,0.0235310000107347,59.2405789999475
L.MOV,30,L,True,space,0.6056079864501953,False,space,False,False,False,True,14.057620000016868,0.0075269999797455,1.0098829999378722,42.9961209999874,0.0222050000502349,58.09335599997212
L.MOV,31,L,True,space,0.6104685068130493,False,space,False,False,False,True,14.07819799999288,0.0059349999901314,0.9104770000476492,43.22168500004864,0.0220930000978114,58.23838800017711
L.MOV,32,L,True,space,0.4995074868202209,False,space,False,False,False,True,14.065227999992658,0.0080700000353317,0.9119989999817336,42.67309299996214,0.0229599999101992,57.68134999988206
L.MOV,33,L,True,space,0.5273454785346985,False,space,False,False,False,True,14.118155999994997,0.006287000019256,0.891704999958165,42.80794399994648,0.0217580000025918,57.84584999992149
L.MOV,34,L,True,space,0.6904757022857666,False,space,False,False,False,True,13.92194400000335,0.0072120000140785,0.5856980000089607,42.94987699995545,0.021678000052816,57.486409000034655
L.MOV,35,L,True,space,0.6441324353218079,False,space,False,False,False,True,13.959059000001162,0.006352000013976,0.9182769999824814,43.76210199995967,0.0196279999045145,58.6654179998618
L.MOV,36,L,True,space,0.5067954659461975,False,space,False,False,False,True,14.08963399995855,0.0062780000007478,0.9245620000228882,45.19324199998209,0.0206170000183192,60.2343329999826
L.MOV,37,L,True,space,0.5289033651351929,False,space,False,False,False,True,14.057077000018126,0.0077079999982743,0.9013389999381616,43.98189599999114,0.0233209999578321,58.97134099990353
L.MOV,38,L,True,space,0.6273657083511353,False,space,False,False,False,True,13.967024000010042,0.0084360000300875,0.8958710000115389,45.88569899999584,0.0220889999127393,60.77911899996025
L.MOV,39,L,True,space,0.6188998222351074,False,space,False,False,False,True,14.365942000040375,0.0066420000166544,0.8855380000341029,43.48469699993984,0.0394329999835463,58.78225200001452
L.MOV,40,L,True,space,0.5206574201583862,False,space,False,False,False,True,14.38657799997145,0.0068410000721996,0.8557250000649219,43.49345399998583,0.0218510000422611,58.764449000136665
L.MOV,41,L,True,space,0.5853928327560425,False,space,False,False,False,True,14.294786999982987,0.0068010000404683,0.900560999980371,42.45483999989119,0.0206910000315474,57.67767999992657
L.MOV,42,L,True,space,0.4785106182098388,False,space,False,False,False,True,14.118357999961972,0.0086339999825213,0.8965159998979289,43.080034000013256,0.0251009998919471,58.128642999747626
L.MOV,43,L,True,space,0.5525866746902466,False,space,False,False,False,True,14.184526999997615,0.0067099999796482,0.8854019999944285,42.75868699994589,0.0223729999788702,57.857698999896456
L.MOV,44,L,True,space,0.624161958694458,False,space,False,False,False,True,14.069395000035456,0.0076240000908001,0.8804020000070523,42.71551199997248,0.0218010000025969,57.69473400010838
L.MOV,45,L,True,space,0.6275827288627625,False,space,False,False,False,True,13.966539999955785,0.0066819999346989,0.9115169999631688,44.99096699998972,0.0196759999653295,59.89538199980871
L.MOV,46,L,True,space,0.6016084551811218,False,space,False,False,False,True,13.948080000034224,0.0062670000033904,0.9491170000046624,43.50122300002113,0.0267899999926157,58.43147700005602
L.MOV,47,L,True,space,0.6450637578964233,False,space,False,False,False,True,14.07259900003055,0.0070730000061303,0.8879619999788702,42.97443600000861,0.0215819999311861,57.96365199995535
L.MOV,48,L,True,space,0.6648678183555603,False,space,False,False,False,True,14.023296999994272,0.0063920000457073,0.860181999996712,43.10655599999791,0.0203889999284001,58.016815999963
L.MOV,49,L,True,space,0.6870564818382263,False,space,False,False,False,True,13.952567999979236,0.0062760000218986,0.9423290000540874,44.13610099993548,0.0197939999679874,59.05706799995869
L.MOV,50,L,True,space,0.6209282875061035,False,space,False,False,False,True,13.882383999998638,0.0061130000403863,0.9285119999731252,43.34824599993681,0.0221750000264364,58.18742999997539
L.MOV,51,L,True,space,0.6671850085258484,False,space,False,False,False,True,14.15737400003536,0.0063319999981104,0.9252109999806636,43.479400000023816,0.0233649999472618,58.59168199998521
L.MOV,52,L,True,space,0.6153534054756165,False,space,False,False,False,True,14.167138000004798,0.0066029999743477,0.9433729999273056,43.16441200001009,0.0221909999709168,58.303716999887456
L.MOV,53,L,True,space,0.6697335243225098,False,space,False,False,False,True,14.133064000020568,0.0081519999639567,0.9055579999994734,43.806181000036304,0.0222380000423072,58.87519300006261
L.MOV,54,L,True,space,0.5273608565330505,False,space,False,False,False,True,13.970981999989364,0.0080909999269351,0.9679469999355206,43.81917399996382,0.0229629999921598,58.7891569998078
L.MOV,55,L,True,space,0.5314939022064209,False,space,False,False,False,True,14.314257999956226,0.0062999999954627,0.9039159999701952,43.21603900007176,0.0215979999893534,58.462110999983
L.MOV,56,L,True,space,0.5402795076370239,False,space,False,False,False,True,14.129318000016156,0.0067519999902287,0.9477050000441524,43.34690199993929,0.0223470000264569,58.453024000016285
L.MOV,57,L,True,space,0.5982035398483276,False,space,False,False,False,True,13.979068000026018,0.0077250000458661,0.936480000063966,47.28700699990896,0.0221509999391855,62.23243099998399
L.MOV,58,L,True,space,0.6751456260681152,False,space,False,False,False,True,14.354918000037742,0.0064160000192714,0.8778489999485828,43.37651699995604,0.0228410000318035,58.63854099999344
L.MOV,59,L,True,space,0.590031623840332,False,space,False,False,False,True,13.93263699998215,0.0075730000617113,0.8776010000701717,43.611890999954994,0.0205730000288895,58.45027500009792
L.MOV,60,L,True,space,0.5861706733703613,False,space,False,False,False,True,14.216395999994802,0.0071429999479732,0.9658000000172252,44.0720589999728,0.0210330000527392,59.282430999985536
L.MOV,61,L,True,space,0.5933684706687927,False,space,False,False,False,True,14.244179999991502,0.0064810000139914,0.922349999996186,45.942131000060726,0.0212310000051729,61.13637300006758
L.MOV,62,L,True,space,0.5284534096717834,False,space,False,False,False,True,14.392287999953624,0.0067470000431058,0.8638419999442704,42.74807699994199,0.0217439999232738,58.03269799980626
L.MOV,63,L,True,space,0.473028302192688,False,space,False,False,False,True,14.093822999996064,0.0061269998923307,0.8641100000659208,41.93571300004351,0.0217389999761508,56.92151199997397
L.MOV,64,L,True,space,0.4101854264736175,False,space,False,False,False,True,14.432483000007323,0.007821999929547,0.888755999994828,43.186184000092,0.0194819999705941,58.53472699999429
L.MOV,65,L,True,space,0.51902836561203,False,space,False,False,False,True,13.919047000001685,0.0075979999110131,0.93837600002189,44.44912100007059,0.0210760000527443,59.33521800005792
L.MOV,66,L,True,space,0.6522049307823181,False,space,False,False,False,True,13.988070000038988,0.0059799999689857,0.8733869999559829,45.744805000026645,0.0200129999257114,60.63225499991631
L.MOV,67,L,True,space,0.6758160591125488,False,space,False,False,False,True,14.04008399998702,0.0087579999217268,0.6679110000504807,44.67285400005494,0.0202769999759766,59.40988399999014
L.MOV,68,L,True,space,0.667370617389679,False,space,False,False,False,True,14.029934999996383,0.0087700000221957,0.898405999919305,43.7123149999934,0.0247799999897324,58.67420599992101
L.MOV,69,L,True,space,0.6969515681266785,False,space,False,False,False,True,13.89922599997817,0.0082660000089163,0.9284400000524328,43.90035100004752,0.0228850000212332,58.75916800010828
L.MOV,70,L,True,space,0.7157254219055176,False,space,False,False,False,True,14.105854999968416,0.0061519999690062,0.9930049999411494,46.2009319999197,0.0238630000239936,61.32980699982227
L.MOV,71,L,True,space,0.7279922366142273,False,space,False,False,False,True,14.574506999963432,0.0067120000721843,0.9461749999672976,47.60753999994449,0.0205940000341797,63.15552799998159
L.MOV,72,L,True,space,0.7282090187072754,False,space,False,False,False,True,14.462191000006897,0.0101300000778792,1.033754999980374,49.93434400000751,0.0213420000818587,65.46176200015452
L.MOV,73,L,True,space,0.7044857144355774,False,space,False,False,False,True,14.556753000022129,0.0073579999479989,0.9006369999724484,43.90994100003809,0.0235500000371757,59.39823900001784
L.MOV,74,L,True,space,0.5829572081565857,False,space,False,False,False,True,14.359788000035678,0.0071340000431519,0.8951620000061666,45.76981900004285,0.0230479998890587,61.0549510000169
L.MOV,75,L,True,space,0.6345983147621155,False,space,False,False,False,True,14.255770999966444,0.007384000014099,1.059075000057419,44.09713200004717,0.0223690000211718,59.4417310001063
L.MOV,76,L,True,space,0.6478123664855957,False,space,False,False,False,True,14.189811999983704,0.0066519999109004,0.9015620000809575,43.38036699994064,0.0223570000343897,58.500749999950585
L.MOV,77,L,True,space,0.7165699601173401,False,space,False,False,False,True,14.568453999970645,0.0086630000168952,0.9258789999648798,44.433794000042326,0.0227709999762737,59.95956099997102
L.MOV,78,L,True,space,0.7035700082778931,False,space,False,False,False,True,14.06447799996613,0.0086549999878116,0.9088150000025051,45.05867799991847,0.0225869999894712,60.06321299986439
L.MOV,79,L,True,space,0.6216802000999451,False,space,False,False,False,True,14.713869999980034,0.0069909999638184,0.9940610000285232,43.88638299997183,0.0201670000024023,59.62147199994661
L.MOV,80,L,True,space,0.5978242754936218,False,space,False,False,False,True,14.046571999983826,0.0093130000777819,0.8889150000186419,44.06639199999063,0.0220489999946948,59.03324100006557
L.MOV,81,L,True,space,0.5576344132423401,False,space,False,False,False,True,14.10819000000174,0.0091269999984433,0.5852259999983289,43.23677700006101,0.0198320000208696,57.9591520000804
L.MOV,82,L,True,space,0.4853681623935699,False,space,False,False,False,True,14.003026000011689,0.0220089999629635,0.898591000009219,44.99788499992974,0.0235359999578577,59.945046999871465
L.MOV,83,L,True,space,0.5655865669250488,False,space,False,False,False,True,14.105094000001372,0.0070849999929123,0.9150419999741644,44.141153000055056,0.0220699999999851,59.19044400002349
L.MOV,84,L,True,space,0.5130891799926758,False,space,False,False,False,True,13.943843999982164,0.0074460000405451,0.943429999892942,46.094996999954674,0.0235070000371706,61.013223999907495
L.MOV,85,L,True,space,0.4598405361175537,False,space,False,False,False,True,14.277584000012666,0.0075980000247,0.9047009999676447,44.38673799995741,0.0240180000901091,59.60063900005253
L.MOV,86,L,True,space,0.4669286608695984,False,space,False,False,False,True,13.974910000001728,0.0100570000540756,0.9625469999718916,45.04969799995706,0.0236289999975269,60.02084099998228
L.MOV,87,L,True,space,0.4856843948364258,False,space,False,False,False,True,14.056666999977097,0.0070109999796841,0.9239670000624756,44.65705200004777,0.0358549999646129,59.68055200003164
L.MOV,88,L,True,space,0.4169649183750152,False,space,False,False,False,True,14.319608999983302,0.0079069999401326,0.9791789999553656,44.23451300010584,0.0234930000715394,59.564701000056175
L.MOV,89,L,True,space,0.4946197271347046,False,space,False,False,False,True,14.025468999989243,0.0071570000272913,1.0213210000529216,44.444930999929966,0.0224240000079589,59.52130200000738
L.MOV,90,L,True,space,0.500492513179779,False,space,False,False,False,True,14.002267999956077,0.0079310000273835,0.8666180000318491,43.16874500000267,0.0369240000281934,58.082486000046174
L.MOV,91,L,True,space,0.5542827844619751,False,space,False,False,False,True,13.986377000037464,0.0087290000010398,0.9577749999607476,45.21126700001332,0.0222639999947205,60.186412000007294
L.MOV,92,L,True,space,0.5660074353218079,False,space,False,False,False,True,13.93850200003044,0.0069850000272708,0.9074939999891284,43.94071399997301,0.0221169999576886,58.81581199997754
L.MOV,93,L,True,space,0.5900006294250488,False,space,False,False,False,True,14.18815300002052,0.0074939999876733,0.9241699999620324,43.99226199996065,0.0238540000054854,59.13593299993636
L.MOV,94,L,True,space,0.6088801622390747,False,space,False,False,False,True,13.91775899998038,0.0067969999690831,0.8841060000577272,43.94842099998186,0.0232209999921906,58.78030399998124
L.MOV,95,L,True,space,0.6051679253578186,False,space,False,False,False,True,13.930256000037389,0.0068690000034621,0.9242840000069918,42.95077999995556,0.0189600000339851,57.831149000037385
L.MOV,96,L,True,space,0.5353901982307434,False,space,False,False,False,True,13.99378200000001,0.0088720000803732,0.9787550000055488,44.637618000024304,0.028229999998075,59.64725700010831
L.MOV,97,L,True,space,0.6472169756889343,False,space,False,False,False,True,13.956797999981063,0.0092200000381126,0.9667110000464164,44.065648000014335,0.0239930000134336,59.02237000009336
L.MOV,98,L,True,space,0.6922927498817444,False,space,False,False,False,True,13.951637999980449,0.0074430000722713,0.9222659999750248,43.00923999994666,0.0225950000185548,57.91318199999296
L.MOV,99,L,True,space,0.5945209264755249,False,space,False,False,False,True,14.17235100001335,0.0075990000141246,0.917952999998306,45.4491960000496,0.0228320000132953,60.56993100008867
L.MOV,100,L,True,space,0.6190657019615173,False,space,False,False,False,True,13.962612000000265,0.0088279999772566,0.9742440000763964,46.97622900005172,0.0215189999153153,61.94343200002095
L.MOV,101,L,True,space,0.5931998491287231,False,space,False,False,False,True,14.113295000015569,0.0070090000008349,0.8796729999858144,45.13298300003044,0.0251769999977113,60.158137000030365
L.MOV,102,L,True,space,0.6785092949867249,False,space,False,False,False,True,13.934598999981064,0.0081109999428008,1.0116280000147526,45.62188499994591,0.0248090000241063,60.60103199990863
L.MOV,103,L,True,space,0.5613760948181152,False,space,False,False,False,True,14.007971000012276,0.008115000014186,0.9112290000530264,42.19438099994477,0.0207479999971837,57.14244400002144
L.MOV,104,L,True,space,0.5842534899711609,False,space,False,False,False,True,14.605549000009432,0.0059970000165776,0.911550000068928,43.249482999954125,0.0222159999339055,58.79479499998297
L.MOV,105,L,True,space,0.5903734564781189,False,space,False,False,False,True,14.161517999980331,0.0071140000272862,0.9104040000238456,44.154818000038176,0.0192470000683897,59.25310100013803
L.MOV,106,L,True,space,0.6301789283752441,False,space,False,False,False,True,14.387094000028355,0.0066110000034314,1.022419000037189,47.25015099995744,0.0228819999392726,62.68915699996569
L.MOV,107,L,True,space,0.6023122072219849,False,space,False,False,False,True,14.664917999994032,0.0069000000166852,0.8835159999307507,44.86873600001218,0.0264790000983339,60.45054900005198
L.MOV,108,L,True,space,0.5411627292633057,False,space,False,False,False,True,14.003092999985256,0.0060940000139453,0.8887669999921854,47.38606500006881,0.0226160000238451,62.30663500008404
L.MOV,109,L,True,space,0.5889065265655518,False,space,False,False,False,True,14.308475000007093,0.0060979999716437,0.8885449999525008,44.480614000008245,0.0220350000290636,59.70576699996855
L.MOV,110,L,True,space,0.491931676864624,False,space,False,False,False,True,14.09675000002153,0.005919000045651,0.8699960000058127,43.07376500003102,0.0217660000316755,58.068196000135686
L.MOV,111,L,True,space,0.583602249622345,False,space,False,False,False,True,14.12030900002037,0.0083620000168593,1.018645999920409,50.44300899999144,0.0248639998972066,65.61518999984628
L.MOV,112,L,True,space,0.6100696325302124,False,space,False,False,False,True,14.12717599998814,0.0082199999269505,1.0017209999659826,43.73111400002472,0.0230739999551587,58.89130499986095
L.MOV,113,L,True,space,0.6214954257011414,False,space,False,False,False,True,14.105935999964458,0.0079569999797968,0.859267999999247,44.65343100002883,0.0222129999656317,59.648804999937965
L.MOV,114,L,True,space,0.5636318325996399,False,space,False,False,False,True,14.18710800004419,0.0065030000087062,0.8839179999995395,42.94359199991504,0.0205210000103761,58.041641999977855
L.MOV,115,L,True,space,0.56407231092453,False,space,False,False,False,True,14.059516000031635,0.0069369999664559,0.8592560000124649,42.512428000009095,0.021468999989338,57.45960600000899
L.MOV,116,L,True,space,0.6453627347946167,False,space,False,False,False,True,14.4550059999915,0.0066099999003199,0.9212420000039856,42.33360099999573,0.019564000012906,57.73602299990444
L.MOV,117,L,True,space,0.6078283190727234,False,space,False,False,False,True,14.082202999986748,0.0081929999851126,1.00093100002141,44.79251899999781,0.0229639999815844,59.906809999972666
L.MOV,118,L,True,space,0.6440528631210327,False,space,False,False,False,True,14.225800000019715,0.0076210000088394,0.8900039999844012,42.88249600006111,0.0220299999682538,58.02795100004232
L.MOV,119,L,True,space,0.5965254306793213,False,space,False,False,False,True,14.132775999996738,0.0061409999716488,0.8750939999799812,42.91727100007847,0.030474000027425,57.961756000054265
L.MOV,120,L,True,space,0.5987151265144348,False,space,False,False,False,True,14.0288450000412,0.0083909999375464,1.0377109999808454,44.83102400001826,0.019984999994449,59.9259559999723
L.MOV,121,L,True,space,0.6597861051559448,False,space,False,False,False,True,14.06195299995261,0.0068949999558753,0.9900709999328684,45.42495800001234,0.0285790000589258,60.51245599991262
L.MOV,122,L,True,space,0.6193897128105164,False,space,False,False,False,True,14.464345000021694,0.006352000013976,0.868771000000379,43.05497600000763,0.0214159999814,58.41586000002508
L.MOV,123,L,True,space,0.6356338262557983,False,space,False,False,False,True,14.082925999957752,0.0073620000193841,0.9429980000277284,42.146043000002464,0.0209940000104325,57.20032300001776
L.MOV,124,L,True,space,0.6422120928764343,False,space,False,False,False,True,14.056911000011496,0.006628999926761,0.9259460000521358,51.6321049999533,0.0266499999952429,66.64824099993893
L.MOV,125,L,True,space,0.6230958104133606,False,space,False,False,False,True,14.20908799997278,0.0078340000300158,0.98932599996715,44.886438000048656,0.021889999970881,60.11457599998948
L.MOV,126,L,True,space,0.6999688744544983,False,space,False,False,False,True,14.02625500003296,0.0072340000087933,1.037298000028386,44.7833640000681,0.0234399999499146,59.87759100008816
L.MOV,127,L,True,space,0.6113601326942444,False,space,False,False,False,True,14.276660999996691,0.0093120000883573,0.8748710000645588,70.0437340000235,0.0267729999450239,85.23135100011814
L.MOV,128,L,True,space,0.5682240724563599,False,space,False,False,False,True,14.209613999980776,0.0075300000617062,1.0434140000370462,46.71862899999724,0.0228789999709988,62.00206600004776
L.MOV,129,L,True,space,0.5634050965309143,False,space,False,False,False,True,14.199000000019169,0.0063310000086858,0.9826089999478428,47.49792100005834,0.022589999957745,62.70845099999178
L.MOV,130,L,True,space,0.566131055355072,False,space,False,False,False,True,14.388106000012613,0.0056989999848156,0.902484999983244,46.5011640000057,0.0232070000265594,61.82066100001293
L.MOV,131,L,True,space,0.5613065361976624,False,space,False,False,False,True,14.19068199999174,0.0054679999266227,0.9143780000613332,46.44576999999117,0.0235709999287792,61.579868999899645
M.MOV,0,M,True,A,0.8716245293617249,False,A,False,False,False,True,14.257051000015508,0.0097799999139169,0.5009079999354071,42.71196500008045,0.0220339999259522,57.50173799987124
M.MOV,1,M,True,A,0.7400245666503906,False,A,False,False,False,True,14.260749000015949,0.0072120000140785,0.5527270000129647,42.74574999999459,0.0194899999996778,57.585928000037256
M.MOV,2,M,True,A,0.7857632637023926,False,A,False,False,False,True,14.109302000008483,0.0080470000511922,0.5079630000182078,42.80956200000219,0.0471109999580221,57.481985000038094
M.MOV,3,M,True,A,0.7108916640281677,False,A,False,False,False,True,14.599571000019296,0.007109999955901,0.4865139999310486,42.2705240000596,0.0190859999520398,57.38280499991788
M.MOV,4,M,True,A,0.6492794752120972,False,A,False,False,False,True,13.989320999996837,0.0063399999135071,0.5381470000429545,42.37771600003271,0.0193719999970198,56.93089599998302
M.MOV,5,M,True,A,0.683733344078064,False,A,False,False,False,True,14.09183599997732,0.007112000048437,0.8164590000205862,43.58312900001238,0.0222709999206927,58.52080699997941
M.MOV,6,M,True,A,0.606748640537262,False,A,False,False,False,True,14.095718000021408,0.0070830000140631,0.5162040000641355,42.13744300000144,0.0221070000634426,56.77855500016449
M.MOV,7,M,True,A,0.5386635065078735,False,A,False,False,False,True,14.26153800002794,0.0056060000588331,0.5203749999509455,42.20522899993284,0.0190089999705378,57.0117569999411
M.MOV,8,M,True,A,0.4267221391201019,False,A,False,False,False,True,14.062011000021355,0.0075959999321639,0.8187810000208628,42.03903500001616,0.0196119999600341,56.947034999950574
M.MOV,9,M,True,A,0.3900138437747955,False,A,False,False,False,True,14.14222199997539,0.0068010000404683,0.7390170000007856,43.105859000093005,0.0189900000577836,58.01288900016743
M.MOV,10,M,True,A,0.4233002066612243,False,A,False,False,False,True,14.775530999997954,0.0067070000113744,0.5390699999452409,42.368032000013045,0.0187309999546414,57.708070999922256
M.MOV,11,M,True,A,0.4249509274959564,False,A,False,False,False,True,14.064456000028258,0.0063930000351319,0.5314840000210097,43.35453700002745,0.0186419999863574,57.975512000098206
M.MOV,12,M,True,A,0.4053513705730438,False,A,False,False,False,True,13.936598999976011,0.0065079999558292,0.4910449999897537,42.66254700007721,0.018796999938786,57.11549599993759
M.MOV,13,M,True,A,0.399315595626831,False,A,False,False,False,True,13.939947999972446,0.0061660000483243,0.5168179999373024,42.0728889999964,0.0201400000605644,56.55596100001503
M.MOV,14,M,True,A,0.3692461848258972,False,A,False,False,False,True,17.26101600002039,0.0075640000432031,0.8201269999972283,42.48789500002204,0.0201499999548104,60.59675200003767
M.MOV,15,M,True,A,0.4035864770412445,False,A,False,False,False,True,14.284497000005558,0.0063219999901775,0.8007620000398674,42.72640600004252,0.0198270000737466,57.837814000151866
M.MOV,16,M,True,A,0.3697282373905182,False,A,False,False,False,True,13.940714999989725,0.006772999995519,0.8039119999239119,43.699821000018346,0.0205259999574991,58.471746999885
M.MOV,17,M,True,B,0.4134448766708374,False,B,False,False,False,True,14.02020599999787,0.0077729999929943,0.850851999985025,42.429091000030894,0.0206240000579782,57.32854600006476
M.MOV,18,M,True,A,0.3664503395557403,False,A,False,False,False,True,14.254544000039004,0.0073989999691548,0.8724880000272606,42.24745399994845,0.0183959999731087,57.400280999956976
M.MOV,19,M,True,B,0.4420783817768097,False,B,False,False,False,True,14.15814599999976,0.0070500000219908,0.829883000051268,44.09266499999376,0.0220719999788343,59.10981600004561
M.MOV,20,M,True,A,0.3772622644901275,False,A,False,False,False,True,13.916860999984236,0.0070339999638235,0.800856999944699,43.04878200002804,0.02308799992079,57.79662199984159
M.MOV,21,M,True,A,0.4547147154808044,False,A,False,False,False,True,14.17438500004664,0.0070649999770466,0.7994019999841839,43.14434299999448,0.0187250000180938,58.14392000002045
M.MOV,22,M,True,A,0.5028558969497681,False,A,False,False,False,True,14.096300999995035,0.0077180000062071,0.8357660000228861,43.849012999999104,0.0228950000291661,58.8116930000524
M.MOV,23,M,True,A,0.4973199665546417,False,A,False,False,False,True,14.013512999952129,0.0095410000540141,0.8200439999654918,43.3844730000601,0.0219319999814615,58.24950300001319
M.MOV,24,M,True,A,0.6239520907402039,False,A,False,False,False,True,13.950876000023982,0.0064529999690421,0.7608160000245334,42.97246600003746,0.0195609999309454,57.71017199998596
M.MOV,25,M,True,A,0.6199637055397034,False,A,False,False,False,True,14.104334000023757,0.0249800000347022,0.5156550000720017,43.92520600003991,0.0194409999494382,58.58961600011981
M.MOV,26,M,True,A,0.5644943118095398,False,A,False,False,False,True,13.904043000025013,0.0071230000457944,0.8291389999612875,44.07966100006888,0.0221459999920625,58.84211200009304
M.MOV,27,M,True,A,0.6157278418540955,False,A,False,False,False,True,14.008195999963393,0.006149999990157,0.7950189999519353,43.04119400001128,0.0214509999523215,57.87200999986908
M.MOV,28,M,True,A,0.6147306561470032,False,A,False,False,False,True,13.89557100003458,0.0067890000536863,0.8215919999656762,42.7245700000185,0.0202319999971223,57.468754000069566
M.MOV,29,M,True,A,0.5607436299324036,False,A,False,False,False,True,13.937149000014417,0.0072090000458047,0.7981490000474878,43.971903000056045,0.0191880000102173,58.73359800017397
M.MOV,30,M,True,A,0.6012248396873474,False,A,False,False,False,True,13.90665200000285,0.00839899996663,1.053150999950958,43.40538500002822,0.0206720000051063,58.39425899995376
M.MOV,31,M,True,A,0.6075806617736816,False,A,False,False,False,True,14.098587000034968,0.0068520000695571,0.826775999939855,42.916363000017554,0.01984799996535,57.86842600002728
M.MOV,32,M,True,A,0.5938257575035095,False,A,False,False,False,True,14.15874399998529,0.0072640000325918,0.8235570001033921,43.51438399999097,0.01956199992037,58.52351100003261
M.MOV,33,M,True,A,0.7461633086204529,False,A,False,False,False,True,13.92658700001448,0.0067549999585025,0.7923509999727685,43.72515899990504,0.0200370000129623,58.47088899986375
M.MOV,34,M,True,A,0.6351553797721863,False,A,False,False,False,True,13.994137999986831,0.006775000088055,1.1983459999100887,42.87770899998122,0.0272769999583033,58.1042449999245
M.MOV,35,M,True,A,0.6712578535079956,False,A,False,False,False,True,14.02193100000204,0.0129019999803858,0.769333999983246,43.083937999995214,0.0204689999918628,57.90857399995275
M.MOV,36,M,True,A,0.7135663032531738,False,A,False,False,False,True,13.886126999977932,0.0065790000007837,0.798490000079255,43.61086200003683,0.0231880000001183,58.32524600009492
M.MOV,37,M,True,A,0.6697728633880615,False,A,False,False,False,True,13.988981000011336,0.0064529999690421,0.8537590000514683,45.04881599996224,0.0213079999866749,59.919316999980765
M.MOV,38,M,True,A,0.5750719308853149,False,A,False,False,False,True,13.933066999982202,0.00676599995586,0.8382230000734125,45.24531599997772,0.0215999999682026,60.0449719999574
M.MOV,39,M,True,A,0.5672691464424133,False,A,False,False,False,True,13.941290999980538,0.0251809999554097,0.8192970000209243,43.22208999997201,0.0202429999944797,58.028101999923365
M.MOV,40,M,True,A,0.5463473796844482,False,A,False,False,False,True,13.9507270000081,0.0061299999742914,0.9119990000954205,43.33077100000082,0.0209049999284616,58.2205320000071
M.MOV,41,M,True,A,0.4251478016376495,False,A,False,False,False,True,14.121653000017886,0.0097569999297775,0.825313000063943,45.85219199998392,0.0239710000187187,60.83288600001424
M.MOV,42,M,True,A,0.4951888918876648,False,A,False,False,False,True,14.148768000040944,0.007961000051182,0.8425550000765725,44.12062700009756,0.0195579999626716,59.13946900022893
M.MOV,43,M,True,A,0.3572923243045807,False,A,False,False,False,True,14.05427200000986,0.0081340000406271,0.8748259999720176,44.13066600000093,0.0224640000396902,59.09036200006312
M.MOV,44,M,True,B,0.4515062570571899,False,B,False,False,False,True,14.040144999967197,0.0066259999584872,0.772641000025942,44.4766850000633,0.0396579999915047,59.33575500000643
M.MOV,45,M,True,B,0.5070321559906006,False,B,False,False,False,True,13.952555999992455,0.0071260000140682,0.4954420001013204,43.62056900004063,0.0206839999918884,58.096377000140365
M.MOV,46,M,True,B,0.4848123788833618,False,B,False,False,False,True,14.138166000009278,0.0079919999507183,0.8146330000045054,43.67473199999949,0.0203910000209361,58.65591399998493
M.MOV,47,M,True,B,0.5261161923408508,False,B,False,False,False,True,14.030760999958147,0.0072549999003967,0.8051089999980832,43.42240000005404,0.0240870000425275,58.2896119999532
M.MOV,48,M,True,B,0.4479045569896698,False,B,False,False,False,True,14.097756000012396,0.0067970000827699,0.7720820000258755,42.49878699999954,0.0223889999233506,57.39781100004393
M.MOV,49,M,True,A,0.4382062554359436,False,A,False,False,False,True,14.200892000019394,0.0079310000273835,0.9095819999629384,45.10423900001115,0.021457000002556,60.24410100002342
M.MOV,50,M,True,A,0.4060163199901581,False,A,False,False,False,True,14.093809000030433,0.0079479999612885,0.8082990000275458,43.20252000002256,0.0223719999894456,58.13494800003127
M.MOV,51,M,True,A,0.3695304691791534,False,A,False,False,False,True,14.06072000003178,0.0066469999637774,0.8226329999843074,43.224916999974994,0.0228000000106476,58.13771699996551
M.MOV,52,M,True,B,0.3805420398712158,False,B,False,False,False,True,14.049150000005284,0.0095809999720586,0.6097670000144717,42.86099900002682,0.0214980000237119,57.55099500004235
M.MOV,53,M,True,B,0.4932836294174194,False,B,False,False,False,True,14.06572700000197,0.0076390000458559,0.8507300000246687,43.8455859999749,0.0543780000725746,58.82406000011997
M.MOV,54,M,True,B,0.607631504535675,False,B,False,False,False,True,13.940776000026744,0.008933000003708,0.5283000000417815,44.73599300001752,0.0215610000395827,59.23556300012933
M.MOV,55,M,True,B,0.6710531711578369,False,B,False,False,False,True,13.984206000031918,0.025406000077055,0.4976259999693866,45.286652000072536,0.0200580000182526,59.81394800016915
M.MOV,56,M,True,B,0.7230475544929504,False,B,False,False,False,True,14.014476999989256,0.0067510000008041,0.536163999981909,43.119073000070784,0.0207509999654575,57.69721600000821
M.MOV,57,M,True,B,0.6759657859802246,False,B,False,False,False,True,14.098832999991371,0.0063319999981104,0.4902379999975892,43.60581399998864,0.0202829999125242,58.22149999988824
M.MOV,58,M,True,B,0.7250510454177856,False,B,False,False,False,True,14.108133999968686,0.0082990000009885,0.5265940000072078,43.89944399997603,0.021278999952301,58.56374999990521
M.MOV,59,M,True,B,0.7519679665565491,False,B,False,False,False,True,14.252105000025496,0.0062300000536197,0.549541999930625,44.34230200001821,0.0210109999443375,59.171189999972285
M.MOV,60,M,True,B,0.7091654539108276,False,B,False,False,False,True,14.161710999985644,0.0058250000165571,0.5109960000027058,43.67370399995707,0.0196090001054471,58.371845000067424
M.MOV,61,M,True,B,0.6983320116996765,False,B,False,False,False,True,14.121923999994124,0.007047000053717,0.4845619999969131,42.72640500005309,0.0200340000446885,57.35997200014253
M.MOV,62,M,True,B,0.6287711262702942,False,B,False,False,False,True,14.230591999989883,0.0097449999429954,0.8878499999127598,44.47646500000246,0.0223609999920881,59.62701299984019
M.MOV,63,M,True,B,0.6994853019714355,False,B,False,False,False,True,14.527316999988216,0.0089180000486521,0.8234429999447457,44.32942999994793,0.058470999988458,59.747578999918005
M.MOV,64,M,True,B,0.6904849410057068,False,B,False,False,False,True,14.319306999993842,0.0064539999584667,0.7671070000014879,42.88784899995335,0.0213449999364456,58.00206199984359
M.MOV,65,M,True,B,0.6930155754089355,False,B,False,False,False,True,14.160188999994716,0.0072179999506261,0.7611920000272221,42.84297700007755,0.0200719999838838,57.791648000034
M.MOV,66,M,True,B,0.6308026909828186,False,B,False,False,False,True,14.214997999999923,0.006470000016634,0.7828880000033678,42.401896000001216,0.0186839999969379,57.42493600001808
M.MOV,67,M,True,B,0.7075172662734985,False,B,False,False,False,True,14.211307999971725,0.0063019999743119,0.7950860000391913,42.797012999926665,0.0190770000472184,57.82878599995911
M.MOV,68,M,True,B,0.6239631175994873,False,B,False,False,False,True,14.222029999984898,0.0082139999904029,0.4628599999705329,42.879533000018455,0.0211569999919447,57.59379399995623
M.MOV,69,M,True,B,0.6553105711936951,False,B,False,False,False,True,14.08693400003358,0.0078059999850665,0.8265550000032817,44.74252900001829,0.0201490000790727,59.683973000119295
M.MOV,70,M,True,B,0.5691941976547241,False,B,False,False,False,True,14.038069000037012,0.007561999950667,0.8571020000545104,42.16295200001241,0.0182600000471211,57.08394500010172
M.MOV,71,M,True,B,0.617959201335907,False,B,False,False,False,True,14.241539999943598,0.006149999990157,0.7948310000074343,41.82226700004321,0.0199470000552537,56.884735000039655
M.MOV,72,M,True,B,0.4050173461437225,False,B,False,False,False,True,14.014201000009052,0.0076499999295265,0.9297169999626932,50.65255399995294,0.0203319999627638,65.62445399981698
M.MOV,73,M,True,B,0.3907505571842193,False,B,False,False,False,True,14.035493999983828,0.0086029999692982,0.8098900000277354,43.901574000074106,0.0210750000633197,58.77663600011829
M.MOV,74,M,True,A,0.5259911417961121,False,A,False,False,False,True,14.120971000011195,0.0088230000301336,0.8693319999792948,44.17969799999355,0.0202150000632173,59.19903900007739
M.MOV,75,M,True,A,0.5277224779129028,False,A,False,False,False,True,14.035732000024836,0.0073689999453563,0.8219480000661861,42.32188599996789,0.0205229999892253,57.20745799999349
M.MOV,76,M,True,A,0.4956789016723633,False,A,False,False,False,True,13.8490690000026,0.0071690000140733,0.8168750000550062,42.66375500003505,0.018245999967803,57.355114000074536
M.MOV,77,M,True,A,0.5413263440132141,False,A,False,False,False,True,14.169895000009092,0.0088699999878372,0.7766250000713626,43.353831999979775,0.021957000058137,58.33117900010621
M.MOV,78,M,True,A,0.5549721121788025,False,A,False,False,False,True,14.029443000026731,0.0091200000724711,0.8066469999903347,43.37408100002449,0.0199109999812208,58.23920200009525
M.MOV,79,M,True,A,0.6016994714736938,False,A,False,False,False,True,14.278196000020673,0.0083319999930608,0.8105179999802203,44.83077099996535,0.0202650001028814,59.948082000062186
M.MOV,80,M,True,A,0.7053001523017883,False,A,False,False,False,True,14.14257300001509,0.0082669999983409,0.8280900000272595,44.72848600005364,0.0273509999715315,59.73476700006586
M.MOV,81,M,True,A,0.7331986427307129,False,A,False,False,False,True,14.28707600001644,0.0061819999928047,0.8001190000186398,42.708251000021846,0.0188010000101712,57.8204290000599
M.MOV,82,M,True,A,0.8586122393608093,False,A,False,False,False,True,14.188224000008631,0.0063759999875401,0.8330790000172783,43.11365000000933,0.0190580000207774,58.16038700004356
M.MOV,83,M,True,A,0.8526699542999268,False,A,False,False,False,True,14.158063999957449,0.0065319999293933,0.8077859999957582,42.03455100002884,0.0185500000497995,57.02548299996124
M.MOV,84,M,True,A,0.9000837802886963,False,A,False,False,False,True,13.971203000039624,0.0074229999427188,0.531658999989304,48.52311799993458,0.0226259999180911,63.05602899982432
M.MOV,85,M,True,A,0.8346541523933411,False,A,False,False,False,True,14.247769999997216,0.0078080000776026,0.4942519999531214,43.05771099996036,0.0279209999689555,57.83546199995726
M.MOV,86,M,True,A,0.8850362300872803,False,A,False,False,False,True,14.186652999967464,0.0067600000193124,0.5431050000197502,42.72267500005,0.0221610000608052,57.481354000117335
M.MOV,87,M,True,A,0.8618767857551575,False,A,False,False,False,True,14.161869000020031,0.0255620000189082,0.5687469999884343,66.60586600003171,0.0228789999709988,81.38492300003008
M.MOV,88,M,True,A,0.8751665353775024,False,A,False,False,False,True,14.040425000018786,0.0074820000008912,0.8105779999141305,42.00763500000448,0.01923699994677,56.88535699988506
M.MOV,89,M,True,A,0.800175666809082,False,A,False,False,False,True,14.465295000036347,0.006566000024577,0.8330000000569271,42.76188899996214,0.0176769999598036,58.0844270000398
M.MOV,90,M,True,A,0.623664140701294,False,A,False,False,False,True,14.063270999997712,0.0063919999320205,0.7633360000909306,43.86324900008276,0.0226309999789009,58.718879000082325
M.MOV,91,M,True,A,0.6094850301742554,False,A,False,False,False,True,13.946997999994435,0.0083719999111053,0.5199529999799779,43.08958299998267,0.023369000018647,57.58827499988684
M.MOV,92,M,True,A,0.5515673756599426,False,A,False,False,False,True,13.9042050000171,0.0188060000709811,0.7958480000525014,41.72331500001292,0.0188150000894893,56.46098900024299
M.MOV,93,M,True,A,0.5568330883979797,False,A,False,False,False,True,14.009522000037578,0.0065840000615935,0.83470800007035,42.437593000045126,0.0188430000207517,57.3072500002354
M.MOV,94,M,True,A,0.4785954654216766,False,A,False,False,False,True,14.00954799998999,0.0071069999876272,0.7623000000194224,42.7073459999292,0.0197399999706249,57.50604099989687
M.MOV,95,M,True,A,0.5012953877449036,False,A,False,False,False,True,14.103511000030268,0.0076630000194199,0.8114849999856233,43.58251199994356,0.020066999923074,58.52523799990195
M.MOV,96,M,True,B,0.351392388343811,False,B,False,False,False,True,13.958180000031462,0.0072600000748934,0.8056990000113728,44.29498000001786,0.0220620000845883,59.088181000220175
M.MOV,97,M,True,B,0.4514753520488739,False,B,False,False,False,True,13.955195999983516,0.007472999982383,0.8432739999761907,43.95231699993474,0.0220489999946948,58.78030899987152
M.MOV,98,M,True,B,0.4904383718967438,False,B,False,False,False,True,14.0520339999739,0.0069970000140529,0.8338100000173654,43.91883999994661,0.022943000089981,58.83462400004191
M.MOV,99,M,True,B,0.5631063580513,False,B,False,False,False,True,13.931103999993866,0.0066080000351576,0.8054950000087047,42.815429000029326,0.0389410000707357,57.59757700013779
M.MOV,100,M,True,B,0.5505224466323853,False,B,False,False,False,True,13.934740000024703,0.0058919999901263,0.7573010000214708,42.59705799995572,0.022188000002643,57.31717899999467
M.MOV,101,M,True,B,0.6529741883277893,False,B,False,False,False,True,14.024951999999756,0.0074949999770979,0.8628369999996721,43.8077159999466,0.0218090000316806,58.7248089999548
M.MOV,102,M,True,B,0.7433465719223022,False,B,False,False,False,True,14.006692999998904,0.0079469999718639,0.8240369999157338,43.42303800001446,0.0228679999736414,58.2845829998746
M.MOV,103,M,True,B,0.7144834995269775,False,B,False,False,False,True,14.047045999973308,0.0062739999293626,0.7527060000711572,42.72409299994706,0.0224100000423277,57.552528999963215
M.MOV,104,M,True,B,0.6789692640304565,False,B,False,False,False,True,13.87732099999539,0.0075560000141194,0.7838320000246313,43.617395999945074,0.0212769999734518,58.30738199995267
M.MOV,105,M,True,B,0.6536486744880676,False,B,False,False,False,True,14.097167999977955,0.0062279999610836,0.7756830000289483,43.25401400001283,0.0222440000925416,58.15533700007336
M.MOV,106,M,True,B,0.4537831544876098,False,B,False,False,False,True,14.010601999984829,0.0075629999400916,0.7895920000464685,42.78410599999916,0.0222150000581677,57.61407800002871
M.MOV,107,M,True,A,0.4677051603794098,False,A,False,False,False,True,13.788741999974263,0.0071590000061405,0.8123200000227371,45.0641300000143,0.0231740000344871,59.69552500005193
M.MOV,108,M,True,A,0.4872678220272064,False,A,False,False,False,True,13.796135999996295,0.0076899999612578,0.8010189999367867,43.216099999995095,0.0214220000316345,57.84236699992107
M.MOV,109,M,True,A,0.5290562510490417,False,A,False,False,False,True,13.92368000000488,0.006428999995478,0.7888760000014372,43.62828699993315,0.0220749999471081,58.369346999882055
M.MOV,110,M,True,A,0.6766299605369568,False,A,False,False,False,True,13.86307399997122,0.0059779999901365,0.7908879999831697,43.19593699995039,0.0210569999126164,57.876933999807534
M.MOV,111,M,True,A,0.6676406860351562,False,A,False,False,False,True,14.013414999965336,0.0062379999690165,0.7839819999162501,43.29299800008357,0.0209890000633095,58.11762199999748
M.MOV,112,M,True,A,0.6076955199241638,False,A,False,False,False,True,14.046174000043266,0.0078439999242618,0.8287530000643528,45.25888900002428,0.0214240000104837,60.16308400006665
M.MOV,113,M,True,A,0.6063609719276428,False,A,False,False,False,True,13.95990299999994,0.007552000056421,0.799909000079424,44.50671600000078,0.0222469999471286,59.29632700008369
M.MOV,114,M,True,A,0.4277393221855163,False,A,False,False,False,True,14.113362999978564,0.0065110000377899,0.767482000014752,42.54491500000768,0.0218430000131775,57.45411400005196
M.MOV,115,M,True,B,0.4030983448028564,False,B,False,False,False,True,13.946124999961285,0.0065260001065325,0.7656550000092466,42.35177600003226,0.0216750000845422,57.091757000193866
M.MOV,116,M,True,A,0.4565629363059997,False,A,False,False,False,True,14.00403700000652,0.0067360000457483,0.5555120000053648,42.23748599997634,0.0191469999890614,56.82291800002304
M.MOV,117,M,True,B,0.6044960021972656,False,B,False,False,False,True,14.02473899997858,0.0071549999347553,0.7696220000070753,42.91714900000443,0.0188840000419077,57.73754899996675
M.MOV,118,M,True,B,0.6709437966346741,False,B,False,False,False,True,14.053098000033517,0.007638999932169,0.7775009999022586,43.10435899992626,0.0216519999867159,57.96424899978092
M.MOV,119,M,True,B,0.7600618600845337,False,B,False,False,False,True,13.962904000038634,0.0072799999770722,0.8189760000050228,43.04949499999111,0.0200750000658445,57.858730000077685
M.MOV,120,M,True,B,0.6377572417259216,False,B,False,False,False,True,13.928817000021354,0.0058990000297853,0.4963439999983166,41.884187999926326,0.0537920000169833,56.369039999992765
M.MOV,121,M,True,B,0.5515973567962646,False,B,False,False,False,True,14.101453000023412,0.0071079999770518,0.4895590000160155,42.584775000023,0.0182869999889589,57.20118200002844
M.MOV,122,M,True,B,0.5752288103103638,False,B,False,False,False,True,14.211753999973098,0.0067550000721894,0.4907500000399523,41.96447899994382,0.0217629999497148,56.695500999978776
M.MOV,123,M,True,B,0.6796022653579712,False,B,False,False,False,True,14.240950999976576,0.0090029999455509,0.7965849999891361,46.14089500000773,0.0246109999579857,61.21204499987698
M.MOV,124,M,True,B,0.7250023484230042,False,B,False,False,False,True,14.17223800001466,0.0149309998960234,0.5521580000049653,43.09025600002769,0.0224850000449805,57.85206799998832
M.MOV,125,M,True,B,0.6318708062171936,False,B,False,False,False,True,14.058220999970672,0.0060910000456715,0.9058699999968668,42.79696799994781,0.0231120000080409,57.79026199996906
M.MOV,126,M,True,B,0.4619129598140716,False,B,False,False,False,True,14.066524999975629,0.0078010000379435,0.9393759999056784,43.50178799995774,0.020129000063207,58.5356189999402
M.MOV,127,M,True,A,0.3720483779907226,False,A,False,False,False,True,13.941624999972646,0.0070029999506004,0.7739080000419563,44.82438499996988,0.0202909999416078,59.56721199987669
M.MOV,128,M,True,A,0.4084791243076324,False,A,False,False,False,True,13.995915999998942,0.0060569999504878,0.8224160000054326,42.50725899998997,0.0196250000499276,57.35127299999476
M.MOV,129,M,True,A,0.4016094505786896,False,A,False,False,False,True,14.255713000011385,0.0073209999982282,0.8556540000199675,43.799251999985245,0.0199559999600751,58.9378959999749
M.MOV,130,M,True,A,0.4576344192028045,False,A,False,False,False,True,14.246115999981155,0.0067390000140221,0.8190920000288315,43.38710199999696,0.0201400000605644,58.47918900008153
M.MOV,131,M,True,A,0.4769721925258636,False,A,False,False,False,True,14.037135000023682,0.0072019998924588,0.5021939999778624,43.36374000001797,0.0216399999999339,57.93191099991191
M.MOV,132,M,True,A,0.4748027920722961,False,A,False,False,False,True,13.982141999974829,0.006263000045692,0.4936190000535134,42.779099999961545,0.0224660000185394,57.28359000005412
M.MOV,133,M,True,A,0.4672570526599884,False,A,False,False,False,True,14.008210000042707,0.0070290000167005,0.504915000078654,43.75609499993516,0.0228139999762788,58.2990630000495
M.MOV,134,M,True,A,0.472044438123703,False,A,False,False,False,True,13.959915999976149,0.0079399999322049,0.5082919999495061,45.64984800003913,0.0253650000558991,60.151360999952885
M.MOV,135,M,True,A,0.4192608892917633,False,A,False,False,False,True,13.974281000002977,0.0073890000749088,0.7070190000604271,43.07290700000976,0.0336049999987153,57.79520100014679
M.MOV,136,M,True,A,0.4719558656215668,False,A,False,False,False,True,13.915528999973503,0.0071179999849846,0.488840999992135,42.62918899996748,0.0237460000107603,57.06442299992887
M.MOV,137,M,True,B,0.393263429403305,False,B,False,False,False,True,14.217368999993596,0.0069809999558856,0.4889619999630668,42.99253600004249,0.0218720000475514,57.72772000000259
M.MOV,138,M,True,B,0.3916177749633789,False,B,False,False,False,True,14.003581999986636,0.0062200000456869,0.8007939999288283,43.31813900000725,0.0183309999783887,58.14706599994679
M.MOV,139,M,True,B,0.5273195505142212,False,B,False,False,False,True,13.955506999991483,0.0050439999768059,0.783022000064193,41.79140000007919,0.0178450000021257,56.5528180001138
M.MOV,140,M,True,B,0.6156184673309326,False,B,False,False,False,True,13.944976000004772,0.0049699999635777,0.7512020000604025,41.8208890000642,0.0191509999467598,56.54118800003971
M.MOV,141,M,True,B,0.670950174331665,False,B,False,False,False,True,13.908158000049298,0.0063070000351217,0.7707199999913428,42.78657600002589,0.0186750000921165,57.49043600019377
M.MOV,142,M,True,B,0.6996461153030396,False,B,False,False,False,True,14.172298999994837,0.0057739999874684,0.8073640000247906,41.66048300010061,0.0170419999676596,56.66296200007537
M.MOV,143,M,True,B,0.6169697046279907,False,B,False,False,False,True,13.79381399999602,0.0063979999822549,0.892149999913272,46.33145000002514,0.0204219999204724,61.04423399983716
N.MOV,0,N,True,A,0.7189986705780029,False,A,False,False,False,True,15.19698099997413,0.0091570000222418,0.5245319999858111,43.059722999942096,0.0225269999418742,58.81291999986615
N.MOV,1,N,True,A,0.6625671982765198,False,A,False,False,False,True,14.220598000008522,0.0080799999295777,0.5853979999983494,44.03267500003949,0.0219339999603107,58.86868499993625
N.MOV,2,N,True,A,0.7572285532951355,False,A,False,False,False,True,14.08893400002853,0.0078710000934734,0.5036889999701089,42.02826100004131,0.0216860000818996,56.65044100021533
N.MOV,3,N,True,A,0.7972956299781799,False,A,False,False,False,True,14.065501000004588,0.0057920000244848,0.7855930000459921,42.75686999994832,0.0192290000313732,57.63298500005476
N.MOV,4,N,True,A,0.8399088382720947,False,A,False,False,False,True,15.124817000014446,0.0056090000271069,0.8029490001035811,41.65909100004228,0.0198579999732828,57.6123240001607
N.MOV,5,N,True,A,0.730135977268219,False,A,False,False,False,True,14.768500000002405,0.0080879999586613,0.8254010000428025,42.83015099997556,0.0196619999996983,58.451801999979125
N.MOV,6,N,True,A,0.6765562891960144,False,A,False,False,False,True,13.952593999988494,0.0081860000591404,0.8136810000678452,43.0047329999752,0.0206769999522293,57.79987100004291
N.MOV,7,N,True,A,0.6299181580543518,False,A,False,False,False,True,14.029327000002922,0.0074949999770979,0.8747279999852253,43.28371700000844,0.0198740000314501,58.21514100000513
N.MOV,8,N,True,A,0.7038117051124573,False,A,False,False,False,True,14.285450999977911,0.0077749999718434,0.7952690000365692,44.55023100001654,0.0200539999468674,59.65877999994973
N.MOV,9,N,True,A,0.7911460399627686,False,A,False,False,False,True,13.9335740000206,0.0081549999322305,0.9374889999662628,46.64000499997201,0.0211550000130955,61.540377999904194
N.MOV,10,N,True,A,0.8390101194381714,False,A,False,False,False,True,13.979195000047184,0.0078670000220881,0.7405949999110817,43.36121799997272,0.0201739999283745,58.10904899988145
N.MOV,11,N,True,A,0.8657569289207458,False,A,False,False,False,True,14.252008000028129,0.0071880000405144,0.5141849999290571,41.91755299996203,0.020983000013075,56.7119169999728
N.MOV,12,N,True,A,0.8692067265510559,False,A,False,False,False,True,14.313456999957452,0.0067989999479323,0.7360170000083599,43.54597100007141,0.0191730000551615,58.62141700004031
N.MOV,13,N,True,A,0.8495021462440491,False,A,False,False,False,True,14.223022999999555,0.0065709999717,0.781004000032226,43.09931599993888,0.0200430000631968,58.12995700000556
N.MOV,14,N,True,A,0.8294271230697632,False,A,False,False,False,True,14.066200000002029,0.0057199999901058,0.7381269999768847,43.23852000004536,0.0213679999205851,58.06993499993496
N.MOV,15,N,True,A,0.8077012300491333,False,A,False,False,False,True,14.182066999978815,0.0087509999957546,0.8232180000504741,44.54985500001385,0.0229739999895173,59.58686500002841
N.MOV,16,N,True,A,0.7919723987579346,False,A,False,False,False,True,14.276640999980827,0.0083620000168593,0.7985629999893717,43.68570500002989,0.0196349999441736,58.78890599996112
N.MOV,17,N,True,A,0.7986283898353577,False,A,False,False,False,True,14.323540000020785,0.0073459999612168,0.868143000047894,43.43896599993968,0.0204909999865776,58.65848599995616
N.MOV,18,N,True,A,0.7205727100372314,False,A,False,False,False,True,14.19684600000437,0.0096750000011525,0.8126960000254257,44.33864099996754,0.020692000020972,59.37855000001946
N.MOV,19,N,True,A,0.6648270487785339,False,A,False,False,False,True,13.937772000019775,0.0087800000301285,0.7994290000397086,43.60439900005986,0.0206409999918832,58.37102100014136
N.MOV,20,N,True,A,0.6351678967475891,False,A,False,False,False,True,14.181270999984008,0.0079550000009476,0.8018930000162072,43.6198190000141,0.019734999909815,58.63067299992508
N.MOV,21,N,True,A,0.542026698589325,False,A,False,False,False,True,14.238073999990776,0.0069239999902492,0.7513660000313394,42.97665399997186,0.0198730000420255,57.99289100002625
N.MOV,22,N,True,nothing,0.520992636680603,False,nothing,False,False,False,True,14.132078999978148,0.0066730000298775,0.5463329999884081,43.00317999991421,0.0218470000845627,57.710111999995206
N.MOV,23,N,True,nothing,0.5933454632759094,False,nothing,False,False,False,True,14.122726000039163,0.0068219999320717,0.4886009999154339,43.07081100000687,0.0211919999628662,57.71015199985641
N.MOV,24,N,True,A,0.6001648902893066,False,A,False,False,False,True,14.007492000018829,0.0067050000325252,0.5590600000004997,43.05696100004752,0.0217770000290329,57.65199500012841
N.MOV,25,N,True,A,0.5117143988609314,False,A,False,False,False,True,13.997356000004402,0.0075689999903261,0.4933110000138185,43.59448699995028,0.0219869999682487,58.11470999992707
N.MOV,26,N,True,A,0.6066613793373108,False,A,False,False,False,True,14.23708199996554,0.0059039999769083,0.5369510000718947,42.24454900008823,0.021048000007795,57.045534000110365
N.MOV,27,N,True,A,0.5768336653709412,False,A,False,False,False,True,13.94456100001662,0.0070739999955549,0.4790350000121179,43.3475529999896,0.0425419999601217,57.82076499997402
N.MOV,28,N,True,A,0.4966944456100464,False,A,False,False,False,True,14.194142000008014,0.0058950000720869,0.4708579999714857,43.72882499990283,0.0222229999735645,58.42194299992798
N.MOV,29,N,True,nothing,0.508685290813446,False,nothing,False,False,False,True,14.611608999985036,0.0093520000064017,0.5499590000681565,45.00052100001994,0.0253210000664694,60.19676200014601
N.MOV,30,N,True,nothing,0.5837617516517639,False,nothing,False,False,False,True,14.03568399996402,0.0083840000115742,0.5090719999998328,44.82079599995359,0.0236859999631633,59.39762199989218
N.MOV,31,N,True,nothing,0.5474839210510254,False,nothing,False,False,False,True,14.153643000042848,0.0077030000511513,0.5114840000715049,44.21091799997612,0.0381079998987843,58.92185600004041
N.MOV,32,N,True,A,0.5095539093017578,False,A,False,False,False,True,14.171304999990753,0.0083979999772054,0.5120629999737503,42.49614200000451,0.0228659999947922,57.21077399994101
N.MOV,33,N,True,A,0.5303233861923218,False,A,False,False,False,True,14.342075999991266,0.0203320000764506,0.6642460000421124,47.471198000039294,0.0223760000608308,62.520228000209954
N.MOV,34,N,True,nothing,0.5372233986854553,False,nothing,False,False,False,True,14.34389899998223,0.006631000019297,0.5299279999917417,42.78183399992486,0.0214870000263545,57.68377899994448
N.MOV,35,N,True,nothing,0.587630033493042,False,nothing,False,False,False,True,14.080471999989186,0.0079020001066965,0.5643250000275657,42.60938100003386,0.0228539998943233,57.28493400005164
N.MOV,36,N,True,A,0.5311998128890991,False,A,False,False,False,True,13.998419000017748,0.0116830000251866,0.7302879999997458,55.67498499999601,0.0233309999657649,70.43870600000446
N.MOV,37,N,True,A,0.7003196477890015,False,A,False,False,False,True,13.981809000028989,0.006837999990239,0.7457729999487128,42.46906100001979,0.0227880000238656,57.2262690000116
N.MOV,38,N,True,A,0.7889266610145569,False,A,False,False,False,True,14.033423000000766,0.0186539999731394,0.5006850000199847,42.611805999968055,0.0191950000498764,57.18376300001182
N.MOV,39,N,True,A,0.7748691439628601,False,A,False,False,False,True,14.136930000006489,0.006352000013976,0.471586000003299,42.13893600001484,0.0224330000264671,56.776237000065066
N.MOV,40,N,True,A,0.796486496925354,False,A,False,False,False,True,13.945383000020684,0.0080099999877347,0.8015319999685744,44.11577799999122,0.0193070000022999,58.89000999997052
N.MOV,41,N,True,A,0.9109821915626526,False,A,False,False,False,True,14.065307000009852,0.0076380000564313,0.7711829999834663,43.95157800001925,0.0206470000421177,58.81635300011112
N.MOV,42,N,True,A,0.9133703708648682,False,A,False,False,False,True,13.954366000007212,0.0077440000723072,0.8329820000199106,43.594783999992615,0.0199859999838736,58.40986200007592
N.MOV,43,N,True,A,0.9079747200012208,False,A,False,False,False,True,14.109082999993916,0.0061470000218832,0.7455960000015693,42.06101199997647,0.0201299999389448,56.94196799993279
N.MOV,44,N,True,A,0.8804969191551208,False,A,False,False,False,True,14.25183300000299,0.0085570000010193,0.8250889999317224,45.25592799996048,0.0205699999469288,60.36197699984314
N.MOV,45,N,True,A,0.8982253074645996,False,A,False,False,False,True,14.1781519999995,0.0090860000909742,0.4919609999660679,43.50029799991262,0.0202319999971223,58.19972899996628
N.MOV,46,N,True,A,0.8959558606147766,False,A,False,False,False,True,14.006262000009428,0.0082560000009834,0.4863249999971231,43.41635700006918,0.0520869999718343,57.96928700004855
N.MOV,47,N,True,A,0.938730537891388,False,A,False,False,False,True,13.911599000039132,0.0075169999718127,0.9055040000021108,44.37584499999048,0.0194589999864547,59.21992399998999
N.MOV,48,N,True,A,0.9434460401535034,False,A,False,False,False,True,13.980569000011656,0.0064849999716898,0.8399509999890142,42.72927299996354,0.0190279999969789,57.57530599993288
N.MOV,49,N,True,A,0.9502488970756532,False,A,False,False,False,True,14.012018000016724,0.0074670000458354,0.537356999984695,43.35123399994245,0.0193900000340363,57.92746600002374
N.MOV,50,N,True,A,0.937895655632019,False,A,False,False,False,True,14.09172500001432,0.0070749999849795,0.5439469999828361,42.46915600003831,0.0193260000287409,57.13122900004919
N.MOV,51,N,True,A,0.9512029886245728,False,A,False,False,False,True,14.436912999997276,0.0075670000114769,0.5020009999725517,47.16746899998725,0.020780999989256,62.13473099995781
N.MOV,52,N,True,A,0.951039731502533,False,A,False,False,False,True,14.032924999980878,0.0063869999848975,0.5360239999845362,44.63378799994189,0.0206280000156766,59.22975199990788
N.MOV,53,N,True,A,0.9394477605819702,False,A,False,False,False,True,13.963939999996455,0.0080739999930301,0.7591659999661715,42.93781500007299,0.0199590000420357,57.68895400007068
N.MOV,54,N,True,A,0.8881595134735107,False,A,False,False,False,True,14.179153999975824,0.0066779999770005,0.7953379999889876,42.35746599999857,0.0191610000683795,57.35779700000876
N.MOV,55,N,True,A,0.9102350473403932,False,A,False,False,False,True,13.850951999984318,0.0066559999822857,0.8267029999160513,42.45476200003395,0.0185439999995651,57.15761699991617
N.MOV,56,N,True,A,0.9331835508346558,False,A,False,False,False,True,13.914477000014358,0.0057280000191894,0.7348970000293775,42.57740699995338,0.0242849999949612,57.25679400001127
N.MOV,57,N,True,A,0.9293925762176514,False,A,False,False,False,True,14.057411000010234,0.0053889999662715,0.7207800000514908,43.68133499997384,0.0183260000312657,58.483241000033104
N.MOV,58,N,True,A,0.9106972217559814,False,A,False,False,False,True,14.186862000030942,0.0062430000298263,0.7504399999334055,42.75704999997743,0.0171789999967586,57.71777399996836
N.MOV,59,N,True,A,0.871055543422699,False,A,False,False,False,True,13.866689999986193,0.006893000090713,0.4876379999814162,42.90030799995748,0.0208229999998366,57.28235200001564
N.MOV,60,N,True,A,0.8435066938400269,False,A,False,False,False,True,14.063270999997712,0.0068199999532225,0.7510619999493429,42.59761000002982,0.0196160000314193,57.43837899996152
N.MOV,61,N,True,A,0.8767438530921936,False,A,False,False,False,True,14.06891499999574,0.0062860000298314,0.4709730000058698,42.94079099997816,0.0186560000656754,57.50562100007528
N.MOV,62,N,True,A,0.84269118309021,False,A,False,False,False,True,13.865355000007185,0.0075369999876784,0.7597410000244054,43.32100899989655,0.0186389999043967,57.97228099982021
N.MOV,63,N,True,A,0.8235390186309814,False,A,False,False,False,True,13.897014999997737,0.0079929999401429,0.7855149999613786,42.749736000018856,0.0202339999759715,57.460492999894086
N.MOV,64,N,True,A,0.8538628220558167,False,A,False,False,False,True,13.950040999986868,0.0074130000484728,0.7965720000129295,42.42474599993784,0.0207729999601724,57.19954499994628
N.MOV,65,N,True,A,0.7809751033782959,False,A,False,False,False,True,13.9497449999908,0.0066499999320512,0.7671399999935602,41.60643600005187,0.0189139999520193,56.3488849999203
N.MOV,66,N,True,A,0.6380095481872559,False,A,False,False,False,True,13.897229999997762,0.0068550000378309,0.4587640000863757,41.80364299998018,0.0214679999999134,56.18796000010207
N.MOV,67,N,True,A,0.580763041973114,False,A,False,False,False,True,13.835256999982448,0.0056300000323972,0.4616669999677469,41.87012800002776,0.0209510000104273,56.19363300002078
N.MOV,68,N,True,A,0.5468214154243469,False,A,False,False,False,True,14.171067999996012,0.0056660001064301,0.4815730000018448,42.50116599996545,0.0214949999417513,57.18096800001149
N.MOV,69,N,True,A,0.6921848654747009,False,A,False,False,False,True,13.968063999982403,0.0061469999081964,0.5317459999787388,42.21370699997351,0.0211980000131006,56.74086199985595
N.MOV,70,N,True,A,0.7474449276924133,False,A,False,False,False,True,13.869071999977225,0.0139200000148775,0.4969459999983883,42.1456679999892,0.0218549999999595,56.54746099997965
N.MOV,71,N,True,A,0.6929813623428345,False,A,False,False,False,True,14.394765999952597,0.0061509999795816,0.4832309999756035,42.43301500002872,0.0219979999656061,57.339160999902106
N.MOV,72,N,True,A,0.6521024703979492,False,A,False,False,False,True,13.996582999993734,0.005798999950457,0.49783400004344,42.29122299989285,0.0212329999840221,56.812671999864506
N.MOV,73,N,True,A,0.7153232097625732,False,A,False,False,False,True,14.018252000028042,0.0069539999003609,0.7852700000512414,46.39155700010633,0.0204379999786397,61.222471000064616
N.MOV,74,N,True,A,0.7366827726364136,False,A,False,False,False,True,15.184266000005664,0.0098659999139272,0.799283999981526,43.25296599995454,0.0324620000355935,59.27884399989125
N.MOV,75,N,True,A,0.7381676435470581,False,A,False,False,False,True,14.489214999969136,0.0058040000112669,0.7735860000366301,43.0272739999964,0.0192250000736748,58.3151040000871
N.MOV,76,N,True,A,0.6837635636329651,False,A,False,False,False,True,13.91971900000044,0.006405000021914,0.4970039999534492,42.19842300005894,0.0221269999656215,56.64367800000037
N.MOV,77,N,True,A,0.6545396447181702,False,A,False,False,False,True,14.127826999981608,0.0071020000405042,0.7546999999021864,44.0602390000322,0.0195000000076106,58.969367999964106
N.MOV,78,N,True,A,0.6039993166923523,False,A,False,False,False,True,14.149433000000045,0.0063879999743221,0.7599250000112079,43.4998190000897,0.0189380000392702,58.43450300011455
N.MOV,79,N,True,A,0.6196611523628235,False,A,False,False,False,True,14.033893000032547,0.0068840000722047,0.775885999928505,43.765140000004976,0.0197209999441838,58.60152399998242
N.MOV,80,N,True,A,0.6536819338798523,False,A,False,False,False,True,13.917007999964426,0.0076920000537938,0.8010440000134622,43.37604800002737,0.0185340001053191,58.12032600016437
N.MOV,81,N,True,A,0.6147703528404236,False,A,False,False,False,True,14.228972000012163,0.0063899999531713,0.4800020000175209,42.98541999992267,0.0220080000872258,57.72279199999275
N.MOV,82,N,True,A,0.7110896110534668,False,A,False,False,False,True,14.214116000005106,0.0069070000563442,0.4909660000294025,43.17532400000346,0.0221139999894148,57.90942700008373
N.MOV,83,N,True,A,0.7169883847236633,False,A,False,False,False,True,14.547429999993255,0.0067529999796533,0.5238899999540081,42.99970200008829,0.0231860000212691,58.10096100003648
N.MOV,84,N,True,A,0.7156527042388916,False,A,False,False,False,True,14.039459999992232,0.0059340000007068,0.4800960000466148,45.128036000051,0.0323900000012145,59.685916000091765
N.MOV,85,N,True,A,0.7244899272918701,False,A,False,False,False,True,14.035417000002326,0.006332999987535,0.484821999975793,42.760482999938176,0.0216480000290175,57.30870299993285
N.MOV,86,N,True,A,0.8525835871696472,False,A,False,False,False,True,14.02458199999046,0.0061069999901519,0.4830269999729353,43.220995000069706,0.0237799999922572,57.75849100001551
N.MOV,87,N,True,A,0.8731549382209778,False,A,False,False,False,True,13.95711999998639,0.0066679999690677,0.4952309999453064,43.40566799999124,0.0217770000290329,57.88646399992104
N.MOV,88,N,True,A,0.9037015438079834,False,A,False,False,False,True,13.893300999995972,0.0057190000006812,0.476045000027625,43.9090339999666,0.0221410000449395,58.30624000003581
N.MOV,89,N,True,A,0.937289834022522,False,A,False,False,False,True,13.921662000029755,0.0061279999954422,0.551276000010148,44.30785499994272,0.0225090000185446,58.80942999999661
N.MOV,90,N,True,A,0.9407517313957214,False,A,False,False,False,True,14.168533999963984,0.00577000002977,0.5159449999609933,42.95449699998244,0.0376209999330967,57.68236699987028
N.MOV,91,N,True,A,0.9447594285011292,False,A,False,False,False,True,13.946678000024804,0.006133000056252,0.5058259999941583,42.68424400004278,0.0227640000503015,57.1656450001683
N.MOV,92,N,True,A,0.972973644733429,False,A,False,False,False,True,14.04482300000609,0.0065529999346836,0.7889130000648947,42.09585400008109,0.0186110000868211,56.95475400017358
N.MOV,93,N,True,A,0.9706263542175292,False,A,False,False,False,True,14.119220999987192,0.0068130000272503,0.7720300000073621,42.10566200003996,0.0194849999388679,57.02321100000063
N.MOV,94,N,True,A,0.9580854177474976,False,A,False,False,False,True,13.92054199999393,0.0057529999821781,0.8197719999998299,43.05655400003161,0.0188819999493716,57.82150299995692
N.MOV,95,N,True,A,0.9670148491859436,False,A,False,False,False,True,14.04725499997994,0.0065929999664149,0.8086510000566705,44.6815919999608,0.0208349999866186,59.56492599995045
N.MOV,96,N,True,A,0.9735170006752014,False,A,False,False,False,True,14.032146999966244,0.006898000037836,0.854572999969605,42.59238900010587,0.01808499996514,57.50409200004469
N.MOV,97,N,True,A,0.9653586149215698,False,A,False,False,False,True,14.230522999980622,0.0060260000509515,0.7992469999180685,41.697780000049534,0.0191450000102122,56.75272100000939
N.MOV,98,N,True,A,0.9559557437896729,False,A,False,False,False,True,14.13610399998788,0.0079100000220933,0.8298939999349386,43.09860199998639,0.0194460000102481,58.09195599994155
N.MOV,99,N,True,A,0.9740773439407348,False,A,False,False,False,True,14.30303299997604,0.0081019999242926,0.7993519999445198,47.255728999971325,0.0373110000282395,62.403526999844416
N.MOV,100,N,True,A,0.9716491103172302,False,A,False,False,False,True,14.499326999953157,0.0065819999690575,0.6077950000644705,43.423111999914,0.0218630000290431,58.558678999929725
N.MOV,101,N,True,A,0.9810116291046144,False,A,False,False,False,True,14.106375999972444,0.0062400000615525,0.5562640000107422,43.93777600000704,0.0198679999812156,58.62652400003299
N.MOV,102,N,True,A,0.9824885129928588,False,A,False,False,False,True,14.410295999994103,0.006291999966379,0.784992000035345,43.93416899995373,0.0203440000632326,59.15609300001279
N.MOV,103,N,True,A,0.9843558669090272,False,A,False,False,False,True,14.256630999966546,0.0059999999848514,0.7735140000022511,43.87156199993569,0.0207699999918986,58.92847699988124
N.MOV,104,N,True,A,0.9792497754096984,False,A,False,False,False,True,14.194913999972414,0.0087650000750727,0.6199370000103954,43.80203300001995,0.02167599996028,58.64732500003811
N.MOV,105,N,True,A,0.9808688163757324,False,A,False,False,False,True,14.294109999980265,0.0069220000114,0.8055219999505425,43.73814399991716,0.0190199999678952,58.86371799982726
N.MOV,106,N,True,A,0.9708605408668518,False,A,False,False,False,True,14.07577900005208,0.007621999998264,0.8234110000557848,45.55179700003009,0.0208079999310939,60.47941700006732
N.MOV,107,N,True,A,0.97713702917099,False,A,False,False,False,True,13.964683999972747,0.0074889999268634,0.5135200000268014,43.352266999932,0.0198080000473055,57.85776799990572
N.MOV,108,N,True,A,0.9737004041671752,False,A,False,False,False,True,13.90042100001665,0.0058400000852998,0.7655470000145215,41.934830999935,0.023227000042425,56.6298660000939
N.MOV,109,N,True,A,0.9734166860580444,False,A,False,False,False,True,14.026694999984102,0.0078110000458764,0.8431360000713539,43.39592600001652,0.0204479999865725,58.29401600010442
N.MOV,110,N,True,A,0.9732296466827391,False,A,False,False,False,True,14.127243000018552,0.0076000000035492,0.8132299999488168,42.85051700003351,0.0195459999758895,57.81813599998031
N.MOV,111,N,True,A,0.9752179980278016,False,A,False,False,False,True,13.92542799999319,0.006489000043075,0.8150889999569699,43.55968799995935,0.0601780000124563,58.36687199996504
N.MOV,112,N,True,A,0.9727454781532288,False,A,False,False,False,True,14.13761600002772,0.0060300000086499,0.7910780000202067,43.06505900001412,0.0290219999214969,58.02880499999219
N.MOV,113,N,True,A,0.979375958442688,False,A,False,False,False,True,13.96966900000507,0.0062639999214297,0.7950929999651635,42.80009500007509,0.022038999986762,57.59315999995352
N.MOV,114,N,True,A,0.9767852425575256,False,A,False,False,False,True,13.980301999993117,0.0064679999240979,0.7753940000156945,43.72412899999745,0.0242769999658776,58.51056999989624
N.MOV,115,N,True,A,0.9712702035903932,False,A,False,False,False,True,13.93341400000736,0.0060070000245104,0.7818419999239268,42.72893799998201,0.0212150000606925,57.4714159999985
N.MOV,116,N,True,A,0.9604983329772948,False,A,False,False,False,True,14.05728800000361,0.0066200000219396,0.8488170000191531,43.169603000023926,0.0208720000500761,58.103200000118704
N.MOV,117,N,True,A,0.9511512517929076,False,A,False,False,False,True,13.985976000014944,0.0076669999771183,0.8164269999042517,45.22382499999367,0.0239450000663055,60.057839999956286
N.MOV,118,N,True,A,0.9357777237892152,False,A,False,False,False,True,14.10200300000497,0.0081449999242977,0.8262820000481952,46.70237800007726,0.0211640000316037,61.65997200008633
N.MOV,119,N,True,A,0.938052535057068,False,A,False,False,False,True,13.963690000025508,0.0059870000086448,0.7821589999821299,42.88526200002707,0.0193509999917296,57.65644900003508
N.MOV,120,N,True,A,0.9528152942657472,False,A,False,False,False,True,14.11379799998258,0.0081099999533762,0.7166780000034123,43.11528200003068,0.0191540000287204,57.97302199999877
N.MOV,121,N,True,A,0.9632534384727478,False,A,False,False,False,True,15.015129000005343,0.0067029999399892,0.771922000012637,42.89594599993052,0.0191780000022845,58.70887799989077
N.MOV,122,N,True,A,0.9659557342529296,False,A,False,False,False,True,13.899287000015192,0.0091970000539731,0.8435260000396738,43.42305199998009,0.0223000000687534,58.19736200015768
N.MOV,123,N,True,A,0.9615273475646972,False,A,False,False,False,True,13.987383999960912,0.0078509999639209,0.8425110000871427,44.06245699999545,0.0223499999947307,58.92255300000216
N.MOV,124,N,True,A,0.9565695524215698,False,A,False,False,False,True,14.04460899999549,0.0489340000058291,0.8329769999591008,42.93442400000913,0.0219340000739975,57.88287800004355
N.MOV,125,N,True,A,0.9465221166610718,False,A,False,False,False,True,13.991707000002409,0.0068479999981718,0.7967180000605367,42.43930600000567,0.0195749998965766,57.25415399996336
N.MOV,126,N,True,A,0.952839970588684,False,A,False,False,False,True,14.28343599997106,0.0062340000113181,0.8219999999710126,42.323718000034205,0.0195439999970403,57.45493199998464
N.MOV,127,N,True,A,0.9657171368598938,False,A,False,False,False,True,14.155340999991497,0.0074440000616959,0.8079760000327951,42.77606300001935,0.0360720000571745,57.78289600016251
N.MOV,128,N,True,A,0.9689499735832214,False,A,False,False,False,True,14.09791599996879,0.0062769998976364,0.7812389999344305,42.9446560000315,0.0205819999337109,57.85066999976607
N.MOV,129,N,True,A,0.9775999188423156,False,A,False,False,False,True,14.008908999983303,0.0088110000433516,0.8878449999656368,43.96592300008706,0.0212539999893124,58.892742000068665
N.MOV,130,N,True,A,0.9728742241859436,False,A,False,False,False,True,14.607794000028209,0.0072139999929277,0.8128609999857872,43.14855200004786,0.0202249999574632,58.59664600001224
N.MOV,131,N,True,A,0.969626784324646,False,A,False,False,False,True,14.144665000003442,0.0078620000749651,0.9523040000658513,42.74871299992356,0.0202380000473567,57.87378200011517
N.MOV,132,N,True,A,0.9712679386138916,False,A,False,False,False,True,14.135665000026163,0.0069120000034672,0.7640940000328555,42.01019100003123,0.0208860000157073,56.93774800010942
N.MOV,133,N,True,A,0.9760100245475768,False,A,False,False,False,True,14.128632999984347,0.0053850000085731,0.8329900000489943,42.36067399995136,0.0192500000366635,57.34693200002994
N.MOV,134,N,True,A,0.9774270057678224,False,A,False,False,False,True,13.956360999998196,0.0057979999610324,0.7890379999935249,42.60636899994097,0.0194420000525497,57.37700799994627
O.MOV,0,O,True,Z,0.5534603595733643,False,Z,False,False,False,True,14.208549999978004,0.0093919999244462,0.8645249999972293,43.185689999972965,0.020054999936292,58.28821199980894
O.MOV,1,O,True,Z,0.5854417681694031,False,Z,False,False,False,True,14.074909999976626,0.0093410000090443,0.8587239999542362,44.37531600001421,0.0234550000186573,59.34174599997277
O.MOV,2,O,True,Z,0.6691460013389587,False,Z,False,False,False,True,15.243435000002137,0.0079960000221035,0.8523719999402601,43.86994499998309,0.0228450001031887,59.99659300005078
O.MOV,3,O,True,Z,0.6592365503311157,False,Z,False,False,False,True,14.024134000010235,0.0079630000300312,0.8151029999226012,41.93171800000073,0.0181959999281389,56.797113999891735
O.MOV,4,O,True,Z,0.644504189491272,False,Z,False,False,False,True,14.071952999984203,0.0067189999981565,0.876462999940486,44.22595799996998,0.0237689999948997,59.204861999887726
O.MOV,5,O,True,Z,0.5534155368804932,False,Z,False,False,False,True,13.993912000046294,0.0086469999587279,0.8176520000233722,42.99247899996317,0.0283919999901627,57.841081999981725
O.MOV,6,O,True,delete,0.5657784938812256,False,delete,False,False,False,True,15.041125000038846,0.0073079999083347,0.846135000074355,43.37210799997138,0.0249219999659544,59.29159799995887
O.MOV,7,O,True,delete,0.6578288674354553,False,delete,False,False,False,True,14.248502000043572,0.0066170000536658,0.8154240000521895,43.44485100000384,0.023296999984268,58.53869100013753
O.MOV,8,O,True,delete,0.6420162916183472,False,delete,False,False,False,True,13.925825999990591,0.0065200000562981,0.8139130000017758,43.136727999922186,0.0226220000740795,57.90560900004493
O.MOV,9,O,True,delete,0.729326605796814,False,delete,False,False,False,True,13.923765000015464,0.0061830000959162,0.7850020000432778,43.25967199997649,0.0219760000845781,57.99659800021573
O.MOV,10,O,True,delete,0.6080827713012695,False,delete,False,False,False,True,14.017727000009472,0.0063210000007529,0.7929289999992761,43.00994699997318,0.0231400000529902,57.85006400003567
O.MOV,11,O,True,delete,0.6643868088722229,False,delete,False,False,False,True,13.848386000006483,0.0084120000565235,0.8168040000100518,43.1839459999992,0.0234259999842834,57.88097400005654
O.MOV,12,O,True,delete,0.6287522912025452,False,delete,False,False,False,True,13.90982699996357,0.0069699999585282,0.8068180000009306,42.23258800004714,0.0214359999972657,56.97763899996744
O.MOV,13,O,True,delete,0.7258809804916382,False,delete,False,False,False,True,13.924314000007598,0.0061839999716539,0.8056980000219482,42.792164000047705,0.0231399999393033,57.55149999998821
O.MOV,14,O,True,delete,0.796657145023346,False,delete,False,False,False,True,14.259806000040951,0.0085420000459635,0.7957010000154696,42.87783600000239,0.0217289999682179,57.963614000072994
O.MOV,15,O,True,delete,0.8786530494689941,False,delete,False,False,False,True,13.900897999974404,0.0070149999373825,0.8355460000757375,42.38651200000732,0.0232939999023074,57.15326499989715
O.MOV,16,O,True,delete,0.8208022713661194,False,delete,False,False,False,True,14.00538199999346,0.007658000072297,0.7975239999495898,43.18089299999883,0.0208569999813335,58.01231399999551
O.MOV,17,O,True,delete,0.8493275046348572,False,delete,False,False,False,True,14.072103999978935,0.0091739999561468,0.8255479999661475,44.86433400006717,0.0245989999712037,59.79575899993961
O.MOV,18,O,True,delete,0.7558433413505554,False,delete,False,False,False,True,14.048311000010472,0.0071480000087831,0.7916170000044076,43.35898199997246,0.0233130000424353,58.22937100003856
O.MOV,19,O,True,delete,0.7990513443946838,False,delete,False,False,False,True,13.956669999970472,0.0070280000272759,0.8042550000482152,44.33723300007841,0.0223100000766862,59.12749600020106
O.MOV,20,O,True,delete,0.7316983342170715,False,delete,False,False,False,True,13.983965000022636,0.0156840000045122,0.8017269999527343,45.44851499997549,0.024971000016194,60.27486199997156
O.MOV,21,O,True,delete,0.8237845301628113,False,delete,False,False,False,True,14.030131000026811,0.0094569999191662,0.8292759999903865,45.06686299998819,0.0305450000723794,59.96627199999693
O.MOV,22,O,True,delete,0.8519250750541687,False,delete,False,False,False,True,13.975232000007054,0.0076180000405656,0.8470060000718149,43.48745400000098,0.0221990000000005,58.339509000120415
O.MOV,23,O,True,delete,0.833990216255188,False,delete,False,False,False,True,14.173349999964556,0.0074440000616959,0.8431280000422703,43.75138299997161,0.0236779999340797,58.79898299997421
O.MOV,24,O,True,delete,0.7748356461524963,False,delete,False,False,False,True,14.012528999955975,0.007682000045861,0.8910340000056749,45.55870399997275,0.0230929999815998,60.49304199996186
O.MOV,25,O,True,delete,0.8712297081947327,False,delete,False,False,False,True,14.215151000030346,0.007610000011482,0.8475130000533682,43.89166400005706,0.0228440000000773,58.984782000152336
O.MOV,26,O,True,delete,0.8755152821540833,False,delete,False,False,False,True,14.209766000021771,0.0087879999455253,0.8362780000652492,42.85162700000456,0.0189460000683538,57.92540500010546
O.MOV,27,O,True,delete,0.7471614480018616,False,delete,False,False,False,True,14.165353999999295,0.0070559999585384,0.8383240000284786,42.74062499996489,0.0215489999391138,57.77290799989032
O.MOV,28,O,True,delete,0.7439793944358826,False,delete,False,False,False,True,14.114185999972053,0.0076600000511461,0.8138720000943067,43.28159800002141,0.0224000000343949,58.2397160001733
O.MOV,29,O,True,delete,0.812774658203125,False,delete,False,False,False,True,14.19573600003332,0.0062299999399328,0.8179610000524917,42.939561000025606,0.0212859999919601,57.98077400004331
O.MOV,30,O,True,delete,0.6084082126617432,False,delete,False,False,False,True,14.208664000022964,0.006073000008655,0.7994589999498203,42.3954139999978,0.0219140000581319,57.43152400003737
O.MOV,31,O,True,delete,0.5047861337661743,False,delete,False,False,False,True,14.09722599998986,0.0076500000432133,0.8336920000147074,43.97219399993446,0.0212649999866698,58.93202699996891
O.MOV,32,O,True,Z,0.6234533190727234,False,Z,False,False,False,True,14.027924999993502,0.0067489999082681,0.798939999981485,43.79758499999298,0.0390100000231541,58.67020899989939
O.MOV,33,O,True,Z,0.6365479826927185,False,Z,False,False,False,True,14.21631199997364,0.007833999916329,0.8060199999135875,44.279907000031926,0.0228459999789265,59.33291899981441
O.MOV,34,O,True,Z,0.6987477540969849,False,Z,False,False,False,True,13.96559500000194,0.0075130000141143,0.8002619999842864,43.33715600000687,0.0217909999946641,58.13231700000188
O.MOV,35,O,True,Z,0.7126374244689941,False,Z,False,False,False,True,14.07757499998752,0.006558999984918,0.7767280000052779,43.61954099999821,0.0238480000689378,58.50425100004486
O.MOV,36,O,True,Z,0.6762295961380005,False,Z,False,False,False,True,13.857809000000998,0.0072899999850051,0.800128000037148,42.92556899997635,0.0223629999709373,57.61315899997044
O.MOV,37,O,True,Z,0.6488028764724731,False,Z,False,False,False,True,14.13760100001582,0.0065399999584769,0.7923639999489751,43.25300499999685,0.0219680000554944,58.211477999975614
O.MOV,38,O,True,Z,0.6145778894424438,False,Z,False,False,False,True,13.95579600000474,0.0064899999188128,0.7741209999494458,42.22946000004413,0.0203450000526572,56.98621199996978
O.MOV,39,O,True,Z,0.4967202842235565,False,Z,False,False,False,True,13.905159999978878,0.0062059999663688,0.7949440000629693,43.03318500001296,0.0224420000449754,57.76193700006616
O.MOV,40,O,True,Z,0.503602147102356,False,Z,False,False,False,True,14.016923999975006,0.0067419999822959,0.8318879999933415,43.551488999924,0.0214489999734723,58.42849199984812
O.MOV,41,O,True,Z,0.5145511627197266,False,Z,False,False,False,True,14.199623999957112,0.0067380000245975,0.8310289999826637,44.96288800010007,0.0229309999895122,60.02321000005395
O.MOV,42,O,True,Z,0.5771005153656006,False,Z,False,False,False,True,14.280941999970764,0.0069299999267968,0.8057169999347025,43.76862100002654,0.019508999912432,58.88171899977124
O.MOV,43,O,True,Z,0.5627467632293701,False,Z,False,False,False,True,14.143870999987485,0.0063500000351268,0.8336170000120546,42.91791399998601,0.0217130000237375,57.923465000044416
O.MOV,44,O,True,Z,0.510527491569519,False,Z,False,False,False,True,14.180372999987869,0.0074509999876681,0.8158460000231571,44.12171200010562,0.029843999982404,59.15522600008672
O.MOV,45,O,True,delete,0.5383917689323425,False,delete,False,False,False,True,14.205333999996128,0.0081480000062583,0.8661260000053517,43.35301399999025,0.02048500005003,58.45310700004802
O.MOV,46,O,True,delete,0.6013810634613037,False,delete,False,False,False,True,14.184715999988384,0.0084760000618189,0.8699859999978798,43.29506700003094,0.0211000000263084,58.37934500010533
O.MOV,47,O,True,delete,0.6064184904098511,False,delete,False,False,False,True,14.137150999999903,0.0071470000193585,0.8567290000200956,42.82773800002815,0.0204089999442658,57.84917400001177
O.MOV,48,O,True,delete,0.6457290649414062,False,delete,False,False,False,True,14.215989999968317,0.0072569999929328,0.795777000007547,42.840775000058784,0.0233269998943796,57.88312599992196
O.MOV,49,O,True,delete,0.7241068482398987,False,delete,False,False,False,True,14.1608580000252,0.0064480000219191,0.8203510000157621,42.78340200005459,0.0187829999731548,57.78984200009063
O.MOV,50,O,True,delete,0.6940746307373047,False,delete,False,False,False,True,14.093381999998655,0.0075269999797455,0.8025800000268646,42.83294499998647,0.0247400000716879,57.76117400006342
O.MOV,51,O,True,delete,0.6747192144393921,False,delete,False,False,False,True,13.911292000045703,0.0061800000139555,0.8217650000688081,42.17195799992624,0.0197240000261444,56.93091900008085
O.MOV,52,O,True,delete,0.7999266386032104,False,delete,False,False,False,True,14.091762000020935,0.00615499993728,0.8011520000081873,43.16271699997287,0.0200810000023921,58.08186699994167
O.MOV,53,O,True,delete,0.7416110634803772,False,delete,False,False,False,True,13.990759000023443,0.0058230000377079,0.9067559999493824,47.64213499993275,0.0304820000565086,62.575954999999794
O.MOV,54,O,True,delete,0.7336373329162598,False,delete,False,False,False,True,14.295744999969884,0.0090480000380921,0.8506650000299487,43.70507600003748,0.0219659999629584,58.88250000003836
O.MOV,55,O,True,delete,0.818236231803894,False,delete,False,False,False,True,14.076524000017798,0.0074260000246795,0.7901290000518202,43.04957599993031,0.0208199999178759,57.944474999942486
O.MOV,56,O,True,delete,0.8773009777069092,False,delete,False,False,False,True,13.852233000022808,0.0070099999902595,0.7996309999498408,43.13217399999303,0.0225570000793595,57.813605000035295
O.MOV,57,O,True,delete,0.8683110475540161,False,delete,False,False,False,True,14.150169999993524,0.0076449999824035,0.8632279999574166,43.71619799997006,0.0229710000212435,58.76021199992465
O.MOV,58,O,True,delete,0.8633907437324524,False,delete,False,False,False,True,14.294733999975051,0.0070459999506056,0.8011510000187627,42.76603100004195,0.0199229999680028,57.88888499995437
O.MOV,59,O,True,delete,0.8370271325111389,False,delete,False,False,False,True,14.080001000024822,0.006837999990239,0.805195999987518,44.03598700002931,0.0204339999072544,58.94845599993914
O.MOV,60,O,True,delete,0.8759201169013977,False,delete,False,False,False,True,14.207935000001726,0.0063989999716795,0.8164829999941503,46.12484599999789,0.0219970000898683,61.17766000005531
O.MOV,61,O,True,delete,0.8161688446998596,False,delete,False,False,False,True,14.055984999970406,0.0070059999188742,0.780638999913208,43.699261000028855,0.0199780000684768,58.56286899989982
O.MOV,62,O,True,delete,0.821222186088562,False,delete,False,False,False,True,14.072200000043722,0.0072379999664917,0.8118860000649875,42.71073400002479,0.0184420000550744,57.62050000015506
O.MOV,63,O,True,delete,0.8531914353370667,False,delete,False,False,False,True,14.402451000023577,0.0063200000113283,0.7657570000674241,42.61345099996561,0.0217179999708605,57.8096970000388
O.MOV,64,O,True,delete,0.8397547006607056,False,delete,False,False,False,True,14.268780000008974,0.0069080000457688,0.8011659999738185,43.12580800001342,0.0202349999653961,58.22289700000738
O.MOV,65,O,True,delete,0.8599705696105957,False,delete,False,False,False,True,14.230505999989871,0.0068710000959981,0.7863660000566597,42.94843600007425,0.0224540000317574,57.99463300024854
O.MOV,66,O,True,delete,0.7975282073020935,False,delete,False,False,False,True,14.151165999976456,0.0065770000219345,0.7903829999804657,42.37213800001882,0.0231689999736772,57.34343299997136
O.MOV,67,O,True,delete,0.8729075193405151,False,delete,False,False,False,True,14.091867999979968,0.0075159999823881,0.8171299999730763,44.51792600002591,0.0198629999204058,59.45430299988175
O.MOV,68,O,True,delete,0.8939253687858582,False,delete,False,False,False,True,15.03621399996291,0.006898000037836,0.8238540000320427,43.78994900002908,0.0200719999838838,59.67698700004576
O.MOV,69,O,True,delete,0.8443870544433594,False,delete,False,False,False,True,14.327608000030525,0.0076009999929738,0.8014699999421282,43.58984400005284,0.0199950000023818,58.74651800002084
O.MOV,70,O,True,delete,0.864881694316864,False,delete,False,False,False,True,14.072978000001513,0.007460999995601,0.8481359999450433,42.53704999996444,0.0200059999997392,57.485630999906334
O.MOV,71,O,True,delete,0.8961548209190369,False,delete,False,False,False,True,14.230348000012327,0.007105000008778,0.8029330000454138,43.64938800006257,0.0201020000076823,58.70987600013677
O.MOV,72,O,True,delete,0.8896731734275818,False,delete,False,False,False,True,14.126649999980144,0.0059540000165725,0.4650140000421743,42.22745999993549,0.0206349999416488,56.84571299991603
O.MOV,73,O,True,delete,0.8879658579826355,False,delete,False,False,False,True,14.187853999999334,0.0070140000616447,0.8381799999597206,43.90319200001613,0.022289000071396,58.95852900010823
O.MOV,74,O,True,delete,0.8751022219657898,False,delete,False,False,False,True,14.174003999983142,0.0064759999531815,0.823964000005617,46.54921400003786,0.0233290001006025,61.57698700008041
O.MOV,75,O,True,delete,0.8652638792991638,False,delete,False,False,False,True,14.117743000042536,0.0066940000351678,0.5476019999832715,45.51674100002856,0.0232280000318496,60.212008000121386
O.MOV,76,O,True,delete,0.8165010213851929,False,delete,False,False,False,True,14.699042000017926,0.0070969999796943,0.8247079999819107,43.85963800007176,0.0222649999841451,59.41275000003543
O.MOV,77,O,True,delete,0.7900189757347107,False,delete,False,False,False,True,15.508860000011282,0.007686999992984,0.8516640000379994,44.14451599996028,0.0199489999204161,60.53267599992296
O.MOV,78,O,True,delete,0.793196976184845,False,delete,False,False,False,True,14.008893999971406,0.0068119999241389,0.8318590000726545,43.29117300005692,0.0297680001040134,58.16850600012913
O.MOV,79,O,True,delete,0.7953379154205322,False,delete,False,False,False,True,14.088049000008596,0.0067400000034467,0.816563000057613,43.822650000038266,0.0194450000208235,58.753447000128745
O.MOV,80,O,True,delete,0.750952959060669,False,delete,False,False,False,True,14.065877000007276,0.0065739999399738,0.7983210000475083,43.87719400006063,0.019773000076384,58.76773900013177
O.MOV,81,O,True,delete,0.7470508813858032,False,delete,False,False,False,True,14.048311999999896,0.0069960000246283,0.8900870000161376,43.63329800003157,0.020478000010371,58.599171000082606
O.MOV,82,O,True,delete,0.7199952006340027,False,delete,False,False,False,True,14.079982999987806,0.0067349999426369,0.8129860000281042,44.09398899997541,0.0198149999732777,59.01350799990723
O.MOV,83,O,True,delete,0.7991374135017395,False,delete,False,False,False,True,14.109942999994018,0.0070050000431365,0.8483110000270244,42.86577599998509,0.0217419999444246,57.852776999993694
O.MOV,84,O,True,delete,0.7036496996879578,False,delete,False,False,False,True,13.992394000013064,0.0072640000325918,0.8258960000375737,43.61538599994219,0.0215649999972811,58.4625050000227
O.MOV,85,O,True,delete,0.8403038382530212,False,delete,False,False,False,True,14.003169999966758,0.0086950000195429,0.8731939999506722,43.5879130000103,0.0294560001066201,58.5024280000539
O.MOV,86,O,True,delete,0.7168937921524048,False,delete,False,False,False,True,14.188280999974268,0.0078729999586357,0.8623990000842241,43.08611499993731,0.0227059999815537,58.16737399993599
O.MOV,87,O,True,delete,0.8091318607330322,False,delete,False,False,False,True,14.1275080000014,0.0084440000591712,0.7858840000380951,44.07154199998331,0.0193590000208132,59.01273700010279
O.MOV,88,O,True,delete,0.7280297875404358,False,delete,False,False,False,True,14.034766000008858,0.0076260000696493,0.5367880000903824,46.35072299993226,0.019722999923033,60.94962600002418
O.MOV,89,O,True,delete,0.8035269975662231,False,delete,False,False,False,True,14.01143499998625,0.0083030000723738,0.836488000004465,43.4382349999396,0.0561150000066845,58.35057600000937
O.MOV,90,O,True,delete,0.8242673277854919,False,delete,False,False,False,True,14.01828499996327,0.0081649999401633,0.8205059999681907,43.314194000004136,0.019633999954749,58.18078399983051
O.MOV,91,O,True,delete,0.8599711060523987,False,delete,False,False,False,True,13.997242000016286,0.0069629999188691,0.8364689999780239,43.10040099994694,0.0211799999760842,57.962254999836205
O.MOV,92,O,True,delete,0.8772032856941223,False,delete,False,False,False,True,13.908242000013615,0.0068069999770159,0.8984169999166625,44.186050000007526,0.0213979999443836,59.0209139998592
O.MOV,93,O,True,delete,0.9218828082084656,False,delete,False,False,False,True,14.245018999986314,0.0208540000130597,0.8292879999771685,45.43118800006596,0.0218079999285691,60.54815699997107
O.MOV,94,O,True,delete,0.923977792263031,False,delete,False,False,False,True,14.008567000018957,0.0071789999083193,0.8153809999384976,42.28607599998213,0.0208300000394956,57.1380329998874
O.MOV,95,O,True,delete,0.9542012214660645,False,delete,False,False,False,True,14.172709999968449,0.0071319999506158,0.9089990001029946,49.88693499990404,0.0249610000082611,65.00073699993436
O.MOV,96,O,True,delete,0.8964743614196777,False,delete,False,False,False,True,14.135468999995735,0.0072560000035082,0.9172090000220124,47.19273700004578,0.0215139999681923,62.27418500003523
O.MOV,97,O,True,delete,0.9294292330741882,False,delete,False,False,False,True,14.811269999995602,0.0066160000642412,0.8227490000081161,42.19366499989974,0.0228970000080153,57.85719699997571
O.MOV,98,O,True,delete,0.91396826505661,False,delete,False,False,False,True,14.25976000001583,0.0078970000458866,0.8717099999557831,42.93576700001722,0.0213479999047194,58.09648199993944
O.MOV,99,O,True,delete,0.940455675125122,False,delete,False,False,False,True,14.145681999991666,0.0075950000564262,0.5070290000048772,42.67259599998852,0.0188479999678747,57.35175000000936
O.MOV,100,O,True,delete,0.9365270137786864,False,delete,False,False,False,True,14.253219000011086,0.0067119999584974,0.5242580000413,50.93823599997904,0.032739999937803,65.75516499992773
O.MOV,101,O,True,delete,0.9526042342185974,False,delete,False,False,False,True,14.162371000054463,0.011754000070141,0.8592589999807387,50.193738999951165,0.0215950000210796,65.24871800007759
O.MOV,102,O,True,delete,0.9656895399093628,False,delete,False,False,False,True,13.95407599994769,0.0094449999323842,0.5389309999372927,43.654334000052586,0.0207949999548873,58.17758099982484
O.MOV,103,O,True,delete,0.9704177379608154,False,delete,False,False,False,True,14.043797999988785,0.006907999932082,0.535856000055901,43.12446699998418,0.0210470000183704,57.73207599997932
O.MOV,104,O,True,delete,0.952119529247284,False,delete,False,False,False,True,14.120558999991315,0.0077000000828775,0.5065810000814963,43.25071599998864,0.021594000031655,57.90715000017599
O.MOV,105,O,True,delete,0.9486656188964844,False,delete,False,False,False,True,14.325572000018385,0.0068099999452897,0.5328999999392181,45.38324400004967,0.0262190000057671,60.27474499995833
O.MOV,106,O,True,delete,0.9321655631065368,False,delete,False,False,False,True,14.325561999953608,0.0068110000484011,0.5297710000604638,43.20026400000643,0.0217369999973016,58.0841450000662
O.MOV,107,O,True,delete,0.9527413845062256,False,delete,False,False,False,True,14.269903000013072,0.0064030000430648,0.5537870000580369,42.46092000005319,0.0224319999233557,57.31344500009072
O.MOV,108,O,True,delete,0.9117757081985474,False,delete,False,False,False,True,14.158085000019582,0.0054739999768571,0.4987869999695249,42.49088999995365,0.0217259999999441,57.17496199991956
O.MOV,109,O,True,delete,0.9368387460708618,False,delete,False,False,False,True,14.25809299996672,0.0069950000352037,0.5473019999726603,44.50551100001121,0.0232019999657495,59.341102999951545
O.MOV,110,O,True,delete,0.9552408456802368,False,delete,False,False,False,True,14.13300500001924,0.0093319999905361,0.5079240000895879,43.60390900001221,0.0228589999551331,58.27702900006671
O.MOV,111,O,True,delete,0.9638231992721558,False,delete,False,False,False,True,14.200149000032525,0.0063940000245565,0.5613920000087091,43.19518700003755,0.0227860000450164,57.98590800014836
O.MOV,112,O,True,delete,0.951370894908905,False,delete,False,False,False,True,14.11572500001057,0.0073999999585794,0.5312079999839625,42.59379099994476,0.0218410000343283,57.2699649999322
O.MOV,113,O,True,delete,0.9718198180198668,False,delete,False,False,False,True,14.047091000009004,0.0086570000803476,0.525672000094346,43.274013999962335,0.0230119999287126,57.878446000074746
O.MOV,114,O,True,delete,0.9683421850204468,False,delete,False,False,False,True,14.287649999971563,0.0084450000485958,0.8525399999825822,43.59869999996136,0.0231820000635707,58.77051700002767
O.MOV,115,O,True,delete,0.9898316264152528,False,delete,False,False,False,True,14.265119000015147,0.0077629999850614,0.7980899999893154,42.96166299991455,0.0217040000052293,58.054338999909305
O.MOV,116,O,True,delete,0.977290689945221,False,delete,False,False,False,True,14.097395999954188,0.0071109999453256,0.8180309999943347,44.58953799996834,0.0198689999706402,59.53194499983283
O.MOV,117,O,True,delete,0.9867143034934998,False,delete,False,False,False,True,14.136945000018386,0.0074069999982384,0.8754959999350831,48.1292059999987,0.0198750000208747,63.168928999971286
O.MOV,118,O,True,delete,0.9917054176330566,False,delete,False,False,False,True,14.059521999968185,0.0074370000220369,0.8508820000088235,42.84149700004036,0.0210980000474592,57.78043600008687
O.MOV,119,O,True,delete,0.9925559163093568,False,delete,False,False,False,True,14.34431500001665,0.0074629999744502,0.8198879999099518,43.467693000025065,0.0219519999973272,58.66131099992344
O.MOV,120,O,True,delete,0.990108609199524,False,delete,False,False,False,True,14.11356099998784,0.0072430000273016,0.800893000018732,42.704939999907765,0.0229949999948075,57.649631999936446
O.MOV,121,O,True,delete,0.9834420084953308,False,delete,False,False,False,True,14.40812100003086,0.007121999942683,0.7915150000599169,43.15537499996936,0.024436999979116,58.38656999998193
O.MOV,122,O,True,delete,0.9829976558685304,False,delete,False,False,False,True,14.351643999987118,0.0086869999904592,0.8157519999940632,43.51811000003636,0.022661999992124,58.71685500000012
O.MOV,123,O,True,delete,0.9784438610076904,False,delete,False,False,False,True,14.181919000009202,0.0072199999294753,0.9059999999863066,43.12015300001804,0.0193459999309197,58.23463799987394
O.MOV,124,O,True,delete,0.95362651348114,False,delete,False,False,False,True,14.287389999992683,0.0070309999955497,0.8332900000596055,43.06607099999837,0.0191249999943465,58.21290700004056
O.MOV,125,O,True,delete,0.9303629398345948,False,delete,False,False,False,True,14.145214999985,0.0069350001012935,0.8252760000004855,43.174521999958415,0.0210609999840016,58.1730090000292
O.MOV,126,O,True,delete,0.9165496826171876,False,delete,False,False,False,True,14.351615000009588,0.0069069999426574,0.8255819999476444,42.91119999993498,0.0192869999864342,58.1145909998213
O.MOV,127,O,True,delete,0.942702054977417,False,delete,False,False,False,True,14.240414000028068,0.0060419999954319,0.8246160000453528,44.41463000000567,0.022252999997363,59.50795500007189
O.MOV,128,O,True,delete,0.9210503697395324,False,delete,False,False,False,True,14.392000999976062,0.0066169999399789,0.8543110000118759,43.39731400000346,0.0208739999152385,58.67111699984662
O.MOV,129,O,True,delete,0.9361613988876344,False,delete,False,False,False,True,14.128660999972452,0.0088699999878372,0.9266959999649772,44.52472599996327,0.0205299999151975,59.60948299980373
O.MOV,130,O,True,delete,0.9514107704162598,False,delete,False,False,False,True,14.012338999975782,0.0086960000089675,0.860342999999375,44.59842199992181,0.0214420000475001,59.50124199995344
O.MOV,131,O,True,delete,0.9664745926856996,False,delete,False,False,False,True,13.846059999991668,0.0075899999956163,0.8633269999336335,45.55954699992526,0.0289830001065638,60.30550699995274
O.MOV,132,O,True,delete,0.9773692488670348,False,delete,False,False,False,True,14.075171000001774,0.0076640000088445,0.8409900000287962,43.92790699989746,0.0201789999891843,58.87191099992606
O.MOV,133,O,True,delete,0.9849194288253784,False,delete,False,False,False,True,14.110318000007284,0.0075880000167671,0.8166960000153267,43.16371299989896,0.0228260000767477,58.121141000015086
O.MOV,134,O,True,delete,0.9880024194717408,False,delete,False,False,False,True,14.15399500001513,0.0075070000775667,0.5201150000857524,44.11130200003299,0.0223910000158866,58.81531000022733
O.MOV,135,O,True,delete,0.9786327481269836,False,delete,False,False,False,True,14.315003000035633,0.0068780000219703,0.7946849999598271,43.426855999996405,0.0229019999551383,58.56632399996897
O.MOV,136,O,True,delete,0.9679384827613832,False,delete,False,False,False,True,14.065264000009847,0.0070359999426727,0.8512409999639203,43.117916000028345,0.0206099999786602,58.062066999923445
O.MOV,137,O,True,delete,0.9698696136474608,False,delete,False,False,False,True,13.91540999998142,0.0076139999691804,0.8276949999981298,42.50649499999781,0.021399000047495,57.27861299999404
O.MOV,138,O,True,delete,0.9724602103233336,False,delete,False,False,False,True,14.12223099998755,0.0067649999664354,0.7743979999759176,42.41833100002168,0.0224750000370477,57.34419999998863
O.MOV,139,O,True,delete,0.9680574536323548,False,delete,False,False,False,True,13.962161999984346,0.0146190000123169,0.8821540000099048,43.174475999990136,0.0207419999469493,58.05415299994365
O.MOV,140,O,True,delete,0.9636464715003968,False,delete,False,False,False,True,14.192495000031611,0.0071949999664866,0.8166269999492215,43.11913999993067,0.0222119999762071,58.1576689998542
O.MOV,141,O,True,delete,0.9768280982971193,False,delete,False,False,False,True,14.364010999997843,0.0077249999321793,0.8860070000764608,45.19406999997955,0.0237030000107552,60.47551599999679
O.MOV,142,O,True,delete,0.9797313809394836,False,delete,False,False,False,True,13.976670000033664,0.007549999963885,0.8038089999899967,42.84916400001748,0.0222639999947205,57.65945699999975
O.MOV,143,O,True,delete,0.9937692284584044,False,delete,False,False,False,True,14.056895999999597,0.0076830000352856,0.8366759999489659,43.04974800004402,0.019231999999647,57.97023500002752
O.MOV,144,O,True,delete,0.9689949750900269,False,delete,False,False,False,True,14.157938999971975,0.0082120000115537,0.8809119999568793,44.77887299992744,0.0211760000183858,59.84711199988624
O.MOV,145,O,True,delete,0.9797104597091676,False,delete,False,False,False,True,14.193272999989404,0.0082269999666095,0.8323250000330518,43.68939999994837,0.0246930000002976,58.74791799993773
O.MOV,146,O,True,delete,0.975217342376709,False,delete,False,False,False,True,13.936290999993162,0.0072749999162624,0.7976150000104099,42.6760389999572,0.0220059999946897,57.43922599987173
O.MOV,147,O,True,delete,0.9755513668060304,False,delete,False,False,False,True,13.752018000047885,0.0069739999162266,0.9067469999308742,42.79423800005589,0.0219359999391599,57.48191299989003
O.MOV,148,O,True,delete,0.9642386436462402,False,delete,False,False,False,True,14.01895499998318,0.0061949999690114,0.8111239999379904,42.90378600001077,0.0339109999458742,57.77397099984682
O.MOV,149,O,True,delete,0.965356707572937,False,delete,False,False,False,True,13.851852000016152,0.0064429999611093,0.9166909999294148,46.70528499991633,0.0210230000448063,61.50129399986781
O.MOV,150,O,True,delete,0.9653330445289612,False,delete,False,False,False,True,13.82973500000162,0.006910000024618,0.8403360000102111,47.23230900003728,0.0190779999229562,61.92836799999668
O.MOV,151,O,True,delete,0.9555837512016296,False,delete,False,False,False,True,14.036543000031545,0.0060429999848565,0.8708300000535019,44.393696999918575,0.0183800000286282,59.325493000017104
P.MOV,0,P,True,A,0.5906514525413513,False,A,False,False,False,True,14.177450999966368,0.0107289999959903,0.8755729999165851,44.71140299995113,0.0204450000182987,59.795600999848375
P.MOV,1,P,True,A,0.6118409633636475,False,A,False,False,False,True,14.02153700001918,0.0088339999138042,0.8240969999633307,42.54919200002405,0.0222900000608206,57.42594999998119
P.MOV,2,P,True,A,0.5831620693206787,False,A,False,False,False,True,14.069246000019575,0.0075460000061866,0.8059749999347332,43.49875900004463,0.0218519999179989,58.40337799992312
P.MOV,3,P,True,A,0.5890682339668274,False,A,False,False,False,True,14.445575000024746,0.0073290000273118,0.7617259999506132,45.15919200002827,0.0272620000032475,60.40108400003419
P.MOV,4,P,True,A,0.7069281339645386,False,A,False,False,False,True,14.180834999990566,0.00608999994256,0.7744959999627099,43.55440000006183,0.0199739999970915,58.53579499995476
P.MOV,5,P,True,A,0.6975851655006409,False,A,False,False,False,True,14.12717400000929,0.0065230000245719,0.8170759999757138,42.85827199998948,0.0205259999574991,57.82957099995656
P.MOV,6,P,True,A,0.7253525257110596,False,A,False,False,False,True,14.042665000033594,0.0180540000656037,0.8175200000550831,44.80443400007061,0.0189749999890409,59.701648000213936
P.MOV,7,P,True,A,0.7365902066230774,False,A,False,False,False,True,13.872147999961726,0.0084920000062993,0.8212860000185174,42.337704999908965,0.0187719999757973,57.058402999871305
P.MOV,8,P,True,A,0.6588402390480042,False,A,False,False,False,True,14.138875999947231,0.0068029999056307,0.7704930000045351,42.76640400007636,0.0212319999945975,57.70380799992836
P.MOV,9,P,True,A,0.6913372874259949,False,A,False,False,False,True,13.97698099998479,0.0071719999823471,0.8211049999999886,42.58644399999412,0.0234359999922162,57.41513799995346
P.MOV,10,P,True,A,0.6660224795341492,False,A,False,False,False,True,13.94447500001661,0.0077580000379384,0.8790719999751673,43.17704300001424,0.0216209999734928,58.029969000017445
P.MOV,11,P,True,A,0.7166454792022705,False,A,False,False,False,True,13.903956000035578,0.0070170000299185,0.8401239999784593,42.97106100000292,0.0226160000238451,57.74477400007072
P.MOV,12,P,True,A,0.5997951626777649,False,A,False,False,False,True,13.941299999999046,0.0054110000746732,0.7916270000123404,42.32345599996279,0.022527000055561,57.08432100010441
P.MOV,13,P,True,A,0.6466991901397705,False,A,False,False,False,True,13.893993000010596,0.007400999948004,0.8081940000010945,42.32358500007649,0.0217150000025867,57.05488800003877
P.MOV,14,P,True,A,0.6666713356971741,False,A,False,False,False,True,14.28779099995836,0.0073769999744399,0.834736999991037,44.12374600008207,0.0208980000024894,59.27454900000839
P.MOV,15,P,True,A,0.6341157555580139,False,A,False,False,False,True,14.07665899995436,0.0065350000113539,0.8027180000453882,43.96460600003138,0.0232549999736875,58.87377300001617
P.MOV,16,P,True,A,0.6093403100967407,False,A,False,False,False,True,14.121003000013843,0.0071729999717717,0.8530180000434484,43.66630899994561,0.0231600000688558,58.67066300004353
P.MOV,17,P,True,A,0.5418936610221863,False,A,False,False,False,True,13.988964000020587,0.0068200000669094,0.8158959999491344,43.005909000044085,0.0224269999762327,57.84001600005695
P.MOV,18,P,True,A,0.547889232635498,False,A,False,False,False,True,14.085195000006934,0.0066229999902134,0.8146640000177285,43.08375200002956,0.0201049999759561,58.0103390000204
P.MOV,19,P,True,A,0.5996686220169067,False,A,False,False,False,True,14.59392999998954,0.0070490000325662,0.8396619999757604,43.53415699995367,0.0199099999917962,58.99470799994333
P.MOV,20,P,True,A,0.7068663239479065,False,A,False,False,False,True,14.05937599997742,0.0074619999850256,0.838744000020597,43.542269999989,0.0228669999842168,58.47071899995626
P.MOV,21,P,True,A,0.7270157337188721,False,A,False,False,False,True,13.950724000039829,0.0083649999851331,0.8998920000067301,43.972423000013805,0.0214860000369299,58.852890000082425
P.MOV,22,P,True,A,0.8019426465034485,False,A,False,False,False,True,13.919227999963368,0.007484999969165,0.942587000054118,44.423844999982975,0.019075999944107,59.31222099991373
P.MOV,23,P,True,A,0.7857547998428345,False,A,False,False,False,True,13.946161000035318,0.0074170000061712,0.7847869999295654,43.82796200002304,0.0186690000418821,58.58499600003597
P.MOV,24,P,True,A,0.8002808094024658,False,A,False,False,False,True,14.03091200000972,0.0061770000456817,0.7957310000392681,42.71518800010199,0.0232259999393136,57.57123400013597
P.MOV,25,P,True,A,0.7643210887908936,False,A,False,False,False,True,13.950044000011983,0.0103700000408935,0.8624089999784701,46.965155999942,0.0198950000367403,61.80787400001009
P.MOV,26,P,True,A,0.7188137769699097,False,A,False,False,False,True,14.139626000030605,0.0080339999612988,0.8270609999954104,44.38634799998909,0.020482999957494,59.38155199993389
P.MOV,27,P,True,A,0.7807695865631104,False,A,False,False,False,True,14.070536000019729,0.00650599997698,0.8963330000142378,43.17721400002483,0.0194530000499071,58.17004200008569
P.MOV,28,P,True,A,0.7568175196647644,False,A,False,False,False,True,14.104019000001244,0.0065709999717,0.759551999976793,43.90204999992875,0.0187769999229203,58.79096899980141
P.MOV,29,P,True,A,0.7049587368965149,False,A,False,False,False,True,13.864985999987312,0.0074339999400763,0.8774340000172742,43.47450099999151,0.0215589999470466,58.245913999883214
P.MOV,30,P,True,A,0.715682864189148,False,A,False,False,False,True,14.089949999970486,0.0081459999137223,0.8002849999684258,43.37309200002437,0.0198520000367352,58.29132499991374
P.MOV,31,P,True,A,0.6783466339111328,False,A,False,False,False,True,14.0645710000058,0.0066610000430955,0.7903960000703592,43.10829000007743,0.0233490000027813,57.99326700019947
P.MOV,32,P,True,A,0.7283011078834534,False,A,False,False,False,True,14.341983999997865,0.0231849999181577,0.870380000037585,45.81558100005623,0.024619999976494,61.07574999998633
P.MOV,33,P,True,A,0.6382092237472534,False,A,False,False,False,True,14.142846999959602,0.0069970000140529,0.8014129999764918,43.455178000044725,0.0208899999734057,58.42732499996828
P.MOV,34,P,True,A,0.6238647699356079,False,A,False,False,False,True,14.149565000025175,0.0082589999692572,0.8046919999742386,43.68409500000325,0.022471999955087,58.66908299992701
P.MOV,35,P,True,A,0.5974451303482056,False,A,False,False,False,True,14.21490199999198,0.0079899999718691,0.83150199998272,46.1579420000362,0.0225640000053317,61.2348999999881
P.MOV,36,P,True,A,0.634369432926178,False,A,False,False,False,True,14.060948999997436,0.0077260000352907,0.8483599999635771,44.33826399997543,0.0228169999445526,59.27811599991628
P.MOV,37,P,True,A,0.438232272863388,False,A,False,False,False,True,14.163611000014953,0.0071370000114256,0.81562999992002,46.78474399997867,0.0236519999816664,61.79477399990674
P.MOV,38,P,True,A,0.413915604352951,False,A,False,False,False,True,14.001209000014114,0.0066559999822857,0.8832900000470545,42.60023699998783,0.022315999899547,57.51370799993083
P.MOV,39,P,True,D,0.4262882173061371,False,D,False,False,False,True,14.155700000003437,0.0079530000220984,0.8457740000267222,42.84664300007535,0.0220099999523881,57.87808000007999
P.MOV,40,P,True,D,0.4218451976776123,False,D,False,False,False,True,14.160607000007984,0.0082179999481013,0.8136139999805891,59.0355089999548,0.0253539999448548,74.04330199983633
P.MOV,41,P,True,A,0.3839243948459625,False,A,False,False,False,True,14.394086000038442,0.0080010000829133,0.7847660000379619,42.98442300000716,0.0219380000316959,58.19321400019817
P.MOV,42,P,True,D,0.4820341467857361,False,D,False,False,False,True,14.333706000002168,0.007521000043198,0.817566000023362,43.033175999994455,0.0235009999869362,58.21547000005012
P.MOV,43,P,True,D,0.4878655970096588,False,D,False,False,False,True,14.185964999967382,0.007912999990367,0.8162249999941196,43.657222999968326,0.0217659999179886,58.68909199983818
P.MOV,44,P,True,D,0.4925490617752075,False,D,False,False,False,True,14.04979699998421,0.0068699999928867,0.8080599999402693,43.74193299997842,0.0197360000129265,58.62639599990871
P.MOV,45,P,True,D,0.4975074231624603,False,D,False,False,False,True,14.027815999952509,0.0066429998923922,0.8168240000259175,42.9391630000282,0.019571000052565,57.81001699995159
P.MOV,46,P,True,A,0.4123548567295074,False,A,False,False,False,True,14.163736000000426,0.007133999929465,0.86517299996558,46.01867099995616,0.0221620000502298,61.07687599990186
P.MOV,47,P,True,A,0.401056706905365,False,A,False,False,False,True,13.991902999975991,0.0080769999613039,0.8472360000268964,42.86346500009586,0.0205290000394597,57.73121000009951
P.MOV,48,P,True,A,0.5044501423835754,False,A,False,False,False,True,14.114064000011696,0.0058089999583899,0.7756609999205466,42.309011999918766,0.0220169999920472,57.226562999801445
P.MOV,49,P,True,A,0.4355695247650146,False,A,False,False,False,True,13.922631000014007,0.0070789999426779,0.809688999993341,44.302721000008205,0.0214740000501478,59.06359400000838
P.MOV,50,P,True,A,0.3777880072593689,False,A,False,False,False,True,14.431498000021747,0.0087220000750676,0.8217579999154623,43.17185499996867,0.0378590000309486,58.4716920000119
P.MOV,51,P,True,D,0.4195564687252044,False,D,False,False,False,True,14.108469000007062,0.0064089999796124,0.8405099999890808,42.329809999955614,0.0215860000025713,57.30678399993394
P.MOV,52,P,True,D,0.4522609114646911,False,D,False,False,False,True,13.96786399999428,0.0061189999769339,0.769403999925089,42.67480099997556,0.0215829999206107,57.43977099979247
P.MOV,53,P,True,D,0.5183724761009216,False,D,False,False,False,True,14.12887399999363,0.0079720000485394,0.8209569999735322,42.71199100003287,0.0217350000184524,57.69152900006702
P.MOV,54,P,True,D,0.5826587080955505,False,D,False,False,False,True,14.187935999984802,0.0075870000273425,0.9303310000632335,42.79359800000293,0.0384559999702105,57.95790800004852
P.MOV,55,P,True,D,0.5607419610023499,False,D,False,False,False,True,14.183848999948625,0.0076180000405656,0.7842549999850235,42.75031500003479,0.0229689999287074,57.74900599993771
P.MOV,56,P,True,D,0.4862191081047058,False,D,False,False,False,True,14.197432000003118,0.0092940000513408,0.8345800000597592,44.607099000018025,0.0227790000053573,59.6711840001376
P.MOV,57,P,True,D,0.5051109790802002,False,D,False,False,False,True,14.32351099998641,0.009430999966753,0.8384520000390694,46.7049420000194,0.0386540000363311,61.914990000047965
P.MOV,58,P,True,D,0.4070190489292145,False,D,False,False,False,True,14.144612999984927,0.0077149999242465,0.8604529999729493,44.21707099993455,0.0223680000317472,59.25221999984842
P.MOV,59,P,True,D,0.3630078434944153,False,D,False,False,False,True,14.052488999993784,0.006191000011313,0.8272480000641735,44.36849800003984,0.0236329999552253,59.27805900006433
P.MOV,60,P,True,D,0.3402702808380127,False,D,False,False,False,True,14.010632999998052,0.0070589999268122,0.7835900000827678,44.33435800001462,0.0235040000688968,59.159144000091146
P.MOV,61,P,True,A,0.3821494877338409,False,A,False,False,False,True,14.011790000040492,0.0088389999746141,0.8002739999710684,43.68019200001072,0.022317999992083,58.52341299998898
P.MOV,62,P,True,D,0.3808055222034454,False,D,False,False,False,True,14.211955999996915,0.0082430000247768,0.8115930000940352,43.71913600004973,0.0233990000424455,58.774327000207904
P.MOV,63,P,True,A,0.4551099240779876,False,A,False,False,False,True,13.877140000033704,0.0070480000431416,0.7976159999998345,42.62682899991432,0.023936999923535,57.33256999991454
P.MOV,64,P,True,A,0.4915766417980194,False,A,False,False,False,True,13.95126100004518,0.007277999998223,0.8463600000823135,45.5968539999958,0.0230760000476948,60.42482900016921
P.MOV,65,P,True,A,0.3806000649929046,False,A,False,False,False,True,13.936987999954908,0.0087600000142629,0.8051430000932669,43.08344700007183,0.0221259999761969,57.85646400011046
P.MOV,66,P,True,A,0.4492973089218139,False,A,False,False,False,True,14.145753999969202,0.0076710000485036,0.8500860000140165,43.13026299996636,0.0238070000477819,58.157581000045866
P.MOV,67,P,True,A,0.489797443151474,False,A,False,False,False,True,13.977346999979543,0.0066439999955036,0.7701580000230024,42.53684399998292,0.0219290000131877,57.31292199999416
P.MOV,68,P,True,A,0.5694953799247742,False,A,False,False,False,True,13.905237000017223,0.0087649999613859,0.8014490000505248,43.50183500002913,0.0243019999288662,58.24158799998713
P.MOV,69,P,True,A,0.3888477683067322,False,A,False,False,False,True,13.98299400000269,0.0089430000116408,0.8101350000515595,43.55629300005148,0.0244810000822326,58.382846000199606
P.MOV,70,P,True,D,0.5281239151954651,False,D,False,False,False,True,14.195395999990978,0.0088790000063454,0.8090089999086558,43.10805499994785,0.0232749999895531,58.144613999843386
P.MOV,71,P,True,D,0.5951708555221558,False,D,False,False,False,True,13.963949000014964,0.0080400000115332,0.7856400000036956,42.96153500001765,0.0245859999949971,57.74375000004284
P.MOV,72,P,True,D,0.6241535544395447,False,D,False,False,False,True,13.989564999974393,0.0084369999058253,0.891979000016363,43.034152000018366,0.0225699999418793,57.946702999856825
P.MOV,73,P,True,D,0.6452193856239319,False,D,False,False,False,True,14.161693999994895,0.0075250000008963,0.7903929999883985,42.82435099992199,0.0233210000715189,57.8072839999777
P.MOV,74,P,True,D,0.5901075601577759,False,D,False,False,False,True,14.013240000053884,0.0075789999982589,0.8072399999718982,43.45168299994384,0.0228779999815742,58.30261999994946
P.MOV,75,P,True,D,0.5442618727684021,False,D,False,False,False,True,13.976836000040294,0.0081720000935092,0.8103970000092886,43.35386100001415,0.02885799995056,58.1781240001078
P.MOV,76,P,True,D,0.4111115038394928,False,D,False,False,False,True,13.8996059999954,0.0079409999216295,0.7978099999945698,43.341424000004736,0.0211029999945822,58.06788399991092
P.MOV,77,P,True,A,0.5031034350395203,False,A,False,False,False,True,14.154552999968928,0.0066100000140068,0.7901550000042334,42.34259200006818,0.0203140000394341,57.31422400009478
P.MOV,78,P,True,D,0.4669448435306549,False,D,False,False,False,True,14.200349000020651,0.0065570000060688,0.7925489999252022,46.06080899998233,0.0196160000314193,61.07987999996567
P.MOV,79,P,True,D,0.5345484018325806,False,D,False,False,False,True,14.114526000014394,0.0075689999903261,0.8233680000557797,43.5821709999118,0.0215259999549743,58.54915999992727
P.MOV,80,P,True,D,0.606978714466095,False,D,False,False,False,True,13.967731999969146,0.0064249999240928,0.7880599999907645,42.16637700005776,0.0218170000607642,56.95041100000253
P.MOV,81,P,True,D,0.7191700339317322,False,D,False,False,False,True,13.95848599997862,0.0065360000007785,0.780770999995184,41.98748199996771,0.0224069999603671,56.75568199990266
P.MOV,82,P,True,D,0.5875394344329834,False,D,False,False,False,True,14.043777999972916,0.0073549999797251,0.7783259999314396,42.609361000018,0.0221889999920676,57.46100899989415
P.MOV,83,P,True,D,0.5218552350997925,False,D,False,False,False,True,13.9944790000186,0.0066080000351576,0.8097699999325414,42.42840699998851,0.0218659999973169,57.26112999997213
P.MOV,84,P,True,D,0.5889495611190796,False,D,False,False,False,True,13.97489100003213,0.0072410000484524,0.7976960000632971,43.29833700001018,0.0218420000237529,58.10000700017781
P.MOV,85,P,True,D,0.5257875323295593,False,D,False,False,False,True,14.031048999981977,0.0081599999930404,0.7735979999097253,43.091446000062206,0.0208970000130648,57.92514999996001
P.MOV,86,P,True,D,0.4681895971298218,False,D,False,False,False,True,14.20649500005311,0.0074399999903107,0.7768740000528851,43.85822699998698,0.0217090000660391,58.87074500014933
P.MOV,87,P,True,D,0.5535407066345215,False,D,False,False,False,True,13.910306999946442,0.0090679999402709,0.8510090000299897,45.1296269999375,0.0240459999076847,59.92405699976189
P.MOV,88,P,True,D,0.6179426312446594,False,D,False,False,False,True,13.980394999975942,0.0086720000354034,0.8974270000408069,43.44629599995642,0.022685999965688,58.35547599997426
P.MOV,89,P,True,D,0.6258936524391174,False,D,False,False,False,True,14.150217999997494,0.0086620000274706,0.8247620000929601,43.532483999911165,0.0235609999208463,58.539686999949936
P.MOV,90,P,True,D,0.5750204920768738,False,D,False,False,False,True,14.244103999999425,0.0080540000908513,0.8623139999599516,43.341158999965046,0.0226810000185651,58.47831200003384
P.MOV,91,P,True,D,0.631375789642334,False,D,False,False,False,True,13.89432600001328,0.0063160000536299,0.7860310000751269,42.02184799999032,0.0203990000500198,56.72892000018237
P.MOV,92,P,True,D,0.5293117165565491,False,D,False,False,False,True,13.891479999983858,0.0213519999761047,0.7877960000541862,44.4652449999694,0.0188819999493716,59.18475499993292
P.MOV,93,P,True,D,0.6476755142211914,False,D,False,False,False,True,14.080685999999789,0.0082120000115537,0.8522069999798987,44.56851899999492,0.0209300000051371,59.5305539999913
P.MOV,94,P,True,D,0.6170652508735657,False,D,False,False,False,True,13.927297000009276,0.0066579999611349,0.8323819999986881,45.601780999959374,0.0230340000371143,60.39115199996559
P.MOV,95,P,True,D,0.4731462299823761,False,D,False,False,False,True,14.09858400000985,0.0065769999082476,0.8393770000338918,42.65523399999438,0.0211479999734365,57.620919999919806
P.MOV,96,P,True,D,0.4503259062767029,False,D,False,False,False,True,14.08273800001325,0.0063980000959418,0.8009849999552898,43.02042199992684,0.0210389999892868,57.93158199998061
P.MOV,97,P,True,D,0.5327712297439575,False,D,False,False,False,True,13.975929999958224,0.0070720000167057,0.8418720000236135,44.677957999965656,0.0213450000501325,59.52417700001433
P.MOV,98,P,True,D,0.4491347372531891,False,D,False,False,False,True,14.343489999987469,0.0081650000538502,0.814521000052082,43.92196200001308,0.0217650000422509,59.109903000148734
P.MOV,99,P,True,D,0.5225268006324768,False,D,False,False,False,True,13.8729600000147,0.0083200000062788,0.8094199999959528,44.10645300004035,0.0224350000053163,58.8195880000626
P.MOV,100,P,True,D,0.5293431878089905,False,D,False,False,False,True,14.028982000013457,0.0069349999876067,0.7793589999209871,42.38621399997555,0.0218900000845678,57.22337999998217
P.MOV,101,P,True,D,0.6919496655464172,False,D,False,False,False,True,14.08675699997275,0.0068099999452897,0.7979219999469933,43.55105199999798,0.0235700000530414,58.46611099991605
P.MOV,102,P,True,D,0.7057557702064514,False,D,False,False,False,True,14.078521000044477,0.0087239999402299,0.8537649999880159,43.38748199995735,0.0233750000688814,58.35186699999895
P.MOV,103,P,True,D,0.6985355615615845,False,D,False,False,False,True,13.879394000014145,0.0097900000355366,0.8578020000413744,44.60591099996236,0.0214550000237068,59.37435200007712
P.MOV,104,P,True,D,0.6704862713813782,False,D,False,False,False,True,13.934736999999586,0.0077099999771235,0.7919069998933992,43.058274000031815,0.023924999936753,57.81655299983868
P.MOV,105,P,True,D,0.5875409245491028,False,D,False,False,False,True,14.301694999971916,0.0080940000088958,0.8283449999453296,42.83124899995983,0.0236610000001746,57.99304399988614
P.MOV,106,P,True,D,0.589794397354126,False,D,False,False,False,True,14.1551660000232,0.0088519999508207,0.8142640000414758,43.05568999996012,0.0227570000106425,58.05672899998626
P.MOV,107,P,True,D,0.5971274971961975,False,D,False,False,False,True,14.236664000009114,0.0073159999374183,0.7741970000552101,42.86463999994794,0.0217179999708605,57.90453499992054
P.MOV,108,P,True,D,0.4248784482479095,False,D,False,False,False,True,14.053606000004493,0.0075839999453819,0.7882649999828573,42.78360199998588,0.0219700000343436,57.65502699995295
P.MOV,109,P,True,D,0.4445216953754425,False,D,False,False,False,True,14.279649000002337,0.0079190000406015,0.8095249999087173,44.34141399997316,0.0256969999554712,59.46420399988028
P.MOV,110,P,True,D,0.4394121766090393,False,D,False,False,False,True,14.07673099998874,0.0088960000539373,0.7966800000076546,43.64081999995051,0.0227040000027045,58.545831000003545
P.MOV,111,P,True,D,0.5202519297599792,False,D,False,False,False,True,13.972952000017358,0.0084769999375566,0.7719070000575812,42.71401200003311,0.0219099999867466,57.48925800003235
P.MOV,112,P,True,D,0.54075688123703,False,D,False,False,False,True,14.12369999997054,0.0096269999403375,0.7963059999838151,43.03691100005835,0.0258000000030733,57.99234399995612
P.MOV,113,P,True,D,0.5934336185455322,False,D,False,False,False,True,14.15585799998098,0.0091989999191355,0.8105660000410353,43.41984100005902,0.0240169999869976,58.41948099998717
P.MOV,114,P,True,D,0.4929577708244324,False,D,False,False,False,True,14.240899000014906,0.0093749999905412,0.8385219999809124,43.30528100001629,0.0232049999340233,58.41728199993668
P.MOV,115,P,True,D,0.5684628486633301,False,D,False,False,False,True,14.160032000006597,0.0079509999295623,0.8311109999112887,43.64267100004327,0.0246000000743151,58.66636499996503
P.MOV,116,P,True,D,0.4476357102394104,False,D,False,False,False,True,14.300705999971797,0.0072380000801786,0.8094240000673381,43.46044500005064,0.0249539999686021,58.60276700013856
P.MOV,117,P,True,D,0.4429691731929779,False,D,False,False,False,True,15.03218900001002,0.008872999956111,0.8063559999982317,43.70008900002631,0.0223910000158866,59.56989800000656
P.MOV,118,P,True,D,0.4655132293701172,False,D,False,False,False,True,14.19562399996721,0.0080989999560188,0.8259889999635561,43.025799000020015,0.0217140000131621,58.07722499991996
P.MOV,119,P,True,D,0.5450931787490845,False,D,False,False,False,True,14.061684000012065,0.0065450000192868,0.7467619999488306,42.53148099996906,0.0226260000317779,57.36909799998102
P.MOV,120,P,True,D,0.4220492541790008,False,D,False,False,False,True,14.069194000001062,0.0066200000219396,0.9030490000441204,42.733254999916426,0.021533999984058,57.733651999967606
P.MOV,121,P,True,D,0.4581285715103149,False,D,False,False,False,True,14.156834000004892,0.0070730000061303,0.8077580000644957,44.65230599998904,0.0216690000343078,59.64564000009887
P.MOV,122,P,True,D,0.5412487387657166,False,D,False,False,False,True,13.856034000014006,0.0432389999787119,0.7490980000284253,42.406050999943545,0.0204680000024382,57.07488999996713
P.MOV,123,P,True,D,0.6818786859512329,False,D,False,False,False,True,14.00513500004763,0.0069430000166903,0.7802950000268538,42.36174999994091,0.0218930000528416,57.17601600008493
P.MOV,124,P,True,D,0.5677694082260132,False,D,False,False,False,True,13.860419999957683,0.0063390000377694,0.76747000002797,43.6478099999249,0.0226720000000568,58.304710999948384
P.MOV,125,P,True,D,0.7050506472587585,False,D,False,False,False,True,13.999382999998032,0.006566000024577,0.7965600000261475,42.59012099998927,0.0208520000342105,57.41348200007224
P.MOV,126,P,True,D,0.6078253388404846,False,D,False,False,False,True,13.861259999998763,0.0064249999240928,0.7842580000669841,43.64983199991457,0.0224079999497917,58.3241829998542
P.MOV,127,P,True,D,0.4491176605224609,False,D,False,False,False,True,14.155387000016615,0.0080469999375054,0.8147009999674992,43.53723600002013,0.0189329999784604,58.53430399992021
P.MOV,128,P,True,D,0.3997644782066345,False,D,False,False,False,True,14.560019000043669,0.0072349999982179,0.7618040000352266,42.3125559999562,0.0197749999415464,57.66138899997486
P.MOV,129,P,True,D,0.4551471769809723,False,D,False,False,False,True,14.222367999991548,0.0075769999057229,0.7972450000579556,42.95075300001372,0.0198629999204058,57.99780599988935
P.MOV,130,P,True,D,0.4584411680698395,False,D,False,False,False,True,13.931810000030964,0.0078210000538092,0.8107749999908265,43.54993300000842,0.023097000052985,58.32343600013701
P.MOV,131,P,True,A,0.4610048830509186,False,A,False,False,False,True,14.145888000030029,0.0080300000036004,0.8013389999632636,43.30128200001582,0.0217880000263903,58.2783270000391
P.MOV,132,P,True,A,0.5592647194862366,False,A,False,False,False,True,14.046144000019469,0.0071150000167108,0.7748760000367838,43.90158699993663,0.0194209999335726,58.74914299994316
P.MOV,133,P,True,A,0.4093935489654541,False,A,False,False,False,True,14.127616999985548,0.0066019999849231,0.7581959999924948,42.54813999989437,0.0192300000207978,57.45978499987814
P.MOV,134,P,True,A,0.4649324119091034,False,A,False,False,False,True,14.15795299999445,0.006563999932041,0.7596620000640542,42.1974460000456,0.0194219999229972,57.14104699995914
P.MOV,135,P,True,A,0.444301426410675,False,A,False,False,False,True,14.057963000027485,0.0069579999717461,0.7487640000363172,43.96002300006785,0.0192279999282618,58.79293600003166
P.MOV,136,P,True,A,0.5974482893943787,False,A,False,False,False,True,14.34203299999126,0.0075220000326226,0.7930450000230849,42.77787099999841,0.0189419999969686,57.93941300004235
P.MOV,137,P,True,A,0.4637557566165924,False,A,False,False,False,True,14.334362999989024,0.0055010000323818,0.7685089999540651,43.03160800009209,0.0187780000260318,58.1587590000936
P.MOV,138,P,True,A,0.5018904805183411,False,A,False,False,False,True,13.753704999999172,0.0059309999187462,0.7826029999478124,43.79400000004807,0.0188879999996061,58.35512699991341
P.MOV,139,P,True,D,0.4520888328552246,False,D,False,False,False,True,13.856126999996832,0.0059720000535889,0.7047779999993509,41.77151700002924,0.0184149999995497,56.35680900007856
P.MOV,140,P,True,D,0.5462010502815247,False,D,False,False,False,True,14.1457689999811,0.0056650000033187,0.8145030000150655,42.90536299993164,0.0179170000365047,57.88921699996763
P.MOV,141,P,True,D,0.5866116285324097,False,D,False,False,False,True,13.96283299999368,0.0074939999876733,0.8637529999759863,42.41286800004218,0.0188010000101712,57.26574900000969
P.MOV,142,P,True,D,0.4939201772212982,False,D,False,False,False,True,15.599795000014185,0.0055169999768622,0.743574000011904,42.01086300008683,0.0183219999598804,58.37807100004966
Q.MOV,0,Q,True,A,0.7289564609527588,False,A,False,False,False,True,14.259385999991991,0.0093319999905361,0.8755490000567079,43.31173299999591,0.0220599999920523,58.4780600000272
Q.MOV,1,Q,True,A,0.6263914704322815,False,A,False,False,False,True,14.055353999992803,0.0080889999480859,0.8457090000320022,43.480508000016016,0.0226290000000517,58.41228899998896
Q.MOV,2,Q,True,A,0.8137780427932739,False,A,False,False,False,True,13.97520800003349,0.0076649999982691,0.9507209999810584,42.70758000006936,0.0217689999999493,57.66294300008212
Q.MOV,3,Q,True,A,0.9098402857780457,False,A,False,False,False,True,13.886805999959506,0.0079620000406066,0.8940619999293631,42.941645999917455,0.023499000008087,57.75397499985502
Q.MOV,4,Q,True,A,0.9103465676307678,False,A,False,False,False,True,14.489643999979762,0.0074189999850204,0.8514259999401474,42.26606599991101,0.0214850000475053,57.63603999986344
Q.MOV,5,Q,True,A,0.846703290939331,False,A,False,False,False,True,14.138738000042396,0.0073559999691497,0.921842999900946,43.65555699996549,0.0232610000239219,58.746754999901896
Q.MOV,6,Q,True,A,0.8824049234390259,False,A,False,False,False,True,13.912881000010202,0.0061839999716539,0.9101440000449657,43.959100999927614,0.0228469999683511,58.81115699992279
Q.MOV,7,Q,True,A,0.8972563743591309,False,A,False,False,False,True,14.081743000019742,0.007063999987622,0.7915619999039336,42.19470300006378,0.0204049999865674,57.09547699996165
Q.MOV,8,Q,True,A,0.9022918939590454,False,A,False,False,False,True,13.831686999992598,0.0070539999796892,0.8536130000038611,43.04807400001209,0.0214719999576118,57.761899999945854
Q.MOV,9,Q,True,A,0.9377681612968444,False,A,False,False,False,True,14.00413299995762,0.0057859999742504,0.7986299999629409,43.78028200005701,0.0205400000368172,58.60937099998864
Q.MOV,10,Q,True,A,0.9549604058265686,False,A,False,False,False,True,13.94202299997005,0.0225900000714318,0.7887430000437234,42.912466000075256,0.0201399999468776,57.68596200010734
Q.MOV,11,Q,True,A,0.9729476571083068,False,A,False,False,False,True,14.106986999991022,0.0067379999109107,0.7776759999842398,43.06160500004808,0.0194770000234711,57.97248299995772
Q.MOV,12,Q,True,A,0.9708272814750672,False,A,False,False,False,True,14.110805999962396,0.0071250000246436,0.8277130000351463,42.87022200003321,0.0186920000260215,57.834558000081415
Q.MOV,13,Q,True,A,0.9840409755706788,False,A,False,False,False,True,14.081551000003856,0.0068089999558651,0.799716999949851,42.731727000045794,0.0221519999286101,57.641955999883976
Q.MOV,14,Q,True,A,0.9774270057678224,False,A,False,False,False,True,14.030493999996452,0.0070120000827955,0.8067700000538025,44.03262899995752,0.0214650000316396,58.89837000012221
Q.MOV,15,Q,True,A,0.9811086058616638,False,A,False,False,False,True,13.968081000029995,0.0067689999241338,0.8199610000474422,42.21243500001037,0.0270650000402383,57.034311000052185
Q.MOV,16,Q,True,A,0.9709917902946472,False,A,False,False,False,True,13.948905000006562,0.0080459999480808,0.8275330000060421,43.25039500008643,0.022038999986762,58.05691800003388
Q.MOV,17,Q,True,A,0.962482750415802,False,A,False,False,False,True,14.090486999975838,0.0061829999822293,0.8363850000705497,42.39425899993421,0.0207329999284411,57.34804699989127
Q.MOV,18,Q,True,A,0.9681289792060852,False,A,False,False,False,True,14.359337999962918,0.0069929999426676,0.8283109999638327,43.72304699995766,0.0191990000075747,58.93688799983465
Q.MOV,19,Q,True,A,0.9459746479988098,False,A,False,False,False,True,14.026232000048822,0.007266000011441,0.8387849999280661,43.499579000013,0.02196200000526,58.39382400000659
Q.MOV,20,Q,True,A,0.9392388463020324,False,A,False,False,False,True,13.9082239999766,0.0084240000433055,0.8862120000685536,43.72366400002648,0.0203710000050705,58.54689500012
Q.MOV,21,Q,True,A,0.9690747857093812,False,A,False,False,False,True,14.071915999977591,0.0088489999825469,0.855712999964453,44.900324999957775,0.0219060000290483,59.85870899991141
Q.MOV,22,Q,True,A,0.9819798469543456,False,A,False,False,False,True,13.967202000003454,0.0078109999321895,0.8241869999210394,43.93509699991682,0.0194719999626613,58.75376899973617
Q.MOV,23,Q,True,A,0.9850901365280152,False,A,False,False,False,True,14.137266999966869,0.0065619999531918,0.8162759999095215,43.28284400003213,0.0210270000025047,58.263975999864215
Q.MOV,24,Q,True,A,0.9837850332260132,False,A,False,False,False,True,13.884500000017397,0.0065670000140016,0.8389839999836113,43.54086900002585,0.0200599999971018,58.29098000003796
Q.MOV,25,Q,True,A,0.9854263067245485,False,A,False,False,False,True,14.271462000010615,0.0074450000511205,0.9141650000401568,43.21464899999228,0.0229659999604336,58.43068700005461
Q.MOV,26,Q,True,A,0.968760311603546,False,A,False,False,False,True,14.141427999959433,0.0083360000644461,0.5433710000488645,42.71548300005179,0.0227479999921342,57.43136600011667
Q.MOV,27,Q,True,A,0.9532434344291688,False,A,False,False,False,True,14.21058900001526,0.008456999921691,0.8625980000260824,45.50824499995088,0.0372860000652508,60.62717499997916
Q.MOV,28,Q,True,A,0.954565703868866,False,A,False,False,False,True,14.159458999984054,0.0065670000140016,0.8579349999990882,44.181588000014926,0.0222889999577091,59.22783799996978
Q.MOV,29,Q,True,A,0.9764580130577089,False,A,False,False,False,True,13.956721999988986,0.0075660000220523,0.8253849999846352,44.406441000091945,0.0232339999683972,59.219348000056016
Q.MOV,30,Q,True,A,0.9695054292678832,False,A,False,False,False,True,14.207971000018915,0.0066339999875708,0.8328569999775937,47.08210699993742,0.0238869999975577,62.15345599991906
Q.MOV,31,Q,True,A,0.970346987247467,False,A,False,False,False,True,13.906045999988237,0.0069080000457688,0.8981489999086989,45.2893500000755,0.0251730000400129,60.12562600005822
Q.MOV,32,Q,True,A,0.9662482738494872,False,A,False,False,False,True,14.050865000001522,0.0099029999773847,0.9071069999890824,45.87952700001097,0.0233850000768143,60.87078700005577
Q.MOV,33,Q,True,A,0.948679268360138,False,A,False,False,False,True,14.147473999969408,0.0090959999852202,0.8651379999946585,43.592516999979125,0.0237240000160454,58.637948999944456
Q.MOV,34,Q,True,A,0.952831208705902,False,A,False,False,False,True,13.98503199999368,0.007333000098697,0.8368779999727849,43.53414199999861,0.0212700000474796,58.38465500011125
Q.MOV,35,Q,True,A,0.9419984221458436,False,A,False,False,False,True,14.136972000017067,0.0061920000007376,0.8132850000492908,42.9283559999476,0.0220669999180245,57.90687199993272
Q.MOV,36,Q,True,A,0.9134094715118408,False,A,False,False,False,True,14.290706999986469,0.0065799999902083,0.8527119999826027,43.00494099993557,0.0220910000052754,58.177030999900126
Q.MOV,37,Q,True,A,0.9088054895401,False,A,False,False,False,True,14.1272900000331,0.0071680000246487,0.8358549999911702,43.57908000008592,0.022815999955128,58.57220900008997
Q.MOV,38,Q,True,A,0.8418203592300415,False,A,False,False,False,True,13.979860999995708,0.0075179999612373,0.8733390000088548,44.189060000007885,0.0190859999520398,59.068863999925725
Q.MOV,39,Q,True,A,0.888152539730072,False,A,False,False,False,True,14.009443999952964,0.0066689999584923,0.8287279999876773,44.21564200004013,0.0195960000155537,59.08007899995482
Q.MOV,40,Q,True,A,0.9701980352401732,False,A,False,False,False,True,13.9294330000439,0.0072539999109721,0.8329360000516317,42.91566899996724,0.0203280000050654,57.70561999997881
Q.MOV,41,Q,True,A,0.9625225067138672,False,A,False,False,False,True,14.310080999962338,0.0082949999296033,0.8158519999597047,44.50817800000095,0.0365580000334375,59.67896399988604
Q.MOV,42,Q,True,A,0.9156237840652466,False,A,False,False,False,True,14.11618700001327,0.0082469999824752,0.8222069999419546,44.16127399997549,0.0222630000052959,59.13017799991849
Q.MOV,43,Q,True,A,0.936106026172638,False,A,False,False,False,True,14.24606699998776,0.0068539999347194,0.850233999926786,43.00607399989076,0.0395459999253944,58.14877499966542
Q.MOV,44,Q,True,A,0.9028047323226928,False,A,False,False,False,True,14.155041999970308,0.0065550000272196,0.8129850000386796,44.96687800008203,0.0205659999892304,59.96202600010747
Q.MOV,45,Q,True,A,0.9180457592010498,False,A,False,False,False,True,14.51065800000606,0.0063030000774233,0.565264999977444,42.8119670000342,0.0190480000128445,57.91324100010797
Q.MOV,46,Q,True,A,0.9661710262298584,False,A,False,False,False,True,14.519753000001856,0.006149999990157,0.7680649999883826,42.798085000072206,0.0226509999947666,58.11470400004737
Q.MOV,47,Q,True,A,0.9650402069091796,False,A,False,False,False,True,14.511423999977067,0.0065719999611246,0.7938159999412164,43.43162199995732,0.0376039999991917,58.78103799983592
Q.MOV,48,Q,True,A,0.978925347328186,False,A,False,False,False,True,14.069359999950848,0.0069929999426676,0.8030989999951998,42.51941899997291,0.0204330000315167,57.419303999893145
Q.MOV,49,Q,True,A,0.9746798276901244,False,A,False,False,False,True,14.168587999961346,0.0080949999983204,0.8715100000245002,44.10469800006922,0.0216519999867159,59.1745430000401
Q.MOV,50,Q,True,A,0.9731402397155762,False,A,False,False,False,True,14.298764999978175,0.0074230000564057,0.7689489999620491,41.876751000017975,0.0218469999708759,56.97373499998548
Q.MOV,51,Q,True,A,0.9729410409927368,False,A,False,False,False,True,14.495341000042572,0.0066210000113642,0.7989620000898867,42.24124400002438,0.0230069999815896,57.56517500014979
Q.MOV,52,Q,True,A,0.9724425077438354,False,A,False,False,False,True,14.198375000034956,0.0071089999664764,0.832257000070058,44.477691999986746,0.021538999931181,59.53697199998942
Q.MOV,53,Q,True,A,0.9732471704483032,False,A,False,False,False,True,14.285457000028146,0.0066970000034416,0.5455470000015339,43.569380000008096,0.0215800000660237,58.42866100010724
Q.MOV,54,Q,True,A,0.9802676439285278,False,A,False,False,False,True,14.1342120000445,0.0082609999481064,0.6031200000506942,45.13380200000938,0.0219880000713601,59.90138300012404
Q.MOV,55,Q,True,A,0.97695130109787,False,A,False,False,False,True,13.904280999952334,0.0091079999720022,0.5721160000575765,45.411569999942,0.0213690000236965,59.91844399994761
Q.MOV,56,Q,True,A,0.987614631652832,False,A,False,False,False,True,15.223019000018212,0.0084429999560597,0.9199140000646366,45.76850999990256,0.0199219999785782,61.93980799992005
Q.MOV,57,Q,True,A,0.9776917695999146,False,A,False,False,False,True,14.128296999956548,0.0067780000563288,0.8030559999951947,44.103993000021546,0.020461000076466,59.06258500010608
Q.MOV,58,Q,True,A,0.9770517945289612,False,A,False,False,False,True,13.93123299999388,0.0064600000087011,0.8107049999352967,43.35029399999257,0.0228069999366198,58.12149899986707
Q.MOV,59,Q,True,A,0.9831277132034302,False,A,False,False,False,True,14.112851999982468,0.0070849999929123,0.834551999901123,43.66274300002715,0.0219820000211257,58.63921399992478
Q.MOV,60,Q,True,A,0.9872967004776,False,A,False,False,False,True,14.07983100000365,0.0082320000274194,0.8708939999451104,44.6962269999176,0.0206210000897044,59.67580499998349
Q.MOV,61,Q,True,A,0.9845585227012634,False,A,False,False,False,True,14.113227999985156,0.0060259999372647,0.8013679999976375,43.71313800004373,0.0217689999999493,58.655528999963735
Q.MOV,62,Q,True,A,0.9809199571609496,False,A,False,False,False,True,13.951740000038626,0.0065790000007837,0.8569249999936801,42.89880800001811,0.0216299999920011,57.7356820000432
Q.MOV,63,Q,True,A,0.9733840227127076,False,A,False,False,False,True,14.007335999963288,0.0072049999744194,0.880809000022964,43.18047599997499,0.0230030000238912,58.09882899995955
Q.MOV,64,Q,True,A,0.9889680743217468,False,A,False,False,False,True,14.125806999970791,0.0059720000535889,0.8197600000130478,42.7980199999638,0.0240150000081484,57.773574000009376
Q.MOV,65,Q,True,A,0.9821953177452089,False,A,False,False,False,True,14.769948999969529,0.0071020000405042,0.9260379999886936,44.46720800001458,0.0245390000372935,60.1948360000506
Q.MOV,66,Q,True,A,0.9892539978027344,False,A,False,False,False,True,14.608033000001797,0.007740000000922,0.8475409999846306,43.35670199998276,0.022192999949766,58.84220899991988
Q.MOV,67,Q,True,A,0.9862819314002992,False,A,False,False,False,True,14.504143000010572,0.007561999950667,0.8647119999523056,42.75625700006458,0.0229460000582548,58.15562000003638
Q.MOV,68,Q,True,A,0.9924813508987428,False,A,False,False,False,True,14.233622000006108,0.0071370000114256,0.6534840000540498,42.7674920000527,0.0273969999398104,57.68913200006409
Q.MOV,69,Q,True,A,0.98851877450943,False,A,False,False,False,True,14.154720000021824,0.0072650000220164,0.5338970000821064,43.76253899999938,0.0202550000949486,58.47867600022028
Q.MOV,70,Q,True,A,0.9881260395050048,False,A,False,False,False,True,13.976397000021734,0.0089909999587689,0.9321370000634488,45.69161099993835,0.0199099999917962,60.629045999974096
Q.MOV,71,Q,True,A,0.989266037940979,False,A,False,False,False,True,14.238565000027847,0.0075439999136506,0.8650879999549943,43.46831099996962,0.0193380000155229,58.59884599988163
Q.MOV,72,Q,True,A,0.9920885562896729,False,A,False,False,False,True,14.216309000005367,0.0063009999848873,0.8012040000267007,42.50204000004487,0.019501000110722,57.54535500017255
Q.MOV,73,Q,True,A,0.9895184636116028,False,A,False,False,False,True,14.19439900001862,0.0065599999743426,0.8350150000069334,42.59300799992616,0.0226949999841963,57.65167699991025
Q.MOV,74,Q,True,A,0.986769437789917,False,A,False,False,False,True,14.071930000000066,0.0079019999930096,0.8341680000967244,43.08604999994259,0.0191960000393009,58.01924600007169
Q.MOV,75,Q,True,A,0.990551233291626,False,A,False,False,False,True,14.137440000013155,0.0064209999663944,0.8074590000433091,42.21637800003464,0.0209319999839863,57.188630000041485
Q.MOV,76,Q,True,A,0.9919339418411256,False,A,False,False,False,True,13.974824000001718,0.0065860000404427,0.8162909999782642,43.09425300004932,0.0205530000130238,57.91250700008277
Q.MOV,77,Q,True,A,0.9903117418289183,False,A,False,False,False,True,14.397719000044162,0.0063139999610939,0.8057310000140205,42.79313500001081,0.0212190000183909,58.02411800004848
Q.MOV,78,Q,True,A,0.9861992597579956,False,A,False,False,False,True,13.972284000033142,0.0064060000113386,0.8097820000330103,42.65745999998671,0.0208120000024791,57.46674400006668
Q.MOV,79,Q,True,A,0.9855768084526062,False,A,False,False,False,True,14.126459000010527,0.0063489999320154,0.8786339999460324,43.16451800002597,0.0214679999999134,58.19742799991445
Q.MOV,80,Q,True,A,0.976261019706726,False,A,False,False,False,True,13.865755999972862,0.006493999990198,0.8474189999105874,43.26593700000103,0.0203249999231047,58.00593099979778
Q.MOV,81,Q,True,A,0.9869616031646729,False,A,False,False,False,True,14.365949000023193,0.0068279999823062,0.8185990000129095,43.50448200000301,0.0193320000789753,58.71519000010039
Q.MOV,82,Q,True,A,0.9808525443077089,False,A,False,False,False,True,14.0241729999957,0.0083899999481218,0.8552540000437148,43.11380599995118,0.0209519999998519,58.02257499993857
Q.MOV,83,Q,True,A,0.9668379426002502,False,A,False,False,False,True,13.916511000047649,0.0066710000510283,0.8193159999336785,44.21660500008784,0.0239769999552663,58.98308000007546
Q.MOV,84,Q,True,A,0.9624998569488524,False,A,False,False,False,True,14.097162999973987,0.0063119999822447,0.8238489999712328,43.40250999996442,0.0478009999369533,58.37763499982884
Q.MOV,85,Q,True,A,0.9718663692474364,False,A,False,False,False,True,13.965345999963574,0.006554000037795,0.8206680000739652,43.58244200000172,0.0223050000158764,58.39731500009293
Q.MOV,86,Q,True,A,0.9671536087989808,False,A,False,False,False,True,14.23000699998056,0.0061539999478554,0.8363640000652595,42.685843000072055,0.0197240000261444,57.778092000091874
Q.MOV,87,Q,True,A,0.9698743224143982,False,A,False,False,False,True,13.950466000039796,0.0069000000166852,0.8379330000707341,42.53719100006492,0.0203370000235736,57.35282700021571
Q.MOV,88,Q,True,A,0.9856544137001038,False,A,False,False,False,True,13.982970999961708,0.0065279999716949,0.7919770000626158,43.46694100001969,0.0221299999338953,58.2705469999496
Q.MOV,89,Q,True,A,0.9803844094276428,False,A,False,False,False,True,14.067071999988912,0.0075770000194097,0.9031450000520636,44.07545800006574,0.0235509999129135,59.07680300003904
Q.MOV,90,Q,True,A,0.9804168343544006,False,A,False,False,False,True,14.229640999985804,0.0072450000061508,0.8092489999853569,43.77585700001418,0.0228880001031939,58.84488000009469
Q.MOV,91,Q,True,A,0.9768532514572144,False,A,False,False,False,True,15.135658000019705,0.0070679999453204,0.5238179999196291,43.48924999999326,0.0259549999555019,59.18174899983342
Q.MOV,92,Q,True,A,0.9807063341140748,False,A,False,False,False,True,13.9665730000047,0.0079690000802656,0.8699969999952373,46.45388599999478,0.0222049999365481,61.32063000001153
Q.MOV,93,Q,True,A,0.9851505160331726,False,A,False,False,False,True,14.113426999983858,0.0087600000142629,0.813166999932946,44.39300900003218,0.0229739999895173,59.35133699995277
Q.MOV,94,Q,True,A,0.9881173968315125,False,A,False,False,False,True,14.03518099999701,0.0070879999611861,0.7691250000334549,46.85295300009784,0.0225960000079794,61.68694300009747
Q.MOV,95,Q,True,A,0.985884130001068,False,A,False,False,False,True,13.997987999971429,0.0077419999797712,0.7831479999822477,50.51289799996539,0.0222269999312629,65.3240029998301
Q.MOV,96,Q,True,A,0.9824597835540771,False,A,False,False,False,True,14.113451000014264,0.0140879999435128,0.7094900000765847,51.31205999998656,0.040042000023277,66.1891310000442
Q.MOV,97,Q,True,A,0.984978973865509,False,A,False,False,False,True,14.23626000001832,0.0072730000511,0.8055229999399671,43.28648799992152,0.0216910000290226,58.35723499995993
Q.MOV,98,Q,True,A,0.984281063079834,False,A,False,False,False,True,14.37132199998814,0.0073720000273169,0.8187239999415397,43.273147999912,0.0213159999020717,58.49188199977107
Q.MOV,99,Q,True,A,0.9838194251060486,False,A,False,False,False,True,14.106539000010798,0.0067720000060944,0.7860409999693729,42.73902600004931,0.0413850000313686,57.67976300006694
Q.MOV,100,Q,True,A,0.9873314499855042,False,A,False,False,False,True,14.081709000038243,0.0077060000194251,0.8870980000210693,43.187322999983735,0.021966999952383,58.18580300001486
Q.MOV,101,Q,True,A,0.983526051044464,False,A,False,False,False,True,14.006537000000208,0.0072079999426932,0.6238359999315435,43.66743000002771,0.0268270000560733,58.33183799995823
Q.MOV,102,Q,True,A,0.9883814454078674,False,A,False,False,False,True,13.972331000047689,0.0073489999294906,0.7999680000239096,43.50700500003768,0.022868999963066,58.30952200000184
Q.MOV,103,Q,True,A,0.9723436236381532,False,A,False,False,False,True,13.995405000002847,0.0083270000459378,0.8118910000121105,42.96710899996015,0.0231239999948229,57.805856000015865
Q.MOV,104,Q,True,A,0.9787185192108154,False,A,False,False,False,True,14.108721000013702,0.0063850000060483,0.8156360000839413,42.428465999933,0.0193509999917296,57.37855900002842
Q.MOV,105,Q,True,A,0.9856254458427428,False,A,False,False,False,True,14.12049800001114,0.0069280000616345,0.8038119999582705,43.04322100006175,0.0210870000501017,57.995546000142895
Q.MOV,106,Q,True,A,0.9876658916473388,False,A,False,False,False,True,14.042280000012395,0.0068809999902441,0.5025660000228527,42.64612699989812,0.0200230000473311,57.21787699997094
Q.MOV,107,Q,True,A,0.9856524467468262,False,A,False,False,False,True,14.265466000040306,0.0059320000218576,0.5242519999910655,42.059524000023885,0.0211930000659776,56.87636700014309
Q.MOV,108,Q,True,A,0.9861440658569336,False,A,False,False,False,True,14.024261000031402,0.0065069999664046,0.8316269999113501,43.34879299995009,0.0196630001028097,58.23085099996206
Q.MOV,109,Q,True,A,0.9924524426460266,False,A,False,False,False,True,14.020592999997916,0.0060719999055436,0.8330590000014126,43.50213399993663,0.0193990000525445,58.38125699989405
Q.MOV,110,Q,True,A,0.984799861907959,False,A,False,False,False,True,14.03226000002178,0.006405000021914,0.8370869999225761,43.16600700008166,0.0198459999865008,58.06160500003443
Q.MOV,111,Q,True,A,0.9755869507789612,False,A,False,False,False,True,14.152530999979264,0.0065750000430853,0.8522209999455299,42.00542499995663,0.0224690001005001,57.03922100002501
Q.MOV,112,Q,True,A,0.9634997248649596,False,A,False,False,False,True,14.412881000055222,0.0075319999268685,0.9248769999885552,43.64524699997219,0.0189809999255885,59.00951799986842
Q.MOV,113,Q,True,A,0.9699137806892396,False,A,False,False,False,True,13.96073000000797,0.007419999974445,0.5799780000188548,44.060075999937,0.0376020000203425,58.64580599995861
Q.MOV,114,Q,True,A,0.9646227359771729,False,A,False,False,False,True,13.93442800002731,0.0068770000325457,0.9012599999778104,45.46862799998053,0.0201259999812464,60.33131899999944
Q.MOV,115,Q,True,A,0.9729511737823486,False,A,False,False,False,True,13.896000999977788,0.0063300000192612,0.8470599999554906,42.97231600003215,0.020692000020972,57.74239900000566
Q.MOV,116,Q,True,A,0.9743157029151917,False,A,False,False,False,True,13.888169000040309,0.0065289999611195,0.8315559999800826,44.73297499998807,0.0202850000050602,59.47951399997464
Q.MOV,117,Q,True,A,0.9749987125396729,False,A,False,False,False,True,14.064171000029546,0.0066489999426266,0.8245190000479852,42.88675299994793,0.0254860000268308,57.80757799999492
Q.MOV,118,Q,True,A,0.964553952217102,False,A,False,False,False,True,13.95256200004269,0.0062569999954575,0.8020689999739261,43.21991899996647,0.0195659999917552,58.000372999970295
Q.MOV,119,Q,True,A,0.9770381450653076,False,A,False,False,False,True,14.143486000023133,0.0071979999347604,0.8268999999927473,43.17161400001624,0.0215699999444041,58.17076799991128
Q.MOV,120,Q,True,A,0.980152189731598,False,A,False,False,False,True,13.942321999991236,0.0066030000880346,0.4905380000082004,42.527334999931554,0.0210339999284769,56.9878319999475
Q.MOV,121,Q,True,A,0.9688924551010132,False,A,False,False,False,True,14.14310000001251,0.0062780000007478,0.5121280000821571,42.673368999999184,0.0218659999973169,57.35674100009192
Q.MOV,122,Q,True,A,0.978108286857605,False,A,False,False,False,True,14.074695999966025,0.0066810000589612,0.8298430000195367,42.87680100003399,0.0188190000471877,57.8068400001257
Q.MOV,123,Q,True,A,0.9683470129966736,False,A,False,False,False,True,14.01633200003971,0.0062739999293626,0.806935000014164,43.08949099993242,0.0213189999840324,57.94035099989969
Q.MOV,124,Q,True,A,0.9705278277397156,False,A,False,False,False,True,13.9375589999986,0.0220800000079179,0.7879690000436312,43.17382199997155,0.0360340000042924,57.95746400002599
Q.MOV,125,Q,True,A,0.9591002464294434,False,A,False,False,False,True,14.261539000017365,0.0076210000088394,0.8193710000341525,43.44204600010926,0.0212670000792059,58.55184400024882
Q.MOV,126,Q,True,A,0.9676201939582824,False,A,False,False,False,True,15.273375999981909,0.0122909999618059,0.8051149999346308,43.03704599999492,0.0228370000741051,59.15066499994737
Q.MOV,127,Q,True,A,0.972094178199768,False,A,False,False,False,True,14.336996999986695,0.0063609999187974,0.7946279999941908,43.40303200001472,0.0224829999524445,58.56350099986685
Q.MOV,128,Q,True,A,0.9858593344688416,False,A,False,False,False,True,14.126328000031664,0.0071769999294701,0.7955309999942983,42.256441000063205,0.0211519999311349,57.20662899994977
Q.MOV,129,Q,True,A,0.9906512498855592,False,A,False,False,False,True,14.122792999955893,0.0087070000063249,0.8496640000430489,48.54576300010649,0.0204359999997905,63.547363000111545
Q.MOV,130,Q,True,A,0.9897043108940125,False,A,False,False,False,True,16.008639999995466,0.0082349999956932,0.8409129999336074,45.48682900008316,0.0215160000607284,62.36613300006866
Q.MOV,131,Q,True,A,0.992068648338318,False,A,False,False,False,True,14.012407999985044,0.0076540000009117,0.9271270000681398,45.708687999990616,0.0212480000527648,60.67712500009748
Q.MOV,132,Q,True,A,0.9911222457885742,False,A,False,False,False,True,14.10059399995589,0.0067050000325252,0.8227299999816751,43.59226600001875,0.0221139999894148,58.54440899997826
Q.MOV,133,Q,True,A,0.9905380010604858,False,A,False,False,False,True,14.085930000021564,0.0068670000246129,0.8930240001063794,43.64875499993559,0.0234599999657802,58.658036000053926
Q.MOV,134,Q,True,A,0.9891341328620912,False,A,False,False,False,True,14.142684000034931,0.0068680000140375,0.8553139999776249,43.63298999999188,0.0221489999603363,58.66000499997881
Q.MOV,135,Q,True,A,0.9916343688964844,False,A,False,False,False,True,14.09864900000457,0.0082370000882292,0.8761070000673499,43.854514000031486,0.0213079999866749,58.85881500017831
Q.MOV,136,Q,True,A,0.9944924116134644,False,A,False,False,False,True,13.938641999970969,0.0069850000272708,0.7962180000049557,42.553697000016655,0.0233670000397978,57.31890900005965
Q.MOV,137,Q,True,A,0.9926230907440186,False,A,False,False,False,True,14.113183000006302,0.0073510000220267,0.8454039999605811,42.92651100001876,0.0214960000448627,57.913945000052536
Q.MOV,138,Q,True,A,0.9935397505760192,False,A,False,False,False,True,14.055453000025864,0.0074489998951321,0.7781950000662619,42.89213800007019,0.0223939999841604,57.75562900004161
Q.MOV,139,Q,True,A,0.9745551347732544,False,A,False,False,False,True,13.910196999972868,0.0119530000119993,0.8479330000454866,44.37026400000832,0.0209309999945617,59.16127800003324
Q.MOV,140,Q,True,A,0.9272878766059875,False,A,False,False,False,True,13.76881499999172,0.0059619999319693,0.8760160000065298,44.66738999997233,0.0210520000791802,59.33923499998173
Q.MOV,141,Q,True,A,0.9391221404075624,False,A,False,False,False,True,14.046745999962695,0.0177229999280825,0.917914999945424,44.78589100006048,0.0189710000313425,59.78724599992802
Q.MOV,142,Q,True,A,0.8919921517372131,False,A,False,False,False,True,14.205867999976364,0.0081949999639618,0.9743489999891608,47.38356799998655,0.0215539999999236,62.59353399991596
Q.MOV,143,Q,True,A,0.9090805649757384,False,A,False,False,False,True,14.30709700002808,0.0074910000193995,0.832225999943148,43.61753800003498,0.0216030000501632,58.785955000075774
R.MOV,0,R,True,Z,0.592583954334259,False,Z,False,False,False,True,14.2712260000053,0.0092589999667325,0.8625949999441218,43.511359000035554,0.0238200000239885,58.6782589999757
R.MOV,1,R,True,Z,0.6175553798675537,False,Z,False,False,False,True,14.29600999995273,0.0071030000299288,0.8459029999130507,44.65568999989955,0.0215950000210796,59.82630099981634
R.MOV,2,R,True,Z,0.6610847115516663,False,Z,False,False,False,True,13.943611000001964,0.0060920000350961,0.8316659999536569,43.12670399997387,0.0224630000502656,57.93053600001485
R.MOV,3,R,True,Z,0.6495344042778015,False,Z,False,False,False,True,14.209239000024354,0.0081790000194814,0.8723759999611502,43.1343159999642,0.0201320000314808,58.24424200000067
R.MOV,4,R,True,Z,0.7675171494483948,False,Z,False,False,False,True,14.257910000026186,0.0070710000272811,0.8397170000762344,43.27154499992503,0.0193810000155281,58.395624000070256
R.MOV,5,R,True,Z,0.7877273559570312,False,Z,False,False,False,True,13.932989000011275,0.0071860000616652,0.8493320000297899,44.08128900001884,0.019705999989128,58.8905020001107
R.MOV,6,R,True,Z,0.7780508995056152,False,Z,False,False,False,True,14.027779000002738,0.0062280000747705,0.8357070000784006,42.51556199994866,0.0189749999890409,57.40425100009361
R.MOV,7,R,True,Z,0.778029203414917,False,Z,False,False,False,True,13.968370999975832,0.0080780000644153,0.9307540000236258,44.07684099999187,0.0196910000340722,59.00373500008982
R.MOV,8,R,True,Z,0.7349933385848999,False,Z,False,False,False,True,13.91846900003202,0.0072579999823574,0.8676730000161115,42.94503899996016,0.0576679999539919,57.79610699994464
R.MOV,9,R,True,Z,0.7021794319152832,False,Z,False,False,False,True,13.949450999973578,0.0075230000220471,0.8772620000172537,44.74365900000521,0.0207069999760278,59.59860199999412
R.MOV,10,R,True,Z,0.6560108661651611,False,Z,False,False,False,True,14.04964400001063,0.0076999999691906,0.8509130000220466,43.41206700007661,0.0200839999706659,58.34040800004914
R.MOV,11,R,True,Z,0.7106276154518127,False,Z,False,False,False,True,13.861522000013338,0.006231999918782,0.9402749999480876,44.537748000038846,0.0203490000103556,59.36612599992941
R.MOV,12,R,True,Z,0.7237236499786377,False,Z,False,False,False,True,13.890169000035256,0.0069230000008246,0.849998000035157,43.10075399996549,0.0206040000421126,57.86844800007884
R.MOV,13,R,True,Z,0.6581834554672241,False,Z,False,False,False,True,14.081887999964238,0.0070810000352139,0.8645529999284918,43.509051999990334,0.0199180000208798,58.48249199993916
R.MOV,14,R,True,Z,0.61521315574646,False,Z,False,False,False,True,14.0984750000257,0.0079410000353163,0.8607260000417227,43.20760500002052,0.037276000057318,58.21202300018058
R.MOV,15,R,True,Z,0.6147916913032532,False,Z,False,False,False,True,13.995102000023962,0.0063680000721433,0.8413059999838879,43.50240999997368,0.0189999999520296,58.3641860000057
R.MOV,16,R,True,Z,0.6012492179870605,False,Z,False,False,False,True,13.884082000004128,0.0069390000589919,0.8342820000279971,46.477082000023984,0.0197540000499429,61.22213900016504
R.MOV,17,R,True,Z,0.5102480053901672,False,Z,False,False,False,True,13.956493000023327,0.0078510000776077,0.9723550000444448,46.58864399993945,0.0199549999706505,61.54529800005548
R.MOV,18,R,True,Z,0.621627688407898,False,Z,False,False,False,True,14.26183600000286,0.0078959999427752,0.9303439999257536,43.30682800002705,0.0204669998993267,58.52737099979777
R.MOV,19,R,True,Z,0.5530354976654053,False,Z,False,False,False,True,14.447978000021068,0.0067269999135533,0.8624969999573295,43.84149400004844,0.0219630001083714,59.18065900004876
R.MOV,20,R,True,Z,0.5618805885314941,False,Z,False,False,False,True,14.025877999984004,0.0086219999957393,0.9022529999356266,45.130983000035485,0.021189999984017,60.08892599993487
R.MOV,21,R,True,Z,0.4959419369697571,False,Z,False,False,False,True,14.029822999987118,0.0085980000221752,0.9528629999522308,43.90446900004008,0.0211589999707939,58.9169119999724
R.MOV,22,R,True,Z,0.5074092149734497,False,Z,False,False,False,True,14.013621000003695,0.0096740000117279,0.8751369999799863,44.3614929999967,0.0200299999733033,59.27995499996541
R.MOV,23,R,True,Z,0.4790671169757843,False,Z,False,False,False,True,14.158983000015724,0.007542999924226,0.86638999994193,43.72231799993642,0.0202909999416078,58.77552499975991
R.MOV,24,R,True,Z,0.528959333896637,False,Z,False,False,False,True,14.068441999995684,0.012259000072845,0.8448670000689162,43.57775500000116,0.0202679999574684,58.52359100009608
R.MOV,25,R,True,Z,0.335549533367157,False,Z,False,False,False,True,14.161961000013434,0.0068899998950655,0.8538489998954901,43.40816599994923,0.0205680000817665,58.45143399983499
R.MOV,26,R,True,S,0.3444088101387024,False,S,False,False,False,True,14.21226999997316,0.0078699999903619,0.8887059999551639,45.03197099995759,0.0206949999892458,60.161511999865525
R.MOV,27,R,True,Z,0.3499923050403595,False,Z,False,False,False,True,13.957607999998343,0.0066940000351678,0.8179270000709948,42.52939299999525,0.0225560000899349,57.334178000189695
R.MOV,28,R,True,S,0.3330293893814087,False,S,False,False,False,True,13.849316000005274,0.006551999945259,0.8905530000902218,44.91366699994615,0.0208349999866186,59.68092299997352
R.MOV,29,R,True,S,0.2948209643363952,False,S,False,False,False,True,14.001702000030036,0.0075259999903209,0.8863220000421279,45.08422700007486,0.0206669999442965,60.00044400008164
R.MOV,30,R,True,S,0.3103876411914825,False,S,False,False,False,True,14.077694000036445,0.0068699999928867,0.8101489999035039,44.20717699997567,0.0202379999336699,59.12212799984218
R.MOV,31,R,True,A,0.3013133704662323,False,A,False,False,False,True,14.052122000009604,0.0101179999774103,0.8367300000600153,44.85787800001617,0.0208970000130648,59.777745000076266
R.MOV,32,R,True,A,0.3861561715602875,False,A,False,False,False,True,13.903641000013067,0.0084530000776794,0.8720040000298468,44.59354999994503,0.0208870000051319,59.39853500007075
R.MOV,33,R,True,S,0.3427788317203522,False,S,False,False,False,True,14.447739999980058,0.0086219999957393,0.9236829999963448,44.17651799997202,0.0200969999468725,59.57665999989104
R.MOV,34,R,True,S,0.3798354864120483,False,S,False,False,False,True,14.09480799998164,0.0064419999716847,0.8581499999991138,44.150843000011264,0.0204540000368069,59.13069700000051
R.MOV,35,R,True,Z,0.3197895288467407,False,Z,False,False,False,True,13.942036999992524,0.0093479999350165,0.872806999950626,46.16069099995457,0.0251510000452981,61.01003399987803
R.MOV,36,R,True,Z,0.2716352045536041,False,Z,False,False,False,True,14.498408999997991,0.009673999898041,0.895983999953387,44.231942999999774,0.0232879999657598,59.65929799981495
R.MOV,37,R,True,Z,0.3304707705974579,False,Z,False,False,False,True,14.063350000014909,0.0088699999878372,0.9226849999777188,46.570255000006,0.0209859999813488,61.58614599996781
R.MOV,38,R,True,Z,0.3831217586994171,False,Z,False,False,False,True,14.127356000017244,0.0079569999797968,0.892188000079841,43.81490799994481,0.0201789999891843,58.86258800001088
R.MOV,39,R,True,Z,0.3364317119121551,False,Z,False,False,False,True,14.066350000007333,0.0068580000061047,0.8469489999924917,44.541579999986425,0.0232529999948383,59.48498999998719
R.MOV,40,R,True,Z,0.4422778189182281,False,Z,False,False,False,True,14.078088000019306,0.0071509999770569,0.8689140000797124,48.63803199998529,0.0226439999551075,63.61482900001647
R.MOV,41,R,True,Z,0.5813016891479492,False,Z,False,False,False,True,13.900666999973057,0.007840999955988,0.8853450000287921,44.22932399995716,0.020319000100244,59.04349600001524
R.MOV,42,R,True,Z,0.6629585027694702,False,Z,False,False,False,True,14.573412999993709,0.0070170000299185,0.8381180000469612,42.69979599996532,0.0186769999572788,58.13702099999318
R.MOV,43,R,True,Z,0.628829836845398,False,Z,False,False,False,True,14.277847000016664,0.012336000054347,0.7825779999848237,62.7813270000388,0.0239419999843448,77.87803000007898
R.MOV,44,R,True,Z,0.6208139657974243,False,Z,False,False,False,True,13.917295999988257,0.0076310000167723,0.9129559999792036,43.01257099996292,0.019571000052565,57.870024999999714
R.MOV,45,R,True,Z,0.6817836761474609,False,Z,False,False,False,True,13.952386000028127,0.0065230000245719,0.812272000075609,45.95589999996719,0.0206539999680899,60.74773500006359
R.MOV,46,R,True,Z,0.686026930809021,False,Z,False,False,False,True,14.133035999975618,0.007893999963926,0.867727000013474,43.18346299999121,0.0210859999469903,58.213205999891215
R.MOV,47,R,True,Z,0.6394609808921814,False,Z,False,False,False,True,13.946263000036652,0.0065730000642361,0.8311029999958919,43.92117800000506,0.0232710000318547,58.72838800013369
R.MOV,48,R,True,Z,0.5969386696815491,False,Z,False,False,False,True,14.036677999968106,0.0065100000483653,0.8289190000141389,43.23320899993632,0.0216689999206209,58.126984999887554
R.MOV,49,R,True,Z,0.6098765730857849,False,Z,False,False,False,True,14.05275199999778,0.0071460000299339,0.6406680000736742,44.30672000000868,0.0226910000264979,59.02997700013657
R.MOV,50,R,True,Z,0.4977781474590301,False,Z,False,False,False,True,13.93496299999697,0.0079940000432543,0.8745139999746243,43.51783300000989,0.0212830000236863,58.35658700004842
R.MOV,51,R,True,Z,0.4741868376731872,False,Z,False,False,False,True,13.864565999995191,0.0052299999424576,0.9055689999968308,43.840085000056206,0.0227030000132799,58.63815300000397
R.MOV,52,R,True,nothing,0.5104182958602905,False,nothing,False,False,False,True,14.1813989999946,0.0075739999374491,0.852021000014247,43.58900199997606,0.0224619999471542,58.65245799986951
R.MOV,53,R,True,nothing,0.5370168089866638,False,nothing,False,False,False,True,13.994419000027849,0.0081319999480911,0.9461549999514318,46.05688000003738,0.0227839999524803,61.02836999991723
R.MOV,54,R,True,nothing,0.4568724334239959,False,nothing,False,False,False,True,13.918790999980502,0.0072750000299492,0.838679000025877,43.13961900004415,0.0211809999655088,57.92554500004599
R.MOV,55,R,True,nothing,0.3676649928092956,False,nothing,False,False,False,True,13.94702300001427,0.0087919999032237,0.8484299999054201,43.5337349999827,0.0390110000125787,58.37699099981819
R.MOV,56,R,True,nothing,0.4728919267654419,False,nothing,False,False,False,True,14.096655000003013,0.0085880000142424,0.9195000000090658,44.04785099995934,0.0279490000139048,59.10054299999956
R.MOV,57,R,True,nothing,0.3376477360725403,False,nothing,False,False,False,True,15.090315999998438,0.0071590000061405,0.8129850000386796,44.209878999936336,0.0188870000101815,60.139225999989776
R.MOV,58,R,True,nothing,0.4247788786888122,False,nothing,False,False,False,True,14.209585999992669,0.007557000003544,0.9515139998939048,46.76837700003489,0.0217919999840887,61.958825999909095
R.MOV,59,R,True,nothing,0.3603501915931701,False,nothing,False,False,False,True,14.248903999998674,0.0071279999929174,0.8098389999986466,43.950919000053545,0.0197869999283284,59.03657699997211
R.MOV,60,R,True,nothing,0.4153667390346527,False,nothing,False,False,False,True,14.101250999999593,0.0078600000961159,0.9441299999934928,43.40995299992301,0.0235049999446346,58.48669899995684
R.MOV,61,R,True,delete,0.297255277633667,False,delete,False,False,False,True,14.046837000023515,0.0074490000088189,0.8731589999797507,44.416987999966295,0.0382079999781126,59.38264099995649
R.MOV,62,R,True,nothing,0.2893000543117523,False,nothing,False,False,False,True,14.200395999978356,0.00705200000084,0.6040729999767791,44.08717000001161,0.0224460000026738,58.92113699997026
R.MOV,63,R,True,nothing,0.2676341533660888,False,nothing,False,False,False,True,14.110318999996707,0.0070969999796943,0.8192410000447126,43.18933399997604,0.0234380000847522,58.14942900008191
R.MOV,64,R,True,delete,0.2140218615531921,False,delete,False,False,False,True,13.95803499997328,0.0065640000457278,0.8102259999986927,45.54016600002342,0.0228469999683511,60.33783800000947
R.MOV,65,R,True,nothing,0.2363267242908477,False,nothing,False,False,False,True,14.32624400001714,0.0066590000642463,0.840078999999605,43.738912999970125,0.0223360000290995,58.93423100008022
R.MOV,66,R,True,nothing,0.2411692142486572,False,nothing,False,False,False,True,14.34103399998321,0.0068929999770261,0.8939420000615428,43.510686000104215,0.0218840000343334,58.77443900016033
R.MOV,67,R,True,A,0.2281270623207092,False,A,False,False,False,True,14.310039999998024,0.006647999953202,0.8763270000144985,43.505383999900005,0.0219849999893995,58.72038399985513
R.MOV,68,R,True,A,0.2608113288879394,False,A,False,False,False,True,14.262644999973872,0.0067769999532174,0.8314860000382396,43.85869800000819,0.0225740000132645,58.98217999998678
R.MOV,69,R,True,A,0.3043227791786194,False,A,False,False,False,True,14.377723999984935,0.0124739999591838,0.9068729999626156,47.46366800009128,0.0221690000898888,62.7829080000879
R.MOV,70,R,True,A,0.3462595641613006,False,A,False,False,False,True,14.206916999967234,0.0075300000617062,0.938166999958412,46.67560399991544,0.0238110000054803,61.85202899990827
R.MOV,71,R,True,A,0.3400390148162842,False,A,False,False,False,True,14.12094500000194,0.0069660000008298,0.8211880000317251,44.05191700004707,0.0220250000211308,59.02304100010269
R.MOV,72,R,True,A,0.2294371277093887,False,A,False,False,False,True,14.112815999965278,0.0066569999717103,0.8659380000608508,44.68433500005631,0.021687999947062,59.69143400000121
R.MOV,73,R,True,A,0.2007272988557815,False,A,False,False,False,True,14.163991999964765,0.0092899999799556,0.8787049999909868,43.46647900001699,0.0244599999632555,58.54292599991595
R.MOV,74,R,True,nothing,0.2601307928562164,False,nothing,False,False,False,True,14.310914999953184,0.0073820000352498,0.8593150000706373,43.07486100003644,0.021392000007836,58.27386500010334
R.MOV,75,R,True,delete,0.2366309762001037,False,delete,False,False,False,True,14.307010999971226,0.0073019999717871,0.895837000030042,44.20434499991188,0.0222850000000107,59.43677999988495
R.MOV,76,R,True,nothing,0.3505889475345611,False,nothing,False,False,False,True,14.215551999996023,0.0065739999399738,0.9935899998936292,50.48101099998803,0.0201689999812515,65.71689599979891
R.MOV,77,R,True,nothing,0.2791551351547241,False,nothing,False,False,False,True,14.38175699996691,0.0073779999638645,0.8756199999879755,47.96279999993658,0.0238139999737541,63.25136899982908
R.MOV,78,R,True,nothing,0.3574629724025726,False,nothing,False,False,False,True,14.353117999974074,0.0081279999903927,0.9403029999930368,49.27891299996645,0.0219249999418025,64.60238699986576
R.MOV,79,R,True,nothing,0.2995689213275909,False,nothing,False,False,False,True,14.251669000032052,0.007537999977103,0.8872370000290175,45.154689000014514,0.0201020000076823,60.32123500006037
R.MOV,80,R,True,nothing,0.4440098404884338,False,nothing,False,False,False,True,14.01816999998573,0.0065450000192868,0.5359350000162522,43.25944200002141,0.0186569999414132,57.83874899998409
R.MOV,81,R,True,nothing,0.493453174829483,False,nothing,False,False,False,True,14.422028000012688,0.0056190000350397,0.8102479999934076,44.96547200005807,0.020401000028869,60.22376800012808
R.MOV,82,R,True,nothing,0.3987435102462768,False,nothing,False,False,False,True,14.20573399997238,0.0069200000325508,0.8935490000112623,43.47472100005234,0.019694000002346,58.60061800007088
R.MOV,83,R,True,nothing,0.3226207494735718,False,nothing,False,False,False,True,14.051530999950046,0.0076030000855098,0.8891820000371808,43.37787899999057,0.0234689999842885,58.3496640000476
R.MOV,84,R,True,nothing,0.5506353378295898,False,nothing,False,False,False,True,14.506304000008186,0.0072390000696032,0.5160670000350365,42.81149400003415,0.0218940000422662,57.86299800018924
R.MOV,85,R,True,nothing,0.4419100880622864,False,nothing,False,False,False,True,14.24252799995429,0.0073209999982282,0.8400010000286784,42.53601400000662,0.0272669999503705,57.653130999938185
R.MOV,86,R,True,nothing,0.5485327243804932,False,nothing,False,False,False,True,14.213953000023594,0.0066990000959776,0.8294149999983347,42.30524599995533,0.0206470000421177,57.37596000011536
R.MOV,87,R,True,nothing,0.6049016714096069,False,nothing,False,False,False,True,14.378067999984978,0.0078739999480603,0.8599709999543848,43.34754100000282,0.0201579999838941,58.61361199987414
R.MOV,88,R,True,nothing,0.6890524625778198,False,nothing,False,False,False,True,14.314784000021064,0.008321999985128,0.8832080000047426,43.57302000005348,0.0211679999893021,58.80050200005371
R.MOV,89,R,True,nothing,0.618607223033905,False,nothing,False,False,False,True,14.25513399999545,0.0080439999692316,0.9069619999308998,44.46178699993197,0.022750999960408,59.65467799978797
R.MOV,90,R,True,nothing,0.60453861951828,False,nothing,False,False,False,True,14.151914000024137,0.0077570000485138,0.6114779999961684,43.61106800001835,0.0220639999497507,58.40428100003692
R.MOV,91,R,True,nothing,0.5662950873374939,False,nothing,False,False,False,True,14.159069000015734,0.0069400000484165,0.8677710000029037,44.22210799998538,0.0214980000237119,59.27738600007615
R.MOV,92,R,True,nothing,0.6834365129470825,False,nothing,False,False,False,True,14.021614999990106,0.0069040000880704,0.92285499999889,43.42535299997508,0.0219859999788241,58.398713000030966
R.MOV,93,R,True,nothing,0.6307529211044312,False,nothing,False,False,False,True,14.224831000035463,0.0061949999690114,0.8527250000724962,44.55359000007775,0.0212859999919601,59.65862700014668
R.MOV,94,R,True,nothing,0.5354323387145996,False,nothing,False,False,False,True,14.123282000014116,0.0070600000299236,0.9322449999444872,44.12923899997168,0.0231779999921855,59.21500399995239
R.MOV,95,R,True,nothing,0.4630310237407684,False,nothing,False,False,False,True,14.2121970000062,0.0071859999479784,0.8481469999424007,43.743229000028805,0.0221990000000005,58.83295799992538
R.MOV,96,R,True,nothing,0.4836405515670776,False,nothing,False,False,False,True,13.872204999984206,0.0070180000193431,0.8440889999974388,42.97504100009064,0.0195300000314091,57.71788300012304
R.MOV,97,R,True,nothing,0.483673632144928,False,nothing,False,False,False,True,14.14024100000688,0.0078629999507029,0.9016470000915432,43.92419299995254,0.0220169999920472,58.99596099999371
R.MOV,98,R,True,nothing,0.2851942479610443,False,nothing,False,False,False,True,14.083357999993495,0.0066590000642463,0.9411679999402622,44.44123400003264,0.021731000060754,59.4941500000914
R.MOV,99,R,True,delete,0.2777187824249267,False,delete,False,False,False,True,14.140324000038618,0.0063859999954729,0.8565919999909966,43.32247999991523,0.0220569999100916,58.34783899985041
R.MOV,100,R,True,nothing,0.2659942805767059,False,nothing,False,False,False,True,14.05429300001515,0.0065159999849129,0.8669769999869459,43.81967300002998,0.0216160000263698,58.76907500004336
R.MOV,101,R,True,delete,0.2408502250909805,False,delete,False,False,False,True,13.89467199999217,0.0081020000379794,0.870457000019087,44.2126330000292,0.0223519999735799,59.008216000052016
R.MOV,102,R,True,A,0.190318614244461,False,A,False,False,False,True,13.95799699997724,0.0067649999664354,0.8725310000272657,44.194865999998,0.0229099999842219,59.05506899995317
R.MOV,103,R,True,A,0.1932688355445861,False,A,False,False,False,True,14.308498999980657,0.0063999999611041,0.8925079999926311,45.10857499997201,0.0222369999391958,60.3382189998456
R.MOV,104,R,True,A,0.277182400226593,False,A,False,False,False,True,14.222387000017989,0.0106280000409242,0.9979819999443862,45.64543699996193,0.0239400000054956,60.900373999970725
R.MOV,105,R,True,A,0.2893219292163849,False,A,False,False,False,True,13.878997000006166,0.0083039999481115,0.8755039999641667,43.64282400001685,0.0227659999154639,58.42839499985075
R.MOV,106,R,True,A,0.3230918943881988,False,A,False,False,False,True,14.075031999993826,0.0249590000294119,0.9157300000879331,47.085361999961606,0.024008999957914,62.12509200003069
R.MOV,107,R,True,A,0.3418943583965301,False,A,False,False,False,True,13.896395999950071,0.0070160000404939,0.8670250000477608,44.68370100005359,0.0222649999841451,59.47640300007606
R.MOV,108,R,True,A,0.183811530470848,False,A,False,False,False,True,13.939653999955226,0.007561999950667,0.8417489999601457,42.82353499991132,0.0232760000926646,57.63577599987002
R.MOV,109,R,True,nothing,0.1912830621004104,False,nothing,False,False,False,True,14.033930999971744,0.0080300000036004,0.8842940000022281,45.4011399999672,0.023224999949889,60.35061999989466
R.MOV,110,R,True,delete,0.222722440958023,False,delete,False,False,False,True,14.134217999981049,0.0071849999585538,0.9331930000371358,43.50566400000844,0.023280000050363,58.60354000003554
R.MOV,111,R,True,nothing,0.2310454845428466,False,nothing,False,False,False,True,14.125078999995822,0.0073999999585794,0.8647990000554273,42.92816299994229,0.0192239999705634,57.94466499992268
R.MOV,112,R,True,nothing,0.394966572523117,False,nothing,False,False,False,True,13.9643269999965,0.0069110000140426,0.8959940000750066,43.48913000001176,0.0227189999577603,58.379081000055066
R.MOV,113,R,True,nothing,0.2555286288261413,False,nothing,False,False,False,True,13.985170000012204,0.0076809999427496,0.8423799999945913,43.97380099999282,0.0247369999897273,58.83376899993209
R.MOV,114,R,True,nothing,0.2779407501220703,False,nothing,False,False,False,True,14.050940000004177,0.0081319999480911,0.9264450000046054,43.492461000028015,0.0216959999761456,58.49967399996103
R.MOV,115,R,True,delete,0.2444676756858825,False,delete,False,False,False,True,14.183491999972375,0.0079870000035953,0.8386559999280507,43.18789600006312,0.0225810000529236,58.240612000020064
R.MOV,116,R,True,nothing,0.2981061935424804,False,nothing,False,False,False,True,14.27950800001554,0.0063070000351217,0.5407679999507309,42.88371600000573,0.0227589999894917,57.73305799999662
R.MOV,117,R,True,nothing,0.3748699724674225,False,nothing,False,False,False,True,14.819518000024344,0.0093450000804296,0.8160360000601941,43.01844799999799,0.023729999952593,58.68707700011555
R.MOV,118,R,True,nothing,0.2908169031143188,False,nothing,False,False,False,True,14.292990000001282,0.0085280000803322,0.8756240000593607,43.64546199997221,0.02282799994191,58.8454320000551
R.MOV,119,R,True,nothing,0.4333306550979614,False,nothing,False,False,False,True,14.911606999987724,0.0066029999743477,0.832962000004045,42.99895999997716,0.022883000042384,58.77301499998566
R.MOV,120,R,True,nothing,0.4552142322063446,False,nothing,False,False,False,True,14.197147000004406,0.0075689999903261,0.9432019999167096,43.06479000001673,0.0218989999893892,58.23460699991756
R.MOV,121,R,True,nothing,0.508901059627533,False,nothing,False,False,False,True,13.907491999987087,0.0072299999374081,0.8520180000459732,43.01353999994717,0.0216939999972964,57.801973999914935
R.MOV,122,R,True,nothing,0.6920578479766846,False,nothing,False,False,False,True,13.986993000003167,0.0068780000219703,0.8129020000069431,42.9336739999826,0.0215960000105042,57.76204300002519
R.MOV,123,R,True,nothing,0.7483606934547424,False,nothing,False,False,False,True,13.994907999972384,0.0066730000298775,0.8285970000088128,44.03204999994159,0.0218029999814461,58.88403099993411
R.MOV,124,R,True,nothing,0.7747122049331665,False,nothing,False,False,False,True,14.059616999986702,0.0074820000008912,0.9262310001076912,44.02209700003823,0.0221779999947102,59.037605000128224
R.MOV,125,R,True,nothing,0.730027437210083,False,nothing,False,False,False,True,14.27719700001262,0.006364000000758,0.854346999972222,46.49682500007657,0.0186100000973965,61.653343000159566
R.MOV,126,R,True,nothing,0.5459312796592712,False,nothing,False,False,False,True,13.916343000005329,0.0081330000512025,0.8649390000528001,43.75032899997677,0.0208619999284565,58.56060600001456
R.MOV,127,R,True,nothing,0.4260959327220917,False,nothing,False,False,False,True,14.480880999997224,0.0076510000326379,0.833050999972329,45.255386000008,0.0242499999103529,60.60121899992055
R.MOV,128,R,True,nothing,0.5236414074897766,False,nothing,False,False,False,True,13.832082000021728,0.0071020000405042,0.8394769999995333,44.01785300001393,0.0222659999735697,58.718780000049264
R.MOV,129,R,True,delete,0.3271712958812713,False,delete,False,False,False,True,14.103782000006504,0.0068299999611554,0.8486550000270654,44.28045500003464,0.0189859999863983,59.25870800001576
R.MOV,130,R,True,nothing,0.2984287738800049,False,nothing,False,False,False,True,14.307373999997708,0.0049340000032316,0.8099589999801537,42.27019999996173,0.0198829999362715,57.4123499998791
R.MOV,131,R,True,delete,0.3957131206989288,False,delete,False,False,False,True,14.11289099996793,0.0046440000005532,0.7933199999570206,44.48473800005104,0.0183209999704558,59.413913999947
R.MOV,132,R,True,nothing,0.2923711836338043,False,nothing,False,False,False,True,13.995378000004166,0.0056490000588382,0.8041560000719983,43.59726799998498,0.0184130000207005,58.42086400014068
S.MOV,0,S,True,A,0.995769739151001,False,A,False,False,False,True,14.366008000024522,0.0127969999539345,0.81531000000723,67.05908200001431,0.0307180000618245,82.28391500006182
S.MOV,1,S,True,A,0.9960328936576844,False,A,False,False,False,True,14.227130999984183,0.0109860000065964,0.8463040001061017,43.95249699996384,0.0236790000371911,59.06059700009792
S.MOV,2,S,True,A,0.996615707874298,False,A,False,False,False,True,14.162188000000242,0.0080899999375105,0.537126000040189,43.57853600004091,0.0228930000503169,58.30883300006917
S.MOV,3,S,True,A,0.9942083358764648,False,A,False,False,False,True,14.034333999973114,0.0086569999666608,0.7944960000259016,44.61328299998968,0.0222039999471235,59.47297399990248
S.MOV,4,S,True,A,0.9933115243911744,False,A,False,False,False,True,14.141351000034774,0.0065529999346836,0.9160900000324546,43.67576699996789,0.0223580000238143,58.76211899999362
S.MOV,5,S,True,A,0.9967461824417114,False,A,False,False,False,True,13.909336999972766,0.0073100000008707,0.8482080000931091,43.694251000033546,0.0205170000526777,58.47962300015297
S.MOV,6,S,True,A,0.997126281261444,False,A,False,False,False,True,14.09917600000199,0.0097370000275986,0.8511770000723118,44.6578229999659,0.0212270000474745,59.63914000011528
S.MOV,7,S,True,A,0.9973727464675904,False,A,False,False,False,True,14.15805200002751,0.0077570000485138,0.8360319999383137,42.527748999987125,0.02083600008973,57.55042600009119
S.MOV,8,S,True,A,0.9943373799324036,False,A,False,False,False,True,14.132845999995425,0.0070209999876169,0.870517000066684,42.94049600002836,0.0211960000342514,57.97207600011234
S.MOV,9,S,True,A,0.9955998659133912,False,A,False,False,False,True,14.199153000049591,0.0092169999561519,0.8203060000369078,43.184161999988646,0.021040999968136,58.23387899999943
S.MOV,10,S,True,A,0.9965953230857848,False,A,False,False,False,True,14.256478999982392,0.0088099999402402,0.8682559999897421,42.948427000055744,0.0198750000208747,58.10184699998899
S.MOV,11,S,True,A,0.9962009787559508,False,A,False,False,False,True,14.119418000007045,0.0099179999324405,0.8224450000398065,43.903211000042575,0.0278769999795258,58.88286900000139
S.MOV,12,S,True,A,0.9946601986885072,False,A,False,False,False,True,14.012944999990395,0.0056760000006761,0.5582120001008661,42.24363299999823,0.0192569999626357,56.8397230000528
S.MOV,13,S,True,A,0.9933406710624696,False,A,False,False,False,True,14.027589999955126,0.0075939999533147,0.5179510000061782,43.07965099997091,0.0199830000155998,57.65276899990113
S.MOV,14,S,True,A,0.993552565574646,False,A,False,False,False,True,13.933642999973015,0.0065219999214605,0.8157739999887781,42.16579499995987,0.0189009999758127,56.94063499981894
S.MOV,15,S,True,A,0.9931951761245728,False,A,False,False,False,True,14.068446000010226,0.0064769999426061,0.4978110000593005,42.01802000000043,0.0188819999493716,56.60963599996194
S.MOV,16,S,True,A,0.9873592257499696,False,A,False,False,False,True,14.148975000011887,0.0068029999056307,0.5744030000869316,41.71961299994109,0.0194429999282874,56.46923699987383
S.MOV,17,S,True,A,0.9834813475608826,False,A,False,False,False,True,14.281125000024986,0.0073549999797251,0.5181010000114838,42.62312999992446,0.0210870000501017,57.45079799999076
S.MOV,18,S,True,A,0.9884920120239258,False,A,False,False,False,True,13.986713999997846,0.0059269999610478,0.5470280000281491,42.21403899998677,0.019285000007585,56.7729929999814
S.MOV,19,S,True,A,0.9809783697128296,False,A,False,False,False,True,13.97082500000124,0.0070669999558958,0.5532520000315344,41.710886999908325,0.0208520000342105,56.26288299993121
S.MOV,20,S,True,A,0.9846259951591492,False,A,False,False,False,True,13.950103000013314,0.0066000000060739,0.8202859999073553,41.98928499999965,0.0261509999290865,56.79242499985549
S.MOV,21,S,True,A,0.9830042123794556,False,A,False,False,False,True,14.040870999963316,0.0061790000245309,0.763402999950813,42.128627000010965,0.0493510000296737,56.9884309999793
S.MOV,22,S,True,A,0.9836720824241638,False,A,False,False,False,True,14.163405999966017,0.0060429999848565,0.7876149999219706,45.334861000014826,0.0192720000313784,60.31119699991905
S.MOV,23,S,True,A,0.9884140491485596,False,A,False,False,False,True,13.987127000007147,0.0066149999611297,0.7929570000442254,42.852369999991424,0.0257230000215713,57.6647920000255
S.MOV,24,S,True,A,0.9880903959274292,False,A,False,False,False,True,13.988113999971574,0.0064980000615832,0.7812600000534076,42.685725999945134,0.0196959999811952,57.481294000012895
S.MOV,25,S,True,A,0.9869171380996704,False,A,False,False,False,True,14.347623999981352,0.007323999966502,0.772484999970402,42.62470800006213,0.0189660000842195,57.7711070000646
S.MOV,26,S,True,A,0.9874619841575624,False,A,False,False,False,True,14.10311099999717,0.0063229999796021,0.4977080000116984,42.71170399999846,0.0207770000315576,57.33962300001849
S.MOV,27,S,True,A,0.9909336566925048,False,A,False,False,False,True,14.07786199996508,0.0071530000695929,0.4615060000787707,43.25954500006901,0.0189229999705276,57.82498900015298
S.MOV,28,S,True,A,0.986853003501892,False,A,False,False,False,True,14.17487000003348,0.0068350000219652,0.783755999918867,42.7516969999715,0.0247530000478946,57.741910999993706
S.MOV,29,S,True,A,0.9905688166618348,False,A,False,False,False,True,14.076542999987396,0.0072799999770722,0.7520880000129182,43.60760199995184,0.019212999973206,58.46272599990243
S.MOV,30,S,True,A,0.9875442981719972,False,A,False,False,False,True,14.072963000046457,0.0069320000193329,0.7596010000270326,43.65524000002097,0.0196920000234968,58.514428000137286
S.MOV,31,S,True,A,0.9893222451210022,False,A,False,False,False,True,13.939653999955226,0.0070209999876169,0.4888670000582351,44.6382289999292,0.0204330000315167,59.09420399996179
S.MOV,32,S,True,A,0.9921606183052064,False,A,False,False,False,True,13.988507999954436,0.0065820000827443,0.8323859999563865,43.23326100006853,0.0191420000419384,58.07987900010403
S.MOV,33,S,True,A,0.9923883080482484,False,A,False,False,False,True,13.979358999961278,0.0070249999453153,1.7287609999812048,44.50531099996624,0.0210079999760637,60.2414639998301
S.MOV,34,S,True,A,0.989294171333313,False,A,False,False,False,True,13.973993000035987,0.0068430000510488,0.5032899999832807,43.53229899993494,0.0223449999339209,58.03876999993918
S.MOV,35,S,True,A,0.9893459677696228,False,A,False,False,False,True,14.02133499999536,0.0069749999056512,0.575219999973342,43.53354900001705,0.0220959999523984,58.1591749998438
S.MOV,36,S,True,A,0.991551399230957,False,A,False,False,False,True,14.115038999989338,0.0085869999111309,0.5815340000481228,43.33180300000095,0.0221120000105656,58.0590749999601
S.MOV,37,S,True,A,0.9906501770019532,False,A,False,False,False,True,14.150172000029215,0.0069520000351985,0.7933079999702386,42.16472999996768,0.0346720000834466,57.149834000085775
S.MOV,38,S,True,A,0.9875117540359496,False,A,False,False,False,True,14.068172000008872,0.0063969999928303,0.7607969999980924,42.3598799999354,0.0384279999252612,57.23367399986046
S.MOV,39,S,True,A,0.9912890195846558,False,A,False,False,False,True,14.129797000009605,0.0075269999797455,0.9527830000024552,47.63738299993747,0.0190840000868774,62.74657400001615
S.MOV,40,S,True,A,0.987249791622162,False,A,False,False,False,True,13.951942000005602,0.0073859999929482,0.8493499999531195,43.638385000008384,0.0211530000342463,58.4682159999943
S.MOV,41,S,True,A,0.989527463912964,False,A,False,False,False,True,14.024412999958711,0.0070759999744041,0.5124140000134503,45.19806700000117,0.0258520000215867,59.76782199996933
S.MOV,42,S,True,A,0.98872709274292,False,A,False,False,False,True,14.088506999996753,0.0083259999428264,0.8307950000698838,43.15568300000905,0.0200929999891741,58.103404000007686
S.MOV,43,S,True,A,0.9843454957008362,False,A,False,False,False,True,13.968287000011514,0.0072160000854637,0.8060639999030172,43.74796800004788,0.0195630000234814,58.54909800007135
S.MOV,44,S,True,A,0.980292022228241,False,A,False,False,False,True,13.89520499998298,0.0085210000406732,0.8692210000162959,44.85871800000041,0.0219469999365173,59.65361199997688
S.MOV,45,S,True,A,0.986440360546112,False,A,False,False,False,True,13.981684000043517,0.0078460000167979,0.8757869999271861,42.809811999973135,0.0191120000181399,57.69424099997877
S.MOV,46,S,True,A,0.9854368567466736,False,A,False,False,False,True,14.097434999996494,0.0070459999506056,0.816587000031177,44.04110900009073,0.0196800000367147,58.98185700010572
S.MOV,47,S,True,A,0.9844958782196044,False,A,False,False,False,True,13.920084000005772,0.0072100000352293,0.7952880000630103,43.9598919999753,0.02013400001033,58.70260800008964
S.MOV,48,S,True,A,0.9847598671913148,False,A,False,False,False,True,13.994119000017236,0.006364000000758,0.7789940000293427,42.57952499995099,0.0185130001000288,57.37751500009836
S.MOV,49,S,True,A,0.9884238839149476,False,A,False,False,False,True,13.95952299998271,0.0073599999268481,0.4957730000114679,42.83792100000028,0.0190509999811183,57.31962799990242
S.MOV,50,S,True,A,0.9898736476898192,False,A,False,False,False,True,14.050666999992243,0.0074749999612322,0.5510820000154126,43.64319800004069,0.0187460000233841,58.27116800003296
S.MOV,51,S,True,A,0.9889610409736632,False,A,False,False,False,True,13.989482999988924,0.0070829999003763,0.4955489999929341,43.203816999948685,0.0193070000022999,57.71523899983322
S.MOV,52,S,True,A,0.9891436696052552,False,A,False,False,False,True,14.068178999991687,0.0062670000033904,0.5329030000211787,42.80081199999586,0.0320899999906032,57.44025100000272
S.MOV,53,S,True,A,0.9915637969970704,False,A,False,False,False,True,14.166067999951792,0.0073319999955856,0.8190800000420495,42.91754799999126,0.0200569999151412,57.93008499989583
S.MOV,54,S,True,A,0.9880131483078004,False,A,False,False,False,True,13.9973899999859,0.0070150000510693,0.8628939999653085,45.44086800001424,0.0192169999309044,60.327383999947415
S.MOV,55,S,True,A,0.9896392822265624,False,A,False,False,False,True,14.114178999989235,0.0064129999373108,0.7786509999050395,43.80596299995432,0.0288829999135487,58.73408899969945
S.MOV,56,S,True,A,0.992086946964264,False,A,False,False,False,True,14.006419999986974,0.0061470000218832,0.8265420000270751,42.828709999980674,0.0194760000340465,57.68729500005065
S.MOV,57,S,True,A,0.9894322156906128,False,A,False,False,False,True,14.187334999974157,0.0072679999902902,0.7949440000629693,44.21894099994006,0.0190040000234148,59.22749199999089
S.MOV,58,S,True,A,0.9912621974945068,False,A,False,False,False,True,14.141273000007004,0.0071990000378718,0.7661969999617213,43.423933999974906,0.0190920000022742,58.35769499998378
S.MOV,59,S,True,A,0.9888430833816528,False,A,False,False,False,True,13.893508000023758,0.0074470000299697,0.4931759999635687,41.8698769999537,0.0193390000049475,56.28334699997595
S.MOV,60,S,True,A,0.9867536425590516,False,A,False,False,False,True,13.934145000007447,0.0067689999241338,0.4863850000447201,42.28083199996036,0.0198850000288075,56.72801599996546
S.MOV,61,S,True,A,0.9875210523605348,False,A,False,False,False,True,13.998172000015074,0.0066569999717103,0.4843860000391942,43.1969429999981,0.0198300000420204,57.7059880000661
S.MOV,62,S,True,A,0.990142285823822,False,A,False,False,False,True,13.924583000004986,0.0067749999743682,0.4958509999823945,43.76365699999951,0.0206470000421177,58.21151300000338
S.MOV,63,S,True,A,0.986563801765442,False,A,False,False,False,True,14.248236000014458,0.0078130000247256,0.5902919999698497,44.49044500006494,0.0187980000418974,59.35558400011587
S.MOV,64,S,True,A,0.9873483180999756,False,A,False,False,False,True,14.179478000016845,0.0063779999663893,0.8550759999934598,43.04149699999016,0.0192170000445912,58.10164600001144
S.MOV,65,S,True,A,0.9851704239845276,False,A,False,False,False,True,14.094275999980256,0.0069800000801478,0.8130630000096062,44.21975200000361,0.0186989999519937,59.15277000002561
S.MOV,66,S,True,A,0.9830097556114196,False,A,False,False,False,True,14.124116999994383,0.0073880000854842,0.8695850000322025,43.06343499990817,0.0191190000577989,58.08364400007804
S.MOV,67,S,True,A,0.981458842754364,False,A,False,False,False,True,13.930630000004385,0.0067050000325252,0.8344240000042191,42.323733999978685,0.0187140000207364,57.11420700004055
S.MOV,68,S,True,A,0.9864547252655028,False,A,False,False,False,True,13.9786480000339,0.0156189998961053,0.9236980000650874,45.15376999995624,0.0191999999969993,60.09093499994833
S.MOV,69,S,True,A,0.9944093823432922,False,A,False,False,False,True,14.150507000010748,0.0067050000325252,0.5006229999935385,47.43220000000292,0.0235080000265952,62.11354300006633
S.MOV,70,S,True,A,0.9809034466743468,False,A,False,False,False,True,14.149034000013216,0.006287000019256,0.4998889999114908,42.312160000051335,0.0211280000712577,56.98849800006656
S.MOV,71,S,True,A,0.983989417552948,False,A,False,False,False,True,14.039336999985608,0.0063720000298417,0.7706989999860525,42.28931800003011,0.0191350000022794,57.12486100003389
S.MOV,72,S,True,A,0.9887141585350036,False,A,False,False,False,True,14.141044000041347,0.005907000058869,0.7447499999670981,42.27881700001035,0.0185659999942799,57.18908400007194
S.MOV,73,S,True,A,0.9854140281677246,False,A,False,False,False,True,14.03619500001696,0.0076719999242413,0.8464989999765749,42.6814209999975,0.0189200000022538,57.59070699991753
S.MOV,74,S,True,A,0.9883915781974792,False,A,False,False,False,True,14.155474000006052,0.0065240000139965,0.7786310000028607,43.21879299993725,0.0191010000207825,58.17852299998094
S.MOV,75,S,True,A,0.97881817817688,False,A,False,False,False,True,14.121430999978202,0.0059599999531201,0.5435079999642767,41.98432700002286,0.0198769999997239,56.67510299991818
S.MOV,76,S,True,A,0.9775419235229492,False,A,False,False,False,True,14.399869000044418,0.0059100000271428,0.589345999969737,43.516193000073145,0.0193120000631097,58.53063000017755
S.MOV,77,S,True,A,0.9738932251930236,False,A,False,False,False,True,14.15423399998872,0.0074820000008912,0.7627610000326968,42.4876019999374,0.0195779999785372,57.43165699993824
S.MOV,78,S,True,A,0.9729625582695008,False,A,False,False,False,True,14.039639000031912,0.0073049999400609,0.7847360000141634,42.40431800008082,0.0208740000289253,57.25687200009588
S.MOV,79,S,True,A,0.9532452821731568,False,A,False,False,False,True,13.897503999999117,0.0144760000466703,0.7964039999706074,43.195742999955655,0.020182000071145,57.9243090000432
S.MOV,80,S,True,A,0.9742313027381896,False,A,False,False,False,True,14.145218000010118,0.009522000027573,0.8095949999642471,43.073925000044255,0.0259979999555071,58.0642580000017
S.MOV,81,S,True,A,0.9656699895858764,False,A,False,False,False,True,14.011367000023256,0.00711699999556,0.8173290000286215,41.963197999962176,0.0195180000446271,56.81852900005424
S.MOV,82,S,True,A,0.97203266620636,False,A,False,False,False,True,14.2394230000491,0.0069040000880704,0.7898009999962596,42.49443200001224,0.0201909999759664,57.55075100012164
S.MOV,83,S,True,A,0.9613293409347534,False,A,False,False,False,True,14.000115000044389,0.0061949999690114,0.802728000053321,42.50724700000319,0.0234829999499197,57.33976800001983
S.MOV,84,S,True,A,0.9627095460891724,False,A,False,False,False,True,14.023102999999535,0.0081209999507336,0.8281509999505943,45.03571199995804,0.0249439999606693,59.92003099981957
S.MOV,85,S,True,A,0.9705867171287536,False,A,False,False,False,True,14.015367000013155,0.0079320000168081,0.8589679999886357,43.44353600004069,0.0181010000233072,58.3439040000826
S.MOV,86,S,True,A,0.9738485813140868,False,A,False,False,False,True,13.957191000031344,0.0069779999876118,0.8220050000318224,42.88768100002471,0.0185750000127882,57.69243000008828
S.MOV,87,S,True,A,0.9726701378822328,False,A,False,False,False,True,13.996972999962054,0.0216230000660289,0.4787560000067969,42.6694079999379,0.0216369999179733,57.18839699989076
S.MOV,88,S,True,A,0.9869877099990844,False,A,False,False,False,True,14.085521000026802,0.0098410000646254,0.5122970000002169,42.911857000035525,0.0214819999655446,57.54099800009271
S.MOV,89,S,True,A,0.9802349805831908,False,A,False,False,False,True,14.062357000000247,0.0076449999824035,0.8232120000002396,42.30546400003732,0.0199170000314552,57.218595000051664
S.MOV,90,S,True,A,0.9876667261123656,False,A,False,False,False,True,14.083174999996118,0.0079440000035901,0.832274000003963,42.544471000042,0.0198879999970813,57.48775200004275
S.MOV,91,S,True,A,0.984282910823822,False,A,False,False,False,True,14.27827800000614,0.0091130000328121,0.564285999985259,42.67264899999645,0.0403609999466425,57.56468699996731
S.MOV,92,S,True,A,0.9803264141082764,False,A,False,False,False,True,13.880335999999716,0.0085739999349243,0.5511109999360997,42.64259099988976,0.0282370000377341,57.11084899979824
S.MOV,93,S,True,A,0.97756826877594,False,A,False,False,False,True,14.586957000005896,0.0096249999614883,0.5176939999955721,44.03411600003437,0.0222570000687483,59.17064900006608
S.MOV,94,S,True,A,0.9891030788421632,False,A,False,False,False,True,14.03804799997488,0.0073200000088036,0.8327970000436835,43.06434100010392,0.0197969999362612,57.96230300006755
S.MOV,95,S,True,A,0.9902170896530152,False,A,False,False,False,True,14.115263000007872,0.0069569999823215,0.8144740000943784,43.611082999973405,0.0184369999942646,58.56621400005224
S.MOV,96,S,True,A,0.9892242550849916,False,A,False,False,False,True,14.303061000020987,0.0073269999347758,0.8330739999564685,42.40409200008344,0.0192229999811388,57.56677699997681
S.MOV,97,S,True,A,0.9881179928779602,False,A,False,False,False,True,14.250713000024009,0.007472999982383,0.5491130000336852,42.31804300002295,0.0195290000419845,57.14487100010501
S.MOV,98,S,True,A,0.9914106130599976,False,A,False,False,False,True,14.180294999960095,0.0072919999638543,0.8315629999060548,43.87765499996021,0.0184680000074877,58.91527299979771
S.MOV,99,S,True,A,0.9913018941879272,False,A,False,False,False,True,14.112787000044593,0.0075830000696441,0.7634610000195607,42.87028199996712,0.0193240000498917,57.77343700015081
S.MOV,100,S,True,A,0.9905407428741456,False,A,False,False,False,True,14.23749600002111,0.0064189999875452,0.7937709999623621,50.34252600000855,0.0207440000394854,65.40095600001905
S.MOV,101,S,True,A,0.9857471585273744,False,A,False,False,False,True,14.021192999962295,0.007682000045861,0.5639969999720051,46.274842000002536,0.0197690000049988,60.8874829999877
S.MOV,102,S,True,A,0.9847516417503356,False,A,False,False,False,True,13.916109999968285,0.005365999982132,0.5643619999773364,43.70496199999252,0.0196129999494587,58.21041299986973
S.MOV,103,S,True,A,0.9734119176864624,False,A,False,False,False,True,13.924873000007665,0.0132320000147956,0.5353780001087216,42.0246879999695,0.0196869999626869,56.51785800006337
S.MOV,104,S,True,A,0.9852177500724792,False,A,False,False,False,True,14.143306999983452,0.0064580000298519,0.5215469999484412,43.29940399998122,0.0196690000393573,57.990384999982325
S.MOV,105,S,True,A,0.972420871257782,False,A,False,False,False,True,14.082847999986823,0.0096229999826391,0.9069199999203192,43.657580999934,0.0225000000000363,58.67947199982382
S.MOV,106,S,True,A,0.9679744839668274,False,A,False,False,False,True,14.02931699999499,0.0070699999241696,0.7927830000653557,44.42603600000439,0.0204609999627791,59.27566699995168
S.MOV,107,S,True,A,0.9357826113700868,False,A,False,False,False,True,14.232336000020496,0.0070730000061303,0.5561479999869334,47.00122600002032,0.024069000005511,61.8208520000394
S.MOV,108,S,True,A,0.9532555937767028,False,A,False,False,False,True,13.854832999982136,0.0132620000385941,1.175019000015709,60.20571300007305,0.0211400000580397,75.26996700016753
S.MOV,109,S,True,A,0.9573070406913756,False,A,False,False,False,True,14.13498800002344,0.0078319999374798,0.5563630001006459,43.20807400006288,0.0212229999760893,57.928480000100535
S.MOV,110,S,True,A,0.9487577676773072,False,A,False,False,False,True,14.305288000002747,0.0074329999506517,0.8115790000147172,43.12396500006344,0.0221090000422918,58.27037400007384
S.MOV,111,S,True,A,0.9404048919677734,False,A,False,False,False,True,14.242694000017764,0.0066249999690626,0.7835090000298806,43.43040599997039,0.0226249999286665,58.48585899991576
S.MOV,112,S,True,A,0.9476473927497864,False,A,False,False,False,True,14.277623999987554,0.0081029999137172,0.8031180000216409,42.789864000042144,0.0209020000738746,57.89961100003893
S.MOV,113,S,True,A,0.9370524883270264,False,A,False,False,False,True,14.08671100000447,0.0081719999798224,0.8247750000691667,43.93645100003596,0.0200810000023921,58.87619000009181
S.MOV,114,S,True,A,0.94743549823761,False,A,False,False,False,True,14.128136000010729,0.007537999977103,0.6306779999931678,43.43377700001838,0.0196239999468161,58.2197529999462
S.MOV,115,S,True,A,0.9546445608139038,False,A,False,False,False,True,14.029786999969929,0.0074880000511257,0.8676909999394411,42.35870400009389,0.0211770000078104,57.2848470000622
S.MOV,116,S,True,A,0.9556909799575806,False,A,False,False,False,True,14.47141199997759,0.0062450000086755,0.7789410000214048,42.411977000028855,0.0208200000315628,57.68939500006809
S.MOV,117,S,True,A,0.956612765789032,False,A,False,False,False,True,14.29255599998669,0.0065479999875606,0.7719930000575914,42.73922799995944,0.0206589999152129,57.83098399990649
S.MOV,118,S,True,A,0.9526036977767944,False,A,False,False,False,True,14.157844999999725,0.0060349999557729,0.7954159999599142,43.29400699998587,0.0226029999339516,58.27590599983523
S.MOV,119,S,True,A,0.917615532875061,False,A,False,False,False,True,14.363214000013611,0.0079790000881985,0.5853879999904166,43.481080999981714,0.0238389999367427,58.461501000010685
S.MOV,120,S,True,A,0.9547402858734132,False,A,False,False,False,True,16.675207999981012,0.0076459999718281,0.7945339999650969,43.11088000008567,0.0251159999606898,60.6133839999643
S.MOV,121,S,True,A,0.960820734500885,False,A,False,False,False,True,14.09080799999174,0.008240000056503,0.5114859999366672,42.6188749999028,0.0241189999314883,57.2535279998192
S.MOV,122,S,True,A,0.9702009558677672,False,A,False,False,False,True,14.155113000015264,0.0074820000008912,0.5330019999973956,42.45379899998625,0.0216750000845422,57.17107100008434
S.MOV,123,S,True,A,0.9815673232078552,False,A,False,False,False,True,14.037065999957576,0.0077640000881729,0.5039889999807201,42.16578499995194,0.0219070000184729,56.73651099999688
S.MOV,124,S,True,A,0.9823603630065918,False,A,False,False,False,True,14.0957050000452,0.0066920000563186,0.7673579999618596,42.19281299992872,0.0210860000606771,57.083654000052775
S.MOV,125,S,True,A,0.9824902415275574,False,A,False,False,False,True,13.950292999993508,0.0075509999533096,0.5285149999281202,42.5545839999586,0.0218809999523728,57.06282399978591
S.MOV,126,S,True,A,0.982413649559021,False,A,False,False,False,True,14.348738999956367,0.0066809999452743,0.5552019999868207,42.61139599998387,0.0214259999893329,57.54344399986167
S.MOV,127,S,True,A,0.97114098072052,False,A,False,False,False,True,13.948015999972084,0.0068030000193175,0.5180340000379147,43.558547000088765,0.0217689999999493,58.05316900011803
S.MOV,128,S,True,A,0.9763984084129332,False,A,False,False,False,True,14.1433389999861,0.0062990000060381,0.5046069999252722,42.93875999996999,0.020210999991832,57.61321599987923
S.MOV,129,S,True,A,0.9890022277832032,False,A,False,False,False,True,14.1219079999928,0.0060090000033596,0.5516900000657188,43.02456300001722,0.0206529999786653,57.72482300005777
S.MOV,130,S,True,A,0.9902079701423644,False,A,False,False,False,True,13.955104000046958,0.0076410000247051,0.499592000096527,43.33143300004849,0.0228049999577706,57.81657500017445
S.MOV,131,S,True,A,0.9897324442863464,False,A,False,False,False,True,13.998726000011176,0.0087370000301234,0.5595240000957347,42.80138000001443,0.0226159999101582,57.39098300006162
S.MOV,132,S,True,A,0.9838601350784302,False,A,False,False,False,True,13.93919999998161,0.0092859999085703,0.86292899993623,42.9002540000738,0.0212790000659879,57.7329479999662
S.MOV,133,S,True,A,0.98471862077713,False,A,False,False,False,True,14.031428000009782,0.0079249999771491,0.8253690000401548,43.58556900001531,0.0203350000447244,58.47062600008712
S.MOV,134,S,True,A,0.9806509613990784,False,A,False,False,False,True,13.95810900004335,0.0085579999904439,0.8304519999455806,44.20280700003332,0.0209519999998519,59.020878000012544
S.MOV,135,S,True,A,0.9530920386314392,False,A,False,False,False,True,14.064262999966104,0.009012000077746,0.824582000063856,43.8762769999812,0.020785999936379,58.794920000025286
S.MOV,136,S,True,A,0.977674126625061,False,A,False,False,False,True,13.836300999969351,0.0078659999189767,0.8950440000035087,42.6710379999804,0.0185620000365815,57.42881099990882
S.MOV,137,S,True,A,0.9604008793830872,False,A,False,False,False,True,13.868576999982452,0.0062020000086704,0.7889809999142017,43.62375599998813,0.0188490000709862,58.30636499996445
S.MOV,138,S,True,A,0.9516808390617372,False,A,False,False,False,True,13.858067999990451,0.0062450000086755,0.8063550000088071,42.311182000048575,0.0191350000022794,57.00098500005879
S.MOV,139,S,True,A,0.9069654941558838,False,A,False,False,False,True,13.979144000018096,0.0067400000034467,0.5379950000587996,41.62906799990651,0.0202979999812669,56.17324499996812
S.MOV,140,S,True,A,0.8918601274490356,False,A,False,False,False,True,14.02534400000377,0.0053410000191433,0.7880450000357087,42.97959300004095,0.021331999960239,57.81965500005981
T.MOV,0,T,True,delete,0.9194368720054626,False,delete,False,False,False,True,14.21790099999498,0.0101929999800631,0.985681999964072,44.3431320001082,0.0208139999813283,59.57772200002864
T.MOV,1,T,True,delete,0.967261791229248,False,delete,False,False,False,True,14.111123000020598,0.0086300000248229,0.8399220000683272,43.01285400003962,0.0194189999547234,57.991948000108096
T.MOV,2,T,True,delete,0.9045993685722352,False,delete,False,False,False,True,14.17674600003238,0.0065200000562981,0.860468000041692,44.191392000016094,0.0199730000076669,59.25509900015413
T.MOV,3,T,True,delete,0.94022935628891,False,delete,False,False,False,True,14.10986100000855,0.0081279999903927,0.8556179999459346,43.67803100001311,0.019778000023507,58.67141599998149
T.MOV,4,T,True,delete,0.9331017136573792,False,delete,False,False,False,True,14.133478000019297,0.0072080000563801,0.8766050000303949,42.99108800000795,0.0194660000261137,58.02784500014013
T.MOV,5,T,True,delete,0.8881019949913025,False,delete,False,False,False,True,14.073592999977793,0.0068869999267917,0.8737180000935041,43.514420000065,0.0231120000080409,58.49173000007113
T.MOV,6,T,True,delete,0.8593406081199646,False,delete,False,False,False,True,14.033539999957156,0.0076850000141348,0.8405360000551809,44.45208499998898,0.0232310000001234,59.35707700001558
T.MOV,7,T,True,delete,0.9095802307128906,False,delete,False,False,False,True,14.024860000006356,0.0065750000430853,0.8320419999563455,43.496401999959744,0.0273569999080791,58.38723599987361
T.MOV,8,T,True,delete,0.9057577848434448,False,delete,False,False,False,True,13.985790999981871,0.0056869999980335,0.849505000019235,42.72886599994763,0.0221020000026328,57.59195099994941
T.MOV,9,T,True,delete,0.900063693523407,False,delete,False,False,False,True,14.318396000021494,0.0073700000484677,0.7428239999853758,43.33439200001976,0.022738999973626,58.425721000048725
T.MOV,10,T,True,delete,0.9279724955558776,False,delete,False,False,False,True,13.910720000012589,0.0069789999770364,0.8169940000470888,42.48239600008219,0.0191059999679055,57.23619500008681
T.MOV,11,T,True,delete,0.9264993071556092,False,delete,False,False,False,True,14.111947999992935,0.0086320000036721,0.8410890000050131,44.534317000056944,0.0248449999844524,59.52083100004302
T.MOV,12,T,True,delete,0.8626731038093567,False,delete,False,False,False,True,14.061846000004152,0.0070900000537221,0.872866999998223,43.74064000000999,0.023636000037186,58.70607900010327
T.MOV,13,T,True,delete,0.8995373845100403,False,delete,False,False,False,True,14.133286000003409,0.0067370000351729,0.8489699999927325,43.32657899999504,0.0207249998993575,58.33629699992571
T.MOV,14,T,True,delete,0.8692080974578857,False,delete,False,False,False,True,14.033365000045706,0.0065990000166493,0.8974590000434546,44.23107699994944,0.0226999999313193,59.191199999986566
T.MOV,15,T,True,delete,0.8194876313209534,False,delete,False,False,False,True,14.004532999990715,0.0066699999479169,0.8680470000399509,42.89092500005154,0.0198189999309761,57.7899939999611
T.MOV,16,T,True,delete,0.8240674734115601,False,delete,False,False,False,True,14.137719000018478,0.0069409999241543,0.9086890000844504,45.138316000020495,0.0222350000740334,60.21390000012161
T.MOV,17,T,True,delete,0.7809129953384399,False,delete,False,False,False,True,14.260162000027776,0.0075089999427291,1.015176999999312,47.56573000008757,0.0216409999893585,62.870219000046745
T.MOV,18,T,True,delete,0.8500653505325317,False,delete,False,False,False,True,14.34370399999807,0.0069410000378411,0.8569169999645965,42.43696900005034,0.0267400000666384,57.671271000117486
T.MOV,19,T,True,delete,0.7189984321594238,False,delete,False,False,False,True,14.2484429999854,0.0068970000484114,0.8458339999606324,43.90541700001904,0.0231720000556379,59.02976300006912
T.MOV,20,T,True,delete,0.6480414271354675,False,delete,False,False,False,True,14.24295300000722,0.0059809999584103,0.8527540001068701,44.34355699993375,0.0225060000502708,59.46775100005652
T.MOV,21,T,True,delete,0.7022694945335388,False,delete,False,False,False,True,14.06317499998977,0.0072849999241952,0.8392820000153733,42.56570100005774,0.0203989999363329,57.49584199992341
T.MOV,22,T,True,delete,0.7279815673828125,False,delete,False,False,False,True,14.040711000006922,0.0079149999692162,0.8461009999791713,42.68927200007511,0.0215109999999185,57.605510000030336
T.MOV,23,T,True,delete,0.674314558506012,False,delete,False,False,False,True,14.157377000003637,0.0060940000139453,0.8467190000374103,41.97286199996597,0.0221320000264313,57.00518400004739
T.MOV,24,T,True,delete,0.6791811585426331,False,delete,False,False,False,True,14.53919099998302,0.0071179999849846,0.8481070000243562,42.06309500000316,0.0213859999576015,57.47889699995312
T.MOV,25,T,True,delete,0.6703736782073975,False,delete,False,False,False,True,14.181789999952343,0.0068430000510488,0.8440099999234008,42.85718099993119,0.020841000036853,57.910664999894834
T.MOV,26,T,True,delete,0.6481451392173767,False,delete,False,False,False,True,14.345158000026004,0.0068240000246078,0.8266259999345493,43.83475299994189,0.0215470000739514,59.034908000001
T.MOV,27,T,True,delete,0.7629668116569519,False,delete,False,False,False,True,14.228019999961816,0.0078669999084013,0.889677000031952,44.9175500000365,0.0226839999868389,60.06579799992551
T.MOV,28,T,True,delete,0.667391836643219,False,delete,False,False,False,True,13.970728000003874,0.0073720000273169,0.8519599999772254,42.6684630000409,0.0215799999523369,57.52010300000165
T.MOV,29,T,True,delete,0.6852498054504395,False,delete,False,False,False,True,14.189977000000908,0.0071650000563749,0.8387310000443904,43.66599499996937,0.0189859999863983,58.72085400005744
T.MOV,30,T,True,delete,0.7551347613334656,False,delete,False,False,False,True,14.09245400003556,0.0070950000008451,0.9169480000537078,43.15138200001911,0.0199600000314603,58.18783900014069
T.MOV,31,T,True,delete,0.8068256378173828,False,delete,False,False,False,True,13.964627000007113,0.0072840000484575,0.8333190000939794,43.019688000072165,0.0324389999377672,57.85735700015948
T.MOV,32,T,True,delete,0.7887868881225586,False,delete,False,False,False,True,14.186026999993828,0.0064299999849026,0.8359959999779676,42.38939300000766,0.0410619999229311,57.45890799988729
T.MOV,33,T,True,delete,0.8221973180770874,False,delete,False,False,False,True,14.010369999994056,0.0089799999614115,0.8694859999422988,43.495656999994026,0.020624999933716,58.40511799982551
T.MOV,34,T,True,delete,0.7902491092681885,False,delete,False,False,False,True,13.941472999988491,0.0072599999612066,0.8361449999938486,42.78052500001195,0.0214230000210591,57.58682599997656
T.MOV,35,T,True,delete,0.8906898498535156,False,delete,False,False,False,True,14.084577000005538,0.0065399999584769,0.811730999998872,44.45443300005536,0.0218750000158252,59.37915600003407
T.MOV,36,T,True,delete,0.8391521573066711,False,delete,False,False,False,True,14.082892000033098,0.0058509999689704,0.8296659999587064,44.18889700002637,0.0222140000687431,59.12952000005589
T.MOV,37,T,True,delete,0.8179141879081726,False,delete,False,False,False,True,14.069328000005044,0.0073369999427086,0.901944000020194,43.52895800002443,0.0238520000266362,58.53141900001901
T.MOV,38,T,True,delete,0.8622212409973145,False,delete,False,False,False,True,14.015152000013131,0.0069779999876118,0.8459089999632852,43.439479999960895,0.0217809999867313,58.329299999911655
T.MOV,39,T,True,delete,0.8426569700241089,False,delete,False,False,False,True,14.044132999970316,0.0071510000907437,0.9226610000041546,43.51003099998252,0.0219709999100814,58.50594699995781
T.MOV,40,T,True,delete,0.850621223449707,False,delete,False,False,False,True,14.16961600000377,0.0081019999242926,0.8459150000135196,42.5584089999802,0.0227900000027148,57.6048319999245
T.MOV,41,T,True,delete,0.8962417840957642,False,delete,False,False,False,True,14.2545780000205,0.0085010000248075,0.9160030000430196,47.082415000090805,0.0232900000582958,62.28478700023743
T.MOV,42,T,True,delete,0.8923553824424744,False,delete,False,False,False,True,14.243840000006005,0.0074120000590482,0.8516270000882287,43.245022999940375,0.0226140000449959,58.37051600013865
T.MOV,43,T,True,delete,0.9210109114646912,False,delete,False,False,False,True,14.0378799999894,0.0069349999876067,0.822706000008111,43.79045700000006,0.0195679999706044,58.67754599995578
T.MOV,44,T,True,delete,0.8841825127601624,False,delete,False,False,False,True,14.06675099997301,0.0068570000166801,0.8399020000524615,42.80933699999423,0.0227399999630506,57.74558699999943
T.MOV,45,T,True,delete,0.8597190380096436,False,delete,False,False,False,True,14.19281700003694,0.0075089999427291,0.8623280000392697,42.54037999999127,0.0233130000424353,57.62634700005265
T.MOV,46,T,True,delete,0.8006039261817932,False,delete,False,False,False,True,14.314764999994622,0.0073630000088087,0.8387029999994411,42.58489799997278,0.0237670000160505,57.769495999991705
T.MOV,47,T,True,delete,0.8373101949691772,False,delete,False,False,False,True,14.310217000002012,0.0073699999347809,0.8539440000276954,44.29087099993012,0.0194669999018515,59.48186899979646
T.MOV,48,T,True,delete,0.806586503982544,False,delete,False,False,False,True,13.900560000024598,0.0069640000219806,0.825657000063984,42.21903100005875,0.0198530000261598,56.97206500019547
T.MOV,49,T,True,delete,0.7820773720741272,False,delete,False,False,False,True,14.235433000010287,0.0074360000326123,0.8771600000727631,43.34370599997328,0.0204049999865674,58.48414000007551
T.MOV,50,T,True,delete,0.6878964304924011,False,delete,False,False,False,True,14.188476000015273,0.0070879999611861,0.8629330000076152,43.04835400000684,0.0188810000736339,58.12573200006455
T.MOV,51,T,True,delete,0.6708903312683105,False,delete,False,False,False,True,14.21757000002799,0.0063439999848924,0.8668680000027962,42.22015100003773,0.031162000027507,57.34209500008092
T.MOV,52,T,True,delete,0.6009242534637451,False,delete,False,False,False,True,14.2407790000334,0.0067639999770108,0.9671620000517578,42.440553999995245,0.0208349999866186,57.67609400004403
T.MOV,53,T,True,delete,0.6949157118797302,False,delete,False,False,False,True,14.23620899998923,0.0063390000377694,0.8443640000450614,42.20852300011302,0.0227200000608718,57.31815500024595
T.MOV,54,T,True,delete,0.6719584465026855,False,delete,False,False,False,True,14.067383999986305,0.0076119999903312,0.864843000044857,42.93739100000949,0.0227049999921291,57.89993500002311
T.MOV,55,T,True,delete,0.7466706037521362,False,delete,False,False,False,True,13.944353999988834,0.0075420000484882,0.8930320000217762,43.18964200001574,0.0230890000239014,58.05765900009874
T.MOV,56,T,True,delete,0.7806480526924133,False,delete,False,False,False,True,14.535410000007689,0.0080730000036055,0.8849860000736953,44.56375699999171,0.0228900000820431,60.01511600015874
T.MOV,57,T,True,delete,0.7148393392562866,False,delete,False,False,False,True,14.149228000007952,0.0096869999879345,0.9544700000105876,46.670529000039096,0.0225500000397005,61.80646400008527
T.MOV,58,T,True,delete,0.7272210121154785,False,delete,False,False,False,True,14.032450999991395,0.0095320000355059,0.9365130000560384,58.75274200002423,0.027101999990009,73.75834000009718
T.MOV,59,T,True,delete,0.6802816987037659,False,delete,False,False,False,True,14.109715000017786,0.0092779999931735,0.8866690000104427,45.085647000064455,0.0233350000371501,60.11464400012301
T.MOV,60,T,True,delete,0.6343424320220947,False,delete,False,False,False,True,14.14110000001756,0.0069940000457791,0.9172039999612024,42.658810000034464,0.0209869999707734,57.74509500002978
T.MOV,61,T,True,delete,0.7475069165229797,False,delete,False,False,False,True,14.20430899997882,0.0069249999796738,0.8615279999730774,42.8984139999784,0.0189369999361588,57.99011299984613
T.MOV,62,T,True,delete,0.8179810047149658,False,delete,False,False,False,True,14.315644999953747,0.0069520000351985,0.8436800000026778,42.91032100002212,0.0392279999914535,58.1158260000052
T.MOV,63,T,True,delete,0.8446698188781738,False,delete,False,False,False,True,13.997900999981994,0.0072330000193687,0.8539120000250477,42.16413500000726,0.0220089999629635,57.04518999999664
T.MOV,64,T,True,delete,0.8142696022987366,False,delete,False,False,False,True,13.970260000007784,0.006417000008696,0.8916439999211434,41.94022500007577,0.0198249999812105,56.82837099999461
T.MOV,65,T,True,delete,0.8171233534812927,False,delete,False,False,False,True,14.302891999989242,0.0069949999215168,0.8613449999756995,43.04544399997212,0.0217749999364968,58.23845099979508
T.MOV,66,T,True,delete,0.7932553887367249,False,delete,False,False,False,True,14.23287599999412,0.0073580000616857,0.8277379999981349,42.12786200002938,0.0356530000544808,57.23148700013781
T.MOV,67,T,True,delete,0.8305776119232178,False,delete,False,False,False,True,14.1044920000013,0.0063210000007529,0.8934339999768781,41.90906500002711,0.0218590000713447,56.93517100007739
T.MOV,68,T,True,delete,0.7775258421897888,False,delete,False,False,False,True,14.218862000006991,0.0071040000193534,0.90306699996745,43.17204699998456,0.0183839999863266,58.31946399996468
T.MOV,69,T,True,delete,0.7727639675140381,False,delete,False,False,False,True,14.116931999978988,0.0060780000694649,0.8666999999604741,42.52575900000011,0.0207409999575247,57.53620999996656
T.MOV,70,T,True,delete,0.7586883306503296,False,delete,False,False,False,True,14.262911999992411,0.007621999998264,0.5884039999273227,43.716933000041536,0.0189739999996163,58.59484499995915
T.MOV,71,T,True,delete,0.7591488361358643,False,delete,False,False,False,True,14.121280999972896,0.0110480000330426,0.8528280000064115,42.59521300002689,0.0188550000075338,57.59922500004677
T.MOV,72,T,True,delete,0.7005062699317932,False,delete,False,False,False,True,14.511474000016731,0.0061559999267046,0.9500040000602894,42.140830999983336,0.0187980000418974,57.62726300002896
T.MOV,73,T,True,delete,0.7520002722740173,False,delete,False,False,False,True,14.322287000027243,0.0072799999770722,0.9270030000152474,42.5775829999111,0.0209869999707734,57.85513999990144
T.MOV,74,T,True,delete,0.8181803226470947,False,delete,False,False,False,True,13.925120999999764,0.006693999921481,0.8580289999144952,42.21158900008959,0.0212099999998827,57.02264299992521
T.MOV,75,T,True,delete,0.7600179314613342,False,delete,False,False,False,True,14.112395000040578,0.0063480000562776,0.841356000023552,41.89372600001207,0.0183260000312657,56.87215100016374
T.MOV,76,T,True,delete,0.707010805606842,False,delete,False,False,False,True,14.073273000008156,0.0073820000352498,0.8531189999985145,42.7156800000148,0.0206639999760227,57.67011800003274
T.MOV,77,T,True,delete,0.657620906829834,False,delete,False,False,False,True,14.42115200001126,0.0071919999982128,0.919983000017055,42.29177400009121,0.019357000041964,57.6594580001597
T.MOV,78,T,True,delete,0.6303917765617371,False,delete,False,False,False,True,14.462950999984514,0.0067280000166647,0.8982380001043566,44.09093099991424,0.019992000034108,59.47884000005388
T.MOV,79,T,True,delete,0.8293761610984802,False,delete,False,False,False,True,14.106002999994873,0.0070690000484319,0.8589159999701224,42.73248300000887,0.0199790000579014,57.7244500000802
T.MOV,80,T,True,delete,0.7560529112815857,False,delete,False,False,False,True,14.11253899999565,0.006352000013976,0.8790669999143574,41.70607100002144,0.0212710000369042,56.725299999982326
T.MOV,81,T,True,delete,0.6878607869148254,False,delete,False,False,False,True,14.44072800001095,0.0063249999584513,0.8413990000235572,46.7766300000676,0.0242909999315088,62.08937299999207
T.MOV,82,T,True,delete,0.7329714298248291,False,delete,False,False,False,True,14.062125000009472,0.0067769999532174,0.9074729999838382,42.82174000002215,0.0196580000419999,57.81777300001068
T.MOV,83,T,True,delete,0.7490571737289429,False,delete,False,False,False,True,14.090509999959975,0.0065060000906669,0.848470999926576,41.76471699997819,0.0202459999627535,56.73044999991816
T.MOV,84,T,True,delete,0.7213464975357056,False,delete,False,False,False,True,14.30639299996983,0.0062540000271837,0.8525299999746494,42.69235599997501,0.0219099999867466,57.87944299993342
T.MOV,85,T,True,delete,0.7125086784362793,False,delete,False,False,False,True,14.32878400004256,0.0072919999638543,0.922754000043824,43.42377500006478,0.0227829999630557,58.70538800007808
T.MOV,86,T,True,delete,0.6932654976844788,False,delete,False,False,False,True,14.219120000007024,0.0059970000165776,0.8504489999268117,41.95065900000827,0.023422000026585,57.04964699998527
T.MOV,87,T,True,delete,0.730745255947113,False,delete,False,False,False,True,13.977176000025793,0.0086830000327609,0.9094900000263806,42.68975100001171,0.0196199999891177,57.60472000008576
T.MOV,88,T,True,delete,0.7108604907989502,False,delete,False,False,False,True,14.433628000006138,0.0063960000034057,0.8270600000059858,42.071506999946,0.0259419999792953,57.36453299994082
T.MOV,89,T,True,delete,0.6763137578964233,False,delete,False,False,False,True,14.475501999982043,0.0090610000142987,0.876878999974906,43.38976399992589,0.0233609999895634,58.7745669998867
T.MOV,90,T,True,delete,0.6041295528411865,False,delete,False,False,False,True,14.210700000035104,0.007840999955988,0.9229689999301628,45.15789399999903,0.0200700000050346,60.31947399992532
T.MOV,91,T,True,delete,0.6681442856788635,False,delete,False,False,False,True,14.101885000002312,0.0082940000538656,0.8552889999009494,43.04728900001464,0.0379370000018752,58.050693999973646
T.MOV,92,T,True,delete,0.6686123013496399,False,delete,False,False,False,True,14.07485300001099,0.0067409999928713,0.9136039999475544,43.828585999904135,0.0207360000104017,58.84451999986595
T.MOV,93,T,True,delete,0.6299523711204529,False,delete,False,False,False,True,14.339311000014732,0.0069499999426625,0.8339920000253187,42.87588700003653,0.0214049999840426,58.07754500000328
T.MOV,94,T,True,delete,0.71998530626297,False,delete,False,False,False,True,14.068230000020776,0.0070030000642873,0.5566190000081406,44.439538000006,0.0221020000026328,59.09349200010183
T.MOV,95,T,True,delete,0.7031751275062561,False,delete,False,False,False,True,14.00668499996982,0.0066060000563084,0.8267140000270956,43.249077000041325,0.0223590000132389,58.11144100010779
T.MOV,96,T,True,delete,0.5248888731002808,False,delete,False,False,False,True,14.219190999995137,0.0146370000493334,0.8951080000088041,42.397594000021854,0.02224800005024,57.54877800012537
T.MOV,97,T,True,delete,0.5838066339492798,False,delete,False,False,False,True,14.138714000011989,0.0062880000086806,0.900792000038564,42.33118599995578,0.0266450000481199,57.40362500006313
T.MOV,98,T,True,delete,0.602849006652832,False,delete,False,False,False,True,14.323618999981136,0.0070049999294496,0.9108790000027512,42.47881599997072,0.0224130000106015,57.74273199989466
T.MOV,99,T,True,delete,0.5932458639144897,False,delete,False,False,False,True,14.249677999998768,0.0072599999612066,0.9237939999593436,42.37654500002464,0.0202699999363176,57.57754699988027
T.MOV,100,T,True,delete,0.5929366946220398,False,delete,False,False,False,True,14.062725000030696,0.0080849999903875,0.8634560000473357,43.31401400008872,0.0229550000767631,58.2712350002339
T.MOV,101,T,True,delete,0.5758188962936401,False,delete,False,False,False,True,14.277353000011315,0.008653999998387,0.9203890000435422,46.1411250000765,0.0238090000266311,61.37133000015638
T.MOV,102,T,True,delete,0.6139017939567566,False,delete,False,False,False,True,14.336308999986612,0.00923100003547,0.9243979999382644,43.19255500001873,0.021901999957663,58.48439499993674
T.MOV,103,T,True,delete,0.6694313287734985,False,delete,False,False,False,True,14.354112000035002,0.0072819999559214,0.831287999972119,43.318705000046975,0.022945999944568,58.534332999954586
T.MOV,104,T,True,delete,0.6987231969833374,False,delete,False,False,False,True,14.157603999990442,0.0078589999930045,0.902989999985948,43.01958899998226,0.0233870000556635,58.11142900000732
T.MOV,105,T,True,delete,0.7922521233558655,False,delete,False,False,False,True,14.249824000046374,0.00881500000105,0.8594429999675413,43.362142999967546,0.0189200000022538,58.499144999984765
T.MOV,106,T,True,delete,0.7828929424285889,False,delete,False,False,False,True,14.346741999986534,0.0071649999426881,0.8370030000151019,43.839132000016434,0.0200580000182526,59.05009999997901
T.MOV,107,T,True,delete,0.8431971073150635,False,delete,False,False,False,True,17.126290000021527,0.0076239999771132,0.8593509999172966,43.09658800002581,0.0184519999493204,61.10830499989106
T.MOV,108,T,True,delete,0.8263739347457886,False,delete,False,False,False,True,14.381346999982725,0.007063999987622,0.9310409999443436,43.91147899991665,0.0191999999969993,59.25013099982834
T.MOV,109,T,True,delete,0.9126501083374025,False,delete,False,False,False,True,14.248781999981476,0.0067969999690831,0.5971279999812396,43.23663000002398,0.0199820000261752,58.10931899998195
T.MOV,110,T,True,delete,0.8382847905158997,False,delete,False,False,False,True,14.10227799999575,0.0065629999426164,0.833185999908892,43.14679300000535,0.0197220000472952,58.1085419998999
T.MOV,111,T,True,delete,0.8321011662483215,False,delete,False,False,False,True,16.51663100000178,0.0057790000482782,0.8334629999353638,42.55431199999293,0.0191240000049219,59.92930899998328
T.MOV,112,T,True,delete,0.8860277533531189,False,delete,False,False,False,True,14.971560999981648,0.0063830000271991,0.8434220000026471,44.897467999931,0.0206280000156766,60.739461999958166
T.MOV,113,T,True,delete,0.8895527720451355,False,delete,False,False,False,True,14.66254599995409,0.0087619999931121,0.8028350000586215,46.69065199993838,0.0326100000620499,62.197405000006256
T.MOV,114,T,True,delete,0.7788991928100586,False,delete,False,False,False,True,14.365300999998,0.0070749999849795,0.8624900000313573,43.77959099997497,0.0212880000844961,59.0357450000738
T.MOV,115,T,True,delete,0.7215520143508911,False,delete,False,False,False,True,14.38083400000778,0.0068659999215014,0.8570079999117297,44.18904399994972,0.0212349999628713,59.4549869997536
T.MOV,116,T,True,delete,0.6580063104629517,False,delete,False,False,False,True,14.539158999980373,0.007044999961181,0.8291449998978351,42.544527000018206,0.0227049999921291,57.94258099984973
T.MOV,117,T,True,delete,0.6365469694137573,False,delete,False,False,False,True,14.247836999970788,0.0069999999823266,0.8586910000758508,42.17902599998524,0.0229260000423892,57.3154800000566
T.MOV,118,T,True,delete,0.7191852331161499,False,delete,False,False,False,True,14.221110999983466,0.0083669999639823,0.8751950000487341,45.120829999973466,0.0212920000421945,60.24679500001184
T.MOV,119,T,True,delete,0.779725968837738,False,delete,False,False,False,True,14.336528999990604,0.0124900000173511,0.9438880000516292,43.70947699999306,0.0183560000550642,59.02074000010771
T.MOV,120,T,True,delete,0.8432706594467163,False,delete,False,False,False,True,14.150792999998885,0.0063029999637365,0.6589109999595166,43.4437330000037,0.0204680000024382,58.28020799992828
T.MOV,121,T,True,delete,0.841751217842102,False,delete,False,False,False,True,14.152249000005668,0.0255869999818969,0.9378359999345776,46.827022000002216,0.0226150000344205,61.96530899995878
T.MOV,122,T,True,delete,0.881953775882721,False,delete,False,False,False,True,14.193085999977484,0.0106579999510358,0.9744980000050418,48.42534099998375,0.0278400000297551,63.63142299994706
T.MOV,123,T,True,delete,0.793540894985199,False,delete,False,False,False,True,14.168858999994429,0.0072749999162624,0.8858349999627535,44.47117299991987,0.0190790000260676,59.55222099981938
T.MOV,124,T,True,delete,0.6794910430908203,False,delete,False,False,False,True,14.26803800001153,0.0071829999797046,0.8613500000365093,44.31815099997039,0.0200580000182526,59.47478000001638
T.MOV,125,T,True,delete,0.6755096316337585,False,delete,False,False,False,True,14.29847500003234,0.0086260000671245,0.7861310000407684,45.60373100002835,0.0274920000720158,60.7244550002406
T.MOV,126,T,True,delete,0.6299379467964172,False,delete,False,False,False,True,14.117475999967157,0.0070529999902646,0.7605840000906028,45.47013200010497,0.0191440000207876,60.37438900017378
T.MOV,127,T,True,delete,0.5982723236083984,False,delete,False,False,False,True,14.043625999988762,0.0085460000036619,0.5723510000734677,44.70184399997379,0.0196570000525753,59.34602400009226
T.MOV,128,T,True,delete,0.5296196937561035,False,delete,False,False,False,True,14.24017200002936,0.0071850000722406,0.8375820000310341,43.36536799996793,0.0198220000129367,58.4701290001135
T.MOV,129,T,True,delete,0.4971105456352234,False,delete,False,False,False,True,14.139540000030593,0.0088760000380716,0.8991400000013527,44.94096999997055,0.0229999999419305,60.011525999982496
T.MOV,130,T,True,delete,0.3773961067199707,False,delete,False,False,False,True,14.174573000047983,0.0144870000440278,0.8533039999747416,43.24454400000377,0.021885000023758,58.30879300009428
T.MOV,131,T,True,delete,0.3865588009357452,False,delete,False,False,False,True,14.216424999972332,0.0088020000248434,0.5920910000440927,43.145148000007794,0.0384439999834285,58.00091000003249
T.MOV,132,T,True,delete,0.3483015298843384,False,delete,False,False,False,True,14.222028999995471,0.0115479999749368,0.874408999948173,42.28576399998474,0.0214469999946231,57.41519699989794
T.MOV,133,T,True,delete,0.3592973351478576,False,delete,False,False,False,True,14.332070999955704,0.0073499999189152,0.8617490000233374,43.2349579999709,0.021036000021013,58.45716399988987
T.MOV,134,T,True,delete,0.348217099905014,False,delete,False,False,False,True,14.36387600000444,0.0079520000326738,0.8585749999383552,42.90713399996093,0.0185739999096767,58.15611099984608
T.MOV,135,T,True,delete,0.3416734039783478,False,delete,False,False,False,True,15.569448000007924,0.0076129999797558,0.8397410000497985,43.37840599998799,0.0193970000736953,59.81460500009917
T.MOV,136,T,True,delete,0.3819549083709717,False,delete,False,False,False,True,14.18551900002285,0.0070450000748678,0.9551250000185972,43.4635960000378,0.0236289999975269,58.63491400015164
T.MOV,137,T,True,delete,0.4325551092624664,False,delete,False,False,False,True,14.12770100000671,0.0071670000352241,0.8431659999814656,43.48554199998489,0.0213880000501376,58.484964000058426
T.MOV,138,T,True,delete,0.3190278112888336,False,delete,False,False,False,True,14.201974000002338,0.019984999994449,0.8553939999274007,42.8925490000438,0.0222319999920728,57.99213399996006
T.MOV,139,T,True,delete,0.4309751987457275,False,delete,False,False,False,True,14.474050999979228,0.0056899999663073,0.8273309999822231,42.14053200007584,0.0208889999839811,57.468492999987575
T.MOV,140,T,True,delete,0.5285107493400574,False,delete,False,False,False,True,14.236766000010448,0.0053879999768469,0.8204030000342755,42.46689899991907,0.0206229999548668,57.550078999895504
T.MOV,141,T,True,delete,0.574088990688324,False,delete,False,False,False,True,14.29599400000825,0.0062569999954575,0.8292329999903814,43.14523800007919,0.020554999991873,58.29727700006515
T.MOV,142,T,True,delete,0.5823085904121399,False,delete,False,False,False,True,14.12921000002143,0.0061099999584257,0.9722910000391494,45.45989300004294,0.0211300000501069,60.58863400011205
T.MOV,143,T,True,delete,0.6843781471252441,False,delete,False,False,False,True,14.570152000032977,0.006340000027194,0.9000990000913589,46.58037199999399,0.0180450000470955,62.07500800019261
U.MOV,0,U,True,Z,0.582705557346344,False,Z,False,False,False,True,14.402989000018351,0.0101279999853431,0.9444309999935284,42.879384000002574,0.0227950000635246,58.25972700006332
U.MOV,1,U,True,Z,0.5989586114883423,False,Z,False,False,False,True,14.257772000007662,0.0075380000907898,0.8512269999982891,44.8860760000116,0.0218999999788138,60.024513000087154
U.MOV,2,U,True,Z,0.5701911449432373,False,Z,False,False,False,True,13.88909400003513,0.0078470000062225,0.8799690000387272,42.75079399997139,0.0201169999627381,57.54782100001421
U.MOV,3,U,True,Z,0.5606120824813843,False,Z,False,False,False,True,13.97375099998044,0.0077509999982794,0.9415259999059344,42.0866610000985,0.0225330001057955,57.03222200008895
U.MOV,4,U,True,Z,0.5324538350105286,False,Z,False,False,False,True,13.985198999989734,0.0124870000490773,0.8550320000040301,44.33335999999599,0.0199019999627125,59.205980000001546
U.MOV,5,U,True,Z,0.4758415520191192,False,Z,False,False,False,True,14.056267999990268,0.0080869999692367,0.8348410000280637,43.89171000002534,0.0236079999922367,58.81451400000515
U.MOV,6,U,True,Z,0.4914274215698242,False,Z,False,False,False,True,13.927105999982814,0.0068129999135635,0.9874549999722148,58.82215400004043,0.0217179999708605,73.76524599987988
U.MOV,7,U,True,Z,0.4244444966316223,False,Z,False,False,False,True,14.117696999960572,0.0086270000565491,0.8506839999427029,47.526779999998325,0.0228220000053624,62.52660999996351
U.MOV,8,U,True,Z,0.6119769811630249,False,Z,False,False,False,True,14.249389999974936,0.009380000051351,0.8695819999502419,48.28084299992952,0.0217089999523523,63.4309039998584
U.MOV,9,U,True,Z,0.6103127002716064,False,Z,False,False,False,True,14.220570999952995,0.008175000061783,0.910277999992104,44.33729800007313,0.0239329999658366,59.500255000045854
U.MOV,10,U,True,Z,0.6190718412399292,False,Z,False,False,False,True,14.076088000024356,0.007063999987622,0.9379869999293078,44.215199999939614,0.0226099999736106,59.25894899985451
U.MOV,11,U,True,Z,0.6807193160057068,False,Z,False,False,False,True,14.320980999968924,0.0071489999982077,0.8538289999933113,42.92385199994442,0.0232560000767989,58.12906699998166
U.MOV,12,U,True,Z,0.7408144474029541,False,Z,False,False,False,True,14.101703999983783,0.0077099999771235,0.8971030000566316,43.20451399996728,0.0228589999551331,58.23388999993995
U.MOV,13,U,True,Z,0.725780725479126,False,Z,False,False,False,True,14.178061999984948,0.0076850000141348,0.8718920000774233,42.62877600001502,0.0211799999760842,57.70759500006761
U.MOV,14,U,True,Z,0.7292487621307373,False,Z,False,False,False,True,14.2071810000175,0.0068190000774848,0.9527180000077352,42.13704000005691,0.0204619999522037,57.32422000011184
U.MOV,15,U,True,Z,0.7487507462501526,False,Z,False,False,False,True,14.191577999952187,0.0078140000141502,0.8772410000119635,43.55513100006192,0.0220299999682538,58.65379400000848
U.MOV,16,U,True,Z,0.7253334522247314,False,Z,False,False,False,True,14.176825999982157,0.0079600000617574,0.8781989999988582,43.08691699998235,0.0213659999417359,58.17126799996686
U.MOV,17,U,True,Z,0.633837878704071,False,Z,False,False,False,True,14.599347000000762,0.0086820000433363,0.8757749999404041,43.8930899999832,0.0208590000738695,59.397753000041575
U.MOV,18,U,True,Z,0.6244651675224304,False,Z,False,False,False,True,14.558842999974786,0.0074440000616959,0.8763270000144985,43.80479299993567,0.020145999997112,59.26755299998376
U.MOV,19,U,True,Z,0.6108935475349426,False,Z,False,False,False,True,14.447475999986636,0.007694000032643,0.9009689999857072,43.693166000025485,0.0317880000011427,59.081093000031615
U.MOV,20,U,True,Z,0.699470043182373,False,Z,False,False,False,True,14.224291000004996,0.0098279999747319,0.9466900000916212,44.7634750000816,0.0287810000827448,59.97306500023569
U.MOV,21,U,True,Z,0.6388927698135376,False,Z,False,False,False,True,14.272123000012016,0.0096170000460915,0.9783660000266536,44.842609000056655,0.022878000095261,60.12559300023668
U.MOV,22,U,True,Z,0.6943599581718445,False,Z,False,False,False,True,14.202055999987806,0.0082920000750164,0.9234259999857386,43.15933699990637,0.0224939999498019,58.315604999904735
U.MOV,23,U,True,Z,0.6916096210479736,False,Z,False,False,False,True,14.579687999969336,0.0070539999796892,0.8960249999745429,42.570240000031845,0.0207919999866135,58.07379899994203
U.MOV,24,U,True,Z,0.7158893346786499,False,Z,False,False,False,True,14.449408999951174,0.0061310000774028,0.8575680000149077,43.79067299998951,0.0196329999653244,59.12341399999832
U.MOV,25,U,True,Z,0.6710305213928223,False,Z,False,False,False,True,14.022546000035163,0.0062999999954627,0.8491669999557416,43.14718599994194,0.0255349999633835,58.05073399989169
U.MOV,26,U,True,Z,0.6481590867042542,False,Z,False,False,False,True,14.082698000038365,0.0081599999930404,0.8754299999509385,43.38343199992778,0.0211440000157381,58.37086399992586
U.MOV,27,U,True,Z,0.6477197408676147,False,Z,False,False,False,True,14.35578500002066,0.0061800000139555,0.8291799999824434,46.13617399991199,0.0208599999496073,61.348178999878655
U.MOV,28,U,True,Z,0.6248108744621277,False,Z,False,False,False,True,14.465133999976842,0.0066459999743528,0.8516450000115583,42.8356590000476,0.02189700001054,58.18098100002089
U.MOV,29,U,True,Z,0.6881330013275146,False,Z,False,False,False,True,14.259210999966854,0.0074770000537682,0.9172750000061568,42.81136499992044,0.0396439999121867,58.03497199985941
U.MOV,30,U,True,Z,0.6372647881507874,False,Z,False,False,False,True,14.6328649999532,0.0069499999426625,0.9040829999094058,42.88873799998783,0.0220309999576784,58.45466699975077
U.MOV,31,U,True,Z,0.5596756339073181,False,Z,False,False,False,True,14.22588100001576,0.0068609999743785,0.8276820000219232,44.21101000002636,0.055365999969581,59.32680000000801
U.MOV,32,U,True,Z,0.5064455270767212,False,Z,False,False,False,True,14.247501999989254,0.0067380000245975,0.879306000001634,42.7064819999714,0.0201399999468776,57.860167999933765
U.MOV,33,U,True,Z,0.4317362606525421,False,Z,False,False,False,True,14.452807999987272,0.0071900000193636,0.8563970000068366,42.72087099991495,0.0213050000184011,58.05857099994682
U.MOV,34,U,True,Z,0.4626180231571197,False,Z,False,False,False,True,13.982709999993403,0.0082770000062737,0.6904910000002928,43.74420800002099,0.025541000013618,58.45122700003458
U.MOV,35,U,True,Z,0.400077074766159,False,Z,False,False,False,True,14.320709000003262,0.0097739999773693,0.92349200008357,44.083058999945024,0.0199620000103095,59.356996000019535
U.MOV,36,U,True,Z,0.4024543464183807,False,Z,False,False,False,True,14.916811000034611,0.0075639999295162,0.9240079999699446,43.32066400002077,0.0225979999868286,59.19164499994167
U.MOV,37,U,True,delete,0.4794065058231354,False,delete,False,False,False,True,14.44419899996774,0.0079650000088804,0.8591679999199187,42.86203799995292,0.0228189999234018,58.19618899977286
U.MOV,38,U,True,Z,0.4044874906539917,False,Z,False,False,False,True,14.61420700002236,0.008180000008906,0.8621459999176295,43.72174499997072,0.0237770000239834,59.2300549999436
U.MOV,39,U,True,Z,0.4916498959064483,False,Z,False,False,False,True,14.29871999999932,0.0083549999772003,0.891971999976704,46.18555900003685,0.0278219999927387,61.41242799998281
U.MOV,40,U,True,Z,0.4941822290420532,False,Z,False,False,False,True,14.070860999993329,0.008163000075001,0.6451610000794972,43.31734899994899,0.0205960000130289,58.062130000109846
U.MOV,41,U,True,Z,0.5225558876991272,False,Z,False,False,False,True,14.056628999981058,0.0071690000140733,0.8555550000437506,42.96757399993112,0.0204209999310478,57.90734799990105
U.MOV,42,U,True,Z,0.5466254949569702,False,Z,False,False,False,True,14.242700000011157,0.0081460000274091,0.8506660000193733,44.27952799994728,0.0189500000260522,59.39999000003127
U.MOV,43,U,True,Z,0.5119075775146484,False,Z,False,False,False,True,14.289980999990348,0.0067770000669042,0.8528690000275674,42.806679000023,0.0191240000049219,57.97543000011274
U.MOV,44,U,True,Z,0.5890520811080933,False,Z,False,False,False,True,14.038522000021205,0.00615499993728,0.8429430000660432,43.14431700004207,0.0274220000164859,58.05935900008308
U.MOV,45,U,True,delete,0.4933125376701355,False,delete,False,False,False,True,14.07288199999357,0.0084849999666403,0.8540469999616107,43.45996399990781,0.0190370000154871,58.41441499984512
U.MOV,46,U,True,delete,0.4392171800136566,False,delete,False,False,False,True,14.205666999998812,0.0067460000536812,0.8885439999630762,42.795121000040126,0.0191259999837711,57.915204000039466
U.MOV,47,U,True,delete,0.5602595806121826,False,delete,False,False,False,True,14.108053000029486,0.0079099999084064,0.8531909999192067,43.55349200000092,0.0201670000024023,58.542812999860416
U.MOV,48,U,True,delete,0.493022084236145,False,delete,False,False,False,True,13.968943999998372,0.0073779999638645,0.8906589999924108,43.39185800006362,0.0194909999891024,58.27833000000737
U.MOV,49,U,True,delete,0.4963560104370117,False,delete,False,False,False,True,14.117751000014778,0.0078599999824291,0.8722740000166596,43.37247800003752,0.019583000039347,58.38994600009073
U.MOV,50,U,True,Z,0.5218167901039124,False,Z,False,False,False,True,14.350903999968525,0.0082179999481013,0.9863559999985227,44.91513000004943,0.0194550000287563,60.28006299999333
U.MOV,51,U,True,Z,0.4694609045982361,False,Z,False,False,False,True,14.387837000015224,0.0058179999768981,0.8429110000633955,43.74580299997888,0.0196219999679669,59.00199100000236
U.MOV,52,U,True,Z,0.6555818319320679,False,Z,False,False,False,True,13.951240000039888,0.0062780000007478,0.834457999985716,43.86450599997716,0.0203129999363227,58.67679499993983
U.MOV,53,U,True,Z,0.5861403942108154,False,Z,False,False,False,True,14.139022999984263,0.0073789999532891,0.8615629999439989,44.30582800000593,0.0225630000159071,59.33635599990339
U.MOV,54,U,True,Z,0.5804909467697144,False,Z,False,False,False,True,14.064482000037517,0.0078429999348372,0.87546499992186,43.79066199999215,0.0209989999575554,58.75945099984392
U.MOV,55,U,True,Z,0.638001024723053,False,Z,False,False,False,True,14.017949999981738,0.0075609999612424,0.8612789999915549,43.49812899999961,0.0210670000342361,58.40598599996838
U.MOV,56,U,True,Z,0.5843092203140259,False,Z,False,False,False,True,14.143085999990037,0.0080350000644102,0.935691999984556,43.80989599997065,0.0193990000525445,58.9161080000622
U.MOV,57,U,True,Z,0.5357707142829895,False,Z,False,False,False,True,14.122692000000823,0.0070820000246385,0.824105999981839,42.05376500010516,0.0218359999735184,57.02948100008598
U.MOV,58,U,True,Z,0.5727132558822632,False,Z,False,False,False,True,14.255900000023304,0.0070500000219908,0.9482619999516828,43.085470999926656,0.0234609999552048,58.32014399987884
U.MOV,59,U,True,Z,0.5363497138023376,False,Z,False,False,False,True,14.438754000025256,0.0073780000775514,1.012002000038592,44.655723999994734,0.0234090000503783,60.13726700018651
U.MOV,60,U,True,Z,0.4628902971744537,False,Z,False,False,False,True,14.110920000007354,0.0073390000352446,0.8743759999561007,43.29622499994912,0.0219260000449139,58.31078599999273
U.MOV,61,U,True,Z,0.4942981302738189,False,Z,False,False,False,True,14.147624000031556,0.0064049999082271,0.8512240000300153,43.097049999914816,0.0217179999708605,58.12402099985548
U.MOV,62,U,True,delete,0.4284568727016449,False,delete,False,False,False,True,13.959188999990602,0.0087950000988712,1.0783759998957976,43.54651099993134,0.0217079999629277,58.61457899987954
U.MOV,63,U,True,delete,0.5106200575828552,False,delete,False,False,False,True,14.245818000006238,0.0064590000192765,0.826285000016469,43.234419999976126,0.0233700000080716,58.33635200002618
U.MOV,64,U,True,delete,0.4703805148601532,False,delete,False,False,False,True,14.009925999971529,0.0073679999559317,0.931944000058138,43.68485800000599,0.0233550000530158,58.6574510000446
U.MOV,65,U,True,delete,0.4411611557006836,False,delete,False,False,False,True,14.168193000045903,0.0077700000247205,0.8873279999761507,43.53021800000079,0.0240880000319521,58.61759700007951
U.MOV,66,U,True,delete,0.465093046426773,False,delete,False,False,False,True,13.987057999997887,0.0075589999823932,0.8759840000038821,45.41659599999548,0.0237689999948997,60.31096599997454
U.MOV,67,U,True,delete,0.5534080266952515,False,delete,False,False,False,True,14.39791799998602,0.0086339999825213,0.5843989999902988,43.83034200009206,0.0232490000371399,58.84454200008804
U.MOV,68,U,True,delete,0.4833880960941314,False,delete,False,False,False,True,14.060746000041036,0.0088000000459942,0.8862939999971786,44.012361000000055,0.0243150000187597,58.99251600010302
U.MOV,69,U,True,delete,0.4480085968971252,False,delete,False,False,False,True,13.937552000015785,0.0082410000459276,0.5671269999538708,48.2682049999994,0.0241570000980573,62.80528200011304
U.MOV,70,U,True,delete,0.4973915517330169,False,delete,False,False,False,True,13.897194000037416,0.0100170000223442,0.7758030000104554,44.51126599997224,0.0197960000605235,59.21407600010298
U.MOV,71,U,True,delete,0.5498194694519043,False,delete,False,False,False,True,13.901018000012757,0.0119149999591172,0.5997129999286699,44.71375900004659,0.019140999938827,59.24554599988596
U.MOV,72,U,True,delete,0.4883583188056946,False,delete,False,False,False,True,13.894481999955133,0.006263000045692,0.5330389999471663,42.295739999985926,0.0191230000154973,56.748646999949415
U.MOV,73,U,True,delete,0.5778865218162537,False,delete,False,False,False,True,14.011915000025963,0.0072459999955754,0.8973989999958576,42.10468500002662,0.0215190000290022,57.04276400007302
U.MOV,74,U,True,delete,0.5508280396461487,False,delete,False,False,False,True,14.329612999972596,0.0079550000009476,0.8889289999842731,42.56884799997352,0.0211960000342514,57.81654099996558
U.MOV,75,U,True,delete,0.5655907988548279,False,delete,False,False,False,True,14.138378999973613,0.007703999926889,0.9274410000443822,46.24146599996948,0.0234589999763557,61.33844899989072
U.MOV,76,U,True,delete,0.5023432970046997,False,delete,False,False,False,True,14.187951999986126,0.0069600000642822,0.853305000077853,46.323682999968696,0.0200800000129675,61.391980000109925
U.MOV,77,U,True,delete,0.5363808870315552,False,delete,False,False,False,True,14.060529999994742,0.0075869999136557,0.8811930000547363,43.604882999943584,0.020287999973334,58.57448099988005
U.MOV,78,U,True,delete,0.4775499403476715,False,delete,False,False,False,True,14.149271000007955,0.0072569999929328,0.9304469999733556,45.34483999998429,0.0203879999389755,60.45220299989751
U.MOV,79,U,True,delete,0.5275615453720093,False,delete,False,False,False,True,14.049175999957695,0.0126040000623106,0.8308199999191856,43.83694700004526,0.0223160000132338,58.75186299999768
U.MOV,80,U,True,delete,0.530859112739563,False,delete,False,False,False,True,13.951696999981776,0.0061590000086653,0.8378140000786516,43.60426899995673,0.0217330000396032,58.42167200006543
U.MOV,81,U,True,delete,0.6404750347137451,False,delete,False,False,False,True,14.1734459999725,0.0072220000220113,0.9045010000363618,43.78995699994448,0.0209730000051422,58.896098999980495
U.MOV,82,U,True,delete,0.5085278749465942,False,delete,False,False,False,True,14.097589000016342,0.0075169999718127,0.536503000034827,42.74433700004465,0.018743999930848,57.40468999999848
U.MOV,83,U,True,delete,0.6675112843513489,False,delete,False,False,False,True,14.073366999980408,0.0067089999902236,0.8453229999076939,42.72828099999515,0.0192350000816077,57.67291499995508
U.MOV,84,U,True,delete,0.445537656545639,False,delete,False,False,False,True,14.193115000011858,0.0061419999610734,0.7995399998890207,43.703580999931546,0.0196499998992294,58.72202799969273
U.MOV,85,U,True,delete,0.5365369915962219,False,delete,False,False,False,True,14.176738000003295,0.0064649999558241,0.8475649999581947,43.08712399995329,0.0189110000974324,58.13680299996804
U.MOV,86,U,True,delete,0.5532680153846741,False,delete,False,False,False,True,14.09017800000356,0.0060649999795714,0.8781170000702332,43.29724399997304,0.0224469999920984,58.2940510000185
U.MOV,87,U,True,delete,0.5523064136505127,False,delete,False,False,False,True,14.13851600000271,0.0066850000166596,0.8884679999709988,42.2132490000422,0.0214699999787626,57.26838800001133
U.MOV,88,U,True,delete,0.4229578673839569,False,delete,False,False,False,True,14.276604999963638,0.00650599997698,0.8880960000396954,41.90030899997055,0.0214890000052037,57.09300499995607
U.MOV,89,U,True,delete,0.4154612421989441,False,delete,False,False,False,True,14.465972999971656,0.0070510000114154,0.9045329999253228,42.39740399998482,0.0192590000551717,57.79421999994838
U.MOV,90,U,True,Z,0.4516400694847107,False,Z,False,False,False,True,14.337832000023807,0.0068219999320717,0.8204590000104872,42.16622499995992,0.0195250000842861,57.35086300001058
U.MOV,91,U,True,Z,0.4070546627044678,False,Z,False,False,False,True,14.30526799998688,0.0061629999663637,0.8812099999886414,43.89037800001461,0.0221029999920574,59.10512199994855
U.MOV,92,U,True,Z,0.467308759689331,False,Z,False,False,False,True,14.2329330000166,0.0059999999848514,0.8520129999851633,43.06029099996067,0.0202459999627535,58.17148299991004
U.MOV,93,U,True,Z,0.5048087239265442,False,Z,False,False,False,True,14.121482999996717,0.0069520000351985,0.5269939999834605,42.609375999973054,0.0200109999468622,57.28481599993529
U.MOV,94,U,True,Z,0.4514098465442657,False,Z,False,False,False,True,14.037272999985362,0.0064979999478964,0.8362949999991542,42.15817799990873,0.0193810000155281,57.05762499985667
U.MOV,95,U,True,delete,0.4108782112598419,False,delete,False,False,False,True,14.045027000008758,0.0071499999876323,0.8199630000262914,42.38446300007581,0.0199950000023818,57.27659800010088
U.MOV,96,U,True,Z,0.4356040358543396,False,Z,False,False,False,True,14.015308000011828,0.0067089999902236,0.8522480000010546,42.41910000007465,0.0217299999576425,57.3150950000354
U.MOV,97,U,True,delete,0.4144849777221679,False,delete,False,False,False,True,15.161556999998991,0.0072230000114359,0.9671889999935956,44.45688099997369,0.0219300000026123,60.61477999998033
U.MOV,98,U,True,delete,0.4230608642101288,False,delete,False,False,False,True,16.06331499999669,0.0069779999876118,0.870724000037626,43.4551979999469,0.0226950000978831,60.41891000006672
U.MOV,99,U,True,delete,0.5010959506034851,False,delete,False,False,False,True,13.987251000003198,0.0059109999028805,0.837178000097083,43.74822599993422,0.021598999978778,58.60016499991616
U.MOV,100,U,True,delete,0.4664406776428222,False,delete,False,False,False,True,14.077496999959749,0.0068819999796687,0.920979000056832,42.87036100004116,0.0235410000186675,57.89926000005608
U.MOV,101,U,True,delete,0.5296133756637573,False,delete,False,False,False,True,13.971378000007917,0.0074559999347911,0.9443700000701938,43.296147999967616,0.0213569999232277,58.24070899990375
U.MOV,102,U,True,delete,0.5476518273353577,False,delete,False,False,False,True,14.06294399998842,0.0068680000140375,0.8596330000045782,43.39492100007192,0.0234130000080767,58.34777900008703
U.MOV,103,U,True,delete,0.4992375075817108,False,delete,False,False,False,True,14.014227000018307,0.0076540000009117,0.825780000013765,44.60933500001829,0.0220429999444604,59.47903899999574
U.MOV,104,U,True,delete,0.5878022313117981,False,delete,False,False,False,True,14.071064999995995,0.0065459998950245,0.8449939999763956,42.23793500000284,0.0220330000502144,57.18257299992047
U.MOV,105,U,True,delete,0.5623988509178162,False,delete,False,False,False,True,14.586300999951618,0.0077030000511513,0.7841210000378851,46.53477500005465,0.0437129999681928,61.9566130000635
U.MOV,106,U,True,delete,0.5518516898155212,False,delete,False,False,False,True,14.211920999969152,0.0081619999718896,0.944319000041105,45.30039700000543,0.0223129999312732,60.48711199991885
U.MOV,107,U,True,delete,0.6326299905776978,False,delete,False,False,False,True,14.667937000012898,0.00676599995586,0.9204389999695196,45.98581100003685,0.0217250000105195,61.60267799998565
U.MOV,108,U,True,delete,0.5080095529556274,False,delete,False,False,False,True,14.046995999990486,0.0064970000721586,0.853986000038276,42.733124999926986,0.0190119999388116,57.65961599996672
U.MOV,109,U,True,delete,0.5026384592056274,False,delete,False,False,False,True,14.13904899999352,0.0075049999850307,0.8415209999839135,43.9230580000185,0.0207189999628099,58.931851999943774
U.MOV,110,U,True,delete,0.4933743476867676,False,delete,False,False,False,True,14.325853999991978,0.0070720000167057,0.8623740000075486,43.10031800002889,0.0228769999921496,58.31849500003728
U.MOV,111,U,True,delete,0.6065628528594971,False,delete,False,False,False,True,13.995135000016036,0.0079750000168132,0.8873089999497097,43.93828600007055,0.0229320000926236,58.85163700014573
U.MOV,112,U,True,delete,0.5302557945251465,False,delete,False,False,False,True,14.126598000018475,0.0091279999878679,0.63132200000382,63.45090600007097,0.0243470000214074,78.24230100010254
U.MOV,113,U,True,delete,0.5450002551078796,False,delete,False,False,False,True,14.09518200000548,0.0088420000565747,0.8505889999241845,44.846416000041245,0.0221980000105759,59.82322700003806
U.MOV,114,U,True,delete,0.4881138205528259,False,delete,False,False,False,True,14.185446999988471,0.0075799999876835,0.8589280000705912,43.60657300003368,0.0212970001030043,58.67982500018343
U.MOV,115,U,True,delete,0.5206077098846436,False,delete,False,False,False,True,14.11502000001974,0.0065869999161805,0.8262379999450786,42.674757999975554,0.0218110000105298,57.64441399986708
U.MOV,116,U,True,delete,0.6065592169761658,False,delete,False,False,False,True,14.0812920000144,0.0063490000457022,0.821347000055539,42.90165899999465,0.021694999986721,57.832342000097015
U.MOV,117,U,True,delete,0.5309364795684814,False,delete,False,False,False,True,13.998657999991336,0.0066220000007888,0.8368929999278407,42.74967999992896,0.0219199999946795,57.6137729998436
U.MOV,118,U,True,delete,0.6048088669776917,False,delete,False,False,False,True,13.94577799999297,0.011686999982885,0.812847000020156,42.89203899998029,0.0220549999312424,57.68440599990754
U.MOV,119,U,True,delete,0.686512291431427,False,delete,False,False,False,True,14.21629999998686,0.0067270000272401,0.8481049999318202,42.81927600004565,0.0214240000104837,57.91183200000205
U.MOV,120,U,True,delete,0.5764546394348145,False,delete,False,False,False,True,14.031891000001906,0.0065360000007785,0.8266659999662807,42.89134099997227,0.0220730000819457,57.77850700002318
U.MOV,121,U,True,delete,0.5976719856262207,False,delete,False,False,False,True,14.072080000005371,0.0079950000326789,0.8409389999997074,43.16409199998361,0.0233730000900322,58.1084790001114
U.MOV,122,U,True,delete,0.6095271110534668,False,delete,False,False,False,True,14.165896000008615,0.0083840000115742,0.8791680000967972,43.23920000001635,0.0214100000448524,58.31405800017819
U.MOV,123,U,True,delete,0.6431608200073242,False,delete,False,False,False,True,14.136817000007795,0.0058050000006915,0.8120689999486785,43.88823099998263,0.0200020000420408,58.86292399998183
U.MOV,124,U,True,delete,0.6736307740211487,False,delete,False,False,False,True,13.818022999998902,0.007954000011523,0.8405930000208173,44.217010000011214,0.0217880000263903,58.90536800006885
U.MOV,125,U,True,delete,0.6625968217849731,False,delete,False,False,False,True,14.22254200002726,0.0067569999373517,0.8205139999972744,43.00138899998274,0.0212559999681616,58.07245799991279
U.MOV,126,U,True,delete,0.5629811882972717,False,delete,False,False,False,True,14.080895999995846,0.0065159999849129,0.8256769999661628,42.277226999999584,0.0212029999602236,57.21151899990673
U.MOV,127,U,True,delete,0.475859522819519,False,delete,False,False,False,True,14.14247200000318,0.0079049999612834,0.8320619999722112,43.64855999995143,0.0217499999735082,58.652748999861615
U.MOV,128,U,True,delete,0.4022742211818695,False,delete,False,False,False,True,13.92190799998616,0.0066019999849231,0.8067549999850598,43.19764199999554,0.0217670000211001,57.95467399997278
U.MOV,129,U,True,delete,0.4946040213108063,False,delete,False,False,False,True,14.084414999956609,0.0110480000330426,0.9694870000203082,44.19856100003017,0.0233440000556583,59.28685500009578
U.MOV,130,U,True,delete,0.4436520636081695,False,delete,False,False,False,True,14.143074000003253,0.007602999971823,0.8964180000248234,43.03829599996334,0.0248289999262851,58.11021999988952
U.MOV,131,U,True,delete,0.4436092376708984,False,delete,False,False,False,True,14.170895000006569,0.0073390000352446,0.8415060000288577,43.26313000001392,0.0225910000608564,58.30546100014544
U.MOV,132,U,True,delete,0.4698333740234375,False,delete,False,False,False,True,14.056993999986387,0.0068409999585128,0.9060370000497642,43.823781000014606,0.0216369999179733,58.815289999927245
U.MOV,133,U,True,delete,0.5728747844696045,False,delete,False,False,False,True,14.141621000021589,0.0088770000274962,0.8938150000403766,45.26483099994039,0.0206560000606259,60.32980000009047
U.MOV,134,U,True,delete,0.5920437574386597,False,delete,False,False,False,True,14.218505999963329,0.0084100000776743,0.8582030000070517,44.79985000000397,0.0223590000132389,59.90732800006526
U.MOV,135,U,True,delete,0.6077312231063843,False,delete,False,False,False,True,13.991826999983914,0.0073109999902953,0.845274000084828,44.4751920000499,0.0222959999973682,59.34190000010631
U.MOV,136,U,True,delete,0.6377694010734558,False,delete,False,False,False,True,14.120552000008502,0.0076719999242413,0.8587979999674644,43.393096999921,0.0226219999603927,58.4027409997816
U.MOV,137,U,True,delete,0.5152053236961365,False,delete,False,False,False,True,14.218401999983143,0.0073620000193841,0.538896000080058,43.59388500006389,0.0305500000195024,58.38909500016598
U.MOV,138,U,True,delete,0.5706630945205688,False,delete,False,False,False,True,14.34582099994941,0.0067050000325252,0.8409170000049926,43.45230299998093,0.0232510000159891,58.66899699998385
U.MOV,139,U,True,delete,0.6326238512992859,False,delete,False,False,False,True,13.82298499999024,0.0078010000379435,0.8563339999909658,43.3236000000079,0.0229070000159481,58.033627000043
U.MOV,140,U,True,delete,0.5230833888053894,False,delete,False,False,False,True,13.972632999980306,0.0066839999135481,0.9523989999706828,43.40152800000397,0.0219929999047963,58.3552369997733
U.MOV,141,U,True,delete,0.578682541847229,False,delete,False,False,False,True,14.437719000000016,0.0069210000219754,0.8311969999112989,43.02276700002494,0.0226720000000568,58.32127599995829
U.MOV,142,U,True,delete,0.6182869076728821,False,delete,False,False,False,True,13.841037000020153,0.0079349999850819,0.9360039999819492,45.91067299998031,0.0248949999104297,60.72054399987792
U.MOV,143,U,True,delete,0.4240357279777527,False,delete,False,False,False,True,14.032599000017854,0.0075780000088343,0.9721049999598108,44.35594500000661,0.023931999976412,59.39215899996952
V.MOV,0,V,True,delete,0.8098437190055847,False,delete,False,False,False,True,14.207967000004372,0.0096850000090853,0.9829449999188,43.99673299997176,0.0221550000105708,59.21948499991458
V.MOV,1,V,True,delete,0.7552555799484253,False,delete,False,False,False,True,14.140425999983108,0.0070989999585435,0.8764510000673909,43.32471800000803,0.0267310000481302,58.375425000065206
V.MOV,2,V,True,delete,0.7653080821037292,False,delete,False,False,False,True,14.110501999994083,0.0057080000033238,0.8756060000223442,43.04437800010419,0.0225549999868235,58.058749000110765
V.MOV,3,V,True,delete,0.7614791393280029,False,delete,False,False,False,True,14.539696000042568,0.0064999999267456,0.852254000051289,42.892481999956544,0.0192989999732162,58.31023099995036
V.MOV,4,V,True,delete,0.7870646119117737,False,delete,False,False,False,True,14.053634999982023,0.0114629999643511,0.8415409999997792,42.986658000018,0.0202070000341336,57.91350399999829
V.MOV,5,V,True,delete,0.7957509160041809,False,delete,False,False,False,True,13.944128999980876,0.0076800000670118,0.8597649999728674,42.064807999963705,0.0221139999894148,56.89849599997388
V.MOV,6,V,True,delete,0.8307018876075745,False,delete,False,False,False,True,14.060117999974864,0.0064609999981257,0.8632139999917854,42.75167399998736,0.0211560000025201,57.702622999954656
V.MOV,7,V,True,delete,0.8134503364562988,False,delete,False,False,False,True,14.04614099999435,0.0063519999002892,0.8642430000236345,44.132789999935085,0.0186369999255475,59.068162999778906
V.MOV,8,V,True,delete,0.7783145904541016,False,delete,False,False,False,True,13.906687000030615,0.0062070000694802,0.8901600000399412,48.04863200001819,0.0190030000339902,62.870689000192215
V.MOV,9,V,True,delete,0.7571972012519836,False,delete,False,False,False,True,14.172661999964475,0.007335999953284,0.8721630000536607,42.43422600006852,0.0219360000528467,57.50832300009279
V.MOV,10,V,True,delete,0.7573887705802917,False,delete,False,False,False,True,14.24710999998524,0.0061599999980899,0.9653349999325656,42.029597000009744,0.0211600000739053,57.269361999999546
V.MOV,11,V,True,delete,0.8124750852584839,False,delete,False,False,False,True,14.252487000021574,0.0081309999586665,0.6388560000232246,43.32879600008255,0.0202889999627586,58.24855900004877
V.MOV,12,V,True,delete,0.7743008136749268,False,delete,False,False,False,True,13.949722999996084,0.0056229999927381,0.890439999921,42.57307800003218,0.0219240000660647,57.44078800000807
V.MOV,13,V,True,delete,0.7726952433586121,False,delete,False,False,False,True,14.006651000045167,0.0065790000007837,0.855130999980247,42.627992000007,0.0218330000052446,57.51818600003844
V.MOV,14,V,True,delete,0.7794589400291443,False,delete,False,False,False,True,14.21095700004571,0.006412000061573,0.8783719999883033,42.74761700003182,0.0207329999284411,57.86409100005585
V.MOV,15,V,True,delete,0.8042529225349426,False,delete,False,False,False,True,14.080627999987884,0.0070659999664712,0.8850090000578348,42.55387599994265,0.0221699999656266,57.54874899992046
V.MOV,16,V,True,delete,0.8062233328819275,False,delete,False,False,False,True,13.984289999996236,0.0061010000536043,0.9394370000563868,43.42206499995882,0.0216309999814257,58.37352400004647
V.MOV,17,V,True,delete,0.8166497945785522,False,delete,False,False,False,True,14.065492999975504,0.0076439999929789,0.8963059999587131,45.96842099999776,0.0188500000604108,60.95671399998537
V.MOV,18,V,True,delete,0.7951608896255493,False,delete,False,False,False,True,14.15763799997194,0.0093950000064069,0.9510549999731666,44.58645100010017,0.0208129999919037,59.72535200004359
V.MOV,19,V,True,delete,0.8050327897071838,False,delete,False,False,False,True,14.147818999958872,0.0108039999986431,0.8224929999869346,44.19123100001343,0.0218090000316806,59.19415599998956
V.MOV,20,V,True,delete,0.8011246919631958,False,delete,False,False,False,True,13.924307000024784,0.0082180000617881,0.8815290000256937,43.408001999978296,0.0226790000397159,58.24473500013028
V.MOV,21,V,True,delete,0.8002832531929016,False,delete,False,False,False,True,14.09928300000729,0.0074140000378974,0.888727000074141,43.43509400007406,0.0222620000158713,58.45278000020926
V.MOV,22,V,True,delete,0.8022398352622986,False,delete,False,False,False,True,13.974632999975256,0.007889000016803,1.0209270000132165,46.58396699994682,0.0235949999023432,61.61101099985444
V.MOV,23,V,True,delete,0.807098925113678,False,delete,False,False,False,True,13.956850999989,0.0065570000060688,0.899533999927371,43.55937099990115,0.0202449999733289,58.44255799979692
V.MOV,24,V,True,delete,0.7989108562469482,False,delete,False,False,False,True,14.08759199995302,0.0087729999904695,0.8690629999819066,42.8670260000672,0.0239849999843499,57.85643899997695
V.MOV,25,V,True,delete,0.8163667321205139,False,delete,False,False,False,True,14.060419000031745,0.0073659999770825,0.8877469999788445,42.94682499994451,0.0308630000063203,57.9332199999385
V.MOV,26,V,True,delete,0.8089050054550171,False,delete,False,False,False,True,14.068329999986418,0.0064459999293831,0.8796480000228257,42.57113000005575,0.0224100000423277,57.5479640000367
V.MOV,27,V,True,delete,0.7433933615684509,False,delete,False,False,False,True,14.219303000004402,0.0066290000404478,0.6356769999911194,43.63073299998632,0.0226150000344205,58.51495700005671
V.MOV,28,V,True,delete,0.7766309380531311,False,delete,False,False,False,True,14.257041000007575,0.0059389999478298,0.8688909999818861,42.867188999935024,0.0237560000186931,58.02281599989101
V.MOV,29,V,True,delete,0.8280901908874512,False,delete,False,False,False,True,14.270097000007809,0.0082809999639721,0.9286289999863584,44.59654599997975,0.0209890000633095,59.8245420000012
V.MOV,30,V,True,delete,0.8214322328567505,False,delete,False,False,False,True,14.100017999965075,0.0064189999875452,0.8689809999395948,43.42318800001976,0.023005999992165,58.421611999904144
V.MOV,31,V,True,delete,0.8280037045478821,False,delete,False,False,False,True,14.09878699996625,0.011787999937951,0.858151999977963,42.34173000008923,0.0207960000579987,57.33125300002939
V.MOV,32,V,True,delete,0.8432935476303101,False,delete,False,False,False,True,14.095644000008178,0.0083059999269607,0.9179080000194516,43.22530599995389,0.0230860000556276,58.27024999996411
V.MOV,33,V,True,delete,0.8294126987457275,False,delete,False,False,False,True,13.951666000025398,0.007626999945387,0.8728110000220113,43.41564800006381,0.0233649999472618,58.27111700000387
V.MOV,34,V,True,delete,0.8162103891372681,False,delete,False,False,False,True,13.921379999999315,0.0084120000565235,0.8833840000761484,42.48437499995816,0.0231190000476999,57.32067000013785
V.MOV,35,V,True,delete,0.8270754814147949,False,delete,False,False,False,True,14.07481500001495,0.0068540000484063,0.922819000038544,42.36209999999119,0.0221650000185036,57.38875300011159
V.MOV,36,V,True,delete,0.8185921907424927,False,delete,False,False,False,True,14.027506999980233,0.0058699999954114,0.8255049999661423,41.950640999971256,0.0209960001029685,56.83051900001601
V.MOV,37,V,True,delete,0.7931334972381592,False,delete,False,False,False,True,13.942268999983298,0.0065560000166442,0.8957779999718696,42.22533600000133,0.0218110000105298,57.09174999998368
V.MOV,38,V,True,delete,0.8130462765693665,False,delete,False,False,False,True,14.023633000022071,0.0067979999585077,0.9689370000387498,42.900141000018266,0.0218999999788138,57.92140900001641
V.MOV,39,V,True,delete,0.8041379451751709,False,delete,False,False,False,True,13.857587000018157,0.0071319999506158,0.9329659999366412,42.61259300005804,0.0215469999602646,57.43182499992372
V.MOV,40,V,True,delete,0.8078511357307434,False,delete,False,False,False,True,14.178288999971755,0.006643000006079,0.5856519999269949,42.9341099999192,0.0208860000157073,57.72557999983974
V.MOV,41,V,True,delete,0.7710120677947998,False,delete,False,False,False,True,13.987410000027012,0.0071020000405042,0.92734300005759,44.14819099997658,0.0224230000185343,59.09246900012022
V.MOV,42,V,True,delete,0.6986511945724487,False,delete,False,False,False,True,14.076353999996629,0.0059489999557627,0.913056000058532,43.93522300006225,0.0230030000238912,58.95358500009706
V.MOV,43,V,True,delete,0.7398305535316467,False,delete,False,False,False,True,14.381808999985424,0.0067619999981616,0.8664040000212481,42.55349499999284,0.0206070000103864,57.829077000008056
V.MOV,44,V,True,delete,0.7506895661354065,False,delete,False,False,False,True,14.155053000024507,0.0067539999690779,0.8576530000254934,42.356737999966754,0.0206009999601519,57.39679899994599
V.MOV,45,V,True,delete,0.7520796656608582,False,delete,False,False,False,True,13.862906999975166,0.0068310000642668,0.852809999969395,42.42850000002818,0.0187200000709708,57.16976800010798
V.MOV,46,V,True,delete,0.7163540124893188,False,delete,False,False,False,True,14.09913000003371,0.0068589999955293,0.8564949999936289,43.72873699992397,0.0200270000050295,58.711247999951865
V.MOV,47,V,True,delete,0.7445791959762573,False,delete,False,False,False,True,14.213847000007718,0.0067940000008093,0.9143529999846578,42.105142999957934,0.0186579999308378,57.25879499988196
V.MOV,48,V,True,delete,0.7239694595336914,False,delete,False,False,False,True,14.331692999974166,0.0072220000220113,0.9129999999686332,42.391959000042334,0.0185379999493306,57.66241199995648
V.MOV,49,V,True,delete,0.7605858445167542,False,delete,False,False,False,True,14.228460000026644,0.0080840000009629,0.8687929999950939,42.34821700003977,0.0230859999419408,57.47664000000441
V.MOV,50,V,True,delete,0.7516549825668335,False,delete,False,False,False,True,14.1254609999919,0.0078379999877142,0.8417029999918668,43.65374500002872,0.0219280000237631,58.650675000023966
V.MOV,51,V,True,delete,0.7545893788337708,False,delete,False,False,False,True,14.207121000026746,0.0062379999690165,0.9010640000042258,44.98097999999118,0.0210570000263032,60.11646000001747
V.MOV,52,V,True,delete,0.7335399985313416,False,delete,False,False,False,True,13.868640999987749,0.0069310000299083,0.854798999966988,42.1349390001069,0.0190920000022742,56.88440200009381
V.MOV,53,V,True,delete,0.7200047373771667,False,delete,False,False,False,True,14.012616000002254,0.0057920000244848,0.8514009999771588,42.74915700000293,0.0201110000261905,57.63907700003301
V.MOV,54,V,True,delete,0.7374657392501831,False,delete,False,False,False,True,13.88778200004026,0.0068850000616293,0.8483560000058787,42.16444500002581,0.0211110000236658,56.92857900015724
V.MOV,55,V,True,delete,0.7058377861976624,False,delete,False,False,False,True,14.043474000004608,0.0070410000034826,0.9592799999609268,42.32414199998402,0.0191309999308941,57.35306799988393
V.MOV,56,V,True,delete,0.679355263710022,False,delete,False,False,False,True,14.091460999964056,0.0062309999293574,0.8429519999708646,42.46647799993752,0.0187019999202675,57.42582399972207
V.MOV,57,V,True,delete,0.7210094928741455,False,delete,False,False,False,True,14.14795700003424,0.0064450000536453,0.6214710000449486,47.230441000010615,0.0193979999494331,62.02571200009288
V.MOV,58,V,True,delete,0.7444413900375366,False,delete,False,False,False,True,14.064665000034893,0.0065980000272247,0.5193159998952979,41.67911999991247,0.0184209999360973,56.28811999980599
V.MOV,59,V,True,delete,0.7752972841262817,False,delete,False,False,False,True,14.036309000005076,0.0061179999875093,0.9111140000186424,42.908640000064224,0.021973999992042,57.88415500006749
V.MOV,60,V,True,delete,0.7911533117294312,False,delete,False,False,False,True,13.914660000011736,0.0115180000648251,0.8790299999645868,59.96645400000489,0.0234670000054393,74.79512900005147
V.MOV,61,V,True,delete,0.7653000950813293,False,delete,False,False,False,True,13.915709999992032,0.0074829999903158,0.8752810000487443,43.35343399998237,0.0187470000128087,58.17065500002627
V.MOV,62,V,True,delete,0.8192590475082397,False,delete,False,False,False,True,13.966078999999354,0.0078430000485241,0.8746729999984382,42.97022399998696,0.0223339999365634,57.84115299996984
V.MOV,63,V,True,delete,0.8242072463035583,False,delete,False,False,False,True,14.038211999945815,0.0075190000643488,0.6309450000117067,43.73383600000125,0.0212249999549385,58.43173699997806
V.MOV,64,V,True,delete,0.8264231085777283,False,delete,False,False,False,True,14.17427499995938,0.0068110000484011,0.8550040000727677,42.70588099996076,0.0224259999868081,57.76439700002811
V.MOV,65,V,True,delete,0.8032224774360657,False,delete,False,False,False,True,14.322105000019292,0.006768000048396,0.8543779999854451,43.03859200001625,0.0215719999232533,58.24341499999264
V.MOV,66,V,True,delete,0.821386456489563,False,delete,False,False,False,True,14.187468999978137,0.0061749999531457,0.8611939999809692,42.72877799996877,0.0211430000263135,57.804758999907335
V.MOV,67,V,True,delete,0.826269268989563,False,delete,False,False,False,True,14.061147999996138,0.0082849999216705,0.8657130000528923,42.06586099996912,0.0187440000445349,57.01975099998435
V.MOV,68,V,True,delete,0.835992693901062,False,delete,False,False,False,True,13.971158000003925,0.0060400000165827,0.8471429999872271,42.821787000093536,0.043354000013096,57.68948200011437
V.MOV,69,V,True,delete,0.8323802351951599,False,delete,False,False,False,True,14.0569540000115,0.0067839999928764,0.8480220000137706,42.432285000018055,0.0190150000207722,57.363060000056976
V.MOV,70,V,True,delete,0.8544783592224121,False,delete,False,False,False,True,14.027521000002707,0.0062479999769493,0.5392719999690598,42.30830100004823,0.0188559999969584,56.90019799999391
V.MOV,71,V,True,delete,0.8688576817512512,False,delete,False,False,False,True,14.077001999964978,0.0075680000009015,0.8459109999421344,43.51066099991385,0.0216500000078667,58.46279199982973
V.MOV,72,V,True,delete,0.8217800855636597,False,delete,False,False,False,True,14.172996000013429,0.0069709999479528,0.9261259999675532,42.64614900000652,0.021473999936461,57.77371599987191
V.MOV,73,V,True,delete,0.8187288045883179,False,delete,False,False,False,True,13.982803999965654,0.0065079999558292,0.5715070000178457,42.33358800001952,0.0218119999999544,56.9162189999588
V.MOV,74,V,True,delete,0.7398815155029297,False,delete,False,False,False,True,14.135665999958746,0.0081429999454485,0.8845920000339902,43.189790000042194,0.0389930000892491,58.25718400006963
V.MOV,75,V,True,delete,0.826246976852417,False,delete,False,False,False,True,14.044262000027176,0.0065399999584769,0.8657340000581826,43.6618510000244,0.0224469999920984,58.60083400006033
V.MOV,76,V,True,delete,0.8046186566352844,False,delete,False,False,False,True,13.888890999965042,0.0058079999689653,0.8773490000066886,43.3963059999769,0.022815999955128,58.19116999987273
V.MOV,77,V,True,delete,0.8371087312698364,False,delete,False,False,False,True,13.93065000002025,0.0073580000616857,0.5491449999226461,44.37337000001662,0.0213370000210488,58.88186000004225
V.MOV,78,V,True,delete,0.8234383463859558,False,delete,False,False,False,True,14.014210999960142,0.0072379999664917,0.8727559999215373,43.33513500000663,0.0217010000369555,58.25104099989176
V.MOV,79,V,True,delete,0.8096516728401184,False,delete,False,False,False,True,13.985073000014836,0.0061329999425652,0.957177999907799,42.71378299995376,0.022229000023799,57.68439599984277
V.MOV,80,V,True,delete,0.6748111248016357,False,delete,False,False,False,True,13.943416000017804,0.0064800000245668,0.5542960000184394,43.48624099998233,0.0218620000396185,58.01229500008276
V.MOV,81,V,True,delete,0.6905111074447632,False,delete,False,False,False,True,14.064224000037484,0.0060620000112976,0.8286120000775554,43.90387500006909,0.022180999962984,58.824954000158414
V.MOV,82,V,True,delete,0.7223488688468933,False,delete,False,False,False,True,14.236470000014378,0.0186409999969328,0.8500850000245919,43.46032099999775,0.0219949999973323,58.58751200003098
V.MOV,83,V,True,delete,0.7226002812385559,False,delete,False,False,False,True,14.2560259999982,0.0068169999849487,0.8556479999697331,42.850303000022905,0.019503999965309,57.988297999941096
V.MOV,84,V,True,delete,0.7656150460243225,False,delete,False,False,False,True,14.021569000021827,0.0064509999901929,0.8545929999854707,43.383630999983325,0.0202579999495355,58.28650199993035
V.MOV,85,V,True,delete,0.7309809327125549,False,delete,False,False,False,True,13.948927000001277,0.0078690000009373,0.8861159999469237,43.897483000023385,0.0194479999890972,58.75984299996162
V.MOV,86,V,True,delete,0.7537717819213867,False,delete,False,False,False,True,15.81251999999722,0.0070779999532533,0.8364379999648008,43.14117600006284,0.0205239999786499,59.81773599995677
V.MOV,87,V,True,delete,0.7113015651702881,False,delete,False,False,False,True,14.879164999967998,0.0063859999954729,0.8513719999427849,42.80689799998072,0.0194709999732367,58.56329199986021
V.MOV,88,V,True,delete,0.6671790480613708,False,delete,False,False,False,True,14.164106999999149,0.0074910000193995,0.8403880000287245,43.04475699996146,0.0191459999996368,58.07588900000837
V.MOV,89,V,True,delete,0.657102108001709,False,delete,False,False,False,True,14.190306000045894,0.0063790000695007,0.8540860000039174,42.60492899993551,0.0198199999204007,57.67551999997522
V.MOV,90,V,True,delete,0.6912046670913696,False,delete,False,False,False,True,14.15516800000205,0.0062420000404017,0.8438510000132737,42.53582699993785,0.0204140000050756,57.561501999998654
V.MOV,91,V,True,delete,0.7029806971549988,False,delete,False,False,False,True,13.873684000031972,0.00718199999028,0.8577020000757329,43.67353000009189,0.0201599999627433,58.432258000152615
V.MOV,92,V,True,delete,0.7423914670944214,False,delete,False,False,False,True,14.016959000002773,0.0062710000747756,0.8585719999700814,43.69850499995209,0.020603000052688,58.60091000005241
V.MOV,93,V,True,delete,0.7496550679206848,False,delete,False,False,False,True,14.21677000001864,0.0089899999693443,0.9009209999248924,44.50104099998953,0.0236390000054598,59.651360999907865
V.MOV,94,V,True,delete,0.7599027156829834,False,delete,False,False,False,True,14.119987000015044,0.0081570000247666,0.8879570000317472,44.25277300003927,0.0235029999657854,59.29237700007661
V.MOV,95,V,True,delete,0.7898073196411133,False,delete,False,False,False,True,14.148782999996,0.0072399999453409,0.8936020000192002,43.12219900009495,0.0215539999999236,58.19337800005542
V.MOV,96,V,True,delete,0.7922289967536926,False,delete,False,False,False,True,14.050319000034506,0.0077209999744809,0.8292829999163587,43.681870000000345,0.0271049999582828,58.59629799988397
V.MOV,97,V,True,delete,0.8201239109039307,False,delete,False,False,False,True,14.30384400003959,0.008023999953366,0.9127729999818256,43.82822299999134,0.0208579999707581,59.07372199993688
V.MOV,98,V,True,delete,0.735481321811676,False,delete,False,False,False,True,14.014384999995857,0.0070710000272811,0.8849060000102327,44.18120499997258,0.019775999930971,59.10734299993692
V.MOV,99,V,True,delete,0.7390919327735901,False,delete,False,False,False,True,13.921444999994035,0.0063809999346631,0.5271459999676154,44.01024700007383,0.0207860000500659,58.48600500002021
V.MOV,100,V,True,delete,0.7617477774620056,False,delete,False,False,False,True,14.041405000000395,0.0064500000007683,0.5729580000206624,45.73848400002589,0.0226959999736209,60.38199300002134
V.MOV,101,V,True,delete,0.7351973652839661,False,delete,False,False,False,True,13.967440999977043,0.0066879999849334,0.5813520000401695,43.53924999998071,0.0223480000158815,58.11707899999874
V.MOV,102,V,True,delete,0.734585702419281,False,delete,False,False,False,True,13.890976000027422,0.0072499999532738,0.8679439999923488,42.68143700005567,0.0223429999550717,57.46994999998378
V.MOV,103,V,True,delete,0.729457676410675,False,delete,False,False,False,True,13.998728999979448,0.0081739999586716,0.9239769999567216,44.2582199999606,0.0234630000477409,59.212562999903184
V.MOV,104,V,True,delete,0.7918737530708313,False,delete,False,False,False,True,13.860573999977532,0.0087000000803527,0.9679779999487436,45.657776999973976,0.0193399999943721,60.51436899997498
V.MOV,105,V,True,delete,0.7672072052955627,False,delete,False,False,False,True,13.971396000044932,0.0082640000300671,0.9656050000330652,45.26308699996662,0.0541970000540459,60.26254900012873
V.MOV,106,V,True,delete,0.8315631151199341,False,delete,False,False,False,True,13.99653600003603,0.0083270000459378,0.9022719999620676,43.27731599994422,0.020757000015692,58.20520800000395
V.MOV,107,V,True,delete,0.7642529606819153,False,delete,False,False,False,True,13.936253999986548,0.0081260000115435,0.877336000030482,43.14917800002149,0.0229099999842219,57.99380400003429
V.MOV,108,V,True,delete,0.7805006504058838,False,delete,False,False,False,True,13.983999999993555,0.0074920000088241,0.8648419999417456,42.837536999968506,0.0218940000422662,57.7157649999549
V.MOV,109,V,True,delete,0.7815021872520447,False,delete,False,False,False,True,14.251005000005534,0.0070989999585435,0.9609790000695284,45.314300000086405,0.0210130000368735,60.554396000156885
V.MOV,110,V,True,delete,0.7764500379562378,False,delete,False,False,False,True,13.898120999954244,0.0073920000431826,0.950426000031257,42.36259399999653,0.0192960000049424,57.23782900003016
V.MOV,111,V,True,delete,0.7373570203781128,False,delete,False,False,False,True,14.11863399999902,0.005709999982173,0.8470280000665298,42.99308699989979,0.0194730000657727,57.98393200001328
V.MOV,112,V,True,delete,0.7732187509536743,False,delete,False,False,False,True,13.960098999973525,0.0069959999109414,0.8838870001000032,42.85825900001328,0.0195480000684256,57.72878900006617
V.MOV,113,V,True,delete,0.7421628832817078,False,delete,False,False,False,True,14.284620999944764,0.0070510000114154,0.8500960000219493,42.45492899997316,0.0195100000155434,57.61620699996684
V.MOV,114,V,True,delete,0.7459837794303894,False,delete,False,False,False,True,14.069409999990512,0.0072349999982179,0.8462009999448128,43.62747400000444,0.0350579999803812,58.58537799991837
V.MOV,115,V,True,delete,0.8398019671440125,False,delete,False,False,False,True,14.082863999988149,0.0072599999612066,0.8421699999416887,45.1039669999318,0.0220089999629635,60.05826999978581
V.MOV,116,V,True,delete,0.7739176750183105,False,delete,False,False,False,True,14.105164999989483,0.0068530000589817,0.8844889999863881,43.3638140000312,0.0249150000399822,58.38523600010603
V.MOV,117,V,True,delete,0.7698262929916382,False,delete,False,False,False,True,13.984424000000216,0.0068049999981667,0.8715429999028856,42.62055100002726,0.0196099999811849,57.50293299990972
V.MOV,118,V,True,delete,0.7398595809936523,False,delete,False,False,False,True,13.9212849999808,0.0075169999718127,0.8619939999334747,42.72216599997592,0.019705999989128,57.53266799985113
V.MOV,119,V,True,delete,0.6776983737945557,False,delete,False,False,False,True,14.11187099995459,0.0072039999849948,0.92455300000438,44.779239000035886,0.0213450000501325,59.844212000029984
V.MOV,120,V,True,delete,0.6324788928031921,False,delete,False,False,False,True,13.997835999987274,0.007198999924185,0.9158059999663236,43.17103699997915,0.0216349999391241,58.11351299979606
V.MOV,121,V,True,delete,0.6842477321624756,False,delete,False,False,False,True,14.252539999972669,0.0073920000431826,0.9479760000203896,43.84244099992429,0.0214270000924443,59.07177600005298
V.MOV,122,V,True,delete,0.6887702941894531,False,delete,False,False,False,True,14.046368999970582,0.0096490000487392,1.0060800000246672,50.59078199997202,0.0224430000344,65.67532300005041
V.MOV,123,V,True,delete,0.6831963658332825,False,delete,False,False,False,True,13.853338999979314,0.0066520000245873,0.5685600000333579,48.59396200004085,0.0211210000315986,63.043634000109705
V.MOV,124,V,True,delete,0.695454478263855,False,delete,False,False,False,True,13.921068000001924,0.006421999955819,0.9682380000413104,48.01538599997457,0.0233900000239373,62.93450399999756
V.MOV,125,V,True,delete,0.6491213440895081,False,delete,False,False,False,True,13.956441000004816,0.0074629999744502,0.546936999967329,48.87353599997368,0.0209029999496124,63.40527999986989
V.MOV,126,V,True,delete,0.6303064227104187,False,delete,False,False,False,True,14.060314000005292,0.0078309999480552,0.8556029999908787,43.860979999976735,0.0235819999261366,58.8083099998471
V.MOV,127,V,True,delete,0.7051748633384705,False,delete,False,False,False,True,14.089218000037818,0.0060690000509566,0.8465270000215241,41.66836800004603,0.0209309999945617,56.63111300015089
V.MOV,128,V,True,delete,0.7550945281982422,False,delete,False,False,False,True,13.995213999976386,0.0066460000880397,0.8743790000380613,42.39076300007128,0.0230819999842424,57.290084000158
V.MOV,129,V,True,delete,0.7800701856613159,False,delete,False,False,False,True,14.271516999997402,0.0094590000117023,0.9101790000158873,43.46726500000386,0.0219390000211205,58.680359000049975
V.MOV,130,V,True,delete,0.7630294561386108,False,delete,False,False,False,True,13.9927759999523,0.0066290000404478,1.013026999999056,44.502704000024096,0.0228469999683511,59.53798299998425
V.MOV,131,V,True,delete,0.759282112121582,False,delete,False,False,False,True,14.201773999957368,0.0064570000404273,0.8540009999933318,43.12076799999432,0.0216089999867108,58.20460899997215
V.MOV,132,V,True,delete,0.7788009643554688,False,delete,False,False,False,True,13.958092000052602,0.0055689999953756,0.6576019999329219,43.10472600002413,0.0222649999841451,57.74825399998917
V.MOV,133,V,True,delete,0.7111215591430664,False,delete,False,False,False,True,13.970482000047468,0.005652000027112,0.8199059999469682,42.24812900008601,0.0219349999497353,57.066104000057294
V.MOV,134,V,True,delete,0.6732302904129028,False,delete,False,False,False,True,13.975304000041431,0.0058480000006966,0.8479240000269783,42.299508999917634,0.0261100000216174,57.15469500000836
V.MOV,135,V,True,delete,0.6163513660430908,False,delete,False,False,False,True,14.181053000015709,0.0062839999372954,0.8972549999270996,42.171090000010736,0.0202459999627535,57.27592799985359
V.MOV,136,V,True,delete,0.6992580890655518,False,delete,False,False,False,True,14.216942000018662,0.0058310000667916,0.854411999966942,44.12945100000343,0.0218540000105349,59.22849000006636
V.MOV,137,V,True,delete,0.652057409286499,False,delete,False,False,False,True,13.81427699999449,0.0065250000034211,0.924564999991162,47.838592999937646,0.0228619999234069,62.606821999850126
W.MOV,0,W,True,delete,0.9755185842514038,False,delete,False,False,False,True,14.321895000023233,0.0095369999826289,0.8990029999722537,43.61006199997064,0.0201769998966483,58.8606739998454
W.MOV,1,W,True,delete,0.9784008264541626,False,delete,False,False,False,True,14.42504099998132,0.0122379999538679,1.029776999985188,43.544006000047375,0.0233039999102402,59.03436599987799
W.MOV,2,W,True,delete,0.9845606088638306,False,delete,False,False,False,True,14.17843800004448,0.0073780000775514,0.8664240000371137,42.72490999994716,0.0224899999921035,57.79964000009841
W.MOV,3,W,True,delete,0.983308732509613,False,delete,False,False,False,True,14.174244999992425,0.0079640000194558,0.8662849999154787,42.764295999973,0.0235210000028018,57.83631099990316
W.MOV,4,W,True,delete,0.9748928546905518,False,delete,False,False,False,True,14.10326900003156,0.0089349999825572,0.8939950000694807,43.28509499998745,0.0233170000001337,58.31461100007118
W.MOV,5,W,True,delete,0.9650527238845824,False,delete,False,False,False,True,14.136268000015662,0.009782000006453,0.6552060000331039,43.437550000021474,0.02337399996577,58.26218000004246
W.MOV,6,W,True,delete,0.9778552055358888,False,delete,False,False,False,True,14.106252999965818,0.0073900000643334,0.8906810001008125,42.5416990000258,0.0201699999706761,57.56619300012744
W.MOV,7,W,True,delete,0.9791311025619508,False,delete,False,False,False,True,14.200803999983693,0.0066080000351576,0.8446059999869249,43.15985999994609,0.0213729999813949,58.23325099993326
W.MOV,8,W,True,delete,0.9771170020103456,False,delete,False,False,False,True,14.099428999998054,0.0067419999822959,0.8690530000876606,42.7419299999201,0.0283319999425657,57.74548599993068
W.MOV,9,W,True,delete,0.9790652990341188,False,delete,False,False,False,True,14.221571000007316,0.0257159999819123,0.8676530000002458,43.23799799999506,0.0222770000846139,58.37521500006915
W.MOV,10,W,True,delete,0.9774284958839417,False,delete,False,False,False,True,14.068218000033994,0.0075540000352702,0.8631779999177525,43.01802200006932,0.0386739999385099,57.99564599999485
W.MOV,11,W,True,delete,0.9701631665229796,False,delete,False,False,False,True,14.014811000038208,0.0079850000247461,0.9220670000331666,46.39395799995327,0.01984799996535,61.35866900001474
W.MOV,12,W,True,delete,0.9663377404212952,False,delete,False,False,False,True,13.963740000008327,0.0073060000431723,0.8825369999385657,43.105051999987154,0.0241900000901296,57.98282500006735
W.MOV,13,W,True,delete,0.961254358291626,False,delete,False,False,False,True,14.80256700000382,0.0070970000933812,0.8515490000036152,42.73865099992236,0.0220790000184933,58.42194300004167
W.MOV,14,W,True,delete,0.9417572021484376,False,delete,False,False,False,True,14.368246999993062,0.0124389999882623,0.8906360000082714,59.76681100003134,0.0210870000501017,75.05922000007104
W.MOV,15,W,True,delete,0.947136402130127,False,delete,False,False,False,True,13.986072000022888,0.0075299999480193,0.983584999971754,45.72285099993678,0.0221129999999902,60.72215099987943
W.MOV,16,W,True,delete,0.957965075969696,False,delete,False,False,False,True,13.92610400000649,0.0101370000038514,0.832148999961646,43.21345500000007,0.020425000002433,58.00226999997449
W.MOV,17,W,True,delete,0.9632964730262756,False,delete,False,False,False,True,14.61764900000162,0.0061599999980899,0.8499530000563027,42.31349299993781,0.0366339999118281,57.82388899990565
W.MOV,18,W,True,delete,0.9649032354354858,False,delete,False,False,False,True,14.52654000001985,0.0069220000114,0.8572060000915371,43.95265300001938,0.0217509999629328,59.3650720001051
W.MOV,19,W,True,delete,0.9643842577934264,False,delete,False,False,False,True,14.097328999980618,0.0076920000537938,0.8673419999922771,43.05380599998898,0.0218149999682282,58.0479839999839
W.MOV,20,W,True,delete,0.9448812007904052,False,delete,False,False,False,True,13.823824999974477,0.006489000043075,0.9723580000127184,43.315540999969926,0.0454639999816208,58.16367699998182
W.MOV,21,W,True,delete,0.9741263389587402,False,delete,False,False,False,True,13.963097000043945,0.0070410000034826,0.9482579999939844,42.63653600003181,0.0220839999656163,57.57701600003884
W.MOV,22,W,True,delete,0.9746476411819458,False,delete,False,False,False,True,14.08995799999957,0.0078550000353061,0.938404999942577,43.61751200008257,0.0223260000211666,58.67605600008119
W.MOV,23,W,True,delete,0.9791247248649596,False,delete,False,False,False,True,14.049700000043686,0.0071810000008554,0.9016650000148728,43.27728900000238,0.0230990000318342,58.25893400009363
W.MOV,24,W,True,delete,0.9773089289665222,False,delete,False,False,False,True,13.969080999970627,0.0067999999373569,0.9286739999652128,43.29354100002547,0.0223409999762225,58.22043699987489
W.MOV,25,W,True,delete,0.97119402885437,False,delete,False,False,False,True,14.310292000004663,0.0063549999822498,0.8411779999732971,42.63861599997654,0.0215860000025713,57.81802699993932
W.MOV,26,W,True,delete,0.9784792065620422,False,delete,False,False,False,True,14.18400299996847,0.0069530000246231,0.8246549999739727,42.69482799998059,0.0211819999549334,57.73162099990259
W.MOV,27,W,True,delete,0.9802522659301758,False,delete,False,False,False,True,13.933317999999415,0.0072320000299441,0.872232000006079,42.09019499990063,0.0223499999947307,56.9253269999308
W.MOV,28,W,True,delete,0.9710049629211426,False,delete,False,False,False,True,14.036768999972082,0.0066899999637826,0.8410190000631701,42.125249000037,0.0212630000078206,57.03099000004386
W.MOV,29,W,True,delete,0.9737918376922609,False,delete,False,False,False,True,14.04993800002785,0.0067329999637877,0.8742649999931018,42.14274299999943,0.0212860001056469,57.094965000089815
W.MOV,30,W,True,delete,0.9715301394462584,False,delete,False,False,False,True,14.496398000005684,0.0087189999931069,0.9411979999640608,42.9543930000591,0.0205839999125601,58.42129199993451
W.MOV,31,W,True,delete,0.9764034152030944,False,delete,False,False,False,True,14.042453999991269,0.0084499999957188,0.9437380000463236,43.92575500003204,0.021812999989379,58.94221000005473
W.MOV,32,W,True,delete,0.9764263033866882,False,delete,False,False,False,True,13.999168999987432,0.007537999977103,0.8862480000288997,43.64345800001957,0.022592000050281,58.55900500006328
W.MOV,33,W,True,delete,0.9819287061691284,False,delete,False,False,False,True,14.244798999982322,0.006963000032556,0.8327179999696455,41.84195899995302,0.0190050000128394,56.94544399995039
W.MOV,34,W,True,delete,0.9866069555282592,False,delete,False,False,False,True,14.171490000023825,0.0073100000008707,0.8743590000221957,42.29488099997525,0.0201179999521627,57.3681579999743
W.MOV,35,W,True,delete,0.9848782420158386,False,delete,False,False,False,True,14.088450000031116,0.0065809999796329,0.9289419999731764,43.14088700004959,0.021747999994659,58.18660800002817
W.MOV,36,W,True,delete,0.9789280891418456,False,delete,False,False,False,True,13.929711000002952,0.0069280000616345,0.9148110000296584,43.0549750000182,0.0221650000185036,57.92859000013095
W.MOV,37,W,True,delete,0.9775415062904358,False,delete,False,False,False,True,14.056627999991631,0.006691000066894,0.8566889999883642,43.03014600009192,0.0212610000289714,57.97141500016778
W.MOV,38,W,True,delete,0.9786826372146606,False,delete,False,False,False,True,13.993973000026472,0.0082609999481064,0.8791019999989658,43.52280199998404,0.0228390000529543,58.42697700001054
W.MOV,39,W,True,delete,0.9748311042785645,False,delete,False,False,False,True,13.937125999973432,0.0064370000245617,0.8378389999279534,43.64183600000615,0.0213719999919703,58.44460999992407
W.MOV,40,W,True,delete,0.9649254083633424,False,delete,False,False,False,True,13.971599000001332,0.0070779999532533,0.8746979999614268,42.83334800004468,0.0213460000395571,57.70806900000025
W.MOV,41,W,True,delete,0.9705703854560852,False,delete,False,False,False,True,14.228752000008171,0.0076430000035543,0.8569849999275903,43.97735800000646,0.0430420000157028,59.11377999996148
W.MOV,42,W,True,delete,0.9576084613800048,False,delete,False,False,False,True,14.167205999967791,0.0071299999717666,0.9023229999911564,43.969737999987046,0.0208659999998417,59.0672629999176
W.MOV,43,W,True,delete,0.96548593044281,False,delete,False,False,False,True,13.94259599999259,0.006263000045692,0.8624119999467439,42.30358400002388,0.0212299999020615,57.13608499991096
W.MOV,44,W,True,delete,0.952104926109314,False,delete,False,False,False,True,13.928657000008116,0.0069810000695724,0.8727849999559112,43.62996499992278,0.0223289999894404,58.46071699994582
W.MOV,45,W,True,delete,0.9588459730148317,False,delete,False,False,False,True,14.31109700001798,0.00733800004582,0.8751240000037797,42.47667199990701,0.0211209999179118,57.6913519998925
W.MOV,46,W,True,delete,0.9523616433143616,False,delete,False,False,False,True,14.001441000004888,0.0073019999717871,0.8704229999239033,42.626738999956615,0.0210370000104376,57.52694199986763
W.MOV,47,W,True,delete,0.9252148270606996,False,delete,False,False,False,True,13.893178000046191,0.005912000005992,0.8934999999610227,44.10418000009031,0.0221579999788446,58.91892800008236
W.MOV,48,W,True,delete,0.9306777715682985,False,delete,False,False,False,True,14.16883899997856,0.0064369999108748,0.867580000090129,43.49285000000691,0.0195059999441582,58.55521199993064
W.MOV,49,W,True,delete,0.9373028874397278,False,delete,False,False,False,True,14.16785300000356,0.0078369999982896,0.8849360000340312,43.05845600003977,0.0213639999628867,58.14044600003854
W.MOV,50,W,True,delete,0.913411259651184,False,delete,False,False,False,True,14.151894999997694,0.0062430000298263,0.9404500000300686,42.0736849999912,0.0204469999971479,57.19272000004594
W.MOV,51,W,True,delete,0.9275878071784972,False,delete,False,False,False,True,14.206881999996313,0.0067790000457534,0.5995239999947444,42.467783999995845,0.0215040000739463,57.3024730001066
W.MOV,52,W,True,delete,0.9085291624069214,False,delete,False,False,False,True,14.170253999964189,0.0070879999611861,0.8531510000011622,43.20869999992283,0.0213030000395519,58.26049599988892
W.MOV,53,W,True,delete,0.908833920955658,False,delete,False,False,False,True,14.292331999968155,0.0071140000272862,0.5685200000016266,43.28566899994257,0.0217029999021178,58.17533799984176
W.MOV,54,W,True,delete,0.8929396271705627,False,delete,False,False,False,True,13.977033999992727,0.0064040000324894,0.8496520000562668,42.189096000015525,0.0216550000686766,57.043841000165685
W.MOV,55,W,True,delete,0.8810762763023376,False,delete,False,False,False,True,14.145541000004869,0.0064539999584667,0.8879460000343897,44.04825399990386,0.0283900000113135,59.1165849999129
W.MOV,56,W,True,delete,0.8801180124282837,False,delete,False,False,False,True,14.0032959999985,0.0061389999927996,0.8466040000030262,43.45019400000183,0.0219209999841041,58.32815399998026
W.MOV,57,W,True,delete,0.9036057591438292,False,delete,False,False,False,True,14.28431599998703,0.0073039999506363,0.8991430000833134,44.25334699999439,0.0215589999470466,59.46566899996242
W.MOV,58,W,True,delete,0.8900484442710876,False,delete,False,False,False,True,14.052758999980597,0.006780000035178,0.8989379999775338,44.629863999944064,0.0192999999626408,59.60764099990001
W.MOV,59,W,True,delete,0.8912006616592407,False,delete,False,False,False,True,14.018179000004238,0.0068740000642719,0.8689690000664996,44.59501300004831,0.0211709999575759,59.5102060001409
W.MOV,60,W,True,delete,0.8737335801124573,False,delete,False,False,False,True,14.300181999999497,0.0072499999532738,0.9314049999602504,43.88665900000888,0.0284609999425811,59.15395699986448
W.MOV,61,W,True,delete,0.9490169882774352,False,delete,False,False,False,True,14.009483999984695,0.0075310000511308,0.9070789999441332,43.237009999984366,0.0222149999444809,58.183318999908806
W.MOV,62,W,True,delete,0.9577937722206116,False,delete,False,False,False,True,14.103686999987984,0.0082050000855815,0.8810499999754029,42.89393099998051,0.0225439999894661,57.90941700001895
W.MOV,63,W,True,delete,0.9690695405006408,False,delete,False,False,False,True,14.021515000024465,0.0080629999956727,0.8854889999838633,44.06962999996722,0.0234259999842834,59.0081229999555
W.MOV,64,W,True,delete,0.9746912121772766,False,delete,False,False,False,True,14.285859999972672,0.0072119999003916,0.891979000016363,42.90082600005008,0.0220829999761917,58.10795999991569
W.MOV,65,W,True,delete,0.9754534363746644,False,delete,False,False,False,True,14.209500999982083,0.0064260000272042,0.8616819999360814,42.41043100000752,0.0368899999330096,57.5249299998859
W.MOV,66,W,True,delete,0.9790562987327576,False,delete,False,False,False,True,14.069231000007676,0.0130749999698309,0.87581599996156,43.201295000017126,0.019491999978527,58.17890899993472
W.MOV,67,W,True,delete,0.9811989068984984,False,delete,False,False,False,True,14.106912000045211,0.0075299999480193,0.9273440000470146,44.268259999967086,0.0203700000156459,59.33041600002298
W.MOV,68,W,True,delete,0.9815271496772766,False,delete,False,False,False,True,14.08406999996714,0.0065909999875657,0.9225769999829936,43.04640899999868,0.0204609999627791,58.08010799989916
W.MOV,69,W,True,delete,0.97899067401886,False,delete,False,False,False,True,14.275083000029554,0.0061790000245309,0.9189720000222223,43.57389599999806,0.0194399999600136,58.79357000003438
W.MOV,70,W,True,delete,0.9736109972000122,False,delete,False,False,False,True,14.259487999993326,0.0151660000256015,0.930494000044746,45.01499699995293,0.0223120000555354,60.242457000072136
W.MOV,71,W,True,delete,0.9777477979660034,False,delete,False,False,False,True,14.086320999979309,0.0079799999639362,0.9055909999915456,43.93884600006004,0.0236949999816715,58.9624329999765
W.MOV,72,W,True,delete,0.974274754524231,False,delete,False,False,False,True,14.135848999956124,0.0100180000117688,0.9090139999443636,43.83031600002596,0.0236090000953481,58.908806000033564
W.MOV,73,W,True,delete,0.9814629554748536,False,delete,False,False,False,True,14.29042299997718,0.0084959999639977,0.991730999999163,44.15293800002473,0.0218190000396134,59.46540700000469
W.MOV,74,W,True,delete,0.969832181930542,False,delete,False,False,False,True,13.916047999998682,0.010133000046153,1.0079369999402843,44.25558399998408,0.0242019999632248,59.21390399993243
W.MOV,75,W,True,delete,0.9726603627204896,False,delete,False,False,False,True,13.972271000000092,0.0090600000248741,0.8977400000276248,43.78194999992502,0.0244660000134899,58.6854869999911
W.MOV,76,W,True,delete,0.9767096042633056,False,delete,False,False,False,True,13.908356999991156,0.0066320000087216,0.9511670000392768,43.87693699993633,0.0233879999314012,58.76648099990689
W.MOV,77,W,True,delete,0.9817851781845092,False,delete,False,False,False,True,15.307857000038894,0.0076019999823984,0.9029259999806528,43.24635600005422,0.0221410000449395,59.486882000101104
W.MOV,78,W,True,delete,0.9679862856864928,False,delete,False,False,False,True,14.113592000001065,0.0074829999903158,0.9048370000073191,43.42147800002749,0.0192900000683948,58.46668000009458
W.MOV,79,W,True,delete,0.963228404521942,False,delete,False,False,False,True,13.923094999995556,0.0068519999558702,0.867169000002832,44.26311700001406,0.022099000034359,59.08233200000268
W.MOV,80,W,True,delete,0.9688950181007384,False,delete,False,False,False,True,14.100216000031196,0.0069469999743887,0.8716070000218679,44.223422999948525,0.021598999978778,59.22379199995476
W.MOV,81,W,True,delete,0.9698206186294556,False,delete,False,False,False,True,14.779579999981252,0.007282999945346,0.881860000049528,44.4875979999324,0.0213400001030095,60.17766100001154
W.MOV,82,W,True,delete,0.9636363983154296,False,delete,False,False,False,True,18.395592999979726,0.007121999942683,0.8940420000271843,43.854162999991786,0.0227809999842065,63.17370099992559
W.MOV,83,W,True,delete,0.9635251760482788,False,delete,False,False,False,True,14.052816000003077,0.0065280000853817,0.5557429999498709,43.60622500007594,0.0192390000393061,58.24055100015357
W.MOV,84,W,True,delete,0.927491307258606,False,delete,False,False,False,True,14.256903000045895,0.0065039999981308,0.8585179999727188,43.76094500003092,0.0219129999550204,58.90478300000268
W.MOV,85,W,True,delete,0.9054378271102904,False,delete,False,False,False,True,14.084905000004255,0.008119999961309,0.9033060000547266,43.88941700005944,0.0225109999973938,58.90825900007712
W.MOV,86,W,True,delete,0.9140429496765136,False,delete,False,False,False,True,14.11419300001171,0.0063730000192663,0.8654499999920517,42.324080999947,0.0241650000134541,57.33426199998348
W.MOV,87,W,True,delete,0.8642118573188782,False,delete,False,False,False,True,14.08680400004414,0.0067199999875811,0.869276000003083,43.08374799995818,0.0220890000264262,58.06863700001941
W.MOV,88,W,True,delete,0.892321765422821,False,delete,False,False,False,True,14.483963999964544,0.0063730000192663,0.9416959999271056,46.120094999992034,0.0221619999365429,61.57428999983949
W.MOV,89,W,True,delete,0.914741039276123,False,delete,False,False,False,True,14.251430999991044,0.0075110000352651,0.9772290000000794,46.34178999992855,0.0217399999655754,61.59970099992052
W.MOV,90,W,True,delete,0.910898506641388,False,delete,False,False,False,True,14.413068999999725,0.0065770000219345,1.0312000000567425,46.193585999958486,0.024061999965852,61.66849400000274
W.MOV,91,W,True,delete,0.8889705538749695,False,delete,False,False,False,True,14.232184999968922,0.0064520000933043,0.8489709999821571,43.66765400004624,0.0193609999996624,58.77462300009029
W.MOV,92,W,True,delete,0.9122218489646912,False,delete,False,False,False,True,14.29308100000526,0.006780000035178,0.5703100000573613,42.94097399997554,0.0204489999759971,57.831594000049336
W.MOV,93,W,True,delete,0.8787054419517517,False,delete,False,False,False,True,13.988444000005984,0.006963000032556,0.5328669999471458,43.26493300004586,0.0184950000630124,57.81170200009456
W.MOV,94,W,True,delete,0.8908736705780029,False,delete,False,False,False,True,13.946457999963968,0.0073600000405349,0.9505670000180544,42.64019000004282,0.0211420000368889,57.56571700010227
W.MOV,95,W,True,delete,0.9124771952629088,False,delete,False,False,False,True,13.995698000030645,0.006510999924103,0.8577220000915986,43.85558000001311,0.0199500000235275,58.73546100008298
W.MOV,96,W,True,delete,0.9161894917488098,False,delete,False,False,False,True,14.28958399998237,0.007128999982342,0.8856399999785936,44.11132099994575,0.0203319999627638,59.314005999851815
W.MOV,97,W,True,delete,0.9175221920013428,False,delete,False,False,False,True,14.16783900003793,0.0066509999214758,0.8738079999375259,44.13367500001186,0.0368130000651945,59.21878599997399
W.MOV,98,W,True,delete,0.91745263338089,False,delete,False,False,False,True,13.9273899999921,0.0070080000114103,0.8583450000969606,43.394482999929096,0.0197979999256858,58.20702399995525
W.MOV,99,W,True,delete,0.9559670686721802,False,delete,False,False,False,True,14.230247000000418,0.0071179999849846,0.8328880001045036,43.847788999983095,0.0204529999336955,58.9384950000067
W.MOV,100,W,True,delete,0.9662808775901794,False,delete,False,False,False,True,14.072923000014724,0.0069559999928969,0.8807809999780147,43.8338079999312,0.0194819999705941,58.81394999988743
W.MOV,101,W,True,delete,0.9622113704681396,False,delete,False,False,False,True,14.02622800003428,0.0067270000272401,0.8814049999728013,45.20580400003382,0.0200299999733033,60.14019400004145
W.MOV,102,W,True,delete,0.9710251688957214,False,delete,False,False,False,True,14.1183549999937,0.006826000003457,0.8694750000586282,43.45540500003153,0.020968999933757,58.471030000021074
W.MOV,103,W,True,delete,0.9636738300323486,False,delete,False,False,False,True,14.1069409999659,0.0064330000668633,0.8299610000221946,42.57393600005344,0.0186089999942851,57.53588000010268
W.MOV,104,W,True,delete,0.9615352749824524,False,delete,False,False,False,True,14.059901999985414,0.0085880000142424,0.8703329999661946,43.79833100006181,0.0226209999709681,58.75977499999863
W.MOV,105,W,True,delete,0.957306981086731,False,delete,False,False,False,True,14.072322999993505,0.0070810000352139,0.5719910000152595,43.94731399997909,0.0190000000657164,58.61770900008878
W.MOV,106,W,True,delete,0.9647296667099,False,delete,False,False,False,True,13.998276999984682,0.0068750000536965,0.9042009999120636,44.16881200006628,0.0199700000393932,59.09813500005612
W.MOV,107,W,True,delete,0.975519359111786,False,delete,False,False,False,True,14.088436999998066,0.0059730000430135,0.8991969999669891,45.45372100005807,0.0212630000078206,60.46859100007396
W.MOV,108,W,True,delete,0.9709566235542296,False,delete,False,False,False,True,13.926909000019805,0.0065929999664149,0.9059529999149164,42.41167300006055,0.0184210000497841,57.269549000011466
W.MOV,109,W,True,delete,0.97255939245224,False,delete,False,False,False,True,14.125997999997251,0.0057610000112617,0.8751749999191816,42.2161370000822,0.019450999957371,57.24252199996727
W.MOV,110,W,True,delete,0.9697875380516052,False,delete,False,False,False,True,13.996657999996389,0.0064719999954832,0.8661350000238599,43.1431850000763,0.0189859999863983,58.03143600007843
W.MOV,111,W,True,delete,0.9640083909034728,False,delete,False,False,False,True,14.029772000014871,0.0063340000906464,0.8553349999829152,42.79761199995846,0.0187930000947744,57.70784600014167
W.MOV,112,W,True,delete,0.9501379132270812,False,delete,False,False,False,True,14.186483000003136,0.0071740000748832,0.8374679999860746,44.14524899993921,0.0173959999756334,59.19376999997894
W.MOV,113,W,True,delete,0.9457305073738098,False,delete,False,False,False,True,14.14946899996039,0.0094709999984843,0.864131000071211,44.100593999928606,0.0237650000372013,59.14742999999589
W.MOV,114,W,True,delete,0.9529416561126708,False,delete,False,False,False,True,14.005453999970996,0.008107999974527,0.9029119999013346,47.37081199994009,0.0241269999605719,62.31141299974752
W.MOV,115,W,True,delete,0.8766298890113831,False,delete,False,False,False,True,14.076117999991313,0.0093039999455868,1.016093999965051,47.33491700005743,0.0241029999870079,62.46053599994639
W.MOV,116,W,True,delete,0.8048341274261475,False,delete,False,False,False,True,14.049131999968267,0.0086500000406886,1.0132460000704668,49.60974599998736,0.0240580000081536,64.70483200007493
W.MOV,117,W,True,delete,0.8524893522262573,False,delete,False,False,False,True,14.010204000044268,0.0072359999876425,0.9557580000318922,55.1371519999293,0.0367760000017369,70.14712599999484
W.MOV,118,W,True,delete,0.8705432415008545,False,delete,False,False,False,True,14.083443999993506,0.0067010000748268,0.9381239999584068,47.57176199996138,0.0237309999420176,62.62376199993014
W.MOV,119,W,True,delete,0.8980069756507874,False,delete,False,False,False,True,13.995330000000196,0.0084189999824957,0.9360130000004574,45.81677500004844,0.0216280000131519,60.77816500004474
W.MOV,120,W,True,delete,0.8988629579544067,False,delete,False,False,False,True,13.99609499998178,0.0145200000361001,0.8909649999395697,62.34440699995503,0.0213779999285179,77.26736499984099
W.MOV,121,W,True,delete,0.873482346534729,False,delete,False,False,False,True,14.034379999998237,0.007347999940066,0.8774449999009448,45.08102500005862,0.0210470000183704,60.02124499991624
W.MOV,122,W,True,delete,0.8099825978279114,False,delete,False,False,False,True,14.639759999965918,0.0070629999981974,0.8671360000107597,44.28771400000642,0.0213359999179374,59.82300899989923
W.MOV,123,W,True,delete,0.7087687253952026,False,delete,False,False,False,True,14.55452099997956,0.0070239999558907,0.8743619999904695,44.19359999997141,0.0248540000029606,59.65436099990029
W.MOV,124,W,True,delete,0.7796498537063599,False,delete,False,False,False,True,13.94987300000139,0.0088929999719766,0.8936340000218479,44.63292399998409,0.0238540000054854,59.50917799998479
W.MOV,125,W,True,delete,0.7014636993408203,False,delete,False,False,False,True,14.440838999973948,0.007881999977144,0.8362749999832886,43.59761299997445,0.0235429999975167,58.90615199990634
W.MOV,126,W,True,delete,0.8442178964614868,False,delete,False,False,False,True,14.250113999992209,0.0065680000034262,0.5414570000539243,44.11212700006217,0.021396999954959,58.93166300006669
W.MOV,127,W,True,delete,0.7939901351928711,False,delete,False,False,False,True,13.972722999994858,0.0085089999402043,0.8873780000158149,44.27985200004514,0.0222749999920779,59.170736999988094
W.MOV,128,W,True,delete,0.7283294200897217,False,delete,False,False,False,True,13.97477099999378,0.0077820000115025,0.8948390000114159,43.69144499992217,0.0218149999682282,58.590651999907095
W.MOV,129,W,True,delete,0.7810311317443848,False,delete,False,False,False,True,14.131646999999248,0.0077209999744809,0.8801710000625462,43.238583000061226,0.0215300000263596,58.27965200012386
W.MOV,130,W,True,delete,0.715691864490509,False,delete,False,False,False,True,14.085641000008309,0.0071609999849897,0.9569100000135222,43.202605000033145,0.0368140000546191,58.289131000094585
W.MOV,131,W,True,delete,0.5441373586654663,False,delete,False,False,False,True,14.21403299997337,0.0065240000139965,0.8296580000433096,42.83800799998971,0.0213069999972503,57.90953000001764
W.MOV,132,W,True,delete,0.7182298302650452,False,delete,False,False,False,True,13.95014600001332,0.0065980000272247,0.8582520000572913,42.99891200003003,0.0227570000106425,57.83666500013851
W.MOV,133,W,True,delete,0.5864662528038025,False,delete,False,False,False,True,14.141168999969976,0.0091790000169567,0.8249269999396347,44.76482300003681,0.0220580000132031,59.762155999976585
W.MOV,134,W,True,delete,0.785376787185669,False,delete,False,False,False,True,14.332727999999406,0.0066329999981462,0.5266370000072129,44.385555999951976,0.0221459999920625,59.2736999999488
W.MOV,135,W,True,delete,0.7992438673973083,False,delete,False,False,False,True,14.62380899999971,0.0073800000564006,0.8489380001037716,42.821994999940216,0.0200609999865264,58.32218300008663
W.MOV,136,W,True,delete,0.8314816355705261,False,delete,False,False,False,True,13.90231999999969,0.006142999950498,0.9165250000933156,42.57983999991666,0.0195479999547387,57.4243759999149
W.MOV,137,W,True,delete,0.7873691320419312,False,delete,False,False,False,True,13.776380999956928,0.0049660000058793,0.8108980000542942,42.3547210000379,0.0181660000180272,56.96513200007303
W.MOV,138,W,True,delete,0.904618203639984,False,delete,False,False,False,True,14.094708000016,0.0054520000958291,0.8152780000045823,42.71500199990896,0.0192339999784962,57.64967400000387
W.MOV,139,W,True,delete,0.9349607229232788,False,delete,False,False,False,True,14.390606999995724,0.0068059999875913,0.857528999972601,44.24707300006503,0.019915000052606,59.52193000007355
W.MOV,140,W,True,delete,0.9729006290435792,False,delete,False,False,False,True,14.179616999967948,0.0053889999662715,0.8240639999712585,42.99373099991044,0.0214990000131365,58.024299999829054
X.MOV,0,X,True,S,0.2819949984550476,False,S,False,False,False,True,14.27387300003602,0.0091849999535043,0.9618280000722734,43.54125099996509,0.0278730000218274,58.81401000004871
X.MOV,1,X,True,nothing,0.3626545071601867,False,nothing,False,False,False,True,14.027435999992122,0.0076000000035492,0.8542130000250836,42.87095500001215,0.0193280000075901,57.77953200004049
X.MOV,2,X,True,nothing,0.3443715870380401,False,nothing,False,False,False,True,14.479193999989093,0.0067380000245975,0.795401999994283,42.44728700007272,0.0193999999282823,57.748021000008976
X.MOV,3,X,True,nothing,0.3132648766040802,False,nothing,False,False,False,True,14.142493999997896,0.0059950000377284,0.8203859999866836,42.30168999993112,0.0200330000552639,57.290598000008686
X.MOV,4,X,True,S,0.2854565680027008,False,S,False,False,False,True,14.283593000016026,0.007540000069639,0.8257619999767485,42.39232800000536,0.0187099999493511,57.52793300001713
X.MOV,5,X,True,nothing,0.3468004167079925,False,nothing,False,False,False,True,14.635306000002402,0.0065030000087062,0.8541910000303687,43.1810890000861,0.0258590000612457,58.702948000188826
X.MOV,6,X,True,nothing,0.3955302834510803,False,nothing,False,False,False,True,14.681246000009196,0.0068360000113898,0.8259669999688413,43.32745800002158,0.0190800000154922,58.8605870000265
X.MOV,7,X,True,nothing,0.3762368857860565,False,nothing,False,False,False,True,14.812817999995788,0.0082150000935143,0.8722840000245924,47.14916999989782,0.0344889999723818,62.8769759999841
X.MOV,8,X,True,nothing,0.3842524290084839,False,nothing,False,False,False,True,14.10432000000128,0.0055529999372083,0.8145589999912772,41.69675599996481,0.0189209999916784,56.64010899988625
X.MOV,9,X,True,nothing,0.5487170815467834,False,nothing,False,False,False,True,14.088686999969012,0.008026000045902,0.9358270000348056,42.90316100002656,0.02019900000505,57.95590000008133
X.MOV,10,X,True,nothing,0.5224848985671997,False,nothing,False,False,False,True,13.90841899996076,0.0068049999981667,0.8369029999357736,42.86625000008826,0.0192459999652783,57.63762299994824
X.MOV,11,X,True,nothing,0.5687896609306335,False,nothing,False,False,False,True,14.946707999968112,0.0070419999929072,0.8348580000756556,42.60803199997554,0.0230940000847112,58.41973400009692
X.MOV,12,X,True,nothing,0.5800461173057556,False,nothing,False,False,False,True,14.26773400004322,0.007114999903024,0.8273639999742954,42.20505299997512,0.0203280000050654,57.32759399990073
X.MOV,13,X,True,nothing,0.5598317980766296,False,nothing,False,False,False,True,14.29813500004684,0.0064710000060586,0.8134039999276865,42.77839700000641,0.0223760000608308,57.918783000047824
X.MOV,14,X,True,nothing,0.5474115610122681,False,nothing,False,False,False,True,14.352428999984568,0.006049000035091,0.8266149999371919,42.11297699998795,0.0221149999788394,57.32018499992364
X.MOV,15,X,True,nothing,0.5891129374504089,False,nothing,False,False,False,True,14.30556500002922,0.0078599999824291,0.8323029999246501,42.50425099996846,0.0223690000211718,57.67234799992593
X.MOV,16,X,True,nothing,0.6250371336936951,False,nothing,False,False,False,True,14.062824999996336,0.0062039999875196,0.8397270000841672,42.86787400008052,0.0249450000637807,57.80157500021232
X.MOV,17,X,True,nothing,0.4723866879940033,False,nothing,False,False,False,True,14.28350999998429,0.0068100000589765,0.8227430000715685,41.90139399997861,0.0204389999680643,57.03489600006151
X.MOV,18,X,True,nothing,0.4152613282203674,False,nothing,False,False,False,True,14.35729600001423,0.0068860000510539,0.8566249999830688,43.40784600003644,0.0221180000608001,58.6507710001456
X.MOV,19,X,True,A,0.3427019417285919,False,A,False,False,False,True,14.305948000014723,0.0067820000140272,0.7914999999911743,41.8110619999652,0.0209779999522652,56.936269999937394
X.MOV,20,X,True,nothing,0.4796851277351379,False,nothing,False,False,False,True,14.309514999979456,0.0061560000403915,0.811512000041148,42.93982599995161,0.0207129999125754,58.08772199992518
X.MOV,21,X,True,nothing,0.6294963359832764,False,nothing,False,False,False,True,14.55425999995441,0.0083950000089316,0.8443670000133352,43.87292900003104,0.022743999920749,59.30269499992846
X.MOV,22,X,True,nothing,0.7425655722618103,False,nothing,False,False,False,True,14.247734000036871,0.0065850000510181,0.8196400000315407,43.0980849999969,0.0250209999421713,58.1970650000585
X.MOV,23,X,True,nothing,0.6036825180053711,False,nothing,False,False,False,True,14.053595000007135,0.0076640000088445,0.8624900000313573,43.284362000008514,0.0207890000183397,58.22890000007419
X.MOV,24,X,True,nothing,0.6825361847877502,False,nothing,False,False,False,True,14.491002999989178,0.0065949999452641,0.9239460000571852,42.76470499996776,0.0321449999773904,58.21839399993678
X.MOV,25,X,True,nothing,0.5922983884811401,False,nothing,False,False,False,True,14.30986299999404,0.0072689999797148,0.808616000085749,42.90187399999468,0.021115000095051,58.04873700014923
X.MOV,26,X,True,nothing,0.6815266609191895,False,nothing,False,False,False,True,14.242356000011114,0.0078829999665686,0.8913959999290455,43.232881999983874,0.0242520000028889,58.39876899989349
X.MOV,27,X,True,nothing,0.5732074975967407,False,nothing,False,False,False,True,14.092506999986654,0.0077989999454075,0.8897169999499965,43.85676100002911,0.0252999999474923,58.87208399985866
X.MOV,28,X,True,nothing,0.7339996099472046,False,nothing,False,False,False,True,14.258498999993208,0.0084079999851383,0.9145440000111194,45.88703499996427,0.0240080000821762,61.09249400003591
X.MOV,29,X,True,nothing,0.6764162182807922,False,nothing,False,False,False,True,14.06117300001597,0.0068640000563391,0.8536600000752514,44.40067899997757,0.0210079999760637,59.3433840001012
X.MOV,30,X,True,nothing,0.7204126715660095,False,nothing,False,False,False,True,14.10457200000792,0.0069129999928918,0.8182450000049357,46.439182000085566,0.0332509999907415,61.402163000082055
X.MOV,31,X,True,nothing,0.7011457085609436,False,nothing,False,False,False,True,14.243975999988834,0.0066259999584872,0.8580900000652036,43.6766920000764,0.0199960001054932,58.80538000019442
X.MOV,32,X,True,nothing,0.7061372995376587,False,nothing,False,False,False,True,14.10277299999052,0.0070609999056614,0.8027290000427456,42.533878999961416,0.0195300000314091,57.46597199993175
X.MOV,33,X,True,nothing,0.6087273955345154,False,nothing,False,False,False,True,14.247646000001168,0.0080830000115383,0.8606080000390648,43.65135099999407,0.0222349999603466,58.78992300000618
X.MOV,34,X,True,nothing,0.6120920181274414,False,nothing,False,False,False,True,14.235124000038011,0.0065560000166442,0.8714970000482936,45.6299280000394,0.0217030000158047,60.76480800015816
X.MOV,35,X,True,nothing,0.6252315640449524,False,nothing,False,False,False,True,14.613548999989234,0.0073229999770774,0.9051099999624056,48.23610699997971,0.0240289999737797,63.78611799988221
X.MOV,36,X,True,nothing,0.5782864689826965,False,nothing,False,False,False,True,14.339865000010832,0.0083359999507592,0.8165259999941554,44.239858999958415,0.0247899999976652,59.42937599991183
X.MOV,37,X,True,nothing,0.4287424385547638,False,nothing,False,False,False,True,14.05065099999092,0.0065460000087114,0.8511600000247199,43.73029900000347,0.0230499999815947,58.66170600000942
X.MOV,38,X,True,nothing,0.3582125008106231,False,nothing,False,False,False,True,14.265516000023126,0.0078440000379487,0.923646000046574,43.70039399998405,0.0198019999970711,58.91720200008877
X.MOV,39,X,True,nothing,0.2759047746658325,False,nothing,False,False,False,True,14.139284000009413,0.0091240000301695,0.8792620000122042,44.26953300003333,0.0203749999627689,59.31757800004789
X.MOV,40,X,True,N,0.2337419539690017,False,N,False,False,False,True,14.32582000001048,0.0097629999800119,0.8994590000384051,45.13306299998021,0.0201020000076823,60.38820700001679
X.MOV,41,X,True,N,0.2385191619396209,False,N,False,False,False,True,14.096046999952703,0.0093419999984689,0.6187580000869275,44.58643499992832,0.0189250000630636,59.32950700002948
X.MOV,42,X,True,N,0.3112273514270782,False,N,False,False,False,True,14.06152600003452,0.006761000008737,0.8284630000616744,42.45473100002073,0.0211089999311298,57.37259000005679
X.MOV,43,X,True,delete,0.3996248841285705,False,delete,False,False,False,True,14.12543200001437,0.0069699999585282,0.8718579999822396,42.577976999950806,0.0210929999866493,57.603329999892594
X.MOV,44,X,True,N,0.3776064217090606,False,N,False,False,False,True,14.050025000017284,0.0069069999426574,0.8728900000960493,43.01470099994731,0.0222140000687431,57.96673700007205
X.MOV,45,X,True,N,0.4347347021102905,False,N,False,False,False,True,14.334135000012791,0.0073520000114513,0.8548829999881491,43.07788800008439,0.0211410000474643,58.29539900014424
X.MOV,46,X,True,N,0.442681074142456,False,N,False,False,False,True,14.451369999960662,0.0065299999505441,0.8494510000218725,42.63801100000819,0.0227630000608769,57.96812500000215
X.MOV,47,X,True,N,0.376020073890686,False,N,False,False,False,True,13.902452999957404,0.0071700000034979,0.8677170000055412,43.51066200001696,0.0219160000369811,58.30991800002039
X.MOV,48,X,True,N,0.3635860979557037,False,N,False,False,False,True,14.007629999980509,0.0064739999743324,0.8390130000179852,43.91450699995403,0.0217169999814359,58.78934099990829
X.MOV,49,X,True,N,0.4181986451148987,False,N,False,False,False,True,14.305149999984224,0.0066659999902185,0.8276249999426,43.68340899998202,0.019968000060544,58.84281799995961
X.MOV,50,X,True,N,0.4480447769165039,False,N,False,False,False,True,13.938612999993438,0.0066730000298775,0.8437710000634979,43.66929600007552,0.022188000002643,58.480541000164976
X.MOV,51,X,True,N,0.442652016878128,False,N,False,False,False,True,14.362444999960644,0.0066100000140068,0.512818999936826,45.40287800000442,0.0215520000210744,60.30630399993697
X.MOV,52,X,True,N,0.4449611604213714,False,N,False,False,False,True,14.226726999993389,0.0087639999719613,0.6522459999587227,45.17425600010938,0.0211560000025201,60.08314900003597
X.MOV,53,X,True,N,0.424966812133789,False,N,False,False,False,True,14.280210999970675,0.0071700000034979,0.8533339999985401,43.16786200001843,0.0212590000501222,58.32983600004127
X.MOV,54,X,True,N,0.4323889315128326,False,N,False,False,False,True,15.205057999992276,0.007824000022083,0.9046589999570642,43.066126999974585,0.0216789999285538,59.20534699987456
X.MOV,55,X,True,N,0.4388263523578644,False,N,False,False,False,True,14.14870099995369,0.0079640000194558,0.9694860000308836,43.01900600000863,0.0204369999892151,58.16559400000188
X.MOV,56,X,True,N,0.4050465524196625,False,N,False,False,False,True,14.029074000006858,0.0075069999638799,0.8349020000650853,44.15972799995416,0.0222209999947153,59.053431999984696
X.MOV,57,X,True,N,0.431259274482727,False,N,False,False,False,True,14.146305999986453,0.0063549999822498,0.8195290000685418,43.78246099997796,0.0208610000527187,58.77551200006792
X.MOV,58,X,True,delete,0.5444092750549316,False,delete,False,False,False,True,14.059969000015826,0.0077539999665532,0.7942229999571282,42.92304199998398,0.0220370000079128,57.8070249999314
X.MOV,59,X,True,delete,0.4877443611621856,False,delete,False,False,False,True,14.051054999981716,0.0060219999795663,0.8032360000242988,42.530510999995386,0.0212110001029941,57.41203500008396
X.MOV,60,X,True,delete,0.4705071449279785,False,delete,False,False,False,True,14.430887000003167,0.0070610000193482,0.8204550000527888,43.37285000008251,0.023239000029207,58.65449200018702
X.MOV,61,X,True,delete,0.482086569070816,False,delete,False,False,False,True,14.34673500000372,0.0061439999399226,0.8477229999925839,42.27091399991423,0.0203150000288587,57.49183099987931
X.MOV,62,X,True,N,0.5234230160713196,False,N,False,False,False,True,14.309324999999262,0.0067450000642566,0.7984710000528139,44.911654000088674,0.0216729999920062,60.04786800019701
X.MOV,63,X,True,delete,0.446389377117157,False,delete,False,False,False,True,14.344723000021986,0.0062330000218935,0.8312119999800416,43.13586600005692,0.0209730000051422,58.33900700008599
X.MOV,64,X,True,N,0.4978145956993103,False,N,False,False,False,True,14.241504999972676,0.0064519999796175,0.7982119999496717,42.15755199993509,0.0213109999549487,57.22503199979201
X.MOV,65,X,True,delete,0.6051735281944275,False,delete,False,False,False,True,14.19263799999726,0.0085750000380357,0.8803069999885338,42.33415199996671,0.0230050000027404,57.43867699999328
X.MOV,66,X,True,delete,0.7550139427185059,False,delete,False,False,False,True,14.23752899995634,0.0077670000564467,0.9372209999582992,42.8557230000024,0.0415639999573613,58.079803999930846
X.MOV,67,X,True,delete,0.6971074938774109,False,delete,False,False,False,True,14.325595999991949,0.007415000027322,0.8716529999901468,46.4524879999999,0.0186419999863574,61.67579399999568
X.MOV,68,X,True,delete,0.8869906663894653,False,delete,False,False,False,True,14.21683699999221,0.0061460000324586,0.8217419999709819,44.42063800001961,0.0210680000236607,59.48643100003892
X.MOV,69,X,True,delete,0.8202539682388306,False,delete,False,False,False,True,14.2426400000204,0.0078710000934734,0.5444999999326683,49.01574999996683,0.02202699999998,63.83278800001335
X.MOV,70,X,True,delete,0.7446950078010559,False,delete,False,False,False,True,14.185012999973878,0.0102510000488109,0.9722940000074232,57.48396100000264,0.0219309999920369,72.67345000002479
X.MOV,71,X,True,delete,0.77440345287323,False,delete,False,False,False,True,14.186945000005837,0.0074920000088241,0.8993220000093061,43.63279399990461,0.0239280000187136,58.750480999947285
X.MOV,72,X,True,delete,0.7043035626411438,False,delete,False,False,False,True,15.341594000005898,0.0064959999690472,0.8479550000402014,45.09395799993854,0.0215640000078565,61.31156699996154
X.MOV,73,X,True,delete,0.7382094264030457,False,delete,False,False,False,True,16.6076349999571,0.0066819999346989,0.8353900000201975,44.54056600002332,0.022596999997404,62.01286999993272
X.MOV,74,X,True,delete,0.6937451958656311,False,delete,False,False,False,True,14.373748999958025,0.0066270000615986,0.8845849999943312,43.580183000017314,0.0231960000292019,58.86834000006047
X.MOV,75,X,True,delete,0.7029749155044556,False,delete,False,False,False,True,14.53276500001266,0.0079420000247409,0.8363529999542152,43.9570769999591,0.0228080000397312,59.356944999990446
X.MOV,76,X,True,delete,0.608089029788971,False,delete,False,False,False,True,14.478672999985063,0.0067060000219498,0.8152909999807889,42.61183299990989,0.0220130000343488,57.934515999932046
X.MOV,77,X,True,delete,0.7171217799186707,False,delete,False,False,False,True,14.162993000013556,0.0071429999479732,0.8859220000658752,43.613267000068845,0.019147999978486,58.68847300007474
X.MOV,78,X,True,delete,0.6549606919288635,False,delete,False,False,False,True,14.2159829999855,0.0061169999980847,0.8078380000142715,43.074123000110376,0.0205879999839453,58.12464900009218
X.MOV,79,X,True,delete,0.6454970836639404,False,delete,False,False,False,True,14.503240999999887,0.0063510000245514,0.5221449999908145,45.050857999967775,0.0247120000267386,60.10730700000977
X.MOV,80,X,True,delete,0.7144744992256165,False,delete,False,False,False,True,14.601685999991789,0.0081260000115435,0.8827420000443453,44.871591999935845,0.0235429999975167,60.38768899998104
X.MOV,81,X,True,delete,0.6668261885643005,False,delete,False,False,False,True,14.26344699996207,0.0098279999747319,0.9749439999495736,46.00223400007053,0.0237049999896044,61.27415799994651
X.MOV,82,X,True,delete,0.6913281679153442,False,delete,False,False,False,True,14.305158000013307,0.006575999918823,0.8693979999634394,43.973936999918806,0.022589999957745,59.17765899977212
X.MOV,83,X,True,delete,0.719132125377655,False,delete,False,False,False,True,14.380995999999868,0.0073620000193841,0.543968999977551,43.99448100002701,0.0220590000026277,58.94886700002644
X.MOV,84,X,True,delete,0.6665740609169006,False,delete,False,False,False,True,14.2835659999605,0.0072600000748934,0.8959409999533818,42.66255299990007,0.0222580000581729,57.87157799994702
X.MOV,85,X,True,delete,0.7070450782775879,False,delete,False,False,False,True,14.301725999985138,0.0084899999137633,0.8137439999700291,42.55560299998251,0.0232840000080614,57.7028469998595
X.MOV,86,X,True,delete,0.6918751001358032,False,delete,False,False,False,True,14.34166000001369,0.0067130000616089,0.8347309999408026,42.84526900005403,0.0219600000264108,58.05033300009654
X.MOV,87,X,True,delete,0.7167654633522034,False,delete,False,False,False,True,14.185496000038713,0.0086189999137786,0.8813330000521091,43.15578199998527,0.0220539999418178,58.25328399993168
X.MOV,88,X,True,delete,0.7075591683387756,False,delete,False,False,False,True,14.251073000025372,0.0059399999372544,0.8046570000033171,43.71624800000973,0.020554999991873,58.79847299996754
X.MOV,89,X,True,delete,0.7332193851470947,False,delete,False,False,False,True,14.17668499999536,0.0075719999585999,0.5071990000260485,43.26676000005136,0.0221450000026379,57.98036100003401
X.MOV,90,X,True,delete,0.7469717264175415,False,delete,False,False,False,True,14.25984999997354,0.0100789999351036,0.8597790000521854,43.342237000047135,0.0238579999631838,58.49580299997115
X.MOV,91,X,True,delete,0.7008302807807922,False,delete,False,False,False,True,14.296711999975289,0.0104969999483728,0.878250000027947,45.23407400006363,0.0214280000818689,60.440961000097104
X.MOV,92,X,True,delete,0.8375452756881714,False,delete,False,False,False,True,14.301401000011538,0.0086559999772362,0.8834029999889026,45.54530399991563,0.0237790000028326,60.76254299989614
X.MOV,93,X,True,delete,0.7554506659507751,False,delete,False,False,False,True,14.203874999964228,0.0075109999215783,0.8857409999336596,43.28030499993929,0.0238339999896197,58.401265999748375
X.MOV,94,X,True,delete,0.8317006230354309,False,delete,False,False,False,True,14.332050999996682,0.0092740000354751,0.8963179999454951,43.79478200007725,0.0242190000108166,59.05664400006572
X.MOV,95,X,True,delete,0.7786564826965332,False,delete,False,False,False,True,14.158597999994528,0.0070589999268122,0.8519520000618286,43.08742900002471,0.022034000039639,58.12707200004752
X.MOV,96,X,True,delete,0.6900660395622253,False,delete,False,False,False,True,14.089874999967831,0.0090350000618855,0.851049000061721,43.801826000049005,0.021613000058096,58.77339800019854
X.MOV,97,X,True,delete,0.8044133186340332,False,delete,False,False,False,True,14.224344000012934,0.0066080000351576,0.8177390000128071,42.61172899998655,0.0217939999629379,57.68221400001039
X.MOV,98,X,True,delete,0.8100693821907043,False,delete,False,False,False,True,14.872497999988354,0.0071250000246436,0.8261650000349618,42.46936399999868,0.0222329999814974,58.197385000028135
X.MOV,99,X,True,delete,0.796442449092865,False,delete,False,False,False,True,14.227361999985533,0.0062459999981001,0.8876739999550409,42.716307999967285,0.019778000023507,57.857367999929465
X.MOV,100,X,True,delete,0.7884033918380737,False,delete,False,False,False,True,14.273237999987032,0.0058189999663227,0.5191930000592038,43.4926269999778,0.021403999994618,58.31228099998498
X.MOV,101,X,True,delete,0.7726545929908752,False,delete,False,False,False,True,14.109958999995342,0.007059000040499,0.915655999961018,44.020262999993065,0.0239290000081382,59.07686599999806
X.MOV,102,X,True,delete,0.819318413734436,False,delete,False,False,False,True,14.07924099999036,0.0065000000404324,0.8328809999511577,44.3363680000175,0.0222070000290841,59.277197000028536
X.MOV,103,X,True,delete,0.7419057488441467,False,delete,False,False,False,True,14.140688999987104,0.0062469999875247,1.0045830000535716,43.77775699992981,0.0224430000344,58.95171899999241
X.MOV,104,X,True,delete,0.7492461800575256,False,delete,False,False,False,True,14.175385999976696,0.0065039999981308,0.8479090000719225,46.17507399996157,0.023385999952552,61.22825899996087
X.MOV,105,X,True,delete,0.6786044239997864,False,delete,False,False,False,True,14.307594999991124,0.0064029999293779,0.8500990001039099,43.73965399997815,0.0218310000263954,58.92558200002895
X.MOV,106,X,True,delete,0.7045537829399109,False,delete,False,False,False,True,14.136527000005117,0.0060400000165827,0.8366980000573676,43.05610100004742,0.0193939999917347,58.05476000011822
X.MOV,107,X,True,delete,0.760357677936554,False,delete,False,False,False,True,14.344232999974338,0.0075179999612373,0.8364520000441189,43.37219399997139,0.0222780000740385,58.58267500002512
X.MOV,108,X,True,delete,0.7139895558357239,False,delete,False,False,False,True,14.17744899998752,0.006340000027194,0.8410330000288013,44.3964489999189,0.0216810000210898,59.44295199998351
X.MOV,109,X,True,delete,0.6906114816665649,False,delete,False,False,False,True,14.145773999985067,0.0072670000008656,0.8482590000085111,43.49774499996784,0.021136999976079,58.52018199993836
X.MOV,110,X,True,delete,0.7128398418426514,False,delete,False,False,False,True,14.149058999976203,0.0069640000219806,0.8435290000079476,42.63890499998979,0.022031999947103,57.66048899994303
X.MOV,111,X,True,delete,0.7646998763084412,False,delete,False,False,False,True,14.218434999975216,0.0059550000059971,0.5379259999926944,44.40487800002302,0.0219839999999749,59.1891779999969
X.MOV,112,X,True,delete,0.8078710436820984,False,delete,False,False,False,True,14.27233800001204,0.0077050000300005,0.8172789999889574,43.84779899999103,0.0229920000265337,58.96811300004856
X.MOV,113,X,True,delete,0.8290812969207764,False,delete,False,False,False,True,14.17161599999872,0.0057690000403454,0.8186109999996916,44.683981000048334,0.0223849999656522,59.70236200005274
X.MOV,114,X,True,delete,0.8290093541145325,False,delete,False,False,False,True,14.25466799997821,0.0069220000114,0.8268420000376864,42.86411799989765,0.0370710000652252,57.989620999990166
X.MOV,115,X,True,delete,0.8298404216766357,False,delete,False,False,False,True,14.237195000021076,0.0275070000270716,0.6588679999595115,44.38138099999378,0.0219469999365173,59.32689799993796
X.MOV,116,X,True,delete,0.7978247404098511,False,delete,False,False,False,True,14.203527000006488,0.0067329999637877,0.8349659999566938,43.964510999899176,0.0380430000177511,59.0477799998439
X.MOV,117,X,True,delete,0.7842000722885132,False,delete,False,False,False,True,14.26472800000056,0.0065709999717,0.9508809999942968,44.18108499999107,0.041927999973268,59.445192999930896
X.MOV,118,X,True,delete,0.7583990693092346,False,delete,False,False,False,True,14.060690999997403,0.0072970000246641,0.8476350000137245,43.4495509999806,0.0224860000344051,58.3876600000508
X.MOV,119,X,True,delete,0.7983406186103821,False,delete,False,False,False,True,14.109147999988636,0.0076430000035543,0.8544899999378686,43.70939800003271,0.0208310000289202,58.701509999991686
X.MOV,120,X,True,delete,0.8245760202407837,False,delete,False,False,False,True,14.054251999993994,0.0063259999478759,0.834575999988374,44.39572000001135,0.0234869999076181,59.314360999849214
X.MOV,121,X,True,delete,0.7756344676017761,False,delete,False,False,False,True,14.183462999994845,0.0072999999929379,0.565700000038305,43.29329500001222,0.0190779999229562,58.06883599996127
X.MOV,122,X,True,delete,0.799467921257019,False,delete,False,False,False,True,14.147084000001088,0.007593000077577,0.8442090000926328,42.64671600003567,0.0205640000103812,57.66616600021735
X.MOV,123,X,True,delete,0.8040006756782532,False,delete,False,False,False,True,14.07725000001392,0.0080519999983152,0.9368610000137778,43.90605999992658,0.0229800000397517,58.95120299999235
X.MOV,124,X,True,delete,0.7908105254173279,False,delete,False,False,False,True,14.2725329999962,0.0069400000484165,0.8375050000495321,45.35151599998244,0.0218650000078923,60.49035900008448
X.MOV,125,X,True,delete,0.7481784224510193,False,delete,False,False,False,True,14.174819999993815,0.0071719999823471,0.8560090000173659,43.57444799995847,0.0225230000978626,58.634972000049856
X.MOV,126,X,True,delete,0.7348442077636719,False,delete,False,False,False,True,14.082318000021132,0.0069980000034775,0.8221010000397655,44.90075100000013,0.022382999986803,59.834551000051306
X.MOV,127,X,True,delete,0.7411062121391296,False,delete,False,False,False,True,13.952249999988451,0.0080430000934939,0.8407750000287706,42.7909869999894,0.0220089999629635,57.61406400006308
X.MOV,128,X,True,delete,0.7828342914581299,False,delete,False,False,False,True,13.869209999995746,0.0076620000299953,0.8288720000564354,43.65560300004745,0.0211679999893021,58.38251500011893
X.MOV,129,X,True,delete,0.7465527653694153,False,delete,False,False,False,True,13.963215999979184,0.0082180000617881,0.8724010000378257,42.26290799999788,0.0221940000528775,57.128937000129554
X.MOV,130,X,True,delete,0.8169506788253784,False,delete,False,False,False,True,14.141438000024207,0.0067570000510386,0.8707629999662458,43.34178600004179,0.0222460000713908,58.38299000015468
X.MOV,131,X,True,delete,0.7915568351745605,False,delete,False,False,False,True,14.233297999965089,0.0062110000271786,0.8370169999807331,43.39247999996587,0.0221380000766657,58.49114400001554
X.MOV,132,X,True,delete,0.7724530100822449,False,delete,False,False,False,True,14.094325000030494,0.0061839999716539,0.8829560000549463,42.584019000059925,0.0225640000053317,57.59004800012235
X.MOV,133,X,True,delete,0.7405567765235901,False,delete,False,False,False,True,13.874325000017508,0.0069090000351934,0.8450199999288088,43.07383499997286,0.0213069999972503,57.82139599995162
X.MOV,134,X,True,delete,0.7075042128562927,False,delete,False,False,False,True,14.609866000000691,0.0063459999637416,0.8658939999577342,43.37054600000556,0.0231499999472362,58.875801999874966
X.MOV,135,X,True,delete,0.7605111598968506,False,delete,False,False,False,True,14.203073000032871,0.0067500000113795,0.9951540000656678,44.4564580000133,0.0226600000132748,59.684095000136494
X.MOV,136,X,True,delete,0.7331780195236206,False,delete,False,False,False,True,13.978811000015412,0.0059609999425447,0.8891930000345383,44.08937599998808,0.0183060000154,58.98164699999597
X.MOV,137,X,True,delete,0.7514680624008179,False,delete,False,False,False,True,14.153079000038815,0.0066400000378052,0.8750669999244565,43.2541189999256,0.0209870000844603,58.30989200001113
X.MOV,138,X,True,delete,0.7835806012153625,False,delete,False,False,False,True,14.109749999988708,0.005714999929296,0.8157209999808401,42.1375309999803,0.0204390000817511,57.089155999960894
X.MOV,139,X,True,delete,0.8110389709472656,False,delete,False,False,False,True,14.16316900002812,0.0056040000799839,0.8524630000010802,41.61671099996056,0.0204289999601314,56.65837600002988
X.MOV,140,X,True,delete,0.8028903007507324,False,delete,False,False,False,True,14.108065000016268,0.0063019999743119,0.8442890000424086,42.10811200005082,0.0207819999786806,57.08755000006249
Y.MOV,0,Y,True,A,0.4580036401748657,False,A,False,False,False,True,14.282147000017176,0.0100629999906232,1.0239340000453012,45.920520000095166,0.0241090000372423,61.26077300018551
Y.MOV,1,Y,True,A,0.647449254989624,False,A,False,False,False,True,13.993347999985415,0.0080049999269249,0.9064719999969384,42.675038999959725,0.0229869999657239,57.60585099983473
Y.MOV,2,Y,True,A,0.5898318290710449,False,A,False,False,False,True,13.98231000001715,0.0092320000248946,0.9386510000695124,46.08812200001466,0.0226930000053471,61.04100800013157
Y.MOV,3,Y,True,A,0.5268487334251404,False,A,False,False,False,True,13.863457000013568,0.013457000022754,0.9299350000446792,42.85532400001557,0.0220619999709015,57.684235000067474
Y.MOV,4,Y,True,A,0.5290354490280151,False,A,False,False,False,True,13.916830000027858,0.0067219999664303,0.8723270000245975,43.64946900000177,0.0237110000398388,58.4690590000605
Y.MOV,5,Y,True,A,0.5250200033187866,False,A,False,False,False,True,13.980166000010286,0.0102289999404092,0.9346099999447688,44.27843399992071,0.023102000000108,59.22654099981628
Y.MOV,6,Y,True,A,0.5544129014015198,False,A,False,False,False,True,14.261122999982945,0.0076540000009117,0.9462669999038552,43.77216899990799,0.0224570000000312,59.00966999979573
Y.MOV,7,Y,True,A,0.6094876527786255,False,A,False,False,False,True,14.15808299998389,0.0079350000987687,1.0210020000158693,44.133251000062046,0.0231330000133311,59.34340400017391
Y.MOV,8,Y,True,A,0.6446763277053833,False,A,False,False,False,True,13.896907000003011,0.0066929999320564,0.9389849999479338,44.237068999905205,0.0217379999867262,59.10139199977493
Y.MOV,9,Y,True,A,0.6074211597442627,False,A,False,False,False,True,13.967868999998243,0.006833000043116,0.8527510000249094,43.06553500009613,0.0193040000340261,57.91229200019643
Y.MOV,10,Y,True,A,0.5847058296203613,False,A,False,False,False,True,14.01981099996874,0.008103000027404,0.923254000099405,43.5411699999122,0.0236209999684433,58.51595899997619
Y.MOV,11,Y,True,A,0.6339144110679626,False,A,False,False,False,True,14.07924099999036,0.0077640000881729,0.9423579999747744,45.414272000016354,0.0208489999522498,60.46448400002191
Y.MOV,12,Y,True,A,0.6059950590133667,False,A,False,False,False,True,14.096617999996395,0.0060319999874991,0.930970000013076,43.84924500004672,0.0220629999603261,58.90492800000402
Y.MOV,13,Y,True,A,0.5924185514450073,False,A,False,False,False,True,14.143983999986176,0.008233000016844,0.9031689999119408,44.57924799999091,0.0266999999212202,59.66133399982709
Y.MOV,14,Y,True,A,0.5524176359176636,False,A,False,False,False,True,14.104672000030405,0.0079850000247461,0.8931549999715571,42.576400000029935,0.0191010000207825,57.60131300007743
Y.MOV,15,Y,True,A,0.5040631890296936,False,A,False,False,False,True,14.243211999996674,0.0060929999108338,0.9371529999953054,44.91797499997574,0.0203400001055342,60.12477299998409
Y.MOV,16,Y,True,A,0.5876972079277039,False,A,False,False,False,True,13.89744300001894,0.0064850000853766,0.91551699995307,44.434394999939286,0.0191950000498764,59.27303500004655
Y.MOV,17,Y,True,A,0.5916626453399658,False,A,False,False,False,True,14.078890000007505,0.0110979999590199,0.8353089999673102,52.28643199995986,0.0202980000949537,67.23202699998865
Y.MOV,18,Y,True,A,0.6692590713500977,False,A,False,False,False,True,14.01067899996633,0.0083259999428264,0.9098770000264268,45.49701099995218,0.0232720000212793,60.44916499990904
Y.MOV,19,Y,True,A,0.6677688360214233,False,A,False,False,False,True,14.293717999976252,0.0066709999373415,0.8657180000000153,45.00806199996532,0.0269429999661952,60.201111999845125
Y.MOV,20,Y,True,A,0.745522677898407,False,A,False,False,False,True,15.36750299999312,0.0124240000332065,0.8011209999949642,52.941512999950646,0.021274000005178,69.14383499997712
Y.MOV,21,Y,True,A,0.7171980142593384,False,A,False,False,False,True,14.21877399997129,0.0076730000273528,0.5807349999713551,48.659567999948194,0.020687000073849,63.48743699999204
Y.MOV,22,Y,True,A,0.6700527667999268,False,A,False,False,False,True,14.211861999967825,0.0065450000192868,0.9155090000376732,44.59038499999224,0.0204570000050807,59.7447580000221
Y.MOV,23,Y,True,A,0.6090459823608398,False,A,False,False,False,True,14.303545000018405,0.0068180000880602,0.92500799996742,46.00698700005523,0.0199090000023716,61.26226700013149
Y.MOV,24,Y,True,A,0.6190494298934937,False,A,False,False,False,True,14.0990329999795,0.0068120000378257,0.5385069999874759,41.79494599998179,0.2025869999897622,56.64188499997636
Y.MOV,25,Y,True,A,0.6399661898612976,False,A,False,False,False,True,14.01439700003948,0.0088540000433567,0.5588100000295526,43.56866599994191,0.0211289999469954,58.1718560000013
Y.MOV,26,Y,True,A,0.6825311183929443,False,A,False,False,False,True,14.09619499997916,0.0079950000326789,0.633727000035833,44.36424200002875,0.0202820000367864,59.12244100011321
Y.MOV,27,Y,True,A,0.7167248129844666,False,A,False,False,False,True,13.919815999997809,0.0061949999690114,0.928297999962524,43.78861800000777,0.0203040000315013,58.66323099996862
Y.MOV,28,Y,True,A,0.6856104135513306,False,A,False,False,False,True,13.950104999992163,0.0062479999769493,1.0348009999461285,43.15683899994838,0.0300710000828985,58.17806399994652
Y.MOV,29,Y,True,A,0.6285150051116943,False,A,False,False,False,True,14.071266000030391,0.0076400000352805,0.8693910000374672,42.42128500004583,0.0202379999336699,57.38982000008264
Y.MOV,30,Y,True,A,0.6034467220306396,False,A,False,False,False,True,14.507083000012244,0.0064260000272042,0.8873130000210949,42.67994700001054,0.0185460000921011,58.09931500016319
Y.MOV,31,Y,True,A,0.5963208079338074,False,A,False,False,False,True,14.026808000039637,0.0073720000273169,0.8779340000728553,41.86639299996386,0.0188190000471877,56.79732600015086
Y.MOV,32,Y,True,A,0.5940127968788147,False,A,False,False,False,True,13.925889999995889,0.0075819999665327,0.9188249999851904,42.71776000007321,0.0373010000203066,57.60735800004113
Y.MOV,33,Y,True,A,0.5426362156867981,False,A,False,False,False,True,14.112432999979774,0.0063410000166186,0.930970000013076,42.05090300001757,0.0195509999230125,57.12019799995005
Y.MOV,34,Y,True,A,0.5694214701652527,False,A,False,False,False,True,14.01929299998983,0.0277530000403203,0.8894800000689429,43.55940600009944,0.0198100000261547,58.51574200022469
Y.MOV,35,Y,True,A,0.4857304096221924,False,A,False,False,False,True,13.866096000015204,0.0065210000457227,0.8387410000523232,41.77359099992373,0.0217750000501837,56.50672400008716
Y.MOV,36,Y,True,A,0.5793084502220154,False,A,False,False,False,True,14.058035999994445,0.0063539999928252,0.8915290000004461,44.31628899999396,0.0208179999390267,59.2930259999207
Y.MOV,37,Y,True,A,0.436239093542099,False,A,False,False,False,True,14.367893000041931,0.0062889999981052,0.9401970000908476,43.100066999954834,0.0212050000527597,58.43565100013848
Y.MOV,38,Y,True,A,0.3558963537216186,False,A,False,False,False,True,14.355591000025925,0.006546999998136,0.898756999959005,42.43752999991557,0.021808000042256,57.72023299994089
Y.MOV,39,Y,True,B,0.3760829567909241,False,B,False,False,False,True,14.025527000001148,0.0062200000456869,0.8941319999848929,43.375060000016674,0.0217849999444297,58.32272399999283
Y.MOV,40,Y,True,B,0.3380850255489349,False,B,False,False,False,True,14.073329999973794,0.0076970000009168,0.9087449999469754,42.45556499995473,0.0209190000077796,57.4662559998842
Y.MOV,41,Y,True,B,0.3308967351913452,False,B,False,False,False,True,14.007619000039996,0.0069259999690984,0.8562599999777376,42.23843200009014,0.0225420000106169,57.13177900008759
Y.MOV,42,Y,True,B,0.3256130218505859,False,B,False,False,False,True,14.072203000011996,0.0060979999716437,0.8829790000390858,43.97656699995878,0.0216399999999339,58.95948699998144
Y.MOV,43,Y,True,B,0.3465828597545624,False,B,False,False,False,True,14.399906999983614,0.0055180000799737,0.8840650000365713,42.92380499998672,0.0205559999812976,58.23385100006817
Y.MOV,44,Y,True,B,0.3580204546451568,False,B,False,False,False,True,14.243265000004612,0.0083259999428264,0.8924920000481507,42.40599199999906,0.0215640000078565,57.571639000002506
Y.MOV,45,Y,True,B,0.3509334027767181,False,B,False,False,False,True,14.040800999964633,0.0082020000036209,0.8675209999182698,43.86866499999087,0.0191049999784809,58.80429399985587
Y.MOV,46,Y,True,M,0.3662170469760895,False,M,False,False,False,True,14.062163999994937,0.0061220000588946,0.8728640000299492,42.65909900004772,0.0205090000235941,57.62075800015509
Y.MOV,47,Y,True,M,0.4233229756355285,False,M,False,False,False,True,14.087198000027,0.0084099999639875,0.8878030000687431,43.406818000107705,0.0205919999416437,58.41082100010908
Y.MOV,48,Y,True,M,0.3577170372009277,False,M,False,False,False,True,13.956733999975768,0.0084380000089367,0.9096229999840943,44.5981179999535,0.0217900000052395,59.49470299992754
Y.MOV,49,Y,True,B,0.358303815126419,False,B,False,False,False,True,13.99309800001447,0.0074110000696236,0.9229999999433858,43.04995500001496,0.0198579999732828,57.99332200001572
Y.MOV,50,Y,True,B,0.3248315453529358,False,B,False,False,False,True,13.90116400000352,0.0075640000432031,0.8978060000117694,43.937069999969935,0.021969000044919,58.76557300007335
Y.MOV,51,Y,True,M,0.3349211812019348,False,M,False,False,False,True,13.909601999955612,0.0073659999770825,0.9257230000230264,43.04837099994074,0.0201069999548053,57.91116899985127
Y.MOV,52,Y,True,A,0.3537853956222534,False,A,False,False,False,True,13.989287000015338,0.006364000000758,0.9347599999500744,42.60820500007867,0.0205979999918781,57.55921400003672
Y.MOV,53,Y,True,A,0.3214731514453888,False,A,False,False,False,True,14.00905899998861,0.0072950000458149,0.8839060000127574,43.46031299996866,0.0205190000315269,58.381092000047374
Y.MOV,54,Y,True,A,0.3677908778190613,False,A,False,False,False,True,14.400856999998268,0.0073849998898367,0.9322219999603476,43.59445800002959,0.0215539999999236,58.956475999877966
Y.MOV,55,Y,True,A,0.3419288992881775,False,A,False,False,False,True,14.189874999999574,0.0069230000008246,0.8941830000139817,45.48088599995026,0.0343049999855793,60.60617199995022
Y.MOV,56,Y,True,A,0.3842083215713501,False,A,False,False,False,True,13.925066000012976,0.0072399999453409,0.8917520000295553,43.566818000044805,0.0221049999709066,58.41298100000358
Y.MOV,57,Y,True,B,0.292825847864151,False,B,False,False,False,True,13.916824000034469,0.0068660000351883,0.874387000067145,43.16131400003087,0.0214210000422099,57.98081200020988
Y.MOV,58,Y,True,M,0.4028526842594147,False,M,False,False,False,True,14.359033999994608,0.0100689999271708,1.0041000000455824,44.69357300001775,0.023231999989548,60.09000799997466
Y.MOV,59,Y,True,M,0.453045517206192,False,M,False,False,False,True,13.977885000031163,0.0076929999295316,0.9255730000177208,44.26370700002735,0.0224809999735953,59.197338999979365
Y.MOV,60,Y,True,M,0.4556988775730133,False,M,False,False,False,True,14.160272000026453,0.0072689999797148,0.6321959999695537,43.95608100003301,0.0271330000032321,58.78295100001196
Y.MOV,61,Y,True,M,0.5716856122016907,False,M,False,False,False,True,14.280278999990514,0.0077980000696697,0.904810999941219,45.08481999994274,0.0239710000187187,60.30167899996286
Y.MOV,62,Y,True,M,0.5857855677604675,False,M,False,False,False,True,14.019197999971311,0.0086310000142475,0.9149530000058804,44.38170800005992,0.023922000082166,59.34841200013352
Y.MOV,63,Y,True,M,0.5093350410461426,False,M,False,False,False,True,14.089640000008783,0.0084490000062942,0.950185999954556,42.83640400001332,0.0226309999789009,57.90730999996185
Y.MOV,64,Y,True,M,0.4070402681827545,False,M,False,False,False,True,15.528215000017552,0.0073930000326072,0.9499660000074072,42.97635300008551,0.0222850000000107,59.48421200014309
Y.MOV,65,Y,True,M,0.3720474541187286,False,M,False,False,False,True,16.444862000014382,0.0079640000194558,0.8818889999702151,42.38929200005259,0.022822999994787,59.74683000005143
Y.MOV,66,Y,True,M,0.3400180041790008,False,M,False,False,False,True,13.956406000033894,0.0064880000536504,0.8870120000210591,44.37080999991849,0.0233470000239321,59.24406300005103
Y.MOV,67,Y,True,M,0.3543248176574707,False,M,False,False,False,True,14.04234799997539,0.0071880000405144,0.8558550000543619,44.27288399995177,0.0220120000449242,59.200287000066965
Y.MOV,68,Y,True,M,0.3515336811542511,False,M,False,False,False,True,14.316371999996136,0.0066249999690626,0.9629700000459708,42.95965699998305,0.0217269999893687,58.26735099998359
Y.MOV,69,Y,True,M,0.4168644845485687,False,M,False,False,False,True,14.285373000006985,0.0088929999719766,0.905282000076113,43.92883700006678,0.0233700000080716,59.15175500012992
Y.MOV,70,Y,True,M,0.3621274828910827,False,M,False,False,False,True,14.279471000008924,0.0066169999399789,0.8726710000246385,42.569233999984135,0.0223350000396749,57.75032799999735
Y.MOV,71,Y,True,M,0.3637147545814514,False,M,False,False,False,True,13.978244000043103,0.0069400000484165,0.8841549999942799,43.05001400007313,0.021613000058096,57.94096600021703
Y.MOV,72,Y,True,M,0.3733968138694763,False,M,False,False,False,True,13.886769000009735,0.007035000066935,0.8698679999952219,42.889110000032815,0.0239850000980368,57.67676700020274
Y.MOV,73,Y,True,M,0.390756756067276,False,M,False,False,False,True,14.041958000007073,0.0072399999453409,0.8730819999982486,42.3216770000181,0.0285950000034063,57.272551999972166
Y.MOV,74,Y,True,B,0.3085326552391052,False,B,False,False,False,True,14.11004299995966,0.0062110000271786,0.9211599999616736,42.63312299997324,0.0206169999046323,57.69115399982638
Y.MOV,75,Y,True,B,0.3093183934688568,False,B,False,False,False,True,13.988861000029829,0.0055670000165264,0.8750110000619316,42.38176499995916,0.0206740000976424,57.27187800016509
Y.MOV,76,Y,True,B,0.2778102457523346,False,B,False,False,False,True,13.796796999997696,0.0064760000668684,0.8956049999824245,43.08346400000573,0.0225809999392367,57.80492299999196
Y.MOV,77,Y,True,B,0.2976165115833282,False,B,False,False,False,True,14.13371600000346,0.0070560000722252,0.8873470000025918,42.9850579999993,0.021476000028997,58.03465300010657
Y.MOV,78,Y,True,M,0.3400295972824096,False,M,False,False,False,True,14.08694799999921,0.0068100000589765,0.5542629999126802,43.29027799997221,0.0225029999683101,57.96080199991138
Y.MOV,79,Y,True,M,0.3795289695262909,False,M,False,False,False,True,13.887391000025673,0.0069620000431314,1.0011890000214407,43.96239399989099,0.0223319999577142,58.88026799993895
Y.MOV,80,Y,True,M,0.3803639411926269,False,M,False,False,False,True,14.208859999996548,0.006914999971741,0.9021910000228672,43.47927799994977,0.0216209999734928,58.61886499991442
Y.MOV,81,Y,True,M,0.5256814956665039,False,M,False,False,False,True,14.3340259999718,0.0076979999903414,0.9445370000094044,44.06937900000685,0.0223769999365686,59.37801699991496
Y.MOV,82,Y,True,M,0.3731944859027862,False,M,False,False,False,True,14.165626000021804,0.0074640000775616,0.8824239999967176,44.24909800002297,0.0218600000607693,59.32647200017982
Y.MOV,83,Y,True,M,0.5293168425559998,False,M,False,False,False,True,14.072252000005392,0.0073530000008759,0.8961180000142122,43.315976999906525,0.0268890000825194,58.31858900000952
Y.MOV,84,Y,True,M,0.4442337453365326,False,M,False,False,False,True,14.051999999992404,0.0069420000272657,0.8813229999304895,42.79936600005385,0.0218100000211052,57.76144100002512
Y.MOV,85,Y,True,M,0.4946335554122925,False,M,False,False,False,True,14.019643999972686,0.0070300000061251,0.9577130000479884,43.53808299993034,0.0213710000025457,58.54384099995968
Y.MOV,86,Y,True,M,0.5020254254341125,False,M,False,False,False,True,14.056298000014069,0.0062130000060278,0.9121399999685308,42.62968000000456,0.0217570000131672,57.62608800000635
Y.MOV,87,Y,True,M,0.5241066217422485,False,M,False,False,False,True,13.944664999996805,0.0064390000034109,0.9092159999681826,45.65281800000776,0.0220050000052651,60.53514299998142
Y.MOV,88,Y,True,M,0.426133781671524,False,M,False,False,False,True,13.961279999989529,0.007335999953284,0.8107150000569163,42.82426999998279,0.0216290000025765,57.625229999985095
Y.MOV,89,Y,True,M,0.4750711023807525,False,M,False,False,False,True,14.130323999950178,0.0073290000273118,0.9275400000205992,43.53224700003011,0.0208480000765121,58.61828800010471
Y.MOV,90,Y,True,M,0.4386664927005768,False,M,False,False,False,True,14.093454000033034,0.0069900000880807,0.5409919999692647,43.5498980000375,0.022608999984186,58.21394300011207
Y.MOV,91,Y,True,M,0.5834267735481262,False,M,False,False,False,True,14.055121000012605,0.0059039999769083,0.8681779999051287,43.3433050000076,0.0220090000766504,58.294516999978896
Y.MOV,92,Y,True,M,0.5277084708213806,False,M,False,False,False,True,14.357288999974571,0.0070539999796892,0.9887490000437538,42.4687569999378,0.0222070000290841,57.844055999964894
Y.MOV,93,Y,True,M,0.6127855777740479,False,M,False,False,False,True,14.234563000002254,0.0065859999267559,0.9900740000148288,43.26527500006705,0.0263700000004973,58.522868000011385
Y.MOV,94,Y,True,M,0.4577707052230835,False,M,False,False,False,True,14.015067000002546,0.0069470000880755,0.9315989999549856,43.4333109999443,0.0216360000422355,58.40856000003214
Y.MOV,95,Y,True,B,0.477790504693985,False,B,False,False,False,True,14.043179999987387,0.0087639999719613,0.8994070000198917,42.76278199995431,0.0231530000291968,57.73728599996275
Y.MOV,96,Y,True,M,0.4668160080909729,False,M,False,False,False,True,14.4828050000001,0.0061759999425703,0.8756999999377513,43.06860400004098,0.0219830000105503,58.45526799993195
Y.MOV,97,Y,True,M,0.49740070104599,False,M,False,False,False,True,14.21993899998597,0.006287000019256,0.8855300000050192,42.90191200004756,0.0198579999732828,58.03352600003109
Y.MOV,98,Y,True,M,0.4397549033164978,False,M,False,False,False,True,14.104689000021152,0.0059650000139299,0.8760540000594119,46.03622700005872,0.0550480000356401,61.07798300018885
Y.MOV,99,Y,True,M,0.4747860431671142,False,M,False,False,False,True,14.273498000022755,0.0076520000220625,0.8959989999084428,43.35929499995928,0.0222160000475923,58.55865999996013
Y.MOV,100,Y,True,M,0.440989226102829,False,M,False,False,False,True,14.046199000006254,0.0082789999851229,0.8834269999624667,42.99452999998721,0.0215590000607335,57.953994000001785
Y.MOV,101,Y,True,M,0.4591241180896759,False,M,False,False,False,True,14.22136300004695,0.006703000053676,0.8862989999443016,43.03295500005788,0.0212639999972452,58.16858400010005
Y.MOV,102,Y,True,M,0.5128921866416931,False,M,False,False,False,True,14.155386000027192,0.0067959999796585,0.8529719999614827,42.3735059999899,0.0214310000501427,57.41009100000838
Y.MOV,103,Y,True,M,0.4943877458572387,False,M,False,False,False,True,14.214046999995844,0.0050600000349732,0.8753170000090904,42.36391100005221,0.0204460000077233,57.47878100009984
Y.MOV,104,Y,True,M,0.426278680562973,False,M,False,False,False,True,14.219424999964758,0.0063420000060432,0.8678599999711878,42.8190769999901,0.0198840000393829,57.932587999971474
Y.MOV,105,Y,True,B,0.4052079319953918,False,B,False,False,False,True,14.046758999995744,0.0070419999929072,0.9287149999863686,43.96616899998662,0.0200419999600853,58.96872699992173
Y.MOV,106,Y,True,B,0.408470094203949,False,B,False,False,False,True,13.847338999994465,0.0057289998949272,0.8753519999800119,42.83628600001066,0.0236749999658059,57.58838099984587
Y.MOV,107,Y,True,B,0.3975908160209656,False,B,False,False,False,True,14.250666999998884,0.006967999979679,0.8559359999935623,42.81639600003473,0.0256029999263773,57.95556999993323
Y.MOV,108,Y,True,A,0.3481955826282501,False,A,False,False,False,True,14.17974499997854,0.006768000048396,0.8626990000948354,42.17351900001631,0.0196239999468161,57.2423550000849
Y.MOV,109,Y,True,B,0.304084837436676,False,B,False,False,False,True,14.063684000007015,0.0072719999479886,0.8694029999105624,44.66494199994031,0.0262560000692246,59.6315569998751
Y.MOV,110,Y,True,M,0.3459492027759552,False,M,False,False,False,True,13.978909000002204,0.0063059999320103,0.8941390000245519,44.3052450000323,0.0228549999974347,59.2074539999885
Y.MOV,111,Y,True,M,0.5394597053527832,False,M,False,False,False,True,14.026064999995924,0.0071350000325764,0.9270070000866326,43.68222599998717,0.0251930000558786,58.66762600015818
Y.MOV,112,Y,True,B,0.3851248919963836,False,B,False,False,False,True,13.923035000004802,0.0076640000088445,0.9921120000626616,43.57000400000288,0.0224220000291097,58.5152370001083
Y.MOV,113,Y,True,M,0.5513842105865479,False,M,False,False,False,True,14.06957799997599,0.0066099999003199,0.9197079999694324,44.10601100005351,0.0235580000662594,59.12546499996552
Y.MOV,114,Y,True,M,0.6680797934532166,False,M,False,False,False,True,13.966534000019236,0.008187000048565,0.9244950000493192,43.599749999998494,0.0200599999971018,58.51902600011272
Y.MOV,115,Y,True,M,0.6765627264976501,False,M,False,False,False,True,14.188810999996804,0.0079839999216346,0.9151109999265828,42.77994799997487,0.0266079999846624,57.91846199980455
Y.MOV,116,Y,True,M,0.4945748746395111,False,M,False,False,False,True,13.916772000015952,0.0081809999983306,0.9172349999744256,43.37773499992181,0.0214120000237016,58.241334999934224
Y.MOV,117,Y,True,M,0.4290489852428436,False,M,False,False,False,True,14.032269000040287,0.00683099995058,0.9098550000317118,43.95914300005188,0.0220910000052754,58.930189000079736
Y.MOV,118,Y,True,M,0.3620845973491668,False,M,False,False,False,True,14.154130000008536,0.0058940000826623,0.892770000064047,43.378057000040826,0.0228379999498429,58.45368900014592
Y.MOV,119,Y,True,M,0.6375905871391296,False,M,False,False,False,True,14.004906999957711,0.007612000104018,0.9444510000093942,44.85509399989951,0.0221080000528672,59.8341720000235
Y.MOV,120,Y,True,M,0.6758533716201782,False,M,False,False,False,True,13.922044999958416,0.0070659999664712,0.9324280000555518,47.07008299999416,0.0201320000314808,61.95175400000608
Y.MOV,121,Y,True,M,0.6182706952095032,False,M,False,False,False,True,14.381828000011865,0.0070799999321025,0.5577069999844753,44.61480899999515,0.0203590000182884,59.58178299994188
Y.MOV,122,Y,True,M,0.5494853258132935,False,M,False,False,False,True,13.91097099997296,0.0074499999982435,0.5741429999943648,44.486730000016905,0.0196120000737209,58.9989060000562
Y.MOV,123,Y,True,M,0.5282395482063293,False,M,False,False,False,True,14.10505399996964,0.0074850000828519,0.9309109999549036,47.04831499998363,0.0224369999841655,62.1142019999752
Y.MOV,124,Y,True,M,0.5524431467056274,False,M,False,False,False,True,14.065389000052164,0.0070390000246334,0.9038019999252356,42.14739600001849,0.0224619999471542,57.14608799996768
Y.MOV,125,Y,True,M,0.5466762781143188,False,M,False,False,False,True,14.08361800002922,0.0068049999981667,0.9057830000074318,43.11162599992713,0.020222999978614,58.12805499994056
Y.MOV,126,Y,True,M,0.5579790472984314,False,M,False,False,False,True,13.987080999982028,0.0104069999906641,1.0051799999928337,59.21352299992577,0.0225449999788907,74.23873599987019
Y.MOV,127,Y,True,M,0.5518540143966675,False,M,False,False,False,True,14.082903999963037,0.0084150000247973,0.9393950000458062,45.97831499995664,0.0236590000213254,61.0326880000116
Y.MOV,128,Y,True,M,0.5150479674339294,False,M,False,False,False,True,14.075291000040124,0.0112090000357056,0.6445450000001074,51.68904399999974,0.021122999896761,66.44121199997244
Y.MOV,129,Y,True,M,0.4791107773780823,False,M,False,False,False,True,14.123152999957256,0.0077690000352959,1.0068980000141892,50.710211000023264,0.0217699999893739,65.86980100001938
Y.MOV,130,Y,True,M,0.5919736623764038,False,M,False,False,False,True,14.094933000023955,0.0071609999849897,1.0155689999464812,44.23996399998487,0.0205830000368223,59.37820999997712
Y.MOV,131,Y,True,M,0.556449294090271,False,M,False,False,False,True,14.13211199997022,0.0072880000061559,0.5693509999673552,44.39539499992407,0.0198469999759254,59.12399299984372
Y.MOV,132,Y,True,M,0.4342629611492157,False,M,False,False,False,True,14.217949999988376,0.0067109999690728,0.8849239999335623,43.18508300002577,0.0289600000087375,58.32362799992552
Y.MOV,133,Y,True,M,0.480894535779953,False,M,False,False,False,True,13.9652510000019,0.006772999995519,0.8509830000775764,42.15055300005588,0.0198640000235172,56.99342400015439
Y.MOV,134,Y,True,M,0.3981387615203857,False,M,False,False,False,True,14.007206999963271,0.005786999963675,0.8431279999285834,41.71881399997801,0.0218440000026021,56.596779999836144
Y.MOV,135,Y,True,M,0.4508184194564819,False,M,False,False,False,True,14.004964999969616,0.0186180000127933,0.8511480000379379,42.35271300001386,0.0217069999735031,57.249151000007714
Y.MOV,136,Y,True,M,0.4346278607845306,False,M,False,False,False,True,13.915078000025003,0.0061999999161344,0.9338600000319276,42.25460700001804,0.0220160000026226,57.13176099999373
Y.MOV,137,Y,True,M,0.4697484374046325,False,M,False,False,False,True,14.074569999991128,0.007319000019379,0.9384589999399396,44.31264000004376,0.0229309999895122,59.355918999983714
Y.MOV,138,Y,True,M,0.4898614585399627,False,M,False,False,False,True,14.025249000042097,0.0065990000166493,0.5840000000034706,45.34369600003174,0.0252380000347329,59.98478200012869
Y.MOV,139,Y,True,M,0.5603300929069519,False,M,False,False,False,True,14.190336000012849,0.0072899999850051,0.8703209999794126,41.86922099995627,0.0223650000634734,56.95953299999701
Y.MOV,140,Y,True,M,0.5600826740264893,False,M,False,False,False,True,13.916627000014614,0.0072029999955702,0.9241279999514518,44.09115099997507,0.0223719999894456,58.96148099992615
Y.MOV,141,Y,True,M,0.6029699444770813,False,M,False,False,False,True,14.027528999974948,0.0065760000325099,0.8748440000090341,42.50901299997168,0.0214449999020871,57.43940699989025
Y.MOV,142,Y,True,M,0.5718201398849487,False,M,False,False,False,True,13.967709999974431,0.0088059999825418,0.8689790000744324,43.85187200000473,0.01971799997591,58.71708500001205
Y.MOV,143,Y,True,M,0.6293153762817383,False,M,False,False,False,True,13.97731500003374,0.0066039999637723,0.5259879999357508,43.29487899997275,0.0199290000182372,57.824714999924254
Y.MOV,144,Y,True,M,0.6007232666015625,False,M,False,False,False,True,13.863603000004332,0.0062740000430494,0.8624409999811178,42.51115800002481,0.0191379999705532,57.26261400002386
Y.MOV,145,Y,True,M,0.6416463255882263,False,M,False,False,False,True,13.938253999981498,0.0070570000616498,0.929329999962647,43.54307699998117,0.0196099999811849,58.43732799996815
Y.MOV,146,Y,True,M,0.6105878949165344,False,M,False,False,False,True,13.96607000003769,0.0058969999372493,0.8542509999642789,42.73063399989496,0.0186930000154461,57.575544999849626
Y.MOV,147,Y,True,M,0.6192201375961304,False,M,False,False,False,True,14.217341999994916,0.0052049999794689,0.834510999993654,42.546060000063335,0.0182829999175737,57.62140099994895
Y.MOV,148,Y,True,M,0.5822322368621826,False,M,False,False,False,True,14.00377500004879,0.0057190000006812,0.8686979999765754,42.82577899994067,0.0194689999943875,57.7234399999611
Y.MOV,149,Y,True,M,0.3997190594673157,False,M,False,False,False,True,14.059051999993244,0.0072220000220113,0.850924000019404,43.42336699994576,0.0185000000101354,58.35906499999055
Y.MOV,150,Y,True,M,0.4010728299617767,False,M,False,False,False,True,13.960938999957762,0.0052540000297085,0.8574390000148924,42.25241499989352,0.0182279999307866,57.094274999826666
Z.MOV,0,Z,True,A,0.9987431168556212,False,A,False,False,False,True,14.297970000029636,0.0086729999111412,0.9381529999927808,44.51230699999087,0.0202459999627535,59.77734899988718
Z.MOV,1,Z,True,A,0.9985859394073486,False,A,False,False,False,True,14.085133000037333,0.008187000048565,1.0351739999805432,43.217840000011165,0.0217950000660493,58.36812900014365
Z.MOV,2,Z,True,A,0.9992319345474244,False,A,False,False,False,True,14.152831999979298,0.0072699999691394,0.897624000003816,43.353766999985055,0.018459999978404,58.42995299991571
Z.MOV,3,Z,True,A,0.9988260865211488,False,A,False,False,False,True,14.136410999981308,0.0063050000562725,0.8922520000851364,42.71786399999655,0.0233809998917422,57.77621300001101
Z.MOV,4,Z,True,A,0.998381495475769,False,A,False,False,False,True,13.998756999967554,0.0083069999163853,0.8919699999978548,45.2858029999561,0.0235690000636168,60.20840599990152
Z.MOV,5,Z,True,A,0.9981654286384584,False,A,False,False,False,True,13.967325999999504,0.0091710001015599,0.8962709999877916,44.12256700004491,0.0253939999765862,59.02072900011035
Z.MOV,6,Z,True,A,0.9982513785362244,False,A,False,False,False,True,14.05024199999616,0.008887000035429,0.6742430000485911,44.49550900005761,0.0432289999707791,59.27211000010857
Z.MOV,7,Z,True,A,0.9978687763214112,False,A,False,False,False,True,14.313796999999797,0.0097639999694365,0.921543999993446,43.69864199998119,0.022294000018519,58.96604099996239
Z.MOV,8,Z,True,A,0.997422695159912,False,A,False,False,False,True,14.05771000003142,0.007836000008865,1.0180279999758568,45.93593399999918,0.0220179999814718,61.04152599999679
Z.MOV,9,Z,True,A,0.9977045655250548,False,A,False,False,False,True,13.981403999991926,0.0068320000536914,0.9716030000390674,43.073896999999306,0.0220499999841194,58.05578600006811
Z.MOV,10,Z,True,A,0.9982516169548036,False,A,False,False,False,True,14.021662999994078,0.0072480000881114,0.6262079999714842,42.84962899998845,0.0224230000185343,57.52717100006066
Z.MOV,11,Z,True,A,0.999381184577942,False,A,False,False,False,True,14.010368000015204,0.0071350000325764,0.9460069999249754,43.1294950000165,0.0214499999628969,58.11445499995216
Z.MOV,12,Z,True,A,0.9991406202316284,False,A,False,False,False,True,14.063098999997692,0.0063969999928303,0.565288999951008,42.611706000002414,0.0209339999628355,57.26742499990678
Z.MOV,13,Z,True,A,0.9991039633750916,False,A,False,False,False,True,14.022393999994163,0.0068089999558651,0.6498249999822292,42.41811300005338,0.0215070000422201,57.11864800002786
Z.MOV,14,Z,True,A,0.9984943866729736,False,A,False,False,False,True,13.918579000005591,0.0072149999823523,0.6216040000026624,42.51305799994043,0.0221450000026379,57.08260099993368
Z.MOV,15,Z,True,A,0.99832421541214,False,A,False,False,False,True,13.983604000031846,0.0084450000485958,0.5919059999541787,43.62971200009724,0.0211049999734314,58.234772000105295
Z.MOV,16,Z,True,A,0.9979528188705444,False,A,False,False,False,True,14.119286999971337,0.0085279999666454,0.7646960000329273,45.30931800002236,0.019975000100203,60.22180400009347
Z.MOV,17,Z,True,A,0.9980467557907104,False,A,False,False,False,True,14.28108400000383,0.0078470000062225,0.9524209999653976,45.03840699999273,0.0225100000079692,60.30226899997615
Z.MOV,18,Z,True,A,0.9978489875793456,False,A,False,False,False,True,13.909723999972812,0.0124340000411393,1.2330299999803174,46.40585899994676,0.0226419999762583,61.583688999917285
Z.MOV,19,Z,True,A,0.998728096485138,False,A,False,False,False,True,13.97869400000218,0.0103070000250227,1.051964999987831,44.94214700002885,0.0231880000001183,60.006301000044
Z.MOV,20,Z,True,A,0.9989312291145324,False,A,False,False,False,True,14.077291999967656,0.0086459999693033,0.9181830000670744,42.4487320000253,0.0229869999657239,57.47583999999506
Z.MOV,21,Z,True,A,0.998193085193634,False,A,False,False,False,True,14.107139999964602,0.0085679999983767,1.0773239999934958,46.22692899999947,0.0236509999922418,61.44361199994819
Z.MOV,22,Z,True,A,0.998056411743164,False,A,False,False,False,True,14.035300000045936,0.006424000048355,0.9290609999652588,45.15249399992172,0.0222840000105861,60.14556299999185
Z.MOV,23,Z,True,A,0.99434232711792,False,A,False,False,False,True,14.332351000007291,0.0066860000060842,0.8994349999511542,41.95754200009105,0.021457000002556,57.21747100005814
Z.MOV,24,Z,True,A,0.9937140345573424,False,A,False,False,False,True,13.945209000041814,0.0057380000271223,0.9072919999653096,44.0679140000384,0.0260869999237911,58.95223999999644
Z.MOV,25,Z,True,A,0.9885799288749696,False,A,False,False,False,True,14.051379000022736,0.007396000000881,0.878322000062326,44.37376900000345,0.0220360000184882,59.33290200010788
Z.MOV,26,Z,True,A,0.9799320101737976,False,A,False,False,False,True,13.928131999989546,0.0070349999532481,0.8978930000012042,43.32325399991532,0.0222610000264467,58.17857499988577
Z.MOV,27,Z,True,A,0.9731935262680054,False,A,False,False,False,True,13.901419000035276,0.0066750000087267,0.8594739999807643,42.93723399996452,0.0213980000580704,57.72620000004736
Z.MOV,28,Z,True,A,0.9779631495475768,False,A,False,False,False,True,14.28979199999958,0.0065640000457278,0.8599619999358765,44.96054100002311,0.0210650000553869,60.13792400005968
Z.MOV,29,Z,True,A,0.963530659675598,False,A,False,False,False,True,14.193731000034404,0.0064999999267456,0.957934999973986,43.8184930000034,0.0381390000256942,59.01479799996423
Z.MOV,30,Z,True,A,0.9674527645111084,False,A,False,False,False,True,14.201184999990346,0.006926999958523,0.8834499999466061,43.65841200001341,0.0223140000343846,58.77228799994327
Z.MOV,31,Z,True,A,0.9779470562934875,False,A,False,False,False,True,14.024757000015596,0.0072149999823523,0.8612999999968451,42.83472400004485,0.0182449999783784,57.74624100001802
Z.MOV,32,Z,True,A,0.972725510597229,False,A,False,False,False,True,14.267293999978392,0.0071880000405144,0.898025999958918,43.25534099996276,0.0190420000762969,58.44689100001688
Z.MOV,33,Z,True,A,0.9660974740982056,False,A,False,False,False,True,14.577389000010044,0.0067250000483909,1.001330000008238,44.53949699995974,0.023357000031865,60.14829800005828
Z.MOV,34,Z,True,A,0.9567352533340454,False,A,False,False,False,True,14.15992400001187,0.0065699999822754,0.8636730000262105,42.57367899992914,0.0178939999386784,57.62173999988818
Z.MOV,35,Z,True,A,0.9789380431175232,False,A,False,False,False,True,14.111849000016718,0.006558999984918,0.8643649999839909,42.15429099997437,0.0219539999761764,57.15901799993617
Z.MOV,36,Z,True,A,0.9768726825714112,False,A,False,False,False,True,14.265494000028411,0.0071650000563749,0.907862999952158,43.07433999997557,0.0220850000687278,58.27694700008124
Z.MOV,37,Z,True,A,0.9898642897605896,False,A,False,False,False,True,14.321752000000744,0.007063999987622,0.8841510000365815,43.46685200005141,0.0224499999603722,58.70226900003672
Z.MOV,38,Z,True,A,0.9896658658981324,False,A,False,False,False,True,14.053080999985925,0.0060600000324484,0.8464170000479498,43.011277000005066,0.032027999964157,57.94886300003554
Z.MOV,39,Z,True,A,0.9878204464912416,False,A,False,False,False,True,14.121164000016506,0.0074839999797404,0.8723769999505748,42.14123099995959,0.0225869999894712,57.16484299989588
Z.MOV,40,Z,True,A,0.9912596344947816,False,A,False,False,False,True,14.43160599995963,0.0066389999346938,0.9250099999462692,42.25294700006543,0.0186290000101507,57.634830999916176
Z.MOV,41,Z,True,A,0.99539715051651,False,A,False,False,False,True,14.03469799998902,0.006842999937362,0.8964159999322874,42.50875499997164,0.0194520000604825,57.4661639998908
Z.MOV,42,Z,True,A,0.9965147376060486,False,A,False,False,False,True,15.468663999968156,0.0072569999929328,0.8696470000586487,43.73936299998604,0.0215900000739566,60.10652100007974
Z.MOV,43,Z,True,A,0.99768328666687,False,A,False,False,False,True,14.259691999995994,0.0059530000271479,0.8626510000340204,42.55339700000604,0.0211679999893021,57.70286100005251
Z.MOV,44,Z,True,A,0.9979028701782228,False,A,False,False,False,True,14.17699299997821,0.0064600000087011,0.9827960000166058,42.60022099992966,0.021973999992042,57.78844399992522
Z.MOV,45,Z,True,A,0.9975802898406982,False,A,False,False,False,True,13.877164999996694,0.0065830000721689,0.8905909999157302,42.512138000006416,0.0422400000843481,57.32871700007536
Z.MOV,46,Z,True,A,0.9978538155555724,False,A,False,False,False,True,18.49650399998381,0.0058169999874735,0.8789290000095207,42.44293400006427,0.0218960000211154,61.84608000006619
Z.MOV,47,Z,True,A,0.9979990124702454,False,A,False,False,False,True,14.756610000006276,0.0067649999664354,0.8922529999608741,43.02546099995652,0.0241970000161018,58.70528599990621
Z.MOV,48,Z,True,A,0.9984182119369508,False,A,False,False,False,True,14.415416000019832,0.0065149999954883,0.9390310000298996,43.50143199997092,0.0197690000049988,58.88216300002114
Z.MOV,49,Z,True,A,0.9981454610824584,False,A,False,False,False,True,14.012428999990334,0.0063100000033955,1.0510380000141597,43.90887400006704,0.0200439999389345,58.99869500001387
Z.MOV,50,Z,True,A,0.9977476000785828,False,A,False,False,False,True,14.204074000019771,0.0083669999639823,0.925556000083816,44.15054599996893,0.0214169999708246,59.30996000000732
Z.MOV,51,Z,True,A,0.9971538782119752,False,A,False,False,False,True,13.924649999978556,0.0071780000325816,0.9324010000000272,43.80555199998071,0.0202779999654012,58.69005899995727
Z.MOV,52,Z,True,A,0.9980114698410034,False,A,False,False,False,True,14.31079700000737,0.0069940000457791,0.9660830000939312,42.27037199996175,0.0211700000818382,57.57541600019067
Z.MOV,53,Z,True,A,0.9974966645240784,False,A,False,False,False,True,14.327138999988165,0.006679000080112,0.8981680000488268,42.74570300003688,0.0212190000183909,57.99890800017238
Z.MOV,54,Z,True,A,0.997884213924408,False,A,False,False,False,True,14.152279999962047,0.0060500000245156,0.9554769999340352,43.50584400003754,0.0220009999338799,58.64165199989202
Z.MOV,55,Z,True,A,0.9972645044326782,False,A,False,False,False,True,14.250357999969763,0.0063380000483448,0.9407159999454962,42.67843200000243,0.0208219998967251,57.89666599986276
Z.MOV,56,Z,True,A,0.9970682263374328,False,A,False,False,False,True,14.323933000014222,0.0064629999769749,0.9297279999600504,44.03361599997879,0.0196629999891229,59.31340299991916
Z.MOV,57,Z,True,A,0.9966548681259156,False,A,False,False,False,True,14.325890999998592,0.0063190000219037,0.9251049999647876,42.764200000078745,0.0206959999786704,58.0422110000427
Z.MOV,58,Z,True,A,0.9969593286514282,False,A,False,False,False,True,13.968648999991728,0.0061440000536094,0.8749689999376642,42.81097400007639,0.0203580000288639,57.68109400008825
Z.MOV,59,Z,True,A,0.9979162812232972,False,A,False,False,False,True,14.264138999976694,0.0066279999373364,0.5806219999158202,43.47839499996553,0.0189910000472082,58.34877499984259
Z.MOV,60,Z,True,A,0.9961349964141846,False,A,False,False,False,True,13.991404000023522,0.0062000000298212,0.85468600002514,44.64565299997503,0.0221440000132133,59.52008700006672
Z.MOV,61,Z,True,A,0.9961618185043336,False,A,False,False,False,True,14.050968999981706,0.0066769999875759,0.879815999951461,43.38684100002865,0.0220020000369913,58.34630499998639
Z.MOV,62,Z,True,A,0.9966425895690918,False,A,False,False,False,True,13.95295200001101,0.0071380000008502,0.8833690000074057,44.137487999933,0.022515000068779,59.003462000021045
Z.MOV,63,Z,True,A,0.9964845180511476,False,A,False,False,False,True,14.052433000017572,0.0071549999347553,0.9337599999525992,43.57856600006471,0.0209649999760586,58.5928789999457
Z.MOV,64,Z,True,A,0.9946951270103456,False,A,False,False,False,True,13.942246999988583,0.0079400000458917,0.946955000017624,45.23362999998426,0.0232759999789777,60.15404800001534
Z.MOV,65,Z,True,A,0.9957874417304992,False,A,False,False,False,True,13.950575999956529,0.0072650000220164,0.9508460000233754,44.76154700000734,0.0217989999100609,59.69203299991932
Z.MOV,66,Z,True,A,0.9968795776367188,False,A,False,False,False,True,13.946489000034036,0.0070019999611758,0.8760120000488314,49.09914899997148,0.0241650000134541,63.95281700002897
Z.MOV,67,Z,True,A,0.9958894848823548,False,A,False,False,False,True,13.94027899999628,0.0088509999613961,0.901077999969857,43.47458300003382,0.0191259999837711,58.34391699994512
Z.MOV,68,Z,True,A,0.9954485297203064,False,A,False,False,False,True,14.208832999997869,0.0068059999875913,0.8787519999486904,43.43886399999519,0.0195779999785372,58.55283299990788
Z.MOV,69,Z,True,A,0.99635112285614,False,A,False,False,False,True,14.010666999979549,0.0068090000695519,0.8998470000278758,43.08395999998993,0.0233819999948536,58.02466500006176
Z.MOV,70,Z,True,A,0.9968823194503784,False,A,False,False,False,True,13.979962000007616,0.0094999999191713,0.9362560000454324,44.18283199993312,0.0239339999552612,59.1324839998606
Z.MOV,71,Z,True,A,0.9971241354942322,False,A,False,False,False,True,13.934043000006112,0.0080269999216398,0.8942780000325001,44.20576400002574,0.0240350000240141,59.066147000010005
Z.MOV,72,Z,True,A,0.9962903261184692,False,A,False,False,False,True,14.15670199997976,0.0416479999785224,0.8909139999104809,42.82552900008341,0.0197729999626972,57.93456599991487
Z.MOV,73,Z,True,A,0.9967086315155028,False,A,False,False,False,True,14.06726800001934,0.0070359999426727,0.9208300000409508,43.60341400001744,0.0234030000001439,58.62195100002055
Z.MOV,74,Z,True,A,0.998239517211914,False,A,False,False,False,True,13.953383000000484,0.0069200000325508,0.9077810000235332,43.0893189999324,0.024643999950058,57.98204699993903
Z.MOV,75,Z,True,A,0.9970030188560486,False,A,False,False,False,True,14.052785999979278,0.0066689999584923,0.915211000005911,42.87056999999095,0.0368519999938143,57.88208799992845
Z.MOV,76,Z,True,A,0.995997190475464,False,A,False,False,False,True,13.842375000024276,0.0066669999796431,0.8899839999685355,42.36661599998115,0.0371019999647614,57.142743999918366
Z.MOV,77,Z,True,A,0.9960301518440248,False,A,False,False,False,True,13.955941999995504,0.0069469999743887,0.9414600000354768,43.207015999996656,0.018654999962564,58.13001999996459
Z.MOV,78,Z,True,A,0.9968662858009338,False,A,False,False,False,True,14.200527000014064,0.0063130000853561,0.935795000032158,42.23070099999404,0.0187720000894842,57.3921080002151
Z.MOV,79,Z,True,A,0.996801733970642,False,A,False,False,False,True,14.188879999949222,0.0103959999933067,0.9797919999527948,44.192410000050586,0.0231390000635656,59.39461700000948
Z.MOV,80,Z,True,A,0.9965586066246032,False,A,False,False,False,True,13.97827599998891,0.0074910000193995,1.0257970000111527,46.932238999943365,0.0242520000028889,61.96805499996572
Z.MOV,81,Z,True,A,0.993813157081604,False,A,False,False,False,True,14.15157100001352,0.0064010000642156,0.9272070000179156,44.75836000005984,0.023924999936753,59.86746400009224
Z.MOV,82,Z,True,A,0.9923770427703856,False,A,False,False,False,True,14.099864000002071,0.0083520000089265,0.9456640000280458,43.856667000000016,0.0233759999446192,58.93392299998368
Z.MOV,83,Z,True,A,0.992676317691803,False,A,False,False,False,True,14.126044999954956,0.0150219999568435,0.9944350000523628,44.47410199998103,0.0231310000344819,59.63273499997968
Z.MOV,84,Z,True,A,0.9928467869758606,False,A,False,False,False,True,14.471631999981582,0.0090800000407398,0.9325409999974,43.8407259999849,0.0217890000158149,59.27576800002044
Z.MOV,85,Z,True,A,0.9918832778930664,False,A,False,False,False,True,14.324722999958794,0.0069279999479476,0.990855999930318,43.76767099995504,0.0213130000474848,59.11149099983959
Z.MOV,86,Z,True,A,0.9924083948135376,False,A,False,False,False,True,14.025295999999798,0.0059950000377284,0.873348000027363,43.20346199995129,0.023369000018647,58.13147000003482
Z.MOV,87,Z,True,A,0.9946951270103456,False,A,False,False,False,True,14.18546999997261,0.0057780000588536,0.9032509999542526,42.99854199996389,0.0219979999656061,58.115038999915214
Z.MOV,88,Z,True,A,0.990601658821106,False,A,False,False,False,True,14.326043999972171,0.0067299999955139,0.8567889999540057,42.49856900003124,0.0381549999701746,57.726286999923104
Z.MOV,89,Z,True,A,0.989043951034546,False,A,False,False,False,True,14.24213900003224,0.0069609999400199,0.9007039999460176,43.42922500006807,0.0202019999733238,58.59923099995967
Z.MOV,90,Z,True,A,0.9886793494224548,False,A,False,False,False,True,14.768071999981204,0.0070739999955549,0.888465000002725,44.0314129999706,0.0268640000058439,59.721887999955925
Z.MOV,91,Z,True,A,0.987585425376892,False,A,False,False,False,True,14.013708999982557,0.0084749999587074,0.9154100000614562,44.76973999999245,0.0202989999706915,59.72763299996586
Z.MOV,92,Z,True,A,0.9870004653930664,False,A,False,False,False,True,14.047043000005033,0.0075579999929686,0.8752390000381638,44.35729700003321,0.0232350000715086,59.31037200014089
Z.MOV,93,Z,True,A,0.9863550066947936,False,A,False,False,False,True,14.076613999975509,0.0065839999479067,0.8802989999594502,42.44614300000649,0.0209670000685946,57.430606999957945
Z.MOV,94,Z,True,A,0.985706090927124,False,A,False,False,False,True,14.01231700003791,0.0071539999453307,0.8891810000477562,43.22757600004934,0.0237909999896146,58.16001900006995
Z.MOV,95,Z,True,A,0.973660945892334,False,A,False,False,False,True,13.991268999973272,0.0065869999161805,0.8854049999627023,42.52811499998188,0.0277999999980238,57.43917599983206
Z.MOV,96,Z,True,A,0.97773015499115,False,A,False,False,False,True,14.22628599999598,0.0068250000140324,0.8900029999949766,42.45314399997824,0.0213519999761047,57.59760999995933
Z.MOV,97,Z,True,A,0.9766343235969543,False,A,False,False,False,True,13.953589999971427,0.0068540000484063,0.8469299999660507,43.33321299998261,0.0216880000607488,58.16227500002924
Z.MOV,98,Z,True,A,0.9802575707435608,False,A,False,False,False,True,14.111052999965068,0.0061100000721125,0.8526739999297206,42.21463499993661,0.0216149999232584,57.206086999826766
Z.MOV,99,Z,True,A,0.979221522808075,False,A,False,False,False,True,14.2163340000252,0.0072970000246641,0.6579319999673316,45.25146200001018,0.0215320000052088,60.15455700003258
Z.MOV,100,Z,True,A,0.9736602902412416,False,A,False,False,False,True,14.166532999979609,0.0058670000271376,0.8465270000215241,42.303916000037134,0.0213200000871438,57.34416300015255
Z.MOV,101,Z,True,A,0.9797443151474,False,A,False,False,False,True,14.027392000002692,0.0067769999532174,0.8778199999142089,42.57189400004791,0.0219940000079077,57.50587699992593
Z.MOV,102,Z,True,A,0.9797309041023254,False,A,False,False,False,True,14.277360999983555,0.0070450000748678,0.8652530000290426,43.4841049999477,0.0210919999972247,58.6548560000324
Z.MOV,103,Z,True,A,0.9768860936164856,False,A,False,False,False,True,14.370512999960283,0.0069220000114,0.8899319999500221,43.104784999968615,0.0194959999362254,58.39164799982655
Z.MOV,104,Z,True,A,0.984255850315094,False,A,False,False,False,True,14.398115999995298,0.0070370000457842,0.8649799999602692,43.23903700003484,0.021699999933844,58.53086999997004
Z.MOV,105,Z,True,A,0.9754859805107116,False,A,False,False,False,True,14.364559000000554,0.0074470000299697,0.9261519999199664,43.47289399993315,0.0220979999312476,58.79314999981489
Z.MOV,106,Z,True,A,0.9790063500404358,False,A,False,False,False,True,14.312887999949451,0.0056950000271172,0.8475560000533733,42.72703900005581,0.0210829999787165,57.91426100006447
Z.MOV,107,Z,True,A,0.9792180061340332,False,A,False,False,False,True,14.122068999995465,0.0071369998977388,0.5606109999689579,44.15948899998057,0.0197819999812054,58.86908799982393
Z.MOV,108,Z,True,A,0.9911181330680848,False,A,False,False,False,True,14.352176999977928,0.007044999961181,0.8746669999482037,42.56880599996293,0.0204340000209413,57.82312899987119
Z.MOV,109,Z,True,A,0.9896320104599,False,A,False,False,False,True,14.198729999975512,0.0058850000641541,0.8941790000562833,41.98105000000396,0.0219040000501991,57.10174800015011
Z.MOV,110,Z,True,A,0.98764169216156,False,A,False,False,False,True,14.08846800001129,0.0060969999822191,0.8459369998945476,43.06037399999241,0.021829999923284,58.02270599980375
Z.MOV,111,Z,True,A,0.9845150709152222,False,A,False,False,False,True,14.109680999979446,0.0071200000775206,0.988106999898264,43.589881000002606,0.0205789999654371,58.71536799992328
Z.MOV,112,Z,True,A,0.9840198755264282,False,A,False,False,False,True,14.332322999962344,0.0073759999850153,0.8838950000154,42.72775300000831,0.0213480000184063,57.97269499998947
Z.MOV,113,Z,True,A,0.9701076149940492,False,A,False,False,False,True,14.32000599999128,0.0063820000377745,0.918285000011565,44.976528999995935,0.0214860000369299,60.242688000073485
Z.MOV,114,Z,True,A,0.9747079014778136,False,A,False,False,False,True,14.1218009999875,0.0076999999691906,0.8854879999944387,43.32593699996323,0.0218189999259266,58.36274499984029
Z.MOV,115,Z,True,A,0.9748796224594116,False,A,False,False,False,True,13.991664000002402,0.00733800004582,0.8734980000326686,42.91203899992979,0.0219779999497404,57.80651699996042
Z.MOV,116,Z,True,A,0.9708643555641174,False,A,False,False,False,True,13.880951000032836,0.0074210000775565,0.9014880000677294,43.0585430000292,0.0222749999920779,57.870678000199405
Z.MOV,117,Z,True,A,0.98516184091568,False,A,False,False,False,True,14.138205999984166,0.0069310000299083,0.8900230000108422,43.26092799999515,0.0217770000290329,58.317865000049096
Z.MOV,118,Z,True,A,0.9836729168891908,False,A,False,False,False,True,14.175941000019066,0.0063999999611041,0.8385330000919566,42.97560899999553,0.0216240000554535,58.01810700012311
Z.MOV,119,Z,True,A,0.9798516631126404,False,A,False,False,False,True,14.122580999980984,0.0071509999770569,0.8576180000545719,42.21175299994684,0.0252950000003693,57.22439799995982
Z.MOV,120,Z,True,A,0.9883499145507812,False,A,False,False,False,True,14.357671999960075,0.0059520000377233,0.8434750000105851,42.46731199998521,0.0187580000101661,57.69316900000376
Z.MOV,121,Z,True,A,0.9766071438789368,False,A,False,False,False,True,14.462239000010868,0.0080539999771644,0.884756000004927,43.8696029999619,0.0224179999577245,59.24706999991258
Z.MOV,122,Z,True,A,0.9623764157295228,False,A,False,False,False,True,14.335884999979951,0.0069080000457688,0.8547449999696255,41.9496590000108,0.0191039999890563,57.1663009999952
Z.MOV,123,Z,True,A,0.9715678095817566,False,A,False,False,False,True,14.160128000014538,0.0068699999928867,0.8650439999655646,41.87849400000232,0.0200109999468622,56.93054699992217
Z.MOV,124,Z,True,A,0.9672586917877196,False,A,False,False,False,True,14.22332900000356,0.0091310000698285,0.6873820000237174,45.225583000046754,0.0282379999134718,60.17366300005733
Z.MOV,125,Z,True,A,0.9788145422935486,False,A,False,False,False,True,14.268944999969335,0.0080400000115332,0.5539950000184035,42.349258999934136,0.0183530000867904,57.1985920000202
Z.MOV,126,Z,True,A,0.9643575549125672,False,A,False,False,False,True,14.198012000008475,0.0071230000457944,0.6244709999236875,43.57820000006996,0.0182740000127523,58.426080000060665
Z.MOV,127,Z,True,A,0.9737836718559264,False,A,False,False,False,True,14.039057999980288,0.0087579999217268,0.8859079999865571,43.533995999951,0.0228490000608871,58.49056899990046
Z.MOV,128,Z,True,A,0.9839888215065002,False,A,False,False,False,True,13.940428000012162,0.0098980000302617,1.028297999937422,50.951180000083696,0.0265649999846573,65.9563690000482
Z.MOV,129,Z,True,A,0.968103051185608,False,A,False,False,False,True,14.095875000009528,0.010222000014437,1.0113209999644823,50.59277599991674,0.0258730000268769,65.73606699993206
Z.MOV,130,Z,True,A,0.9606626629829408,False,A,False,False,False,True,13.98457700003064,0.0078299999586306,0.98073200001636,48.268418000020574,0.0258860000030836,63.26744300002929
Z.MOV,131,Z,True,A,0.9571178555488586,False,A,False,False,False,True,13.936705000048732,0.006638000058956,0.9455229999275616,44.0014749999591,0.0231540000186214,58.91349500001297
Z.MOV,132,Z,True,A,0.9528010487556458,False,A,False,False,False,True,13.973844000020108,0.0069019999955344,0.8759869999721559,45.94835300008526,0.0236199999790187,60.82870600005208
Z.MOV,133,Z,True,A,0.9157488346099854,False,A,False,False,False,True,13.9736059999791,0.0077180000062071,1.0189189999891823,43.37415600002714,0.0215829999206107,58.39598199992224
Z.MOV,134,Z,True,A,0.9656108617782592,False,A,False,False,False,True,13.913392000006295,0.0087780000512793,0.9976090000236582,45.87486500008709,0.0202250000711501,60.81486900023947
Z.MOV,135,Z,True,A,0.9645016193389891,False,A,False,False,False,True,13.92013899999256,0.0089019999904849,0.9172659999876488,45.36648700002388,0.0221249999867723,60.23491899998135
Z.MOV,136,Z,True,A,0.9772863984107972,False,A,False,False,False,True,14.049457999988135,0.006214999984877,0.8645340000157375,42.947528000013335,0.0220030000264159,57.8897380000285
Z.MOV,137,Z,True,A,0.9704565405845642,False,A,False,False,False,True,14.111075000016626,0.0075980000247,1.003583999931834,44.15152199999284,0.0211469999840119,59.29492599995001
Z.MOV,138,Z,True,A,0.9689489603042604,False,A,False,False,False,True,14.845535000006294,0.0078500000881831,0.9788050000452132,47.14560000002166,0.0222979999762173,63.000088000137566
Z.MOV,139,Z,True,A,0.9465636610984802,False,A,False,False,False,True,15.427267999996277,0.0079459999824393,0.9479699999701552,44.49627299993608,0.0204760000315218,60.89993299991647
Z.MOV,140,Z,True,A,0.9382388591766356,False,A,False,False,False,True,14.043936000007308,0.0094349999244514,0.9562919999552832,44.81548799992652,0.0226050000264876,59.84775599984005
Z.MOV,141,Z,True,A,0.8887014985084534,False,A,False,False,False,True,14.356663000000935,0.0092249999852356,0.966259999927388,44.12781799999266,0.0200950000817101,59.48006099998793
Z.MOV,142,Z,True,A,0.8844592571258545,False,A,False,False,False,True,14.016534000006686,0.0082039999824701,0.91608900004303,44.64033599992945,0.0219539999761764,59.60311699993781
Z.MOV,143,Z,True,A,0.8908268213272095,False,A,False,False,False,True,13.969124000027476,0.0075030000061815,0.9399450000273646,43.09926700000233,0.0228399999286921,58.03867899999205
Z.MOV,144,Z,True,A,0.8571873903274536,False,A,False,False,False,True,14.113881000014317,0.008584000056544,0.8933000000297397,43.1282449999344,0.0235790000715496,58.16758900010655
Z.MOV,145,Z,True,A,0.8245658874511719,False,A,False,False,False,True,14.145828999971856,0.0095259999852714,0.9273809999967852,43.30003400002624,0.0256460000400693,58.40841600002023
Z.MOV,146,Z,True,A,0.906057059764862,False,A,False,False,False,True,14.198783999972877,0.0097979999509334,0.9377309999081264,44.13669600000958,0.0199359999442094,59.30294499978572
Z.MOV,147,Z,True,A,0.9126164317131042,False,A,False,False,False,True,14.037451000035617,0.0081050000062532,0.8149919999596023,44.95778300008624,0.0205110000024433,59.83884200009015
Z.MOV,148,Z,True,A,0.899894118309021,False,A,False,False,False,True,13.923206000015398,0.0086219999957393,0.9455239999169862,48.30542899992452,0.0196129999494587,63.2023939998021
Z.MOV,149,Z,True,A,0.9115559458732604,False,A,False,False,False,True,14.108050000004368,0.0081700000009732,0.8836339999334086,44.126245000029485,0.0189500000260522,59.14504899999429
Z.MOV,150,Z,True,A,0.9210889935493468,False,A,False,False,False,True,13.960753999981534,0.00733800004582,0.9793120000267664,43.959723999932976,0.0195100000155434,58.92663800000264
Z.MOV,151,Z,True,A,0.9131519198417664,False,A,False,False,False,True,13.966791000029843,0.0082699999666147,0.9060479999334348,44.77648900001441,0.0279050000244751,59.685502999968776
delete.MOV,0,delete,True,A,0.557864248752594,False,A,False,False,False,True,14.361673999985667,0.0091219999376335,0.873501999990367,44.92915499997707,0.0197169999864854,60.19316999987723
delete.MOV,1,delete,True,A,0.6891178488731384,False,A,False,False,False,True,14.128012000014678,0.0085870000248178,0.969194000049356,43.20933899998636,0.0215679999655549,58.33670000004077
delete.MOV,2,delete,True,A,0.776322066783905,False,A,False,False,False,True,14.170617999980095,0.0083980000908923,0.9671020000041608,47.72929799992198,0.0204230000235838,62.89583900002072
delete.MOV,3,delete,True,A,0.7620724439620972,False,A,False,False,False,True,14.251928000021508,0.0082540000221342,0.9140269999079464,42.63818100002936,0.0208579999707581,57.83324799995171
delete.MOV,4,delete,True,A,0.7695214748382568,False,A,False,False,False,True,14.507905000016308,0.0081890000274142,0.9213289999934204,43.64492100000916,0.0186119999625589,59.100956000008864
delete.MOV,5,delete,True,A,0.7890753746032715,False,A,False,False,False,True,14.232411000023149,0.0277959999266386,0.9252229999674456,56.04626599995299,0.0204989999019744,71.2521949997722
delete.MOV,6,delete,True,A,0.7828273773193359,False,A,False,False,False,True,14.069395999968036,0.0073930000326072,0.8967659999825628,44.44489100001192,0.0223260000211666,59.440772000016295
delete.MOV,7,delete,True,A,0.7798567414283752,False,A,False,False,False,True,14.022230000023228,0.0063810000483499,1.0143119999383998,43.47703700000238,0.0200470000208952,58.540007000033256
delete.MOV,8,delete,True,A,0.7368079423904419,False,A,False,False,False,True,14.572246000000176,0.0061110000615371,0.8547080000198548,44.235790000016095,0.0217350000184524,59.69059000011612
delete.MOV,9,delete,True,A,0.7508817911148071,False,A,False,False,False,True,14.737767999974947,0.0074719999929584,0.9425719999853754,44.276767999917865,0.0234200000477358,59.98799999991888
delete.MOV,10,delete,True,A,0.7259743809700012,False,A,False,False,False,True,14.100496000025942,0.0080150000485446,0.8894610000425018,43.00639999996747,0.0227289999656932,58.02710100005015
delete.MOV,11,delete,True,A,0.7563963532447815,False,A,False,False,False,True,14.164001000040116,0.007384000014099,0.955340000018623,45.53989700002603,0.0198349999891433,60.68645700008801
delete.MOV,12,delete,True,A,0.7306584715843201,False,A,False,False,False,True,14.008163000028162,0.006849999977021,0.9172249999664928,43.33190200009085,0.0220120000449242,58.28615200010745
delete.MOV,13,delete,True,A,0.694111168384552,False,A,False,False,False,True,14.176594999980807,0.0071749999506209,0.9292249999361956,43.08216100002937,0.0217809999867313,58.21693699988373
delete.MOV,14,delete,True,A,0.7120187282562256,False,A,False,False,False,True,14.232508000020516,0.0069370000801427,0.8972829999720489,42.99999600004867,0.0205250000817613,58.15724900020314
delete.MOV,15,delete,True,A,0.7163868546485901,False,A,False,False,False,True,14.064851000000544,0.0066069999320461,0.8663959999921644,44.4742980000683,0.0197560000287921,59.43190800002185
delete.MOV,16,delete,True,A,0.7276028394699097,False,A,False,False,False,True,14.012895999997,0.0065719999611246,0.849858999913522,42.30482499997379,0.0196030000552127,57.19375499990065
delete.MOV,17,delete,True,A,0.7094219923019409,False,A,False,False,False,True,13.91219300001012,0.0076179999268788,0.8834250000973043,43.24023000003763,0.0217189999602851,58.065185000032216
delete.MOV,18,delete,True,A,0.7085244059562683,False,A,False,False,False,True,14.133927000045787,0.0074119999453614,0.849088999984815,42.4017330000197,0.0208399999337416,57.41300099992941
delete.MOV,19,delete,True,A,0.6690512895584106,False,A,False,False,False,True,13.897654999993849,0.0069169999505902,0.8508360000405446,43.64913400002024,0.0217439999232738,58.426285999928496
delete.MOV,20,delete,True,A,0.7198667526245117,False,A,False,False,False,True,14.036777000001166,0.0073589999374235,0.9280770000259508,47.54263500001343,0.0209070000209976,62.53575499999897
delete.MOV,21,delete,True,A,0.6546415090560913,False,A,False,False,False,True,14.765550999982224,0.0070909999294599,0.9552350001058584,46.50537399993482,0.0198609999415566,62.25311199989392
delete.MOV,22,delete,True,A,0.6993811130523682,False,A,False,False,False,True,14.015481000001271,0.0070349999532481,0.5305439999574446,46.39946199995393,0.0204439999151873,60.97296599978108
delete.MOV,23,delete,True,A,0.6926629543304443,False,A,False,False,False,True,14.090142999975797,0.0090029999455509,0.9204080000699832,44.35566400002244,0.0243400000954352,59.39955800010921
delete.MOV,24,delete,True,A,0.6512480974197388,False,A,False,False,False,True,14.723202000027412,0.0087099999745987,0.8748110000169618,44.45730399993408,0.0237579999975423,60.0877849999506
delete.MOV,25,delete,True,A,0.6754438877105713,False,A,False,False,False,True,15.907267999978105,0.0095290000672321,0.94481700000415,44.59351599996353,0.0230189999683716,61.478148999981386
delete.MOV,26,delete,True,A,0.690291166305542,False,A,False,False,False,True,14.51167400000486,0.0072590000854688,0.8481009999741218,44.16584000000512,0.0270099999397643,59.55988400000933
delete.MOV,27,delete,True,A,0.7138146162033081,False,A,False,False,False,True,14.015761999985443,0.006849999977021,0.8374249999860695,43.301377000034336,0.0225739998995777,58.18398799988245
delete.MOV,28,delete,True,A,0.6621757745742798,False,A,False,False,False,True,14.118882999980542,0.0074350000431877,0.8482349999212602,42.72288100003152,0.0238079999235196,57.72124199990003
delete.MOV,29,delete,True,A,0.6801252961158752,False,A,False,False,False,True,14.137645999994676,0.0068279999823062,0.84458399999221,43.49566700000196,0.0192539999943619,58.50397899996551
delete.MOV,30,delete,True,A,0.6634663939476013,False,A,False,False,False,True,14.149889000009352,0.006477000056293,0.8077909999428812,43.5585740000306,0.0202119999812566,58.54294300002039
delete.MOV,31,delete,True,A,0.6537840962409973,False,A,False,False,False,True,14.004344999989373,0.0072809999664968,0.8468199999924764,43.92630699999245,0.0232449999657546,58.80799799990655
delete.MOV,32,delete,True,A,0.6342561841011047,False,A,False,False,False,True,13.962102999983015,0.0062990000060381,0.9039289999464016,43.9453679999815,0.022738999973626,58.84043799989058
delete.MOV,33,delete,True,A,0.6462348103523254,False,A,False,False,False,True,14.021857999978238,0.0103979999721559,0.8790809999936755,43.32498000007945,0.0242329999764479,58.26054999999997
delete.MOV,34,delete,True,A,0.6808255910873413,False,A,False,False,False,True,13.992554000026304,0.0132139999777791,0.797891000047457,42.73647800005165,0.0239810000266516,57.56411800012984
delete.MOV,35,delete,True,A,0.6904917359352112,False,A,False,False,False,True,13.9410049999924,0.0090620000037233,0.8416890000262356,44.62389499997244,0.0245469999526903,59.440197999947486
delete.MOV,36,delete,True,A,0.6521241664886475,False,A,False,False,False,True,14.04026900002009,0.0074460000405451,0.8634150000261798,44.12581499991575,0.0200489999997444,59.05699400000231
delete.MOV,37,delete,True,A,0.6389432549476624,False,A,False,False,False,True,14.303950999988048,0.0089540000089982,0.9014089999936914,43.86366200003522,0.022366000052898,59.10034200007885
delete.MOV,38,delete,True,A,0.6104757189750671,False,A,False,False,False,True,14.199886999961109,0.0088159999904746,0.8965040000248337,44.9243690000003,0.0221370000872411,60.05171300006396
delete.MOV,39,delete,True,A,0.6057254672050476,False,A,False,False,False,True,14.18697299999394,0.0066320000087216,0.8872209999708502,42.918183999972825,0.0216230000660289,58.02063300001237
delete.MOV,40,delete,True,A,0.6188647747039795,False,A,False,False,False,True,14.102712999999769,0.006489000043075,0.8034100000031685,43.25545699998656,0.0206819998993523,58.188750999931926
delete.MOV,41,delete,True,A,0.6411188840866089,False,A,False,False,False,True,14.595640999971238,0.0067230000695417,0.8135870000387513,42.86499200009075,0.0198950000367403,58.30083800020702
delete.MOV,42,delete,True,A,0.6338041424751282,False,A,False,False,False,True,14.21295199997985,0.0066100000140068,0.7911460000968873,44.008842000039294,0.0358759999699032,59.05542600009994
delete.MOV,43,delete,True,A,0.6005166172981262,False,A,False,False,False,True,14.46738300001016,0.0065530000483704,0.806898999940131,43.12867600003756,0.0268410000217045,58.43635200005792
delete.MOV,44,delete,True,A,0.5865552425384521,False,A,False,False,False,True,14.03260600000067,0.006566000024577,0.7899629999883473,42.80616699998063,0.0217379999867262,57.65703999998095
delete.MOV,45,delete,True,A,0.6084519028663635,False,A,False,False,False,True,14.15151800000558,0.0190939999811234,1.020456999981434,42.82530300008602,0.0213460000395571,58.03771800009372
delete.MOV,46,delete,True,A,0.6379308700561523,False,A,False,False,False,True,14.108828999951584,0.0069769999981872,0.7982240000501406,43.67367800000466,0.0239080000028479,58.611616000007416
delete.MOV,47,delete,True,A,0.6070861220359802,False,A,False,False,False,True,14.20234300002221,0.0070979999691189,0.8389090000946453,44.3209539999998,0.0210470000183704,59.39035100010415
delete.MOV,48,delete,True,A,0.6369127035140991,False,A,False,False,False,True,13.893677999988086,0.0064070000007632,0.8177430000841923,44.686296999998376,0.0222030000713857,59.4263280001428
delete.MOV,49,delete,True,A,0.6275953054428101,False,A,False,False,False,True,14.190553999981148,0.0077409999903466,0.8314709999694969,42.96651600009227,0.0200260000156049,58.01630800004887
delete.MOV,50,delete,True,A,0.5675084590911865,False,A,False,False,False,True,13.941778000003069,0.0080579999348628,0.8785249999618827,45.71234200000163,0.0206209999760176,60.56132399987746
delete.MOV,51,delete,True,A,0.5336368680000305,False,A,False,False,False,True,14.008321999995133,0.006703000053676,0.8507649999955902,46.51838999996016,0.0191899999890665,61.40336999999363
delete.MOV,52,delete,True,A,0.5622214078903198,False,A,False,False,False,True,13.904788999980155,0.0084250000327301,0.7584979999819552,47.04452500004663,0.01949699992565,61.73573399996712
delete.MOV,53,delete,True,A,0.6009462475776672,False,A,False,False,False,True,14.123450999989018,0.0085729999454997,0.9624420000591272,48.58602300009807,0.0459809999711069,63.72647000006282
delete.MOV,54,delete,True,A,0.5891846418380737,False,A,False,False,False,True,14.18014400002221,0.006496000082734,0.8352339999646574,43.169698000042445,0.0226499998916551,58.2142220000037
delete.MOV,55,delete,True,A,0.58385169506073,False,A,False,False,False,True,14.426634000017202,0.0066999999717154,0.8129550000148811,43.0071879999332,0.0210149999020359,58.27449199983903
delete.MOV,56,delete,True,A,0.6180189847946167,False,A,False,False,False,True,14.07899999998108,0.0060149999399072,0.7871919999615784,43.72025999998641,0.0197690000049988,58.61223599987397
delete.MOV,57,delete,True,A,0.5770347714424133,False,A,False,False,False,True,14.25686800001813,0.0076970000009168,0.903504999996585,44.00111500001458,0.0228379999498429,59.19202299998005
delete.MOV,58,delete,True,A,0.5598103404045105,False,A,False,False,False,True,14.00688699999364,0.0073009999823625,0.7806840000057491,43.068061999974816,0.0253660000453237,57.88830000000189
delete.MOV,59,delete,True,A,0.540993869304657,False,A,False,False,False,True,14.247036000028857,0.0072950000458149,0.8847589999732008,45.07666699998936,0.022106000074018,60.23786300011125
delete.MOV,60,delete,True,A,0.5819825530052185,False,A,False,False,False,True,14.121335999959683,0.0060049999319744,0.7657080000171845,43.96975999998176,0.0221850000343692,58.88499399992497
delete.MOV,61,delete,True,A,0.6223763227462769,False,A,False,False,False,True,14.253064000001814,0.0074459999268583,0.8030349999899045,43.4693199999856,0.0211170000739002,58.55398199997808
delete.MOV,62,delete,True,A,0.5820356011390686,False,A,False,False,False,True,14.125762999981362,0.0127909999037001,0.8733909999136813,44.4555379999656,0.0224049999815179,59.48988799974586
delete.MOV,63,delete,True,A,0.5850639343261719,False,A,False,False,False,True,13.92712599999868,0.0064480000219191,0.802795999902628,43.19118099999741,0.0236909999102863,57.95124199983093
delete.MOV,64,delete,True,A,0.5442236661911011,False,A,False,False,False,True,14.386604999970132,0.0077830000009271,0.8454600000504797,43.67780899997342,0.0222869999788599,58.93994399997382
delete.MOV,65,delete,True,A,0.5610337853431702,False,A,False,False,False,True,14.175920000013775,0.0069640000219806,0.8143210000071122,42.864533000056326,0.0217010000369555,57.88343900013615
delete.MOV,66,delete,True,A,0.5792953372001648,False,A,False,False,False,True,14.43842300000142,0.0067099999796482,0.7927420000441998,42.949709000026814,0.021752999941782,58.209336999993866
delete.MOV,67,delete,True,A,0.5978038311004639,False,A,False,False,False,True,14.136849000010445,0.0074949999770979,0.8115639999459745,43.02678800002013,0.023162000047705,58.00585800000135
delete.MOV,68,delete,True,A,0.5471196174621582,False,A,False,False,False,True,14.226634999999987,0.0066499999320512,0.4923909999661191,44.24598700006754,0.0228100000185804,58.99447299998428
delete.MOV,69,delete,True,A,0.5709002017974854,False,A,False,False,False,True,14.087796000012531,0.0073620000193841,0.7759909999549564,43.42424899994057,0.0218569999788087,58.317254999906254
delete.MOV,70,delete,True,A,0.5897865295410156,False,A,False,False,False,True,13.956944999961252,0.0066879999849334,0.7723810000470621,43.887459999950806,0.0212749999946026,58.644748999938656
delete.MOV,71,delete,True,A,0.5736594200134277,False,A,False,False,False,True,13.863964999984546,0.0062840000509822,0.8226659999763797,43.17305400002169,0.0417510000261245,57.907720000059726
delete.MOV,72,delete,True,A,0.5055391192436218,False,A,False,False,False,True,14.102109999953427,0.006684000027235,0.8022370000162482,42.49228300000141,0.018673999989005,57.42198799998732
delete.MOV,73,delete,True,A,0.5110061764717102,False,A,False,False,False,True,14.059056000007786,0.0075929999638901,0.8118000000649772,44.39663699997709,0.0200829999812413,59.295168999994985
delete.MOV,74,delete,True,nothing,0.5145399570465088,False,nothing,False,False,False,True,14.155090000031125,0.0069139999823164,0.7671810000147161,43.22442900001988,0.0307930000644773,58.18440700011252
delete.MOV,75,delete,True,nothing,0.5204082727432251,False,nothing,False,False,False,True,14.024951000010333,0.0074730000960698,0.8258139999952618,43.27983799998947,0.0216800000316652,58.1597560001228
delete.MOV,76,delete,True,nothing,0.5309749841690063,False,nothing,False,False,False,True,13.923208999983672,0.0066679999690677,0.8120930000359294,42.97828899996148,0.0220860000581524,57.7423450000083
delete.MOV,77,delete,True,nothing,0.6038298010826111,False,nothing,False,False,False,True,14.039634000027943,0.0064629999769749,0.8015480000267416,42.49213000002783,0.0214269999787575,57.36120200003825
delete.MOV,78,delete,True,nothing,0.6302220225334167,False,nothing,False,False,False,True,14.05937399999857,0.0061419999610734,0.8031319999872721,43.59281200004261,0.0183070000048246,58.479766999994354
delete.MOV,79,delete,True,nothing,0.5588815212249756,False,nothing,False,False,False,True,13.88196800002106,0.0083090000089214,0.8292210000035993,43.71175599999333,0.0278310000112469,58.45908500003816
delete.MOV,80,delete,True,nothing,0.5569523572921753,False,nothing,False,False,False,True,13.95811700001559,0.0052059999688935,0.8059589999902528,42.58553200008919,0.0203800000235787,57.375194000087504
delete.MOV,81,delete,True,nothing,0.5485600829124451,False,nothing,False,False,False,True,14.03094600004806,0.0076830000352856,0.8126850000280683,44.442214000014246,0.019931999986511,59.31346000011217
delete.MOV,82,delete,True,nothing,0.5858367681503296,False,nothing,False,False,False,True,13.892995999981396,0.0059669999927791,0.7813009999608767,42.583654000054594,0.0205239999786499,57.28444199996829
delete.MOV,83,delete,True,nothing,0.5701907277107239,False,nothing,False,False,False,True,13.926623000031668,0.0058480000006966,0.528224000049704,42.70537100001093,0.0198459999865008,57.1859120000795
delete.MOV,84,delete,True,nothing,0.5725592374801636,False,nothing,False,False,False,True,14.118442999972558,0.0063800000589253,0.7790039999235887,44.08935300000394,0.0187059999916527,59.01188599995066
delete.MOV,85,delete,True,nothing,0.5063537359237671,False,nothing,False,False,False,True,14.003801999990628,0.0061219999452077,0.7801240000162579,43.85361300001023,0.0250870000400027,58.66874800000232
delete.MOV,86,delete,True,nothing,0.5757570862770081,False,nothing,False,False,False,True,14.157672999999704,0.0063850000060483,0.7491050000680843,43.224152999982834,0.0211159999707888,58.15843200002746
delete.MOV,87,delete,True,nothing,0.524764895439148,False,nothing,False,False,False,True,14.289342999973089,0.006693999921481,0.8750299999746858,42.16761600002883,0.0212639999972452,57.35994699989533
delete.MOV,88,delete,True,nothing,0.5175608992576599,False,nothing,False,False,False,True,14.135743999986516,0.0063620000219088,0.7984299999179711,42.63847300001089,0.0223069999947256,57.60131599993201
delete.MOV,89,delete,True,nothing,0.537514865398407,False,nothing,False,False,False,True,14.165042000001904,0.0077419999797712,0.7968589999336473,43.459431000087534,0.0233459999208207,58.45241999992368
delete.MOV,90,delete,True,nothing,0.4989539980888366,False,nothing,False,False,False,True,14.105176999976266,0.0076329999956215,0.7998950000001059,43.35790799996175,0.0227909999921394,58.293403999925886
delete.MOV,91,delete,True,A,0.5096195936203003,False,A,False,False,False,True,14.07876100000749,0.0080570000591251,0.8346549999487252,43.936548000033326,0.0215919999391189,58.879612999987785
delete.MOV,92,delete,True,nothing,0.5581713914871216,False,nothing,False,False,False,True,14.559949999977562,0.0061630000800505,0.8168159999968339,43.82757899998069,0.0208949999205287,59.23140299995566
delete.MOV,93,delete,True,nothing,0.4946072995662689,False,nothing,False,False,False,True,14.45530600000211,0.0062880000086806,0.7999030000291896,43.38939000001574,0.0230240000291814,58.6739110000849
delete.MOV,94,delete,True,A,0.4878019988536834,False,A,False,False,False,True,14.133212999979603,0.0066699999479169,0.6820009999728427,44.11608899999919,0.0236900000345485,58.961662999934106
delete.MOV,95,delete,True,A,0.4957276284694671,False,A,False,False,False,True,14.266535999979624,0.0065039999981308,0.8102179999696091,42.4706100000094,0.0211169999602134,57.57498499991698
delete.MOV,96,delete,True,A,0.550531268119812,False,A,False,False,False,True,14.231829999971524,0.0098279999747319,0.7679190000544622,44.334588000083386,0.0194980000287614,59.36366300011287
delete.MOV,97,delete,True,A,0.5889463424682617,False,A,False,False,False,True,14.07311700000946,0.0073940000220318,0.8252549999951952,43.82496900007027,0.0242190000108166,58.75495400010777
delete.MOV,98,delete,True,A,0.5615254044532776,False,A,False,False,False,True,13.936918000013064,0.0064839999822652,0.7878310000251076,42.45398599994133,0.0217820000898427,57.207001000051605
delete.MOV,99,delete,True,A,0.6068463921546936,False,A,False,False,False,True,14.431732999980795,0.0089029999799095,0.8259039999529705,43.37877699992987,0.023066000039762,58.668382999883306
delete.MOV,100,delete,True,A,0.6123554110527039,False,A,False,False,False,True,14.458644000001186,0.0088159999904746,0.8075829999825146,45.31442600000446,0.0218940000422662,60.6113630000209
delete.MOV,101,delete,True,A,0.6620326638221741,False,A,False,False,False,True,14.701580000007652,0.0078489999850717,0.8028320000903477,44.08632900003795,0.0234599999657802,59.6220500000868
delete.MOV,102,delete,True,A,0.6482597589492798,False,A,False,False,False,True,13.924243000019487,0.0066390000483806,0.8543960000224615,44.17747699994834,0.0230990000318342,58.9858540000705
delete.MOV,103,delete,True,A,0.6801019310951233,False,A,False,False,False,True,13.98590499996999,0.0087219999613807,0.5667190000622213,46.32176500001606,0.0254370000902781,60.90854800009993
delete.MOV,104,delete,True,A,0.6412107944488525,False,A,False,False,False,True,14.25614400000086,0.0071900000193636,0.7890879999195022,43.29692800001794,0.0234579999869311,58.3728079999446
delete.MOV,105,delete,True,A,0.6761742830276489,False,A,False,False,False,True,14.089645000012752,0.0085199999375618,0.7794810001087171,44.468158999961815,0.022447999981523,59.36825300000237
delete.MOV,106,delete,True,A,0.6173704266548157,False,A,False,False,False,True,13.94032499996456,0.0087219999613807,0.8034870000983574,43.27318100001776,0.0224009999101326,58.04811599995219
delete.MOV,107,delete,True,A,0.5470178723335266,False,A,False,False,False,True,14.60760399999117,0.0082320000274194,0.7501370000682073,44.084686000019246,0.0217829999655805,59.47244200007162
delete.MOV,108,delete,True,nothing,0.5998021960258484,False,nothing,False,False,False,True,14.101192999987688,0.0082739999243131,0.8298610000565532,46.4887790000148,0.0200199999653705,61.44812699994873
delete.MOV,109,delete,True,nothing,0.5313798189163208,False,nothing,False,False,False,True,14.119673999971385,0.0071570000272913,0.8083129999931771,43.027993999999126,0.0221029999920574,57.98524099998304
delete.MOV,110,delete,True,nothing,0.5204423666000366,False,nothing,False,False,False,True,14.107657000010931,0.0061929999901622,0.7613669999955164,42.17334500003744,0.0218830000449088,57.07044500007896
delete.MOV,111,delete,True,A,0.5153820514678955,False,A,False,False,False,True,14.29009399998904,0.0123959999882572,0.8659220000026835,58.05416200007585,0.0212679999549436,73.24384200001077
delete.MOV,112,delete,True,A,0.5141273140907288,False,A,False,False,False,True,14.075229000013678,0.0075869999136557,0.8705709999503597,44.69015200004378,0.0198640000235172,59.66340299994499
delete.MOV,113,delete,True,nothing,0.5478024482727051,False,nothing,False,False,False,True,14.1229239999916,0.007186999937403,0.7678220000570946,43.13761100002012,0.0224400000661262,58.05798400007234
delete.MOV,114,delete,True,nothing,0.5606964826583862,False,nothing,False,False,False,True,14.356764000012843,0.0061110000615371,0.8114549999618248,45.204681000086566,0.0201450000076874,60.39915600013046
delete.MOV,115,delete,True,nothing,0.5522616505622864,False,nothing,False,False,False,True,14.0816019999761,0.0075760000299851,0.9668390000570072,45.532540000067456,0.0566369999432936,60.64519400007384
delete.MOV,116,delete,True,nothing,0.6216636896133423,False,nothing,False,False,False,True,14.063233000001674,0.0062650000245412,0.7846369999242597,42.83903500004271,0.0197510000816691,57.71292100007486
delete.MOV,117,delete,True,nothing,0.6640013456344604,False,nothing,False,False,False,True,13.915608999980122,0.0075839999453819,0.7939890000443484,42.50570199997128,0.0210320000633146,57.24391600000445
delete.MOV,118,delete,True,nothing,0.6396174430847168,False,nothing,False,False,False,True,14.004102999990664,0.007246999985,0.8195660000183125,43.9251239999976,0.0234020000107193,58.77944200000229
delete.MOV,119,delete,True,nothing,0.6369531750679016,False,nothing,False,False,False,True,13.95198000000164,0.0076520000220625,0.8814210000309686,43.093528999975206,0.0204799999892202,57.9550620000191
delete.MOV,120,delete,True,nothing,0.6148943901062012,False,nothing,False,False,False,True,13.98226800000657,0.0064530000827289,0.7851980000168624,42.76274599999397,0.0219199999946795,57.55858500009481
delete.MOV,121,delete,True,nothing,0.6492785811424255,False,nothing,False,False,False,True,14.237712999999983,0.0066679999690677,0.8328779999828839,43.466978000083145,0.0217960000554739,58.56603300009056
delete.MOV,122,delete,True,nothing,0.5869647860527039,False,nothing,False,False,False,True,13.934939000023403,0.0063450000880038,0.7752489999575118,42.93350700004339,0.0221090000422918,57.67214900015461
delete.MOV,123,delete,True,nothing,0.6905800104141235,False,nothing,False,False,False,True,14.18896899997435,0.0070429999823318,0.8447050000768286,43.69682900005501,0.0225120001005052,58.76005800018902
delete.MOV,124,delete,True,nothing,0.692348301410675,False,nothing,False,False,False,True,14.208133000011005,0.0064220000695058,0.8129600000756909,42.74134900003901,0.0211310000395315,57.78999500023474
delete.MOV,125,delete,True,nothing,0.6244838237762451,False,nothing,False,False,False,True,13.89084400000229,0.0067930000113847,0.8619740000312959,42.58622600002582,0.0366140000096493,57.38245100008044
delete.MOV,126,delete,True,nothing,0.609336256980896,False,nothing,False,False,False,True,14.007530000014867,0.0071889999162522,0.8048360000429966,44.91977800000768,0.022722000039721,59.76205500002152
delete.MOV,127,delete,True,nothing,0.5698913931846619,False,nothing,False,False,False,True,13.931775999992624,0.0066589999505595,0.8947420000140482,42.7768989999322,0.0206989999469442,57.630774999836376
delete.MOV,128,delete,True,nothing,0.5865776538848877,False,nothing,False,False,False,True,13.953214999958163,0.007407999987663,0.8196960000077524,43.08103999994728,0.0220760000502195,57.88343499995108
delete.MOV,129,delete,True,nothing,0.6743117570877075,False,nothing,False,False,False,True,14.147390999994514,0.0081760000512076,0.947164000081102,45.05041300001267,0.0245159999394672,60.17766000007896
delete.MOV,130,delete,True,nothing,0.6932000517845154,False,nothing,False,False,False,True,14.031479999971452,0.0070790000563647,0.8053820000668566,43.47992100008469,0.0225210000053266,58.34638300018469
delete.MOV,131,delete,True,nothing,0.6698707342147827,False,nothing,False,False,False,True,14.68701900000724,0.0065890000087165,0.8384700000760859,43.3113560000038,0.0217819999761559,58.865216000072
delete.MOV,132,delete,True,nothing,0.6904813051223755,False,nothing,False,False,False,True,14.032306999979482,0.0059440000086397,0.7902799999328636,42.996700999992754,0.0216119999549846,57.84684399986872
delete.MOV,133,delete,True,nothing,0.6679588556289673,False,nothing,False,False,False,True,13.973782999983086,0.007193999977062,0.8629899999732515,43.36373000001004,0.0221630000396544,58.22985999998309
delete.MOV,134,delete,True,nothing,0.6468833088874817,False,nothing,False,False,False,True,14.005311999994774,0.0069379999558805,0.825820999921234,43.15197699997952,0.0213600000051883,58.0114079998566
delete.MOV,135,delete,True,nothing,0.6467325091362,False,nothing,False,False,False,True,14.035444000001007,0.0071129999241748,0.9041629999728684,46.06078900008015,0.023215000055643,61.03072400003384
delete.MOV,136,delete,True,nothing,0.6608645915985107,False,nothing,False,False,False,True,14.058521000038128,0.0073630000088087,0.8064749999903142,44.24651199997243,0.0330870000198046,59.15195800002948
delete.MOV,137,delete,True,nothing,0.6023013591766357,False,nothing,False,False,False,True,13.994161000027816,0.0078949999533506,0.861119999967741,43.858765000095445,0.0219890000607847,58.74393000010514
delete.MOV,138,delete,True,nothing,0.6041886210441589,False,nothing,False,False,False,True,14.164690999962204,0.0063979999822549,0.7996290000846784,43.2636770000272,0.0225189999127906,58.25691399996913
delete.MOV,139,delete,True,A,0.5142048001289368,False,A,False,False,False,True,13.920321000000513,0.008608000030108,0.8231609999711509,43.43316400002095,0.0221249999867723,58.207379000009496
delete.MOV,140,delete,True,A,0.5063703060150146,False,A,False,False,False,True,14.116211000043675,0.0072199999294753,0.863792000018293,43.17044399999759,0.017873000047075,58.17554000003611
delete.MOV,141,delete,True,A,0.5586923956871033,False,A,False,False,False,True,13.994202999981551,0.0078040000062173,0.5343979998997384,43.39040599995769,0.0216869999576374,57.94849799980284
delete.MOV,142,delete,True,nothing,0.5432088971138,False,nothing,False,False,False,True,13.92565700001569,0.0064879999399636,0.8157779999464765,42.57927200001177,0.0211860000263186,57.34838099994022
delete.MOV,143,delete,True,nothing,0.572925329208374,False,nothing,False,False,False,True,14.025574000015697,0.0066000000060739,0.8275830000457063,43.35806699998557,0.0234769998996853,58.24130099995273
delete.MOV,144,delete,True,nothing,0.568696141242981,False,nothing,False,False,False,True,13.830318000032094,0.006332999987535,0.837252999986049,43.20826000002853,0.0231540000186214,57.90531800005283
delete.MOV,145,delete,True,nothing,0.5644698739051819,False,nothing,False,False,False,True,13.88744600001246,0.008309999998346,0.811516999988271,43.264096000029895,0.0226600000132748,57.99402900004225
delete.MOV,146,delete,True,nothing,0.5748437643051147,False,nothing,False,False,False,True,14.074407000009614,0.0077610000062122,0.7868330000064816,42.67243399999643,0.0220580000132031,57.56349300003194
delete.MOV,147,delete,True,nothing,0.5697994828224182,False,nothing,False,False,False,True,13.994297000010649,0.007840999955988,0.8315249999668595,44.05945099995279,0.0201310000420562,58.91324499992834
delete.MOV,148,delete,True,nothing,0.5683889389038086,False,nothing,False,False,False,True,14.47452899998325,0.0056200000244643,0.8570979999831252,41.57202500005042,0.0195579999626716,56.92883000000393
delete.MOV,149,delete,True,nothing,0.5089943408966064,False,nothing,False,False,False,True,13.81236899999294,0.0061599999980899,0.7741690000102608,42.26717699998517,0.0191520000498712,56.87902700003633
nothing.MOV,0,nothing,False,__NO_HAND__,,False,nothing,True,True,True,False,13.722563999976956,0.0,0.0,0.0,0.0,13.722563999976956
nothing.MOV,1,nothing,False,__NO_HAND__,,False,nothing,True,True,True,False,13.414229000034084,0.0,0.0,0.0,0.0,13.414229000034084
nothing.MOV,2,nothing,False,__NO_HAND__,,False,nothing,True,True,True,False,13.493551000010484,0.0,0.0,0.0,0.0,13.493551000010484
nothing.MOV,3,nothing,False,__NO_HAND__,,False,nothing,True,True,True,False,13.92691000000923,0.0,0.0,0.0,0.0,13.92691000000923
nothing.MOV,4,nothing,False,__NO_HAND__,,False,nothing,True,True,True,False,13.424637000014172,0.0,0.0,0.0,0.0,13.424637000014172
nothing.MOV,5,nothing,False,__NO_HAND__,,False,nothing,True,True,True,False,13.664260000041397,0.0,0.0,0.0,0.0,13.664260000041397
nothing.MOV,6,nothing,False,__NO_HAND__,,False,nothing,True,True,True,False,13.32763900001055,0.0,0.0,0.0,0.0,13.32763900001055
nothing.MOV,7,nothing,False,__NO_HAND__,,False,nothing,True,True,True,False,15.453697999987526,0.0,0.0,0.0,0.0,15.453697999987526
nothing.MOV,8,nothing,False,__NO_HAND__,,False,nothing,True,True,True,False,13.465685000028316,0.0,0.0,0.0,0.0,13.465685000028316
nothing.MOV,9,nothing,False,__NO_HAND__,,False,nothing,True,True,True,False,13.30787000000555,0.0,0.0,0.0,0.0,13.30787000000555
nothing.MOV,10,nothing,False,__NO_HAND__,,False,nothing,True,True,True,False,13.25973000001568,0.0,0.0,0.0,0.0,13.25973000001568
nothing.MOV,11,nothing,False,__NO_HAND__,,False,nothing,True,True,True,False,13.375762000009672,0.0,0.0,0.0,0.0,13.375762000009672
nothing.MOV,12,nothing,False,__NO_HAND__,,False,nothing,True,True,True,False,13.343929999962256,0.0,0.0,0.0,0.0,13.343929999962256
nothing.MOV,13,nothing,False,__NO_HAND__,,False,nothing,True,True,True,False,13.492017000032774,0.0,0.0,0.0,0.0,13.492017000032774
nothing.MOV,14,nothing,False,__NO_HAND__,,False,nothing,True,True,True,False,13.232560000005831,0.0,0.0,0.0,0.0,13.232560000005831
nothing.MOV,15,nothing,False,__NO_HAND__,,False,nothing,True,True,True,False,13.47638800001505,0.0,0.0,0.0,0.0,13.47638800001505
nothing.MOV,16,nothing,False,__NO_HAND__,,False,nothing,True,True,True,False,13.29414000002771,0.0,0.0,0.0,0.0,13.29414000002771
nothing.MOV,17,nothing,False,__NO_HAND__,,False,nothing,True,True,True,False,13.378149999994092,0.0,0.0,0.0,0.0,13.378149999994092
nothing.MOV,18,nothing,False,__NO_HAND__,,False,nothing,True,True,True,False,13.235385000029964,0.0,0.0,0.0,0.0,13.235385000029964
nothing.MOV,19,nothing,False,__NO_HAND__,,False,nothing,True,True,True,False,13.304771000036908,0.0,0.0,0.0,0.0,13.304771000036908
nothing.MOV,20,nothing,False,__NO_HAND__,,False,nothing,True,True,True,False,13.311070999975527,0.0,0.0,0.0,0.0,13.311070999975527
nothing.MOV,21,nothing,False,__NO_HAND__,,False,nothing,True,True,True,False,13.392798000040784,0.0,0.0,0.0,0.0,13.392798000040784
nothing.MOV,22,nothing,False,__NO_HAND__,,False,nothing,True,True,True,False,13.47317700003714,0.0,0.0,0.0,0.0,13.47317700003714
nothing.MOV,23,nothing,False,__NO_HAND__,,False,nothing,True,True,True,False,13.258695000047284,0.0,0.0,0.0,0.0,13.258695000047284
nothing.MOV,24,nothing,False,__NO_HAND__,,False,nothing,True,True,True,False,13.28306700003168,0.0,0.0,0.0,0.0,13.28306700003168
nothing.MOV,25,nothing,False,__NO_HAND__,,False,nothing,True,True,True,False,13.311584000007317,0.0,0.0,0.0,0.0,13.311584000007317
nothing.MOV,26,nothing,False,__NO_HAND__,,False,nothing,True,True,True,False,13.352924000002986,0.0,0.0,0.0,0.0,13.352924000002986
nothing.MOV,27,nothing,False,__NO_HAND__,,False,nothing,True,True,True,False,13.367146999996748,0.0,0.0,0.0,0.0,13.367146999996748
nothing.MOV,28,nothing,False,__NO_HAND__,,False,nothing,True,True,True,False,13.410596999960944,0.0,0.0,0.0,0.0,13.410596999960944
nothing.MOV,29,nothing,False,__NO_HAND__,,False,nothing,True,True,True,False,13.394159000029047,0.0,0.0,0.0,0.0,13.394159000029047
nothing.MOV,30,nothing,False,__NO_HAND__,,False,nothing,True,True,True,False,13.411238999992747,0.0,0.0,0.0,0.0,13.411238999992747
nothing.MOV,31,nothing,False,__NO_HAND__,,False,nothing,True,True,True,False,13.453357999992477,0.0,0.0,0.0,0.0,13.453357999992477
nothing.MOV,32,nothing,False,__NO_HAND__,,False,nothing,True,True,True,False,13.42596599999979,0.0,0.0,0.0,0.0,13.42596599999979
nothing.MOV,33,nothing,False,__NO_HAND__,,False,nothing,True,True,True,False,13.29726300002676,0.0,0.0,0.0,0.0,13.29726300002676
nothing.MOV,34,nothing,False,__NO_HAND__,,False,nothing,True,True,True,False,13.334358000008706,0.0,0.0,0.0,0.0,13.334358000008706
nothing.MOV,35,nothing,False,__NO_HAND__,,False,nothing,True,True,True,False,13.263954000024114,0.0,0.0,0.0,0.0,13.263954000024114
nothing.MOV,36,nothing,False,__NO_HAND__,,False,nothing,True,True,True,False,13.350360999993429,0.0,0.0,0.0,0.0,13.350360999993429
nothing.MOV,37,nothing,False,__NO_HAND__,,False,nothing,True,True,True,False,14.029061999963233,0.0,0.0,0.0,0.0,14.029061999963233
nothing.MOV,38,nothing,False,__NO_HAND__,,False,nothing,True,True,True,False,13.285553999992317,0.0,0.0,0.0,0.0,13.285553999992317
nothing.MOV,39,nothing,False,__NO_HAND__,,False,nothing,True,True,True,False,13.265879000016412,0.0,0.0,0.0,0.0,13.265879000016412
nothing.MOV,40,nothing,False,__NO_HAND__,,False,nothing,True,True,True,False,13.318154999979017,0.0,0.0,0.0,0.0,13.318154999979017
nothing.MOV,41,nothing,False,__NO_HAND__,,False,nothing,True,True,True,False,13.400740000008682,0.0,0.0,0.0,0.0,13.400740000008682
nothing.MOV,42,nothing,False,__NO_HAND__,,False,nothing,True,True,True,False,13.453728000001774,0.0,0.0,0.0,0.0,13.453728000001774
nothing.MOV,43,nothing,False,__NO_HAND__,,False,nothing,True,True,True,False,13.297539000006964,0.0,0.0,0.0,0.0,13.297539000006964
nothing.MOV,44,nothing,False,__NO_HAND__,,False,nothing,True,True,True,False,13.476763999960896,0.0,0.0,0.0,0.0,13.476763999960896
nothing.MOV,45,nothing,False,__NO_HAND__,,False,nothing,True,True,True,False,13.307623999992302,0.0,0.0,0.0,0.0,13.307623999992302
nothing.MOV,46,nothing,False,__NO_HAND__,,False,nothing,True,True,True,False,13.44876100000647,0.0,0.0,0.0,0.0,13.44876100000647
nothing.MOV,47,nothing,False,__NO_HAND__,,False,nothing,True,True,True,False,13.518605000001571,0.0,0.0,0.0,0.0,13.518605000001571
nothing.MOV,48,nothing,False,__NO_HAND__,,False,nothing,True,True,True,False,13.478998999971736,0.0,0.0,0.0,0.0,13.478998999971736
nothing.MOV,49,nothing,False,__NO_HAND__,,False,nothing,True,True,True,False,13.42607499998394,0.0,0.0,0.0,0.0,13.42607499998394
nothing.MOV,50,nothing,False,__NO_HAND__,,False,nothing,True,True,True,False,13.625248000039392,0.0,0.0,0.0,0.0,13.625248000039392
nothing.MOV,51,nothing,False,__NO_HAND__,,False,nothing,True,True,True,False,13.54638499998373,0.0,0.0,0.0,0.0,13.54638499998373
nothing.MOV,52,nothing,False,__NO_HAND__,,False,nothing,True,True,True,False,13.256888999990224,0.0,0.0,0.0,0.0,13.256888999990224
nothing.MOV,53,nothing,False,__NO_HAND__,,False,nothing,True,True,True,False,13.398469999970075,0.0,0.0,0.0,0.0,13.398469999970075
nothing.MOV,54,nothing,False,__NO_HAND__,,False,nothing,True,True,True,False,13.435103000006166,0.0,0.0,0.0,0.0,13.435103000006166
nothing.MOV,55,nothing,False,__NO_HAND__,,False,nothing,True,True,True,False,13.334414999974342,0.0,0.0,0.0,0.0,13.334414999974342
nothing.MOV,56,nothing,False,__NO_HAND__,,False,nothing,True,True,True,False,13.295436000021256,0.0,0.0,0.0,0.0,13.295436000021256
nothing.MOV,57,nothing,False,__NO_HAND__,,False,nothing,True,True,True,False,13.441072999967218,0.0,0.0,0.0,0.0,13.441072999967218
nothing.MOV,58,nothing,False,__NO_HAND__,,False,nothing,True,True,True,False,13.655658000004678,0.0,0.0,0.0,0.0,13.655658000004678
nothing.MOV,59,nothing,False,__NO_HAND__,,False,nothing,True,True,True,False,13.397073999954046,0.0,0.0,0.0,0.0,13.397073999954046
nothing.MOV,60,nothing,False,__NO_HAND__,,False,nothing,True,True,True,False,13.45484099999794,0.0,0.0,0.0,0.0,13.45484099999794
nothing.MOV,61,nothing,False,__NO_HAND__,,False,nothing,True,True,True,False,13.492791000032868,0.0,0.0,0.0,0.0,13.492791000032868
nothing.MOV,62,nothing,False,__NO_HAND__,,False,nothing,True,True,True,False,13.392334999991816,0.0,0.0,0.0,0.0,13.392334999991816
nothing.MOV,63,nothing,False,__NO_HAND__,,False,nothing,True,True,True,False,13.3900050000193,0.0,0.0,0.0,0.0,13.3900050000193
nothing.MOV,64,nothing,False,__NO_HAND__,,False,nothing,True,True,True,False,13.423896000006152,0.0,0.0,0.0,0.0,13.423896000006152
nothing.MOV,65,nothing,False,__NO_HAND__,,False,nothing,True,True,True,False,13.320351999993818,0.0,0.0,0.0,0.0,13.320351999993818
nothing.MOV,66,nothing,False,__NO_HAND__,,False,nothing,True,True,True,False,13.363765000008245,0.0,0.0,0.0,0.0,13.363765000008245
nothing.MOV,67,nothing,False,__NO_HAND__,,False,nothing,True,True,True,False,13.242533999971329,0.0,0.0,0.0,0.0,13.242533999971329
nothing.MOV,68,nothing,False,__NO_HAND__,,False,nothing,True,True,True,False,13.357548000044517,0.0,0.0,0.0,0.0,13.357548000044517
nothing.MOV,69,nothing,False,__NO_HAND__,,False,nothing,True,True,True,False,13.404057000002467,0.0,0.0,0.0,0.0,13.404057000002467
nothing.MOV,70,nothing,False,__NO_HAND__,,False,nothing,True,True,True,False,13.603471999999783,0.0,0.0,0.0,0.0,13.603471999999783
nothing.MOV,71,nothing,False,__NO_HAND__,,False,nothing,True,True,True,False,13.514143999998396,0.0,0.0,0.0,0.0,13.514143999998396
nothing.MOV,72,nothing,False,__NO_HAND__,,False,nothing,True,True,True,False,13.62643800001706,0.0,0.0,0.0,0.0,13.62643800001706
nothing.MOV,73,nothing,False,__NO_HAND__,,False,nothing,True,True,True,False,13.514034000024822,0.0,0.0,0.0,0.0,13.514034000024822
nothing.MOV,74,nothing,False,__NO_HAND__,,False,nothing,True,True,True,False,13.507118000006813,0.0,0.0,0.0,0.0,13.507118000006813
nothing.MOV,75,nothing,False,__NO_HAND__,,False,nothing,True,True,True,False,13.737351999964176,0.0,0.0,0.0,0.0,13.737351999964176
nothing.MOV,76,nothing,False,__NO_HAND__,,False,nothing,True,True,True,False,13.595324000050368,0.0,0.0,0.0,0.0,13.595324000050368
nothing.MOV,77,nothing,False,__NO_HAND__,,False,nothing,True,True,True,False,13.641412000026776,0.0,0.0,0.0,0.0,13.641412000026776
nothing.MOV,78,nothing,False,__NO_HAND__,,False,nothing,True,True,True,False,13.583023999956367,0.0,0.0,0.0,0.0,13.583023999956367
nothing.MOV,79,nothing,False,__NO_HAND__,,False,nothing,True,True,True,False,13.561665999986872,0.0,0.0,0.0,0.0,13.561665999986872
nothing.MOV,80,nothing,False,__NO_HAND__,,False,nothing,True,True,True,False,13.592529999982617,0.0,0.0,0.0,0.0,13.592529999982617
nothing.MOV,81,nothing,False,__NO_HAND__,,False,nothing,True,True,True,False,13.515842000003886,0.0,0.0,0.0,0.0,13.515842000003886
nothing.MOV,82,nothing,False,__NO_HAND__,,False,nothing,True,True,True,False,13.60264200002348,0.0,0.0,0.0,0.0,13.60264200002348
nothing.MOV,83,nothing,False,__NO_HAND__,,False,nothing,True,True,True,False,13.518437000016092,0.0,0.0,0.0,0.0,13.518437000016092
nothing.MOV,84,nothing,False,__NO_HAND__,,False,nothing,True,True,True,False,13.4313120000229,0.0,0.0,0.0,0.0,13.4313120000229
nothing.MOV,85,nothing,False,__NO_HAND__,,False,nothing,True,True,True,False,13.60829800000829,0.0,0.0,0.0,0.0,13.60829800000829
nothing.MOV,86,nothing,False,__NO_HAND__,,False,nothing,True,True,True,False,13.28251000001046,0.0,0.0,0.0,0.0,13.28251000001046
nothing.MOV,87,nothing,False,__NO_HAND__,,False,nothing,True,True,True,False,13.429271999996216,0.0,0.0,0.0,0.0,13.429271999996216
nothing.MOV,88,nothing,False,__NO_HAND__,,False,nothing,True,True,True,False,13.3226869999703,0.0,0.0,0.0,0.0,13.3226869999703
nothing.MOV,89,nothing,False,__NO_HAND__,,False,nothing,True,True,True,False,13.35760200004188,0.0,0.0,0.0,0.0,13.35760200004188
nothing.MOV,90,nothing,False,__NO_HAND__,,False,nothing,True,True,True,False,13.313130999961231,0.0,0.0,0.0,0.0,13.313130999961231
nothing.MOV,91,nothing,False,__NO_HAND__,,False,nothing,True,True,True,False,13.370030000032784,0.0,0.0,0.0,0.0,13.370030000032784
nothing.MOV,92,nothing,False,__NO_HAND__,,False,nothing,True,True,True,False,13.488065999979426,0.0,0.0,0.0,0.0,13.488065999979426
nothing.MOV,93,nothing,False,__NO_HAND__,,False,nothing,True,True,True,False,13.409059999958115,0.0,0.0,0.0,0.0,13.409059999958115
nothing.MOV,94,nothing,False,__NO_HAND__,,False,nothing,True,True,True,False,13.37495399997124,0.0,0.0,0.0,0.0,13.37495399997124
nothing.MOV,95,nothing,False,__NO_HAND__,,False,nothing,True,True,True,False,13.469999999983884,0.0,0.0,0.0,0.0,13.469999999983884
nothing.MOV,96,nothing,False,__NO_HAND__,,False,nothing,True,True,True,False,13.324021000016728,0.0,0.0,0.0,0.0,13.324021000016728
nothing.MOV,97,nothing,False,__NO_HAND__,,False,nothing,True,True,True,False,13.459630999989258,0.0,0.0,0.0,0.0,13.459630999989258
nothing.MOV,98,nothing,False,__NO_HAND__,,False,nothing,True,True,True,False,13.435993999962648,0.0,0.0,0.0,0.0,13.435993999962648
nothing.MOV,99,nothing,False,__NO_HAND__,,False,nothing,True,True,True,False,13.85234299999638,0.0,0.0,0.0,0.0,13.85234299999638
nothing.MOV,100,nothing,False,__NO_HAND__,,False,nothing,True,True,True,False,13.763127999993683,0.0,0.0,0.0,0.0,13.763127999993683
nothing.MOV,101,nothing,False,__NO_HAND__,,False,nothing,True,True,True,False,13.565465999988646,0.0,0.0,0.0,0.0,13.565465999988646
nothing.MOV,102,nothing,False,__NO_HAND__,,False,nothing,True,True,True,False,13.524931999995715,0.0,0.0,0.0,0.0,13.524931999995715
nothing.MOV,103,nothing,False,__NO_HAND__,,False,nothing,True,True,True,False,13.581849999980022,0.0,0.0,0.0,0.0,13.581849999980022
nothing.MOV,104,nothing,False,__NO_HAND__,,False,nothing,True,True,True,False,13.49134800000229,0.0,0.0,0.0,0.0,13.49134800000229
nothing.MOV,105,nothing,False,__NO_HAND__,,False,nothing,True,True,True,False,13.488638000012545,0.0,0.0,0.0,0.0,13.488638000012545
nothing.MOV,106,nothing,False,__NO_HAND__,,False,nothing,True,True,True,False,13.695343999984289,0.0,0.0,0.0,0.0,13.695343999984289
nothing.MOV,107,nothing,False,__NO_HAND__,,False,nothing,True,True,True,False,13.47351700002264,0.0,0.0,0.0,0.0,13.47351700002264
nothing.MOV,108,nothing,False,__NO_HAND__,,False,nothing,True,True,True,False,13.213732000053824,0.0,0.0,0.0,0.0,13.213732000053824
nothing.MOV,109,nothing,False,__NO_HAND__,,False,nothing,True,True,True,False,13.379451999981027,0.0,0.0,0.0,0.0,13.379451999981027
nothing.MOV,110,nothing,False,__NO_HAND__,,False,nothing,True,True,True,False,13.408197999979166,0.0,0.0,0.0,0.0,13.408197999979166
nothing.MOV,111,nothing,False,__NO_HAND__,,False,nothing,True,True,True,False,13.512971000011476,0.0,0.0,0.0,0.0,13.512971000011476
nothing.MOV,112,nothing,False,__NO_HAND__,,False,nothing,True,True,True,False,13.28318800000261,0.0,0.0,0.0,0.0,13.28318800000261
nothing.MOV,113,nothing,False,__NO_HAND__,,False,nothing,True,True,True,False,13.536377999969318,0.0,0.0,0.0,0.0,13.536377999969318
nothing.MOV,114,nothing,False,__NO_HAND__,,False,nothing,True,True,True,False,13.262011999984225,0.0,0.0,0.0,0.0,13.262011999984225
nothing.MOV,115,nothing,False,__NO_HAND__,,False,nothing,True,True,True,False,13.391532000014196,0.0,0.0,0.0,0.0,13.391532000014196
nothing.MOV,116,nothing,False,__NO_HAND__,,False,nothing,True,True,True,False,13.240547000009428,0.0,0.0,0.0,0.0,13.240547000009428
nothing.MOV,117,nothing,False,__NO_HAND__,,False,nothing,True,True,True,False,13.496948000010889,0.0,0.0,0.0,0.0,13.496948000010889
nothing.MOV,118,nothing,False,__NO_HAND__,,False,nothing,True,True,True,False,13.509974000044169,0.0,0.0,0.0,0.0,13.509974000044169
nothing.MOV,119,nothing,False,__NO_HAND__,,False,nothing,True,True,True,False,13.422712999954456,0.0,0.0,0.0,0.0,13.422712999954456
nothing.MOV,120,nothing,False,__NO_HAND__,,False,nothing,True,True,True,False,13.374973999987104,0.0,0.0,0.0,0.0,13.374973999987104
nothing.MOV,121,nothing,False,__NO_HAND__,,False,nothing,True,True,True,False,13.519923999979255,0.0,0.0,0.0,0.0,13.519923999979255
nothing.MOV,122,nothing,False,__NO_HAND__,,False,nothing,True,True,True,False,13.399592000041594,0.0,0.0,0.0,0.0,13.399592000041594
nothing.MOV,123,nothing,False,__NO_HAND__,,False,nothing,True,True,True,False,13.562508999996226,0.0,0.0,0.0,0.0,13.562508999996226
nothing.MOV,124,nothing,False,__NO_HAND__,,False,nothing,True,True,True,False,13.439770999980285,0.0,0.0,0.0,0.0,13.439770999980285
nothing.MOV,125,nothing,False,__NO_HAND__,,False,nothing,True,True,True,False,13.592649999964124,0.0,0.0,0.0,0.0,13.592649999964124
nothing.MOV,126,nothing,False,__NO_HAND__,,False,nothing,True,True,True,False,13.681672999950932,0.0,0.0,0.0,0.0,13.681672999950932
nothing.MOV,127,nothing,False,__NO_HAND__,,False,nothing,True,True,True,False,13.539343999980249,0.0,0.0,0.0,0.0,13.539343999980249
nothing.MOV,128,nothing,False,__NO_HAND__,,False,nothing,True,True,True,False,13.47414999997909,0.0,0.0,0.0,0.0,13.47414999997909
nothing.MOV,129,nothing,False,__NO_HAND__,,False,nothing,True,True,True,False,13.567249000004722,0.0,0.0,0.0,0.0,13.567249000004722
nothing.MOV,130,nothing,False,__NO_HAND__,,False,nothing,True,True,True,False,13.168968999991648,0.0,0.0,0.0,0.0,13.168968999991648
nothing.MOV,131,nothing,False,__NO_HAND__,,False,nothing,True,True,True,False,13.102952999986428,0.0,0.0,0.0,0.0,13.102952999986428
nothing.MOV,132,nothing,False,__NO_HAND__,,False,nothing,True,True,True,False,13.103588999967997,0.0,0.0,0.0,0.0,13.103588999967997
nothing.MOV,133,nothing,False,__NO_HAND__,,False,nothing,True,True,True,False,13.223911000011412,0.0,0.0,0.0,0.0,13.223911000011412
nothing.MOV,134,nothing,False,__NO_HAND__,,False,nothing,True,True,True,False,13.236766999966676,0.0,0.0,0.0,0.0,13.236766999966676
space.MOV,0,space,True,space,0.9305647015571594,True,space,True,False,False,False,14.459665000003952,0.0100089999932606,0.8431580000660688,44.85197799999696,0.0235339999790085,60.18834400003925
space.MOV,1,space,True,space,0.935595691204071,True,space,True,False,False,False,14.047505999997156,0.0079359999745065,0.8777210000516789,43.97582499996133,0.0228829999286972,58.93187099991337
space.MOV,2,space,True,space,0.9200288653373718,True,space,True,False,False,False,13.999372000000676,0.0064079999901878,0.774584999930994,43.26055499996073,0.0241019999975833,58.06502199988017
space.MOV,3,space,True,space,0.9368098974227904,True,space,True,False,False,False,14.009314999952949,0.0077240000564415,0.8222569999816187,44.79077200005577,0.0224429999207131,59.65251099996749
space.MOV,4,space,True,space,0.8540967106819153,True,space,True,False,False,False,14.082083999994666,0.0076340000987329,0.8107769999696757,43.06930099994588,0.0217689999999493,57.9915650000089
space.MOV,5,space,True,space,0.8050386905670166,True,space,True,False,False,False,14.113080000015543,0.0076800000670118,0.8079399999587622,42.380432999948425,0.0201070000684921,57.32924000005824
space.MOV,6,space,True,space,0.8985000848770142,True,space,True,False,False,False,14.031814000020404,0.0069320000193329,0.5008759999327594,44.33501500000148,0.0211209999179118,58.895757999891885
space.MOV,7,space,True,space,0.5946520566940308,True,space,True,False,False,False,13.968243999954666,0.0070339999638235,0.7823800000323899,43.21831300001122,0.0211540000236709,57.99712499998577
space.MOV,8,space,True,space,0.7601895332336426,True,space,True,False,False,False,14.782883000009406,0.0059489999557627,0.776790000031724,44.00980200000504,0.0201660000129777,59.59559000001491
space.MOV,9,space,True,space,0.7040663361549377,True,space,True,False,False,False,14.479818999973304,0.0084780000406681,0.8879810000053112,44.17322200004037,0.0205850000156715,59.57008500007532
space.MOV,10,space,True,space,0.921783447265625,True,space,True,False,False,False,14.066323999998076,0.0070239999558907,0.7829120000906187,43.14356999998381,0.0209749999839914,58.02080500001239
space.MOV,11,space,True,space,0.9148730039596558,True,space,True,False,False,False,14.0272639999921,0.0065430000404376,0.8043990000032863,42.590393999944354,0.0226869999551126,57.45128699993529
space.MOV,12,space,True,space,0.7587968707084656,True,space,True,False,False,False,14.026196999964212,0.0063339999769596,0.7965869999679853,43.32007799996518,0.0213020000501273,58.170497999924464
space.MOV,13,space,True,space,0.5882204174995422,True,space,True,False,False,False,14.03180599999132,0.0066540000034365,0.793597999972917,43.95940500000961,0.0208689999681155,58.8123319999454
space.MOV,14,space,True,U,0.4654422402381897,False,U,False,False,False,True,14.056600999992952,0.0075060000881421,0.8468099999845435,45.12602299996615,0.0201719999495253,60.05711199998132
space.MOV,15,space,True,U,0.5951806306838989,False,U,False,False,False,True,14.307353999981842,0.0072789999876476,0.7900760000438822,42.87206200001492,0.0205950000236043,57.9973660000519
space.MOV,16,space,True,U,0.5223773121833801,False,U,False,False,False,True,14.19499700000415,0.008095999987745,0.8909420000691171,44.413337000037245,0.0246190001007562,59.53199100019901
space.MOV,17,space,True,space,0.5554963946342468,True,space,True,False,False,False,14.0838780000081,0.0219919999153717,0.7892400000173438,44.67938100003721,0.0216079999972862,59.59609899997531
space.MOV,18,space,True,space,0.7927414178848267,True,space,True,False,False,False,14.257334999967952,0.0085579999904439,0.8321269999669312,43.14501399994697,0.0246719999950073,58.2677059998673
space.MOV,19,space,True,space,0.8773313164710999,True,space,True,False,False,False,14.134970999975849,0.0065919999769903,0.5074890000287269,41.9950240000162,0.0230290000899913,56.66710500008776
space.MOV,20,space,True,space,0.8325605392456055,True,space,True,False,False,False,14.09598800000822,0.0062770000113232,0.8259229999794115,42.20714799998859,0.0233409999736977,57.15867699996125
space.MOV,21,space,True,space,0.8451784253120422,True,space,True,False,False,False,14.097981000020354,0.0068800000008195,0.7883890000357496,42.60944600002858,0.019775999930971,57.52247200001648
space.MOV,22,space,True,space,0.823288083076477,True,space,True,False,False,False,14.015712999992047,0.007340999900407,0.8381420000205253,43.67092099994352,0.0249979999580318,58.55711499981453
space.MOV,23,space,True,space,0.7293543815612793,True,space,True,False,False,False,13.967908999973131,0.0062289999505082,0.8520879999878161,42.85928000001604,0.023208000015984,57.70871399994349
space.MOV,24,space,True,space,0.8671275973320007,True,space,True,False,False,False,13.92223600004172,0.0062299999399328,0.8879779999233506,43.04008100007195,0.0205329999971581,57.87705799997411
space.MOV,25,space,True,space,0.809437096118927,True,space,True,False,False,False,13.977946000011343,0.0073850000035236,0.8446190000768183,43.11777100008385,0.0214960000448627,57.9692170002204
space.MOV,26,space,True,space,0.814733624458313,True,space,True,False,False,False,13.993432999996005,0.0074450000511205,0.8685220000188565,45.151465000003554,0.0226050000264876,60.04347000009602
space.MOV,27,space,True,space,0.8459673523902893,True,space,True,False,False,False,14.010958999961076,0.0075770000194097,0.8199559999866324,42.98470499998075,0.0213490000078309,57.8445459999557
space.MOV,28,space,True,space,0.9145537614822388,True,space,True,False,False,False,14.090971000030097,0.0084700000115844,0.8803549999356619,44.60084200002257,0.02196200000526,59.60260000000517
space.MOV,29,space,True,space,0.9437699913978576,True,space,True,False,False,False,14.07805400003781,0.00971200006461,0.9446569999909116,43.65445200005525,0.0227140000106373,58.70958900015921
space.MOV,30,space,True,space,0.9150403738021852,True,space,True,False,False,False,14.043275000005906,0.0077839999903517,0.8092529999430553,43.25047299994367,0.0238630000239936,58.134647999906974
space.MOV,31,space,True,space,0.9616698026657104,True,space,True,False,False,False,14.018529999987097,0.0082530000327096,0.8405940000102419,42.27857600005791,0.0237819999711064,57.16973500005906
space.MOV,32,space,True,space,0.9807120561599731,True,space,True,False,False,False,14.114855000002535,0.0067330000774745,0.8568910000121832,43.36898899998687,0.0217680000105247,58.36923600008959
space.MOV,33,space,True,space,0.9744567275047302,True,space,True,False,False,False,14.274686000021577,0.0066659999902185,0.8797409999488082,44.884858000045824,0.0209270000368633,60.06687800004329
space.MOV,34,space,True,space,0.9787113070487976,True,space,True,False,False,False,14.25480900002185,0.0073620000193841,0.800484000023971,42.775989999995545,0.022887999989507,57.86153300005026
space.MOV,35,space,True,space,0.9654518961906432,True,space,True,False,False,False,13.903706000007787,0.0065340000219293,0.9401849999903787,44.91426499998852,0.0227040000027045,59.78739400001132
space.MOV,36,space,True,space,0.9328657984733582,True,space,True,False,False,False,14.12666599998147,0.0088689999984126,0.8168719999730456,42.78001500006212,0.0222499999154024,57.75467199993045
space.MOV,37,space,True,space,0.9558636546134948,True,space,True,False,False,False,14.013882999961425,0.0066849999029727,0.8093889999827297,44.04892000002292,0.0225450000925775,58.90142199996262
space.MOV,38,space,True,space,0.9629473686218262,True,space,True,False,False,False,14.304391999985455,0.0064380000139863,0.8176819999334839,43.01413500002127,0.023025000018606,58.1656719999728
space.MOV,39,space,True,space,0.9309694170951844,True,space,True,False,False,False,14.058422000005066,0.0071910000087882,0.6339829999433277,42.66107199998714,0.0222539999867876,57.38292199993111
space.MOV,40,space,True,space,0.9670480489730836,True,space,True,False,False,False,13.956382000003488,0.0073420000035184,0.7870550000461662,43.70865999999296,0.0227650000397261,58.48220400008586
space.MOV,41,space,True,space,0.9734742641448976,True,space,True,False,False,False,13.977515000021867,0.0065840000615935,0.8013699999764867,42.51488900001732,0.0243950000822223,57.32475300015949
space.MOV,42,space,True,space,0.9705889225006104,True,space,True,False,False,False,14.1626009999527,0.0073149999479937,0.806312000008802,42.6636199999848,0.0229770000714779,57.66282499996578
space.MOV,43,space,True,space,0.8619014024734497,True,space,True,False,False,False,13.9810669999747,0.0065230000245719,0.7708790000151566,42.21121600005517,0.0222029999576989,56.9918880000273
space.MOV,44,space,True,space,0.8846963047981262,True,space,True,False,False,False,13.87083200000916,0.0067209999770057,0.7904120000148396,42.39700200002972,0.0218700000687022,57.08683700009942
space.MOV,45,space,True,space,0.6793757081031799,True,space,True,False,False,False,14.226183999994646,0.0073610000299595,0.7756769999787139,42.13196600005631,0.023369000018647,57.16455700007828
space.MOV,46,space,True,space,0.8229883909225464,True,space,True,False,False,False,14.121996000028505,0.0070769999638287,0.8434110000052897,43.35335399991891,0.0256320000744381,58.35146999999097
space.MOV,47,space,True,space,0.691785454750061,True,space,True,False,False,False,13.99464500002523,0.0084210000750317,0.876931999982844,42.64632100000654,0.028020999934597,57.55434000002424
space.MOV,48,space,True,space,0.8323590159416199,True,space,True,False,False,False,13.887199999999211,0.0069339999981821,0.8018400000082693,42.083335000029365,0.0214899999946283,56.800799000029656
space.MOV,49,space,True,space,0.8716099858283997,True,space,True,False,False,False,14.168281000024765,0.0066940000351678,0.814068999943629,42.387447999999495,0.0379900000098132,57.41448200001287
space.MOV,50,space,True,space,0.8703173995018005,True,space,True,False,False,False,14.063886999963415,0.0070459999506056,0.8119120000174007,41.80081900005917,0.020145999997112,56.7038099999877
space.MOV,51,space,True,space,0.7433802485466003,True,space,True,False,False,False,14.278797000031318,0.0067260000378155,0.8438369999339557,42.1905880000395,0.0197770000340824,57.33972500007667
space.MOV,52,space,True,space,0.7687709331512451,True,space,True,False,False,False,14.098535000016454,0.0060469999425549,0.8253820000163614,42.74200799989103,0.0200519999680182,57.69202399983442
space.MOV,53,space,True,space,0.7814376950263977,True,space,True,False,False,False,14.010147000021789,0.0064129999373108,0.7951470000762129,42.15152300002956,0.0190819999943414,56.98231200005921
space.MOV,54,space,True,space,0.7469930052757263,True,space,True,False,False,False,13.954779000016517,0.006417000008696,0.8698730000560317,42.30253499997616,0.0214849999338184,57.15508899999122
space.MOV,55,space,True,space,0.7752060294151306,True,space,True,False,False,False,13.98033899999973,0.0065609999637672,0.8051059999161225,42.45806599999469,0.0205700000606157,57.27064199993493
space.MOV,56,space,True,space,0.7880135178565979,True,space,True,False,False,False,13.936696000030224,0.0061659999346375,0.7884980000198993,42.29002700003548,0.0219239999523779,57.04331099997262
space.MOV,57,space,True,space,0.8508455753326416,True,space,True,False,False,False,14.178234000041812,0.0071570000272913,0.8062839999638527,45.99698099991656,0.0225539999973989,61.011209999946914
space.MOV,58,space,True,space,0.7155987024307251,True,space,True,False,False,False,13.970380999978715,0.0071309999611912,0.8392199999889272,43.556041999977424,0.0240819999817176,58.396855999887975
space.MOV,59,space,True,space,0.9361407160758972,True,space,True,False,False,False,14.275638000015078,0.0067900000431109,0.7727739999836558,42.72277999996277,0.0216649999629225,57.799646999967536
space.MOV,60,space,True,space,0.8953782320022583,True,space,True,False,False,False,13.94282699999394,0.0068049999981667,0.8639579999680791,42.10398800000803,0.0195359999679567,56.93711399993617
space.MOV,61,space,True,space,0.839256763458252,True,space,True,False,False,False,14.038025000047584,0.0071519999664815,0.5077929999970365,43.77280599999267,0.0193740000895559,58.34515000009333
space.MOV,62,space,True,space,0.8729000687599182,True,space,True,False,False,False,14.065287999983411,0.0059980000060022,0.7979810000051657,42.21395699994446,0.0192329999890716,57.10245699992811
space.MOV,63,space,True,space,0.9433656930923462,True,space,True,False,False,False,13.992690999998558,0.0055860000429674,0.790120000033312,41.908616999990045,0.0195620000340568,56.71657600009894
space.MOV,64,space,True,space,0.9891659617424012,True,space,True,False,False,False,13.863740000033433,0.0060290000192253,0.8643869999787057,43.55525300002228,0.0358660000756572,58.325275000129295
space.MOV,65,space,True,space,0.995729386806488,True,space,True,False,False,False,14.108864999968771,0.0071719999823471,0.8067530000062106,41.89346300006491,0.021124999989297,56.83737800001154
space.MOV,66,space,True,space,0.9948116540908812,True,space,True,False,False,False,14.039556000000175,0.0063429999954678,0.8003440000265982,42.932818000053885,0.0227070000846651,57.80176800016079
space.MOV,67,space,True,space,0.9944748282432556,True,space,True,False,False,False,14.120487000013782,0.006191000011313,0.8176769999863609,41.78117800006476,0.0215999999682026,56.747133000044414
space.MOV,68,space,True,space,0.9921867847442628,True,space,True,False,False,False,14.02052299999923,0.0063240000827136,0.7851289999507571,42.97621799992157,0.0221900000951791,57.81038400004945
space.MOV,69,space,True,space,0.9916167855262756,True,space,True,False,False,False,14.014401999986603,0.0074690000246846,0.8184360000313973,41.995616999997765,0.0221719999444758,56.858095999984926
space.MOV,70,space,True,space,0.9845426082611084,True,space,True,False,False,False,14.041753000014978,0.0074490000088189,0.8253119999608316,43.809390999967945,0.0211469999840119,58.705051999936586
space.MOV,71,space,True,space,0.9909590482711792,True,space,True,False,False,False,13.950130000011995,0.006554000037795,0.8031280000295737,41.61992299998474,0.0221010000132082,56.40183600007731
space.MOV,72,space,True,space,0.9841692447662354,True,space,True,False,False,False,13.959848000013151,0.0108729999510615,0.8155640000495623,57.6162419999946,0.0236520000953532,72.42617900010373
space.MOV,73,space,True,space,0.9832571148872375,True,space,True,False,False,False,14.075670000011089,0.0072430000273016,0.8169069999439671,42.584359999978005,0.0198290000525958,57.50400900001296
space.MOV,74,space,True,space,0.9896127581596376,True,space,True,False,False,False,14.008730999989892,0.006049000035091,0.7779540000001361,43.29925399997592,0.0262460000612918,58.11823400006233
space.MOV,75,space,True,space,0.994218111038208,True,space,True,False,False,False,14.021311000021797,0.0119620000305076,0.8458999999447769,55.6170680000605,0.0217540000448934,70.51799500010247
space.MOV,76,space,True,space,0.9940096139907836,True,space,True,False,False,False,13.983758999984277,0.0071749999506209,0.8092109999324748,42.87520900004438,0.0211689999787267,57.69652299989048
space.MOV,77,space,True,space,0.9832637906074524,True,space,True,False,False,False,14.262248000022735,0.0072290000616703,0.8126599999513928,42.0652230000087,0.0217560000237426,57.16911600006824
space.MOV,78,space,True,space,0.968907594680786,True,space,True,False,False,False,14.14364099997556,0.0067089999902236,0.8039449999159842,42.8556629999548,0.0206499998967046,57.83060799973328
space.MOV,79,space,True,space,0.9563359618186952,True,space,True,False,False,False,14.517901000033362,0.0060579999399124,0.8841540000048553,42.86379000006946,0.0220039999021537,58.29390699994974
space.MOV,80,space,True,space,0.880108118057251,True,space,True,False,False,False,13.995519999980388,0.0069660000008298,0.7944339999994554,44.00105299998813,0.0222589999339106,58.82023199990272
space.MOV,81,space,True,space,0.9291735887527466,True,space,True,False,False,False,14.070634999939102,0.0073940000220318,0.8224510000900409,43.28490099999272,0.0216919999047604,58.20707299994865
space.MOV,82,space,True,space,0.94838148355484,True,space,True,False,False,False,13.908650999951533,0.0068589999955293,0.820796000084556,43.9557209999748,0.0185049999572584,58.71053199996368
space.MOV,83,space,True,space,0.836060106754303,True,space,True,False,False,False,14.143730999990112,0.0070700000378565,0.8229069999288185,42.428344999962064,0.0207629999522396,57.42281599987109
space.MOV,84,space,True,space,0.8446492552757263,True,space,True,False,False,False,13.996253999948747,0.0058900000112771,0.8050459999822124,42.133433000003606,0.0187040000128035,56.95932699995865
space.MOV,85,space,True,space,0.8706926107406616,True,space,True,False,False,False,14.274380999950154,0.0066059999426215,0.7809830000269358,42.32777599997917,0.0223760000608308,57.41212199995971
space.MOV,86,space,True,space,0.8385636806488037,True,space,True,False,False,False,14.698539000050914,0.0073889999612219,0.8185340000181895,42.539354000041385,0.0248069999315703,58.08862300000328
space.MOV,87,space,True,space,0.8613513708114624,True,space,True,False,False,False,14.254433000019162,0.00865899994551,0.9020950000149242,45.18727499998931,0.0232380000397824,60.37570000000869
space.MOV,88,space,True,space,0.8541721105575562,True,space,True,False,False,False,14.083126000059565,0.0081740000723584,0.8373929999834218,43.5070270000324,0.0237140000081126,58.45943400015585
space.MOV,89,space,True,space,0.8650920391082764,True,space,True,False,False,False,14.22753399992871,0.0085860000353932,0.8870030000025508,43.87487399992551,0.0210890000289509,59.01908599992112
space.MOV,90,space,True,space,0.803057849407196,True,space,True,False,False,False,13.98171400001047,0.0081990000353471,0.822277999986909,42.69520200000443,0.0223120000555354,57.52970500009269
space.MOV,91,space,True,space,0.8842397332191467,True,space,True,False,False,False,13.936862999912591,0.0071599999955651,0.8682989999897472,44.888990000004014,0.0524469999163557,59.753758999818274
space.MOV,92,space,True,space,0.9087436199188232,True,space,True,False,False,False,13.990071999955944,0.0063450000880038,0.9010159999434108,43.7641439999652,0.0413760000128604,58.70295299996542
space.MOV,93,space,True,space,0.7968881726264954,True,space,True,False,False,False,13.995878999935483,0.0085670000089521,0.8662869998943279,44.375262000016846,0.022108999928605,59.268103999784216
space.MOV,94,space,True,space,0.7120692729949951,True,space,True,False,False,False,14.2895019999969,0.0122540000120352,0.8416179999812812,43.082201000061104,0.022238999918045,58.24781399996937
space.MOV,95,space,True,space,0.7204762101173401,True,space,True,False,False,False,14.11924999990788,0.0067010000748268,0.8828699999412493,43.99249699997654,0.0224079999497917,59.023725999850285
space.MOV,96,space,True,space,0.9066097736358644,True,space,True,False,False,False,13.95018700009132,0.005849000103808,0.5107030000317536,43.45847199999753,0.0242460000663413,57.94945700029075
space.MOV,97,space,True,space,0.9146105647087096,True,space,True,False,False,False,14.31808099994214,0.0060910000456715,0.851807000003646,43.611802999976135,0.0359590000016396,58.82374099996923
space.MOV,98,space,True,space,0.941737413406372,True,space,True,False,False,False,14.232306999929278,0.0080930000194712,0.8773790000304871,44.29029100003845,0.0238800000715855,59.43195000008927
space.MOV,99,space,True,space,0.8999717831611633,True,space,True,False,False,False,14.099521999924036,0.0067990000616191,0.8355149999488276,43.7618770000654,0.0234440000212998,58.72715700002118
space.MOV,100,space,True,space,0.8655682802200317,True,space,True,False,False,False,14.165115999958289,0.0071299999717666,0.5558520000477074,45.209728000031646,0.023376000058306,59.96120200006772
space.MOV,101,space,True,space,0.9687938690185548,True,space,True,False,False,False,14.870985000015937,0.0091680000195992,0.8449879999261611,44.76812600000813,0.0225410000211923,60.51580799999101
space.MOV,102,space,True,space,0.9929739236831664,True,space,True,False,False,False,14.339585000016086,0.0086250000776999,0.8396810000022015,46.04444699998567,0.0561959999458849,61.28853400002754
space.MOV,103,space,True,space,0.9823747277259828,True,space,True,False,False,False,14.211338999984946,0.0073200000088036,0.8397509999440445,43.34414200002357,0.0202600000420716,58.42281200000343
space.MOV,104,space,True,space,0.9832337498664856,True,space,True,False,False,False,14.14476000002196,0.0062189999425754,0.8425019999549477,44.997648000048684,0.0214850000475053,60.01261400001568
space.MOV,105,space,True,space,0.9948830604553224,True,space,True,False,False,False,14.043363000041609,0.0060390000271581,0.8458880000716817,42.28149799996572,0.0222870000925468,57.19907500019872
space.MOV,106,space,True,space,0.9712292551994324,True,space,True,False,False,False,14.3839580000531,0.0063940000245565,0.906684999904428,42.5031659999604,0.0215310000157842,57.82173399995827
space.MOV,107,space,True,space,0.9954544305801392,True,space,True,False,False,False,14.350626999998894,0.0078900000062276,0.8906870000373601,43.09283599991432,0.0223989999312834,58.36443899988808
space.MOV,108,space,True,space,0.99622642993927,True,space,True,False,False,False,14.497677999997904,0.0073879999717973,0.8549850000463266,44.186708999973234,0.0216509999972913,59.56841099998656
space.MOV,109,space,True,space,0.9974545836448668,True,space,True,False,False,False,14.75877699999728,0.0070429999823318,0.8937800000694551,44.46588799999063,0.0214120000237016,60.1469000000634
space.MOV,110,space,True,space,0.9960634112358092,True,space,True,False,False,False,14.545926999971924,0.0065240000139965,0.8471099999951548,43.7140819999513,0.0284129999954529,59.14205599992784
space.MOV,111,space,True,space,0.9958935976028442,True,space,True,False,False,False,14.280080000048656,0.0069210000219754,0.8360770000308548,43.55224100004307,0.0218689999655907,58.69718800011015
space.MOV,112,space,True,space,0.996394693851471,True,space,True,False,False,False,14.222078999978294,0.0071620000881011,0.9279449999439748,43.3472319999737,0.0193070000022999,58.52372499998637
space.MOV,113,space,True,space,0.9980489015579224,True,space,True,False,False,False,14.206815999955325,0.0087409999878218,0.8887079999340131,42.50649699997666,0.0205750000077387,57.63133699986156
space.MOV,114,space,True,space,0.995915710926056,True,space,True,False,False,False,14.361617000076876,0.008026000045902,0.8685820000664535,43.70190600002388,0.0238070000477819,58.963938000260896
space.MOV,115,space,True,space,0.9907327890396118,True,space,True,False,False,False,14.17789200002062,0.0200389999918115,0.9003199999142453,44.07531699996525,0.0221970000211513,59.19576499991308
space.MOV,116,space,True,space,0.9769957661628724,True,space,True,False,False,False,13.97076700004618,0.005988999987494,0.8354720000625093,42.66763800001172,0.0211399999443528,57.50100600005226
space.MOV,117,space,True,space,0.9739335179328918,True,space,True,False,False,False,14.062880999972547,0.0057769999557422,0.8439910000106465,43.07113599998047,0.0213659999417359,58.00515099986114
space.MOV,118,space,True,space,0.9793731570243835,True,space,True,False,False,False,14.287535999983447,0.0073460000749037,0.8937060000562269,44.03606599998966,0.0272380000296834,59.25189200013392
space.MOV,119,space,True,space,0.9840901494026184,True,space,True,False,False,False,14.257657000030122,0.0078640000538143,1.0922069999423911,43.543382999928326,0.0195459999758895,58.92065699993054
space.MOV,120,space,True,space,0.97092866897583,True,space,True,False,False,False,14.16770200000883,0.0074320000749139,0.8337689999962095,42.47860499992839,0.0222560000793237,57.50976400008767
space.MOV,121,space,True,space,0.9776419401168824,True,space,True,False,False,False,14.345609999963926,0.0069049999638082,0.8459880000373232,46.16444800001318,0.0224000000343949,61.38535100001263
space.MOV,122,space,True,space,0.9925302863121032,True,space,True,False,False,False,14.094920999923488,0.0070500000219908,0.8339479999222021,42.56555099993875,0.0184059999810415,57.51987599978747
space.MOV,123,space,True,space,0.9872058629989624,True,space,True,False,False,False,14.07062299995232,0.0074240000458303,0.8995499999855383,43.793766000021606,0.0218929999391548,58.79325599994445
space.MOV,124,space,True,space,0.9601024389266968,True,space,True,False,False,False,14.066012999933264,0.0066919999426318,0.524423999991086,42.682197999965865,0.0239820000160762,57.30330899984892
space.MOV,125,space,True,space,0.9873812198638916,True,space,True,False,False,False,14.545939999948132,0.0067280000166647,0.8490779999874576,43.808853999962594,0.0186060000260113,59.22920599994086
space.MOV,126,space,True,space,0.9798989295959472,True,space,True,False,False,False,14.354544999946484,0.0070890000642975,0.8280250000325395,42.36604400000488,0.0223790000291046,57.5780820000773
space.MOV,127,space,True,space,0.9646425843238832,True,space,True,False,False,False,14.103554000030272,0.0060929999108338,0.7859880000751218,42.86371799992139,0.021745999902123,57.78109899983974
space.MOV,128,space,True,space,0.9343121647834778,True,space,True,False,False,False,14.217328999961865,0.0065190000668735,0.8064690000537666,42.640433999963534,0.0183910000259857,57.689142000072025
space.MOV,129,space,True,space,0.9714680314064026,True,space,True,False,False,False,14.298291000045538,0.0072359999876425,0.8869839999761098,45.60807799998656,0.0219569999444502,60.8225459999403
space.MOV,130,space,True,space,0.9844346642494202,True,space,True,False,False,False,14.224237000007632,0.0078719999692111,0.8921339999687916,44.46483799995349,0.0207949999548873,59.60987599985401
space.MOV,131,space,True,space,0.9638917446136476,True,space,True,False,False,False,13.9489319999484,0.0062040001012064,0.8395679999466665,42.46660399996927,0.0194080000710528,57.28071600003659
space.MOV,132,space,True,space,0.9602563977241516,True,space,True,False,False,False,14.034817000037949,0.0069710000616396,0.8385179999095271,43.30053199998929,0.0195469999653141,58.20038499996372
space.MOV,133,space,True,space,0.969755232334137,True,space,True,False,False,False,14.11058399992271,0.0062240000033852,0.8251890000110507,43.07210599995415,0.02224800005024,58.03635099994153
space.MOV,134,space,True,space,0.9912564754486084,True,space,True,False,False,False,14.343477000011262,0.0056420000191792,0.8041680000587803,44.3087660000856,0.0222979999762173,59.48435100015104
space.MOV,135,space,True,space,0.9921982884407043,True,space,True,False,False,False,13.895092000097977,0.0071849999585538,0.8980110000038621,44.200090999993336,0.0225209998916398,59.022899999945366
space.MOV,136,space,True,space,0.9898533225059508,True,space,True,False,False,False,13.83231199997681,0.0065689999928508,0.8695139999872481,46.154849000004106,0.0223139999206978,60.88555799988171
space.MOV,137,space,True,space,0.9891555905342102,True,space,True,False,False,False,13.917400000082123,0.0066769999875759,0.93169600006604,56.19736099993133,0.0404030000709099,71.09353700013799
space.MOV,138,space,True,space,0.991439938545227,True,space,True,False,False,False,13.8522599999078,0.0059550000059971,0.948845999914738,43.147799000053055,0.0224119999074901,57.97727199978908
