video,frame_idx,true_label,stage1_detected,pred_label,pred_conf,correct_strict,pred_label_operational,correct_operational,operational_nothing_policy_applied,localization_failure,recognition_failure,stage1_latency_ms,roi_crop_ms,preprocess_ms,model_call_ms,postprocess_ms,component_sum_e2e_ms
A.MOV,0,A,True,X,0.4734417200088501,False,X,False,False,False,True,7144.13352699998,0.0200070003302244,3.69296199960445,1054.6853439996084,0.02334000009796,8202.555179999621
A.MOV,1,A,True,X,0.4826004803180694,False,X,False,False,False,True,16.098302000017384,0.01134500007538,0.5307439996613539,194.39264999982697,0.0204269999812822,211.0534679995624
A.MOV,2,A,True,X,0.3985320925712585,False,X,False,False,False,True,15.95690800002103,0.0069510001594608,0.4747989996758406,194.58069199981765,0.0223740003093553,211.04172399998333
A.MOV,3,A,True,N,0.3991303145885467,False,N,False,False,False,True,15.504192000008745,0.0075729999480245,0.546696000128577,208.7562489996344,0.0215740001294761,224.83628399984923
A.MOV,4,A,True,delete,0.2382871657609939,False,delete,False,False,False,True,14.527304000012007,0.0081749999480962,0.4513990002124046,210.6182430002264,0.0187680002454726,225.6238890006444
A.MOV,5,A,True,N,0.2313428223133087,False,N,False,False,False,True,14.215843999977553,0.0087570001596759,0.4984009997315297,192.46777999978804,0.0177900001290254,207.20857199978585
A.MOV,6,A,True,X,0.2589665353298187,False,X,False,False,False,True,14.174013999991075,0.008148000233632,0.4296060001252044,190.33694299969284,0.0196270002561504,204.9683380002989
A.MOV,7,A,True,B,0.3938364386558532,False,B,False,False,False,True,14.517385999994303,0.0062429999161395,0.4389609998725063,190.67394700005025,0.0201349998860678,205.6566719997193
A.MOV,8,A,True,N,0.266236662864685,False,N,False,False,False,True,14.56688499999359,0.0068909998844901,0.7875979999880656,193.53761399997893,0.0172620002558687,208.9162500001009
A.MOV,9,A,True,X,0.3796827793121338,False,X,False,False,False,True,14.002902000015638,0.0075779998951475,0.7647500001439766,192.207604000032,0.0181109999175532,207.00094500000432
A.MOV,10,A,True,X,0.3313016593456268,False,X,False,False,False,True,13.985996999991812,0.0253709999924467,0.7182780000221101,193.15693799990183,0.0192309998965356,207.9058149998048
A.MOV,11,A,True,X,0.4326105713844299,False,X,False,False,False,True,14.276258999984748,0.0069590000748576,0.8006000002751534,198.5971980002432,0.0181030000021564,213.6991190005801
A.MOV,12,A,True,X,0.5181289315223694,False,X,False,False,False,True,14.20429899999931,0.0076170003922015,0.4695970001193927,199.36503000008088,0.0175259997376997,214.06406900032948
A.MOV,13,A,True,X,0.3416129946708679,False,X,False,False,False,True,14.87058899999738,0.0092180002866371,0.7637460003024898,218.14591299971653,0.0209229997381044,233.8103890000412
A.MOV,14,A,True,X,0.3176957666873932,False,X,False,False,False,True,15.299986000002264,0.0139180001497152,0.8066810000855185,203.95871499977147,0.017545999980939,220.0968459999899
A.MOV,15,A,True,N,0.307288259267807,False,N,False,False,False,True,13.972996000006788,0.0060669999584206,0.7630879999851459,195.8460189998732,0.0173230000655166,210.6054929998891
A.MOV,16,A,True,N,0.2781306803226471,False,N,False,False,False,True,14.170427999999902,0.0065240001276833,0.4278480000721174,195.47744300007253,0.0170620000972121,210.09930500036944
A.MOV,17,A,True,X,0.3138627707958221,False,X,False,False,False,True,14.130785000020296,0.008591000096203,0.4966029996467114,193.41512100027103,0.0224509999497968,208.07355099998404
A.MOV,18,A,True,X,0.3928658962249756,False,X,False,False,False,True,14.422365000001491,0.0060509996728796,0.6517649999295827,194.27867500007773,0.0171729998328373,209.37602899951457
A.MOV,19,A,True,X,0.3182945847511291,False,X,False,False,False,True,14.28898600002526,0.0074660001700976,0.4690900000241527,192.56888799964145,0.0186659999599214,207.35309599982088
A.MOV,20,A,True,X,0.3102336227893829,False,X,False,False,False,True,14.052356999997071,0.0059129997680429,0.4473359999792592,194.8541779997868,0.0172320001183834,209.3770159996496
A.MOV,21,A,True,X,0.3598494827747345,False,X,False,False,False,True,14.350505000010116,0.0064500000007683,0.4429300001902447,194.5435039997392,0.0174920000972633,209.3608810000376
A.MOV,22,A,True,delete,0.2752726078033447,False,delete,False,False,False,True,14.079447999989725,0.0072050002017931,0.4349800001364201,193.10388599978972,0.0174200004039448,207.6429390005217
A.MOV,23,A,True,B,0.3925937116146087,False,B,False,False,False,True,14.526770999992776,0.0073379997047595,0.4534499998953833,192.4994450000668,0.0182580001819587,207.50526199984165
A.MOV,24,A,True,P,0.272535502910614,False,P,False,False,False,True,14.37599400000522,0.0066890002017316,0.5014210000808816,196.3323500003753,0.0174729998434486,211.23392700050653
A.MOV,25,A,True,P,0.2772265672683716,False,P,False,False,False,True,14.330749000009746,0.007136000022001,0.4927260001750255,193.001398999968,0.0179129997377458,207.84992299991245
A.MOV,26,A,True,B,0.270238995552063,False,B,False,False,False,True,14.285774000001084,0.0075550001383817,0.5080359997009509,192.4685270000737,0.0174739998328732,207.28736599974687
A.MOV,27,A,True,B,0.7776841521263123,False,B,False,False,False,True,14.42969199999311,0.0067519999902287,0.4962539996995474,199.7209139999541,0.0170150001395086,214.6706269997765
A.MOV,28,A,True,B,0.5866302251815796,False,B,False,False,False,True,14.352408999997124,0.0065009999161702,0.455208999937895,218.87225999989823,0.0181750001502223,233.70455399989964
A.MOV,29,A,True,B,0.6185929775238037,False,B,False,False,False,True,14.35804300001564,0.007749999895168,0.7913600002211751,193.25176999973337,0.0213510002140537,208.4302740000794
A.MOV,30,A,True,B,0.5128185749053955,False,B,False,False,False,True,14.120252999987317,0.0068110002757748,0.8012120001694711,199.348486999952,0.0192649999917193,214.29602800037628
A.MOV,31,A,True,B,0.544219970703125,False,B,False,False,False,True,13.97682800001121,0.0078429998211504,0.7748409998384886,194.77022099999888,0.0261779996435507,209.55591099931328
A.MOV,32,A,True,B,0.4975136816501617,False,B,False,False,False,True,13.955295000016577,0.0068109998210275,0.4475249997994979,191.8258420000712,0.0176949997694464,206.25316799947768
A.MOV,33,A,True,U,0.250289648771286,False,U,False,False,False,True,14.220359999995935,0.0069880002229183,0.4447759997674438,192.35881600025093,0.0191469998753746,207.05008700011263
A.MOV,34,A,True,nothing,0.953236162662506,False,nothing,False,False,False,True,14.092629000003852,0.0066429997787054,0.4385859997455554,192.48456200011788,0.0253449998126598,207.04776499945865
A.MOV,35,A,True,nothing,0.9968947172164916,False,nothing,False,False,False,True,14.271559000007985,0.0083159998212067,0.7896150000306079,195.8004319999418,0.0172979998751543,210.8872199996768
A.MOV,36,A,True,nothing,0.9891453981399536,False,nothing,False,False,False,True,13.950584000014032,0.0060320003285596,0.4360350003480562,190.7650049997756,0.0164409998433257,205.1740970003096
A.MOV,37,A,True,N,0.2458702176809311,False,N,False,False,False,True,13.989836999996896,0.0073109999902953,0.7342989997596305,191.33727799999176,0.0174089996107795,206.08613399934936
A.MOV,38,A,True,N,0.4235670268535614,False,N,False,False,False,True,14.069365000011658,0.0060070001381973,0.6944179999663902,193.8280969998232,0.0181000000338826,208.6159869999733
A.MOV,39,A,True,N,0.5347891449928284,False,N,False,False,False,True,14.201237999998284,0.0069890002123429,0.4372280000097817,192.1880529998816,0.017346999811707,206.8508549999137
A.MOV,40,A,True,X,0.478471040725708,False,X,False,False,False,True,13.88012099999969,0.0066590000642463,0.419676000092295,193.16755599993485,0.0181469999915862,207.4921590000827
A.MOV,41,A,True,N,0.6923760175704956,False,N,False,False,False,True,13.94836400001509,0.007475000074919,0.4403930001899425,193.1516099998589,0.017028999991453,207.56487100013032
A.MOV,42,A,True,X,0.2715348303318023,False,X,False,False,False,True,13.986692999992556,0.0065399999584769,0.4231309999340737,191.7298389998905,0.017894999928103,206.1640979997037
A.MOV,43,A,True,B,0.2657151222229004,False,B,False,False,False,True,14.040856999997686,0.0082350002230668,0.4533490000540041,195.64889499997665,0.0171450001289485,210.16848100038032
A.MOV,44,A,True,N,0.2732709348201751,False,N,False,False,False,True,14.007644000002983,0.0060090001170465,0.7766600001559709,192.56114700010585,0.017447000118409,207.36890700050023
A.MOV,45,A,True,N,0.6313997507095337,False,N,False,False,False,True,14.039785000022675,0.0068419999479374,0.7563429999208893,196.5999680001005,0.0174039996636565,211.42034199965565
A.MOV,46,A,True,N,0.4144520759582519,False,N,False,False,False,True,14.01190300001076,0.007610000011482,0.4928510002173425,206.0364090002622,0.0210619996323657,220.56983500013416
A.MOV,47,A,True,N,0.546899676322937,False,N,False,False,False,True,13.990742000004277,0.008042999979807,0.7715140000073006,194.78682699991623,0.0174100000549515,209.57453599996256
A.MOV,48,A,True,X,0.3447238802909851,False,X,False,False,False,True,14.029274000023406,0.0085030001173436,0.479549999909068,194.8974030001409,0.01699299991742,209.4317230001081
A.MOV,49,A,True,B,0.4599341452121734,False,B,False,False,False,True,14.128112999998166,0.0063150000642053,0.4424609996931394,195.96476399965468,0.019438999970589,210.5610919993808
A.MOV,50,A,True,B,0.3328314125537872,False,B,False,False,False,True,14.260758000006035,0.0076559999797609,0.7945719999042922,197.78579000012544,0.0171849997059325,212.86596099972144
A.MOV,51,A,True,B,0.4030127823352813,False,B,False,False,False,True,14.066143999997394,0.0080509998952038,0.765784999657626,196.6887509997832,0.0182549997589376,211.5469859990924
A.MOV,52,A,True,B,0.2235111594200134,False,B,False,False,False,True,14.095168000011428,0.0081550001596042,0.7883769999352808,217.2607979996428,0.0188940002772142,232.1713920000264
A.MOV,53,A,True,X,0.4275636076927185,False,X,False,False,False,True,14.026381999997284,0.0080929999057843,0.7959980002851808,196.1347120000028,0.0213230000554176,210.98650800024643
A.MOV,54,A,True,X,0.4974586367607116,False,X,False,False,False,True,13.995485000009468,0.0075890002335654,0.9055099999386584,189.1014350003388,0.0173050002558738,204.0273240007764
A.MOV,55,A,True,X,0.4150567054748535,False,X,False,False,False,True,14.106100999981663,0.0100450001809804,0.773057000060362,195.0250029999552,0.0190749997273087,209.9332809999055
A.MOV,56,A,True,X,0.4192245304584503,False,X,False,False,False,True,13.924948000010318,0.0062879998949938,0.7775369999762916,192.3190430002251,0.0176089997694361,207.0454249998761
A.MOV,57,A,True,X,0.4442245364189148,False,X,False,False,False,True,13.979936999987784,0.0082360002124914,0.739432000045781,190.22708199963745,0.0170449998222466,204.97173199970567
A.MOV,58,A,True,X,0.7275275588035583,False,X,False,False,False,True,14.181817999997293,0.0063219999901775,0.7293730000128562,192.5310960000388,0.0173040002664492,207.4659130003056
A.MOV,59,A,True,X,0.6116647124290466,False,X,False,False,False,True,14.182247999997344,0.0067099999796482,0.755359999857319,192.20935500015912,0.0173910002558841,207.1710640002493
A.MOV,60,A,True,X,0.5067970156669617,False,X,False,False,False,True,14.36196800000289,0.0091630004135367,0.7636850000380946,192.89807199993447,0.0181330001396418,208.05102100052864
A.MOV,61,A,True,X,0.7149070501327515,False,X,False,False,False,True,14.242358999979388,0.0072329999056819,0.7363599997916026,193.5129230000712,0.017004000255838,208.51587900000368
A.MOV,62,A,True,X,0.7661892771720886,False,X,False,False,False,True,13.943437999984098,0.0062570002228312,0.7037420000415295,191.35108299997228,0.0184049999916169,206.02292500021235
A.MOV,63,A,True,X,0.6587872505187988,False,X,False,False,False,True,14.090604000017493,0.006604000191146,0.7705890002398519,190.84517300007064,0.0177319998329039,205.73070200035204
A.MOV,64,A,True,X,0.7800614833831787,False,X,False,False,False,True,13.942237999998495,0.0080390000221086,0.7606240001223341,193.50087900011204,0.0169859999914478,208.2287660002464
A.MOV,65,A,True,X,0.5558307766914368,False,X,False,False,False,True,14.046654000026138,0.0078880002547521,0.7767160000184958,193.8464410000052,0.016227000287472,208.693926000592
A.MOV,66,A,True,X,0.6049668192863464,False,X,False,False,False,True,14.33387299999822,0.0058529999478196,0.7451899996340217,192.43885800005955,0.0171609999597421,207.54093499959936
A.MOV,67,A,True,X,0.5833121538162231,False,X,False,False,False,True,14.01834399999302,0.0074409999797353,0.7745650000288151,191.0859199997504,0.0184320001608284,205.9047019999128
A.MOV,68,A,True,X,0.5198944211006165,False,X,False,False,False,True,13.97672899997815,0.0065640001594147,0.7540039996456471,198.82148099986807,0.0179640001078951,213.5767419997592
A.MOV,69,A,True,X,0.4656766653060913,False,X,False,False,False,True,14.14442799998028,0.0076540000009117,0.7746310002403334,217.36909199989896,0.0173670000549464,232.31317200017543
A.MOV,70,A,True,X,0.5383908152580261,False,X,False,False,False,True,14.00009299999283,0.0070780001806269,0.759924000249157,197.39371400009983,0.0189849997696001,212.17979400029208
A.MOV,71,A,True,X,0.4513948559761047,False,X,False,False,False,True,14.003196000004436,0.0088020001385302,0.7960880002428894,195.2801850002288,0.0175860000126704,210.1058570006273
A.MOV,72,A,True,X,0.5353685617446899,False,X,False,False,False,True,14.864504000001943,0.0076769997576775,0.7562379996670643,191.6054759999497,0.0174589999915042,207.2513539993679
A.MOV,73,A,True,X,0.5728822946548462,False,X,False,False,False,True,15.906712000003154,0.006719000339217,0.7804500000929693,193.49520800005848,0.017801000012696,210.2068900005065
A.MOV,74,A,True,X,0.7154378294944763,False,X,False,False,False,True,14.05501900001127,0.0061089999690011,0.7419369999297487,194.6229629998016,0.0165480000759998,209.44257599978755
A.MOV,75,A,True,X,0.6356713771820068,False,X,False,False,False,True,14.0185269999904,0.0071429999479732,0.7541989998571808,193.8632379997216,0.0166579998222005,208.65976499933936
A.MOV,76,A,True,X,0.6423500180244446,False,X,False,False,False,True,13.853087000001096,0.0059839999266841,0.477836000300158,190.90221599981305,0.0181160003194236,205.2572390003604
A.MOV,77,A,True,X,0.6697208881378174,False,X,False,False,False,True,14.0278789999968,0.0062420003814622,0.5159679999451328,191.5889150000112,0.0186659999599214,206.1576700002945
A.MOV,78,A,True,X,0.6208666563034058,False,X,False,False,False,True,13.958652000013672,0.005702000180463,0.4316950003158126,195.1061529998697,0.0200109998331754,209.5222130002128
A.MOV,79,A,True,X,0.5666410326957703,False,X,False,False,False,True,13.995991000001595,0.0064329997258028,0.4650009996112203,193.5980709999967,0.0186970000868313,208.08419299942216
A.MOV,80,A,True,X,0.6121109127998352,False,X,False,False,False,True,13.93857300001855,0.0060569996094272,0.4376609999781067,192.0649499998035,0.0181390000761894,206.46537999948572
A.MOV,81,A,True,X,0.5721331238746643,False,X,False,False,False,True,14.104720000005956,0.0074859999585896,0.786136999977316,192.0048429997223,0.0199050000446732,206.92309099970885
A.MOV,82,A,True,X,0.7908225059509277,False,X,False,False,False,True,14.068928999989794,0.006031000339135,0.4519389999586565,192.0506709998336,0.0185059998329961,206.5960759999541
A.MOV,83,A,True,X,0.8041365742683411,False,X,False,False,False,True,13.980708999980608,0.0078100001701386,0.453743999969447,191.2165950002418,0.0171469996530504,205.67600500001504
A.MOV,84,A,True,X,0.8281601667404175,False,X,False,False,False,True,13.889198000015313,0.0069900002017675,0.7605949999742734,190.95152599993528,0.0183219999598804,205.6266310000865
A.MOV,85,A,True,X,0.7431188821792603,False,X,False,False,False,True,14.10440600000129,0.0077869999586255,0.7500520000576216,193.493928999942,0.0170230000549054,208.37319700001444
A.MOV,86,A,True,X,0.603615939617157,False,X,False,False,False,True,13.975676000001158,0.0060620000112976,0.7604209999954037,192.71813499972268,0.0170220000654808,207.477315999796
A.MOV,87,A,True,X,0.7004610896110535,False,X,False,False,False,True,14.0062640000167,0.0065070003074652,0.7551069998044113,195.15937699998176,0.0184109999281645,209.9456660000385
A.MOV,88,A,True,X,0.8747977614402771,False,X,False,False,False,True,13.96488800000384,0.0064040000324894,0.7329670002036437,193.4521410003072,0.0175329996636719,208.1739330002108
A.MOV,89,A,True,X,0.7828895449638367,False,X,False,False,False,True,13.95907200000579,0.0075130001278012,0.7900000000518048,191.92047800015644,0.0172830000337853,206.6943460003756
A.MOV,90,A,True,X,0.7771509289741516,False,X,False,False,False,True,14.419126000007054,0.0062399999478657,0.4606790002981142,193.9292040001419,0.020978000065952,208.8362270004609
A.MOV,91,A,True,X,0.8032110929489136,False,X,False,False,False,True,14.233507000000143,0.0066259999584872,0.4872529998465325,191.9834299997092,0.0188829999387962,206.72969899945315
A.MOV,92,A,True,X,0.8881157040596008,False,X,False,False,False,True,14.103038000001789,0.0062199997046263,0.4506550003497978,191.01017299999512,0.0354609996975341,205.60554699974887
A.MOV,93,A,True,X,0.8263159990310669,False,X,False,False,False,True,13.972064999990153,0.0071419999585486,0.4512470000008761,190.258200000244,0.0202910000552947,204.70894500024883
A.MOV,94,A,True,X,0.8272548913955688,False,X,False,False,False,True,14.01400400001762,0.0065809999796329,0.4550609996840649,193.54624199968384,0.0178230002347845,208.03971099959995
A.MOV,95,A,True,X,0.7604767680168152,False,X,False,False,False,True,13.986506999998484,0.0061460000324586,0.442557000042143,193.15529400000744,0.0181909999810159,207.60869500006152
A.MOV,96,A,True,X,0.817716121673584,False,X,False,False,False,True,14.034528999985696,0.0084289999904285,0.8030879998841556,192.41159700004573,0.0241449997702147,207.28178799967623
A.MOV,97,A,True,X,0.7607718110084534,False,X,False,False,False,True,14.05412299999398,0.0066200000219396,0.5020869998588751,191.1948160000065,0.019126000097458,205.7767719999788
A.MOV,98,A,True,X,0.8745236396789551,False,X,False,False,False,True,14.084702000019432,0.0074690001383714,0.766765999742347,193.4569059999376,0.0182879998646967,208.33413099970244
A.MOV,99,A,True,X,0.803532063961029,False,X,False,False,False,True,13.93696299999192,0.0064769997152325,0.7730809998065524,194.4273350000003,0.0187089999599265,209.162564999474
A.MOV,100,A,True,X,0.8991103768348694,False,X,False,False,False,True,13.948510999995278,0.0066160000642412,0.7215269997686846,192.1350110001185,0.0186120000762457,206.830277000023
A.MOV,101,A,True,X,0.8216255903244019,False,X,False,False,False,True,14.436681999995926,0.0084549997154681,0.8016009996936191,192.0453259999704,0.0184159998752875,207.31047999925067
A.MOV,102,A,True,X,0.8429572582244873,False,X,False,False,False,True,14.18450299999563,0.0081390003288106,0.4712940003628318,195.0023669996881,0.0210250000236555,209.68732800039905
A.MOV,103,A,True,X,0.8222135901451111,False,X,False,False,False,True,14.102432000015597,0.006931999905646,0.4640760002985189,192.205192000074,0.020444999790925,206.7990770000847
A.MOV,104,A,True,X,0.8561595678329468,False,X,False,False,False,True,13.970923000016455,0.006398999630619,0.4833640000470041,199.1187779999564,0.0201500001821841,213.59961399983263
A.MOV,105,A,True,X,0.4465693235397339,False,X,False,False,False,True,14.263470999992478,0.006518999725813,0.4502009996940614,192.93414300000225,0.0196980004147917,207.67403199982937
A.MOV,106,A,True,X,0.7634007930755615,False,X,False,False,False,True,14.386080000008404,0.0079260003076342,0.5033480001657153,196.65979899991729,0.0208710002880252,211.57802400068704
A.MOV,107,A,True,X,0.6665555834770203,False,X,False,False,False,True,13.80692099999692,0.0080770000749907,0.5170230001567688,195.19103699985865,0.0193900000340363,209.5424480001213
A.MOV,108,A,True,X,0.6380801796913147,False,X,False,False,False,True,13.813838999993775,0.0066820002757594,0.4463049999685609,190.7674869999028,0.0203179997697589,205.0546309999106
A.MOV,109,A,True,X,0.5707224011421204,False,X,False,False,False,True,14.151961999999685,0.0072689999797148,0.4433549997884256,197.00376899982075,0.0199890000658342,211.6263439996544
A.MOV,110,A,True,X,0.5260032415390015,False,X,False,False,False,True,14.153054000018985,0.0060359998315107,0.5095709998386155,210.1529289998325,0.0175569998646096,224.83914699938623
A.MOV,111,A,True,X,0.4949989020824432,False,X,False,False,False,True,13.839458999996168,0.0090879998424497,0.790928999776952,193.09248500030665,0.0170960001923958,207.7490570001146
A.MOV,112,A,True,X,0.6904681324958801,False,X,False,False,False,True,14.154198999989376,0.0061640002968488,0.7620619999215705,195.31861999985267,0.017675999970379,210.25872100003085
A.MOV,113,A,True,X,0.6179659366607666,False,X,False,False,False,True,14.18023799999446,0.0077670001701335,0.4823489998670993,191.64598399993332,0.017786000171327,206.3341240001364
A.MOV,114,A,True,X,0.7334861159324646,False,X,False,False,False,True,14.116662000020597,0.0059109997891937,0.4620350000550388,191.4854970000306,0.0180129995897004,206.08811799948512
A.MOV,115,A,True,X,0.5613706111907959,False,X,False,False,False,True,14.076208000005863,0.0067940000008093,0.4675989998759178,192.78374299983625,0.0190959999599726,207.3534399996788
A.MOV,116,A,True,X,0.5456175804138184,False,X,False,False,False,True,14.196259000016198,0.007506000201829,0.8010699998521886,192.648162000296,0.0198440002350253,207.67284100060124
A.MOV,117,A,True,X,0.7319040894508362,False,X,False,False,False,True,14.095702000020085,0.0068469998950604,0.5036460001974774,190.9469150000405,0.0181790001079207,205.571289000261
A.MOV,118,A,True,X,0.7218518257141113,False,X,False,False,False,True,14.350267999986954,0.0059540002439462,0.4485949998525029,189.82935399981216,0.0173190001078182,204.65149000000332
A.MOV,119,A,True,X,0.7285149693489075,False,X,False,False,False,True,14.187956999990092,0.0082380001913406,0.881619000210776,196.3728720002109,0.0207269999918935,211.47141300059505
A.MOV,120,A,True,X,0.5259035229682922,False,X,False,False,False,True,14.399988999997504,0.0071839999691292,0.7810020001670637,193.43700599984004,0.0178199998117634,208.6430009997855
A.MOV,121,A,True,X,0.7292318344116211,False,X,False,False,False,True,14.785743999993883,0.0066669999796431,0.4757729998345894,202.7235840000685,0.0195699999494536,218.01133799982608
A.MOV,122,A,True,X,0.8560092449188232,False,X,False,False,False,True,14.151698999995688,0.0065270000959571,0.4996889997528342,205.05869699991308,0.0203750000764557,219.736986999834
A.MOV,123,A,True,X,0.8821203112602234,False,X,False,False,False,True,14.16318299999375,0.0077569998211401,0.7773939996695844,190.24032200013608,0.0180500001079053,205.20670599972848
A.MOV,124,A,True,X,0.8237560987472534,False,X,False,False,False,True,14.14074100000562,0.0065710000853869,0.4577310000968282,191.91924599999768,0.0198170000658137,206.5441060002513
A.MOV,125,A,True,X,0.8023509383201599,False,X,False,False,False,True,14.107905999992454,0.007177000043157,0.5295030000525003,190.526052000223,0.0195510001503862,205.1901890004615
A.MOV,126,A,True,X,0.7951120138168335,False,X,False,False,False,True,14.58096999999725,0.0060420002228056,0.4497130003073835,193.9285980001841,0.0199729997802933,208.98529600049187
A.MOV,127,A,True,X,0.750876247882843,False,X,False,False,False,True,15.260764999993626,0.0078399998528766,0.509090999912587,195.4910310000741,0.0193690002561197,211.28809600008933
A.MOV,128,A,True,X,0.7728385925292969,False,X,False,False,False,True,14.216046999990796,0.005593000423687,0.7320899999285757,193.2241350000368,0.0205960000130289,208.19846100039285
A.MOV,129,A,True,X,0.7624347805976868,False,X,False,False,False,True,14.015882999984797,0.006265000138228,0.7562069999949017,199.44970599999576,0.0176819999069266,214.24574300002064
A.MOV,130,A,True,X,0.758000373840332,False,X,False,False,False,True,14.100611000003482,0.0057990000641439,0.7339829999182257,191.0512399999789,0.0162679998538806,205.9079009998186
A.MOV,131,A,True,X,0.745355486869812,False,X,False,False,False,True,14.072462999990876,0.0062749995777267,0.7666910000807547,195.624831999794,0.0171310002770042,210.4873919997204
A.MOV,132,A,True,X,0.5937776565551758,False,X,False,False,False,True,13.904515000007224,0.0052760001381102,0.7461279997187376,201.874663000126,0.0166079998962231,216.5471899998863
B.MOV,0,B,True,X,0.7264580130577087,False,X,False,False,False,True,14.956157999989728,0.0099330000011832,0.8928499996727624,198.5996969997359,0.0194280000869184,214.4780659994865
B.MOV,1,B,True,X,0.7397683262825012,False,X,False,False,False,True,14.261004000019284,0.0087500002337037,0.8850230001371528,195.1543679997485,0.0199940000129572,210.3291390001516
B.MOV,2,B,True,X,0.8407751321792603,False,X,False,False,False,True,13.993687999999338,0.0073070000325969,0.8244320001722372,193.1195019997176,0.0199040000552486,207.96483299997703
B.MOV,3,B,True,X,0.6980544924736023,False,X,False,False,False,True,14.08167400001048,0.0066540001171233,0.828632999855472,190.3359829998408,0.0210729999707837,205.27401699979464
B.MOV,4,B,True,X,0.4961211681365967,False,X,False,False,False,True,14.365225999995346,0.0066089996835216,0.876792999861209,195.41728900003363,0.0198940001610026,210.6858109997347
B.MOV,5,B,True,delete,0.3952990472316742,False,delete,False,False,False,True,14.067898999996942,0.0084420003076957,0.8965259999058617,197.8539199999432,0.0214130000131262,212.8482000001668
B.MOV,6,B,True,M,0.4135565459728241,False,M,False,False,False,True,13.86043200000131,0.007600000117236,0.8795389999249892,201.6724999998587,0.0218819996007368,216.44195299950297
B.MOV,7,B,True,M,0.8212699890136719,False,M,False,False,False,True,14.0244179999911,0.0064519999796175,0.8988999998109648,196.6117359997952,0.0211609999496431,211.56266699952653
B.MOV,8,B,True,M,0.2942953705787658,False,M,False,False,False,True,14.037126999994598,0.0062429999161395,0.9147669998128548,195.4836949998935,0.0202920000447193,210.4621239996618
B.MOV,9,B,True,N,0.6420323848724365,False,N,False,False,False,True,14.274199999988468,0.0088930000856635,0.8984060000329919,197.6093150001361,0.0219440003093041,212.8127580005525
B.MOV,10,B,True,N,0.9700199961662292,False,N,False,False,False,True,14.003994000006514,0.0114300000859657,0.9861720000117202,193.95276500017644,0.0214640003832755,208.97582500066392
B.MOV,11,B,True,N,0.7230091691017151,False,N,False,False,False,True,14.030453999993142,0.0071649997153144,0.8930170001804072,195.8779990000039,0.0217480001083458,210.83038300000112
B.MOV,12,B,True,X,0.9644445180892944,False,X,False,False,False,True,13.942279999980656,0.0073189999056921,1.0588279997136851,224.60805599985176,0.0229239999498531,239.63940699940167
B.MOV,13,B,True,X,0.9740066528320312,False,X,False,False,False,True,13.993980999998712,0.0163099998644611,1.0428279997540812,201.64693200013065,0.021012999695813,216.7210639994437
B.MOV,14,B,True,X,0.834223747253418,False,X,False,False,False,True,14.018292999992354,0.0095260002126451,0.9311660001003474,205.1460249999764,0.0245660003201919,220.1295760006019
B.MOV,15,B,True,X,0.9646338224411012,False,X,False,False,False,True,13.899204000011878,0.0085189999481372,0.8839800002533593,197.11938000000373,0.0201689999812515,211.9312520001984
B.MOV,16,B,True,X,0.9510897994041444,False,X,False,False,False,True,14.14607999998907,0.0065730000642361,0.8732230003261066,195.31561900021188,0.0212079999073466,210.36270300049864
B.MOV,17,B,True,X,0.9324946403503418,False,X,False,False,False,True,14.09339600002113,0.0077879999480501,0.8475210001961386,193.776503999743,0.0179019998540752,208.7431109997624
B.MOV,18,B,True,X,0.8347725868225098,False,X,False,False,False,True,14.0147259999992,0.0067359997046878,0.8497630001329526,191.5349149999201,0.0185980002243013,206.4247379999813
B.MOV,19,B,True,X,0.3885972201824188,False,X,False,False,False,True,13.912235999981704,0.0060470001699286,0.8420380004281469,189.4266010003776,0.0178210002559353,204.20474300121327
B.MOV,20,B,True,X,0.6993406414985657,False,X,False,False,False,True,14.108813999996528,0.006703000053676,0.8691590001035365,196.237642000142,0.0200740000764199,211.2423920003721
B.MOV,21,B,True,X,0.7009448409080505,False,X,False,False,False,True,14.263636000009685,0.0076240003181737,0.8696479999343865,195.51857599981304,0.0198859997908584,210.6793699998661
B.MOV,22,B,True,X,0.3655058443546295,False,X,False,False,False,True,13.999595000001364,0.0068160002228978,0.8466999997835956,194.29053000021668,0.0197969998225744,209.1634380000471
B.MOV,23,B,True,X,0.7433546781539917,False,X,False,False,False,True,13.964607000019669,0.0070080000114103,0.833159999729105,191.7041810002047,0.0197350000235019,206.5286909999884
B.MOV,24,B,True,X,0.8003045320510864,False,X,False,False,False,True,14.678254000017432,0.0063140000747807,0.8514269998158852,190.7073430002129,0.0208900000870926,206.26422800020805
B.MOV,25,B,True,X,0.8399032950401306,False,X,False,False,False,True,13.992417000025624,0.0069759998950758,0.8623699995951029,193.97308599991447,0.0198590000763942,208.85470799950667
B.MOV,26,B,True,X,0.6606053709983826,False,X,False,False,False,True,13.964685000019015,0.0071380000008502,0.8804490003058163,191.9013420001648,0.0196900000446476,206.77330400053503
B.MOV,27,B,True,X,0.5301653146743774,False,X,False,False,False,True,14.580857999987984,0.0067969999690831,0.8989240000119025,193.1005829997048,0.0198699999600648,208.60703199963385
B.MOV,28,B,True,X,0.4640589356422424,False,X,False,False,False,True,14.450285999998869,0.0066559996412252,0.83439099989846,194.1631109998525,0.017865000245365,209.47230899963645
B.MOV,29,B,True,X,0.3947460651397705,False,X,False,False,False,True,14.347237999999152,0.0068780000219703,0.8904809997147822,193.5149190003358,0.0206149998120963,208.7801309998838
B.MOV,30,B,True,delete,0.4452633857727051,False,delete,False,False,False,True,14.605114000005416,0.0062770000113232,0.8539880000171252,192.1048059998612,0.0291210003524611,207.59930600024745
B.MOV,31,B,True,delete,0.403237521648407,False,delete,False,False,False,True,14.539818999992349,0.0072729999374132,0.9158890002254338,192.17482400017616,0.020978000065952,207.6587830003973
B.MOV,32,B,True,delete,0.4842948019504547,False,delete,False,False,False,True,14.00838299997531,0.0066719999267661,0.8677819996592007,193.50133099987943,0.0203100003091094,208.40447799974984
B.MOV,33,B,True,delete,0.4906902015209198,False,delete,False,False,False,True,13.919640000011668,0.0073900000643334,0.8497879998685676,190.8615990000726,0.0197809999917808,205.65819800000887
B.MOV,34,B,True,delete,0.4823758006095886,False,delete,False,False,False,True,13.878741000013406,0.0071790000220062,0.8621110000603949,189.94269299992084,0.0210549997063935,204.71177899972304
B.MOV,35,B,True,delete,0.4006588757038116,False,delete,False,False,False,True,13.922918999980991,0.0067289997787156,0.8827589999782504,189.0845220000301,0.0214550000237068,203.91838399979176
B.MOV,36,B,True,delete,0.3958575427532196,False,delete,False,False,False,True,14.098955999997996,0.0067820001277141,0.8572349997848505,192.64469400013687,0.0175800000761228,207.62524700012364
B.MOV,37,B,True,X,0.412166029214859,False,X,False,False,False,True,13.947575999992525,0.0067000000854022,0.8539870000277006,194.42986500007464,0.021432000266941,209.2595600004472
B.MOV,38,B,True,delete,0.3622161149978637,False,delete,False,False,False,True,14.134855999998308,0.0068709996412508,0.8951489999162732,194.1619680001168,0.0171980000231997,209.2160419996958
B.MOV,39,B,True,delete,0.4107262790203094,False,delete,False,False,False,True,14.31726499998831,0.0067249998210172,0.8683860000928689,191.92991099998835,0.0198449997697025,207.14213199966025
B.MOV,40,B,True,delete,0.4029613733291626,False,delete,False,False,False,True,13.991199000003007,0.0065819999690575,0.8803639998404833,192.082525999922,0.0198220000129367,206.9804929997474
B.MOV,41,B,True,X,0.4993958175182342,False,X,False,False,False,True,14.228005999996183,0.0062130002334015,0.8940109996729007,191.90435899963632,0.0209799995900539,207.05356899912888
B.MOV,42,B,True,X,0.4836852848529815,False,X,False,False,False,True,14.08473399999366,0.0069329998950706,0.889025000105903,196.1646400000064,0.0206220001928159,211.16595400019372
B.MOV,43,B,True,X,0.4097634255886078,False,X,False,False,False,True,14.663140999999769,0.0062420003814622,0.8788459999777842,195.928184999957,0.0202950000129931,211.49670900032905
B.MOV,44,B,True,X,0.5656986832618713,False,X,False,False,False,True,14.079503999994358,0.007366000318143,0.832392999654985,189.98743400015883,0.0199599999177735,204.9266570000441
B.MOV,45,B,True,X,0.6659501194953918,False,X,False,False,False,True,14.165143000013812,0.0068419999479374,0.8785420000094746,191.05578400012743,0.0209350000659469,206.12724600016463
B.MOV,46,B,True,X,0.974162757396698,False,X,False,False,False,True,13.917668000004824,0.0067579999267763,0.8792489998086239,193.69347500014555,0.0202400001398928,208.51739000002567
B.MOV,47,B,True,X,0.989608108997345,False,X,False,False,False,True,14.282398999995394,0.0061279997680685,0.8819690001473646,191.66780399973504,0.0209199997698306,206.8592199994157
B.MOV,48,B,True,X,0.9943597912788392,False,X,False,False,False,True,14.146065999995017,0.0061139999161241,0.8394980000048236,193.12390999994025,0.0194660001398006,208.135053999996
B.MOV,49,B,True,X,0.993545949459076,False,X,False,False,False,True,14.19491499999026,0.0062839999372954,0.8550399998057401,192.80569900001865,0.0211900000977038,207.88312799984965
B.MOV,50,B,True,X,0.997978150844574,False,X,False,False,False,True,14.102035999997042,0.0078620000749651,0.9819980000429496,195.9930970001551,0.0209939998967456,211.1059870001668
B.MOV,51,B,True,X,0.9895301461219788,False,X,False,False,False,True,14.126191999991988,0.0068620001911767,0.9174580000035348,192.36219499998697,0.0208750002457236,207.4335820004194
B.MOV,52,B,True,X,0.9980315566062928,False,X,False,False,False,True,14.14696400001958,0.0082430001384636,0.8683209998707753,207.4366309998368,0.0214100000448524,222.48156899991045
B.MOV,53,B,True,X,0.9594051837921144,False,X,False,False,False,True,14.00029500001665,0.006734000180586,0.8621980000498297,219.58094599995093,0.019085000076302,234.4692580002743
B.MOV,54,B,True,X,0.9936610460281372,False,X,False,False,False,True,13.987989000014522,0.0072749999162624,0.962120000167488,194.9324690003777,0.02064899990728,209.9105020003833
B.MOV,55,B,True,X,0.9881799221038818,False,X,False,False,False,True,14.089905999981056,0.0071419999585486,0.8710600000085833,196.88409099990167,0.0219459998334059,211.87414499968327
B.MOV,56,B,True,X,0.9819376468658448,False,X,False,False,False,True,14.04386600000862,0.0081599996519798,0.9112349998758872,195.9392129997468,0.0224819996219594,210.9249559989053
B.MOV,57,B,True,X,0.8902369141578674,False,X,False,False,False,True,13.913991999999098,0.0093679996098217,0.929777999772341,199.3794469999557,0.0198349998754565,214.2524199992124
B.MOV,58,B,True,X,0.9953944683074952,False,X,False,False,False,True,14.029182999991008,0.0068350000219652,0.8684149997861823,195.55311199974312,0.0189249999493767,210.47646999949168
B.MOV,59,B,True,X,0.9758766293525696,False,X,False,False,False,True,14.183029999998098,0.0076920000537938,0.8595720000812435,193.45731700013857,0.0194950002878613,208.5271060005596
B.MOV,60,B,True,X,0.9847180247306824,False,X,False,False,False,True,13.977608999994118,0.0083589998212119,0.9127220000664238,192.767989999993,0.0200740000764199,207.6867539999512
B.MOV,61,B,True,X,0.979904055595398,False,X,False,False,False,True,14.442378000012468,0.0083610002548084,0.8709650001037517,190.71865400019303,0.0176949997694464,206.0580530003336
B.MOV,62,B,True,X,0.96545672416687,False,X,False,False,False,True,14.046175999993691,0.0074919998951372,0.829574000363209,193.17607700031652,0.0196080000023357,208.07892700057096
B.MOV,63,B,True,X,0.849765419960022,False,X,False,False,False,True,13.933906000005436,0.0080400000115332,0.8852210003169603,192.485594000118,0.0179310000021359,207.3306920004541
B.MOV,64,B,True,X,0.8932879567146301,False,X,False,False,False,True,13.882824000006622,0.0075820003075932,0.9115269999711018,195.2142599998297,0.0183400002242706,210.03453300033925
B.MOV,65,B,True,X,0.9986009001731871,False,X,False,False,False,True,14.213596999979927,0.0068220001594454,0.8460939998258254,190.43150100014827,0.01937499973792,205.5173889998514
B.MOV,66,B,True,X,0.9989612102508544,False,X,False,False,False,True,14.09165200001894,0.0073700002758414,0.8283010001832736,189.67403600026955,0.0204070001927902,204.6217660009404
B.MOV,67,B,True,X,0.9940513968467712,False,X,False,False,False,True,14.607202000007646,0.0058680002439359,0.8317100000567734,189.02845499997056,0.019460000203253,204.49269500048217
B.MOV,68,B,True,X,0.9818873405456544,False,X,False,False,False,True,14.208989000024983,0.0061410000853356,0.8043790003284812,190.4617000000144,0.0171019996741961,205.4983110001274
B.MOV,69,B,True,X,0.9468432664871216,False,X,False,False,False,True,14.127553000008676,0.0065510002968949,0.847222000174952,188.7519870001597,0.0171070000760664,203.7504200007163
B.MOV,70,B,True,X,0.898941159248352,False,X,False,False,False,True,14.122914000012088,0.0055440000323869,0.8383479998883558,188.95223099980285,0.0183160000233328,203.937352999759
B.MOV,71,B,True,X,0.9515087008476256,False,X,False,False,False,True,17.154969000017672,0.0052680002227134,0.8208869999180024,188.7199199995848,0.0181360001079156,206.71917999985112
B.MOV,72,B,True,X,0.9905396699905396,False,X,False,False,False,True,16.35926000000154,0.0072609996095707,0.8264660000349977,190.24740600025325,0.017870000192488,207.45826300009185
B.MOV,73,B,True,X,0.9385156631469728,False,X,False,False,False,True,14.040743999998996,0.0067629998738993,0.8522610000909481,188.49230900013936,0.0174310002876154,203.4095080003908
B.MOV,74,B,True,X,0.972741425037384,False,X,False,False,False,True,14.262677000004942,0.0064629998632881,0.8158669998010737,193.0217550002453,0.0195109996639075,208.12627299957853
B.MOV,75,B,True,X,0.983115017414093,False,X,False,False,False,True,13.923915999981771,0.0067659998421731,0.8790150000095309,195.4038459998628,0.0191890003407024,210.232732000037
B.MOV,76,B,True,X,0.9831479787826538,False,X,False,False,False,True,13.929227999994964,0.0074110002969973,0.8881359999577398,193.9426909998474,0.0205279998226615,208.78799399991976
B.MOV,77,B,True,X,0.9915814995765686,False,X,False,False,False,True,14.4348359999924,0.0068989997998869,0.848744999984774,191.40120799966093,0.0199769997379917,206.71166499917604
B.MOV,78,B,True,X,0.9880190491676332,False,X,False,False,False,True,13.901884000006248,0.0073969999903056,0.8691729999554809,196.4742039999692,0.0494400001116446,211.30209800003288
B.MOV,79,B,True,X,0.9967905879020692,False,X,False,False,False,True,14.022562000008064,0.0065969998104264,0.8781020001151774,191.58320499991527,0.0194529998225334,206.5099189996716
B.MOV,80,B,True,X,0.997248113155365,False,X,False,False,False,True,14.171282999996038,0.0069549996624118,0.8257479998974304,199.87932999993063,0.0198379998437303,214.90315399933024
B.MOV,81,B,True,X,0.9795389771461488,False,X,False,False,False,True,14.202162000003682,0.0077219997365318,0.9899649999169924,194.04864399984945,0.0371090000044205,209.28560199951107
B.MOV,82,B,True,X,0.9513604044914246,False,X,False,False,False,True,14.07451899999046,0.0066139996306446,0.859633999880316,193.4048789998997,0.0195339998754207,208.3651799992765
B.MOV,83,B,True,X,0.9896148443222046,False,X,False,False,False,True,14.096746999996412,0.0082460001067374,0.8702760001142451,195.4558249999536,0.0194250001186446,210.4505190002897
B.MOV,84,B,True,X,0.9970496892929076,False,X,False,False,False,True,14.089976000008164,0.0058079999689653,0.9087039998121328,195.2293880003708,0.0197059998754411,210.25358200003552
B.MOV,85,B,True,X,0.9987213015556335,False,X,False,False,False,True,14.006495000018049,0.0074630002018238,0.8931319998737308,195.3622549999636,0.0197069998648657,210.2890519999221
B.MOV,86,B,True,X,0.9980250597000122,False,X,False,False,False,True,14.177210000013927,0.0065829999584821,0.8975829996415996,190.9694460000537,0.0209429999813437,206.07176499964908
B.MOV,87,B,True,X,0.998254120349884,False,X,False,False,False,True,14.051885000014863,0.007140999969124,0.8820419998301077,194.43136600011712,0.0197990002561709,209.3922330001874
B.MOV,88,B,True,X,0.9983394145965576,False,X,False,False,False,True,14.02949299998113,0.0067820001277141,0.8714930004316557,191.22020699978748,0.0211369997487054,206.14911200007668
B.MOV,89,B,True,X,0.9992591738700868,False,X,False,False,False,True,18.398209999986648,0.0078429998211504,0.9456249999857392,196.3529220001874,0.0201580000975809,215.7247580000785
B.MOV,90,B,True,X,0.9987074136734008,False,X,False,False,False,True,13.872195000004696,0.0058019995776703,0.8530770001016208,188.67452299991783,0.018541999907029,203.42413899950884
B.MOV,91,B,True,X,0.9966933727264404,False,X,False,False,False,True,13.931293000013056,0.0060829997892142,0.8243699999184173,192.07746000029147,0.0196060000234865,206.85881200003564
B.MOV,92,B,True,X,0.9950194358825684,False,X,False,False,False,True,13.949994000000745,0.0061010000536043,0.8234810002250015,191.7171180002697,0.0207719999707478,206.5174660005198
B.MOV,93,B,True,X,0.9879758954048156,False,X,False,False,False,True,14.176484000017808,0.0079700002970639,0.9240070003215806,195.9953840000708,0.0202129999706812,211.1240580006779
B.MOV,94,B,True,X,0.9526599645614624,False,X,False,False,False,True,14.18304000000603,0.0066220000007888,0.8828209997773229,194.2222179995952,0.0203670001610589,209.3150679995404
B.MOV,95,B,True,X,0.9907732009887696,False,X,False,False,False,True,14.419945000014422,0.0118060002023412,0.8167199998752039,200.4072569998243,0.0171400001818256,215.6728680000981
B.MOV,96,B,True,X,0.989421010017395,False,X,False,False,False,True,14.22834100000614,0.0074859999585896,0.8548929999960819,188.6444870001469,0.0209100003303319,203.75611700043805
B.MOV,97,B,True,X,0.9902533888816832,False,X,False,False,False,True,13.953514999997196,0.0084180001067579,0.9043099998962134,193.22175100023745,0.0213829998756409,208.10937700011323
B.MOV,98,B,True,X,0.9754325747489928,False,X,False,False,False,True,13.99993400002586,0.0065870003709278,0.8264200000667188,193.8035100001798,0.0186359998224361,208.65508700046576
B.MOV,99,B,True,X,0.7776333689689636,False,X,False,False,False,True,14.160387000003992,0.0066799998421629,0.8359600001313083,190.7835289998729,0.0204079997274675,205.80696399957787
B.MOV,100,B,True,X,0.9220216274261476,False,X,False,False,False,True,14.059254000017065,0.0087600001279497,0.9669519999988552,195.9187180000299,0.0182809999387245,210.9719650001125
B.MOV,101,B,True,X,0.985957682132721,False,X,False,False,False,True,14.012909999991052,0.0070659998527844,0.8615599999757251,191.4015430002109,0.0198099996850942,206.3028889997156
B.MOV,102,B,True,X,0.8624714612960815,False,X,False,False,False,True,14.29867799998874,0.007381000159512,0.8116090002658893,196.0026829997332,0.0170899998011009,211.13744099994847
B.MOV,103,B,True,X,0.9173139929771424,False,X,False,False,False,True,14.04857600002174,0.0062819999584462,0.8383529998354788,199.0053210001861,0.0184120003723364,213.9169440003741
B.MOV,104,B,True,X,0.5606846809387207,False,X,False,False,False,True,13.936404999981278,0.0091910001174255,0.8726659998501418,196.999906000201,0.0219280000237631,211.8400960001736
B.MOV,105,B,True,X,0.7422156929969788,False,X,False,False,False,True,14.019931999996516,0.0090169996838085,0.8819380000204546,205.40824199997587,0.0204159996428643,220.33954499931951
B.MOV,106,B,True,X,0.5942939519882202,False,X,False,False,False,True,13.827939999998762,0.0075320003816159,0.845164999645931,195.68209399994885,0.0207009998121066,210.3834319997873
B.MOV,107,B,True,X,0.5827661156654358,False,X,False,False,False,True,13.881485999974077,0.0073219998739659,0.8100780000859231,193.77783900017675,0.0202849996639997,208.49700999977472
B.MOV,108,B,True,X,0.5206209421157837,False,X,False,False,False,True,13.933524000009356,0.0093820003712608,0.8591779997004778,201.34143499990387,0.0191969998013519,216.16271599978631
B.MOV,109,B,True,B,0.4151286780834198,True,B,True,False,False,False,13.965303000020413,0.0067750002017419,0.8252699999502511,197.96783400033743,0.0179829999069625,212.78316500041683
B.MOV,110,B,True,X,0.4549679458141327,False,X,False,False,False,True,13.8733919999936,0.006717999895045,0.8420959998147737,192.2344059998977,0.020559999938996,206.97717199954013
B.MOV,111,B,True,X,0.4396130442619324,False,X,False,False,False,True,13.909295999980031,0.0067299997681402,0.8915090002119541,191.8367279999984,0.0194740000551973,206.66373700001373
B.MOV,112,B,True,B,0.428612619638443,True,B,True,False,False,False,13.92301599997836,0.0065819999690575,0.8735880001040641,194.66023399991167,0.0204760003725823,209.4838960003358
B.MOV,113,B,True,X,0.4425509572029114,False,X,False,False,False,True,13.96012099999666,0.0070260002758004,0.8113970002341375,195.35931500013248,0.0197049998860165,210.1575640005251
B.MOV,114,B,True,X,0.4471094608306885,False,X,False,False,False,True,13.990363999994315,0.0091749998318846,0.8852140003909881,191.94695100031825,0.0176049998117377,206.84930900034715
B.MOV,115,B,True,B,0.4478541910648346,True,B,True,False,False,False,14.141082000008964,0.0082700003076752,0.8296780001728621,192.66037899978983,0.0177219999386579,207.657131000218
B.MOV,116,B,True,B,0.4633058309555053,True,B,True,False,False,False,14.816092999978991,0.0066529996729514,0.8530609998160799,195.12403199996697,0.0177340002665005,210.8175729997015
B.MOV,117,B,True,X,0.4081240892410278,False,X,False,False,False,True,14.225507999981346,0.0065899998844543,0.9074080003301788,206.32054499992591,0.0216939997699228,221.48174499989184
B.MOV,118,B,True,X,0.4853352308273315,False,X,False,False,False,True,13.969519999989188,0.0084150001384841,0.8572130000175093,197.77681499999744,0.0199719997908687,212.6319349999335
B.MOV,119,B,True,X,0.4790185987949371,False,X,False,False,False,True,13.916222000005972,0.0070979999691189,0.8721229996808688,192.29371700021147,0.0172929999280313,207.1064529997955
B.MOV,120,B,True,X,0.6500208377838135,False,X,False,False,False,True,14.100662999993574,0.0076430001172411,0.8866470002431015,193.1343520000155,0.0196349997167999,208.1489400000862
B.MOV,121,B,True,X,0.441726416349411,False,X,False,False,False,True,13.99206100001038,0.0060399997892091,0.8964339999693038,198.91474199994263,0.0188349999916681,213.8281119997032
B.MOV,122,B,True,X,0.5615217089653015,False,X,False,False,False,True,14.17186800000536,0.0077079998845874,0.8427259999734815,196.30507900001248,0.0204020002456672,211.3477830001216
B.MOV,123,B,True,X,0.8609394431114197,False,X,False,False,False,True,13.935259999982463,0.0067170003603678,0.839497000015399,192.09993999993452,0.0190540004041395,206.9004680006969
B.MOV,124,B,True,X,0.8846139311790466,False,X,False,False,False,True,14.290036000005555,0.0073999999585794,0.8915889998206694,195.25780399999348,0.0177160000021103,210.4645449997804
B.MOV,125,B,True,X,0.6267703175544739,False,X,False,False,False,True,14.009168999990608,0.0082169999586767,0.9610359998077912,193.74878600001463,0.0197409999600495,208.74694899973176
B.MOV,126,B,True,X,0.4432847499847412,False,X,False,False,False,True,14.17996499998253,0.0082139999904029,0.8798630001365382,195.2614700003324,0.0204650000341644,210.349977000476
B.MOV,127,B,True,X,0.8876834511756897,False,X,False,False,False,True,14.126645999994023,0.0067780001700157,0.8472919998894213,194.0878430000339,0.0565369996365916,209.12509599972395
B.MOV,128,B,True,X,0.9873954653739928,False,X,False,False,False,True,14.100549000005458,0.0075970001489622,0.942060999932437,202.0373440000185,0.0176590001501608,217.1052100002555
B.MOV,129,B,True,X,0.989346206188202,False,X,False,False,False,True,14.234410000000253,0.0079880001067067,0.9338840000054917,196.08741599995483,0.0212399995689338,211.2849379996362
B.MOV,130,B,True,X,0.9947962164878844,False,X,False,False,False,True,14.27556999999524,0.0082960000327148,0.8938670002862636,199.9733110001216,0.0190339997061528,215.170078000142
B.MOV,131,B,True,X,0.9928764700889589,False,X,False,False,False,True,14.071187000013197,0.0071930003286979,0.8795050002845528,196.17961900030423,0.0194569997802318,211.1569610007109
B.MOV,132,B,True,X,0.9607307314872742,False,X,False,False,False,True,14.034769999994978,0.0063170000430545,0.7991010002115218,197.7985029998308,0.0203599997803394,212.6590509998607
B.MOV,133,B,True,X,0.9892080426216124,False,X,False,False,False,True,13.937678000019105,0.0064500000007683,0.95414699990215,195.55910400003995,0.0166379995789611,210.4740169995409
B.MOV,134,B,True,X,0.974316954612732,False,X,False,False,False,True,13.849108000016486,0.0059499998315004,0.8816699996714306,201.09110499970484,0.018000000181928,215.84583299940616
B.MOV,135,B,True,X,0.9974613189697266,False,X,False,False,False,True,14.10478200000398,0.0063510001382383,0.8436769999207172,221.7626999999993,0.0182329999915964,236.73574300005384
B.MOV,136,B,True,X,0.9960008263587952,False,X,False,False,False,True,13.829154000006838,0.0067149999267712,0.8154840002134733,194.696371000191,0.0258860000030836,209.3736100003412
B.MOV,137,B,True,X,0.9988369345664978,False,X,False,False,False,True,13.794520000004695,0.0056419999054924,0.9227599998666848,192.6836630000253,0.0173799999174661,207.4239649997196
C.MOV,0,C,True,Q,0.6065354347229004,False,Q,False,False,False,True,15.2542579999988,0.0093520002337754,0.8552489998692181,194.06479500003115,0.0193030000446015,210.20295700017755
C.MOV,1,C,True,Q,0.4157802760601043,False,Q,False,False,False,True,14.233791000009433,0.0080970003182301,0.8188010001504153,193.3455650000724,0.0195039997379353,208.4257580002884
C.MOV,2,C,True,Q,0.5664324164390564,False,Q,False,False,False,True,14.109171000001195,0.0070189998950809,0.7935019998512871,195.9511199997905,0.0212009999813744,210.88201299951947
C.MOV,3,C,True,Q,0.5066714286804199,False,Q,False,False,False,True,14.204227000021774,0.0086019999798736,0.8399409998673946,193.1741910002529,0.0201579996428336,208.2471189997648
C.MOV,4,C,True,Q,0.5289762616157532,False,Q,False,False,False,True,14.450937000020758,0.0077770000643795,0.8042590002332872,195.424887000172,0.021671000013157,210.7095310005036
C.MOV,5,C,True,Q,0.4242601692676544,False,Q,False,False,False,True,14.606522000008226,0.0079139999797916,0.8463140002277214,193.0931050001164,0.020872999812127,208.5747280001442
C.MOV,6,C,True,Q,0.5330415964126587,False,Q,False,False,False,True,14.074062999981152,0.0076700002864527,0.8279890002995671,196.0985939999773,0.021570999706455,211.0298870002509
C.MOV,7,C,True,Q,0.448382556438446,False,Q,False,False,False,True,15.226963999992904,0.0077790000432287,0.8153560002028826,198.3326859999579,0.0195189995793043,214.40230399977625
C.MOV,8,C,True,delete,0.4675494134426117,False,delete,False,False,False,True,13.902983999997788,0.0074360000326123,0.8265330002359406,198.06195000001023,0.022736000119039,212.82163900039563
C.MOV,9,C,True,Q,0.5704266428947449,False,Q,False,False,False,True,14.248793000007254,0.0084199996308598,0.9083280001505044,202.8075110001737,0.0210200000765325,217.99407200003884
C.MOV,10,C,True,Q,0.6159532070159912,False,Q,False,False,False,True,14.160416000009944,0.0084459998106467,0.8644630001981568,199.5319820002805,0.0202869996428489,214.5855939999421
C.MOV,11,C,True,Q,0.6186900734901428,False,Q,False,False,False,True,13.992582000014409,0.0099650001175177,0.9238340003321356,197.69705099997736,0.0183649999598856,212.6417970004013
C.MOV,12,C,True,delete,0.4844914972782135,False,delete,False,False,False,True,14.026733000008562,0.0067890000536863,0.8076909998635529,195.2473940000345,0.0202330002139206,210.10884000017427
C.MOV,13,C,True,Q,0.5082500576972961,False,Q,False,False,False,True,14.04843500000652,0.0061920000007376,0.7926299999780895,197.27952599987475,0.0182409999069932,212.1450239997671
C.MOV,14,C,True,Q,0.5924112796783447,False,Q,False,False,False,True,14.137317999995958,0.0066050001805706,0.8335140000781394,192.8498120000768,0.0205710002774139,207.8478200006089
C.MOV,15,C,True,delete,0.5017623901367188,False,delete,False,False,False,True,13.890736999996989,0.0064150003709073,0.8021090002330311,198.4817090001343,0.0192620000234455,213.20023200075863
C.MOV,16,C,True,delete,0.4897508919239044,False,delete,False,False,False,True,14.214307000003146,0.006818000201747,0.8254750000560307,194.4733509999424,0.019131000044581,209.53908200024784
C.MOV,17,C,True,delete,0.5569621920585632,False,delete,False,False,False,True,14.180494000015642,0.0066460002017265,0.8814660000098229,197.27239300027577,0.0195449997590912,212.36054400026205
C.MOV,18,C,True,delete,0.5750004649162292,False,delete,False,False,False,True,15.224894999988692,0.0069980001171643,0.7750409999971453,198.5974919998625,0.020769000002474,214.625194999968
C.MOV,19,C,True,delete,0.5856890082359314,False,delete,False,False,False,True,14.054892000018526,0.0070549999691138,0.8728019997761294,195.92335200013625,0.020021999716846,210.87812299961683
C.MOV,20,C,True,delete,0.6097133159637451,False,delete,False,False,False,True,14.037756999982776,0.0074300000960647,0.7940680002320732,189.358803000232,0.0192409997907816,204.2172990003337
C.MOV,21,C,True,delete,0.6946563720703125,False,delete,False,False,False,True,14.007158999987723,0.0090319999799248,0.8138759999383183,190.8736929999577,0.0199120004253927,205.72367200028907
C.MOV,22,C,True,delete,0.6753156781196594,False,delete,False,False,False,True,14.00412699999265,0.0070700002652301,0.8208570002352644,190.25400999998965,0.0192040001820714,205.1052680006649
C.MOV,23,C,True,delete,0.6114616394042969,False,delete,False,False,False,True,13.959762000013145,0.0058139999055129,0.7779309999023098,189.03929399994013,0.0192409997907816,203.80204199955188
C.MOV,24,C,True,delete,0.7595135569572449,False,delete,False,False,False,True,14.032431999993378,0.0063519996729155,0.787776000379381,187.7508810002837,0.0197069998648657,202.59714800019424
C.MOV,25,C,True,delete,0.7217275500297546,False,delete,False,False,False,True,14.30307499998662,0.0074869999480142,0.8028110000850575,193.8922780000212,0.01753100013957,209.02318200018044
C.MOV,26,C,True,delete,0.5634022951126099,False,delete,False,False,False,True,14.08976100000814,0.0071740000748832,0.7976429997142986,190.88174199987407,0.0212370000554074,205.7975569997268
C.MOV,27,C,True,delete,0.5637088418006897,False,delete,False,False,False,True,14.036199999992505,0.0076030000855098,0.8002939998732472,190.8775280003283,0.019438999970589,205.74106400025016
C.MOV,28,C,True,delete,0.6237243413925171,False,delete,False,False,False,True,14.085206000004291,0.0073289997999381,0.7970920000843762,190.0443190002079,0.0199090000023716,204.95385500009888
C.MOV,29,C,True,delete,0.6263000965118408,False,delete,False,False,False,True,14.068807000001016,0.0067269997998664,0.8018960002118547,191.650915000082,0.018089000150212,206.54643400024497
C.MOV,30,C,True,delete,0.6613491177558899,False,delete,False,False,False,True,14.10412300000985,0.0070150003921298,0.7949569999254891,192.53642999956355,0.0181759996848995,207.46070099957592
C.MOV,31,C,True,delete,0.5826829671859741,False,delete,False,False,False,True,14.000974999987648,0.0072190000537375,0.7840779999241931,195.5107960002352,0.0555599999643163,210.35862800016503
C.MOV,32,C,True,delete,0.5034026503562927,False,delete,False,False,False,True,14.073045999992928,0.006708000000799,0.7812210001247877,219.9870569997984,0.0198200000340875,234.86785199995097
C.MOV,33,C,True,Q,0.5056297183036804,False,Q,False,False,False,True,14.339940999974488,0.0073500000326021,0.7735730000604235,192.0722139998361,0.0498469999001827,207.2429249998038
C.MOV,34,C,True,N,0.382106751203537,False,N,False,False,False,True,14.063243000009606,0.0071019999268173,0.8128439999381953,193.29493399982312,0.0188949998118914,208.19701799950963
C.MOV,35,C,True,N,0.3688884675502777,False,N,False,False,False,True,14.337780000005296,0.0068519998421834,0.8122839999487041,195.05587599996943,0.0250340003731253,210.2378260001388
C.MOV,36,C,True,N,0.4007114171981811,False,N,False,False,False,True,14.037615000006554,0.0071230001594813,0.8015980001800926,194.3913209997845,0.01937499973792,209.25703199986856
C.MOV,37,C,True,N,0.3476737439632416,False,N,False,False,False,True,14.066895000013346,0.0070410001171694,0.8000749999155232,193.22794799973053,0.0191789999917091,208.12113799976828
C.MOV,38,C,True,delete,0.5266278982162476,False,delete,False,False,False,True,15.006257000010237,0.0073510000220267,0.814766000075906,191.34383899972812,0.047426000037376,207.21963899987367
C.MOV,39,C,True,delete,0.5892584323883057,False,delete,False,False,False,True,13.910726999995404,0.0065659996835165,0.7799219997650653,189.0437639999618,0.0180179999915708,203.75899699939737
C.MOV,40,C,True,delete,0.5645976066589355,False,delete,False,False,False,True,13.921874000004664,0.0067209998633188,0.779063999743812,189.8194890000013,0.0191240001186088,204.5462719997317
C.MOV,41,C,True,Q,0.4849798381328583,False,Q,False,False,False,True,14.03904300002523,0.0075329999162931,0.8338679999724263,192.1482650000144,0.0209620002351584,207.04967100016347
C.MOV,42,C,True,Q,0.4698478579521179,False,Q,False,False,False,True,14.120851000001268,0.0071219997153093,0.8328339999934542,189.7601119999308,0.0189950001185934,204.73991399975944
C.MOV,43,C,True,delete,0.4630946815013885,False,delete,False,False,False,True,14.184964999998328,0.0071750000643078,0.8180800000445743,193.0427489996873,0.0190099999599624,208.0719789997545
C.MOV,44,C,True,delete,0.5636548399925232,False,delete,False,False,False,True,14.052834000011671,0.0058959999478247,0.7686479998483264,193.37484200013927,0.0195170000552025,208.22173700000235
C.MOV,45,C,True,delete,0.655182421207428,False,delete,False,False,False,True,14.369318999996494,0.0071619997470406,0.8061460002863896,192.2485760001109,0.0190089999705378,207.45021200011132
C.MOV,46,C,True,delete,0.6622954607009888,False,delete,False,False,False,True,14.160215999993396,0.0069190000431262,0.8892860000742075,192.0425650000652,0.0172940003722033,207.11628000054816
C.MOV,47,C,True,delete,0.6535349488258362,False,delete,False,False,False,True,14.38948099999493,0.0070820001383253,0.817128000107914,195.08271200038507,0.0192699999388423,210.31567300056508
C.MOV,48,C,True,delete,0.6686959266662598,False,delete,False,False,False,True,14.216830000009397,0.0063679999584564,0.8317649999298737,195.51234900018244,0.019369999790797,210.58668199987096
C.MOV,49,C,True,delete,0.5956286191940308,False,delete,False,False,False,True,14.13661199998728,0.0080919999163597,0.8587379998061806,195.7210710002073,0.0203600002350867,210.7448730001522
C.MOV,50,C,True,delete,0.6695180535316467,False,delete,False,False,False,True,14.079528999985769,0.0087419998635596,0.8350849998350895,195.4721849997441,0.0200229997062706,210.41556399913475
C.MOV,51,C,True,delete,0.4969978034496307,False,delete,False,False,False,True,14.177724999996144,0.0086039999587228,0.8496299997204915,198.2859350000581,0.0181899999915913,213.34008399972504
C.MOV,52,C,True,delete,0.6417702436447144,False,delete,False,False,False,True,14.157159999996338,0.0069349998739198,0.7921479996184644,199.1082239997013,0.0189350002983701,214.0834019994884
C.MOV,53,C,True,Q,0.4748939275741577,False,Q,False,False,False,True,14.25153900001419,0.0072040002123685,0.8291389999612875,192.2768750000614,0.0166519998856529,207.3814090001349
C.MOV,54,C,True,delete,0.5887277722358704,False,delete,False,False,False,True,14.211305000003447,0.0086919999375822,0.8430170000792714,192.15365700029,0.0205390001610794,207.2372100004713
C.MOV,55,C,True,delete,0.6212716102600098,False,delete,False,False,False,True,14.144197999996775,0.0083320001067477,0.7693449997532298,192.39338400029737,0.0184400000762252,207.33369900023035
C.MOV,56,C,True,delete,0.6664758324623108,False,delete,False,False,False,True,14.136533999987932,0.0080710001384431,0.8028180000110297,195.90505599990132,0.0206159998015209,210.8730949998403
C.MOV,57,C,True,delete,0.5939013361930847,False,delete,False,False,False,True,14.16203499999824,0.0087779999375925,0.8006819998627179,195.5717309997453,0.0203689996851608,210.56359499922905
C.MOV,58,C,True,delete,0.7056997418403625,False,delete,False,False,False,True,14.217905999998948,0.0074519998634059,0.844766000227537,194.7713350000413,0.0198809998437354,209.8613399999749
C.MOV,59,C,True,delete,0.4831422865390777,False,delete,False,False,False,True,14.372440000016695,0.0069709999479528,0.8198590003303252,194.43562799961,0.0176810003722494,209.65257900027723
C.MOV,60,C,True,delete,0.7120307087898254,False,delete,False,False,False,True,14.11040900001126,0.0072699999691394,0.7830009999452159,194.7732300000098,0.0214659999073774,209.6953759998428
C.MOV,61,C,True,delete,0.759870171546936,False,delete,False,False,False,True,16.800627999998596,0.0068399999690882,0.7998799997039896,193.8782290003473,0.0207990001399593,211.50637600015892
C.MOV,62,C,True,delete,0.8241643309593201,False,delete,False,False,False,True,14.311474000010094,0.0246330000663874,0.7681809997848177,193.93023000020548,0.0211209999179118,209.0556389999847
C.MOV,63,C,True,delete,0.8730093240737915,False,delete,False,False,False,True,14.06264199999896,0.0069709999479528,0.7957319999150059,201.3332289998289,0.0165789997481624,216.2151529994389
C.MOV,64,C,True,delete,0.7900600433349609,False,delete,False,False,False,True,14.17534600000181,0.0075279999691701,0.8018660000743694,191.94307600037064,0.0192400002561043,206.9470560006721
C.MOV,65,C,True,delete,0.7837225198745728,False,delete,False,False,False,True,16.222738000010395,0.0075879997893935,0.9198920001836086,192.86154700012048,0.0190540004041395,210.030819000508
C.MOV,66,C,True,delete,0.7303585410118103,False,delete,False,False,False,True,14.231223999985332,0.0067959999796585,0.816250999832846,189.70418600019912,0.0171819997376587,204.7756389997346
C.MOV,67,C,True,delete,0.6913511753082275,False,delete,False,False,False,True,14.28618599999254,0.0060380002651072,0.7960630000525271,193.7905380000302,0.0176009998540394,208.8964260001944
C.MOV,68,C,True,delete,0.6543488502502441,False,delete,False,False,False,True,14.36570999999276,0.0077519998740172,0.8105390002128843,194.6117080001386,0.0174080000761023,209.8131170002944
C.MOV,69,C,True,delete,0.7716883420944214,False,delete,False,False,False,True,14.100702999996884,0.0063140000747807,0.8020409995879163,194.69597900024385,0.0172139998539933,209.6222509997574
C.MOV,70,C,True,delete,0.7504699230194092,False,delete,False,False,False,True,13.898794999988697,0.0066360003074805,0.8472010003970354,194.10345200003576,0.0198530001398467,208.8759370008688
C.MOV,71,C,True,delete,0.777686595916748,False,delete,False,False,False,True,13.931934999988016,0.0071130002652353,0.7848569998714083,191.7923510000037,0.0198059997273958,206.5360619998557
C.MOV,72,C,True,delete,0.5456465482711792,False,delete,False,False,False,True,13.999511000008624,0.0078509997365472,0.8525470002496149,198.7323990001641,0.0189370002772193,213.61124500043616
C.MOV,73,C,True,delete,0.7508101463317871,False,delete,False,False,False,True,14.05331500001239,0.0081150001278729,0.7865239999773621,220.62761200004388,0.0206830000024638,235.496249000164
C.MOV,74,C,True,delete,0.7078670859336853,False,delete,False,False,False,True,14.09996099999944,0.0081120001595991,0.8364390000679123,194.77801999983052,0.0199989999600802,209.7425310000176
C.MOV,75,C,True,delete,0.7439793348312378,False,delete,False,False,False,True,14.30483199999344,0.0072070001806423,0.8607820000179345,195.90528600019752,0.0172800000655115,211.09538700045505
C.MOV,76,C,True,delete,0.73626708984375,False,delete,False,False,False,True,14.060129000000645,0.0067739997575699,0.8035870000639989,190.91232600021613,0.0167749999491206,205.79959099998743
C.MOV,77,C,True,delete,0.7879854440689087,False,delete,False,False,False,True,14.019265000001724,0.0077609997788385,0.9416960001544794,196.55505799983075,0.016769000012573,211.5405489997784
C.MOV,78,C,True,delete,0.7360162138938904,False,delete,False,False,False,True,14.282082000022456,0.0081709999903978,0.927023999793164,209.9561029999677,0.0231330000133311,225.19651299978705
C.MOV,79,C,True,delete,0.6961822509765625,False,delete,False,False,False,True,14.091459999974632,0.0069870002334937,0.8091319996310631,198.20511300031285,0.0201140001081512,213.1328060002602
C.MOV,80,C,True,delete,0.6521804332733154,False,delete,False,False,False,True,14.107782000024828,0.0065379999796277,0.816010999642458,193.1370870001956,0.0198970001292764,208.0873149999718
C.MOV,81,C,True,delete,0.6730856895446777,False,delete,False,False,False,True,13.940917999974545,0.0068059998739045,0.8053279998421203,194.41188100017823,0.0203630002033605,209.18529600007216
C.MOV,82,C,True,delete,0.6001109480857849,False,delete,False,False,False,True,13.97690299998544,0.0067209998633188,0.7961890000842686,192.985638999744,0.0199239998437406,207.7853759995208
C.MOV,83,C,True,delete,0.6332376599311829,False,delete,False,False,False,True,14.180482999989865,0.0064819996623555,0.7825449997653777,196.2508790002176,0.0192709999282669,211.2396599995634
C.MOV,84,C,True,delete,0.6535158753395081,False,delete,False,False,False,True,16.57892800000127,0.0064480000219191,0.7988570000634354,196.3739849998092,0.0195999996321916,213.777817999528
C.MOV,85,C,True,delete,0.6149481534957886,False,delete,False,False,False,True,14.00727099999699,0.0073620003604446,0.8248940002886229,196.46881700009544,0.0193050000234507,211.3276490007649
C.MOV,86,C,True,delete,0.6522852778434753,False,delete,False,False,False,True,14.253148999983978,0.0060050001593481,0.7888770001045486,194.75082700000712,0.0306150000142224,209.8294730002692
C.MOV,87,C,True,delete,0.5415305495262146,False,delete,False,False,False,True,13.961233999992828,0.0065060003180406,0.8102699998744356,193.5304290000204,0.0169669997376331,208.3254059999433
C.MOV,88,C,True,delete,0.603371262550354,False,delete,False,False,False,True,13.927246000008608,0.0079890000961313,0.8445450002909638,196.9401940000353,0.019547999727365,211.7395220001584
C.MOV,89,C,True,delete,0.529781699180603,False,delete,False,False,False,True,14.113789999981918,0.0063570000747859,0.8594870000706578,197.6766510001653,0.0203869999495509,212.6766720002422
C.MOV,90,C,True,delete,0.4903727769851684,False,delete,False,False,False,True,14.178540000017392,0.0062989997786644,0.8037669999794161,193.7400759998127,0.0196960004359425,208.7483780000241
C.MOV,91,C,True,Q,0.4691973626613617,False,Q,False,False,False,True,14.115284999974165,0.0072420002652506,0.8156410003721248,191.781761999664,0.0196510000023408,206.7395810002779
C.MOV,92,C,True,delete,0.5205874443054199,False,delete,False,False,False,True,14.385707999991835,0.0081490002230566,0.7975570001690357,197.1070609997696,0.019643000086944,212.31811800024047
C.MOV,93,C,True,delete,0.5198149085044861,False,delete,False,False,False,True,14.16867999998317,0.0070920000325713,0.8401099998991413,208.0481899997721,0.0192359998436586,223.0833079995307
C.MOV,94,C,True,Q,0.5143153071403503,False,Q,False,False,False,True,14.140843999996378,0.0065350000113539,0.7870940003158466,189.34938199981843,0.0185880003300553,204.30244300047207
C.MOV,95,C,True,Q,0.4752642512321472,False,Q,False,False,False,True,14.02819599999816,0.0072190000537375,0.8093820001704444,192.18058500018745,0.0191389999599778,207.0445210003697
C.MOV,96,C,True,Q,0.4541205763816833,False,Q,False,False,False,True,14.3395460000022,0.006166000275698,0.806263999947987,189.66371200031065,0.0165679998644918,204.832256000401
C.MOV,97,C,True,Q,0.4682007730007171,False,Q,False,False,False,True,14.205051000004689,0.0074699996730487,0.7861310000407684,190.65419900016423,0.0186749998647428,205.67152599974747
C.MOV,98,C,True,delete,0.4088647365570068,False,delete,False,False,False,True,14.14330099999006,0.0075309999374439,0.7952340001793345,190.4228599996713,0.0201620000552793,205.38908799983344
C.MOV,99,C,True,Q,0.4358513057231903,False,Q,False,False,False,True,14.009133999991263,0.0109990000964899,0.8565250000174274,192.35087600009132,0.0199559999600751,207.24749000015663
C.MOV,100,C,True,delete,0.4016720056533813,False,delete,False,False,False,True,14.18691700001773,0.0078709999797865,0.9585420002622412,201.1965619999501,0.0207129996852017,216.37060499989505
C.MOV,101,C,True,Q,0.3884625136852264,False,Q,False,False,False,True,14.198638000010533,0.0069669999902544,0.9148399999503454,195.73416299999727,0.0206549998438276,210.8752629997923
C.MOV,102,C,True,Q,0.6073338389396667,False,Q,False,False,False,True,14.0957399999877,0.007261000064318,0.9224580003319716,197.51985599987165,0.0208910000765172,212.56620600033216
C.MOV,103,C,True,Q,0.5562032461166382,False,Q,False,False,False,True,13.95833300000504,0.009707000117487,0.9105409999392576,196.52582400021856,0.0200049998966278,211.42441000017692
C.MOV,104,C,True,Q,0.6397690773010254,False,Q,False,False,False,True,14.1122619999976,0.0090529997578414,0.9236529999725462,189.75656699967652,0.017545999980939,204.8190809993855
C.MOV,105,C,True,Q,0.4827873110771179,False,Q,False,False,False,True,14.306989999994356,0.0069920001806167,0.833070999760821,190.9477770000194,0.017885000033857,206.11271499998907
C.MOV,106,C,True,delete,0.4680848121643066,False,delete,False,False,False,True,14.194207000002734,0.0064119999478862,0.8144220000758651,190.46443499973967,0.0169509999068395,205.49642699967308
C.MOV,107,C,True,delete,0.3885358870029449,False,delete,False,False,False,True,14.378103000012745,0.0062509998315363,0.8279429998765409,194.0305250000165,0.0172949999068805,209.2601169996442
C.MOV,108,C,True,delete,0.4310331344604492,False,delete,False,False,False,True,14.057790000009618,0.0062270000853459,0.8575870001550356,201.10540799987567,0.0174899996636668,216.04450199978945
C.MOV,109,C,True,Q,0.4553053081035614,False,Q,False,False,False,True,14.133768999982976,0.0068609997470048,0.8720390001144551,196.18225500016703,0.0205979999918781,211.21552200000332
C.MOV,110,C,True,Q,0.5340924859046936,False,Q,False,False,False,True,14.79164900001706,0.0070800001594761,0.90852499988614,191.8118889998368,0.0194139997802267,207.5385569996797
C.MOV,111,C,True,Q,0.5171710848808289,False,Q,False,False,False,True,14.211192000004758,0.0061480000113078,0.8265080000455782,194.8279650000586,0.0188670001080026,209.89068000022823
C.MOV,112,C,True,Q,0.5284678339958191,False,Q,False,False,False,True,14.210200999997369,0.0057880001804733,0.7998740002221894,192.51706600016405,0.0187310001820151,207.5516600007461
C.MOV,113,C,True,delete,0.4452905654907226,False,delete,False,False,False,True,14.263511999985212,0.0067259998104418,0.8914149998417997,198.3420070000648,0.0201930001821892,213.5238529998844
C.MOV,114,C,True,Q,0.5306932926177979,False,Q,False,False,False,True,14.278374000014082,0.0059069998314953,0.817745000404102,218.0631880000874,0.0211710002986365,233.1863850006357
C.MOV,115,C,True,Q,0.4369019865989685,False,Q,False,False,False,True,14.213938000011694,0.0074270001277909,0.8592180001869565,194.8686529999577,0.0209699996958079,209.97020599997995
C.MOV,116,C,True,delete,0.4109981060028076,False,delete,False,False,False,True,14.35638699999231,0.0068750000536965,0.8939800000007381,205.58578200007105,0.0208540000130597,220.86387800013085
C.MOV,117,C,True,Q,0.41446253657341,False,Q,False,False,False,True,14.26556299998083,0.0067720002334681,0.8984330002022034,192.5488330002736,0.0205000001187727,207.7401010008089
C.MOV,118,C,True,delete,0.40120530128479,False,delete,False,False,False,True,14.018797999995058,0.005657999736286,0.8059380002123362,189.5507059998636,0.0166310001077363,204.39773099991496
C.MOV,119,C,True,delete,0.3732364177703857,False,delete,False,False,False,True,14.084306999990304,0.0065629997152427,0.7889439998507441,189.07889699994485,0.0186800002666132,203.9773909997677
C.MOV,120,C,True,Q,0.3974339663982391,False,Q,False,False,False,True,14.128216000017346,0.0068550002652045,0.8565870002712472,191.66079799970248,0.0191979997907765,206.67165400004703
C.MOV,121,C,True,delete,0.3846120834350586,False,delete,False,False,False,True,14.182352000005949,0.0079199999163392,0.8189639997908671,192.5042860002577,0.0193360001503606,207.5328580001212
C.MOV,122,C,True,Q,0.4047387540340423,False,Q,False,False,False,True,14.022834000002147,0.0067280002440384,0.796109000020806,192.33225600009973,0.0197800000023562,207.17770700036908
C.MOV,123,C,True,delete,0.3880382180213928,False,delete,False,False,False,True,14.229633000013564,0.0070139999479579,0.861286999679578,194.23529899995629,0.0204379998649528,209.3536709994624
C.MOV,124,C,True,Q,0.3840808272361755,False,Q,False,False,False,True,14.02789799999482,0.0068609997470048,0.8543769999960205,193.06533500002843,0.0198030002138693,207.9742739999801
C.MOV,125,C,True,Q,0.4356994926929474,False,Q,False,False,False,True,14.083000999988826,0.0072930001806525,0.8139239998854464,197.49059400010083,0.0194379999811644,212.4142500001369
C.MOV,126,C,True,Q,0.4655966460704803,False,Q,False,False,False,True,14.152288000019553,0.0064689997998357,0.8224559996961034,193.7126249999892,0.0194139997802267,208.7132519992849
C.MOV,127,C,True,Q,0.4990346729755401,False,Q,False,False,False,True,14.110431000005974,0.007140999969124,0.8240659999501077,193.40866099992127,0.0201530001504579,208.37045199999693
C.MOV,128,C,True,Q,0.4857889711856842,False,Q,False,False,False,True,14.03554600000234,0.0059789999795611,0.8012630000848731,191.2425729997267,0.0207029997909558,206.1060639995844
C.MOV,129,C,True,Q,0.4281056523323059,False,Q,False,False,False,True,14.349918000021944,0.0061420000747602,0.7962069998939114,193.86691199997583,0.0358989996129821,209.05507799957945
C.MOV,130,C,True,Q,0.4509500861167907,False,Q,False,False,False,True,13.965777999999318,0.005935999979556,0.7914360003269394,191.5235780002149,0.0205760002245369,206.3073040007453
C.MOV,131,C,True,Q,0.454459011554718,False,Q,False,False,False,True,14.31282799998712,0.0063729999055794,0.7936769998195814,191.41027100022256,0.0335609997819119,206.5567099997168
C.MOV,132,C,True,Q,0.4080491662025451,False,Q,False,False,False,True,13.8684220000016,0.0059569997574726,0.7812600001670944,191.0962289998679,0.0198239999917859,205.77169199978584
D.MOV,0,D,True,D,0.8779531717300415,True,D,True,False,False,False,15.11082100000749,0.0094279998847923,0.9264390000680578,193.29351100032,0.0207089997275033,209.36090800000784
D.MOV,1,D,True,D,0.7957152724266052,True,D,True,False,False,False,14.285447999981216,0.0084450002759695,0.9005010001601477,195.94155899994803,0.0214380002034886,211.15739100056885
D.MOV,2,D,True,D,0.9061861634254456,True,D,True,False,False,False,14.14934800001788,0.0078460002441715,0.8926000000428758,194.90369400000412,0.019345000055182,209.9728330003643
D.MOV,3,D,True,D,0.7683939337730408,True,D,True,False,False,False,14.149347000000034,0.0069749999056512,0.8445299999948475,192.2954460001165,0.0200449999283591,207.3163429999454
D.MOV,4,D,True,D,0.9637022614479064,True,D,True,False,False,False,14.28776900002049,0.0067389996729616,0.929505999920366,192.90417999991405,0.0164200000654091,208.14461399959328
D.MOV,5,D,True,D,0.957819938659668,True,D,True,False,False,False,14.47660900001324,0.0065790000007837,0.8740209996176418,194.9755489999916,0.0170420003087201,210.349799999932
D.MOV,6,D,True,D,0.9584409594535828,True,D,True,False,False,False,14.760469999998804,0.009847000001173,0.8948099998633552,198.98338799976045,0.0261909999608178,214.6747059995846
D.MOV,7,D,True,D,0.9773572087287904,True,D,True,False,False,False,14.803064999995286,0.0130089997583127,0.980288000391738,196.8843429999652,0.0174540000443812,212.69815900015487
D.MOV,8,D,True,D,0.9922682642936708,True,D,True,False,False,False,14.227515000015956,0.0068039998950553,0.8472700001220801,192.07619700000572,0.0191710000763123,207.1769570001152
D.MOV,9,D,True,D,0.9799388647079468,True,D,True,False,False,False,14.202153000013595,0.0079180003922374,0.8552660001441836,192.02922400018,0.018856000224332,207.1134170009543
D.MOV,10,D,True,D,0.9674474596977234,True,D,True,False,False,False,14.336949000011144,0.0078789998951833,0.858542999594647,199.42231699997137,0.0197119998119887,214.6453999992844
D.MOV,11,D,True,D,0.9890051484107972,True,D,True,False,False,False,14.448721000007936,0.0087250000433414,0.8750930001042434,198.30668300028265,0.0206009999601519,213.65982300039832
D.MOV,12,D,True,D,0.9757763743400574,True,D,True,False,False,False,14.469959999985347,0.0089390000539424,0.8537749999959487,190.8193119998032,0.0198890002138796,206.1718750000523
D.MOV,13,D,True,D,0.9841873645782472,True,D,True,False,False,False,14.525635000012471,0.0073950000114564,0.8887730000424199,197.00235200025412,0.0175749996742524,212.4417299999948
D.MOV,14,D,True,D,0.9805569648742676,True,D,True,False,False,False,14.387107000004562,0.0066379998315824,0.8426399999734713,190.26977900011843,0.020242000118742,205.5264060000468
D.MOV,15,D,True,D,0.9723873734474182,True,D,True,False,False,False,14.092184000020325,0.0180090000867494,0.8428119999734918,207.7666240002145,0.0185689996214932,222.73819799991657
D.MOV,16,D,True,D,0.973737359046936,True,D,True,False,False,False,14.225167000006422,0.0073930000326072,0.8622270001978904,215.5742400000236,0.0202599999283847,230.68928700018887
D.MOV,17,D,True,D,0.9749462604522704,True,D,True,False,False,False,14.135780000003706,0.0080419999903824,0.9351300000162156,195.04721599969344,0.0201050002033298,210.14627299990707
D.MOV,18,D,True,D,0.9636685848236084,True,D,True,False,False,False,14.475029999999832,0.0075550001383817,0.9408320001966786,194.42966300039188,0.0196370001503964,209.8727170008772
D.MOV,19,D,True,D,0.9525830149650574,True,D,True,False,False,False,14.1714899999954,0.0074249996941944,0.8959430001596047,196.05611699989825,0.0198009997802728,211.1507759995277
D.MOV,20,D,True,D,0.9724634885787964,True,D,True,False,False,False,14.42399600000499,0.0071889999162522,0.8601119998274953,190.7646310000928,0.018457999885868,206.07438599972733
D.MOV,21,D,True,D,0.9694809913635254,True,D,True,False,False,False,14.065880000003972,0.0067920000219601,0.8443589999842516,195.12204500006192,0.0195849997908226,210.05866099986287
D.MOV,22,D,True,D,0.9661457538604736,True,D,True,False,False,False,14.382369000003337,0.0074119998316746,0.8212809998440207,196.84986099991875,0.0185740000233636,212.0794969996212
D.MOV,23,D,True,D,0.9683983325958252,True,D,True,False,False,False,14.244665000006762,0.0071910003498487,0.8343029999196006,189.9171589998332,0.0169950003510166,205.0203130004604
D.MOV,24,D,True,D,0.9580971598625184,True,D,True,False,False,False,14.266751999997496,0.0070950000008451,0.8333559999300633,193.09709800018027,0.0172550003298965,208.22155600043857
D.MOV,25,D,True,D,0.9586142301559448,True,D,True,False,False,False,14.2757490000065,0.0072389998422295,0.8355029999620456,194.26842099983327,0.0164500002028944,209.403361999847
D.MOV,26,D,True,D,0.9538077116012572,True,D,True,False,False,False,14.019747999981291,0.0068399999690882,0.8438899999418936,186.8806800002858,0.0189610000234097,201.77011900020148
D.MOV,27,D,True,D,0.962961494922638,True,D,True,False,False,False,14.073026999994909,0.007177000043157,0.8620309999969322,195.98332500027027,0.0204059997486183,210.9459660000539
D.MOV,28,D,True,D,0.984328269958496,True,D,True,False,False,False,14.092777999991313,0.0063970001065172,0.8861599999363534,192.79071800019665,0.0187229998118709,207.7947760000427
D.MOV,29,D,True,D,0.9814333319664,True,D,True,False,False,False,14.119502999989209,0.0066490001700003,0.9156420001090736,190.4204520001258,0.0203740000870311,205.48262000048112
D.MOV,30,D,True,D,0.9795823097229004,True,D,True,False,False,False,13.938977000009343,0.0062149997575033,0.845856000069034,189.2181190000884,0.020001999928354,204.02916899985257
D.MOV,31,D,True,D,0.9758073687553406,True,D,True,False,False,False,14.027231999989452,0.0063479997152171,0.8437030001005041,194.1823359998125,0.0193820001186395,209.0790009997363
D.MOV,32,D,True,D,0.9767166376113892,True,D,True,False,False,False,14.062122000012778,0.0069169996095297,0.8961359999375418,194.72268199979223,0.0201660000129777,209.70802299936508
D.MOV,33,D,True,D,0.9684481620788574,True,D,True,False,False,False,14.273076999984369,0.0063580000642105,0.8323839997501636,193.24662899998657,0.0198060001821431,208.37825399996743
D.MOV,34,D,True,D,0.959448516368866,True,D,True,False,False,False,14.064695000001848,0.0068149997787259,0.8487730001434102,192.7975119997427,0.0200380000023869,207.73783299966908
D.MOV,35,D,True,D,0.967719316482544,True,D,True,False,False,False,14.00279199998522,0.007027000265225,0.8769579999352572,192.50803799968708,0.0184870000339287,207.4133019999067
D.MOV,36,D,True,D,0.9792465567588806,True,D,True,False,False,False,14.177735000004075,0.0073279998105135,0.8697029998074868,195.52044400006707,0.0197159997696871,210.59492599945884
D.MOV,37,D,True,D,0.9704784750938416,True,D,True,False,False,False,14.138031999976874,0.0063990000853664,0.8423260001109156,193.38490400014047,0.0193589999071264,208.3910200002208
D.MOV,38,D,True,D,0.9594927430152892,True,D,True,False,False,False,14.114672999994582,0.0063389998103957,0.8998969997264794,195.4951220000112,0.0188799999705224,210.5349109995132
D.MOV,39,D,True,D,0.944945991039276,True,D,True,False,False,False,13.929091999983712,0.0074050003604497,0.8727220001674141,194.06005900009404,0.0171370002135518,208.8864150008192
D.MOV,40,D,True,D,0.9337839484214784,True,D,True,False,False,False,14.045613000007506,0.0071499998739454,0.8986190000541683,195.1997730002404,0.0174990000232355,210.16865400019924
D.MOV,41,D,True,D,0.947253406047821,True,D,True,False,False,False,14.041356000007,0.0063930001488188,0.9243469999091758,195.9538790001716,0.0176570001713116,210.9436320004079
D.MOV,42,D,True,D,0.912479281425476,True,D,True,False,False,False,14.005668999999443,0.0066610000430955,0.9324000002379762,196.558234999884,0.0172440004462259,211.52020900061075
D.MOV,43,D,True,D,0.9399709105491638,True,D,True,False,False,False,13.96206900000152,0.0072889997682068,0.9662790002948896,197.68359300042,0.0175430000126652,212.6367730004972
D.MOV,44,D,True,D,0.9051496386528016,True,D,True,False,False,False,14.536649999996598,0.0075910002124146,0.9118930001932312,192.41589800003567,0.0198259999706351,207.8918580004085
D.MOV,45,D,True,D,0.9038946628570556,True,D,True,False,False,False,14.107158000001618,0.006405000021914,0.9318669999629492,195.2513169999293,0.0199360001715831,210.31668300008727
D.MOV,46,D,True,D,0.8641170263290405,True,D,True,False,False,False,13.935510999999678,0.0069210000219754,0.8523480000803829,195.5949339999279,0.0203029999283899,210.41001699995832
D.MOV,47,D,True,D,0.7978373765945435,True,D,True,False,False,False,14.269928999993908,0.0065019999055948,0.8890379999684228,199.66515299984167,0.0194069998542545,214.85002899956385
D.MOV,48,D,True,D,0.7631691098213196,True,D,True,False,False,False,14.07476900001825,0.007042000106594,0.9332519998679344,191.7453109999769,0.0190069999916886,206.7793809999614
D.MOV,49,D,True,D,0.6937169432640076,True,D,True,False,False,False,14.160905000011326,0.0070890000642975,0.8563930000491382,191.8871130001208,0.0204070001927902,206.9319070004383
D.MOV,50,D,True,D,0.4211222231388092,True,D,True,False,False,False,14.234740999995664,0.0064229998315568,0.8544560000700585,195.3200100001596,0.0198089996956696,210.43543899975248
D.MOV,51,D,True,D,0.4513728022575378,True,D,True,False,False,False,14.056044000000156,0.0061720002122456,0.912603999950079,193.4771999999612,0.0165269998433359,208.46854699996692
D.MOV,52,D,True,D,0.4548271298408508,True,D,True,False,False,False,14.06946699998457,0.0068220001594454,0.8667419997436809,208.14431500002684,0.01901599989651,223.10636199981104
D.MOV,53,D,True,delete,0.3909873366355896,False,delete,False,False,False,True,14.207482000017537,0.00672400028634,0.8925010001803457,195.17683000003672,0.018683000234887,210.30222000075585
D.MOV,54,D,True,delete,0.3691085278987884,False,delete,False,False,False,True,14.140698999995038,0.008694999905856,0.9126640002250496,197.81741099996,0.0204120001399132,212.89988100022583
D.MOV,55,D,True,delete,0.4550896883010864,False,delete,False,False,False,True,14.08021499997858,0.008949999937613,0.9388779999426332,196.52988200004984,0.0193640003089967,211.5772890002177
D.MOV,56,D,True,delete,0.4695113897323608,False,delete,False,False,False,True,13.962959999986424,0.0086270001702359,0.8936949998314958,197.5457280000228,0.0201980001293122,212.43120800014023
D.MOV,57,D,True,D,0.489826500415802,True,D,True,False,False,False,14.287842999976874,0.0092919999588048,0.9351970002171583,218.44692600006965,0.0181010000233072,233.6973590002458
D.MOV,58,D,True,D,0.6100585460662842,True,D,True,False,False,False,13.995316999995566,0.0085889996626065,0.9110720002354356,193.49571300017487,0.0200280001081409,208.43071900017665
D.MOV,59,D,True,D,0.7019768953323364,True,D,True,False,False,False,14.01334700000234,0.0104390001069987,0.917212999866024,196.26995900034672,0.0226090000978729,211.23356700041995
D.MOV,60,D,True,D,0.6294232606887817,True,D,True,False,False,False,14.626013999986752,0.008242000149039,0.9049749996847822,204.1302890002044,0.021531000129471,219.6910510001544
D.MOV,61,D,True,D,0.8033137917518616,True,D,True,False,False,False,15.090027000013606,0.0079209999057638,1.0149469999305438,204.8362609998549,0.0193949999811593,220.968550999686
D.MOV,62,D,True,D,0.7722763419151306,True,D,True,False,False,False,14.298080999992637,0.0076900000749446,0.893378999990091,197.5194069996178,0.0361380002686928,212.7546949999441
D.MOV,63,D,True,D,0.6877942681312561,True,D,True,False,False,False,14.003250999991224,0.0072530001489212,0.9043720001500332,195.6289009999637,0.0193709997802216,210.5631480000341
D.MOV,64,D,True,D,0.481235146522522,True,D,True,False,False,False,13.924086999992369,0.0071349995778291,0.8518119998370821,191.56384100006107,0.0177719998646352,206.364646999333
D.MOV,65,D,True,D,0.3840853869915008,True,D,True,False,False,False,15.848946000005526,0.0075809998634213,0.9311619996879016,196.40181299973847,0.0165389997164311,213.2060409990117
D.MOV,66,D,True,D,0.4565849006175995,True,D,True,False,False,False,15.549235999998244,0.0072440002440998,0.9437819999220664,197.0374640000045,0.0180079996425774,213.5557339998116
D.MOV,67,D,True,D,0.5285113453865051,True,D,True,False,False,False,13.899082999984104,0.0071650001700618,0.886025999989215,192.5405629999659,0.018563000139693,207.351400000249
D.MOV,68,D,True,D,0.5719403028488159,True,D,True,False,False,False,14.297553999995216,0.0066970001171284,0.8915420003177132,192.2629330001655,0.047794999773032,207.5065210003686
D.MOV,69,D,True,D,0.4210627675056457,True,D,True,False,False,False,14.24746500001106,0.0073940000220318,0.8798469998509972,193.1741530002,0.0188750000233994,208.3277340001075
D.MOV,70,D,True,D,0.4158657789230346,True,D,True,False,False,False,15.055723000017451,0.0060030001804989,0.8658620004098339,190.0892959997691,0.0202850001187471,206.0371690004956
D.MOV,71,D,True,D,0.5194975733757019,True,D,True,False,False,False,14.322505000023966,0.0065639997046673,0.9064860000762563,195.1071060002505,0.0189040001714602,210.36156500022685
D.MOV,72,D,True,D,0.4764961004257202,True,D,True,False,False,False,14.336667999998554,0.0067589999162009,0.8564489999116631,192.8044559999762,0.0172449999809032,208.02157699978352
D.MOV,73,D,True,D,0.5163543820381165,True,D,True,False,False,False,14.026542000010522,0.0074399999903107,0.5927970000811911,191.1838060000264,0.0176540002030378,205.82823900031144
D.MOV,74,D,True,D,0.5388238430023193,True,D,True,False,False,False,14.226593000017829,0.0072179996095655,0.8380139997825609,194.40356799987052,0.0196539999706146,209.4950469992512
D.MOV,75,D,True,D,0.433930903673172,True,D,True,False,False,False,14.28478200000427,0.006727999789291,0.8633480001662974,191.62219999998345,0.0190959999599726,206.79615399990325
D.MOV,76,D,True,D,0.6333428621292114,True,D,True,False,False,False,14.110337999994726,0.0056599997151352,0.8325349999722675,194.52739600001223,0.0190410000868723,209.49496999978123
D.MOV,77,D,True,D,0.6204827427864075,True,D,True,False,False,False,13.99904000001584,0.0070679998316336,0.8829510002215102,193.56082900003457,0.0193320001926622,208.46922000029625
D.MOV,78,D,True,D,0.5904332399368286,True,D,True,False,False,False,13.9718829999822,0.006683000265184,0.8636469997327367,193.27166400034912,0.0214560000131314,208.1353330003424
D.MOV,79,D,True,D,0.5633546710014343,True,D,True,False,False,False,14.427067999974952,0.0060799998209404,0.8938979999584262,193.0018079997353,0.0200089998543262,208.348862999344
D.MOV,80,D,True,D,0.687450647354126,True,D,True,False,False,False,13.98048000001495,0.0070169999162317,0.871553000251879,191.27092000007903,0.0208850001399696,206.1508550004021
D.MOV,81,D,True,D,0.7437723875045776,True,D,True,False,False,False,14.268259000004946,0.0063590000536351,0.8906460002435779,192.15610700030084,0.0197720000869594,207.34114300068995
D.MOV,82,D,True,D,0.6649686694145203,True,D,True,False,False,False,13.900436999989552,0.0071300000854535,0.8441109998784668,196.2165550003192,0.0186329998541623,210.98686600012684
D.MOV,83,D,True,delete,0.3665648102760315,False,delete,False,False,False,True,13.952287999984492,0.0072930001806525,0.8799040001576941,198.2789359999515,0.017682000361674,213.136103000636
D.MOV,84,D,True,D,0.4053676724433899,True,D,True,False,False,False,14.369778000002498,0.0067040000431006,0.863075999859575,193.4365090000938,0.0170610001077875,208.69312800010675
D.MOV,85,D,True,delete,0.4523184895515442,False,delete,False,False,False,True,14.235159000008936,0.0077270001384022,0.9336160001112148,196.6307229999984,0.0181000000338826,211.82532500029083
D.MOV,86,D,True,delete,0.3846482038497925,False,delete,False,False,False,True,14.50984999999605,0.0072100001489161,0.8776139998190047,192.8095519997441,0.0191289996109844,208.2233549993191
D.MOV,87,D,True,delete,0.4766741991043091,False,delete,False,False,False,True,14.24092299998847,0.0067799996941175,0.8935480000218377,197.27076700019097,0.0186749998647428,212.4306929997601
D.MOV,88,D,True,delete,0.4636804461479187,False,delete,False,False,False,True,14.200109999990218,0.0070900000537221,0.8945519998633245,194.42855099987355,0.0178709997271653,209.548173999508
D.MOV,89,D,True,delete,0.4049748182296753,False,delete,False,False,False,True,14.338664999996809,0.0061820001064916,0.8654590001242468,194.6438620002482,0.0185439998858782,209.8727120003616
D.MOV,90,D,True,delete,0.3686406910419464,False,delete,False,False,False,True,14.190802999991092,0.0062969997998152,0.91485900020416,190.3389409999363,0.0207070002034015,205.4716070001348
D.MOV,91,D,True,D,0.4452990293502807,True,D,True,False,False,False,14.22819399999753,0.006270000085351,0.861625999732496,194.94402300006183,0.0196340001821226,210.05974700005936
D.MOV,92,D,True,D,0.4265755712985992,True,D,True,False,False,False,14.253056999990577,0.0070599999162368,0.8421550001003197,193.468151000161,0.0198470002032991,208.59027000037145
D.MOV,93,D,True,D,0.3482544422149658,True,D,True,False,False,False,14.457003000018176,0.0065439999161753,0.8582200002820173,199.01436999998623,0.0208780002139974,214.3570150004166
D.MOV,94,D,True,delete,0.3390057682991028,False,delete,False,False,False,True,14.09531199999492,0.0084719999904336,0.9129340000981756,204.48183200005587,0.0175409995790687,219.51609099971847
D.MOV,95,D,True,delete,0.3526947796344757,False,delete,False,False,False,True,14.020174000023644,0.0061280002228158,0.8844590001899633,196.21898399964263,0.0174549995790584,211.1471999996581
D.MOV,96,D,True,delete,0.3578552007675171,False,delete,False,False,False,True,14.99720199998933,0.007172000096034,0.8710520000931865,195.04813100002136,0.018681999790715,210.94223899999065
D.MOV,97,D,True,delete,0.4280875623226166,False,delete,False,False,False,True,14.10404099999596,0.0058700002227851,0.8765959996708261,199.2325829996844,0.0185250000868109,214.2376149996608
D.MOV,98,D,True,delete,0.3687948286533355,False,delete,False,False,False,True,13.891537000006338,0.0092069999482191,0.8681879999130615,219.10109899999952,0.0211269998544594,233.8911579997216
D.MOV,99,D,True,D,0.5809260606765747,True,D,True,False,False,False,14.081191000002493,0.0076540000009117,0.831930000003922,193.9104699999916,0.020186000256217,208.8514310002552
D.MOV,100,D,True,D,0.5042569041252136,True,D,True,False,False,False,14.129615999991074,0.0088649999270273,0.8958479998000257,196.0838230002082,0.0210700000025099,211.13922199992885
D.MOV,101,D,True,D,0.4098230898380279,True,D,True,False,False,False,14.007014000014806,0.0090050002654606,0.9984250000343308,212.5228610002523,0.0220440001612587,227.55934900072816
D.MOV,102,D,True,delete,0.5299096703529358,False,delete,False,False,False,True,14.251282000003584,0.0078199996096373,0.9015910000016448,197.28742300003432,0.0210299999707785,212.46914599962
D.MOV,103,D,True,delete,0.5177220106124878,False,delete,False,False,False,True,13.994263999990151,0.0076609999268839,0.9677040002316062,195.46003100003875,0.0232020001931232,210.4528620003805
D.MOV,104,D,True,delete,0.5001595616340637,False,delete,False,False,False,True,14.004857999992735,0.0062720000642002,0.8622120003565215,197.09911500012825,0.0230239998018078,211.9954810003435
D.MOV,105,D,True,delete,0.4824957847595215,False,delete,False,False,False,True,14.057171000018798,0.0085530000433209,0.9357750000162924,196.57864000009795,0.0220370002352865,211.60217600041165
D.MOV,106,D,True,delete,0.487946093082428,False,delete,False,False,False,True,14.006918999996287,0.0083559998529381,0.9043380000548495,195.03595800006224,0.020336000034149,209.9759070000005
D.MOV,107,D,True,delete,0.4903102815151214,False,delete,False,False,False,True,14.09701200000768,0.0080820000221137,0.895454999863432,198.79035199983264,0.036706999708258,213.8276079994341
D.MOV,108,D,True,delete,0.4891619086265564,False,delete,False,False,False,True,13.999071999990065,0.0059320000218576,0.8737409998502699,194.1531100001157,0.0188310000339697,209.05068600001184
D.MOV,109,D,True,delete,0.5034007430076599,False,delete,False,False,False,True,14.107400000000323,0.0071740000748832,0.9294920000684216,194.88094399957845,0.0202709998120553,209.94528099953413
D.MOV,110,D,True,delete,0.475154161453247,False,delete,False,False,False,True,14.012683000004245,0.0061579999055538,0.8700840003257326,194.8725040001591,0.0206969998544082,209.78212600024904
D.MOV,111,D,True,delete,0.4570717811584472,False,delete,False,False,False,True,14.03867099998024,0.0072799998633854,0.8924369999476767,195.37515000001804,0.0191449998965254,210.33268299970587
D.MOV,112,D,True,delete,0.4119690358638763,False,delete,False,False,False,True,17.58375399998613,0.0065559997892705,0.8421530001214705,197.52698499996768,0.0205340002139564,215.9799820000785
D.MOV,113,D,True,delete,0.3630606532096863,False,delete,False,False,False,True,14.128009000017984,0.0093510002443508,0.9949140003300272,208.62851200035948,0.0214629999391036,223.7822490008909
D.MOV,114,D,True,delete,0.4120720326900482,False,delete,False,False,False,True,14.163042999996378,0.0072439997893525,0.9450829998058908,197.87147900024132,0.0207520001822558,213.00760100001528
D.MOV,115,D,True,delete,0.3924527764320373,False,delete,False,False,False,True,14.27241999999751,0.006967999979679,0.87876999987202,196.3923980001709,0.0191059998542186,211.5696619998744
D.MOV,116,D,True,delete,0.360910564661026,False,delete,False,False,False,True,14.214503999994577,0.0069629995778086,0.9573919996910264,207.9985310001576,0.0217739998333854,223.19916399925432
D.MOV,117,D,True,D,0.3202547430992126,True,D,True,False,False,False,14.56081499998163,0.0081070002124761,0.8898159999262134,198.2718360000036,0.0227599998652294,213.75333399998908
D.MOV,118,D,True,D,0.4002009928226471,True,D,True,False,False,False,14.1639069999826,0.0075779998951475,0.9063410002454476,197.3402749999877,0.0204230000235838,212.4385240001345
D.MOV,119,D,True,D,0.3567962646484375,True,D,True,False,False,False,14.0219879999961,0.0065270000959571,0.8674649998283712,191.88918400004687,0.0168950000443146,206.8020590000117
D.MOV,120,D,True,D,0.5203598141670227,True,D,True,False,False,False,14.908249000001206,0.0060940001276321,0.9077219997379872,192.79462600025,0.018912000086857,208.63560300020367
D.MOV,121,D,True,D,0.5123537182807922,True,D,True,False,False,False,14.005428000018584,0.0073589999374235,0.8556009997846559,194.5113840001796,0.0193379996744624,209.39910999959463
D.MOV,122,D,True,D,0.6567122340202332,True,D,True,False,False,False,13.96813900001348,0.018861000171455,0.8726510000087728,190.1376599998912,0.019354999949428,205.01666600003432
D.MOV,123,D,True,D,0.6533973813056946,True,D,True,False,False,False,14.091164000006984,0.0061379996623145,0.8677209998495528,192.4277350003649,0.0199529999918013,207.4127109998756
D.MOV,124,D,True,D,0.624870777130127,True,D,True,False,False,False,14.0682310000102,0.0173820003510627,0.8932629998525954,195.31868800004304,0.0200750000658445,210.3176390003228
D.MOV,125,D,True,D,0.4843447506427765,True,D,True,False,False,False,14.012918000020136,0.0075689999903261,0.8657420003146399,195.07334399986576,0.0198060001821431,209.979379000373
D.MOV,126,D,True,D,0.4107570946216583,True,D,True,False,False,False,14.085937999993805,0.0072600000748934,0.8645449997857213,192.18221899973287,0.0201080001716036,207.1600699997589
D.MOV,127,D,True,D,0.4533105492591858,True,D,True,False,False,False,13.98593500002221,0.0064730002122814,0.8890959998097969,195.13063099975625,0.0192490001609257,210.03138399996143
D.MOV,128,D,True,D,0.4871784150600433,True,D,True,False,False,False,14.027118000001336,0.0056510002650611,0.8874350000951381,194.5037699997556,0.0206419999813078,209.44461600009845
D.MOV,129,D,True,D,0.4269895255565643,True,D,True,False,False,False,14.245499999987032,0.0126710001495666,0.8690730001035263,191.57947199983028,0.0186820002454624,206.72539800031583
D.MOV,130,D,True,D,0.5304797887802124,True,D,True,False,False,False,14.128032000002122,0.0067139999373466,0.9149170000455342,189.78100100002848,0.0201460002244857,204.850810000238
D.MOV,131,D,True,D,0.5206956267356873,True,D,True,False,False,False,14.087447000008524,0.0067670002863451,0.8477460000904102,191.0190319999856,0.0195669999811798,205.9805590003521
D.MOV,132,D,True,D,0.6904939413070679,True,D,True,False,False,False,14.232404000011911,0.0063930001488188,0.9386629999426076,196.6449840001588,0.0197469998965971,211.84219100015864
D.MOV,133,D,True,D,0.5024494528770447,True,D,True,False,False,False,14.086778999995886,0.0067559999479271,0.8870010001373885,196.86629200032257,0.0196139999388833,211.86644200034263
D.MOV,134,D,True,D,0.5618147850036621,True,D,True,False,False,False,14.13561100000038,0.0078680000115127,0.983307000296918,202.2714579998137,0.0174480001078336,217.4156920002304
D.MOV,135,D,True,D,0.4280267655849457,True,D,True,False,False,False,14.01946499998985,0.0060789998315158,0.923636000152328,199.42012699993936,0.0177240003722545,214.38703100028533
D.MOV,136,D,True,D,0.4876530170440674,True,D,True,False,False,False,14.259944000002632,0.0073309997787873,0.9126210002250446,197.14938500010248,0.0192790002984111,212.34856000040736
D.MOV,137,D,True,D,0.4912910461425781,True,D,True,False,False,False,14.002905000012332,0.0070350001806218,0.9069369998542244,202.89232700042703,0.0172039999597473,217.826408000434
D.MOV,138,D,True,D,0.5391578078269958,True,D,True,False,False,False,14.134810999991032,0.0063439997575187,0.8862459999363637,209.9396329999763,0.0358620000042719,225.0028959996655
D.MOV,139,D,True,D,0.7144209742546082,True,D,True,False,False,False,14.20060300000614,0.0082159999692521,0.8935729997574526,190.4444639999383,0.0191529998119222,205.56600899948307
D.MOV,140,D,True,D,0.7108732461929321,True,D,True,False,False,False,13.887199999999211,0.0073279998105135,0.9298670001953724,195.15315999979063,0.0204920002033759,209.9980469999992
D.MOV,141,D,True,D,0.3200793862342834,True,D,True,False,False,False,14.008590000003096,0.0073630003498692,0.8745330001147522,193.89228199997888,0.0184919999810517,208.80126000042765
D.MOV,142,D,True,D,0.4466090500354767,True,D,True,False,False,False,14.025310999983276,0.0058789996728592,0.8699509999132715,200.3716070003065,0.0191069998436432,215.2918549997196
D.MOV,143,D,True,D,0.4219085276126861,True,D,True,False,False,False,14.097098999997115,0.0058939999689755,0.8505519999744138,191.1508009998215,0.0195100001292303,206.12385599989125
D.MOV,144,D,True,D,0.5451865792274475,True,D,True,False,False,False,14.012658000012834,0.0071120002758107,0.9294980000049692,191.56213099995512,0.0193000000763277,206.53069900032503
D.MOV,145,D,True,D,0.4964341223239898,True,D,True,False,False,False,13.919832999988555,0.0067099999796482,0.938926999879186,189.3859980000343,0.0202750002245011,204.2717430001062
D.MOV,146,D,True,D,0.4887997210025787,True,D,True,False,False,False,13.945966000022736,0.0068790000113949,0.8427699999629112,189.40681099957143,0.0195160000657779,204.22194199963428
D.MOV,147,D,True,D,0.6978241205215454,True,D,True,False,False,False,14.054710000010571,0.0063249999584513,0.8655890001136868,189.35803600015788,0.0213570001506013,204.3060170003912
D.MOV,148,D,True,D,0.7798001170158386,True,D,True,False,False,False,14.30972999997948,0.0067760001911665,0.873992999913753,191.92666199978703,0.0198540001292713,207.1370150000007
D.MOV,149,D,True,D,0.7583834528923035,True,D,True,False,False,False,14.103153999997176,0.0066399998104316,0.8630289999018714,190.64238300006764,0.0205070000447449,205.63571299982183
D.MOV,150,D,True,D,0.6689077019691467,True,D,True,False,False,False,14.071515000011914,0.0080250001701642,0.9143870001935284,193.4011050002482,0.020355999822641,208.41538800044648
D.MOV,151,D,True,D,0.6709880828857422,True,D,True,False,False,False,13.916931000011346,0.0068719996306754,0.8879130000423174,194.20772700004812,0.0193089999811491,209.03875199971367
D.MOV,152,D,True,D,0.7128461003303528,True,D,True,False,False,False,13.810184999982766,0.0078520001807191,0.910865999685484,192.0970229998602,0.0204180000764608,206.84634399978563
D.MOV,153,D,True,D,0.5554185509681702,True,D,True,False,False,False,13.852095000004285,0.0077999998211453,0.8731620000617113,191.94921700000123,0.0198809998437354,206.7021549997321
D.MOV,154,D,True,D,0.7220731377601624,True,D,True,False,False,False,13.870989000025702,0.0082820001807704,0.8875610001268797,190.17368400000123,0.0195180000446271,204.9600340003792
D.MOV,155,D,True,D,0.5391076803207397,True,D,True,False,False,False,14.056917000004889,0.0069339998844952,0.8613039999545435,189.31368999983533,0.0190979999388218,204.25794299961808
E.MOV,0,E,True,X,0.8625187277793884,False,X,False,False,False,True,14.307266000002985,0.0114599997687037,0.5365470001379435,195.3513630000998,0.0207100001716753,210.22734600018111
E.MOV,1,E,True,X,0.7570450305938721,False,X,False,False,False,True,14.265493000010563,0.0067189998844696,0.5447640000966203,192.1164160003173,0.0194409999494382,206.95283300025835
E.MOV,2,E,True,X,0.9007535576820374,False,X,False,False,False,True,14.40902100000585,0.0058949999584001,0.4825910000363365,190.67532400003984,0.0192210000022896,205.5920520000427
E.MOV,3,E,True,X,0.8621344566345215,False,X,False,False,False,True,14.184827999997651,0.0066530001276987,0.5531639999389881,193.63548399996944,0.0188699996215291,208.3989989996553
E.MOV,4,E,True,X,0.9404966235160828,False,X,False,False,False,True,14.913591999999198,0.0072390002969768,0.5051250000178698,194.71238400001312,0.0206660001822456,210.1590060005094
E.MOV,5,E,True,X,0.9180569648742676,False,X,False,False,False,True,14.031371000015724,0.0304100003631901,0.4819559999305056,195.5292160000681,0.0211500000659725,210.0941030004435
E.MOV,6,E,True,X,0.9085190296173096,False,X,False,False,False,True,13.987298000017743,0.0061730002016702,0.5132449996381183,193.7916550000409,0.0194039998859807,208.31777499978443
E.MOV,7,E,True,X,0.8838815093040466,False,X,False,False,False,True,13.994535999984237,0.0067930000113847,0.4921700001432327,196.32570799967647,0.0213700000131211,210.8405769998285
E.MOV,8,E,True,X,0.917233943939209,False,X,False,False,False,True,14.051261000020077,0.0059879998843825,0.5284159997245297,192.58525299983376,0.0213339999390882,207.19225199940183
E.MOV,9,E,True,X,0.9328816533088684,False,X,False,False,False,True,14.294943999999532,0.0123619997793866,0.5191290001675952,188.61079699991024,0.0188340000022435,203.456065999859
E.MOV,10,E,True,X,0.8702621459960938,False,X,False,False,False,True,14.758153000002494,0.0059550002333708,0.4670039998018183,187.4737660000392,0.0207120001505245,202.72559000022736
E.MOV,11,E,True,X,0.913520336151123,False,X,False,False,False,True,14.175330000000486,0.0064399996517749,0.4875009999523172,190.62992199997092,0.0202760002139257,205.31946899978948
E.MOV,12,E,True,X,0.9059540629386902,False,X,False,False,False,True,14.20625299999756,0.0064979999478964,0.4989869999008078,193.6419219996424,0.0211509996006498,208.37481099908928
E.MOV,13,E,True,X,0.9254207611083984,False,X,False,False,False,True,14.11135499998295,0.0074489998951321,0.4902340001535776,194.5472850002261,0.0211999999919498,209.1775230002497
E.MOV,14,E,True,X,0.8478691577911377,False,X,False,False,False,True,14.37500400001568,0.0087179996626218,0.5625190001410374,205.41439599992373,0.0210200000765325,220.3816569998196
E.MOV,15,E,True,X,0.8641238212585449,False,X,False,False,False,True,14.216327000013962,0.0070989999585435,0.5139579998285626,199.6822770001927,0.0204910002139513,214.4401520002077
E.MOV,16,E,True,X,0.8525508046150208,False,X,False,False,False,True,14.23536299998318,0.0070700002652301,0.548887000149989,191.4376830000037,0.0193679998119478,206.2483710002141
E.MOV,17,E,True,X,0.8391324281692505,False,X,False,False,False,True,14.13643799997999,0.007177000043157,0.5496459998539649,194.39679700008128,0.0210959997275494,209.111153999686
E.MOV,18,E,True,X,0.8517922759056091,False,X,False,False,False,True,14.193868999996084,0.007694000032643,0.5811219998577144,211.90464399978737,0.0185539997801242,226.705882999454
E.MOV,19,E,True,X,0.891994297504425,False,X,False,False,False,True,14.214801999997915,0.0068900003498129,0.5733689999942726,186.2159900001643,0.0175479999597882,201.0285990004661
E.MOV,20,E,True,X,0.901187300682068,False,X,False,False,False,True,14.153154000013046,0.0077310000961006,0.621172999672126,189.49787899964576,0.0175909999597934,204.29752799938683
E.MOV,21,E,True,X,0.8992045521736145,False,X,False,False,False,True,14.770685000002004,0.0062679996517545,0.4858880001847865,188.64607500017885,0.0173309999809134,203.92624699999828
E.MOV,22,E,True,X,0.9115771055221558,False,X,False,False,False,True,14.342167999984667,0.0059750000218627,0.4917340002066339,190.37877499977185,0.0177010001607413,205.23635300014573
E.MOV,23,E,True,X,0.9350234866142272,False,X,False,False,False,True,14.097104999962085,0.0063110001065069,0.4913180000585271,187.7884170003199,0.0164829998539062,202.3996340003009
E.MOV,24,E,True,X,0.867425262928009,False,X,False,False,False,True,14.00484300000926,0.0067239998315926,0.8072240002547915,194.0878690002137,0.0202830001398979,208.92694300044923
E.MOV,25,E,True,X,0.9083358645439148,False,X,False,False,False,True,13.988356000027125,0.0076229998740018,0.8637680002721027,193.47379900000303,0.0170959997376485,208.350641999914
E.MOV,26,E,True,X,0.8880622982978821,False,X,False,False,False,True,14.00278400001298,0.0060319998738123,0.4953439997734676,192.74274899999,0.0186929996743856,207.26560199932464
E.MOV,27,E,True,X,0.9300300478935242,False,X,False,False,False,True,14.089810000029956,0.0061559999267046,0.5333999997674255,191.0589240001173,0.0216250000448781,205.70991499988625
E.MOV,28,E,True,X,0.9188242554664612,False,X,False,False,False,True,14.157328999999663,0.0080830000115383,0.7963430002746463,192.5664099999267,0.0186229999599163,207.54678800017248
E.MOV,29,E,True,X,0.8371602892875671,False,X,False,False,False,True,14.1760319999662,0.0068099998316029,0.8299769997393014,196.7015810000703,0.0172780000866623,211.73167799969409
E.MOV,30,E,True,X,0.92229825258255,False,X,False,False,False,True,14.008016999980557,0.0061509999795816,0.4978249999112449,202.65985500009265,0.0182120002136798,217.1900600001777
E.MOV,31,E,True,X,0.8822247982025146,False,X,False,False,False,True,13.917017000039776,0.0060200000007171,0.5109809999339632,193.65090199971743,0.0180220004040165,208.102942000096
E.MOV,32,E,True,X,0.9325841069221495,False,X,False,False,False,True,14.020304000041506,0.0088749998212733,0.5324759999894013,194.0879829999176,0.0181330001396418,208.6677709999094
E.MOV,33,E,True,X,0.9011570811271667,False,X,False,False,False,True,14.283274000035815,0.0082050000855815,0.5749759998252557,191.79936199998332,0.0170390003404463,206.68285600027048
E.MOV,34,E,True,X,0.9199742078781128,False,X,False,False,False,True,14.184845000045245,0.0073499995778547,0.8357329998034402,191.04824099986217,0.0177019996954186,206.09387099898413
E.MOV,35,E,True,X,0.9044889807701112,False,X,False,False,False,True,14.038816000038423,0.0130630000967357,0.8581649999541696,192.48313300022343,0.0181479999810108,207.4113250002938
E.MOV,36,E,True,X,0.90668785572052,False,X,False,False,False,True,14.088528999991468,0.0070230003075266,0.5564019998018921,192.1771729998909,0.0201380003090889,206.84926500030087
E.MOV,37,E,True,X,0.8906317949295044,False,X,False,False,False,True,13.98349299995516,0.0100120000752212,0.5317760001162242,194.55044799997268,0.0187219998224463,209.09445099994173
E.MOV,38,E,True,X,0.9497427940368652,False,X,False,False,False,True,14.101078999999572,0.0059049998526461,0.5535309996957949,200.1700610003354,0.0289049999082635,214.85948099979169
E.MOV,39,E,True,X,0.9532966017723083,False,X,False,False,False,True,15.19679300002963,0.0102760000117996,0.561269000172615,198.41004799991424,0.0210590001188393,214.19944500024712
E.MOV,40,E,True,X,0.9717766046524048,False,X,False,False,False,True,14.171689000022525,0.0082770002336474,0.5315120001796458,194.950720000179,0.0177279998752055,209.67992600049
E.MOV,41,E,True,X,0.9372613430023192,False,X,False,False,False,True,13.990573999990374,0.0087280000116152,0.616556999830209,192.19609100036905,0.0180910001290612,206.8300410003303
E.MOV,42,E,True,X,0.9535303711891174,False,X,False,False,False,True,14.030496000032144,0.0062559997786593,0.5317340001056436,192.37604299996747,0.0175249997482751,206.9620539996322
E.MOV,43,E,True,X,0.9592195153236388,False,X,False,False,False,True,17.785044999982347,0.0063920001593942,0.523021999924822,190.49825100000817,0.0234429999181884,208.8361529999929
E.MOV,44,E,True,X,0.9644513726234436,False,X,False,False,False,True,14.199302999998054,0.0072100001489161,0.8421809998253593,195.043276999968,0.0177340002665005,210.1097050002068
E.MOV,45,E,True,X,0.9498766660690308,False,X,False,False,False,True,13.99717000003875,0.0063379998209711,0.8318159998452757,196.7312110000421,0.0180610004463233,211.5845960001934
E.MOV,46,E,True,X,0.9559444785118104,False,X,False,False,False,True,14.002611999956116,0.006294999820966,0.496802999805368,196.02969900006428,0.025848999939626,210.5612579995864
E.MOV,47,E,True,X,0.9631978869438172,False,X,False,False,False,True,14.084685000000263,0.0064079999901878,0.5193680003685586,201.5431830000125,0.0196460000552178,216.1732900004268
E.MOV,48,E,True,X,0.968237578868866,False,X,False,False,False,True,13.858935000030217,0.0064749997363833,0.5547980003939301,196.51863299986871,0.019354999949428,210.95819599997867
E.MOV,49,E,True,X,0.9604900479316713,False,X,False,False,False,True,14.161978999993607,0.0070759997470304,0.7678309998482291,196.8899439998495,0.016559999949095,211.84338999938743
E.MOV,50,E,True,X,0.9652981758117676,False,X,False,False,False,True,13.954001999991306,0.0065839999479067,0.7917279999674065,196.01796500001,0.016331000097125,210.78661000001367
E.MOV,51,E,True,X,0.949368417263031,False,X,False,False,False,True,14.053291999971409,0.0073720002546906,0.5477809995682037,192.9346860001715,0.0171009996847715,207.56023199965057
E.MOV,52,E,True,X,0.9515649080276488,False,X,False,False,False,True,14.263617999972666,0.0072990001172001,0.5670529999406426,193.84780499967744,0.0195150000763533,208.7052899997844
E.MOV,53,E,True,X,0.9492766857147216,False,X,False,False,False,True,14.27382200000693,0.0067310002123122,0.5156090001037228,192.64236300023185,0.0195520001398108,207.45807700069463
E.MOV,54,E,True,X,0.9488663077354432,False,X,False,False,False,True,14.13332299995318,0.0078319999374798,0.5266440002742456,197.83910699970875,0.0195100001292303,212.52641600000288
E.MOV,55,E,True,X,0.9490633010864258,False,X,False,False,False,True,14.014777999989292,0.0067450000642566,0.5713139998988481,196.0749550003129,0.0202589999389601,210.68805100020427
E.MOV,56,E,True,X,0.9698215126991272,False,X,False,False,False,True,14.037709999968229,0.0065229996835114,0.5404409998845949,191.45032400001585,0.0191939998330781,206.05419199938524
E.MOV,57,E,True,X,0.9653974771499634,False,X,False,False,False,True,14.033343999983572,0.0063180000324791,0.541611000244302,193.4752309998657,0.0197069998648657,208.07621099999096
E.MOV,58,E,True,X,0.95772522687912,False,X,False,False,False,True,13.996747000021514,0.0065620001805655,0.4982870000276307,199.11430399997693,0.0199989999600802,213.6358990001668
E.MOV,59,E,True,X,0.9417640566825868,False,X,False,False,False,True,14.575728000011168,0.0062559997786593,0.7797009998284921,221.8715690000863,0.0192080001397698,237.2524619998444
E.MOV,60,E,True,X,0.929423987865448,False,X,False,False,False,True,13.918773000000328,0.0063610000324842,0.7893199999671197,193.7475319996338,0.0178689997483161,208.47985499938204
E.MOV,61,E,True,X,0.9650822877883912,False,X,False,False,False,True,14.20282699996278,0.0067649998527485,0.7654419996470097,194.1482380002526,0.0175280001712963,209.14079999988644
E.MOV,62,E,True,X,0.9756720662117004,False,X,False,False,False,True,14.030101000003016,0.0070180003604036,0.81171900001209,189.9609830002192,0.0167770003827172,204.82659800097736
E.MOV,63,E,True,X,0.962668240070343,False,X,False,False,False,True,14.26236700001482,0.0069759998950758,0.7725069999651168,197.5334649996512,0.0173039998117019,212.5926189993379
E.MOV,64,E,True,X,0.9701594710350036,False,X,False,False,False,True,13.920898999970175,0.0057659999583847,0.4992600001969549,188.74631600010616,0.0176359999386477,203.1898770001704
E.MOV,65,E,True,X,0.950871765613556,False,X,False,False,False,True,14.180823000003784,0.0062720000642002,0.4897289995824394,190.25259699992603,0.0190969999493972,204.94851799952585
E.MOV,66,E,True,X,0.9570938348770142,False,X,False,False,False,True,13.967491999949289,0.0078100001701386,0.5083559999548015,189.6444809999593,0.0196570003936358,204.1477960004272
E.MOV,67,E,True,X,0.9250299334526062,False,X,False,False,False,True,14.037910000013198,0.0065510002968949,0.4872270001214929,188.7407210001584,0.0189310003406717,203.29134000093063
E.MOV,68,E,True,X,0.9494219422340392,False,X,False,False,False,True,14.259957000035683,0.0059369999689806,0.5108939999445283,190.0703640003485,0.0209250001717009,204.86807700046936
E.MOV,69,E,True,X,0.9296314120292664,False,X,False,False,False,True,14.126690000011877,0.0071760000537324,0.4808759999832546,190.4197399999248,0.0194829999600187,205.05396499993367
E.MOV,70,E,True,X,0.9675629138946532,False,X,False,False,False,True,13.88396599998032,0.0057749998632061,0.4887430000053427,187.44119899974976,0.0199300002350355,201.8396129998337
E.MOV,71,E,True,X,0.9550237655639648,False,X,False,False,False,True,14.003645999991932,0.005847000011272,0.5032750000282249,188.8827420002599,0.0200750000658445,203.4155850003572
E.MOV,72,E,True,X,0.963420033454895,False,X,False,False,False,True,13.979891000019506,0.0057349998314748,0.5486029999701714,191.89000799997305,0.0196849996427772,206.44392199943687
E.MOV,73,E,True,X,0.9709028005599976,False,X,False,False,False,True,14.18208299998014,0.0062829999478708,0.753955999698519,189.46824300019216,0.0177160000021103,204.4282809998208
E.MOV,74,E,True,X,0.97124445438385,False,X,False,False,False,True,14.295093000043837,0.0115659995572059,0.7511120002163807,193.84943800014292,0.0200060003407998,208.9272150003012
E.MOV,75,E,True,X,0.9667816758155824,False,X,False,False,False,True,14.34676900004206,0.0082829997154476,0.878870000178722,193.5175319999871,0.0176789999386528,208.769132999862
E.MOV,76,E,True,X,0.9589325785636902,False,X,False,False,False,True,14.208429999996495,0.0071239996941585,0.8063850000326056,196.1986840001373,0.0180170000021462,211.2386399998627
E.MOV,77,E,True,X,0.9540385603904724,False,X,False,False,False,True,14.047966000021006,0.007624999852851,0.7589480001115589,192.7188669997122,0.0187249997907201,207.5521309994884
E.MOV,78,E,True,X,0.9716134071350098,False,X,False,False,False,True,13.982605000023796,0.0066270004026591,0.5073830002402246,191.68352799988497,0.0236759997278568,206.2038190002795
E.MOV,79,E,True,X,0.96525639295578,False,X,False,False,False,True,14.149361000022507,0.0083880004240199,0.5483130003085535,191.263851000258,0.0196189998860063,205.9895320008991
E.MOV,80,E,True,X,0.9508981704711914,False,X,False,False,False,True,14.29966300003116,0.0066569996306498,0.5186450002838683,207.89916800004,0.0220830002035654,222.7462160001892
E.MOV,81,E,True,X,0.9722203612327576,False,X,False,False,False,True,14.0327569999954,0.0100900001598347,0.9019909998642106,225.5887629999052,0.0200499998754821,240.55365099980008
E.MOV,82,E,True,X,0.9647082686424256,False,X,False,False,False,True,14.161632999957874,0.0102050003079057,0.8397279998462182,203.6844219996965,0.0183669999387348,218.71435499974723
E.MOV,83,E,True,X,0.976892352104187,False,X,False,False,False,True,14.19749500001899,0.0452760000371199,0.822771000002831,195.07707999991908,0.0180819997694925,210.1607039997475
E.MOV,84,E,True,X,0.970426380634308,False,X,False,False,False,True,14.04170799997928,0.0083229997471789,0.8149589998538431,196.859472000142,0.0176720000126806,211.74213399973496
E.MOV,85,E,True,X,0.934783399105072,False,X,False,False,False,True,14.220484000020406,0.0073999999585794,0.8010599999579426,195.4920619996301,0.0178489999598241,210.53885499952685
E.MOV,86,E,True,X,0.925958812236786,False,X,False,False,False,True,14.106863000051815,0.0084099997366138,0.8317820002048393,201.58786999991207,0.0295609997920109,216.56448599969733
E.MOV,87,E,True,X,0.9351298809051514,False,X,False,False,False,True,14.18097499998794,0.0082030001067323,0.8622049999758019,192.2795170003156,0.0205540000024484,207.3514540003885
E.MOV,88,E,True,X,0.8827704191207886,False,X,False,False,False,True,13.99617900000294,0.0090300000010756,0.9043759996529844,199.0514039998743,0.0232269999287382,213.98421599946005
E.MOV,89,E,True,X,0.8831487894058228,False,X,False,False,False,True,14.173534000008203,0.0080530003288004,0.5581830000664922,194.61155599992708,0.0174880001395649,209.3688140004701
E.MOV,90,E,True,X,0.8822223544120789,False,X,False,False,False,True,14.313975999982633,0.0064289997681044,0.7693930001551053,196.5888920003636,0.0176520002241886,211.6963420004936
E.MOV,91,E,True,X,0.8579840660095215,False,X,False,False,False,True,13.96439399997007,0.0073440000960545,0.515476000146009,193.7031620000198,0.0206350000553356,208.21101100028727
E.MOV,92,E,True,X,0.8413314819335938,False,X,False,False,False,True,14.188391000004684,0.006171000222821,0.5790340001112781,193.09226899986243,0.0202450000870157,207.88611000028823
E.MOV,93,E,True,X,0.791060745716095,False,X,False,False,False,True,14.123946999973214,0.0065930003074754,0.5131970001457375,191.6020749999916,0.0253599996540287,206.27117200007208
E.MOV,94,E,True,X,0.7822284698486328,False,X,False,False,False,True,14.566240000021937,0.0061989999267098,0.4995799999960582,192.4907640000129,0.018895999801316,207.58167899975888
E.MOV,95,E,True,X,0.7918073534965515,False,X,False,False,False,True,14.428952999992362,0.0070629998845106,0.5790950003756734,195.2134980001574,0.0183219999598804,210.24693100036984
E.MOV,96,E,True,X,0.8219254612922668,False,X,False,False,False,True,14.198446000023068,0.006977999873925,0.5204619997130067,199.55691399991332,0.0198689999706402,214.302668999494
E.MOV,97,E,True,X,0.8160616755485535,False,X,False,False,False,True,14.82116199997563,0.0067189998844696,0.5439090000436408,192.6396679996288,0.0175159998434537,208.02897399937592
E.MOV,98,E,True,X,0.8780531287193298,False,X,False,False,False,True,14.60940499998742,0.0072539996835985,0.8166220000020985,192.4915610002245,0.0175440000020898,207.94238599989967
E.MOV,99,E,True,X,0.8971874117851257,False,X,False,False,False,True,13.967906999994284,0.0064139999267354,0.8096940000541508,215.1089290000528,0.018467999780114,229.911411999808
E.MOV,100,E,True,X,0.872999370098114,False,X,False,False,False,True,14.004038999985369,0.008521999916411,0.8179310002560669,212.21919500021613,0.019982000139862,227.06966900051384
E.MOV,101,E,True,X,0.8890068531036377,False,X,False,False,False,True,14.273149000018748,0.0087640000856481,0.8072629998423508,192.7728130003743,0.0200399999812361,207.88202900030228
E.MOV,102,E,True,X,0.917246162891388,False,X,False,False,False,True,13.9736020000214,0.0060899997151864,0.5015080000703165,192.122701000244,0.0209129998438584,206.6248139998948
E.MOV,103,E,True,X,0.943614900112152,False,X,False,False,False,True,14.061910000009448,0.0062120002439769,0.5195369999455579,191.8829729997924,0.0204920002033759,206.4911240001948
E.MOV,104,E,True,X,0.9478948712348938,False,X,False,False,False,True,13.980815999957484,0.0074299996413174,0.50927500024045,198.71324599989748,0.0223720003305061,213.23313900006724
E.MOV,105,E,True,X,0.9843544960021972,False,X,False,False,False,True,14.33182900001384,0.007929000275908,0.5112700000609038,193.777530999796,0.0206889999390114,208.6492480000857
E.MOV,106,E,True,X,0.984877347946167,False,X,False,False,False,True,14.124429999981205,0.0064529999690421,0.6022030001986423,195.1749060003749,0.0205790001928107,209.9285710007166
E.MOV,107,E,True,X,0.9776730537414552,False,X,False,False,False,True,14.087357999983396,0.0082450001173128,0.562974000331451,194.74110299961467,0.0205520000235992,209.42023200007043
E.MOV,108,E,True,X,0.9789066314697266,False,X,False,False,False,True,14.13652200000115,0.0065770000219345,0.5433350002022053,191.799003000142,0.0205740002456877,206.5060110006129
E.MOV,109,E,True,X,0.9691884517669678,False,X,False,False,False,True,14.142782000021723,0.0075650000326277,0.540943000032712,193.83883499995136,0.019094999970548,208.54922000000897
E.MOV,110,E,True,X,0.9783099889755248,False,X,False,False,False,True,14.19537900000023,0.0062429999161395,0.480366000374488,193.26683300005243,0.0207319999390165,207.9695530002823
E.MOV,111,E,True,X,0.9876623153686525,False,X,False,False,False,True,13.953711999988627,0.0080859999798121,0.5418999999164953,205.69674299986212,0.0192229999811388,220.21966399972823
E.MOV,112,E,True,X,0.9887475967407228,False,X,False,False,False,True,13.997130999996443,0.0067099999796482,0.5013619997953356,193.3400719999554,0.020456000129343,207.86573099985617
E.MOV,113,E,True,X,0.9718235731124878,False,X,False,False,False,True,13.95393600000716,0.0066220000007888,0.5056070003774948,193.2356239999536,0.0207520001822558,207.72254100052123
E.MOV,114,E,True,X,0.9557865858078004,False,X,False,False,False,True,14.11923799997794,0.0063440002122661,0.4902390001007006,195.64200199965853,0.0201950001610384,210.27801800011048
E.MOV,115,E,True,X,0.9493039846420288,False,X,False,False,False,True,13.994902000035836,0.0070359997152991,0.5092430001241155,193.689550000272,0.020874000256299,208.2216050004036
E.MOV,116,E,True,X,0.9109877943992616,False,X,False,False,False,True,13.869169000031434,0.0073320002229593,0.5133570002726628,195.84529099984132,0.0199630003407946,210.25511200070923
E.MOV,117,E,True,X,0.8151201605796814,False,X,False,False,False,True,14.036700000019664,0.0071250001383305,0.5593450000560551,196.09559599985005,0.0180189999809954,210.7167850000451
E.MOV,118,E,True,X,0.8155224323272705,False,X,False,False,False,True,14.05302699998856,0.0067760001911665,0.5549499996959639,196.18337400015665,0.0179089997800474,210.8160359998124
E.MOV,119,E,True,X,0.8270387053489685,False,X,False,False,False,True,13.932603000000654,0.0073500000326021,0.5482999999912863,194.7522539999227,0.0201600000764301,209.2606670000237
E.MOV,120,E,True,X,0.8005810379981995,False,X,False,False,False,True,14.110525000035068,0.0079400001595786,0.5236930001046858,197.1073980002984,0.0216600001294864,211.77121600072724
E.MOV,121,E,True,X,0.7862029671669006,False,X,False,False,False,True,13.96042999999736,0.0071220001700567,0.5135020001034718,195.82071800005,0.0207650000447756,210.32253700036563
E.MOV,122,E,True,X,0.8219097256660461,False,X,False,False,False,True,13.953019999974003,0.0068920003286621,0.4824789998565393,188.9945330003684,0.0202619999072339,203.45718600043483
E.MOV,123,E,True,X,0.8045732378959656,False,X,False,False,False,True,13.829938000014865,0.0075520001701079,0.6083480002416763,196.5690629999699,0.0207220000447705,211.0356230004413
E.MOV,124,E,True,X,0.7530508041381836,False,X,False,False,False,True,13.940058000002864,0.0064509999901929,0.7631150001543574,193.53945500006373,0.0208060000659315,208.2698850002771
E.MOV,125,E,True,X,0.7442381978034973,False,X,False,False,False,True,14.058950999981334,0.0096759999905771,0.7993650001481001,212.2104580002997,0.0222239996219286,227.10067400004164
E.MOV,126,E,True,X,0.7302504181861877,False,X,False,False,False,True,14.00888500000974,0.0085640003817388,0.9370059997309,195.2635969996664,0.0203979998332215,210.238449999622
E.MOV,127,E,True,X,0.830144464969635,False,X,False,False,False,True,14.25169399999504,0.006688000212307,0.5325279998942278,196.2283110001408,0.0199639998754719,211.03918500011787
E.MOV,128,E,True,X,0.8384631276130676,False,X,False,False,False,True,14.007431999971232,0.007076999736455,0.7869330001994967,197.93104900008984,0.0205420001293532,212.7530330001264
E.MOV,129,E,True,X,0.855625331401825,False,X,False,False,False,True,14.03815899999472,0.0085829997260589,0.788104000093881,196.15015499994115,0.0209179997909814,211.0059189995468
E.MOV,130,E,True,X,0.9103754162788392,False,X,False,False,False,True,14.03600800000504,0.009950999810826,0.8601489998909528,192.69876099997416,0.0170250000337546,207.6218939997148
E.MOV,131,E,True,X,0.8665975332260132,False,X,False,False,False,True,13.928082000006723,0.0080530003288004,0.8882290003384696,197.0528629999535,0.0181269997483468,211.89535400037585
E.MOV,132,E,True,X,0.9194346070289612,False,X,False,False,False,True,14.26588599997558,0.0065379999796277,0.5384139999478066,195.5818480000744,0.0204779998966841,210.4131639998741
E.MOV,133,E,True,X,0.9402073621749878,False,X,False,False,False,True,14.880819999973482,0.007155999810493,0.4998439999326365,196.2735369997972,0.0220680003621964,211.683424999876
E.MOV,134,E,True,X,0.9456178545951844,False,X,False,False,False,True,14.324595999994472,0.0080849999903875,0.8089839998319803,194.89033400031985,0.018219000139652,210.0502180002764
E.MOV,135,E,True,X,0.971200704574585,False,X,False,False,False,True,13.90310499999714,0.0097300003290001,0.5328170000211685,197.44464400037032,0.019643000086944,211.90993900080457
E.MOV,136,E,True,X,0.9661864042282104,False,X,False,False,False,True,14.838673999975072,0.0066679999690677,0.6094089999351127,198.47737000009147,0.0256160001299576,213.95773700010068
E.MOV,137,E,True,X,0.9725548028945924,False,X,False,False,False,True,13.965267000003225,0.007480000022042,0.5114800001138065,192.6874229998248,0.0192949996744573,207.1909449996383
E.MOV,138,E,True,X,0.9792284965515136,False,X,False,False,False,True,14.103416000011748,0.0064800001382536,0.4975570000169682,196.7248229998404,0.0196780001715524,211.3519540001789
E.MOV,139,E,True,X,0.9840101599693298,False,X,False,False,False,True,14.102777000005062,0.0058699997680378,0.5072459998700651,199.91696399984,0.0206559998332522,214.55351299931635
E.MOV,140,E,True,X,0.9920415282249452,False,X,False,False,False,True,14.085346000001664,0.0063390002651431,0.4953829998157744,194.67665899992423,0.0235659999816562,209.2872929999885
E.MOV,141,E,True,X,0.9816623330116272,False,X,False,False,False,True,14.004544999977496,0.0110329997369262,0.8128350000333739,203.231224999854,0.0213430002986569,218.08098099990048
E.MOV,142,E,True,X,0.9852688908576964,False,X,False,False,False,True,13.961447000042426,0.0064580003709124,0.767226000334631,192.22558999990724,0.0170779999280057,206.9777990005832
F.MOV,0,F,True,delete,0.4235172569751739,False,delete,False,False,False,True,14.187038000045504,0.0109789998532505,0.9592360001988708,198.9101459998892,0.0216210000871797,214.089020000074
F.MOV,1,F,True,delete,0.4965434968471527,False,delete,False,False,False,True,14.060411999992084,0.009149000106845,0.8961980001913616,191.76448500002152,0.0208100000236299,206.75105400033544
F.MOV,2,F,True,delete,0.5353862047195435,False,delete,False,False,False,True,13.949606000039694,0.0070720002440793,0.9061719997589536,195.6849809998857,0.0199619998966227,210.5677929998251
F.MOV,3,F,True,delete,0.5968984365463257,False,delete,False,False,False,True,14.033971000003476,0.0071740000748832,0.8854759998939699,197.68854799986,0.0201480002033349,212.63531700003568
F.MOV,4,F,True,delete,0.7180931568145752,False,delete,False,False,False,True,14.01878299998316,0.0070589999268122,0.8542940004190314,195.53216900021653,0.0212350000765582,210.4335400006221
F.MOV,5,F,True,delete,0.7961500287055969,False,delete,False,False,False,True,14.308991000007154,0.0072580000960442,0.9114219997172768,192.41996799974004,0.0212640002246189,207.6689029997852
F.MOV,6,F,True,delete,0.8237183690071106,False,delete,False,False,False,True,13.980393999986518,0.0071069998739403,0.8849719997670036,192.5580179999997,0.0205019996428745,207.45099299927008
F.MOV,7,F,True,delete,0.81767338514328,False,delete,False,False,False,True,14.004685999964297,0.0074429999585845,0.879657000041334,196.4693329996408,0.0189269999282259,211.3800459995332
F.MOV,8,F,True,delete,0.822526752948761,False,delete,False,False,False,True,14.22947900005056,0.0077699996836599,0.8761730000514945,192.2758390001036,0.0207029997909558,207.40996399968023
F.MOV,9,F,True,delete,0.8277994394302368,False,delete,False,False,False,True,14.136232999987897,0.0078169996413635,0.8685379998496501,194.35707399998137,0.0362109999514359,209.4058729994117
F.MOV,10,F,True,delete,0.8384121060371399,False,delete,False,False,False,True,14.145284999983687,0.0086360000750573,0.9292849999837928,192.49736500023573,0.0201100001504528,207.60068100042872
F.MOV,11,F,True,delete,0.8592075109481812,False,delete,False,False,False,True,14.331151000021691,0.0082409997048671,0.954572999944503,197.18030400008504,0.0203200002033554,212.49458899995943
F.MOV,12,F,True,delete,0.8789548277854919,False,delete,False,False,False,True,14.065969000000678,0.00718199999028,0.9027379996950912,195.61515200030044,0.0195630000234814,210.61060400001
F.MOV,13,F,True,delete,0.8300072550773621,False,delete,False,False,False,True,14.174520000040047,0.0071350000325764,0.888373000179854,193.92197099978148,0.019101000361843,209.0111000003958
F.MOV,14,F,True,delete,0.807177722454071,False,delete,False,False,False,True,13.907480000000303,0.0068019999162061,0.8796770002845733,194.6536169998581,0.0205730002562631,209.4681490003154
F.MOV,15,F,True,delete,0.8255110383033752,False,delete,False,False,False,True,14.114048999999795,0.0088990000222111,0.843929999973625,215.1205459999801,0.0171360002241272,230.10456000019985
F.MOV,16,F,True,delete,0.8563366532325745,False,delete,False,False,False,True,14.019254999993793,0.0077379995673254,0.9061089999704564,194.96405099971523,0.0201850002667924,209.9173379995136
F.MOV,17,F,True,delete,0.8513942360877991,False,delete,False,False,False,True,14.196765000008329,0.0078100001701386,0.8981370001492905,194.95325599973512,0.0215919999391189,210.077560000002
F.MOV,18,F,True,delete,0.8729575872421265,False,delete,False,False,False,True,14.051658000028056,0.0072449997787771,0.9422150001228148,196.8732049999744,0.0179999997271806,211.89232299963123
F.MOV,19,F,True,delete,0.8458120226860046,False,delete,False,False,False,True,13.90567400000009,0.0071480003498436,0.9824509997997666,191.3760860002185,0.0165280002875078,206.2878870006557
F.MOV,20,F,True,delete,0.8249195218086243,False,delete,False,False,False,True,13.934567000035258,0.0069990001065889,0.9197409999615048,194.99240199957052,0.0260550000348303,209.8797639997088
F.MOV,21,F,True,delete,0.7712551355361938,False,delete,False,False,False,True,14.307395000002998,0.0070510000114154,0.9600799999134324,194.8199729999942,0.0208289998226973,210.11532799974475
F.MOV,22,F,True,delete,0.6757180094718933,False,delete,False,False,False,True,14.055694999967727,0.0066960001277038,0.905157000033796,192.38109399975656,0.0191320000340056,207.3677739999198
F.MOV,23,F,True,delete,0.6203187108039856,False,delete,False,False,False,True,14.3216409999809,0.0086850000116101,0.8863359998940723,193.0983570000535,0.0203429999601212,208.3353619999002
F.MOV,24,F,True,delete,0.5816843509674072,False,delete,False,False,False,True,14.38344899997901,0.0068780000219703,0.8861539999998058,197.2353510000176,0.0194530002772808,212.5312850002956
F.MOV,25,F,True,delete,0.6949740052223206,False,delete,False,False,False,True,14.065111000036268,0.0079599999480706,0.9216489997925236,193.24108899991188,0.0194270000974938,208.25523599978624
F.MOV,26,F,True,delete,0.6455182433128357,False,delete,False,False,False,True,14.13034099999777,0.0060810002651123,0.9152249999715424,194.99895499984632,0.0212610002563451,210.0718630003371
F.MOV,27,F,True,delete,0.5008903741836548,False,delete,False,False,False,True,14.051015999996253,0.0079299998105852,0.8985880003820057,197.2107720002896,0.0206190002245421,212.18892500070297
F.MOV,28,F,True,delete,0.5259445905685425,False,delete,False,False,False,True,14.215014000001249,0.0095479999799863,0.941781000165065,196.97998799983907,0.0194059998648299,212.1657369998502
F.MOV,29,F,True,delete,0.4689974784851074,False,delete,False,False,False,True,14.238111000054232,0.0065300000642309,0.9364550001009776,189.6713559999625,0.0195489997167896,204.8720009998988
F.MOV,30,F,True,delete,0.4958000779151916,False,delete,False,False,False,True,14.194470000006731,0.0076620003710559,0.9623860000829154,194.74901100011263,0.0171359997693798,209.9306650003428
F.MOV,31,F,True,delete,0.6197805404663086,False,delete,False,False,False,True,14.061968999953931,0.0065229996835114,1.0364959998696577,196.0370450001392,0.020319999748608,211.1623529993949
F.MOV,32,F,True,delete,0.5393050312995911,False,delete,False,False,False,True,15.215569000019968,0.0080249997154169,0.9555980000186536,222.81298699999752,0.0207389998649887,239.0129179996165
F.MOV,33,F,True,delete,0.6482878923416138,False,delete,False,False,False,True,15.934488000027612,0.0083400000221445,0.980109000010998,194.7621579997758,0.0182049998329603,211.70329999966955
F.MOV,34,F,True,delete,0.5836506485939026,False,delete,False,False,False,True,14.04129100001228,0.0079490000644,0.9249969998563756,195.35736699981496,0.0192840002455341,210.3508879999936
F.MOV,35,F,True,delete,0.4471867382526397,False,delete,False,False,False,True,14.16967300002625,0.0070969999796943,0.9089150003092072,192.99832699971373,0.019335000160936,208.10334700018984
F.MOV,36,F,True,delete,0.6215261816978455,False,delete,False,False,False,True,13.94823800001177,0.0064250002651533,1.0021409998444142,194.11946600030203,0.0193030000446015,209.095573000468
F.MOV,37,F,True,W,0.456072986125946,False,W,False,False,False,True,14.050881000002846,0.0221259997488232,0.9511540001767572,198.0968500001836,0.0198269999600597,213.1408380000721
F.MOV,38,F,True,delete,0.4650467336177826,False,delete,False,False,False,True,14.048345999981391,0.0061819996517442,0.9410210000169172,193.73834800035183,0.0203979998332215,208.7542949998351
F.MOV,39,F,True,W,0.4842938482761383,False,W,False,False,False,True,14.207199999987097,0.0058989999160985,0.9431339999537158,192.1541779997824,0.0198650000129418,207.33027599965223
F.MOV,40,F,True,delete,0.4712446928024292,False,delete,False,False,False,True,13.98016100000632,0.0069329998950706,0.934572999994998,190.61563000013848,0.020668999695772,205.55796599973064
F.MOV,41,F,True,delete,0.5513264536857605,False,delete,False,False,False,True,14.036739999994552,0.0062329995671461,0.950182999986282,191.24919300020332,0.020331000087026,206.2626799998384
F.MOV,42,F,True,delete,0.6780877113342285,False,delete,False,False,False,True,14.05563999998094,0.0073199998951167,0.9019379999699596,193.71233400033816,0.0196249998225539,208.6968570000068
F.MOV,43,F,True,delete,0.7008574604988098,False,delete,False,False,False,True,14.015911999990749,0.0068139997893013,0.8795570001893793,192.29563099997904,0.0196609998965868,207.21757499984503
F.MOV,44,F,True,delete,0.6862798929214478,False,delete,False,False,False,True,14.23146999997016,0.0061380001170618,0.8909000002859102,193.9115780000975,0.0198820002879074,209.0599680007585
F.MOV,45,F,True,delete,0.6452475786209106,False,delete,False,False,False,True,14.024366999990434,0.0065969998104264,0.894035999863263,193.755370999952,0.0198379998437303,208.70020899945985
F.MOV,46,F,True,delete,0.6587740182876587,False,delete,False,False,False,True,14.156829000000926,0.0066150000748166,0.8958290000009583,189.64710399995965,0.0199159999283438,204.7262929999647
F.MOV,47,F,True,delete,0.6036231517791748,False,delete,False,False,False,True,14.081072000010408,0.0061279997680685,0.8748889999878884,194.18924399997195,0.0199470000552537,209.1712799997936
F.MOV,48,F,True,delete,0.6857007145881653,False,delete,False,False,False,True,13.985646999969958,0.006498999937321,0.895221000064339,195.36035300006915,0.0201000002562068,210.26782000029692
F.MOV,49,F,True,delete,0.639623761177063,False,delete,False,False,False,True,14.081344000032914,0.0064579999161651,0.8831149998513865,193.0084069999793,0.0191609997273189,207.9984849995072
F.MOV,50,F,True,delete,0.6587997674942017,False,delete,False,False,False,True,14.011351000021932,0.0059979997786285,0.851943000270694,192.931900000076,0.0194220001503708,207.8206140002976
F.MOV,51,F,True,delete,0.6986271739006042,False,delete,False,False,False,True,14.02486099999578,0.0066100001276936,0.8909749999475025,194.2711419997068,0.0201320003725413,209.21372000015023
F.MOV,52,F,True,delete,0.725780189037323,False,delete,False,False,False,True,14.086813000005804,0.0064679998104111,0.8648609996271261,191.615112999898,0.0351039998349733,206.6083589991763
F.MOV,53,F,True,delete,0.7415224313735962,False,delete,False,False,False,True,14.04953500002648,0.0065489998632983,0.9019459998853564,195.1236319996497,0.0208480000765121,210.1025099995013
F.MOV,54,F,True,delete,0.7627283930778503,False,delete,False,False,False,True,14.19418300002917,0.0058169998737866,0.9163909999188036,194.00930600022548,0.020215999938955,209.1459129999862
F.MOV,55,F,True,delete,0.7446451783180237,False,delete,False,False,False,True,13.89822699997012,0.0076860001172462,0.9069160000763076,194.0604979999989,0.0201499997274368,208.89347699989003
F.MOV,56,F,True,delete,0.6927675008773804,False,delete,False,False,False,True,13.91651199998023,0.0062469998738379,0.884513000073639,206.52151100011903,0.0198349998754565,221.34861799992223
F.MOV,57,F,True,delete,0.6320727467536926,False,delete,False,False,False,True,14.060523000011926,0.0076999999691906,0.974401999883412,194.06113300010475,0.0192980000974785,209.12305600006675
F.MOV,58,F,True,delete,0.5700474381446838,False,delete,False,False,False,True,14.181206999978713,0.0058780001381819,0.9162740002466307,194.13672700011367,0.0192300003618584,209.2593160008392
F.MOV,59,F,True,delete,0.4829273223876953,False,delete,False,False,False,True,13.926728000001276,0.008591000096203,0.9218820000569394,197.0542949998162,0.0250640000558632,211.93656000002647
F.MOV,60,F,True,W,0.568228542804718,False,W,False,False,False,True,14.054579000003288,0.0076720002653019,1.0025610004049668,211.0072890000083,0.0202490000447141,226.09235000072653
F.MOV,61,F,True,delete,0.4605222940444946,False,delete,False,False,False,True,13.9986969999768,0.0062790004449198,0.9861509997790564,195.159218000299,0.0256509997598186,210.1759960002596
F.MOV,62,F,True,delete,0.4600734114646911,False,delete,False,False,False,True,14.016662000017275,0.013048999790044,0.8732609999242413,193.44106899961844,0.0194979998013877,208.3635389991514
F.MOV,63,F,True,delete,0.6411612033843994,False,delete,False,False,False,True,13.942606000000524,0.0075600000855047,0.9442450000278768,197.9375800001435,0.0201840002773678,212.8521750005348
F.MOV,64,F,True,delete,0.615768313407898,False,delete,False,False,False,True,13.965820999999323,0.0072230000114359,0.9210060002260434,195.3098079998199,0.0200510003196541,210.22390900037635
F.MOV,65,F,True,delete,0.5382330417633057,False,delete,False,False,False,True,13.958548000005068,0.0076589999480347,0.9700460000203748,197.4164520001977,0.0197310000658035,212.37243600023703
F.MOV,66,F,True,delete,0.5590646266937256,False,delete,False,False,False,True,13.879701000007572,0.0066689999584923,0.9343659999103692,193.2372060000489,0.0172129998645687,208.0751549997899
F.MOV,67,F,True,delete,0.5446249842643738,False,delete,False,False,False,True,14.006775999973796,0.0072210000325867,0.9517810003671912,197.01830900021372,0.0291749997813894,212.0132620003688
F.MOV,68,F,True,delete,0.5745626091957092,False,delete,False,False,False,True,14.223013999981047,0.0067820001277141,0.9272020001844794,192.251221999868,0.019465000150376,207.4276850003116
F.MOV,69,F,True,W,0.4921180605888366,False,W,False,False,False,True,14.246819000049982,0.0084829998741042,0.9426159999748052,195.44437800004744,0.0211980000131006,210.66349399995943
F.MOV,70,F,True,delete,0.4567199349403381,False,delete,False,False,False,True,13.93590699996139,0.0066869997681351,0.9424209997632716,194.46631299979344,0.0273640002887987,209.37869199957504
F.MOV,71,F,True,delete,0.4775935709476471,False,delete,False,False,False,True,13.934521000010136,0.0077019999480398,0.9364750003442168,196.8552260000252,0.019419000182097,211.75334300050963
F.MOV,72,F,True,delete,0.5867060422897339,False,delete,False,False,False,True,13.99979299998222,0.00695300013831,0.974502000190114,208.3661760002542,0.0217269998756819,223.36915100044047
F.MOV,73,F,True,delete,0.6391701102256775,False,delete,False,False,False,True,13.987821999990048,0.0085649999164161,0.9595169999556674,220.0645769999028,0.0205239998649631,235.04100499962988
F.MOV,74,F,True,delete,0.5629579424858093,False,delete,False,False,False,True,14.288769000017965,0.0084030002653889,0.964159999966796,192.13189099991723,0.0194360000023152,207.4126590001697
F.MOV,75,F,True,delete,0.6456437706947327,False,delete,False,False,False,True,13.919263999980558,0.0089539998953114,0.9605069999452098,196.4900210000451,0.0206400000024586,211.39938599986863
F.MOV,76,F,True,delete,0.7069288492202759,False,delete,False,False,False,True,14.241443000003072,0.0104309997368545,0.9319279997725972,191.89118800022692,0.0194659996850532,207.09445599942453
F.MOV,77,F,True,delete,0.7710886597633362,False,delete,False,False,False,True,14.218857000003029,0.0071710001066094,0.9018299997478608,193.22098100019505,0.0178029999915452,208.36664200004407
F.MOV,78,F,True,delete,0.6655552387237549,False,delete,False,False,False,True,14.104164000002584,0.0058689997786132,0.9861389999059612,194.16333199978908,0.0178719997165899,209.27737599919283
F.MOV,79,F,True,delete,0.7385643720626831,False,delete,False,False,False,True,13.99740199997268,0.0084580001384892,0.933637999878556,196.2913829997888,0.0197340000340773,211.25061499981257
F.MOV,80,F,True,delete,0.668333113193512,False,delete,False,False,False,True,13.946061000012833,0.0075729999480245,0.8998359999168315,188.8314109996827,0.0205249998543877,203.7054059994148
F.MOV,81,F,True,delete,0.6236266493797302,False,delete,False,False,False,True,14.042088999985936,0.0078230000326584,0.9746169998834376,188.96694199975173,0.0288609999188338,204.0203319995726
F.MOV,82,F,True,delete,0.6964119076728821,False,delete,False,False,False,True,14.33199500002047,0.0065180001911357,0.8678479998707189,191.6552200000297,0.0194399999600136,206.881021000072
F.MOV,83,F,True,delete,0.6645563244819641,False,delete,False,False,False,True,13.881291000018336,0.0067780001700157,0.9220950000781158,194.94077800027296,0.0175690001924522,209.7685110007319
F.MOV,84,F,True,delete,0.6383980512619019,False,delete,False,False,False,True,14.068323999993028,0.0066460002017265,0.8983640000224113,195.1199209997867,0.0207519997275085,210.11400699973137
F.MOV,85,F,True,delete,0.6579803824424744,False,delete,False,False,False,True,14.17200700001331,0.0070340001911972,0.8819760000733368,196.9256430002133,0.0173180001183936,212.00397800060955
F.MOV,86,F,True,delete,0.6350312232971191,False,delete,False,False,False,True,14.157008999973186,0.0068389999796636,0.8567590002712677,195.7507740003166,0.0191639996955927,210.7905450002363
F.MOV,87,F,True,delete,0.5992476940155029,False,delete,False,False,False,True,14.00099200003524,0.0067549999585025,0.9943959998963692,196.1074290002216,0.0206690001505194,211.13024100026223
F.MOV,88,F,True,delete,0.5893837213516235,False,delete,False,False,False,True,14.754533999962405,0.0087180001173692,0.9560029998283426,195.5085690001397,0.02231300004496,211.2501370000928
F.MOV,89,F,True,delete,0.6136837601661682,False,delete,False,False,False,True,14.222019000044384,0.0068889999056409,0.903550000202813,198.01449800024784,0.020122000023548,213.16707800042423
F.MOV,90,F,True,delete,0.6024254560470581,False,delete,False,False,False,True,14.312521000022116,0.0074310000854893,0.8838740000101097,195.1074459998381,0.0195910001821175,210.33086300013792
F.MOV,91,F,True,delete,0.6325647234916687,False,delete,False,False,False,True,14.086834000011097,0.0080510003499512,0.9513329996480024,194.4476660000873,0.0200479998966329,209.51393199999305
F.MOV,92,F,True,delete,0.6821664571762085,False,delete,False,False,False,True,14.171568999984174,0.0088470001173845,0.9190870000566064,196.74909399964235,0.020405000213941,211.8690020000145
F.MOV,93,F,True,delete,0.6517057418823242,False,delete,False,False,False,True,13.915182999994611,0.0078130001384124,0.9224179998454928,195.53182400022703,0.0201880002350662,210.39742600044065
F.MOV,94,F,True,delete,0.62331223487854,False,delete,False,False,False,True,14.07655500003102,0.0074040003710251,0.9397849999004392,197.02617299981284,0.0198420002561761,212.0697590003715
F.MOV,95,F,True,delete,0.7294836044311523,False,delete,False,False,False,True,13.984581999977763,0.0081859998317668,0.9648199998082418,195.5671179998717,0.0214990000131365,210.5462049995026
F.MOV,96,F,True,delete,0.7561447620391846,False,delete,False,False,False,True,13.900524000007408,0.0101059999906283,0.9296010002799447,200.0584900001741,0.0200519998543313,214.9187730003064
F.MOV,97,F,True,delete,0.6040871143341064,False,delete,False,False,False,True,14.132407000033709,0.0070200003392528,0.9396820000802109,199.02020899962736,0.0191280000763072,214.11844600015684
F.MOV,98,F,True,delete,0.5645269751548767,False,delete,False,False,False,True,14.254131999962285,0.0066839997998613,0.9446590001971344,198.74927599994408,0.020316000245657,213.975067000149
F.MOV,99,F,True,delete,0.5466310977935791,False,delete,False,False,False,True,14.01773200001344,0.0079900000855559,0.9762310000951402,198.3897989998696,0.0177199999598087,213.40947200002347
F.MOV,100,F,True,delete,0.6365982294082642,False,delete,False,False,False,True,13.90581199996177,0.0078129996836651,0.9822279998843442,201.91428999987693,0.0196410001080948,216.8297839995148
F.MOV,101,F,True,delete,0.6277725100517273,False,delete,False,False,False,True,14.103470999998535,0.0072480002017982,0.9624819999771717,197.63996999972733,0.0197859999389038,212.7329569998437
F.MOV,102,F,True,delete,0.5786746144294739,False,delete,False,False,False,True,14.046694000001024,0.0076710002758773,0.903615999959584,197.02223000012964,0.0254500000664847,212.0056610004326
F.MOV,103,F,True,delete,0.5413817167282104,False,delete,False,False,False,True,14.183258999992177,0.0073520000114513,1.0262789996886568,199.847772999874,0.0227689997700508,215.0874319993364
F.MOV,104,F,True,W,0.4522799551486969,False,W,False,False,False,True,14.21824800002014,0.0086400000327557,0.9294060000684112,199.56313500006212,0.0203370000235736,214.73976600020703
F.MOV,105,F,True,W,0.4715993404388428,False,W,False,False,False,True,14.083295000034468,0.0063899997257976,0.914780000130122,197.95208099958472,0.0195909997273702,212.97613699920248
F.MOV,106,F,True,delete,0.4394686818122864,False,delete,False,False,False,True,14.030155999989802,0.0080710001384431,0.9759519998624456,197.4213159996907,0.0196639998648606,212.45515899954623
F.MOV,107,F,True,delete,0.4964199066162109,False,delete,False,False,False,True,14.026645999990706,0.0071289996412815,1.0098759998982132,196.10527299983005,0.0210429998332983,211.16996699919355
F.MOV,108,F,True,delete,0.4656917452812195,False,delete,False,False,False,True,14.044957000010072,0.0086410000221803,0.9269540000786948,200.1770720003151,0.019559000065783,215.17718300049185
F.MOV,109,F,True,W,0.5399529933929443,False,W,False,False,False,True,14.468898000018273,0.0072100001489161,0.9388339999532036,194.7899209999377,0.0197749996004859,210.22463799965865
F.MOV,110,F,True,W,0.5343224406242371,False,W,False,False,False,True,14.332094999986111,0.0071039999056665,0.889039999947272,194.12332000001692,0.021113000002515,209.3726719998585
F.MOV,111,F,True,W,0.4888079464435577,False,W,False,False,False,True,14.167070999974383,0.0070450000748678,0.9182290000353532,193.8325060000352,0.0205179999284155,208.94536900004823
F.MOV,112,F,True,W,0.4945828020572662,False,W,False,False,False,True,14.165439999999307,0.0067640003180713,0.934190999942075,205.74618399996325,0.0207009998121066,220.8732800000348
F.MOV,113,F,True,delete,0.5091060996055603,False,delete,False,False,False,True,13.986998000007134,0.00746000023355,1.0720270001911558,213.98513099984484,0.0218099999074183,229.0734260001841
F.MOV,114,F,True,delete,0.4837872087955475,False,delete,False,False,False,True,14.041087000009613,0.0139620001391449,0.965038999765966,197.8738580000936,0.0204729999495612,212.9144189999579
F.MOV,115,F,True,delete,0.563945472240448,False,delete,False,False,False,True,13.901881000037974,0.0068149997787259,0.9273360001316178,199.798550000196,0.0222369999391958,214.6568190000835
F.MOV,116,F,True,delete,0.5553078651428223,False,delete,False,False,False,True,14.365209999994022,0.0094279998847923,0.9423510000488022,198.38325999990047,0.019972000245616,213.7202210000737
F.MOV,117,F,True,delete,0.7254776954650879,False,delete,False,False,False,True,14.152288999980556,0.0067010000748268,0.8936459998949431,192.58752899986573,0.0208149999707529,207.66097999978683
F.MOV,118,F,True,delete,0.7110550999641418,False,delete,False,False,False,True,13.922215999969012,0.0071429999479732,0.8875150001586007,196.0329769999589,0.0202790001821995,210.8701300002167
F.MOV,119,F,True,delete,0.6936218738555908,False,delete,False,False,False,True,14.141679000033491,0.0076350002018443,0.9124540001721472,196.68456199997308,0.0201359998754924,211.7664660002561
F.MOV,120,F,True,delete,0.7341119050979614,False,delete,False,False,False,True,13.950439000041117,0.0072320003710046,0.8847539997987042,199.92215999991456,0.0271980002253258,214.7917830003508
F.MOV,121,F,True,delete,0.7552729249000549,False,delete,False,False,False,True,14.332480000007308,0.0093489998107543,1.0169679999307846,197.4139799999648,0.0204259999918576,212.7932029997055
F.MOV,122,F,True,delete,0.7530693411827087,False,delete,False,False,False,True,14.027684999973644,0.0102200001492747,0.8915609996620333,197.1038970000336,0.0206240001716651,212.05398699999023
F.MOV,123,F,True,delete,0.7814304232597351,False,delete,False,False,False,True,14.731036000000586,0.0069049997364345,0.9183480001411226,198.1483560002744,0.0202719998014799,213.824916999954
F.MOV,124,F,True,delete,0.755959689617157,False,delete,False,False,False,True,14.30829700001368,0.0086210002336883,0.9252529998775572,201.3171909998164,0.0206299996534653,216.5799919995948
F.MOV,125,F,True,delete,0.7155123949050903,False,delete,False,False,False,True,14.083617999972375,0.0074680001489468,0.9826519999478478,197.52363099996728,0.0220769998122705,212.61944599984872
F.MOV,126,F,True,delete,0.7877304553985596,False,delete,False,False,False,True,14.112427000043226,0.0090779999482037,0.8999360002235335,200.34551900016595,0.0213630000871489,215.3883230004681
F.MOV,127,F,True,delete,0.7566430568695068,False,delete,False,False,False,True,14.066949999971712,0.0081809998846438,0.9062199997060816,194.8303300000589,0.0203129998226359,209.831993999444
F.MOV,128,F,True,delete,0.7814704179763794,False,delete,False,False,False,True,13.996608000013566,0.0087399998847104,0.8816810000098485,195.44910500007973,0.0198600000658188,210.35599400005367
F.MOV,129,F,True,delete,0.7672640085220337,False,delete,False,False,False,True,13.810798000008615,0.006813000254624,0.8950090000325872,190.64591999995173,0.019758000235015,205.37829800048257
F.MOV,130,F,True,delete,0.7527768611907959,False,delete,False,False,False,True,14.183957999989616,0.0074300000960647,1.0044770001513823,191.0776740000984,0.0206790000447654,206.29421800038017
F.MOV,131,F,True,delete,0.7510380148887634,False,delete,False,False,False,True,13.917219999996178,0.0061159998949733,0.8716990000721125,190.8876930001497,0.0185869998858834,205.70131499999889
F.MOV,132,F,True,delete,0.7931979298591614,False,delete,False,False,False,True,14.125789999980045,0.0067989999479323,0.8800720002000162,193.3720020001601,0.0199579999389243,208.40462100022705
F.MOV,133,F,True,delete,0.6450878977775574,False,delete,False,False,False,True,14.198751999970227,0.0066630000219447,0.8375100001103419,191.24206999958915,0.0210270000025047,206.30602199969417
G.MOV,0,G,True,delete,0.2905101478099823,False,delete,False,False,False,True,14.3918360000157,0.0113239998427161,0.9726809998937824,195.64180199995465,0.0202020000870106,211.03784499979383
G.MOV,1,G,True,Q,0.2882074415683746,False,Q,False,False,False,True,14.112715999999637,0.0089010000010603,0.8898420001060003,193.2819860003292,0.0201349998860678,208.313580000322
G.MOV,2,G,True,Q,0.3157338201999664,False,Q,False,False,False,True,14.06936199998654,0.0068370000008144,0.8893499998521293,195.9023120002712,0.0196450000657932,210.88750600017647
G.MOV,3,G,True,Q,0.2889318168163299,False,Q,False,False,False,True,13.99234900003421,0.0071449999268224,0.9309249999205348,196.600836000016,0.019689000055223,211.5509439999528
G.MOV,4,G,True,Q,0.3022757172584533,False,Q,False,False,False,True,13.995643999976435,0.0075920002018392,0.8912649996091204,193.31917099998464,0.019662999875436,208.23333499964747
G.MOV,5,G,True,Q,0.2965642809867859,False,Q,False,False,False,True,14.012463999961255,0.0269719998868822,0.9221040004376846,195.2187309998408,0.0203330000658752,210.20060400019247
G.MOV,6,G,True,Q,0.3122990429401397,False,Q,False,False,False,True,14.10868800002163,0.0079370001913048,0.9490280003774388,196.6313210000408,0.0206989998332574,211.7176730004644
G.MOV,7,G,True,Q,0.3051304221153259,False,Q,False,False,False,True,14.120596999987356,0.0073229998633905,1.0181000002376095,194.9042159999408,0.0196310002138488,210.069867000243
G.MOV,8,G,True,delete,0.2975058853626251,False,delete,False,False,False,True,14.128561000006812,0.0068169997575751,0.8702719997017994,193.0624549995628,0.0192020002032222,208.08730699923217
G.MOV,9,G,True,Q,0.3323230743408203,False,Q,False,False,False,True,14.040023999996263,0.0075589996413327,0.9257350002371822,199.18978299983792,0.0178439995579537,214.18094499927065
G.MOV,10,G,True,Q,0.2942972779273987,False,Q,False,False,False,True,14.032933000009962,0.0074770000537682,0.9086269997169438,194.44347399985412,0.0176499997905921,209.41016099942544
G.MOV,11,G,True,delete,0.2733336389064789,False,delete,False,False,False,True,14.032052000004567,0.0071190002017829,0.8597249998274492,196.1089060000632,0.0192550000974733,211.0270570001944
G.MOV,12,G,True,delete,0.2966449856758117,False,delete,False,False,False,True,14.028375999998843,0.0087089997578004,0.886798000010458,195.55326499994408,0.0206069998966995,210.49775499960788
G.MOV,13,G,True,delete,0.2820927202701568,False,delete,False,False,False,True,14.063002000000324,0.0074680001489468,0.8655480000925309,200.2008310000747,0.0206660001822456,215.1575150004988
G.MOV,14,G,True,H,0.2615943551063537,False,H,False,False,False,True,14.351650000037353,0.0072530001489212,0.8948280001277453,217.51408999989508,0.0255469999501656,232.7933680001593
G.MOV,15,G,True,delete,0.2925434410572052,False,delete,False,False,False,True,14.042394000000511,0.0075940001806884,0.9625790003155998,193.46884200012937,0.0207309999495919,208.50214000057576
G.MOV,16,G,True,H,0.3530312180519104,False,H,False,False,False,True,14.05303400002822,0.0072039997576212,0.8901629998945282,194.22783700019863,0.0216769999497046,209.1999149998287
G.MOV,17,G,True,Q,0.2481466084718704,False,Q,False,False,False,True,13.948346000006495,0.0073979999797302,0.8814660000098229,195.47976400008332,0.0198770003407844,210.3368510004202
G.MOV,18,G,True,H,0.2406473308801651,False,H,False,False,False,True,13.954087000001891,0.0084309999692777,0.8845149995977408,195.4330200001096,0.0210520001928671,210.3011049998713
G.MOV,19,G,True,Q,0.2407090365886688,False,Q,False,False,False,True,14.112135000004857,0.0076970000009168,0.9068990002560896,200.1437660001102,0.0206019999495765,215.19109900032163
G.MOV,20,G,True,H,0.3194245100021362,False,H,False,False,False,True,13.885530999971252,0.0068640001700259,0.8822939998935908,190.7036299999163,0.0188240001079975,205.4971430000592
G.MOV,21,G,True,Q,0.2854557037353515,False,Q,False,False,False,True,13.99364600001718,0.0069930001700413,0.8841780004331667,194.17356399981145,0.0188080002772039,209.07718900070904
G.MOV,22,G,True,P,0.2494618594646453,False,P,False,False,False,True,14.235716000030152,0.0077029999374644,0.9273489999941376,195.28518200013423,0.0214579999919806,210.477408000088
G.MOV,23,G,True,H,0.2655021548271179,False,H,False,False,False,True,14.041007000002992,0.008826000339468,0.8879049996721733,195.0089329998264,0.0208319997909711,209.967502999632
G.MOV,24,G,True,H,0.2950165867805481,False,H,False,False,False,True,14.064624000013737,0.0070430000960186,0.8265689998552261,190.57267099969977,0.0186309998753131,205.4895379995401
G.MOV,25,G,True,H,0.2903936505317688,False,H,False,False,False,True,13.891207000028771,0.00682300014887,0.8950669998739613,194.41614900006243,0.0175489999492128,209.22679500006325
G.MOV,26,G,True,H,0.311913400888443,False,H,False,False,False,True,13.998565000008512,0.0073520000114513,0.9014780002871704,194.14435100043195,0.0195480001821124,209.0712940009212
G.MOV,27,G,True,H,0.3656498491764068,False,H,False,False,False,True,13.943466000000626,0.0091560000328172,0.9260299998459232,197.0942150001065,0.0207180000870721,211.99358500007293
G.MOV,28,G,True,H,0.3751697242259979,False,H,False,False,False,True,13.950604000001476,0.0074470003710302,0.8764609997342632,193.5866359999636,0.0191150002137874,208.44026300028412
G.MOV,29,G,True,H,0.3688837587833404,False,H,False,False,False,True,14.165348000005906,0.0065819999690575,0.9508699999969394,196.9064479999361,0.0196010000763635,212.0488489999844
G.MOV,30,G,True,H,0.4070126414299011,False,H,False,False,False,True,14.160847999960424,0.0075729999480245,0.8887410003808327,197.62341799969363,0.0192460001926519,212.6998260001756
G.MOV,31,G,True,H,0.3714024126529693,False,H,False,False,False,True,13.900491000015336,0.0067169999056204,0.9076349997485522,195.56698699989283,0.0195229999917501,210.4013529995541
G.MOV,32,G,True,H,0.4261508882045746,False,H,False,False,False,True,15.815065999959188,0.0076359997365216,0.8700490002411243,194.25148799973613,0.0187509999705071,210.96298999964347
G.MOV,33,G,True,P,0.3589248657226562,False,P,False,False,False,True,15.181377999965662,0.0060259999372647,0.8497009998791327,195.35390399960303,0.0201600000764301,211.41116899946155
G.MOV,34,G,True,P,0.449046641588211,False,P,False,False,False,True,14.192788000002563,0.0066470001911511,0.8959100000538456,194.12986899988027,0.0368949999938195,209.26210900012163
G.MOV,35,G,True,P,0.2799721658229828,False,P,False,False,False,True,14.054461000000629,0.0091270003395038,0.9234090002792072,197.3036009999305,0.0197860003936511,212.3103840009435
G.MOV,36,G,True,H,0.3683184683322906,False,H,False,False,False,True,14.261684000018704,0.0071210001806321,0.8839679999255168,194.05445500024143,0.0180739998540957,209.2253020002204
G.MOV,37,G,True,Q,0.2721650898456573,False,Q,False,False,False,True,14.293382000005296,0.0085490000856225,0.8677680002620036,196.68826899987835,0.017805999959819,211.8757740001911
G.MOV,38,G,True,H,0.3840864598751068,False,H,False,False,False,True,13.972346000002744,0.0080879999586613,0.8747299998503877,193.3283369999117,0.0204670000130136,208.2039679997365
G.MOV,39,G,True,H,0.363865464925766,False,H,False,False,False,True,13.955806000012672,0.0073780001912382,0.8628840000710625,197.5192359996072,0.0194330000340414,212.3647369999162
G.MOV,40,G,True,H,0.4605312049388885,False,H,False,False,False,True,13.915895000025102,0.0060289999055385,0.8582129999012977,192.227243999696,0.0216489997910684,207.0290299993189
G.MOV,41,G,True,P,0.3370289206504822,False,P,False,False,False,True,14.13743899996689,0.0066349998633086,0.8903210000426043,193.8362089999828,0.0207449998015363,208.8913489996571
G.MOV,42,G,True,P,0.3889594078063965,False,P,False,False,False,True,13.931683000009798,0.0073670003075676,0.8653300001242314,193.1551379998382,0.027183999918634,207.9867020001984
G.MOV,43,G,True,H,0.4986288249492645,False,H,False,False,False,True,14.005021000002673,0.0061470000218832,0.8740039997974236,197.4120859999857,0.0192469997273292,212.31650499953503
G.MOV,44,G,True,H,0.4472559690475464,False,H,False,False,False,True,14.023717999975815,0.0064070000007632,0.8778020001045661,195.8095179998054,0.0263050001194642,210.743750000006
G.MOV,45,G,True,H,0.4943868517875671,False,H,False,False,False,True,14.093419999994694,0.0069099996835575,0.8697740004208754,192.062686999634,0.020987999960198,207.0537789996933
G.MOV,46,G,True,H,0.5784222483634949,False,H,False,False,False,True,14.071923999949831,0.0068059998739045,0.8583220001128211,192.17007899987948,0.0370510001630464,207.14418199997908
G.MOV,47,G,True,H,0.320544958114624,False,H,False,False,False,True,14.10737800000561,0.0066369998421578,0.9281929997086992,193.0468139998993,0.0200350000341131,208.1090569994899
G.MOV,48,G,True,H,0.5905365943908691,False,H,False,False,False,True,14.146044000028724,0.0073390001489315,1.0647859999153295,192.2801480000089,0.0168320002558175,207.51514900035767
G.MOV,49,G,True,H,0.4221924245357513,False,H,False,False,False,True,14.35323199996219,0.006837999990239,0.8961360003922891,190.3556470001604,0.0220649999391753,205.63391800044428
G.MOV,50,G,True,H,0.3700535297393799,False,H,False,False,False,True,14.31705299995656,0.0125490000755235,0.8494419998896774,192.1859150002092,0.0176900002770707,207.38264900040804
G.MOV,51,G,True,H,0.4794497489929199,False,H,False,False,False,True,14.243055999997978,0.0058179998632112,0.8716779998394486,191.4788630001567,0.017680999917502,206.61709599977485
G.MOV,52,G,True,H,0.5840879678726196,False,H,False,False,False,True,14.263560000017604,0.0078030002441664,0.8900930001800589,194.26009000017075,0.0177050001184397,209.43925100073105
G.MOV,53,G,True,H,0.3502151370048523,False,H,False,False,False,True,14.17634300003101,0.0063399997998203,0.8613889999651292,192.356290999669,0.0196379996850737,207.42000099915003
G.MOV,54,G,True,H,0.6618837118148804,False,H,False,False,False,True,14.32461299998522,0.0062379999690165,0.8551119999538059,217.8395190003357,0.0200580002456263,233.04554000048932
G.MOV,55,G,True,H,0.7203521728515625,False,H,False,False,False,True,14.386954000030984,0.007061999895086,0.8849770001688739,222.48916900025503,0.0183830002242757,237.78654500057428
G.MOV,56,G,True,H,0.7629905939102173,False,H,False,False,False,True,14.224353999964023,0.0074980002864322,1.0028850001617684,194.2514279999159,0.0172499999280262,209.50341500025613
G.MOV,57,G,True,H,0.6214479804039001,False,H,False,False,False,True,13.956993999954648,0.0069689999691036,0.8641140002509928,192.86097399981367,0.0205579999601468,207.7096089999486
G.MOV,58,G,True,H,0.5533591508865356,False,H,False,False,False,True,14.067371999999525,0.0066449997575546,0.8743069997763087,198.34631000003355,0.0210940002034476,213.3157279997704
G.MOV,59,G,True,H,0.5168662667274475,False,H,False,False,False,True,13.965009000003192,0.0067089999902236,0.8745639997869148,193.5112510000181,0.0191760000234353,208.37670899982183
G.MOV,60,G,True,H,0.7285529971122742,False,H,False,False,False,True,14.055881999979649,0.007499999810534,0.872768000135693,200.9305400001722,0.0193830001080641,215.88607300020607
G.MOV,61,G,True,Q,0.2774547636508941,False,Q,False,False,False,True,14.256832999990364,0.006638999821007,0.8759399997870787,191.43039599975964,0.0193840000974887,206.5891919994556
G.MOV,62,G,True,P,0.3122336864471435,False,P,False,False,False,True,13.965903999974216,0.0072599996201461,0.9417149999535468,193.9628909999556,0.0204020002456672,208.8981719997492
G.MOV,63,G,True,Q,0.2782515287399292,False,Q,False,False,False,True,14.172814000005474,0.006393999683496,0.8580710000387626,194.07474199988428,0.0193299997590656,209.13135099937108
G.MOV,64,G,True,H,0.3431291878223419,False,H,False,False,False,True,14.047184999981257,0.0073100000008707,0.8692579999660666,195.3877239998292,0.020117000076425,210.3315939998538
G.MOV,65,G,True,delete,0.2776267826557159,False,delete,False,False,False,True,13.97698699997818,0.0061820001064916,0.872537999839551,197.3006949997398,0.0257149999924877,212.1821169996565
G.MOV,66,G,True,delete,0.2506567239761352,False,delete,False,False,False,True,14.12776600000143,0.0073040000643231,0.882504999935918,200.03749599982257,0.0200460003725311,215.0751170001968
G.MOV,67,G,True,delete,0.3484506011009216,False,delete,False,False,False,True,14.090746999954716,0.0068389999796636,0.9084410003197264,189.38439200019275,0.017555999875185,204.40797500032204
G.MOV,68,G,True,delete,0.3498360812664032,False,delete,False,False,False,True,13.996297999995022,0.0075990001278114,0.8925500001168984,195.1263360001576,0.0180909996743139,210.04087400007165
G.MOV,69,G,True,delete,0.325818657875061,False,delete,False,False,False,True,14.001295000014125,0.0085320002654043,0.8977469997262233,191.3513929998772,0.0211159999707888,206.28008299985368
G.MOV,70,G,True,N,0.509757936000824,False,N,False,False,False,True,14.156661000015449,0.006419999863283,0.8636749998913729,191.19546199999604,0.0203740000870311,206.2425919998532
G.MOV,71,G,True,delete,0.3645088076591491,False,delete,False,False,False,True,14.045706999979757,0.0071129998104879,0.8477259998471709,190.59329999981856,0.0230589998864161,205.5169049993424
G.MOV,72,G,True,delete,0.3159799873828888,False,delete,False,False,False,True,14.010836000011295,0.0068120002651994,0.8535969996046333,193.2891360002032,0.0200079998649016,208.1803889999492
G.MOV,73,G,True,delete,0.3474243879318237,False,delete,False,False,False,True,14.063945999964744,0.0076320002335705,0.879849999819271,192.5800479998543,0.0207790003514674,207.5522550002233
G.MOV,74,G,True,delete,0.3430177569389343,False,delete,False,False,False,True,13.944495000032475,0.0084369999058253,0.8539139998902101,194.6027180001693,0.0179479998223541,209.42751199982013
G.MOV,75,G,True,delete,0.3014712333679199,False,delete,False,False,False,True,13.998624999999263,0.0059839999266841,0.8479509997414425,188.6661449998428,0.0197160002244345,203.53842099973463
G.MOV,76,G,True,P,0.349342942237854,False,P,False,False,False,True,14.01487100002896,0.0072679999902902,0.8773680001468165,193.53027800025305,0.0216969997381966,208.45148200015728
G.MOV,77,G,True,N,0.339859127998352,False,N,False,False,False,True,14.15872299998,0.0076520000220625,0.885278999703587,190.5103839999356,0.0189659999705327,205.58100399961177
G.MOV,78,G,True,H,0.326226145029068,False,H,False,False,False,True,14.035771999999724,0.0066580000748217,0.8299840001200209,194.819698000174,0.0200040003619506,209.71211600073048
G.MOV,79,G,True,delete,0.2241229861974716,False,delete,False,False,False,True,14.04056199999104,0.0080240001807396,0.9124999996856786,191.81971600028191,0.0195170000552025,206.80031900019452
G.MOV,80,G,True,H,0.3002319037914276,False,H,False,False,False,True,15.131789999998093,0.0076439996519184,0.8541239999431127,189.91682199975912,0.021466999896802,205.93184699924905
G.MOV,81,G,True,H,0.4246584475040436,False,H,False,False,False,True,14.143111000009869,0.0089070003923552,0.922200999866618,191.2799100000484,0.0202870000975963,206.37441600041484
G.MOV,82,G,True,H,0.3943934440612793,False,H,False,False,False,True,13.980816000014327,0.0067880000642617,0.8693599997968704,194.3494610000016,0.0196400001186702,209.2260649999957
G.MOV,83,G,True,H,0.4487780630588531,False,H,False,False,False,True,14.13365100000874,0.0085750002654094,0.918785000067146,196.20005799970383,0.0202229998649272,211.28129199991008
G.MOV,84,G,True,H,0.3512125611305237,False,H,False,False,False,True,13.958086999991792,0.0062970002545625,0.8739390000300773,194.4519619996754,0.0378690001525683,209.3281540001044
G.MOV,85,G,True,H,0.6003633141517639,False,H,False,False,False,True,14.126191000002564,0.0080910003816825,0.8688540001458023,198.3212340001046,0.0206599997909506,213.3450300004256
G.MOV,86,G,True,H,0.659549355506897,False,H,False,False,False,True,14.22909999996591,0.0062059998526819,0.8701169999767444,189.51715799994412,0.0179520002347999,204.6405329999743
G.MOV,87,G,True,H,0.7442260980606079,False,H,False,False,False,True,14.00342599998794,0.0060389997997845,0.8979150002232927,195.4149250000228,0.0207240000236197,210.3430290000574
G.MOV,88,G,True,H,0.7270091772079468,False,H,False,False,False,True,13.96982400001434,0.0067599999056255,0.869918999796937,193.2630869996501,0.0202279998120502,208.12981799917907
G.MOV,89,G,True,H,0.6836905479431152,False,H,False,False,False,True,14.25877600001968,0.0066229999902134,0.8709670000826009,193.3354160000817,0.019996999981231,208.49177900015547
G.MOV,90,G,True,H,0.7326499223709106,False,H,False,False,False,True,14.025378999974691,0.0069460002123378,0.876643000083277,193.3688970002549,0.0185539997801242,208.29641900030532
G.MOV,91,G,True,H,0.7585973739624023,False,H,False,False,False,True,14.00079399996912,0.0062260000959213,0.88613100024304,193.54178200001115,0.0190299997484544,208.4539630000677
G.MOV,92,G,True,H,0.7813853025436401,False,H,False,False,False,True,13.995876000024056,0.0066429997787054,0.8545400000912196,195.93479200011643,0.0266369997916626,210.81848799980207
G.MOV,93,G,True,H,0.7208874225616455,False,H,False,False,False,True,14.043760999982169,0.0066689999584923,0.8532100000593346,192.56703400014885,0.0219520002247008,207.49262600037355
G.MOV,94,G,True,H,0.7150763869285583,False,H,False,False,False,True,13.982164000026389,0.0099520002549979,0.8796759998404013,191.75825199999963,0.0165219998962129,206.64656600001763
G.MOV,95,G,True,H,0.7373436689376831,False,H,False,False,False,True,14.253545999963537,0.0069450002229132,0.8432899999206711,198.6108860000968,0.0179510002453753,213.7326180004493
G.MOV,96,G,True,H,0.7620092034339905,False,H,False,False,False,True,14.14773400000513,0.006166000275698,0.873456000135775,220.57682900003783,0.0189689999388065,235.62315400039324
G.MOV,97,G,True,H,0.7173555493354797,False,H,False,False,False,True,13.938382999981512,0.007027000265225,0.8811200000309327,197.13582400027008,0.0179849998858117,211.9803390004336
G.MOV,98,G,True,H,0.6258030533790588,False,H,False,False,False,True,13.999927999975624,0.0068719996306754,0.8732480000617215,195.82865900019897,0.020889000097668,210.72959599996463
G.MOV,99,G,True,H,0.6310930848121643,False,H,False,False,False,True,14.18412699996452,0.007165999704739,1.062377999915043,196.56509900005403,0.0212950003515288,211.84006499998983
G.MOV,100,G,True,H,0.7537193298339844,False,H,False,False,False,True,14.108815999975375,0.0066359998527332,0.8723949999875913,194.58261399995536,0.0170399998751236,209.58750099964612
G.MOV,101,G,True,H,0.6765797138214111,False,H,False,False,False,True,14.03369299998758,0.0070130004132806,0.8792649996394175,199.41479999988587,0.0181880000127421,214.3529589999389
G.MOV,102,G,True,H,0.6663597226142883,False,H,False,False,False,True,14.52671399999872,0.0074360000326123,0.9133779999501712,194.5236470000964,0.0166680001711938,209.9878430002491
G.MOV,103,G,True,H,0.6038179397583008,False,H,False,False,False,True,14.091244000042025,0.0069960001383151,0.8497060002810031,196.9461759999831,0.017033999938576,211.91115600038304
G.MOV,104,G,True,H,0.7200782895088196,False,H,False,False,False,True,14.065780999999332,0.006169999778649,0.8457610001642024,191.76637400005347,0.0166319996424135,206.70071799963807
G.MOV,105,G,True,H,0.5279021859169006,False,H,False,False,False,True,14.272672999993574,0.007740000000922,0.8838389999255014,197.5260519998301,0.0182120002136798,212.70851599996377
G.MOV,106,G,True,H,0.4327840507030487,False,H,False,False,False,True,14.122949000011433,0.0075940001806884,0.8743829998820729,196.54320500012545,0.020898999991914,211.5690300001916
G.MOV,107,G,True,H,0.4977836906909942,False,H,False,False,False,True,13.94148800000039,0.0068989997998869,0.8977269999377313,195.46845200011376,0.019802999759122,210.3343689996109
G.MOV,108,G,True,H,0.5718126893043518,False,H,False,False,False,True,13.942646999964836,0.0060950001170567,0.8485399998789944,193.6968009999873,0.0201079997168562,208.51419099966503
G.MOV,109,G,True,H,0.4061445891857147,False,H,False,False,False,True,14.055433999999424,0.0067239998315926,0.8762789998399967,194.3853319999107,0.0202990004254388,209.3440680000072
G.MOV,110,G,True,H,0.394681841135025,False,H,False,False,False,True,14.029910000033396,0.0220120000449242,0.8918160001485376,192.00372899967988,0.0197660001504118,206.96723300005715
G.MOV,111,G,True,H,0.3150241076946258,False,H,False,False,False,True,14.378418000035252,0.0062620001699542,0.8735100000194507,193.9628310001353,0.0184900000022025,209.2395110003622
G.MOV,112,G,True,delete,0.273942619562149,False,delete,False,False,False,True,14.27357000000029,0.0073000001066247,0.8599689999755356,195.09002099994177,0.0183580000339134,210.2492180000581
G.MOV,113,G,True,delete,0.3413453996181488,False,delete,False,False,False,True,14.225008000039452,0.0201540001398825,0.8340989998032455,193.23374299983692,0.0215380000554432,208.334541999875
G.MOV,114,G,True,delete,0.3201952576637268,False,delete,False,False,False,True,14.277275999972971,0.0066170000536658,0.8621000001767243,191.4335210003628,0.0192110001080436,206.59872500067425
G.MOV,115,G,True,delete,0.3745096921920776,False,delete,False,False,False,True,14.199973999950544,0.0063019997469382,0.9437520002393284,190.1018339999609,0.0193989999388577,205.2712609998366
G.MOV,116,G,True,N,0.4629769921302795,False,N,False,False,False,True,14.427804000035849,0.0094749998424958,0.8954279996942205,196.7782979995718,0.0178199998117634,212.12882499895613
G.MOV,117,G,True,P,0.3569717109203338,False,P,False,False,False,True,14.463513000009698,0.0070930000219959,0.8674530004100234,191.69292200012933,0.020429999949556,207.0514110005206
G.MOV,118,G,True,delete,0.3149094581604004,False,delete,False,False,False,True,14.200838999954613,0.0072940001700771,0.8606800001871306,197.45495400002247,0.0197199997273855,212.54348700006176
G.MOV,119,G,True,delete,0.2788268625736236,False,delete,False,False,False,True,14.113076000001,0.0061440000536094,0.8551930000066932,195.1489460002449,0.0169479999385657,210.1403070002448
G.MOV,120,G,True,P,0.2754862010478973,False,P,False,False,False,True,14.008305999993809,0.0076060000537836,0.8685190000505827,191.05686700004296,0.0178860000232816,205.95918400016444
G.MOV,121,G,True,delete,0.3065314888954162,False,delete,False,False,False,True,14.087212999982055,0.0098749997050617,0.9088140000130808,198.8867149998441,0.0205970000024535,213.9132139995468
G.MOV,122,G,True,delete,0.3395386636257171,False,delete,False,False,False,True,14.105052999980217,0.0072120001277653,0.8934059997045551,197.2357510003349,0.020232000224496,212.2616540003719
G.MOV,123,G,True,delete,0.3342962861061096,False,delete,False,False,False,True,14.010697000003349,0.0084150001384841,0.8747219999349909,199.6179919997303,0.0207289999707427,214.53255499977783
G.MOV,124,G,True,delete,0.3579132556915283,False,delete,False,False,False,True,14.121600999999371,0.0073010000960493,0.8773139998083934,193.6161590001575,0.0204830002985545,208.6428580003599
G.MOV,125,G,True,delete,0.3235729038715362,False,delete,False,False,False,True,14.14930200002118,0.0079050000749703,0.8726860000933812,194.9378170002092,0.0196820001292508,209.987392000528
G.MOV,126,G,True,delete,0.3644284307956695,False,delete,False,False,False,True,14.178576999995585,0.0068200001805962,0.8674069999869971,202.66589799985013,0.0176980001924675,217.73640000020572
G.MOV,127,G,True,N,0.5843576192855835,False,N,False,False,False,True,14.040539000006902,0.0079149999692162,0.9306590000051074,201.228576000176,0.0176159996954083,216.2253049998526
G.MOV,128,G,True,N,0.354846715927124,False,N,False,False,False,True,14.39673700002686,0.0076110000009066,0.9092059999602498,204.7435039999073,0.0242599999182857,220.0813179998136
G.MOV,129,G,True,N,0.4443406760692596,False,N,False,False,False,True,14.31910600001629,0.0066889997469843,0.925349999761238,192.850806000024,0.0188290000551205,208.12077999960368
G.MOV,130,G,True,H,0.4245698153972626,False,H,False,False,False,True,14.067213000032552,0.0083629997789103,0.8686979999765754,193.30857700015252,0.0187189998541725,208.2715699997948
G.MOV,131,G,True,H,0.3983718156814575,False,H,False,False,False,True,14.3292690000294,0.00814699978946,0.552678000076412,200.6335690002743,0.0202100000024074,215.543873000172
G.MOV,132,G,True,H,0.5011621117591858,False,H,False,False,False,True,14.164126999958173,0.0062350000007427,0.8402939997722569,193.5240429997976,0.0190920000022742,208.55379099953092
G.MOV,133,G,True,H,0.3881597220897674,False,H,False,False,False,True,14.385159000028125,0.0057459997151454,0.8942759995989036,196.34230600013325,0.0188519998118863,211.6463389992873
G.MOV,134,G,True,P,0.3658352196216583,False,P,False,False,False,True,14.642842000000655,0.0087680000433465,0.784492999628128,195.2041980002832,0.0202829996851505,210.6605839996405
G.MOV,135,G,True,H,0.3857136368751526,False,H,False,False,False,True,14.189495999971768,0.0066249999690626,0.8622720001767448,192.89809900010368,0.0195610000446322,207.9760530002659
G.MOV,136,G,True,H,0.405400276184082,False,H,False,False,False,True,14.406519999965894,0.0067679998210223,0.8291880003525876,198.55167200012147,0.0194009999177069,213.81354900017868
G.MOV,137,G,True,H,0.6639585494995117,False,H,False,False,False,True,14.175114000011035,0.00615499993728,0.8224079997489753,216.7013909997877,0.0195990000975143,231.7246669995825
H.MOV,0,H,True,N,0.9236701726913452,False,N,False,False,False,True,14.733549000027324,0.0096689996098575,0.8009339999262011,197.1697169997242,0.0197140002455853,212.7335829995332
H.MOV,1,H,True,N,0.9323055148124696,False,N,False,False,False,True,14.14173800003482,0.006737999683537,0.7623810001859965,193.20794199984448,0.0199440000869799,208.1387429998358
H.MOV,2,H,True,N,0.9461138844490052,False,N,False,False,False,True,14.176364999968882,0.006070999916119,0.7528330002060102,195.57657099994685,0.0216019998333649,210.53344199987123
H.MOV,3,H,True,N,0.9548298716545104,False,N,False,False,False,True,14.010517000031086,0.0064569999267405,0.8078800001385389,196.76813100022628,0.0197350000235019,211.6127200003461
H.MOV,4,H,True,N,0.9247421622276306,False,N,False,False,False,True,14.316570000005411,0.0069309999162214,0.846099999762373,194.42579199994725,0.0253749999501451,209.6207679995814
H.MOV,5,H,True,N,0.8571590185165405,False,N,False,False,False,True,14.08228300005021,0.0073070000325969,0.7641779998266429,189.8531739998361,0.0207960001716855,204.72773799991728
H.MOV,6,H,True,N,0.8743156790733337,False,N,False,False,False,True,13.905380000039711,0.0063019997469382,0.8306760000778013,191.7407050000293,0.0187800001185678,206.5018430000123
H.MOV,7,H,True,N,0.9079604744911194,False,N,False,False,False,True,14.167993000000934,0.006181000117067,0.7305609997274587,195.0638220000656,0.0257480000982468,209.9943050000093
H.MOV,8,H,True,N,0.9416640400886536,False,N,False,False,False,True,14.20501900003046,0.0056610001593071,0.7466970000677975,190.2903669997613,0.0206290001187881,205.26837300013767
H.MOV,9,H,True,N,0.978396475315094,False,N,False,False,False,True,14.196751000042696,0.0062610001805296,0.7708800003456417,189.85380499998428,0.0196830001186754,204.84738000067185
H.MOV,10,H,True,N,0.9731618165969848,False,N,False,False,False,True,14.027002999966951,0.0066679999690677,0.7424779996654252,188.2304459995794,0.0199599999177735,203.0265549990986
H.MOV,11,H,True,N,0.982481062412262,False,N,False,False,False,True,14.28749600000856,0.0058629998420656,0.7592880001539015,189.4128730000375,0.020311000298534,204.48583100034057
H.MOV,12,H,True,N,0.9831836223602296,False,N,False,False,False,True,14.089636999983668,0.0238040001931949,0.7351859999289445,194.92279799987955,0.0198530001398467,209.7912780001252
H.MOV,13,H,True,N,0.9825571179389954,False,N,False,False,False,True,14.205528999980288,0.0079299998105852,0.752701000237721,193.33325299976423,0.0198150000869645,208.31922799987976
H.MOV,14,H,True,N,0.9866344928741456,False,N,False,False,False,True,14.237175000005209,0.0074280001172155,0.7509789998039196,193.05029799988915,0.0198070001715677,208.0656869999871
H.MOV,15,H,True,N,0.9919552206993104,False,N,False,False,False,True,14.292491999981394,0.0065179997363884,0.7350760001827439,198.6002999997254,0.0200009999389294,213.65438699956485
H.MOV,16,H,True,N,0.9919454455375672,False,N,False,False,False,True,14.483353999992232,0.0065970002651738,0.8143360000758548,200.8736389998376,0.0208749997909762,216.1988009999618
H.MOV,17,H,True,N,0.992845356464386,False,N,False,False,False,True,14.167076000035197,0.0081570001384534,0.917245999971783,220.0284290001946,0.0212539998756255,235.14216200021565
H.MOV,18,H,True,N,0.99553382396698,False,N,False,False,False,True,14.231757999993988,0.0087529997472302,0.8664509996378911,198.8999070003956,0.0207439998121117,214.02761299958684
H.MOV,19,H,True,N,0.9900546073913574,False,N,False,False,False,True,14.05346400002827,0.0086780000856379,0.8819700001367892,213.13428700023,0.0230139999075618,228.10141300038825
H.MOV,20,H,True,N,0.9967193007469176,False,N,False,False,False,True,14.072796999982984,0.0074230001700925,0.6881889999021951,208.9472570000908,0.0172129998645687,223.7328790000106
H.MOV,21,H,True,N,0.9984198808670044,False,N,False,False,False,True,13.955905000045732,0.0067400001171336,0.74716700009958,187.14853599976777,0.017476999801147,201.87582499983137
H.MOV,22,H,True,N,0.9938045740127563,False,N,False,False,False,True,14.91110199998502,0.0060279999161139,0.7374530000561208,188.75541299985343,0.0202020000870106,204.4301979998977
H.MOV,23,H,True,N,0.9484840035438538,False,N,False,False,False,True,14.2837029999896,0.0067790001594403,0.7028750001154549,194.37798699982525,0.0210970001717214,209.39244100026144
H.MOV,24,H,True,N,0.9117614030838012,False,N,False,False,False,True,14.228403999993589,0.0078279999797814,0.7822590000614582,189.96139999990191,0.0174940000761125,204.99738500001288
H.MOV,25,H,True,N,0.964477002620697,False,N,False,False,False,True,13.881441000023642,0.0067899995883635,0.8117910001601558,188.2465579997188,0.0174609999703534,202.9640409994613
H.MOV,26,H,True,N,0.9808084964752196,False,N,False,False,False,True,15.37210399999367,0.0070429996412713,0.7695710000916733,189.3616209999891,0.0190169998859346,205.52935599960165
H.MOV,27,H,True,N,0.9383752942085266,False,N,False,False,False,True,15.31689500001221,0.0063799998315516,0.8979170002021419,193.8971390000006,0.0168569999914325,210.135188000038
H.MOV,28,H,True,N,0.8333544135093689,False,N,False,False,False,True,14.17828199998894,0.0093200001174409,0.7907519998298085,194.2214019995845,0.0182080002559814,209.21796399977663
H.MOV,29,H,True,N,0.9408736228942872,False,N,False,False,False,True,14.25552199998492,0.0078130001384124,0.782247000188363,196.42023999995217,0.019927999801439,211.4857500000653
H.MOV,30,H,True,N,0.9699601531028748,False,N,False,False,False,True,13.92782499999612,0.0101680002444481,0.5943430001025263,195.7614670000112,0.0165070000548439,210.31031000040912
H.MOV,31,H,True,N,0.9789288640022278,False,N,False,False,False,True,13.990209000041888,0.0058169998737866,0.8590970001023379,210.2632310002264,0.0209899999390472,225.13934400018343
H.MOV,32,H,True,N,0.9325445294380188,False,N,False,False,False,True,14.2454250000128,0.0071240001489059,0.7475759998669673,192.95847300008973,0.0198430002456007,207.978441000364
H.MOV,33,H,True,N,0.9903666973114014,False,N,False,False,False,True,13.887713000031,0.0141319997055688,0.6716800003232493,195.014504000028,0.0212520003515237,209.6092810004393
H.MOV,34,H,True,N,0.9878289699554444,False,N,False,False,False,True,14.206750000028023,0.0077099998634366,0.841284999751224,204.89980499996813,0.0202360001821944,219.97578599979303
H.MOV,35,H,True,N,0.993988871574402,False,N,False,False,False,True,14.085455999975238,0.0068120002651994,0.7413280000037048,189.79682799999864,0.0197849999494792,204.65020900019223
H.MOV,36,H,True,N,0.9975402355194092,False,N,False,False,False,True,14.09249699997872,0.0126760000966896,0.7461129998773686,193.555053000182,0.0199740002244652,208.4263130003592
H.MOV,37,H,True,N,0.9955768585205078,False,N,False,False,False,True,14.305863000004138,0.0079299998105852,0.7463709998773993,193.8162910000756,0.0193099999705737,208.89576499973828
H.MOV,38,H,True,N,0.9955188035964966,False,N,False,False,False,True,14.295498000024054,0.0069499997152888,0.7474049998563714,192.7767249999306,0.0194659996850532,207.84604399921136
H.MOV,39,H,True,N,0.997708797454834,False,N,False,False,False,True,13.958756999954858,0.0070419996518467,0.7838149999770394,189.9657740000293,0.0185389999387552,204.73392699955184
H.MOV,40,H,True,N,0.9966112971305848,False,N,False,False,False,True,13.976075000016408,0.0077359995884762,0.8397589999731281,194.1038960003425,0.0184909999916271,208.9459569999121
H.MOV,41,H,True,N,0.9934735894203186,False,N,False,False,False,True,14.001963999987764,0.0075450002441357,0.8004849996723351,195.4778519998399,0.026625999907992,210.3144719996521
H.MOV,42,H,True,N,0.9882676005363464,False,N,False,False,False,True,14.182987000026516,0.0068140002440486,0.7755550000183575,191.1733660003847,0.0195610000446322,206.15828300071823
H.MOV,43,H,True,N,0.9975298047065736,False,N,False,False,False,True,14.03336800001398,0.005621999662253,0.7766169997012184,193.4883339999942,0.0173290000020642,208.32126999937373
H.MOV,44,H,True,N,0.9981568455696106,False,N,False,False,False,True,14.13956699997243,0.006515000222862,0.4570369997054513,192.43972899994333,0.0166429999808315,207.0594909998249
H.MOV,45,H,True,N,0.997314989566803,False,N,False,False,False,True,14.213819000019612,0.007056999947963,0.8024779999686871,201.0698950002734,0.0177360002453497,216.110985000455
H.MOV,46,H,True,N,0.9945321083068848,False,N,False,False,False,True,13.99396300001854,0.056282000059582,0.8259090000137803,192.6068729999315,0.0189900001714704,207.50201700019488
H.MOV,47,H,True,N,0.9965797066688538,False,N,False,False,False,True,13.958526000010352,0.0128900001072906,0.8063919999585778,193.9104309999493,0.0188950002666388,208.70713400029217
H.MOV,48,H,True,N,0.952256441116333,False,N,False,False,False,True,13.970357999994576,0.024016999759624,0.8310480002364784,190.79191899982104,0.0189919996955723,205.6363339995073
H.MOV,49,H,True,N,0.8168981075286865,False,N,False,False,False,True,14.1267099999709,0.0063530001170875,0.7713629997851967,193.0588679997527,0.020360999769764,207.98365499939564
H.MOV,50,H,True,P,0.510148286819458,False,P,False,False,False,True,15.272035999998934,0.0066900001911562,0.7670459999644663,191.06265500022343,0.0202900000658701,207.12871700044388
H.MOV,51,H,True,P,0.4266505241394043,False,P,False,False,False,True,14.4970359999661,0.0070230003075266,0.7402520000141521,192.07625600029127,0.018791999991663,207.3393590005708
H.MOV,52,H,True,N,0.3329052627086639,False,N,False,False,False,True,14.242734000049497,0.006200999905559,0.7700619999013725,192.2510270001112,0.019562999568734,207.2895869995364
H.MOV,53,H,True,Q,0.4257685542106628,False,Q,False,False,False,True,14.293490999989444,0.0064830001065274,0.7646389999536041,193.37831400025607,0.0200409999706607,208.4629680002763
H.MOV,54,H,True,N,0.7392482161521912,False,N,False,False,False,True,14.577927999994245,0.0072910002018033,0.7747929998913605,191.74641500012515,0.0207489997592347,207.12717599997177
H.MOV,55,H,True,N,0.6319092512130737,False,N,False,False,False,True,13.99441600000273,0.0059589997363218,0.7787429999552842,192.21989400011807,0.0357310000254074,207.03474299983785
H.MOV,56,H,True,N,0.459158182144165,False,N,False,False,False,True,13.919119999968643,0.0068530002863553,0.7628779999322433,198.4487170002467,0.0403049998567439,213.17787300029067
H.MOV,57,H,True,N,0.6079442501068115,False,N,False,False,False,True,14.026212000032956,0.0070450000748678,0.7909860000836488,199.86489000029903,0.0196060000234865,214.708739000514
H.MOV,58,H,True,N,0.5009238123893738,False,N,False,False,False,True,14.182250000033036,0.0073159999374183,0.8142699998643366,193.32465400020732,0.0193850000869133,208.34787500012908
H.MOV,59,H,True,N,0.5603720545768738,False,N,False,False,False,True,14.20678400000952,0.0061570003708766,0.7909509999990405,191.1242969999876,0.0201930001821892,206.1483820005492
H.MOV,60,H,True,N,0.3508651256561279,False,N,False,False,False,True,14.137875000017177,0.0060850002228107,0.8099599999695783,192.2475809997195,0.016908999896259,207.21840999982533
H.MOV,61,H,True,N,0.4539809823036194,False,N,False,False,False,True,14.143873000023175,0.0073830001383612,0.749930999973003,188.7472240000534,0.0197499998648709,203.6681610000528
H.MOV,62,H,True,N,0.7641858458518982,False,N,False,False,False,True,14.509614000019155,0.0070850001065991,0.7783569999446627,193.27409900006387,0.045781999688188,208.61493699982248
H.MOV,63,H,True,N,0.4166522026062011,False,N,False,False,False,True,14.55194999999776,0.0071879999268276,0.8058229996095179,191.6568080000616,0.0193720002243935,207.04114099982007
H.MOV,64,H,True,N,0.4579313397407532,False,N,False,False,False,True,13.987201000020375,0.0068110002757748,0.7393210003101558,194.0968280000561,0.0212439999813796,208.8514050006438
H.MOV,65,H,True,N,0.979062795639038,False,N,False,False,False,True,14.195916000005582,0.0087470002654299,0.7929139997031598,194.73057100003643,0.0197790000129316,209.7479270000236
H.MOV,66,H,True,N,0.9583206176757812,False,N,False,False,False,True,14.146928999991816,0.008974999673228,0.7841840001674427,191.21333300017795,0.020554999991873,206.1739760000023
H.MOV,67,H,True,N,0.9829058647155762,False,N,False,False,False,True,14.830002999985936,0.0083119998635083,0.7775179997224768,189.10662300004333,0.0197559998014185,204.74221199941667
H.MOV,68,H,True,N,0.9955356121063232,False,N,False,False,False,True,14.257413999985149,0.0076639998951577,0.8173700002771511,190.99485100014127,0.0248139999712293,206.10211300027004
H.MOV,69,H,True,N,0.9975247979164124,False,N,False,False,False,True,13.916649000009327,0.0095950003924372,0.8355639997716935,194.94729600000937,0.0189510001291637,209.728055000312
H.MOV,70,H,True,N,0.9979161620140076,False,N,False,False,False,True,14.212880000002317,0.0073670003075676,0.7635799997842696,192.2063540000636,0.0204110001504886,207.21059200030825
H.MOV,71,H,True,N,0.9971524477005004,False,N,False,False,False,True,13.919251000004351,0.0074449999374337,0.7481259999622125,190.19167799979184,0.0207140001293737,204.88721399982524
H.MOV,72,H,True,N,0.9975246787071228,False,N,False,False,False,True,14.408397000011064,0.006617999588343,0.8047820001593209,192.4514490001457,0.0202340002033452,207.69148000010773
H.MOV,73,H,True,N,0.9964919686317444,False,N,False,False,False,True,14.18505499998446,0.0072789998739608,0.7525040000473382,196.97269099970072,0.0198299999283335,211.9373589995348
H.MOV,74,H,True,N,0.997913420200348,False,N,False,False,False,True,14.171794999981556,0.0071110002863861,0.7739090001450677,198.1568960000004,0.0199040000552486,213.12961500046868
H.MOV,75,H,True,N,0.99673992395401,False,N,False,False,False,True,14.061287000004086,0.007978999747138,0.7886680000410706,216.14664299977449,0.0195870002244191,231.0241639997912
H.MOV,76,H,True,N,0.9766746759414672,False,N,False,False,False,True,13.906900999984371,0.0072530001489212,0.7699600000705686,193.3952589997716,0.0199529999918013,208.09932599996728
H.MOV,77,H,True,N,0.9645570516586304,False,N,False,False,False,True,14.08533000000034,0.0064250002651533,0.7866460000514053,196.8843489999017,0.02144700010831,211.7841970003269
H.MOV,78,H,True,N,0.95567786693573,False,N,False,False,False,True,13.911048000011306,0.006963000032556,0.7847799997762195,192.79688599999645,0.0200630001927493,207.51974000000928
H.MOV,79,H,True,N,0.9776816368103028,False,N,False,False,False,True,14.043070999946394,0.0064800001382536,0.8334340000146767,192.2187780000968,0.0190939999811234,207.12085700017724
H.MOV,80,H,True,N,0.9822235107421876,False,N,False,False,False,True,14.08848199997692,0.0071540002863912,0.7649489998584613,195.57923499996832,0.0200620002033247,210.45988200029345
H.MOV,81,H,True,N,0.947453796863556,False,N,False,False,False,True,14.444144999970376,0.0071419999585486,0.881220999872312,199.30884099994728,0.0195669999811798,214.6609159997297
H.MOV,82,H,True,N,0.9343000054359436,False,N,False,False,False,True,13.946336999993036,0.0066819998210121,0.7678649999434128,193.88086099979773,0.0200810000023921,208.6218259995576
H.MOV,83,H,True,N,0.822974681854248,False,N,False,False,False,True,13.995001000012053,0.0071810000008554,0.8288089998131909,190.8240699999624,0.0188559997695847,205.6739169995581
H.MOV,84,H,True,N,0.6655909419059753,False,N,False,False,False,True,13.944974999958504,0.0067490000219549,0.7888889999776438,193.1574220002404,0.0192869997590605,207.9173219999575
H.MOV,85,H,True,N,0.7439242005348206,False,N,False,False,False,True,14.00956899999528,0.0064979999478964,0.8028900001590955,192.98319199970132,0.0204620000658906,207.8226109998696
H.MOV,86,H,True,N,0.6933561563491821,False,N,False,False,False,True,13.973332000034588,0.006931999905646,0.7442510000146285,193.72130399960952,0.0218059999497199,208.4676249995141
H.MOV,87,H,True,N,0.7740417718887329,False,N,False,False,False,True,14.090219000024716,0.0063510001382383,0.7631560001755133,192.6746199997069,0.0206319996323145,207.5549779996777
H.MOV,88,H,True,N,0.8317520022392273,False,N,False,False,False,True,13.98855999997295,0.0067759997364191,0.7954460002110864,191.42691699971687,0.0197590002244396,206.23745799986185
H.MOV,89,H,True,N,0.7141454219818115,False,N,False,False,False,True,13.93655999999055,0.0060550000853254,0.7573160000902135,192.5836509999499,0.0193880000551871,207.3029700001712
H.MOV,90,H,True,N,0.7019971013069153,False,N,False,False,False,True,14.351069000042571,0.0073199998951167,0.8040200000323239,195.3564929999629,0.0202500000341387,210.5391519999671
H.MOV,91,H,True,N,0.8302537798881531,False,N,False,False,False,True,14.060861000018576,0.0058579998949426,0.7841809997444216,191.9002969998473,0.0197319996004807,206.77092899910576
H.MOV,92,H,True,N,0.8063085079193115,False,N,False,False,False,True,14.018496000005598,0.006828000095993,0.7773570000608743,192.30216500000097,0.0204630000553152,207.12530900021875
H.MOV,93,H,True,N,0.8100888729095459,False,N,False,False,False,True,14.027092999981503,0.0063200000113283,0.7749640003567038,192.4690589999045,0.0187529999493563,207.2961890002034
H.MOV,94,H,True,N,0.8633805513381958,False,N,False,False,False,True,14.16134700002658,0.0069049997364345,0.7679750001443608,196.0114460002842,0.019354999949428,210.967028000141
H.MOV,95,H,True,N,0.944480001926422,False,N,False,False,False,True,14.064399000005778,0.0061199998526717,0.7617199999003788,192.24046999988784,0.0201699999706761,207.09287899961737
H.MOV,96,H,True,N,0.9733842611312866,False,N,False,False,False,True,14.1062649999526,0.0070609999056614,0.7514079998145462,192.0072679999976,0.022219000129553,206.8942209998
H.MOV,97,H,True,N,0.98459655046463,False,N,False,False,False,True,14.074413000003004,0.0061420000747602,0.7603889998790692,190.54432899974927,0.0172260001818358,205.402498999888
H.MOV,98,H,True,N,0.9727280139923096,False,N,False,False,False,True,14.151399000013498,0.0075739999374491,0.7739960001345025,198.81237700019483,0.0193729997590708,213.7647190000393
H.MOV,99,H,True,N,0.9921120405197144,False,N,False,False,False,True,14.116537999996126,0.0091649999376386,0.7884870001362287,194.0532569997231,0.0196949999917706,208.98714199978485
H.MOV,100,H,True,N,0.9911901950836182,False,N,False,False,False,True,14.067732000000888,0.0078470002335961,0.913241000034759,196.9462619999831,0.0311050002892443,211.9661870005416
H.MOV,101,H,True,N,0.9965552091598512,False,N,False,False,False,True,14.104198999973503,0.0076430001172411,0.7956220001688052,193.64773600000265,0.017993999790633,208.5731940000528
H.MOV,102,H,True,N,0.994709849357605,False,N,False,False,False,True,13.984671999992315,0.0098239997896598,0.987052000255062,215.634664999925,0.0188120002349023,230.6350250001969
H.MOV,103,H,True,N,0.9962350726127625,False,N,False,False,False,True,14.176733999988755,0.008495999736624,0.83894399995188,194.3239810002524,0.0203889999284001,209.36854399985805
H.MOV,104,H,True,N,0.9955503940582277,False,N,False,False,False,True,14.096853000012288,0.0082800002019212,0.7454540000253473,193.4921789998043,0.0191220001397596,208.36188800018363
H.MOV,105,H,True,N,0.9947493672370912,False,N,False,False,False,True,14.181300999950963,0.0075459997788129,0.7891999998719257,202.93842499995665,0.0200569998014543,217.93652899935972
H.MOV,106,H,True,N,0.9863265752792358,False,N,False,False,False,True,14.118744000029436,0.0071610002123634,0.7732399999440531,195.2588020003532,0.0189929996849969,210.176940000224
H.MOV,107,H,True,N,0.969798982143402,False,N,False,False,False,True,13.96620000002713,0.0067959999796585,0.8491859998684959,194.82751699979417,0.0185939998118556,209.6682929994813
H.MOV,108,H,True,N,0.9127862453460692,False,N,False,False,False,True,14.079369999990377,0.0078759999269095,0.8631220002826012,192.94459000002465,0.0201660000129777,207.91512400023748
H.MOV,109,H,True,N,0.959221601486206,False,N,False,False,False,True,14.109568000037598,0.0069309999162214,0.7554460003120766,195.83758599992507,0.0199639998754719,210.72949500006644
H.MOV,110,H,True,N,0.797120988368988,False,N,False,False,False,True,14.326696000011909,0.0067990004026796,0.7481010002265975,194.87898599982145,0.018438000097376,209.97902000056
H.MOV,111,H,True,N,0.598170280456543,False,N,False,False,False,True,14.277599000024566,0.0083339996308495,0.7830879999346507,192.3491709999325,0.0197389999812003,207.4379309995038
H.MOV,112,H,True,N,0.446995347738266,False,N,False,False,False,True,14.865052999994075,0.0071169997681863,0.7932060002531216,193.44968000041263,0.0174110000443761,209.1324670004724
H.MOV,113,H,True,N,0.6257633566856384,False,N,False,False,False,True,14.269680999973389,0.0064269997892552,0.8064620001277945,197.5492359997588,0.0198420002561761,212.65164799990544
H.MOV,114,H,True,N,0.8124907612800598,False,N,False,False,False,True,13.86986199997864,0.0082060000750061,0.8096859996840067,195.0534770003287,0.0202940000235685,209.76152500009
H.MOV,115,H,True,Q,0.3127637207508087,False,Q,False,False,False,True,14.072739999960504,0.0100790002761641,0.8335010002156196,196.8894690003253,0.0204899997697793,211.8262790005474
H.MOV,116,H,True,Q,0.3196369707584381,False,Q,False,False,False,True,14.23858499998687,0.0117699996735609,0.7399569999506639,209.1476719997445,0.0212859999919601,224.1592699993476
H.MOV,117,H,True,N,0.4197310209274292,False,N,False,False,False,True,14.139994000004208,0.0136479998218419,0.7934769996609248,195.0386299999991,0.020082000446564,210.00583099993264
H.MOV,118,H,True,N,0.5443947911262512,False,N,False,False,False,True,13.921437000021797,0.0087490002442791,0.9083300001293536,196.1790330001349,0.0199680002879176,211.0375170008183
H.MOV,119,H,True,N,0.8699800968170166,False,N,False,False,False,True,13.951172999952632,0.0095610002972534,0.8332379998137185,199.79150400013168,0.0181780001184961,214.60365400031372
H.MOV,120,H,True,N,0.7292096018791199,False,N,False,False,False,True,13.882564000027742,0.0084630000856122,0.741758000003756,193.89095399992584,0.0176079997800115,208.54134699982296
H.MOV,121,H,True,N,0.6367115378379822,False,N,False,False,False,True,14.25334999998995,0.006926999958523,0.7745389998490282,188.4599559998605,0.0191179997273138,203.51388999938536
H.MOV,122,H,True,N,0.5097470879554749,False,N,False,False,False,True,14.0624620000267,0.0066679999690677,0.7704649997322122,193.4285259999342,0.0195570000869338,208.28767799974912
H.MOV,123,H,True,N,0.7835779190063477,False,N,False,False,False,True,13.97659899998871,0.007272000402736,0.8556009997846559,197.1268090001104,0.0189540000974375,211.9852350003839
H.MOV,124,H,True,N,0.6752766370773315,False,N,False,False,False,True,14.479287999961343,0.0065149997681146,0.7687209999858169,192.7017299999534,0.0200250001398671,207.97627899980853
H.MOV,125,H,True,N,0.9742462635040284,False,N,False,False,False,True,14.113628000018252,0.0073380001595069,0.7548640001004969,191.79940100002568,0.0186299998858885,206.69386100018983
H.MOV,126,H,True,N,0.9625900983810424,False,N,False,False,False,True,14.083547999973687,0.0066610000430955,0.7576980001431366,191.734821999944,0.0196840001081,206.602413000212
H.MOV,127,H,True,N,0.987683355808258,False,N,False,False,False,True,13.96637800002054,0.0059349999901314,0.744218999898294,191.02853899994443,0.0203919998966739,205.76546299975007
H.MOV,128,H,True,N,0.9916431903839112,False,N,False,False,False,True,14.27562300000318,0.0066460002017265,0.7584290001432237,191.6003700002875,0.0208880001082434,206.66195600074388
H.MOV,129,H,True,N,0.994608998298645,False,N,False,False,False,True,13.93492300002208,0.0071879999268276,0.8735080000406015,192.24922199964567,0.0166320000971609,207.0814729997324
H.MOV,130,H,True,N,0.9925981760025024,False,N,False,False,False,True,14.02041400001508,0.0065689996517903,0.8044920000429556,194.4807249997212,0.0185000003511959,209.33069999978213
H.MOV,131,H,True,N,0.9932758808135986,False,N,False,False,False,True,14.285359999973934,0.0060330003179842,0.7767600000079256,192.9401630000029,0.0170509997587942,208.0253670000616
H.MOV,132,H,True,N,0.9910901784896852,False,N,False,False,False,True,14.174092000018844,0.00628499992672,0.8186109998860047,188.64562599992496,0.0190079999811132,203.66362199973764
H.MOV,133,H,True,N,0.987256646156311,False,N,False,False,False,True,14.116210999986832,0.006171000222821,0.7555659999525233,189.17646299996704,0.0193380001292098,204.07374900025843
H.MOV,134,H,True,N,0.9901123642921448,False,N,False,False,False,True,14.044387000012648,0.0067609998950501,0.7748869998067676,191.40452700003152,0.0170509997587942,206.2476129995048
H.MOV,135,H,True,N,0.9898269176483154,False,N,False,False,False,True,14.264914999955636,0.0061539999478554,0.7378889999927196,192.9804989999866,0.0186699999176198,208.0081269998004
H.MOV,136,H,True,N,0.98502779006958,False,N,False,False,False,True,13.992792999999892,0.006479000148829,0.7632470001226466,190.4617430000144,0.0189750003301014,205.24323700061584
H.MOV,137,H,True,N,0.9729071855545044,False,N,False,False,False,True,14.046188000008897,0.0063369998315465,0.7904180001787608,188.72991299986097,0.0243800000134797,203.59723599989368
H.MOV,138,H,True,N,0.8814677000045776,False,N,False,False,False,True,14.058465000005071,0.0057639999795355,0.7262359999913315,190.1685300003919,0.0168329997904947,204.9758280001584
H.MOV,139,H,True,N,0.7900168895721436,False,N,False,False,False,True,13.954851999983475,0.0054100000852486,0.7689310000387195,191.48650799979805,0.0192040001820714,206.2349050000876
H.MOV,140,H,True,N,0.6268450021743774,False,N,False,False,False,True,14.053148000016336,0.0068449999162112,0.8296619998873211,206.4817589998711,0.017093000224122,221.38850699991508
H.MOV,141,H,True,N,0.6308788657188416,False,N,False,False,False,True,14.12831400000414,0.0060269999266893,0.7523629997194803,192.8827189999538,0.0165800001923344,207.78600299979644
H.MOV,142,H,True,N,0.505810558795929,False,N,False,False,False,True,13.89566300002798,0.0061380001170618,0.782596000135527,194.28510400030063,0.0189639999916835,208.9884650005729
I.MOV,0,I,True,N,0.3051110804080963,False,N,False,False,False,True,14.144776999955866,0.0104030000329657,0.8621500001027016,191.9364579998728,0.0200310000764147,206.97381900004075
I.MOV,1,I,True,N,0.3441862165927887,False,N,False,False,False,True,14.127076000022498,0.0073260002864117,0.8879560000423226,195.39396399977704,0.0199500000235275,210.4362720001518
I.MOV,2,I,True,N,0.342197835445404,False,N,False,False,False,True,13.907122999967214,0.0067209998633188,0.9052349996636622,193.0724479998389,0.0196099999811849,207.9111369993143
I.MOV,3,I,True,N,0.456148087978363,False,N,False,False,False,True,14.040535999981785,0.0075360003393143,0.84070699995209,197.38232199961203,0.0196730002244294,212.29077400010965
I.MOV,4,I,True,N,0.4207906424999237,False,N,False,False,False,True,14.032522000036352,0.0065740000536607,0.8331920003001869,191.494867000074,0.0197109998225641,206.3868660002868
I.MOV,5,I,True,N,0.4635897874832153,False,N,False,False,False,True,13.961799000014707,0.00661299964122,0.8371149997401517,188.00607000002856,0.0192460001926519,202.8308429996173
I.MOV,6,I,True,N,0.66939777135849,False,N,False,False,False,True,13.93866899996965,0.0057149995882355,0.8099780002339685,189.31781399987813,0.0200930003302346,204.0922690000002
I.MOV,7,I,True,N,0.6340888142585754,False,N,False,False,False,True,14.196769000022869,0.0066940001488546,0.8189559998754703,205.92425999984692,0.0191879998965305,220.9658669997907
I.MOV,8,I,True,N,0.3701158463954925,False,N,False,False,False,True,14.05003399997895,0.0067579999267763,0.8296430000882538,210.5261739998241,0.0206889999390114,225.4332979997571
I.MOV,9,I,True,N,0.4243717789649963,False,N,False,False,False,True,14.079283000000942,0.0068730000748473,0.8293519999824639,187.72877599985804,0.0196440000763686,202.6639279999927
I.MOV,10,I,True,N,0.6844084858894348,False,N,False,False,False,True,14.49026400001685,0.0073319997682119,0.8544229999642994,192.99685299984048,0.0192410002455289,208.36811299983532
I.MOV,11,I,True,N,0.7851728796958923,False,N,False,False,False,True,14.141645000051994,0.0067230002969154,0.8678700000928075,193.23721899991145,0.0173859998540137,208.27084300020715
I.MOV,12,I,True,N,0.7560453414916992,False,N,False,False,False,True,16.34600599999203,0.0087480002548545,0.967794999723992,223.658561999855,0.0178270001924829,240.9989380000184
I.MOV,13,I,True,N,0.7887285947799683,False,N,False,False,False,True,13.828993000004177,0.0072839998210838,0.9633190002205084,202.3449399998753,0.0195430002349894,217.1640790001561
I.MOV,14,I,True,N,0.7533184885978699,False,N,False,False,False,True,13.879959000007602,0.0078699999903619,0.935196999762411,196.67821300026844,0.0176760004251264,211.518915000454
I.MOV,15,I,True,U,0.4226612150669098,False,U,False,False,False,True,13.99922999996761,0.0064720002228568,0.8211739996113465,189.7469000000456,0.0193159999071212,204.5930919997545
I.MOV,16,I,True,N,0.466115653514862,False,N,False,False,False,True,16.719143999978314,0.0063679999584564,0.8160279999174236,195.21715700011555,0.0189550000868621,212.7776520000566
I.MOV,17,I,True,N,0.4553031921386719,False,N,False,False,False,True,14.061348000041107,0.0075630000537785,0.9575090002726938,196.2132670000756,0.0216789999285538,211.2613660003717
I.MOV,18,I,True,N,0.6471977233886719,False,N,False,False,False,True,14.06219300002931,0.0090180001279804,0.8354860001418274,195.4569409999749,0.016151999716385,210.3797899999904
I.MOV,19,I,True,N,0.4285851418972015,False,N,False,False,False,True,13.983717000030538,0.0071170002229337,0.8518519998688134,193.03175300001385,0.0172500003827735,207.8916890005189
I.MOV,20,I,True,N,0.6883449554443359,False,N,False,False,False,True,14.094352000029176,0.0064030000430648,0.8269049999398703,191.5798670002005,0.0168510000548849,206.52437800026743
I.MOV,21,I,True,N,0.752586305141449,False,N,False,False,False,True,14.105491000009351,0.0061880000430392,0.8677359996909217,192.5579200001266,0.016670000150043,207.55400500002
I.MOV,22,I,True,N,0.6694024801254272,False,N,False,False,False,True,14.099405999957073,0.0071040003604139,0.839436000205751,205.51064700021016,0.0210520001928671,220.47764500092623
I.MOV,23,I,True,N,0.5541564226150513,False,N,False,False,False,True,14.017914000021392,0.0079319997894344,0.949466999827564,199.6484989999772,0.0215720001506269,214.64538399976612
I.MOV,24,I,True,N,0.5121980309486389,False,N,False,False,False,True,14.1875079999636,0.0071160002335091,0.8553460002076463,192.6154019997739,0.0180280003405641,207.6834000005192
I.MOV,25,I,True,N,0.4902173578739166,False,N,False,False,False,True,14.334818999998332,0.0070070000219857,0.9255249997295324,191.34676899966507,0.0177350002559251,206.63185499967085
I.MOV,26,I,True,N,0.4131143093109131,False,N,False,False,False,True,14.022658999977011,0.0089079999270325,0.8839009997245739,193.9501450001444,0.0171540000337699,208.8827669998068
I.MOV,27,I,True,I,0.3401175737380981,True,I,True,False,False,False,13.963040000021463,0.006926999958523,0.811593999969773,189.28552100032903,0.0172420000126294,204.08432400029145
I.MOV,28,I,True,N,0.5611996650695801,False,N,False,False,False,True,14.156108000008771,0.0070290002440742,0.820101000044815,200.64725300017017,0.0186060001396981,215.64909700060755
I.MOV,29,I,True,I,0.4360995590686798,True,I,True,False,False,False,13.955829999986236,0.0073400001383561,0.8763710002313019,191.65069800010315,0.0178299997060094,206.50806900016505
I.MOV,30,I,True,N,0.3820635974407196,False,N,False,False,False,True,13.959927000030348,0.0072109996835934,0.834922999729315,190.79779200001207,0.0193529999705788,205.619205999426
I.MOV,31,I,True,N,0.5102437138557434,False,N,False,False,False,True,13.939700999969771,0.0071370000114256,0.8360179999726824,202.619193999908,0.0170309999703022,217.4190809998322
I.MOV,32,I,True,I,0.4903175234794616,True,I,True,False,False,False,13.961869000013394,0.0063940001382434,0.8187620001081086,190.5994480002846,0.0181660002454009,205.40463900078976
I.MOV,33,I,True,I,0.4090635478496551,True,I,True,False,False,False,13.916888999972343,0.0065379999796277,0.8483239998895442,189.6219669997663,0.0193900000340363,204.41310799964185
I.MOV,34,I,True,I,0.4906628131866455,True,I,True,False,False,False,13.998044999993908,0.0070190003498282,0.8309280001412844,193.41104299974177,0.0178469999809749,208.26488200020776
I.MOV,35,I,True,N,0.4682366847991943,False,N,False,False,False,True,13.997240999970018,0.0234210001508472,0.8498789998157008,193.6834129996896,0.0204919997486285,208.5744459993748
I.MOV,36,I,True,N,0.4099001288414001,False,N,False,False,False,True,14.01663600000802,0.0067690002651943,0.8370319997084152,194.207273000302,0.0199559999600751,209.08766600024364
I.MOV,37,I,True,N,0.5464471578598022,False,N,False,False,False,True,14.033809000011388,0.0074990002758568,0.8411690000684757,188.20533899997827,0.0206400000024586,203.10845600033645
I.MOV,38,I,True,I,0.4038807451725006,True,I,True,False,False,False,14.096033999976498,0.0066470001911511,0.841816999582079,189.1140269999596,0.0194949998331139,204.07801999954245
I.MOV,39,I,True,I,0.4901596009731293,True,I,True,False,False,False,14.265655000031074,0.007295999694179,0.8757880000302976,192.57434299970555,0.019438999970589,207.7425209994317
I.MOV,40,I,True,N,0.3896978795528412,False,N,False,False,False,True,14.000036000027194,0.0058330001593276,0.8125300000756397,188.5597740001685,0.0312839997604896,203.4094570001912
I.MOV,41,I,True,I,0.3457323610782623,True,I,True,False,False,False,14.194087000021227,0.0069529996835626,0.8319580001625582,189.08893599973453,0.0185549997695488,204.14048899937143
I.MOV,42,I,True,I,0.2783116102218628,True,I,True,False,False,False,14.082610999992085,0.0079199999163392,0.8402809999097371,188.97447800009104,0.0199199998860422,203.92520999979524
I.MOV,43,I,True,X,0.2315098643302917,False,X,False,False,False,True,13.961569999992207,0.0084640000750368,0.9128790002250752,197.9720509998515,0.0173769999491923,212.872341000093
I.MOV,44,I,True,X,0.2907984852790832,False,X,False,False,False,True,13.930767000033484,0.0072819998422346,0.9923369998432464,194.9781090002034,0.0173960002030071,209.92589100012532
I.MOV,45,I,True,I,0.3908604085445404,True,I,True,False,False,False,14.295225000012124,0.0070380001488956,0.8892519999790238,192.8726310002276,0.0191809999705583,208.08332700033816
I.MOV,46,I,True,I,0.2653235495090484,True,I,True,False,False,False,14.07475999997132,0.00718199999028,0.840148999941448,189.1062490003605,0.0204530001610692,204.04879300042467
I.MOV,47,I,True,I,0.2383492141962051,True,I,True,False,False,False,14.023179000048458,0.0066600000536709,0.8577340004194411,189.72857600010684,0.0202360001821944,204.6363850008106
I.MOV,48,I,True,N,0.3820919096469879,False,N,False,False,False,True,13.912369000024682,0.0076780002018495,0.9015079999699084,190.84731099974303,0.0199419996533833,205.68880799959288
I.MOV,49,I,True,I,0.3381369411945343,True,I,True,False,False,False,14.040846999989752,0.0113109999801963,0.6332610000754357,209.1197639997517,0.0182550002136849,223.8234380000108
I.MOV,50,I,True,I,0.7756530046463013,True,I,True,False,False,False,13.929293999979109,0.0068110002757748,0.8394729998144612,191.76596399984192,0.0194990002455597,206.5610410001568
I.MOV,51,I,True,I,0.6287959218025208,True,I,True,False,False,False,14.270518999978776,0.0070780001806269,0.8583639996686543,191.6492149998703,0.0195019997590861,206.80467799945745
I.MOV,52,I,True,I,0.442312091588974,True,I,True,False,False,False,14.115356999980122,0.0067680002757697,0.8682809998390439,193.9730399999462,0.0191129997801908,208.9825589998213
I.MOV,53,I,True,I,0.3821258246898651,True,I,True,False,False,False,14.003066999976,0.0065660001382639,0.8953400001701084,192.1387350002988,0.0198349998754565,207.0635430004586
I.MOV,54,I,True,I,0.3380520641803741,True,I,True,False,False,False,13.980647000039426,0.0068260001171438,0.8306250001623994,192.31033899995964,0.0198100001398415,207.14824700041845
I.MOV,55,I,True,N,0.4290040135383606,False,N,False,False,False,True,13.8295479999897,0.006270000085351,0.8214810000026773,201.37001700004475,0.0348469998243672,216.06216299994685
I.MOV,56,I,True,N,0.5117377042770386,False,N,False,False,False,True,13.89726999997265,0.0084469998000713,0.8475099998577207,195.11521499998707,0.0196559999494638,209.88809799956692
I.MOV,57,I,True,N,0.3660727441310882,False,N,False,False,False,True,14.073575999987042,0.0064089999796124,0.8453330001430004,193.98119099969333,0.0208429996746417,208.92735199947765
I.MOV,58,I,True,I,0.3536396324634552,True,I,True,False,False,False,13.913090000016837,0.00672400028634,0.8652510000501934,192.3523360001127,0.016918999790505,207.15432000025652
I.MOV,59,I,True,N,0.4155260622501373,False,N,False,False,False,True,14.11656799996308,0.0064169998950092,0.8801879998827644,193.22226500025863,0.0185839999176096,208.2440219999171
I.MOV,60,I,True,I,0.320722758769989,True,I,True,False,False,False,13.937843000007888,0.0072769998951116,0.8573159998377378,195.2168210000309,0.0292559998342767,210.04851299960592
I.MOV,61,I,True,N,0.3327055871486664,False,N,False,False,False,True,13.917135000042435,0.0079060000643949,0.936944999921252,192.6825619998453,0.0181819996214471,207.56272999949488
I.MOV,62,I,True,N,0.9516857266426086,False,N,False,False,False,True,13.959907000014482,0.0074979998316848,0.8438509998995869,191.8689909998648,0.0168429996847407,206.6970899992953
I.MOV,63,I,True,N,0.964495837688446,False,N,False,False,False,True,13.89069900000095,0.0072590000854688,0.8441470004072471,191.73493100015548,0.0197440003830706,206.49678000103225
I.MOV,64,I,True,N,0.9487545490264891,False,N,False,False,False,True,13.937075000001188,0.0080820000221137,0.8598310000706988,192.4528969998392,0.0205389997063321,207.27842399963947
I.MOV,65,I,True,N,0.9729264378547668,False,N,False,False,False,True,15.113014999997176,0.0079189999269146,0.8601439999438298,192.9762079998909,0.0201399998331908,208.977425999592
I.MOV,66,I,True,N,0.9722906947135924,False,N,False,False,False,True,14.135516999999709,0.0067209998633188,0.8642030002192769,191.4234699997905,0.0194729996110254,206.44938399948387
I.MOV,67,I,True,N,0.9859958291053772,False,N,False,False,False,True,14.130491000003076,0.0077879999480501,0.9090809999179328,193.53008600000976,0.0181829996108717,208.5956289994897
I.MOV,68,I,True,N,0.9909422993659972,False,N,False,False,False,True,14.200651000010112,0.005842000064149,0.9203120002894138,195.20758899989232,0.0254080000559042,210.3598020003119
I.MOV,69,I,True,N,0.9752081632614136,False,N,False,False,False,True,14.106937999997626,0.0092649997895932,0.9237979998033552,198.61531100013963,0.0204619996111432,213.6757739993413
I.MOV,70,I,True,N,0.9810965657234192,False,N,False,False,False,True,14.414421000026325,0.0085409997154783,0.8583789999647706,195.7029670002157,0.0198140000975399,211.00412200001983
I.MOV,71,I,True,N,0.9747105836868286,False,N,False,False,False,True,13.974497000049269,0.0092049999693699,0.8697130001564801,194.39124599966817,0.0202590003937075,209.264920000237
I.MOV,72,I,True,N,0.9862191081047058,False,N,False,False,False,True,13.967793999995592,0.0075200000537734,0.9077039999283444,195.74609300025256,0.0193529999705788,210.64846400020087
I.MOV,73,I,True,N,0.9963734745979308,False,N,False,False,False,True,14.270749999980126,0.0070940000114205,0.8389350000470586,194.4951870000296,0.0203140002668078,209.63228000033496
I.MOV,74,I,True,N,0.982895016670227,False,N,False,False,False,True,13.966127000003326,0.0068169997575751,0.8690140002727276,195.59907600023507,0.019443999917712,210.4604780001864
I.MOV,75,I,True,N,0.991800844669342,False,N,False,False,False,True,14.092406999964169,0.0102210001386993,0.9224569998877996,196.1478140001418,0.0197439999283233,211.1926430000608
I.MOV,76,I,True,N,0.9952999353408812,False,N,False,False,False,True,13.813517000016873,0.0084270000115793,0.931934000163892,197.6175259997035,0.0362549999408656,212.4076589998367
I.MOV,77,I,True,N,0.9897128343582152,False,N,False,False,False,True,14.156646000003548,0.0075739999374491,0.8473329999105772,205.1767220000329,0.0198419998014287,220.2081169996859
I.MOV,78,I,True,N,0.9943863153457642,False,N,False,False,False,True,13.97409300000163,0.0074050003604497,0.8476779999000428,196.2151990001076,0.0211709998438891,211.0655460002136
I.MOV,79,I,True,N,0.9948797225952148,False,N,False,False,False,True,13.947944999983974,0.0076019996413378,0.8657389998916187,195.7926720001524,0.0198520001504221,210.63380999981973
I.MOV,80,I,True,N,0.9663602709770204,False,N,False,False,False,True,13.924723999991784,0.0067210003180662,0.8450810000795173,194.389572000091,0.018467999780114,209.18456600026047
I.MOV,81,I,True,N,0.9933163523674012,False,N,False,False,False,True,14.212971000006291,0.0074730000960698,0.894932999926823,200.3187189998244,0.0179029998434998,215.45199899969705
I.MOV,82,I,True,N,0.9862879514694214,False,N,False,False,False,True,14.187524999954348,0.0069660000008298,0.8563649998905021,197.92557999971905,0.0183319998541264,212.99476799941883
I.MOV,83,I,True,N,0.8474050760269165,False,N,False,False,False,True,14.102258999969308,0.0064680002651584,0.8910910000849981,196.36656400007269,0.0175010000020847,211.38388300039423
I.MOV,84,I,True,N,0.6327999234199524,False,N,False,False,False,True,14.108280000016292,0.0067749997469945,0.8584859997426975,196.8270309998843,0.0254719998338259,211.8260439992241
I.MOV,85,I,True,I,0.521834671497345,True,I,True,False,False,False,14.166080999984842,0.0063970001065172,0.860354999986157,195.2356020001389,0.0170610001077875,210.2854960003242
I.MOV,86,I,True,I,0.6841819882392883,True,I,True,False,False,False,22.98330899998291,0.005901000349695,0.8320189999722061,203.8993539999865,0.0179849998858117,227.7385680001771
I.MOV,87,I,True,I,0.5741981267929077,True,I,True,False,False,False,14.25169599997389,0.0061200003074191,0.8615390001978085,193.6414589999913,0.0179929998012084,208.77880700027163
I.MOV,88,I,True,I,0.3861885368824005,True,I,True,False,False,False,14.496260000044003,0.0073149999479937,0.8811020002212899,206.4814350001143,0.0201480002033349,221.8862600005309
I.MOV,89,I,True,I,0.3462533056735992,True,I,True,False,False,False,14.234725999983766,0.0062869999055692,0.8489480001117045,219.61869300002945,0.0517679995937214,234.7604219996242
I.MOV,90,I,True,B,0.3822205662727356,False,B,False,False,False,True,14.194866000025286,0.006678000318061,0.8434849996774574,190.52165599987347,0.0205259998438123,205.5872109997381
I.MOV,91,I,True,I,0.4003080725669861,True,I,True,False,False,False,13.96833000001152,0.006798000413255,0.9049109999068604,191.60519899969583,0.0200919998860626,206.5053299999136
I.MOV,92,I,True,I,0.3268601298332214,True,I,True,False,False,False,13.898654000001898,0.0071129998104879,0.90034699996977,192.99490899993543,0.0191389999599778,207.8201619996776
I.MOV,93,I,True,I,0.3806759119033813,True,I,True,False,False,False,14.048449000028995,0.0061770001593686,0.8343559998138517,194.37002799986652,0.0213490002352045,209.280359000104
I.MOV,94,I,True,I,0.3822400569915771,True,I,True,False,False,False,13.979929999948126,0.0067799996941175,0.8250659998338961,193.1494569998904,0.0201729999389499,207.98140599930548
I.MOV,95,I,True,N,0.4637642204761505,False,N,False,False,False,True,13.93128600000182,0.0075240000114717,0.8971259999270842,190.9676049999689,0.0205159999495663,205.82405699985884
I.MOV,96,I,True,B,0.292045384645462,False,B,False,False,False,True,13.914183999986562,0.0071079998633649,0.8268070000667649,193.3821329998864,0.018890999854193,208.1491229996573
I.MOV,97,I,True,N,0.4029291868209839,False,N,False,False,False,True,14.076473999978134,0.0077760000749549,0.8382050000363961,195.5678150002313,0.0216559997170406,210.51192600003787
I.MOV,98,I,True,N,0.6505510807037354,False,N,False,False,False,True,13.872159999948508,0.006951999694138,0.8200180000130786,193.3389270002408,0.020006999875477,208.058063999772
I.MOV,99,I,True,N,0.6440433859825134,False,N,False,False,False,True,14.01063099996236,0.0069689999691036,0.8130169999276404,192.86204600030032,0.0199420001081307,207.7126050002676
I.MOV,100,I,True,delete,0.2101911008358001,False,delete,False,False,False,True,14.002208000022163,0.007172000096034,0.8443400001851842,191.72024599993165,0.0165389997164311,206.59050499995143
I.MOV,101,I,True,delete,0.2529146373271942,False,delete,False,False,False,True,14.236299000003784,0.0062160002016753,0.8232079999288544,191.9789580001634,0.0169489999279903,207.0616300002257
I.MOV,102,I,True,N,0.3120547533035278,False,N,False,False,False,True,14.146441000036702,0.0062789999901724,0.8355229997505376,190.46653800023705,0.0254940000559145,205.4802750000704
I.MOV,103,I,True,delete,0.2897029817104339,False,delete,False,False,False,True,13.9651439999966,0.0062729995988775,0.8594519999860495,193.6312160000853,0.0373729999409988,208.49945799960776
I.MOV,104,I,True,delete,0.3907155096530914,False,delete,False,False,False,True,14.061105999985555,0.0069409998104674,0.8260019999397628,198.48595700023,0.0186060001396981,213.39861200010543
I.MOV,105,I,True,delete,0.3051231503486633,False,delete,False,False,False,True,14.009693999980756,0.0062089998209557,0.8537779999642225,194.23142899995585,0.0197540002773166,209.12086399999907
I.MOV,106,I,True,delete,0.3819648921489715,False,delete,False,False,False,True,13.983213000017258,0.0070490000325662,0.8501140000589658,193.88305899974512,0.0218990003304497,208.7453340001844
I.MOV,107,I,True,delete,0.3321985900402069,False,delete,False,False,False,True,14.61956499997541,0.0090409998847462,0.849661999836826,193.2697289998941,0.0191480003195465,208.76714499991067
I.MOV,108,I,True,delete,0.2660766839981079,False,delete,False,False,False,True,14.06973799998923,0.0069919997258693,0.7884299998295319,191.15005499998009,0.0214079996112559,206.036622999136
I.MOV,109,I,True,N,0.1949460059404373,False,N,False,False,False,True,14.14966100003312,0.0063809998209762,0.9275089996663156,191.33782900007645,0.0191499998436484,206.4405299994405
I.MOV,110,I,True,N,0.2159157842397689,False,N,False,False,False,True,14.29153800000904,0.0078200000643846,0.8234319998337014,192.555486999936,0.021213000309217,207.6994900001523
I.MOV,111,I,True,N,0.2542407810688019,False,N,False,False,False,True,13.977146000001994,0.0066860002334578,0.8192370000870142,194.6469320000688,0.0212439999813796,209.47124500037265
I.MOV,112,I,True,X,0.3062291741371155,False,X,False,False,False,True,14.061700000013388,0.0093419998847821,0.8441540003332193,196.3475389998166,0.0209769996217801,211.28371199966972
I.MOV,113,I,True,X,0.3462363183498382,False,X,False,False,False,True,14.039752999963184,0.0082050000855815,0.9156389996860526,213.7042449999172,0.0193959999705839,228.6872379996225
I.MOV,114,I,True,X,0.3988649249076843,False,X,False,False,False,True,14.02520099998128,0.0071899999056768,0.9470219997638196,217.2501039999588,0.0189439997484441,232.24846099935803
I.MOV,115,I,True,X,0.270592451095581,False,X,False,False,False,True,14.109475999987351,0.0093479998213297,0.982920000296872,221.01176299975123,0.0300149999929999,236.14352199984972
I.MOV,116,I,True,X,0.3463913798332214,False,X,False,False,False,True,14.161086000001433,0.0103530001069884,1.047448999997869,229.85756900015983,0.0195669999811798,245.09602400024733
I.MOV,117,I,True,N,0.2678328454494476,False,N,False,False,False,True,13.987176000000543,0.0097279998954036,1.0193479997724353,229.28474999980608,0.0219040002775727,244.32290599975204
I.MOV,118,I,True,N,0.3732469975948334,False,N,False,False,False,True,14.1160019999802,0.0094709998847974,0.9776450001481862,221.864297999673,0.0202649998755077,236.9876809995617
I.MOV,119,I,True,N,0.4263843595981598,False,N,False,False,False,True,13.991474000022208,0.0071690001277602,0.8624150000287045,212.5070339998274,0.0223120000555354,227.3904040000616
I.MOV,120,I,True,N,0.4007541835308075,False,N,False,False,False,True,14.056147000019337,0.0353169998561497,0.9282230003009316,219.56316000023435,0.0209029999496124,234.6037500003604
I.MOV,121,I,True,N,0.4436241388320923,False,N,False,False,False,True,14.227266999967014,0.0106379998214833,0.942135000059352,214.8148360001869,0.0202910000552947,230.0151670000901
I.MOV,122,I,True,N,0.3754457533359527,False,N,False,False,False,True,14.169915000024956,0.0097699999059841,0.9044939997693292,196.5070599999308,0.0205330002245318,211.6117719998556
I.MOV,123,I,True,N,0.4064754843711853,False,N,False,False,False,True,14.126229999988029,0.0074079998739762,0.8203060001505946,222.7459529999578,0.0233589998970273,237.72325599986743
I.MOV,124,I,True,I,0.3357516229152679,True,I,True,False,False,False,14.023201999975754,0.0084630000856122,0.9551240000291727,209.27656100002423,0.017601999843464,224.28095199995823
I.MOV,125,I,True,N,0.3774184882640838,False,N,False,False,False,True,14.12520100001302,0.009060000138561,0.8441830000265327,189.0020769997136,0.02686600009838,204.0073869999901
I.MOV,126,I,True,N,0.5201076865196228,False,N,False,False,False,True,14.07378900000822,0.0067959999796585,0.8329540000886482,195.2659200001108,0.0202669998543569,210.1997260000417
I.MOV,127,I,True,X,0.3377160727977752,False,X,False,False,False,True,14.130586999954176,0.0071180002123583,0.8802279999144957,196.4265260003231,0.0254080000559042,211.46986700046
I.MOV,128,I,True,N,0.5678508281707764,False,N,False,False,False,True,13.993351000010534,0.0070500000219908,0.863796999965416,218.1964629999129,0.0200750000658445,233.0807359999767
I.MOV,129,I,True,N,0.4753108024597168,False,N,False,False,False,True,14.138424999998731,0.0095929999588406,0.9270999998989282,215.82899499981067,0.0190480000128445,230.92316099968
I.MOV,130,I,True,N,0.4908201992511749,False,N,False,False,False,True,14.106290000029276,0.0069689999691036,0.8100459999695886,189.4484750000629,0.0183980000656447,204.3901780000965
I.MOV,131,I,True,N,0.6114962100982666,False,N,False,False,False,True,14.085919999956786,0.0060960001064813,0.8246269999290234,191.87342599980184,0.0205269998332369,206.81059599962737
I.MOV,132,I,True,N,0.5960341095924377,False,N,False,False,False,True,14.137351000044871,0.0062909998632676,0.8343479998984549,194.57863200022985,0.0199149999389192,209.57653699997536
I.MOV,133,I,True,N,0.6605122089385986,False,N,False,False,False,True,14.324881999982608,0.0066030002017214,0.8430670000052487,191.7039689997182,0.0196340001821226,206.8981550000899
I.MOV,134,I,True,N,0.5920071601867676,False,N,False,False,False,True,14.148919000035676,0.0062419999267149,0.8230499997807783,194.10086800007767,0.0203849999707017,209.0994639997916
I.MOV,135,I,True,N,0.5346189737319946,False,N,False,False,False,True,14.289159999975707,0.007605000064359,0.9098269997593889,198.6027620000641,0.0191619997167435,213.8285159995803
I.MOV,136,I,True,N,0.7598653435707092,False,N,False,False,False,True,13.951458999997612,0.0065450003603473,0.8646569999655185,195.2997079997658,0.0208610003937792,210.14323000048307
J.MOV,0,J,True,N,0.999789535999298,False,N,False,False,False,True,14.681358000018465,0.010238999948342,0.8909490002224629,194.92100499974185,0.022064000404498,210.5256150003356
J.MOV,1,J,True,N,0.9994589686393738,False,N,False,False,False,True,14.438292000022557,0.0077800000326533,0.8440619999419141,199.24409099985496,0.0199679998331703,214.55419299968528
J.MOV,2,J,True,N,0.9743785262107848,False,N,False,False,False,True,14.017800000033276,0.0075190000643488,0.8104120001917181,198.16446799995904,0.0203969998437969,213.02059600009216
J.MOV,3,J,True,N,0.9983386993408204,False,N,False,False,False,True,14.175956999963546,0.0062240001170721,0.8070529997894482,195.1370890001272,0.0198449997697025,210.14616799976693
J.MOV,4,J,True,N,0.9362872838974,False,N,False,False,False,True,14.373456999976495,0.0058539999372442,0.86115800013431,190.3332169999885,0.0200469999072083,205.59373299994377
J.MOV,5,J,True,N,0.9599630236625672,False,N,False,False,False,True,14.497617000017726,0.0127289999909407,0.8557000001019333,194.8868740000762,0.0215610002669563,210.27448100045376
J.MOV,6,J,True,N,0.9570120573043824,False,N,False,False,False,True,14.188438999951812,0.0079300002653326,0.8201149998967594,196.16529499990065,0.029197000003478,211.21097600001804
J.MOV,7,J,True,N,0.9414710998535156,False,N,False,False,False,True,14.427358999967057,0.0064260002545779,0.8484790000693465,195.98265300010092,0.0170409998645482,211.2819580002565
J.MOV,8,J,True,N,0.9837871193885804,False,N,False,False,False,True,14.049486000033085,0.0081250000221189,0.8567629997742188,191.0118030000376,0.0202770002033503,205.9464540000704
J.MOV,9,J,True,N,0.9988284707069396,False,N,False,False,False,True,14.183631000037169,0.009781000244402,0.8378600000469305,199.5525320003253,0.037699000131397,214.6215030007852
J.MOV,10,J,True,N,0.9998212456703186,False,N,False,False,False,True,14.412294000010206,0.0077019999480398,0.843362000068737,191.1075350003557,0.0201679999918269,206.3910610003745
J.MOV,11,J,True,N,0.9970815777778624,False,N,False,False,False,True,14.307583000004342,0.0070179999056563,0.79908699990483,193.417182000303,0.0204369998755282,208.55130699999336
J.MOV,12,J,True,N,0.9993450045585632,False,N,False,False,False,True,14.31239400000095,0.0073400001383561,0.8014469999579887,193.3517219999885,0.0209119998544338,208.49381499994024
J.MOV,13,J,True,N,0.997896671295166,False,N,False,False,False,True,16.157969999994748,0.009493000106886,0.8558239997000783,196.8940950000615,0.0183100000867852,213.93569199995
J.MOV,14,J,True,N,0.9990389347076416,False,N,False,False,False,True,14.113105000035375,0.009264000254916,0.8390530001634033,198.75639800011413,0.0183000001925393,213.7361200007604
J.MOV,15,J,True,N,0.9996671676635742,False,N,False,False,False,True,13.963342000010924,0.0085579999904439,0.7914230000096723,190.9111700001631,0.021113000002515,205.69560600017667
J.MOV,16,J,True,N,0.9986814856529236,False,N,False,False,False,True,13.861614999996164,0.0076110000009066,0.9230489999936252,191.3515430001098,0.0194829999600187,206.16330100006053
J.MOV,17,J,True,N,0.9988746047019958,False,N,False,False,False,True,13.972211000009338,0.0071429999479732,0.8403910001106851,197.609206999914,0.0212559998544747,212.4502079998365
J.MOV,18,J,True,N,0.989581823348999,False,N,False,False,False,True,14.25109199999497,0.0069099996835575,0.8145809997586184,204.4314039999336,0.0262819999079511,219.53026899927863
J.MOV,19,J,True,N,0.985198438167572,False,N,False,False,False,True,14.096215999984452,0.0086029999692982,0.925214999824675,203.42655600006765,0.0209470003937894,218.47753700023983
J.MOV,20,J,True,N,0.9251645803451538,False,N,False,False,False,True,14.030307999973957,0.0073880000854842,0.8942790000219247,191.12280999979703,0.0188439998964895,206.07362899977488
J.MOV,21,J,True,N,0.9233996868133544,False,N,False,False,False,True,14.324369999997089,0.005702000180463,0.8129279999593564,200.4608619999999,0.0319920000038109,215.63585400014065
J.MOV,22,J,True,N,0.9788045883178712,False,N,False,False,False,True,13.94990900001858,0.0085330002548289,0.9112819998335908,220.07847700024288,0.0177029996848432,234.9659040000347
J.MOV,23,J,True,N,0.990131139755249,False,N,False,False,False,True,13.98797699999932,0.0070239998422039,0.9263920001103544,194.02194299982511,0.0194360000023152,208.9627719997793
J.MOV,24,J,True,N,0.9902443885803224,False,N,False,False,False,True,14.03273400001126,0.0081489997683092,0.8647869999549584,193.3128689997829,0.019094999970548,208.23763399948805
J.MOV,25,J,True,N,0.9971484541893004,False,N,False,False,False,True,14.25841300005004,0.0061789996834704,0.808813999810809,203.4229939999932,0.0210019998121424,218.5174019993497
J.MOV,26,J,True,N,0.9964608550071716,False,N,False,False,False,True,13.937103999978715,0.0077660001807089,0.8395449999625271,193.7942150002528,0.020461000076466,208.59909100045115
J.MOV,27,J,True,N,0.998635709285736,False,N,False,False,False,True,13.773214000025291,0.0113010000859503,1.083161999758886,211.84650499981217,0.0176409998857707,226.73182299956807
J.MOV,28,J,True,N,0.9966859221458436,False,N,False,False,False,True,13.980507999974634,0.0083290001384739,0.8356880002793332,194.4341369999165,0.0184139998964383,209.2770760002054
J.MOV,29,J,True,N,0.99825519323349,False,N,False,False,False,True,14.280218000010336,0.0067880000642617,0.8176470000762492,193.70958799981963,0.0192360002984059,208.83347700026889
J.MOV,30,J,True,N,0.9984897375106812,False,N,False,False,False,True,14.104147000011835,0.0057429997468716,0.7889809999142017,191.12882100034767,0.0256319999607512,206.05332399998133
J.MOV,31,J,True,N,0.9916772842407228,False,N,False,False,False,True,14.096423000012235,0.0064830001065274,0.8280319998448249,190.9604560000844,0.0197839999600546,205.911178000008
J.MOV,32,J,True,N,0.9956095814704896,False,N,False,False,False,True,13.96445699998594,0.0070280002546496,0.7790079998812871,190.21845799989023,0.0197019999177427,204.98865299992983
J.MOV,33,J,True,N,0.984185755252838,False,N,False,False,False,True,14.036889000010431,0.008940000043367,0.9341919999314996,205.2241540000068,0.0217769998016592,220.22595199979372
J.MOV,34,J,True,N,0.9083034992218018,False,N,False,False,False,True,13.953564000019014,0.0066920001700054,0.8070229996519629,190.68562499978725,0.0173610001183988,205.47026499974663
J.MOV,35,J,True,N,0.8977369070053101,False,N,False,False,False,True,14.17009900001176,0.0065509998421475,0.7844130000194127,192.0244230000208,0.0171980000231997,207.00268399991728
J.MOV,36,J,True,N,0.9093594551086426,False,N,False,False,False,True,14.009084999997867,0.0062540002545574,0.8134380000228703,188.34873300011168,0.0189099996532604,203.19642000004023
J.MOV,37,J,True,N,0.9892589449882508,False,N,False,False,False,True,14.15241000000833,0.0061079999795765,0.8837409995976486,190.54368899969631,0.0167940002029354,205.6027419994848
J.MOV,38,J,True,N,0.9885643124580384,False,N,False,False,False,True,13.90815100000964,0.0065210001594095,0.8187590001398348,190.07101500028512,0.0196549999600392,204.82410100055404
J.MOV,39,J,True,N,0.9994935989379884,False,N,False,False,False,True,14.061285000025237,0.0064899995777523,0.7954970001264883,194.2362539998612,0.0203229997168818,209.1198489993076
J.MOV,40,J,True,N,0.9985290765762328,False,N,False,False,False,True,14.008100000012291,0.0060689999372698,0.8998289999908593,192.5087419999727,0.0201190000552742,207.4428589999684
J.MOV,41,J,True,N,0.9989460110664368,False,N,False,False,False,True,14.000693000014053,0.0063560000853613,0.8118900000226859,193.1567629999336,0.0182839999069983,207.99398599996263
J.MOV,42,J,True,N,0.9990928173065186,False,N,False,False,False,True,14.110813999991478,0.0062589997469331,0.8246060001511069,192.06684199980373,0.0189759998647787,207.027496999558
J.MOV,43,J,True,N,0.9959478974342346,False,N,False,False,False,True,13.994491000005382,0.0057510001170157,0.8010550000108196,190.74064499955057,0.0190050000128394,205.56094699969665
J.MOV,44,J,True,N,0.9986605644226074,False,N,False,False,False,True,13.949749999994763,0.0066719999267661,0.8144369999172341,188.4390710001753,0.0275959996542951,203.2375259996684
J.MOV,45,J,True,N,0.9981423616409302,False,N,False,False,False,True,13.953982999964865,0.007499999810534,0.7954369998515176,193.6194640002213,0.0192829998013621,208.3956669996496
J.MOV,46,J,True,N,0.9994575381278992,False,N,False,False,False,True,13.905523999994784,0.0065429999267507,0.7933700003377453,191.16275700025653,0.0187100004040985,205.8869040009199
J.MOV,47,J,True,N,0.9994902610778807,False,N,False,False,False,True,14.781056999993323,0.0068819999796687,0.8439909997832729,192.30616499999087,0.0192089996744471,207.9573039994216
J.MOV,48,J,True,N,0.9990811347961426,False,N,False,False,False,True,13.967526999977052,0.0063440002122661,0.7526949998464261,188.6022449998564,0.0196760001927032,203.3484870000848
J.MOV,49,J,True,N,0.9929794669151306,False,N,False,False,False,True,14.307829000017591,0.0065149997681146,0.8246699999290286,193.15683700006048,0.0209650002034322,208.31681599997864
J.MOV,50,J,True,N,0.997081696987152,False,N,False,False,False,True,14.017480999996224,0.0073410001277807,0.8185019996744813,194.83437799999592,0.0180709998858219,209.69577299968023
J.MOV,51,J,True,N,0.9962785840034484,False,N,False,False,False,True,14.191240999991804,0.0062120002439769,0.7759799996165384,187.96877599970685,0.0173919997905613,202.95960099934973
J.MOV,52,J,True,N,0.996570348739624,False,N,False,False,False,True,13.994893000017328,0.0061470000218832,0.8130189999064896,189.73172999994856,0.0172610002664441,204.5630500001608
J.MOV,53,J,True,N,0.9269140958786012,False,N,False,False,False,True,14.08303599998817,0.0059890003285545,0.8524149998265784,192.12503900007505,0.0173710000126448,207.083850000231
J.MOV,54,J,True,N,0.8801508545875549,False,N,False,False,False,True,14.080798999998478,0.0061219998315209,0.8904649998839886,191.0121060000165,0.0226820002353633,206.01217399996585
J.MOV,55,J,True,N,0.997931957244873,False,N,False,False,False,True,14.249131000042324,0.0062300000536197,0.8035589999053627,190.1969839996127,0.0164540001605928,205.2723579997746
J.MOV,56,J,True,N,0.9929063320159912,False,N,False,False,False,True,13.884680999979082,0.008261999937531,0.8271769997918454,194.18101100018248,0.0179760004357376,208.91910700032668
J.MOV,57,J,True,N,0.990752935409546,False,N,False,False,False,True,13.940735999995011,0.0081230000432697,0.8445079997727589,190.81184800006668,0.0191400004041497,205.62435500028187
J.MOV,58,J,True,N,0.9996042847633362,False,N,False,False,False,True,14.065330999983416,0.0072829998316592,0.849189000291517,197.45403600018108,0.0494619998789858,212.42530100016663
J.MOV,59,J,True,N,0.9976772665977478,False,N,False,False,False,True,13.859529999990627,0.006474000201706,0.8620250000603846,197.58647099979493,0.0234849999287689,212.33798499997647
J.MOV,60,J,True,N,0.999193012714386,False,N,False,False,False,True,14.53727699998808,0.0078390003181993,0.7995250002750254,194.367616999898,0.0200089998543262,209.73226700033365
J.MOV,61,J,True,N,0.9994578957557678,False,N,False,False,False,True,14.108179999993808,0.0113050000436487,0.7911200000307872,197.0529710001756,0.0206190002245421,211.9841950004684
J.MOV,62,J,True,N,0.9991002082824708,False,N,False,False,False,True,14.454210999986117,0.0073450000854791,0.8334260000992799,198.37865499994223,0.0190989999282464,213.6927360000413
J.MOV,63,J,True,N,0.9981675148010254,False,N,False,False,False,True,14.030916000024265,0.0064139999267354,0.8255550001194933,191.54189699975177,0.0193260002561146,206.4241080000784
J.MOV,64,J,True,N,0.9996912479400636,False,N,False,False,False,True,13.994298000000072,0.0064999999267456,0.7999499998732063,193.45293100013805,0.0185990002137259,208.2722780001518
J.MOV,65,J,True,N,0.9937350153923036,False,N,False,False,False,True,13.929953999991085,0.0066650000007939,0.7909020000624878,193.7194610000006,0.016136999875016,208.46311899993
J.MOV,66,J,True,N,0.9962944388389589,False,N,False,False,False,True,13.978373999975702,0.0073440000960545,0.886634999915259,192.933388000256,0.0203109998437867,207.82605200008675
J.MOV,67,J,True,N,0.9992865920066832,False,N,False,False,False,True,14.248930999997356,0.0060289999055385,0.8135299999594281,199.34059499973955,0.0197260001186805,214.42881099972053
J.MOV,68,J,True,N,0.9960843324661256,False,N,False,False,False,True,13.981164999961493,0.0070900000537221,0.8758110002418107,227.3824579997381,0.018541999907029,242.26506599990216
J.MOV,69,J,True,N,0.9990252256393432,False,N,False,False,False,True,14.13974000001872,0.0067369996941124,0.7837749999453081,191.43208899959063,0.0167519997376075,206.3790929989864
J.MOV,70,J,True,N,0.99893456697464,False,N,False,False,False,True,14.449737000006737,0.0092189998213143,0.8576959999118117,195.0191169999016,0.0167670000337238,210.3525359996752
J.MOV,71,J,True,N,0.9962072372436525,False,N,False,False,False,True,14.180516999999782,0.006393999683496,0.8445270000265737,193.00734699982056,0.0164579996635438,208.055242999194
J.MOV,72,J,True,N,0.9966008067131042,False,N,False,False,False,True,14.063550000003032,0.0054459997045341,0.7872309997765115,190.00904599988644,0.0176830003510986,204.8829559997216
J.MOV,73,J,True,N,0.9987534284591676,False,N,False,False,False,True,13.943759000028422,0.0056779999795253,0.8563549999962561,188.7069809999957,0.0167609996424289,203.52953399964235
J.MOV,74,J,True,N,0.9995130300521852,False,N,False,False,False,True,13.952738000000409,0.0059929998315055,0.8302029996229976,194.5670430000064,0.0171670003510371,209.3731439998124
J.MOV,75,J,True,N,0.994599223136902,False,N,False,False,False,True,13.90635600000678,0.0064769997152325,0.7756879999760713,193.3210580000377,0.0169529998856887,208.0265319996215
J.MOV,76,J,True,N,0.9991705417633056,False,N,False,False,False,True,13.88308500003177,0.0062369999795919,0.7787899999129877,191.92993899969224,0.0170309999703022,206.6150819995869
J.MOV,77,J,True,N,0.99810528755188,False,N,False,False,False,True,14.007986000024175,0.0061740001910948,0.8572960000492458,193.24895300042044,0.0168629999279801,208.1372720006129
J.MOV,78,J,True,N,0.9988574981689452,False,N,False,False,False,True,13.999820000037744,0.0070020000748627,0.801080000201182,191.65143800000808,0.0191689996427157,206.47850899996456
J.MOV,79,J,True,N,0.9991666078567504,False,N,False,False,False,True,14.241162000018903,0.0064450000536453,0.8008390000213694,190.9271179997632,0.0196949999917706,205.99525899984883
J.MOV,80,J,True,N,0.9991089701652528,False,N,False,False,False,True,13.83885999996437,0.0060520001170516,0.8511519999956363,192.6285990002725,0.0191150002137874,207.34377800056336
J.MOV,81,J,True,N,0.9970194697380066,False,N,False,False,False,True,13.966806999974324,0.0057529996411176,0.7531969999945431,192.669054000362,0.0192430002243781,207.4140540001963
J.MOV,82,J,True,N,0.99896502494812,False,N,False,False,False,True,14.241406999985884,0.0066379998315824,0.8305690002998745,191.78823299989745,0.0205510000341746,206.88739800004896
J.MOV,83,J,True,N,0.99184250831604,False,N,False,False,False,True,14.034355000035248,0.0061750001805194,0.8285640001304273,194.61345700028687,0.0189790002877998,209.50153000092087
J.MOV,84,J,True,N,0.9872699975967408,False,N,False,False,False,True,14.11951299996872,0.0063580000642105,0.7913340000413882,193.710750000264,0.0197959998331498,208.6477510001714
J.MOV,85,J,True,N,0.9962846040725708,False,N,False,False,False,True,14.112382999996951,0.006191000011313,0.8085790000222914,188.38649899998927,0.0159960000019054,203.3296480000217
J.MOV,86,J,True,N,0.9957190155982972,False,N,False,False,False,True,14.014379000002464,0.006946999747015,0.8183770000869117,189.60242799994376,0.0170480002452677,204.45917900002544
J.MOV,87,J,True,N,0.9895126223564148,False,N,False,False,False,True,14.068798999971932,0.0062419999267149,0.8190999997168547,193.38100599998145,0.0171950000549259,208.29234199965185
J.MOV,88,J,True,N,0.9843317270278932,False,N,False,False,False,True,13.995757000031972,0.0066580000748217,0.8152679997692758,190.88573799990627,0.0179359999492589,205.7213569997316
J.MOV,89,J,True,N,0.9953481554985046,False,N,False,False,False,True,14.26959100001568,0.0062120002439769,0.8166459997482889,191.8183299999328,0.0196149999283079,206.930393999869
J.MOV,90,J,True,N,0.9863221645355223,False,N,False,False,False,True,14.305827999976373,0.0063249999584513,0.7772919998387806,191.1059250001017,0.0331520000145246,206.22852199988984
J.MOV,91,J,True,N,0.9858919978141784,False,N,False,False,False,True,14.249115999973585,0.0075550001383817,0.9075110001504072,196.43931700011308,0.0210189996323606,211.6245180000078
J.MOV,92,J,True,N,0.9962454438209534,False,N,False,False,False,True,13.985445000002985,0.007061999895086,0.8398539998779597,191.5208430000348,0.0224990003516722,206.3757030001625
J.MOV,93,J,True,N,0.9963839054107666,False,N,False,False,False,True,14.112181000029976,0.0066679999690677,0.8223439999710536,189.5292379999773,0.0204760003725823,204.49090700032
J.MOV,94,J,True,N,0.9955366849899292,False,N,False,False,False,True,14.2663170000219,0.0062660001276526,0.7988040001691843,186.58821899998657,0.0196290002349996,201.6792350005403
J.MOV,95,J,True,N,0.999068796634674,False,N,False,False,False,True,13.979850000055194,0.0062829999478708,0.7869080000091344,189.055264000217,0.0201709999601007,203.8484760001893
J.MOV,96,J,True,N,0.999367654323578,False,N,False,False,False,True,13.97274600003584,0.0100070001280982,0.9326790000159236,216.5936630003671,0.0184710002031351,231.52756600075008
J.MOV,97,J,True,N,0.9992666840553284,False,N,False,False,False,True,14.122961999987638,0.0074100003075727,0.8326679999299813,211.8700479995823,0.0176099997588607,226.8506979995664
J.MOV,98,J,True,N,0.9963616728782654,False,N,False,False,False,True,14.14952599998287,0.0068780000219703,0.7839610002520203,193.65049199996065,0.0165919996106822,208.6074489998282
J.MOV,99,J,True,N,0.9939991235733032,False,N,False,False,False,True,14.29104499999312,0.0077210002018546,0.8287519999612414,197.3555260001376,0.0197819999812054,212.50282600027504
J.MOV,100,J,True,N,0.9974433183670044,False,N,False,False,False,True,14.06037499998547,0.0063470001805399,0.8543740000277467,188.9451609999924,0.0193810001292149,203.8856380003153
J.MOV,101,J,True,N,0.9883622527122498,False,N,False,False,False,True,14.169227000024875,0.0064689997998357,0.8210220003093127,189.11241700016035,0.0192930001503555,204.1284280004448
J.MOV,102,J,True,N,0.9936190247535706,False,N,False,False,False,True,14.164821000008487,0.0058880000324279,0.8079950002866099,188.22579899961056,0.0208819997169484,203.22538499965503
J.MOV,103,J,True,N,0.9663532376289368,False,N,False,False,False,True,14.126701000009234,0.0057349998314748,0.8075350001490733,194.40139500011355,0.0196870000763738,209.3610530001797
J.MOV,104,J,True,N,0.9707173109054564,False,N,False,False,False,True,13.943010999980745,0.0083949998952448,0.8856670001478051,193.2338560000062,0.0221410000449395,208.09307000007493
J.MOV,105,J,True,N,0.9799997806549072,False,N,False,False,False,True,14.20954799999663,0.0070210003286774,0.795863999883295,190.62522900003387,0.0166770000760152,205.6543390003185
J.MOV,106,J,True,N,0.9850281476974488,False,N,False,False,False,True,14.50993800000333,0.0069009997787361,0.8178109997061256,188.92372500022248,0.0185570002031454,204.2769319999138
J.MOV,107,J,True,N,0.9883717894554138,False,N,False,False,False,True,13.903894000009132,0.0058780001381819,0.8098230000541662,188.0384529999901,0.0171930000760767,202.77524100026767
J.MOV,108,J,True,N,0.9946182370185852,False,N,False,False,False,True,14.11553799999865,0.008057999821176,0.8226719996855536,209.0980779998972,0.0197449999177479,224.0640909993204
J.MOV,109,J,True,N,0.9945529103279114,False,N,False,False,False,True,13.913765999973291,0.0088020001385302,0.8651859998280997,211.0601989998031,0.0199529999918013,225.86790599973483
J.MOV,110,J,True,N,0.9991782307624816,False,N,False,False,False,True,14.32488000000376,0.0066160000642412,0.8568940002078307,188.08141599993172,0.0169899999491462,203.2867960001568
J.MOV,111,J,True,N,0.9987887740135192,False,N,False,False,False,True,14.143364000005931,0.0066410002546035,0.7947019998937321,191.9811849998041,0.0255840000136231,206.951475999972
J.MOV,112,J,True,N,0.9993141889572144,False,N,False,False,False,True,14.206099999967137,0.0068800000008195,0.8116140002130123,189.74970399995075,0.0192090001291944,204.7935070002609
J.MOV,113,J,True,N,0.9998762607574464,False,N,False,False,False,True,14.062717000001612,0.0060160000430187,0.7881870001256175,188.82161400006223,0.0201809998543467,203.69871500008685
J.MOV,114,J,True,N,0.9998140931129456,False,N,False,False,False,True,13.920735999988665,0.0460470000689383,0.8081000000856875,195.3423989998555,0.0192029997378995,210.1364849997367
J.MOV,115,J,True,N,0.9988189339637756,False,N,False,False,False,True,13.916886999993494,0.0065780000113591,0.7995020000635122,187.910460999774,0.0194750000446219,202.6529029998869
J.MOV,116,J,True,N,0.9948866963386536,False,N,False,False,False,True,14.041194000014912,0.0069669999902544,0.7894509999459842,195.1887919999536,0.0177729998540598,210.04417699975875
J.MOV,117,J,True,N,0.9983561635017396,False,N,False,False,False,True,14.243649999968966,0.006434999704652,0.7833380000192847,192.68265400023665,0.0271210001301369,207.7431980000597
J.MOV,118,J,True,N,0.9950847029685974,False,N,False,False,False,True,14.106614000013453,0.0063479997152171,0.8577180001339002,187.8441969997766,0.0191140002243628,202.8339909998636
J.MOV,119,J,True,N,0.9811423420906068,False,N,False,False,False,True,14.220077000004494,0.0064169998950092,0.8037100001274666,190.8245790000365,0.0167240000337187,205.87150700009715
J.MOV,120,J,True,N,0.982150375843048,False,N,False,False,False,True,13.98681599999918,0.0064900000324996,0.8027110002331028,195.2114740001889,0.0178699997377407,210.02536100019145
J.MOV,121,J,True,N,0.9899994730949402,False,N,False,False,False,True,14.10667300001478,0.0069150000854278,0.7992740002009668,191.6068119999181,0.0187189998541725,206.53839300007348
J.MOV,122,J,True,N,0.9981147050857544,False,N,False,False,False,True,14.116378999972312,0.0062690000959264,0.8088049999059876,191.9192049999765,0.0202189999072288,206.870876999858
J.MOV,123,J,True,N,0.9968354105949402,False,N,False,False,False,True,14.169639000044754,0.0071029999162419,0.8050209999055369,189.8575879999953,0.0201570001081563,204.85950799997
J.MOV,124,J,True,N,0.9958903193473816,False,N,False,False,False,True,13.83315000003904,0.0058820000958803,0.8083939997050038,191.6485550000289,0.0191460003406973,206.3151270002095
J.MOV,125,J,True,N,0.9985559582710266,False,N,False,False,False,True,14.11274700001286,0.0066610000430955,0.8243590000347467,192.7382080002644,0.039671000195085,207.7216460005502
J.MOV,126,J,True,N,0.9995273351669312,False,N,False,False,False,True,14.159135999989305,0.0070139999479579,0.8044080000217946,191.97031499970765,0.0190779996955825,206.95995099936223
J.MOV,127,J,True,N,0.9998076558113098,False,N,False,False,False,True,13.943635000032373,0.0053499998102779,0.8220319996325998,190.0155450002785,0.0175760001184244,204.80413799987213
J.MOV,128,J,True,N,0.9997828602790833,False,N,False,False,False,True,13.85710800002471,0.0052659997891169,0.7601830002386123,193.38858299988715,0.0169320001077721,208.02807200004736
J.MOV,129,J,True,N,0.9976093769073486,False,N,False,False,False,True,13.893414999984088,0.0061519999690062,0.8196740000130376,192.0566730000246,0.0169919999279954,206.7929059999188
J.MOV,130,J,True,N,0.9994776844978333,False,N,False,False,False,True,14.088387000015246,0.0054020001698518,0.7733679999546439,195.9683129998666,0.0161930001922883,210.85166300019864
J.MOV,131,J,True,N,0.9993593096733092,False,N,False,False,False,True,14.142780999975455,0.005707000127586,0.7740420001027815,191.22744700007388,0.0171440001395239,206.16712100041923
K.MOV,0,K,True,B,0.7344854474067688,False,B,False,False,False,True,14.59875899996632,0.0091379997684271,0.8538679999219312,193.2339159998264,0.0201460002244857,208.7158269997076
K.MOV,1,K,True,B,0.7407940626144409,False,B,False,False,False,True,14.2862889999833,0.0064959999690472,0.8309270001518598,194.4849299998168,0.0179500002559507,209.62659200017697
K.MOV,2,K,True,B,0.6187328696250916,False,B,False,False,False,True,13.951240000039888,0.0062070002968539,0.8215700004257087,195.48715600012656,0.0175879999915196,210.28376100088053
K.MOV,3,K,True,B,0.7444654107093811,False,B,False,False,False,True,14.020777000041562,0.0066630000219447,0.8264339999186632,192.44134500013388,0.017457000012655,207.3126760001287
K.MOV,4,K,True,B,0.7577918767929077,False,B,False,False,False,True,13.91241800001808,0.00768900008552,0.8446589999948628,194.5428180001727,0.0172249997376638,209.32480900000883
K.MOV,5,K,True,B,0.7929874062538147,False,B,False,False,False,True,13.945826999986366,0.0063959996623452,0.8196220001082111,191.70769499987728,0.0191969998013519,206.49873699943555
K.MOV,6,K,True,B,0.8083111047744751,False,B,False,False,False,True,14.294098999982907,0.0070250002863758,0.8221200000662066,192.8814929997316,0.017880000086734,208.0226170001538
K.MOV,7,K,True,B,0.7929397821426392,False,B,False,False,False,True,14.17598599999792,0.0063970001065172,0.8595720000812435,194.5897519999562,0.0169079999068344,209.64861500004872
K.MOV,8,K,True,B,0.7969557642936707,False,B,False,False,False,True,13.949415000013232,0.0063679999584564,0.8290810001199134,189.34064199993367,0.0196359997062245,204.14514199973155
K.MOV,9,K,True,B,0.7627748250961304,False,B,False,False,False,True,14.112434000026042,0.006393999683496,0.9307919999628212,194.4621239999833,0.0199380001504323,209.5316819998061
K.MOV,10,K,True,B,0.7878310680389404,False,B,False,False,False,True,14.225138000028892,0.0060400002439564,0.9490759998698196,192.1666909997839,0.0182929998118197,207.3652379997384
K.MOV,11,K,True,B,0.83382248878479,False,B,False,False,False,True,14.886568000008538,0.0067969999690831,0.8931729998948867,202.3678709997512,0.0169779996213037,218.171386999245
K.MOV,12,K,True,B,0.8671702742576599,False,B,False,False,False,True,13.996682999959376,0.0064200003180303,0.8426310000686499,206.41813399970488,0.0221310001506935,221.28599900020163
K.MOV,13,K,True,B,0.8167082667350769,False,B,False,False,False,True,14.318251000020156,0.0089609998212836,0.8622700001978956,190.02863700006856,0.0200270001187163,205.2381460002266
K.MOV,14,K,True,B,0.81550532579422,False,B,False,False,False,True,14.14160400003084,0.0076169999374542,0.8533790000910813,192.05486600003496,0.0212519998967763,207.0787179999911
K.MOV,15,K,True,B,0.803036093711853,False,B,False,False,False,True,16.885977000015373,0.0066990000959776,0.8372040001631831,192.05612799987648,0.0175980003405129,209.8036060004916
K.MOV,16,K,True,B,0.8119754791259766,False,B,False,False,False,True,14.641877000030943,0.0068519998421834,0.8444489999419602,192.15436100012084,0.0177990000338468,207.66533799996972
K.MOV,17,K,True,B,0.7936485409736633,False,B,False,False,False,True,14.426306000018483,0.0073129999691445,0.9359919999951672,195.48433399995704,0.0202930000341439,210.874237999974
K.MOV,18,K,True,B,0.7726349234580994,False,B,False,False,False,True,14.215755999998692,0.0087539997366548,0.8363800002371136,196.90626800002065,0.0198239999917859,211.9869819999849
K.MOV,19,K,True,B,0.7806585431098938,False,B,False,False,False,True,14.47728499999812,0.0072350003392784,0.8652080000501883,197.5791729996672,0.0171520000549207,212.9460530001097
K.MOV,20,K,True,B,0.7881028652191162,False,B,False,False,False,True,14.009930000042914,0.0072200000431621,0.8777060002103099,199.3643549999433,0.0202900000658701,214.2795010003056
K.MOV,21,K,True,B,0.6643282175064087,False,B,False,False,False,True,14.28150999998934,0.0072059997364704,0.8382139999412175,193.00619100022232,0.0165900000865804,208.14971099997592
K.MOV,22,K,True,B,0.7567897439002991,False,B,False,False,False,True,13.938787000029151,0.0074780000431928,0.8332459997291153,193.6218379996717,0.0201980001293122,208.42154699960247
K.MOV,23,K,True,B,0.6685556173324585,False,B,False,False,False,True,13.88713699998334,0.0066719999267661,0.9229239999513084,196.07168899983665,0.019025999790756,210.9074479994888
K.MOV,24,K,True,B,0.6667718291282654,False,B,False,False,False,True,14.074740000012298,0.0071080003181123,0.8148409997374984,190.9961530000146,0.0207250000130443,205.91356700009555
K.MOV,25,K,True,B,0.581190288066864,False,B,False,False,False,True,14.2369519999761,0.005637999947794,0.809402999948361,192.49066899965328,0.0189269999282259,207.56158899945376
K.MOV,26,K,True,B,0.619456946849823,False,B,False,False,False,True,14.021731000013917,0.007261000064318,0.8229929999288288,194.0035500001613,0.0189859997590247,208.87452099992743
K.MOV,27,K,True,B,0.642552375793457,False,B,False,False,False,True,13.927388000013252,0.0078999996730999,0.8402499997828272,193.4397049999461,0.0186709999070444,208.2339139993224
K.MOV,28,K,True,B,0.5957837104797363,False,B,False,False,False,True,14.220079000040188,0.0061519999690062,0.7841050000934047,193.34668500005137,0.02014199981204,208.377162999966
K.MOV,29,K,True,B,0.5869877934455872,False,B,False,False,False,True,13.94394999999804,0.0072180000643129,0.8326830002260976,193.75971099998424,0.01919500027725,208.56275700055
K.MOV,30,K,True,B,0.4802975058555603,False,B,False,False,False,True,14.104454000005262,0.0058400000852998,0.8078109999587468,195.30335099989315,0.019876999886037,210.2413329998285
K.MOV,31,K,True,B,0.6426600217819214,False,B,False,False,False,True,14.39612600000828,0.0076470000749395,0.9354409999104972,196.0229409996828,0.0202850001187471,211.3824399997952
K.MOV,32,K,True,B,0.6261245012283325,False,B,False,False,False,True,14.074768000000404,0.0065199997152376,0.8153409999067662,196.21439499996995,0.0199890000658342,211.1310129996582
K.MOV,33,K,True,B,0.5485833287239075,False,B,False,False,False,True,14.066980999984937,0.0077179997788334,0.8632049998595903,197.1143760001724,0.017358000150125,212.06963799994583
K.MOV,34,K,True,B,0.5744990706443787,False,B,False,False,False,True,14.20044600001802,0.0076059995990362,0.8046429998103122,190.6122199998208,0.0169620002452575,205.64187699949343
K.MOV,35,K,True,B,0.4749533534049988,False,B,False,False,False,True,14.135704000011629,0.0057500001275911,0.8166880002136168,193.58878599996387,0.0201730003936972,208.5671010007104
K.MOV,36,K,True,B,0.4971134066581726,False,B,False,False,False,True,14.399669999988872,0.0061709997680736,0.8045740000852675,192.0555520000562,0.0190709997696103,207.285037999668
K.MOV,37,K,True,B,0.4997235834598541,False,B,False,False,False,True,14.265693000027111,0.0064500000007683,0.8004309997886594,195.98699700009087,0.0197449999177479,211.0793159998252
K.MOV,38,K,True,B,0.5334643125534058,False,B,False,False,False,True,14.09043199998905,0.0064490000113437,0.8439450002697413,194.52575900004376,0.0193480000234558,209.48593300033733
K.MOV,39,K,True,B,0.4804922640323639,False,B,False,False,False,True,14.24626100003934,0.0056120002227544,0.8069400000749738,194.39324399991165,0.0345360003848327,209.48659300063355
K.MOV,40,K,True,B,0.552327036857605,False,B,False,False,False,True,13.975549000008414,0.0075100001595274,0.8108160000119824,193.36336600008508,0.0207929997486644,208.17803400001367
K.MOV,41,K,True,B,0.4924757778644562,False,B,False,False,False,True,14.046251000024768,0.0068650001594505,0.8119839999380929,196.09830099989267,0.0202840001293225,210.9836850001443
K.MOV,42,K,True,B,0.4801383316516876,False,B,False,False,False,True,14.204485999982808,0.0069030002123326,0.8043269999689073,192.88025500009093,0.0189490001503145,207.9149200004053
K.MOV,43,K,True,B,0.4948998093605041,False,B,False,False,False,True,14.04391599999144,0.0064730002122814,0.877639000009367,223.6867540000276,0.0196299997696769,238.6344120000104
K.MOV,44,K,True,B,0.5236517786979675,False,B,False,False,False,True,13.9217280000139,0.0077600002441613,0.9466260003136996,194.300621000366,0.0205939995794324,209.1973290005172
K.MOV,45,K,True,B,0.4869928658008575,False,B,False,False,False,True,13.961216999973658,0.0060130000747449,0.8377409999411611,199.5410530003028,0.0197740000658086,214.36579800035813
K.MOV,46,K,True,B,0.4331626892089844,False,B,False,False,False,True,13.907230000029358,0.0067769997258437,0.8951710001383617,192.3214080002253,0.0192450002032273,207.1498310003221
K.MOV,47,K,True,B,0.3922463059425354,False,B,False,False,False,True,13.893022999980076,0.0120400000014342,0.8242200001404854,190.6365350000669,0.0162350002028688,205.3820530003918
K.MOV,48,K,True,B,0.4259312152862549,False,B,False,False,False,True,13.896745000010924,0.0070030000642873,0.851090999731241,193.7216179999268,0.0168159999702766,208.49327299970355
K.MOV,49,K,True,B,0.3392584025859833,False,B,False,False,False,True,14.01810300001216,0.0059230001170362,0.816928999938682,195.25096300003497,0.0193269997907918,210.11124499989364
K.MOV,50,K,True,B,0.4609692096710205,False,B,False,False,False,True,13.928159999977652,0.0071149997893371,0.924192999718798,193.18691899979967,0.0167130001500481,208.0630999994355
K.MOV,51,K,True,B,0.4795202910900116,False,B,False,False,False,True,13.957029999971835,0.0059959997997793,0.9048869997059228,191.8831069997396,0.0486169997202523,206.79963699893733
K.MOV,52,K,True,B,0.5176593661308289,False,B,False,False,False,True,14.016876000027878,0.0070830001277499,0.9060190000127476,195.7588800000849,0.0179759999809903,210.70683400023427
K.MOV,53,K,True,B,0.5307325124740601,False,B,False,False,False,True,14.099018000024444,0.0067519999902287,0.8288129997708893,220.91445000023668,0.0183820002348511,235.8674150002571
K.MOV,54,K,True,B,0.5073115229606628,False,B,False,False,False,True,14.38965600004849,0.0072419998105033,0.8198999998967338,192.4147640002048,0.024085999939416,207.65564799989988
K.MOV,55,K,True,B,0.4233326017856598,False,B,False,False,False,True,13.887463999992631,0.006503999884444,0.8945610002228932,191.8645420000757,0.0198230000023613,206.67289400017808
K.MOV,56,K,True,B,0.5471088886260986,False,B,False,False,False,True,13.967405000016695,0.0072029997681966,0.544793000244681,191.5728439998929,0.0196999999388935,206.1119449998614
K.MOV,57,K,True,B,0.734997034072876,False,B,False,False,False,True,14.196459000004324,0.0065059998632932,0.8468269998047617,193.921192000289,0.0198000002455955,208.990784000207
K.MOV,58,K,True,B,0.8117271661758423,False,B,False,False,False,True,14.10324299996546,0.0065040003391914,0.8366960000785184,191.9719799998348,0.0175619998117326,206.93598500002963
K.MOV,59,K,True,B,0.7821751832962036,False,B,False,False,False,True,14.047715000003793,0.00674299963066,0.8318829995914712,189.13072800023656,0.0205579999601468,204.03762699942263
K.MOV,60,K,True,B,0.5800222754478455,False,B,False,False,False,True,14.014653999993245,0.0085450001279241,0.8542089999536984,190.88089499973648,0.0194700000974989,205.77777299990885
K.MOV,61,K,True,B,0.6229573488235474,False,B,False,False,False,True,14.296894000040083,0.0069259999690984,0.8286780002890737,198.320504000094,0.0183500001185166,213.4713520005107
K.MOV,62,K,True,B,0.7434036135673523,False,B,False,False,False,True,13.967555999954584,0.0076020000960852,0.8162670001183869,193.48736200026903,0.0184040000021923,208.2971910004403
K.MOV,63,K,True,B,0.7106412649154663,False,B,False,False,False,True,14.115908000007948,0.0067650003074959,0.8165320000443899,194.142913000178,0.0199689998225949,209.1020870003604
K.MOV,64,K,True,B,0.6304407715797424,False,B,False,False,False,True,14.060062999988077,0.0085689998741145,0.8380239996768069,193.3781900002032,0.0174309998328681,208.30227699957504
K.MOV,65,K,True,B,0.4302326738834381,False,B,False,False,False,True,14.046027999995658,0.0087150001490954,0.9396599998581224,194.3653240000458,0.0183170000127574,209.37804400006144
K.MOV,66,K,True,R,0.355814129114151,False,R,False,False,False,True,14.045828000007532,0.0060080001276219,0.8977190000223345,193.92652299984547,0.0174050001078285,208.8934830001108
K.MOV,67,K,True,B,0.4600037336349487,False,B,False,False,False,True,14.350825000008172,0.0063649999901826,0.8209409998016781,193.8539809998474,0.0193109999599983,209.05142299960744
K.MOV,68,K,True,B,0.4433629512786865,False,B,False,False,False,True,13.928617999965809,0.0070380001488956,0.896455999736645,192.92051299999,0.0204389998543774,207.7730639996957
K.MOV,69,K,True,B,0.3684351742267608,False,B,False,False,False,True,14.128494999965824,0.0071600002229388,0.5903840001337812,196.5600580001592,0.0193890000446117,211.3054860005264
K.MOV,70,K,True,B,0.3518684208393097,False,B,False,False,False,True,14.598116000001935,0.0068400004238355,0.8675859999129898,196.63710299982995,0.0187949999599368,212.12844000012865
K.MOV,71,K,True,B,0.3116509020328522,False,B,False,False,False,True,14.29766300003621,0.0065140002334374,0.837055999909353,191.41492900007503,0.0196470000446424,206.5758090002987
K.MOV,72,K,True,R,0.3385258018970489,False,R,False,False,False,True,14.05405600002041,0.0068010003815288,0.8216789997277374,189.6120520000295,0.0505509997310582,204.54513899989024
K.MOV,73,K,True,B,0.3250962197780609,False,B,False,False,False,True,14.286327999968762,0.0053650001063942,0.8189129998754652,188.77238100003524,0.0172539998857246,203.9002409998716
K.MOV,74,K,True,R,0.3323433995246887,False,R,False,False,False,True,14.484349999975166,0.0057910001487471,0.7932779999464401,189.5593819999704,0.0182429998858424,204.8610439999265
K.MOV,75,K,True,R,0.3931871652603149,False,R,False,False,False,True,14.266398000017944,0.0060950001170567,0.834469999972498,187.99240399994235,0.0190089999705378,203.1183760000204
K.MOV,76,K,True,U,0.3190914094448089,False,U,False,False,False,True,13.890421999974478,0.0067099999796482,0.8329199999934644,193.75974400009,0.0172910004039295,208.50708700044152
K.MOV,77,K,True,U,0.3063249289989471,False,U,False,False,False,True,14.002672000003711,0.0066970001171284,0.8080409998001414,211.2249719998545,0.0204809998649579,226.0628629996404
K.MOV,78,K,True,B,0.3650521636009216,False,B,False,False,False,True,13.941797999962091,0.0063000002228363,0.7950359999995271,195.6140319998667,0.0204019997909199,210.37756799984209
K.MOV,79,K,True,B,0.3194890916347503,False,B,False,False,False,True,13.984778000008191,0.0071780000325816,0.8505109999532579,193.0289570000241,0.0201629995899566,207.89158699960808
K.MOV,80,K,True,U,0.3655650019645691,False,U,False,False,False,True,14.654825999969034,0.0079110000115178,0.7940750001580454,192.78385799998432,0.0203219997274572,208.2609919998504
K.MOV,81,K,True,B,0.6644913554191589,False,B,False,False,False,True,14.11833800000295,0.0065849999373313,0.8186340000975179,192.7939269999115,0.0184999998964485,207.7559839998457
K.MOV,82,K,True,B,0.5830337405204773,False,B,False,False,False,True,13.9004079999836,0.0060279999161139,0.8884080002644623,194.45785700008847,0.0193190003301424,209.27202000058287
K.MOV,83,K,True,B,0.571519672870636,False,B,False,False,False,True,14.232431000039014,0.0064109999584616,0.8229659997596173,194.57063799973184,0.0195080001503811,209.6519539996393
K.MOV,84,K,True,B,0.5343290567398071,False,B,False,False,False,True,14.23836199995776,0.007058000392135,0.8475330000692338,215.53356699996584,0.0201090001610282,230.646629000546
K.MOV,85,K,True,B,0.6203592419624329,False,B,False,False,False,True,14.10520600001064,0.0057880001804733,0.8410119999098242,194.5740400001341,0.0204670000130136,209.54651300024807
K.MOV,86,K,True,B,0.6751948595046997,False,B,False,False,False,True,14.029584000013529,0.0060450001910794,0.8309619997817208,197.642767999696,0.0191330000234302,212.5284919997057
K.MOV,87,K,True,B,0.6270504593849182,False,B,False,False,False,True,13.92452600003935,0.0067749997469945,0.8453460000055202,188.63552099992376,0.0208000001293839,203.432967999845
K.MOV,88,K,True,B,0.5945064425468445,False,B,False,False,False,True,14.020630999993957,0.0080840000009629,0.8134289996633015,193.9911700001176,0.0195819998225488,208.8528959995984
K.MOV,89,K,True,B,0.4775378108024597,False,B,False,False,False,True,14.33650800004216,0.0068099998316029,0.8351269998456701,191.7253780002284,0.0195160000657779,206.9233390000136
K.MOV,90,K,True,U,0.4119577705860138,False,U,False,False,False,True,14.000485999986267,0.0067860000854125,0.8239050002885051,192.4097310002253,0.0192640000022947,207.26017200058777
K.MOV,91,K,True,U,0.4010084569454193,False,U,False,False,False,True,13.996634000022825,0.0066370002969051,0.8090020000963705,188.19755999993504,0.0190139999176608,203.0288470002688
K.MOV,92,K,True,U,0.3279928267002105,False,U,False,False,False,True,13.914932999966824,0.0065259996517852,0.7854180003050715,188.35871400006,0.0193860000763379,203.08497700006
K.MOV,93,K,True,R,0.3032325208187103,False,R,False,False,False,True,14.033676999986255,0.0071599997681914,0.8367049999833398,193.3780790000128,0.0200549998226051,208.2756759995732
K.MOV,94,K,True,R,0.548451840877533,False,R,False,False,False,True,14.093317000003935,0.0139930002660548,0.8058270000219636,210.0617820001389,0.0199860000975604,224.99490500052843
K.MOV,95,K,True,U,0.4050467014312744,False,U,False,False,False,True,14.113715000007687,0.007371000265266,0.8211949998440105,187.91762000000745,0.0191770000128599,202.87907800013727
K.MOV,96,K,True,U,0.400734543800354,False,U,False,False,False,True,14.044482000031168,0.0070870000854483,0.8266439999715658,191.8417850001788,0.0172470004144997,206.73724500068147
K.MOV,97,K,True,U,0.4470825493335724,False,U,False,False,False,True,13.938167999981488,0.0065729996094887,0.8347419998244732,193.26602099999943,0.0173449998328578,208.06284899924776
K.MOV,98,K,True,U,0.4083496034145355,False,U,False,False,False,True,14.18120800002498,0.0066009997681248,0.8104950002234546,190.66591699993296,0.0192110001080436,205.6834320000576
K.MOV,99,K,True,U,0.4898890256881714,False,U,False,False,False,True,13.894953000033183,0.005721999968955,0.8163989996319287,194.8018149996642,0.019318999875395,209.5382079991737
K.MOV,100,K,True,R,0.4006623029708862,False,R,False,False,False,True,14.162702000021454,0.0070609999056614,0.8388609999201435,188.59734800025765,0.0183859997378021,203.6243579998427
K.MOV,101,K,True,R,0.2988098859786987,False,R,False,False,False,True,14.417978999972547,0.0061169998843979,0.8332989996233664,191.1319830001048,0.0192400002561043,206.40861799984123
K.MOV,102,K,True,U,0.3258397281169891,False,U,False,False,False,True,14.075934999993931,0.0056779999795253,0.8221269999921788,191.79327699976056,0.0188599997272831,206.71587699945349
K.MOV,103,K,True,B,0.3405179679393768,False,B,False,False,False,True,14.061679000008098,0.0063970001065172,0.9178440000141564,193.0972269997256,0.0190760001714807,208.1022230000258
K.MOV,104,K,True,U,0.4765902459621429,False,U,False,False,False,True,14.542327999947702,0.0057570000535633,0.785708999956114,190.5722810001862,0.0190910000128496,205.9251660001564
K.MOV,105,K,True,U,0.4965566098690033,False,U,False,False,False,True,14.616120999960458,0.0063279999267251,0.8896039998944616,190.6035580000207,0.0184639998224156,206.1340749996248
K.MOV,106,K,True,U,0.4762531220912933,False,U,False,False,False,True,14.761774999954014,0.0059330000112822,0.8509159997629467,191.3703989998794,0.0197849999494792,207.00880799955712
K.MOV,107,K,True,B,0.457359105348587,False,B,False,False,False,True,14.309950999972898,0.0083550003182608,0.8461120000902156,195.96152599979172,0.0205349997486337,211.14647899992173
K.MOV,108,K,True,B,0.6434112787246704,False,B,False,False,False,True,13.944444000003386,0.0087819998952909,0.8761700000832207,193.37743999994927,0.0179329999809851,208.22476899991216
K.MOV,109,K,True,B,0.6060202717781067,False,B,False,False,False,True,13.958994000006442,0.0076139999691804,0.8532519996151677,193.80740299993704,0.0193259998013672,208.6465889993292
K.MOV,110,K,True,B,0.6289829611778259,False,B,False,False,False,True,14.09851100004289,0.0071530002969666,0.8560440001019742,195.07210299980213,0.0193789996956184,210.0531899999396
K.MOV,111,K,True,B,0.5006335377693176,False,B,False,False,False,True,14.171805999978917,0.0068999997893115,0.8440750002591813,193.33508599993365,0.0189540000974375,208.3768210000585
K.MOV,112,K,True,B,0.5076450705528259,False,B,False,False,False,True,14.182468000001336,0.0090769999587791,1.0139360001630848,202.4418829996648,0.0189809998119017,217.66634499959991
K.MOV,113,K,True,B,0.4880826473236084,False,B,False,False,False,True,13.923371000032605,0.0071300000854535,0.9845640001913124,192.96176399984688,0.0183100000867852,207.89513900024303
K.MOV,114,K,True,B,0.5776945352554321,False,B,False,False,False,True,14.124530999993112,0.0070289997893269,0.8447969998996996,193.7582259997725,0.0193810001292149,208.7539639995839
K.MOV,115,K,True,B,0.3845583200454712,False,B,False,False,False,True,14.49472000001606,0.0059899998632317,0.8341709999513114,189.26870199993573,0.0190169998859346,204.62259999965227
K.MOV,116,K,True,U,0.4545641541481018,False,U,False,False,False,True,14.322895000020708,0.0075379998634161,0.8114349998322723,191.75317100007305,0.0200630001927493,206.9151019999822
K.MOV,117,K,True,U,0.5913703441619873,False,U,False,False,False,True,14.292350999994596,0.0063580000642105,0.8092610000858258,190.9154100003434,0.0201400002879381,206.043520000776
K.MOV,118,K,True,U,0.3949579000473022,False,U,False,False,False,True,14.56613400000606,0.0072589996307215,0.8538539996152394,192.6220659997853,0.0175899999703688,208.06690299900765
K.MOV,119,K,True,R,0.4932907223701477,False,R,False,False,False,True,13.925511999957507,0.0063550000959367,0.9110160003729106,193.9781450000737,0.0201000002562068,208.84112800075627
K.MOV,120,K,True,U,0.4415346384048462,False,U,False,False,False,True,13.990036999985024,0.0061290002122404,0.8194320002985478,192.4363839998477,0.0191680001080385,207.2711500004516
K.MOV,121,K,True,R,0.4422256350517273,False,R,False,False,False,True,14.035557999989123,0.0071160002335091,0.8188680003513582,188.7775039999724,0.0214629999391036,203.6605090004855
K.MOV,122,K,True,U,0.3642202317714691,False,U,False,False,False,True,14.141296999980568,0.0059599997257464,0.8426849999523256,191.3668649999636,0.0190450000445707,206.3758519996668
K.MOV,123,K,True,R,0.3912574648857116,False,R,False,False,False,True,14.209079000011116,0.0061219998315209,0.8490850000271166,191.99897199996485,0.0197790000129316,207.0830369998476
K.MOV,124,K,True,U,0.3977117538452148,False,U,False,False,False,True,14.00484900000265,0.0065880003603524,0.8478350000586943,191.5650089999872,0.0204540001504938,206.44473500055932
K.MOV,125,K,True,R,0.4706141054630279,False,R,False,False,False,True,13.986266000017622,0.0061270002333913,0.8041369997044967,190.78031100025328,0.0200370000129623,205.5968780002217
K.MOV,126,K,True,R,0.4939721226692199,False,R,False,False,False,True,13.980491000040727,0.0068179997469997,0.8286319998660474,190.885033000086,0.0193920000128855,205.72036599975263
K.MOV,127,K,True,R,0.3334443867206573,False,R,False,False,False,True,14.506922999999006,0.0059180001699132,0.7979370002431097,193.0072210002436,0.0186080001185473,208.33660700077417
K.MOV,128,K,True,U,0.6160761117935181,False,U,False,False,False,True,14.211294999995516,0.0061689997892244,0.828418999844871,193.3648600002016,0.0191969998013519,208.42993999963247
K.MOV,129,K,True,U,0.581118106842041,False,U,False,False,False,True,14.00815300002023,0.0061249997997947,0.8149129998855642,190.369636000014,0.0196200003301783,205.21844700004976
K.MOV,130,K,True,U,0.3318148553371429,False,U,False,False,False,True,14.26005799999075,0.0056959997891681,0.8052479997786577,193.67282999974125,0.0203380000129982,208.7641699993128
K.MOV,131,K,True,U,0.3635663390159607,False,U,False,False,False,True,14.48079400000779,0.0052899999900546,0.7950409999466501,191.26718999996228,0.0197690001186856,206.56808400002544
K.MOV,132,K,True,B,0.3747084438800812,False,B,False,False,False,True,14.28312000001597,0.0059860003602807,0.7780190003359166,193.819459000224,0.0195229999917501,208.906107000928
K.MOV,133,K,True,B,0.4253368079662323,False,B,False,False,False,True,13.931019000040124,0.0069539996729872,0.8107670000754297,187.25699000015084,0.0197459999071725,202.0254759998465
L.MOV,0,L,True,R,0.5592779517173767,False,R,False,False,False,True,14.246478000018216,0.0097250003818771,0.912661000256776,189.87609499981767,0.0192870002138079,205.0642460006884
L.MOV,1,L,True,U,0.4751944839954376,False,U,False,False,False,True,14.043035000042892,0.0071340000431519,0.942522000059398,193.8502640000479,0.018592999822431,208.86154800001577
L.MOV,2,L,True,R,0.5253154635429382,False,R,False,False,False,True,14.192927000010512,0.0079030000961211,0.9884830001283262,194.1387339998073,0.017577000107849,209.3456240001501
L.MOV,3,L,True,U,0.4721174240112304,False,U,False,False,False,True,13.984271000026638,0.0064969999584718,0.8942149997892557,190.8297610002592,0.0170859998434025,205.7318299998769
L.MOV,4,L,True,R,0.7563334107398987,False,R,False,False,False,True,13.893114999973475,0.0071419999585486,0.9614139999030158,191.1133620001237,0.0202649998755077,205.9952979998343
L.MOV,5,L,True,R,0.7703224420547485,False,R,False,False,False,True,13.993702000050234,0.0065399999584769,0.8919179999793414,188.3240899996963,0.0199389996851095,203.23618899936943
L.MOV,6,L,True,R,0.6377202868461609,False,R,False,False,False,True,13.96037800003569,0.0064470000324945,0.8708929999556858,190.84885599977497,0.0172630002452933,205.70383700004413
L.MOV,7,L,True,R,0.4930609166622162,False,R,False,False,False,True,14.037508000001251,0.0063620000219088,0.9004039998217195,191.32426599981045,0.017695999758871,206.2862359994142
L.MOV,8,L,True,R,0.7320467829704285,False,R,False,False,False,True,14.222506999999496,0.0106169995888194,1.0370340000918077,199.84482999961983,0.0196969999706198,215.13468499927052
L.MOV,9,L,True,R,0.7527967095375061,False,R,False,False,False,True,14.342564000003222,0.0221670002247265,0.8527600002707914,190.4844210002921,0.0194869999177171,205.7213990007085
L.MOV,10,L,True,R,0.7198528051376343,False,R,False,False,False,True,14.133503000039129,0.006673000370938,0.9401919996889774,195.11321999971187,0.0175019999915093,210.21108999980245
L.MOV,11,L,True,R,0.7990222573280334,False,R,False,False,False,True,14.33942199997773,0.0089099999058817,0.965542999892932,192.14671100007763,0.0224999998863495,207.48308599974047
L.MOV,12,L,True,R,0.639310359954834,False,R,False,False,False,True,14.142252999988614,0.0063079996834858,0.8559459997741214,196.36445499963884,0.0208300002668693,211.389791999352
L.MOV,13,L,True,R,0.8001680374145508,False,R,False,False,False,True,14.307568999981868,0.0067210003180662,0.8852910000314296,192.9236129999481,0.019006000002264,208.1422000002817
L.MOV,14,L,True,R,0.9208725094795228,False,R,False,False,False,True,15.402851000033024,0.0066420002440281,0.8750970000619418,192.9109000002427,0.0200730000869953,209.21556300066868
L.MOV,15,L,True,R,0.8791829347610474,False,R,False,False,False,True,14.569372999972074,0.0081489997683092,1.02354299997387,197.5774319998891,0.0219489998016797,213.20044599940505
L.MOV,16,L,True,R,0.8025895357131958,False,R,False,False,False,True,14.056894000020748,0.00705200000084,0.8769699998083524,193.6767050001436,0.0192540001080487,208.6368750000816
L.MOV,17,L,True,R,0.9752162098884584,False,R,False,False,False,True,14.021580000019185,0.0072180000643129,0.9071129998119432,190.7173210001929,0.0199040000552486,205.6731360001436
L.MOV,18,L,True,R,0.8623055219650269,False,R,False,False,False,True,13.937835000035648,0.0065799999902083,0.5214080001678667,188.25525600004767,0.0202739997803291,202.7413530000217
L.MOV,19,L,True,R,0.7962855696678162,False,R,False,False,False,True,14.087451000023066,0.0072890002229542,0.8599850002610765,188.73493000000963,0.0202020000870106,203.70985700060373
L.MOV,20,L,True,R,0.7210756540298462,False,R,False,False,False,True,14.010042999984762,0.0074710001172206,0.9129909999501252,189.46391800000129,0.0191959998119273,204.4136189998653
L.MOV,21,L,True,R,0.8436294794082642,False,R,False,False,False,True,13.97961300000361,0.0063779998527024,0.8842500001264852,191.2728840002273,0.0199249998331652,206.1630500000433
L.MOV,22,L,True,R,0.7041003108024597,False,R,False,False,False,True,14.02984200001356,0.0070139999479579,0.9571320001668936,188.8339639999685,0.0188860003618174,203.8468380004588
L.MOV,23,L,True,R,0.6817939877510071,False,R,False,False,False,True,13.925026999970669,0.0064319997363782,0.88229599987244,201.09350899974743,0.019354999949428,215.9266189992764
L.MOV,24,L,True,R,0.7886609435081482,False,R,False,False,False,True,14.046887000006336,0.0067019996095041,0.96770700019988,189.5984230000068,0.0200999998014594,204.6398189996239
L.MOV,25,L,True,R,0.8828490376472473,False,R,False,False,False,True,14.067389000047116,0.0067149999267712,0.8912929997677566,192.03565199995865,0.0230260002354043,207.0240749999357
L.MOV,26,L,True,R,0.8832467794418335,False,R,False,False,False,True,14.041603999999095,0.007295999694179,0.9002949996101961,194.0675810001267,0.0187430000551103,209.03551899948525
L.MOV,27,L,True,R,0.9086980819702148,False,R,False,False,False,True,14.18107800003554,0.0062230001276475,0.8895350001694169,194.846767999934,0.015912999970169,209.93951700023672
L.MOV,28,L,True,R,0.9161250591278076,False,R,False,False,False,True,14.193156000033014,0.0061939999795868,0.8730109998396074,188.9812429999438,0.0208229998861497,204.0744269996821
L.MOV,29,L,True,R,0.865268349647522,False,R,False,False,False,True,14.011880999987625,0.006245000349736,0.6171810000523692,190.3140260001237,0.0198970001292764,204.9692300006427
L.MOV,30,L,True,R,0.8559967279434204,False,R,False,False,False,True,14.057620000016868,0.0076460000855149,0.9339199996247772,196.1920519997875,0.017267999737669,211.2085059992524
L.MOV,31,L,True,R,0.8693702220916748,False,R,False,False,False,True,14.07819799999288,0.007710000318184,0.917380999908346,196.16233900023872,0.0181030000021564,211.18373100046028
L.MOV,32,L,True,R,0.9167494773864746,False,R,False,False,False,True,14.065227999992658,0.0067930000113847,0.948541999605368,190.5364640001608,0.0185599997166718,205.5755869994869
L.MOV,33,L,True,R,0.8002626895904541,False,R,False,False,False,True,14.118155999994997,0.0070469995989697,0.9576849997756652,192.38224799983072,0.0193739997484954,207.48450999894885
L.MOV,34,L,True,R,0.6744771003723145,False,R,False,False,False,True,13.92194400000335,0.0065379999796277,0.8918160001485376,192.9177299998628,0.0202729997909045,207.7583009997852
L.MOV,35,L,True,R,0.8895121216773987,False,R,False,False,False,True,13.959059000001162,0.0055399996199412,0.9032749999278168,190.65223899997363,0.0188980002349126,205.5390109997575
L.MOV,36,L,True,R,0.9062524437904358,False,R,False,False,False,True,14.08963399995855,0.0061619998632522,0.8863629996085365,198.04894500020964,0.0195040001926827,213.05060799983264
L.MOV,37,L,True,R,0.8909410238265991,False,R,False,False,False,True,14.057077000018126,0.0064749997363833,0.9143900001618022,221.99500800024907,0.0202389996957208,236.9931889998611
L.MOV,38,L,True,R,0.8313397765159607,False,R,False,False,False,True,13.967024000010042,0.0077939998845977,0.8962359997894964,192.03471199989508,0.0202820001504733,206.9260479997297
L.MOV,39,L,True,R,0.8279675841331482,False,R,False,False,False,True,14.365942000040375,0.0058730001910589,0.8974379998107906,192.1530049999092,0.0194519998331088,207.4417099997845
L.MOV,40,L,True,R,0.8904472589492798,False,R,False,False,False,True,14.38657799997145,0.0068720000854227,0.8626179997008876,190.59065300007205,0.0172539998857246,205.8639749997156
L.MOV,41,L,True,R,0.9058877229690552,False,R,False,False,False,True,14.294786999982987,0.0085719998423883,0.7063230000312615,190.81105200029924,0.0164749999385094,205.8372090000944
L.MOV,42,L,True,R,0.8974139094352722,False,R,False,False,False,True,14.118357999961972,0.006619000032515,0.922457000342547,190.1989130001312,0.0303349997921031,205.27668200026028
L.MOV,43,L,True,R,0.7718276977539062,False,R,False,False,False,True,14.184526999997615,0.0063079996834858,0.8878580001692171,188.84167799978968,0.0359390000994608,203.95630999973943
L.MOV,44,L,True,R,0.7709460854530334,False,R,False,False,False,True,14.069395000035456,0.0073269998210889,0.8438170002591505,193.32967699983783,0.0170960001923958,208.26731200014592
L.MOV,45,L,True,R,0.7539660930633545,False,R,False,False,False,True,13.966539999955785,0.0070649998633598,0.942921999921964,197.1767380000529,0.0199779997274163,212.1132429995214
L.MOV,46,L,True,R,0.6963129639625549,False,R,False,False,False,True,13.948080000034224,0.0061669998103752,0.9114310000768456,194.88770599991767,0.019802999759122,209.77318699959824
L.MOV,47,L,True,R,0.6005873680114746,False,R,False,False,False,True,14.07259900003055,0.0062220001382229,0.8901440000954608,194.1210200002388,0.0202360001821944,209.1102210006852
L.MOV,48,L,True,R,0.6093043088912964,False,R,False,False,False,True,14.023296999994272,0.0060729998949682,0.8516440002495074,191.57327800030544,0.0192859997696359,206.47357800021385
L.MOV,49,L,True,R,0.6886686086654663,False,R,False,False,False,True,13.952567999979236,0.0064399996517749,0.885080999978527,193.6472620000132,0.0201709999601007,208.5115219995828
L.MOV,50,L,True,R,0.3889592885971069,False,R,False,False,False,True,13.882383999998638,0.0071639997258898,0.8665300001666765,190.11202999990928,0.0178020000021206,204.8859099998026
L.MOV,51,L,True,R,0.5609960556030273,False,R,False,False,False,True,14.15737400003536,0.006294999820966,0.9003000000120664,187.9149189999225,0.0477629996566975,203.0266509994476
L.MOV,52,L,True,R,0.4405528903007507,False,R,False,False,False,True,14.167138000004798,0.0065859999267559,1.0095830002683217,189.5972759998585,0.0164910002240503,204.7970740002825
L.MOV,53,L,True,R,0.3458662629127502,False,R,False,False,False,True,14.133064000020568,0.0064119999478862,0.8838389999255014,194.54719499981368,0.0201539996851352,209.5906639993928
L.MOV,54,L,True,space,0.316507875919342,False,space,False,False,False,True,13.970981999989364,0.0069689999691036,0.9055239997906028,199.0835520000473,0.0247620000664028,213.9917889998628
L.MOV,55,L,True,space,0.4514736533164978,False,space,False,False,False,True,14.314257999956226,0.0063020002016855,0.8652430001347966,195.18994400004885,0.0207280004360654,210.39647500077763
L.MOV,56,L,True,space,0.4157857894897461,False,space,False,False,False,True,14.129318000016156,0.0079480000749754,0.9543780001877168,194.8813560002236,0.0206960003197309,209.99369600082213
L.MOV,57,L,True,space,0.4116474688053131,False,space,False,False,False,True,13.979068000026018,0.0084919997789256,0.9052790001078392,191.51182699988567,0.0195150000763533,206.4241809998748
L.MOV,58,L,True,R,0.4819044470787048,False,R,False,False,False,True,14.354918000037742,0.0073420001172053,0.8627970000816276,191.18985400018573,0.0195749998965766,206.43448600031888
L.MOV,59,L,True,R,0.5692610740661621,False,R,False,False,False,True,13.93263699998215,0.0069980001171643,0.8756750003158231,190.5727069997738,0.0203579998014902,205.40837499999043
L.MOV,60,L,True,R,0.5396196842193604,False,R,False,False,False,True,14.216395999994802,0.0072290004027308,0.8750490001148137,190.09355400021377,0.0194209997061989,205.21164900043232
L.MOV,61,L,True,R,0.6092997789382935,False,R,False,False,False,True,14.244179999991502,0.0062839999372954,0.8701299998392642,190.0589060001039,0.0200660001610231,205.19956600003297
L.MOV,62,L,True,R,0.4194380044937134,False,R,False,False,False,True,14.392287999953624,0.009491999662714,0.9723399998620152,201.68604099990264,0.0185110002348665,217.07867199961584
L.MOV,63,L,True,R,0.571880042552948,False,R,False,False,False,True,14.093822999996064,0.0085330002548289,0.99968299991815,193.6439669998436,0.0177940000867238,208.7638000000993
L.MOV,64,L,True,R,0.5951054096221924,False,R,False,False,False,True,14.432483000007323,0.0070730002335039,0.8873599999787984,193.3770389996425,0.0180310003088379,208.721986000171
L.MOV,65,L,True,R,0.701369047164917,False,R,False,False,False,True,13.919047000001685,0.0059920002968283,0.9213620000991796,192.05773800013048,0.0184229998012597,206.92256200032944
L.MOV,66,L,True,R,0.7761905789375305,False,R,False,False,False,True,13.988070000038988,0.007929000275908,0.8917860000110522,193.4304090000296,0.0193089999811491,208.3375030003367
L.MOV,67,L,True,R,0.844660222530365,False,R,False,False,False,True,14.04008399998702,0.0077439999586204,0.913031999971281,196.14798300017355,0.0197090002984623,211.1285520003889
L.MOV,68,L,True,R,0.9088505506515504,False,R,False,False,False,True,14.029934999996383,0.0075680000009015,0.8865869999681308,192.44822199971168,0.0203190002139308,207.39263099989105
L.MOV,69,L,True,R,0.8895041942596436,False,R,False,False,False,True,13.89922599997817,0.0074429999585845,0.8933090002756217,189.9028460002228,0.0193119999494228,204.72213600038452
L.MOV,70,L,True,R,0.8252933621406555,False,R,False,False,False,True,14.105854999968416,0.0066630000219447,0.8616569998594059,188.04431599983212,0.0171320002664288,203.0356229999484
L.MOV,71,L,True,R,0.8958951830863953,False,R,False,False,False,True,14.574506999963432,0.0068149997787259,0.873798999691644,187.3104030000832,0.0174330002664646,202.78295699978344
L.MOV,72,L,True,R,0.9207122921943665,False,R,False,False,False,True,14.462191000006897,0.0058540003919915,0.8404129998780263,188.5430860002089,0.0163909999173483,203.86793500040312
L.MOV,73,L,True,R,0.8610188364982605,False,R,False,False,False,True,14.556753000022129,0.0068809999902441,0.9504169997853752,193.6502720000135,0.0192919997061835,209.18361499951743
L.MOV,74,L,True,R,0.4636517465114593,False,R,False,False,False,True,14.359788000035678,0.0064829996517801,0.860689000091952,189.96709899965936,0.0214299998333444,205.2154889992721
L.MOV,75,L,True,R,0.4425412714481354,False,R,False,False,False,True,14.255770999966444,0.0066500001594249,0.9449590002077456,189.49409400011064,0.018536999959906,204.72001100040416
L.MOV,76,L,True,R,0.3489509522914886,False,R,False,False,False,True,14.189811999983704,0.0062439999055641,0.863678000314394,188.64083800008305,0.0185020003300451,203.7190740006168
L.MOV,77,L,True,R,0.8449548482894897,False,R,False,False,False,True,14.568453999970645,0.005837000117026,0.912524999876041,203.16192000018413,0.0198210000235121,218.6685570001714
L.MOV,78,L,True,R,0.4609573185443878,False,R,False,False,False,True,14.06447799996613,0.0083999998423678,0.9908179999911226,222.57562000004327,0.0171909996424801,237.65650699948537
L.MOV,79,L,True,R,0.4297932386398315,False,R,False,False,False,True,14.713869999980034,0.0062599997363577,0.9022330000334478,194.0017259998968,0.0197069998648657,209.64379599951144
L.MOV,80,L,True,R,0.3044202923774719,False,R,False,False,False,True,14.046571999983826,0.0060080001276219,0.8624269999017997,191.58090100017944,0.0195769998754258,206.5154850000681
L.MOV,81,L,True,R,0.3208627104759216,False,R,False,False,False,True,14.10819000000174,0.0064440000642207,0.9205159999510216,194.7050279995892,0.0187850000656908,209.7589629996719
L.MOV,82,L,True,space,0.4351765215396881,False,space,False,False,False,True,14.003026000011689,0.0066399998104316,0.8813330000521091,188.0351580002753,0.0185540002348716,202.9447110003844
L.MOV,83,L,True,space,0.3436949849128723,False,space,False,False,False,True,14.105094000001372,0.0055830000746937,0.8795230000941956,186.93859900031384,0.0194159997590759,201.9482150002432
L.MOV,84,L,True,space,0.4836826026439667,False,space,False,False,False,True,13.943843999982164,0.0071849999585538,0.8455749998574902,194.00522800015096,0.0169770000866265,208.8188090000358
L.MOV,85,L,True,space,0.5367464423179626,False,space,False,False,False,True,14.277584000012666,0.0066470001911511,0.9124090001932929,194.27328199981275,0.0176150001607311,209.4875370003706
L.MOV,86,L,True,space,0.526283323764801,False,space,False,False,False,True,13.974910000001728,0.0071090003075369,0.8558409999750438,192.3175289998653,0.0185330000022077,207.17392200015183
L.MOV,87,L,True,space,0.3808361291885376,False,space,False,False,False,True,14.056666999977097,0.0072489997364755,0.8964589997049188,196.79737800015573,0.0179349999598343,211.77568799953409
L.MOV,88,L,True,space,0.3852072060108185,False,space,False,False,False,True,14.319608999983302,0.0070720002440793,0.8699190002516843,191.1228559997653,0.016759000118327,206.3362150003627
L.MOV,89,L,True,space,0.4297245442867279,False,space,False,False,False,True,14.025468999989243,0.007196999831649,0.8841879998726654,190.4187999998612,0.0166790000548644,205.35233299960964
L.MOV,90,L,True,space,0.462989866733551,False,space,False,False,False,True,14.002267999956077,0.0061670002651226,0.8754549999139272,191.09834700020656,0.0185249996320635,206.0007619999737
L.MOV,91,L,True,space,0.4312210977077484,False,space,False,False,False,True,13.986377000037464,0.0056650001170055,0.8904629999051394,192.58638699966468,0.0169900004038936,207.48588200012816
L.MOV,92,L,True,space,0.3544140756130218,False,space,False,False,False,True,13.93850200003044,0.0065479998738737,0.8510540001225309,192.5134250000156,0.0169630002346821,207.32649200027709
L.MOV,93,L,True,W,0.2799744307994842,False,W,False,False,False,True,14.18815300002052,0.0069259999690984,0.9279169998990257,192.28748800014728,0.0172530003510473,207.42773700038697
L.MOV,94,L,True,R,0.3463379740715027,False,R,False,False,False,True,13.91775899998038,0.0067680002757697,0.8629330000076152,188.9913509999133,0.0204939997274777,203.7993049999045
L.MOV,95,L,True,R,0.4342026710510254,False,R,False,False,False,True,13.930256000037389,0.0065870003709278,0.9348240000690566,196.0242059999473,0.0208540000130597,210.91672700043773
L.MOV,96,L,True,space,0.3660494983196258,False,space,False,False,False,True,13.99378200000001,0.0147450000440585,0.8508890000484826,192.29956899971512,0.0245859996539365,207.1835709994616
L.MOV,97,L,True,R,0.7032620310783386,False,R,False,False,False,True,13.956797999981063,0.0065479998738737,0.8777909997661482,192.6061650001429,0.0175270001818717,207.4648289999459
L.MOV,98,L,True,R,0.7549276947975159,False,R,False,False,False,True,13.951637999980449,0.0064760001805552,0.8742619997974543,192.2161729999061,0.0175619998117326,207.0661109996763
L.MOV,99,L,True,R,0.7746663093566895,False,R,False,False,False,True,14.17235100001335,0.0071130002652353,0.8801399999356363,192.856581000342,0.0174980000338109,207.93368300059
L.MOV,100,L,True,R,0.6284806132316589,False,R,False,False,False,True,13.962612000000265,0.0189699999282311,0.8727239996915159,190.1820529997167,0.0169770000866265,205.05333599942333
L.MOV,101,L,True,R,0.6624447703361511,False,R,False,False,False,True,14.113295000015569,0.0066499997046776,0.866801000029227,194.38850100004856,0.0175629998011572,209.3928099995992
L.MOV,102,L,True,R,0.4605894088745117,False,R,False,False,False,True,13.934598999981064,0.0066459997469792,0.933334999899671,193.03921500022625,0.0175140003193519,207.9313090001733
L.MOV,103,L,True,R,0.4442859888076782,False,R,False,False,False,True,14.007971000012276,0.0078650000432389,0.8643239998491481,196.6265290002412,0.0171940000655013,211.5238830002113
L.MOV,104,L,True,R,0.3746470510959625,False,R,False,False,False,True,14.605549000009432,0.0070830001277499,0.8746829998926842,192.3775579998619,0.0170700000126089,207.8819429999044
L.MOV,105,L,True,R,0.684237003326416,False,R,False,False,False,True,14.161517999980331,0.006837999990239,0.933675999931438,195.6020550001085,0.0173470002664544,210.721434000277
L.MOV,106,L,True,R,0.6842232346534729,False,R,False,False,False,True,14.387094000028355,0.0070579999373876,1.0012080001615686,193.6958040000718,0.0354899998455948,209.1266540000447
L.MOV,107,L,True,R,0.5613009333610535,False,R,False,False,False,True,14.664917999994032,0.0061969999478606,0.8876870001586212,188.89112399983787,0.0176600001395854,204.467586000078
L.MOV,108,L,True,R,0.2583421468734741,False,R,False,False,False,True,14.003092999985256,0.0064490000113437,0.8622979999017844,192.5686479999058,0.0205639998966944,207.46105199970089
L.MOV,109,L,True,R,0.3021361827850342,False,R,False,False,False,True,14.308475000007093,0.0066259999584872,0.8880559998942772,191.6706429997248,0.0204170000870362,206.8942169996717
L.MOV,110,L,True,space,0.2886772155761719,False,space,False,False,False,True,14.09675000002153,0.0075560001278063,0.8901500000320084,191.6441139997005,0.0200569998014543,206.6586269996833
L.MOV,111,L,True,space,0.5384233593940735,False,space,False,False,False,True,14.12030900002037,0.0058450000324228,0.8732189999136608,192.84041999981127,0.020470999970712,207.86026399974844
L.MOV,112,L,True,space,0.5736814141273499,False,space,False,False,False,True,14.12717599998814,0.0061430000641848,0.8735609999348526,195.2148360001047,0.0189200000022538,210.24063600009413
L.MOV,113,L,True,space,0.584688663482666,False,space,False,False,False,True,14.105935999964458,0.0059750000218627,0.8605230000284791,190.1715500002865,0.0171120000231894,205.1610960003245
L.MOV,114,L,True,space,0.5929193496704102,False,space,False,False,False,True,14.18710800004419,0.007175999598985,0.8966639998106984,195.0268360001246,0.0212850000025355,210.139068999581
L.MOV,115,L,True,space,0.6005020141601562,False,space,False,False,False,True,14.059516000031635,0.0083530003394116,0.922151000395388,193.858746999922,0.0197210001715575,208.86848800086
L.MOV,116,L,True,space,0.6023557186126709,False,space,False,False,False,True,14.4550059999915,0.0067529999796533,0.8752260000619572,197.5855609998689,0.0210910002351738,212.9436370001372
L.MOV,117,L,True,space,0.5444610714912415,False,space,False,False,False,True,14.082202999986748,0.006510000275739,0.940839999657328,190.26997499986464,0.0166830000125628,205.31621099979705
L.MOV,118,L,True,space,0.5200490355491638,False,space,False,False,False,True,14.225800000019715,0.0069220000114,0.8426299996244779,198.2805150000786,0.0208169999496021,213.3766839996838
L.MOV,119,L,True,space,0.5049728155136108,False,space,False,False,False,True,14.132775999996738,0.0065219996940868,0.8806299997559108,219.1382619998876,0.0211889996535319,234.1793789989879
L.MOV,120,L,True,space,0.4818922579288482,False,space,False,False,False,True,14.0288450000412,0.0072140001066145,0.8958030002759187,197.8551850002077,0.0197789995581842,212.80682600018963
L.MOV,121,L,True,space,0.5173506736755371,False,space,False,False,False,True,14.06195299995261,0.0059589997363218,0.8961160001490498,190.6498970001849,0.0193509999917296,205.63327600001452
L.MOV,122,L,True,space,0.6128801703453064,False,space,False,False,False,True,14.464345000021694,0.0068140002440486,0.8744100000512844,192.67330399998173,0.0167660000442992,208.03563900034305
L.MOV,123,L,True,space,0.6153286695480347,False,space,False,False,False,True,14.082925999957752,0.0066560000959725,0.9992099999180936,191.54641699969943,0.0178670002242142,206.65307599989544
L.MOV,124,L,True,space,0.6685138940811157,False,space,False,False,False,True,14.056911000011496,0.0068539998210326,0.8908050003810786,193.69965300029435,0.0201349998860678,208.674358000394
L.MOV,125,L,True,space,0.5771504044532776,False,space,False,False,False,True,14.20908799997278,0.0074879999374388,0.8575130000281206,186.45839200007688,0.0169069999174098,201.5493879999326
L.MOV,126,L,True,space,0.4201976060867309,False,space,False,False,False,True,14.02625500003296,0.007056999947963,0.8719180000298365,192.13378399990688,0.0189410002349177,207.05795500015256
L.MOV,127,L,True,space,0.3647070229053497,False,space,False,False,False,True,14.276660999996691,0.0071610002123634,0.94818400020813,194.35002800037185,0.018637000266608,209.6006710010556
L.MOV,128,L,True,space,0.4628243446350097,False,space,False,False,False,True,14.209613999980776,0.0059269996199873,0.8549039998797525,191.7836239999815,0.0194209997061989,206.8734899991682
L.MOV,129,L,True,space,0.4415405392646789,False,space,False,False,False,True,14.199000000019169,0.006279999979597,0.8812569999463449,193.7333809996744,0.019465000150376,208.8393829997699
L.MOV,130,L,True,space,0.3201938569545746,False,space,False,False,False,True,14.388106000012613,0.0058559999160934,0.8583230001022457,193.1993369998964,0.0195659999917552,208.47118799991904
L.MOV,131,L,True,space,0.2959471940994262,False,space,False,False,False,True,14.19068199999174,0.0056680000852793,0.8840709997457452,190.7345290001104,0.0188049998541828,205.8337549997873
M.MOV,0,M,True,N,0.9999969005584716,False,N,False,False,False,True,14.257051000015508,0.0091759998213092,0.7917160000943113,188.40877100001308,0.0185230001079617,203.48523700005217
M.MOV,1,M,True,N,0.9998395442962646,False,N,False,False,False,True,14.260749000015949,0.0062970002545625,0.7910740000625083,189.6077790001982,0.0171199999385862,204.6830190004698
M.MOV,2,M,True,N,0.99903666973114,False,N,False,False,False,True,14.109302000008483,0.0065130002440128,0.5013159998270567,192.64057400005183,0.0196720002350048,207.2773770003664
M.MOV,3,M,True,N,0.9997348189353944,False,N,False,False,False,True,14.599571000019296,0.0237540002672176,0.5129390001457068,194.9535849998938,0.0198629995793453,210.10971199990536
M.MOV,4,M,True,N,0.999968647956848,False,N,False,False,False,True,13.989320999996837,0.0073429996518825,0.4980580001756607,191.5830929997356,0.01955400011866,206.09736899967857
M.MOV,5,M,True,N,0.999924659729004,False,N,False,False,False,True,14.09183599997732,0.0068640001700259,0.748427999951673,189.287658000012,0.0180580000233021,204.1528440001344
M.MOV,6,M,True,N,0.9999982118606568,False,N,False,False,False,True,14.095718000021408,0.0058600003285391,0.7414179999614134,188.17290700008016,0.0168090000443044,203.03271200043585
M.MOV,7,M,True,N,0.9999620914459229,False,N,False,False,False,True,14.26153800002794,0.0063419997786695,0.8045839999795135,192.75455200022407,0.0172160002875898,207.84423200029772
M.MOV,8,M,True,N,0.9999992847442628,False,N,False,False,False,True,14.062011000021355,0.0075560001278063,0.8414249996349099,187.61018699979104,0.0184860000445041,202.5396649996196
M.MOV,9,M,True,N,0.9999972581863404,False,N,False,False,False,True,14.14222199997539,0.0060380002651072,0.7963140001265856,189.66614999999365,0.0178659997800423,204.6285900001408
M.MOV,10,M,True,N,1.0,False,N,False,False,False,True,14.775530999997954,0.0065879999056051,0.5494160000125703,190.1949759999297,0.0174179999703483,205.54392899981625
M.MOV,11,M,True,N,1.0,False,N,False,False,False,True,14.064456000028258,0.0065399999584769,0.8236450003096252,195.4822880002212,0.0176990001818921,210.3946280006994
M.MOV,12,M,True,N,1.0,False,N,False,False,False,True,13.936598999976011,0.0084789999164058,0.8273160001408542,191.2307999996301,0.0171299998328322,206.0203239994962
M.MOV,13,M,True,N,0.9999997615814208,False,N,False,False,False,True,13.939947999972446,0.0061289997574931,0.5235170001469669,187.35295499982385,0.0190559999282413,201.841604999629
M.MOV,14,M,True,N,0.9999998807907104,False,N,False,False,False,True,17.26101600002039,0.0060200000007171,0.7770090001031349,194.2869559998144,0.0176109997482853,212.3486119996869
M.MOV,15,M,True,N,1.0,False,N,False,False,False,True,14.284497000005558,0.0062710000747756,0.8267799998975534,201.7404029998033,0.0160460003826301,216.87399700016385
M.MOV,16,M,True,N,0.9999934434890748,False,N,False,False,False,True,13.940714999989725,0.0093960002232051,0.7769540002300346,193.26533100002047,0.0161440002557355,208.0085400007192
M.MOV,17,M,True,N,0.9982923865318298,False,N,False,False,False,True,14.02020599999787,0.0065879999056051,0.4762480002682423,195.0617520001288,0.0194399999600136,209.5842340002605
M.MOV,18,M,True,N,0.9651313424110411,False,N,False,False,False,True,14.254544000039004,0.0065280000853817,0.4767709997395286,190.06825499991464,0.0213960001929081,204.82749399997147
M.MOV,19,M,True,N,0.9077939391136168,False,N,False,False,False,True,14.15814599999976,0.006967999979679,0.7956559998092416,193.9196570001513,0.0199190003513649,208.9003460002914
M.MOV,20,M,True,N,0.9998481273651124,False,N,False,False,False,True,13.916860999984236,0.0093170001491671,0.8377670001209481,193.91694500018275,0.0195339998754207,208.70042400031247
M.MOV,21,M,True,N,0.9939262270927428,False,N,False,False,False,True,14.17438500004664,0.0068070003180764,0.7966479997776332,191.82503299998643,0.0167550001606286,206.8196280002894
M.MOV,22,M,True,N,0.9984678626060486,False,N,False,False,False,True,14.096300999995035,0.0159410001288051,0.8238430000346852,200.93818099985583,0.0170729999808827,215.89133899999524
M.MOV,23,M,True,N,0.9924318790435792,False,N,False,False,False,True,14.013512999952129,0.0091970000539731,0.7875310002418701,228.09054500021367,0.0194710000869235,242.92025700054865
M.MOV,24,M,True,N,0.9946807026863098,False,N,False,False,False,True,13.950876000023982,0.006958000085433,0.8225030001085543,193.45161399996869,0.0185590001819946,208.25051000036865
M.MOV,25,M,True,N,0.9998760223388672,False,N,False,False,False,True,14.104334000023757,0.0078810003287799,0.8109870000225783,194.6808379998401,0.0368080000043846,209.64084800021965
M.MOV,26,M,True,N,0.9998561143875122,False,N,False,False,False,True,13.904043000025013,0.0070080000114103,0.7728040000074543,193.2894739998119,0.0194180001926724,207.99274700004844
M.MOV,27,M,True,N,0.999997854232788,False,N,False,False,False,True,14.008195999963393,0.0067019996095041,0.7952539999678265,188.58084300018163,0.0207190000764967,203.41171399979885
M.MOV,28,M,True,N,0.9999997615814208,False,N,False,False,False,True,13.89557100003458,0.0055460000112361,0.7548010003119998,188.49015700016025,0.0173890002770349,203.1634640007951
M.MOV,29,M,True,N,0.9999998807907104,False,N,False,False,False,True,13.937149000014417,0.0066699999479169,0.8186840000234952,192.14098700012983,0.0177070000972889,206.9211970002129
M.MOV,30,M,True,N,1.0,False,N,False,False,False,True,13.90665200000285,0.0263170004473067,0.8128959998430219,191.7548090000309,0.0267289997282205,206.5274030000524
M.MOV,31,M,True,N,1.0,False,N,False,False,False,True,14.098587000034968,0.0061839996305934,0.7938039998407476,192.1484210001836,0.018880999959947,207.06587699964984
M.MOV,32,M,True,N,1.0,False,N,False,False,False,True,14.15874399998529,0.006931999905646,0.8012959997358848,192.5056300001416,0.0190119999388116,207.4916139997072
M.MOV,33,M,True,N,1.0,False,N,False,False,False,True,13.92658700001448,0.0077119998422858,0.8195370000976254,190.1973630001521,0.0190750001820561,204.97027400028853
M.MOV,34,M,True,N,1.0,False,N,False,False,False,True,13.994137999986831,0.006270000085351,0.8335360003002279,191.188214000249,0.016918999790505,206.0390770004119
M.MOV,35,M,True,N,0.9999998807907104,False,N,False,False,False,True,14.02193100000204,0.0068310000642668,0.8282879998660064,192.2672609998699,0.017004000255838,207.14131500005809
M.MOV,36,M,True,N,0.9999998807907104,False,N,False,False,False,True,13.886126999977932,0.0069769998845004,0.8280289998765511,192.72147599986056,0.0171830001818307,207.45979199978137
M.MOV,37,M,True,N,0.9999998807907104,False,N,False,False,False,True,13.988981000011336,0.0060740003391401,0.7920469997770851,187.38412199991217,0.0193569999282772,202.190580999968
M.MOV,38,M,True,N,1.0,False,N,False,False,False,True,13.933066999982202,0.0062889998844184,0.7653160000700154,187.92490399982853,0.019559000065783,202.6491349998309
M.MOV,39,M,True,N,0.9999998807907104,False,N,False,False,False,True,13.941290999980538,0.0061989999267098,0.8488140001645661,188.4931080003298,0.0169619997905101,203.3063740001921
M.MOV,40,M,True,N,1.0,False,N,False,False,False,True,13.9507270000081,0.0073279998105135,0.7904230001258838,190.3459179998208,0.0175790000866982,205.111974999852
M.MOV,41,M,True,N,1.0,False,N,False,False,False,True,14.121653000017886,0.0058099999478145,0.4892970000582863,187.7168139999412,0.0164580001182912,202.3500320000835
M.MOV,42,M,True,N,1.0,False,N,False,False,False,True,14.148768000040944,0.0062549997892347,0.7870770000408811,192.51781900038625,0.016495999716426,207.4764149999737
M.MOV,43,M,True,N,1.0,False,N,False,False,False,True,14.05427200000986,0.0059250000958854,0.7855820003896952,189.8651559999962,0.0171699998645635,204.7281050003562
M.MOV,44,M,True,N,1.0,False,N,False,False,False,True,14.040144999967197,0.005637999947794,0.8055140001488326,188.349620000281,0.0194510002984316,203.22036800064325
M.MOV,45,M,True,N,1.0,False,N,False,False,False,True,13.952555999992455,0.0061830000959162,0.7843660000617092,187.34950799989747,0.0190269997801806,202.11163999982773
M.MOV,46,M,True,N,1.0,False,N,False,False,False,True,14.138166000009278,0.0071230001594813,0.7731669998065627,186.41026900013452,0.0194350000128906,201.3481600001228
M.MOV,47,M,True,N,1.0,False,N,False,False,False,True,14.030760999958147,0.0077179997788334,0.910756999928708,204.3814769999699,0.0194750000446219,219.3501879996802
M.MOV,48,M,True,N,1.0,False,N,False,False,False,True,14.097756000012396,0.0067989999479323,0.783277999744314,190.77069100012525,0.0193109999599983,205.67783499978987
M.MOV,49,M,True,N,1.0,False,N,False,False,False,True,14.200892000019394,0.007066999842209,0.8474040000692185,191.24117399996976,0.0210150001294096,206.31755200003
M.MOV,50,M,True,N,1.0,False,N,False,False,False,True,14.093809000030433,0.0075549996836343,0.8350749999408436,190.42115499996729,0.0202940000235685,205.3778879996457
M.MOV,51,M,True,N,1.0,False,N,False,False,False,True,14.06072000003178,0.0067770001805911,0.7973920000949875,187.16244400002324,0.0197649997062399,202.04709800003684
M.MOV,52,M,True,N,1.0,False,N,False,False,False,True,14.049150000005284,0.0067160003709432,0.7712999999966996,189.3286810000064,0.0194029998965561,204.1752500002758
M.MOV,53,M,True,N,1.0,False,N,False,False,False,True,14.06572700000197,0.0070979999691189,0.7721649999439251,192.91678400031745,0.0233109999498992,207.7850850001824
M.MOV,54,M,True,N,1.0,False,N,False,False,False,True,13.940776000026744,0.0060440002016548,0.527336000232026,203.0800190000264,0.0219319999814615,217.57610700046823
M.MOV,55,M,True,N,1.0,False,N,False,False,False,True,13.984206000031918,0.0089939999270427,0.5863910000698525,207.13544799991723,0.0194869999177171,221.73452599986376
M.MOV,56,M,True,N,1.0,False,N,False,False,False,True,14.014476999989256,0.0072329999056819,0.5267520000415971,200.36574100004145,0.0199929995687853,214.9341959995468
M.MOV,57,M,True,N,1.0,False,N,False,False,False,True,14.098832999991371,0.0077110003076086,0.546256999768957,202.3055039999236,0.0193739997484954,216.97767899974
M.MOV,58,M,True,N,1.0,False,N,False,False,False,True,14.108133999968686,0.0082080000538553,0.5030320003243105,195.2633589999096,0.0174229999174713,209.9001560001739
M.MOV,59,M,True,N,1.0,False,N,False,False,False,True,14.252105000025496,0.0059130002227902,0.5266859998300788,202.14046799992505,0.0174500000866828,216.94262200009007
M.MOV,60,M,True,N,1.0,False,N,False,False,False,True,14.161710999985644,0.006260000191105,0.5464129999381839,195.0887549996878,0.0171050000972172,209.8202439999
M.MOV,61,M,True,N,1.0,False,N,False,False,False,True,14.121923999994124,0.0068560002546291,0.4776169998876867,193.0769169998712,0.0494680002702807,207.7327820002779
M.MOV,62,M,True,N,1.0,False,N,False,False,False,True,14.230591999989883,0.006080999810365,0.4745069995806261,190.3419129998838,0.0172559998645738,205.07034899912924
M.MOV,63,M,True,N,1.0,False,N,False,False,False,True,14.527316999988216,0.0081640000644256,0.635213999885309,197.6675819996672,0.0172140003087406,212.85549099991383
M.MOV,64,M,True,N,1.0,False,N,False,False,False,True,14.319306999993842,0.0093069998001737,2.715575999900466,210.248553999918,0.0194630001715268,227.312206999784
M.MOV,65,M,True,N,1.0,False,N,False,False,False,True,14.160188999994716,0.0066900001911562,0.7759979998809285,192.3406649998469,0.0179029998434998,207.3014449997572
M.MOV,66,M,True,N,1.0,False,N,False,False,False,True,14.214997999999923,0.0064500000007683,0.4724489999716752,190.9476829996493,0.0189729998965049,205.66055299951813
M.MOV,67,M,True,N,1.0,False,N,False,False,False,True,14.211307999971725,0.0081250000221189,0.8158149998962472,194.78759899993747,0.0181669997800781,209.84101399960764
M.MOV,68,M,True,N,1.0,False,N,False,False,False,True,14.222029999984898,0.0069500001700362,0.7733580000603979,192.9830320000292,0.0174000001607055,208.00277000040523
M.MOV,69,M,True,N,1.0,False,N,False,False,False,True,14.08693400003358,0.0085349997789307,0.5109930002618057,194.4695230004072,0.0208049996217596,209.09679000010328
M.MOV,70,M,True,N,1.0,False,N,False,False,False,True,14.038069000037012,0.0058139999055129,0.5557849999604514,190.8871860000545,0.018666999949346,205.5055209999068
M.MOV,71,M,True,N,1.0,False,N,False,False,False,True,14.241539999943598,0.0070319997576007,0.5304210003487242,188.78858200014287,0.0198249999812105,203.58740000017409
M.MOV,72,M,True,N,1.0,False,N,False,False,False,True,14.014201000009052,0.0078299999586306,0.5648050000672811,190.1148789997933,0.0200810000023921,204.72179599983065
M.MOV,73,M,True,N,0.9999998807907104,False,N,False,False,False,True,14.035493999983828,0.0068660001488751,0.488583999867842,190.8936969998649,0.0195180000446271,205.4441589999101
M.MOV,74,M,True,N,0.9999997615814208,False,N,False,False,False,True,14.120971000011195,0.0062599997363577,0.4777439999088528,188.2368210003733,0.018553000245447,202.8603490002752
M.MOV,75,M,True,N,0.9999998807907104,False,N,False,False,False,True,14.035732000024836,0.0068489998739096,0.8223250001719862,191.3167249999788,0.0164420002874976,206.198073000337
M.MOV,76,M,True,N,1.0,False,N,False,False,False,True,13.8490690000026,0.005733000307373,0.8232260001932445,191.8917920002059,0.0291470000775007,206.59896700078664
M.MOV,77,M,True,N,0.9999998807907104,False,N,False,False,False,True,14.169895000009092,0.0060209999901417,0.5285050001475611,188.6608729996624,0.017545999980939,203.3828399997901
M.MOV,78,M,True,N,0.999998927116394,False,N,False,False,False,True,14.029443000026731,0.0064460000430699,0.8225840001614415,191.7635889999474,0.017243000002054,206.63930500018068
M.MOV,79,M,True,N,0.9999991655349731,False,N,False,False,False,True,14.278196000020673,0.0062039998738327,0.7963129996824136,193.01693199986403,0.0167090001923497,208.1143539996333
M.MOV,80,M,True,N,0.999998927116394,False,N,False,False,False,True,14.14257300001509,0.0074790000326174,0.7781280000926927,192.5750619998325,0.0382289999834029,207.5414709999564
M.MOV,81,M,True,N,0.9999886751174928,False,N,False,False,False,True,14.28707600001644,0.0064239998209814,0.8020059999580553,192.0386520000648,0.0162739997904282,207.15043199965064
M.MOV,82,M,True,N,0.999948024749756,False,N,False,False,False,True,14.188224000008631,0.007396000000881,0.7535370000368857,192.77887399994145,0.0178390000655781,207.7458700000534
M.MOV,83,M,True,N,0.9997289776802064,False,N,False,False,False,True,14.158063999957449,0.006390000180545,0.4826720000892237,193.53379399990445,0.0192710003830143,208.20019100051468
M.MOV,84,M,True,N,0.9999456405639648,False,N,False,False,False,True,13.971203000039624,0.0068630001806013,0.5472300003930286,190.3625909999392,0.0183249999281542,204.9062120004805
M.MOV,85,M,True,N,0.9999924898147584,False,N,False,False,False,True,14.247769999997216,0.0065770000219345,0.4947079996782122,194.53194000016083,0.0188819999493716,209.2998769998076
M.MOV,86,M,True,N,0.9999998807907104,False,N,False,False,False,True,14.186652999967464,0.0078830003076291,0.4835780000576051,189.44970299980923,0.0195659999917552,204.1473830001337
M.MOV,87,M,True,N,0.9999984502792358,False,N,False,False,False,True,14.161869000020031,0.0072349998845311,0.8419499999945401,188.70744599962563,0.0170379998962744,203.735537999421
M.MOV,88,M,True,N,0.999997615814209,False,N,False,False,False,True,14.040425000018786,0.0061089999690011,0.7799629997862212,187.8727109997272,0.0163529998644662,202.7155609993656
M.MOV,89,M,True,N,0.9999709129333496,False,N,False,False,False,True,14.465295000036347,0.0066749998950399,0.4746360000353888,193.5573470000236,0.02045100018222,208.52440400017252
M.MOV,90,M,True,N,0.9998201727867126,False,N,False,False,False,True,14.063270999997712,0.0072309999268327,0.8654289999867615,196.48335900001257,0.0196360001609718,211.43892600008485
M.MOV,91,M,True,N,1.0,False,N,False,False,False,True,13.946997999994435,0.0063869997575238,0.5557409999710217,190.60264800009463,0.0211060000765428,205.13287999989416
M.MOV,92,M,True,N,1.0,False,N,False,False,False,True,13.9042050000171,0.0078829998528817,0.4883269998572359,193.0997300000854,0.0194579997696564,207.51960299958228
M.MOV,93,M,True,N,1.0,False,N,False,False,False,True,14.009522000037578,0.0062879998949938,0.5201550002311706,190.3896539997732,0.017565999769431,204.94318499970632
M.MOV,94,M,True,N,1.0,False,N,False,False,False,True,14.00954799998999,0.007186999937403,0.5005190000701987,194.20369799991025,0.0175800000761228,208.738531999984
M.MOV,95,M,True,N,1.0,False,N,False,False,False,True,14.103511000030268,0.0059839999266841,0.7949060000100872,187.4564859999737,0.0165139999808161,202.37740099992152
M.MOV,96,M,True,N,1.0,False,N,False,False,False,True,13.958180000031462,0.0063529996623401,0.819338999917818,187.58287699984064,0.0166069999067985,202.38335599935908
M.MOV,97,M,True,N,1.0,False,N,False,False,False,True,13.955195999983516,0.0065519998315721,0.7967780002218205,186.44076100008533,0.0174379997588403,201.21672499988108
M.MOV,98,M,True,N,1.0,False,N,False,False,False,True,14.0520339999739,0.0057839997680275,0.8042939998631482,197.84955599971,0.0178229997800372,212.7294909990951
M.MOV,99,M,True,N,1.0,False,N,False,False,False,True,13.931103999993866,0.0064310002017009,0.7912490000308026,187.9054639998685,0.019758000235015,202.6540060003299
M.MOV,100,M,True,N,1.0,False,N,False,False,False,True,13.934740000024703,0.0057289998949272,0.7830549998288916,189.2377000003762,0.0195229999917501,203.98074700011648
M.MOV,101,M,True,N,1.0,False,N,False,False,False,True,14.024951999999756,0.0069470002017624,0.7893930001046101,189.61805400022052,0.018806999833032,204.4581530003597
M.MOV,102,M,True,N,1.0,False,N,False,False,False,True,14.006692999998904,0.0067490000219549,0.7869749997553299,190.13719099984883,0.0190240002666541,204.95663199989167
M.MOV,103,M,True,N,1.0,False,N,False,False,False,True,14.047045999973308,0.0071499998739454,0.8203470001717506,189.69980700012457,0.0206499998967046,204.59500000004027
M.MOV,104,M,True,N,1.0,False,N,False,False,False,True,13.87732099999539,0.013247999959276,0.7682679997742525,192.7873319996252,0.0191919998542289,207.46536099920831
M.MOV,105,M,True,N,0.9999992847442628,False,N,False,False,False,True,14.097167999977955,0.0064570003814878,0.7996229996933835,208.77194500008045,0.0172270001712604,223.6924200003045
M.MOV,106,M,True,N,0.9999998807907104,False,N,False,False,False,True,14.010601999984829,0.0061480000113078,0.7999110002856469,188.27901600025143,0.0205669998649682,203.11624400039813
M.MOV,107,M,True,N,0.9999982118606568,False,N,False,False,False,True,13.788741999974263,0.0061089999690011,0.7853869997234142,195.19251200017607,0.0195729999177274,209.79232299976047
M.MOV,108,M,True,N,0.9999992847442628,False,N,False,False,False,True,13.796135999996295,0.00638399978925,0.7820910000191361,190.66214800022863,0.0217819997487822,205.2685409997821
M.MOV,109,M,True,N,0.999998927116394,False,N,False,False,False,True,13.92368000000488,0.0067720002334681,0.789011000051687,195.0358099998084,0.0243499998759944,209.77962299997444
M.MOV,110,M,True,N,0.9999996423721312,False,N,False,False,False,True,13.86307399997122,0.0062320000324689,0.8021149997148314,193.37655799972708,0.0188050003089301,208.0667839997545
M.MOV,111,M,True,N,0.9999910593032836,False,N,False,False,False,True,14.013414999965336,0.0055959999372134,0.8019550000426534,192.6357669999561,0.0196269998014031,207.4763599997027
M.MOV,112,M,True,N,0.9999876022338868,False,N,False,False,False,True,14.046174000043266,0.0076609999268839,0.8540529997844715,192.91011699988303,0.0191720000657369,207.8371769997034
M.MOV,113,M,True,N,0.999996304512024,False,N,False,False,False,True,13.95990299999994,0.006191000011313,0.7619039997734944,188.2557590001852,0.0175049999597831,203.0012619999297
M.MOV,114,M,True,N,0.9999985694885254,False,N,False,False,False,True,14.113362999978564,0.0062169997363525,0.8173060000444821,189.49618200031185,0.0193900000340363,204.45245800010525
M.MOV,115,M,True,N,0.9999942779541016,False,N,False,False,False,True,13.946124999961285,0.0079070000538195,0.8440639999207633,193.15579000021896,0.0216630000977602,207.9755490002526
M.MOV,116,M,True,N,0.9999995231628418,False,N,False,False,False,True,14.00403700000652,0.0074110002969973,0.8107139997264312,192.5477680001677,0.0206370000341848,207.39056700023184
M.MOV,117,M,True,N,0.9999997615814208,False,N,False,False,False,True,14.02473899997858,0.0072540001383458,0.8239640001193038,193.52449500001967,0.0394849998883728,208.41993700014427
M.MOV,118,M,True,N,0.9999997615814208,False,N,False,False,False,True,14.053098000033517,0.0062459998844133,0.7629199999428238,194.9627179997151,0.0194989997908123,209.80448099936663
M.MOV,119,M,True,N,1.0,False,N,False,False,False,True,13.962904000038634,0.007919000381662,0.8104359999379085,190.93347099988023,0.0219940002352814,205.7367240004737
M.MOV,120,M,True,N,1.0,False,N,False,False,False,True,13.928817000021354,0.0078260000009322,0.498476999837294,188.20899100001043,0.0204680000024382,202.66457899987245
M.MOV,121,M,True,N,1.0,False,N,False,False,False,True,14.101453000023412,0.0073090000114461,0.5569370000557683,186.0055550000652,0.0204049997591937,200.69165899991503
M.MOV,122,M,True,N,1.0,False,N,False,False,False,True,14.211753999973098,0.0074300000960647,0.4863920003117528,188.1884350000292,0.0199850001081358,202.91399600051813
M.MOV,123,M,True,N,1.0,False,N,False,False,False,True,14.240950999976576,0.0068029999056307,0.7520459998886508,189.2458560000705,0.0185460003194748,204.2642020001608
M.MOV,124,M,True,N,1.0,False,N,False,False,False,True,14.17223800001466,0.0072520001594966,0.5433070000435691,190.24425999987216,0.0211050000871182,204.988162000177
M.MOV,125,M,True,N,0.9999998807907104,False,N,False,False,False,True,14.058220999970672,0.0074980002864322,0.8691670000189333,190.58489100007137,0.0191700000868877,205.5389470004343
M.MOV,126,M,True,N,1.0,False,N,False,False,False,True,14.066524999975629,0.0073439996413071,0.7643270000698976,194.0973410000879,0.0177309998434793,208.95326799961825
M.MOV,127,M,True,N,1.0,False,N,False,False,False,True,13.941624999972646,0.0061280002228158,0.7339530002354877,194.21718200010216,0.0169160002769785,208.9158040008101
M.MOV,128,M,True,N,1.0,False,N,False,False,False,True,13.995915999998942,0.0061569999161292,0.5046269998274511,193.86497100003908,0.0177510000867187,208.38942199986832
M.MOV,129,M,True,N,1.0,False,N,False,False,False,True,14.255713000011385,0.0057859997468767,0.6345150000015565,188.36186599992288,0.0168530000337341,203.27473299971643
M.MOV,130,M,True,N,1.0,False,N,False,False,False,True,14.246115999981155,0.006419999863283,0.5197139998927014,190.77189299969177,0.0345280000146885,205.5786709994436
M.MOV,131,M,True,N,1.0,False,N,False,False,False,True,14.037135000023682,0.0077169997894088,0.4768809999404766,194.05469399998765,0.0165779997587378,208.59300499949995
M.MOV,132,M,True,N,1.0,False,N,False,False,False,True,13.982141999974829,0.0056149997362808,0.5180740004107065,193.5217459999876,0.0173889998222875,208.0449659999317
M.MOV,133,M,True,N,1.0,False,N,False,False,False,True,14.008210000042707,0.006159999884403,0.476884999898175,185.864907999985,0.0174050001078285,200.37356799991807
M.MOV,134,M,True,N,1.0,False,N,False,False,False,True,13.959915999976149,0.0062270000853459,0.7303080001292983,187.99921199979508,0.016540000160603,202.71220300014647
M.MOV,135,M,True,N,1.0,False,N,False,False,False,True,13.974281000002977,0.0069039997470099,0.7442050000463496,191.21912899981908,0.0190040000234148,205.96352299963883
M.MOV,136,M,True,N,1.0,False,N,False,False,False,True,13.915528999973503,0.0067000000854022,0.7901449998826138,197.8662729998177,0.0168880001183424,212.5955349998776
M.MOV,137,M,True,N,1.0,False,N,False,False,False,True,14.217368999993596,0.0070189998950809,0.8094419999906677,194.5380929996645,0.0172089999068703,209.5891319994508
M.MOV,138,M,True,N,1.0,False,N,False,False,False,True,14.003581999986636,0.0063150000642053,0.4930509999212518,191.69048700041452,0.0198500001715729,206.21328500055824
M.MOV,139,M,True,N,0.9999996423721312,False,N,False,False,False,True,13.955506999991483,0.0060010002016497,0.4796059997715929,195.22183900016896,0.0202129999706812,209.6831660001044
M.MOV,140,M,True,N,0.9999997615814208,False,N,False,False,False,True,13.944976000004772,0.0239199998759431,0.5993300001136959,215.5120860002171,0.0204840002879791,230.10079600049949
M.MOV,141,M,True,N,0.9999997615814208,False,N,False,False,False,True,13.908158000049298,0.0063579996094631,0.8977769998637086,187.99053600014304,0.0166639997587481,202.81949299942423
M.MOV,142,M,True,N,1.0,False,N,False,False,False,True,14.172298999994837,0.0051289998737047,0.7384919999822159,186.57714900018613,0.0164159996529633,201.5094849996899
M.MOV,143,M,True,N,1.0,False,N,False,False,False,True,13.79381399999602,0.0055420000535377,0.7668129997000506,188.3096290002868,0.0170169996636104,202.8928149997
N.MOV,0,N,True,N,1.0,True,N,True,False,False,False,15.19698099997413,0.0090869998530251,0.881723000020429,189.07737600011387,0.0178120003511139,205.18297900031257
N.MOV,1,N,True,N,1.0,True,N,True,False,False,False,14.220598000008522,0.0065489998632983,0.7972949997565593,189.3433810000716,0.0172339996424852,204.3850569993424
N.MOV,2,N,True,N,0.9999998807907104,True,N,True,False,False,False,14.08893400002853,0.0066549996518006,0.7898020003267447,190.77221600036864,0.0171579999914683,205.6747650003672
N.MOV,3,N,True,N,0.9999998807907104,True,N,True,False,False,False,14.065501000004588,0.0069049997364345,0.7974860000103945,187.65764099998705,0.0167080002029251,202.5442409999414
N.MOV,4,N,True,N,1.0,True,N,True,False,False,False,15.124817000014446,0.0062210001487983,0.7808539999132336,188.7110529996789,0.0161180000759486,204.63906299983137
N.MOV,5,N,True,N,1.0,True,N,True,False,False,False,14.768500000002405,0.0070609999056614,0.7588890002807602,187.6976359999389,0.0174760002664697,203.24956200039423
N.MOV,6,N,True,N,1.0,True,N,True,False,False,False,13.952593999988494,0.0059889998738071,0.7453909997821029,190.186919000098,0.0171490000866469,204.90804199982904
N.MOV,7,N,True,N,1.0,True,N,True,False,False,False,14.029327000002922,0.0202900000658701,0.4753939997499401,188.57214800027572,0.0164260000019567,203.1135850000965
N.MOV,8,N,True,N,1.0,True,N,True,False,False,False,14.285450999977911,0.006375000339176,0.5036990000917285,186.85379699991245,0.0186940001185575,201.66801600043985
N.MOV,9,N,True,N,1.0,True,N,True,False,False,False,13.9335740000206,0.0068540002757799,0.8068050001384108,190.7666209999661,0.0159699998221185,205.52982400022304
N.MOV,10,N,True,N,1.0,True,N,True,False,False,False,13.979195000047184,0.0073719997999432,0.8004229998732626,197.1210010001414,0.0174879996848176,211.9254789995466
N.MOV,11,N,True,N,1.0,True,N,True,False,False,False,14.252008000028129,0.0062389999584411,0.4993110001123568,188.4439929999644,0.0196440000763686,203.2211950001397
N.MOV,12,N,True,N,1.0,True,N,True,False,False,False,14.313456999957452,0.0071310000748781,0.4846270003326935,188.1984859996919,0.0250370003413991,203.0287380003984
N.MOV,13,N,True,N,1.0,True,N,True,False,False,False,14.223022999999555,0.0084439998317975,0.521922000189079,188.53592200002825,0.0266319998445396,203.3159429998932
N.MOV,14,N,True,N,0.9999997615814208,True,N,True,False,False,False,14.066200000002029,0.0068290000854176,0.4683960000875231,189.99360800034992,0.025206999907823,204.5602400004327
N.MOV,15,N,True,N,0.9999998807907104,True,N,True,False,False,False,14.182066999978815,0.0073229998633905,0.5442579999908048,193.15861499990208,0.0205940000341797,207.91285699976925
N.MOV,16,N,True,N,0.9999996423721312,True,N,True,False,False,False,14.276640999980827,0.0071829999797046,0.8030889998735802,195.210101000157,0.018039999758912,210.31505399975003
N.MOV,17,N,True,N,1.0,True,N,True,False,False,False,14.323540000020785,0.0216339999496995,0.7828269999663462,194.76377500041053,0.0173799999174661,209.90915600026483
N.MOV,18,N,True,N,1.0,True,N,True,False,False,False,14.19684600000437,0.0077080003393348,0.8063899999797286,192.39072799973653,0.0177419997271499,207.4194139997872
N.MOV,19,N,True,N,1.0,True,N,True,False,False,False,13.937772000019775,0.0076009996519132,0.5486439999913273,188.71882100029325,0.0217319998228049,203.23456999977907
N.MOV,20,N,True,N,1.0,True,N,True,False,False,False,14.181270999984008,0.0061850000747654,0.5230410001786368,186.93758900008103,0.0169889999597216,201.6650750002782
N.MOV,21,N,True,N,1.0,True,N,True,False,False,False,14.238073999990776,0.0070599999162368,0.4929629999423923,187.3546189999616,0.0173119997270987,202.11002799953803
N.MOV,22,N,True,N,1.0,True,N,True,False,False,False,14.132078999978148,0.0079520000326738,0.5787469999631867,189.41679999988992,0.0170299999808776,204.1526079998448
N.MOV,23,N,True,N,1.0,True,N,True,False,False,False,14.122726000039163,0.0059779999901365,0.4838560003008751,188.8556169997173,0.0167920002240862,203.4849690002716
N.MOV,24,N,True,N,1.0,True,N,True,False,False,False,14.007492000018829,0.0062039998738327,0.4879699999946751,189.6346049998101,0.0160829999913403,204.1523539996888
N.MOV,25,N,True,N,0.9999998807907104,True,N,True,False,False,False,13.997356000004402,0.0073360001806577,0.478657999792631,188.2781429999341,0.0173870002981857,202.77888000021
N.MOV,26,N,True,N,1.0,True,N,True,False,False,False,14.23708199996554,0.0060170000324433,0.5070380002507591,187.2712159997718,0.01676400006545,202.038117000086
N.MOV,27,N,True,N,1.0,True,N,True,False,False,False,13.94456100001662,0.0062099998103803,0.4971140001543972,188.8425349998215,0.0170670000443351,203.30748699984724
N.MOV,28,N,True,N,1.0,True,N,True,False,False,False,14.194142000008014,0.0068220001594454,0.5142159998285933,187.78549199987532,0.0174629999492026,202.51813499982063
N.MOV,29,N,True,N,1.0,True,N,True,False,False,False,14.611608999985036,0.0065859999267559,0.4845190001105948,186.91315300020503,0.0168910000866162,202.0327580003141
N.MOV,30,N,True,N,1.0,True,N,True,False,False,False,14.03568399996402,0.0062599997363577,0.5158330000085698,187.14613300016936,0.0160449999384582,201.7199549998168
N.MOV,31,N,True,N,0.9999998807907104,True,N,True,False,False,False,14.153643000042848,0.0065300000642309,0.4876709999734885,191.6530100002092,0.0176250000549771,206.31847900034472
N.MOV,32,N,True,N,1.0,True,N,True,False,False,False,14.171304999990753,0.0065199997152376,0.5225410000093689,213.7624740003048,0.0172719996953674,228.48011199971552
N.MOV,33,N,True,N,1.0,True,N,True,False,False,False,14.342075999991266,0.0084949997471994,0.5298010000842623,192.0271879998836,0.0162179999279032,206.92377799963424
N.MOV,34,N,True,N,0.999996304512024,True,N,True,False,False,False,14.34389899998223,0.0070360001700464,0.8229610002672416,189.88153600002988,0.0163849999808007,205.0718170004302
N.MOV,35,N,True,N,0.9999828338623048,True,N,True,False,False,False,14.080471999989186,0.0062449998949887,0.7876409999880707,191.3808340000287,0.0171680003404617,206.2723600002414
N.MOV,36,N,True,N,0.9999556541442872,True,N,True,False,False,False,13.998419000017748,0.0072110001383407,0.7773950001137564,192.16993199961507,0.0163469999279186,206.96930399981284
N.MOV,37,N,True,N,0.9999964237213136,True,N,True,False,False,False,13.981809000028989,0.0068690001171489,0.7772080002723669,205.95232899995608,0.017575999663677,220.73579100003823
N.MOV,38,N,True,N,0.999997615814209,True,N,True,False,False,False,14.033423000000766,0.0071600002229388,0.5212559999563382,214.8311539999668,0.0202899996111227,229.413282999758
N.MOV,39,N,True,N,0.999941110610962,True,N,True,False,False,False,14.136930000006489,0.0073920000431826,0.4821729999093804,190.78576599986263,0.020122000023548,205.43238299984523
N.MOV,40,N,True,N,0.9983263611793518,True,N,True,False,False,False,13.945383000020684,0.0073470000643283,0.5033249999542022,193.95269599999665,0.0195140000869287,208.4282650001228
N.MOV,41,N,True,N,0.9658392071723938,True,N,True,False,False,False,14.065307000009852,0.0069230000008246,0.7526360000156274,192.8553420002572,0.0173870002981857,207.6975950005817
N.MOV,42,N,True,N,0.8961852788925171,True,N,True,False,False,False,13.954366000007212,0.0068070003180764,0.759234999804903,193.385305999982,0.0233649998335749,208.1290789999457
N.MOV,43,N,True,N,0.9772295951843262,True,N,True,False,False,False,14.109082999993916,0.0063219999901775,0.8048609997786116,193.1128159999389,0.0170490002346923,208.0501309999363
N.MOV,44,N,True,N,0.9947022795677184,True,N,True,False,False,False,14.25183300000299,0.0077529998634418,0.7282929996108578,196.090570999786,0.0168669998856785,211.09531699914896
N.MOV,45,N,True,N,0.9969876408576964,True,N,True,False,False,False,14.1781519999995,0.006602999746974,0.7508919998144847,192.23964299999352,0.0314869998874201,207.2067769994419
N.MOV,46,N,True,N,0.9959898591041564,True,N,True,False,False,False,14.006262000009428,0.0070770001912023,0.7380819997706567,191.31612999990463,0.0164580001182912,206.08400899999424
N.MOV,47,N,True,N,0.9981064796447754,True,N,True,False,False,False,13.911599000039132,0.0062190001699491,0.4819639998459024,187.7458930002831,0.0199010000869748,202.16557600042503
N.MOV,48,N,True,N,0.9999037981033324,True,N,True,False,False,False,13.980569000011656,0.0066970001171284,0.4701940001723415,197.9604879998078,0.01901599989651,212.43696400000545
N.MOV,49,N,True,N,0.9995933175086976,True,N,True,False,False,False,14.012018000016724,0.0065760000325099,0.5032230001233984,189.6024130001024,0.0191989997802011,204.1434290000552
N.MOV,50,N,True,N,0.9999433755874634,True,N,True,False,False,False,14.09172500001432,0.0065509998421475,0.5015020001337689,189.1559740001867,0.0193280002349638,203.7750800004119
N.MOV,51,N,True,N,0.9995315074920654,True,N,True,False,False,False,14.436912999997276,0.0063520001276629,0.4600339998432901,193.0790770002204,0.0198650000129418,208.0022410002016
N.MOV,52,N,True,N,0.9999674558639526,True,N,True,False,False,False,14.032924999980878,0.0067270002546138,0.5111450000185869,192.8147050002736,0.0198060001821431,207.38530800070976
N.MOV,53,N,True,N,0.9999172687530518,True,N,True,False,False,False,13.963939999996455,0.0063959996623452,0.4722720000245317,188.7907999998788,0.0197059998754411,203.2531139994376
N.MOV,54,N,True,N,0.999962329864502,True,N,True,False,False,False,14.179153999975824,0.0062260000959213,0.507357999595115,189.512836999711,0.0202539999918371,204.2258289993697
N.MOV,55,N,True,N,0.9998672008514404,True,N,True,False,False,False,13.850951999984318,0.0067050000325252,0.4721810000773985,191.88561200007825,0.0208279998332727,206.23627800000577
N.MOV,56,N,True,N,0.9942924976348876,True,N,True,False,False,False,13.914477000014358,0.0069570000960084,0.5142200002410391,191.99416299989025,0.0210299999707785,206.45084700021243
N.MOV,57,N,True,N,0.989958107471466,True,N,True,False,False,False,14.057411000010234,0.0062740000430494,0.4841959998884704,190.48442299981616,0.0197049998860165,205.052008999644
N.MOV,58,N,True,N,0.9904767274856568,True,N,True,False,False,False,14.186862000030942,0.0066479997258284,0.4668890001084946,190.31570900006045,0.0187310001820151,204.99483900010773
N.MOV,59,N,True,N,0.974260151386261,True,N,True,False,False,False,13.866689999986193,0.0064619998738635,0.4976659997737442,190.3799870001421,0.0190239998119068,204.76982899958784
N.MOV,60,N,True,N,0.9999427795410156,True,N,True,False,False,False,14.063270999997712,0.0082620003922784,0.78237200023068,196.1233930001072,0.0176429998646199,210.9949410005925
N.MOV,61,N,True,N,0.9999895095825196,True,N,True,False,False,False,14.06891499999574,0.0083740001173282,0.7630770001014753,196.210018000329,0.0181890000021667,211.0685730005457
N.MOV,62,N,True,N,0.9999992847442628,True,N,True,False,False,False,13.865355000007185,0.00718199999028,0.4714930000773165,191.85748300014893,0.019131000044581,206.2206440002683
N.MOV,63,N,True,N,0.9999996423721312,True,N,True,False,False,False,13.897014999997737,0.006405000021914,0.4743290000988054,190.0126259997705,0.019927999801439,204.41030299969043
N.MOV,64,N,True,N,1.0,True,N,True,False,False,False,13.950040999986868,0.0064150003709073,0.4680939996433153,193.1474499997421,0.0207749999390216,207.5927749996822
N.MOV,65,N,True,N,0.9999998807907104,True,N,True,False,False,False,13.9497449999908,0.0069660000008298,0.5299609997564403,193.28449299973727,0.0188250000974221,207.7899899995828
N.MOV,66,N,True,N,0.9999980926513672,True,N,True,False,False,False,13.897229999997762,0.0096439998742425,0.510704000134865,193.12406600010945,0.019025999790756,207.56066999990708
N.MOV,67,N,True,N,0.9999998807907104,True,N,True,False,False,False,13.835256999982448,0.0060830002439615,0.4804139998668688,189.6625589997712,0.0186069996743754,204.0029199995388
N.MOV,68,N,True,N,1.0,True,N,True,False,False,False,14.171067999996012,0.006140000095911,0.4662470000766916,190.99305100007768,0.0172420000126294,205.65374800025893
N.MOV,69,N,True,N,1.0,True,N,True,False,False,False,13.968063999982403,0.0068159997681505,0.4792219997398206,194.6128610002233,0.0206780000553408,209.08764099976904
N.MOV,70,N,True,N,1.0,True,N,True,False,False,False,13.869071999977225,0.0063520001276629,0.4856269997617346,189.3098840000676,0.0190639998436381,203.6899989997778
N.MOV,71,N,True,N,1.0,True,N,True,False,False,False,14.394765999952597,0.0059990002228005,0.4562910003187426,186.6113160003806,0.0196949999917706,201.4880670008665
N.MOV,72,N,True,N,1.0,True,N,True,False,False,False,13.996582999993734,0.0065170002017111,0.4841150002903305,187.896708000153,0.0191340000128548,202.40305700065164
N.MOV,73,N,True,N,1.0,True,N,True,False,False,False,14.018252000028042,0.0057829997786029,0.5155789999662375,188.8609160000669,0.0186349998330115,203.41916499967283
N.MOV,74,N,True,N,1.0,True,N,True,False,False,False,15.184266000005664,0.0060680004025925,0.4788309997820761,188.2020250000096,0.0193199998648196,203.89051000006475
N.MOV,75,N,True,N,1.0,True,N,True,False,False,False,14.489214999969136,0.0080519998846284,0.4967290001332003,188.53278199958368,0.0193509999917296,203.5461289995624
N.MOV,76,N,True,N,1.0,True,N,True,False,False,False,13.91971900000044,0.0066889997469843,0.4733800001304189,188.2686730000387,0.0187109999387757,202.6871719998553
N.MOV,77,N,True,N,1.0,True,N,True,False,False,False,14.127826999981608,0.0059369999689806,0.4742999999507447,189.2429650001759,0.0191520002772449,203.87018100035448
N.MOV,78,N,True,N,1.0,True,N,True,False,False,False,14.149433000000045,0.0070629998845106,0.5061679999016633,192.5530089997665,0.0183569995897414,207.2340299991424
N.MOV,79,N,True,N,1.0,True,N,True,False,False,False,14.033893000032547,0.0055619998420297,0.4751649998979701,193.03324300017263,0.0188079998224566,207.56667099976767
N.MOV,80,N,True,N,1.0,True,N,True,False,False,False,13.917007999964426,0.0074170002335449,0.7874409998294141,217.79003500023464,0.0172520003616227,232.51915300062365
N.MOV,81,N,True,N,1.0,True,N,True,False,False,False,14.228972000012163,0.0062789999901724,0.4811869998775364,192.2134649998952,0.0195349998648453,206.94943799964
N.MOV,82,N,True,N,1.0,True,N,True,False,False,False,14.214116000005106,0.0065710000853869,0.4935249999107327,192.2270820000449,0.0200790000235429,206.96137300006967
N.MOV,83,N,True,N,1.0,True,N,True,False,False,False,14.547429999993255,0.006717999895045,0.4710430002887733,192.2012219997669,0.0191240001186088,207.2455370000625
N.MOV,84,N,True,N,1.0,True,N,True,False,False,False,14.039459999992232,0.0066430002334527,0.7529909998993389,191.82758500028285,0.0170329999491514,206.64371200035703
N.MOV,85,N,True,N,1.0,True,N,True,False,False,False,14.035417000002326,0.0068620001911767,0.7422829999086389,194.0121570000884,0.0166619997798989,208.8133809999704
N.MOV,86,N,True,N,1.0,True,N,True,False,False,False,14.02458199999046,0.0074419999691599,0.523018000421871,194.6660020003037,0.0200519998543313,209.2410960005396
N.MOV,87,N,True,N,1.0,True,N,True,False,False,False,13.95711999998639,0.0066319998950348,0.4978930001016124,190.81205000020412,0.0189080001291586,205.2926030003164
N.MOV,88,N,True,N,1.0,True,N,True,False,False,False,13.893300999995972,0.0077739996413583,0.5686039999091008,200.88807799993447,0.0204630000553152,215.3782199995362
N.MOV,89,N,True,N,1.0,True,N,True,False,False,False,13.921662000029755,0.0070040000537119,0.549474999843369,193.3437709999453,0.0196870000763738,207.84159899994847
N.MOV,90,N,True,N,0.9999997615814208,True,N,True,False,False,False,14.168533999963984,0.0072210000325867,0.4969900001015048,204.0945759999886,0.020319999748608,218.78764099983528
N.MOV,91,N,True,N,0.9999786615371704,True,N,True,False,False,False,13.946678000024804,0.0068449999162112,0.4895600000054401,196.4215130001321,0.0201190000552742,210.88471500013384
N.MOV,92,N,True,N,0.999929428100586,True,N,True,False,False,False,14.04482300000609,0.0070219998633547,0.4899290001958434,191.9306989998404,0.0196569999388884,206.49212999984456
N.MOV,93,N,True,N,0.998854637145996,True,N,True,False,False,False,14.119220999987192,0.0073829996836138,0.5011690000173985,193.3281999999963,0.0203120002879586,207.97628499997245
N.MOV,94,N,True,N,0.9997370839118958,True,N,True,False,False,False,13.92054199999393,0.0063860002228466,0.7522249998146435,191.51377300022432,0.0162830001499969,206.2092090004057
N.MOV,95,N,True,N,0.9996840953826904,True,N,True,False,False,False,14.04725499997994,0.0065290000748063,0.7662170000912738,192.66692800010787,0.0171020001289434,207.50403100038284
N.MOV,96,N,True,N,0.9999508857727052,True,N,True,False,False,False,14.032146999966244,0.0064820001171028,0.755256000047666,189.64208899978985,0.0160469999173074,204.45202099983817
N.MOV,97,N,True,N,0.999975323677063,True,N,True,False,False,False,14.230522999980622,0.0065629997152427,0.764997999795014,192.17001600009092,0.0167680000231484,207.188867999605
N.MOV,98,N,True,N,0.9999927282333374,True,N,True,False,False,False,14.13610399998788,0.0069029997575853,0.754245000280207,196.6839729998356,0.0169639997693593,211.59818899963057
N.MOV,99,N,True,N,0.9999790191650392,True,N,True,False,False,False,14.30303299997604,0.0084659995991387,0.7851860000300803,191.84252400009427,0.0201789998754975,206.95938799957503
N.MOV,100,N,True,N,0.9999001026153564,True,N,True,False,False,False,14.499326999953157,0.0060159995882713,0.8101179996629071,188.60885900039648,0.0171470001077977,203.9414669997086
N.MOV,101,N,True,N,0.9999682903289796,True,N,True,False,False,False,14.106375999972444,0.0065710000853869,0.4999620000489813,192.6241179999124,0.0178149998646404,207.2548419998839
N.MOV,102,N,True,N,0.9999818801879884,True,N,True,False,False,False,14.410295999994103,0.0067529999796533,0.7580400001643284,193.42008300009184,0.0187790001291432,208.61395100035907
N.MOV,103,N,True,N,0.9999325275421144,True,N,True,False,False,False,14.256630999966546,0.005952000265097,0.7667629997740733,192.205782000201,0.0190069999916886,207.2541350001984
N.MOV,104,N,True,N,0.9998205304145812,True,N,True,False,False,False,14.194913999972414,0.0073559999691497,0.5609360000562447,192.7862349998577,0.0186150000445195,207.56805599990005
N.MOV,105,N,True,N,0.9997292160987854,True,N,True,False,False,False,14.294109999980265,0.0068510003075061,0.535663999926328,193.23460899977363,0.0198479997379763,208.0910819997257
N.MOV,106,N,True,N,0.9995536208152772,True,N,True,False,False,False,14.07577900005208,0.0064060000113386,0.7441409998136805,192.1684549997736,0.0167829998645174,207.01156399951515
N.MOV,107,N,True,N,0.9992918968200684,True,N,True,False,False,False,13.964683999972747,0.0060330003179842,0.7550649997938308,194.8153940002157,0.0167549997058813,209.5579310000062
N.MOV,108,N,True,N,0.9999220371246338,True,N,True,False,False,False,13.90042100001665,0.0095049999799812,0.8314120000250114,192.4718759996722,0.0173230000655166,207.23053699975927
N.MOV,109,N,True,N,0.999862551689148,True,N,True,False,False,False,14.026694999984102,0.0087119997260742,0.8173969999916153,192.63936599963927,0.0170759999491565,207.5092459992902
N.MOV,110,N,True,N,0.9996621608734132,True,N,True,False,False,False,14.127243000018552,0.0073880000854842,0.8289239999612619,196.2697889998708,0.019886999780283,211.2532309997164
N.MOV,111,N,True,N,0.9999790191650392,True,N,True,False,False,False,13.92542799999319,0.0079470000855508,0.8003500001905195,193.3951300002264,0.0217349997910787,208.15059000028668
N.MOV,112,N,True,N,0.9999847412109376,True,N,True,False,False,False,14.13761600002772,0.0093570001808984,0.7955849996506004,194.5988939996824,0.0510340000801079,209.5924859996217
N.MOV,113,N,True,N,0.9999995231628418,True,N,True,False,False,False,13.96966900000507,0.0082400001701898,0.9085679998861452,191.7430839998815,0.0197899998966022,206.6493509998395
N.MOV,114,N,True,N,0.9999997615814208,True,N,True,False,False,False,13.980301999993117,0.0089029999799095,0.6508920000669605,191.2922520000393,0.0201970001398876,205.9525460002192
N.MOV,115,N,True,N,1.0,True,N,True,False,False,False,13.93341400000736,0.0062569997680839,0.7804769998074335,197.7148500000112,0.0169830000231741,212.4519809996173
N.MOV,116,N,True,N,1.0,True,N,True,False,False,False,14.05728800000361,0.0068959998316131,0.8361519999198208,194.5781839999654,0.0168649999068293,209.49538499962728
N.MOV,117,N,True,N,1.0,True,N,True,False,False,False,13.985976000014944,0.0067020000642514,0.5571410001721233,192.7015879996361,0.0172790000760869,207.2686859999635
N.MOV,118,N,True,N,1.0,True,N,True,False,False,False,14.10200300000497,0.0062019998949836,0.5508550002559787,197.6235329998417,0.0171829997270833,212.29977599972472
N.MOV,119,N,True,N,1.0,True,N,True,False,False,False,13.963690000025508,0.0069949996941431,0.7940129999042256,193.5508540000228,0.0176929997905972,208.33324499943728
N.MOV,120,N,True,N,1.0,True,N,True,False,False,False,14.11379799998258,0.0064870000642258,0.8233610001298075,200.30693299986524,0.0173640000866726,215.26794300012853
N.MOV,121,N,True,N,1.0,True,N,True,False,False,False,15.015129000005343,0.0059099997997691,0.8032979999370582,213.68737700004203,0.0173650000760972,229.5290789998603
N.MOV,122,N,True,N,1.0,True,N,True,False,False,False,13.899287000015192,0.0074780000431928,0.791875000231812,193.2354599998689,0.0197200001821329,207.95382000034124
N.MOV,123,N,True,N,0.9999995231628418,True,N,True,False,False,False,13.987383999960912,0.0068899998950655,0.8241330001510505,203.25186699983533,0.0171540000337699,218.08742799987613
N.MOV,124,N,True,N,0.9999998807907104,True,N,True,False,False,False,14.04460899999549,0.0071960002969717,0.8135570001286396,192.7351199997247,0.0376620000679395,207.6381440002137
N.MOV,125,N,True,N,0.999995231628418,True,N,True,False,False,False,13.991707000002409,0.0193880000551871,0.7683059998271347,186.94573500033584,0.0166830000125628,201.7418190002332
N.MOV,126,N,True,N,0.9999880790710448,True,N,True,False,False,False,14.28343599997106,0.0072470002123736,0.8363259998986905,192.94380900009853,0.0201630000447039,208.09098100022536
N.MOV,127,N,True,N,0.9999974966049194,True,N,True,False,False,False,14.155340999991497,0.0062619997152069,0.7837389998712752,188.87814799973057,0.0167309999596909,203.84022099926824
N.MOV,128,N,True,N,0.9999642372131348,True,N,True,False,False,False,14.09791599996879,0.0075499997365113,0.9183759998450114,187.8691870001603,0.0169810000443249,202.9100099997549
N.MOV,129,N,True,N,0.9999719858169556,True,N,True,False,False,False,14.008908999983303,0.0064750001911306,0.793771999724413,187.57385100025203,0.0163820000125269,202.3993890001634
N.MOV,130,N,True,N,0.999962329864502,True,N,True,False,False,False,14.607794000028209,0.0052730001698364,0.7587690001855663,186.52771300003224,0.0166680001711938,201.91621700058704
N.MOV,131,N,True,N,0.9997562766075134,True,N,True,False,False,False,14.144665000003442,0.0047479998102062,0.7685420000598242,189.4524990002537,0.0170369999068498,204.3874910000341
N.MOV,132,N,True,N,0.9994634985923768,True,N,True,False,False,False,14.135665000026163,0.0054430001910077,0.8019970000532339,194.2503880000004,0.0165779997587378,209.2100710000296
N.MOV,133,N,True,N,0.999427080154419,True,N,True,False,False,False,14.128632999984347,0.0053799999477632,0.7645900000170514,188.2092939999893,0.0164160001077107,203.1243130000462
N.MOV,134,N,True,N,0.9981362819671632,True,N,True,False,False,False,13.956360999998196,0.0059439998949528,0.7387030000245431,186.5608460002477,0.016675000097166,201.27852900026247
O.MOV,0,O,True,delete,0.5629770755767822,False,delete,False,False,False,True,14.208549999978004,0.0102570002127322,0.843111999984103,193.72212600001149,0.021639999886247,208.80568500007257
O.MOV,1,O,True,delete,0.6102509498596191,False,delete,False,False,False,True,14.074909999976626,0.0083049999375361,0.825440999960847,191.6322020001644,0.0206839999918884,206.5615420000313
O.MOV,2,O,True,delete,0.6931090950965881,False,delete,False,False,False,True,15.243435000002137,0.0060279999161139,0.8208180001929577,190.8238800001527,0.0194229996850481,206.91358399994897
O.MOV,3,O,True,delete,0.7556836009025574,False,delete,False,False,False,True,14.024134000010235,0.0468270000055781,0.7724619999862625,196.5354959997967,0.0196850000975246,211.3986039998963
O.MOV,4,O,True,delete,0.768218994140625,False,delete,False,False,False,True,14.071952999984203,0.0067560004026745,0.8522010002707248,192.7167650001138,0.0199999999495048,207.6676750007209
O.MOV,5,O,True,delete,0.5825004577636719,False,delete,False,False,False,True,13.993912000046294,0.009238000075129,0.9618260000934242,207.38785699995788,0.0198539996745239,222.37268699984725
O.MOV,6,O,True,delete,0.7661506533622742,False,delete,False,False,False,True,15.041125000038846,0.0066320003497821,0.835073999951419,190.8907819997694,0.0206979998438328,206.79431099995327
O.MOV,7,O,True,delete,0.7170206308364868,False,delete,False,False,False,True,14.248502000043572,0.0062159997469279,0.7899880001787096,192.4241729998357,0.0185930002771783,207.4874720000821
O.MOV,8,O,True,delete,0.6720358729362488,False,delete,False,False,False,True,13.925825999990591,0.006510000275739,0.7681849997425161,192.64382500023203,0.0198950001504272,207.3642410003913
O.MOV,9,O,True,delete,0.6208139061927795,False,delete,False,False,False,True,13.923765000015464,0.0070600003709841,0.7827519998500065,193.36416899977849,0.0197849999494792,208.0975309999644
O.MOV,10,O,True,delete,0.5512087345123291,False,delete,False,False,False,True,14.017727000009472,0.0066650000007939,0.8061980001912161,193.5972059995948,0.0205349997486337,208.44833099954485
O.MOV,11,O,True,delete,0.6716881394386292,False,delete,False,False,False,True,13.848386000006483,0.0073210003392887,0.7805179998285894,192.9834469997332,0.0185099997906945,207.6381819996982
O.MOV,12,O,True,delete,0.5659999251365662,False,delete,False,False,False,True,13.90982699996357,0.0062520002757082,0.79231300014726,195.33008400003385,0.0195899997379456,210.0580660001583
O.MOV,13,O,True,delete,0.4757461249828338,False,delete,False,False,False,True,13.924314000007598,0.0067139999373466,0.8303089998662472,191.98333800022732,0.020793999738089,206.76546899977663
O.MOV,14,O,True,delete,0.7317624092102051,False,delete,False,False,False,True,14.259806000040951,0.006378999842127,0.771852000070794,191.83545499981847,0.0197809999917808,206.8932729997641
O.MOV,15,O,True,delete,0.6698664426803589,False,delete,False,False,False,True,13.900897999974404,0.0090159996943839,0.8266619997812086,192.7722939999512,0.021894999918004,207.5307649993192
O.MOV,16,O,True,delete,0.5299465656280518,False,delete,False,False,False,True,14.00538199999346,0.0083019999692623,0.9304050004175224,194.3931440000597,0.0203990002773934,209.35763200071733
O.MOV,17,O,True,delete,0.6201758980751038,False,delete,False,False,False,True,14.072103999978935,0.0083680001807806,0.8324440000251343,193.03778899984536,0.0220229999285948,207.9727279999588
O.MOV,18,O,True,delete,0.5369057059288025,False,delete,False,False,False,True,14.048311000010472,0.0061480000113078,0.7956509998621186,191.15557500026625,0.0204160000976116,206.02610100024776
O.MOV,19,O,True,Q,0.4919855296611786,False,Q,False,False,False,True,13.956669999970472,0.0079249998634622,0.8109670002340863,193.50851899980623,0.0206520003303012,208.30473300020452
O.MOV,20,O,True,delete,0.5610296130180359,False,delete,False,False,False,True,13.983965000022636,0.0072249999902851,0.8064270000431861,195.1599240001088,0.02032100019278,209.9778620003576
O.MOV,21,O,True,delete,0.6918327212333679,False,delete,False,False,False,True,14.030131000026811,0.0080760000855661,0.8095960001810454,196.59308000018427,0.020764000055351,211.46164700053305
O.MOV,22,O,True,delete,0.768846333026886,False,delete,False,False,False,True,13.975232000007054,0.0071930003286979,0.78413500023089,215.95624800011137,0.0201850002667924,230.7429930009448
O.MOV,23,O,True,delete,0.6106497645378113,False,delete,False,False,False,True,14.173349999964556,0.0068160002228978,0.80683800024417,191.9569629999387,0.0194930003090121,206.96346000067933
O.MOV,24,O,True,delete,0.62727290391922,False,delete,False,False,False,True,14.012528999955975,0.006265000138228,0.8078320001914108,194.8395959998379,0.020235999727447,209.68645799985097
O.MOV,25,O,True,delete,0.5084682106971741,False,delete,False,False,False,True,14.215151000030346,0.0067430000854074,0.7767720003357681,193.84047199991983,0.018915999589808,208.8580539999612
O.MOV,26,O,True,Q,0.6997141242027283,False,Q,False,False,False,True,14.209766000021771,0.0076520000220625,0.8161460000337684,188.3185410001716,0.0197610002032888,203.37186600045243
O.MOV,27,O,True,delete,0.4936420917510986,False,delete,False,False,False,True,14.165353999999295,0.0074360000326123,0.8050629999161174,191.37697799988013,0.0199569999494997,206.3747879997777
O.MOV,28,O,True,Q,0.518092155456543,False,Q,False,False,False,True,14.114185999972053,0.0060839997786388,0.8170820001396351,193.73695200010843,0.0187549999282055,208.69305899992696
O.MOV,29,O,True,delete,0.6252352595329285,False,delete,False,False,False,True,14.19573600003332,0.0073040000643231,0.8280609999928856,191.753867999978,0.019109999811917,206.8040789998804
O.MOV,30,O,True,delete,0.6492106318473816,False,delete,False,False,False,True,14.208664000022964,0.0073299997893627,0.8234960000663705,191.2790220003444,0.0194059998648299,206.337918000088
O.MOV,31,O,True,Q,0.4943298697471618,False,Q,False,False,False,True,14.09722599998986,0.0060180000218679,0.7953140002427972,190.98129299982247,0.0191429999176762,205.89899399999467
O.MOV,32,O,True,Q,0.4808776080608368,False,Q,False,False,False,True,14.027924999993502,0.0065960002757492,0.830063000194059,200.5281889996695,0.0199159999283438,215.4126890000612
O.MOV,33,O,True,delete,0.5211785435676575,False,delete,False,False,False,True,14.21631199997364,0.0063679999584564,0.827319000109128,194.8631700001897,0.0184370001079514,209.9316060003389
O.MOV,34,O,True,delete,0.5232526063919067,False,delete,False,False,False,True,13.96559500000194,0.0055099999372032,0.805939999736438,190.03460600015387,0.0202790001821995,204.83193000001165
O.MOV,35,O,True,delete,0.5896530151367188,False,delete,False,False,False,True,14.07757499998752,0.0061220002862683,0.7755400001769885,192.72712000019965,0.0188469998647633,207.6052040005152
O.MOV,36,O,True,Q,0.4734762012958526,False,Q,False,False,False,True,13.857809000000998,0.0057910001487471,0.8025510001061775,195.8509689998209,0.0196980004147917,210.5368180004916
O.MOV,37,O,True,delete,0.4909866452217102,False,delete,False,False,False,True,14.13760100001582,0.0062710000747756,0.7767309998598648,193.87454500019885,0.0188220001291483,208.8139700002785
O.MOV,38,O,True,delete,0.4472894072532654,False,delete,False,False,False,True,13.95579600000474,0.0060150000535941,0.7664449999538192,192.5857090000136,0.020006999875477,207.3339719999012
O.MOV,39,O,True,delete,0.4604096114635467,False,delete,False,False,False,True,13.905159999978878,0.0062379999690165,0.808630999927118,193.527873000221,0.0246349995904893,208.2725369996865
O.MOV,40,O,True,delete,0.4846838116645813,False,delete,False,False,False,True,14.016923999975006,0.0063560000853613,0.7893090000834491,193.4263920002195,0.0199659998543211,208.25894700021763
O.MOV,41,O,True,delete,0.5413568019866943,False,delete,False,False,False,True,14.199623999957112,0.0064879995989031,0.8305369997287926,194.72185400036324,0.0196969999706198,209.77819999961864
O.MOV,42,O,True,delete,0.5357626080513,False,delete,False,False,False,True,14.280941999970764,0.0061390001064864,0.7874000002630055,189.9268430001939,0.0169459999597165,205.01827000049389
O.MOV,43,O,True,delete,0.5324995517730713,False,delete,False,False,False,True,14.143870999987485,0.0059990002228005,0.8205179997275991,191.2470470001608,0.0183830002242757,206.23581800032292
O.MOV,44,O,True,delete,0.5400723814964294,False,delete,False,False,False,True,14.180372999987869,0.0069230000008246,0.818797000192717,193.2030359998862,0.0195100001292303,208.22863900019684
O.MOV,45,O,True,delete,0.5108720660209656,False,delete,False,False,False,True,14.205333999996128,0.0070969999796943,1.1295479998807425,192.9842260001351,0.0180569995791302,208.3442619995708
O.MOV,46,O,True,delete,0.4752453565597534,False,delete,False,False,False,True,14.184715999988384,0.0065660001382639,0.7899129996076226,193.4740970000348,0.0170309999703022,208.4723229997394
O.MOV,47,O,True,delete,0.5199262499809265,False,delete,False,False,False,True,14.137150999999903,0.0073920000431826,0.837697999941156,190.57694200000697,0.0191570002243679,205.5783400002156
O.MOV,48,O,True,Q,0.4897527694702148,False,Q,False,False,False,True,14.215989999968317,0.0060699999266944,0.8137740001075144,190.8010679999279,0.0164489997587224,205.8533509996892
O.MOV,49,O,True,Q,0.621181845664978,False,Q,False,False,False,True,14.1608580000252,0.0066850002440332,0.8364749996871979,199.8677860001408,0.0194080002984264,214.89121200039563
O.MOV,50,O,True,Q,0.5506279468536377,False,Q,False,False,False,True,14.093381999998655,0.0060749998738174,0.8113939998111164,191.29588399982825,0.018592999822431,206.22532799933424
O.MOV,51,O,True,Q,0.6049001812934875,False,Q,False,False,False,True,13.911292000045703,0.0059499998315004,0.8140949998960423,191.2712499997724,0.0216260000343027,206.02421299958
O.MOV,52,O,True,Q,0.587605357170105,False,Q,False,False,False,True,14.091762000020935,0.006130000201665,0.8132409998324874,188.80486699981705,0.0173650000760972,203.7333649999482
O.MOV,53,O,True,Q,0.6345866322517395,False,Q,False,False,False,True,13.990759000023443,0.0074390000008861,0.824962000024243,194.7268409999197,0.019883000277332,209.5698840002456
O.MOV,54,O,True,Q,0.7104849219322205,False,Q,False,False,False,True,14.295744999969884,0.0063159995988826,0.8284000000458036,191.90051399982625,0.0182300000233226,207.0492049994641
O.MOV,55,O,True,Q,0.683093786239624,False,Q,False,False,False,True,14.076524000017798,0.0059730000430135,0.8035830001063005,197.1932450001077,0.0268069998128339,212.10613200008763
O.MOV,56,O,True,Q,0.5549516677856445,False,Q,False,False,False,True,13.852233000022808,0.0067770001805911,0.8265999999821361,188.06486500034225,0.0185149997378175,202.7689900002656
O.MOV,57,O,True,Q,0.5878111720085144,False,Q,False,False,False,True,14.150169999993524,0.0061900000218884,0.8069860000432527,195.15341599981184,0.0187440000445349,210.13550599991504
O.MOV,58,O,True,Q,0.7019386887550354,False,Q,False,False,False,True,14.294733999975051,0.0059519998103496,0.8284370001092611,188.46868200034805,0.0195299999177223,203.61733500016044
O.MOV,59,O,True,Q,0.6994612216949463,False,Q,False,False,False,True,14.080001000024822,0.005871999746887,0.7878360001996043,186.5790009997,0.0205420001293532,201.4732519998006
O.MOV,60,O,True,Q,0.6049463748931885,False,Q,False,False,False,True,14.207935000001726,0.0059050003073934,0.7546259998889582,188.0369320001592,0.0192339998648094,203.02463200022203
O.MOV,61,O,True,Q,0.722693920135498,False,Q,False,False,False,True,14.055984999970406,0.0071839999691292,0.7758130000183883,190.270307999981,0.0314210001306491,205.1407110000696
O.MOV,62,O,True,delete,0.5307782888412476,False,delete,False,False,False,True,14.072200000043722,0.0078030002441664,0.8129160000862612,202.50851999981023,0.0199520000023767,217.4213910001868
O.MOV,63,O,True,delete,0.5702625513076782,False,delete,False,False,False,True,14.402451000023577,0.0096510002549621,0.8595799999966403,218.74766899964013,0.0208100000236299,234.04016099993896
O.MOV,64,O,True,Q,0.7355283498764038,False,Q,False,False,False,True,14.268780000008974,0.013461999969877,0.7869629998822347,192.279980999956,0.0198120001186907,207.3689979999358
O.MOV,65,O,True,Q,0.6881924867630005,False,Q,False,False,False,True,14.230505999989871,0.006409999969037,0.7861750000301981,195.9139249997861,0.0197650001609872,210.9567809999362
O.MOV,66,O,True,Q,0.7643347382545471,False,Q,False,False,False,True,14.151165999976456,0.0069850002546445,0.8127649998641573,194.2159830000492,0.0197579997802677,209.2066569999247
O.MOV,67,O,True,Q,0.6714161038398743,False,Q,False,False,False,True,14.091867999979968,0.0097629999800119,0.826960000267718,194.66832599982808,0.0204469997697742,209.6173639998256
O.MOV,68,O,True,Q,0.5243300199508667,False,Q,False,False,False,True,15.03621399996291,0.0090850003289233,0.8228029996644182,192.58820899995044,0.019116000203212,208.4754270001099
O.MOV,69,O,True,Q,0.7424554824829102,False,Q,False,False,False,True,14.327608000030525,0.0062720000642002,0.7823790001566522,195.1320130001477,0.0164579996635438,210.26473000006263
O.MOV,70,O,True,Q,0.6651145815849304,False,Q,False,False,False,True,14.072978000001513,0.0061700002333964,0.8000200000424229,188.46315300015704,0.0164110001605877,203.35873200059496
O.MOV,71,O,True,Q,0.5884292721748352,False,Q,False,False,False,True,14.230348000012327,0.0072719999479886,0.8030290000533569,190.0824849999481,0.018462999832991,205.1415969997948
O.MOV,72,O,True,delete,0.5599079132080078,False,delete,False,False,False,True,14.126649999980144,0.0062489998526871,0.7738590002190904,190.66708900027152,0.0173959997482597,205.5912430000717
O.MOV,73,O,True,delete,0.7124324440956116,False,delete,False,False,False,True,14.187853999999334,0.0063140000747807,0.8190000003196474,193.0397269998139,0.0216700000237324,208.07456500023136
O.MOV,74,O,True,delete,0.7628352642059326,False,delete,False,False,False,True,14.174003999983142,0.0067949999902339,0.8211499998651561,191.45784200009075,0.019249999695603,206.47904099962489
O.MOV,75,O,True,delete,0.6530947089195251,False,delete,False,False,False,True,14.117743000042536,0.0059630001487676,0.828882999940106,209.7829479998836,0.0197409999600495,224.75527799997508
O.MOV,76,O,True,delete,0.5891053676605225,False,delete,False,False,False,True,14.699042000017926,0.0070360001700464,0.8265500000561588,189.02027900003304,0.0192790002984111,204.5721860005756
O.MOV,77,O,True,delete,0.7598826289176941,False,delete,False,False,False,True,15.508860000011282,0.0063219999901775,0.821315999928629,188.4914120000758,0.0193030000446015,204.8472130000505
O.MOV,78,O,True,delete,0.6464364528656006,False,delete,False,False,False,True,14.008893999971406,0.0073409996730333,0.8002280001164763,193.7425380001514,0.0190810001186036,208.5780820000309
O.MOV,79,O,True,Q,0.5910413861274719,False,Q,False,False,False,True,14.088049000008596,0.0061619998632522,0.8311970000249858,192.2804629998609,0.020415000108187,207.22628599986592
O.MOV,80,O,True,Q,0.505843997001648,False,Q,False,False,False,True,14.065877000007276,0.0067070000113744,0.7603429999107902,193.14422600018588,0.0197990002561709,207.9969520003715
O.MOV,81,O,True,Q,0.4838778972625732,False,Q,False,False,False,True,14.048311999999896,0.0060699999266944,0.7835729998078023,191.3747989997319,0.0203380000129982,206.23309199947929
O.MOV,82,O,True,Q,0.5086784362792969,False,Q,False,False,False,True,14.079982999987806,0.0066019997575494,0.8028700003706035,194.37018999997235,0.0198989996533782,209.2795439997417
O.MOV,83,O,True,delete,0.5923529267311096,False,delete,False,False,False,True,14.109942999994018,0.0069399998210428,0.8935320001910441,191.14900999966267,0.0188770000022486,206.17830199967105
O.MOV,84,O,True,delete,0.6408761143684387,False,delete,False,False,False,True,13.992394000013064,0.0062730000536248,0.8326960000886174,189.6858690001864,0.0191740000445861,204.53640600038625
O.MOV,85,O,True,delete,0.6441680192947388,False,delete,False,False,False,True,14.003169999966758,0.0059130002227902,0.8093530000223836,193.23200999997425,0.0190699997801857,208.0695159999664
O.MOV,86,O,True,delete,0.711317241191864,False,delete,False,False,False,True,14.188280999974268,0.0064830001065274,0.8460509998258203,195.8270559998709,0.019220000012865,210.8870909997904
O.MOV,87,O,True,delete,0.5558608770370483,False,delete,False,False,False,True,14.1275080000014,0.0064170003497565,0.7863030000407889,194.9705469996843,0.0203689996851608,209.9111439997614
O.MOV,88,O,True,Q,0.5435599088668823,False,Q,False,False,False,True,14.034766000008858,0.0062180001805245,0.7730329998594243,191.16028799999185,0.0243929998759995,205.99869799991663
O.MOV,89,O,True,delete,0.5116204619407654,False,delete,False,False,False,True,14.01143499998625,0.0070770001912023,0.8252920001723396,194.8848189999808,0.0173200000972428,209.7459430004278
O.MOV,90,O,True,delete,0.5155162215232849,False,delete,False,False,False,True,14.01828499996327,0.0091599999905156,0.5984879999232362,195.59539600004427,0.0171500000760715,210.23847899999737
O.MOV,91,O,True,delete,0.5360361933708191,False,delete,False,False,False,True,13.997242000016286,0.0067639998633239,0.8210400001189555,188.22298400027648,0.0189180000234046,203.06694800029845
O.MOV,92,O,True,delete,0.6732032895088196,False,delete,False,False,False,True,13.908242000013615,0.0115530001494335,0.8454179996988387,193.35585299995728,0.0197099998331395,208.1407759996523
O.MOV,93,O,True,delete,0.5443748831748962,False,delete,False,False,False,True,14.245018999986314,0.0077830000009271,0.8450469999843335,194.71732800002428,0.019633000192698,209.83481000018853
O.MOV,94,O,True,delete,0.6702104210853577,False,delete,False,False,False,True,14.008567000018957,0.006289999873843,0.8064490002652747,193.8365240002895,0.0193829996533168,208.6772130001009
O.MOV,95,O,True,delete,0.7038825750350952,False,delete,False,False,False,True,14.172709999968449,0.0075000002652814,0.8630930001345405,192.1484700001201,0.0193110004147456,207.2110840009032
O.MOV,96,O,True,delete,0.7793660759925842,False,delete,False,False,False,True,14.135468999995735,0.0067689998104469,0.8026559999052552,192.5354250001874,0.0196209998648555,207.49993999976368
O.MOV,97,O,True,delete,0.7875467538833618,False,delete,False,False,False,True,14.811269999995602,0.0066970001171284,0.8129720004035335,189.9437010001748,0.0173540001924266,205.59199400088343
O.MOV,98,O,True,delete,0.6887952089309692,False,delete,False,False,False,True,14.25976000001583,0.0064070000007632,0.8104570001705724,192.08237000020745,0.0178759996742883,207.1768700000689
O.MOV,99,O,True,delete,0.6507070660591125,False,delete,False,False,False,True,14.145681999991666,0.0057759998526307,0.8056579999902169,192.4434769998697,0.0174620004145253,207.4180550001188
O.MOV,100,O,True,delete,0.7069991230964661,False,delete,False,False,False,True,14.253219000011086,0.0061929999901622,0.4958079998687026,193.7930669996604,0.0189299998964997,208.5672169994268
O.MOV,101,O,True,delete,0.6488208770751953,False,delete,False,False,False,True,14.162371000054463,0.00628499992672,0.8143780000864353,188.6802779999925,0.0163100003192084,203.67962200037937
O.MOV,102,O,True,delete,0.598920464515686,False,delete,False,False,False,True,13.95407599994769,0.0064090004343597,0.804481000159285,191.1447020002015,0.0164580001182912,205.9261260008612
O.MOV,103,O,True,delete,0.6406555771827698,False,delete,False,False,False,True,14.043797999988785,0.0062900003285903,0.503263999689807,202.7401780001128,0.0197019999177427,217.3132320000377
O.MOV,104,O,True,delete,0.6874067187309265,False,delete,False,False,False,True,14.120558999991315,0.0069210000219754,0.5884130000595178,221.54824200015355,0.0195140000869287,236.2836490003133
O.MOV,105,O,True,delete,0.6757723093032837,False,delete,False,False,False,True,14.325572000018385,0.0070390001383202,0.514281000050687,191.6559669998605,0.0198050001927185,206.52266400026065
O.MOV,106,O,True,delete,0.5868078470230103,False,delete,False,False,False,True,14.325561999953608,0.0062280000747705,0.50295900018682,195.94811299975845,0.0195040001926827,210.8023660001664
O.MOV,107,O,True,delete,0.5805766582489014,False,delete,False,False,False,True,14.269903000013072,0.0061139999161241,0.5436510000436101,193.5699740001837,0.0206250001610897,208.4102670003176
O.MOV,108,O,True,delete,0.6129218935966492,False,delete,False,False,False,True,14.158085000019582,0.0065869999161805,0.5121330000292801,193.8584899999114,0.0211439996746776,208.55643899955112
O.MOV,109,O,True,delete,0.6559095978736877,False,delete,False,False,False,True,14.25809299996672,0.0078770003710815,0.8102870001494011,192.98353399972257,0.0178440000127011,208.07763500022247
O.MOV,110,O,True,delete,0.6663603782653809,False,delete,False,False,False,True,14.13300500001924,0.0084550001702154,0.8340770000359043,194.24291099994664,0.0181430000338878,209.23659100020583
O.MOV,111,O,True,delete,0.6707673668861389,False,delete,False,False,False,True,14.200149000032525,0.0083560003076854,0.8834129998831486,192.8869530001976,0.0184539999281696,207.99732500034904
O.MOV,112,O,True,delete,0.5470179915428162,False,delete,False,False,False,True,14.11572500001057,0.0068069998633291,0.5462069998429797,192.94213200009835,0.0170299999808776,207.6279009997961
O.MOV,113,O,True,delete,0.7038189172744751,False,delete,False,False,False,True,14.047091000009004,0.0125339997794071,0.5387140004131652,193.5169059997861,0.0174750002770451,208.13272000026475
O.MOV,114,O,True,delete,0.7100579738616943,False,delete,False,False,False,True,14.287649999971563,0.0073780001912382,0.8240720003414026,194.3912199999432,0.0204120001399132,209.53073200058725
O.MOV,115,O,True,delete,0.804512619972229,False,delete,False,False,False,True,14.265119000015147,0.0072319999162573,0.8483390001856606,194.34880499966312,0.0219620001189468,209.4914569998992
O.MOV,116,O,True,delete,0.7809969186782837,False,delete,False,False,False,True,14.097395999954188,0.0070360001700464,0.7979570000316016,193.25844800005143,0.0196259998119785,208.18046300001924
O.MOV,117,O,True,delete,0.698063850402832,False,delete,False,False,False,True,14.136945000018386,0.0080360000538348,0.8447320001323533,193.38091400004487,0.0190099999599624,208.3896370002094
O.MOV,118,O,True,delete,0.4858979284763336,False,delete,False,False,False,True,14.059521999968185,0.0077479999163188,0.8220690001508046,201.57650999999527,0.0207479997698101,216.48659699980044
O.MOV,119,O,True,delete,0.4708622992038727,False,delete,False,False,False,True,14.34431500001665,0.0068649997047032,0.8606310002505779,198.2798159997401,0.0198900002033042,213.51151699991533
O.MOV,120,O,True,delete,0.4753990769386291,False,delete,False,False,False,True,14.11356099998784,0.0060299998949631,0.8039620001909498,200.110192000011,0.0190470000234199,215.05279200010816
O.MOV,121,O,True,Q,0.5762771964073181,False,Q,False,False,False,True,14.40812100003086,0.0074469999162829,0.7935659996292088,194.37088400036373,0.0193860000763379,209.5994040000164
O.MOV,122,O,True,Q,0.4681948721408844,False,Q,False,False,False,True,14.351643999987118,0.0060870002016599,0.7932650000839203,197.51225199979672,0.0188499998330371,212.68209799990245
O.MOV,123,O,True,delete,0.4578572511672973,False,delete,False,False,False,True,14.181919000009202,0.0061800001276424,0.8657419998598925,193.7303340000653,0.0338849999934609,208.8180600000556
O.MOV,124,O,True,delete,0.556516706943512,False,delete,False,False,False,True,14.287389999992683,0.00615499993728,0.7756649997645582,189.77222100011204,0.018561999695521,204.85999299950208
O.MOV,125,O,True,delete,0.4417178630828857,False,delete,False,False,False,True,14.145214999985,0.0073869996413122,0.8340919998772733,192.7066900002501,0.0198459997591271,207.7132299995128
O.MOV,126,O,True,delete,0.4575347006320953,False,delete,False,False,False,True,14.351615000009588,0.0071290000960289,0.8159730000443233,193.9687600001889,0.0189929996849969,209.16247000002383
O.MOV,127,O,True,delete,0.5471257567405701,False,delete,False,False,False,True,14.240414000028068,0.0066319998950348,0.7891650002420647,197.0675980001033,0.0195030002032581,212.1233120004717
O.MOV,128,O,True,delete,0.4584638774394989,False,delete,False,False,False,True,14.392000999976062,0.0059980002333759,0.7999309996193915,189.8893759998828,0.0183950000973709,205.10570099980896
O.MOV,129,O,True,delete,0.5046969056129456,False,delete,False,False,False,True,14.128660999972452,0.0065350000113539,0.8684180002092035,193.7018569997236,0.0189450001926161,208.7244160001092
O.MOV,130,O,True,delete,0.5278103947639465,False,delete,False,False,False,True,14.012338999975782,0.0073909995990106,0.8697289999872737,193.6442849996638,0.0188439998964895,208.55258799912235
O.MOV,131,O,True,delete,0.5814617276191711,False,delete,False,False,False,True,13.846059999991668,0.0084240000433055,0.943561999974918,202.84429000003,0.0192120000974682,217.66154800013737
O.MOV,132,O,True,delete,0.6811873316764832,False,delete,False,False,False,True,14.075171000001774,0.0065369999902031,0.8208770000237564,193.35505700018984,0.0175290001607208,208.2751710003663
O.MOV,133,O,True,delete,0.7443034648895264,False,delete,False,False,False,True,14.110318000007284,0.0068360000113898,0.8138349999171623,188.90291200023057,0.0190330001714755,203.85293400033788
O.MOV,134,O,True,delete,0.6064968705177307,False,delete,False,False,False,True,14.15399500001513,0.00651399977869,0.8203300003515324,188.97308399982649,0.0184860000445041,203.9724090000164
O.MOV,135,O,True,delete,0.5920343399047852,False,delete,False,False,False,True,14.315003000035633,0.0067549999585025,0.82518599992909,200.3906919999281,0.0228140002036525,215.56045000005497
O.MOV,136,O,True,delete,0.5732566714286804,False,delete,False,False,False,True,14.065264000009847,0.0063249999584513,0.7994439997673908,188.9430139999604,0.0201080001716036,203.83415499986768
O.MOV,137,O,True,Q,0.4578854143619537,False,Q,False,False,False,True,13.91540999998142,0.0057600000218371,0.7660189999114664,187.99616800015428,0.0190250002560787,202.7023820003251
O.MOV,138,O,True,Q,0.5150249004364014,False,Q,False,False,False,True,14.12223099998755,0.0059389999478298,0.8062949996201496,187.3801460001232,0.0192840002455341,202.33389499992427
O.MOV,139,O,True,Q,0.514258623123169,False,Q,False,False,False,True,13.962161999984346,0.0062300000536197,0.8008879999579221,208.1099560000439,0.021949000256427,222.9011850002962
O.MOV,140,O,True,Q,0.5317637920379639,False,Q,False,False,False,True,14.192495000031611,0.0074639997365011,0.9036520000336168,207.0382480001172,0.0213299999813898,222.16318899990029
O.MOV,141,O,True,delete,0.5346603989601135,False,delete,False,False,False,True,14.364010999997843,0.0071879999268276,0.8617159996902046,194.75848199999743,0.0207849998332676,210.0121819994456
O.MOV,142,O,True,delete,0.701062798500061,False,delete,False,False,False,True,13.976670000033664,0.0083100003394065,0.8781029996498546,211.285866000253,0.0170150001395086,226.16596400041544
O.MOV,143,O,True,delete,0.702919065952301,False,delete,False,False,False,True,14.056895999999597,0.0068260001171438,0.8096420001493243,191.21371800019915,0.0237459998970734,206.1108280003623
O.MOV,144,O,True,delete,0.5473883748054504,False,delete,False,False,False,True,14.157938999971975,0.0097449997156218,0.7411860001411696,196.93780799980232,0.0169489999279903,211.86362699955907
O.MOV,145,O,True,delete,0.5641930103302002,False,delete,False,False,False,True,14.193272999989404,0.0102970002444635,0.7802380000612175,211.6772040003525,0.0203529998543672,226.681365000502
O.MOV,146,O,True,delete,0.5715742707252502,False,delete,False,False,False,True,13.936290999993162,0.0066819998210121,0.818010000330105,190.4173240000091,0.019463999706204,205.1977709998596
O.MOV,147,O,True,delete,0.6264851093292236,False,delete,False,False,False,True,13.752018000047885,0.005817000328534,0.8249689999502152,195.9702570002264,0.0197399999706249,210.57280100052367
O.MOV,148,O,True,delete,0.4797361493110657,False,delete,False,False,False,True,14.01895499998318,0.0057830002333503,0.8287760001621791,199.2026600000827,0.0158699999701639,214.0720440004316
O.MOV,149,O,True,Q,0.4770900309085846,False,Q,False,False,False,True,13.851852000016152,0.0074889999268634,0.812734999726672,190.95291599978736,0.0191119997907662,205.64410399924785
O.MOV,150,O,True,delete,0.4707518219947815,False,delete,False,False,False,True,13.82973500000162,0.006409999969037,0.7855940002627904,192.64804899967203,0.0202649998755077,207.29005299978093
O.MOV,151,O,True,Q,0.4702079594135284,False,Q,False,False,False,True,14.036543000031545,0.006179999672895,0.7940619998407783,193.42490500002896,0.0195180000446271,208.2812079996188
P.MOV,0,P,True,delete,0.8209509253501892,False,delete,False,False,False,True,14.177450999966368,0.0102180001704255,0.8208419999391481,195.9424560000116,0.0202920000447193,210.97125900013225
P.MOV,1,P,True,delete,0.7695614099502563,False,delete,False,False,False,True,14.02153700001918,0.0082599999586818,0.7962660001794575,192.04700199998115,0.0207900002351379,206.8938550003736
P.MOV,2,P,True,delete,0.7669724225997925,False,delete,False,False,False,True,14.069246000019575,0.0070380001488956,0.778497000283096,194.2633349999596,0.0203869999495509,209.1385030003608
P.MOV,3,P,True,delete,0.827689528465271,False,delete,False,False,False,True,14.445575000024746,0.0086039999587228,0.7960939997246896,194.5158939997782,0.0218539998968481,209.7880209993832
P.MOV,4,P,True,delete,0.7939640283584595,False,delete,False,False,False,True,14.180834999990566,0.0094390002232103,0.8660319999762578,193.8787959998081,0.0177309998434793,208.9528329998416
P.MOV,5,P,True,delete,0.8101576566696167,False,delete,False,False,False,True,14.12717400000929,0.0079330002336064,0.7759889999761072,192.7726030003214,0.01888599990707,207.70258500044747
P.MOV,6,P,True,delete,0.7898884415626526,False,delete,False,False,False,True,14.042665000033594,0.0073049995990004,0.8697700000084296,189.4821880000564,0.0195520001398108,204.4214799998372
P.MOV,7,P,True,delete,0.7693953514099121,False,delete,False,False,False,True,13.872147999961726,0.010383999779151,0.7853049996811023,187.83615100028328,0.0167400003192597,202.5207280000245
P.MOV,8,P,True,delete,0.761769711971283,False,delete,False,False,False,True,14.138875999947231,0.0065650001488393,0.7738469998912478,187.38195600008112,0.0166780000654398,202.31792200013388
P.MOV,9,P,True,delete,0.7722689509391785,False,delete,False,False,False,True,13.97698099998479,0.0069039997470099,0.8172470002136834,186.8531919999441,0.019106000308966,201.6734300001985
P.MOV,10,P,True,delete,0.7696226835250854,False,delete,False,False,False,True,13.94447500001661,0.0077260001489776,0.7622260000061942,193.4642480000548,0.0200569998014543,208.19873200002803
P.MOV,11,P,True,delete,0.7883024215698242,False,delete,False,False,False,True,13.903956000035578,0.0064810001276782,0.7574330002171337,191.9028889997208,0.0200819999918167,206.5908410000929
P.MOV,12,P,True,delete,0.7566424012184143,False,delete,False,False,False,True,13.941299999999046,0.0071750000643078,0.8103039999696193,190.27104799988592,0.0349130000358854,205.0647399999548
P.MOV,13,P,True,delete,0.7139776945114136,False,delete,False,False,False,True,13.893993000010596,0.0060339998526615,0.790704999872105,187.3619719999624,0.0198950001504272,202.0725989998482
P.MOV,14,P,True,delete,0.7045025825500488,False,delete,False,False,False,True,14.28779099995836,0.005945999873802,0.7703460000811901,189.53279299967107,0.01891700003398,204.6157929996184
P.MOV,15,P,True,delete,0.719708263874054,False,delete,False,False,False,True,14.07665899995436,0.0068560002546291,0.9064700002454628,188.75190300013853,0.0204149996534397,203.76230300024645
P.MOV,16,P,True,delete,0.6625694632530212,False,delete,False,False,False,True,14.121003000013843,0.0068409999585128,0.7967070000631793,187.5158230000125,0.0203950003196951,202.4607690003677
P.MOV,17,P,True,delete,0.5936437249183655,False,delete,False,False,False,True,13.988964000020587,0.0071350000325764,0.794196000242664,192.9062210001576,0.0204759999178349,207.7169920003712
P.MOV,18,P,True,delete,0.5565171241760254,False,delete,False,False,False,True,14.085195000006934,0.0068190001911716,0.8432590002485085,193.48607999972955,0.019080000129179,208.4404330003053
P.MOV,19,P,True,delete,0.5185344219207764,False,delete,False,False,False,True,14.59392999998954,0.0079890000961313,0.8393960001740197,188.91184099993552,0.0192590000551717,204.3724150002504
P.MOV,20,P,True,delete,0.5572006702423096,False,delete,False,False,False,True,14.05937599997742,0.0063649999901826,0.7856160000301315,188.2059590002428,0.0204049997591937,203.07772099999968
P.MOV,21,P,True,delete,0.5613916516304016,False,delete,False,False,False,True,13.950724000039829,0.0065059998632932,0.7951779998620623,188.5787999999593,0.0191320000340056,203.3503399997585
P.MOV,22,P,True,delete,0.6034131050109863,False,delete,False,False,False,True,13.919227999963368,0.0063000002228363,0.8013340002435143,187.72349999972,0.0187069999810773,202.4690690001308
P.MOV,23,P,True,delete,0.5315304398536682,False,delete,False,False,False,True,13.946161000035318,0.0077260001489776,0.5520220001926646,191.0522769999261,0.0204020002456672,205.5785880005488
P.MOV,24,P,True,delete,0.5709914565086365,False,delete,False,False,False,True,14.03091200000972,0.005950999820925,0.7664320000912994,188.04028099975767,0.0188340000022435,202.86240999968183
P.MOV,25,P,True,delete,0.5903541445732117,False,delete,False,False,False,True,13.950044000011983,0.0074759996095963,0.7715870001447911,189.56261199991783,0.0196930000129214,204.3114119996972
P.MOV,26,P,True,delete,0.554051399230957,False,delete,False,False,False,True,14.139626000030605,0.00674299963066,0.8066959999268875,199.6452519997547,0.0182970002242655,214.6166139995671
P.MOV,27,P,True,delete,0.592780590057373,False,delete,False,False,False,True,14.070536000019729,0.0065690001065377,0.8348030000888684,201.3363070000196,0.0220140000237734,216.2702290002585
P.MOV,28,P,True,delete,0.645707905292511,False,delete,False,False,False,True,14.104019000001244,0.0060200000007171,0.7895779999671504,216.5630660001625,0.0174639999386272,231.48014700007025
P.MOV,29,P,True,delete,0.6639077067375183,False,delete,False,False,False,True,13.864985999987312,0.0075759999162983,0.8549099998163001,194.38528000000588,0.0178379996214061,209.1305899993472
P.MOV,30,P,True,delete,0.6675877571105957,False,delete,False,False,False,True,14.089949999970486,0.0190199998542084,0.8068429997365456,194.1136760001428,0.0170150001395086,209.04650399984348
P.MOV,31,P,True,delete,0.7534512877464294,False,delete,False,False,False,True,14.0645710000058,0.007700000423938,0.8073990002230857,194.9258469999222,0.0177629999598138,209.82328000053485
P.MOV,32,P,True,delete,0.6768630146980286,False,delete,False,False,False,True,14.341983999997865,0.0066650000007939,0.8021769999686512,191.6194099999302,0.0176980001924675,206.78793400009
P.MOV,33,P,True,delete,0.6591777205467224,False,delete,False,False,False,True,14.142846999959602,0.0079729998105904,0.8271090000562253,195.44012599999405,0.0257859996963816,210.44384099951685
P.MOV,34,P,True,delete,0.6560856699943542,False,delete,False,False,False,True,14.149565000025175,0.0076930000432184,0.7796799995958281,195.95115400034047,0.017591999949218,210.9056839999539
P.MOV,35,P,True,delete,0.5891738533973694,False,delete,False,False,False,True,14.21490199999198,0.0061659998209506,0.7747190002191928,189.2657479997979,0.019438999970589,204.2809739998006
P.MOV,36,P,True,delete,0.662902295589447,False,delete,False,False,False,True,14.060948999997436,0.0076559999797609,0.8877240002220788,194.2895750003117,0.0213280000025406,209.2672320005136
P.MOV,37,P,True,delete,0.637624204158783,False,delete,False,False,False,True,14.163611000014953,0.0068209997152735,0.8051970003180031,192.2680890002084,0.0209489999178913,207.2646670001745
P.MOV,38,P,True,delete,0.5995733737945557,False,delete,False,False,False,True,14.001209000014114,0.0078470002335961,0.8076650001385133,197.88181300009447,0.0182500002665619,212.7167840007473
P.MOV,39,P,True,delete,0.5540682077407837,False,delete,False,False,False,True,14.155700000003437,0.0281880002148682,0.7780870000715367,195.82274399999733,0.0207250000130443,210.8054440003002
P.MOV,40,P,True,delete,0.6221272945404053,False,delete,False,False,False,True,14.160607000007984,0.0074160002441203,0.7476750001842447,191.51315100043576,0.0181279997377714,206.44697700060988
P.MOV,41,P,True,delete,0.5644179582595825,False,delete,False,False,False,True,14.394086000038442,0.0072329999056819,0.7838679998712905,192.9814539998916,0.0168229998962488,208.1834639996032
P.MOV,42,P,True,delete,0.7345914840698242,False,delete,False,False,False,True,14.333706000002168,0.0065839999479067,0.7672049996472197,193.14519400040808,0.0208080000447807,208.27349700005016
P.MOV,43,P,True,delete,0.7378294467926025,False,delete,False,False,False,True,14.185964999967382,0.0073240003075625,0.7641480001439049,195.568337000168,0.0188740000339748,210.5446480006208
P.MOV,44,P,True,delete,0.5977419018745422,False,delete,False,False,False,True,14.04979699998421,0.0065899998844543,0.7562629998574266,190.9020510001937,0.0196949999917706,205.7343959999116
P.MOV,45,P,True,delete,0.5851079225540161,False,delete,False,False,False,True,14.027815999952509,0.006928000402695,0.8228639999288134,194.2272490000505,0.0200429999495099,209.10490000028403
P.MOV,46,P,True,delete,0.6484203338623047,False,delete,False,False,False,True,14.163736000000426,0.0093359999482345,0.8051600002545456,197.82733600004576,0.0202680002985289,212.8258360005475
P.MOV,47,P,True,delete,0.7699882984161377,False,delete,False,False,False,True,13.991902999975991,0.0080879999586613,0.8040279999477207,196.98972600008344,0.0175630002559046,211.8113080002217
P.MOV,48,P,True,delete,0.7532859444618225,False,delete,False,False,False,True,14.114064000011696,0.006833000043116,0.7914739999250742,193.4241419999125,0.0202750002245011,208.3567880001169
P.MOV,49,P,True,delete,0.7605291604995728,False,delete,False,False,False,True,13.922631000014007,0.0067649998527485,0.7896699999037082,192.9111330000524,0.0189919996955723,207.6491909995184
P.MOV,50,P,True,delete,0.7375764846801758,False,delete,False,False,False,True,14.431498000021747,0.0075200000537734,0.7990859999154054,197.4564350002765,0.0202480000552895,212.7147870003228
P.MOV,51,P,True,delete,0.719266951084137,False,delete,False,False,False,True,14.108469000007062,0.0090270000328018,0.8065759998316935,202.69527499976903,0.0213429998439096,217.6406899994845
P.MOV,52,P,True,delete,0.6595447063446045,False,delete,False,False,False,True,13.96786399999428,0.006599000244023,0.7821889998922416,195.2606560003005,0.0204909997592039,210.03779900019023
P.MOV,53,P,True,delete,0.6572467684745789,False,delete,False,False,False,True,14.12887399999363,0.0068670001382997,0.7800280000083148,193.08190699985064,0.018991000160895,208.01666700015176
P.MOV,54,P,True,delete,0.6374713182449341,False,delete,False,False,False,True,14.187935999984802,0.0065389999690523,0.7374389997494291,193.06546499956312,0.0196599999071622,208.0170389991736
P.MOV,55,P,True,delete,0.6415947079658508,False,delete,False,False,False,True,14.183848999948625,0.006429999757529,0.7359199998973054,193.6207540002215,0.0193079999917245,208.56626099981668
P.MOV,56,P,True,delete,0.6362991333007812,False,delete,False,False,False,True,14.197432000003118,0.0065750000430853,0.813919999927748,194.2459289998624,0.0207090001822507,209.28456500001857
P.MOV,57,P,True,delete,0.6662957668304443,False,delete,False,False,False,True,14.32351099998641,0.0069410002652148,0.8086069997261802,194.8133119999511,0.0196959999811952,209.9720669999101
P.MOV,58,P,True,delete,0.6553018689155579,False,delete,False,False,False,True,14.144612999984927,0.0068040003498026,0.8229069999288185,195.7260330000281,0.0173539997376792,210.7177110000293
P.MOV,59,P,True,delete,0.5722370147705078,False,delete,False,False,False,True,14.052488999993784,0.0073109999902953,0.8321000000250933,194.159755000328,0.0173029998222773,209.06895800015943
P.MOV,60,P,True,delete,0.5960072875022888,False,delete,False,False,False,True,14.010632999998052,0.0071320000643027,0.7711009998274676,192.2225780003828,0.0171380002029764,207.0285820004756
P.MOV,61,P,True,delete,0.6345654129981995,False,delete,False,False,False,True,14.011790000040492,0.0068980002652097,0.797972000327718,192.73573400005264,0.0191029998859448,207.571497000572
P.MOV,62,P,True,delete,0.655791163444519,False,delete,False,False,False,True,14.211955999996915,0.0067830001171387,0.7305910003196914,188.37474000019932,0.016441000298073,203.3405110009312
P.MOV,63,P,True,delete,0.662109911441803,False,delete,False,False,False,True,13.877140000033704,0.0063709999267302,0.7595020001645025,192.8385269998216,0.0178649997906177,207.4994049997372
P.MOV,64,P,True,delete,0.7269237637519836,False,delete,False,False,False,True,13.95126100004518,0.006075999863242,0.777550999828236,194.73195399996257,0.0362029995812918,209.5030449992805
P.MOV,65,P,True,delete,0.6619300842285156,False,delete,False,False,False,True,13.936987999954908,0.0068220001594454,0.8059189999585215,191.54779000018607,0.0194519998331088,206.31697100009205
P.MOV,66,P,True,delete,0.6546733379364014,False,delete,False,False,False,True,14.145753999969202,0.0065660001382639,0.7981270000527729,192.60574300005828,0.01942400012922,207.5756140003477
P.MOV,67,P,True,delete,0.4796360433101654,False,delete,False,False,False,True,13.977346999979543,0.0072530001489212,0.8118790001390153,203.8125089998175,0.03295300030004,218.64194100038503
P.MOV,68,P,True,delete,0.5095532536506653,False,delete,False,False,False,True,13.905237000017223,0.0059239996517135,0.7526300000790798,195.77041499997,0.0197620001927134,210.45396799991067
P.MOV,69,P,True,delete,0.7068813443183899,False,delete,False,False,False,True,13.98299400000269,0.0070040000537119,0.8438220002062735,215.7145090000085,0.0212939999073569,230.56962300017852
P.MOV,70,P,True,delete,0.701776385307312,False,delete,False,False,False,True,14.195395999990978,0.0068959998316131,0.8109810000860307,189.28488900019147,0.0204049997591937,204.31856699985929
P.MOV,71,P,True,delete,0.5420106053352356,False,delete,False,False,False,True,13.963949000014964,0.0066170000536658,0.7554680000794178,189.4247139998697,0.0192970001080539,204.1700450001258
P.MOV,72,P,True,delete,0.6045923829078674,False,delete,False,False,False,True,13.989564999974393,0.0064020000536402,0.7484650000151305,193.5244999999668,0.0190529999599675,208.28798499996992
P.MOV,73,P,True,delete,0.6982371807098389,False,delete,False,False,False,True,14.161693999994895,0.007703999926889,0.8030389999476029,188.26921100026084,0.0189259999388013,203.26057400006903
P.MOV,74,P,True,delete,0.6895484924316406,False,delete,False,False,False,True,14.013240000053884,0.0070350001806218,0.867558000209101,189.63668599963057,0.0196810001398262,204.544200000214
P.MOV,75,P,True,delete,0.7037427425384521,False,delete,False,False,False,True,13.976836000040294,0.0071429999479732,0.7972180001161178,191.2338780002756,0.019126000097458,206.03420100047745
P.MOV,76,P,True,delete,0.7188774347305298,False,delete,False,False,False,True,13.8996059999954,0.0065350000113539,0.7578589998047391,189.4856369999616,0.0168369997481931,204.1664739995213
P.MOV,77,P,True,delete,0.7340406179428101,False,delete,False,False,False,True,14.154552999968928,0.0067559999479271,0.8719719999135123,188.9208419997885,0.016559999949095,203.970682999568
P.MOV,78,P,True,delete,0.8117371201515198,False,delete,False,False,False,True,14.200349000020651,0.0067900000431109,0.7568979999632575,191.2724389999312,0.0203089998649375,206.2567849998232
P.MOV,79,P,True,delete,0.6850085854530334,False,delete,False,False,False,True,14.114526000014394,0.0066480001805757,0.8084609999059467,191.49524299973564,0.0194949998331139,206.44437299966967
P.MOV,80,P,True,delete,0.6883533596992493,False,delete,False,False,False,True,13.967731999969146,0.0062330000218935,0.757478000195988,193.16089099993405,0.0168760002452472,207.9092100003664
P.MOV,81,P,True,delete,0.6541816592216492,False,delete,False,False,False,True,13.95848599997862,0.0065419999373261,0.7956270001159282,187.0085860000472,0.0172390000443556,201.78648000012345
P.MOV,82,P,True,delete,0.6557842493057251,False,delete,False,False,False,True,14.043777999972916,0.0072799998633854,0.7822430002306646,188.4054910001396,0.0167180000971711,203.25551000030373
P.MOV,83,P,True,delete,0.7938016653060913,False,delete,False,False,False,True,13.9944790000186,0.0061169998843979,0.7734619998700509,187.64092299988988,0.0167580001289024,202.43173899979183
P.MOV,84,P,True,delete,0.7701122164726257,False,delete,False,False,False,True,13.97489100003213,0.0059469998632266,0.7670340000913711,188.15052299987656,0.0163869999596499,202.9147819998229
P.MOV,85,P,True,delete,0.8155860304832458,False,delete,False,False,False,True,14.031048999981977,0.0074829999903158,0.956080999912956,187.7790329999698,0.0186740003300656,202.7923200001851
P.MOV,86,P,True,delete,0.7837973833084106,False,delete,False,False,False,True,14.20649500005311,0.0064539999584667,0.7536980001532356,187.62304299980315,0.019908000012947,202.6095979999809
P.MOV,87,P,True,delete,0.7505043148994446,False,delete,False,False,False,True,13.910306999946442,0.0069870002334937,0.7865779998610378,187.9986290000488,0.0199780001821636,202.722479000272
P.MOV,88,P,True,delete,0.7691680192947388,False,delete,False,False,False,True,13.980394999975942,0.0067380001382844,0.7475590000467491,188.8132349999978,0.0199199998860422,203.5678470000448
P.MOV,89,P,True,delete,0.6846728324890137,False,delete,False,False,False,True,14.150217999997494,0.0068149997787259,0.7391019998976844,190.0746990004336,0.0189519996638409,204.98978599977136
P.MOV,90,P,True,delete,0.7092553377151489,False,delete,False,False,False,True,14.244103999999425,0.0072230000114359,0.7433749997289851,188.41020699983343,0.0160649997269501,203.42097399930023
P.MOV,91,P,True,delete,0.5923798680305481,False,delete,False,False,False,True,13.89432600001328,0.0063830002545728,0.7329000000027008,187.0914460000677,0.0190579999070905,201.7441130002453
P.MOV,92,P,True,delete,0.610443115234375,False,delete,False,False,False,True,13.891479999983858,0.006628999926761,0.8105379997687123,194.71961599992937,0.0189599995792377,209.447222999188
P.MOV,93,P,True,delete,0.6878126263618469,False,delete,False,False,False,True,14.080685999999789,0.0064529999690421,0.7539660000475124,200.98946899997827,0.0203190002139308,215.8508930002085
P.MOV,94,P,True,delete,0.628981351852417,False,delete,False,False,False,True,13.927297000009276,0.0088380002125632,0.8106360000965651,196.17255899993324,0.019908000012947,210.9392380002646
P.MOV,95,P,True,delete,0.6312472224235535,False,delete,False,False,False,True,14.09858400000985,0.0068059998739045,0.7835989999875892,190.59813000012585,0.016790000245237,205.5039090002424
P.MOV,96,P,True,delete,0.6601045727729797,False,delete,False,False,False,True,14.08273800001325,0.0077610002335859,0.7703309997850738,196.5630309996413,0.0327899997500935,211.4566509994233
P.MOV,97,P,True,delete,0.6619974970817566,False,delete,False,False,False,True,13.975929999958224,0.0076850001278216,0.8489320002809109,198.42749899999035,0.0178889999915554,213.2779350003489
P.MOV,98,P,True,delete,0.687638521194458,False,delete,False,False,False,True,14.343489999987469,0.0092089999270683,0.8115390000966727,194.9397439998393,0.0354839999090472,210.13946599975952
P.MOV,99,P,True,delete,0.7351138591766357,False,delete,False,False,False,True,13.8729600000147,0.0085880001279292,0.9090240000659832,191.48655099979808,0.0203320000764506,206.29745500008312
P.MOV,100,P,True,delete,0.7602258324623108,False,delete,False,False,False,True,14.028982000013457,0.0065250001171079,0.8031749998735904,188.9969670000937,0.0202790001821995,203.85592800028007
P.MOV,101,P,True,delete,0.7366518378257751,False,delete,False,False,False,True,14.08675699997275,0.0069899997470201,0.8440409997092502,195.57956700009527,0.018777000150294,210.53613199967452
P.MOV,102,P,True,delete,0.6794704794883728,False,delete,False,False,False,True,14.078521000044477,0.0063460001911153,0.7631919997947989,189.1464570003336,0.019871999938914,204.0143880003029
P.MOV,103,P,True,delete,0.7356367707252502,False,delete,False,False,False,True,13.879394000014145,0.0062459998844133,0.7639700002073369,189.4834089998767,0.0199589999283489,204.1529779999109
P.MOV,104,P,True,delete,0.6836960911750793,False,delete,False,False,False,True,13.934736999999586,0.0066020002122968,0.8661679999022454,191.6553600003681,0.0185870003406307,206.48145400082285
P.MOV,105,P,True,delete,0.6353633403778076,False,delete,False,False,False,True,14.301694999971916,0.0067470000431058,0.7659359998797299,193.38282700027776,0.0172309996742114,208.47443599984672
P.MOV,106,P,True,delete,0.6792854070663452,False,delete,False,False,False,True,14.1551660000232,0.0067850000959879,0.8228239998970821,190.055661000315,0.0168460001077619,205.05728200043905
P.MOV,107,P,True,delete,0.7188112735748291,False,delete,False,False,False,True,14.236664000009114,0.0059139997574675,0.8024219996514148,194.36117999975977,0.0170640000760613,209.42324399925383
P.MOV,108,P,True,delete,0.793182373046875,False,delete,False,False,False,True,14.053606000004493,0.0070350001806218,0.7553730001745862,205.72735599989755,0.0201670000024023,220.56353700025969
P.MOV,109,P,True,delete,0.7765724062919617,False,delete,False,False,False,True,14.279649000002337,0.0075059997470816,0.8484449999741628,205.8174339999823,0.0203669997063116,220.9734009994122
P.MOV,110,P,True,delete,0.7229022979736328,False,delete,False,False,False,True,14.07673099998874,0.0069940001594659,0.7689690000916016,208.95700300025047,0.0206319996323145,223.83032900012267
P.MOV,111,P,True,delete,0.686475932598114,False,delete,False,False,False,True,13.972952000017358,0.0073719997999432,0.7509039996875799,192.77428299983512,0.0198749999071878,207.5253859992472
P.MOV,112,P,True,delete,0.7659977674484253,False,delete,False,False,False,True,14.12369999997054,0.0066180000430904,0.7422889998451865,191.14403899993704,0.0195740003618993,206.03622000015773
P.MOV,113,P,True,delete,0.7641305327415466,False,delete,False,False,False,True,14.15585799998098,0.0061150003602961,0.7612200001858582,199.00366599995323,0.039142999867181,213.9660020003476
P.MOV,114,P,True,delete,0.7967920303344727,False,delete,False,False,False,True,14.240899000014906,0.0074820000008912,0.7484100001420302,191.5552779996688,0.0199480000446783,206.57201699987127
P.MOV,115,P,True,delete,0.7965937852859497,False,delete,False,False,False,True,14.160032000006597,0.0068730000748473,0.7618529998580925,191.80583600018508,0.0221740001506987,206.7567680002753
P.MOV,116,P,True,delete,0.772117555141449,False,delete,False,False,False,True,14.300705999971797,0.0067519999902287,0.7366330000877497,193.9948519998325,0.0200049998966278,209.0589479997789
P.MOV,117,P,True,delete,0.7883942723274231,False,delete,False,False,False,True,15.03218900001002,0.0072080001700669,0.7647400002497307,193.2597109998824,0.0201640000341285,209.08401200034632
P.MOV,118,P,True,delete,0.7926735877990723,False,delete,False,False,False,True,14.19562399996721,0.0068720000854227,0.7643809999535733,191.35462299982464,0.0194690001080743,206.34096899993887
P.MOV,119,P,True,delete,0.7700979113578796,False,delete,False,False,False,True,14.061684000012065,0.0065439999161753,0.8376650002901442,191.7832720000661,0.0171350002347026,206.70630000051915
P.MOV,120,P,True,delete,0.8496200442314148,False,delete,False,False,False,True,14.069194000001062,0.0070779997258796,0.7986559999153542,191.23491899972572,0.0188359999810927,206.1286829993492
P.MOV,121,P,True,delete,0.8530460000038147,False,delete,False,False,False,True,14.156834000004892,0.0077610002335859,0.790105999840307,195.3202429999692,0.0209260001611255,210.2958700002091
P.MOV,122,P,True,delete,0.8812397718429565,False,delete,False,False,False,True,13.856034000014006,0.0074810000114666,0.7879309996496886,191.3329760000124,0.0185099997906945,206.00293199947828
P.MOV,123,P,True,delete,0.969235897064209,False,delete,False,False,False,True,14.00513500004763,0.0070839996624272,0.8225830001720169,192.1384249999392,0.018921999981103,206.9921489998024
P.MOV,124,P,True,delete,0.9702993035316468,False,delete,False,False,False,True,13.860419999957683,0.0124739999591838,0.7889060002526094,191.88404099986656,0.0172139998539933,206.56305499989003
P.MOV,125,P,True,delete,0.9432616829872132,False,delete,False,False,False,True,13.999382999998032,0.0067750002017419,0.7642739997208992,191.65931599991384,0.0199539999812259,206.4497019998157
P.MOV,126,P,True,delete,0.8265619874000549,False,delete,False,False,False,True,13.861259999998763,0.0065809999796329,0.7745299999442068,189.1599029995632,0.0200549998226051,203.8223289993084
P.MOV,127,P,True,delete,0.8276262879371643,False,delete,False,False,False,True,14.155387000016615,0.0060990000747551,0.7344140003624489,189.68581299986909,0.0191270000868826,204.6008400004098
P.MOV,128,P,True,delete,0.754700243473053,False,delete,False,False,False,True,14.560019000043669,0.0074909999057126,0.855306000175915,190.8208529998774,0.019987000086985,206.26365600008967
P.MOV,129,P,True,delete,0.8034712076187134,False,delete,False,False,False,True,14.222367999991548,0.0066959996729565,0.7655320000594656,188.84316899993792,0.0207309999495919,203.85849599961148
P.MOV,130,P,True,delete,0.7091514468193054,False,delete,False,False,False,True,13.931810000030964,0.0063969996517698,0.726268000107666,193.23271999974168,0.0173440002981806,207.91453899983023
P.MOV,131,P,True,delete,0.7252907752990723,False,delete,False,False,False,True,14.145888000030029,0.0064969999584718,0.7325799997488502,190.74971899999585,0.0195550001080846,205.65423899984123
P.MOV,132,P,True,delete,0.7833399176597595,False,delete,False,False,False,True,14.046144000019469,0.0058830000853049,0.749930999973003,191.893288999836,0.0202770002033503,206.71552400011703
P.MOV,133,P,True,delete,0.8035125136375427,False,delete,False,False,False,True,14.127616999985548,0.0069339998844952,0.7654289997844899,192.12377100029693,0.0208159999601775,207.0445669999117
P.MOV,134,P,True,delete,0.6548949480056763,False,delete,False,False,False,True,14.15795299999445,0.0056120002227544,0.7491510000363633,192.8281139998944,0.0187209998330217,207.759550999981
P.MOV,135,P,True,delete,0.6496442556381226,False,delete,False,False,False,True,14.057963000027485,0.0064999999267456,0.7395829998131376,189.4189139998161,0.0193309997484902,204.242290999332
P.MOV,136,P,True,delete,0.7292529940605164,False,delete,False,False,False,True,14.34203299999126,0.0060819997997896,0.7563809999737714,193.20031699999163,0.0222570001824351,208.32706999993889
P.MOV,137,P,True,delete,0.7871623635292053,False,delete,False,False,False,True,14.334362999989024,0.0068600002123275,0.7524329998886969,192.50678899970808,0.0194429999282874,207.6198879997264
P.MOV,138,P,True,delete,0.7643835544586182,False,delete,False,False,False,True,13.753704999999172,0.0061920000007376,0.7305340000129945,196.42390400031212,0.0197179997485363,210.9340530000736
P.MOV,139,P,True,delete,0.7215039134025574,False,delete,False,False,False,True,13.856126999996832,0.0062640001488034,0.7331319998229446,192.23679200013063,0.0197200001821329,206.85203500028132
P.MOV,140,P,True,delete,0.7152681350708008,False,delete,False,False,False,True,14.1457689999811,0.0059250000958854,0.7447019997925963,191.93085599999904,0.0193060000128753,206.8465579998815
P.MOV,141,P,True,delete,0.6828873753547668,False,delete,False,False,False,True,13.96283299999368,0.0078279999797814,0.7761560000290046,192.7446469999268,0.0204170000870362,207.51188100001627
P.MOV,142,P,True,delete,0.6835857629776001,False,delete,False,False,False,True,15.599795000014185,0.0078759999269095,0.8016970000426227,195.020115999796,0.0201299999389448,211.44961399971865
Q.MOV,0,Q,True,P,0.7793383598327637,False,P,False,False,False,True,14.259385999991991,0.0088759998106979,0.9174790002361988,193.90067399990585,0.0202559999706863,209.10667099991545
Q.MOV,1,Q,True,P,0.7856290936470032,False,P,False,False,False,True,14.055353999992803,0.0069870002334937,0.9152809998340672,192.5034659998346,0.0195580000763584,207.5006459999713
Q.MOV,2,Q,True,P,0.898344099521637,False,P,False,False,False,True,13.97520800003349,0.0066839997998613,0.8482680000270193,199.7085560001324,0.0205520000235992,214.5592680000164
Q.MOV,3,Q,True,P,0.7029698491096497,False,P,False,False,False,True,13.886805999959506,0.0066150000748166,0.852863999625697,213.54902199982465,0.0216409998756716,228.3169479993603
Q.MOV,4,Q,True,P,0.7435053586959839,False,P,False,False,False,True,14.489643999979762,0.0075230000220471,1.0409449996586773,192.0032960001663,0.0198200000340875,207.56122799986088
Q.MOV,5,Q,True,P,0.7154933214187622,False,P,False,False,False,True,14.138738000042396,0.006931999905646,0.8235770001192577,191.83510399989245,0.0168980000125884,206.8212489999724
Q.MOV,6,Q,True,P,0.8207334280014038,False,P,False,False,False,True,13.912881000010202,0.0060239999584155,0.819269999738026,188.4480510002504,0.0166499999068037,203.20287599986383
Q.MOV,7,Q,True,P,0.6953853368759155,False,P,False,False,False,True,14.081743000019742,0.0060889997257618,0.8101830003397481,186.11311199993,0.0170319999597268,201.0281589999749
Q.MOV,8,Q,True,P,0.7058563828468323,False,P,False,False,False,True,13.831686999992598,0.0063780003074498,0.8695419996911369,194.42876999983127,0.0205480000659008,209.1569249998884
Q.MOV,9,Q,True,P,0.6305341720581055,False,P,False,False,False,True,14.00413299995762,0.0076310002441459,0.8220869999604474,188.27778400009265,0.017238000054931,203.1288730003098
Q.MOV,10,Q,True,P,0.6218047738075256,False,P,False,False,False,True,13.94202299997005,0.0064139999267354,0.8868989998518373,190.1220089998788,0.0176100002136081,204.97495499984092
Q.MOV,11,Q,True,P,0.7337425947189331,False,P,False,False,False,True,14.106986999991022,0.0067790001594403,0.7928489999358135,187.57551499993497,0.0167279999914171,202.49885800001263
Q.MOV,12,Q,True,P,0.6913616061210632,False,P,False,False,False,True,14.110805999962396,0.0058570003602653,0.8672169997225865,187.9637410002033,0.0212499999179271,202.96887100016647
Q.MOV,13,Q,True,P,0.6893101334571838,False,P,False,False,False,True,14.081551000003856,0.007605000064359,0.852535999911197,193.98950400000103,0.0181259997589222,208.94932199973937
Q.MOV,14,Q,True,P,0.711512565612793,False,P,False,False,False,True,14.030493999996452,0.0063210000007529,0.7990340000105789,198.8174699999945,0.0159609999172971,213.6692799999196
Q.MOV,15,Q,True,P,0.5742151737213135,False,P,False,False,False,True,13.968081000029995,0.0073329997576365,0.7964870001160307,194.26238599999124,0.0190569999176659,209.05334399981257
Q.MOV,16,Q,True,P,0.5583256483078003,False,P,False,False,False,True,13.948905000006562,0.0061629998526768,0.781699000071967,195.10191300014407,0.0202139999601058,209.85889400003543
Q.MOV,17,Q,True,P,0.662870466709137,False,P,False,False,False,True,14.090486999975838,0.0066679999690677,0.8262629999080673,190.44759899998093,0.0192170000445912,205.3902339998785
Q.MOV,18,Q,True,P,0.8220813274383545,False,P,False,False,False,True,14.359337999962918,0.0071469999056716,0.8845410002322751,192.3542790000284,0.01699299991742,207.6222980000466
Q.MOV,19,Q,True,P,0.7774370312690735,False,P,False,False,False,True,14.026232000048822,0.0063879997469484,0.8245760000136215,192.00762700029367,0.0167819998750928,206.8816049999782
Q.MOV,20,Q,True,P,0.6851406693458557,False,P,False,False,False,True,13.9082239999766,0.0058279997574572,0.7768469999973604,191.4752990001034,0.0173579996953776,206.1835559995302
Q.MOV,21,Q,True,P,0.7826060652732849,False,P,False,False,False,True,14.071915999977591,0.0066279999373364,0.8079449999058852,192.61751000021832,0.0163780000548285,207.520377000094
Q.MOV,22,Q,True,P,0.7117290496826172,False,P,False,False,False,True,13.967202000003454,0.0239880000663106,0.831641999866406,187.3565099999724,0.019328999769641,202.1986709996781
Q.MOV,23,Q,True,P,0.8278278708457947,False,P,False,False,False,True,14.137266999966869,0.0061470000218832,0.8467060001748905,188.71338799999648,0.0202599999283847,203.7237680000885
Q.MOV,24,Q,True,P,0.6746074557304382,False,P,False,False,False,True,13.884500000017397,0.0063790002968744,0.8100929999272921,188.16016399978253,0.0205999999707273,202.8817359999948
Q.MOV,25,Q,True,P,0.824090301990509,False,P,False,False,False,True,14.271462000010615,0.0067959999796585,0.8126940001602634,187.77488800014908,0.0172299996847868,202.8830699999844
Q.MOV,26,Q,True,P,0.6358476877212524,False,P,False,False,False,True,14.141427999959433,0.0071449999268224,0.8404640002481756,191.2870069995733,0.0184509999598958,206.29449499966768
Q.MOV,27,Q,True,P,0.6472259163856506,False,P,False,False,False,True,14.21058900001526,0.0056809999477991,0.8526319998054532,192.6671989999704,0.0171930000760767,207.753293999815
Q.MOV,28,Q,True,P,0.7487968802452087,False,P,False,False,False,True,14.159458999984054,0.0062839999372954,0.8285419999083388,188.102747999892,0.0163959998644713,203.11342899958612
Q.MOV,29,Q,True,P,0.8058834075927734,False,P,False,False,False,True,13.956721999988986,0.0064339997152274,0.8934509996834095,188.1169000002956,0.0168060000760306,202.99031299975923
Q.MOV,30,Q,True,P,0.8374333381652832,False,P,False,False,False,True,14.207971000018915,0.0063560000853613,0.8271470001091075,189.4232869999541,0.0486899998577428,204.51345100002527
Q.MOV,31,Q,True,P,0.8535980582237244,False,P,False,False,False,True,13.906045999988237,0.0217410001823736,0.7923870002741751,198.5936129999573,0.0171830001818307,213.33097000058387
Q.MOV,32,Q,True,P,0.8135414123535156,False,P,False,False,False,True,14.050865000001522,0.0063499996940663,0.818249000076321,188.22689199987508,0.0179450003088277,203.12030099995584
Q.MOV,33,Q,True,P,0.7897452712059021,False,P,False,False,False,True,14.147473999969408,0.0058649998209148,0.8072279997577425,190.31972099992345,0.0180850001925136,205.298372999664
Q.MOV,34,Q,True,P,0.7901069521903992,False,P,False,False,False,True,13.98503199999368,0.0055099999372032,0.8231219999288442,186.6561440001533,0.0193170003512932,201.4891250003643
Q.MOV,35,Q,True,P,0.8264506459236145,False,P,False,False,False,True,14.136972000017067,0.0061890000324638,0.8509210001648171,190.52905000035025,0.0170829998751287,205.54021500043973
Q.MOV,36,Q,True,P,0.7661495208740234,False,P,False,False,False,True,14.290706999986469,0.0069299999267968,0.8275159998447634,192.1531610000784,0.0217010001506423,207.30001499998707
Q.MOV,37,Q,True,P,0.7347638607025146,False,P,False,False,False,True,14.1272900000331,0.0062780000007478,0.8999149999908695,194.58670399990297,0.0190750001820561,209.6392620001097
Q.MOV,38,Q,True,P,0.6891739964485168,False,P,False,False,False,True,13.979860999995708,0.0063160000536299,0.8521370000380557,192.47840200023347,0.0196119999600341,207.3363280002809
Q.MOV,39,Q,True,P,0.6491286754608154,False,P,False,False,False,True,14.009443999952964,0.0064010000642156,0.8289899997180328,195.8563830003186,0.0193109999599983,210.7205290000138
Q.MOV,40,Q,True,P,0.7163518667221069,False,P,False,False,False,True,13.9294330000439,0.0081520001913304,0.8402470002693008,194.183067999802,0.0199270002667617,208.9808270005733
Q.MOV,41,Q,True,P,0.7899092435836792,False,P,False,False,False,True,14.310080999962338,0.0082289998317719,0.8602750003774418,194.7613870001988,0.0201779998860729,209.9601500002564
Q.MOV,42,Q,True,P,0.775530993938446,False,P,False,False,False,True,14.11618700001327,0.0079700002970639,0.8731820003049506,193.4158449998904,0.0245010000980983,208.43768500060372
Q.MOV,43,Q,True,P,0.8403397798538208,False,P,False,False,False,True,14.24606699998776,0.0079680003182147,0.8393979996981216,203.6188090000905,0.0182700000550539,218.7305120001497
Q.MOV,44,Q,True,P,0.7568623423576355,False,P,False,False,False,True,14.155041999970308,0.0073299997893627,0.8286520001092867,217.91803900032392,0.0217739998333854,232.93083700002623
Q.MOV,45,Q,True,P,0.7724179625511169,False,P,False,False,False,True,14.51065800000606,0.007600000117236,0.8469609997519001,195.99743099979605,0.0202730002456519,211.3829229999169
Q.MOV,46,Q,True,P,0.8269771933555603,False,P,False,False,False,True,14.519753000001856,0.007172000096034,0.915601999622595,189.48168299993995,0.0190069999916886,204.9432169996521
Q.MOV,47,Q,True,P,0.7831910848617554,False,P,False,False,False,True,14.511423999977067,0.0062689996411791,0.8056450001276971,192.89443900015613,0.019080000129179,208.23685700003125
Q.MOV,48,Q,True,P,0.877031683921814,False,P,False,False,False,True,14.069359999950848,0.0062509998315363,0.7985360002749076,192.3043359997792,0.0197049998860165,207.19818799972245
Q.MOV,49,Q,True,P,0.8562056422233582,False,P,False,False,False,True,14.168587999961346,0.0067300002228876,0.8164299997588387,192.985015999966,0.0198349998754565,207.9965989997845
Q.MOV,50,Q,True,P,0.8005002737045288,False,P,False,False,False,True,14.298764999978175,0.007789000392222,0.8205160002034972,193.0570920003447,0.0194670001292251,208.20362900104783
Q.MOV,51,Q,True,P,0.7794226408004761,False,P,False,False,False,True,14.495341000042572,0.0065409999479015,0.8340650001628092,193.4110890001648,0.0195820002772961,208.76661800059537
Q.MOV,52,Q,True,P,0.8778291940689087,False,P,False,False,False,True,14.198375000034956,0.0073920000431826,0.7934420000310638,194.3035580002288,0.0210000002880406,209.32376700062605
Q.MOV,53,Q,True,P,0.8041537404060364,False,P,False,False,False,True,14.285457000028146,0.0068299996200948,0.7892779999565391,191.8756979998761,0.0193170003512932,206.9765799998322
Q.MOV,54,Q,True,P,0.8561208844184875,False,P,False,False,False,True,14.1342120000445,0.006688000212307,0.7898639996710699,192.68645799957085,0.0199409996639587,207.63716299916268
Q.MOV,55,Q,True,P,0.8570330739021301,False,P,False,False,False,True,13.904280999952334,0.0068309996095194,0.8856039999045606,189.8433999999725,0.019753000287892,204.6598689997268
Q.MOV,56,Q,True,P,0.8366348743438721,False,P,False,False,False,True,15.223019000018212,0.0061989999267098,0.7789249998495507,188.5671940003704,0.0189419997695949,204.59427899993443
Q.MOV,57,Q,True,P,0.8297697305679321,False,P,False,False,False,True,14.128296999956548,0.0061430000641848,0.7850540000617912,187.3637079997934,0.0195200000234763,202.3027219998994
Q.MOV,58,Q,True,P,0.7957854270935059,False,P,False,False,False,True,13.93123299999388,0.0055249997785722,0.7663020001018594,187.0741480001925,0.0193690002561197,201.7965770003229
Q.MOV,59,Q,True,P,0.7584870457649231,False,P,False,False,False,True,14.112851999982468,0.0058289997468818,0.7837979997020739,186.7253140003413,0.0197949998437252,201.6475879996165
Q.MOV,60,Q,True,P,0.6179900765419006,False,P,False,False,False,True,14.07983100000365,0.0084640000750368,0.8210579999285983,192.34569399986867,0.0199460000658291,207.2749929999418
Q.MOV,61,Q,True,P,0.8942629098892212,False,P,False,False,False,True,14.113227999985156,0.006149999990157,0.8034109996515326,190.7312440002897,0.018587999875308,205.6726209997919
Q.MOV,62,Q,True,P,0.7693382501602173,False,P,False,False,False,True,13.951740000038626,0.0059819999478349,0.8004440001059265,193.6272570001165,0.0198530001398467,208.40527600034875
Q.MOV,63,Q,True,P,0.7636522054672241,False,P,False,False,False,True,14.007335999963288,0.0063229999796021,0.7972360003805079,193.10318399993776,0.0349259998984052,207.9490050001596
Q.MOV,64,Q,True,P,0.751793384552002,False,P,False,False,False,True,14.125806999970791,0.0065869999161805,0.8038119999582705,199.61864600009,0.0203529998543672,214.57520499978955
Q.MOV,65,Q,True,P,0.8214799165725708,False,P,False,False,False,True,14.769948999969529,0.0072259999797097,0.8179930000551394,193.84725800000524,0.0167120001606235,209.45913800017024
Q.MOV,66,Q,True,P,0.780307948589325,False,P,False,False,False,True,14.608033000001797,0.0059129997680429,0.7919520003270009,190.7373880003433,0.0205210003514366,206.1638070007916
Q.MOV,67,Q,True,P,0.7980717420578003,False,P,False,False,False,True,14.504143000010572,0.0077609997788385,0.9448499999962224,193.1933779997053,0.0172119998751441,208.66734399936604
Q.MOV,68,Q,True,P,0.8594362139701843,False,P,False,False,False,True,14.233622000006108,0.0071140002546599,0.8178749999387946,194.71443199972785,0.016780000350991,209.7898230002784
Q.MOV,69,Q,True,P,0.7270143032073975,False,P,False,False,False,True,14.154720000021824,0.0063680004132038,0.8436289999735891,208.90318300007493,0.0213500002246291,223.92925000070812
Q.MOV,70,Q,True,P,0.7286456227302551,False,P,False,False,False,True,13.976397000021734,0.0093909998213348,0.9732680000524851,204.6254870001576,0.0200599997697281,219.60460299982287
Q.MOV,71,Q,True,P,0.8535192012786865,False,P,False,False,False,True,14.238565000027847,0.0068240001382946,0.8851780003169551,187.34590099984416,0.0166469999385299,202.4931150002658
Q.MOV,72,Q,True,P,0.8573930263519287,False,P,False,False,False,True,14.216309000005367,0.0062270000853459,0.8248340000136523,198.14986900019,0.0194860003830399,213.2167250006773
Q.MOV,73,Q,True,P,0.8230102062225342,False,P,False,False,False,True,14.19439900001862,0.0068869999267917,0.8649269998386444,194.53572399970653,0.0205199999072647,209.62245699939783
Q.MOV,74,Q,True,P,0.8030903339385986,False,P,False,False,False,True,14.071930000000066,0.0060219999795663,0.8224390003306326,193.4422760000416,0.019025999790756,208.36169300014265
Q.MOV,75,Q,True,P,0.8111717104911804,False,P,False,False,False,True,14.137440000013155,0.0064900000324996,0.7997230000000854,190.08007999991605,0.0193589999071264,205.0430919998689
Q.MOV,76,Q,True,P,0.7947466373443604,False,P,False,False,False,True,13.974824000001718,0.005423999937193,0.7946270002321398,192.0870359999753,0.0195709999388782,206.88148200008527
Q.MOV,77,Q,True,P,0.768117368221283,False,P,False,False,False,True,14.397719000044162,0.0065700000959623,0.8200409997698443,192.77395100016287,0.0193030000446015,208.0175840001175
Q.MOV,78,Q,True,P,0.8389968276023865,False,P,False,False,False,True,13.972284000033142,0.0064519999796175,0.8503029998792044,193.09910499987384,0.0192170000445912,207.9473609998104
Q.MOV,79,Q,True,P,0.7423399686813354,False,P,False,False,False,True,14.126459000010527,0.0061280002228158,0.8055939997575479,190.68549699977663,0.0187360001291381,205.6424139998967
Q.MOV,80,Q,True,P,0.5668227672576904,False,P,False,False,False,True,13.865755999972862,0.0070269998104777,0.8220360000450455,187.6058630000444,0.0169200002346769,202.3176020001074
Q.MOV,81,Q,True,P,0.6678993701934814,False,P,False,False,False,True,14.365949000023193,0.0067239998315926,0.8098289999907138,188.80256800002823,0.0166539998645021,204.00172399973823
Q.MOV,82,Q,True,P,0.796964704990387,False,P,False,False,False,True,14.0241729999957,0.0063289999161497,0.789160999829619,189.68464399995355,0.0174649999280518,204.52177199962307
Q.MOV,83,Q,True,P,0.4908183515071869,False,P,False,False,False,True,13.916511000047649,0.0064010000642156,0.8136410001498007,191.76935299992687,0.0199090000023716,206.52581500019096
Q.MOV,84,Q,True,P,0.5845807194709778,False,P,False,False,False,True,14.097162999973987,0.0072640000325918,0.8395080003538169,199.881448999804,0.0501690001328825,214.8755530002973
Q.MOV,85,Q,True,P,0.5150926113128662,False,P,False,False,False,True,13.965345999963574,0.0080730001172923,0.8517209998899489,206.7053890000352,0.0219369999285845,221.5524659999346
Q.MOV,86,Q,True,P,0.5596258044242859,False,P,False,False,False,True,14.23000699998056,0.0081230000432697,0.5061599999862665,192.1430130000772,0.0173439998434332,206.90464699993072
Q.MOV,87,Q,True,P,0.5040580034255981,False,P,False,False,False,True,13.950466000039796,0.009368000064569,0.8418090001214296,192.83229800021212,0.0215619998016336,207.6555030002396
Q.MOV,88,Q,True,P,0.7116992473602295,False,P,False,False,False,True,13.982970999961708,0.0089360000856686,0.8077610000327695,192.29602799987333,0.0200259996745444,207.115721999628
Q.MOV,89,Q,True,P,0.6079598069190979,False,P,False,False,False,True,14.067071999988912,0.0076339997576724,0.8053100000324775,197.91542699977072,0.0203889999284001,212.81583199947812
Q.MOV,90,Q,True,P,0.5237493515014648,False,P,False,False,False,True,14.229640999985804,0.0065960002757492,0.7754060002298502,192.2426779997295,0.0195109996639075,207.2738319998848
Q.MOV,91,Q,True,P,0.5436733365058899,False,P,False,False,False,True,15.135658000019705,0.0076579999586101,0.8153049998327333,192.49852599978112,0.0182369999492948,208.47538399954144
Q.MOV,92,Q,True,P,0.5189374685287476,False,P,False,False,False,True,13.9665730000047,0.009065000085684,0.8606799997323833,191.5770200002953,0.0193179998859704,206.43265600000404
Q.MOV,93,Q,True,P,0.4868121743202209,False,P,False,False,False,True,14.113426999983858,0.007270999958564,1.0052160000668664,195.3169399998842,0.0192300003618584,210.4620840002553
Q.MOV,94,Q,True,P,0.5218514800071716,False,P,False,False,False,True,14.03518099999701,0.0060889997257618,0.7923690000097849,194.8248319999948,0.0200839999706659,209.678554999698
Q.MOV,95,Q,True,P,0.584566593170166,False,P,False,False,False,True,13.997987999971429,0.0073920000431826,0.874201999977231,199.46077199983847,0.0200149997908738,214.3603689996212
Q.MOV,96,Q,True,P,0.5958483815193176,False,P,False,False,False,True,14.113451000014264,0.0070999999479681,0.8161789996847801,192.0418760000757,0.0192380002772551,206.997844
Q.MOV,97,Q,True,P,0.4726637899875641,False,P,False,False,False,True,14.23626000001832,0.0067740002123173,0.8028460001696658,199.1445759999806,0.0184320001608284,214.2088880005417
Q.MOV,98,Q,True,P,0.5344352722167969,False,P,False,False,False,True,14.37132199998814,0.0060819997997896,0.7774719997541979,190.951651999967,0.0186389997907099,206.12516699929984
Q.MOV,99,Q,True,P,0.4803416132926941,False,P,False,False,False,True,14.106539000010798,0.0055059999795048,0.7872669998505444,189.82535900022413,0.0196050000340619,204.74427600009903
Q.MOV,100,Q,True,P,0.4288742244243622,False,P,False,False,False,True,14.081709000038243,0.0063550000959367,0.7835559999875841,190.10910800034253,0.0199119999706454,205.0006400004349
Q.MOV,101,Q,True,P,0.3397171199321747,False,P,False,False,False,True,14.006537000000208,0.0065230001382587,0.8061759999691276,192.6342339997973,0.0192500001503503,207.47272000005523
Q.MOV,102,Q,True,P,0.4940812885761261,False,P,False,False,False,True,13.972331000047689,0.0056760000006761,0.8595689996582223,191.69707999981256,0.0182849998964229,206.5529409994156
Q.MOV,103,Q,True,P,0.6322231888771057,False,P,False,False,False,True,13.995405000002847,0.0061620003179996,0.9097110000766406,192.02084100015784,0.0204069997380429,206.9525260002933
Q.MOV,104,Q,True,P,0.6504329442977905,False,P,False,False,False,True,14.108721000013702,0.0068790000113949,0.8634839996375376,192.2307360000559,0.0197460003619198,207.22956600008047
Q.MOV,105,Q,True,P,0.5491856932640076,False,P,False,False,False,True,14.12049800001114,0.0062459998844133,0.8294449999084463,195.04424700016892,0.0196809996850788,210.0201169996581
Q.MOV,106,Q,True,P,0.690981924533844,False,P,False,False,False,True,14.042280000012395,0.0063929996940714,0.7995239998308534,189.58599699999468,0.0190169998859346,204.453210999418
Q.MOV,107,Q,True,P,0.6379194855690002,False,P,False,False,False,True,14.265466000040306,0.006409999969037,0.8204779996958678,192.49276099981216,0.0169840000125987,207.60209899953
Q.MOV,108,Q,True,P,0.430338442325592,False,P,False,False,False,True,14.024261000031402,0.0071130002652353,0.8483980000164593,192.45179599965925,0.0193619998754002,207.3509299998477
Q.MOV,109,Q,True,P,0.7494359016418457,False,P,False,False,False,True,14.020592999997916,0.0060540000959008,0.8144039998114749,191.6181500000676,0.0195960001292405,206.47879700010208
Q.MOV,110,Q,True,P,0.7324928641319275,False,P,False,False,False,True,14.03226000002178,0.0077519998740172,0.8527609998054686,192.47828000015943,0.0198960001398518,207.3909490000005
Q.MOV,111,Q,True,P,0.6673754453659058,False,P,False,False,False,True,14.152530999979264,0.0065059998632932,0.9129509999183938,192.87472399992112,0.0198640000235172,207.9665759997056
Q.MOV,112,Q,True,P,0.6280099749565125,False,P,False,False,False,True,14.412881000055222,0.0066430002334527,0.8376009996027278,193.7470300003952,0.0189639999916835,209.02311900027823
Q.MOV,113,Q,True,P,0.585975170135498,False,P,False,False,False,True,13.96073000000797,0.0071250001383305,0.8479910002279212,192.19756300026347,0.0209629997698357,207.0343720004076
Q.MOV,114,Q,True,P,0.6491052508354187,False,P,False,False,False,True,13.93442800002731,0.0068959998316131,0.8348829996975837,192.9404949996752,0.0237069998547667,207.7404089990864
Q.MOV,115,Q,True,P,0.6551041603088379,False,P,False,False,False,True,13.896000999977788,0.0079120000009424,0.8508249998158135,192.581883999992,0.0205880000976321,207.35720999988416
Q.MOV,116,Q,True,P,0.6579916477203369,False,P,False,False,False,True,13.888169000040309,0.006907000170031,0.8421729999099625,192.44046300036644,0.0190440000551461,207.19675600054188
Q.MOV,117,Q,True,P,0.7076207399368286,False,P,False,False,False,True,14.064171000029546,0.0073370001700823,0.8290169998872443,193.57650700021625,0.0170390003404463,208.4940710006436
Q.MOV,118,Q,True,P,0.5776683688163757,False,P,False,False,False,True,13.95256200004269,0.0060649999795714,0.8226499999182124,192.9975150001156,0.0199730002350406,207.79876500029104
Q.MOV,119,Q,True,P,0.5807459950447083,False,P,False,False,False,True,14.143486000023133,0.0062950002757133,0.810971999726462,190.00759300024583,0.0185359999704814,204.9868820002416
Q.MOV,120,Q,True,P,0.5429324507713318,False,P,False,False,False,True,13.942321999991236,0.0075990001278114,0.8710430001883651,191.449867999836,0.0195530001292354,206.29038500027264
Q.MOV,121,Q,True,P,0.5702162981033325,False,P,False,False,False,True,14.14310000001251,0.0068750000536965,0.7998249998308893,193.05071799999496,0.0196969999706198,208.02021499986267
Q.MOV,122,Q,True,P,0.6799704432487488,False,P,False,False,False,True,14.074695999966025,0.0067979999585077,0.8163070001501183,205.38735599984648,0.0185040003088943,220.30366100023
Q.MOV,123,Q,True,P,0.6209641695022583,False,P,False,False,False,True,14.01633200003971,0.0063879997469484,0.8097349996205594,194.90225100025785,0.0190830000974528,209.7537889997625
Q.MOV,124,Q,True,P,0.692949116230011,False,P,False,False,False,True,13.9375589999986,0.007735000053799,0.8231400001932343,196.49817699973937,0.0198330003513547,211.2864440003364
Q.MOV,125,Q,True,P,0.7931984066963196,False,P,False,False,False,True,14.261539000017365,0.0065040003391914,0.8449500001006527,199.97999399993205,0.0193030000446015,215.11229000043383
Q.MOV,126,Q,True,P,0.6972824931144714,False,P,False,False,False,True,15.273375999981909,0.0067850000959879,0.916120000056253,203.1130760001361,0.0205080000341695,219.3298650003044
Q.MOV,127,Q,True,P,0.7404210567474365,False,P,False,False,False,True,14.336996999986695,0.0119150004138646,0.7921229998828494,200.31319400004577,0.0182680000762047,215.47249700040533
Q.MOV,128,Q,True,P,0.7826064229011536,False,P,False,False,False,True,14.126328000031664,0.0074409999797353,0.8089620000646391,188.12151400015864,0.024653999844304,203.08889900007892
Q.MOV,129,Q,True,P,0.8677096366882324,False,P,False,False,False,True,14.122792999955893,0.0067410001065582,0.7970649999151647,193.49126999986763,0.0190299997484544,208.43689899959367
Q.MOV,130,Q,True,P,0.7080593109130859,False,P,False,False,False,True,16.008639999995466,0.0062680001065018,0.8648709999761195,195.23655900002268,0.019682999663928,212.1360209997647
Q.MOV,131,Q,True,P,0.8062462210655212,False,P,False,False,False,True,14.012407999985044,0.0070239998422039,0.8901739997781988,194.4187290000628,0.0313909999931638,209.3597259996613
Q.MOV,132,Q,True,P,0.698326051235199,False,P,False,False,False,True,14.10059399995589,0.0069029997575853,0.9031219997268636,194.1657570000644,0.0197549998119939,209.1961309993167
Q.MOV,133,Q,True,P,0.788872241973877,False,P,False,False,False,True,14.085930000021564,0.0067010000748268,0.8374419999199745,192.9537529999834,0.0180849997377663,207.9019109997376
Q.MOV,134,Q,True,P,0.8396408557891846,False,P,False,False,False,True,14.142684000034931,0.0086230002125375,0.8275619998130423,196.4177129998461,0.0199299997802882,211.4165119996869
Q.MOV,135,Q,True,P,0.7588923573493958,False,P,False,False,False,True,14.09864900000457,0.0073490000431775,0.8366439997189445,197.48442199988853,0.020212000436004,212.44727600009128
Q.MOV,136,Q,True,P,0.7512052059173584,False,P,False,False,False,True,13.938641999970969,0.0068210001700208,0.8104049998109986,191.47860899965963,0.0191379999705532,206.25361499958217
Q.MOV,137,Q,True,P,0.8428802490234375,False,P,False,False,False,True,14.113183000006302,0.0064450000536453,0.7944859999042819,194.93144299985943,0.0188789999810978,209.86443599980475
Q.MOV,138,Q,True,P,0.7831154465675354,False,P,False,False,False,True,14.055453000025864,0.0060449997363321,0.7855229996494018,207.3123000000124,0.018418000308884,222.1777389997328
Q.MOV,139,Q,True,P,0.881495475769043,False,P,False,False,False,True,13.910196999972868,0.0068960002863605,0.8150200001182384,200.15646100000595,0.0172000000020489,214.90577400038543
Q.MOV,140,Q,True,P,0.7038260698318481,False,P,False,False,False,True,13.76881499999172,0.0067910000325355,0.9060150000550492,191.0877450000044,0.0167920002240862,205.7861580003077
Q.MOV,141,Q,True,P,0.6755820512771606,False,P,False,False,False,True,14.046745999962695,0.005842000064149,0.8293889995911741,191.278524000154,0.0190299997484544,206.17953099952047
Q.MOV,142,Q,True,P,0.5092233419418335,False,P,False,False,False,True,14.205867999976364,0.0059989997680531,0.8050799997363356,192.1399799998653,0.0182470002982881,207.1751739996444
Q.MOV,143,Q,True,P,0.5285312533378601,False,P,False,False,False,True,14.30709700002808,0.0060789998315158,0.7539990001532715,193.1126529998437,0.0201749999177991,208.2000029997744
R.MOV,0,R,True,X,0.3688250482082367,False,X,False,False,False,True,14.2712260000053,0.0104900000224006,0.927593000142224,196.6771289999088,0.0173930002347333,211.9038310003134
R.MOV,1,R,True,X,0.2884409427642822,False,X,False,False,False,True,14.29600999995273,0.0071750000643078,0.8460050003122888,198.37572200003703,0.0204419998226512,213.54535400018904
R.MOV,2,R,True,delete,0.4093700051307678,False,delete,False,False,False,True,13.943611000001964,0.0073439996413071,0.500753000324039,191.4989130000322,0.0201819998437713,205.97080299984327
R.MOV,3,R,True,delete,0.5052875876426697,False,delete,False,False,False,True,14.209239000024354,0.007196999831649,0.8785949999037257,194.12380299991128,0.0178499999492487,209.23668399962023
R.MOV,4,R,True,delete,0.2556977868080139,False,delete,False,False,False,True,14.257910000026186,0.0061040000218781,0.8388879996346077,187.7222630000688,0.0184359996637795,202.84360099941523
R.MOV,5,R,True,H,0.2943483293056488,False,H,False,False,False,True,13.932989000011275,0.0077129998317104,0.8276930002466543,191.04143000004115,0.0186629999916476,205.82848800012243
R.MOV,6,R,True,delete,0.3471347391605377,False,delete,False,False,False,True,14.027779000002738,0.007266000011441,0.887271999999939,196.7291330001899,0.0168029996530094,211.66825299985703
R.MOV,7,R,True,delete,0.3903912007808685,False,delete,False,False,False,True,13.968370999975832,0.0073690002864168,0.8769419996497163,193.6338539999269,0.0181770001290715,208.504712999968
R.MOV,8,R,True,delete,0.3491467833518982,False,delete,False,False,False,True,13.91846900003202,0.0071340000431519,0.8368479998352996,192.9614020000372,0.0191960002666746,207.7430490002144
R.MOV,9,R,True,delete,0.2574408948421478,False,delete,False,False,False,True,13.949450999973578,0.0065709996306395,0.8329600000251958,194.29465099983645,0.0188890003300912,209.10252199979595
R.MOV,10,R,True,H,0.3345054686069488,False,H,False,False,False,True,14.04964400001063,0.0063170000430545,0.8240420002039173,191.35184499964453,0.0194010003724542,206.25124900027456
R.MOV,11,R,True,R,0.2684619724750519,True,R,True,False,False,False,13.861522000013338,0.0072799998633854,0.6116090003160934,191.5176219999921,0.0192120000974682,206.0172450002824
R.MOV,12,R,True,H,0.2931625247001648,False,H,False,False,False,True,13.890169000035256,0.0064729997575341,0.8010910000848526,190.9468670000933,0.0195200000234763,205.66411999999443
R.MOV,13,R,True,H,0.2709641456604004,False,H,False,False,False,True,14.081887999964238,0.0068120002651994,0.8356929997717089,199.0795690003324,0.0190969999493972,214.02305900028296
R.MOV,14,R,True,R,0.2626268267631531,True,R,True,False,False,False,14.0984750000257,0.006289999873843,0.8739660001992888,195.73480100007143,0.0204859998120809,210.7340179999824
R.MOV,15,R,True,H,0.2361868768930435,False,H,False,False,False,True,13.995102000023962,0.0065439999161753,0.8568509997530782,191.5150380000341,0.0186010001925751,206.3921359999199
R.MOV,16,R,True,R,0.2887355387210846,True,R,True,False,False,False,13.884082000004128,0.0065070003074652,0.7932409998829826,194.6228889996746,0.0193169998965458,209.3260359997657
R.MOV,17,R,True,delete,0.3903343379497528,False,delete,False,False,False,True,13.956493000023327,0.0064169998950092,0.8362040002793947,199.533830999826,0.0205680003091401,214.3535130003329
R.MOV,18,R,True,X,0.6387605667114258,False,X,False,False,False,True,14.26183600000286,0.0087520002125529,0.6135549997452472,222.1282959999371,0.0189140000657062,237.03135299996347
R.MOV,19,R,True,X,0.659582257270813,False,X,False,False,False,True,14.447978000021068,0.0075310003921913,0.8407079999415146,190.88622199979,0.0176900002770707,206.20012900042184
R.MOV,20,R,True,X,0.7240822315216064,False,X,False,False,False,True,14.025877999984004,0.0070380001488956,0.5501610003193491,191.85138300008475,0.0176779999492282,206.45213800048623
R.MOV,21,R,True,X,0.7523165345191956,False,X,False,False,False,True,14.029822999987118,0.0069869997787463,0.8149049999701674,197.0227699998759,0.0208159999601775,211.8953009995721
R.MOV,22,R,True,X,0.6962555050849915,False,X,False,False,False,True,14.013621000003695,0.006623999979638,0.8365879998564196,198.8777690003189,0.0191100002666644,213.75371200042537
R.MOV,23,R,True,X,0.6851155757904053,False,X,False,False,False,True,14.158983000015724,0.0083390000327199,0.8059799997681694,191.76328399998965,0.0199790001715882,206.75656499997783
R.MOV,24,R,True,X,0.6915202736854553,False,X,False,False,False,True,14.068441999995684,0.00814699978946,0.8726749997549632,197.91235499997128,0.0198399998225795,212.881458999334
R.MOV,25,R,True,X,0.6774136424064636,False,X,False,False,False,True,14.161961000013434,0.006744000074832,0.8230530002037995,188.249801999973,0.0172569998539984,203.25881700011905
R.MOV,26,R,True,X,0.8125080466270447,False,X,False,False,False,True,14.21226999997316,0.00638399978925,0.8615410001766577,193.30073699984496,0.0200469999072083,208.40097899969123
R.MOV,27,R,True,X,0.7040901184082031,False,X,False,False,False,True,13.957607999998343,0.0066039997363986,0.8248869999079034,191.2079559997437,0.0197049998860165,206.0167599992724
R.MOV,28,R,True,X,0.9357126951217652,False,X,False,False,False,True,13.849316000005274,0.0070899995989748,0.8654960001877043,192.98476099993425,0.0190320001820509,207.72569499990823
R.MOV,29,R,True,X,0.9337552785873412,False,X,False,False,False,True,14.001702000030036,0.0055979999160626,0.8296050000353716,190.2447839997876,0.0197129998014133,205.1014019995705
R.MOV,30,R,True,X,0.8893609642982483,False,X,False,False,False,True,14.077694000036445,0.0068169997575751,0.8551100004297041,197.93853600003783,0.0242599999182857,212.90241700017987
R.MOV,31,R,True,X,0.9041667580604552,False,X,False,False,False,True,14.052122000009604,0.0067219998527434,0.9062369999810472,189.09469300024284,0.0188669996532553,204.0786409997395
R.MOV,32,R,True,X,0.971955418586731,False,X,False,False,False,True,13.903641000013067,0.0074879999374388,0.8445550001852098,189.28890000006504,0.0203089998649375,204.0648930000657
R.MOV,33,R,True,X,0.9237431883811952,False,X,False,False,False,True,14.447739999980058,0.0072800003181328,0.8304329999191395,188.71780200015564,0.0187149998964741,204.02197000026945
R.MOV,34,R,True,X,0.9008246660232544,False,X,False,False,False,True,14.09480799998164,0.0075569996624835,0.8572379997531243,194.29262799985736,0.0172179998116916,209.2694489990663
R.MOV,35,R,True,X,0.8802543878555298,False,X,False,False,False,True,13.942036999992524,0.0064689997998357,0.8288889998766535,191.1815729999944,0.0190219998330576,205.9779899994965
R.MOV,36,R,True,X,0.5977552533149719,False,X,False,False,False,True,14.498408999997991,0.0064800001382536,0.806423999620165,188.6357900002622,0.019672999769682,203.9667759997883
R.MOV,37,R,True,X,0.6680654287338257,False,X,False,False,False,True,14.063350000014909,0.0087230000644922,0.8800499999779277,193.3421889998499,0.0187880000339646,208.3130999999412
R.MOV,38,R,True,X,0.6346037983894348,False,X,False,False,False,True,14.127356000017244,0.0077029999374644,0.8186089999071555,192.19578899992484,0.019210000118619,207.16866699990533
R.MOV,39,R,True,X,0.4760209023952484,False,X,False,False,False,True,14.066350000007333,0.0061440000536094,0.8194940000976203,192.93887200001336,0.0188280000656959,207.8496880002376
R.MOV,40,R,True,R,0.3330577909946441,True,R,True,False,False,False,14.078088000019306,0.007042000106594,0.8203389998016064,192.15028000007808,0.0191670001186139,207.07491600012412
R.MOV,41,R,True,H,0.2895011007785797,False,H,False,False,False,True,13.900666999973057,0.0070060000325611,0.8470990001114842,192.8501209999922,0.019229999907111,207.62412300001645
R.MOV,42,R,True,delete,0.4531626999378204,False,delete,False,False,False,True,14.573412999993709,0.0094820002232154,0.9541860003992042,202.1200690001024,0.0203740000870311,217.6775240008056
R.MOV,43,R,True,delete,0.3459805250167846,False,delete,False,False,False,True,14.277847000016664,0.0064949999796226,0.8303049999085488,192.89677100005065,0.0203220001822046,208.0317400001377
R.MOV,44,R,True,H,0.3083861172199249,False,H,False,False,False,True,13.917295999988257,0.0063999996200436,0.8231169999817212,192.72832899969217,0.0373769998986972,207.51251899918088
R.MOV,45,R,True,H,0.41160449385643,False,H,False,False,False,True,13.952386000028127,0.0070319997576007,0.8888180000212742,193.3249270000488,0.01901599989651,208.1921789997523
R.MOV,46,R,True,H,0.5924796462059021,False,H,False,False,False,True,14.133035999975618,0.0062610001805296,0.797220000094967,196.58722499980288,0.0203119998332113,211.5440539998872
R.MOV,47,R,True,H,0.5579875111579895,False,H,False,False,False,True,13.946263000036652,0.0059770000007119,0.8103770001071098,191.0033210001529,0.0201689999812515,205.78610700027863
R.MOV,48,R,True,H,0.647581934928894,False,H,False,False,False,True,14.036677999968106,0.0057399997785978,0.809511999705137,191.0696499999176,0.0202119999812566,205.9417919993507
R.MOV,49,R,True,H,0.5459102392196655,False,H,False,False,False,True,14.05275199999778,0.0081500002124812,0.9777579998626608,199.0830889999416,0.0217289998545311,214.143477999869
R.MOV,50,R,True,H,0.6138055324554443,False,H,False,False,False,True,13.93496299999697,0.0059829999372595,0.8183659997484938,192.6316340000085,0.0193089999811491,207.4102549996724
R.MOV,51,R,True,H,0.6320059299468994,False,H,False,False,False,True,13.864565999995191,0.0066699999479169,0.8696959998815146,189.4814909996967,0.0188799999705224,204.24130299949184
R.MOV,52,R,True,H,0.6762294173240662,False,H,False,False,False,True,14.1813989999946,0.0056099997891578,0.8647489999020763,190.2236999999332,0.0187850000656908,205.29424299968468
R.MOV,53,R,True,H,0.6133894324302673,False,H,False,False,False,True,13.994419000027849,0.0084210000750317,0.8676319998812687,194.3166599999131,0.0202570004148583,209.2073890003121
R.MOV,54,R,True,H,0.4124543666839599,False,H,False,False,False,True,13.918790999980502,0.0067500000113795,0.9022500003084132,195.30109700008325,0.0184860000445041,210.14737400042804
R.MOV,55,R,True,R,0.4055713713169098,True,R,True,False,False,False,13.94702300001427,0.0065169997469638,0.876751999840053,195.7458150000093,0.0207000002774293,210.59680699988803
R.MOV,56,R,True,H,0.6483477354049683,False,H,False,False,False,True,14.096655000003013,0.0064179998844338,0.8350799998879666,190.2165709998372,0.0192560000868979,205.17397999969944
R.MOV,57,R,True,R,0.3810375034809112,True,R,True,False,False,False,15.090315999998438,0.0073249998422397,0.808484999652137,201.94869200031465,0.0211669998861907,217.87598499969363
R.MOV,58,R,True,R,0.3130019307136535,True,R,True,False,False,False,14.209585999992669,0.0073569999585743,0.9484880001764396,216.52575699999943,0.0339550001626776,231.7251430002898
R.MOV,59,R,True,R,0.5032188892364502,True,R,True,False,False,False,14.248903999998674,0.0109479997263406,0.8740070002204448,230.94448799975,0.0188589997378585,246.0972059994333
R.MOV,60,R,True,R,0.6607763171195984,True,R,True,False,False,False,14.101250999999593,0.0082950000432902,0.8699549998709699,191.5597189999972,0.0184830000762303,206.5577029999872
R.MOV,61,R,True,R,0.6942574977874756,True,R,True,False,False,False,14.046837000023515,0.0077340000643744,0.9532910003144934,196.49677699999305,0.019738000446523,211.52437700084192
R.MOV,62,R,True,R,0.6379969120025635,True,R,True,False,False,False,14.200395999978356,0.0063319998844235,0.8448280000266095,195.2813039997636,0.0195190000340517,210.35237899968703
R.MOV,63,R,True,R,0.5762248039245605,True,R,True,False,False,False,14.110318999996707,0.0073309997787873,0.8887459998732083,192.8770059998897,0.0335139998242084,207.91691599936257
R.MOV,64,R,True,X,0.402515709400177,False,X,False,False,False,True,13.95803499997328,0.0067289997787156,0.9175149998554843,198.71502900014093,0.0200989998120348,213.61740699956044
R.MOV,65,R,True,R,0.4739767909049988,True,R,True,False,False,False,14.32624400001714,0.0069850002546445,0.8199930002774636,187.91127899976345,0.018767000256048,203.08326800056875
R.MOV,66,R,True,R,0.3159713447093963,True,R,True,False,False,False,14.34103399998321,0.0062570002228312,0.8633359998384549,188.45771800033617,0.019099999917671,203.6874450002984
R.MOV,67,R,True,R,0.3948445320129394,True,R,True,False,False,False,14.310039999998024,0.0073780001912382,0.9677029997874342,194.60430599974643,0.0174150000020745,209.9068419997252
R.MOV,68,R,True,R,0.3707912564277649,True,R,True,False,False,False,14.262644999973872,0.0062479998632625,0.862168999901769,193.71064899996784,0.017348000255879,208.8590589999626
R.MOV,69,R,True,R,0.4367786049842834,True,R,True,False,False,False,14.377723999984935,0.0078069997471175,0.9974979998332856,206.218168000305,0.017247999949177,221.6184449998196
R.MOV,70,R,True,R,0.3752081990242004,True,R,True,False,False,False,14.206916999967234,0.0060400002439564,0.9750339995662216,195.3570410000793,0.0183510001079412,210.5633829999647
R.MOV,71,R,True,R,0.3847021758556366,True,R,True,False,False,False,14.12094500000194,0.0073709998105186,0.8812769997348369,193.2338780002283,0.0228740000238758,208.26634499979943
R.MOV,72,R,True,R,0.4153117537498474,True,R,True,False,False,False,14.112815999965278,0.0062559997786593,0.8859019999363227,191.31222699979844,0.0194530002772808,206.336653999756
R.MOV,73,R,True,U,0.3983634412288666,False,U,False,False,False,True,14.163991999964765,0.0059920002968283,0.887849999799073,192.15438300034293,0.0209380000342207,207.23315500043785
R.MOV,74,R,True,R,0.4584419429302215,True,R,True,False,False,False,14.310914999953184,0.0063659999796072,0.8613929999228276,191.69691600018268,0.0333020002472039,206.9088920002855
R.MOV,75,R,True,R,0.4928645491600036,True,R,True,False,False,False,14.307010999971226,0.0068589997681556,0.9565130003466038,192.28721099989343,0.0201039997591578,207.57769799973852
R.MOV,76,R,True,R,0.6574217081069946,True,R,True,False,False,False,14.215551999996023,0.0064030000430648,0.9298429999944346,194.23734300016804,0.0193740002032427,209.4085150004048
R.MOV,77,R,True,R,0.7367286682128906,True,R,True,False,False,False,14.38175699996691,0.0065829999584821,0.885838000158401,193.3783259996744,0.020470999970712,208.6729749997289
R.MOV,78,R,True,R,0.7220604419708252,True,R,True,False,False,False,14.353117999974074,0.00664399976813,0.9459849998165736,191.98189300004745,0.0195309999071469,207.3071709995133
R.MOV,79,R,True,R,0.755706787109375,True,R,True,False,False,False,14.251669000032052,0.0074099998528254,0.8545599998797115,202.8469080000832,0.020559999938996,217.9811069997868
R.MOV,80,R,True,R,0.7967364192008972,True,R,True,False,False,False,14.01816999998573,0.0069879997681709,0.8969850000539736,205.0979359996745,0.0189399997907457,220.0390189992732
R.MOV,81,R,True,R,0.6420878171920776,True,R,True,False,False,False,14.422028000012688,0.0079740002547623,0.907184999960009,199.40803100007545,0.017779999780032,214.7629980000829
R.MOV,82,R,True,R,0.59880530834198,True,R,True,False,False,False,14.20573399997238,0.0073299997893627,0.9345809999103948,194.5462009998664,0.0182320000021718,209.71207799954072
R.MOV,83,R,True,R,0.36102294921875,True,R,True,False,False,False,14.051530999950046,0.007196999831649,0.8139599999594793,197.3635130002549,0.0181099999281286,212.2543109999242
R.MOV,84,R,True,H,0.3982493579387665,False,H,False,False,False,True,14.506304000008186,0.0077560002864629,0.8593530001235195,192.61012599963576,0.0173889998222875,208.00092799987624
R.MOV,85,R,True,R,0.3312714099884033,True,R,True,False,False,False,14.24252799995429,0.006703000053676,0.8781370001997857,194.0266350002276,0.0231290000556327,209.17713200049093
R.MOV,86,R,True,R,0.3469875752925873,True,R,True,False,False,False,14.213953000023594,0.0068340000325406,0.8314060000884638,191.7565530002321,0.0194419999388628,206.82818800031555
R.MOV,87,R,True,H,0.358629435300827,False,H,False,False,False,True,14.378067999984978,0.0066010002228722,0.8574630001021433,194.23947799987212,0.0193519999811542,209.50096200016333
R.MOV,88,R,True,H,0.396592378616333,False,H,False,False,False,True,14.314784000021064,0.0068039998950553,0.9385660000589268,192.5708970002233,0.0202940000235685,207.85134500022195
R.MOV,89,R,True,H,0.3251450955867767,False,H,False,False,False,True,14.25513399999545,0.00615499993728,0.8571429998482927,202.3045109999657,0.021789999664179,217.4447329994109
R.MOV,90,R,True,R,0.3394400775432586,True,R,True,False,False,False,14.151914000024137,0.0082720002865244,0.980015000095591,219.88879500031544,0.0178430000232765,235.04683900074497
R.MOV,91,R,True,R,0.360189825296402,True,R,True,False,False,False,14.159069000015734,0.0067930000113847,0.9700949999569276,195.30718799978783,0.0173909998011367,210.46053599957304
R.MOV,92,R,True,H,0.3814223408699035,False,H,False,False,False,True,14.021614999990106,0.0080069999057741,0.8368240000891092,193.1348339999204,0.017007999758789,208.01828799966407
R.MOV,93,R,True,H,0.3332459330558777,False,H,False,False,False,True,14.224831000035463,0.0075689999903261,0.9092989998862322,190.83374199999523,0.0184670002454367,205.99390800015271
R.MOV,94,R,True,R,0.5230205059051514,True,R,True,False,False,False,14.123282000014116,0.0070539999796892,0.8734749999348423,193.80851299956703,0.0174649999280518,208.82978899942373
R.MOV,95,R,True,R,0.4508340954780578,True,R,True,False,False,False,14.2121970000062,0.0057970000852947,0.8447520003755926,194.2012119998253,0.0191419999282516,209.28310000022063
R.MOV,96,R,True,R,0.4225645661354065,True,R,True,False,False,False,13.872204999984206,0.0069050001911818,0.8973939998213609,192.73847900012697,0.0191969998013519,207.53417999992507
R.MOV,97,R,True,R,0.7190729975700378,True,R,True,False,False,False,14.14024100000688,0.0223860001824505,0.8317589999933261,193.9743819998512,0.0185589997272472,208.98732699976108
R.MOV,98,R,True,R,0.8645086288452148,True,R,True,False,False,False,14.083357999993495,0.0070700002652301,0.9049330001289492,198.5828710003261,0.0193529999705788,213.5975850006844
R.MOV,99,R,True,R,0.7068632245063782,True,R,True,False,False,False,14.140324000038618,0.0068140002440486,0.9238050001840749,217.8105279999727,0.0203099998543621,232.9017810002938
R.MOV,100,R,True,R,0.5002464056015015,True,R,True,False,False,False,14.05429300001515,0.007071999789332,0.9548910002195043,195.9547989999919,0.0208120000024791,210.9918670000184
R.MOV,101,R,True,R,0.5306534767150879,True,R,True,False,False,False,13.89467199999217,0.0064230002863041,0.8244790001299407,192.47278400007417,0.0191650001397647,207.21752300062235
R.MOV,102,R,True,R,0.5078495740890503,True,R,True,False,False,False,13.95799699997724,0.0069500001700362,0.8309640002153174,190.1143860000048,0.019025999790756,204.9293230001581
R.MOV,103,R,True,R,0.3989742398262024,True,R,True,False,False,False,14.308498999980657,0.0061490000007324,0.8836779998091515,194.5159709998734,0.019996999981231,209.7342939996452
R.MOV,104,R,True,R,0.5038561224937439,True,R,True,False,False,False,14.222387000017989,0.0064930000007734,0.8403719998568704,191.5172459998757,0.0173949997588351,206.6038929995102
R.MOV,105,R,True,U,0.4193393886089325,False,U,False,False,False,True,13.878997000006166,0.0062249996517493,0.8477239998683217,190.835564000281,0.0172279997059376,205.5857379995132
R.MOV,106,R,True,R,0.6351266503334045,True,R,True,False,False,False,14.075031999993826,0.006972999926802,0.8458130000690289,191.4374619996124,0.0166599998010497,206.3819399994032
R.MOV,107,R,True,R,0.3816216289997101,True,R,True,False,False,False,13.896395999950071,0.0065590002122917,0.5419529998107464,194.438984000044,0.0177789997906074,208.9016709998077
R.MOV,108,R,True,B,0.4399574100971222,False,B,False,False,False,True,13.939653999955226,0.0060800002756877,0.8634259997961635,197.5960519998808,0.0533200000063516,212.45853199991416
R.MOV,109,R,True,R,0.3981857895851135,True,R,True,False,False,False,14.033930999971744,0.0067709997892961,0.8776149998084293,196.013204999872,0.0174229999174713,210.9489449993589
R.MOV,110,R,True,R,0.5303633213043213,True,R,True,False,False,False,14.134217999981049,0.0072540001383458,0.8317340002577112,194.73128099980383,0.0175450004462618,209.7220320006272
R.MOV,111,R,True,R,0.667995810508728,True,R,True,False,False,False,14.125078999995822,0.00768900008552,0.940780000291852,225.99849099970007,0.021341999854485,241.09338099992783
R.MOV,112,R,True,R,0.6252261400222778,True,R,True,False,False,False,13.9643269999965,0.0066520001382741,0.9367749999000808,203.99579100012488,0.0165510000442736,218.920096000204
R.MOV,113,R,True,R,0.683294415473938,True,R,True,False,False,False,13.985170000012204,0.0064470000324945,0.8509809999850404,193.9019320002444,0.0177930000972992,208.76232300037145
R.MOV,114,R,True,R,0.8152448534965515,True,R,True,False,False,False,14.050940000004177,0.0074390000008861,0.8392960003220651,190.33692799985147,0.0193480000234558,205.25395100020205
R.MOV,115,R,True,R,0.3414213359355926,True,R,True,False,False,False,14.183491999972375,0.0069259999690984,0.8519849998265272,192.08094200030249,0.0200689996745495,207.143413999745
R.MOV,116,R,True,R,0.3647277355194092,True,R,True,False,False,False,14.27950800001554,0.0068099998316029,0.8646060000501166,194.6052379998946,0.0194989997908123,209.77566099958267
R.MOV,117,R,True,B,0.2722037732601166,False,B,False,False,False,True,14.819518000024344,0.0060229999689909,0.8656099998916034,187.0545550000316,0.0192970001080539,202.7650030000245
R.MOV,118,R,True,R,0.2714997828006744,True,R,True,False,False,False,14.292990000001282,0.0071159997787617,0.8417100002588995,188.0996150002829,0.0188200001502991,203.26025100047212
R.MOV,119,R,True,R,0.2644856870174408,True,R,True,False,False,False,14.911606999987724,0.0067470000431058,0.8314570000038657,187.9362019999462,0.0204089997168921,203.7064219996978
R.MOV,120,R,True,H,0.261050820350647,False,H,False,False,False,True,14.197147000004406,0.0067410001065582,0.829520000024786,189.1886030002752,0.0189180000234046,204.2409290004344
R.MOV,121,R,True,U,0.2523982226848602,False,U,False,False,False,True,13.907491999987087,0.0070399996729975,0.840586999856896,192.31420799997068,0.0184119999175891,207.08773899940525
R.MOV,122,R,True,U,0.2947928309440613,False,U,False,False,False,True,13.986993000003167,0.0063130000853561,0.8664980000503419,197.5004689998059,0.0168390001817897,212.3771120001265
R.MOV,123,R,True,H,0.48420050740242,False,H,False,False,False,True,13.994907999972384,0.0070109999796841,0.8302480000565993,195.3323039997485,0.0165410001500276,210.18101199990724
R.MOV,124,R,True,H,0.6482284069061279,False,H,False,False,False,True,14.059616999986702,0.0072930001806525,0.817436000033922,194.0510529998392,0.0172129998645687,208.952611999905
R.MOV,125,R,True,H,0.6293273568153381,False,H,False,False,False,True,14.27719700001262,0.0070020000748627,0.8730270001251483,192.1041079999668,0.0178729997060145,207.27920699988545
R.MOV,126,R,True,R,0.3505284190177917,True,R,True,False,False,False,13.916343000005329,0.0090559997261152,0.8553150000807364,195.1487749997796,0.0173959997482597,209.94688499934
R.MOV,127,R,True,R,0.3846471309661865,True,R,True,False,False,False,14.480880999997224,0.0072679999902902,0.8368909998353047,192.6582790001703,0.0178880000021308,208.00120699999525
R.MOV,128,R,True,R,0.4953078329563141,True,R,True,False,False,False,13.832082000021728,0.0071320000643027,0.8837300001687254,195.0791490003212,0.0196750002032786,209.82176800077923
R.MOV,129,R,True,R,0.4680987596511841,True,R,True,False,False,False,14.103782000006504,0.0058020000324177,0.8268820001831045,195.92754800032708,0.0201879997803189,210.88420200032945
R.MOV,130,R,True,R,0.4489676058292389,True,R,True,False,False,False,14.307373999997708,0.0074609997682273,0.8515299996361136,194.1507040000943,0.0198699999600648,209.3369389994564
R.MOV,131,R,True,R,0.6305875778198242,True,R,True,False,False,False,14.11289099996793,0.0082709998423524,0.8249510001405724,188.6755819996324,0.0197750000552332,203.6414699996385
R.MOV,132,R,True,R,0.3606508672237396,True,R,True,False,False,False,13.995378000004166,0.0063330003285955,0.9481649999543152,189.3306319998373,0.0183469996954954,204.29885499981992
S.MOV,0,S,True,X,0.3524035513401031,False,X,False,False,False,True,14.366008000024522,0.0099610001598193,0.8586730000388343,199.5419039999433,0.0168760002452472,214.7934220004117
S.MOV,1,S,True,X,0.4054091572761535,False,X,False,False,False,True,14.227130999984183,0.0095549999059585,0.8351320002475404,220.67029299978452,0.0204890002351021,235.76260000015736
S.MOV,2,S,True,X,0.2869985103607178,False,X,False,False,False,True,14.162188000000242,0.0071310000748781,0.5768760001956252,206.7230960001325,0.0212120003197924,221.49050300072304
S.MOV,3,S,True,X,0.3624612689018249,False,X,False,False,False,True,14.034333999973114,0.0066109996623708,0.7932160001473676,193.64685700020345,0.0195500001609616,208.50056800014727
S.MOV,4,S,True,X,0.3481624126434326,False,X,False,False,False,True,14.141351000034774,0.0063459997363679,0.7887189999564725,192.08727300019743,0.0188249996426748,207.0425139995677
S.MOV,5,S,True,X,0.4184885919094085,False,X,False,False,False,True,13.909336999972766,0.0073850001172104,0.8690190002198506,200.72588899984112,0.0197080003090377,215.53133800046
S.MOV,6,S,True,B,0.292302668094635,False,B,False,False,False,True,14.09917600000199,0.0061619998632522,0.831607000236545,195.6343309998374,0.0188460003300861,210.59012200026928
S.MOV,7,S,True,X,0.2852050065994262,False,X,False,False,False,True,14.15805200002751,0.0066150000748166,0.7820939999874099,190.55183799991937,0.0193269997907918,205.5179259997999
S.MOV,8,S,True,X,0.3703210949897766,False,X,False,False,False,True,14.132845999995425,0.0067559999479271,0.8158659998116491,192.64567400023225,0.0207269999918935,207.6218689999792
S.MOV,9,S,True,X,0.3672470152378082,False,X,False,False,False,True,14.199153000049591,0.0072850002652558,0.7926299999780895,196.77191900018445,0.0190929999916988,211.79008000046903
S.MOV,10,S,True,X,0.3300552666187286,False,X,False,False,False,True,14.256478999982392,0.0070010000854381,0.8465430000796914,190.3078089999326,0.016227000287472,205.4340590003676
S.MOV,11,S,True,X,0.4346440136432647,False,X,False,False,False,True,14.119418000007045,0.0069089996941329,0.8220169997912308,187.7634490001583,0.0173020002876,202.7290949999383
S.MOV,12,S,True,I,0.4220617413520813,False,I,False,False,False,True,14.012944999990395,0.0071089998527895,0.8698120000190102,188.70227399975192,0.0235399998018692,203.615679999416
S.MOV,13,S,True,I,0.4332814514636993,False,I,False,False,False,True,14.027589999955126,0.0064559999373159,0.8143499999277992,193.99700699977984,0.0224520003939687,208.86785499999405
S.MOV,14,S,True,I,0.3613936007022857,False,I,False,False,False,True,13.933642999973015,0.0071959998422244,0.8898040000531182,190.0912000000972,0.0171249998857092,204.93896799985123
S.MOV,15,S,True,I,0.2657411694526672,False,I,False,False,False,True,14.068446000010226,0.0069259999690984,0.8444189998044749,190.4070299997329,0.0354639996658079,205.3622849991825
S.MOV,16,S,True,N,0.3578119575977325,False,N,False,False,False,True,14.148975000011887,0.0064200003180303,0.4980290000276,191.48535699969216,0.0205759997697896,206.1593569998195
S.MOV,17,S,True,I,0.4705594480037689,False,I,False,False,False,True,14.281125000024986,0.0062330000218935,0.5042729999331641,190.1325070002713,0.0189259999388013,204.94306400019013
S.MOV,18,S,True,I,0.5699976682662964,False,I,False,False,False,True,13.986713999997846,0.0088759998106979,0.6823429998803476,190.9670780000852,0.0253909997809387,205.670401999555
S.MOV,19,S,True,I,0.5446269512176514,False,I,False,False,False,True,13.97082500000124,0.0064350001593993,0.8280170000034559,188.08546099990053,0.016778999906819,202.90751699997145
S.MOV,20,S,True,I,0.3441498577594757,False,I,False,False,False,True,13.950103000013314,0.0067850000959879,0.5480640002133441,197.14895900006013,0.0198610000552434,211.673772000438
S.MOV,21,S,True,I,0.39185231924057,False,I,False,False,False,True,14.040870999963316,0.0059929998315055,0.5555060001825041,190.9977360000994,0.0193269997907918,205.6194329998675
S.MOV,22,S,True,I,0.5490706562995911,False,I,False,False,False,True,14.163405999966017,0.0069880002229183,0.5107520000819932,194.99703799965573,0.0191240001186088,209.69730800004527
S.MOV,23,S,True,I,0.357495903968811,False,I,False,False,False,True,13.987127000007147,0.0060339998526615,0.5656240000462276,190.75096200003827,0.0201429998014646,205.32988999974577
S.MOV,24,S,True,I,0.4130907356739044,False,I,False,False,False,True,13.988113999971574,0.0057729998843569,0.4985119999219023,191.313001999788,0.0198120001186907,205.82521299968448
S.MOV,25,S,True,I,0.4892767667770386,False,I,False,False,False,True,14.347623999981352,0.0079730002653377,0.5418569999164902,191.07969800006688,0.0199910000446834,205.99714300027472
S.MOV,26,S,True,I,0.4895486533641815,False,I,False,False,False,True,14.10311099999717,0.0062379999690165,0.4851230000895157,195.146227999885,0.0199640003302192,209.7606640002709
S.MOV,27,S,True,N,0.5724437236785889,False,N,False,False,False,True,14.07786199996508,0.0068159997681505,0.5389240000113205,192.00510000018767,0.0196949999917706,206.648396999924
S.MOV,28,S,True,N,0.3712422847747803,False,N,False,False,False,True,14.17487000003348,0.0064579999161651,0.5056189997958427,191.2443969999913,0.0200519998543313,205.9513959995911
S.MOV,29,S,True,N,0.3305491805076599,False,N,False,False,False,True,14.076542999987396,0.0062730000536248,0.4894850003438478,191.68236399991656,0.0199679998331703,206.2746330001346
S.MOV,30,S,True,X,0.386077344417572,False,X,False,False,False,True,14.072963000046457,0.0064880000536504,0.5048250000072585,193.28292199998032,0.019109999811917,207.8863079998996
S.MOV,31,S,True,X,0.3704546689987182,False,X,False,False,False,True,13.939653999955226,0.0061979999372852,0.8204139999179461,189.9671860001036,0.0165259998539113,204.7499779997679
S.MOV,32,S,True,X,0.5354022979736328,False,X,False,False,False,True,13.988507999954436,0.0059119997786183,0.9238210000148684,187.35496699991927,0.0172449999809032,202.2904529996481
S.MOV,33,S,True,X,0.3098433017730713,False,X,False,False,False,True,13.979358999961278,0.0067249998210172,0.7625830003235023,187.3115039998084,0.0167140001394727,202.0768850000536
S.MOV,34,S,True,X,0.3069076240062713,False,X,False,False,False,True,13.973993000035987,0.0077830000009271,0.8319390003634908,190.1574779999464,0.0177330002770759,204.9889260006239
S.MOV,35,S,True,X,0.3927226960659027,False,X,False,False,False,True,14.02133499999536,0.0083459999586921,0.7950829999572306,191.15211999996973,0.0178840000444324,205.99476799992544
S.MOV,36,S,True,X,0.3921344578266144,False,X,False,False,False,True,14.115038999989338,0.0069310003709688,0.7673979998799041,187.5140580000334,0.0172560003193211,202.42068200059293
S.MOV,37,S,True,B,0.2440299540758133,False,B,False,False,False,True,14.150172000029215,0.0082650003605522,0.8320130000356585,188.2463080000889,0.0174229999174713,203.2541810004318
S.MOV,38,S,True,N,0.3684055209159851,False,N,False,False,False,True,14.068172000008872,0.0065720000748115,0.8092550001492782,187.17003500023569,0.0167580001289024,202.07079200059752
S.MOV,39,S,True,N,0.5076823234558105,False,N,False,False,False,True,14.129797000009605,0.0071029999162419,0.8192220002456452,193.30923499956043,0.0172569998539984,208.28261399958592
S.MOV,40,S,True,N,0.6232160329818726,False,N,False,False,False,True,13.951942000005602,0.0075849998211197,0.8198059999813267,188.03138500015848,0.0170130001606594,202.8277310001272
S.MOV,41,S,True,N,0.5554379820823669,False,N,False,False,False,True,14.024412999958711,0.0080059999163495,0.7797029998073413,188.833928999884,0.0170050002452626,203.6630559998116
S.MOV,42,S,True,N,0.5693272948265076,False,N,False,False,False,True,14.088506999996753,0.0085830001808062,0.7140730003811768,198.2787280003322,0.01735199975883,213.10724300064976
S.MOV,43,S,True,N,0.6309887766838074,False,N,False,False,False,True,13.968287000011514,0.0188869998964946,0.7520369999838294,206.9927849997839,0.017213000319316,221.74920899999503
S.MOV,44,S,True,N,0.4350919723510742,False,N,False,False,False,True,13.89520499998298,0.0061719997574982,0.5356659999051772,206.46368000006987,0.0195550001080846,220.9202779998236
S.MOV,45,S,True,N,0.3149977028369903,False,N,False,False,False,True,13.981684000043517,0.0068730000748473,0.4958089998581272,190.30051499976253,0.0196639998648606,204.80454499960388
S.MOV,46,S,True,N,0.2491686046123504,False,N,False,False,False,True,14.097434999996494,0.0068670001382997,0.4920039996250125,189.3892150001193,0.0195960001292405,204.0051170000084
S.MOV,47,S,True,N,0.2458083182573318,False,N,False,False,False,True,13.920084000005772,0.0065839999479067,0.5627330001516384,195.5522100001872,0.0191640001503401,210.06077500044285
S.MOV,48,S,True,N,0.2796548008918762,False,N,False,False,False,True,13.994119000017236,0.0059429999055282,0.5444920002446452,189.3332280001232,0.0199000000975502,203.89768200038816
S.MOV,49,S,True,X,0.2573347985744476,False,X,False,False,False,True,13.95952299998271,0.0069249999796738,0.7800370003678836,190.37376999995104,0.0287809998553711,205.14903600013668
S.MOV,50,S,True,B,0.2835831940174103,False,B,False,False,False,True,14.050666999992243,0.0068249996729718,0.772879000123794,194.5033669999248,0.0174199999491975,209.35115799966297
S.MOV,51,S,True,N,0.2785141468048095,False,N,False,False,False,True,13.989482999988924,0.0066650000007939,0.466924000193103,189.1207629996643,0.0190239998119068,203.60285899965905
S.MOV,52,S,True,N,0.2565703392028808,False,N,False,False,False,True,14.068178999991687,0.0064769997152325,0.4970519999005773,187.04409700012548,0.0190819996532809,201.63488699938625
S.MOV,53,S,True,I,0.2800099551677704,False,I,False,False,False,True,14.166067999951792,0.0072670000008656,0.5166600003576605,190.7781560003059,0.0183850002031249,205.4865360008193
S.MOV,54,S,True,X,0.3767383396625519,False,X,False,False,False,True,13.9973899999859,0.0060530001064762,0.5052589999650081,187.88620099985565,0.0189460001820407,202.41384900009507
S.MOV,55,S,True,X,0.4068706333637237,False,X,False,False,False,True,14.114178999989235,0.0063849997786746,0.7875189999140275,194.9699680003505,0.0168540000231587,209.8949050000556
S.MOV,56,S,True,X,0.3192323744297027,False,X,False,False,False,True,14.006419999986974,0.0073750002229644,0.7781200001772959,195.801142000164,0.0170100001923856,210.6100670007436
S.MOV,57,S,True,X,0.3614400327205658,False,X,False,False,False,True,14.187334999974157,0.007206999725895,0.7754409998597112,190.62955499975945,0.0178989998858014,205.61743699920493
S.MOV,58,S,True,X,0.3349457085132599,False,X,False,False,False,True,14.141273000007004,0.0069610000537068,0.8338920001733641,193.418474000282,0.016769000012573,208.41736900052865
S.MOV,59,S,True,X,0.3767536878585815,False,X,False,False,False,True,13.893508000023758,0.0062330000218935,0.8206649999920046,194.8773320000328,0.0256809998973039,209.62341899996773
S.MOV,60,S,True,I,0.3909392058849334,False,I,False,False,False,True,13.934145000007447,0.0118599996312696,0.7838790002097085,193.38786600019367,0.0166930003615561,208.1344430004037
S.MOV,61,S,True,X,0.4016570746898651,False,X,False,False,False,True,13.998172000015074,0.0067000000854022,0.5514199997378455,192.7768870000364,0.0170230000549054,207.3502019999296
S.MOV,62,S,True,I,0.4317794740200043,False,I,False,False,False,True,13.924583000004986,0.0061630003074242,0.5054120001659612,191.40652000032787,0.0181340001290664,205.8608120009353
S.MOV,63,S,True,X,0.4897122383117676,False,X,False,False,False,True,14.248236000014458,0.0070709997999074,0.8313060002365091,194.41756900005203,0.0166200002240657,209.52080200032697
S.MOV,64,S,True,X,0.4525552690029144,False,X,False,False,False,True,14.179478000016845,0.0069520001488854,0.8078320001914108,195.6386330002715,0.0174990000232355,210.6503940006519
S.MOV,65,S,True,X,0.3626871705055237,False,X,False,False,False,True,14.094275999980256,0.0067769997258437,0.7903010000518407,190.800106000097,0.0188540002454828,205.7103140001004
S.MOV,66,S,True,X,0.4148373305797577,False,X,False,False,False,True,14.124116999994383,0.0080780000644153,0.8672640001350373,195.55039999977453,0.0169790000654757,210.56683800003384
S.MOV,67,S,True,I,0.4432496726512909,False,I,False,False,False,True,13.930630000004385,0.0064700002440076,0.7572159997835115,190.2258550003353,0.0163299996529531,204.9365010000201
S.MOV,68,S,True,X,0.3416597843170166,False,X,False,False,False,True,13.9786480000339,0.0070230003075266,0.4887159998361312,189.3501219997233,0.0199590003830962,203.844468000284
S.MOV,69,S,True,I,0.2862626016139984,False,I,False,False,False,True,14.150507000010748,0.0073370001700823,0.4878720001215697,187.98481200019523,0.019104999864794,202.64963300036243
S.MOV,70,S,True,X,0.6145772337913513,False,X,False,False,False,True,14.149034000013216,0.0066859997787105,0.5003279998163634,188.92516599999,0.0200150002456211,203.6012289998439
S.MOV,71,S,True,X,0.4937158823013305,False,X,False,False,False,True,14.039336999985608,0.0071069998739403,0.5034939999859489,191.59280300027604,0.0189290003618225,206.16167000048333
S.MOV,72,S,True,X,0.5331547856330872,False,X,False,False,False,True,14.141044000041347,0.0080039999375003,0.7197519998953794,196.06056800012084,0.0166400000125577,210.9460080000076
S.MOV,73,S,True,X,0.4938150346279144,False,X,False,False,False,True,14.03619500001696,0.0070179999056563,0.8249430002251756,192.27852799986067,0.0160859999596141,207.16276999996808
S.MOV,74,S,True,X,0.4363341033458709,False,X,False,False,False,True,14.155474000006052,0.0074010004027513,0.8461969996460539,192.06344199983505,0.0168010001289076,207.0893150000188
S.MOV,75,S,True,X,0.7856594920158386,False,X,False,False,False,True,14.121430999978202,0.0065849999373313,0.8054649997575325,192.6095490002808,0.0169529998856887,207.5599829998396
S.MOV,76,S,True,X,0.6702532768249512,False,X,False,False,False,True,14.399869000044418,0.0064159999055846,0.7625940002071729,193.8144159998956,0.0184340001396776,209.00172900019243
S.MOV,77,S,True,X,0.5443200469017029,False,X,False,False,False,True,14.15423399998872,0.0076680003076035,0.7787290001033398,197.51062200020897,0.0173060002452984,212.468559000854
S.MOV,78,S,True,X,0.5752295255661011,False,X,False,False,False,True,14.039639000031912,0.0069019997681607,0.8277479996650072,201.79423700028565,0.0191340000128548,216.6876599997636
S.MOV,79,S,True,X,0.6351619362831116,False,X,False,False,False,True,13.897503999999117,0.0081600001067272,0.865571000304044,193.57759699960292,0.0248870001087198,208.3737190001216
S.MOV,80,S,True,X,0.7823140621185303,False,X,False,False,False,True,14.145218000010118,0.0069960001383151,0.7644100001016341,194.9241319998692,0.0174599999809288,209.85821600010013
S.MOV,81,S,True,X,0.7845062613487244,False,X,False,False,False,True,14.011367000023256,0.007932999778859,0.8525640000698331,195.510970000214,0.0168819997270475,210.399715999813
S.MOV,82,S,True,X,0.7599747180938721,False,X,False,False,False,True,14.2394230000491,0.0075739999374491,0.8410019995608309,196.08368000035625,0.0169370000548951,211.18861599995853
S.MOV,83,S,True,X,0.643349826335907,False,X,False,False,False,True,14.000115000044389,0.0262659996224101,0.7617399996888707,198.50410100025329,0.0200620002033247,213.31228399981228
S.MOV,84,S,True,X,0.6289082169532776,False,X,False,False,False,True,14.023102999999535,0.0122110000120301,0.735542000256828,211.42171999963463,0.0199749997591425,226.2125509996622
S.MOV,85,S,True,X,0.5172070860862732,False,X,False,False,False,True,14.015367000013155,0.0072140001066145,0.7935000003271853,194.63709000001472,0.0163720001182809,209.46954300058
S.MOV,86,S,True,X,0.5061661601066589,False,X,False,False,False,True,13.957191000031344,0.006628999926761,0.8847659996717994,195.24344499996005,0.0198610000552434,210.1118919996452
S.MOV,87,S,True,I,0.5310866832733154,False,I,False,False,False,True,13.996972999962054,0.0086240002019621,0.6082740001147613,194.2999480002072,0.0195430002349894,208.933362000721
S.MOV,88,S,True,X,0.4659063816070556,False,X,False,False,False,True,14.085521000026802,0.0067359997046878,0.5829269998685049,197.56312700019407,0.0250750003942812,212.26338600018835
S.MOV,89,S,True,X,0.4690725207328796,False,X,False,False,False,True,14.062357000000247,0.0070010000854381,0.5540239999390906,193.4682790001716,0.0208319997909711,208.11249299998727
S.MOV,90,S,True,X,0.4525592923164367,False,X,False,False,False,True,14.083174999996118,0.0079030000961211,0.6515939999189868,193.24452199998632,0.019345000055182,208.00653900005275
S.MOV,91,S,True,X,0.4097677171230316,False,X,False,False,False,True,14.27827800000614,0.0060379998103599,0.8089170000857848,189.05126700019537,0.0166620002346462,204.1611620003323
S.MOV,92,S,True,X,0.2954388856887817,False,X,False,False,False,True,13.880335999999716,0.0065660001382639,0.5207789999985835,195.50209899989568,0.0189970000974426,209.92877700012968
S.MOV,93,S,True,B,0.4431188106536865,False,B,False,False,False,True,14.586957000005896,0.0060960001064813,0.4997239998374425,194.89839200014103,0.0237910003306751,210.01496000042152
S.MOV,94,S,True,I,0.3943337500095367,False,I,False,False,False,True,14.03804799997488,0.0061609998738276,0.5135759997756395,193.36945499981084,0.0206710001293686,207.94791099956456
S.MOV,95,S,True,I,0.3549162745475769,False,I,False,False,False,True,14.115263000007872,0.0061050000113027,0.5167280000932806,192.3666779998712,0.0205569999707222,207.02533099995435
S.MOV,96,S,True,I,0.2623082399368286,False,I,False,False,False,True,14.303061000020987,0.0060980000853305,0.5471089998536627,193.70500400009405,0.0209330000870977,208.5822050001412
S.MOV,97,S,True,I,0.3482766449451446,False,I,False,False,False,True,14.250713000024009,0.0061870000536146,0.5650399998557987,196.25897700007044,0.0190929999916988,211.1000099999956
S.MOV,98,S,True,I,0.4202424883842468,False,I,False,False,False,True,14.180294999960095,0.0060730003497155,0.557007000224985,191.22179900023184,0.0192709999282669,205.9844450006949
S.MOV,99,S,True,N,0.4898759424686432,False,N,False,False,False,True,14.112787000044593,0.007177000043157,0.5115779999869119,193.4009719998357,0.0185069998224207,208.05102099973283
S.MOV,100,S,True,I,0.433383584022522,False,I,False,False,False,True,14.23749600002111,0.0068839999585179,0.5403959999057406,191.0884740000256,0.0188439998964895,205.89209399980743
S.MOV,101,S,True,I,0.3391422033309936,False,I,False,False,False,True,14.021192999962295,0.0457920000371814,0.4889839997304079,193.64118299972688,0.0191600001926417,208.2163119996494
S.MOV,102,S,True,X,0.3321264088153839,False,X,False,False,False,True,13.916109999968285,0.0063869997575238,0.5238680000729801,193.7371039998652,0.0195550001080846,208.20302399977209
S.MOV,103,S,True,X,0.3047144711017608,False,X,False,False,False,True,13.924873000007665,0.0056109997785824,0.4895699998996861,191.3087230000201,0.0208830001611204,205.7496599998672
S.MOV,104,S,True,X,0.429921418428421,False,X,False,False,False,True,14.143306999983452,0.0065590002122917,0.7736590000604338,189.308944000004,0.0167670000337238,204.24923600029388
S.MOV,105,S,True,X,0.4240119755268097,False,X,False,False,False,True,14.082847999986823,0.0064609998844389,0.8031799998207134,192.7792359997511,0.0193370001397852,207.69106199958287
S.MOV,106,S,True,X,0.5544052124023438,False,X,False,False,False,True,14.02931699999499,0.0060580000535992,0.7788749999235733,189.12468200005603,0.0192190000234404,203.95815100005169
S.MOV,107,S,True,X,0.5641417503356934,False,X,False,False,False,True,14.232336000020496,0.0057770002968027,0.7772349999868311,187.77212299983148,0.0170829998751287,202.8045540000108
S.MOV,108,S,True,X,0.6037707328796387,False,X,False,False,False,True,13.854832999982136,0.0058350001381768,0.4965050002283533,187.89713800015303,0.0189659999705327,202.27327700047223
S.MOV,109,S,True,X,0.6081828474998474,False,X,False,False,False,True,14.13498800002344,0.0061999999161344,0.5058189999544993,188.09392100001787,0.0203549998332164,202.7612829997452
S.MOV,110,S,True,X,0.7477390766143799,False,X,False,False,False,True,14.305288000002747,0.0069360003180918,0.798997999936546,193.8686369999232,0.0184929999704763,208.99835200015104
S.MOV,111,S,True,X,0.803899347782135,False,X,False,False,False,True,14.242694000017764,0.0076040000749344,0.8077399998001056,187.0942629998353,0.0230239998018078,202.17532499952995
S.MOV,112,S,True,X,0.7581109404563904,False,X,False,False,False,True,14.277623999987554,0.0063219999901775,0.8087789997262007,190.5517579998559,0.0183300003300246,205.6628129998899
S.MOV,113,S,True,X,0.6771053671836853,False,X,False,False,False,True,14.08671100000447,0.0061949999690114,0.8159959998010891,190.47666799997387,0.0191629997061681,205.4047329994546
S.MOV,114,S,True,X,0.7947245240211487,False,X,False,False,False,True,14.128136000010729,0.0075640000432031,0.8800360001259833,193.27261199987333,0.019679000160977,208.30802700021425
S.MOV,115,S,True,X,0.7525601983070374,False,X,False,False,False,True,14.029786999969929,0.0076629999057331,0.7705199996053125,192.4903130002349,0.0167960001817846,207.31507899989765
S.MOV,116,S,True,X,0.837662935256958,False,X,False,False,False,True,14.47141199997759,0.0068750000536965,0.797419000264199,192.0182339999883,0.019987000086985,207.3139270003708
S.MOV,117,S,True,X,0.858155369758606,False,X,False,False,False,True,14.29255599998669,0.006739000127709,0.9503520000180288,195.1580659997489,0.0200910003513854,210.42780400023275
S.MOV,118,S,True,X,0.8247773051261902,False,X,False,False,False,True,14.157844999999725,0.0055699997574265,0.7948280003802211,191.47107500020863,0.0206360000447602,206.4499540003908
S.MOV,119,S,True,X,0.7287213802337646,False,X,False,False,False,True,14.363214000013611,0.0079649998951936,0.5218459996285674,196.21555300000185,0.0351300000147603,211.14370799955395
S.MOV,120,S,True,X,0.7095745205879211,False,X,False,False,False,True,16.675207999981012,0.0067450000642566,0.7904219996817119,194.6920529999261,0.0189460001820407,212.1833739998351
S.MOV,121,S,True,X,0.555938184261322,False,X,False,False,False,True,14.09080799999174,0.0063659999796072,0.5325289998836524,194.01460800008863,0.0186489996849559,208.66295999962853
S.MOV,122,S,True,X,0.5274109840393066,False,X,False,False,False,True,14.155113000015264,0.00628499992672,0.6277369998315407,198.54186200018376,0.0192849997802113,213.3502819997375
S.MOV,123,S,True,X,0.5217244029045105,False,X,False,False,False,True,14.037065999957576,0.0066860002334578,0.521357999787142,193.9339860000473,0.0205880000976321,208.5196840001231
S.MOV,124,S,True,X,0.484005331993103,False,X,False,False,False,True,14.0957050000452,0.0066200000219396,0.8386519998566655,196.9989600002009,0.0193589999071264,211.95929600003183
S.MOV,125,S,True,I,0.5237381458282471,False,I,False,False,False,True,13.950292999993508,0.0081700000009732,0.822119000076782,215.94835999985665,0.016769000012573,230.74571099994048
S.MOV,126,S,True,X,0.4172804057598114,False,X,False,False,False,True,14.348738999956367,0.0063390002651431,0.8131909999065101,188.2325269998546,0.0165880001077312,203.41738400009035
S.MOV,127,S,True,I,0.4974796772003174,False,I,False,False,False,True,13.948015999972084,0.0057939996622735,0.7729670001026534,188.30758400008563,0.017322000076092,203.0516829998988
S.MOV,128,S,True,I,0.4714730679988861,False,I,False,False,False,True,14.1433389999861,0.0066120001065428,0.808813999810809,187.446651999835,0.0177629999598138,202.42317999969828
S.MOV,129,S,True,I,0.340888649225235,False,I,False,False,False,True,14.1219079999928,0.0097739998636825,0.9032709999701184,197.04833400010105,0.0195760003407485,212.1028630002684
S.MOV,130,S,True,B,0.3186161816120147,False,B,False,False,False,True,13.955104000046958,0.0081940002019109,0.5250480003269331,191.7377419999866,0.0171029996636207,206.24319100022603
S.MOV,131,S,True,X,0.254304438829422,False,X,False,False,False,True,13.998726000011176,0.0057430002016189,0.5526410000129545,188.3075140003712,0.017690999811748,202.88231500040865
S.MOV,132,S,True,I,0.3069306313991546,False,I,False,False,False,True,13.93919999998161,0.0071380000008502,0.5002500001864973,186.7335470001308,0.0168999999914376,201.1970350002912
S.MOV,133,S,True,I,0.3542965948581695,False,I,False,False,False,True,14.031428000009782,0.007374999768217,0.5593040000348992,191.04769499972463,0.018135000118491,205.663936999656
S.MOV,134,S,True,I,0.3977375626564026,False,I,False,False,False,True,13.95810900004335,0.0070129999585333,0.5028989999118494,189.7380179998436,0.0183199999810312,204.2243589997384
S.MOV,135,S,True,X,0.3180224597454071,False,X,False,False,False,True,14.064262999966104,0.0069769998845004,0.5110030001560517,187.1563049999168,0.0170789999174303,201.75562699984084
S.MOV,136,S,True,I,0.407827228307724,False,I,False,False,False,True,13.836300999969351,0.0059640001381922,0.4769410002154473,186.71897499962145,0.0155729999278264,201.05375399987224
S.MOV,137,S,True,I,0.3817379176616668,False,I,False,False,False,True,13.868576999982452,0.0061259997892193,0.4847489999519894,187.03834699999788,0.0165920000654296,201.41439099978697
S.MOV,138,S,True,X,0.4729257225990295,False,X,False,False,False,True,13.858067999990451,0.0059929998315055,0.7681209999645944,188.4758209998836,0.0169129998539574,203.1249159995241
S.MOV,139,S,True,X,0.657896876335144,False,X,False,False,False,True,13.979144000018096,0.0052750001486856,0.4859969999415625,186.7185060000338,0.0166939998962334,201.2056160000384
S.MOV,140,S,True,X,0.5806697607040405,False,X,False,False,False,True,14.02534400000377,0.010678000307962,0.7494960000258288,186.4264769997135,0.01712299990686,201.2291179999579
T.MOV,0,T,True,N,0.9769436717033386,False,N,False,False,False,True,14.21790099999498,0.0081319999480911,0.9266399997613916,190.74577099991075,0.0166479999279545,205.9150919995432
T.MOV,1,T,True,N,0.9595090746879578,False,N,False,False,False,True,14.111123000020598,0.0066110001171182,0.8736180002415495,190.502278999702,0.0188009998964844,205.5124319999777
T.MOV,2,T,True,N,0.9890590906143188,False,N,False,False,False,True,14.17674600003238,0.0082540000221342,0.9681569999884232,196.6569189999064,0.0192099996638717,211.82928599961315
T.MOV,3,T,True,N,0.9954588413238524,False,N,False,False,False,True,14.10986100000855,0.006405000021914,0.8249090001299919,191.3187149998521,0.0187450000339595,206.2786350000465
T.MOV,4,T,True,N,0.9944076538085938,False,N,False,False,False,True,14.133478000019297,0.0068320000536914,0.8752379999350524,193.8312029997178,0.0190129999282362,208.8657639996541
T.MOV,5,T,True,N,0.98817378282547,False,N,False,False,False,True,14.073592999977793,0.006609000138269,0.8479570001327374,190.40116799988027,0.0172320001183834,205.34655900024745
T.MOV,6,T,True,N,0.9943408966064452,False,N,False,False,False,True,14.033539999957156,0.0064710002334322,0.8514569999533705,193.99346499994863,0.0171649999174405,208.90209800001003
T.MOV,7,T,True,N,0.998134195804596,False,N,False,False,False,True,14.024860000006356,0.0060799998209404,0.850214999900345,187.5150690002556,0.019787999917753,202.416011999901
T.MOV,8,T,True,N,0.9979135394096376,False,N,False,False,False,True,13.985790999981871,0.0067599999056255,0.8398760001000483,198.4674149998682,0.0176290000126755,213.3174709998684
T.MOV,9,T,True,N,0.9983248114585876,False,N,False,False,False,True,14.318396000021494,0.0067999999373569,0.8482700000058685,191.3580219998039,0.0198470002032991,206.5513349999719
T.MOV,10,T,True,N,0.9975025057792664,False,N,False,False,False,True,13.910720000012589,0.0068929998633393,0.8840289997351647,193.4413049998512,0.020220999886078,208.2631679993483
T.MOV,11,T,True,N,0.9969874024391174,False,N,False,False,False,True,14.111947999992935,0.0069220000114,0.9062610001819849,191.0994119998577,0.0195009997696615,206.14404399981368
T.MOV,12,T,True,N,0.9956631064414978,False,N,False,False,False,True,14.061846000004152,0.006837999990239,0.8672260000821552,193.9588860000185,0.0202920000447193,208.9150880001398
T.MOV,13,T,True,N,0.9927955269813538,False,N,False,False,False,True,14.133286000003409,0.0069060001806064,0.8720959999664046,193.01267499986352,0.0171370002135518,208.0421000002275
T.MOV,14,T,True,N,0.9866859912872314,False,N,False,False,False,True,14.033365000045706,0.0071549998210684,0.8458739998786768,189.18141599988303,0.0169190002452523,204.08472899987373
T.MOV,15,T,True,N,0.9748395085334778,False,N,False,False,False,True,14.004532999990715,0.0060080001276219,0.8612010001343151,187.3908699999447,0.0164309999490797,202.27904300014643
T.MOV,16,T,True,N,0.9739311337471008,False,N,False,False,False,True,14.137719000018478,0.0065450003603473,0.8220550002988603,189.7342919996845,0.0168739998116507,204.71748500017384
T.MOV,17,T,True,N,0.989642322063446,False,N,False,False,False,True,14.260162000027776,0.0063420002334169,0.8314420001624967,188.6775150001085,0.0172539998857246,203.792715000418
T.MOV,18,T,True,N,0.996168315410614,False,N,False,False,False,True,14.34370399999807,0.0059369999689806,0.8249210000030871,187.16886099991825,0.0178479999703995,202.3612709998588
T.MOV,19,T,True,N,0.9919931888580322,False,N,False,False,False,True,14.2484429999854,0.0061370001276372,0.8455259999209375,193.4119590000592,0.0171700003193109,208.52923500041243
T.MOV,20,T,True,N,0.9978378415107728,False,N,False,False,False,True,14.24295300000722,0.0060249999478401,0.8289060001516191,216.6696200001752,0.0173309999809134,231.7648350002628
T.MOV,21,T,True,N,0.9994768500328064,False,N,False,False,False,True,14.06317499998977,0.0068610002017521,0.854079999953683,187.6742969998304,0.0184030000127677,202.6168159999884
T.MOV,22,T,True,N,0.9985369443893432,False,N,False,False,False,True,14.040711000006922,0.0070359997152991,0.8028439997360692,186.7829850002636,0.0203200002033554,201.65389599992525
T.MOV,23,T,True,N,0.9990272521972656,False,N,False,False,False,True,14.157377000003637,0.006719000339217,0.8304530001623789,187.6326040001004,0.0193889995898643,202.6465420001955
T.MOV,24,T,True,N,0.9990783929824828,False,N,False,False,False,True,14.53919099998302,0.0068710000959981,0.8356420003110543,193.2523210002728,0.0175320001289946,208.65155700079185
T.MOV,25,T,True,N,0.9993159770965576,False,N,False,False,False,True,14.181789999952343,0.0072359998739557,0.8584470001551381,198.13063099991268,0.0204459997803496,213.19854999967447
T.MOV,26,T,True,N,0.9989007711410522,False,N,False,False,False,True,14.345158000026004,0.006508999831567,0.8439510002062889,191.48287699999847,0.0192540001080487,206.6977490001705
T.MOV,27,T,True,N,0.9980133771896362,False,N,False,False,False,True,14.228019999961816,0.0057830002333503,0.867732999722648,190.40061400028208,0.0199829996745393,205.52213299987443
T.MOV,28,T,True,N,0.9995490908622742,False,N,False,False,False,True,13.970728000003874,0.0070900000537221,0.8481810000375845,193.05338200001643,0.0187179998647479,207.8980989999764
T.MOV,29,T,True,N,0.9989859461784364,False,N,False,False,False,True,14.189977000000908,0.0064020000536402,0.8639359998596774,192.42037699996217,0.0204749999284103,207.5011669998048
T.MOV,30,T,True,N,0.9993700385093688,False,N,False,False,False,True,14.09245400003556,0.0076159999480296,0.8374869998988288,190.83121199992087,0.0204680000024382,205.78923699980572
T.MOV,31,T,True,N,0.9994373917579652,False,N,False,False,False,True,13.964627000007113,0.0089099999058817,0.8545410000806442,189.60739600015583,0.0174380002135876,204.45291200036309
T.MOV,32,T,True,N,0.998818337917328,False,N,False,False,False,True,14.186026999993828,0.0075410002864373,0.8439099997303856,192.15107899981376,0.0204899997697793,207.2090469995942
T.MOV,33,T,True,N,0.9979243278503418,False,N,False,False,False,True,14.010369999994056,0.0065920003180508,0.8344369998667389,191.6168049997396,0.0207200000659213,206.4889239999843
T.MOV,34,T,True,N,0.9989952445030212,False,N,False,False,False,True,13.941472999988491,0.0065509998421475,0.8380160002161574,190.01738799988743,0.0191530002666695,204.8225810002009
T.MOV,35,T,True,N,0.9974519610404968,False,N,False,False,False,True,14.084577000005538,0.0057360002756468,0.8874589998413285,192.0079189999342,0.0209270001505501,207.00661800020723
T.MOV,36,T,True,N,0.9864054322242736,False,N,False,False,False,True,14.082892000033098,0.0076209998951526,0.8450400000583613,192.4425649999648,0.0207349999072903,207.39885299985872
T.MOV,37,T,True,N,0.9875463843345642,False,N,False,False,False,True,14.069328000005044,0.0060719999055436,0.8407440000155475,192.50460900002508,0.0191140002243628,207.4398670001756
T.MOV,38,T,True,N,0.984538435935974,False,N,False,False,False,True,14.015152000013131,0.0065340000219293,0.8346640001946071,188.21047899973564,0.0159209998855658,203.08274999985088
T.MOV,39,T,True,N,0.9919915795326232,False,N,False,False,False,True,14.044132999970316,0.0062439999055641,0.838609999846085,186.66114200004813,0.0164880002557765,201.56661700002587
T.MOV,40,T,True,N,0.99480140209198,False,N,False,False,False,True,14.16961600000377,0.0067690002651943,0.9087379999073164,186.5541160000248,0.0190709997696103,201.6583099999707
T.MOV,41,T,True,N,0.9949092268943788,False,N,False,False,False,True,14.2545780000205,0.0065960002757492,0.8312519998980861,190.0015229998644,0.0208950000342156,205.1148440000929
T.MOV,42,T,True,N,0.993999719619751,False,N,False,False,False,True,14.243840000006005,0.0069799998527741,0.816892999864649,188.0551609997383,0.0202470000658649,203.1431209995276
T.MOV,43,T,True,N,0.9899609088897704,False,N,False,False,False,True,14.0378799999894,0.006395000127668,0.8057079999161942,188.8444010000967,0.0195600000552076,203.7139440001852
T.MOV,44,T,True,N,0.9950278401374816,False,N,False,False,False,True,14.06675099997301,0.0059580002016446,0.8090619999165938,187.5297890001093,0.0191720000657369,202.4307320002663
T.MOV,45,T,True,N,0.9933350086212158,False,N,False,False,False,True,14.19281700003694,0.0066910001805808,0.9514309999758552,193.7592200001745,0.0201679999918269,208.9303270003597
T.MOV,46,T,True,N,0.9940650463104248,False,N,False,False,False,True,14.314764999994622,0.0060710003708663,0.8544990000700636,192.9257689998849,0.0167459998010599,208.1178500001215
T.MOV,47,T,True,N,0.993399143218994,False,N,False,False,False,True,14.310217000002012,0.0061999999161344,0.8567949998905533,192.68325199982428,0.0168459996530145,207.873309999286
T.MOV,48,T,True,N,0.9934858679771424,False,N,False,False,False,True,13.900560000024598,0.0066600000536709,0.8298719999402238,191.4421279998351,0.0173690000337956,206.19658899988733
T.MOV,49,T,True,N,0.9973836541175842,False,N,False,False,False,True,14.235433000010287,0.0068389999796636,0.8661980000397307,194.2364669998824,0.018767000256048,209.36370400016813
T.MOV,50,T,True,N,0.995901882648468,False,N,False,False,False,True,14.188476000015273,0.0064619998738635,0.83217000019431,197.6293849998001,0.0170329999491514,212.6735259998327
T.MOV,51,T,True,N,0.9988973140716552,False,N,False,False,False,True,14.21757000002799,0.0063819998104008,0.8139700003084727,189.51819500034617,0.016704999779904,204.5728220002729
T.MOV,52,T,True,N,0.9993174076080322,False,N,False,False,False,True,14.2407790000334,0.0073460000749037,0.8401810000577825,192.7602439996008,0.0173749999703431,207.8659249997372
T.MOV,53,T,True,N,0.9996167421340942,False,N,False,False,False,True,14.23620899998923,0.0061219998315209,0.850075000016659,188.33249199997223,0.0182130002031044,203.4431110000128
T.MOV,54,T,True,N,0.9996719360351562,False,N,False,False,False,True,14.067383999986305,0.0075500001912587,0.9208790002048772,193.78898300010405,0.0191090002772398,208.8039050007637
T.MOV,55,T,True,N,0.9990347623825072,False,N,False,False,False,True,13.944353999988834,0.0069669999902544,0.8620469998277258,200.87598400004936,0.0206280001293635,215.7099799999856
T.MOV,56,T,True,N,0.9978266358375548,False,N,False,False,False,True,14.535410000007689,0.0071350000325764,0.9391710000272724,192.56736599982105,0.0196310002138488,208.06871300010243
T.MOV,57,T,True,N,0.999197781085968,False,N,False,False,False,True,14.149228000007952,0.00682300014887,0.8850980002534925,194.19947000005777,0.0194070003090018,209.2600260007771
T.MOV,58,T,True,N,0.9992499947547911,False,N,False,False,False,True,14.032450999991395,0.0067830001171387,0.8361449999938486,197.6744830003554,0.0165170004038373,212.5663790008616
T.MOV,59,T,True,N,0.9997270703315736,False,N,False,False,False,True,14.109715000017786,0.0060520001170516,0.9190539999508474,193.65096399997128,0.0176349999492231,208.7034200000062
T.MOV,60,T,True,N,0.9996930360794068,False,N,False,False,False,True,14.14110000001756,0.0077270001384022,0.8804119997876114,195.98633499981588,0.0175149998540291,211.03308899961348
T.MOV,61,T,True,N,0.9997180104255676,False,N,False,False,False,True,14.20430899997882,0.0069660000008298,1.0254109997731575,216.57281900024827,0.036374000046635,231.8458790000477
T.MOV,62,T,True,N,0.9989257454872132,False,N,False,False,False,True,14.315644999953747,0.008291999620269,0.9533440002087444,192.6871600003324,0.020663999748649,207.98510499986372
T.MOV,63,T,True,N,0.9994159936904908,False,N,False,False,False,True,13.997900999981994,0.0071449999268224,0.8597700002610509,193.36083500002127,0.0169840000125987,208.2426350002038
T.MOV,64,T,True,N,0.9995373487472534,False,N,False,False,False,True,13.970260000007784,0.0066259999584872,0.8512190001965791,190.21338999982612,0.0189610000234097,205.06045600001244
T.MOV,65,T,True,N,0.999377429485321,False,N,False,False,False,True,14.302891999989242,0.0069190000431262,0.8646270002827805,191.877077999834,0.0190219998330576,207.0705379999822
T.MOV,66,T,True,N,0.9991434812545776,False,N,False,False,False,True,14.23287599999412,0.0068019999162061,0.9054279998963466,204.5558780000647,0.0213210000765684,219.722304999948
T.MOV,67,T,True,N,0.9994879961013794,False,N,False,False,False,True,14.1044920000013,0.0139369999487826,0.8991459999379003,189.71800899998925,0.0192130000868928,204.75479699996413
T.MOV,68,T,True,N,0.999800741672516,False,N,False,False,False,True,14.218862000006991,0.0124349999168771,0.9190669998133671,192.26406899997528,0.0196770001821278,207.43410999989464
T.MOV,69,T,True,N,0.99886155128479,False,N,False,False,False,True,14.116931999978988,0.0059280000641592,0.8768699999563978,193.4688629999073,0.0197059998754411,208.48829899978227
T.MOV,70,T,True,N,0.9993242025375366,False,N,False,False,False,True,14.262911999992411,0.0065869999161805,0.8491109997521562,197.09500699991625,0.0195039997379353,212.2331209993149
T.MOV,71,T,True,N,0.9986018538475036,False,N,False,False,False,True,14.121280999972896,0.0062940002862887,0.8497920002810133,193.22929100007968,0.017769999885786,208.22442800050567
T.MOV,72,T,True,N,0.9981783628463744,False,N,False,False,False,True,14.511474000016731,0.0061269997786439,0.877095999840094,191.6976560000876,0.0165689998539164,207.10892199957692
T.MOV,73,T,True,N,0.9917140603065492,False,N,False,False,False,True,14.322287000027243,0.0068680001277243,0.8743329999560956,193.54513500002213,0.0172159998328425,208.76583899996604
T.MOV,74,T,True,N,0.9924026727676392,False,N,False,False,False,True,13.925120999999764,0.0236519999816664,0.8295709999401879,196.9605250001223,0.0183450001713936,211.7572140002153
T.MOV,75,T,True,N,0.9953187108039856,False,N,False,False,False,True,14.112395000040578,0.006245000349736,0.9180929996546184,194.47742900001683,0.0166089998856477,209.53077099994744
T.MOV,76,T,True,N,0.9679033160209656,False,N,False,False,False,True,14.073273000008156,0.0062839999372954,0.8639839998068055,195.65977899992504,0.0176070002453343,210.62092699992263
T.MOV,77,T,True,N,0.9752760529518129,False,N,False,False,False,True,14.42115200001126,0.0068009999267815,0.8764430003793677,192.9560190001212,0.0269479996859445,208.2873630001245
T.MOV,78,T,True,N,0.9779072999954224,False,N,False,False,False,True,14.462950999984514,0.0074019999374286,0.8929629998419841,196.633424999618,0.0202709998120553,212.017011999194
T.MOV,79,T,True,N,0.924793541431427,False,N,False,False,False,True,14.106002999994873,0.0061630003074242,0.8322549997501483,189.67534000012165,0.0174259998857451,204.63718700005984
T.MOV,80,T,True,N,0.8922695517539978,False,N,False,False,False,True,14.11253899999565,0.0141410000651376,0.8730170002309023,193.45530900000085,0.0489090002702141,208.5039150005628
T.MOV,81,T,True,N,0.973202347755432,False,N,False,False,False,True,14.44072800001095,0.0068750000536965,0.8341660000041884,189.2381799998475,0.0183049996849149,204.53825399960124
T.MOV,82,T,True,N,0.8849005103111267,False,N,False,False,False,True,14.062125000009472,0.0066669999796431,0.8617620001132309,191.1212639997757,0.0200789995687955,206.07189699944684
T.MOV,83,T,True,N,0.9713290929794312,False,N,False,False,False,True,14.090509999959975,0.0090170001385558,0.9629589999349264,194.29716800004823,0.0199989999600802,209.3796530000418
T.MOV,84,T,True,N,0.93985253572464,False,N,False,False,False,True,14.30639299996983,0.0078849998317309,0.9120549998442584,193.7541880001845,0.0186269999176147,208.99914799974795
T.MOV,85,T,True,N,0.9943009614944458,False,N,False,False,False,True,14.32878400004256,0.0081540001701796,0.8656420000079379,191.49386900016907,0.0191710000763123,206.7156200004661
T.MOV,86,T,True,N,0.9964572787284852,False,N,False,False,False,True,14.219120000007024,0.006255000243982,0.8607079998910194,195.4425419999097,0.0191040003301168,210.54772900038188
T.MOV,87,T,True,N,0.9993205070495604,False,N,False,False,False,True,13.977176000025793,0.0066069997046724,0.8671000000504137,196.3694510000096,0.0198470002032991,211.24018099999373
T.MOV,88,T,True,N,0.9995369911193848,False,N,False,False,False,True,14.433628000006138,0.0071330000537273,0.8456079999632493,194.9323889998596,0.0201039997591578,210.2388619996418
T.MOV,89,T,True,N,0.9995562434196472,False,N,False,False,False,True,14.475501999982043,0.0069440002334886,0.8309360000566812,192.1515260000888,0.0202249998437764,207.4851330002048
T.MOV,90,T,True,N,0.9996839761734008,False,N,False,False,False,True,14.210700000035104,0.0060570000641746,0.8775379997132404,193.4517539998524,0.0190990003829938,208.56514800004788
T.MOV,91,T,True,N,0.9997323155403136,False,N,False,False,False,True,14.101885000002312,0.0070649998633598,0.8845269999255834,194.95851600004244,0.0212140002986416,209.9732070001324
T.MOV,92,T,True,N,0.9997902512550354,False,N,False,False,False,True,14.07485300001099,0.0069940001594659,0.8552219997000066,191.80964799988945,0.0192339998648094,206.7659509996247
T.MOV,93,T,True,N,0.9998270869255066,False,N,False,False,False,True,14.339311000014732,0.0056039998526102,0.8355229997505376,186.5037859997756,0.0190310001926263,201.70325499958608
T.MOV,94,T,True,N,0.9997933506965636,False,N,False,False,False,True,14.068230000020776,0.0066949996835319,0.8583889998590166,186.86233000016728,0.0243330000557762,201.8199769997864
T.MOV,95,T,True,N,0.9999111890792848,False,N,False,False,False,True,14.00668499996982,0.0064010000642156,0.817455999822414,192.6460310000948,0.0195250004253466,207.4960980003766
T.MOV,96,T,True,N,0.9998537302017212,False,N,False,False,False,True,14.219190999995137,0.0066430002334527,0.8184529997379286,195.79609700031145,0.0209159998121322,210.86130000009007
T.MOV,97,T,True,N,0.9998549222946168,False,N,False,False,False,True,14.138714000011989,0.0067760001911665,0.8331200001521211,192.63185399995564,0.0186160000339441,207.62908000034489
T.MOV,98,T,True,N,0.9999010562896729,False,N,False,False,False,True,14.323618999981136,0.0058549999266688,0.8699549998709699,189.53019299988227,0.0204019997909199,204.750023999452
T.MOV,99,T,True,N,0.9999712705612184,False,N,False,False,False,True,14.249677999998768,0.0059119997786183,0.8381369998460286,198.5628719999113,0.0202659998649323,213.67686499939964
T.MOV,100,T,True,N,0.9999334812164308,False,N,False,False,False,True,14.062725000030696,0.0064159999055846,0.8382289997825865,192.05337899984443,0.0200409999706607,206.98078999953395
T.MOV,101,T,True,N,0.9997339844703674,False,N,False,False,False,True,14.277353000011315,0.0068859999373671,0.838390999888361,193.36198999963017,0.0193879996004397,208.50400799906765
T.MOV,102,T,True,N,0.99950110912323,False,N,False,False,False,True,14.336308999986612,0.0057799998103291,0.8164030000443745,215.5822839999928,0.0201309999283694,230.76090699976248
T.MOV,103,T,True,N,0.9988699555397034,False,N,False,False,False,True,14.354112000035002,0.0067199998738942,0.852186999964033,192.42858600000545,0.019220000012865,207.66082499989125
T.MOV,104,T,True,N,0.9966906309127808,False,N,False,False,False,True,14.157603999990442,0.0258969998867542,0.7957210000313353,188.2119429997147,0.0170060002346872,203.20817099985788
T.MOV,105,T,True,N,0.9976518750190736,False,N,False,False,False,True,14.249824000046374,0.0062059998526819,0.838693999867246,188.04263100037133,0.0163900003826711,203.1537450005203
T.MOV,106,T,True,N,0.992194414138794,False,N,False,False,False,True,14.346741999986534,0.0063570000747859,0.832189999982802,187.15127799987383,0.0166099998750723,202.35317699979305
T.MOV,107,T,True,N,0.9882568717002868,False,N,False,False,False,True,17.126290000021527,0.0059399999372544,0.8621950000815559,190.4673050003112,0.0175099999069061,208.4792400002584
T.MOV,108,T,True,N,0.9772748947143556,False,N,False,False,False,True,14.381346999982725,0.0063040001805347,0.8497780004290689,189.34003599997595,0.016694999885658,204.594160000454
T.MOV,109,T,True,N,0.9448920488357544,False,N,False,False,False,True,14.248781999981476,0.0063349998526973,0.8455799998046132,186.95916999968176,0.0187939999705122,202.07866099929103
T.MOV,110,T,True,N,0.9782269597053528,False,N,False,False,False,True,14.10227799999575,0.0067740002123173,0.8919469996726548,188.0388330000642,0.0327259999721718,203.07255799991708
T.MOV,111,T,True,N,0.9625446200370787,False,N,False,False,False,True,16.51663100000178,0.0053799999477632,0.8281880000140518,188.5316000002604,0.0209310001082485,205.9027300003322
T.MOV,112,T,True,N,0.7066972255706787,False,N,False,False,False,True,14.971560999981648,0.0067470000431058,0.8367929999621992,194.3419539998104,0.0196850000975246,210.17673999989483
T.MOV,113,T,True,N,0.7955313324928284,False,N,False,False,False,True,14.66254599995409,0.0069719999373774,0.983156000074814,190.0442579999435,0.0193270002455392,205.71625900015533
T.MOV,114,T,True,N,0.912429928779602,False,N,False,False,False,True,14.365300999998,0.0060630000007222,0.9192470001835318,185.8188179999161,0.0180819997694925,201.1275109998678
T.MOV,115,T,True,N,0.8684550523757935,False,N,False,False,False,True,14.38083400000778,0.0058680002439359,0.8279659996333066,188.8712760000999,0.0213190000977192,204.10726300008264
T.MOV,116,T,True,N,0.9303145408630372,False,N,False,False,False,True,14.539158999980373,0.0062730000536248,0.9062359999916224,190.3852559998996,0.0258079999184701,205.8627319998436
T.MOV,117,T,True,N,0.9371040463447572,False,N,False,False,False,True,14.247836999970788,0.0065739995989133,0.8405130001847283,186.93630899997515,0.0197689996639383,202.05100199939352
T.MOV,118,T,True,N,0.965788722038269,False,N,False,False,False,True,14.221110999983466,0.0069399998210428,0.8638760000394541,186.59844499961764,0.0194780000128957,201.7098499994745
T.MOV,119,T,True,N,0.9691770076751708,False,N,False,False,False,True,14.336528999990604,0.0060639999901468,0.8238109999183507,186.4088570000604,0.01811899983295,201.59337999979243
T.MOV,120,T,True,N,0.970996081829071,False,N,False,False,False,True,14.150792999998885,0.0079510000432492,0.9469759997955408,188.5087430000567,0.0196989999494689,203.63416199984383
T.MOV,121,T,True,N,0.9802634119987488,False,N,False,False,False,True,14.152249000005668,0.0068160002228978,0.8281489999717451,189.1085430002022,0.0193840000974887,204.1151410005
T.MOV,122,T,True,N,0.9472712874412536,False,N,False,False,False,True,14.193085999977484,0.0075120001383766,0.8520470000803471,186.29558299971904,0.0191679996532911,201.3673959995685
T.MOV,123,T,True,N,0.9412153363227844,False,N,False,False,False,True,14.168858999994429,0.0063729999055794,0.8512529998370155,185.9778099997129,0.0182080002559814,201.02250299970592
T.MOV,124,T,True,N,0.9868564009666444,False,N,False,False,False,True,14.26803800001153,0.0067669998315977,0.9196250002787564,195.42612100030965,0.020117000076425,210.640668000508
T.MOV,125,T,True,N,0.99720698595047,False,N,False,False,False,True,14.29847500003234,0.0063880002016958,0.8553129996471398,189.71329100031653,0.0167650000548746,204.89023200025252
T.MOV,126,T,True,N,0.9967138767242432,False,N,False,False,False,True,14.117475999967157,0.0085040001067682,0.8840119999149465,188.02495999989333,0.0198460002138745,203.05479800009607
T.MOV,127,T,True,N,0.999503254890442,False,N,False,False,False,True,14.043625999988762,0.007047000053717,0.8085889999165374,193.8880409998092,0.0168660003510012,208.7641690001192
T.MOV,128,T,True,N,0.9996821880340576,False,N,False,False,False,True,14.24017200002936,0.0075500001912587,0.9182969997709732,195.00431199958257,0.0199090000023716,210.19023999957653
T.MOV,129,T,True,N,0.9999074935913086,False,N,False,False,False,True,14.139540000030593,0.0071440003921452,0.848093000058725,192.46951100012663,0.0205139999707171,207.48480200057884
T.MOV,130,T,True,N,0.9997021555900574,False,N,False,False,False,True,14.174573000047983,0.0074570002652762,0.879950000125973,191.17554300009945,0.0205009996534499,206.2580240001921
T.MOV,131,T,True,N,0.9999512434005736,False,N,False,False,False,True,14.216424999972332,0.0082009996731358,0.8617779999440245,192.73882100014816,0.0207680000130494,207.8459929997507
T.MOV,132,T,True,N,0.9999250173568726,False,N,False,False,False,True,14.222028999995471,0.0064679998104111,0.9205239998664184,193.6326650002229,0.0199799997062655,208.80166599960148
T.MOV,133,T,True,N,0.9998891353607178,False,N,False,False,False,True,14.332070999955704,0.0067539999690779,0.8348689998456393,193.99701400016056,0.0197959998331498,209.19050399976413
T.MOV,134,T,True,N,0.9999610185623168,False,N,False,False,False,True,14.36387600000444,0.0058800001170311,0.8221329999287263,190.9180309999101,0.0194110002667002,206.129331000227
T.MOV,135,T,True,N,0.9999504089355468,False,N,False,False,False,True,15.569448000007924,0.0062159997469279,0.885597999968013,191.01396699988985,0.0193219998436688,207.49455099945635
T.MOV,136,T,True,N,0.999929904937744,False,N,False,False,False,True,14.18551900002285,0.0061790001382178,0.8456610003122478,193.8880920001793,0.0187290002031659,208.9441800008558
T.MOV,137,T,True,N,0.9998809099197388,False,N,False,False,False,True,14.12770100000671,0.0078899997788539,0.8516050002072006,195.03149999991365,0.0196719997802574,210.03836799968667
T.MOV,138,T,True,N,0.999582827091217,False,N,False,False,False,True,14.201974000002338,0.0072520001594966,0.9958159998859628,191.32159800028603,0.0191130002349382,206.5457530005688
T.MOV,139,T,True,N,0.9997758269309998,False,N,False,False,False,True,14.474050999979228,0.0067850000959879,0.8216149999498157,190.45789799974955,0.0193860000763379,205.7797349998509
T.MOV,140,T,True,N,0.999729335308075,False,N,False,False,False,True,14.236766000010448,0.0065199997152376,0.8279650000986294,191.82166099972164,0.0196770001821278,206.9125889997281
T.MOV,141,T,True,N,0.9996943473815918,False,N,False,False,False,True,14.29599400000825,0.0056600001698825,0.8128790000228037,190.5936600001041,0.0205060000553203,205.7286990003604
T.MOV,142,T,True,N,0.998223602771759,False,N,False,False,False,True,14.12921000002143,0.0063600000430596,0.8012140001483203,190.68927499984056,0.0191909998648043,205.64524999991812
T.MOV,143,T,True,N,0.9916220903396606,False,N,False,False,False,True,14.570152000032977,0.0055689997680019,0.8291650001410744,203.31330199996955,0.018632000319485,218.7368200002311
U.MOV,0,U,True,B,0.4408719539642334,False,B,False,False,False,True,14.402989000018351,0.009247999969375,0.873948000389646,189.8344360001829,0.0169360000654705,205.1375570006257
U.MOV,1,U,True,X,0.573085606098175,False,X,False,False,False,True,14.257772000007662,0.006405000021914,0.8416460000262305,187.6601349999873,0.0158379998538293,202.78179599989696
U.MOV,2,U,True,X,0.4465734958648681,False,X,False,False,False,True,13.88909400003513,0.0065970002651738,0.8392100003220548,186.19018099980167,0.0165559999913966,200.94163800041545
U.MOV,3,U,True,X,0.4831254780292511,False,X,False,False,False,True,13.97375099998044,0.0062869999055692,0.8560289998058579,191.14540500004296,0.0196589999177376,206.00113099965256
U.MOV,4,U,True,B,0.4075212478637695,False,B,False,False,False,True,13.985198999989734,0.0068650001594505,0.8702899999661895,192.74046999998973,0.0201139996534038,207.6229379997585
U.MOV,5,U,True,N,0.4466206729412079,False,N,False,False,False,True,14.056267999990268,0.0059029998737969,0.5592659999820171,190.52588099975765,0.0203990002773934,205.16771699988112
U.MOV,6,U,True,N,0.4564802646636963,False,N,False,False,False,True,13.927105999982814,0.0058750001699081,0.8355719996870903,190.1981089999936,0.019871999938914,204.9865339997723
U.MOV,7,U,True,B,0.5170567035675049,False,B,False,False,False,True,14.117696999960572,0.0054369997997127,0.8519279999745777,192.69948200008,0.0188750000233994,207.6934189998383
U.MOV,8,U,True,N,0.5233844518661499,False,N,False,False,False,True,14.249389999974936,0.0062680001065018,0.8490260001963179,188.09802199984915,0.0470189997940906,203.249724999921
U.MOV,9,U,True,N,0.5426982045173645,False,N,False,False,False,True,14.220570999952995,0.0075799998739967,0.8170180003617133,191.9606209999074,0.020643999960157,207.02643400005627
U.MOV,10,U,True,N,0.4666473567485809,False,N,False,False,False,True,14.076088000024356,0.0068780000219703,1.0311920000276589,191.87770500002443,0.0197350000235019,207.01159800012192
U.MOV,11,U,True,N,0.5184005498886108,False,N,False,False,False,True,14.320980999968924,0.005692000286217,0.8519049997630646,191.7663999997785,0.0175690001924522,206.9625469999892
U.MOV,12,U,True,N,0.7908433079719543,False,N,False,False,False,True,14.101703999983783,0.0069190000431262,0.8777130001362821,196.0546659997817,0.0195439997696666,211.06054599971452
U.MOV,13,U,True,N,0.5482391715049744,False,N,False,False,False,True,14.178061999984948,0.0068019999162061,0.8903789998839784,192.98480200041013,0.0198439997802779,208.0798889999756
U.MOV,14,U,True,N,0.5651704668998718,False,N,False,False,False,True,14.2071810000175,0.0061979999372852,0.8607899999333313,189.86904299981688,0.0201190000552742,204.96333099976027
U.MOV,15,U,True,N,0.6722382307052612,False,N,False,False,False,True,14.191577999952187,0.0060150000535941,0.8713380002518534,192.33438800029035,0.0184770001396827,207.4217960006877
U.MOV,16,U,True,N,0.6415944695472717,False,N,False,False,False,True,14.176825999982157,0.0061800001276424,0.9206260001519696,190.28564600012032,0.0173650000760972,205.4066430004582
U.MOV,17,U,True,N,0.5301568508148193,False,N,False,False,False,True,14.599347000000762,0.0067769997258437,0.8681630001774465,189.6742819999417,0.0163029999384889,205.16487199978428
U.MOV,18,U,True,N,0.5533243417739868,False,N,False,False,False,True,14.558842999974786,0.0064859996200539,0.8623260000604205,187.27897899998425,0.0161080001817026,202.7227419998212
U.MOV,19,U,True,N,0.7279340624809265,False,N,False,False,False,True,14.447475999986636,0.0070450000748678,0.8376159998988442,192.79976399957377,0.0202239998543518,208.11212499938847
U.MOV,20,U,True,N,0.6787363886833191,False,N,False,False,False,True,14.224291000004996,0.006070999916119,0.8166060001713049,190.07721699972527,0.0187270002243167,205.1429120000421
U.MOV,21,U,True,N,0.5468248128890991,False,N,False,False,False,True,14.272123000012016,0.0089939999270427,0.619733999883465,192.8143390000514,0.017043999832822,207.73223399970675
U.MOV,22,U,True,N,0.5115050077438354,False,N,False,False,False,True,14.202055999987806,0.0079259998528868,0.861689999965165,190.4308620000848,0.0181519999387091,205.5206859998293
U.MOV,23,U,True,N,0.6130570769309998,False,N,False,False,False,True,14.579687999969336,0.0084250000327301,0.8965850001914077,191.7222900001434,0.0208149999707529,207.22780300030763
U.MOV,24,U,True,N,0.6056985259056091,False,N,False,False,False,True,14.449408999951174,0.0085360002231027,0.5963700000393146,194.6819449999566,0.0203469999178196,209.756607000088
U.MOV,25,U,True,N,0.5913963317871094,False,N,False,False,False,True,14.022546000035163,0.006270000085351,0.9123019999606186,200.6459240001277,0.0198920001821534,215.606934000391
U.MOV,26,U,True,N,0.6144968271255493,False,N,False,False,False,True,14.082698000038365,0.0069650000114052,0.939027000185888,194.0985390001515,0.0199999999495048,209.1472290003367
U.MOV,27,U,True,N,0.6666229367256165,False,N,False,False,False,True,14.35578500002066,0.0060490001487778,0.8421299999099574,188.95296800019423,0.0173769999491923,204.1743090002228
U.MOV,28,U,True,N,0.6743206977844238,False,N,False,False,False,True,14.465133999976842,0.0063500001488137,0.8481009999741218,191.89216499989925,0.0177619999703892,207.22951199996945
U.MOV,29,U,True,N,0.6359632015228271,False,N,False,False,False,True,14.259210999966854,0.0079860001278575,0.829604000045947,193.7716650004404,0.0194069998542545,208.8878730004353
U.MOV,30,U,True,N,0.5163761973381042,False,N,False,False,False,True,14.6328649999532,0.0071290000960289,0.8354189999408845,189.19239399974688,0.0197360000129265,204.6875429997499
U.MOV,31,U,True,N,0.6073525547981262,False,N,False,False,False,True,14.22588100001576,0.0208819997169484,0.8316160001413664,188.110663000316,0.0191050003195414,203.2081470005096
U.MOV,32,U,True,N,0.6460368633270264,False,N,False,False,False,True,14.247501999989254,0.0058020000324177,0.8539529999325168,196.77528100010025,0.0177429997165745,211.90028099977096
U.MOV,33,U,True,N,0.6740992665290833,False,N,False,False,False,True,14.452807999987272,0.0060399997892091,0.868010999965918,196.30110699972647,0.0170429998433974,211.64500899931227
U.MOV,34,U,True,B,0.4032986462116241,False,B,False,False,False,True,13.982709999993403,0.0075960001595376,0.8381799998460338,199.3529880001006,0.0167080002029251,214.1981820003025
U.MOV,35,U,True,N,0.4465276300907135,False,N,False,False,False,True,14.320709000003262,0.0060990000747551,0.8954330000960908,219.2288300002474,0.0175330001184192,234.46860400053995
U.MOV,36,U,True,B,0.5098085403442383,False,B,False,False,False,True,14.916811000034611,0.0065839999479067,0.8614240000497375,193.38144399989687,0.0172069999280211,209.18346999985715
U.MOV,37,U,True,B,0.6466377377510071,False,B,False,False,False,True,14.44419899996774,0.0064420000853715,0.8330710002155683,192.0550820000244,0.0176819999069266,207.3564760002
U.MOV,38,U,True,B,0.4704265296459198,False,B,False,False,False,True,14.61420700002236,0.0065120002545882,0.8615679998911219,190.50806699988243,0.0190760001714807,206.009430000222
U.MOV,39,U,True,B,0.3523545265197754,False,B,False,False,False,True,14.29871999999932,0.0069239999902492,0.8490800000799936,190.52649800005383,0.0194829999600187,205.70070500008345
U.MOV,40,U,True,B,0.4000821411609649,False,B,False,False,False,True,14.070860999993329,0.0066330003392067,0.8364640002582746,198.8975830004165,0.018349000129092,213.8298900011364
U.MOV,41,U,True,B,0.3697834312915802,False,B,False,False,False,True,14.056628999981058,0.0073850001172104,0.8595519998380041,204.91463700000168,0.0184289997378073,219.85663199967576
U.MOV,42,U,True,B,0.5227378606796265,False,B,False,False,False,True,14.242700000011157,0.0067729997681453,0.8648230000289914,189.9344970001948,0.0205660003302909,205.0693590003334
U.MOV,43,U,True,N,0.3894447386264801,False,N,False,False,False,True,14.289980999990348,0.0064260002545779,0.8170409996637318,193.9147359998969,0.0198150000869645,209.04799899989257
U.MOV,44,U,True,B,0.4147610068321228,False,B,False,False,False,True,14.038522000021205,0.0075309999374439,0.8885410002221761,196.7393350000748,0.0214530000448576,211.69538200030047
U.MOV,45,U,True,B,0.6760317087173462,False,B,False,False,False,True,14.07288199999357,0.0067619998844747,0.8342599999195954,193.1004529997153,0.0206509998861292,208.0350079993991
U.MOV,46,U,True,B,0.5093737840652466,False,B,False,False,False,True,14.205666999998812,0.0076999999691906,0.8595710000918189,197.09256899977845,0.0174699998751748,212.18297699971345
U.MOV,47,U,True,B,0.6302220821380615,False,B,False,False,False,True,14.108053000029486,0.0065290000748063,0.8411630001319281,193.2421609999437,0.0176090002241835,208.2155150004041
U.MOV,48,U,True,B,0.6344485878944397,False,B,False,False,False,True,13.968943999998372,0.0056399999266432,0.8969499999693653,192.35562999983813,0.0174059996425057,207.24456999937505
U.MOV,49,U,True,delete,0.4890907108783722,False,delete,False,False,False,True,14.117751000014778,0.0063080001382331,0.8737530001781124,192.5498340001468,0.0201689999812515,207.5678150004592
U.MOV,50,U,True,delete,0.454078197479248,False,delete,False,False,False,True,14.350903999968525,0.0063960001170926,0.87353000026269,193.98624600034964,0.0200889999177888,209.23716500061573
U.MOV,51,U,True,delete,0.5421391725540161,False,delete,False,False,False,True,14.387837000015224,0.0068530002863553,0.8309429999826534,188.27659299995503,0.0197489998754463,203.5219750001147
U.MOV,52,U,True,delete,0.3926392197608948,False,delete,False,False,False,True,13.951240000039888,0.0062689996411791,0.8259960000032152,193.08568999986164,0.0205050000658957,207.88969999961185
U.MOV,53,U,True,B,0.3436101973056793,False,B,False,False,False,True,14.139022999984263,0.0072789998739608,0.8961190001173236,201.61234899978808,0.0193040000340261,216.67407399979768
U.MOV,54,U,True,N,0.3406852185726166,False,N,False,False,False,True,14.064482000037517,0.006623999979638,0.8117590000438213,193.6570450002364,0.0196119999600341,208.5595220002574
U.MOV,55,U,True,B,0.4112804532051086,False,B,False,False,False,True,14.017949999981738,0.0066900001911562,0.8628219998172426,186.06856300039,0.0196820001292508,200.97570700050937
U.MOV,56,U,True,delete,0.457705020904541,False,delete,False,False,False,True,14.143085999990037,0.005916000191064,0.8211609997488267,196.47573100019144,0.0190149999070854,211.46490900002848
U.MOV,57,U,True,delete,0.4071559011936188,False,delete,False,False,False,True,14.122692000000823,0.0061149999055487,0.838958999793249,198.2505930000116,0.0189519996638409,213.23731099937504
U.MOV,58,U,True,B,0.4368515014648437,False,B,False,False,False,True,14.255900000023304,0.0073070000325969,0.9493570000813634,194.3722210003216,0.0198859997908584,209.6046710002497
U.MOV,59,U,True,B,0.4922783374786377,False,B,False,False,False,True,14.438754000025256,0.0070339997364499,0.8466569997835904,191.8629819997477,0.016709999727027,207.17213699902004
U.MOV,60,U,True,B,0.6827133297920227,False,B,False,False,False,True,14.110920000007354,0.0066349998633086,0.9088319998227234,193.04980800006888,0.0186889997166872,208.09488399947887
U.MOV,61,U,True,delete,0.4860923290252685,False,delete,False,False,False,True,14.147624000031556,0.0072309999268327,0.8176129999810655,196.40310399972805,0.0174019996848073,211.3929739993523
U.MOV,62,U,True,delete,0.5894452929496765,False,delete,False,False,False,True,13.959188999990602,0.0069360003180918,0.8944549999796436,193.3557100001053,0.0177030001395905,208.23399300053325
U.MOV,63,U,True,delete,0.6384937167167664,False,delete,False,False,False,True,14.245818000006238,0.0062690000959264,0.8492580000165617,190.2776719998656,0.0193979999494331,205.3984149999337
U.MOV,64,U,True,B,0.9193034172058104,False,B,False,False,False,True,14.009925999971529,0.0078459997894242,0.8182719998330867,190.33593200038013,0.0168579999808571,205.18883399995505
U.MOV,65,U,True,B,0.8555160760879517,False,B,False,False,False,True,14.168193000045903,0.0060849997680634,0.8275570003206667,202.2979920002399,0.0196900000446476,217.3195170004192
U.MOV,66,U,True,B,0.7944815158843994,False,B,False,False,False,True,13.987057999997887,0.0079530000220984,0.8804730000520067,200.9417660001418,0.0196450000657932,215.8368950002796
U.MOV,67,U,True,B,0.74578857421875,False,B,False,False,False,True,14.39791799998602,0.0064089999796124,0.813017999917065,190.58437300009248,0.0183659999493102,205.8200839999245
U.MOV,68,U,True,B,0.7726455330848694,False,B,False,False,False,True,14.060746000041036,0.0061069999901519,0.8122350000121514,193.78638499983936,0.0183199999810312,208.68379299986373
U.MOV,69,U,True,B,0.8847169280052185,False,B,False,False,False,True,13.937552000015785,0.0060590000430238,0.82196900029885,195.3611369999635,0.0179789999492641,210.1446960002704
U.MOV,70,U,True,B,0.8265064358711243,False,B,False,False,False,True,13.897194000037416,0.0061219998315209,0.8338399998137902,193.9056950000122,0.0198369998543057,208.66268799954923
U.MOV,71,U,True,B,0.8627679347991943,False,B,False,False,False,True,13.901018000012757,0.0094409997473121,0.9463019996474032,192.7910799995516,0.0171960000443505,207.6650369990034
U.MOV,72,U,True,B,0.8120408058166504,False,B,False,False,False,True,13.894481999955133,0.0063719999161548,0.8364420000361861,191.85532500023328,0.0175340001078438,206.6101550002486
U.MOV,73,U,True,B,0.5602518916130066,False,B,False,False,False,True,14.011915000025963,0.0069299999267968,0.9089730001505814,195.2960200001144,0.0167030002558021,210.2405410004735
U.MOV,74,U,True,X,0.5814767479896545,False,X,False,False,False,True,14.329612999972596,0.0063020002016855,0.8517679998476524,198.0857940002352,0.0184659998012648,213.2919430000584
U.MOV,75,U,True,X,0.480266809463501,False,X,False,False,False,True,14.138378999973613,0.0066749998950399,0.8471819996884733,193.85242699991068,0.0202920000447193,208.8649549995125
U.MOV,76,U,True,B,0.5086218118667603,False,B,False,False,False,True,14.187951999986126,0.0078569996730948,0.8458900001642178,213.05721199996697,0.0199400001292815,228.1188509999197
U.MOV,77,U,True,X,0.7527459263801575,False,X,False,False,False,True,14.060529999994742,0.0070480000431416,0.8540789999642584,190.7205150000664,0.0247900002250389,205.66696200029355
U.MOV,78,U,True,X,0.6240756511688232,False,X,False,False,False,True,14.149271000007955,0.0064899995777523,0.8432340000581462,191.04243399988263,0.0184840000656549,206.0599129995921
U.MOV,79,U,True,X,0.4038154184818268,False,X,False,False,False,True,14.049175999957695,0.0062879998949938,0.8363110000573215,191.20148100000733,0.018327999896428,206.11158399981372
U.MOV,80,U,True,B,0.4621109664440155,False,B,False,False,False,True,13.951696999981776,0.0068700001065735,0.8392929998990439,189.89355999974572,0.0192560000868979,204.71067599982007
U.MOV,81,U,True,B,0.9016929268836976,False,B,False,False,False,True,14.1734459999725,0.0067530004344007,0.8640949999971781,202.9536790000748,0.0226189999921189,218.02059200047097
U.MOV,82,U,True,B,0.7447528839111328,False,B,False,False,False,True,14.097589000016342,0.0061460000324586,0.829753999823879,190.9867060003308,0.0189600000339851,205.9391550002374
U.MOV,83,U,True,B,0.854835033416748,False,B,False,False,False,True,14.073366999980408,0.0063100001170823,0.916384999982256,191.2575219998871,0.0355820002369,206.2891660002037
U.MOV,84,U,True,delete,0.4706236124038696,False,delete,False,False,False,True,14.193115000011858,0.0077520003287645,0.8822079998935806,187.5059440003497,0.0185590001819946,202.6075780007659
U.MOV,85,U,True,B,0.4769114851951599,False,B,False,False,False,True,14.176738000003295,0.006245000349736,0.8280850001938234,190.56184700002632,0.0197310000658035,205.59264600063892
U.MOV,86,U,True,delete,0.6636312007904053,False,delete,False,False,False,True,14.09017800000356,0.0060420002228056,0.8299940000142669,188.46343499990328,0.0191949998225027,203.4088439999664
U.MOV,87,U,True,B,0.7932949662208557,False,B,False,False,False,True,14.13851600000271,0.0067719997787207,0.8225380001931626,189.92376799997143,0.0189759998647787,204.91056999981083
U.MOV,88,U,True,B,0.7248884439468384,False,B,False,False,False,True,14.276604999963638,0.0064219998421322,0.8640450000712008,187.3954980001145,0.0191929998436535,202.56176299983508
U.MOV,89,U,True,B,0.4671831429004669,False,B,False,False,False,True,14.465972999971656,0.0068019999162061,0.8672409999235242,194.0939289997914,0.020400000266818,209.4543449998696
U.MOV,90,U,True,delete,0.5546387434005737,False,delete,False,False,False,True,14.337832000023807,0.0066499997046776,0.8544269999219978,192.02460899987275,0.0189689999388065,207.242486999462
U.MOV,91,U,True,B,0.7626826763153076,False,B,False,False,False,True,14.30526799998688,0.0067500000113795,2.5169529999402585,189.25148400012404,0.0196510000023408,206.1001060000649
U.MOV,92,U,True,B,0.5033693313598633,False,B,False,False,False,True,14.2329330000166,0.0075090001701028,0.8681059998707497,187.773186999948,0.0194829999600187,202.9012179999654
U.MOV,93,U,True,B,0.5359517931938171,False,B,False,False,False,True,14.121482999996717,0.0059870003497053,0.8448529997622245,186.4223900001889,0.0195430002349894,201.41425600053253
U.MOV,94,U,True,B,0.4726510047912597,False,B,False,False,False,True,14.037272999985362,0.0137840002025768,0.8491389999107923,187.6537210000606,0.0207550001505296,202.57467200030987
U.MOV,95,U,True,B,0.5084728598594666,False,B,False,False,False,True,14.045027000008758,0.0066829998104367,0.9474910002609248,188.7045560001752,0.0191640001503401,203.72292100040568
U.MOV,96,U,True,B,0.4720709919929504,False,B,False,False,False,True,14.015308000011828,0.0069359998633444,0.8579089999329881,191.01964099991164,0.0174460001289844,205.9172399998488
U.MOV,97,U,True,B,0.672330379486084,False,B,False,False,False,True,15.161556999998991,0.007162000201788,0.835576000099536,191.0479500002112,0.0178579998646455,207.0701030003761
U.MOV,98,U,True,B,0.6378536820411682,False,B,False,False,False,True,16.06331499999669,0.0070279997999023,0.9045300002981094,192.9610910001429,0.018342999737797,209.95430699997544
U.MOV,99,U,True,B,0.7803215384483337,False,B,False,False,False,True,13.987251000003198,0.0067739997575699,0.840473000152997,192.78224399977265,0.0187199998435971,207.63546199953
U.MOV,100,U,True,B,0.8504428267478943,False,B,False,False,False,True,14.077496999959749,0.0073239998528151,0.8463670001219725,195.7161770001221,0.0198100001398415,210.6671750001965
U.MOV,101,U,True,B,0.8262743949890137,False,B,False,False,False,True,13.971378000007917,0.0060980000853305,0.8708639998076251,190.50403199980792,0.0194760000340465,205.37184799974284
U.MOV,102,U,True,B,0.8088804483413696,False,B,False,False,False,True,14.06294399998842,0.0068009999267815,0.84730100024899,188.6211639998692,0.0192440002138027,203.5574540002472
U.MOV,103,U,True,B,0.790751039981842,False,B,False,False,False,True,14.014227000018307,0.006479000148829,0.8634539999547997,189.3428789999234,0.0198299999283335,204.24686899997369
U.MOV,104,U,True,B,0.5208818912506104,False,B,False,False,False,True,14.071064999995995,0.0059879998843825,0.826994999897579,191.90335100029188,0.0185210001291125,206.8259200001989
U.MOV,105,U,True,delete,0.5995712876319885,False,delete,False,False,False,True,14.586300999951618,0.0071019999268173,0.8815260002847936,193.3142530001533,0.0194300000657676,208.80861200038223
U.MOV,106,U,True,delete,0.5064939856529236,False,delete,False,False,False,True,14.211920999969152,0.0061580003603012,0.8384309999200923,192.5703900001281,0.0198009997802728,207.64670100015792
U.MOV,107,U,True,delete,0.6270195245742798,False,delete,False,False,False,True,14.667937000012898,0.0061750001805194,0.815538000097149,193.818833000023,0.0177130000338365,209.3261960003474
U.MOV,108,U,True,B,0.5864097476005554,False,B,False,False,False,True,14.046995999990486,0.0065069998527178,0.8275969998976507,191.7372110001452,0.0173299999914888,206.63564099987752
U.MOV,109,U,True,B,0.8526252508163452,False,B,False,False,False,True,14.13904899999352,0.0062960002651379,0.8856109998305328,188.35246000026012,0.0194819999705941,203.40289800032
U.MOV,110,U,True,B,0.9144775867462158,False,B,False,False,False,True,14.325853999991978,0.0062049998632573,0.8338039997397573,189.37000300002185,0.0200180002138949,204.5558839998307
U.MOV,111,U,True,B,0.690392255783081,False,B,False,False,False,True,13.995135000016036,0.0062179997257771,0.8498279999002989,187.23166100016897,0.0194920003195875,202.10233400013067
U.MOV,112,U,True,X,0.587898850440979,False,X,False,False,False,True,14.126598000018475,0.0062720000642002,0.839470999835612,190.86145499977647,0.0202779997380275,205.8540739994328
U.MOV,113,U,True,B,0.4706591665744781,False,B,False,False,False,True,14.09518200000548,0.0062419999267149,0.8449749998362677,187.81028800003696,0.0197649997062399,202.7764519995117
U.MOV,114,U,True,B,0.5306206345558167,False,B,False,False,False,True,14.185446999988471,0.0069340003392426,0.8550819998163206,189.1072389998953,0.0167719999808468,204.17147400002025
U.MOV,115,U,True,X,0.4526287615299225,False,X,False,False,False,True,14.11502000001974,0.0052170003073115,0.8465500000056636,187.4208690001069,0.0191489998542238,202.40680500029384
U.MOV,116,U,True,X,0.6579015254974365,False,X,False,False,False,True,14.0812920000144,0.0076960000114922,0.916644999961136,201.87226100006228,0.0193020000551769,216.8971960001045
U.MOV,117,U,True,B,0.5129944086074829,False,B,False,False,False,True,13.998657999991336,0.0070129999585333,0.859619000038947,218.2457650001197,0.0280469998870103,233.13910199999555
U.MOV,118,U,True,delete,0.4122210144996643,False,delete,False,False,False,True,13.94577799999297,0.0097079996521642,0.9487440001976212,191.9142520000605,0.0296519997391442,206.8481339996424
U.MOV,119,U,True,delete,0.3066886365413666,False,delete,False,False,False,True,14.21629999998686,0.0078520001807191,0.8781420001469087,191.0097109998788,0.0214149999919754,206.1334200001852
U.MOV,120,U,True,B,0.3945625424385071,False,B,False,False,False,True,14.031891000001906,0.0067239998315926,0.8383839999623888,193.4240089999548,0.0200849999600905,208.3210929997108
U.MOV,121,U,True,delete,0.6169215440750122,False,delete,False,False,False,True,14.072080000005371,0.0066089996835216,0.8574489997954515,187.4945659997138,0.0208630003726284,202.4515669995708
U.MOV,122,U,True,delete,0.6359400749206543,False,delete,False,False,False,True,14.165896000008615,0.0075709999691753,0.8502979999320814,189.0803740002412,0.0193720002243935,204.1235110003754
U.MOV,123,U,True,B,0.4792619347572326,False,B,False,False,False,True,14.136817000007795,0.008691000402905,0.8632049998595903,204.81813600008536,0.0196859996322018,219.84653499998785
U.MOV,124,U,True,B,0.7254848480224609,False,B,False,False,False,True,13.818022999998902,0.0079120000009424,0.8532470001227921,192.08642400008105,0.0196239998331293,206.7852300000368
U.MOV,125,U,True,B,0.6439586281776428,False,B,False,False,False,True,14.22254200002726,0.0074350000431877,0.8704960000613937,191.39485499999864,0.0189229999705276,206.514251000101
U.MOV,126,U,True,B,0.8882620930671692,False,B,False,False,False,True,14.080895999995846,0.00715099986337,0.8513350003340747,189.8572029999741,0.0191340000128548,204.81571900018025
U.MOV,127,U,True,B,0.8677811026573181,False,B,False,False,False,True,14.14247200000318,0.0084170001173333,0.7501430000047549,195.1389020000533,0.0185490002877486,210.0584830004664
U.MOV,128,U,True,B,0.806608259677887,False,B,False,False,False,True,13.92190799998616,0.0060250004025874,0.8172620000550523,191.75026800030537,0.0191120002455136,206.51457500099468
U.MOV,129,U,True,B,0.750433623790741,False,B,False,False,False,True,14.084414999956609,0.0054170000112208,0.8154409997587209,191.1656629999925,0.019623000298452,206.0905590000175
U.MOV,130,U,True,B,0.6540154218673706,False,B,False,False,False,True,14.143074000003253,0.0065730000642361,0.922847999845544,189.7179180000421,0.0198829998225846,204.8102959997777
U.MOV,131,U,True,B,0.7603626251220703,False,B,False,False,False,True,14.170895000006569,0.0059639996834448,0.8319950002260157,192.54512899988185,0.0203350000447244,207.5743179998426
U.MOV,132,U,True,B,0.6834716200828552,False,B,False,False,False,True,14.056993999986387,0.0112069997157959,0.798011999904702,192.76024500004496,0.0260269998761941,207.65248499952804
U.MOV,133,U,True,B,0.6849899888038635,False,B,False,False,False,True,14.141621000021589,0.0064340001699747,0.8588659998167714,193.5179170000083,0.0196549999600392,208.54449299997668
U.MOV,134,U,True,B,0.5790627598762512,False,B,False,False,False,True,14.218505999963329,0.0069880002229183,0.8592889998908504,190.86221499992465,0.0188379999599419,205.96583599996168
U.MOV,135,U,True,B,0.8047145009040833,False,B,False,False,False,True,13.991826999983914,0.0060580000535992,0.8444350000900158,188.1491859999187,0.0171219999174354,203.0086279999637
U.MOV,136,U,True,B,0.6842177510261536,False,B,False,False,False,True,14.120552000008502,0.0068370000008144,0.8292279999295715,194.41172200004075,0.0171159999808878,209.38545499996053
U.MOV,137,U,True,B,0.73578280210495,False,B,False,False,False,True,14.218401999983143,0.0062250001064967,0.8591139999225561,191.0887470003217,0.0161179996212013,206.1886059999552
U.MOV,138,U,True,B,0.8698828220367432,False,B,False,False,False,True,14.34582099994941,0.0058290002016292,0.8390090001739736,189.39790299964443,0.0170280000020284,204.60558999997147
U.MOV,139,U,True,B,0.8688453435897827,False,B,False,False,False,True,13.82298499999024,0.0050480002755648,0.8328760000040347,191.25011500000247,0.0163479999173432,205.9273720001897
U.MOV,140,U,True,B,0.9502915143966676,False,B,False,False,False,True,13.972632999980306,0.0058499999795458,0.835841000025539,190.4304260001481,0.0359400000888854,205.2806900002224
U.MOV,141,U,True,B,0.6048102378845215,False,B,False,False,False,True,14.437719000000016,0.0061079999795765,0.8283259999188886,186.5146850000201,0.0173970001924317,201.80423500011105
U.MOV,142,U,True,B,0.7436016798019409,False,B,False,False,False,True,13.841037000020153,0.0066269999479118,0.8195369996428781,187.5170800003616,0.0171410001712501,202.2014220001438
U.MOV,143,U,True,B,0.9062572717666626,False,B,False,False,False,True,14.032599000017854,0.0058089999583899,0.835268000173528,187.5216099997488,0.0166019999596755,202.4118879998582
V.MOV,0,V,True,W,0.4656086266040802,False,W,False,False,False,True,14.207967000004372,0.0096040002972586,0.947833999816794,195.8656910001082,0.0185039998541469,211.0496000000808
V.MOV,1,V,True,W,0.3991080522537231,False,W,False,False,False,True,14.140425999983108,0.0073360001806577,0.9126459999606596,188.0451560000438,0.0185069998224207,203.12407099999064
V.MOV,2,V,True,R,0.3977300226688385,False,R,False,False,False,True,14.110501999994083,0.0066799998421629,0.8423190001849434,189.91339499962123,0.019210000118619,204.89210599976104
V.MOV,3,V,True,W,0.3533255457878113,False,W,False,False,False,True,14.539696000042568,0.0058759997045854,0.8705280001777282,187.14624699987328,0.0189979996321199,202.58134499943023
V.MOV,4,V,True,R,0.4594351649284363,False,R,False,False,False,True,14.053634999982023,0.0067629998738993,0.9551819998705467,190.782143999968,0.0197899998966022,205.81751399959103
V.MOV,5,V,True,R,0.3596675097942352,False,R,False,False,False,True,13.944128999980876,0.0065499998527229,0.9045329998116358,191.7571890003273,0.020107000182179,206.6325080001548
V.MOV,6,V,True,R,0.5767285227775574,False,R,False,False,False,True,14.060117999974864,0.0063330003285955,0.8550979996471142,193.99248000036096,0.0184519999493204,208.93248100026085
V.MOV,7,V,True,R,0.5180561542510986,False,R,False,False,False,True,14.04614099999435,0.0058489999901212,0.9338589998151292,190.0341400000798,0.0174150000020745,205.03740399988143
V.MOV,8,V,True,W,0.3823792040348053,False,W,False,False,False,True,13.906687000030615,0.0062499998421117,0.8285379999506404,196.58291299992925,0.0194009999177069,211.34378899967032
V.MOV,9,V,True,W,0.5496099591255188,False,W,False,False,False,True,14.172661999964475,0.0060490001487778,0.915389000056166,212.0853169999464,0.0174080000761023,227.1968250001919
V.MOV,10,V,True,R,0.4275960624217987,False,R,False,False,False,True,14.24710999998524,0.0078949997259769,0.8997649997581902,188.80150599989065,0.0196850000975246,203.9759609994576
V.MOV,11,V,True,W,0.3957949876785278,False,W,False,False,False,True,14.252487000021574,0.0063669999690318,0.8735589999560034,187.661892000051,0.0185080002665927,202.8128130002642
V.MOV,12,V,True,W,0.4095255434513092,False,W,False,False,False,True,13.949722999996084,0.0065140002334374,0.8355699997082411,192.0326380000006,0.0180229999386938,206.84246799987704
V.MOV,13,V,True,W,0.41939178109169,False,W,False,False,False,True,14.006651000045167,0.0065270000959571,0.6595280001420178,191.19607099992209,0.0176930002453445,205.88647000045057
V.MOV,14,V,True,W,0.3456229567527771,False,W,False,False,False,True,14.21095700004571,0.0117590002446377,0.8265070000561536,187.9790480002157,0.0189460001820407,203.04721700074424
V.MOV,15,V,True,R,0.4134742319583893,False,R,False,False,False,True,14.080627999987884,0.0060140000641695,0.8606619999227405,188.1971610000619,0.0207030002457031,203.1651680002824
V.MOV,16,V,True,R,0.4508243203163147,False,R,False,False,False,True,13.984289999996236,0.0080209997577185,0.8778619999247894,193.5833910001748,0.0197700001081102,208.4733339999616
V.MOV,17,V,True,R,0.3348676264286041,False,R,False,False,False,True,14.065492999975504,0.0088720003077469,0.9301359996243264,192.13616199976968,0.0207299999601673,207.16139299963743
V.MOV,18,V,True,R,0.3714029192924499,False,R,False,False,False,True,14.15763799997194,0.0064169998950092,0.9022110002661066,191.34365300033096,0.0212150002880662,206.43113400075208
V.MOV,19,V,True,R,0.3810489177703857,False,R,False,False,False,True,14.147818999958872,0.0075920002018392,0.9206290001202432,192.8750810002384,0.0204849998226563,207.97160600034204
V.MOV,20,V,True,W,0.4413298368453979,False,W,False,False,False,True,13.924307000024784,0.0079460000961262,0.8738209999137325,194.33796500015887,0.0177049996636924,209.1617439998572
V.MOV,21,V,True,R,0.3670569062232971,False,R,False,False,False,True,14.09928300000729,0.0083149998317821,0.9008719998746528,196.81979100005265,0.023075000171957,211.8513359999384
V.MOV,22,V,True,W,0.4599256515502929,False,W,False,False,False,True,13.974632999975256,0.0086079999164212,0.9933199999068164,194.6185649999279,0.0208880001082434,209.61601399983465
V.MOV,23,V,True,R,0.4538368582725525,False,R,False,False,False,True,13.956850999989,0.0066570000853971,0.9178479999718548,192.6092199996674,0.0200039999072032,207.5105799996209
V.MOV,24,V,True,R,0.4245350062847137,False,R,False,False,False,True,14.08759199995302,0.0069930001700413,0.8522549996996531,199.39028699991468,0.0170180001077824,214.3541449998452
V.MOV,25,V,True,R,0.481865257024765,False,R,False,False,False,True,14.060419000031745,0.0067219998527434,0.8732500000405707,191.5666599998076,0.0172559998645738,206.52430699959723
V.MOV,26,V,True,R,0.4903177320957184,False,R,False,False,False,True,14.068329999986418,0.0065499998527229,0.87633899966022,191.22219099972423,0.0217199999497097,206.19512999917333
V.MOV,27,V,True,R,0.4946306943893432,False,R,False,False,False,True,14.219303000004402,0.0071069998739403,0.8681809999870893,198.0146570003853,0.0199239998437406,213.1291720000945
V.MOV,28,V,True,R,0.4495915174484253,False,R,False,False,False,True,14.257041000007575,0.0077619997682631,0.9368120004182856,197.38865599993005,0.0196249998225539,212.6098959999468
V.MOV,29,V,True,R,0.5392444729804993,False,R,False,False,False,True,14.270097000007809,0.0062950002757133,0.8922860001803201,194.2595580003399,0.0189310003406717,209.4471670011444
V.MOV,30,V,True,R,0.5144411325454712,False,R,False,False,False,True,14.100017999965075,0.0067640003180713,0.922864000131085,191.62929399999484,0.017353000203002,206.67629300061208
V.MOV,31,V,True,W,0.3679375946521759,False,W,False,False,False,True,14.09878699996625,0.006619000032515,0.8972450000328536,193.01387099994827,0.0200100002984982,208.0365320002784
V.MOV,32,V,True,R,0.4467914700508117,False,R,False,False,False,True,14.095644000008178,0.0060249999478401,0.8555539998269523,193.4665240000868,0.0198369998543057,208.44358399972407
V.MOV,33,V,True,R,0.4094497263431549,False,R,False,False,False,True,13.951666000025398,0.0068079998527537,0.8683519999976852,194.42270999979883,0.0174120000338007,209.2669479997085
V.MOV,34,V,True,R,0.3775149285793304,False,R,False,False,False,True,13.921379999999315,0.0067930000113847,0.9527719998914108,188.9326020000226,0.017093000224122,203.83064000014883
V.MOV,35,V,True,W,0.4046697616577148,False,W,False,False,False,True,14.07481500001495,0.0065620001805655,0.860186999943835,191.54212400007964,0.0179180001396161,206.5016060003586
V.MOV,36,V,True,R,0.3755997717380523,False,R,False,False,False,True,14.027506999980233,0.00641499991616,0.8396510002057767,192.47348799990505,0.0168739998116507,207.36393499981887
V.MOV,37,V,True,W,0.5810501575469971,False,W,False,False,False,True,13.942268999983298,0.0062159997469279,0.8835160001581244,190.59766000009404,0.0192580000657471,205.4489190000481
V.MOV,38,V,True,W,0.4327029883861542,False,W,False,False,False,True,14.023633000022071,0.0066160000642412,0.9044839998750832,195.64239700002872,0.01679500019236,210.59392500018248
V.MOV,39,V,True,W,0.38727667927742,False,W,False,False,False,True,13.857587000018157,0.0066259999584872,0.8883320001586981,197.9564820003361,0.0196169999071571,212.7286440003786
V.MOV,40,V,True,W,0.6680636405944824,False,W,False,False,False,True,14.178288999971755,0.0066089996835216,0.8958470002653485,194.95475200028525,0.018791999991663,210.0542890001975
V.MOV,41,V,True,W,0.5850144624710083,False,W,False,False,False,True,13.987410000027012,0.0059129997680429,0.964457999998558,189.96689999994487,0.0178979998963768,204.9425789996349
V.MOV,42,V,True,R,0.4963975250720978,False,R,False,False,False,True,14.076353999996629,0.0064699997892603,0.9453379998376475,193.02666600015075,0.0201660000129777,208.07499399978724
V.MOV,43,V,True,R,0.4771260023117065,False,R,False,False,False,True,14.381808999985424,0.0070339997364499,0.8818619999146904,196.51179399988905,0.0199309997697128,211.80242999929533
V.MOV,44,V,True,R,0.4361841380596161,False,R,False,False,False,True,14.155053000024507,0.0072369998633803,0.8674489999975776,194.9278520000917,0.0193509999917296,209.9769419999689
V.MOV,45,V,True,R,0.4755237400531769,False,R,False,False,False,True,13.862906999975166,0.0068949998421885,0.8518980002918397,189.9423720001323,0.0184949999493255,204.68256700019083
V.MOV,46,V,True,R,0.4606614410877228,False,R,False,False,False,True,14.09913000003371,0.0071350000325764,0.8710830002200964,192.89166500038849,0.0198170000658137,207.88883000074063
V.MOV,47,V,True,R,0.3724381029605865,False,R,False,False,False,True,14.213847000007718,0.0060420002228056,0.8613009999862697,195.0027019997833,0.0194609997379302,210.10335299973804
V.MOV,48,V,True,R,0.3519904017448425,False,R,False,False,False,True,14.331692999974166,0.0061480000113078,0.919288999739365,191.0843380001097,0.0202229998649272,206.36169099969948
V.MOV,49,V,True,R,0.4242507517337799,False,R,False,False,False,True,14.228460000026644,0.0062769995565759,0.8608430002823297,197.6505329998872,0.0206069998966995,212.76671999964947
V.MOV,50,V,True,R,0.4131702780723572,False,R,False,False,False,True,14.1254609999919,0.006943000244064,0.888053999915428,218.03799999997864,0.0213849998544901,233.0798429999845
V.MOV,51,V,True,R,0.4293443858623504,False,R,False,False,False,True,14.207121000026746,0.0061000000641797,0.8600539999861212,195.3018859999247,0.0197100002878869,210.39487100028964
V.MOV,52,V,True,R,0.3817387819290161,False,R,False,False,False,True,13.868640999987749,0.0065320000430801,0.8600579999438196,192.0221450000099,0.0168679998751031,206.7742439998597
V.MOV,53,V,True,R,0.4293665885925293,False,R,False,False,False,True,14.012616000002254,0.0065469998844491,0.5747269997300464,193.89088200023247,0.0171799997588095,208.50195199960808
V.MOV,54,V,True,W,0.3646693825721741,False,W,False,False,False,True,13.88778200004026,0.0063400002545677,0.8301269999719807,191.46455700001752,0.0174070000866777,206.206213000371
V.MOV,55,V,True,R,0.391329288482666,False,R,False,False,False,True,14.043474000004608,0.0062320000324689,0.8948740000960242,194.2673690000447,0.0175400000443914,209.2294890002222
V.MOV,56,V,True,W,0.3537208437919616,False,W,False,False,False,True,14.091460999964056,0.0077429999691958,0.8743719999984023,192.1486369997183,0.0179720000232919,207.14018499967324
V.MOV,57,V,True,W,0.6297686696052551,False,W,False,False,False,True,14.14795700003424,0.0068370000008144,0.851778999731323,194.6188249999068,0.0181850000444683,209.64358299971764
V.MOV,58,V,True,W,0.5315260887145996,False,W,False,False,False,True,14.064665000034893,0.006729000233463,0.8697580001353344,191.6084859999501,0.0178479999703995,206.56748600032407
V.MOV,59,V,True,W,0.5497894883155823,False,W,False,False,False,True,14.036309000005076,0.0071250001383305,0.8595770000283665,189.7835969998596,0.019200000224373,204.70580800025573
V.MOV,60,V,True,W,0.4465017020702362,False,W,False,False,False,True,13.914660000011736,0.0067099999796482,0.8399970001846668,190.27988500010903,0.0192709999282669,205.06052300021332
V.MOV,61,V,True,R,0.569919764995575,False,R,False,False,False,True,13.915709999992032,0.0058350001381768,0.8470140001008986,192.39348699966283,0.0192890001926571,207.18133500008665
V.MOV,62,V,True,W,0.3757788836956024,False,W,False,False,False,True,13.966078999999354,0.0068580002334783,0.9191199997076184,191.71337099987795,0.0193409996427362,206.6247689994612
V.MOV,63,V,True,W,0.6605067253112793,False,W,False,False,False,True,14.038211999945815,0.0083559998529381,0.8917079999264388,197.70457200002056,0.020429999949556,212.6632779996953
V.MOV,64,V,True,W,0.6401005983352661,False,W,False,False,False,True,14.17427499995938,0.008168000022124,0.8860289999574888,192.2987760003707,0.0203900003725721,207.38763800068227
V.MOV,65,V,True,W,0.5332032442092896,False,W,False,False,False,True,14.322105000019292,0.0201869997908943,0.966981000146916,198.33440100001096,0.0202030000764352,213.6638770000445
V.MOV,66,V,True,W,0.5219417214393616,False,W,False,False,False,True,14.187468999978137,0.0064030000430648,0.567481000416592,187.97613700007787,0.0209500003620632,202.75844000087773
V.MOV,67,V,True,W,0.5687045454978943,False,W,False,False,False,True,14.061147999996138,0.0072499997259001,0.868106000325497,191.67297599960875,0.01766100012901,206.6271409997853
V.MOV,68,V,True,W,0.6395482420921326,False,W,False,False,False,True,13.971158000003925,0.0086069999269966,0.911148999875877,191.6624270002103,0.0199099999917962,206.5732510000089
V.MOV,69,V,True,W,0.4806240200996399,False,W,False,False,False,True,14.0569540000115,0.0072860002546804,0.8813089998511714,193.8372079998772,0.0175600002876308,208.8003170002821
V.MOV,70,V,True,W,0.5640848278999329,False,W,False,False,False,True,14.027521000002707,0.0057040001593122,0.8280709998871316,186.42194299991388,0.0184030000127677,201.3016419999758
V.MOV,71,V,True,W,0.5827867388725281,False,W,False,False,False,True,14.077001999964978,0.0051069996516162,0.8526370002073236,187.7934189997177,0.0172780000866623,202.74544299962827
V.MOV,72,V,True,R,0.3645806312561035,False,R,False,False,False,True,14.172996000013429,0.0070729997787566,0.8833239999148645,188.48713600027625,0.0191789999917091,203.56970799997492
V.MOV,73,V,True,R,0.4022252559661865,False,R,False,False,False,True,13.982803999965654,0.006941999799892,0.8583340004406637,188.7650109997594,0.0189319998753489,203.63202299984096
V.MOV,74,V,True,R,0.3933666944503784,False,R,False,False,False,True,14.135665999958746,0.0055999998949118,0.8441410000159522,187.4849250002626,0.0193470000340312,202.48967900016623
V.MOV,75,V,True,W,0.3325291574001312,False,W,False,False,False,True,14.044262000027176,0.0057869997363013,0.8429970002907794,191.6070879997278,0.018892000298365,206.51902600008043
V.MOV,76,V,True,R,0.4229528903961181,False,R,False,False,False,True,13.888890999965042,0.0067249998210172,0.8489609999742243,191.85472000026493,0.0195269999494485,206.6188239999747
V.MOV,77,V,True,R,0.3441629409790039,False,R,False,False,False,True,13.93065000002025,0.0063550000959367,0.8479419998366211,192.44398799992268,0.0195109996639075,207.2484459995394
V.MOV,78,V,True,W,0.6774214506149292,False,W,False,False,False,True,14.014210999960142,0.0057160000324074,0.842335000015737,192.14748200010945,0.0177980000444222,207.02754200016216
V.MOV,79,V,True,R,0.525495171546936,False,R,False,False,False,True,13.985073000014836,0.0064529999690421,0.8525700000063807,193.32320200010145,0.0174460001289844,208.1847440002207
V.MOV,80,V,True,R,0.3389363884925842,False,R,False,False,False,True,13.943416000017804,0.0067349997152632,0.8484590002808545,194.43753199993807,0.0176769999598036,209.2538189999118
V.MOV,81,V,True,R,0.3453599512577057,False,R,False,False,False,True,14.064224000037484,0.0064139999267354,0.8887510002750787,193.29066500040423,0.0206710001293686,208.27072500077293
V.MOV,82,V,True,R,0.398976594209671,False,R,False,False,False,True,14.236470000014378,0.0068499998633342,0.913820000278065,191.84257000006247,0.0202050000552844,207.0199150002736
V.MOV,83,V,True,R,0.4144400954246521,False,R,False,False,False,True,14.2560259999982,0.0057819997891783,0.8514379996995558,191.8662089997269,0.0193359996956132,206.9987909989095
V.MOV,84,V,True,R,0.4186336994171142,False,R,False,False,False,True,14.021569000021827,0.006933000349818,0.8805930001472007,191.42938499999212,0.0175219997800013,206.35600200029103
V.MOV,85,V,True,R,0.4120988845825195,False,R,False,False,False,True,13.948927000001277,0.0229990000661928,0.8139480000863841,185.85573800010025,0.0196880000657984,200.6613000003199
V.MOV,86,V,True,R,0.4072741568088531,False,R,False,False,False,True,15.81251999999722,0.0059039998632215,0.8281740001621074,188.20015199980844,0.0199199998860422,204.86666999971703
V.MOV,87,V,True,R,0.4180508255958557,False,R,False,False,False,True,14.879164999967998,0.0075119996836292,0.952326000060566,187.13304099992456,0.019448999864835,202.9914929995016
V.MOV,88,V,True,R,0.5296419262886047,False,R,False,False,False,True,14.164106999999149,0.0065479998738737,0.8406860001741734,189.78008699969,0.0207050002245523,204.8121329999617
V.MOV,89,V,True,R,0.5712645649909973,False,R,False,False,False,True,14.190306000045894,0.0060910001593583,0.853860999995959,190.70180699964112,0.019099999917671,205.77116499976
V.MOV,90,V,True,R,0.5613303184509277,False,R,False,False,False,True,14.15516800000205,0.0073239998528151,0.8738199999243079,204.2955240003721,0.0176319999809493,219.34946800013225
V.MOV,91,V,True,R,0.5738475322723389,False,R,False,False,False,True,13.873684000031972,0.0061880000430392,0.8389529998567014,210.5061810002553,0.0225959997806057,225.24760199996763
V.MOV,92,V,True,R,0.5562213063240051,False,R,False,False,False,True,14.016959000002773,0.0078579996625194,0.8959890001278836,190.50959499963932,0.0191949998225027,205.44959599925505
V.MOV,93,V,True,R,0.4467998445034027,False,R,False,False,False,True,14.21677000001864,0.0053820003813598,0.8450639998045517,191.1634049997701,0.0166340000760101,206.2472550000507
V.MOV,94,V,True,R,0.5360040664672852,False,R,False,False,False,True,14.119987000015044,0.007270999958564,0.872335000167368,191.3708150000275,0.0198900002033042,206.39029800037176
V.MOV,95,V,True,R,0.5892609357833862,False,R,False,False,False,True,14.148782999996,0.0063539996517647,0.8763180003370508,190.1567419999992,0.0175339996530965,205.20573099963715
V.MOV,96,V,True,R,0.6019363403320312,False,R,False,False,False,True,14.050319000034506,0.0068190001911716,0.8637380001346173,189.9301230000674,0.0169980003192904,204.86799700074693
V.MOV,97,V,True,R,0.5676878690719604,False,R,False,False,False,True,14.30384400003959,0.0061759997151966,0.884248000147636,191.1099569997532,0.0170749999597319,206.3212999996153
V.MOV,98,V,True,R,0.3368274271488189,False,R,False,False,False,True,14.014384999995857,0.0061819996517442,0.8919160000004922,191.29705799969088,0.0179080002453702,206.2274489995844
V.MOV,99,V,True,R,0.4532991945743561,False,R,False,False,False,True,13.921444999994035,0.0079530000220984,0.8710810002412472,193.20229100003417,0.0194699996427516,208.0222399999343
V.MOV,100,V,True,R,0.4510436058044433,False,R,False,False,False,True,14.041405000000395,0.0072570001066196,0.8633080001345661,191.47485800021968,0.0196040000446373,206.4064320005059
V.MOV,101,V,True,R,0.4409585297107696,False,R,False,False,False,True,13.967440999977043,0.0056469998526154,0.8518120002918295,191.2191459996393,0.019030999737879,206.06307699949863
V.MOV,102,V,True,R,0.4324187040328979,False,R,False,False,False,True,13.890976000027422,0.0061870000536146,0.8425350001743936,190.1500499998292,0.0193680002666951,204.90911600035133
V.MOV,103,V,True,R,0.3248641788959503,False,R,False,False,False,True,13.998728999979448,0.0058440000429982,0.8629510002720053,190.98971999983405,0.0193270002455392,205.87657100037404
V.MOV,104,V,True,R,0.3837105631828308,False,R,False,False,False,True,13.860573999977532,0.0063490001593891,0.8475529998577258,190.29233999981443,0.0188240001079975,205.02563999991708
V.MOV,105,V,True,R,0.4052932858467102,False,R,False,False,False,True,13.971396000044932,0.0067700002546189,0.8456430000478576,193.8040259997252,0.0201559996639844,208.6479909997365
V.MOV,106,V,True,R,0.3495937287807464,False,R,False,False,False,True,13.99653600003603,0.0055689997680019,0.8464759998787486,190.49500299979627,0.0191209996955876,205.36270499917464
V.MOV,107,V,True,R,0.3934976756572723,False,R,False,False,False,True,13.936253999986548,0.006489000043075,0.8694600001035724,192.72213899967028,0.0197620001927134,207.5541039999962
V.MOV,108,V,True,R,0.3237874209880829,False,R,False,False,False,True,13.983999999993555,0.0055450000218115,0.8643339997433941,193.32000300028085,0.0195369998436945,208.1934189998833
V.MOV,109,V,True,R,0.336858868598938,False,R,False,False,False,True,14.251005000005534,0.0063210000007529,0.9146649999820512,191.35564299995167,0.019623000298452,206.5472570002385
V.MOV,110,V,True,R,0.3242687582969665,False,R,False,False,False,True,13.898120999954244,0.0064679998104111,0.8640200003355858,190.89918000008765,0.0171049996424699,205.6848939998304
V.MOV,111,V,True,R,0.3427457809448242,False,R,False,False,False,True,14.11863399999902,0.008471000001009,0.8851579996189685,195.91682999998736,0.0205380001716548,210.94963099977804
V.MOV,112,V,True,R,0.3308819830417633,False,R,False,False,False,True,13.960098999973525,0.0093290000222623,0.9752549999575422,192.33922600005823,0.0193159999071212,207.3032249999187
V.MOV,113,V,True,R,0.307866483926773,False,R,False,False,False,True,14.284620999944764,0.0070050000431365,0.9096979997593736,192.28647299996737,0.0199430000975553,207.5077399998122
V.MOV,114,V,True,R,0.3937503695487976,False,R,False,False,False,True,14.069409999990512,0.0065720000748115,0.8755440003369586,192.14456000008795,0.017317000128969,207.1134030006192
V.MOV,115,V,True,R,0.5157928466796875,False,R,False,False,False,True,14.082863999988149,0.008278000223072,0.9175510003842646,199.18529000005947,0.0215869999919959,214.2155700006469
V.MOV,116,V,True,R,0.5010790228843689,False,R,False,False,False,True,14.105164999989483,0.0087739999798941,0.8864050000738644,192.7820870000687,0.0174060000972531,207.7998370002092
V.MOV,117,V,True,R,0.4704168140888214,False,R,False,False,False,True,13.984424000000216,0.0077710001278319,0.8694170001035673,195.4680450003252,0.0198640000235172,210.34952100058035
V.MOV,118,V,True,R,0.54975825548172,False,R,False,False,False,True,13.9212849999808,0.0066869997681351,0.8541429997421801,195.4666639999232,0.0200439999389345,210.26882299935323
V.MOV,119,V,True,R,0.4467274248600006,False,R,False,False,False,True,14.11187099995459,0.0064680002651584,0.9452029999010848,192.33028500002547,0.0187219998224463,207.41254899996875
V.MOV,120,V,True,R,0.423178493976593,False,R,False,False,False,True,13.997835999987274,0.0064680002651584,0.8360060000995873,192.43750700024967,0.016495999716426,207.2943130003182
V.MOV,121,V,True,R,0.463131844997406,False,R,False,False,False,True,14.252539999972669,0.0064800001382536,0.880144000348082,193.66831799970896,0.0177050001184397,208.8251870002864
V.MOV,122,V,True,R,0.381843626499176,False,R,False,False,False,True,14.046368999970582,0.0070090000008349,0.895784000022104,193.6250539997673,0.0172370000655064,208.5914529998263
V.MOV,123,V,True,R,0.4338870942592621,False,R,False,False,False,True,13.853338999979314,0.0067739997575699,0.8615560000180267,202.8761920000761,0.0190759997167333,217.61693699954776
V.MOV,124,V,True,R,0.3966286778450012,False,R,False,False,False,True,13.921068000001924,0.0066320003497821,0.854647999858571,190.8145689999401,0.0184509999598958,205.6153680001103
V.MOV,125,V,True,R,0.477931946516037,False,R,False,False,False,True,13.956441000004816,0.0066949996835319,0.8521810000274854,190.78721300002144,0.0191379999705532,205.62166799970785
V.MOV,126,V,True,R,0.4682678282260895,False,R,False,False,False,True,14.060314000005292,0.0067010000748268,0.8807799999885901,193.12392699976044,0.0195449997590912,208.09126699958824
V.MOV,127,V,True,R,0.4690025150775909,False,R,False,False,False,True,14.089218000037818,0.0066520001382741,0.8879310003067076,190.1229780000904,0.0191560002349433,205.1259350008081
V.MOV,128,V,True,R,0.5136227607727051,False,R,False,False,False,True,13.995213999976386,0.0077770000643795,0.8744800002205011,191.35539300032173,0.0193260002561146,206.2521900008392
V.MOV,129,V,True,R,0.6947363615036011,False,R,False,False,False,True,14.271516999997402,0.0065220001488341,0.836059999983263,191.87452400001348,0.0191569997696205,207.0077799999126
V.MOV,130,V,True,R,0.620265543460846,False,R,False,False,False,True,13.9927759999523,0.0067870000748371,0.8712799999557319,190.5441540002357,0.0161729999490489,205.43117000016764
V.MOV,131,V,True,R,0.6495050191879272,False,R,False,False,False,True,14.201773999957368,0.0063620000219088,0.9271920002902334,190.89497899994967,0.0190089999705378,206.0493160001897
V.MOV,132,V,True,R,0.631698489189148,False,R,False,False,False,True,13.958092000052602,0.0089580003077571,0.9193109999614536,193.70101699996667,0.020355999822641,208.60773400011112
V.MOV,133,V,True,R,0.5804171562194824,False,R,False,False,False,True,13.970482000047468,0.0064659998315619,0.8985990002656763,212.58172000034392,0.0184059999810415,227.47567300046967
V.MOV,134,V,True,R,0.4462566375732422,False,R,False,False,False,True,13.975304000041431,0.0063509996834909,0.8471160003864497,193.6595600000146,0.017019000097207,208.5053500002232
V.MOV,135,V,True,R,0.4695699512958526,False,R,False,False,False,True,14.181053000015709,0.0129059999380842,0.8560840001337056,190.2893329997824,0.0171319998116814,205.35650799968155
V.MOV,136,V,True,R,0.5119547247886658,False,R,False,False,False,True,14.216942000018662,0.0061189998632471,0.8634599998913473,192.5118669996664,0.019150999833073,207.6175389992727
V.MOV,137,V,True,R,0.5127797722816467,False,R,False,False,False,True,13.81427699999449,0.0062040003285801,0.8794660002422461,190.14955600005123,0.0171819997376587,204.8666850003542
W.MOV,0,W,True,W,0.893739640712738,True,W,True,False,False,False,14.321895000023233,0.009476999821345,0.9591400003046148,196.85254400019403,0.0181569998858321,212.16121300022905
W.MOV,1,W,True,W,0.8989911675453186,True,W,True,False,False,False,14.42504099998132,0.0078170000961108,0.8736780000617728,194.6471860001111,0.017466999906901,209.9711890001572
W.MOV,2,W,True,W,0.8855956196784973,True,W,True,False,False,False,14.17843800004448,0.0064020000536402,0.8643539999866334,191.611641000236,0.0176329999703739,206.6784680002911
W.MOV,3,W,True,W,0.7041686177253723,True,W,True,False,False,False,14.174244999992425,0.0063279999267251,0.9122930000557972,191.2521869999182,0.0201980001293122,206.36525100002245
W.MOV,4,W,True,W,0.825613796710968,True,W,True,False,False,False,14.10326900003156,0.0069249999796738,0.9205459996337596,197.6601549999941,0.0210950001928722,212.711989999832
W.MOV,5,W,True,W,0.9067374467849731,True,W,True,False,False,False,14.136268000015662,0.0069869997787463,0.8806770001683617,191.6990130002887,0.020186000256217,206.74313100050767
W.MOV,6,W,True,W,0.8767493367195129,True,W,True,False,False,False,14.106252999965818,0.0066200000219396,0.8870050000950869,192.05700500015155,0.0317599997288198,207.0886429999632
W.MOV,7,W,True,W,0.8514750003814697,True,W,True,False,False,False,14.200803999983693,0.0066499997046776,0.8722359998500906,192.44507599978533,0.020410000161064,207.54517599948483
W.MOV,8,W,True,W,0.8201705813407898,True,W,True,False,False,False,14.099428999998054,0.0066170000536658,0.8710749998499523,190.6217609998748,0.0184589998752926,205.6173409996518
W.MOV,9,W,True,W,0.9217207431793212,True,W,True,False,False,False,14.221571000007316,0.0064529999690421,0.8441830000265327,190.99172999995065,0.0188389999493665,206.08277599990288
W.MOV,10,W,True,W,0.9355396628379822,True,W,True,False,False,False,14.068218000033994,0.0066470001911511,0.8636119996481284,190.75668899995435,0.0207670000236248,205.71593299985125
W.MOV,11,W,True,W,0.935461401939392,True,W,True,False,False,False,14.014811000038208,0.0068069998633291,0.8749930002522888,193.0790579999666,0.0197949998437252,207.99546399996416
W.MOV,12,W,True,W,0.9346256256103516,True,W,True,False,False,False,13.963740000008327,0.0070269998104777,0.9348609996777668,197.0817840001473,0.0196070000129111,212.0070189996568
W.MOV,13,W,True,W,0.9506428837776184,True,W,True,False,False,False,14.80256700000382,0.0065999997787002,0.8520490000591963,196.85301299978164,0.0205279998226615,212.534756999446
W.MOV,14,W,True,W,0.9608805179595948,True,W,True,False,False,False,14.368246999993062,0.0078400003076239,0.9101999999074906,205.13025099990045,0.0299349999295372,220.44647300003817
W.MOV,15,W,True,W,0.9607775211334229,True,W,True,False,False,False,13.986072000022888,0.008242000149039,0.9299230000578972,197.84328800005824,0.0200079998649016,212.78753300015296
W.MOV,16,W,True,W,0.955887734889984,True,W,True,False,False,False,13.92610400000649,0.007470000127796,0.8857750003699039,194.6603629999117,0.0205369997274829,209.5002490001434
W.MOV,17,W,True,W,0.9329048991203308,True,W,True,False,False,False,14.61764900000162,0.0076020000960852,0.8963799996308808,193.0257399999391,0.0195990000975143,208.5669699997652
W.MOV,18,W,True,W,0.9291877150535583,True,W,True,False,False,False,14.52654000001985,0.0073790001806628,0.9389090000695433,194.7333709999839,0.0481069996567384,210.25430599991068
W.MOV,19,W,True,W,0.9437034130096436,True,W,True,False,False,False,14.097328999980618,0.0079729998105904,0.8712270000614808,196.1121419999472,0.0176479998117429,211.10631899961163
W.MOV,20,W,True,W,0.921962320804596,True,W,True,False,False,False,13.823824999974477,0.0092309996944095,0.9112479997384072,202.2241810000196,0.0220460001401079,216.990530999567
W.MOV,21,W,True,W,0.9047359824180604,True,W,True,False,False,False,13.963097000043945,0.0078890002441767,0.864259999616479,194.88737099982245,0.0184919999810517,209.7411089997081
W.MOV,22,W,True,W,0.9176976084709167,True,W,True,False,False,False,14.08995799999957,0.0072819998422346,0.9275729998989846,195.6150500000149,0.0197670001398364,210.65962999989551
W.MOV,23,W,True,W,0.9352992177009584,True,W,True,False,False,False,14.049700000043686,0.006614000085392,0.9373110001433816,191.9166170000608,0.0216720000025816,206.93191400033584
W.MOV,24,W,True,W,0.851729154586792,True,W,True,False,False,False,13.969080999970627,0.0059429999055282,0.9171130000140691,192.33064599984573,0.0171900001078029,207.23997299984376
W.MOV,25,W,True,W,0.8536857962608337,True,W,True,False,False,False,14.310292000004663,0.0068979998104623,0.941548999890074,191.9504739998956,0.017142999695352,207.22635599929612
W.MOV,26,W,True,W,0.8501466512680054,True,W,True,False,False,False,14.18400299996847,0.006847999884485,0.8803840000837226,188.02955099999963,0.0165060000654193,203.11729200000173
W.MOV,27,W,True,W,0.930392324924469,True,W,True,False,False,False,13.933317999999415,0.0062929998421168,0.8509829999638896,188.7157690002823,0.0176379999174969,203.52400100000523
W.MOV,28,W,True,W,0.9227678775787354,True,W,True,False,False,False,14.036768999972082,0.0063079996834858,0.8456560003651248,189.317501000005,0.0357870003426796,204.2420210003684
W.MOV,29,W,True,W,0.8808879852294922,True,W,True,False,False,False,14.04993800002785,0.0092589998530456,0.7296579997273511,201.1519979996592,0.0195560000975092,215.96040899936497
W.MOV,30,W,True,W,0.8511832356452942,True,W,True,False,False,False,14.496398000005684,0.0107839996417169,0.8766920000198297,209.4252449996929,0.0192790002984111,224.8283979996586
W.MOV,31,W,True,W,0.8605654835700989,True,W,True,False,False,False,14.042453999991269,0.0066879997575597,0.8383839999623888,197.71329500008505,0.0207060002139769,212.62152700001025
W.MOV,32,W,True,W,0.7393704652786255,True,W,True,False,False,False,13.999168999987432,0.0073119999797199,0.8558929998798703,196.96075899992132,0.0202449996322684,211.84337799940067
W.MOV,33,W,True,W,0.7806575298309326,True,W,True,False,False,False,14.244798999982322,0.0261499999396619,0.8460260000902053,196.6738520000036,0.019638000139821,211.8104650001556
W.MOV,34,W,True,W,0.8178223967552185,True,W,True,False,False,False,14.171490000023825,0.0068800000008195,0.8420409999416734,187.61588000006668,0.0166520003404002,202.6529430003734
W.MOV,35,W,True,W,0.738605260848999,True,W,True,False,False,False,14.088450000031116,0.0071400004344468,0.8397729998250725,193.64032100020268,0.0177259998963563,208.59341000038967
W.MOV,36,W,True,W,0.8450257778167725,True,W,True,False,False,False,13.929711000002952,0.0077690001489827,0.8392780000576749,191.21825100000933,0.0187589998859039,206.01376800010485
W.MOV,37,W,True,W,0.8586276173591614,True,W,True,False,False,False,14.056627999991631,0.0060309998843877,0.8605790003457514,189.1104449996419,0.0190689997907611,204.05275199965445
W.MOV,38,W,True,W,0.7296833395957947,True,W,True,False,False,False,13.993973000026472,0.0065249996623606,0.8976210001492291,187.7906479999183,0.0199710002561914,202.7087380000125
W.MOV,39,W,True,W,0.7364507913589478,True,W,True,False,False,False,13.937125999973432,0.0064500000007683,0.8365250000679225,189.21072700004515,0.018352999632043,204.0091809997193
W.MOV,40,W,True,W,0.8564803004264832,True,W,True,False,False,False,13.971599000001332,0.0097890001597988,0.960400000167283,194.0422130001025,0.0367089996871072,209.020710000118
W.MOV,41,W,True,W,0.8848047256469727,True,W,True,False,False,False,14.228752000008171,0.0070469995989697,0.914068999918527,190.87730100000044,0.0198709999494894,206.0470399994756
W.MOV,42,W,True,W,0.9734870791435242,True,W,True,False,False,False,14.167205999967791,0.0066420002440281,0.8722259999558446,190.9915129999717,0.0197230001504067,206.05731000028985
W.MOV,43,W,True,W,0.9707719087600708,True,W,True,False,False,False,13.94259599999259,0.0066819998210121,0.8661609999762732,189.032600000246,0.018472999727237,203.8665119997632
W.MOV,44,W,True,W,0.9255203008651732,True,W,True,False,False,False,13.928657000008116,0.0069849997998971,0.8770910003477184,188.85137899997065,0.0345609996657003,203.69867299979205
W.MOV,45,W,True,W,0.9222314357757568,True,W,True,False,False,False,14.31109700001798,0.0061320001805142,0.8709009998710826,200.94605299982504,0.0195919997167948,216.1537749996114
W.MOV,46,W,True,W,0.9187237024307252,True,W,True,False,False,False,14.001441000004888,0.0060040001699235,0.8677949999764678,188.1470180001088,0.0190639998436381,203.0413220001037
W.MOV,47,W,True,W,0.9318837523460388,True,W,True,False,False,False,13.893178000046191,0.0062819999584462,0.8747330002734088,188.34284500007925,0.0188629996955569,203.13590100005283
W.MOV,48,W,True,W,0.921034574508667,True,W,True,False,False,False,14.16883899997856,0.0056499998208892,0.8590620000177296,189.8992629999157,0.016800000139483,204.94961399987235
W.MOV,49,W,True,W,0.9452223181724548,True,W,True,False,False,False,14.16785300000356,0.0059849999161087,0.8794109999143984,189.51705100016625,0.0170390003404463,204.5873390003408
W.MOV,50,W,True,W,0.9469846487045288,True,W,True,False,False,False,14.151894999997694,0.0062419999267149,0.8849010000631097,187.22411999988253,0.0188890003300912,202.2860470002001
W.MOV,51,W,True,W,0.9588735103607178,True,W,True,False,False,False,14.206881999996313,0.0060409997786337,0.911990000076912,188.0142509999132,0.0197750000552332,203.1589389998203
W.MOV,52,W,True,W,0.956312656402588,True,W,True,False,False,False,14.170253999964189,0.0062230001276475,0.8584209999753512,189.35006199990312,0.0195289999282977,204.4044889998986
W.MOV,53,W,True,W,0.9213460683822632,True,W,True,False,False,False,14.292331999968155,0.0063919997046468,0.6009600001561921,190.41765500014665,0.019229999907111,205.3365689998828
W.MOV,54,W,True,W,0.9095733165740968,True,W,True,False,False,False,13.977033999992727,0.0098609998531173,1.0145030000785482,217.1928679999837,0.020788999790966,232.21505499969908
W.MOV,55,W,True,W,0.9443373084068298,True,W,True,False,False,False,14.145541000004869,0.0062350000007427,0.9342939997623034,196.71780899989244,0.0198650000129418,211.8237439996733
W.MOV,56,W,True,W,0.8426432013511658,True,W,True,False,False,False,14.0032959999985,0.0062760000218986,0.8728459997655591,192.3211049997917,0.0172539998857246,207.2207769994634
W.MOV,57,W,True,W,0.8614328503608704,True,W,True,False,False,False,14.28431599998703,0.0066279999373364,0.8787739998297184,193.7415110000984,0.0175029999809339,208.92873199983345
W.MOV,58,W,True,W,0.9067248702049256,True,W,True,False,False,False,14.052758999980597,0.0065310000536555,0.8738219999031571,193.3307759995841,0.0164950001817487,208.2803829997033
W.MOV,59,W,True,W,0.8873541951179504,True,W,True,False,False,False,14.018179000004238,0.0056160001804528,0.8631910000076459,191.75106500006223,0.0176720000126806,206.65572300026724
W.MOV,60,W,True,W,0.8995689153671265,True,W,True,False,False,False,14.300181999999497,0.0086130003182915,1.0091750000356114,195.3168549998736,0.0186649999704968,210.6534900001975
W.MOV,61,W,True,W,0.9582711458206176,True,W,True,False,False,False,14.009483999984695,0.0065599997469689,0.9634610000830436,196.2422400001742,0.0205989999813027,211.24234399997025
W.MOV,62,W,True,W,0.9578903913497924,True,W,True,False,False,False,14.103686999987984,0.0088269998741452,0.9123549998548696,196.63661200002025,0.0393790000998706,211.70085999983712
W.MOV,63,W,True,W,0.9678288102149964,True,W,True,False,False,False,14.021515000024465,0.0066120001065428,0.9121199996116048,192.24158999986685,0.0171609999597421,207.1989979995692
W.MOV,64,W,True,W,0.9659997820854188,True,W,True,False,False,False,14.285859999972672,0.0080049999269249,0.8795409999038384,195.86974000003465,0.0180749998435203,211.0612209996816
W.MOV,65,W,True,W,0.9020513892173768,True,W,True,False,False,False,14.209500999982083,0.0064589999055897,0.8623349999652419,191.8512259999261,0.0201240000023972,206.9496449997814
W.MOV,66,W,True,W,0.9045984148979188,True,W,True,False,False,False,14.069231000007676,0.0072540001383458,0.9290670000154932,192.3537920001764,0.0194549998013826,207.3787990001392
W.MOV,67,W,True,W,0.8547446131706238,True,W,True,False,False,False,14.106912000045211,0.0083340000855969,0.965271000040957,189.0358250002464,0.0193639998542494,204.1357060002724
W.MOV,68,W,True,W,0.6709238886833191,True,W,True,False,False,False,14.08406999996714,0.0073060000431723,0.878860000284476,189.10227099968324,0.0196070000129111,204.0921139999909
W.MOV,69,W,True,W,0.4713518321514129,True,W,True,False,False,False,14.275083000029554,0.0069570000960084,0.8838580001793162,193.033564000416,0.0194270000974938,208.2188890008183
W.MOV,70,W,True,delete,0.5445493459701538,False,delete,False,False,False,True,14.259487999993326,0.0060000002122251,0.851648999741883,199.7714320000341,0.0196800001504016,214.908249000132
W.MOV,71,W,True,delete,0.5785017609596252,False,delete,False,False,False,True,14.086320999979309,0.0068540002757799,0.8896509998521651,218.2481119998556,0.0193519999811542,233.250289999944
W.MOV,72,W,True,delete,0.5368050932884216,False,delete,False,False,False,True,14.135848999956124,0.0069029997575853,0.890239999989717,191.2956250002935,0.0190700002349331,206.34768700023187
W.MOV,73,W,True,W,0.5391203761100769,True,W,True,False,False,False,14.29042299997718,0.0074219997259206,0.8934600000429782,191.69824599975985,0.0165020001077209,206.9060529996136
W.MOV,74,W,True,delete,0.5447466969490051,False,delete,False,False,False,True,13.916047999998682,0.0068170002123224,0.8619680002084351,189.178727000126,0.0306319998344406,203.99419200037983
W.MOV,75,W,True,W,0.6231574416160583,True,W,True,False,False,False,13.972271000000092,0.006309999662335,0.8813170002213155,190.226206999796,0.0173829998857399,205.10348799956543
W.MOV,76,W,True,W,0.7090097665786743,True,W,True,False,False,False,13.908356999991156,0.0063310003497463,0.8440649999101879,189.75461999980325,0.0167719999808468,204.5301450000352
W.MOV,77,W,True,W,0.8941391706466675,True,W,True,False,False,False,15.307857000038894,0.0066369998421578,0.8660809999128105,197.0495479999954,0.0188029998753336,213.2489259996646
W.MOV,78,W,True,W,0.7834439873695374,True,W,True,False,False,False,14.113592000001065,0.0064070000007632,1.0028890001194668,204.7401899999386,0.0192420002349535,219.88232000029484
W.MOV,79,W,True,W,0.9499501585960388,True,W,True,False,False,False,13.923094999995556,0.0068949998421885,0.9023259999594302,194.7062819999701,0.0162970000019413,209.5548949997692
W.MOV,80,W,True,W,0.920307457447052,True,W,True,False,False,False,14.100216000031196,0.0071540002863912,0.8657649996166583,192.5632289999157,0.0196510000023408,207.55601499985232
W.MOV,81,W,True,W,0.914273738861084,True,W,True,False,False,False,14.779579999981252,0.0069100001383048,0.87100000018836,192.6106470000377,0.0202070000341336,208.28834400037977
W.MOV,82,W,True,W,0.8402721881866455,True,W,True,False,False,False,18.395592999979726,0.0066970001171284,0.8410830000684655,202.7116429999296,0.019006000002264,221.9740220000972
W.MOV,83,W,True,W,0.9696128964424132,True,W,True,False,False,False,14.052816000003077,0.0058539999372442,0.8481209997626138,189.95779300030333,0.0197760000446578,204.8843600000509
W.MOV,84,W,True,W,0.9869216680526732,True,W,True,False,False,False,14.256903000045895,0.006195999958436,0.8217050003622717,189.21626800010927,0.0175740001395752,204.31864600061544
W.MOV,85,W,True,W,0.9940449595451356,True,W,True,False,False,False,14.084905000004255,0.0061129999266995,0.8986070001810731,193.85830900000656,0.0177459996848483,208.86567999980343
W.MOV,86,W,True,W,0.9914976954460144,True,W,True,False,False,False,14.11419300001171,0.0073199998951167,0.9049049999703128,193.45958999974755,0.0195380002878664,208.50554599991256
W.MOV,87,W,True,W,0.9962574243545532,True,W,True,False,False,False,14.08680400004414,0.0067830001171387,0.8545209998374048,190.9467579998818,0.0186659999599214,205.9135319998404
W.MOV,88,W,True,W,0.994541585445404,True,W,True,False,False,False,14.483963999964544,0.0068569997893064,0.858962000165775,189.697310000156,0.0170149996847612,205.0641079997604
W.MOV,89,W,True,W,0.9949957132339478,True,W,True,False,False,False,14.251430999991044,0.0063239999690267,0.9744099997988088,189.8498259997723,0.0170799999068549,205.09907099943803
W.MOV,90,W,True,W,0.9960607886314392,True,W,True,False,False,False,14.413068999999725,0.006135000148788,0.8423559997936536,186.84033899990027,0.0171570000020437,202.11905599984448
W.MOV,91,W,True,W,0.994489312171936,True,W,True,False,False,False,14.232184999968922,0.0194429999282874,0.8512739996149321,187.4153929998101,0.0176389999069215,202.5359339992292
W.MOV,92,W,True,W,0.9965046644210817,True,W,True,False,False,False,14.29308100000526,0.0056519997997384,0.858293999954185,188.330785999824,0.0165030000971455,203.5043159996804
W.MOV,93,W,True,W,0.9960921406745912,True,W,True,False,False,False,13.988444000005984,0.0067710002440435,0.8693999998286017,190.08204700003265,0.0167369998962385,204.96339900000748
W.MOV,94,W,True,W,0.9922946691513062,True,W,True,False,False,False,13.946457999963968,0.0075500001912587,0.8521330000803573,189.1109110001708,0.0170300004356249,203.93408200084195
W.MOV,95,W,True,W,0.985236406326294,True,W,True,False,False,False,13.995698000030645,0.0067099999796482,0.928752000163513,188.270988000113,0.0167170001077465,203.2188650003945
W.MOV,96,W,True,W,0.9888074398040771,True,W,True,False,False,False,14.28958399998237,0.0070599999162368,0.8612909996372764,190.57967900016592,0.0188779999916732,205.75649199969348
W.MOV,97,W,True,W,0.9906458854675292,True,W,True,False,False,False,14.16783900003793,0.0062290000641951,0.865133000388596,194.03476700017563,0.0170660000549105,209.0910340007213
W.MOV,98,W,True,W,0.9871648550033568,True,W,True,False,False,False,13.9273899999921,0.0075529997047851,0.8788840000306664,191.80465299996283,0.019106000308966,206.63758599999937
W.MOV,99,W,True,W,0.9692583084106444,True,W,True,False,False,False,14.230247000000418,0.0059449998843774,0.8710839997547737,190.1080819998242,0.0190380001185985,205.2343959995824
W.MOV,100,W,True,W,0.9742230772972108,True,W,True,False,False,False,14.072923000014724,0.0103469997156935,0.9577149999131508,189.2105050001192,0.0183350002771476,204.26982500003987
W.MOV,101,W,True,W,0.9118847846984864,True,W,True,False,False,False,14.02622800003428,0.0068409999585128,0.8496210002704174,188.0747169998358,0.019135999991704,202.97654300009071
W.MOV,102,W,True,W,0.8910648822784424,True,W,True,False,False,False,14.1183549999937,0.0067930000113847,0.8373140003641311,189.51010199998564,0.0356870000359776,204.50825100039083
W.MOV,103,W,True,W,0.8690592050552368,True,W,True,False,False,False,14.1069409999659,0.0072910002018033,0.9025149997796688,199.35472899987872,0.0168490000760357,214.38832499990207
W.MOV,104,W,True,W,0.9238373041152954,True,W,True,False,False,False,14.059901999985414,0.0060449997363321,0.9143519996541728,189.99186000019108,0.0169199997799296,204.98907899934693
W.MOV,105,W,True,W,0.8161810040473938,True,W,True,False,False,False,14.072322999993505,0.0079950000326789,0.8306639997499587,192.07424300020648,0.0171050000972172,207.00233000007984
W.MOV,106,W,True,W,0.8757633566856384,True,W,True,False,False,False,13.998276999984682,0.0066719999267661,0.8566649999011133,195.41236200029743,0.0162239998644508,210.29019999997445
W.MOV,107,W,True,W,0.8400878310203552,True,W,True,False,False,False,14.088436999998066,0.005717000021832,0.8323269998982141,192.5182079999104,0.0179630001184705,207.46265199994696
W.MOV,108,W,True,W,0.8475660085678101,True,W,True,False,False,False,13.926909000019805,0.0061830000959162,0.8222110000133398,190.4251450000629,0.0170429998433974,205.19749100003537
W.MOV,109,W,True,W,0.817574679851532,True,W,True,False,False,False,14.125997999997251,0.0079350002124556,0.9281970001211448,195.4655429999548,0.020754000161105,210.5484270004468
W.MOV,110,W,True,W,0.7395878434181213,True,W,True,False,False,False,13.996657999996389,0.009481999768468,0.8811970001261216,194.1718780003612,0.0190280002243525,209.0782430004765
W.MOV,111,W,True,W,0.9169141054153442,True,W,True,False,False,False,14.029772000014871,0.0070290002440742,0.8988660001705284,196.22179299994968,0.0202189999072288,211.1776790002864
W.MOV,112,W,True,W,0.9406508803367616,True,W,True,False,False,False,14.186483000003136,0.0062909998632676,1.091309999992518,215.38494200012792,0.0179319999915605,230.6869579999784
W.MOV,113,W,True,W,0.9472216367721558,True,W,True,False,False,False,14.14946899996039,0.006977999873925,0.8374379999622761,192.7896359998158,0.0170470002558431,207.80056799986824
W.MOV,114,W,True,W,0.9729064702987672,True,W,True,False,False,False,14.005453999970996,0.0079900000855559,0.877538999702665,191.5847980003491,0.0195779998648504,206.4953589999732
W.MOV,115,W,True,W,0.995104193687439,True,W,True,False,False,False,14.076117999991313,0.0068979998104623,0.8920999998736079,187.25120699991749,0.0188569997590093,202.24517999935188
W.MOV,116,W,True,W,0.9963828325271606,True,W,True,False,False,False,14.049131999968267,0.0059720000535889,0.8412259999204252,187.9011270002593,0.0200519998543313,202.8175090000559
W.MOV,117,W,True,W,0.9923175573349,True,W,True,False,False,False,14.010204000044268,0.0060430002122302,0.8517660003235505,188.2164720000219,0.0188750000233994,203.1033600006253
W.MOV,118,W,True,W,0.9863925576210022,True,W,True,False,False,False,14.083443999993506,0.0074419999691599,0.8483599999635771,190.30299399992143,0.0189100001080078,205.2611499999557
W.MOV,119,W,True,W,0.9960969090461732,True,W,True,False,False,False,13.995330000000196,0.0068149997787259,0.8239439998760645,187.931424999988,0.0309430001834698,202.7884569998264
W.MOV,120,W,True,W,0.999103844165802,True,W,True,False,False,False,13.99609499998178,0.0063300003603217,0.8459050000055868,187.9245099999025,0.019249999695603,202.7920899999458
W.MOV,121,W,True,W,0.9993748068809508,True,W,True,False,False,False,14.034379999998237,0.0068060003286518,0.8320689998981834,193.94280599999547,0.019200000224373,208.8352610004449
W.MOV,122,W,True,W,0.9993925094604492,True,W,True,False,False,False,14.639759999965918,0.0073599999268481,0.861694999912288,192.38731199993708,0.0243650001721107,207.92049199991425
W.MOV,123,W,True,W,0.9988481998443604,True,W,True,False,False,False,14.55452099997956,0.0069060001806064,0.8625529999335413,190.3658850001193,0.0451269997938652,205.83499200000688
W.MOV,124,W,True,W,0.9982495903968812,True,W,True,False,False,False,13.94987300000139,0.0086300001385097,0.8873799997672904,196.67853800001467,0.0199040000552486,211.5443249999771
W.MOV,125,W,True,W,0.9986013770103456,True,W,True,False,False,False,14.440838999973948,0.0084210000750317,0.8980420002444589,194.1105300002164,0.0203019999389653,209.4781340004488
W.MOV,126,W,True,W,0.996752381324768,True,W,True,False,False,False,14.250113999992209,0.007415999789373,0.9402750001754612,193.8906420000421,0.020350999875518,209.1087979998747
W.MOV,127,W,True,W,0.997437596321106,True,W,True,False,False,False,13.972722999994858,0.0087710000116203,0.8560400001442758,191.23417200034964,0.0206529998649784,206.09235900036532
W.MOV,128,W,True,W,0.9987780451774596,True,W,True,False,False,False,13.97477099999378,0.0068700001065735,0.8601259996794397,190.9621140002855,0.0197760000446578,205.82365700011
W.MOV,129,W,True,W,0.9992121458053588,True,W,True,False,False,False,14.131646999999248,0.0062499998421117,0.8315390000461775,190.05882600004043,0.0254910000876407,205.0537530000156
W.MOV,130,W,True,W,0.9992524981498718,True,W,True,False,False,False,14.085641000008309,0.0071099998422141,0.8436319999418629,192.85907199991925,0.0202450000870157,207.81569999979865
W.MOV,131,W,True,W,0.9994775652885436,True,W,True,False,False,False,14.21403299997337,0.0073020000854739,0.8640340001875302,191.5752089998932,0.0170799999068549,206.67765800004645
W.MOV,132,W,True,W,0.9998260140419006,True,W,True,False,False,False,13.95014600001332,0.0059349999901314,0.8388850001210812,192.18188700006067,0.0176870003087969,206.994540000494
W.MOV,133,W,True,W,0.999841809272766,True,W,True,False,False,False,14.141168999969976,0.0074729996413225,0.8662199998070719,193.962515000294,0.017247999949177,208.99462499966148
W.MOV,134,W,True,W,0.9995445609092712,True,W,True,False,False,False,14.332727999999406,0.0065199997152376,0.8688279999660153,191.89248399970893,0.0179580001713475,207.1185179995609
W.MOV,135,W,True,W,0.9996312856674194,True,W,True,False,False,False,14.62380899999971,0.0084480002442433,0.8482729999741423,195.13291000021127,0.0175879999915196,210.63102800042088
W.MOV,136,W,True,W,0.9993439316749572,True,W,True,False,False,False,13.90231999999969,0.0070539999796892,0.9152329998869392,194.0253350003332,0.0195729999177274,208.8695150001172
W.MOV,137,W,True,W,0.9992826581001282,True,W,True,False,False,False,13.776380999956928,0.0063090001276577,0.8307909997711249,189.67711799996323,0.0196500000129162,204.31024899983183
W.MOV,138,W,True,W,0.9982143640518188,True,W,True,False,False,False,14.094708000016,0.007266000011441,0.8106779996523983,192.21882600004392,0.0218059999497199,207.15328399967348
W.MOV,139,W,True,W,0.9954837560653688,True,W,True,False,False,False,14.390606999995724,0.0062399999478657,0.9211279998453392,193.67844899988995,0.0186910001502838,209.0151149998292
W.MOV,140,W,True,W,0.9748083353042604,True,W,True,False,False,False,14.179616999967948,0.0062989997786644,0.819245000002411,189.1060309999375,0.0192029997378995,204.1303949994244
X.MOV,0,X,True,X,0.8182679414749146,True,X,True,False,False,False,14.27387300003602,0.0078550001489929,0.8361089999198157,191.37039399993228,0.020470999970712,206.50870200000784
X.MOV,1,X,True,X,0.9109294414520264,True,X,True,False,False,False,14.027435999992122,0.0073400001383561,0.8159419999174133,193.49202300008983,0.0214609999602544,208.364202000098
X.MOV,2,X,True,X,0.8775288462638855,True,X,True,False,False,False,14.479193999989093,0.0065829999584821,0.81291299966324,198.05426699986128,0.0205229998755385,213.37347999934764
X.MOV,3,X,True,X,0.8951714634895325,True,X,True,False,False,False,14.142493999997896,0.0065119997998408,0.8497519997945346,193.9211730000352,0.0175440000020898,208.9374749996296
X.MOV,4,X,True,X,0.9232999086380004,True,X,True,False,False,False,14.283593000016026,0.0079110000115178,0.8260609997705615,192.44582800001808,0.0186080001185473,207.5820009999348
X.MOV,5,X,True,X,0.925115704536438,True,X,True,False,False,False,14.635306000002402,0.0099869998848589,0.9466900000916212,191.56054599989147,0.0227519999498326,207.1752809998202
X.MOV,6,X,True,X,0.9387401342391968,True,X,True,False,False,False,14.681246000009196,0.0082609999481064,0.8258010002464289,197.9772330000742,0.0208359997486695,213.5133770000266
X.MOV,7,X,True,X,0.9209755063056946,True,X,True,False,False,False,14.812817999995788,0.0093359999482345,0.9293260000049486,213.4275609996621,0.0166300001183117,229.19567099972937
X.MOV,8,X,True,X,0.9520429968833924,True,X,True,False,False,False,14.10432000000128,0.0068960002863605,0.8435719996668922,189.92768800035265,0.0194570002349792,204.90193300054216
X.MOV,9,X,True,X,0.9430161714553832,True,X,True,False,False,False,14.088686999969012,0.0183649999598856,0.851314999636088,189.71843400004212,0.0197909998860268,204.6965919994932
X.MOV,10,X,True,X,0.918223202228546,True,X,True,False,False,False,13.90841899996076,0.0078150001172616,0.8297609997498512,189.6051230000921,0.033465000342403,204.3845830002624
X.MOV,11,X,True,X,0.9317479729652404,True,X,True,False,False,False,14.946707999968112,0.0074070003392989,0.8069479999903706,189.0178029998424,0.0200230001610179,204.7988890003012
X.MOV,12,X,True,X,0.960622489452362,True,X,True,False,False,False,14.26773400004322,0.0073579999479989,0.8486760002597293,191.1863580003228,0.0204590000976168,206.33058500067136
X.MOV,13,X,True,X,0.9543321132659912,True,X,True,False,False,False,14.29813500004684,0.0067369996941124,0.8215169996219629,191.2562219999927,0.0208279998332727,206.4034389991889
X.MOV,14,X,True,X,0.961535632610321,True,X,True,False,False,False,14.352428999984568,0.0073060000431723,0.849856000058935,193.2087740001407,0.0216690000343078,208.44003400026168
X.MOV,15,X,True,X,0.9235685467720032,True,X,True,False,False,False,14.30556500002922,0.0073890000749088,0.7928009999886854,196.0146749997876,0.0193660002878459,211.1397960001682
X.MOV,16,X,True,X,0.9489954113960266,True,X,True,False,False,False,14.062824999996336,0.0074869999480142,0.903812000160542,195.08584000004703,0.0206579998121014,210.080621999964
X.MOV,17,X,True,X,0.9621834754943848,True,X,True,False,False,False,14.28350999998429,0.0074350000431877,0.8249560000876954,192.78984399988985,0.0200879999283642,207.9258329999334
X.MOV,18,X,True,X,0.9545725584030152,True,X,True,False,False,False,14.35729600001423,0.0062970002545625,0.7846700000300189,188.15375699978176,0.0176120001924573,203.31963200027303
X.MOV,19,X,True,X,0.9564224481582642,True,X,True,False,False,False,14.305948000014723,0.0082839997048722,0.8450440000160597,190.16738299978897,0.0176479998117429,205.3443069993364
X.MOV,20,X,True,X,0.950131893157959,True,X,True,False,False,False,14.309514999979456,0.0069140000960032,0.835706000088976,188.7266250000721,0.019150999833073,203.8979110000696
X.MOV,21,X,True,X,0.9536749720573424,True,X,True,False,False,False,14.55425999995441,0.0076970000009168,0.8362509997823508,192.9728850000174,0.0196759997379558,208.39076899949305
X.MOV,22,X,True,X,0.9528803825378418,True,X,True,False,False,False,14.247734000036871,0.0082769997789,0.864614999954938,192.5969230001101,0.0379749999410705,207.7555239998219
X.MOV,23,X,True,X,0.9377564191818236,True,X,True,False,False,False,14.053595000007135,0.0084050002442381,0.8398459999625629,190.7319950000783,0.0222620001295581,205.6561030004218
X.MOV,24,X,True,X,0.9334262013435364,True,X,True,False,False,False,14.491002999989178,0.0066479997258284,0.8366249999198772,187.3451429996749,0.0201789998754975,202.69959799918524
X.MOV,25,X,True,X,0.9317272901535034,True,X,True,False,False,False,14.30986299999404,0.0067339997258386,0.8257829999820387,190.76602899986028,0.0218290001612331,205.93023799972343
X.MOV,26,X,True,X,0.935097873210907,True,X,True,False,False,False,14.242356000011114,0.0061409996305883,0.8331429999088868,192.5823130000026,0.019564000012906,207.6835169995661
X.MOV,27,X,True,X,0.923124611377716,True,X,True,False,False,False,14.092506999986654,0.0081889998000406,0.8406080000895599,193.4074000000692,0.0186030001714243,208.36730700011685
X.MOV,28,X,True,X,0.9332335591316224,True,X,True,False,False,False,14.258498999993208,0.0056879998737713,0.7963880002535006,191.3130629995976,0.0186229999599163,206.392260999678
X.MOV,29,X,True,X,0.9445911645889282,True,X,True,False,False,False,14.06117300001597,0.0070910000431467,0.7820349997018639,191.74276600006124,0.020689999928436,206.61375499975065
X.MOV,30,X,True,X,0.9686664938926696,True,X,True,False,False,False,14.10457200000792,0.0068089998421783,0.794250999661017,192.9208579999795,0.0186100000973965,207.845099999588
X.MOV,31,X,True,X,0.975122570991516,True,X,True,False,False,False,14.243975999988834,0.006275000032474,0.7926180001049943,190.654003000418,0.0199510000129521,205.71682300055727
X.MOV,32,X,True,X,0.9668456315994264,True,X,True,False,False,False,14.10277299999052,0.0077830000009271,0.8237280003413616,187.6034330002767,0.0199430000975553,202.55766000070707
X.MOV,33,X,True,X,0.9619365334510804,True,X,True,False,False,False,14.247646000001168,0.0072220000220113,0.8130660003189405,186.4988419997644,0.0184489999810466,201.5852250000876
X.MOV,34,X,True,X,0.9410805702209472,True,X,True,False,False,False,14.235124000038011,0.0092370000857044,0.8593559996370459,189.975597999819,0.0200640001821739,205.099378999762
X.MOV,35,X,True,X,0.949213206768036,True,X,True,False,False,False,14.613548999989234,0.0071070003286877,0.8572469996579457,190.8124670003417,0.0192219999917142,206.3095920003093
X.MOV,36,X,True,X,0.9641838669776917,True,X,True,False,False,False,14.339865000010832,0.0069409998104674,0.8147930002451176,192.4372149996998,0.0209810000342258,207.61979499980043
X.MOV,37,X,True,X,0.9671649932861328,True,X,True,False,False,False,14.05065099999092,0.0072929997259052,0.8132500001920562,191.5907810002864,0.0201200000446988,206.48209500023995
X.MOV,38,X,True,X,0.9795973896980286,True,X,True,False,False,False,14.265516000023126,0.0063370002862939,0.7790440004100674,192.1133439996084,0.020326000139903,207.18456700046767
X.MOV,39,X,True,X,0.9846225380897522,True,X,True,False,False,False,14.139284000009413,0.006289999873843,0.8169419998012017,188.60514600009992,0.0190020000445656,203.5866639998289
X.MOV,40,X,True,X,0.9776936769485474,True,X,True,False,False,False,14.32582000001048,0.0062519998209609,0.799555999947188,189.769504999731,0.0191939998330781,204.9203269993427
X.MOV,41,X,True,X,0.9616254568099976,True,X,True,False,False,False,14.096046999952703,0.0077429999691958,0.8007290002751688,188.20211399997788,0.0190360001397493,203.1256690003147
X.MOV,42,X,True,X,0.9719904661178588,True,X,True,False,False,False,14.06152600003452,0.0062069998421065,0.8001050000530086,190.02766800031168,0.0196089999917603,204.91511500023307
X.MOV,43,X,True,X,0.8900569677352905,True,X,True,False,False,False,14.12543200001437,0.0067070000113744,0.791113000104815,190.37054999989772,0.0192070001503452,205.31300900017868
X.MOV,44,X,True,X,0.8470542430877686,True,X,True,False,False,False,14.050025000017284,0.0065560002440179,0.8266800000455987,192.5173539998468,0.0193419996321608,207.41995699978588
X.MOV,45,X,True,X,0.5392088294029236,True,X,True,False,False,False,14.334135000012791,0.0188149997484288,0.8135120001497853,190.78494199993656,0.0197219997062347,205.9711259995538
X.MOV,46,X,True,X,0.6811232566833496,True,X,True,False,False,False,14.451369999960662,0.0057940001170209,0.8416949999627832,191.8720960002247,0.0196599999071622,207.1906150001724
X.MOV,47,X,True,X,0.6692168712615967,True,X,True,False,False,False,13.902452999957404,0.0096369999482703,0.8872430003066256,208.49608099979372,0.0193330001820868,223.31474700018816
X.MOV,48,X,True,X,0.7158035039901733,True,X,True,False,False,False,14.007629999980509,0.0076110000009066,0.8455770002910867,219.5569659998,0.020882999706373,234.4386669997789
X.MOV,49,X,True,X,0.757699728012085,True,X,True,False,False,False,14.305149999984224,0.0077019999480398,0.8608670000285201,191.77923200004443,0.0203800000235787,206.9733310000288
X.MOV,50,X,True,X,0.7610920071601868,True,X,True,False,False,False,13.938612999993438,0.0073229998633905,0.8398869999837189,194.3516579999596,0.020749000213982,209.1582300000141
X.MOV,51,X,True,X,0.6929212212562561,True,X,True,False,False,False,14.362444999960644,0.0083659997471841,0.5130380000082368,189.03166800009785,0.0171970000337751,203.9327139998477
X.MOV,52,X,True,X,0.8033435940742493,True,X,True,False,False,False,14.226726999993389,0.0065730000642361,0.8296560004055209,189.6789530001115,0.018363999970461,204.7602730005451
X.MOV,53,X,True,X,0.8254541158676147,True,X,True,False,False,False,14.280210999970675,0.0088450001385353,0.8475559998259996,188.66793600000165,0.0200149997908738,203.82456299972773
X.MOV,54,X,True,X,0.7950595617294312,True,X,True,False,False,False,15.205057999992276,0.0059130002227902,0.8431090000158292,188.89358600017653,0.0178570003299682,204.96552300073745
X.MOV,55,X,True,X,0.8694697022438049,True,X,True,False,False,False,14.14870099995369,0.0073300002441101,0.8878610001374909,190.56221399978315,0.0249610002356348,205.63106700035405
X.MOV,56,X,True,X,0.8912190198898315,True,X,True,False,False,False,14.029074000006858,0.0068539998210326,0.85980300036681,194.450808000056,0.0260159999925235,209.3725550002432
X.MOV,57,X,True,X,0.8788394927978516,True,X,True,False,False,False,14.146305999986453,0.0081910002336371,0.8412939996560453,201.92504199985703,0.0226639999709732,216.94349699970417
X.MOV,58,X,True,X,0.7686123251914978,True,X,True,False,False,False,14.059969000015826,0.0073649998739711,0.8465900000373949,187.33008100025472,0.0193949999811593,202.26340000016307
X.MOV,59,X,True,X,0.8698741793632507,True,X,True,False,False,False,14.051054999981716,0.0085689998741145,0.8197590000236232,192.59022000005643,0.0176879998434742,207.48729099977936
X.MOV,60,X,True,X,0.8772477507591248,True,X,True,False,False,False,14.430887000003167,0.0072689999797148,0.8143979998749273,191.29253199980667,0.0194149997696513,206.56450099943413
X.MOV,61,X,True,X,0.7354522943496704,True,X,True,False,False,False,14.34673500000372,0.0079150004239636,0.9099740000237944,192.2744230000717,0.0202820001504733,207.55932900067364
X.MOV,62,X,True,X,0.8927565217018127,True,X,True,False,False,False,14.309324999999262,0.0070060000325611,0.858960999721603,191.1798349997298,0.0191039998753694,206.3742309993586
X.MOV,63,X,True,X,0.9236927628517152,True,X,True,False,False,False,14.344723000021986,0.0075289999585947,0.9344680001959204,194.09270200003448,0.0199300002350355,209.399352000446
X.MOV,64,X,True,X,0.8799216151237488,True,X,True,False,False,False,14.241504999972676,0.0072389998422295,0.8805669999674137,196.356833000209,0.0209970003197668,211.5071410003111
X.MOV,65,X,True,X,0.7693334221839905,True,X,True,False,False,False,14.19263799999726,0.0100780002867395,0.9050220000972332,195.448123999995,0.020520000362012,210.57638200073825
X.MOV,66,X,True,X,0.7614928483963013,True,X,True,False,False,False,14.23752899995634,0.0084440002865449,0.8217249996960163,191.7604429995663,0.0190400000974477,206.84718099960264
X.MOV,67,X,True,X,0.6805950999259949,True,X,True,False,False,False,14.325595999991949,0.0067149999267712,0.8215210000344086,191.48792700025297,0.0198030002138693,206.66156200042
X.MOV,68,X,True,U,0.4222238659858703,False,U,False,False,False,True,14.21683699999221,0.007145999916247,0.812007000149606,193.1308979997084,0.0194210001609462,208.1863089999274
X.MOV,69,X,True,U,0.6028016805648804,False,U,False,False,False,True,14.2426400000204,0.0084420003076957,0.8315299996866088,195.2712289998999,0.0201670000024023,210.374007999917
X.MOV,70,X,True,X,0.6221996545791626,True,X,True,False,False,False,14.185012999973878,0.0071469999056716,0.8364790000996436,191.2611350003317,0.0194630001715268,206.30923700048243
X.MOV,71,X,True,X,0.8043267726898193,True,X,True,False,False,False,14.186945000005837,0.0093240000751393,0.9660159998929884,196.2142150000545,0.0178909999704046,211.3943909999989
X.MOV,72,X,True,X,0.9156664609909058,True,X,True,False,False,False,15.341594000005898,0.00664399976813,0.8346330000676971,194.9251330001971,0.0201739999283745,211.1281779999672
X.MOV,73,X,True,X,0.8291639089584351,True,X,True,False,False,False,16.6076349999571,0.0062710000747756,0.827831000151491,189.8539990002064,0.020675000087067,207.3164110004768
X.MOV,74,X,True,X,0.797785758972168,True,X,True,False,False,False,14.373748999958025,0.0090359999376232,0.8265400001619128,187.82749100000729,0.019901999621652,203.0567179996865
X.MOV,75,X,True,X,0.7502673268318176,True,X,True,False,False,False,14.53276500001266,0.0068639997152786,0.8126869997795438,191.37182300028144,0.021471999843925,206.74561099963285
X.MOV,76,X,True,X,0.8529901504516602,True,X,True,False,False,False,14.478672999985063,0.0073590003921708,0.8162640001501131,191.6341810001541,0.0197849999494792,206.9562620006309
X.MOV,77,X,True,X,0.782281219959259,True,X,True,False,False,False,14.162993000013556,0.0067029995989287,0.8084730002337892,192.84493299983296,0.0209350000659469,207.8440369997452
X.MOV,78,X,True,X,0.8433806300163269,True,X,True,False,False,False,14.2159829999855,0.0100329998531378,0.8636840002509416,193.1097900001077,0.0199480000446783,208.219438000242
X.MOV,79,X,True,X,0.8453311324119568,True,X,True,False,False,False,14.503240999999887,0.0084629996308649,0.8659469999656721,193.05006800004776,0.0208369997380941,208.44855599938228
X.MOV,80,X,True,X,0.935275137424469,True,X,True,False,False,False,14.601685999991789,0.0072650000220164,0.8421079996878689,192.9562039999837,0.0205460000870516,208.4278089997724
X.MOV,81,X,True,X,0.8755863904953003,True,X,True,False,False,False,14.26344699996207,0.0075650000326277,0.8876449996932934,197.0353800002158,0.0198799998543108,212.2139169997581
X.MOV,82,X,True,X,0.8931315541267395,True,X,True,False,False,False,14.305158000013307,0.006931999905646,0.8458120000796043,193.372398000065,0.020783999843843,208.5510839999074
X.MOV,83,X,True,X,0.8586663603782654,True,X,True,False,False,False,14.380995999999868,0.0069949996941431,0.8239190001404495,194.65210900034435,0.02090899988616,209.88492800006497
X.MOV,84,X,True,X,0.8652271032333374,True,X,True,False,False,False,14.2835659999605,0.0073750002229644,0.9420930000487716,197.6051780002308,0.0175680002030276,212.85578000066607
X.MOV,85,X,True,X,0.8550216555595398,True,X,True,False,False,False,14.301725999985138,0.0069860002440691,0.8226269997066993,191.56457700000828,0.0197109998225641,206.7156269997668
X.MOV,86,X,True,X,0.8564985990524292,True,X,True,False,False,False,14.34166000001369,0.0081120001595991,0.8488180001222645,195.61759199996231,0.0200680001398723,210.8362500003977
X.MOV,87,X,True,X,0.8805153369903564,True,X,True,False,False,False,14.185496000038713,0.008237000201916,0.8301479997498973,190.57102799979475,0.0188569997590093,205.61376599954428
X.MOV,88,X,True,X,0.825721025466919,True,X,True,False,False,False,14.251073000025372,0.0181680002242501,0.82178999991811,195.59506499990675,0.0174070000866777,210.7035030001612
X.MOV,89,X,True,X,0.864285409450531,True,X,True,False,False,False,14.17668499999536,0.0088830001914175,0.8347570001205895,216.41675099999705,0.0172879999809083,231.4543640002853
X.MOV,90,X,True,X,0.9095749855041504,True,X,True,False,False,False,14.25984999997354,0.009055000191438,0.8324469999934081,191.32529799981057,0.0206729996534704,206.44732299962243
X.MOV,91,X,True,X,0.9179087281227112,True,X,True,False,False,False,14.296711999975289,0.0084170001173333,0.8360299998457776,188.6345840002832,0.020470999970712,203.79621400019232
X.MOV,92,X,True,X,0.8780751824378967,True,X,True,False,False,False,14.301401000011538,0.0080240001807396,0.8249590000559692,188.2233350002025,0.0205309997909353,203.37825000024168
X.MOV,93,X,True,X,0.9283720254898072,True,X,True,False,False,False,14.203874999964228,0.009154000053968,0.9345739999844228,206.61380799992912,0.0198080001609923,221.7812190000928
X.MOV,94,X,True,X,0.9121648073196412,True,X,True,False,False,False,14.332050999996682,0.0076870001066708,0.946308000038698,199.69702300022612,0.0212820000342617,215.0043510004025
X.MOV,95,X,True,X,0.8449856638908386,True,X,True,False,False,False,14.158597999994528,0.0074709996624733,0.8656350000819657,192.5470410001253,0.0204819998543825,207.59922699971867
X.MOV,96,X,True,X,0.81187903881073,True,X,True,False,False,False,14.089874999967831,0.0065730000642361,0.810726999588951,187.14176899993612,0.0193470000340312,202.06829099959123
X.MOV,97,X,True,X,0.8411786556243896,True,X,True,False,False,False,14.224344000012934,0.0079550000009476,0.8156120002240641,188.913470999978,0.0189719999070803,203.98035400012304
X.MOV,98,X,True,X,0.8759129047393799,True,X,True,False,False,False,14.872497999988354,0.0068840004132653,0.9103859997594554,187.66780599980848,0.0188459998753387,203.4764199998449
X.MOV,99,X,True,X,0.865849494934082,True,X,True,False,False,False,14.227361999985533,0.0062590002016804,0.8702459999767598,188.3205940002881,0.0197700001081102,203.4442310005602
X.MOV,100,X,True,X,0.9322366118431092,True,X,True,False,False,False,14.273237999987032,0.0078699999903619,0.8858919995873293,190.03449199999525,0.0195100001292303,205.2210019996892
X.MOV,101,X,True,X,0.9272100329399108,True,X,True,False,False,False,14.109958999995342,0.0065120002545882,0.8216020000872959,191.99410400005945,0.0179040002876718,206.95008100068435
X.MOV,102,X,True,X,0.9434973001480104,True,X,True,False,False,False,14.07924099999036,0.0070690002758055,0.8157380002558057,192.13994199981244,0.0198259999706351,207.06181600030504
X.MOV,103,X,True,X,0.9140324592590332,True,X,True,False,False,False,14.140688999987104,0.0076220003393245,0.835283000014897,189.103029999842,0.0204430002668232,204.1070670004501
X.MOV,104,X,True,X,0.9415597319602966,True,X,True,False,False,False,14.175385999976696,0.0097220004136033,0.8290629998555232,191.1670610002148,0.0197150002350099,206.2009470006956
X.MOV,105,X,True,X,0.9352192282676696,True,X,True,False,False,False,14.307594999991124,0.0077320000855252,0.8141850003084983,189.8661310001444,0.0193060000128753,205.0149490005424
X.MOV,106,X,True,X,0.9502201676368712,True,X,True,False,False,False,14.136527000005117,0.0066269999479118,0.863238999954774,190.7605380001769,0.0188220001291483,205.78575300021384
X.MOV,107,X,True,X,0.9655876159667968,True,X,True,False,False,False,14.344232999974338,0.0082279998423473,0.8457409999209631,188.80278300002828,0.0200469999072083,204.0210319996732
X.MOV,108,X,True,X,0.9320623874664308,True,X,True,False,False,False,14.17744899998752,0.007600000117236,0.8160119996318826,191.3131320002321,0.0192620000234455,206.33345499999223
X.MOV,109,X,True,X,0.9420574307441713,True,X,True,False,False,False,14.145773999985067,0.0074570002652762,0.8205059998545039,189.01141399965127,0.0187450000339595,204.00389599979007
X.MOV,110,X,True,X,0.958398163318634,True,X,True,False,False,False,14.149058999976203,0.0079049996202229,0.8152179998432985,189.5068869998795,0.0188829999387962,204.497951999258
X.MOV,111,X,True,X,0.8057253360748291,True,X,True,False,False,False,14.218434999975216,0.0084650000644614,0.9108090002882818,189.6721170001001,0.0194929998542647,204.8293190002824
X.MOV,112,X,True,X,0.8222819566726685,True,X,True,False,False,False,14.27233800001204,0.0071569997999176,0.821755000288249,189.68172500035507,0.0200429999495099,204.8030180004048
X.MOV,113,X,True,X,0.9356058835983276,True,X,True,False,False,False,14.17161599999872,0.0079490000644,0.8565200000703044,189.5667469998444,0.0172719996953674,204.62010399967312
X.MOV,114,X,True,X,0.9323657155036926,True,X,True,False,False,False,14.25466799997821,0.0071990002652455,0.8419079999839596,190.3065230003449,0.0276939999821479,205.4379920005545
X.MOV,115,X,True,X,0.9558539986610411,True,X,True,False,False,False,14.237195000021076,0.007450000339304,0.8464390002700384,194.80913500001407,0.0179610001396213,209.9181800007841
X.MOV,116,X,True,X,0.9454343318939208,True,X,True,False,False,False,14.203527000006488,0.0082349997683195,0.9275150000576105,205.73420700020503,0.0365430000783817,220.91002700011583
X.MOV,117,X,True,X,0.958178460597992,True,X,True,False,False,False,14.26472800000056,0.0083609998000611,0.8896740000636782,190.42573800015816,0.0349669999195612,205.623467999942
X.MOV,118,X,True,X,0.9540845155715942,True,X,True,False,False,False,14.060690999997403,0.0102929998320178,0.9768099998836988,199.72250999990132,0.0210770003832294,214.79138099999773
X.MOV,119,X,True,X,0.9250246286392212,True,X,True,False,False,False,14.109147999988636,0.0082959995779674,0.9897489999275422,195.76995199986413,0.0209559998438635,210.8981009992021
X.MOV,120,X,True,X,0.916877031326294,True,X,True,False,False,False,14.054251999993994,0.0077019999480398,0.8221849998335529,189.1377330002797,0.0193629998648248,204.0412349999201
X.MOV,121,X,True,X,0.9050381779670716,True,X,True,False,False,False,14.183462999994845,0.01612699998077,0.8231709998653969,190.44996700040429,0.0204080001822148,205.4931360004275
X.MOV,122,X,True,X,0.8705346584320068,True,X,True,False,False,False,14.147084000001088,0.0095289997261716,0.9776229999260976,187.9841479999413,0.019109999811917,203.13749399940664
X.MOV,123,X,True,X,0.8746892809867859,True,X,True,False,False,False,14.07725000001392,0.0070979999691189,0.8530960003554355,189.0569030001643,0.0204400002985494,204.0147870008013
X.MOV,124,X,True,X,0.8923274278640747,True,X,True,False,False,False,14.2725329999962,0.0065999997787002,0.7967219999045483,187.305594999998,0.0209670001822814,202.40241699985967
X.MOV,125,X,True,X,0.9369062781333924,True,X,True,False,False,False,14.174819999993815,0.0078319999374798,0.8198710002034204,196.9532110001637,0.0175830000443966,211.97331700034283
X.MOV,126,X,True,X,0.9509398937225342,True,X,True,False,False,False,14.082318000021132,0.0078450002547469,0.8076980002442724,191.7034210000565,0.0199940000129572,206.6212760005897
X.MOV,127,X,True,X,0.9196973443031312,True,X,True,False,False,False,13.952249999988451,0.0096399999165441,0.8070650001172908,192.47273100017992,0.0199029996110766,207.26158899981328
X.MOV,128,X,True,X,0.8495234847068787,True,X,True,False,False,False,13.869209999995746,0.009029000011651,0.8512240001437021,193.47592300027827,0.0205460000870516,208.2259320005164
X.MOV,129,X,True,X,0.923262894153595,True,X,True,False,False,False,13.963215999979184,0.00781900007496,0.834251000014774,199.2013120002412,0.0206790000447654,214.02727700035484
X.MOV,130,X,True,X,0.9657781720161438,True,X,True,False,False,False,14.141438000024207,0.0068869999267917,0.8862429999680899,202.156844000001,0.0206970003091555,217.21210900022925
X.MOV,131,X,True,X,0.8954764008522034,True,X,True,False,False,False,14.233297999965089,0.0098860000434797,0.8879279998836864,204.30718000034176,0.0189809998119017,219.45727300004592
X.MOV,132,X,True,X,0.8421124219894409,True,X,True,False,False,False,14.094325000030494,0.0085889996626065,0.9071640001820924,197.03942299975097,0.0200140002561965,212.0695149998824
X.MOV,133,X,True,X,0.789896547794342,True,X,True,False,False,False,13.874325000017508,0.0073129999691445,0.8150700000442157,195.551782000166,0.0197609997485415,210.2682509999454
X.MOV,134,X,True,X,0.9493163228034972,True,X,True,False,False,False,14.609866000000691,0.0076950000220676,0.8468810001431848,193.00885100028609,0.0196060000234865,208.49289900047552
X.MOV,135,X,True,X,0.8957326412200928,True,X,True,False,False,False,14.203073000032871,0.0076530000114871,0.8405349999520695,193.9085569997588,0.0197379999917757,208.9795559997469
X.MOV,136,X,True,X,0.941838800907135,True,X,True,False,False,False,13.978811000015412,0.0071159997787617,0.8532560000276135,194.5304349997059,0.0203290001081768,209.38994699963587
X.MOV,137,X,True,X,0.9051342010498048,True,X,True,False,False,False,14.153079000038815,0.0071940003181225,0.8089600000857899,194.36660900009883,0.019323999822518,209.35516600036408
X.MOV,138,X,True,X,0.9256887435913086,True,X,True,False,False,False,14.109749999988708,0.0079729998105904,0.8698970000295958,193.21943199975067,0.0199329997485619,208.22698499932807
X.MOV,139,X,True,X,0.9506078958511353,True,X,True,False,False,False,14.16316900002812,0.0074449999374337,0.8459909995508497,197.29135300030973,0.0198939997062552,212.3278519995324
X.MOV,140,X,True,X,0.9242228269577026,True,X,True,False,False,False,14.108065000016268,0.0071650001700618,0.924610999845754,193.62758800025404,0.0213520002034783,208.6887810004896
Y.MOV,0,Y,True,W,0.7225086688995361,False,W,False,False,False,True,14.282147000017176,0.0087700000221957,0.931236000269564,193.006234999757,0.0210570001399901,208.24944500020592
Y.MOV,1,Y,True,W,0.7880073189735413,False,W,False,False,False,True,13.993347999985415,0.0072559996624477,0.8823769999253273,192.9426619999504,0.0198499997168255,207.8454929992404
Y.MOV,2,Y,True,W,0.7959374785423279,False,W,False,False,False,True,13.98231000001715,0.0065469998844491,0.8844700000736339,192.8692659998888,0.0206089998755487,207.76320199973952
Y.MOV,3,Y,True,W,0.7948079109191895,False,W,False,False,False,True,13.863457000013568,0.0079810001807345,0.9003449999909208,192.44935200003965,0.0197170002138591,207.2408520004388
Y.MOV,4,Y,True,W,0.7857204079627991,False,W,False,False,False,True,13.916830000027858,0.0076080000326328,0.8920840000428143,190.3573810000125,0.0202789997274521,205.1941819998433
Y.MOV,5,Y,True,W,0.7976270914077759,False,W,False,False,False,True,13.980166000010286,0.0078610000855405,0.8970270000645542,194.4305570000324,0.0199430000975553,209.3355540002904
Y.MOV,6,Y,True,W,0.8052557110786438,False,W,False,False,False,True,14.261122999982945,0.0071879999268276,0.876960999903531,192.5519770002211,0.0207409998438379,207.71798999987823
Y.MOV,7,Y,True,W,0.8002748489379883,False,W,False,False,False,True,14.15808299998389,0.0077899999268993,0.8619669997642632,198.906289000206,0.0234330000239424,213.957561999905
Y.MOV,8,Y,True,W,0.7770163416862488,False,W,False,False,False,True,13.896907000003011,0.0078600000961159,1.075053000022308,206.71432300014203,0.0195090001398057,221.71365200040327
Y.MOV,9,Y,True,W,0.7910079956054688,False,W,False,False,False,True,13.967868999998243,0.0092459999905258,0.8915540001908084,196.17681199997605,0.0199420001081307,211.06542300026376
Y.MOV,10,Y,True,W,0.7798513770103455,False,W,False,False,False,True,14.01981099996874,0.0075520001701079,0.901530999726674,196.66679900001327,0.0201490001927595,211.61584200007155
Y.MOV,11,Y,True,W,0.7723414301872253,False,W,False,False,False,True,14.07924099999036,0.0072559996624477,0.9340889996565238,193.66081200041663,0.0197909998860268,208.701188999612
Y.MOV,12,Y,True,W,0.7881647944450378,False,W,False,False,False,True,14.096617999996395,0.0082950000432902,0.9211589999722491,195.56500399994547,0.0192510001397749,210.6103270000972
Y.MOV,13,Y,True,W,0.7707979679107666,False,W,False,False,False,True,14.143983999986176,0.0067510000008041,0.9229899997080792,198.1510410000737,0.0200300000869901,213.2447959998558
Y.MOV,14,Y,True,W,0.7718966007232666,False,W,False,False,False,True,14.104672000030405,0.0074980002864322,0.8789769999566488,194.5822509997015,0.0169859999914478,209.59038399996643
Y.MOV,15,Y,True,W,0.6960069537162781,False,W,False,False,False,True,14.243211999996674,0.0077650001912843,0.9324659999947472,204.4841249999081,0.02042000005531,219.6879880001461
Y.MOV,16,Y,True,W,0.7971215844154358,False,W,False,False,False,True,13.89744300001894,0.0083569998423627,1.0338840002077632,202.762776000327,0.0207090001822507,217.7231690005783
Y.MOV,17,Y,True,W,0.7963821887969971,False,W,False,False,False,True,14.078890000007505,0.0087519997578056,0.9165479996227076,198.3523519998016,0.0196160003724799,213.3761579995621
Y.MOV,18,Y,True,W,0.78782057762146,False,W,False,False,False,True,14.01067899996633,0.0084149996837368,0.8923509999476664,195.6933659998868,0.0213530001929029,210.62616399967737
Y.MOV,19,Y,True,W,0.765812873840332,False,W,False,False,False,True,14.293717999976252,0.0085570000010193,0.9185990002151811,196.98418500001927,0.0189130000762816,212.2239720002881
Y.MOV,20,Y,True,W,0.716654896736145,False,W,False,False,False,True,15.36750299999312,0.0079350002124556,0.8818409996820264,195.0180530002399,0.0188789999810978,211.2942110001086
Y.MOV,21,Y,True,W,0.6975642442703247,False,W,False,False,False,True,14.21877399997129,0.0083190002442279,0.875233999977354,194.6313960002044,0.0198419998014287,209.7535650001987
Y.MOV,22,Y,True,W,0.7063109278678894,False,W,False,False,False,True,14.211861999967825,0.0083549998635135,0.9015739997266792,191.4732489999551,0.0200829999812413,206.6151229994944
Y.MOV,23,Y,True,W,0.7352855801582336,False,W,False,False,False,True,14.303545000018405,0.0069520001488854,0.8672799999658309,199.3982489998416,0.0188359999810927,214.5948619999558
Y.MOV,24,Y,True,W,0.7382681965827942,False,W,False,False,False,True,14.0990329999795,0.0075150001066504,0.9221120003530814,196.2063529999796,0.0257149999924877,211.2607280004113
Y.MOV,25,Y,True,W,0.7961118221282959,False,W,False,False,False,True,14.01439700003948,0.0127080002130242,0.8222619999287417,202.5919400002749,0.0196500000129162,217.46095700046908
Y.MOV,26,Y,True,W,0.7899776101112366,False,W,False,False,False,True,14.09619499997916,0.0077610002335859,0.8966010000222013,192.5638279999476,0.0193320001926622,207.5837170003752
Y.MOV,27,Y,True,W,0.7460179924964905,False,W,False,False,False,True,13.919815999997809,0.007804000233591,0.8968759998424503,191.3046649997341,0.034625999887794,206.16378699969573
Y.MOV,28,Y,True,W,0.741622805595398,False,W,False,False,False,True,13.950104999992163,0.0083549998635135,0.8853140002429427,189.39024000019344,0.0197019999177427,204.2537160002098
Y.MOV,29,Y,True,W,0.7457454800605774,False,W,False,False,False,True,14.071266000030391,0.0074569998105289,0.8721259996491426,189.9970889999168,0.0205330002245318,204.9684709996313
Y.MOV,30,Y,True,W,0.7516898512840271,False,W,False,False,False,True,14.507083000012244,0.00705200000084,0.8943660000113596,190.47828600014327,0.0198480001927237,205.90663500036044
Y.MOV,31,Y,True,W,0.7340748310089111,False,W,False,False,False,True,14.026808000039637,0.0075289999585947,0.8721690001038951,193.57519799996223,0.0203899999178247,208.5020939999822
Y.MOV,32,Y,True,W,0.7488836050033569,False,W,False,False,False,True,13.925889999995889,0.008242000149039,0.9307830000579996,188.75357900014933,0.0189550000868621,203.63744900043912
Y.MOV,33,Y,True,W,0.8066767454147339,False,W,False,False,False,True,14.112432999979774,0.006977999873925,0.8731709999665327,188.65571900005307,0.0201909997485927,203.6684919996219
Y.MOV,34,Y,True,W,0.7488094568252563,False,W,False,False,False,True,14.01929299998983,0.0074770000537682,0.9126119998654758,189.86125199990056,0.0203119998332113,204.82094599964284
Y.MOV,35,Y,True,W,0.76606684923172,False,W,False,False,False,True,13.866096000015204,0.0074609997682273,0.8601389999967068,188.8829680001436,0.0191879998965305,203.63585199982023
Y.MOV,36,Y,True,W,0.7197418808937073,False,W,False,False,False,True,14.058035999994445,0.0092850000328326,0.9290540001529736,195.6296339999426,0.019927999801439,210.6459369999243
Y.MOV,37,Y,True,W,0.7669193744659424,False,W,False,False,False,True,14.367893000041931,0.0081869998211914,0.8948740000960242,189.74927599992952,0.0199520000023767,205.04018199989105
Y.MOV,38,Y,True,W,0.5205522179603577,False,W,False,False,False,True,14.355591000025925,0.0086069999269966,0.8907249998628686,194.54094599996097,0.0202249998437764,209.8160939996205
Y.MOV,39,Y,True,W,0.7788857221603394,False,W,False,False,False,True,14.025527000001148,0.0067840001065633,0.8794690002105199,195.6035750004048,0.0203180002245062,210.53567300094755
Y.MOV,40,Y,True,W,0.5689934492111206,False,W,False,False,False,True,14.073329999973794,0.0081170001067221,0.9626510000089183,188.23735099977057,0.0193729997590708,203.30082199961907
Y.MOV,41,Y,True,W,0.8126869201660156,False,W,False,False,False,True,14.007619000039996,0.0084359999164007,0.8813340000415337,188.93729399997028,0.0193840000974887,203.8540670000657
Y.MOV,42,Y,True,W,0.8421410918235779,False,W,False,False,False,True,14.072203000011996,0.0098709997473633,0.9632780001993524,189.42816200024023,0.0219250000554893,204.4954390002545
Y.MOV,43,Y,True,W,0.7584952116012573,False,W,False,False,False,True,14.399906999983614,0.0076020000960852,0.9223179999935384,191.5429309997308,0.0211389997275546,206.8938969995316
Y.MOV,44,Y,True,W,0.6098352074623108,False,W,False,False,False,True,14.243265000004612,0.0095099999271042,0.9455990002606997,192.1538260003217,0.0193370001397852,207.37153700065392
Y.MOV,45,Y,True,Y,0.7120870351791382,True,Y,True,False,False,False,14.040800999964633,0.008709999747225,0.8949289999691246,191.0470070001793,0.0177480001184449,206.00919499997872
Y.MOV,46,Y,True,Y,0.7026367783546448,True,Y,True,False,False,False,14.062163999994937,0.0061470000218832,0.6051820000720909,190.9914719999506,0.0190199998542084,205.6839849998937
Y.MOV,47,Y,True,W,0.587599515914917,False,W,False,False,False,True,14.087198000027,0.0062010003603063,0.9376090001751436,190.43942200005404,0.0204170000870362,205.49084700070352
Y.MOV,48,Y,True,Y,0.5344951152801514,True,Y,True,False,False,False,13.956733999975768,0.0070679998316336,0.8926659997996467,191.639330000271,0.0207860002774395,206.5165840001555
Y.MOV,49,Y,True,Y,0.657294750213623,True,Y,True,False,False,False,13.99309800001447,0.0063309998949989,0.937331999921298,191.17798200022665,0.0195060001715319,206.1342490002289
Y.MOV,50,Y,True,Y,0.6433521509170532,True,Y,True,False,False,False,13.90116400000352,0.0062350000007427,0.9255659997506882,190.1076270000885,0.0185589997272472,204.9591509995708
Y.MOV,51,Y,True,Y,0.7701826691627502,True,Y,True,False,False,False,13.909601999955612,0.0062200001593737,1.239861000158271,190.34703500028627,0.0193399996533116,205.52205800021284
Y.MOV,52,Y,True,Y,0.8545339107513428,True,Y,True,False,False,False,13.989287000015338,0.0068790000113949,0.8748289997129177,189.27086000030613,0.0177580000126909,204.15961300005847
Y.MOV,53,Y,True,Y,0.7400665879249573,True,Y,True,False,False,False,14.00905899998861,0.0071019999268173,0.95783400001892,187.38432300006025,0.0165249998644867,202.37484299985908
Y.MOV,54,Y,True,Y,0.8701154589653015,True,Y,True,False,False,False,14.400856999998268,0.0059899998632317,0.8602600000813254,188.9204870003596,0.0169260001712245,204.2045200004736
Y.MOV,55,Y,True,Y,0.8992767333984375,True,Y,True,False,False,False,14.189874999999574,0.0061149999055487,0.9177619999718444,190.1980909997292,0.0168649999068293,205.32870799951297
Y.MOV,56,Y,True,Y,0.896051287651062,True,Y,True,False,False,False,13.925066000012976,0.0068969998210377,0.8812210003270593,193.0703180000819,0.0190089999705378,207.9025110002135
Y.MOV,57,Y,True,Y,0.7871308922767639,True,Y,True,False,False,False,13.916824000034469,0.0062519998209609,0.8605029997852398,190.08283599987408,0.0187800001185678,204.8851949996333
Y.MOV,58,Y,True,Y,0.7297108173370361,True,Y,True,False,False,False,14.359033999994608,0.0066599995989236,0.8477659998789022,188.9971690002312,0.019020999843633,204.2296499995473
Y.MOV,59,Y,True,Y,0.4941703081130981,True,Y,True,False,False,False,13.977885000031163,0.0064600003497616,0.8699989998603996,193.60360299970125,0.0173769999491923,208.47532399989177
Y.MOV,60,Y,True,Y,0.3901574313640594,True,Y,True,False,False,False,14.160272000026453,0.0067659998421731,0.9113870000874158,198.70445100013967,0.0189099996532604,213.80178599974897
Y.MOV,61,Y,True,Y,0.425150990486145,True,Y,True,False,False,False,14.280278999990514,0.0067880000642617,0.8931060001486912,191.6684759999044,0.0180609999915759,206.86671000009937
Y.MOV,62,Y,True,Y,0.3702141940593719,True,Y,True,False,False,False,14.019197999971311,0.0068370000008144,0.8829250000417233,189.58771899997373,0.0189100001080078,204.5155890000956
Y.MOV,63,Y,True,W,0.44261035323143,False,W,False,False,False,True,14.089640000008783,0.006842999937362,0.8604289996583248,190.47665699963545,0.0200520003090787,205.453620999549
Y.MOV,64,Y,True,W,0.5708736181259155,False,W,False,False,False,True,15.528215000017552,0.0070139999479579,0.8575310002925107,193.8653850002084,0.0196080000023357,210.2777530004687
Y.MOV,65,Y,True,W,0.5520404577255249,False,W,False,False,False,True,16.444862000014382,0.0069079997047083,0.9280999997827166,193.86232599981668,0.0196900000446476,211.2618859993632
Y.MOV,66,Y,True,W,0.7194778919219971,False,W,False,False,False,True,13.956406000033894,0.0066790003074856,0.871133999680751,213.2401510002637,0.0185479998435766,228.09291800012943
Y.MOV,67,Y,True,W,0.8077738881111145,False,W,False,False,False,True,14.04234799997539,0.007644999641343,0.857956000345439,189.2252550001104,0.0174629999492026,204.1506670000217
Y.MOV,68,Y,True,W,0.6011741161346436,False,W,False,False,False,True,14.316371999996136,0.0063160000536299,0.9166219997496228,191.38352400022995,0.0175879999915196,206.6404220000209
Y.MOV,69,Y,True,W,0.7136287689208984,False,W,False,False,False,True,14.285373000006985,0.007381000159512,0.9375250001539824,192.41841599978216,0.0189129996215342,207.66760799972417
Y.MOV,70,Y,True,W,0.74198979139328,False,W,False,False,False,True,14.279471000008924,0.0060370002756826,0.8728200000405195,191.3985969999885,0.0366039998880296,206.59352900020167
Y.MOV,71,Y,True,W,0.7533754110336304,False,W,False,False,False,True,13.978244000043103,0.0066509996941022,0.8761570002207009,196.34622400008084,0.0170769999385811,211.22435299997733
Y.MOV,72,Y,True,W,0.6450027823448181,False,W,False,False,False,True,13.886769000009735,0.0069149996306805,0.8638129997962096,190.293555000153,0.0170379998962744,205.0680899994859
Y.MOV,73,Y,True,W,0.5822895765304565,False,W,False,False,False,True,14.041958000007073,0.0063550000959367,0.8881909998308402,194.7621720000825,0.0168430001394881,209.71551900015584
Y.MOV,74,Y,True,W,0.5292932391166687,False,W,False,False,False,True,14.11004299995966,0.00628499992672,0.8587790002820839,193.05894099989013,0.0174469996636617,208.0514949997223
Y.MOV,75,Y,True,M,0.4346083998680115,False,M,False,False,False,True,13.988861000029829,0.0065399999584769,0.845906999984436,188.87915400000568,0.0199250002879125,203.7403870002663
Y.MOV,76,Y,True,M,0.42625293135643,False,M,False,False,False,True,13.796796999997696,0.0061700002333964,0.8713980000720767,186.6034739996394,0.0189289999070751,201.29676799984964
Y.MOV,77,Y,True,M,0.4406108856201172,False,M,False,False,False,True,14.13371600000346,0.006508999831567,0.95757400004004,193.58986299994285,0.0190040000234148,208.7066659998413
Y.MOV,78,Y,True,W,0.6652216911315918,False,W,False,False,False,True,14.08694799999921,0.0063949996729206,0.8852060000208439,192.08199200011225,0.0212939999073569,207.08183499971256
Y.MOV,79,Y,True,W,0.5863869786262512,False,W,False,False,False,True,13.887391000025673,0.0065200001699849,0.8887489998414821,191.8099159997837,0.0198480001927237,206.6124240000136
Y.MOV,80,Y,True,W,0.7578978538513184,False,W,False,False,False,True,14.208859999996548,0.0067989999479323,0.8728360003260605,187.33403999976872,0.0191280000763072,202.4416630001156
Y.MOV,81,Y,True,W,0.7377621531486511,False,W,False,False,False,True,14.3340259999718,0.0057350002862222,0.8765339998717536,190.1930940002785,0.0177099996108154,205.4270990000191
Y.MOV,82,Y,True,W,0.6480910778045654,False,W,False,False,False,True,14.165626000021804,0.0060649999795714,0.8700579996911983,187.8966569997829,0.016800000139483,202.9552059996149
Y.MOV,83,Y,True,W,0.7185088396072388,False,W,False,False,False,True,14.072252000005392,0.0060600000324484,0.86982499988153,187.98697800002628,0.0175400000443914,202.95265499999005
Y.MOV,84,Y,True,Y,0.5702642202377319,True,Y,True,False,False,False,14.051999999992404,0.0069259999690984,0.9131709998655424,194.8924779999288,0.017766000382835,209.8823410001387
Y.MOV,85,Y,True,Y,0.8090155720710754,True,Y,True,False,False,False,14.019643999972686,0.0069600000642822,0.8865650002007897,190.5143619997034,0.0191500002983957,205.44668100023955
Y.MOV,86,Y,True,Y,0.6706772446632385,True,Y,True,False,False,False,14.056298000014069,0.0059829999372595,0.8877140003278328,187.7922989997387,0.0187020000339543,202.76099600005185
Y.MOV,87,Y,True,Y,0.5998191833496094,True,Y,True,False,False,False,13.944664999996805,0.007939000170154,0.9229729998878612,189.1753400000198,0.0174130000232253,204.06833000009783
Y.MOV,88,Y,True,Y,0.7469366788864136,True,Y,True,False,False,False,13.961279999989529,0.0082120000115537,0.9822070001064276,192.45489499962787,0.0206820000130392,207.4272759997484
Y.MOV,89,Y,True,Y,0.8243688941001892,True,Y,True,False,False,False,14.130323999950178,0.0065799999902083,0.894562999746995,197.64495600020385,0.0191769995581125,212.6955999994493
Y.MOV,90,Y,True,Y,0.3421741425991058,True,Y,True,False,False,False,14.093454000033034,0.0093159997049951,0.922450999951252,197.05110099994272,0.0196399996639229,212.09596199929592
Y.MOV,91,Y,True,Y,0.4333230257034302,True,Y,True,False,False,False,14.055121000012605,0.0068819999796687,1.0268790001646266,198.6086750002869,0.020434999896679,213.71799200034047
Y.MOV,92,Y,True,Y,0.7979545593261719,True,Y,True,False,False,False,14.357288999974571,0.0065099998209916,0.97890400002143,193.87984100012545,0.0197419999494741,209.24228599989192
Y.MOV,93,Y,True,Y,0.6319658160209656,True,Y,True,False,False,False,14.234563000002254,0.0069960001383151,0.905835000139632,189.75732500030065,0.0169759996424545,204.92169500022328
Y.MOV,94,Y,True,Y,0.6833929419517517,True,Y,True,False,False,False,14.015067000002546,0.0070890000642975,0.9349140000267652,189.71902999965096,0.0179749999915657,204.69407499973613
Y.MOV,95,Y,True,Y,0.5129285454750061,True,Y,True,False,False,False,14.043179999987387,0.0067910000325355,0.9197639997182704,197.3535309998624,0.0172270001712604,212.34049299977187
Y.MOV,96,Y,True,Y,0.7534511089324951,True,Y,True,False,False,False,14.4828050000001,0.0119399996947322,0.9209220002048824,196.90847499987285,0.0189980000868672,212.34313999985943
Y.MOV,97,Y,True,W,0.4890395104885101,False,W,False,False,False,True,14.21993899998597,0.006191000011313,0.8840909999889845,188.39718799972616,0.0189700003829784,203.5263790000954
Y.MOV,98,Y,True,W,0.4854257702827453,False,W,False,False,False,True,14.104689000021152,0.006159999884403,0.8790500000941392,188.31239300016023,0.0171140000020386,203.319406000162
Y.MOV,99,Y,True,W,0.4534359276294708,False,W,False,False,False,True,14.273498000022755,0.0065770000219345,0.8781149999776972,192.98154300031456,0.0190799996744317,208.15881300001132
Y.MOV,100,Y,True,W,0.595089852809906,False,W,False,False,False,True,14.046199000006254,0.0077649997365369,0.8479409998471965,199.95047099973817,0.019857000097545,214.8722329994257
Y.MOV,101,Y,True,W,0.8041735291481018,False,W,False,False,False,True,14.22136300004695,0.0131010001496179,0.8744589999878372,194.1030590000992,0.0183659999493102,209.23034800023288
Y.MOV,102,Y,True,W,0.8562219738960266,False,W,False,False,False,True,14.155386000027192,0.0072309999268327,0.8616079999228532,193.60921399993452,0.0177070000972889,208.65114599990875
Y.MOV,103,Y,True,W,0.8442942500114441,False,W,False,False,False,True,14.214046999995844,0.0060399997892091,0.8727099998395715,190.356666000298,0.0170480002452677,205.46651100016788
Y.MOV,104,Y,True,W,0.8246782422065735,False,W,False,False,False,True,14.219424999964758,0.0062350000007427,0.862685999891255,194.12394000028144,0.017098000171245,209.22938400030944
Y.MOV,105,Y,True,W,0.6913480758666992,False,W,False,False,False,True,14.046758999995744,0.0068669996835524,0.9238719999302702,186.49771799982773,0.0201350003408151,201.4953509997781
Y.MOV,106,Y,True,W,0.3849199414253235,False,W,False,False,False,True,13.847338999994465,0.0063219999901775,0.8515959998476319,196.3457669999116,0.0215069999285333,211.0725309996724
Y.MOV,107,Y,True,W,0.3100427687168121,False,W,False,False,False,True,14.250666999998884,0.0060730003497155,0.8615579999968759,212.7179839999372,0.020884000150545,227.85716600043315
Y.MOV,108,Y,True,B,0.2890149354934692,False,B,False,False,False,True,14.17974499997854,0.0065360000007785,0.8761439999034337,189.21812500002488,0.0194330000340414,204.29998299994168
Y.MOV,109,Y,True,B,0.3084933161735534,False,B,False,False,False,True,14.063684000007015,0.0060400002439564,0.8698980000190204,186.7935469999793,0.0372819999938656,201.7704510002432
Y.MOV,110,Y,True,B,0.2544921934604645,False,B,False,False,False,True,13.978909000002204,0.0071270001171797,0.878071999977692,189.03590299987627,0.0194910003301629,203.9195020003035
Y.MOV,111,Y,True,W,0.4582894444465637,False,W,False,False,False,True,14.026064999995924,0.0067619998844747,0.8776200002102996,186.72112900003413,0.0194409999494382,201.65101700007423
Y.MOV,112,Y,True,W,0.5696837306022644,False,W,False,False,False,True,13.923035000004802,0.0068909998844901,0.9014639999804784,193.96008600006093,0.0190430000657215,208.81051899999648
Y.MOV,113,Y,True,W,0.7664141058921814,False,W,False,False,False,True,14.06957799997599,0.0070360001700464,0.8962659999269817,190.3613019999284,0.019099999917671,205.3532819999191
Y.MOV,114,Y,True,W,0.7010289430618286,False,W,False,False,False,True,13.966534000019236,0.0061079999795765,0.8939180002016656,195.5528939997748,0.0199439996322325,210.4393979996076
Y.MOV,115,Y,True,W,0.8243222832679749,False,W,False,False,False,True,14.188810999996804,0.0074399999903107,0.8927950002544094,193.89888099976807,0.0190910000128496,209.00701800002253
Y.MOV,116,Y,True,W,0.7625052332878113,False,W,False,False,False,True,13.916772000015952,0.0073060000431723,0.9783230002540222,193.9727760000096,0.0185170001714141,208.89369400049412
Y.MOV,117,Y,True,Y,0.4750956892967224,True,Y,True,False,False,False,14.032269000040287,0.0069650000114052,0.8822849999887694,192.02134400029536,0.0189930001397442,206.9618560004756
Y.MOV,118,Y,True,W,0.4636174440383911,False,W,False,False,False,True,14.154130000008536,0.0069510001594608,0.8991380000225035,194.87843100023383,0.0198709999494894,209.95852100037385
Y.MOV,119,Y,True,W,0.5158542394638062,False,W,False,False,False,True,14.004906999957711,0.0074060003498743,0.9511899997960428,188.2567239999844,0.0176640000972838,203.2378910001853
Y.MOV,120,Y,True,Y,0.4907884895801544,True,Y,True,False,False,False,13.922044999958416,0.006070999916119,0.9364380002807592,195.4340140000568,0.017038999885699,210.31560700009777
Y.MOV,121,Y,True,Y,0.477308452129364,True,Y,True,False,False,False,14.381828000011865,0.0068419999479374,0.8710860001883702,188.34544499986805,0.0172889999703329,203.62248999998656
Y.MOV,122,Y,True,Y,0.7021387219429016,True,Y,True,False,False,False,13.91097099997296,0.0077450004027923,0.9671840002738464,191.40906099983115,0.0174140000126499,206.31237500049332
Y.MOV,123,Y,True,Y,0.7763295769691467,True,Y,True,False,False,False,14.10505399996964,0.0067549999585025,0.8818349997454789,191.2000870001976,0.017555999875185,206.2112869997464
Y.MOV,124,Y,True,Y,0.7957163453102112,True,Y,True,False,False,False,14.065389000052164,0.0070139999479579,0.8854360003169859,197.1040550001817,0.0169220002135261,212.07881600071232
Y.MOV,125,Y,True,Y,0.8000913858413696,True,Y,True,False,False,False,14.08361800002922,0.0083400000221445,0.6432259997382062,194.51783299973613,0.0187380001079873,209.27175499963369
Y.MOV,126,Y,True,Y,0.7905195951461792,True,Y,True,False,False,False,13.987080999982028,0.0066480001805757,0.9754739999152662,195.1224949998505,0.0168290002875437,210.10852700021587
Y.MOV,127,Y,True,Y,0.7661710977554321,True,Y,True,False,False,False,14.082903999963037,0.0072849998105084,0.8950569999797153,191.2884899998062,0.0190440000551461,206.2927799996146
Y.MOV,128,Y,True,Y,0.6839063167572021,True,Y,True,False,False,False,14.075291000040124,0.0062730000536248,0.9145750000243424,192.0656550000785,0.0191190001714858,207.08091300036813
Y.MOV,129,Y,True,Y,0.6065537929534912,True,Y,True,False,False,False,14.123152999957256,0.0066349998633086,0.8896370000002207,189.06403399978444,0.0170280000020284,204.10048699960728
Y.MOV,130,Y,True,Y,0.5486613512039185,True,Y,True,False,False,False,14.094933000023955,0.0058689997786132,0.8597020000706834,187.36760000001595,0.0166760000865906,202.3447799999758
Y.MOV,131,Y,True,Y,0.5191220641136169,True,Y,True,False,False,False,14.13211199997022,0.0058899995565298,0.9054140000444022,195.3566770002908,0.0173919997905613,210.4174849996525
Y.MOV,132,Y,True,W,0.4435956180095672,False,W,False,False,False,True,14.217949999988376,0.0076220003393245,0.939076999657118,210.6176339998456,0.01788999998098,225.80017299981137
Y.MOV,133,Y,True,W,0.4822642207145691,False,W,False,False,False,True,13.9652510000019,0.0068939998527639,0.8891619995665678,196.4449920001244,0.0182710000444785,211.32456999959004
Y.MOV,134,Y,True,W,0.439528077840805,False,W,False,False,False,True,14.007206999963271,0.0067199998738942,0.8867110000210232,193.04236800007857,0.0178289997165848,207.9608349996533
Y.MOV,135,Y,True,W,0.512367308139801,False,W,False,False,False,True,14.004964999969616,0.0060279999161139,0.8577819999118219,194.47588100001667,0.024650000341353,209.3693060001556
Y.MOV,136,Y,True,W,0.3829169273376465,False,W,False,False,False,True,13.915078000025003,0.0082430001384636,0.9613619999981892,194.387782999911,0.022736000119039,209.2952020001917
Y.MOV,137,Y,True,W,0.4162130653858185,False,W,False,False,False,True,14.074569999991128,0.0081120001595991,0.9230489999936252,197.47019300029933,0.0196320002032734,212.49555600064696
Y.MOV,138,Y,True,W,0.6111465692520142,False,W,False,False,False,True,14.025249000042097,0.0068760000431211,0.8702800000719435,193.932032000248,0.0384640002266678,208.87290100063183
Y.MOV,139,Y,True,W,0.6970898509025574,False,W,False,False,False,True,14.190336000012849,0.0067940000008093,0.9135939999396214,193.34984300030555,0.0190819996532809,208.4796489999121
Y.MOV,140,Y,True,W,0.6812376379966736,False,W,False,False,False,True,13.916627000014614,0.0088839997260947,0.8928219999688736,196.58279500026765,0.0210030002563144,211.42213100023355
Y.MOV,141,Y,True,W,0.6736074686050415,False,W,False,False,False,True,14.027528999974948,0.0064330001805501,0.8991599997898447,192.27130400031456,0.0205850001293583,207.2250110003893
Y.MOV,142,Y,True,W,0.5833795666694641,False,W,False,False,False,True,13.967709999974431,0.0073169999268429,0.9232480001628574,192.6911250002377,0.0204480002139462,207.6098480005157
Y.MOV,143,Y,True,W,0.5074925422668457,False,W,False,False,False,True,13.97731500003374,0.0066799998421629,1.0206960000687104,195.0197319997642,0.0203019999389653,210.04472499964777
Y.MOV,144,Y,True,W,0.363698661327362,False,W,False,False,False,True,13.863603000004332,0.008033000085561,1.016326999888406,193.3028160001413,0.0196010000763635,208.210380000196
Y.MOV,145,Y,True,W,0.516114354133606,False,W,False,False,False,True,13.938253999981498,0.0084830003288516,0.9749360001478636,195.570176000274,0.0207749999390216,210.5126240006712
Y.MOV,146,Y,True,W,0.6765295267105103,False,W,False,False,False,True,13.96607000003769,0.0061850000747654,0.8600070000284177,190.81546699999308,0.0192340003195568,205.6669630004535
Y.MOV,147,Y,True,W,0.825408935546875,False,W,False,False,False,True,14.217341999994916,0.0058310001804784,0.8675130002302467,207.96308699982544,0.0251540000135719,223.07892700024468
Y.MOV,148,Y,True,W,0.8634786605834961,False,W,False,False,False,True,14.00377500004879,0.0067699997998715,0.9728079999149486,216.33221699994465,0.0183700003617559,231.33394000007
Y.MOV,149,Y,True,W,0.7941545844078064,False,W,False,False,False,True,14.059051999993244,0.0054250003813649,0.8719820002625056,193.7964639996608,0.0174450001395598,208.75036800043745
Y.MOV,150,Y,True,W,0.6902458071708679,False,W,False,False,False,True,13.960938999957762,0.0065610001911409,0.9139129997493,195.18899900003817,0.0184179998541367,210.0888299997905
Z.MOV,0,Z,True,delete,0.2473142296075821,False,delete,False,False,False,True,14.297970000029636,0.0098810000963567,0.9732880002957244,193.35666799997853,0.0205339997592091,208.65834100015945
Z.MOV,1,Z,True,delete,0.2974416315555572,False,delete,False,False,False,True,14.085133000037333,0.0087939997683861,0.9202989999721468,205.066608999914,0.0212009999813744,220.1020359996733
Z.MOV,2,Z,True,delete,0.2019524872303009,False,delete,False,False,False,True,14.152831999979298,0.0106649999906949,1.021423000111099,211.1397979997492,0.0195079996956337,226.34422599952583
Z.MOV,3,Z,True,B,0.2461024820804596,False,B,False,False,False,True,14.136410999981308,0.0082810001913458,0.9331679998467736,194.41082599996665,0.0205850001293583,209.5092710001154
Z.MOV,4,Z,True,R,0.1963973194360733,False,R,False,False,False,True,13.998756999967554,0.0072220000220113,0.9011809997900856,196.33615500015367,0.0211939996006549,211.264508999534
Z.MOV,5,Z,True,R,0.3138960003852844,False,R,False,False,False,True,13.967325999999504,0.0077380000220728,0.9539330003462964,193.40043000011065,0.0174580000020796,208.3468850004806
Z.MOV,6,Z,True,delete,0.274949163198471,False,delete,False,False,False,True,14.05024199999616,0.0092300001597322,0.9272560000681552,194.6091529998739,0.0185070002771681,209.6143880003752
Z.MOV,7,Z,True,R,0.2594221234321594,False,R,False,False,False,True,14.313796999999797,0.0086129998635442,0.9216510002261202,193.48572499984584,0.0189349998436227,208.74872099977893
Z.MOV,8,Z,True,delete,0.4005996286869049,False,delete,False,False,False,True,14.05771000003142,0.0077830000009271,0.9279540004172304,197.17076400002043,0.020446000235097,212.1846570007051
Z.MOV,9,Z,True,B,0.2842648029327392,False,B,False,False,False,True,13.981403999991926,0.0073520000114513,0.9639039999456144,193.4232130001874,0.0192309998965356,208.3951040000329
Z.MOV,10,Z,True,delete,0.3032103180885315,False,delete,False,False,False,True,14.021662999994078,0.0085739998212375,0.9568209998178644,194.66912400002911,0.019111000256089,209.6752929999184
Z.MOV,11,Z,True,B,0.2465559840202331,False,B,False,False,False,True,14.010368000015204,0.0087089997578004,0.8952230000431882,189.97082800024145,0.0218199998016643,204.9069479998593
Z.MOV,12,Z,True,delete,0.2431566268205642,False,delete,False,False,False,True,14.063098999997692,0.007177000043157,0.9084419998544035,189.24508100008097,0.0345210000887163,204.2583200000649
Z.MOV,13,Z,True,R,0.2222499400377273,False,R,False,False,False,True,14.022393999994163,0.0078230000326584,0.931674000185012,190.73253499982457,0.019996999981231,205.71442300001763
Z.MOV,14,Z,True,delete,0.3599534928798675,False,delete,False,False,False,True,13.918579000005591,0.0084690000221598,0.9327789998678782,192.17561400000704,0.0193399996533116,207.054780999556
Z.MOV,15,Z,True,delete,0.3914481997489929,False,delete,False,False,False,True,13.983604000031846,0.0077979998422961,0.9602699997230956,193.55326899994907,0.0214609999602544,208.52640199950656
Z.MOV,16,Z,True,delete,0.2183629870414734,False,delete,False,False,False,True,14.119286999971337,0.0077230001807038,0.931083000068611,192.7202560000296,0.0266100000771984,207.80495900032747
Z.MOV,17,Z,True,delete,0.3691335916519165,False,delete,False,False,False,True,14.28108400000383,0.00994099991658,0.9459089997108094,191.23939200017048,0.0194960002772859,206.495822000079
Z.MOV,18,Z,True,delete,0.4252833127975464,False,delete,False,False,False,True,13.909723999972812,0.0076830001489724,0.9217409997290816,190.36758900028872,0.0195570000869338,205.2262940002265
Z.MOV,19,Z,True,delete,0.3995726704597473,False,delete,False,False,False,True,13.97869400000218,0.0075620000643539,0.9618929998396196,192.43021900001625,0.0192970001080539,207.39766500003043
Z.MOV,20,Z,True,R,0.2536961138248443,False,R,False,False,False,True,14.077291999967656,0.0071599997681914,0.948074000007182,194.876092999948,0.0210410003091965,209.92966000000024
Z.MOV,21,Z,True,R,0.2589190304279327,False,R,False,False,False,True,14.107139999964602,0.0083259997154527,0.968578000083653,196.69974699991144,0.0200320000658393,211.803822999741
Z.MOV,22,Z,True,Z,0.2168073654174804,True,Z,True,False,False,False,14.035300000045936,0.0085850001596554,0.9374340002068492,192.3939429998427,0.0209069999073108,207.39616900016244
Z.MOV,23,Z,True,B,0.2088644951581955,False,B,False,False,False,True,14.332351000007291,0.0084299999798531,0.8957679997365631,195.5765119996613,0.0225960002353531,210.8356569996204
Z.MOV,24,Z,True,R,0.2109539061784744,False,R,False,False,False,True,13.945209000041814,0.0088589999904797,0.9020239999699696,195.69798700013047,0.0195779998648504,210.57365699999764
Z.MOV,25,Z,True,R,0.2345530539751052,False,R,False,False,False,True,14.051379000022736,0.0078779999057587,0.8896630001800077,191.3902109999981,0.0203949998649477,206.3595259999716
Z.MOV,26,Z,True,delete,0.2648085057735443,False,delete,False,False,False,True,13.928131999989546,0.0075539996942097,0.972617999650538,191.0074400002486,0.0197740000658086,205.9355179996487
Z.MOV,27,Z,True,delete,0.2239882200956344,False,delete,False,False,False,True,13.901419000035276,0.0094319998424907,0.9171120000246448,192.1943910001573,0.019857000097545,207.0422110001573
Z.MOV,28,Z,True,U,0.2169839888811111,False,U,False,False,False,True,14.28979199999958,0.0076850001278216,0.8863859998200496,190.81839999989825,0.0210180000976833,206.02328099994332
Z.MOV,29,Z,True,U,0.2072926610708236,False,U,False,False,False,True,14.193731000034404,0.0068780000219703,0.8829599996715842,192.937210999844,0.019917999907193,208.0406979994791
Z.MOV,30,Z,True,N,0.2703671455383301,False,N,False,False,False,True,14.201184999990346,0.0080340000749856,0.903892999758682,189.5479219997469,0.0203980002879688,204.6814319998589
Z.MOV,31,Z,True,N,0.306718647480011,False,N,False,False,False,True,14.024757000015596,0.008526999863534,1.0595839999041343,201.09305400001176,0.0172840000232099,216.20320599981824
Z.MOV,32,Z,True,N,0.4433328807353973,False,N,False,False,False,True,14.267293999978392,0.0070169999162317,0.9068270001080236,217.247825999948,0.02090899988616,232.4498729998368
Z.MOV,33,Z,True,N,0.3412278592586517,False,N,False,False,False,True,14.577389000010044,0.0087890002760104,0.892378000116878,197.67565199981613,0.0218579998545465,213.1760660000737
Z.MOV,34,Z,True,X,0.2543682754039764,False,X,False,False,False,True,14.15992400001187,0.0079569999797968,0.882399999682093,193.344586999956,0.019677999716805,208.4145459993465
Z.MOV,35,Z,True,U,0.2217360436916351,False,U,False,False,False,True,14.111849000016718,0.007914000434539,0.9230149998984416,195.19603499975344,0.0313519999508571,210.270165000054
Z.MOV,36,Z,True,U,0.2514418363571167,False,U,False,False,False,True,14.265494000028411,0.0103000002127373,0.9242159999303112,195.14291700033937,0.019564000012906,210.36249100052373
Z.MOV,37,Z,True,X,0.1950061470270156,False,X,False,False,False,True,14.321752000000744,0.008247000096162,0.9382380003444268,196.4096980000249,0.0199910000446834,211.69792600051096
Z.MOV,38,Z,True,R,0.1968525350093841,False,R,False,False,False,True,14.053080999985925,0.0092139998741913,0.9030890000758518,194.29720700009057,0.0210640000659623,209.2836550000925
Z.MOV,39,Z,True,delete,0.2582594454288482,False,delete,False,False,False,True,14.121164000016506,0.0095489999694109,0.9036470000864938,196.2420330000896,0.0197859999389038,211.2961790001009
Z.MOV,40,Z,True,R,0.2042683213949203,False,R,False,False,False,True,14.43160599995963,0.0079629999163444,0.9045270003298356,191.50685700014947,0.0360539997927844,206.8870070001481
Z.MOV,41,Z,True,U,0.2519072890281677,False,U,False,False,False,True,14.03469799998902,0.0131050001073163,0.8744910001041717,196.56214199994795,0.0211560000025201,211.50559200015093
Z.MOV,42,Z,True,U,0.2416172623634338,False,U,False,False,False,True,15.468663999968156,0.0085090000538912,0.9152070001618996,197.86212199960573,0.0197280000975297,214.2742299998872
Z.MOV,43,Z,True,U,0.2380975186824798,False,U,False,False,False,True,14.259691999995994,0.0086129998635442,0.917070000014064,195.519695999792,0.0203519998649426,210.72542299953056
Z.MOV,44,Z,True,R,0.2246148735284805,False,R,False,False,False,True,14.17699299997821,0.0085000001490698,1.0259630003019993,191.46331399997507,0.0206359995900129,206.6954059999944
Z.MOV,45,Z,True,R,0.2751228511333465,False,R,False,False,False,True,13.877164999996694,0.0067500000113795,0.8696380000401405,189.1772560002209,0.0191740000445861,203.9499830003137
Z.MOV,46,Z,True,B,0.2903431951999664,False,B,False,False,False,True,18.49650399998381,0.0079449996519542,0.9544930003357875,188.2424039999933,0.018597999769554,207.7199439997344
Z.MOV,47,Z,True,R,0.2965356707572937,False,R,False,False,False,True,14.756610000006276,0.008168000022124,0.8849169998939033,188.4251859996766,0.0188220001291483,204.09370299972807
Z.MOV,48,Z,True,R,0.3630021214485168,False,R,False,False,False,True,14.415416000019832,0.0064440000642207,0.9029719999489316,193.24244800009183,0.035695999940799,208.6029760000656
Z.MOV,49,Z,True,R,0.3477758169174194,False,R,False,False,False,True,14.012428999990334,0.0077170002441562,0.9176220000881584,192.1490230001837,0.0188180001714499,207.10560900067776
Z.MOV,50,Z,True,R,0.2736008167266845,False,R,False,False,False,True,14.204074000019771,0.0251940000453032,0.9423280002920364,191.6379989997949,0.0196580003830604,206.82925300053512
Z.MOV,51,Z,True,B,0.2564004361629486,False,B,False,False,False,True,13.924649999978556,0.0089509999270376,0.9440509998057678,194.53103100022412,0.0189759998647787,209.42765899980031
Z.MOV,52,Z,True,R,0.3843327462673187,False,R,False,False,False,True,14.31079700000737,0.0070579999373876,0.9275860002162516,196.45674100002,0.0184189998435613,211.7206010000245
Z.MOV,53,Z,True,R,0.4420107007026672,False,R,False,False,False,True,14.327138999988165,0.0071550002758158,0.90333499974804,193.70661500033748,0.0205429996640305,208.9647870000136
Z.MOV,54,Z,True,B,0.3561170697212219,False,B,False,False,False,True,14.152279999962047,0.0075000002652814,0.915874999918742,193.05657699987933,0.0182200001290766,208.15045200015447
Z.MOV,55,Z,True,B,0.3466180860996246,False,B,False,False,False,True,14.250357999969763,0.0079920000644051,1.0008609997385065,192.8873339998063,0.0203959998543723,208.1669409994333
Z.MOV,56,Z,True,B,0.3037578463554382,False,B,False,False,False,True,14.323933000014222,0.00705200000084,0.9384959998897102,198.8497259999349,0.0190920000022742,214.138298999842
Z.MOV,57,Z,True,B,0.2500137984752655,False,B,False,False,False,True,14.325890999998592,0.0144999999065476,1.0374139997111342,193.25696799978687,0.0216079997699125,208.65638099917305
Z.MOV,58,Z,True,B,0.3492381870746612,False,B,False,False,False,True,13.968648999991728,0.0071529998422192,0.6489870002042153,193.9906650000012,0.0215120003304036,208.6369660003697
Z.MOV,59,Z,True,B,0.397794246673584,False,B,False,False,False,True,14.264138999976694,0.0196370001503964,0.9116170003835578,192.91657100029624,0.0197160002244345,208.13168000103133
Z.MOV,60,Z,True,B,0.2959334254264831,False,B,False,False,False,True,13.991404000023522,0.0069669999902544,0.8950040000854642,197.19913999961136,0.0192719999176915,212.1117869996283
Z.MOV,61,Z,True,R,0.233865737915039,False,R,False,False,False,True,14.050968999981706,0.0081210000644205,0.898004999726254,190.0660779997452,0.0195759998860012,205.0427489994036
Z.MOV,62,Z,True,B,0.2966684103012085,False,B,False,False,False,True,13.95295200001101,0.007728999662504,0.9077039999283444,192.81626100018912,0.0192610000340209,207.703906999825
Z.MOV,63,Z,True,B,0.2131433486938476,False,B,False,False,False,True,14.052433000017572,0.0096429998848179,0.891053000032116,194.5938920002845,0.0202389996957208,209.5672599999148
Z.MOV,64,Z,True,B,0.2407109439373016,False,B,False,False,False,True,13.942246999988583,0.0088870001491159,0.9378300001117168,194.9152269999104,0.0202280002667976,209.8244190004266
Z.MOV,65,Z,True,B,0.2212532311677932,False,B,False,False,False,True,13.950575999956529,0.0083269997048773,0.890923000042676,194.7520000003351,0.0197679996745137,209.6215939997137
Z.MOV,66,Z,True,B,0.2067215889692306,False,B,False,False,False,True,13.946489000034036,0.0081800003499665,1.0022159999607538,197.5522630000341,0.0205739997909404,212.52972200016984
Z.MOV,67,Z,True,R,0.1907770037651062,False,R,False,False,False,True,13.94027899999628,0.0078969997048261,0.9236280002369311,189.3357600001764,0.0171570000020437,204.2247210001165
Z.MOV,68,Z,True,R,0.2738801836967468,False,R,False,False,False,True,14.208832999997869,0.0090769999587791,0.958168000124715,197.55440700009785,0.0182060002771322,212.74869100045635
Z.MOV,69,Z,True,B,0.2426063120365142,False,B,False,False,False,True,14.010666999979549,0.0095450000117125,0.9221489999617916,190.479342999879,0.0195190000340517,205.4412229998661
Z.MOV,70,Z,True,B,0.398179292678833,False,B,False,False,False,True,13.979962000007616,0.0076159999480296,0.9232139996129264,188.71577300024,0.0194529998225334,203.6460179996311
Z.MOV,71,Z,True,B,0.3878967463970184,False,B,False,False,False,True,13.934043000006112,0.0089019999904849,0.942327000302612,193.29516800007696,0.0355140000465326,208.2159540004227
Z.MOV,72,Z,True,R,0.5551789999008179,False,R,False,False,False,True,14.15670199997976,0.0086549998741247,0.9260110000468558,201.7519250002806,0.0310609998450672,216.8743540000264
Z.MOV,73,Z,True,R,0.4254614412784576,False,R,False,False,False,True,14.06726800001934,0.0080830000115383,0.6014059999870369,216.39263199995185,0.0171930000760767,231.08658200004584
Z.MOV,74,Z,True,B,0.3477497100830078,False,B,False,False,False,True,13.953383000000484,0.0064369996835011,0.8963860000221757,188.67722100003448,0.0164260000019567,203.5498529997426
Z.MOV,75,Z,True,B,0.2795469462871551,False,B,False,False,False,True,14.052785999979278,0.0067020000642514,0.8728500001780048,192.286299999978,0.017152999589598,207.23579099978903
Z.MOV,76,Z,True,B,0.3603669703006744,False,B,False,False,False,True,13.842375000024276,0.0075640000432031,0.9236139999302396,194.5008249999773,0.0164990001394471,209.2908770001145
Z.MOV,77,Z,True,B,0.3447491824626922,False,B,False,False,False,True,13.955941999995504,0.0085229999058356,0.9856470001068374,193.28021399996945,0.0194069998542545,208.24973299983185
Z.MOV,78,Z,True,B,0.3522118330001831,False,B,False,False,False,True,14.200527000014064,0.007927999831736,0.974627999767108,196.02236699984127,0.0181069999598548,211.2235569994141
Z.MOV,79,Z,True,B,0.4118705093860626,False,B,False,False,False,True,14.188879999949222,0.0097950000963464,1.0388390001025982,198.8243000000693,0.0356890000148268,214.0975030002324
Z.MOV,80,Z,True,B,0.342779278755188,False,B,False,False,False,True,13.97827599998891,0.0086270001702359,0.9356499999739754,193.3648660001381,0.0205950000236043,208.3080140002949
Z.MOV,81,Z,True,B,0.415087342262268,False,B,False,False,False,True,14.15157100001352,0.0082120000115537,0.9144740001829632,195.96356700003523,0.0190719997590349,211.05689600000235
Z.MOV,82,Z,True,B,0.5796644687652588,False,B,False,False,False,True,14.099864000002071,0.0073149999479937,0.930544999846461,192.58320100016127,0.0204240000130084,207.6413489999709
Z.MOV,83,Z,True,B,0.4497353136539459,False,B,False,False,False,True,14.126044999954956,0.0065589997575443,0.8996940000542963,191.2176690002525,0.0200559998120297,206.27002299983133
Z.MOV,84,Z,True,B,0.3575478196144104,False,B,False,False,False,True,14.471631999981582,0.0060769998526666,0.8667809997859877,191.8146389998583,0.0191700000868877,207.1782989995654
Z.MOV,85,Z,True,B,0.3903257548809051,False,B,False,False,False,True,14.324722999958794,0.0091700003395089,1.0410419999971054,203.4843799997361,0.0196040000446373,218.87891900007617
Z.MOV,86,Z,True,R,0.4569615125656128,False,R,False,False,False,True,14.025295999999798,0.0080229997365677,0.8992240000225138,193.06941700006064,0.0195259999600239,208.0214859997796
Z.MOV,87,Z,True,B,0.3663162291049957,False,B,False,False,False,True,14.18546999997261,0.0071009999373927,0.916531999791914,193.91987399967547,0.0197660001504118,209.0487429995278
Z.MOV,88,Z,True,B,0.3660508692264557,False,B,False,False,False,True,14.326043999972171,0.0074249996941944,0.9951679999176122,191.64983000018765,0.0195630000234814,206.9980299997951
Z.MOV,89,Z,True,R,0.4018167555332184,False,R,False,False,False,True,14.24213900003224,0.0102479998531634,0.9064589999070448,189.71533900003124,0.0191559997801959,204.89334099960388
Z.MOV,90,Z,True,R,0.2319547683000564,False,R,False,False,False,True,14.768071999981204,0.0080769996202434,0.902150999991136,195.28833999993367,0.0219530002141254,210.9885929997404
Z.MOV,91,Z,True,B,0.2282247245311737,False,B,False,False,False,True,14.013708999982557,0.0080350000644102,0.8836400002110167,192.86498400015265,0.0209469999390421,207.79131500034964
Z.MOV,92,Z,True,Z,0.3178831934928894,True,Z,True,False,False,False,14.047043000005033,0.0089230002231488,0.878531000125804,196.08961499989164,0.0205720002668385,211.0446840005125
Z.MOV,93,Z,True,U,0.2444065362215042,False,U,False,False,False,True,14.076613999975509,0.0090480002654658,0.9058539999386994,197.39601700030107,0.0202840001293225,212.40781700061007
Z.MOV,94,Z,True,U,0.2635137438774109,False,U,False,False,False,True,14.01231700003791,0.0088599999799043,0.9260319998247724,196.04944600041563,0.0188089998118812,211.0154640000701
Z.MOV,95,Z,True,U,0.3328219652175903,False,U,False,False,False,True,13.991268999973272,0.0092440000116766,0.8946299999479379,194.2878949998885,0.0179870003194082,209.2010250001408
Z.MOV,96,Z,True,U,0.3406382501125335,False,U,False,False,False,True,14.22628599999598,0.0093969997578824,0.9058189998540912,192.24095699973984,0.0196719997802574,207.40213099912808
Z.MOV,97,Z,True,U,0.2705782353878021,False,U,False,False,False,True,13.953589999971427,0.0078610000855405,0.9952109999176172,200.4874469998868,0.0203130002773832,215.4644220001387
Z.MOV,98,Z,True,U,0.1987989842891693,False,U,False,False,False,True,14.111052999965068,0.0082870001278934,0.8768160000727221,203.24100200014072,0.0199780001821636,218.25713600048857
Z.MOV,99,Z,True,P,0.350789874792099,False,P,False,False,False,True,14.2163340000252,0.0073880000854842,0.9375280001222565,192.45540600013555,0.0193190003301424,207.63597500069864
Z.MOV,100,Z,True,P,0.3812854588031769,False,P,False,False,False,True,14.166532999979609,0.0071700001171848,0.8957079999163398,188.3681809999871,0.0203879999389755,203.4579799999392
Z.MOV,101,Z,True,P,0.3982314765453338,False,P,False,False,False,True,14.027392000002692,0.0067319997469894,0.8838730000206851,190.38500499982547,0.0195799998436996,205.3225819994396
Z.MOV,102,Z,True,P,0.2647266983985901,False,P,False,False,False,True,14.277360999983555,0.0068260001171438,0.8970330000011018,189.13870500000485,0.0197450003724952,204.3396700004792
Z.MOV,103,Z,True,B,0.3263100981712341,False,B,False,False,False,True,14.370512999960283,0.0059039998632215,0.8782139998402272,190.230186000008,0.0194239996744727,205.50424099934617
Z.MOV,104,Z,True,B,0.3733132183551788,False,B,False,False,False,True,14.398115999995298,0.0071849999585538,0.902886999938346,193.8930700002857,0.0257110000347893,209.22696900021265
Z.MOV,105,Z,True,B,0.5706226229667664,False,B,False,False,False,True,14.364559000000554,0.0068160002228978,0.9276499999941734,196.07414199981577,0.0200539998331805,211.39322099986657
Z.MOV,106,Z,True,B,0.4859057068824768,False,B,False,False,False,True,14.312887999949451,0.0076219998845772,0.9758349997355252,192.37941199980924,0.0201160000870004,207.6958729994658
Z.MOV,107,Z,True,B,0.4498759806156158,False,B,False,False,False,True,14.122068999995465,0.0081309999586665,0.9304319996772392,189.10955499995907,0.0180649999492743,204.1882519995397
Z.MOV,108,Z,True,B,0.3784800767898559,False,B,False,False,False,True,14.352176999977928,0.0093869998636364,0.8916630004023318,187.9174429996056,0.0190239998119068,203.18969399966136
Z.MOV,109,Z,True,B,0.464356780052185,False,B,False,False,False,True,14.198729999975512,0.0067350001700106,0.9072369998648356,197.55445800001328,0.0201620000552793,212.6873220000789
Z.MOV,110,Z,True,B,0.4789653122425079,False,B,False,False,False,True,14.08846800001129,0.0072289999479835,0.9321339998678012,197.91786500036324,0.0189010002031864,212.9645970003935
Z.MOV,111,Z,True,B,0.4755902886390686,False,B,False,False,False,True,14.109680999979446,0.0064350001593993,0.8803329997135734,192.03567200020188,0.0197579997802677,207.05187899983457
Z.MOV,112,Z,True,B,0.5423969626426697,False,B,False,False,False,True,14.332322999962344,0.0064920000113488,0.8645299999443523,188.88866899987988,0.0174599999809288,204.10947399977888
Z.MOV,113,Z,True,B,0.5481922030448914,False,B,False,False,False,True,14.32000599999128,0.0076810001701232,0.9062280000762256,200.85907499969835,0.0196339997273753,216.11262399966336
Z.MOV,114,Z,True,B,0.3818187117576599,False,B,False,False,False,True,14.1218009999875,0.0061159998949733,0.8433809998678043,217.51653699993767,0.0170020002769888,232.5048369999649
Z.MOV,115,Z,True,B,0.4555037319660187,False,B,False,False,False,True,13.991664000002402,0.0065230001382587,0.8780379998825083,191.24172900001213,0.0201309999283694,206.13808499996367
Z.MOV,116,Z,True,B,0.3296681940555572,False,B,False,False,False,True,13.880951000032836,0.006380000286299,0.9491830001024936,189.98878599995805,0.0195090001398057,204.8448090005195
Z.MOV,117,Z,True,B,0.3001766502857208,False,B,False,False,False,True,14.138205999984166,0.0064480000219191,0.8549049998691771,193.05297999972024,0.0190150003618327,208.07155399995736
Z.MOV,118,Z,True,P,0.226637527346611,False,P,False,False,False,True,14.175941000019066,0.0062110002545523,0.8428169999206148,189.5269239998925,0.02055000004475,204.57244300013144
Z.MOV,119,Z,True,P,0.2724019885063171,False,P,False,False,False,True,14.122580999980984,0.0075459997788129,0.8584410002185905,194.7220779998133,0.0197330000446527,209.7303789998364
Z.MOV,120,Z,True,P,0.2730061709880829,False,P,False,False,False,True,14.357671999960075,0.0070860000960237,0.8824189999359078,194.9026440001944,0.0186209999810671,210.1684420001675
Z.MOV,121,Z,True,Z,0.4893220961093902,True,Z,True,False,False,False,14.462239000010868,0.0068889999056409,0.8641519998491276,189.15594100008093,0.019763000182138,204.5089840000287
Z.MOV,122,Z,True,Z,0.401132583618164,True,Z,True,False,False,False,14.335884999979951,0.0071089998527895,0.8991590002551675,192.8013289998489,0.0188930002877896,208.06237500022465
Z.MOV,123,Z,True,Z,0.2433401346206665,True,Z,True,False,False,False,14.160128000014538,0.0061399996411637,0.8392989998355915,193.5476250000648,0.0192829998013621,208.57247499935733
Z.MOV,124,Z,True,delete,0.1906821429729461,False,delete,False,False,False,True,14.22332900000356,0.0068699996518262,0.8725550001145166,190.4491649997908,0.0161870002557407,205.56810599981645
Z.MOV,125,Z,True,Z,0.5886321067810059,True,Z,True,False,False,False,14.268944999969335,0.006633999873884,0.8996829997158784,187.58625600003143,0.0476170002912113,202.8091349998817
Z.MOV,126,Z,True,Z,0.5297805070877075,True,Z,True,False,False,False,14.198012000008475,0.0064630003180354,0.8982179997474304,209.36411200000293,0.017437000224163,224.48424200030104
Z.MOV,127,Z,True,Z,0.3669562935829162,True,Z,True,False,False,False,14.039057999980288,0.0065280000853817,0.8463539998047054,190.9486589997869,0.0169300001289229,205.85752899978613
Z.MOV,128,Z,True,U,0.226321667432785,False,U,False,False,False,True,13.940428000012162,0.0072429997999279,0.8704550000402378,191.65858299993488,0.0165020001077209,206.49321099989493
Z.MOV,129,Z,True,P,0.1915922909975052,False,P,False,False,False,True,14.095875000009528,0.0080410000009578,0.88694799978839,192.4124719998872,0.0191549997907714,207.42249099947685
Z.MOV,130,Z,True,P,0.3256819546222687,False,P,False,False,False,True,13.98457700003064,0.0065499998527229,0.8703100002094288,190.8372959996996,0.0250339999183779,205.7237669997108
Z.MOV,131,Z,True,B,0.1980296373367309,False,B,False,False,False,True,13.936705000048732,0.0065330000325047,0.8807300000626128,193.66228099988805,0.0192759998753899,208.5055249999073
Z.MOV,132,Z,True,B,0.2441616803407669,False,B,False,False,False,True,13.973844000020108,0.0065019999055948,0.8633420002297498,191.03984699995635,0.0168629999279801,205.9003980000398
Z.MOV,133,Z,True,B,0.4393741190433502,False,B,False,False,False,True,13.9736059999791,0.0068250001277192,0.898538000001281,189.07162499999689,0.01712299990686,203.96771700001185
Z.MOV,134,Z,True,B,0.551556408405304,False,B,False,False,False,True,13.913392000006295,0.0055689997680019,0.924166000004334,189.5085920000384,0.0166720001288922,204.36839099994583
Z.MOV,135,Z,True,B,0.5323643684387207,False,B,False,False,False,True,13.92013899999256,0.0069239999902492,0.8452930001112691,191.3288999999168,0.0208670003303268,206.1221230003412
Z.MOV,136,Z,True,B,0.4829060733318329,False,B,False,False,False,True,14.049457999988135,0.0065589997575443,0.8810770000309276,190.31354299977465,0.0202569999601109,205.27089399951137
Z.MOV,137,Z,True,B,0.4813433885574341,False,B,False,False,False,True,14.111075000016626,0.0069500001700362,0.9007690000544244,194.9920970000676,0.0199850001081358,210.0308760004168
Z.MOV,138,Z,True,B,0.455474704504013,False,B,False,False,False,True,14.845535000006294,0.0064320001911255,0.8873950000634068,194.034599999668,0.0204799998755333,209.79444199980435
Z.MOV,139,Z,True,B,0.4915426075458526,False,B,False,False,False,True,15.427267999996277,0.0084980001702206,0.8841039998515043,192.26348499978485,0.019539000277291,208.6028940000801
Z.MOV,140,Z,True,B,0.5626717805862427,False,B,False,False,False,True,14.043936000007308,0.0084240000433055,0.9400859999004753,194.9427940003261,0.0195769998754258,209.95481700015264
Z.MOV,141,Z,True,B,0.558963418006897,False,B,False,False,False,True,14.356663000000935,0.0521269998898787,0.8467239999845333,193.79952500003128,0.0175390000549668,209.0725779999616
Z.MOV,142,Z,True,B,0.5826047658920288,False,B,False,False,False,True,14.016534000006686,0.0083549998635135,0.9008909996737202,195.0835870002265,0.0185949998012802,210.0279619995717
Z.MOV,143,Z,True,B,0.4776529371738434,False,B,False,False,False,True,13.969124000027476,0.0149100001181068,0.8489930000905588,187.8062219998356,0.0177579995579435,202.65700699962963
Z.MOV,144,Z,True,B,0.2795081734657287,False,B,False,False,False,True,14.113881000014317,0.0069959996835677,0.8989110001493827,192.3166329997912,0.0172699997165182,207.35369099935497
Z.MOV,145,Z,True,P,0.2819156050682068,False,P,False,False,False,True,14.145828999971856,0.0068530002863553,0.9219610001309776,193.4703289998652,0.017341999864584,208.56231400011893
Z.MOV,146,Z,True,U,0.2149426043033599,False,U,False,False,False,True,14.198783999972877,0.0068959998316131,0.9580930000083754,194.5018940000409,0.0182450003194389,209.6839120001732
Z.MOV,147,Z,True,P,0.4216787815093994,False,P,False,False,False,True,14.037451000035617,0.0067289997787156,0.8735490000617574,192.73083999996743,0.0173060002452984,207.6658750000888
Z.MOV,148,Z,True,P,0.3715912699699402,False,P,False,False,False,True,13.923206000015398,0.0075360003393143,0.9053270000549674,207.0593519997601,0.0201990001187368,221.91562000028853
Z.MOV,149,Z,True,Z,0.4740025997161865,True,Z,True,False,False,False,14.108050000004368,0.0068470003498077,0.8547089996682189,194.6838429998934,0.0192640000022947,209.67271299991808
Z.MOV,150,Z,True,Z,0.5506983399391174,True,Z,True,False,False,False,13.960753999981534,0.0061030000324535,0.843804999931308,194.83522999962588,0.0197559998014185,209.6656479993726
Z.MOV,151,Z,True,Z,0.5742615461349487,True,Z,True,False,False,False,13.966791000029843,0.0066220000007888,0.8574220000809873,194.71507800017207,0.0191009999070956,209.5650140001908
delete.MOV,0,delete,True,nothing,0.7837080955505371,False,nothing,False,False,False,True,14.361673999985667,0.0124870002764509,1.0475040003257163,194.3984099998488,0.020579999727488,209.84065500016413
delete.MOV,1,delete,True,nothing,0.6960875391960144,False,nothing,False,False,False,True,14.128012000014678,0.0065799999902083,0.9550809995744204,193.0658719998064,0.0205639998966944,208.1761089992824
delete.MOV,2,delete,True,nothing,0.5530103445053101,False,nothing,False,False,False,True,14.170617999980095,0.0067470000431058,0.92754099978265,192.79027500033408,0.0201990001187368,207.91538000025864
delete.MOV,3,delete,True,nothing,0.61729896068573,False,nothing,False,False,False,True,14.251928000021508,0.0074639997365011,0.954266999997344,195.3481030000148,0.0196519999917654,210.581413999762
delete.MOV,4,delete,True,nothing,0.6058083176612854,False,nothing,False,False,False,True,14.507905000016308,0.0077279996730794,0.9362740001961356,193.6585290000039,0.0179410003511293,209.12837700024056
delete.MOV,5,delete,True,nothing,0.6386429071426392,False,nothing,False,False,False,True,14.232411000023149,0.006493999990198,0.8952530001806736,189.22507300021607,0.0323520002893928,204.39158300069948
delete.MOV,6,delete,True,nothing,0.6348841190338135,False,nothing,False,False,False,True,14.069395999968036,0.0063130000853561,0.9587250001459324,189.7147210002004,0.0196810001398262,204.76883600053952
delete.MOV,7,delete,True,nothing,0.6169742941856384,False,nothing,False,False,False,True,14.022230000023228,0.0069409998104674,1.005951000024652,199.4288169998981,0.0193410000974836,214.48327999985395
delete.MOV,8,delete,True,nothing,0.7082192301750183,False,nothing,False,False,False,True,14.572246000000176,0.0068050003392272,0.9118210000451654,194.7018569999273,0.0169120003192801,210.2096410006311
delete.MOV,9,delete,True,nothing,0.697243332862854,False,nothing,False,False,False,True,14.737767999974947,0.0070820001383253,0.8946429998104577,195.3237239999908,0.0173309999809134,210.9805479998954
delete.MOV,10,delete,True,nothing,0.6796637177467346,False,nothing,False,False,False,True,14.100496000025942,0.0063459997363679,0.8858869996402063,191.43099499979144,0.0189560000762867,206.44267999927024
delete.MOV,11,delete,True,nothing,0.6805862784385681,False,nothing,False,False,False,True,14.164001000040116,0.0064509999901929,0.8752099997764162,192.1254270000645,0.0196450000657932,207.19073399993704
delete.MOV,12,delete,True,nothing,0.647163450717926,False,nothing,False,False,False,True,14.008163000028162,0.0073319997682119,0.9110189998864372,194.215032000102,0.0205319997803599,209.1620779995651
delete.MOV,13,delete,True,nothing,0.71788090467453,False,nothing,False,False,False,True,14.176594999980807,0.0065690001065377,0.8966020000116259,191.5604910000184,0.0174039996636565,206.657660999781
delete.MOV,14,delete,True,nothing,0.6909328103065491,False,nothing,False,False,False,True,14.232508000020516,0.0073780001912382,0.9093249996112718,194.86681800026412,0.0199149999389192,210.0359440000261
delete.MOV,15,delete,True,nothing,0.718401312828064,False,nothing,False,False,False,True,14.064851000000544,0.0065529998209967,0.8859019999363227,193.52225700004053,0.0205719998120912,208.5001349996105
delete.MOV,16,delete,True,nothing,0.6842897534370422,False,nothing,False,False,False,True,14.012895999997,0.0081189996308239,0.8941810001488193,191.6302220001853,0.0197569997908431,206.5651749997528
delete.MOV,17,delete,True,nothing,0.6915954947471619,False,nothing,False,False,False,True,13.91219300001012,0.0073169999268429,0.9021910000228672,193.6679370001002,0.0198420002561761,208.50948000031624
delete.MOV,18,delete,True,nothing,0.7020420432090759,False,nothing,False,False,False,True,14.133927000045787,0.0061969999478606,0.8789010003056319,187.10822000002736,0.0166139998327707,202.1438590001594
delete.MOV,19,delete,True,nothing,0.6458097100257874,False,nothing,False,False,False,True,13.897654999993849,0.006803000360378,0.8809419996396173,190.91718400022728,0.0168609999491309,205.71944500017025
delete.MOV,20,delete,True,nothing,0.7219899892807007,False,nothing,False,False,False,True,14.036777000001166,0.0069230000008246,0.8627709999018407,200.54583499995715,0.0223929996536753,215.47469899951463
delete.MOV,21,delete,True,nothing,0.7723139524459839,False,nothing,False,False,False,True,14.765550999982224,0.0073569999585743,0.8873930000845576,196.9226650003293,0.0206769996111688,212.6036429999658
delete.MOV,22,delete,True,nothing,0.7598040103912354,False,nothing,False,False,False,True,14.015481000001271,0.0080260001595888,0.8954420000009122,193.04692399964551,0.0196340001821226,207.9855069999894
delete.MOV,23,delete,True,nothing,0.7661871910095215,False,nothing,False,False,False,True,14.090142999975797,0.0067790001594403,0.9253889998035448,197.39260400001515,0.0168960000337392,212.43181099998765
delete.MOV,24,delete,True,nothing,0.7620773315429688,False,nothing,False,False,False,True,14.723202000027412,0.0071140002546599,0.922575999993569,197.3670970000967,0.0197649997062399,213.03975400007857
delete.MOV,25,delete,True,nothing,0.7691274285316467,False,nothing,False,False,False,True,15.907267999978105,0.0069950001488905,0.8514760002071853,193.22033200023725,0.0188580002031812,210.0049290007746
delete.MOV,26,delete,True,nothing,0.7290754914283752,False,nothing,False,False,False,True,14.51167400000486,0.0077429999691958,0.861691000409337,191.57006200020987,0.0197070003196131,206.97087700091288
delete.MOV,27,delete,True,nothing,0.7015990018844604,False,nothing,False,False,False,True,14.015761999985443,0.0072739999268378,0.8224050002354488,191.1705249999613,0.0192389998119324,206.035204999921
delete.MOV,28,delete,True,nothing,0.6320210695266724,False,nothing,False,False,False,True,14.118882999980542,0.0061969999478606,0.8168299996214046,191.479764000178,0.0221350001083919,206.44380899983616
delete.MOV,29,delete,True,nothing,0.6065284609794617,False,nothing,False,False,False,True,14.137645999994676,0.0073549999797251,0.8206359998439439,193.90300600025512,0.0199059995793504,208.8885489996528
delete.MOV,30,delete,True,nothing,0.611362874507904,False,nothing,False,False,False,True,14.149889000009352,0.0058810001064557,0.8196289995794359,190.50230199991347,0.0175160002982011,205.4952169999069
delete.MOV,31,delete,True,nothing,0.6364836096763611,False,nothing,False,False,False,True,14.004344999989373,0.0078019997999945,0.8456119999209477,224.5374220001395,0.0221129998863034,239.4172939997361
delete.MOV,32,delete,True,nothing,0.5958558917045593,False,nothing,False,False,False,True,13.962102999983015,0.0085880001279292,0.8707090000825701,204.5614829999068,0.0209320000976731,219.42381500019792
delete.MOV,33,delete,True,nothing,0.5367550253868103,False,nothing,False,False,False,True,14.021857999978238,0.0063929996940714,0.8525029998054379,191.4585869999428,0.0194559997908072,206.3587969992113
delete.MOV,34,delete,True,nothing,0.4604512751102447,False,nothing,False,False,False,True,13.992554000026304,0.0060580000535992,0.8221359998970001,192.3901099999057,0.0412879999203141,207.2521459998029
delete.MOV,35,delete,True,nothing,0.5004780292510986,False,nothing,False,False,False,True,13.9410049999924,0.0074560002758516,0.9520140001768596,190.50666399971303,0.0197379999917757,205.42687700015
delete.MOV,36,delete,True,nothing,0.5638093948364258,False,nothing,False,False,False,True,14.04026900002009,0.0082169999586767,0.8417359999839391,193.3817660001296,0.0367810002899204,208.3087690003822
delete.MOV,37,delete,True,nothing,0.5081816911697388,False,nothing,False,False,False,True,14.303950999988048,0.0073789997259154,0.8348080000359914,197.1559979997437,0.0205110000024433,212.3226469994961
delete.MOV,38,delete,True,nothing,0.6117426753044128,False,nothing,False,False,False,True,14.199886999961109,0.007600000117236,0.8394139999836625,221.2193929999557,0.0361460001840896,236.30244000020184
delete.MOV,39,delete,True,nothing,0.5196459889411926,False,nothing,False,False,False,True,14.18697299999394,0.0073450000854791,0.8297210001728672,192.61269800017544,0.0210809998861805,207.6578180003139
delete.MOV,40,delete,True,nothing,0.602721095085144,False,nothing,False,False,False,True,14.102712999999769,0.007585000275867,0.783806000072218,191.94737900033945,0.0175069999386323,206.8589900006259
delete.MOV,41,delete,True,nothing,0.6858711838722229,False,nothing,False,False,False,True,14.595640999971238,0.0081229995885223,0.8822549998512841,191.67952299994795,0.0173040002664492,207.18284599962544
delete.MOV,42,delete,True,nothing,0.6618853807449341,False,nothing,False,False,False,True,14.21295199997985,0.0073159999374183,0.8248300000559539,195.9423439998318,0.0173829998857399,211.00482499969075
delete.MOV,43,delete,True,nothing,0.644529402256012,False,nothing,False,False,False,True,14.46738300001016,0.0068670001382997,0.8441220002168848,192.1987710002213,0.0176170001395803,207.53476000072624
delete.MOV,44,delete,True,nothing,0.6390062570571899,False,nothing,False,False,False,True,14.03260600000067,0.0071120002758107,0.8405540002058842,194.53356899975915,0.0176529997588659,209.4314940000004
delete.MOV,45,delete,True,nothing,0.668669581413269,False,nothing,False,False,False,True,14.15151800000558,0.0246829999923647,0.8308700002999103,191.88408899981368,0.0196240002878766,206.91078400039945
delete.MOV,46,delete,True,nothing,0.7423872947692871,False,nothing,False,False,False,True,14.108828999951584,0.0071250001383305,0.8686040000611683,197.47550900001443,0.0189529996532655,212.4790199998188
delete.MOV,47,delete,True,nothing,0.7594494223594666,False,nothing,False,False,False,True,14.20234300002221,0.0075910002124146,0.8462259997941146,189.5305880002525,0.0180420001925085,204.6047900004737
delete.MOV,48,delete,True,nothing,0.7320389151573181,False,nothing,False,False,False,True,13.893677999988086,0.0065040003391914,0.8494640001117659,202.7838979997796,0.0185080002665927,217.5520520004852
delete.MOV,49,delete,True,nothing,0.7463350892066956,False,nothing,False,False,False,True,14.190553999981148,0.0064370001382485,0.806059999831632,189.2308030001004,0.0169519998962641,204.2508059999477
delete.MOV,50,delete,True,nothing,0.7215830683708191,False,nothing,False,False,False,True,13.941778000003069,0.0065009999161702,0.7853440001781564,189.08319999991363,0.0202620003619813,203.837085000373
delete.MOV,51,delete,True,nothing,0.8321048617362976,False,nothing,False,False,False,True,14.008321999995133,0.0065959998210018,0.7842830000299728,187.33997599974828,0.0184630002877383,202.1576399998821
delete.MOV,52,delete,True,nothing,0.8867589831352234,False,nothing,False,False,False,True,13.904788999980155,0.0059930002862529,0.7787280001139152,194.2196640002294,0.0208399997063679,208.93001400031608
delete.MOV,53,delete,True,nothing,0.8973535299301147,False,nothing,False,False,False,True,14.123450999989018,0.0077690001489827,0.8942810000007739,210.407221999958,0.0203920003514213,225.45311500044812
delete.MOV,54,delete,True,nothing,0.9074625968933104,False,nothing,False,False,False,True,14.18014400002221,0.0056600001698825,0.7799649997650704,191.96880499976032,0.0192669999705685,206.95384099968803
delete.MOV,55,delete,True,nothing,0.9005751609802246,False,nothing,False,False,False,True,14.426634000017202,0.0213990001611819,0.7969729999786068,190.78712599957728,0.0172879999809083,206.0494199997152
delete.MOV,56,delete,True,nothing,0.9094013571739196,False,nothing,False,False,False,True,14.07899999998108,0.006191000011313,0.8322580001731694,195.5936280000969,0.0208659998861548,210.53194300014863
delete.MOV,57,delete,True,nothing,0.8145902752876282,False,nothing,False,False,False,True,14.25686800001813,0.0069559996518364,0.8079210001596948,195.5248929998561,0.0193319997379148,210.61596999942367
delete.MOV,58,delete,True,nothing,0.8315232992172241,False,nothing,False,False,False,True,14.00688699999364,0.0127969997265608,0.8123110001179157,194.5275970001603,0.0355699999090575,209.3951619999075
delete.MOV,59,delete,True,nothing,0.7835555672645569,False,nothing,False,False,False,True,14.247036000028857,0.0061519999690062,0.7878960000198276,192.0443250000972,0.019313999928272,207.10472300004312
delete.MOV,60,delete,True,nothing,0.8144169449806213,False,nothing,False,False,False,True,14.121335999959683,0.0086679997366445,0.8684320000611478,191.89327399999456,0.0191029998859448,206.910812999638
delete.MOV,61,delete,True,nothing,0.7594347596168518,False,nothing,False,False,False,True,14.253064000001814,0.0059900003179791,0.7758659999126394,194.08924800018207,0.0349430001733708,209.159111000588
delete.MOV,62,delete,True,nothing,0.8515086770057678,False,nothing,False,False,False,True,14.125762999981362,0.006963000032556,0.7987290000528446,193.65962199981368,0.0198859997908584,208.6109629996713
delete.MOV,63,delete,True,nothing,0.8335917592048645,False,nothing,False,False,False,True,13.92712599999868,0.0059900003179791,0.8694150001247181,192.2074369999791,0.0253620000876253,207.0353300005081
delete.MOV,64,delete,True,nothing,0.8230059742927551,False,nothing,False,False,False,True,14.386604999970132,0.005493000116985,0.909041999875626,196.41121699987707,0.0197079998542903,211.7320649996941
delete.MOV,65,delete,True,nothing,0.8178573250770569,False,nothing,False,False,False,True,14.175920000013775,0.0075590000960801,0.8629749995634484,197.0788009998614,0.020112000129302,212.145366999664
delete.MOV,66,delete,True,nothing,0.8506858348846436,False,nothing,False,False,False,True,14.43842300000142,0.006948000191187,0.9907799999382404,197.88765700013755,0.0195530001292354,213.34336100039764
delete.MOV,67,delete,True,nothing,0.8750981092453003,False,nothing,False,False,False,True,14.136849000010445,0.007927999831736,0.7985329998518864,188.90362399997684,0.0169580002875591,203.86389199995847
delete.MOV,68,delete,True,nothing,0.8978980183601379,False,nothing,False,False,False,True,14.226634999999987,0.0062399999478657,0.8021640001061314,192.4157629996444,0.0186859997484134,207.4694879994468
delete.MOV,69,delete,True,nothing,0.9053027629852296,False,nothing,False,False,False,True,14.087796000012531,0.0060339998526615,0.8000190000529983,191.8425939998088,0.0191989997802011,206.7556419995072
delete.MOV,70,delete,True,nothing,0.8828293085098267,False,nothing,False,False,False,True,13.956944999961252,0.007022000318102,0.7569760000478709,192.1506090002368,0.0264420000348764,206.89799400059883
delete.MOV,71,delete,True,nothing,0.8999495506286621,False,nothing,False,False,False,True,13.863964999984546,0.0063170000430545,0.7706859996687854,191.4368839998133,0.0192729999071161,206.0971249994168
delete.MOV,72,delete,True,nothing,0.91122967004776,False,nothing,False,False,False,True,14.102109999953427,0.0066949996835319,0.7802660002198536,191.13486000014743,0.0193460000446066,206.04327700004887
delete.MOV,73,delete,True,nothing,0.8959808349609375,False,nothing,False,False,False,True,14.059056000007786,0.0062780000007478,0.777516000198375,187.66297199999823,0.0191150002137874,202.52493700041896
delete.MOV,74,delete,True,nothing,0.9325022101402284,False,nothing,False,False,False,True,14.155090000031125,0.0061989999267098,0.7557919998362195,194.51714700016964,0.0191750000340107,209.4534029999977
delete.MOV,75,delete,True,nothing,0.941618800163269,False,nothing,False,False,False,True,14.024951000010333,0.0064139999267354,0.7953129997986252,193.1960839997373,0.0195990000975143,208.0423609995705
delete.MOV,76,delete,True,nothing,0.9448244571685792,False,nothing,False,False,False,True,13.923208999983672,0.0071489998845208,0.8132309999382414,199.77276000008715,0.0199539999812259,214.5363029998748
delete.MOV,77,delete,True,nothing,0.9303779006004332,False,nothing,False,False,False,True,14.039634000027943,0.0065020003603422,0.8115830000861024,194.09719199984465,0.019886999780283,208.97479800009933
delete.MOV,78,delete,True,nothing,0.903034806251526,False,nothing,False,False,False,True,14.05937399999857,0.0072949997047544,0.8043249999900581,208.66797899998343,0.0205419996746059,223.55951499935145
delete.MOV,79,delete,True,nothing,0.8716285228729248,False,nothing,False,False,False,True,13.88196800002106,0.0064029995883174,0.8958939997683046,222.18222199990123,0.0199420001081307,236.98642899938704
delete.MOV,80,delete,True,nothing,0.8375052213668823,False,nothing,False,False,False,True,13.95811700001559,0.0064629998632881,0.9630320000724168,192.9338840000128,0.0202800001716241,207.8817760001357
delete.MOV,81,delete,True,nothing,0.7342303395271301,False,nothing,False,False,False,True,14.03094600004806,0.0094970000645844,0.9052110003722192,197.1287480000683,0.0205719998120912,212.09497400036528
delete.MOV,82,delete,True,nothing,0.8273466229438782,False,nothing,False,False,False,True,13.892995999981396,0.0072570001066196,0.8151330002874602,188.414105999982,0.0203049999072391,203.1497970002647
delete.MOV,83,delete,True,nothing,0.8561317324638367,False,nothing,False,False,False,True,13.926623000031668,0.0066560000959725,0.8037890002015047,188.4225920002791,0.0256899998021253,203.1853500004104
delete.MOV,84,delete,True,nothing,0.9154657125473022,False,nothing,False,False,False,True,14.118442999972558,0.0067199998738942,0.8421699999416887,189.41791099996408,0.0190310001926263,204.40427499994485
delete.MOV,85,delete,True,nothing,0.9338693022727966,False,nothing,False,False,False,True,14.003801999990628,0.0067579999267763,0.8028980000744923,187.90867799998523,0.0546659998690302,202.77680199984616
delete.MOV,86,delete,True,nothing,0.9466451406478882,False,nothing,False,False,False,True,14.157672999999704,0.0079010001172719,0.8655809997435426,190.0502339999548,0.0204090001716394,205.10179799998696
delete.MOV,87,delete,True,nothing,0.9217789769172668,False,nothing,False,False,False,True,14.289342999973089,0.007201999778772,0.8441220002168848,193.3083849999093,0.0205830001505091,208.46963500002852
delete.MOV,88,delete,True,nothing,0.9282808899879456,False,nothing,False,False,False,True,14.135743999986516,0.0075749999268737,0.8190759999706643,195.11943899988185,0.0200180002138949,210.10185199997977
delete.MOV,89,delete,True,nothing,0.9389898777008056,False,nothing,False,False,False,True,14.165042000001904,0.02308000011908,0.836009000067861,192.06013800021532,0.0196270002561504,207.1038960006604
delete.MOV,90,delete,True,nothing,0.9218091368675232,False,nothing,False,False,False,True,14.105176999976266,0.0063400002545677,0.7852949997868564,189.9292319999404,0.017587000002095,204.84363099996017
delete.MOV,91,delete,True,nothing,0.8406192064285278,False,nothing,False,False,False,True,14.07876100000749,0.0061000000641797,0.7564549996459391,188.9081720000832,0.0177209999492333,203.76720899975
delete.MOV,92,delete,True,nothing,0.895771324634552,False,nothing,False,False,False,True,14.559949999977562,0.0074670001595222,0.7641510001121787,186.8005889996312,0.0166380000337085,202.1487949999141
delete.MOV,93,delete,True,nothing,0.8583680987358093,False,nothing,False,False,False,True,14.45530600000211,0.0065680001171131,0.7960070001900021,187.6202950002153,0.0165470000865752,202.89472300061107
delete.MOV,94,delete,True,nothing,0.8942586779594421,False,nothing,False,False,False,True,14.133212999979603,0.0066269999479118,0.758832999963488,189.41382499997417,0.0211579999813693,204.3336559998465
delete.MOV,95,delete,True,nothing,0.8700422644615173,False,nothing,False,False,False,True,14.266535999979624,0.007391000053758,0.8194209999601298,187.0519799999784,0.0174479996530863,202.16277599962496
delete.MOV,96,delete,True,nothing,0.8268420100212097,False,nothing,False,False,False,True,14.231829999971524,0.0065290000748063,0.7484129996555566,188.4269219999624,0.0171809997482341,203.43087499941248
delete.MOV,97,delete,True,nothing,0.700208306312561,False,nothing,False,False,False,True,14.07311700000946,0.0067510000008041,0.7798530000400206,188.59896499998283,0.0177930000972992,203.47647900013044
delete.MOV,98,delete,True,nothing,0.7838476300239563,False,nothing,False,False,False,True,13.936918000013064,0.0059760000112873,0.8271750002677436,189.2298090001532,0.0174800002241681,204.01735800066945
delete.MOV,99,delete,True,nothing,0.742948055267334,False,nothing,False,False,False,True,14.431732999980795,0.0068720000854227,0.7755820001875691,192.88051500006983,0.0198239999917859,208.11452600031544
delete.MOV,100,delete,True,nothing,0.7096391916275024,False,nothing,False,False,False,True,14.458644000001186,0.0077699996836599,0.8416020000368007,191.69800000008763,0.0194590002138284,207.0254750000231
delete.MOV,101,delete,True,nothing,0.7436980605125427,False,nothing,False,False,False,True,14.701580000007652,0.0062310000430443,0.5792809997728909,190.44890999975905,0.0190370001291739,205.7550389997118
delete.MOV,102,delete,True,nothing,0.7614145278930664,False,nothing,False,False,False,True,13.924243000019487,0.0064079999901878,0.7920080001895258,190.25650100002167,0.0192460001926519,204.99840600041352
delete.MOV,103,delete,True,nothing,0.6349706649780273,False,nothing,False,False,False,True,13.98590499996999,0.0086589998318231,0.8165079998434521,191.49992700022267,0.0199440000869799,206.3309429999549
delete.MOV,104,delete,True,nothing,0.6964473724365234,False,nothing,False,False,False,True,14.25614400000086,0.0072679999902902,0.8174760000656534,194.4502480000665,0.0187639998330269,209.54989999995632
delete.MOV,105,delete,True,nothing,0.6379271149635315,False,nothing,False,False,False,True,14.089645000012752,0.0063600000430596,0.7600580001962953,191.1125159999756,0.0205060000553203,205.989085000283
delete.MOV,106,delete,True,nothing,0.8289942741394043,False,nothing,False,False,False,True,13.94032499996456,0.0063840002439974,0.803743999767903,192.71325799991249,0.0190719997590349,207.48278299964795
delete.MOV,107,delete,True,nothing,0.8506956696510315,False,nothing,False,False,False,True,14.60760399999117,0.0068880003709637,0.8791029999883904,193.53458700015835,0.0196559999494638,209.0478380004584
delete.MOV,108,delete,True,nothing,0.9316827654838562,False,nothing,False,False,False,True,14.101192999987688,0.0062430003708868,0.7402070000352978,193.60258200003955,0.0212909999390831,208.4715160003725
delete.MOV,109,delete,True,nothing,0.9069852828979492,False,nothing,False,False,False,True,14.119673999971385,0.0057209999795304,0.7673270001760102,192.46310900007305,0.0196490000234916,207.37548000022343
delete.MOV,110,delete,True,nothing,0.8729435801506042,False,nothing,False,False,False,True,14.107657000010931,0.0066689999584923,0.7314819999919564,191.0372359998292,0.0201279999600956,205.9031719997506
delete.MOV,111,delete,True,nothing,0.9004819393157959,False,nothing,False,False,False,True,14.29009399998904,0.0062620001699542,0.7744679996903869,194.48159200010195,0.0201709999601007,209.57258699991144
delete.MOV,112,delete,True,nothing,0.8834337592124939,False,nothing,False,False,False,True,14.075229000013678,0.0064449995988979,0.783382999998139,191.85943100001168,0.0308879998556221,206.755375999478
delete.MOV,113,delete,True,nothing,0.9036533832550048,False,nothing,False,False,False,True,14.1229239999916,0.0056290000429726,0.7724080001025868,190.7506090001334,0.0196840001081,205.67125400037867
delete.MOV,114,delete,True,nothing,0.9388962388038636,False,nothing,False,False,False,True,14.356764000012843,0.0066119996517954,0.7588089997625502,192.72987500016825,0.0201970001398876,207.87225699973533
delete.MOV,115,delete,True,nothing,0.942711591720581,False,nothing,False,False,False,True,14.0816019999761,0.0061440000536094,0.8806540004115959,198.3627260001413,0.0177000001713167,213.3488260007539
delete.MOV,116,delete,True,nothing,0.9276136755943298,False,nothing,False,False,False,True,14.063233000001674,0.0065739995989133,0.774716000250919,188.6193630002708,0.0197350000235019,203.48362100014583
delete.MOV,117,delete,True,nothing,0.9070088267326356,False,nothing,False,False,False,True,13.915608999980122,0.0064020000536402,0.7737569999335392,187.0841110003312,0.0196500000129162,201.7995290003114
delete.MOV,118,delete,True,nothing,0.9249368906021118,False,nothing,False,False,False,True,14.004102999990664,0.0064699997892603,0.8172540001396555,200.3785830002016,0.0200099998437508,215.2264199999649
delete.MOV,119,delete,True,nothing,0.8965032696723938,False,nothing,False,False,False,True,13.95198000000164,0.006633999873884,0.8062199999585573,189.8980010000741,0.0190069999916886,204.68184199989992
delete.MOV,120,delete,True,nothing,0.9184935688972472,False,nothing,False,False,False,True,13.98226800000657,0.0070149999373825,0.8104300000013609,189.7788890000811,0.0214649999179528,204.6000669999444
delete.MOV,121,delete,True,nothing,0.9313297271728516,False,nothing,False,False,False,True,14.237712999999983,0.0115910002023156,0.9290200000577896,206.31114999969213,0.0179730000127165,221.5074469999649
delete.MOV,122,delete,True,nothing,0.9414345026016236,False,nothing,False,False,False,True,13.934939000023403,0.0067270002546138,0.8415900001637056,192.7213660001144,0.0189209999916784,207.52354300054776
delete.MOV,123,delete,True,nothing,0.9336121678352356,False,nothing,False,False,False,True,14.18896899997435,0.0064619998738635,0.8345910000571166,193.4714700000768,0.0198339998860319,208.52132599986817
delete.MOV,124,delete,True,nothing,0.9005838632583618,False,nothing,False,False,False,True,14.208133000011005,0.0067860000854125,0.9279669998250027,190.86369400019976,0.0201050002033298,206.0266850003245
delete.MOV,125,delete,True,nothing,0.8692651987075806,False,nothing,False,False,False,True,13.89084400000229,0.0078910002230259,0.8295419997921272,191.33744400005529,0.0202400001398928,206.0859610002126
delete.MOV,126,delete,True,nothing,0.8310816884040833,False,nothing,False,False,False,True,14.007530000014867,0.0063339998632727,0.8013430001483357,193.25851900021007,0.0184949999493255,208.09222100018587
delete.MOV,127,delete,True,nothing,0.8540377616882324,False,nothing,False,False,False,True,13.931775999992624,0.0061030000324535,0.7987290000528446,194.90457100027925,0.0205579999601468,209.6617370003173
delete.MOV,128,delete,True,nothing,0.8365546464920044,False,nothing,False,False,False,True,13.953214999958163,0.0064470000324945,0.8233230000769254,189.43298600015623,0.0170049997905152,204.2329760000144
delete.MOV,129,delete,True,nothing,0.8917710185050964,False,nothing,False,False,False,True,14.147390999994514,0.0062369999795919,0.8398789996135747,191.7232379996676,0.0189929996849969,206.7357379989403
delete.MOV,130,delete,True,nothing,0.9558558464050292,False,nothing,False,False,False,True,14.031479999971452,0.0067469995883584,0.8562009998058784,192.7192779999132,0.0201670000024023,207.63387299928127
delete.MOV,131,delete,True,nothing,0.9670503735542296,False,nothing,False,False,False,True,14.68701900000724,0.0062190001699491,0.8539569998902152,196.28265700021075,0.0202400001398928,211.85009200041804
delete.MOV,132,delete,True,nothing,0.9394878149032592,False,nothing,False,False,False,True,14.032306999979482,0.0091950000751239,0.929618000100163,192.38328500023272,0.0195520001398108,207.3739570005273
delete.MOV,133,delete,True,nothing,0.946843922138214,False,nothing,False,False,False,True,13.973782999983086,0.0070300002334988,0.8477410001432872,195.3330870001082,0.0200259996745444,210.18166700014265
delete.MOV,134,delete,True,nothing,0.9073973298072816,False,nothing,False,False,False,True,14.005311999994774,0.0063400002545677,0.8224749999499181,187.5669089999974,0.0743460000194318,202.4753820002161
delete.MOV,135,delete,True,nothing,0.8995203375816345,False,nothing,False,False,False,True,14.035444000001007,0.0092230002337601,0.9036890000970744,191.9847500003016,0.0206129998332471,206.95371900046663
delete.MOV,136,delete,True,nothing,0.9012492299079896,False,nothing,False,False,False,True,14.058521000038128,0.0078319999374798,0.8384829998249188,192.34562899964652,0.0193939999917347,207.26985899943884
delete.MOV,137,delete,True,nothing,0.8645525574684143,False,nothing,False,False,False,True,13.994161000027816,0.0070699998104828,0.830943999972078,195.3303990003405,0.0198020002244447,210.18237600037537
delete.MOV,138,delete,True,nothing,0.9189538955688475,False,nothing,False,False,False,True,14.164690999962204,0.0073249998422397,0.8857729999363073,193.42635700013489,0.0218670002141152,208.50601300008967
delete.MOV,139,delete,True,nothing,0.9163650274276732,False,nothing,False,False,False,True,13.920321000000513,0.0077009999586152,0.8395579998250469,187.94167400028527,0.0204149996534397,202.7296689997229
delete.MOV,140,delete,True,nothing,0.9432184100151062,False,nothing,False,False,False,True,14.116211000043675,0.007744999948045,0.8348689998456393,189.7490769997603,0.019354999949428,204.72725699954708
delete.MOV,141,delete,True,nothing,0.9210081696510316,False,nothing,False,False,False,True,13.994202999981551,0.0065459998950245,0.8416240002588893,189.49358999998367,0.0199549999706505,204.3559180000898
delete.MOV,142,delete,True,nothing,0.880159854888916,False,nothing,False,False,False,True,13.92565700001569,0.0065650001488393,0.7721229999333445,188.0403879999904,0.018780999653245,202.76351399974143
delete.MOV,143,delete,True,nothing,0.9159489870071412,False,nothing,False,False,False,True,14.025574000015697,0.0063309998949989,0.7805119998920418,191.39718999986144,0.0191869999071059,206.22879399957128
delete.MOV,144,delete,True,nothing,0.9052940011024476,False,nothing,False,False,False,True,13.830318000032094,0.0063289999161497,0.8078099999693222,193.46467300010767,0.0207680000130494,208.1298980000384
delete.MOV,145,delete,True,nothing,0.8798207640647888,False,nothing,False,False,False,True,13.88744600001246,0.0063239999690267,0.8098019998215022,192.8349259997049,0.0189269999282259,207.55742499943608
delete.MOV,146,delete,True,nothing,0.9311258792877196,False,nothing,False,False,False,True,14.074407000009614,0.0136449998535681,0.7661610002287489,189.412534999974,0.0191610001820663,204.285909000248
delete.MOV,147,delete,True,nothing,0.9156157970428468,False,nothing,False,False,False,True,13.994297000010649,0.0060070001381973,0.7937099999253405,197.2439670003041,0.0185220001185371,212.05650300049683
delete.MOV,148,delete,True,nothing,0.9339642524719238,False,nothing,False,False,False,True,14.47452899998325,0.0062239996623247,0.8751380000830977,197.86879499997667,0.0162649998856068,213.2409509995909
delete.MOV,149,delete,True,nothing,0.9496942162513732,False,nothing,False,False,False,True,13.81236899999294,0.0059229996622889,0.8070449998740514,192.30960000004416,0.0169539998751133,206.95189099944847
nothing.MOV,0,nothing,False,__NO_HAND__,,False,nothing,True,True,True,False,13.722563999976956,0.0,0.0,0.0,0.0,13.722563999976956
nothing.MOV,1,nothing,False,__NO_HAND__,,False,nothing,True,True,True,False,13.414229000034084,0.0,0.0,0.0,0.0,13.414229000034084
nothing.MOV,2,nothing,False,__NO_HAND__,,False,nothing,True,True,True,False,13.493551000010484,0.0,0.0,0.0,0.0,13.493551000010484
nothing.MOV,3,nothing,False,__NO_HAND__,,False,nothing,True,True,True,False,13.92691000000923,0.0,0.0,0.0,0.0,13.92691000000923
nothing.MOV,4,nothing,False,__NO_HAND__,,False,nothing,True,True,True,False,13.424637000014172,0.0,0.0,0.0,0.0,13.424637000014172
nothing.MOV,5,nothing,False,__NO_HAND__,,False,nothing,True,True,True,False,13.664260000041397,0.0,0.0,0.0,0.0,13.664260000041397
nothing.MOV,6,nothing,False,__NO_HAND__,,False,nothing,True,True,True,False,13.32763900001055,0.0,0.0,0.0,0.0,13.32763900001055
nothing.MOV,7,nothing,False,__NO_HAND__,,False,nothing,True,True,True,False,15.453697999987526,0.0,0.0,0.0,0.0,15.453697999987526
nothing.MOV,8,nothing,False,__NO_HAND__,,False,nothing,True,True,True,False,13.465685000028316,0.0,0.0,0.0,0.0,13.465685000028316
nothing.MOV,9,nothing,False,__NO_HAND__,,False,nothing,True,True,True,False,13.30787000000555,0.0,0.0,0.0,0.0,13.30787000000555
nothing.MOV,10,nothing,False,__NO_HAND__,,False,nothing,True,True,True,False,13.25973000001568,0.0,0.0,0.0,0.0,13.25973000001568
nothing.MOV,11,nothing,False,__NO_HAND__,,False,nothing,True,True,True,False,13.375762000009672,0.0,0.0,0.0,0.0,13.375762000009672
nothing.MOV,12,nothing,False,__NO_HAND__,,False,nothing,True,True,True,False,13.343929999962256,0.0,0.0,0.0,0.0,13.343929999962256
nothing.MOV,13,nothing,False,__NO_HAND__,,False,nothing,True,True,True,False,13.492017000032774,0.0,0.0,0.0,0.0,13.492017000032774
nothing.MOV,14,nothing,False,__NO_HAND__,,False,nothing,True,True,True,False,13.232560000005831,0.0,0.0,0.0,0.0,13.232560000005831
nothing.MOV,15,nothing,False,__NO_HAND__,,False,nothing,True,True,True,False,13.47638800001505,0.0,0.0,0.0,0.0,13.47638800001505
nothing.MOV,16,nothing,False,__NO_HAND__,,False,nothing,True,True,True,False,13.29414000002771,0.0,0.0,0.0,0.0,13.29414000002771
nothing.MOV,17,nothing,False,__NO_HAND__,,False,nothing,True,True,True,False,13.378149999994092,0.0,0.0,0.0,0.0,13.378149999994092
nothing.MOV,18,nothing,False,__NO_HAND__,,False,nothing,True,True,True,False,13.235385000029964,0.0,0.0,0.0,0.0,13.235385000029964
nothing.MOV,19,nothing,False,__NO_HAND__,,False,nothing,True,True,True,False,13.304771000036908,0.0,0.0,0.0,0.0,13.304771000036908
nothing.MOV,20,nothing,False,__NO_HAND__,,False,nothing,True,True,True,False,13.311070999975527,0.0,0.0,0.0,0.0,13.311070999975527
nothing.MOV,21,nothing,False,__NO_HAND__,,False,nothing,True,True,True,False,13.392798000040784,0.0,0.0,0.0,0.0,13.392798000040784
nothing.MOV,22,nothing,False,__NO_HAND__,,False,nothing,True,True,True,False,13.47317700003714,0.0,0.0,0.0,0.0,13.47317700003714
nothing.MOV,23,nothing,False,__NO_HAND__,,False,nothing,True,True,True,False,13.258695000047284,0.0,0.0,0.0,0.0,13.258695000047284
nothing.MOV,24,nothing,False,__NO_HAND__,,False,nothing,True,True,True,False,13.28306700003168,0.0,0.0,0.0,0.0,13.28306700003168
nothing.MOV,25,nothing,False,__NO_HAND__,,False,nothing,True,True,True,False,13.311584000007317,0.0,0.0,0.0,0.0,13.311584000007317
nothing.MOV,26,nothing,False,__NO_HAND__,,False,nothing,True,True,True,False,13.352924000002986,0.0,0.0,0.0,0.0,13.352924000002986
nothing.MOV,27,nothing,False,__NO_HAND__,,False,nothing,True,True,True,False,13.367146999996748,0.0,0.0,0.0,0.0,13.367146999996748
nothing.MOV,28,nothing,False,__NO_HAND__,,False,nothing,True,True,True,False,13.410596999960944,0.0,0.0,0.0,0.0,13.410596999960944
nothing.MOV,29,nothing,False,__NO_HAND__,,False,nothing,True,True,True,False,13.394159000029047,0.0,0.0,0.0,0.0,13.394159000029047
nothing.MOV,30,nothing,False,__NO_HAND__,,False,nothing,True,True,True,False,13.411238999992747,0.0,0.0,0.0,0.0,13.411238999992747
nothing.MOV,31,nothing,False,__NO_HAND__,,False,nothing,True,True,True,False,13.453357999992477,0.0,0.0,0.0,0.0,13.453357999992477
nothing.MOV,32,nothing,False,__NO_HAND__,,False,nothing,True,True,True,False,13.42596599999979,0.0,0.0,0.0,0.0,13.42596599999979
nothing.MOV,33,nothing,False,__NO_HAND__,,False,nothing,True,True,True,False,13.29726300002676,0.0,0.0,0.0,0.0,13.29726300002676
nothing.MOV,34,nothing,False,__NO_HAND__,,False,nothing,True,True,True,False,13.334358000008706,0.0,0.0,0.0,0.0,13.334358000008706
nothing.MOV,35,nothing,False,__NO_HAND__,,False,nothing,True,True,True,False,13.263954000024114,0.0,0.0,0.0,0.0,13.263954000024114
nothing.MOV,36,nothing,False,__NO_HAND__,,False,nothing,True,True,True,False,13.350360999993429,0.0,0.0,0.0,0.0,13.350360999993429
nothing.MOV,37,nothing,False,__NO_HAND__,,False,nothing,True,True,True,False,14.029061999963233,0.0,0.0,0.0,0.0,14.029061999963233
nothing.MOV,38,nothing,False,__NO_HAND__,,False,nothing,True,True,True,False,13.285553999992317,0.0,0.0,0.0,0.0,13.285553999992317
nothing.MOV,39,nothing,False,__NO_HAND__,,False,nothing,True,True,True,False,13.265879000016412,0.0,0.0,0.0,0.0,13.265879000016412
nothing.MOV,40,nothing,False,__NO_HAND__,,False,nothing,True,True,True,False,13.318154999979017,0.0,0.0,0.0,0.0,13.318154999979017
nothing.MOV,41,nothing,False,__NO_HAND__,,False,nothing,True,True,True,False,13.400740000008682,0.0,0.0,0.0,0.0,13.400740000008682
nothing.MOV,42,nothing,False,__NO_HAND__,,False,nothing,True,True,True,False,13.453728000001774,0.0,0.0,0.0,0.0,13.453728000001774
nothing.MOV,43,nothing,False,__NO_HAND__,,False,nothing,True,True,True,False,13.297539000006964,0.0,0.0,0.0,0.0,13.297539000006964
nothing.MOV,44,nothing,False,__NO_HAND__,,False,nothing,True,True,True,False,13.476763999960896,0.0,0.0,0.0,0.0,13.476763999960896
nothing.MOV,45,nothing,False,__NO_HAND__,,False,nothing,True,True,True,False,13.307623999992302,0.0,0.0,0.0,0.0,13.307623999992302
nothing.MOV,46,nothing,False,__NO_HAND__,,False,nothing,True,True,True,False,13.44876100000647,0.0,0.0,0.0,0.0,13.44876100000647
nothing.MOV,47,nothing,False,__NO_HAND__,,False,nothing,True,True,True,False,13.518605000001571,0.0,0.0,0.0,0.0,13.518605000001571
nothing.MOV,48,nothing,False,__NO_HAND__,,False,nothing,True,True,True,False,13.478998999971736,0.0,0.0,0.0,0.0,13.478998999971736
nothing.MOV,49,nothing,False,__NO_HAND__,,False,nothing,True,True,True,False,13.42607499998394,0.0,0.0,0.0,0.0,13.42607499998394
nothing.MOV,50,nothing,False,__NO_HAND__,,False,nothing,True,True,True,False,13.625248000039392,0.0,0.0,0.0,0.0,13.625248000039392
nothing.MOV,51,nothing,False,__NO_HAND__,,False,nothing,True,True,True,False,13.54638499998373,0.0,0.0,0.0,0.0,13.54638499998373
nothing.MOV,52,nothing,False,__NO_HAND__,,False,nothing,True,True,True,False,13.256888999990224,0.0,0.0,0.0,0.0,13.256888999990224
nothing.MOV,53,nothing,False,__NO_HAND__,,False,nothing,True,True,True,False,13.398469999970075,0.0,0.0,0.0,0.0,13.398469999970075
nothing.MOV,54,nothing,False,__NO_HAND__,,False,nothing,True,True,True,False,13.435103000006166,0.0,0.0,0.0,0.0,13.435103000006166
nothing.MOV,55,nothing,False,__NO_HAND__,,False,nothing,True,True,True,False,13.334414999974342,0.0,0.0,0.0,0.0,13.334414999974342
nothing.MOV,56,nothing,False,__NO_HAND__,,False,nothing,True,True,True,False,13.295436000021256,0.0,0.0,0.0,0.0,13.295436000021256
nothing.MOV,57,nothing,False,__NO_HAND__,,False,nothing,True,True,True,False,13.441072999967218,0.0,0.0,0.0,0.0,13.441072999967218
nothing.MOV,58,nothing,False,__NO_HAND__,,False,nothing,True,True,True,False,13.655658000004678,0.0,0.0,0.0,0.0,13.655658000004678
nothing.MOV,59,nothing,False,__NO_HAND__,,False,nothing,True,True,True,False,13.397073999954046,0.0,0.0,0.0,0.0,13.397073999954046
nothing.MOV,60,nothing,False,__NO_HAND__,,False,nothing,True,True,True,False,13.45484099999794,0.0,0.0,0.0,0.0,13.45484099999794
nothing.MOV,61,nothing,False,__NO_HAND__,,False,nothing,True,True,True,False,13.492791000032868,0.0,0.0,0.0,0.0,13.492791000032868
nothing.MOV,62,nothing,False,__NO_HAND__,,False,nothing,True,True,True,False,13.392334999991816,0.0,0.0,0.0,0.0,13.392334999991816
nothing.MOV,63,nothing,False,__NO_HAND__,,False,nothing,True,True,True,False,13.3900050000193,0.0,0.0,0.0,0.0,13.3900050000193
nothing.MOV,64,nothing,False,__NO_HAND__,,False,nothing,True,True,True,False,13.423896000006152,0.0,0.0,0.0,0.0,13.423896000006152
nothing.MOV,65,nothing,False,__NO_HAND__,,False,nothing,True,True,True,False,13.320351999993818,0.0,0.0,0.0,0.0,13.320351999993818
nothing.MOV,66,nothing,False,__NO_HAND__,,False,nothing,True,True,True,False,13.363765000008245,0.0,0.0,0.0,0.0,13.363765000008245
nothing.MOV,67,nothing,False,__NO_HAND__,,False,nothing,True,True,True,False,13.242533999971329,0.0,0.0,0.0,0.0,13.242533999971329
nothing.MOV,68,nothing,False,__NO_HAND__,,False,nothing,True,True,True,False,13.357548000044517,0.0,0.0,0.0,0.0,13.357548000044517
nothing.MOV,69,nothing,False,__NO_HAND__,,False,nothing,True,True,True,False,13.404057000002467,0.0,0.0,0.0,0.0,13.404057000002467
nothing.MOV,70,nothing,False,__NO_HAND__,,False,nothing,True,True,True,False,13.603471999999783,0.0,0.0,0.0,0.0,13.603471999999783
nothing.MOV,71,nothing,False,__NO_HAND__,,False,nothing,True,True,True,False,13.514143999998396,0.0,0.0,0.0,0.0,13.514143999998396
nothing.MOV,72,nothing,False,__NO_HAND__,,False,nothing,True,True,True,False,13.62643800001706,0.0,0.0,0.0,0.0,13.62643800001706
nothing.MOV,73,nothing,False,__NO_HAND__,,False,nothing,True,True,True,False,13.514034000024822,0.0,0.0,0.0,0.0,13.514034000024822
nothing.MOV,74,nothing,False,__NO_HAND__,,False,nothing,True,True,True,False,13.507118000006813,0.0,0.0,0.0,0.0,13.507118000006813
nothing.MOV,75,nothing,False,__NO_HAND__,,False,nothing,True,True,True,False,13.737351999964176,0.0,0.0,0.0,0.0,13.737351999964176
nothing.MOV,76,nothing,False,__NO_HAND__,,False,nothing,True,True,True,False,13.595324000050368,0.0,0.0,0.0,0.0,13.595324000050368
nothing.MOV,77,nothing,False,__NO_HAND__,,False,nothing,True,True,True,False,13.641412000026776,0.0,0.0,0.0,0.0,13.641412000026776
nothing.MOV,78,nothing,False,__NO_HAND__,,False,nothing,True,True,True,False,13.583023999956367,0.0,0.0,0.0,0.0,13.583023999956367
nothing.MOV,79,nothing,False,__NO_HAND__,,False,nothing,True,True,True,False,13.561665999986872,0.0,0.0,0.0,0.0,13.561665999986872
nothing.MOV,80,nothing,False,__NO_HAND__,,False,nothing,True,True,True,False,13.592529999982617,0.0,0.0,0.0,0.0,13.592529999982617
nothing.MOV,81,nothing,False,__NO_HAND__,,False,nothing,True,True,True,False,13.515842000003886,0.0,0.0,0.0,0.0,13.515842000003886
nothing.MOV,82,nothing,False,__NO_HAND__,,False,nothing,True,True,True,False,13.60264200002348,0.0,0.0,0.0,0.0,13.60264200002348
nothing.MOV,83,nothing,False,__NO_HAND__,,False,nothing,True,True,True,False,13.518437000016092,0.0,0.0,0.0,0.0,13.518437000016092
nothing.MOV,84,nothing,False,__NO_HAND__,,False,nothing,True,True,True,False,13.4313120000229,0.0,0.0,0.0,0.0,13.4313120000229
nothing.MOV,85,nothing,False,__NO_HAND__,,False,nothing,True,True,True,False,13.60829800000829,0.0,0.0,0.0,0.0,13.60829800000829
nothing.MOV,86,nothing,False,__NO_HAND__,,False,nothing,True,True,True,False,13.28251000001046,0.0,0.0,0.0,0.0,13.28251000001046
nothing.MOV,87,nothing,False,__NO_HAND__,,False,nothing,True,True,True,False,13.429271999996216,0.0,0.0,0.0,0.0,13.429271999996216
nothing.MOV,88,nothing,False,__NO_HAND__,,False,nothing,True,True,True,False,13.3226869999703,0.0,0.0,0.0,0.0,13.3226869999703
nothing.MOV,89,nothing,False,__NO_HAND__,,False,nothing,True,True,True,False,13.35760200004188,0.0,0.0,0.0,0.0,13.35760200004188
nothing.MOV,90,nothing,False,__NO_HAND__,,False,nothing,True,True,True,False,13.313130999961231,0.0,0.0,0.0,0.0,13.313130999961231
nothing.MOV,91,nothing,False,__NO_HAND__,,False,nothing,True,True,True,False,13.370030000032784,0.0,0.0,0.0,0.0,13.370030000032784
nothing.MOV,92,nothing,False,__NO_HAND__,,False,nothing,True,True,True,False,13.488065999979426,0.0,0.0,0.0,0.0,13.488065999979426
nothing.MOV,93,nothing,False,__NO_HAND__,,False,nothing,True,True,True,False,13.409059999958115,0.0,0.0,0.0,0.0,13.409059999958115
nothing.MOV,94,nothing,False,__NO_HAND__,,False,nothing,True,True,True,False,13.37495399997124,0.0,0.0,0.0,0.0,13.37495399997124
nothing.MOV,95,nothing,False,__NO_HAND__,,False,nothing,True,True,True,False,13.469999999983884,0.0,0.0,0.0,0.0,13.469999999983884
nothing.MOV,96,nothing,False,__NO_HAND__,,False,nothing,True,True,True,False,13.324021000016728,0.0,0.0,0.0,0.0,13.324021000016728
nothing.MOV,97,nothing,False,__NO_HAND__,,False,nothing,True,True,True,False,13.459630999989258,0.0,0.0,0.0,0.0,13.459630999989258
nothing.MOV,98,nothing,False,__NO_HAND__,,False,nothing,True,True,True,False,13.435993999962648,0.0,0.0,0.0,0.0,13.435993999962648
nothing.MOV,99,nothing,False,__NO_HAND__,,False,nothing,True,True,True,False,13.85234299999638,0.0,0.0,0.0,0.0,13.85234299999638
nothing.MOV,100,nothing,False,__NO_HAND__,,False,nothing,True,True,True,False,13.763127999993683,0.0,0.0,0.0,0.0,13.763127999993683
nothing.MOV,101,nothing,False,__NO_HAND__,,False,nothing,True,True,True,False,13.565465999988646,0.0,0.0,0.0,0.0,13.565465999988646
nothing.MOV,102,nothing,False,__NO_HAND__,,False,nothing,True,True,True,False,13.524931999995715,0.0,0.0,0.0,0.0,13.524931999995715
nothing.MOV,103,nothing,False,__NO_HAND__,,False,nothing,True,True,True,False,13.581849999980022,0.0,0.0,0.0,0.0,13.581849999980022
nothing.MOV,104,nothing,False,__NO_HAND__,,False,nothing,True,True,True,False,13.49134800000229,0.0,0.0,0.0,0.0,13.49134800000229
nothing.MOV,105,nothing,False,__NO_HAND__,,False,nothing,True,True,True,False,13.488638000012545,0.0,0.0,0.0,0.0,13.488638000012545
nothing.MOV,106,nothing,False,__NO_HAND__,,False,nothing,True,True,True,False,13.695343999984289,0.0,0.0,0.0,0.0,13.695343999984289
nothing.MOV,107,nothing,False,__NO_HAND__,,False,nothing,True,True,True,False,13.47351700002264,0.0,0.0,0.0,0.0,13.47351700002264
nothing.MOV,108,nothing,False,__NO_HAND__,,False,nothing,True,True,True,False,13.213732000053824,0.0,0.0,0.0,0.0,13.213732000053824
nothing.MOV,109,nothing,False,__NO_HAND__,,False,nothing,True,True,True,False,13.379451999981027,0.0,0.0,0.0,0.0,13.379451999981027
nothing.MOV,110,nothing,False,__NO_HAND__,,False,nothing,True,True,True,False,13.408197999979166,0.0,0.0,0.0,0.0,13.408197999979166
nothing.MOV,111,nothing,False,__NO_HAND__,,False,nothing,True,True,True,False,13.512971000011476,0.0,0.0,0.0,0.0,13.512971000011476
nothing.MOV,112,nothing,False,__NO_HAND__,,False,nothing,True,True,True,False,13.28318800000261,0.0,0.0,0.0,0.0,13.28318800000261
nothing.MOV,113,nothing,False,__NO_HAND__,,False,nothing,True,True,True,False,13.536377999969318,0.0,0.0,0.0,0.0,13.536377999969318
nothing.MOV,114,nothing,False,__NO_HAND__,,False,nothing,True,True,True,False,13.262011999984225,0.0,0.0,0.0,0.0,13.262011999984225
nothing.MOV,115,nothing,False,__NO_HAND__,,False,nothing,True,True,True,False,13.391532000014196,0.0,0.0,0.0,0.0,13.391532000014196
nothing.MOV,116,nothing,False,__NO_HAND__,,False,nothing,True,True,True,False,13.240547000009428,0.0,0.0,0.0,0.0,13.240547000009428
nothing.MOV,117,nothing,False,__NO_HAND__,,False,nothing,True,True,True,False,13.496948000010889,0.0,0.0,0.0,0.0,13.496948000010889
nothing.MOV,118,nothing,False,__NO_HAND__,,False,nothing,True,True,True,False,13.509974000044169,0.0,0.0,0.0,0.0,13.509974000044169
nothing.MOV,119,nothing,False,__NO_HAND__,,False,nothing,True,True,True,False,13.422712999954456,0.0,0.0,0.0,0.0,13.422712999954456
nothing.MOV,120,nothing,False,__NO_HAND__,,False,nothing,True,True,True,False,13.374973999987104,0.0,0.0,0.0,0.0,13.374973999987104
nothing.MOV,121,nothing,False,__NO_HAND__,,False,nothing,True,True,True,False,13.519923999979255,0.0,0.0,0.0,0.0,13.519923999979255
nothing.MOV,122,nothing,False,__NO_HAND__,,False,nothing,True,True,True,False,13.399592000041594,0.0,0.0,0.0,0.0,13.399592000041594
nothing.MOV,123,nothing,False,__NO_HAND__,,False,nothing,True,True,True,False,13.562508999996226,0.0,0.0,0.0,0.0,13.562508999996226
nothing.MOV,124,nothing,False,__NO_HAND__,,False,nothing,True,True,True,False,13.439770999980285,0.0,0.0,0.0,0.0,13.439770999980285
nothing.MOV,125,nothing,False,__NO_HAND__,,False,nothing,True,True,True,False,13.592649999964124,0.0,0.0,0.0,0.0,13.592649999964124
nothing.MOV,126,nothing,False,__NO_HAND__,,False,nothing,True,True,True,False,13.681672999950932,0.0,0.0,0.0,0.0,13.681672999950932
nothing.MOV,127,nothing,False,__NO_HAND__,,False,nothing,True,True,True,False,13.539343999980249,0.0,0.0,0.0,0.0,13.539343999980249
nothing.MOV,128,nothing,False,__NO_HAND__,,False,nothing,True,True,True,False,13.47414999997909,0.0,0.0,0.0,0.0,13.47414999997909
nothing.MOV,129,nothing,False,__NO_HAND__,,False,nothing,True,True,True,False,13.567249000004722,0.0,0.0,0.0,0.0,13.567249000004722
nothing.MOV,130,nothing,False,__NO_HAND__,,False,nothing,True,True,True,False,13.168968999991648,0.0,0.0,0.0,0.0,13.168968999991648
nothing.MOV,131,nothing,False,__NO_HAND__,,False,nothing,True,True,True,False,13.102952999986428,0.0,0.0,0.0,0.0,13.102952999986428
nothing.MOV,132,nothing,False,__NO_HAND__,,False,nothing,True,True,True,False,13.103588999967997,0.0,0.0,0.0,0.0,13.103588999967997
nothing.MOV,133,nothing,False,__NO_HAND__,,False,nothing,True,True,True,False,13.223911000011412,0.0,0.0,0.0,0.0,13.223911000011412
nothing.MOV,134,nothing,False,__NO_HAND__,,False,nothing,True,True,True,False,13.236766999966676,0.0,0.0,0.0,0.0,13.236766999966676
space.MOV,0,space,True,B,0.4312007129192352,False,B,False,False,False,True,14.459665000003952,0.009587000022293,0.8453880000161007,194.6167350001815,0.0214890001188905,209.9528640003428
space.MOV,1,space,True,B,0.5994806885719299,False,B,False,False,False,True,14.047505999997156,0.0094130000434233,0.893160000032367,197.89763399967345,0.0210759999390575,212.86878899968545
space.MOV,2,space,True,U,0.5321085453033447,False,U,False,False,False,True,13.999372000000676,0.0068650001594505,0.810174999969604,193.90640699975847,0.0272689999292197,208.75008799981745
space.MOV,3,space,True,U,0.4745905995368957,False,U,False,False,False,True,14.009314999952949,0.0063050001699593,0.8126709999487503,192.071739000312,0.0219620001189468,206.9219920005025
space.MOV,4,space,True,U,0.3930815160274505,False,U,False,False,False,True,14.082083999994666,0.0073950000114564,0.8217300000978867,193.59864000034577,0.0197909998860268,208.5296400003358
space.MOV,5,space,True,U,0.5540938973426819,False,U,False,False,False,True,14.113080000015543,0.0065060003180406,0.7806419998814818,191.8385899998612,0.0214980000237119,206.76031600009992
space.MOV,6,space,True,U,0.6814050674438477,False,U,False,False,False,True,14.031814000020404,0.0065120002545882,0.823896999918361,193.9612510000188,0.0170940002135466,208.8405680004257
space.MOV,7,space,True,R,0.3617871105670929,False,R,False,False,False,True,13.968243999954666,0.006717999895045,0.7884589999775926,191.2641139997504,0.0189380002666439,206.04647299984435
space.MOV,8,space,True,B,0.3866056799888611,False,B,False,False,False,True,14.782883000009406,0.0069539996729872,0.79949500013754,188.4354189996884,0.0200049998966278,204.04475599940497
space.MOV,9,space,True,U,0.7303832769393921,False,U,False,False,False,True,14.479818999973304,0.0080309996519645,0.8499890000166488,196.6050789997098,0.0197710000975348,211.96268899944928
space.MOV,10,space,True,U,0.6229220628738403,False,U,False,False,False,True,14.066323999998076,0.0066130000959674,0.8073789999798464,191.33852100003423,0.0186770002983394,206.2375140004065
space.MOV,11,space,True,U,0.6109998822212219,False,U,False,False,False,True,14.0272639999921,0.0067249998210172,0.8479279999846767,192.7177150000716,0.0182159997166309,207.61784799958605
space.MOV,12,space,True,U,0.4629327356815338,False,U,False,False,False,True,14.026196999964212,0.0061679997997998,0.7763380003780185,190.39909000002808,0.0182879998646967,205.2260810000348
space.MOV,13,space,True,U,0.5326633453369141,False,U,False,False,False,True,14.03180599999132,0.0063600000430596,0.762014999963867,195.7612199998948,0.0185859998964588,210.57998699978955
space.MOV,14,space,True,U,0.6777753829956055,False,U,False,False,False,True,14.056600999992952,0.0060670004131679,0.8130930000334047,218.2716670004084,0.0175119998857553,233.1649400007336
space.MOV,15,space,True,R,0.4784683287143707,False,R,False,False,False,True,14.307353999981842,0.0067850000959879,0.7977380000738776,192.36231000013504,0.0197040003513393,207.4938910006381
space.MOV,16,space,True,R,0.6273417472839355,False,R,False,False,False,True,14.19499700000415,0.0071539998316438,0.783137999860628,191.10658799991143,0.0198290003936563,206.1117060000015
space.MOV,17,space,True,U,0.5967869758605957,False,U,False,False,False,True,14.0838780000081,0.0069970001277397,0.8049909997680516,193.38776599988705,0.0171629999385913,208.3007949997296
space.MOV,18,space,True,U,0.7310642600059509,False,U,False,False,False,True,14.257334999967952,0.0067399996623862,0.8780859998296364,192.56210100002136,0.0182480002877127,207.72250999976904
space.MOV,19,space,True,U,0.6403177976608276,False,U,False,False,False,True,14.134970999975849,0.006385000233422,0.8224700000027951,190.998228999888,0.0175270001818717,205.97958200028188
space.MOV,20,space,True,U,0.7253714799880981,False,U,False,False,False,True,14.09598800000822,0.0065199997152376,0.7919959998616832,191.30310399987133,0.049672999921313,206.24728099937784
space.MOV,21,space,True,U,0.7167544960975647,False,U,False,False,False,True,14.097981000020354,0.0062300000536197,0.8424130001003505,192.10575999977664,0.0173429998540086,207.06972699980497
space.MOV,22,space,True,U,0.5597540736198425,False,U,False,False,False,True,14.015712999992047,0.0069370003075164,0.8093800001915952,191.91320099980652,0.0168260003192699,206.762057000617
space.MOV,23,space,True,R,0.5412057042121887,False,R,False,False,False,True,13.967908999973131,0.005613000212179,0.8026790001167683,199.34807599975105,0.0203849999707017,214.1446620000238
space.MOV,24,space,True,R,0.6017045974731445,False,R,False,False,False,True,13.92223600004172,0.008049000371102,0.9168900000986469,195.02476700017723,0.0171490000866469,209.88909100077527
space.MOV,25,space,True,U,0.5957607626914978,False,U,False,False,False,True,13.977946000011343,0.006852999831608,0.7811219998075103,193.3294410000599,0.0196309997591015,208.11499299946945
space.MOV,26,space,True,R,0.4933274388313293,False,R,False,False,False,True,13.993432999996005,0.0076830001489724,0.8415540000896726,188.06838000000425,0.0214260003303934,202.9324760005693
space.MOV,27,space,True,U,0.5544632077217102,False,U,False,False,False,True,14.010958999961076,0.0060160000430187,0.8261510001830175,188.2799420000083,0.022233999970922,203.1453020001664
space.MOV,28,space,True,R,0.4011399149894714,False,R,False,False,False,True,14.090971000030097,0.0066610000430955,0.8754790001148649,188.0580289998761,0.0188459998753387,203.0499859999395
space.MOV,29,space,True,U,0.3617741167545318,False,U,False,False,False,True,14.07805400003781,0.0076979999903414,0.7910350000202016,188.68835100010983,0.0198150000869645,203.58495300024515
space.MOV,30,space,True,R,0.5343255996704102,False,R,False,False,False,True,14.043275000005906,0.008596000043326,0.823771999876044,189.40854099992063,0.0355189999936556,204.3197029998396
space.MOV,31,space,True,R,0.5507572293281555,False,R,False,False,False,True,14.018529999987097,0.0062330000218935,0.8187349999388971,188.09504899991225,0.0188529998013109,202.95739999966145
space.MOV,32,space,True,U,0.6419054269790649,False,U,False,False,False,True,14.114855000002535,0.0064360001488239,0.8062629999585624,190.6458210000892,0.0196580003830604,205.59303300058212
space.MOV,33,space,True,U,0.5208569169044495,False,U,False,False,False,True,14.274686000021577,0.0070020000748627,0.7956489998832694,191.5094260002661,0.020689999928436,206.60745300017425
space.MOV,34,space,True,U,0.5041004419326782,False,U,False,False,False,True,14.25480900002185,0.0064529999690421,0.7982440001796931,189.435838999998,0.0192259999494126,204.514571000118
space.MOV,35,space,True,U,0.52655428647995,False,U,False,False,False,True,13.903706000007787,0.0066770003286364,0.8037560000957455,197.04830000000584,0.0195679999706044,211.7820070004086
space.MOV,36,space,True,R,0.5613515973091125,False,R,False,False,False,True,14.12666599998147,0.0056939998103189,0.7915010000942857,187.81096500015337,0.0202299997908994,202.75505599983035
space.MOV,37,space,True,U,0.6033102869987488,False,U,False,False,False,True,14.013882999961425,0.0059909998526563,0.7837699999981851,190.18616300036228,0.0197490003301936,205.0095560005048
space.MOV,38,space,True,U,0.6529069542884827,False,U,False,False,False,True,14.304391999985455,0.0064830001065274,0.8230169996750192,195.12694399963948,0.0212930003726796,210.2821289997792
space.MOV,39,space,True,U,0.5621610879898071,False,U,False,False,False,True,14.058422000005066,0.0059330000112822,0.8407350001107261,194.372931000089,0.0195039997379353,209.297524999954
space.MOV,40,space,True,U,0.4311036169528961,False,U,False,False,False,True,13.956382000003488,0.0061800001276424,0.8028120000744821,190.24145100001988,0.0176059998011623,205.02443100002665
space.MOV,41,space,True,B,0.4701214432716369,False,B,False,False,False,True,13.977515000021867,0.0069000002440589,0.7971220002218615,193.3527959999992,0.0181559998964075,208.1524890003834
space.MOV,42,space,True,B,0.5826413631439209,False,B,False,False,False,True,14.1626009999527,0.0068669996835524,0.8024740000109887,193.74508599958065,0.0189289999070751,208.7359569991349
space.MOV,43,space,True,U,0.3658363223075866,False,U,False,False,False,True,13.9810669999747,0.0070829996730026,0.7800769999448676,196.3540579999972,0.0192819998119375,211.14156699940168
space.MOV,44,space,True,B,0.5137448906898499,False,B,False,False,False,True,13.87083200000916,0.008526999863534,0.8396880002692342,190.8678670001791,0.0202080000235582,205.6071220003446
space.MOV,45,space,True,U,0.6622077822685242,False,U,False,False,False,True,14.226183999994646,0.0080889999480859,0.7980740001585218,191.92768199991409,0.0196420000975194,206.97967100011283
space.MOV,46,space,True,U,0.4079747498035431,False,U,False,False,False,True,14.121996000028505,0.0073890000749088,0.8582010000282025,193.2782079998105,0.0203550002879637,208.28614900023013
space.MOV,47,space,True,U,0.6766185760498047,False,U,False,False,False,True,13.99464500002523,0.0096449998636671,0.8568299999751616,193.70745800006264,0.0176260000444017,208.58620399997108
space.MOV,48,space,True,U,0.4584775567054748,False,U,False,False,False,True,13.887199999999211,0.0060319998738123,0.5228689997238689,190.43869799997992,0.0185389999387552,204.8733379995156
space.MOV,49,space,True,U,0.5017299652099609,False,U,False,False,False,True,14.168281000024765,0.0066769998738891,0.8467950001431745,196.79727999982788,0.0185989997589786,211.83763199962868
space.MOV,50,space,True,B,0.5291382670402527,False,B,False,False,False,True,14.063886999963415,0.0077740000961057,0.5436729998109513,199.3890190001366,0.0199500000235275,214.0243030000306
space.MOV,51,space,True,U,0.7137469053268433,False,U,False,False,False,True,14.278797000031318,0.006678000318061,0.818468000034045,188.493268000002,0.0193380001292098,203.61654900051465
space.MOV,52,space,True,B,0.5502748489379883,False,B,False,False,False,True,14.098535000016454,0.007809000180714,1.0600089999570628,192.07194699993124,0.0195669999811798,207.25786700006665
space.MOV,53,space,True,U,0.4555091261863708,False,U,False,False,False,True,14.010147000021789,0.023782999960531,0.7904799999778334,191.7319449999013,0.0198920001821534,206.5762470000436
space.MOV,54,space,True,U,0.492516279220581,False,U,False,False,False,True,13.954779000016517,0.0080469999375054,0.8307809998768789,191.8272840002828,0.0359089999619754,206.6568000000757
space.MOV,55,space,True,U,0.4893710613250732,False,U,False,False,False,True,13.98033899999973,0.0065479998738737,0.819363999653433,190.6512000000476,0.0304930003949266,205.4879439999695
space.MOV,56,space,True,U,0.5091567635536194,False,U,False,False,False,True,13.936696000030224,0.0086739996731921,0.87455700031569,204.41836899999544,0.0189870002031966,219.2572830002177
space.MOV,57,space,True,U,0.5269908308982849,False,U,False,False,False,True,14.178234000041812,0.0069299999267968,0.8474229998682858,189.5450929996514,0.0192109996532963,204.5968909991416
space.MOV,58,space,True,R,0.4231620132923126,False,R,False,False,False,True,13.970380999978715,0.0062160002016753,0.8544229999642994,187.59231400008505,0.0196180003513291,202.44295200058104
space.MOV,59,space,True,B,0.6276501417160034,False,B,False,False,False,True,14.275638000015078,0.0070249998316285,0.7710559998486133,188.6146189999636,0.0186410002243064,203.6869789998832
space.MOV,60,space,True,U,0.5911586284637451,False,U,False,False,False,True,13.94282699999394,0.0062670001170772,0.773162000314187,188.00342799977443,0.0203720001081819,202.74605600030785
space.MOV,61,space,True,U,0.561648428440094,False,U,False,False,False,True,14.038025000047584,0.0060480001593532,0.7893319998402148,188.3483599999636,0.019126000097458,203.2008910001082
space.MOV,62,space,True,R,0.4844281673431396,False,R,False,False,False,True,14.065287999983411,0.0054229999477684,0.7941240000945982,189.62840299991512,0.0192259999494126,204.51246399989031
space.MOV,63,space,True,U,0.7427424788475037,False,U,False,False,False,True,13.992690999998558,0.0079619999269198,0.7919230001789401,189.2971590000343,0.0192430002243781,204.1089780003631
space.MOV,64,space,True,U,0.680232048034668,False,U,False,False,False,True,13.863740000033433,0.0067680002757697,0.7631530002072395,188.11560999984067,0.0191889998859551,202.76846000024307
space.MOV,65,space,True,U,0.8389427661895752,False,U,False,False,False,True,14.108864999968771,0.0074760000643436,0.8771919997343502,191.1384719996932,0.0172360000760818,206.1492409995367
space.MOV,66,space,True,U,0.7202135324478149,False,U,False,False,False,True,14.039556000000175,0.0062930002968641,0.8217219997277425,194.5432729999084,0.0180960000761842,209.42894000000933
space.MOV,67,space,True,U,0.4953668117523193,False,U,False,False,False,True,14.120487000013782,0.0066070001594198,0.9177370002362296,196.2902310001482,0.0178179998329142,211.3528800003905
space.MOV,68,space,True,R,0.3790496289730072,False,R,False,False,False,True,14.02052299999923,0.0063749998844286,0.8009339999262011,200.70120800028235,0.0192529996638768,215.5482929997561
space.MOV,69,space,True,R,0.3145407438278198,False,R,False,False,False,True,14.014401999986603,0.0075769999057229,0.8309660001941666,204.4546460001584,0.0179610001396213,219.3255520003845
space.MOV,70,space,True,R,0.3046858012676239,False,R,False,False,False,True,14.041753000014978,0.0067300002228876,0.792816999819479,202.98249100005705,0.0208609999390319,217.84465200005343
space.MOV,71,space,True,U,0.46536985039711,False,U,False,False,False,True,13.950130000011995,0.0073679998422448,0.916106999738986,194.39493000027144,0.0200079998649016,209.2885429997296
space.MOV,72,space,True,U,0.2985056340694427,False,U,False,False,False,True,13.959848000013151,0.0059049998526461,0.7949470000312431,194.8141130001204,0.0195220000023255,209.59433500001973
space.MOV,73,space,True,U,0.3300597071647644,False,U,False,False,False,True,14.075670000011089,0.0065170002017111,0.8977450002021214,192.02622899956623,0.0191369999811286,207.02529799996228
space.MOV,74,space,True,U,0.4017935395240783,False,U,False,False,False,True,14.008730999989892,0.006289999873843,0.8061960002123669,192.04953100006605,0.0200509998649067,206.89079900000704
space.MOV,75,space,True,U,0.4251622557640075,False,U,False,False,False,True,14.021311000021797,0.0066379998315824,0.8299769997393014,192.6727249997384,0.0176830003510986,207.5483339996822
space.MOV,76,space,True,R,0.2583722770214081,False,R,False,False,False,True,13.983758999984277,0.0062320000324689,0.8330890000252111,192.15098899985605,0.0186580000445246,206.99272699994253
space.MOV,77,space,True,U,0.3610939681529999,False,U,False,False,False,True,14.262248000022735,0.006378999842127,0.8517310002389422,189.6522039996853,0.0201550001293071,204.7927169999184
space.MOV,78,space,True,R,0.3399383425712585,False,R,False,False,False,True,14.14364099997556,0.0068949998421885,0.8340949998455471,191.6105619998234,0.0165380001817538,206.61173099966845
space.MOV,79,space,True,R,0.5092695355415344,False,R,False,False,False,True,14.517901000033362,0.0073850001172104,0.814128999991226,193.71736799985229,0.0190390001080231,209.0758220001021
space.MOV,80,space,True,U,0.6920745372772217,False,U,False,False,False,True,13.995519999980388,0.0063249999584513,0.8394980000048236,192.35546500021883,0.0197859999389038,207.2165940001014
space.MOV,81,space,True,U,0.696305513381958,False,U,False,False,False,True,14.070634999939102,0.0077440004133677,0.8185179999600223,192.46509499998865,0.0205399996957567,207.3825319999969
space.MOV,82,space,True,U,0.5248371362686157,False,U,False,False,False,True,13.908650999951533,0.0069570000960084,0.8108140000331332,199.25319999993008,0.0206990002880047,214.00032100029875
space.MOV,83,space,True,U,0.3997538983821869,False,U,False,False,False,True,14.143730999990112,0.0072110001383407,0.9625439997762442,195.99055800017595,0.0220209999497456,211.1260650000304
space.MOV,84,space,True,U,0.4187739193439483,False,U,False,False,False,True,13.996253999948747,0.0066049997258232,0.8909799998946255,192.6389380000728,0.0173620001078234,207.55013899974983
space.MOV,85,space,True,U,0.4057209193706512,False,U,False,False,False,True,14.274380999950154,0.008507000075042,0.9388700000272364,197.08039299985103,0.0226980000661569,212.3248489999696
space.MOV,86,space,True,U,0.7513816356658936,False,U,False,False,False,True,14.698539000050914,0.0068239996835472,0.8452940001006937,194.5484610000676,0.0186750003194902,210.11779300022224
space.MOV,87,space,True,U,0.7842738032341003,False,U,False,False,False,True,14.254433000019162,0.0069689999691036,0.9108070003094326,190.65959099998508,0.0177609999809646,205.8495610002637
space.MOV,88,space,True,U,0.9044283032417296,False,U,False,False,False,True,14.083126000059565,0.0077299996519286,0.8167219998540531,196.1973279999256,0.0201439997908892,211.12504999928208
space.MOV,89,space,True,U,0.8955788016319275,False,U,False,False,False,True,14.22753399992871,0.0068159997681505,0.8790280003267981,201.9120509999084,0.020773999949597,217.04620299988164
space.MOV,90,space,True,U,0.3760644495487213,False,U,False,False,False,True,13.98171400001047,0.0069390002863656,0.8119960002659354,199.5733700000528,0.0204600000870414,214.39447900070263
space.MOV,91,space,True,U,0.4961020946502685,False,U,False,False,False,True,13.936862999912591,0.0074979998316848,0.9192299999085662,202.05234200011543,0.0189269999282259,216.93485999969653
space.MOV,92,space,True,U,0.5681726932525635,False,U,False,False,False,True,13.990071999955944,0.0081250000221189,0.8457640001324762,192.1180949998416,0.0195930001609667,206.98164900011307
space.MOV,93,space,True,U,0.4539670944213867,False,U,False,False,False,True,13.995878999935483,0.0082000001384585,0.9240370000043184,195.78021699999223,0.0200160002350457,210.7283490003056
space.MOV,94,space,True,R,0.4284512400627136,False,R,False,False,False,True,14.2895019999969,0.0089139998635801,0.8172200000444718,194.0910260000237,0.0191220001397596,209.2257840000684
space.MOV,95,space,True,R,0.3684588074684143,False,R,False,False,False,True,14.11924999990788,0.0073090000114461,0.8581199999753153,199.66096100006325,0.0490769998577889,214.69471699981568
space.MOV,96,space,True,U,0.7457108497619629,False,U,False,False,False,True,13.95018700009132,0.0073169999268429,0.860809000187146,219.6872610002174,0.0190529999599675,234.52462700038268
space.MOV,97,space,True,U,0.420382559299469,False,U,False,False,False,True,14.31808099994214,0.0082100000327045,0.857512000038696,194.467836000058,0.0177189999703841,209.669358000042
space.MOV,98,space,True,U,0.4025629460811615,False,U,False,False,False,True,14.232306999929278,0.007595000170113,0.7927130000098259,193.35921399988365,0.019773000076384,208.41160200006925
space.MOV,99,space,True,R,0.6659964919090271,False,R,False,False,False,True,14.099521999924036,0.0070380001488956,0.8675909998601128,197.36343500017028,0.0173119997270987,212.35489799983043
space.MOV,100,space,True,R,0.6526495218276978,False,R,False,False,False,True,14.165115999958289,0.0073470000643283,0.8293880000564968,195.63056000015425,0.0183629999810364,210.6507740002144
space.MOV,101,space,True,U,0.783815324306488,False,U,False,False,False,True,14.870985000015937,0.0081449998106108,0.855289999890374,195.3318819996639,0.0171020001289434,211.08340399950976
space.MOV,102,space,True,U,0.8866236805915833,False,U,False,False,False,True,14.339585000016086,0.0064079999901878,0.8390809998672921,194.4125250001889,0.0179540002136491,209.6155530002761
space.MOV,103,space,True,R,0.4833407700061798,False,R,False,False,False,True,14.211338999984946,0.0060050001593481,0.8158890000231622,191.8022810000366,0.0319249998028681,206.86743900000693
space.MOV,104,space,True,U,0.5731768012046814,False,U,False,False,False,True,14.14476000002196,0.0059969997892039,0.8566080000491638,193.74949600023683,0.0171490000866469,208.7740100001838
space.MOV,105,space,True,U,0.6933269500732422,False,U,False,False,False,True,14.043363000041609,0.006489000043075,0.8483259998683934,193.0671899999652,0.0198339998860319,207.9852019998043
space.MOV,106,space,True,U,0.6070495843887329,False,U,False,False,False,True,14.3839580000531,0.0066279999373364,0.8348459996341262,191.46556399982728,0.0197950002984725,206.71079099975032
space.MOV,107,space,True,U,0.6705538630485535,False,U,False,False,False,True,14.350626999998894,0.0061929999901622,0.8385819996874488,192.2006630002216,0.0192839997907867,207.41534899968883
space.MOV,108,space,True,U,0.7043313980102539,False,U,False,False,False,True,14.497677999997904,0.0056120002227544,0.805816000138293,192.7033379997738,0.0190290002137771,208.03147300034647
space.MOV,109,space,True,U,0.8287393450737,False,U,False,False,False,True,14.75877699999728,0.0074509998739813,0.8503909998580639,191.40459300024304,0.020336000034149,207.0415480000065
space.MOV,110,space,True,U,0.8271860480308533,False,U,False,False,False,True,14.545926999971924,0.0075300004027667,0.83891299982497,194.6511230003125,0.0166919999173842,210.0601850004296
space.MOV,111,space,True,U,0.812432587146759,False,U,False,False,False,True,14.280080000048656,0.0060030001804989,0.9167489997707888,209.61150199991607,0.0266820002252643,224.84101600014128
space.MOV,112,space,True,U,0.636409342288971,False,U,False,False,False,True,14.222078999978294,0.0064239998209814,0.9832920000008016,193.14777399995364,0.0165619999279442,208.3761309996817
space.MOV,113,space,True,U,0.7685654163360596,False,U,False,False,False,True,14.206815999955325,0.0064820001171028,0.8670650004205527,190.751459999774,0.018541999907029,205.85036500017395
space.MOV,114,space,True,U,0.7473345994949341,False,U,False,False,False,True,14.361617000076876,0.005962000159343,0.8309019999614975,189.4008300000678,0.0199169999177684,204.61922800018328
space.MOV,115,space,True,U,0.5520760416984558,False,U,False,False,False,True,14.17789200002062,0.0064810001276782,0.9010260000650304,189.7003700000824,0.0195920001715421,204.8053610004672
space.MOV,116,space,True,R,0.6352842450141907,False,R,False,False,False,True,13.97076700004618,0.0062829999478708,0.8600070000284177,192.6469499999257,0.0188330000128189,207.502839999961
space.MOV,117,space,True,R,0.4673361480236053,False,R,False,False,False,True,14.062880999972547,0.0072980001277755,0.8561390000068059,193.33187000029284,0.0197190001927083,208.27790700059268
space.MOV,118,space,True,R,0.2992351353168487,False,R,False,False,False,True,14.287535999983447,0.0064849996306293,0.8684809999977006,190.6566210000165,0.017695999758871,205.8368189993871
space.MOV,119,space,True,space,0.3685167133808136,True,space,True,False,False,False,14.257657000030122,0.0080960003288055,0.8454839999103569,191.01207599987904,0.0187279997589939,206.1420409999073
space.MOV,120,space,True,space,0.60906982421875,True,space,True,False,False,False,14.16770200000883,0.0091599999905156,0.8644709996588062,192.15283999983512,0.0169750001077773,207.21114799960105
space.MOV,121,space,True,space,0.5667611360549927,True,space,True,False,False,False,14.345609999963926,0.007290999747056,0.9254080000573596,194.90647499969785,0.01914599988595,210.2039299993521
space.MOV,122,space,True,U,0.5060375332832336,False,U,False,False,False,True,14.094920999923488,0.0058730001910589,0.9110999999393244,193.15554500008147,0.0202969999918423,208.1877360001272
space.MOV,123,space,True,space,0.485281765460968,True,space,True,False,False,False,14.07062299995232,0.0060249999478401,0.9573620000082884,192.25607899988967,0.0197569997908431,207.30984599958904
space.MOV,124,space,True,U,0.7221920490264893,False,U,False,False,False,True,14.066012999933264,0.0062789999901724,0.8250739997492929,192.35348100028204,0.0195279999388731,207.27037499989365
space.MOV,125,space,True,space,0.532036542892456,True,space,True,False,False,False,14.545939999948132,0.0064170003497565,0.923280000279192,192.1735250002712,0.0193529999705788,207.66851500081884
space.MOV,126,space,True,U,0.7536073923110962,False,U,False,False,False,True,14.354544999946484,0.0072819998422346,0.8253859996329993,192.95171100020525,0.0187230002666183,208.1576469998936
space.MOV,127,space,True,U,0.7235825657844543,False,U,False,False,False,True,14.103554000030272,0.0059900003179791,0.8914490003917308,191.44966300018496,0.0196500000129162,206.47030600093785
space.MOV,128,space,True,U,0.8254334926605225,False,U,False,False,False,True,14.217328999961865,0.0078920002124505,0.7925039999463479,188.01809200022035,0.0349880001522251,203.07080500049324
space.MOV,129,space,True,U,0.6043301820755005,False,U,False,False,False,True,14.298291000045538,0.0064079999901878,0.8746309999878576,194.4961120002517,0.0172740001289639,209.6927160004043
space.MOV,130,space,True,U,0.6110888719558716,False,U,False,False,False,True,14.224237000007632,0.0125130000014905,0.8274699998764845,189.9972420001177,0.0170260000231792,205.07848800002648
space.MOV,131,space,True,U,0.8307986259460449,False,U,False,False,False,True,13.9489319999484,0.00638399978925,0.7920269999885932,189.6257160001369,0.0191979997907765,204.3922569996539
space.MOV,132,space,True,U,0.7510747313499451,False,U,False,False,False,True,14.034817000037949,0.0062869999055692,0.8233520002249861,194.69516200024373,0.018666999949346,209.5782850003616
space.MOV,133,space,True,U,0.7036044597625732,False,U,False,False,False,True,14.11058399992271,0.0066850002440332,0.7952359997034364,190.03222800029107,0.0188070002877793,204.96354000044903
space.MOV,134,space,True,U,0.5389326810836792,False,U,False,False,False,True,14.343477000011262,0.0064359996940765,0.7991309998942597,193.2064650000029,0.0206969998544082,208.3762059994569
space.MOV,135,space,True,U,0.7865368127822876,False,U,False,False,False,True,13.895092000097977,0.0058509999689704,0.8641579997856752,190.2431829998932,0.0186909996955364,205.0269749994413
space.MOV,136,space,True,U,0.4141669571399688,False,U,False,False,False,True,13.83231199997681,0.0063960001170926,0.784828000178095,189.527784999882,0.0197909998860268,204.17111200004
space.MOV,137,space,True,U,0.4892515242099762,False,U,False,False,False,True,13.917400000082123,0.0106269999378127,0.8405410003433644,190.42530000024271,0.0160690001393959,205.2099370007454
space.MOV,138,space,True,U,0.5610848665237427,False,U,False,False,False,True,13.8522599999078,0.00961300020208,0.7413640000777377,208.3975820000888,0.0177390002136235,223.01855800049
