relative_path,true_label,pred_label,confidence,n_boxes,correct
A/A1001.jpg,A,A,0.9933626651763916,300,1
A/A1002.jpg,A,A,0.9934021830558777,300,1
A/A1008.jpg,A,A,0.9933788776397705,300,1
A/A1009.jpg,A,A,0.9934003353118896,300,1
A/A1011.jpg,A,A,0.9933925271034241,300,1
A/A1014.jpg,A,A,0.9934448003768921,300,1
A/A1020.jpg,A,A,0.9934547543525696,300,1
A/A1022.jpg,A,A,0.9933930039405823,300,1
A/A1024.jpg,A,A,0.9934104084968567,300,1
A/A103.jpg,A,A,0.9930866360664368,300,1
A/A1037.jpg,A,A,0.9932770133018494,300,1
A/A1042.jpg,A,A,0.9932836294174194,300,1
A/A1044.jpg,A,A,0.9932290315628052,300,1
A/A1045.jpg,A,A,0.9932422041893005,300,1
A/A1054.jpg,A,A,0.9932390451431274,300,1
A/A107.jpg,A,A,0.9930856227874756,300,1
A/A1079.jpg,A,A,0.99310702085495,300,1
A/A1085.jpg,A,A,0.9931128621101379,300,1
A/A1087.jpg,A,A,0.9931106567382812,300,1
A/A1098.jpg,A,A,0.9932529330253601,300,1
A/A1100.jpg,A,A,0.9932540059089661,300,1
A/A1106.jpg,A,A,0.9932194352149963,300,1
A/A1109.jpg,A,A,0.9931679964065552,300,1
A/A1114.jpg,A,A,0.9933516383171082,300,1
A/A1121.jpg,A,A,0.9933899641036987,300,1
A/A1126.jpg,A,A,0.9934210181236267,300,1
A/A1142.jpg,A,A,0.9932317733764648,300,1
A/A1148.jpg,A,A,0.993278443813324,300,1
A/A1151.jpg,A,A,0.9933522939682007,300,1
A/A1154.jpg,A,A,0.9933337569236755,300,1
A/A1164.jpg,A,A,0.9929860234260559,300,1
A/A1165.jpg,A,A,0.9928949475288391,300,1
A/A1167.jpg,A,A,0.992921769618988,300,1
A/A1173.jpg,A,A,0.9930391907691956,300,1
A/A1178.jpg,A,A,0.9930141568183899,300,1
A/A1183.jpg,A,A,0.9930927753448486,300,1
A/A1186.jpg,A,A,0.9931843876838684,300,1
A/A119.jpg,A,A,0.9930986762046814,300,1
A/A1193.jpg,A,A,0.9932157397270203,300,1
A/A1196.jpg,A,A,0.9932589530944824,300,1
A/A1204.jpg,A,A,0.993198573589325,300,1
A/A1214.jpg,A,A,0.9930918216705322,300,1
A/A1217.jpg,A,A,0.9931209683418274,300,1
A/A1219.jpg,A,A,0.993074893951416,300,1
A/A1225.jpg,A,A,0.9932917356491089,300,1
A/A1227.jpg,A,A,0.9932548403739929,300,1
A/A1236.jpg,A,A,0.9932883381843567,300,1
A/A1237.jpg,A,A,0.9932978749275208,300,1
A/A1238.jpg,A,A,0.9933580756187439,300,1
A/A1247.jpg,A,A,0.9933155179023743,300,1
A/A1249.jpg,A,A,0.9932718873023987,300,1
A/A1259.jpg,A,A,0.9933046698570251,300,1
A/A1269.jpg,A,A,0.9933624267578125,300,1
A/A1274.jpg,A,A,0.9933931231498718,300,1
A/A1276.jpg,A,A,0.9932778477668762,300,1
A/A1278.jpg,A,A,0.9932551383972168,300,1
A/A1284.jpg,A,A,0.9934033751487732,300,1
A/A1289.jpg,A,A,0.9932083487510681,300,1
A/A1295.jpg,A,A,0.993135929107666,300,1
A/A1296.jpg,A,A,0.9931675791740417,300,1
A/A1299.jpg,A,A,0.9931158423423767,300,1
A/A1307.jpg,A,A,0.9931479096412659,300,1
A/A1310.jpg,A,A,0.9932045936584473,300,1
A/A1312.jpg,A,A,0.9931129813194275,300,1
A/A1313.jpg,A,A,0.9932608008384705,300,1
A/A1314.jpg,A,A,0.9932059049606323,300,1
A/A1318.jpg,A,A,0.9930984377861023,300,1
A/A1321.jpg,A,A,0.9930425882339478,300,1
A/A1323.jpg,A,A,0.9931221604347229,300,1
A/A1326.jpg,A,A,0.9930902123451233,300,1
A/A1329.jpg,A,A,0.9930699467658997,300,1
A/A1331.jpg,A,A,0.9931855201721191,300,1
A/A1336.jpg,A,A,0.9931856393814087,300,1
A/A1341.jpg,A,A,0.9932457804679871,300,1
A/A1344.jpg,A,A,0.9932548403739929,300,1
A/A1345.jpg,A,A,0.993255615234375,300,1
A/A1352.jpg,A,A,0.9932193160057068,300,1
A/A1354.jpg,A,A,0.9932532906532288,300,1
A/A1356.jpg,A,A,0.9932517409324646,300,1
A/A1358.jpg,A,A,0.9932275414466858,300,1
A/A1364.jpg,A,A,0.9932368397712708,300,1
A/A1365.jpg,A,A,0.9932366013526917,300,1
A/A1366.jpg,A,A,0.9932622313499451,300,1
A/A1371.jpg,A,A,0.9933236241340637,300,1
A/A1383.jpg,A,A,0.9934032559394836,300,1
A/A1388.jpg,A,A,0.9933918118476868,300,1
A/A1401.jpg,A,A,0.9931962490081787,300,1
A/A1403.jpg,A,A,0.9934347867965698,300,1
A/A1409.jpg,A,A,0.9933809041976929,300,1
A/A141.jpg,A,A,0.9930342435836792,300,1
A/A1416.jpg,A,A,0.9933409094810486,300,1
A/A1423.jpg,A,A,0.9932819604873657,300,1
A/A1426.jpg,A,A,0.9932428002357483,300,1
A/A1430.jpg,A,A,0.9932423233985901,300,1
A/A1439.jpg,A,A,0.9932671785354614,300,1
A/A144.jpg,A,A,0.9929412603378296,300,1
A/A1442.jpg,A,A,0.99326491355896,300,1
A/A1445.jpg,A,A,0.9932259917259216,300,1
A/A1447.jpg,A,A,0.9931495785713196,300,1
A/A1451.jpg,A,A,0.9931332468986511,300,1
A/A1465.jpg,A,A,0.9931540489196777,300,1
A/A1468.jpg,A,A,0.9930904507637024,300,1
A/A1480.jpg,A,A,0.9932222366333008,300,1
A/A1483.jpg,A,A,0.993239164352417,300,1
A/A1485.jpg,A,A,0.9931840300559998,300,1
A/A1494.jpg,A,A,0.9933415055274963,300,1
A/A1499.jpg,A,A,0.9932965636253357,300,1
A/A150.jpg,A,A,0.993091344833374,300,1
A/A1505.jpg,A,A,0.9932978749275208,300,1
A/A1506.jpg,A,A,0.9932816028594971,300,1
A/A1512.jpg,A,A,0.993277370929718,300,1
A/A1514.jpg,A,A,0.9932311773300171,300,1
A/A1515.jpg,A,A,0.9932721257209778,300,1
A/A1516.jpg,A,A,0.9932394027709961,300,1
A/A1519.jpg,A,A,0.9931703805923462,300,1
A/A152.jpg,A,A,0.9930809140205383,300,1
A/A1523.jpg,A,A,0.9932820796966553,300,1
A/A1528.jpg,A,A,0.9933045506477356,300,1
A/A153.jpg,A,A,0.9930582046508789,300,1
A/A1540.jpg,A,A,0.9932582378387451,300,1
A/A1542.jpg,A,A,0.9932349324226379,300,1
A/A1545.jpg,A,A,0.9932435154914856,300,1
A/A1551.jpg,A,A,0.9932457804679871,300,1
A/A1559.jpg,A,A,0.9932194352149963,300,1
A/A1562.jpg,A,A,0.993238091468811,300,1
A/A157.jpg,A,A,0.9928955435752869,300,1
A/A1581.jpg,A,A,0.9932212829589844,300,1
A/A1582.jpg,A,A,0.9932450652122498,300,1
A/A1588.jpg,A,A,0.9932465553283691,300,1
A/A1590.jpg,A,A,0.9931532144546509,300,1
A/A1595.jpg,A,A,0.9931094646453857,300,1
A/A16.jpg,A,A,0.993096649646759,300,1
A/A161.jpg,A,A,0.9928314685821533,300,1
A/A1614.jpg,A,A,0.9931682348251343,300,1
A/A1615.jpg,A,A,0.9931727051734924,300,1
A/A162.jpg,A,A,0.9928011894226074,300,1
A/A1622.jpg,A,A,0.9932820796966553,300,1
A/A1625.jpg,A,A,0.9932593703269958,300,1
A/A1629.jpg,A,A,0.9932724237442017,300,1
A/A1630.jpg,A,A,0.99327552318573,300,1
A/A1636.jpg,A,A,0.9932829141616821,300,1
A/A1665.jpg,A,A,0.9932745695114136,300,1
A/A1666.jpg,A,A,0.9933627843856812,300,1
A/A1670.jpg,A,A,0.9934837222099304,300,1
A/A1675.jpg,A,A,0.9934491515159607,300,1
A/A1676.jpg,A,A,0.9934712648391724,300,1
A/A1678.jpg,A,A,0.9934660792350769,300,1
A/A1680.jpg,A,A,0.9935007691383362,300,1
A/A1681.jpg,A,A,0.9934759736061096,300,1
A/A1682.jpg,A,A,0.9934710264205933,300,1
A/A1705.jpg,A,A,0.9931786060333252,300,1
A/A1706.jpg,A,A,0.993192732334137,300,1
A/A1707.jpg,A,A,0.9931572079658508,300,1
A/A1715.jpg,A,A,0.9931545257568359,300,1
A/A1716.jpg,A,A,0.9930484294891357,300,1
A/A1717.jpg,A,A,0.9928850531578064,300,1
A/A1722.jpg,A,A,0.993115246295929,300,1
A/A1723.jpg,A,A,0.9931614398956299,300,1
A/A1727.jpg,A,A,0.9931612014770508,300,1
A/A1729.jpg,A,A,0.9931122660636902,300,1
A/A1730.jpg,A,A,0.9930621981620789,300,1
A/A1731.jpg,A,A,0.9930811524391174,300,1
A/A1734.jpg,A,A,0.993232250213623,300,1
A/A1737.jpg,A,A,0.9931424856185913,300,1
A/A1743.jpg,A,A,0.9931801557540894,300,1
A/A1750.jpg,A,A,0.9931336641311646,300,1
A/A1751.jpg,A,A,0.9930944442749023,300,1
A/A1755.jpg,A,A,0.9929060935974121,300,1
A/A1758.jpg,A,A,0.992900013923645,300,1
A/A1763.jpg,A,A,0.9931250810623169,300,1
A/A1764.jpg,A,A,0.9931167364120483,300,1
A/A177.jpg,A,A,0.9929763078689575,300,1
A/A1771.jpg,A,A,0.9932617545127869,300,1
A/A1785.jpg,A,A,0.9930778741836548,300,1
A/A179.jpg,A,A,0.9930061101913452,300,1
A/A1793.jpg,A,A,0.9932485818862915,300,1
A/A1794.jpg,A,A,0.9932992458343506,300,1
A/A1795.jpg,A,A,0.9933111667633057,300,1
A/A1807.jpg,A,A,0.993216335773468,300,1
A/A1808.jpg,A,A,0.9931475520133972,300,1
A/A1809.jpg,A,A,0.9930992126464844,300,1
A/A181.jpg,A,A,0.9930657148361206,300,1
A/A1814.jpg,A,A,0.9929860234260559,300,1
A/A1815.jpg,A,A,0.9929827451705933,300,1
A/A1818.jpg,A,A,0.9930076599121094,300,1
A/A1823.jpg,A,A,0.9928998947143555,300,1
A/A1826.jpg,A,A,0.9929889440536499,300,1
A/A1828.jpg,A,A,0.9930089712142944,300,1
A/A1829.jpg,A,A,0.9926384687423706,300,1
A/A183.jpg,A,A,0.99305659532547,300,1
A/A1838.jpg,A,A,0.993158757686615,300,1
A/A184.jpg,A,A,0.9930468201637268,300,1
A/A1844.jpg,A,A,0.9933528900146484,300,1
A/A1847.jpg,A,A,0.9933362007141113,300,1
A/A1851.jpg,A,A,0.9933016300201416,300,1
A/A1855.jpg,A,A,0.993247389793396,300,1
A/A1859.jpg,A,A,0.993151068687439,300,1
A/A1861.jpg,A,A,0.9932658672332764,300,1
A/A1862.jpg,A,A,0.9932349324226379,300,1
A/A1872.jpg,A,A,0.9933892488479614,300,1
A/A188.jpg,A,A,0.9930132031440735,300,1
A/A1883.jpg,A,A,0.9932467937469482,300,1
A/A1885.jpg,A,A,0.9932751655578613,300,1
A/A1893.jpg,A,A,0.9932789206504822,300,1
A/A1899.jpg,A,A,0.9932804703712463,300,1
A/A1900.jpg,A,A,0.9932899475097656,300,1
A/A1905.jpg,A,A,0.993299126625061,300,1
A/A1907.jpg,A,A,0.9933846592903137,300,1
A/A1918.jpg,A,A,0.9932803511619568,300,1
A/A1921.jpg,A,A,0.9933642148971558,300,1
A/A1924.jpg,A,A,0.9932802319526672,300,1
A/A1925.jpg,A,A,0.9932366013526917,300,1
A/A193.jpg,A,A,0.9930764436721802,300,1
A/A1940.jpg,A,A,0.9932894110679626,300,1
A/A1945.jpg,A,A,0.9932884573936462,300,1
A/A1948.jpg,A,A,0.9933218359947205,300,1
A/A1956.jpg,A,A,0.993228018283844,300,1
A/A196.jpg,A,A,0.9930456280708313,300,1
A/A1960.jpg,A,A,0.99314284324646,300,1
A/A1975.jpg,A,A,0.9933024644851685,300,1
A/A1979.jpg,A,A,0.9932123422622681,300,1
A/A1981.jpg,A,A,0.9931485056877136,300,1
A/A1983.jpg,A,A,0.993170976638794,300,1
A/A1990.jpg,A,A,0.9931451082229614,300,1
A/A1998.jpg,A,A,0.993032693862915,300,1
A/A2009.jpg,A,A,0.9931909441947937,300,1
A/A2013.jpg,A,A,0.9933528900146484,300,1
A/A2041.jpg,A,A,0.9934856295585632,300,1
A/A2046.jpg,A,A,0.9935290217399597,300,1
A/A2049.jpg,A,A,0.9935277104377747,300,1
A/A2050.jpg,A,A,0.9935805797576904,300,1
A/A2057.jpg,A,A,0.9935978651046753,300,1
A/A2060.jpg,A,A,0.9935095906257629,300,1
A/A2067.jpg,A,A,0.9935371279716492,300,1
A/A2068.jpg,A,A,0.9935247898101807,300,1
A/A2072.jpg,A,A,0.9934993982315063,300,1
A/A2082.jpg,A,A,0.9934919476509094,300,1
A/A2088.jpg,A,A,0.9934449195861816,300,1
A/A2089.jpg,A,A,0.9934887886047363,300,1
A/A2091.jpg,A,A,0.9935450553894043,300,1
A/A2098.jpg,A,A,0.9934729933738708,300,1
A/A2106.jpg,A,A,0.9931516647338867,300,1
A/A2111.jpg,A,A,0.9933601021766663,300,1
A/A2113.jpg,A,A,0.9934345483779907,300,1
A/A2116.jpg,A,A,0.9934146404266357,300,1
A/A2118.jpg,A,A,0.9933974742889404,300,1
A/A212.jpg,A,A,0.9930837154388428,300,1
A/A2121.jpg,A,A,0.9933347702026367,300,1
A/A2126.jpg,A,A,0.9934262037277222,300,1
A/A213.jpg,A,A,0.9930649399757385,300,1
A/A2135.jpg,A,A,0.993299126625061,300,1
A/A2136.jpg,A,A,0.9933066964149475,300,1
A/A2141.jpg,A,A,0.9933344125747681,300,1
A/A2153.jpg,A,A,0.9934762120246887,300,1
A/A2155.jpg,A,A,0.9934825301170349,300,1
A/A2157.jpg,A,A,0.9935166835784912,300,1
A/A2158.jpg,A,A,0.993394672870636,300,1
A/A2160.jpg,A,A,0.9934054613113403,300,1
A/A2165.jpg,A,A,0.9935570359230042,300,1
A/A2166.jpg,A,A,0.9934577345848083,300,1
A/A2169.jpg,A,A,0.9935053586959839,300,1
A/A2178.jpg,A,A,0.9934992790222168,300,1
A/A218.jpg,A,A,0.9930480122566223,300,1
A/A2181.jpg,A,A,0.9934911131858826,300,1
A/A2183.jpg,A,A,0.9934978485107422,300,1
A/A2189.jpg,A,A,0.9935008883476257,300,1
A/A219.jpg,A,A,0.9930447936058044,300,1
A/A22.jpg,A,A,0.9931635856628418,300,1
A/A2206.jpg,A,A,0.9931288957595825,300,1
A/A2209.jpg,A,A,0.9931638836860657,300,1
A/A2227.jpg,A,A,0.9931255578994751,300,1
A/A2232.jpg,A,A,0.9930832386016846,300,1
A/A2238.jpg,A,A,0.9931455850601196,300,1
A/A224.jpg,A,A,0.9931493401527405,300,1
A/A2242.jpg,A,A,0.993181049823761,300,1
A/A2243.jpg,A,A,0.9931679964065552,300,1
A/A2263.jpg,A,A,0.9931786060333252,300,1
A/A2266.jpg,A,A,0.9931702613830566,300,1
A/A2271.jpg,A,A,0.993378758430481,300,1
A/A2274.jpg,A,A,0.9932848215103149,300,1
A/A2275.jpg,A,A,0.9932725429534912,300,1
A/A228.jpg,A,A,0.9930902123451233,300,1
A/A2280.jpg,A,A,0.9933615922927856,300,1
A/A23.jpg,A,A,0.9931420683860779,300,1
A/A2302.jpg,A,A,0.9933260679244995,300,1
A/A2303.jpg,A,A,0.9932956099510193,300,1
A/A2304.jpg,A,A,0.9932832717895508,300,1
A/A2314.jpg,A,A,0.9934159517288208,300,1
A/A232.jpg,A,A,0.9930605888366699,300,1
A/A2332.jpg,A,A,0.9933930039405823,300,1
A/A2334.jpg,A,A,0.9934059381484985,300,1
A/A2335.jpg,A,A,0.9934307932853699,300,1
A/A2340.jpg,A,A,0.9934379458427429,300,1
A/A2346.jpg,A,A,0.9935051202774048,300,1
A/A2348.jpg,A,A,0.9935193657875061,300,1
A/A235.jpg,A,A,0.9930282235145569,300,1
A/A2350.jpg,A,A,0.9935740828514099,300,1
A/A2352.jpg,A,A,0.9935852885246277,300,1
A/A2364.jpg,A,A,0.9935196042060852,300,1
A/A2367.jpg,A,A,0.9935168027877808,300,1
A/A2371.jpg,A,A,0.9934537410736084,300,1
A/A2374.jpg,A,A,0.9934497475624084,300,1
A/A2375.jpg,A,A,0.9934849143028259,300,1
A/A2378.jpg,A,A,0.9934695959091187,300,1
A/A238.jpg,A,A,0.9930403232574463,300,1
A/A2390.jpg,A,A,0.9931759238243103,300,1
A/A2391.jpg,A,A,0.9932832717895508,300,1
A/A2392.jpg,A,A,0.9932414293289185,300,1
A/A2395.jpg,A,A,0.9931284189224243,300,1
A/A24.jpg,A,A,0.9931530952453613,300,1
A/A2413.jpg,A,A,0.9932088255882263,300,1
A/A2423.jpg,A,A,0.9932946562767029,300,1
A/A2427.jpg,A,A,0.9933178424835205,300,1
A/A2429.jpg,A,A,0.9933229088783264,300,1
A/A2433.jpg,A,A,0.9933318495750427,300,1
A/A2434.jpg,A,A,0.9933264255523682,300,1
A/A2436.jpg,A,A,0.9932716488838196,300,1
A/A2440.jpg,A,A,0.9931902289390564,300,1
A/A2446.jpg,A,A,0.9934765696525574,300,1
A/A2450.jpg,A,A,0.9934989213943481,300,1
A/A2455.jpg,A,A,0.9935085773468018,300,1
A/A2459.jpg,A,A,0.993448793888092,300,1
A/A2469.jpg,A,A,0.9933862090110779,300,1
A/A247.jpg,A,A,0.9931055903434753,300,1
A/A2478.jpg,A,A,0.9933562874794006,300,1
A/A2479.jpg,A,A,0.9933526515960693,300,1
A/A2487.jpg,A,A,0.993186354637146,300,1
A/A2490.jpg,A,A,0.9932088255882263,300,1
A/A2493.jpg,A,A,0.9931226372718811,300,1
A/A2502.jpg,A,A,0.992968738079071,300,1
A/A2504.jpg,A,A,0.9929782748222351,300,1
A/A251.jpg,A,A,0.9931448698043823,300,1
A/A2510.jpg,A,A,0.9930625557899475,300,1
A/A2519.jpg,A,A,0.9932047128677368,300,1
A/A2531.jpg,A,A,0.9932778477668762,300,1
A/A2534.jpg,A,A,0.9931909441947937,300,1
A/A2537.jpg,A,A,0.9932461977005005,300,1
A/A2549.jpg,A,A,0.9932067394256592,300,1
A/A2551.jpg,A,A,0.9932293891906738,300,1
A/A2554.jpg,A,A,0.9930976033210754,300,1
A/A2557.jpg,A,A,0.9931440353393555,300,1
A/A2566.jpg,A,A,0.9931268692016602,300,1
A/A2572.jpg,A,A,0.9930973649024963,300,1
A/A2573.jpg,A,A,0.9930679798126221,300,1
A/A2582.jpg,A,A,0.9931043982505798,300,1
A/A2587.jpg,A,A,0.9931551814079285,300,1
A/A2588.jpg,A,A,0.9931485056877136,300,1
A/A2598.jpg,A,A,0.9928913116455078,300,1
A/A260.jpg,A,A,0.9931492209434509,300,1
A/A2600.jpg,A,A,0.9929136633872986,300,1
A/A2602.jpg,A,A,0.992893636226654,300,1
A/A2607.jpg,A,A,0.9930101037025452,300,1
A/A2608.jpg,A,A,0.9929794669151306,300,1
A/A2613.jpg,A,A,0.9929590225219727,300,1
A/A2614.jpg,A,A,0.9928998947143555,300,1
A/A2618.jpg,A,A,0.9929560422897339,300,1
A/A2629.jpg,A,A,0.993099570274353,300,1
A/A263.jpg,A,A,0.9930576086044312,300,1
A/A2634.jpg,A,A,0.9931582808494568,300,1
A/A2635.jpg,A,A,0.9931071400642395,300,1
A/A2639.jpg,A,A,0.9929977655410767,300,1
A/A2649.jpg,A,A,0.9931097030639648,300,1
A/A2659.jpg,A,A,0.993103563785553,300,1
A/A2660.jpg,A,A,0.9931598901748657,300,1
A/A2661.jpg,A,A,0.9931554198265076,300,1
A/A2663.jpg,A,A,0.9931598901748657,300,1
A/A2682.jpg,A,A,0.9931647181510925,300,1
A/A2691.jpg,A,A,0.9928297400474548,300,1
A/A2695.jpg,A,A,0.9929474592208862,300,1
A/A2708.jpg,A,A,0.9931267499923706,300,1
A/A2709.jpg,A,A,0.993126630783081,300,1
A/A271.jpg,A,A,0.9930039048194885,300,1
A/A2717.jpg,A,A,0.9930567741394043,300,1
A/A2722.jpg,A,A,0.9929198622703552,300,1
A/A2728.jpg,A,A,0.9930342435836792,300,1
A/A2729.jpg,A,A,0.9930434226989746,300,1
A/A273.jpg,A,A,0.9930071830749512,300,1
A/A2731.jpg,A,A,0.9930281043052673,300,1
A/A2738.jpg,A,A,0.9930194020271301,300,1
A/A2744.jpg,A,A,0.9930030703544617,300,1
A/A2746.jpg,A,A,0.9929875731468201,300,1
A/A2750.jpg,A,A,0.9928663969039917,300,1
A/A2752.jpg,A,A,0.9929097294807434,300,1
A/A2756.jpg,A,A,0.99289870262146,300,1
A/A2757.jpg,A,A,0.9929543137550354,300,1
A/A276.jpg,A,A,0.9930961728096008,300,1
A/A2762.jpg,A,A,0.9930039048194885,300,1
A/A2764.jpg,A,A,0.9930261373519897,300,1
A/A2768.jpg,A,A,0.9929908514022827,300,1
A/A277.jpg,A,A,0.9930821061134338,300,1
A/A2771.jpg,A,A,0.9930620789527893,300,1
A/A2775.jpg,A,A,0.9931067824363708,300,1
A/A2778.jpg,A,A,0.9930712580680847,300,1
A/A2790.jpg,A,A,0.9929167032241821,300,1
A/A2794.jpg,A,A,0.9929022192955017,300,1
A/A2795.jpg,A,A,0.9928694367408752,300,1
A/A2802.jpg,A,A,0.9928594827651978,300,1
A/A2805.jpg,A,A,0.9929453730583191,300,1
A/A2807.jpg,A,A,0.9931097030639648,300,1
A/A281.jpg,A,A,0.9930334091186523,300,1
A/A2815.jpg,A,A,0.9930918216705322,300,1
A/A2816.jpg,A,A,0.993044912815094,300,1
A/A2820.jpg,A,A,0.993129551410675,300,1
A/A2825.jpg,A,A,0.9931984543800354,300,1
A/A2826.jpg,A,A,0.9932199120521545,300,1
A/A283.jpg,A,A,0.9930083751678467,300,1
A/A2835.jpg,A,A,0.9933265447616577,300,1
A/A2839.jpg,A,A,0.9933233857154846,300,1
A/A2846.jpg,A,A,0.9932898879051208,300,1
A/A2852.jpg,A,A,0.9932332634925842,300,1
A/A2856.jpg,A,A,0.993267297744751,300,1
A/A2857.jpg,A,A,0.9932126998901367,300,1
A/A2859.jpg,A,A,0.9932641983032227,300,1
A/A2867.jpg,A,A,0.993168830871582,300,1
A/A2872.jpg,A,A,0.9930803179740906,300,1
A/A2873.jpg,A,A,0.9930714964866638,300,1
A/A2877.jpg,A,A,0.9930096864700317,300,1
A/A2883.jpg,A,A,0.993134617805481,300,1
A/A2894.jpg,A,A,0.9930645823478699,300,1
A/A2900.jpg,A,A,0.9930388331413269,300,1
A/A2913.jpg,A,A,0.9930676221847534,300,1
A/A2916.jpg,A,A,0.9930588006973267,300,1
A/A292.jpg,A,A,0.9929721355438232,300,1
A/A2927.jpg,A,A,0.9929779171943665,300,1
A/A2928.jpg,A,A,0.9929832220077515,300,1
A/A293.jpg,A,A,0.9929620623588562,300,1
A/A2936.jpg,A,A,0.9931522607803345,300,1
A/A2941.jpg,A,A,0.9932451844215393,300,1
A/A2942.jpg,A,A,0.9931776523590088,300,1
A/A2946.jpg,A,A,0.993296205997467,300,1
A/A2949.jpg,A,A,0.9932809472084045,300,1
A/A295.jpg,A,A,0.9929567575454712,300,1
A/A2952.jpg,A,A,0.993230938911438,300,1
A/A2962.jpg,A,A,0.9932310581207275,300,1
A/A2970.jpg,A,A,0.9932845830917358,300,1
A/A2972.jpg,A,A,0.9933091402053833,300,1
A/A2973.jpg,A,A,0.993299126625061,300,1
A/A2975.jpg,A,A,0.9933052659034729,300,1
A/A2984.jpg,A,A,0.9932137727737427,300,1
A/A2988.jpg,A,A,0.9933969974517822,300,1
A/A2990.jpg,A,A,0.9933451414108276,300,1
A/A2995.jpg,A,A,0.9932928085327148,300,1
A/A3.jpg,A,A,0.9930911064147949,300,1
A/A3000.jpg,A,A,0.9933597445487976,300,1
A/A305.jpg,A,A,0.9929721355438232,300,1
A/A311.jpg,A,A,0.9929855465888977,300,1
A/A318.jpg,A,A,0.9930942058563232,300,1
A/A321.jpg,A,A,0.9930813908576965,300,1
A/A325.jpg,A,A,0.9930604696273804,300,1
A/A328.jpg,A,A,0.9930697083473206,300,1
A/A342.jpg,A,A,0.9930591583251953,300,1
A/A343.jpg,A,A,0.9930799603462219,300,1
A/A351.jpg,A,A,0.9929572343826294,300,1
A/A352.jpg,A,A,0.9930062294006348,300,1
A/A357.jpg,A,A,0.9930404424667358,300,1
A/A361.jpg,A,A,0.993044912815094,300,1
A/A367.jpg,A,A,0.9930548071861267,300,1
A/A376.jpg,A,A,0.9930292963981628,300,1
A/A379.jpg,A,A,0.993033766746521,300,1
A/A384.jpg,A,A,0.9930329322814941,300,1
A/A400.jpg,A,A,0.9931199550628662,300,1
A/A405.jpg,A,A,0.9931157231330872,300,1
A/A407.jpg,A,A,0.9930633902549744,300,1
A/A41.jpg,A,A,0.9930117726325989,300,1
A/A412.jpg,A,A,0.9931721687316895,300,1
A/A414.jpg,A,A,0.9932460784912109,300,1
A/A415.jpg,A,A,0.9932182431221008,300,1
A/A421.jpg,A,A,0.9932663440704346,300,1
A/A425.jpg,A,A,0.9931909441947937,300,1
A/A431.jpg,A,A,0.9930417537689209,300,1
A/A432.jpg,A,A,0.9930844306945801,300,1
A/A440.jpg,A,A,0.9930298924446106,300,1
A/A447.jpg,A,A,0.9929987192153931,300,1
A/A465.jpg,A,A,0.9930395483970642,300,1
A/A468.jpg,A,A,0.9930663108825684,300,1
A/A473.jpg,A,A,0.9930550456047058,300,1
A/A475.jpg,A,A,0.993103563785553,300,1
A/A476.jpg,A,A,0.9931043982505798,300,1
A/A48.jpg,A,A,0.9928646087646484,300,1
A/A480.jpg,A,A,0.9930082559585571,300,1
A/A481.jpg,A,A,0.9930169582366943,300,1
A/A497.jpg,A,A,0.9929537177085876,300,1
A/A498.jpg,A,A,0.9928979873657227,300,1
A/A50.jpg,A,A,0.9929549098014832,300,1
A/A504.jpg,A,A,0.9930258989334106,300,1
A/A510.jpg,A,A,0.9930583238601685,300,1
A/A512.jpg,A,A,0.9931532144546509,300,1
A/A513.jpg,A,A,0.9931026697158813,300,1
A/A515.jpg,A,A,0.9931286573410034,300,1
A/A522.jpg,A,A,0.99308842420578,300,1
A/A524.jpg,A,A,0.9930768013000488,300,1
A/A530.jpg,A,A,0.9931507110595703,300,1
A/A540.jpg,A,A,0.9930858612060547,300,1
A/A546.jpg,A,A,0.9931820034980774,300,1
A/A55.jpg,A,A,0.9928981065750122,300,1
A/A550.jpg,A,A,0.9931147694587708,300,1
A/A561.jpg,A,A,0.9930275082588196,300,1
A/A570.jpg,A,A,0.993081271648407,300,1
A/A577.jpg,A,A,0.9930726885795593,300,1
A/A582.jpg,A,A,0.9931545257568359,300,1
A/A583.jpg,A,A,0.9931093454360962,300,1
A/A585.jpg,A,A,0.9930958151817322,300,1
A/A587.jpg,A,A,0.9931108951568604,300,1
A/A590.jpg,A,A,0.9930620789527893,300,1
A/A60.jpg,A,A,0.9929593801498413,300,1
A/A602.jpg,A,A,0.9931045174598694,300,1
A/A610.jpg,A,A,0.9930790066719055,300,1
A/A616.jpg,A,A,0.993108868598938,300,1
A/A62.jpg,A,A,0.9929191470146179,300,1
A/A628.jpg,A,A,0.9931201934814453,300,1
A/A630.jpg,A,A,0.9930853843688965,300,1
A/A640.jpg,A,A,0.9931327700614929,300,1
A/A642.jpg,A,A,0.9931419491767883,300,1
A/A644.jpg,A,A,0.9930998086929321,300,1
A/A647.jpg,A,A,0.993176281452179,300,1
A/A649.jpg,A,A,0.9931255578994751,300,1
A/A651.jpg,A,A,0.9931092262268066,300,1
A/A657.jpg,A,A,0.9930825233459473,300,1
A/A659.jpg,A,A,0.9930476546287537,300,1
A/A66.jpg,A,A,0.9929123520851135,300,1
A/A663.jpg,A,A,0.9931082725524902,300,1
A/A666.jpg,A,A,0.9930611252784729,300,1
A/A667.jpg,A,A,0.9930680990219116,300,1
A/A668.jpg,A,A,0.9930570125579834,300,1
A/A677.jpg,A,A,0.9928493499755859,300,1
A/A679.jpg,A,A,0.9928823709487915,300,1
A/A699.jpg,A,A,0.9929023385047913,300,1
A/A70.jpg,A,A,0.9929426908493042,300,1
A/A700.jpg,A,A,0.9929593801498413,300,1
A/A707.jpg,A,A,0.9929429888725281,300,1
A/A715.jpg,A,A,0.9929832220077515,300,1
A/A717.jpg,A,A,0.9929556846618652,300,1
A/A723.jpg,A,A,0.9929857850074768,300,1
A/A729.jpg,A,A,0.9930100440979004,300,1
A/A731.jpg,A,A,0.9929787516593933,300,1
A/A735.jpg,A,A,0.9929602742195129,300,1
A/A739.jpg,A,A,0.9930160045623779,300,1
A/A741.jpg,A,A,0.9930164813995361,300,1
A/A744.jpg,A,A,0.9931229948997498,300,1
A/A746.jpg,A,A,0.9930567741394043,300,1
A/A767.jpg,A,A,0.9929613471031189,300,1
A/A780.jpg,A,A,0.9928895235061646,300,1
A/A781.jpg,A,A,0.9929671287536621,300,1
A/A783.jpg,A,A,0.9929268956184387,300,1
A/A790.jpg,A,A,0.9928967356681824,300,1
A/A792.jpg,A,A,0.9928820133209229,300,1
A/A797.jpg,A,A,0.9929934144020081,300,1
A/A798.jpg,A,A,0.9930344820022583,300,1
A/A799.jpg,A,A,0.99303138256073,300,1
A/A80.jpg,A,A,0.9930429458618164,300,1
A/A801.jpg,A,A,0.993055522441864,300,1
A/A806.jpg,A,A,0.9930878281593323,300,1
A/A816.jpg,A,A,0.9929777979850769,300,1
A/A817.jpg,A,A,0.9929502010345459,300,1
A/A832.jpg,A,A,0.9929273724555969,300,1
A/A840.jpg,A,A,0.9929880499839783,300,1
A/A841.jpg,A,A,0.9929903745651245,300,1
A/A843.jpg,A,A,0.9929935336112976,300,1
A/A851.jpg,A,A,0.9930729269981384,300,1
A/A856.jpg,A,A,0.9930465817451477,300,1
A/A857.jpg,A,A,0.9930660724639893,300,1
A/A858.jpg,A,A,0.9930746555328369,300,1
A/A859.jpg,A,A,0.9930503368377686,300,1
A/A861.jpg,A,A,0.9930263757705688,300,1
A/A862.jpg,A,A,0.9930589199066162,300,1
A/A863.jpg,A,A,0.99303138256073,300,1
A/A87.jpg,A,A,0.9931091070175171,300,1
A/A877.jpg,A,A,0.9930480122566223,300,1
A/A878.jpg,A,A,0.993107259273529,300,1
A/A88.jpg,A,A,0.9930651187896729,300,1
A/A880.jpg,A,A,0.9930094480514526,300,1
A/A881.jpg,A,A,0.9930150508880615,300,1
A/A885.jpg,A,A,0.9930292963981628,300,1
A/A892.jpg,A,A,0.9930343627929688,300,1
A/A9.jpg,A,A,0.9930723309516907,300,1
A/A904.jpg,A,A,0.9930754899978638,300,1
A/A906.jpg,A,A,0.9930954575538635,300,1
A/A907.jpg,A,A,0.9930712580680847,300,1
A/A913.jpg,A,A,0.9931117296218872,300,1
A/A916.jpg,A,A,0.993103563785553,300,1
A/A920.jpg,A,A,0.9930652379989624,300,1
A/A927.jpg,A,A,0.9930503368377686,300,1
A/A930.jpg,A,A,0.9930984377861023,300,1
A/A932.jpg,A,A,0.9931232333183289,300,1
A/A937.jpg,A,A,0.9931118488311768,300,1
A/A940.jpg,A,A,0.9931136965751648,300,1
A/A942.jpg,A,A,0.9931413531303406,300,1
A/A944.jpg,A,A,0.9930925369262695,300,1
A/A949.jpg,A,A,0.9931615591049194,300,1
A/A95.jpg,A,A,0.9930134415626526,300,1
A/A951.jpg,A,A,0.9931613206863403,300,1
A/A952.jpg,A,A,0.9930973649024963,300,1
A/A960.jpg,A,A,0.9930769205093384,300,1
A/A965.jpg,A,A,0.9930918216705322,300,1
A/A970.jpg,A,A,0.9930939674377441,300,1
A/A975.jpg,A,A,0.9930840730667114,300,1
A/A986.jpg,A,A,0.9930145740509033,300,1
A/A992.jpg,A,A,0.9930031895637512,300,1
A/A993.jpg,A,A,0.9930452704429626,300,1
A/A998.jpg,A,A,0.9930735230445862,300,1
B/B1005.jpg,B,B,0.993157684803009,300,1
B/B1012.jpg,B,B,0.9931405186653137,300,1
B/B1014.jpg,B,B,0.9932195544242859,300,1
B/B1017.jpg,B,B,0.9931736588478088,300,1
B/B1021.jpg,B,B,0.9930926561355591,300,1
B/B1027.jpg,B,B,0.993139922618866,300,1
B/B1031.jpg,B,B,0.9931521415710449,300,1
B/B1043.jpg,B,B,0.993152379989624,300,1
B/B1044.jpg,B,B,0.99314284324646,300,1
B/B1047.jpg,B,B,0.9931052327156067,300,1
B/B1051.jpg,B,B,0.9931848645210266,300,1
B/B1053.jpg,B,B,0.9931174516677856,300,1
B/B106.jpg,B,B,0.9930955767631531,300,1
B/B1060.jpg,B,B,0.9930295348167419,300,1
B/B1063.jpg,B,B,0.9930652379989624,300,1
B/B1067.jpg,B,B,0.9930168390274048,300,1
B/B1068.jpg,B,B,0.9930493831634521,300,1
B/B1070.jpg,B,B,0.9930794835090637,300,1
B/B1084.jpg,B,B,0.9931420683860779,300,1
B/B1092.jpg,B,B,0.9931342601776123,300,1
B/B1100.jpg,B,B,0.9932736158370972,300,1
B/B1106.jpg,B,B,0.9932078719139099,300,1
B/B111.jpg,B,B,0.9931354522705078,300,1
B/B1113.jpg,B,B,0.9932323694229126,300,1
B/B1115.jpg,B,B,0.9931829571723938,300,1
B/B1125.jpg,B,B,0.9931135773658752,300,1
B/B1130.jpg,B,B,0.9931514263153076,300,1
B/B1131.jpg,B,B,0.993182361125946,300,1
B/B1134.jpg,B,B,0.9932158589363098,300,1
B/B1142.jpg,B,B,0.9931830763816833,300,1
B/B1146.jpg,B,B,0.9932471513748169,300,1
B/B1151.jpg,B,B,0.9931516647338867,300,1
B/B1156.jpg,B,B,0.9931856393814087,300,1
B/B1161.jpg,B,B,0.9931799173355103,300,1
B/B1162.jpg,B,B,0.9931401610374451,300,1
B/B1166.jpg,B,B,0.9931353330612183,300,1
B/B1167.jpg,B,B,0.9931923747062683,300,1
B/B1171.jpg,B,B,0.993099570274353,300,1
B/B1176.jpg,B,B,0.993118166923523,300,1
B/B118.jpg,B,B,0.9929908514022827,300,1
B/B1181.jpg,B,B,0.9931206107139587,300,1
B/B1183.jpg,B,B,0.9931259155273438,300,1
B/B1184.jpg,B,B,0.9931488633155823,300,1
B/B1193.jpg,B,B,0.9931337833404541,300,1
B/B1194.jpg,B,B,0.9931031465530396,300,1
B/B1197.jpg,B,B,0.9931724667549133,300,1
B/B1198.jpg,B,B,0.9931186437606812,300,1
B/B120.jpg,B,B,0.9929869771003723,300,1
B/B1205.jpg,B,B,0.9931290149688721,300,1
B/B1207.jpg,B,B,0.9931218028068542,300,1
B/B121.jpg,B,B,0.9929532408714294,300,1
B/B1212.jpg,B,B,0.9930567741394043,300,1
B/B1215.jpg,B,B,0.993061363697052,300,1
B/B123.jpg,B,B,0.9929593801498413,300,1
B/B124.jpg,B,B,0.9929585456848145,300,1
B/B1240.jpg,B,B,0.9929490089416504,300,1
B/B1244.jpg,B,B,0.9930018782615662,300,1
B/B1247.jpg,B,B,0.9930316209793091,300,1
B/B1249.jpg,B,B,0.9930927753448486,300,1
B/B1255.jpg,B,B,0.9929578304290771,300,1
B/B1256.jpg,B,B,0.9931326508522034,300,1
B/B1260.jpg,B,B,0.9930579662322998,300,1
B/B1264.jpg,B,B,0.9931665062904358,300,1
B/B1268.jpg,B,B,0.9931963682174683,300,1
B/B1272.jpg,B,B,0.9931972026824951,300,1
B/B1274.jpg,B,B,0.993113100528717,300,1
B/B1278.jpg,B,B,0.9932096600532532,300,1
B/B1280.jpg,B,B,0.9931921362876892,300,1
B/B1282.jpg,B,B,0.9932578802108765,300,1
B/B1285.jpg,B,B,0.9931827187538147,300,1
B/B1291.jpg,B,B,0.9931829571723938,300,1
B/B1298.jpg,B,B,0.9932378530502319,300,1
B/B1320.jpg,B,B,0.9932125806808472,300,1
B/B1323.jpg,B,B,0.9931864738464355,300,1
B/B1324.jpg,B,B,0.9932239055633545,300,1
B/B1326.jpg,B,B,0.993302583694458,300,1
B/B1327.jpg,B,B,0.9933157563209534,300,1
B/B1332.jpg,B,B,0.9932059049606323,300,1
B/B1338.jpg,B,B,0.9932329654693604,300,1
B/B1339.jpg,B,B,0.993195652961731,300,1
B/B1347.jpg,B,B,0.9932299852371216,300,1
B/B1348.jpg,B,B,0.9932053089141846,300,1
B/B1353.jpg,B,B,0.9931294322013855,300,1
B/B1356.jpg,B,B,0.9930631518363953,300,1
B/B1361.jpg,B,B,0.9932520985603333,300,1
B/B1368.jpg,B,B,0.9930919408798218,300,1
B/B137.jpg,B,B,0.9929350018501282,300,1
B/B1370.jpg,B,B,0.9931591153144836,300,1
B/B1371.jpg,B,B,0.9931521415710449,300,1
B/B1373.jpg,B,B,0.9932423233985901,300,1
B/B1374.jpg,B,B,0.9932432770729065,300,1
B/B1376.jpg,B,B,0.9932357668876648,300,1
B/B1379.jpg,B,B,0.993181049823761,300,1
B/B1410.jpg,B,B,0.9929381012916565,300,1
B/B1415.jpg,B,B,0.9929352402687073,300,1
B/B1420.jpg,B,B,0.9931129813194275,300,1
B/B1421.jpg,B,B,0.9931243062019348,300,1
B/B1422.jpg,B,B,0.9930893778800964,300,1
B/B1428.jpg,B,B,0.9930919408798218,300,1
B/B1432.jpg,B,B,0.9929834604263306,300,1
B/B1435.jpg,B,B,0.9928871989250183,300,1
B/B1441.jpg,B,B,0.9929268956184387,300,1
B/B1446.jpg,B,B,0.9930018782615662,300,1
B/B1451.jpg,B,B,0.9930559992790222,300,1
B/B1458.jpg,B,B,0.9930210709571838,300,1
B/B147.jpg,B,B,0.9928880333900452,300,1
B/B1475.jpg,B,B,0.9931133389472961,300,1
B/B1478.jpg,B,B,0.9930698275566101,300,1
B/B1480.jpg,B,B,0.9931521415710449,300,1
B/B1482.jpg,B,B,0.9931260347366333,300,1
B/B1490.jpg,B,B,0.9932271838188171,300,1
B/B1495.jpg,B,B,0.9931890964508057,300,1
B/B1497.jpg,B,B,0.9932296276092529,300,1
B/B1506.jpg,B,B,0.9932138919830322,300,1
B/B1509.jpg,B,B,0.9932357668876648,300,1
B/B1513.jpg,B,B,0.9932095408439636,300,1
B/B1515.jpg,B,B,0.9932628273963928,300,1
B/B1518.jpg,B,B,0.993245542049408,300,1
B/B152.jpg,B,B,0.9930405616760254,300,1
B/B1523.jpg,B,B,0.993314802646637,300,1
B/B1524.jpg,B,B,0.9932700991630554,300,1
B/B1532.jpg,B,B,0.9932578802108765,300,1
B/B1538.jpg,B,B,0.9932952523231506,300,1
B/B1539.jpg,B,B,0.9933136105537415,300,1
B/B154.jpg,B,B,0.9930041432380676,300,1
B/B1546.jpg,B,B,0.9932726621627808,300,1
B/B1551.jpg,B,B,0.9932390451431274,300,1
B/B1554.jpg,B,B,0.9933202266693115,300,1
B/B1557.jpg,B,B,0.9932378530502319,300,1
B/B1560.jpg,B,B,0.9932726621627808,300,1
B/B1566.jpg,B,B,0.9930961728096008,300,1
B/B1576.jpg,B,B,0.9930675029754639,300,1
B/B1577.jpg,B,B,0.9930837154388428,300,1
B/B1580.jpg,B,B,0.9930580854415894,300,1
B/B159.jpg,B,B,0.9929916858673096,300,1
B/B1593.jpg,B,B,0.9930889010429382,300,1
B/B1595.jpg,B,B,0.993067741394043,300,1
B/B160.jpg,B,B,0.99303138256073,300,1
B/B1607.jpg,B,B,0.9930964112281799,300,1
B/B1608.jpg,B,B,0.9929950833320618,300,1
B/B1619.jpg,B,B,0.9931004047393799,300,1
B/B1622.jpg,B,B,0.9930222630500793,300,1
B/B1624.jpg,B,B,0.9930893778800964,300,1
B/B1644.jpg,B,B,0.9931007623672485,300,1
B/B1645.jpg,B,B,0.9930607080459595,300,1
B/B1646.jpg,B,B,0.9930746555328369,300,1
B/B1651.jpg,B,B,0.9931054711341858,300,1
B/B1653.jpg,B,B,0.9931475520133972,300,1
B/B1654.jpg,B,B,0.9931080341339111,300,1
B/B1655.jpg,B,B,0.9931480288505554,300,1
B/B166.jpg,B,B,0.9931243062019348,300,1
B/B1660.jpg,B,B,0.9931775331497192,300,1
B/B1662.jpg,B,B,0.9931036829948425,300,1
B/B1691.jpg,B,B,0.9931746125221252,300,1
B/B1694.jpg,B,B,0.9931901097297668,300,1
B/B1695.jpg,B,B,0.9931413531303406,300,1
B/B1696.jpg,B,B,0.9931979179382324,300,1
B/B1701.jpg,B,B,0.9932041168212891,300,1
B/B1703.jpg,B,B,0.9932234287261963,300,1
B/B1706.jpg,B,B,0.9932307004928589,300,1
B/B171.jpg,B,B,0.9930650591850281,300,1
B/B1714.jpg,B,B,0.9931679964065552,300,1
B/B1723.jpg,B,B,0.9932158589363098,300,1
B/B1726.jpg,B,B,0.993198037147522,300,1
B/B1727.jpg,B,B,0.9931195974349976,300,1
B/B1734.jpg,B,B,0.9931241869926453,300,1
B/B1735.jpg,B,B,0.9930592775344849,300,1
B/B174.jpg,B,B,0.9930809140205383,300,1
B/B1743.jpg,B,B,0.9932622313499451,300,1
B/B1745.jpg,B,B,0.9932182431221008,300,1
B/B1746.jpg,B,B,0.9932602047920227,300,1
B/B1755.jpg,B,B,0.993232011795044,300,1
B/B1757.jpg,B,B,0.9932379722595215,300,1
B/B1761.jpg,B,B,0.9932458996772766,300,1
B/B1768.jpg,B,B,0.9931634664535522,300,1
B/B177.jpg,B,B,0.9931203126907349,300,1
B/B1773.jpg,B,B,0.9932143688201904,300,1
B/B1774.jpg,B,B,0.993241548538208,300,1
B/B1775.jpg,B,B,0.9932242631912231,300,1
B/B1782.jpg,B,B,0.9932679533958435,300,1
B/B1785.jpg,B,B,0.9932873845100403,300,1
B/B1787.jpg,B,B,0.9932936429977417,300,1
B/B1788.jpg,B,B,0.9933384656906128,300,1
B/B1791.jpg,B,B,0.9932841062545776,300,1
B/B1792.jpg,B,B,0.9932661056518555,300,1
B/B1796.jpg,B,B,0.9932912588119507,300,1
B/B180.jpg,B,B,0.9930984377861023,300,1
B/B1800.jpg,B,B,0.9932785630226135,300,1
B/B1801.jpg,B,B,0.993267297744751,300,1
B/B1813.jpg,B,B,0.9932645559310913,300,1
B/B1828.jpg,B,B,0.9932373762130737,300,1
B/B1829.jpg,B,B,0.9932117462158203,300,1
B/B1831.jpg,B,B,0.9931890964508057,300,1
B/B1836.jpg,B,B,0.9931633472442627,300,1
B/B1848.jpg,B,B,0.9931869506835938,300,1
B/B1853.jpg,B,B,0.9931408762931824,300,1
B/B1854.jpg,B,B,0.9932225942611694,300,1
B/B186.jpg,B,B,0.9930860996246338,300,1
B/B1862.jpg,B,B,0.9931668639183044,300,1
B/B1863.jpg,B,B,0.9931777715682983,300,1
B/B1869.jpg,B,B,0.9931759238243103,300,1
B/B188.jpg,B,B,0.9930222630500793,300,1
B/B189.jpg,B,B,0.9930712580680847,300,1
B/B1895.jpg,B,B,0.9932241439819336,300,1
B/B1896.jpg,B,B,0.9932384490966797,300,1
B/B1897.jpg,B,B,0.9932783246040344,300,1
B/B1898.jpg,B,B,0.9932323694229126,300,1
B/B1902.jpg,B,B,0.9932957291603088,300,1
B/B1903.jpg,B,B,0.9932954907417297,300,1
B/B1913.jpg,B,B,0.9932103753089905,300,1
B/B192.jpg,B,B,0.993022620677948,300,1
B/B1921.jpg,B,B,0.9932274222373962,300,1
B/B1935.jpg,B,B,0.993314802646637,300,1
B/B1945.jpg,B,B,0.9932925701141357,300,1
B/B1946.jpg,B,B,0.993278443813324,300,1
B/B1950.jpg,B,B,0.9932975172996521,300,1
B/B1957.jpg,B,B,0.9933537244796753,300,1
B/B196.jpg,B,B,0.9930481314659119,300,1
B/B1964.jpg,B,B,0.9932723641395569,300,1
B/B1967.jpg,B,B,0.9932281374931335,300,1
B/B1980.jpg,B,B,0.9931572079658508,300,1
B/B199.jpg,B,B,0.9929890632629395,300,1
B/B1991.jpg,B,B,0.9931806325912476,300,1
B/B1999.jpg,B,B,0.9932982325553894,300,1
B/B2002.jpg,B,B,0.9931923747062683,300,1
B/B2003.jpg,B,B,0.9932152032852173,300,1
B/B2008.jpg,B,B,0.9931701421737671,300,1
B/B2014.jpg,B,B,0.9930962920188904,300,1
B/B2015.jpg,B,B,0.9932842254638672,300,1
B/B2020.jpg,B,B,0.993331253528595,300,1
B/B2025.jpg,B,B,0.993081271648407,300,1
B/B2026.jpg,B,B,0.9932572841644287,300,1
B/B2029.jpg,B,B,0.9932333827018738,300,1
B/B2031.jpg,B,B,0.9931095838546753,300,1
B/B2032.jpg,B,B,0.9932006001472473,300,1
B/B2034.jpg,B,B,0.9932894110679626,300,1
B/B2041.jpg,B,B,0.9932942390441895,300,1
B/B2043.jpg,B,B,0.9932078719139099,300,1
B/B205.jpg,B,B,0.9930053353309631,300,1
B/B2050.jpg,B,B,0.9929808378219604,300,1
B/B2054.jpg,B,B,0.9930362105369568,300,1
B/B2062.jpg,B,B,0.9933029413223267,300,1
B/B2064.jpg,B,B,0.9932498931884766,300,1
B/B2065.jpg,B,B,0.9933679699897766,300,1
B/B2067.jpg,B,B,0.9932613968849182,300,1
B/B2081.jpg,B,B,0.9932568073272705,300,1
B/B2084.jpg,B,B,0.993139922618866,300,1
B/B2089.jpg,B,B,0.9931893348693848,300,1
B/B2095.jpg,B,B,0.9932189583778381,300,1
B/B2098.jpg,B,B,0.9932824373245239,300,1
B/B2102.jpg,B,B,0.9932827949523926,300,1
B/B2103.jpg,B,B,0.9933688044548035,300,1
B/B2104.jpg,B,B,0.9933720827102661,300,1
B/B2122.jpg,B,B,0.9931637644767761,300,1
B/B2127.jpg,B,B,0.9931820034980774,300,1
B/B2138.jpg,B,B,0.9932498931884766,300,1
B/B2139.jpg,B,B,0.9931948184967041,300,1
B/B2146.jpg,B,B,0.9932189583778381,300,1
B/B2151.jpg,B,B,0.9932768940925598,300,1
B/B2154.jpg,B,B,0.9932799935340881,300,1
B/B2157.jpg,B,B,0.9931045174598694,300,1
B/B2159.jpg,B,B,0.9931465983390808,300,1
B/B217.jpg,B,B,0.9929711222648621,300,1
B/B2179.jpg,B,B,0.9932191967964172,300,1
B/B2181.jpg,B,B,0.9932191967964172,300,1
B/B2187.jpg,B,B,0.9932356476783752,300,1
B/B2191.jpg,B,B,0.9932657480239868,300,1
B/B22.jpg,B,B,0.9929705262184143,300,1
B/B2207.jpg,B,B,0.9932460784912109,300,1
B/B2208.jpg,B,B,0.9932503700256348,300,1
B/B2217.jpg,B,B,0.9932342171669006,300,1
B/B2222.jpg,B,B,0.9932610392570496,300,1
B/B2226.jpg,B,B,0.9932504892349243,300,1
B/B2228.jpg,B,B,0.993213415145874,300,1
B/B2231.jpg,B,B,0.9932831525802612,300,1
B/B2236.jpg,B,B,0.9932529330253601,300,1
B/B2252.jpg,B,B,0.993256688117981,300,1
B/B2253.jpg,B,B,0.9931835532188416,300,1
B/B2255.jpg,B,B,0.9930557608604431,300,1
B/B2259.jpg,B,B,0.9930952191352844,300,1
B/B2264.jpg,B,B,0.9930441975593567,300,1
B/B2289.jpg,B,B,0.9928433299064636,300,1
B/B2299.jpg,B,B,0.9930301308631897,300,1
B/B2302.jpg,B,B,0.9932476282119751,300,1
B/B2303.jpg,B,B,0.9932291507720947,300,1
B/B2311.jpg,B,B,0.993148148059845,300,1
B/B2321.jpg,B,B,0.9931039214134216,300,1
B/B2325.jpg,B,B,0.993157684803009,300,1
B/B2329.jpg,B,B,0.9929874539375305,300,1
B/B2336.jpg,B,B,0.992968738079071,300,1
B/B2337.jpg,B,B,0.9930863976478577,300,1
B/B234.jpg,B,B,0.9929359555244446,300,1
B/B2345.jpg,B,B,0.9931600093841553,300,1
B/B2346.jpg,B,B,0.993141233921051,300,1
B/B2357.jpg,B,B,0.9931693077087402,300,1
B/B2359.jpg,B,B,0.9932432770729065,300,1
B/B237.jpg,B,B,0.9929447770118713,300,1
B/B2371.jpg,B,B,0.9932068586349487,300,1
B/B2375.jpg,B,B,0.9930712580680847,300,1
B/B2379.jpg,B,B,0.9931499361991882,300,1
B/B2381.jpg,B,B,0.993113100528717,300,1
B/B2382.jpg,B,B,0.9930775165557861,300,1
B/B2384.jpg,B,B,0.9931185245513916,300,1
B/B2396.jpg,B,B,0.9932063817977905,300,1
B/B2401.jpg,B,B,0.9933040738105774,300,1
B/B2403.jpg,B,B,0.9932717680931091,300,1
B/B2414.jpg,B,B,0.9931528568267822,300,1
B/B2416.jpg,B,B,0.9932106137275696,300,1
B/B2419.jpg,B,B,0.9932035207748413,300,1
B/B2422.jpg,B,B,0.9930961728096008,300,1
B/B2429.jpg,B,B,0.9929962754249573,300,1
B/B2431.jpg,B,B,0.9930311441421509,300,1
B/B2433.jpg,B,B,0.9930359721183777,300,1
B/B2437.jpg,B,B,0.9931232333183289,300,1
B/B2439.jpg,B,B,0.9931321740150452,300,1
B/B245.jpg,B,B,0.9929324388504028,300,1
B/B2453.jpg,B,B,0.9930669069290161,300,1
B/B2454.jpg,B,B,0.9932098984718323,300,1
B/B2456.jpg,B,B,0.9930967688560486,300,1
B/B2458.jpg,B,B,0.9931638836860657,300,1
B/B2461.jpg,B,B,0.993298351764679,300,1
B/B2466.jpg,B,B,0.9932992458343506,300,1
B/B2468.jpg,B,B,0.9932342171669006,300,1
B/B2469.jpg,B,B,0.9932199716567993,300,1
B/B2473.jpg,B,B,0.9932014346122742,300,1
B/B2479.jpg,B,B,0.9932637214660645,300,1
B/B2482.jpg,B,B,0.993187427520752,300,1
B/B2483.jpg,B,B,0.9931382536888123,300,1
B/B2496.jpg,B,B,0.9931835532188416,300,1
B/B2499.jpg,B,B,0.9931529760360718,300,1
B/B25.jpg,B,B,0.9930428266525269,300,1
B/B2502.jpg,B,B,0.9930862188339233,300,1
B/B2505.jpg,B,B,0.9930890202522278,300,1
B/B2507.jpg,B,B,0.9931540489196777,300,1
B/B2510.jpg,B,B,0.9930357336997986,300,1
B/B2513.jpg,B,B,0.9929732084274292,300,1
B/B2514.jpg,B,B,0.9930092096328735,300,1
B/B2522.jpg,B,B,0.9930660724639893,300,1
B/B2529.jpg,B,B,0.9930815100669861,300,1
B/B2532.jpg,B,B,0.9930928945541382,300,1
B/B2538.jpg,B,B,0.9931229948997498,300,1
B/B2555.jpg,B,B,0.9932867884635925,300,1
B/B2559.jpg,B,B,0.9933395981788635,300,1
B/B2563.jpg,B,B,0.9934329986572266,300,1
B/B2565.jpg,B,B,0.9934060573577881,300,1
B/B2568.jpg,B,B,0.993353009223938,300,1
B/B2574.jpg,B,B,0.9933510422706604,300,1
B/B2578.jpg,B,B,0.9933043122291565,300,1
B/B2579.jpg,B,B,0.9933297038078308,300,1
B/B2585.jpg,B,B,0.9933493733406067,300,1
B/B2588.jpg,B,B,0.9933764338493347,300,1
B/B2589.jpg,B,B,0.9933678507804871,300,1
B/B2590.jpg,B,B,0.9933187961578369,300,1
B/B2591.jpg,B,B,0.9933590292930603,300,1
B/B2595.jpg,B,B,0.9932819604873657,300,1
B/B2599.jpg,B,B,0.9933103322982788,300,1
B/B2600.jpg,B,B,0.9932958483695984,300,1
B/B2602.jpg,B,B,0.9932723641395569,300,1
B/B2606.jpg,B,B,0.9932281374931335,300,1
B/B2611.jpg,B,B,0.9931938052177429,300,1
B/B2622.jpg,B,B,0.9932289123535156,300,1
B/B2628.jpg,B,B,0.9931160807609558,300,1
B/B2629.jpg,B,B,0.993095338344574,300,1
B/B2635.jpg,B,B,0.9931245446205139,300,1
B/B2636.jpg,B,B,0.9931597709655762,300,1
B/B264.jpg,B,B,0.9930371642112732,300,1
B/B2644.jpg,B,B,0.9932428002357483,300,1
B/B2648.jpg,B,B,0.9932166934013367,300,1
B/B2653.jpg,B,B,0.9932739734649658,300,1
B/B2654.jpg,B,B,0.993279755115509,300,1
B/B2660.jpg,B,B,0.9932809472084045,300,1
B/B2662.jpg,B,B,0.9932397603988647,300,1
B/B2667.jpg,B,B,0.9932140111923218,300,1
B/B2673.jpg,B,B,0.9932090640068054,300,1
B/B2676.jpg,B,B,0.9931922554969788,300,1
B/B2683.jpg,B,B,0.9931622743606567,300,1
B/B2685.jpg,B,B,0.993162989616394,300,1
B/B270.jpg,B,B,0.9930635094642639,300,1
B/B2703.jpg,B,B,0.9932683110237122,300,1
B/B271.jpg,B,B,0.9930822849273682,300,1
B/B2714.jpg,B,B,0.9932774901390076,300,1
B/B2716.jpg,B,B,0.9932663440704346,300,1
B/B2717.jpg,B,B,0.9931949377059937,300,1
B/B2718.jpg,B,B,0.9932202100753784,300,1
B/B2719.jpg,B,B,0.9932128190994263,300,1
B/B272.jpg,B,B,0.9930566549301147,300,1
B/B2726.jpg,B,B,0.9932839870452881,300,1
B/B2736.jpg,B,B,0.9932233095169067,300,1
B/B2741.jpg,B,B,0.9931689500808716,300,1
B/B2753.jpg,B,B,0.9931457042694092,300,1
B/B2754.jpg,B,B,0.9931570887565613,300,1
B/B2758.jpg,B,B,0.9931313395500183,300,1
B/B2762.jpg,B,B,0.99314284324646,300,1
B/B2768.jpg,B,B,0.9931885004043579,300,1
B/B2769.jpg,B,B,0.9931617975234985,300,1
B/B277.jpg,B,B,0.9930642247200012,300,1
B/B2771.jpg,B,B,0.9931970834732056,300,1
B/B2774.jpg,B,B,0.9931672215461731,300,1
B/B2782.jpg,B,B,0.9930425882339478,300,1
B/B279.jpg,B,B,0.9930633902549744,300,1
B/B2795.jpg,B,B,0.9930907487869263,300,1
B/B2802.jpg,B,B,0.9931411147117615,300,1
B/B2813.jpg,B,B,0.9930329322814941,300,1
B/B2816.jpg,B,B,0.9930781722068787,300,1
B/B2820.jpg,B,B,0.9931756854057312,300,1
B/B2823.jpg,B,B,0.993164598941803,300,1
B/B2824.jpg,B,B,0.9931747317314148,300,1
B/B283.jpg,B,B,0.9931174516677856,300,1
B/B2831.jpg,B,B,0.9931886196136475,300,1
B/B2834.jpg,B,B,0.9931586384773254,300,1
B/B2835.jpg,B,B,0.9931337833404541,300,1
B/B2841.jpg,B,B,0.9931814074516296,300,1
B/B2849.jpg,B,B,0.9931621551513672,300,1
B/B2853.jpg,B,B,0.9932332634925842,300,1
B/B2855.jpg,B,B,0.9932191967964172,300,1
B/B2864.jpg,B,B,0.9933284521102905,300,1
B/B2868.jpg,B,B,0.99319988489151,300,1
B/B287.jpg,B,B,0.9930899739265442,300,1
B/B2873.jpg,B,B,0.9932205677032471,300,1
B/B2877.jpg,B,B,0.9931954145431519,300,1
B/B2881.jpg,B,B,0.9930827617645264,300,1
B/B2895.jpg,B,B,0.9930899739265442,300,1
B/B2901.jpg,B,B,0.9931229948997498,300,1
B/B2902.jpg,B,B,0.9931807518005371,300,1
B/B2908.jpg,B,B,0.9930983185768127,300,1
B/B2914.jpg,B,B,0.9931142926216125,300,1
B/B2915.jpg,B,B,0.9931249618530273,300,1
B/B2919.jpg,B,B,0.993094801902771,300,1
B/B292.jpg,B,B,0.9930497407913208,300,1
B/B2926.jpg,B,B,0.9931157231330872,300,1
B/B2936.jpg,B,B,0.9930853843688965,300,1
B/B2939.jpg,B,B,0.9930705428123474,300,1
B/B2943.jpg,B,B,0.9931957721710205,300,1
B/B2945.jpg,B,B,0.993255615234375,300,1
B/B295.jpg,B,B,0.9930832386016846,300,1
B/B2954.jpg,B,B,0.99314284324646,300,1
B/B2958.jpg,B,B,0.993060827255249,300,1
B/B2961.jpg,B,B,0.9930660724639893,300,1
B/B2965.jpg,B,B,0.9930877089500427,300,1
B/B2968.jpg,B,B,0.9931201934814453,300,1
B/B2973.jpg,B,B,0.9931474328041077,300,1
B/B2982.jpg,B,B,0.9931731820106506,300,1
B/B2986.jpg,B,B,0.9930036664009094,300,1
B/B2987.jpg,B,B,0.9931349754333496,300,1
B/B299.jpg,B,B,0.9930546879768372,300,1
B/B2992.jpg,B,B,0.993181049823761,300,1
B/B3.jpg,B,B,0.9930009841918945,300,1
B/B300.jpg,B,B,0.9930381178855896,300,1
B/B304.jpg,B,B,0.9931021928787231,300,1
B/B308.jpg,B,B,0.9931212067604065,300,1
B/B31.jpg,B,B,0.9931116104125977,300,1
B/B310.jpg,B,B,0.9931592345237732,300,1
B/B318.jpg,B,B,0.9930583238601685,300,1
B/B322.jpg,B,B,0.9930509328842163,300,1
B/B324.jpg,B,B,0.993026852607727,300,1
B/B326.jpg,B,B,0.9931060671806335,300,1
B/B330.jpg,B,B,0.9929700493812561,300,1
B/B331.jpg,B,B,0.9929600358009338,300,1
B/B335.jpg,B,B,0.9930612444877625,300,1
B/B34.jpg,B,B,0.9929601550102234,300,1
B/B340.jpg,B,B,0.9930477738380432,300,1
B/B345.jpg,B,B,0.9931755661964417,300,1
B/B347.jpg,B,B,0.9931113719940186,300,1
B/B350.jpg,B,B,0.9930972456932068,300,1
B/B358.jpg,B,B,0.9930725693702698,300,1
B/B360.jpg,B,B,0.993108868598938,300,1
B/B361.jpg,B,B,0.993135929107666,300,1
B/B376.jpg,B,B,0.9931235909461975,300,1
B/B377.jpg,B,B,0.9931392073631287,300,1
B/B379.jpg,B,B,0.9930593967437744,300,1
B/B387.jpg,B,B,0.9931232333183289,300,1
B/B389.jpg,B,B,0.9931313395500183,300,1
B/B394.jpg,B,B,0.9932057857513428,300,1
B/B403.jpg,B,B,0.9931302666664124,300,1
B/B410.jpg,B,B,0.9930171966552734,300,1
B/B422.jpg,B,B,0.9930645823478699,300,1
B/B425.jpg,B,B,0.9931282997131348,300,1
B/B426.jpg,B,B,0.9930896162986755,300,1
B/B430.jpg,B,B,0.9930938482284546,300,1
B/B449.jpg,B,B,0.99309241771698,300,1
B/B450.jpg,B,B,0.9930915832519531,300,1
B/B456.jpg,B,B,0.9930816292762756,300,1
B/B459.jpg,B,B,0.9931042790412903,300,1
B/B461.jpg,B,B,0.9930732846260071,300,1
B/B467.jpg,B,B,0.9930546879768372,300,1
B/B475.jpg,B,B,0.9930735230445862,300,1
B/B476.jpg,B,B,0.9930967688560486,300,1
B/B480.jpg,B,B,0.9931374788284302,300,1
B/B482.jpg,B,B,0.9931102991104126,300,1
B/B485.jpg,B,B,0.9931286573410034,300,1
B/B5.jpg,B,B,0.9930251836776733,300,1
B/B500.jpg,B,B,0.9931164979934692,300,1
B/B503.jpg,B,B,0.9931488633155823,300,1
B/B51.jpg,B,B,0.9930069446563721,300,1
B/B511.jpg,B,B,0.9931788444519043,300,1
B/B515.jpg,B,B,0.9932089447975159,300,1
B/B516.jpg,B,B,0.9931562542915344,300,1
B/B526.jpg,B,B,0.9931672215461731,300,1
B/B527.jpg,B,B,0.9931530952453613,300,1
B/B53.jpg,B,B,0.993006706237793,300,1
B/B534.jpg,B,B,0.993176281452179,300,1
B/B539.jpg,B,B,0.9932377338409424,300,1
B/B540.jpg,B,B,0.9931830763816833,300,1
B/B541.jpg,B,B,0.9932002425193787,300,1
B/B547.jpg,B,B,0.9931753277778625,300,1
B/B556.jpg,B,B,0.9930936098098755,300,1
B/B561.jpg,B,B,0.9930675029754639,300,1
B/B564.jpg,B,B,0.9931139349937439,300,1
B/B575.jpg,B,B,0.9931564927101135,300,1
B/B576.jpg,B,B,0.9931504130363464,300,1
B/B597.jpg,B,B,0.9931922554969788,300,1
B/B601.jpg,B,B,0.9932587146759033,300,1
B/B618.jpg,B,B,0.9930925369262695,300,1
B/B62.jpg,B,B,0.9930359721183777,300,1
B/B624.jpg,B,B,0.9930578470230103,300,1
B/B627.jpg,B,B,0.9930239915847778,300,1
B/B628.jpg,B,B,0.993057370185852,300,1
B/B63.jpg,B,B,0.9930768013000488,300,1
B/B632.jpg,B,B,0.9930434226989746,300,1
B/B641.jpg,B,B,0.9930372834205627,300,1
B/B648.jpg,B,B,0.9929637312889099,300,1
B/B652.jpg,B,B,0.9929637312889099,300,1
B/B653.jpg,B,B,0.9929772019386292,300,1
B/B654.jpg,B,B,0.9929724931716919,300,1
B/B656.jpg,B,B,0.9929795861244202,300,1
B/B660.jpg,B,B,0.9929822683334351,300,1
B/B662.jpg,B,B,0.9929983615875244,300,1
B/B673.jpg,B,B,0.9929928779602051,300,1
B/B674.jpg,B,B,0.9930192828178406,300,1
B/B675.jpg,B,B,0.9929841756820679,300,1
B/B676.jpg,B,B,0.9930415153503418,300,1
B/B68.jpg,B,B,0.9931918978691101,300,1
B/B682.jpg,B,B,0.9931027889251709,300,1
B/B686.jpg,B,B,0.9930418729782104,300,1
B/B689.jpg,B,B,0.9930006265640259,300,1
B/B692.jpg,B,B,0.99293452501297,300,1
B/B697.jpg,B,B,0.9929244518280029,300,1
B/B701.jpg,B,B,0.9929749965667725,300,1
B/B704.jpg,B,B,0.9929866194725037,300,1
B/B709.jpg,B,B,0.9930354952812195,300,1
B/B710.jpg,B,B,0.9930300116539001,300,1
B/B713.jpg,B,B,0.9930518865585327,300,1
B/B718.jpg,B,B,0.9930335283279419,300,1
B/B720.jpg,B,B,0.9930956959724426,300,1
B/B723.jpg,B,B,0.9930693507194519,300,1
B/B73.jpg,B,B,0.993157684803009,300,1
B/B731.jpg,B,B,0.993091344833374,300,1
B/B744.jpg,B,B,0.9931501746177673,300,1
B/B750.jpg,B,B,0.9932343363761902,300,1
B/B756.jpg,B,B,0.9932361245155334,300,1
B/B759.jpg,B,B,0.99320387840271,300,1
B/B76.jpg,B,B,0.9931174516677856,300,1
B/B775.jpg,B,B,0.9933925271034241,300,1
B/B776.jpg,B,B,0.9934459328651428,300,1
B/B784.jpg,B,B,0.993331253528595,300,1
B/B792.jpg,B,B,0.9932293891906738,300,1
B/B793.jpg,B,B,0.9930900931358337,300,1
B/B806.jpg,B,B,0.9930891394615173,300,1
B/B807.jpg,B,B,0.9930425882339478,300,1
B/B811.jpg,B,B,0.9931057095527649,300,1
B/B812.jpg,B,B,0.993093729019165,300,1
B/B815.jpg,B,B,0.9931424856185913,300,1
B/B817.jpg,B,B,0.9931221604347229,300,1
B/B82.jpg,B,B,0.9930568933486938,300,1
B/B829.jpg,B,B,0.9931544065475464,300,1
B/B834.jpg,B,B,0.9931218028068542,300,1
B/B849.jpg,B,B,0.9930739402770996,300,1
B/B85.jpg,B,B,0.9930778741836548,300,1
B/B852.jpg,B,B,0.9930475354194641,300,1
B/B855.jpg,B,B,0.9930684566497803,300,1
B/B860.jpg,B,B,0.9931461811065674,300,1
B/B865.jpg,B,B,0.9931567311286926,300,1
B/B869.jpg,B,B,0.9931185245513916,300,1
B/B875.jpg,B,B,0.993084192276001,300,1
B/B876.jpg,B,B,0.9931415915489197,300,1
B/B881.jpg,B,B,0.9931014776229858,300,1
B/B882.jpg,B,B,0.9931239485740662,300,1
B/B889.jpg,B,B,0.9931154847145081,300,1
B/B894.jpg,B,B,0.993123471736908,300,1
B/B900.jpg,B,B,0.993124783039093,300,1
B/B905.jpg,B,B,0.9931018352508545,300,1
B/B907.jpg,B,B,0.9931229948997498,300,1
B/B912.jpg,B,B,0.9931168556213379,300,1
B/B913.jpg,B,B,0.9931195974349976,300,1
B/B917.jpg,B,B,0.9930826425552368,300,1
B/B918.jpg,B,B,0.9930722117424011,300,1
B/B92.jpg,B,B,0.9931336641311646,300,1
B/B931.jpg,B,B,0.9931122660636902,300,1
B/B935.jpg,B,B,0.9931158423423767,300,1
B/B943.jpg,B,B,0.9931347370147705,300,1
B/B945.jpg,B,B,0.9931408762931824,300,1
B/B948.jpg,B,B,0.9931663870811462,300,1
B/B952.jpg,B,B,0.9929890632629395,300,1
B/B953.jpg,B,B,0.9930330514907837,300,1
B/B955.jpg,B,B,0.9929924011230469,300,1
B/B969.jpg,B,B,0.9931107759475708,300,1
B/B976.jpg,B,B,0.9930939674377441,300,1
B/B977.jpg,B,B,0.9930649399757385,300,1
B/B993.jpg,B,B,0.9931268692016602,300,1
B/B999.jpg,B,B,0.9931827187538147,300,1
C/C1.jpg,C,C,0.993451714515686,300,1
C/C100.jpg,C,C,0.9934154748916626,300,1
C/C1001.jpg,C,C,0.9933369159698486,300,1
C/C1004.jpg,C,C,0.9933093786239624,300,1
C/C1007.jpg,C,C,0.993313729763031,300,1
C/C1013.jpg,C,C,0.993415355682373,300,1
C/C1016.jpg,C,C,0.9932390451431274,300,1
C/C1018.jpg,C,C,0.9933052659034729,300,1
C/C1020.jpg,C,C,0.9931163787841797,300,1
C/C1021.jpg,C,C,0.9931672215461731,300,1
C/C1023.jpg,C,C,0.9931942224502563,300,1
C/C1028.jpg,C,C,0.9932200908660889,300,1
C/C1032.jpg,C,C,0.9931166172027588,300,1
C/C1034.jpg,C,C,0.9931831955909729,300,1
C/C1040.jpg,C,C,0.9935528039932251,300,1
C/C1046.jpg,C,C,0.9934452772140503,300,1
C/C1047.jpg,C,C,0.9934837222099304,300,1
C/C1051.jpg,C,C,0.9933214783668518,300,1
C/C1054.jpg,C,C,0.9932819604873657,300,1
C/C1076.jpg,C,C,0.9933475852012634,300,1
C/C1081.jpg,C,C,0.9931765198707581,300,1
C/C1087.jpg,C,C,0.9932057857513428,300,1
C/C1093.jpg,C,C,0.9932897686958313,300,1
C/C1094.jpg,C,C,0.9932153224945068,300,1
C/C1096.jpg,C,C,0.9931873083114624,300,1
C/C1103.jpg,C,C,0.9931803941726685,300,1
C/C1105.jpg,C,C,0.9932675361633301,300,1
C/C1109.jpg,C,C,0.9933117628097534,300,1
C/C1113.jpg,C,C,0.9932671785354614,300,1
C/C1130.jpg,C,C,0.9931589961051941,300,1
C/C1132.jpg,C,C,0.9932168126106262,300,1
C/C1134.jpg,C,C,0.9932292699813843,300,1
C/C1135.jpg,C,C,0.9931120276451111,300,1
C/C1138.jpg,C,C,0.9932424426078796,300,1
C/C1160.jpg,C,C,0.9930868744850159,300,1
C/C1163.jpg,C,C,0.9932082295417786,300,1
C/C1168.jpg,C,C,0.9933404326438904,300,1
C/C117.jpg,C,C,0.9933320879936218,300,1
C/C1170.jpg,C,C,0.9934988021850586,300,1
C/C1177.jpg,C,C,0.9933640956878662,300,1
C/C1182.jpg,C,C,0.9932737350463867,300,1
C/C1192.jpg,C,C,0.993378758430481,300,1
C/C1201.jpg,C,C,0.9933934807777405,300,1
C/C1203.jpg,C,C,0.9933392405509949,300,1
C/C1204.jpg,C,C,0.99333256483078,300,1
C/C1212.jpg,C,C,0.9932158589363098,300,1
C/C1214.jpg,C,C,0.993147075176239,300,1
C/C1226.jpg,C,C,0.9935851693153381,300,1
C/C1229.jpg,C,C,0.9936091899871826,300,1
C/C1235.jpg,C,C,0.9936707019805908,300,1
C/C1239.jpg,C,C,0.9935994148254395,300,1
C/C124.jpg,C,C,0.9932460188865662,300,1
C/C1244.jpg,C,C,0.9935988187789917,300,1
C/C1250.jpg,C,C,0.9935129284858704,300,1
C/C1268.jpg,C,C,0.9934959411621094,300,1
C/C127.jpg,C,C,0.9931841492652893,300,1
C/C1270.jpg,C,C,0.9935491681098938,300,1
C/C1282.jpg,C,C,0.9933351278305054,300,1
C/C1283.jpg,C,C,0.9933411478996277,300,1
C/C1285.jpg,C,C,0.9933139681816101,300,1
C/C1287.jpg,C,C,0.9933595061302185,300,1
C/C1296.jpg,C,C,0.9934937357902527,300,1
C/C1311.jpg,C,C,0.9933627843856812,300,1
C/C132.jpg,C,C,0.9932230710983276,300,1
C/C1321.jpg,C,C,0.9934331178665161,300,1
C/C1329.jpg,C,C,0.9934007525444031,300,1
C/C1332.jpg,C,C,0.9933890104293823,300,1
C/C1333.jpg,C,C,0.9933429956436157,300,1
C/C1339.jpg,C,C,0.9933980703353882,300,1
C/C1342.jpg,C,C,0.9933921694755554,300,1
C/C1343.jpg,C,C,0.9933170080184937,300,1
C/C1347.jpg,C,C,0.9934606552124023,300,1
C/C1355.jpg,C,C,0.9934098124504089,300,1
C/C1358.jpg,C,C,0.9933686852455139,300,1
C/C136.jpg,C,C,0.9932425618171692,300,1
C/C1364.jpg,C,C,0.9933011531829834,300,1
C/C1368.jpg,C,C,0.9934003353118896,300,1
C/C1370.jpg,C,C,0.9934279322624207,300,1
C/C1371.jpg,C,C,0.993354320526123,300,1
C/C1373.jpg,C,C,0.9934399724006653,300,1
C/C1376.jpg,C,C,0.9935270547866821,300,1
C/C1380.jpg,C,C,0.9934678673744202,300,1
C/C1382.jpg,C,C,0.9935355186462402,300,1
C/C1420.jpg,C,C,0.9933373928070068,300,1
C/C1421.jpg,C,C,0.9934237003326416,300,1
C/C1427.jpg,C,C,0.9933342933654785,300,1
C/C1429.jpg,C,C,0.9929959177970886,300,1
C/C143.jpg,C,C,0.9932605624198914,300,1
C/C1434.jpg,C,C,0.9933005571365356,300,1
C/C1445.jpg,C,C,0.9934207797050476,300,1
C/C1449.jpg,C,C,0.9933401942253113,300,1
C/C145.jpg,C,C,0.9932659864425659,300,1
C/C1450.jpg,C,C,0.9931637644767761,300,1
C/C1453.jpg,C,C,0.9932842254638672,300,1
C/C1456.jpg,C,C,0.9931485056877136,300,1
C/C1458.jpg,C,C,0.9931635856628418,300,1
C/C146.jpg,C,C,0.9932518601417542,300,1
C/C1461.jpg,C,C,0.9930689334869385,300,1
C/C1463.jpg,C,C,0.9931622743606567,300,1
C/C1468.jpg,C,C,0.9931747317314148,300,1
C/C1473.jpg,C,C,0.9931597709655762,300,1
C/C1480.jpg,C,C,0.9931204319000244,300,1
C/C1489.jpg,C,C,0.9932316541671753,300,1
C/C1490.jpg,C,C,0.9932390451431274,300,1
C/C1498.jpg,C,C,0.9930391907691956,300,1
C/C150.jpg,C,C,0.9932864308357239,300,1
C/C1505.jpg,C,C,0.9929925203323364,300,1
C/C1506.jpg,C,C,0.9928475618362427,300,1
C/C151.jpg,C,C,0.9932999610900879,300,1
C/C1511.jpg,C,C,0.9930006265640259,300,1
C/C1515.jpg,C,C,0.9932349324226379,300,1
C/C1517.jpg,C,C,0.9933037161827087,300,1
C/C1518.jpg,C,C,0.9933660626411438,300,1
C/C1521.jpg,C,C,0.9934076070785522,300,1
C/C1524.jpg,C,C,0.9934067726135254,300,1
C/C1525.jpg,C,C,0.9933795928955078,300,1
C/C1527.jpg,C,C,0.9934224486351013,300,1
C/C1534.jpg,C,C,0.9933311343193054,300,1
C/C1535.jpg,C,C,0.9933212399482727,300,1
C/C1549.jpg,C,C,0.9930738210678101,300,1
C/C1551.jpg,C,C,0.9932466745376587,300,1
C/C1552.jpg,C,C,0.9930251836776733,300,1
C/C1560.jpg,C,C,0.9932592511177063,300,1
C/C1568.jpg,C,C,0.993256688117981,300,1
C/C1570.jpg,C,C,0.9932532906532288,300,1
C/C1572.jpg,C,C,0.9932704567909241,300,1
C/C1575.jpg,C,C,0.9933516383171082,300,1
C/C1578.jpg,C,C,0.9932783246040344,300,1
C/C158.jpg,C,C,0.9933038353919983,300,1
C/C1581.jpg,C,C,0.9933393597602844,300,1
C/C1583.jpg,C,C,0.9934207797050476,300,1
C/C1586.jpg,C,C,0.9933515191078186,300,1
C/C1587.jpg,C,C,0.9933943152427673,300,1
C/C1595.jpg,C,C,0.9934284090995789,300,1
C/C1596.jpg,C,C,0.9933333992958069,300,1
C/C1597.jpg,C,C,0.9932094216346741,300,1
C/C1608.jpg,C,C,0.9932591915130615,300,1
C/C1614.jpg,C,C,0.9933419823646545,300,1
C/C1635.jpg,C,C,0.9933319687843323,300,1
C/C1641.jpg,C,C,0.9931643605232239,300,1
C/C1643.jpg,C,C,0.9933375120162964,300,1
C/C165.jpg,C,C,0.9932936429977417,300,1
C/C1657.jpg,C,C,0.9932940006256104,300,1
C/C1659.jpg,C,C,0.9933744072914124,300,1
C/C166.jpg,C,C,0.993293046951294,300,1
C/C1674.jpg,C,C,0.993128776550293,300,1
C/C1679.jpg,C,C,0.9931749701499939,300,1
C/C168.jpg,C,C,0.9932414293289185,300,1
C/C1681.jpg,C,C,0.9931400418281555,300,1
C/C1690.jpg,C,C,0.9930689334869385,300,1
C/C1703.jpg,C,C,0.9933086633682251,300,1
C/C1707.jpg,C,C,0.9932340979576111,300,1
C/C1708.jpg,C,C,0.993251621723175,300,1
C/C173.jpg,C,C,0.993150532245636,300,1
C/C1734.jpg,C,C,0.9931851029396057,300,1
C/C1750.jpg,C,C,0.9931976795196533,300,1
C/C1752.jpg,C,C,0.9932258725166321,300,1
C/C1753.jpg,C,C,0.993291974067688,300,1
C/C1759.jpg,C,C,0.9933236241340637,300,1
C/C1766.jpg,C,C,0.993382453918457,300,1
C/C1770.jpg,C,C,0.9933516383171082,300,1
C/C1773.jpg,C,C,0.9933445453643799,300,1
C/C1778.jpg,C,C,0.9934176206588745,300,1
C/C1780.jpg,C,C,0.9933333992958069,300,1
C/C1781.jpg,C,C,0.993331253528595,300,1
C/C1787.jpg,C,C,0.9933478236198425,300,1
C/C1790.jpg,C,C,0.9934000968933105,300,1
C/C1797.jpg,C,C,0.9933972358703613,300,1
C/C1799.jpg,C,C,0.9934432506561279,300,1
C/C1807.jpg,C,C,0.99339759349823,300,1
C/C1810.jpg,C,C,0.9935216307640076,300,1
C/C1813.jpg,C,C,0.9934214949607849,300,1
C/C1815.jpg,C,C,0.9934451580047607,300,1
C/C1818.jpg,C,C,0.9933892488479614,300,1
C/C1826.jpg,C,C,0.9934149980545044,300,1
C/C1827.jpg,C,C,0.9934238195419312,300,1
C/C1829.jpg,C,C,0.9934390187263489,300,1
C/C1838.jpg,C,C,0.9934460520744324,300,1
C/C1843.jpg,C,C,0.9934036135673523,300,1
C/C1845.jpg,C,C,0.9932776093482971,300,1
C/C1849.jpg,C,C,0.9933428764343262,300,1
C/C185.jpg,C,C,0.9931950569152832,300,1
C/C1855.jpg,C,C,0.9933007955551147,300,1
C/C1856.jpg,C,C,0.9932947754859924,300,1
C/C1858.jpg,C,C,0.9932736158370972,300,1
C/C1862.jpg,C,C,0.9930771589279175,300,1
C/C1865.jpg,C,C,0.9931150078773499,300,1
C/C1869.jpg,C,C,0.9931240677833557,300,1
C/C1873.jpg,C,C,0.9932257533073425,300,1
C/C1875.jpg,C,C,0.9931922554969788,300,1
C/C1878.jpg,C,C,0.9931210875511169,300,1
C/C188.jpg,C,C,0.9933977127075195,300,1
C/C1880.jpg,C,C,0.9930697083473206,300,1
C/C1884.jpg,C,C,0.9929786324501038,300,1
C/C1886.jpg,C,C,0.9931371212005615,300,1
C/C1890.jpg,C,C,0.9927805066108704,300,1
C/C1891.jpg,C,C,0.992872953414917,300,1
C/C1893.jpg,C,C,0.9929471015930176,300,1
C/C1897.jpg,C,C,0.9929701685905457,300,1
C/C1899.jpg,C,C,0.9928823709487915,300,1
C/C1901.jpg,C,C,0.9928152561187744,300,1
C/C1902.jpg,C,C,0.9929003715515137,300,1
C/C1903.jpg,C,C,0.9927747249603271,300,1
C/C191.jpg,C,C,0.9933896064758301,300,1
C/C1914.jpg,C,C,0.9931713342666626,300,1
C/C1917.jpg,C,C,0.9932263493537903,300,1
C/C1936.jpg,C,C,0.9932196736335754,300,1
C/C1938.jpg,C,C,0.9931532144546509,300,1
C/C194.jpg,C,C,0.9933633804321289,300,1
C/C1944.jpg,C,C,0.9931406378746033,300,1
C/C195.jpg,C,C,0.9934053421020508,300,1
C/C1952.jpg,C,C,0.9930757284164429,300,1
C/C1967.jpg,C,C,0.9931814074516296,300,1
C/C1978.jpg,C,C,0.9932979941368103,300,1
C/C1982.jpg,C,C,0.9933874607086182,300,1
C/C1988.jpg,C,C,0.9934521913528442,300,1
C/C1995.jpg,C,C,0.9931047558784485,300,1
C/C2009.jpg,C,C,0.9931358098983765,300,1
C/C2010.jpg,C,C,0.9932500123977661,300,1
C/C2024.jpg,C,C,0.9933542013168335,300,1
C/C2027.jpg,C,C,0.9934506416320801,300,1
C/C2031.jpg,C,C,0.9934949278831482,300,1
C/C2036.jpg,C,C,0.9933561086654663,300,1
C/C2037.jpg,C,C,0.9934049248695374,300,1
C/C2046.jpg,C,C,0.9933307766914368,300,1
C/C2053.jpg,C,C,0.9936498999595642,300,1
C/C2055.jpg,C,C,0.9935001730918884,300,1
C/C2064.jpg,C,C,0.9934635162353516,300,1
C/C2069.jpg,C,C,0.9932020306587219,300,1
C/C2081.jpg,C,C,0.9934146404266357,300,1
C/C2087.jpg,C,C,0.9936151504516602,300,1
C/C2088.jpg,C,C,0.9934926629066467,300,1
C/C209.jpg,C,C,0.993064820766449,300,1
C/C2093.jpg,C,C,0.9935584664344788,300,1
C/C2095.jpg,C,C,0.9934409260749817,300,1
C/C2099.jpg,C,C,0.9936182498931885,300,1
C/C210.jpg,C,C,0.9929913282394409,300,1
C/C2101.jpg,C,C,0.9935061931610107,300,1
C/C2105.jpg,C,C,0.9936163425445557,300,1
C/C2115.jpg,C,C,0.9938719272613525,300,1
C/C2116.jpg,C,C,0.9937748908996582,300,1
C/C2122.jpg,C,C,0.9935775399208069,300,1
C/C2130.jpg,C,C,0.993660032749176,300,1
C/C2131.jpg,C,C,0.993610680103302,300,1
C/C2135.jpg,C,C,0.9936703443527222,300,1
C/C2137.jpg,C,C,0.9936767220497131,300,1
C/C214.jpg,C,C,0.9929982423782349,300,1
C/C2143.jpg,C,C,0.9936966300010681,300,1
C/C2144.jpg,C,C,0.9936196208000183,300,1
C/C2151.jpg,C,C,0.9936202168464661,300,1
C/C2158.jpg,C,C,0.9937106370925903,300,1
C/C216.jpg,C,C,0.9929231405258179,300,1
C/C2163.jpg,C,C,0.9935852885246277,300,1
C/C2178.jpg,C,C,0.9933812618255615,300,1
C/C2180.jpg,C,C,0.9934080839157104,300,1
C/C2185.jpg,C,C,0.9933494925498962,300,1
C/C2186.jpg,C,C,0.9933491349220276,300,1
C/C219.jpg,C,C,0.9929026961326599,300,1
C/C2190.jpg,C,C,0.9933542013168335,300,1
C/C2192.jpg,C,C,0.9932318925857544,300,1
C/C22.jpg,C,C,0.993346095085144,300,1
C/C2202.jpg,C,C,0.9933508038520813,300,1
C/C2203.jpg,C,C,0.9934499859809875,300,1
C/C2213.jpg,C,C,0.9934924244880676,300,1
C/C2216.jpg,C,C,0.9933761954307556,300,1
C/C2221.jpg,C,C,0.993615984916687,300,1
C/C2223.jpg,C,C,0.9934844374656677,300,1
C/C2225.jpg,C,C,0.9935261011123657,300,1
C/C2226.jpg,C,C,0.9935851693153381,300,1
C/C224.jpg,C,C,0.9928950667381287,300,1
C/C2252.jpg,C,C,0.9927995204925537,300,1
C/C2256.jpg,C,C,0.9929674863815308,300,1
C/C2260.jpg,C,C,0.9931145310401917,300,1
C/C2268.jpg,C,C,0.9933276176452637,300,1
C/C2269.jpg,C,C,0.9932265877723694,300,1
C/C227.jpg,C,C,0.9929049611091614,300,1
C/C2280.jpg,C,C,0.9931142926216125,300,1
C/C2291.jpg,C,C,0.9928513765335083,300,1
C/C2296.jpg,C,C,0.9932079911231995,300,1
C/C2298.jpg,C,C,0.9933078289031982,300,1
C/C2300.jpg,C,C,0.9933016300201416,300,1
C/C2301.jpg,C,C,0.9933328032493591,300,1
C/C2303.jpg,C,C,0.9933337569236755,300,1
C/C2306.jpg,C,C,0.9933155179023743,300,1
C/C2320.jpg,C,C,0.9936172962188721,300,1
C/C2322.jpg,C,C,0.993392288684845,300,1
C/C2324.jpg,C,C,0.9933377504348755,300,1
C/C2344.jpg,C,C,0.9930883049964905,300,1
C/C2353.jpg,C,C,0.9930207133293152,300,1
C/C2362.jpg,C,C,0.9931743741035461,300,1
C/C2364.jpg,C,C,0.9932379722595215,300,1
C/C2370.jpg,C,C,0.9930813908576965,300,1
C/C2378.jpg,C,C,0.9934589266777039,300,1
C/C2380.jpg,C,C,0.9934658408164978,300,1
C/C2390.jpg,C,C,0.9932875037193298,300,1
C/C2394.jpg,C,C,0.993155300617218,300,1
C/C2407.jpg,C,C,0.9932268261909485,300,1
C/C2409.jpg,C,C,0.993133544921875,300,1
C/C241.jpg,C,C,0.9931104183197021,300,1
C/C2410.jpg,C,C,0.9931198358535767,300,1
C/C2422.jpg,C,C,0.9933587908744812,300,1
C/C2425.jpg,C,C,0.9933997392654419,300,1
C/C2426.jpg,C,C,0.9933903217315674,300,1
C/C2427.jpg,C,C,0.993353009223938,300,1
C/C2428.jpg,C,C,0.9934781789779663,300,1
C/C244.jpg,C,C,0.9931307435035706,300,1
C/C2443.jpg,C,C,0.9937074780464172,300,1
C/C2444.jpg,C,C,0.9936343431472778,300,1
C/C2449.jpg,C,C,0.9936068058013916,300,1
C/C2450.jpg,C,C,0.9936233162879944,300,1
C/C2451.jpg,C,C,0.9935894012451172,300,1
C/C2467.jpg,C,C,0.9933158755302429,300,1
C/C2469.jpg,C,C,0.9932096600532532,300,1
C/C2474.jpg,C,C,0.9931526184082031,300,1
C/C2475.jpg,C,C,0.9930996894836426,300,1
C/C248.jpg,C,C,0.9931755661964417,300,1
C/C2480.jpg,C,C,0.9930896162986755,300,1
C/C2481.jpg,C,C,0.9931076169013977,300,1
C/C2485.jpg,C,C,0.9927077889442444,300,1
C/C2488.jpg,C,C,0.9931233525276184,300,1
C/C2489.jpg,C,C,0.9931852221488953,300,1
C/C249.jpg,C,C,0.9932780861854553,300,1
C/C2490.jpg,C,C,0.9932522177696228,300,1
C/C2497.jpg,C,C,0.9932082295417786,300,1
C/C25.jpg,C,C,0.9933435916900635,300,1
C/C2513.jpg,C,C,0.9934329986572266,300,1
C/C2514.jpg,C,C,0.9934514760971069,300,1
C/C2516.jpg,C,C,0.9933815002441406,300,1
C/C2523.jpg,C,C,0.9932428002357483,300,1
C/C2527.jpg,C,C,0.9932729005813599,300,1
C/C2529.jpg,C,C,0.9934043288230896,300,1
C/C2532.jpg,C,C,0.9934200644493103,300,1
C/C2533.jpg,C,C,0.9933694005012512,300,1
C/C2538.jpg,C,C,0.9934259653091431,300,1
C/C254.jpg,C,C,0.9932410717010498,300,1
C/C2540.jpg,C,C,0.9933792352676392,300,1
C/C2558.jpg,C,C,0.9935287833213806,300,1
C/C2560.jpg,C,C,0.9934902191162109,300,1
C/C2568.jpg,C,C,0.9935005307197571,300,1
C/C2580.jpg,C,C,0.9934497475624084,300,1
C/C2585.jpg,C,C,0.9934132695198059,300,1
C/C2588.jpg,C,C,0.9934079647064209,300,1
C/C2589.jpg,C,C,0.993380069732666,300,1
C/C2590.jpg,C,C,0.9933602213859558,300,1
C/C2591.jpg,C,C,0.9934149980545044,300,1
C/C2598.jpg,C,C,0.9935058355331421,300,1
C/C260.jpg,C,C,0.9932410717010498,300,1
C/C2603.jpg,C,C,0.9934738278388977,300,1
C/C2604.jpg,C,C,0.99346524477005,300,1
C/C2608.jpg,C,C,0.9934706687927246,300,1
C/C2616.jpg,C,C,0.9933962225914001,300,1
C/C2617.jpg,C,C,0.9933568835258484,300,1
C/C2627.jpg,C,C,0.9933902025222778,300,1
C/C2631.jpg,C,C,0.9934780597686768,300,1
C/C2635.jpg,C,C,0.9935322999954224,300,1
C/C2640.jpg,C,C,0.9935670495033264,300,1
C/C2645.jpg,C,C,0.993573009967804,300,1
C/C265.jpg,C,C,0.9933110475540161,300,1
C/C2651.jpg,C,C,0.9936937689781189,300,1
C/C2655.jpg,C,C,0.9935833811759949,300,1
C/C266.jpg,C,C,0.9932960867881775,300,1
C/C2675.jpg,C,C,0.9935699701309204,300,1
C/C2682.jpg,C,C,0.9937092065811157,300,1
C/C2691.jpg,C,C,0.9937326312065125,300,1
C/C2700.jpg,C,C,0.9936515092849731,300,1
C/C2706.jpg,C,C,0.9935694932937622,300,1
C/C2707.jpg,C,C,0.9935750365257263,300,1
C/C2709.jpg,C,C,0.993574321269989,300,1
C/C271.jpg,C,C,0.9933746457099915,300,1
C/C2717.jpg,C,C,0.993549644947052,300,1
C/C2718.jpg,C,C,0.9935316443443298,300,1
C/C2719.jpg,C,C,0.993544340133667,300,1
C/C2726.jpg,C,C,0.9936525821685791,300,1
C/C2727.jpg,C,C,0.993637204170227,300,1
C/C2730.jpg,C,C,0.9935954213142395,300,1
C/C2736.jpg,C,C,0.9935817718505859,300,1
C/C2739.jpg,C,C,0.9935682415962219,300,1
C/C2747.jpg,C,C,0.9936129450798035,300,1
C/C2751.jpg,C,C,0.9935676455497742,300,1
C/C2755.jpg,C,C,0.9935417175292969,300,1
C/C2761.jpg,C,C,0.9935584664344788,300,1
C/C2766.jpg,C,C,0.9934754967689514,300,1
C/C2785.jpg,C,C,0.9936649799346924,300,1
C/C2791.jpg,C,C,0.9935972690582275,300,1
C/C2795.jpg,C,C,0.9935981035232544,300,1
C/C2798.jpg,C,C,0.9936153888702393,300,1
C/C2800.jpg,C,C,0.9936350584030151,300,1
C/C2802.jpg,C,C,0.9936216473579407,300,1
C/C281.jpg,C,C,0.9934012293815613,300,1
C/C2810.jpg,C,C,0.993675172328949,300,1
C/C2817.jpg,C,C,0.9936880469322205,300,1
C/C282.jpg,C,C,0.9934478402137756,300,1
C/C2820.jpg,C,C,0.9936675429344177,300,1
C/C2821.jpg,C,C,0.9936630725860596,300,1
C/C2824.jpg,C,C,0.9936378598213196,300,1
C/C2826.jpg,C,C,0.9936665892601013,300,1
C/C2830.jpg,C,C,0.9937548637390137,300,1
C/C2831.jpg,C,C,0.9937019348144531,300,1
C/C2832.jpg,C,C,0.9937258362770081,300,1
C/C2833.jpg,C,C,0.9937029480934143,300,1
C/C2835.jpg,C,C,0.993699312210083,300,1
C/C2845.jpg,C,C,0.993655800819397,300,1
C/C285.jpg,C,C,0.9933910369873047,300,1
C/C2850.jpg,C,C,0.9937282800674438,300,1
C/C2851.jpg,C,C,0.993811845779419,300,1
C/C2857.jpg,C,C,0.9936739206314087,300,1
C/C2858.jpg,C,C,0.9936571717262268,300,1
C/C2861.jpg,C,C,0.9936541318893433,300,1
C/C2862.jpg,C,C,0.9936314225196838,300,1
C/C2865.jpg,C,C,0.9935839772224426,300,1
C/C2868.jpg,C,C,0.9935368895530701,300,1
C/C2871.jpg,C,C,0.9935625791549683,300,1
C/C2873.jpg,C,C,0.9935880899429321,300,1
C/C2876.jpg,C,C,0.9935047626495361,300,1
C/C2877.jpg,C,C,0.9934709072113037,300,1
C/C2879.jpg,C,C,0.9934873580932617,300,1
C/C2885.jpg,C,C,0.9934664368629456,300,1
C/C2890.jpg,C,C,0.9934942126274109,300,1
C/C2893.jpg,C,C,0.9935051202774048,300,1
C/C2898.jpg,C,C,0.9934561848640442,300,1
C/C29.jpg,C,C,0.993294894695282,300,1
C/C2901.jpg,C,C,0.9935372471809387,300,1
C/C2902.jpg,C,C,0.9934759736061096,300,1
C/C2903.jpg,C,C,0.9934719800949097,300,1
C/C2907.jpg,C,C,0.9935346841812134,300,1
C/C2915.jpg,C,C,0.9936274290084839,300,1
C/C2918.jpg,C,C,0.9935441017150879,300,1
C/C2935.jpg,C,C,0.9934120774269104,300,1
C/C2943.jpg,C,C,0.9935287833213806,300,1
C/C2945.jpg,C,C,0.9935392737388611,300,1
C/C2955.jpg,C,C,0.9935697317123413,300,1
C/C2957.jpg,C,C,0.9935652613639832,300,1
C/C2972.jpg,C,C,0.9936181306838989,300,1
C/C2974.jpg,C,C,0.9936233162879944,300,1
C/C298.jpg,C,C,0.9933499693870544,300,1
C/C2984.jpg,C,C,0.9935992956161499,300,1
C/C2985.jpg,C,C,0.9936188459396362,300,1
C/C2986.jpg,C,C,0.9936167001724243,300,1
C/C299.jpg,C,C,0.9933342933654785,300,1
C/C2997.jpg,C,C,0.9936424493789673,300,1
C/C301.jpg,C,C,0.9932920932769775,300,1
C/C304.jpg,C,C,0.9933445453643799,300,1
C/C305.jpg,C,C,0.993371844291687,300,1
C/C312.jpg,C,C,0.9932505488395691,300,1
C/C316.jpg,C,C,0.9931418299674988,300,1
C/C320.jpg,C,C,0.993123471736908,300,1
C/C330.jpg,C,C,0.9930528998374939,300,1
C/C333.jpg,C,C,0.9929982423782349,300,1
C/C337.jpg,C,C,0.992985188961029,300,1
C/C349.jpg,C,C,0.9933028221130371,300,1
C/C351.jpg,C,C,0.9933592677116394,300,1
C/C356.jpg,C,C,0.9932129383087158,300,1
C/C36.jpg,C,C,0.9933670163154602,300,1
C/C361.jpg,C,C,0.9932538866996765,300,1
C/C363.jpg,C,C,0.9932054281234741,300,1
C/C367.jpg,C,C,0.9932113885879517,300,1
C/C371.jpg,C,C,0.9932273030281067,300,1
C/C377.jpg,C,C,0.9932786822319031,300,1
C/C38.jpg,C,C,0.9932889342308044,300,1
C/C381.jpg,C,C,0.993259847164154,300,1
C/C383.jpg,C,C,0.9932910203933716,300,1
C/C384.jpg,C,C,0.9933197498321533,300,1
C/C386.jpg,C,C,0.9932611584663391,300,1
C/C400.jpg,C,C,0.9931582808494568,300,1
C/C402.jpg,C,C,0.9931364059448242,300,1
C/C405.jpg,C,C,0.9931769371032715,300,1
C/C407.jpg,C,C,0.9932315349578857,300,1
C/C409.jpg,C,C,0.9932419657707214,300,1
C/C416.jpg,C,C,0.9933438301086426,300,1
C/C418.jpg,C,C,0.9933217167854309,300,1
C/C419.jpg,C,C,0.9932700991630554,300,1
C/C421.jpg,C,C,0.9932804703712463,300,1
C/C422.jpg,C,C,0.9932988882064819,300,1
C/C423.jpg,C,C,0.9932604432106018,300,1
C/C439.jpg,C,C,0.9933748841285706,300,1
C/C441.jpg,C,C,0.9933452606201172,300,1
C/C443.jpg,C,C,0.9933171272277832,300,1
C/C462.jpg,C,C,0.9934424161911011,300,1
C/C464.jpg,C,C,0.9934597015380859,300,1
C/C469.jpg,C,C,0.9933896064758301,300,1
C/C478.jpg,C,C,0.9933104515075684,300,1
C/C485.jpg,C,C,0.993328332901001,300,1
C/C486.jpg,C,C,0.9933266639709473,300,1
C/C487.jpg,C,C,0.9933373928070068,300,1
C/C497.jpg,C,C,0.9933940768241882,300,1
C/C498.jpg,C,C,0.993328332901001,300,1
C/C509.jpg,C,C,0.9934230446815491,300,1
C/C51.jpg,C,C,0.9933434724807739,300,1
C/C517.jpg,C,C,0.9934138655662537,300,1
C/C521.jpg,C,C,0.9934037327766418,300,1
C/C526.jpg,C,C,0.9933443069458008,300,1
C/C533.jpg,C,C,0.9932968020439148,300,1
C/C547.jpg,C,C,0.9930692911148071,300,1
C/C548.jpg,C,C,0.9931339025497437,300,1
C/C56.jpg,C,C,0.9933717250823975,300,1
C/C561.jpg,C,C,0.9932920932769775,300,1
C/C566.jpg,C,C,0.9933444261550903,300,1
C/C567.jpg,C,C,0.9933850169181824,300,1
C/C570.jpg,C,C,0.9934009909629822,300,1
C/C572.jpg,C,C,0.9933851361274719,300,1
C/C577.jpg,C,C,0.9933251738548279,300,1
C/C589.jpg,C,C,0.993439257144928,300,1
C/C593.jpg,C,C,0.9934259653091431,300,1
C/C597.jpg,C,C,0.9934074878692627,300,1
C/C60.jpg,C,C,0.9933769106864929,300,1
C/C603.jpg,C,C,0.9934138655662537,300,1
C/C604.jpg,C,C,0.9933634996414185,300,1
C/C607.jpg,C,C,0.9933132529258728,300,1
C/C61.jpg,C,C,0.9933896064758301,300,1
C/C626.jpg,C,C,0.99324631690979,300,1
C/C64.jpg,C,C,0.993362545967102,300,1
C/C649.jpg,C,C,0.9932679533958435,300,1
C/C653.jpg,C,C,0.9931695461273193,300,1
C/C661.jpg,C,C,0.9931328892707825,300,1
C/C666.jpg,C,C,0.9931089878082275,300,1
C/C668.jpg,C,C,0.9931899905204773,300,1
C/C670.jpg,C,C,0.993222713470459,300,1
C/C671.jpg,C,C,0.993253767490387,300,1
C/C673.jpg,C,C,0.9932326078414917,300,1
C/C68.jpg,C,C,0.9934067726135254,300,1
C/C681.jpg,C,C,0.9931567311286926,300,1
C/C688.jpg,C,C,0.9928988218307495,300,1
C/C703.jpg,C,C,0.9933145642280579,300,1
C/C708.jpg,C,C,0.9933070540428162,300,1
C/C718.jpg,C,C,0.9933197498321533,300,1
C/C723.jpg,C,C,0.9933826923370361,300,1
C/C726.jpg,C,C,0.9933279752731323,300,1
C/C731.jpg,C,C,0.9932460188865662,300,1
C/C753.jpg,C,C,0.9933759570121765,300,1
C/C754.jpg,C,C,0.9934059381484985,300,1
C/C758.jpg,C,C,0.9933487772941589,300,1
C/C759.jpg,C,C,0.9933369159698486,300,1
C/C760.jpg,C,C,0.9933584332466125,300,1
C/C762.jpg,C,C,0.9933742880821228,300,1
C/C764.jpg,C,C,0.9933751225471497,300,1
C/C767.jpg,C,C,0.9934532642364502,300,1
C/C777.jpg,C,C,0.9934451580047607,300,1
C/C778.jpg,C,C,0.9934248924255371,300,1
C/C779.jpg,C,C,0.993441104888916,300,1
C/C780.jpg,C,C,0.9934452772140503,300,1
C/C789.jpg,C,C,0.9933863282203674,300,1
C/C79.jpg,C,C,0.9933643341064453,300,1
C/C795.jpg,C,C,0.9934087991714478,300,1
C/C797.jpg,C,C,0.9934398531913757,300,1
C/C802.jpg,C,C,0.9935436248779297,300,1
C/C803.jpg,C,C,0.9934865236282349,300,1
C/C804.jpg,C,C,0.9935234785079956,300,1
C/C808.jpg,C,C,0.9933542013168335,300,1
C/C810.jpg,C,C,0.9934396147727966,300,1
C/C816.jpg,C,C,0.9934419393539429,300,1
C/C82.jpg,C,C,0.9933547973632812,300,1
C/C820.jpg,C,C,0.9934279322624207,300,1
C/C822.jpg,C,C,0.9935004115104675,300,1
C/C838.jpg,C,C,0.9932727813720703,300,1
C/C843.jpg,C,C,0.9932029247283936,300,1
C/C848.jpg,C,C,0.993190348148346,300,1
C/C855.jpg,C,C,0.9931326508522034,300,1
C/C866.jpg,C,C,0.9930705428123474,300,1
C/C871.jpg,C,C,0.9930650591850281,300,1
C/C872.jpg,C,C,0.9930698275566101,300,1
C/C879.jpg,C,C,0.9931249022483826,300,1
C/C88.jpg,C,C,0.9934025406837463,300,1
C/C881.jpg,C,C,0.9931133389472961,300,1
C/C883.jpg,C,C,0.9930906295776367,300,1
C/C89.jpg,C,C,0.9934007525444031,300,1
C/C890.jpg,C,C,0.9931979179382324,300,1
C/C893.jpg,C,C,0.99326491355896,300,1
C/C896.jpg,C,C,0.9933265447616577,300,1
C/C897.jpg,C,C,0.9933203458786011,300,1
C/C90.jpg,C,C,0.993401825428009,300,1
C/C903.jpg,C,C,0.993330180644989,300,1
C/C907.jpg,C,C,0.9933967590332031,300,1
C/C909.jpg,C,C,0.9933835864067078,300,1
C/C914.jpg,C,C,0.9933306574821472,300,1
C/C915.jpg,C,C,0.9933555126190186,300,1
C/C916.jpg,C,C,0.993385374546051,300,1
C/C921.jpg,C,C,0.993335485458374,300,1
C/C926.jpg,C,C,0.993278443813324,300,1
C/C929.jpg,C,C,0.9933068156242371,300,1
C/C932.jpg,C,C,0.9932021498680115,300,1
C/C933.jpg,C,C,0.9932748079299927,300,1
C/C934.jpg,C,C,0.9932884573936462,300,1
C/C937.jpg,C,C,0.9933512806892395,300,1
C/C94.jpg,C,C,0.9934264421463013,300,1
C/C940.jpg,C,C,0.9933664202690125,300,1
C/C946.jpg,C,C,0.9933167695999146,300,1
C/C95.jpg,C,C,0.993452787399292,300,1
C/C958.jpg,C,C,0.9932296276092529,300,1
C/C959.jpg,C,C,0.9932175278663635,300,1
C/C96.jpg,C,C,0.9934347867965698,300,1
C/C960.jpg,C,C,0.9932143688201904,300,1
C/C962.jpg,C,C,0.9932792782783508,300,1
C/C964.jpg,C,C,0.9933112859725952,300,1
C/C975.jpg,C,C,0.993355393409729,300,1
C/C983.jpg,C,C,0.9933670163154602,300,1
C/C987.jpg,C,C,0.9933767914772034,300,1
C/C990.jpg,C,C,0.9933738708496094,300,1
C/C991.jpg,C,C,0.9933171272277832,300,1
C/C993.jpg,C,C,0.9933311343193054,300,1
C/C997.jpg,C,C,0.99332594871521,300,1
D/D1007.jpg,D,D,0.9933133721351624,300,1
D/D101.jpg,D,D,0.9931704998016357,300,1
D/D1015.jpg,D,D,0.9932886958122253,300,1
D/D102.jpg,D,D,0.9931795597076416,300,1
D/D103.jpg,D,D,0.9931991696357727,300,1
D/D1047.jpg,D,D,0.9933611154556274,300,1
D/D1065.jpg,D,D,0.9934054613113403,300,1
D/D1074.jpg,D,D,0.9934113621711731,300,1
D/D1079.jpg,D,D,0.993287980556488,300,1
D/D108.jpg,D,D,0.9932308197021484,300,1
D/D1080.jpg,D,D,0.9933732748031616,300,1
D/D109.jpg,D,D,0.9932229518890381,300,1
D/D1096.jpg,D,D,0.9933508038520813,300,1
D/D11.jpg,D,D,0.9931539297103882,300,1
D/D1106.jpg,D,D,0.9933003187179565,300,1
D/D1112.jpg,D,D,0.9933291673660278,300,1
D/D1113.jpg,D,D,0.9933377504348755,300,1
D/D1114.jpg,D,D,0.9933263063430786,300,1
D/D1116.jpg,D,D,0.9933850169181824,300,1
D/D1121.jpg,D,D,0.9933317303657532,300,1
D/D1122.jpg,D,D,0.9933279752731323,300,1
D/D1125.jpg,D,D,0.9932637214660645,300,1
D/D1131.jpg,D,D,0.9933024644851685,300,1
D/D1137.jpg,D,D,0.9933841824531555,300,1
D/D1149.jpg,D,D,0.9933019876480103,300,1
D/D1150.jpg,D,D,0.9932709336280823,300,1
D/D1151.jpg,D,D,0.9932770133018494,300,1
D/D1154.jpg,D,D,0.9932395219802856,300,1
D/D1156.jpg,D,D,0.9932195544242859,300,1
D/D1159.jpg,D,D,0.993247389793396,300,1
D/D116.jpg,D,D,0.9932068586349487,300,1
D/D1162.jpg,D,D,0.9932512640953064,300,1
D/D1163.jpg,D,D,0.9932389259338379,300,1
D/D1168.jpg,D,D,0.9932910203933716,300,1
D/D1169.jpg,D,D,0.9932512640953064,300,1
D/D1185.jpg,D,D,0.9933068156242371,300,1
D/D1186.jpg,D,D,0.9932683110237122,300,1
D/D1192.jpg,D,D,0.993323028087616,300,1
D/D1198.jpg,D,D,0.9933347702026367,300,1
D/D1207.jpg,D,D,0.9932736158370972,300,1
D/D1208.jpg,D,D,0.9932627081871033,300,1
D/D1209.jpg,D,D,0.9932818412780762,300,1
D/D1213.jpg,D,D,0.9932485818862915,300,1
D/D1222.jpg,D,D,0.9933227896690369,300,1
D/D1228.jpg,D,D,0.9932205677032471,300,1
D/D1234.jpg,D,D,0.9931862354278564,300,1
D/D1245.jpg,D,D,0.9932261109352112,300,1
D/D1247.jpg,D,D,0.9932195544242859,300,1
D/D1252.jpg,D,D,0.9932392835617065,300,1
D/D1253.jpg,D,D,0.9932088255882263,300,1
D/D1259.jpg,D,D,0.9932057857513428,300,1
D/D1269.jpg,D,D,0.9932140111923218,300,1
D/D1277.jpg,D,D,0.9932326078414917,300,1
D/D1279.jpg,D,D,0.9933405518531799,300,1
D/D1281.jpg,D,D,0.9932942390441895,300,1
D/D1285.jpg,D,D,0.9932128190994263,300,1
D/D1295.jpg,D,D,0.9931667447090149,300,1
D/D1305.jpg,D,D,0.9931058287620544,300,1
D/D1307.jpg,D,D,0.9931701421737671,300,1
D/D1310.jpg,D,D,0.9933313727378845,300,1
D/D1317.jpg,D,D,0.9933900833129883,300,1
D/D1318.jpg,D,D,0.9933858513832092,300,1
D/D132.jpg,D,D,0.9932262301445007,300,1
D/D1323.jpg,D,D,0.9933428168296814,300,1
D/D1325.jpg,D,D,0.9933598637580872,300,1
D/D134.jpg,D,D,0.9932016730308533,300,1
D/D1344.jpg,D,D,0.9934234619140625,300,1
D/D1345.jpg,D,D,0.9934014678001404,300,1
D/D1354.jpg,D,D,0.9933186769485474,300,1
D/D1355.jpg,D,D,0.9933317303657532,300,1
D/D1362.jpg,D,D,0.9932855367660522,300,1
D/D1364.jpg,D,D,0.9932774901390076,300,1
D/D1371.jpg,D,D,0.9933578372001648,300,1
D/D1377.jpg,D,D,0.9932925701141357,300,1
D/D1379.jpg,D,D,0.993296205997467,300,1
D/D1383.jpg,D,D,0.9932349324226379,300,1
D/D1389.jpg,D,D,0.9932233095169067,300,1
D/D1392.jpg,D,D,0.9931695461273193,300,1
D/D14.jpg,D,D,0.9931596517562866,300,1
D/D140.jpg,D,D,0.9932554960250854,300,1
D/D1401.jpg,D,D,0.9932343363761902,300,1
D/D1406.jpg,D,D,0.9932925701141357,300,1
D/D1411.jpg,D,D,0.9933522939682007,300,1
D/D1420.jpg,D,D,0.9933356046676636,300,1
D/D1422.jpg,D,D,0.9934341907501221,300,1
D/D1424.jpg,D,D,0.9934337139129639,300,1
D/D143.jpg,D,D,0.9932200908660889,300,1
D/D1433.jpg,D,D,0.9933277368545532,300,1
D/D144.jpg,D,D,0.9932215213775635,300,1
D/D1442.jpg,D,D,0.9933046698570251,300,1
D/D1444.jpg,D,D,0.993328332901001,300,1
D/D145.jpg,D,D,0.9932214021682739,300,1
D/D1459.jpg,D,D,0.9933066964149475,300,1
D/D1460.jpg,D,D,0.9933149218559265,300,1
D/D1464.jpg,D,D,0.9933348894119263,300,1
D/D1468.jpg,D,D,0.9933395981788635,300,1
D/D1469.jpg,D,D,0.9933409094810486,300,1
D/D147.jpg,D,D,0.9932502508163452,300,1
D/D1471.jpg,D,D,0.9933183193206787,300,1
D/D1477.jpg,D,D,0.9933614730834961,300,1
D/D1483.jpg,D,D,0.9933682084083557,300,1
D/D1497.jpg,D,D,0.993382453918457,300,1
D/D1498.jpg,D,D,0.9933180809020996,300,1
D/D1502.jpg,D,D,0.993297278881073,300,1
D/D1503.jpg,D,D,0.9932776093482971,300,1
D/D1510.jpg,D,D,0.9933439493179321,300,1
D/D1517.jpg,D,D,0.9932907819747925,300,1
D/D152.jpg,D,D,0.9932398796081543,300,1
D/D1529.jpg,D,D,0.9933255910873413,300,1
D/D1539.jpg,D,D,0.9933439493179321,300,1
D/D154.jpg,D,D,0.993244469165802,300,1
D/D1546.jpg,D,D,0.9934036135673523,300,1
D/D1553.jpg,D,D,0.9933432340621948,300,1
D/D156.jpg,D,D,0.9932312965393066,300,1
D/D1561.jpg,D,D,0.993312656879425,300,1
D/D1565.jpg,D,D,0.9932966828346252,300,1
D/D1567.jpg,D,D,0.9933032393455505,300,1
D/D1572.jpg,D,D,0.9933425784111023,300,1
D/D1574.jpg,D,D,0.9933497309684753,300,1
D/D1575.jpg,D,D,0.9933428764343262,300,1
D/D1582.jpg,D,D,0.9933503270149231,300,1
D/D1594.jpg,D,D,0.9933585524559021,300,1
D/D1599.jpg,D,D,0.9932811260223389,300,1
D/D160.jpg,D,D,0.9932418465614319,300,1
D/D1600.jpg,D,D,0.9933162331581116,300,1
D/D1603.jpg,D,D,0.9932876229286194,300,1
D/D1605.jpg,D,D,0.993293046951294,300,1
D/D1611.jpg,D,D,0.9933504462242126,300,1
D/D1613.jpg,D,D,0.9933186769485474,300,1
D/D1614.jpg,D,D,0.9933712482452393,300,1
D/D1619.jpg,D,D,0.9933806657791138,300,1
D/D1621.jpg,D,D,0.9933866858482361,300,1
D/D1636.jpg,D,D,0.9933350086212158,300,1
D/D1644.jpg,D,D,0.9932807087898254,300,1
D/D1647.jpg,D,D,0.9932674169540405,300,1
D/D1650.jpg,D,D,0.9933441877365112,300,1
D/D1652.jpg,D,D,0.9933704137802124,300,1
D/D1656.jpg,D,D,0.9933958649635315,300,1
D/D1661.jpg,D,D,0.9933187961578369,300,1
D/D1662.jpg,D,D,0.9933306574821472,300,1
D/D1664.jpg,D,D,0.9933339953422546,300,1
D/D1671.jpg,D,D,0.9933831095695496,300,1
D/D1696.jpg,D,D,0.9934554696083069,300,1
D/D17.jpg,D,D,0.9931269884109497,300,1
D/D1700.jpg,D,D,0.9933958649635315,300,1
D/D1711.jpg,D,D,0.9934059381484985,300,1
D/D1731.jpg,D,D,0.9932922124862671,300,1
D/D1732.jpg,D,D,0.9933087825775146,300,1
D/D174.jpg,D,D,0.9932223558425903,300,1
D/D1741.jpg,D,D,0.9932749271392822,300,1
D/D1743.jpg,D,D,0.9933297038078308,300,1
D/D1758.jpg,D,D,0.9933305382728577,300,1
D/D1762.jpg,D,D,0.9933434724807739,300,1
D/D1763.jpg,D,D,0.9933203458786011,300,1
D/D1764.jpg,D,D,0.9932990074157715,300,1
D/D1766.jpg,D,D,0.9932695031166077,300,1
D/D1774.jpg,D,D,0.9933120608329773,300,1
D/D1778.jpg,D,D,0.9934965372085571,300,1
D/D1780.jpg,D,D,0.9934753775596619,300,1
D/D1786.jpg,D,D,0.9935043454170227,300,1
D/D1789.jpg,D,D,0.9934194684028625,300,1
D/D1790.jpg,D,D,0.9934586882591248,300,1
D/D1798.jpg,D,D,0.9933250546455383,300,1
D/D1802.jpg,D,D,0.9932960867881775,300,1
D/D1803.jpg,D,D,0.993364691734314,300,1
D/D1804.jpg,D,D,0.9933470487594604,300,1
D/D1808.jpg,D,D,0.993480920791626,300,1
D/D1809.jpg,D,D,0.993372917175293,300,1
D/D1811.jpg,D,D,0.9934802055358887,300,1
D/D1812.jpg,D,D,0.993448793888092,300,1
D/D1820.jpg,D,D,0.9933478236198425,300,1
D/D1830.jpg,D,D,0.993309497833252,300,1
D/D1840.jpg,D,D,0.9933810234069824,300,1
D/D1845.jpg,D,D,0.9933456182479858,300,1
D/D1847.jpg,D,D,0.9932885766029358,300,1
D/D1848.jpg,D,D,0.9932934045791626,300,1
D/D1849.jpg,D,D,0.9933494925498962,300,1
D/D1857.jpg,D,D,0.9933237433433533,300,1
D/D1864.jpg,D,D,0.9933290481567383,300,1
D/D1872.jpg,D,D,0.9932913780212402,300,1
D/D1875.jpg,D,D,0.9932812452316284,300,1
D/D1884.jpg,D,D,0.9932653903961182,300,1
D/D189.jpg,D,D,0.9932530522346497,300,1
D/D1894.jpg,D,D,0.9933983087539673,300,1
D/D1901.jpg,D,D,0.9934048056602478,300,1
D/D191.jpg,D,D,0.9932668209075928,300,1
D/D1912.jpg,D,D,0.9933765530586243,300,1
D/D1916.jpg,D,D,0.993331253528595,300,1
D/D1917.jpg,D,D,0.9933254718780518,300,1
D/D192.jpg,D,D,0.993287980556488,300,1
D/D1921.jpg,D,D,0.993323028087616,300,1
D/D1922.jpg,D,D,0.9933352470397949,300,1
D/D1929.jpg,D,D,0.993462324142456,300,1
D/D1931.jpg,D,D,0.9933751225471497,300,1
D/D1937.jpg,D,D,0.9933172464370728,300,1
D/D1940.jpg,D,D,0.9932831525802612,300,1
D/D1941.jpg,D,D,0.9933470487594604,300,1
D/D1957.jpg,D,D,0.9933030605316162,300,1
D/D1958.jpg,D,D,0.9933232665061951,300,1
D/D1963.jpg,D,D,0.9932987689971924,300,1
D/D1964.jpg,D,D,0.993344783782959,300,1
D/D1965.jpg,D,D,0.9933265447616577,300,1
D/D1969.jpg,D,D,0.9933388829231262,300,1
D/D1977.jpg,D,D,0.9933386445045471,300,1
D/D1989.jpg,D,D,0.9933233857154846,300,1
D/D1998.jpg,D,D,0.9933248162269592,300,1
D/D2010.jpg,D,D,0.9933229088783264,300,1
D/D2014.jpg,D,D,0.9933239817619324,300,1
D/D2020.jpg,D,D,0.9933581948280334,300,1
D/D2022.jpg,D,D,0.9933444261550903,300,1
D/D2029.jpg,D,D,0.9933700561523438,300,1
D/D203.jpg,D,D,0.9932959675788879,300,1
D/D2031.jpg,D,D,0.9932606816291809,300,1
D/D2032.jpg,D,D,0.9933213591575623,300,1
D/D204.jpg,D,D,0.9932882189750671,300,1
D/D2042.jpg,D,D,0.993407130241394,300,1
D/D2047.jpg,D,D,0.9934062957763672,300,1
D/D2048.jpg,D,D,0.9934518337249756,300,1
D/D2051.jpg,D,D,0.9934492707252502,300,1
D/D2053.jpg,D,D,0.9933912754058838,300,1
D/D2056.jpg,D,D,0.9933473467826843,300,1
D/D2064.jpg,D,D,0.9933723211288452,300,1
D/D2066.jpg,D,D,0.9932889342308044,300,1
D/D2067.jpg,D,D,0.9933369159698486,300,1
D/D2069.jpg,D,D,0.9933405518531799,300,1
D/D208.jpg,D,D,0.9932684302330017,300,1
D/D2080.jpg,D,D,0.9932835102081299,300,1
D/D2083.jpg,D,D,0.9934187531471252,300,1
D/D2084.jpg,D,D,0.9934282898902893,300,1
D/D2085.jpg,D,D,0.9934334754943848,300,1
D/D209.jpg,D,D,0.9932386875152588,300,1
D/D2093.jpg,D,D,0.9933947920799255,300,1
D/D2094.jpg,D,D,0.9934050440788269,300,1
D/D2097.jpg,D,D,0.9934059381484985,300,1
D/D21.jpg,D,D,0.9931305050849915,300,1
D/D210.jpg,D,D,0.9932205677032471,300,1
D/D2102.jpg,D,D,0.9934200644493103,300,1
D/D2104.jpg,D,D,0.9933898448944092,300,1
D/D2105.jpg,D,D,0.9933589100837708,300,1
D/D2106.jpg,D,D,0.9933102130889893,300,1
D/D2112.jpg,D,D,0.9933642148971558,300,1
D/D2118.jpg,D,D,0.9933214783668518,300,1
D/D2119.jpg,D,D,0.9932998418807983,300,1
D/D2134.jpg,D,D,0.9934037327766418,300,1
D/D2137.jpg,D,D,0.9934147596359253,300,1
D/D2142.jpg,D,D,0.9934955835342407,300,1
D/D2143.jpg,D,D,0.9934948086738586,300,1
D/D2153.jpg,D,D,0.9933264255523682,300,1
D/D2158.jpg,D,D,0.9933517575263977,300,1
D/D216.jpg,D,D,0.9932739734649658,300,1
D/D2168.jpg,D,D,0.9934201836585999,300,1
D/D2185.jpg,D,D,0.9933433532714844,300,1
D/D219.jpg,D,D,0.9932606816291809,300,1
D/D2193.jpg,D,D,0.993299126625061,300,1
D/D2199.jpg,D,D,0.9933779835700989,300,1
D/D2200.jpg,D,D,0.9933716058731079,300,1
D/D2203.jpg,D,D,0.9934163093566895,300,1
D/D2217.jpg,D,D,0.9932760000228882,300,1
D/D2227.jpg,D,D,0.9932906627655029,300,1
D/D2231.jpg,D,D,0.9933431148529053,300,1
D/D2234.jpg,D,D,0.9933357238769531,300,1
D/D2235.jpg,D,D,0.9933678507804871,300,1
D/D2236.jpg,D,D,0.9933385252952576,300,1
D/D2242.jpg,D,D,0.9933193922042847,300,1
D/D2245.jpg,D,D,0.9933382272720337,300,1
D/D2246.jpg,D,D,0.9934023022651672,300,1
D/D2248.jpg,D,D,0.9933566451072693,300,1
D/D225.jpg,D,D,0.9932777285575867,300,1
D/D2250.jpg,D,D,0.9932958483695984,300,1
D/D2252.jpg,D,D,0.9932819604873657,300,1
D/D2253.jpg,D,D,0.9933045506477356,300,1
D/D2256.jpg,D,D,0.9932985901832581,300,1
D/D2266.jpg,D,D,0.9933596253395081,300,1
D/D2268.jpg,D,D,0.9932817220687866,300,1
D/D2272.jpg,D,D,0.9932291507720947,300,1
D/D2278.jpg,D,D,0.9932772517204285,300,1
D/D2283.jpg,D,D,0.9934410452842712,300,1
D/D2284.jpg,D,D,0.9933397173881531,300,1
D/D229.jpg,D,D,0.9932471513748169,300,1
D/D2293.jpg,D,D,0.9933156371116638,300,1
D/D2297.jpg,D,D,0.9932571649551392,300,1
D/D230.jpg,D,D,0.9932716488838196,300,1
D/D2302.jpg,D,D,0.9933239817619324,300,1
D/D2309.jpg,D,D,0.9932838678359985,300,1
D/D2314.jpg,D,D,0.993436872959137,300,1
D/D2318.jpg,D,D,0.9933841824531555,300,1
D/D2320.jpg,D,D,0.9933626651763916,300,1
D/D2321.jpg,D,D,0.9934003353118896,300,1
D/D2326.jpg,D,D,0.9934343099594116,300,1
D/D2327.jpg,D,D,0.9934508800506592,300,1
D/D2332.jpg,D,D,0.9934322834014893,300,1
D/D2337.jpg,D,D,0.993413507938385,300,1
D/D2346.jpg,D,D,0.9934554696083069,300,1
D/D2348.jpg,D,D,0.9934331178665161,300,1
D/D2351.jpg,D,D,0.9934178590774536,300,1
D/D2362.jpg,D,D,0.9933434724807739,300,1
D/D2368.jpg,D,D,0.9933273792266846,300,1
D/D2369.jpg,D,D,0.9933316111564636,300,1
D/D2370.jpg,D,D,0.9933804273605347,300,1
D/D2374.jpg,D,D,0.9933277368545532,300,1
D/D2377.jpg,D,D,0.9933826923370361,300,1
D/D2379.jpg,D,D,0.9933598637580872,300,1
D/D2380.jpg,D,D,0.9933792352676392,300,1
D/D2383.jpg,D,D,0.9933986663818359,300,1
D/D2386.jpg,D,D,0.9933311343193054,300,1
D/D2388.jpg,D,D,0.9933725595474243,300,1
D/D2393.jpg,D,D,0.9934032559394836,300,1
D/D2394.jpg,D,D,0.9934635162353516,300,1
D/D2399.jpg,D,D,0.9934067726135254,300,1
D/D2406.jpg,D,D,0.9933399558067322,300,1
D/D241.jpg,D,D,0.9932364821434021,300,1
D/D2411.jpg,D,D,0.9934169054031372,300,1
D/D2412.jpg,D,D,0.9934079647064209,300,1
D/D2430.jpg,D,D,0.9933928847312927,300,1
D/D2432.jpg,D,D,0.9933266639709473,300,1
D/D2440.jpg,D,D,0.9933841824531555,300,1
D/D2443.jpg,D,D,0.9933845400810242,300,1
D/D2449.jpg,D,D,0.9933686852455139,300,1
D/D245.jpg,D,D,0.993300199508667,300,1
D/D2451.jpg,D,D,0.9934294819831848,300,1
D/D2453.jpg,D,D,0.9934359788894653,300,1
D/D2454.jpg,D,D,0.9934806823730469,300,1
D/D2457.jpg,D,D,0.9934321641921997,300,1
D/D2459.jpg,D,D,0.9934507608413696,300,1
D/D2464.jpg,D,D,0.993463933467865,300,1
D/D2467.jpg,D,D,0.9934118390083313,300,1
D/D2472.jpg,D,D,0.9934185743331909,300,1
D/D2474.jpg,D,D,0.9934385418891907,300,1
D/D2475.jpg,D,D,0.9934187531471252,300,1
D/D2477.jpg,D,D,0.993451714515686,300,1
D/D248.jpg,D,D,0.9932385683059692,300,1
D/D2493.jpg,D,D,0.9933777451515198,300,1
D/D2499.jpg,D,D,0.9934169054031372,300,1
D/D2507.jpg,D,D,0.9933005571365356,300,1
D/D2509.jpg,D,D,0.9932798743247986,300,1
D/D2512.jpg,D,D,0.9932403564453125,300,1
D/D2513.jpg,D,D,0.9932389259338379,300,1
D/D2519.jpg,D,D,0.9932640790939331,300,1
D/D252.jpg,D,D,0.9932424426078796,300,1
D/D2523.jpg,D,D,0.9932559728622437,300,1
D/D2524.jpg,D,D,0.993240475654602,300,1
D/D2525.jpg,D,D,0.99320387840271,300,1
D/D2526.jpg,D,D,0.993158757686615,300,1
D/D2533.jpg,D,D,0.9930835962295532,300,1
D/D2546.jpg,D,D,0.9933172464370728,300,1
D/D2547.jpg,D,D,0.9932843446731567,300,1
D/D2548.jpg,D,D,0.9932456612586975,300,1
D/D2552.jpg,D,D,0.9931975603103638,300,1
D/D2555.jpg,D,D,0.9931710958480835,300,1
D/D2568.jpg,D,D,0.9931212067604065,300,1
D/D2570.jpg,D,D,0.9931641221046448,300,1
D/D2574.jpg,D,D,0.9931341409683228,300,1
D/D2579.jpg,D,D,0.9931320548057556,300,1
D/D2593.jpg,D,D,0.9932542443275452,300,1
D/D2595.jpg,D,D,0.9931873083114624,300,1
D/D2603.jpg,D,D,0.9931837916374207,300,1
D/D2605.jpg,D,D,0.993159294128418,300,1
D/D2609.jpg,D,D,0.9932169318199158,300,1
D/D2611.jpg,D,D,0.9931758046150208,300,1
D/D2615.jpg,D,D,0.9931909441947937,300,1
D/D2617.jpg,D,D,0.9932689070701599,300,1
D/D2618.jpg,D,D,0.9932988882064819,300,1
D/D262.jpg,D,D,0.9933099746704102,300,1
D/D2638.jpg,D,D,0.9934304356575012,300,1
D/D2642.jpg,D,D,0.9932964444160461,300,1
D/D2643.jpg,D,D,0.9932875037193298,300,1
D/D2644.jpg,D,D,0.9932733774185181,300,1
D/D2649.jpg,D,D,0.9932551383972168,300,1
D/D2650.jpg,D,D,0.9932606816291809,300,1
D/D2658.jpg,D,D,0.9931736588478088,300,1
D/D2660.jpg,D,D,0.9931830763816833,300,1
D/D2671.jpg,D,D,0.9931742548942566,300,1
D/D2682.jpg,D,D,0.9931691884994507,300,1
D/D2689.jpg,D,D,0.9931302666664124,300,1
D/D2690.jpg,D,D,0.9931394457817078,300,1
D/D2695.jpg,D,D,0.9931595325469971,300,1
D/D2697.jpg,D,D,0.9931496977806091,300,1
D/D27.jpg,D,D,0.9931483864784241,300,1
D/D2707.jpg,D,D,0.9932158589363098,300,1
D/D2709.jpg,D,D,0.9931895732879639,300,1
D/D271.jpg,D,D,0.9933074116706848,300,1
D/D2713.jpg,D,D,0.9932464361190796,300,1
D/D2714.jpg,D,D,0.9932771325111389,300,1
D/D2722.jpg,D,D,0.9933246970176697,300,1
D/D2726.jpg,D,D,0.9933631420135498,300,1
D/D2741.jpg,D,D,0.9934276938438416,300,1
D/D2746.jpg,D,D,0.9933347702026367,300,1
D/D2751.jpg,D,D,0.9933578372001648,300,1
D/D2753.jpg,D,D,0.9933297038078308,300,1
D/D276.jpg,D,D,0.9932836294174194,300,1
D/D2763.jpg,D,D,0.9932479858398438,300,1
D/D2771.jpg,D,D,0.9932251572608948,300,1
D/D2773.jpg,D,D,0.9932451844215393,300,1
D/D2774.jpg,D,D,0.9932540059089661,300,1
D/D2780.jpg,D,D,0.9932371973991394,300,1
D/D2783.jpg,D,D,0.993283748626709,300,1
D/D2785.jpg,D,D,0.9932635426521301,300,1
D/D2792.jpg,D,D,0.99320387840271,300,1
D/D2799.jpg,D,D,0.9932166934013367,300,1
D/D2800.jpg,D,D,0.9932310581207275,300,1
D/D2808.jpg,D,D,0.9931621551513672,300,1
D/D2810.jpg,D,D,0.9931672215461731,300,1
D/D2813.jpg,D,D,0.9931718111038208,300,1
D/D2814.jpg,D,D,0.9931744933128357,300,1
D/D2819.jpg,D,D,0.9931787252426147,300,1
D/D2829.jpg,D,D,0.9931615591049194,300,1
D/D2836.jpg,D,D,0.9932250380516052,300,1
D/D2839.jpg,D,D,0.993225634098053,300,1
D/D2842.jpg,D,D,0.9932426810264587,300,1
D/D2850.jpg,D,D,0.9932664632797241,300,1
D/D2855.jpg,D,D,0.9932748079299927,300,1
D/D2856.jpg,D,D,0.9932510256767273,300,1
D/D2859.jpg,D,D,0.993259608745575,300,1
D/D2871.jpg,D,D,0.9932529330253601,300,1
D/D2878.jpg,D,D,0.993230938911438,300,1
D/D2879.jpg,D,D,0.9932394027709961,300,1
D/D2883.jpg,D,D,0.9932315349578857,300,1
D/D2892.jpg,D,D,0.9933011531829834,300,1
D/D2893.jpg,D,D,0.9933406710624695,300,1
D/D2896.jpg,D,D,0.993251621723175,300,1
D/D29.jpg,D,D,0.993122398853302,300,1
D/D2902.jpg,D,D,0.993278443813324,300,1
D/D2913.jpg,D,D,0.9931602478027344,300,1
D/D2915.jpg,D,D,0.9932476282119751,300,1
D/D2917.jpg,D,D,0.9932082295417786,300,1
D/D2923.jpg,D,D,0.9932110905647278,300,1
D/D293.jpg,D,D,0.9932692646980286,300,1
D/D2937.jpg,D,D,0.9932115077972412,300,1
D/D2938.jpg,D,D,0.9932223558425903,300,1
D/D294.jpg,D,D,0.9932678937911987,300,1
D/D2947.jpg,D,D,0.9932795166969299,300,1
D/D2954.jpg,D,D,0.9932305812835693,300,1
D/D2962.jpg,D,D,0.9933400750160217,300,1
D/D2965.jpg,D,D,0.9933595061302185,300,1
D/D2967.jpg,D,D,0.9933763146400452,300,1
D/D2977.jpg,D,D,0.9933621883392334,300,1
D/D2978.jpg,D,D,0.9933881759643555,300,1
D/D2980.jpg,D,D,0.9933524131774902,300,1
D/D2983.jpg,D,D,0.9933409094810486,300,1
D/D2985.jpg,D,D,0.9933005571365356,300,1
D/D2992.jpg,D,D,0.9932793974876404,300,1
D/D2996.jpg,D,D,0.9933187961578369,300,1
D/D3000.jpg,D,D,0.9932318925857544,300,1
D/D304.jpg,D,D,0.9932505488395691,300,1
D/D307.jpg,D,D,0.9932746887207031,300,1
D/D316.jpg,D,D,0.9932996034622192,300,1
D/D321.jpg,D,D,0.9932912588119507,300,1
D/D328.jpg,D,D,0.9933273792266846,300,1
D/D330.jpg,D,D,0.9933340549468994,300,1
D/D332.jpg,D,D,0.9933291673660278,300,1
D/D336.jpg,D,D,0.9933211207389832,300,1
D/D339.jpg,D,D,0.9933445453643799,300,1
D/D342.jpg,D,D,0.9933555126190186,300,1
D/D343.jpg,D,D,0.9933564066886902,300,1
D/D354.jpg,D,D,0.9932742118835449,300,1
D/D361.jpg,D,D,0.993302583694458,300,1
D/D363.jpg,D,D,0.9933187961578369,300,1
D/D367.jpg,D,D,0.993299126625061,300,1
D/D373.jpg,D,D,0.9933266639709473,300,1
D/D376.jpg,D,D,0.9933626651763916,300,1
D/D377.jpg,D,D,0.9933480620384216,300,1
D/D382.jpg,D,D,0.993312418460846,300,1
D/D394.jpg,D,D,0.9933197498321533,300,1
D/D397.jpg,D,D,0.9932996034622192,300,1
D/D40.jpg,D,D,0.9932332634925842,300,1
D/D403.jpg,D,D,0.9932599663734436,300,1
D/D408.jpg,D,D,0.9932969212532043,300,1
D/D41.jpg,D,D,0.9932681918144226,300,1
D/D411.jpg,D,D,0.9933317303657532,300,1
D/D415.jpg,D,D,0.9933565258979797,300,1
D/D438.jpg,D,D,0.9933307766914368,300,1
D/D440.jpg,D,D,0.9933260679244995,300,1
D/D443.jpg,D,D,0.9933367967605591,300,1
D/D455.jpg,D,D,0.9933000802993774,300,1
D/D458.jpg,D,D,0.9932864308357239,300,1
D/D476.jpg,D,D,0.9933642148971558,300,1
D/D477.jpg,D,D,0.9933551549911499,300,1
D/D48.jpg,D,D,0.9932200908660889,300,1
D/D480.jpg,D,D,0.9933423399925232,300,1
D/D481.jpg,D,D,0.9933333992958069,300,1
D/D482.jpg,D,D,0.9933502078056335,300,1
D/D483.jpg,D,D,0.9933352470397949,300,1
D/D485.jpg,D,D,0.9933398365974426,300,1
D/D492.jpg,D,D,0.9933193922042847,300,1
D/D494.jpg,D,D,0.9933294057846069,300,1
D/D499.jpg,D,D,0.993303120136261,300,1
D/D5.jpg,D,D,0.9931516647338867,300,1
D/D50.jpg,D,D,0.9932259917259216,300,1
D/D501.jpg,D,D,0.9932934045791626,300,1
D/D503.jpg,D,D,0.9933079481124878,300,1
D/D507.jpg,D,D,0.9933037161827087,300,1
D/D509.jpg,D,D,0.9932896494865417,300,1
D/D518.jpg,D,D,0.9932658672332764,300,1
D/D520.jpg,D,D,0.9932975172996521,300,1
D/D521.jpg,D,D,0.9932916164398193,300,1
D/D524.jpg,D,D,0.9932749271392822,300,1
D/D535.jpg,D,D,0.9932650327682495,300,1
D/D538.jpg,D,D,0.9932523369789124,300,1
D/D54.jpg,D,D,0.9932658672332764,300,1
D/D542.jpg,D,D,0.993244469165802,300,1
D/D546.jpg,D,D,0.9932833909988403,300,1
D/D548.jpg,D,D,0.9932767748832703,300,1
D/D56.jpg,D,D,0.993251621723175,300,1
D/D560.jpg,D,D,0.9933023452758789,300,1
D/D563.jpg,D,D,0.9933342933654785,300,1
D/D567.jpg,D,D,0.993354320526123,300,1
D/D568.jpg,D,D,0.9933131337165833,300,1
D/D571.jpg,D,D,0.9933596253395081,300,1
D/D581.jpg,D,D,0.9933621883392334,300,1
D/D585.jpg,D,D,0.9933785200119019,300,1
D/D587.jpg,D,D,0.9934102892875671,300,1
D/D594.jpg,D,D,0.9933832287788391,300,1
D/D597.jpg,D,D,0.9933531284332275,300,1
D/D606.jpg,D,D,0.9933191537857056,300,1
D/D617.jpg,D,D,0.9932981133460999,300,1
D/D628.jpg,D,D,0.9932697415351868,300,1
D/D633.jpg,D,D,0.9932758808135986,300,1
D/D634.jpg,D,D,0.9932892918586731,300,1
D/D639.jpg,D,D,0.9932997226715088,300,1
D/D640.jpg,D,D,0.9932829141616821,300,1
D/D646.jpg,D,D,0.9933172464370728,300,1
D/D652.jpg,D,D,0.9933072924613953,300,1
D/D655.jpg,D,D,0.9933092594146729,300,1
D/D659.jpg,D,D,0.9932892918586731,300,1
D/D675.jpg,D,D,0.9932999610900879,300,1
D/D676.jpg,D,D,0.9933121800422668,300,1
D/D677.jpg,D,D,0.993323028087616,300,1
D/D691.jpg,D,D,0.9932762384414673,300,1
D/D698.jpg,D,D,0.993291974067688,300,1
D/D70.jpg,D,D,0.9932750463485718,300,1
D/D700.jpg,D,D,0.9932605624198914,300,1
D/D708.jpg,D,D,0.9932503700256348,300,1
D/D710.jpg,D,D,0.9932574033737183,300,1
D/D712.jpg,D,D,0.9932585954666138,300,1
D/D717.jpg,D,D,0.9932504892349243,300,1
D/D718.jpg,D,D,0.9932871460914612,300,1
D/D722.jpg,D,D,0.9932458996772766,300,1
D/D727.jpg,D,D,0.9932994842529297,300,1
D/D739.jpg,D,D,0.9933133721351624,300,1
D/D740.jpg,D,D,0.9933019876480103,300,1
D/D746.jpg,D,D,0.9933265447616577,300,1
D/D752.jpg,D,D,0.9932680726051331,300,1
D/D754.jpg,D,D,0.9933021068572998,300,1
D/D755.jpg,D,D,0.9932981133460999,300,1
D/D760.jpg,D,D,0.9932818412780762,300,1
D/D763.jpg,D,D,0.9932251572608948,300,1
D/D766.jpg,D,D,0.9932478666305542,300,1
D/D769.jpg,D,D,0.9932788014411926,300,1
D/D771.jpg,D,D,0.9932460188865662,300,1
D/D776.jpg,D,D,0.9932449460029602,300,1
D/D777.jpg,D,D,0.9932650327682495,300,1
D/D784.jpg,D,D,0.9932302236557007,300,1
D/D79.jpg,D,D,0.9932335019111633,300,1
D/D803.jpg,D,D,0.9931799173355103,300,1
D/D804.jpg,D,D,0.9931613206863403,300,1
D/D805.jpg,D,D,0.9931754469871521,300,1
D/D806.jpg,D,D,0.9931460618972778,300,1
D/D812.jpg,D,D,0.9931368827819824,300,1
D/D82.jpg,D,D,0.9931922554969788,300,1
D/D820.jpg,D,D,0.9932432770729065,300,1
D/D828.jpg,D,D,0.9932364821434021,300,1
D/D832.jpg,D,D,0.9932010769844055,300,1
D/D834.jpg,D,D,0.9932410717010498,300,1
D/D836.jpg,D,D,0.9932891726493835,300,1
D/D839.jpg,D,D,0.9932270646095276,300,1
D/D84.jpg,D,D,0.993195652961731,300,1
D/D840.jpg,D,D,0.9932100176811218,300,1
D/D841.jpg,D,D,0.993259847164154,300,1
D/D848.jpg,D,D,0.9931821227073669,300,1
D/D858.jpg,D,D,0.9932510256767273,300,1
D/D871.jpg,D,D,0.9932471513748169,300,1
D/D878.jpg,D,D,0.9932503700256348,300,1
D/D881.jpg,D,D,0.9932458996772766,300,1
D/D883.jpg,D,D,0.9932326078414917,300,1
D/D892.jpg,D,D,0.9932255148887634,300,1
D/D893.jpg,D,D,0.9932125806808472,300,1
D/D91.jpg,D,D,0.9931939840316772,300,1
D/D910.jpg,D,D,0.993241548538208,300,1
D/D911.jpg,D,D,0.9932360053062439,300,1
D/D915.jpg,D,D,0.9932237863540649,300,1
D/D918.jpg,D,D,0.9932861924171448,300,1
D/D922.jpg,D,D,0.9932628273963928,300,1
D/D93.jpg,D,D,0.9931851029396057,300,1
D/D933.jpg,D,D,0.993226945400238,300,1
D/D946.jpg,D,D,0.9932761192321777,300,1
D/D949.jpg,D,D,0.9933038353919983,300,1
D/D95.jpg,D,D,0.9931592345237732,300,1
D/D950.jpg,D,D,0.9933007955551147,300,1
D/D952.jpg,D,D,0.9932841062545776,300,1
D/D956.jpg,D,D,0.9933119416236877,300,1
D/D959.jpg,D,D,0.9933106899261475,300,1
D/D960.jpg,D,D,0.9932743310928345,300,1
D/D961.jpg,D,D,0.9932793974876404,300,1
D/D962.jpg,D,D,0.9932823181152344,300,1
D/D964.jpg,D,D,0.993251383304596,300,1
D/D970.jpg,D,D,0.993249773979187,300,1
D/D974.jpg,D,D,0.993333637714386,300,1
D/D978.jpg,D,D,0.9933280944824219,300,1
D/D982.jpg,D,D,0.9933150410652161,300,1
D/D993.jpg,D,D,0.9933278560638428,300,1
E/E1000.jpg,E,E,0.9928810596466064,300,1
E/E1001.jpg,E,E,0.9931783676147461,300,1
E/E1006.jpg,E,E,0.9932312965393066,300,1
E/E1009.jpg,E,E,0.9932924509048462,300,1
E/E1019.jpg,E,E,0.9932550191879272,300,1
E/E1026.jpg,E,E,0.9932618737220764,300,1
E/E1028.jpg,E,E,0.993224024772644,300,1
E/E103.jpg,E,E,0.9932914972305298,300,1
E/E1030.jpg,E,E,0.9932869076728821,300,1
E/E1031.jpg,E,E,0.9932706952095032,300,1
E/E1037.jpg,E,E,0.9933106899261475,300,1
E/E1040.jpg,E,E,0.9932448267936707,300,1
E/E1044.jpg,E,E,0.9931854009628296,300,1
E/E1046.jpg,E,E,0.9932456612586975,300,1
E/E1048.jpg,E,E,0.9932166934013367,300,1
E/E1057.jpg,E,E,0.9932727813720703,300,1
E/E1063.jpg,E,E,0.993282675743103,300,1
E/E1064.jpg,E,E,0.99327152967453,300,1
E/E1072.jpg,E,E,0.9932776093482971,300,1
E/E1082.jpg,E,E,0.993240475654602,300,1
E/E1087.jpg,E,E,0.9932137727737427,300,1
E/E1090.jpg,E,E,0.9932131767272949,300,1
E/E1091.jpg,E,E,0.9932068586349487,300,1
E/E1094.jpg,E,E,0.9931654334068298,300,1
E/E1095.jpg,E,E,0.993222713470459,300,1
E/E110.jpg,E,E,0.9932374954223633,300,1
E/E1106.jpg,E,E,0.9933157563209534,300,1
E/E1111.jpg,E,E,0.993309736251831,300,1
E/E1114.jpg,E,E,0.9933688044548035,300,1
E/E1115.jpg,E,E,0.9933596253395081,300,1
E/E1121.jpg,E,E,0.9933515191078186,300,1
E/E1128.jpg,E,E,0.9932482242584229,300,1
E/E1131.jpg,E,E,0.9933119416236877,300,1
E/E1138.jpg,E,E,0.9933631420135498,300,1
E/E114.jpg,E,E,0.993217408657074,300,1
E/E1142.jpg,E,E,0.9932825565338135,300,1
E/E1147.jpg,E,E,0.9933089017868042,300,1
E/E1150.jpg,E,E,0.9932679533958435,300,1
E/E1151.jpg,E,E,0.9933233857154846,300,1
E/E1159.jpg,E,E,0.9933363199234009,300,1
E/E116.jpg,E,E,0.993242084980011,300,1
E/E1173.jpg,E,E,0.993125319480896,300,1
E/E1175.jpg,E,E,0.9929786324501038,300,1
E/E1181.jpg,E,E,0.993098795413971,300,1
E/E1186.jpg,E,E,0.993055522441864,300,1
E/E1187.jpg,E,E,0.9929978847503662,300,1
E/E1194.jpg,E,E,0.9929710030555725,300,1
E/E1217.jpg,E,E,0.9930083751678467,300,1
E/E1221.jpg,E,E,0.9929934144020081,300,1
E/E1226.jpg,E,E,0.9930766820907593,300,1
E/E1228.jpg,E,E,0.9930431842803955,300,1
E/E1230.jpg,E,E,0.99313884973526,300,1
E/E1231.jpg,E,E,0.9930954575538635,300,1
E/E1235.jpg,E,E,0.9930746555328369,300,1
E/E1238.jpg,E,E,0.9932251572608948,300,1
E/E1241.jpg,E,E,0.992948055267334,300,1
E/E1242.jpg,E,E,0.9929596781730652,300,1
E/E1245.jpg,E,E,0.9931215643882751,300,1
E/E1246.jpg,E,E,0.9931460618972778,300,1
E/E1247.jpg,E,E,0.9931685924530029,300,1
E/E1250.jpg,E,E,0.993151068687439,300,1
E/E1251.jpg,E,E,0.9931244254112244,300,1
E/E1257.jpg,E,E,0.993058443069458,300,1
E/E1259.jpg,E,E,0.9930484294891357,300,1
E/E126.jpg,E,E,0.9932665824890137,300,1
E/E1262.jpg,E,E,0.9931336641311646,300,1
E/E1267.jpg,E,E,0.993137776851654,300,1
E/E127.jpg,E,E,0.9932490587234497,300,1
E/E1279.jpg,E,E,0.9933869242668152,300,1
E/E1286.jpg,E,E,0.9934076070785522,300,1
E/E129.jpg,E,E,0.9933010339736938,300,1
E/E1298.jpg,E,E,0.9932522177696228,300,1
E/E1300.jpg,E,E,0.9932072758674622,300,1
E/E1309.jpg,E,E,0.9932922124862671,300,1
E/E1311.jpg,E,E,0.9932935237884521,300,1
E/E1313.jpg,E,E,0.9932597279548645,300,1
E/E1317.jpg,E,E,0.9932212829589844,300,1
E/E1322.jpg,E,E,0.9932289123535156,300,1
E/E1323.jpg,E,E,0.9931842684745789,300,1
E/E133.jpg,E,E,0.9932667016983032,300,1
E/E1331.jpg,E,E,0.9932252764701843,300,1
E/E1334.jpg,E,E,0.9932050704956055,300,1
E/E1335.jpg,E,E,0.9932386875152588,300,1
E/E1337.jpg,E,E,0.9932425618171692,300,1
E/E1344.jpg,E,E,0.9932177662849426,300,1
E/E1346.jpg,E,E,0.9932344555854797,300,1
E/E1349.jpg,E,E,0.9930828809738159,300,1
E/E1351.jpg,E,E,0.9931672215461731,300,1
E/E1354.jpg,E,E,0.9932021498680115,300,1
E/E1365.jpg,E,E,0.993118405342102,300,1
E/E137.jpg,E,E,0.9932530522346497,300,1
E/E1380.jpg,E,E,0.9932311773300171,300,1
E/E1382.jpg,E,E,0.9931596517562866,300,1
E/E1385.jpg,E,E,0.9930056929588318,300,1
E/E139.jpg,E,E,0.9932904243469238,300,1
E/E1397.jpg,E,E,0.9931811690330505,300,1
E/E1399.jpg,E,E,0.9932757616043091,300,1
E/E1402.jpg,E,E,0.9932524561882019,300,1
E/E1418.jpg,E,E,0.9932234287261963,300,1
E/E142.jpg,E,E,0.9931950569152832,300,1
E/E1421.jpg,E,E,0.9932124614715576,300,1
E/E1425.jpg,E,E,0.9933150410652161,300,1
E/E143.jpg,E,E,0.9932013154029846,300,1
E/E1458.jpg,E,E,0.9932451844215393,300,1
E/E146.jpg,E,E,0.9931793212890625,300,1
E/E1462.jpg,E,E,0.9931910634040833,300,1
E/E1463.jpg,E,E,0.9932332634925842,300,1
E/E1465.jpg,E,E,0.9932464361190796,300,1
E/E1470.jpg,E,E,0.9930851459503174,300,1
E/E1474.jpg,E,E,0.9931013584136963,300,1
E/E1478.jpg,E,E,0.9931667447090149,300,1
E/E1486.jpg,E,E,0.9932750463485718,300,1
E/E1488.jpg,E,E,0.9933739900588989,300,1
E/E149.jpg,E,E,0.993145227432251,300,1
E/E1491.jpg,E,E,0.9932132959365845,300,1
E/E1494.jpg,E,E,0.9931733012199402,300,1
E/E1495.jpg,E,E,0.9931742548942566,300,1
E/E1498.jpg,E,E,0.9932075142860413,300,1
E/E1499.jpg,E,E,0.9931742548942566,300,1
E/E1505.jpg,E,E,0.9931324124336243,300,1
E/E1509.jpg,E,E,0.99310702085495,300,1
E/E151.jpg,E,E,0.9931451082229614,300,1
E/E1510.jpg,E,E,0.9931405186653137,300,1
E/E1515.jpg,E,E,0.9931281805038452,300,1
E/E1523.jpg,E,E,0.9932175278663635,300,1
E/E1531.jpg,E,E,0.9932358860969543,300,1
E/E1532.jpg,E,E,0.9932246804237366,300,1
E/E1537.jpg,E,E,0.9932344555854797,300,1
E/E1539.jpg,E,E,0.993172824382782,300,1
E/E1542.jpg,E,E,0.9931614398956299,300,1
E/E1548.jpg,E,E,0.9931327700614929,300,1
E/E1550.jpg,E,E,0.9931613206863403,300,1
E/E1553.jpg,E,E,0.9931660294532776,300,1
E/E1555.jpg,E,E,0.9930000305175781,300,1
E/E1563.jpg,E,E,0.9930196404457092,300,1
E/E1573.jpg,E,E,0.9931291937828064,300,1
E/E1574.jpg,E,E,0.993100643157959,300,1
E/E1578.jpg,E,E,0.9931365251541138,300,1
E/E1587.jpg,E,E,0.9932997226715088,300,1
E/E1589.jpg,E,E,0.993182361125946,300,1
E/E1592.jpg,E,E,0.9931718111038208,300,1
E/E16.jpg,E,E,0.9931883811950684,300,1
E/E1606.jpg,E,E,0.9932855367660522,300,1
E/E1608.jpg,E,E,0.9932606816291809,300,1
E/E1611.jpg,E,E,0.9932530522346497,300,1
E/E1614.jpg,E,E,0.9932560920715332,300,1
E/E1615.jpg,E,E,0.9932695031166077,300,1
E/E162.jpg,E,E,0.9933227896690369,300,1
E/E1627.jpg,E,E,0.9932612776756287,300,1
E/E1632.jpg,E,E,0.9932976365089417,300,1
E/E1635.jpg,E,E,0.9932020306587219,300,1
E/E1651.jpg,E,E,0.9932832717895508,300,1
E/E1652.jpg,E,E,0.993312656879425,300,1
E/E1653.jpg,E,E,0.9933210015296936,300,1
E/E1655.jpg,E,E,0.9933663010597229,300,1
E/E1660.jpg,E,E,0.9934549927711487,300,1
E/E1668.jpg,E,E,0.9932418465614319,300,1
E/E1674.jpg,E,E,0.9933319687843323,300,1
E/E168.jpg,E,E,0.9933417439460754,300,1
E/E1680.jpg,E,E,0.993319034576416,300,1
E/E1686.jpg,E,E,0.9931848645210266,300,1
E/E1701.jpg,E,E,0.9931674599647522,300,1
E/E1702.jpg,E,E,0.9932029247283936,300,1
E/E1703.jpg,E,E,0.9932656288146973,300,1
E/E1710.jpg,E,E,0.9932126998901367,300,1
E/E1714.jpg,E,E,0.9932425618171692,300,1
E/E1719.jpg,E,E,0.9932110905647278,300,1
E/E1725.jpg,E,E,0.993061363697052,300,1
E/E1727.jpg,E,E,0.9930671453475952,300,1
E/E1743.jpg,E,E,0.9933596253395081,300,1
E/E1747.jpg,E,E,0.9932230710983276,300,1
E/E175.jpg,E,E,0.9932401180267334,300,1
E/E1752.jpg,E,E,0.9932504892349243,300,1
E/E1754.jpg,E,E,0.9932243227958679,300,1
E/E1756.jpg,E,E,0.9932495355606079,300,1
E/E1759.jpg,E,E,0.9932253956794739,300,1
E/E176.jpg,E,E,0.9932191967964172,300,1
E/E1760.jpg,E,E,0.9932417273521423,300,1
E/E1768.jpg,E,E,0.9931371212005615,300,1
E/E177.jpg,E,E,0.9932004809379578,300,1
E/E1776.jpg,E,E,0.9931375980377197,300,1
E/E1777.jpg,E,E,0.9931487441062927,300,1
E/E1783.jpg,E,E,0.9932165741920471,300,1
E/E1785.jpg,E,E,0.993181049823761,300,1
E/E1790.jpg,E,E,0.9931657910346985,300,1
E/E1792.jpg,E,E,0.9931573271751404,300,1
E/E1803.jpg,E,E,0.9932010769844055,300,1
E/E1810.jpg,E,E,0.9933724403381348,300,1
E/E1824.jpg,E,E,0.9932807087898254,300,1
E/E1828.jpg,E,E,0.9933481812477112,300,1
E/E1829.jpg,E,E,0.993319034576416,300,1
E/E1836.jpg,E,E,0.9932795166969299,300,1
E/E184.jpg,E,E,0.9931255578994751,300,1
E/E1841.jpg,E,E,0.9933100938796997,300,1
E/E1842.jpg,E,E,0.9932644367218018,300,1
E/E1843.jpg,E,E,0.993291974067688,300,1
E/E1850.jpg,E,E,0.9932984709739685,300,1
E/E1851.jpg,E,E,0.9933159947395325,300,1
E/E1853.jpg,E,E,0.9933289289474487,300,1
E/E1854.jpg,E,E,0.9933575987815857,300,1
E/E1859.jpg,E,E,0.9933047890663147,300,1
E/E1861.jpg,E,E,0.9933023452758789,300,1
E/E1880.jpg,E,E,0.9931491017341614,300,1
E/E1881.jpg,E,E,0.993217408657074,300,1
E/E1882.jpg,E,E,0.9932218790054321,300,1
E/E1887.jpg,E,E,0.9932699799537659,300,1
E/E1893.jpg,E,E,0.9932631850242615,300,1
E/E190.jpg,E,E,0.993133544921875,300,1
E/E1919.jpg,E,E,0.9932630658149719,300,1
E/E192.jpg,E,E,0.9931771755218506,300,1
E/E1920.jpg,E,E,0.9932940006256104,300,1
E/E193.jpg,E,E,0.9931725859642029,300,1
E/E1931.jpg,E,E,0.9932568073272705,300,1
E/E1940.jpg,E,E,0.9931694269180298,300,1
E/E1945.jpg,E,E,0.9931110143661499,300,1
E/E1952.jpg,E,E,0.9929559230804443,300,1
E/E1954.jpg,E,E,0.9930186867713928,300,1
E/E1960.jpg,E,E,0.9930722117424011,300,1
E/E1964.jpg,E,E,0.9930737018585205,300,1
E/E1968.jpg,E,E,0.993157684803009,300,1
E/E1976.jpg,E,E,0.9931311011314392,300,1
E/E1985.jpg,E,E,0.9932160973548889,300,1
E/E1989.jpg,E,E,0.9932558536529541,300,1
E/E1991.jpg,E,E,0.9932482242584229,300,1
E/E1993.jpg,E,E,0.9932135343551636,300,1
E/E1997.jpg,E,E,0.9932442307472229,300,1
E/E2006.jpg,E,E,0.9934616088867188,300,1
E/E202.jpg,E,E,0.9931721687316895,300,1
E/E2022.jpg,E,E,0.993259608745575,300,1
E/E2023.jpg,E,E,0.9932953715324402,300,1
E/E2025.jpg,E,E,0.9932183623313904,300,1
E/E2029.jpg,E,E,0.9932512640953064,300,1
E/E2033.jpg,E,E,0.9932912588119507,300,1
E/E2039.jpg,E,E,0.9932137727737427,300,1
E/E2043.jpg,E,E,0.9933346509933472,300,1
E/E2051.jpg,E,E,0.9935910701751709,300,1
E/E2054.jpg,E,E,0.9936549663543701,300,1
E/E2062.jpg,E,E,0.993687093257904,300,1
E/E2067.jpg,E,E,0.9936656355857849,300,1
E/E2075.jpg,E,E,0.9936028122901917,300,1
E/E2076.jpg,E,E,0.9936172962188721,300,1
E/E2082.jpg,E,E,0.9936515092849731,300,1
E/E2084.jpg,E,E,0.993648111820221,300,1
E/E2089.jpg,E,E,0.9936477541923523,300,1
E/E2098.jpg,E,E,0.9937059283256531,300,1
E/E2099.jpg,E,E,0.993720531463623,300,1
E/E2105.jpg,E,E,0.9938251972198486,300,1
E/E2108.jpg,E,E,0.993763267993927,300,1
E/E2127.jpg,E,E,0.9936652183532715,300,1
E/E2129.jpg,E,E,0.9936922788619995,300,1
E/E213.jpg,E,E,0.99314284324646,300,1
E/E2130.jpg,E,E,0.9936610460281372,300,1
E/E2135.jpg,E,E,0.9936390519142151,300,1
E/E2136.jpg,E,E,0.9935668110847473,300,1
E/E2142.jpg,E,E,0.9936203360557556,300,1
E/E215.jpg,E,E,0.9931381344795227,300,1
E/E2154.jpg,E,E,0.9935444593429565,300,1
E/E2163.jpg,E,E,0.9935817718505859,300,1
E/E2169.jpg,E,E,0.9936042428016663,300,1
E/E217.jpg,E,E,0.9931461811065674,300,1
E/E2175.jpg,E,E,0.9936351776123047,300,1
E/E2176.jpg,E,E,0.993593156337738,300,1
E/E2179.jpg,E,E,0.9935936331748962,300,1
E/E2182.jpg,E,E,0.9936378598213196,300,1
E/E2186.jpg,E,E,0.9936802387237549,300,1
E/E2187.jpg,E,E,0.9936541318893433,300,1
E/E2188.jpg,E,E,0.9937092065811157,300,1
E/E2204.jpg,E,E,0.9935107827186584,300,1
E/E2216.jpg,E,E,0.9936548471450806,300,1
E/E2220.jpg,E,E,0.9935773015022278,300,1
E/E2222.jpg,E,E,0.9935339689254761,300,1
E/E2227.jpg,E,E,0.9935234785079956,300,1
E/E2229.jpg,E,E,0.9935396313667297,300,1
E/E2233.jpg,E,E,0.9936537742614746,300,1
E/E2240.jpg,E,E,0.9936463832855225,300,1
E/E2252.jpg,E,E,0.9935070276260376,300,1
E/E2260.jpg,E,E,0.9936679005622864,300,1
E/E2263.jpg,E,E,0.9936602711677551,300,1
E/E2265.jpg,E,E,0.9936298727989197,300,1
E/E227.jpg,E,E,0.993169903755188,300,1
E/E2271.jpg,E,E,0.9935519695281982,300,1
E/E2272.jpg,E,E,0.9935081005096436,300,1
E/E2277.jpg,E,E,0.993582010269165,300,1
E/E2280.jpg,E,E,0.9936987161636353,300,1
E/E2290.jpg,E,E,0.9936270713806152,300,1
E/E2294.jpg,E,E,0.9936762452125549,300,1
E/E2295.jpg,E,E,0.9936144351959229,300,1
E/E2304.jpg,E,E,0.9936060905456543,300,1
E/E2314.jpg,E,E,0.9935846924781799,300,1
E/E2323.jpg,E,E,0.9934864044189453,300,1
E/E2328.jpg,E,E,0.9934679865837097,300,1
E/E2329.jpg,E,E,0.9934768080711365,300,1
E/E2330.jpg,E,E,0.9935572743415833,300,1
E/E2336.jpg,E,E,0.9934593439102173,300,1
E/E2337.jpg,E,E,0.9934085607528687,300,1
E/E2340.jpg,E,E,0.9934949278831482,300,1
E/E2350.jpg,E,E,0.9934200644493103,300,1
E/E2355.jpg,E,E,0.9933473467826843,300,1
E/E2359.jpg,E,E,0.993341863155365,300,1
E/E2360.jpg,E,E,0.99335116147995,300,1
E/E2361.jpg,E,E,0.9933295845985413,300,1
E/E2363.jpg,E,E,0.9933659434318542,300,1
E/E2371.jpg,E,E,0.9932132959365845,300,1
E/E2372.jpg,E,E,0.9932987689971924,300,1
E/E2386.jpg,E,E,0.993385374546051,300,1
E/E2392.jpg,E,E,0.9933567643165588,300,1
E/E24.jpg,E,E,0.9931550621986389,300,1
E/E2407.jpg,E,E,0.9933699369430542,300,1
E/E2408.jpg,E,E,0.9933947920799255,300,1
E/E2411.jpg,E,E,0.9934597015380859,300,1
E/E2413.jpg,E,E,0.9935374855995178,300,1
E/E2416.jpg,E,E,0.9936079978942871,300,1
E/E2418.jpg,E,E,0.9936029314994812,300,1
E/E2420.jpg,E,E,0.9936034083366394,300,1
E/E2424.jpg,E,E,0.9934470057487488,300,1
E/E2429.jpg,E,E,0.9935071468353271,300,1
E/E243.jpg,E,E,0.9931825995445251,300,1
E/E2430.jpg,E,E,0.9935204386711121,300,1
E/E2445.jpg,E,E,0.9935075044631958,300,1
E/E2449.jpg,E,E,0.9935571551322937,300,1
E/E2451.jpg,E,E,0.9935649037361145,300,1
E/E2453.jpg,E,E,0.9935740828514099,300,1
E/E2464.jpg,E,E,0.9935605525970459,300,1
E/E2468.jpg,E,E,0.9935500025749207,300,1
E/E2474.jpg,E,E,0.993544340133667,300,1
E/E2476.jpg,E,E,0.993431031703949,300,1
E/E2477.jpg,E,E,0.9934450387954712,300,1
E/E2488.jpg,E,E,0.9935542345046997,300,1
E/E249.jpg,E,E,0.9931449890136719,300,1
E/E2493.jpg,E,E,0.9935011267662048,300,1
E/E2496.jpg,E,E,0.9936187267303467,300,1
E/E2504.jpg,E,E,0.993283748626709,300,1
E/E2506.jpg,E,E,0.9932901859283447,300,1
E/E2514.jpg,E,E,0.993371844291687,300,1
E/E2527.jpg,E,E,0.9933205842971802,300,1
E/E2528.jpg,E,E,0.9933279752731323,300,1
E/E2536.jpg,E,E,0.9932847023010254,300,1
E/E2538.jpg,E,E,0.9932676553726196,300,1
E/E2540.jpg,E,E,0.993340790271759,300,1
E/E2543.jpg,E,E,0.9933984279632568,300,1
E/E2550.jpg,E,E,0.9933744072914124,300,1
E/E2556.jpg,E,E,0.9933717250823975,300,1
E/E2558.jpg,E,E,0.9933278560638428,300,1
E/E2561.jpg,E,E,0.9932574033737183,300,1
E/E2563.jpg,E,E,0.9932286143302917,300,1
E/E2569.jpg,E,E,0.9933645725250244,300,1
E/E2572.jpg,E,E,0.993343710899353,300,1
E/E2582.jpg,E,E,0.9932244420051575,300,1
E/E2584.jpg,E,E,0.9932165741920471,300,1
E/E2586.jpg,E,E,0.9932838678359985,300,1
E/E2587.jpg,E,E,0.9932706952095032,300,1
E/E2591.jpg,E,E,0.9932838678359985,300,1
E/E2594.jpg,E,E,0.9933069348335266,300,1
E/E2596.jpg,E,E,0.9932997226715088,300,1
E/E2597.jpg,E,E,0.9932817220687866,300,1
E/E2598.jpg,E,E,0.9932692646980286,300,1
E/E26.jpg,E,E,0.9931875467300415,300,1
E/E2601.jpg,E,E,0.9932283759117126,300,1
E/E2603.jpg,E,E,0.9932059049606323,300,1
E/E2606.jpg,E,E,0.9932302236557007,300,1
E/E2610.jpg,E,E,0.993182361125946,300,1
E/E2612.jpg,E,E,0.9931848645210266,300,1
E/E2613.jpg,E,E,0.9931406378746033,300,1
E/E2614.jpg,E,E,0.9931857585906982,300,1
E/E2618.jpg,E,E,0.993044912815094,300,1
E/E2619.jpg,E,E,0.9930833578109741,300,1
E/E2625.jpg,E,E,0.9930408000946045,300,1
E/E2634.jpg,E,E,0.9930278658866882,300,1
E/E2636.jpg,E,E,0.9930110573768616,300,1
E/E2640.jpg,E,E,0.9930421113967896,300,1
E/E2658.jpg,E,E,0.9930764436721802,300,1
E/E2659.jpg,E,E,0.9930546879768372,300,1
E/E2660.jpg,E,E,0.993055522441864,300,1
E/E2661.jpg,E,E,0.993071973323822,300,1
E/E2663.jpg,E,E,0.9930756092071533,300,1
E/E2664.jpg,E,E,0.9931089878082275,300,1
E/E2665.jpg,E,E,0.9931595325469971,300,1
E/E2668.jpg,E,E,0.9931907057762146,300,1
E/E267.jpg,E,E,0.9932017922401428,300,1
E/E2677.jpg,E,E,0.9932831525802612,300,1
E/E268.jpg,E,E,0.9932032823562622,300,1
E/E2680.jpg,E,E,0.9932017922401428,300,1
E/E2688.jpg,E,E,0.9931842684745789,300,1
E/E2689.jpg,E,E,0.9932307004928589,300,1
E/E2690.jpg,E,E,0.9932479858398438,300,1
E/E2693.jpg,E,E,0.9932100176811218,300,1
E/E2704.jpg,E,E,0.9932570457458496,300,1
E/E2711.jpg,E,E,0.9932215213775635,300,1
E/E2723.jpg,E,E,0.9932071566581726,300,1
E/E2732.jpg,E,E,0.993251383304596,300,1
E/E2737.jpg,E,E,0.9932671785354614,300,1
E/E2740.jpg,E,E,0.9932189583778381,300,1
E/E2745.jpg,E,E,0.9932370781898499,300,1
E/E2749.jpg,E,E,0.9932030439376831,300,1
E/E2755.jpg,E,E,0.993259072303772,300,1
E/E2759.jpg,E,E,0.9932110905647278,300,1
E/E2765.jpg,E,E,0.993219792842865,300,1
E/E2775.jpg,E,E,0.9932690262794495,300,1
E/E2783.jpg,E,E,0.9933745265007019,300,1
E/E2789.jpg,E,E,0.9933253526687622,300,1
E/E2791.jpg,E,E,0.9932952523231506,300,1
E/E2792.jpg,E,E,0.9932721257209778,300,1
E/E2795.jpg,E,E,0.993310809135437,300,1
E/E2796.jpg,E,E,0.9933318495750427,300,1
E/E2798.jpg,E,E,0.9932714104652405,300,1
E/E2817.jpg,E,E,0.9932124614715576,300,1
E/E2818.jpg,E,E,0.9931700229644775,300,1
E/E2819.jpg,E,E,0.9932286143302917,300,1
E/E2821.jpg,E,E,0.9931997656822205,300,1
E/E2840.jpg,E,E,0.9932816028594971,300,1
E/E2843.jpg,E,E,0.993287980556488,300,1
E/E2845.jpg,E,E,0.9932629466056824,300,1
E/E2848.jpg,E,E,0.9933255910873413,300,1
E/E2858.jpg,E,E,0.9932631850242615,300,1
E/E2859.jpg,E,E,0.9932610392570496,300,1
E/E2860.jpg,E,E,0.9932524561882019,300,1
E/E2864.jpg,E,E,0.9932583570480347,300,1
E/E2868.jpg,E,E,0.9932528138160706,300,1
E/E2879.jpg,E,E,0.9932457804679871,300,1
E/E288.jpg,E,E,0.9932155609130859,300,1
E/E2882.jpg,E,E,0.9932599663734436,300,1
E/E2884.jpg,E,E,0.9932560920715332,300,1
E/E2889.jpg,E,E,0.9932407140731812,300,1
E/E2892.jpg,E,E,0.9932803511619568,300,1
E/E2894.jpg,E,E,0.9932916164398193,300,1
E/E2895.jpg,E,E,0.9932819604873657,300,1
E/E2903.jpg,E,E,0.9931313395500183,300,1
E/E2907.jpg,E,E,0.9931608438491821,300,1
E/E2910.jpg,E,E,0.9931465983390808,300,1
E/E2913.jpg,E,E,0.9931380152702332,300,1
E/E2916.jpg,E,E,0.9931665062904358,300,1
E/E2921.jpg,E,E,0.9931727051734924,300,1
E/E2922.jpg,E,E,0.9931735396385193,300,1
E/E2934.jpg,E,E,0.993221640586853,300,1
E/E2938.jpg,E,E,0.993301510810852,300,1
E/E2942.jpg,E,E,0.9933479428291321,300,1
E/E2944.jpg,E,E,0.9933551549911499,300,1
E/E2957.jpg,E,E,0.9932217597961426,300,1
E/E2958.jpg,E,E,0.9932530522346497,300,1
E/E2961.jpg,E,E,0.9932577610015869,300,1
E/E297.jpg,E,E,0.993239164352417,300,1
E/E2971.jpg,E,E,0.9931839108467102,300,1
E/E2974.jpg,E,E,0.9932906627655029,300,1
E/E2979.jpg,E,E,0.993323028087616,300,1
E/E2982.jpg,E,E,0.9934216141700745,300,1
E/E2983.jpg,E,E,0.9934207797050476,300,1
E/E307.jpg,E,E,0.9930664300918579,300,1
E/E308.jpg,E,E,0.9930636286735535,300,1
E/E316.jpg,E,E,0.9930197596549988,300,1
E/E318.jpg,E,E,0.9931110143661499,300,1
E/E325.jpg,E,E,0.9931627511978149,300,1
E/E326.jpg,E,E,0.9931145310401917,300,1
E/E334.jpg,E,E,0.9931839108467102,300,1
E/E337.jpg,E,E,0.9930883049964905,300,1
E/E339.jpg,E,E,0.9931409955024719,300,1
E/E34.jpg,E,E,0.9931880235671997,300,1
E/E345.jpg,E,E,0.9931447505950928,300,1
E/E346.jpg,E,E,0.9931372404098511,300,1
E/E347.jpg,E,E,0.9931738972663879,300,1
E/E349.jpg,E,E,0.9931788444519043,300,1
E/E35.jpg,E,E,0.9931760430335999,300,1
E/E355.jpg,E,E,0.9931100606918335,300,1
E/E357.jpg,E,E,0.9930920600891113,300,1
E/E363.jpg,E,E,0.9932634234428406,300,1
E/E364.jpg,E,E,0.9932582378387451,300,1
E/E379.jpg,E,E,0.9932963252067566,300,1
E/E387.jpg,E,E,0.9933167695999146,300,1
E/E388.jpg,E,E,0.993343710899353,300,1
E/E401.jpg,E,E,0.9932371973991394,300,1
E/E403.jpg,E,E,0.9933330416679382,300,1
E/E412.jpg,E,E,0.9932982325553894,300,1
E/E414.jpg,E,E,0.9933180809020996,300,1
E/E417.jpg,E,E,0.9932577610015869,300,1
E/E422.jpg,E,E,0.993224024772644,300,1
E/E428.jpg,E,E,0.9932228326797485,300,1
E/E435.jpg,E,E,0.9931656718254089,300,1
E/E437.jpg,E,E,0.9931684732437134,300,1
E/E438.jpg,E,E,0.993172824382782,300,1
E/E447.jpg,E,E,0.993147075176239,300,1
E/E449.jpg,E,E,0.9930771589279175,300,1
E/E456.jpg,E,E,0.9931627511978149,300,1
E/E462.jpg,E,E,0.99327552318573,300,1
E/E465.jpg,E,E,0.9932297468185425,300,1
E/E467.jpg,E,E,0.993244469165802,300,1
E/E469.jpg,E,E,0.993194580078125,300,1
E/E476.jpg,E,E,0.9931831955909729,300,1
E/E478.jpg,E,E,0.9931288957595825,300,1
E/E483.jpg,E,E,0.9930886626243591,300,1
E/E485.jpg,E,E,0.9931529760360718,300,1
E/E486.jpg,E,E,0.9931736588478088,300,1
E/E487.jpg,E,E,0.9931401610374451,300,1
E/E489.jpg,E,E,0.9931449890136719,300,1
E/E491.jpg,E,E,0.9931153655052185,300,1
E/E502.jpg,E,E,0.9930017590522766,300,1
E/E506.jpg,E,E,0.993039071559906,300,1
E/E507.jpg,E,E,0.9930517673492432,300,1
E/E509.jpg,E,E,0.9930711388587952,300,1
E/E513.jpg,E,E,0.9930800795555115,300,1
E/E514.jpg,E,E,0.9931114912033081,300,1
E/E522.jpg,E,E,0.9930780529975891,300,1
E/E525.jpg,E,E,0.9931479096412659,300,1
E/E527.jpg,E,E,0.9931367635726929,300,1
E/E534.jpg,E,E,0.9932088255882263,300,1
E/E535.jpg,E,E,0.993213415145874,300,1
E/E543.jpg,E,E,0.9932386875152588,300,1
E/E550.jpg,E,E,0.9932195544242859,300,1
E/E554.jpg,E,E,0.9932348132133484,300,1
E/E558.jpg,E,E,0.9932364821434021,300,1
E/E56.jpg,E,E,0.9932095408439636,300,1
E/E561.jpg,E,E,0.9931735396385193,300,1
E/E562.jpg,E,E,0.9931837916374207,300,1
E/E564.jpg,E,E,0.9932628273963928,300,1
E/E568.jpg,E,E,0.9932148456573486,300,1
E/E57.jpg,E,E,0.993141233921051,300,1
E/E572.jpg,E,E,0.9931946992874146,300,1
E/E576.jpg,E,E,0.9932223558425903,300,1
E/E582.jpg,E,E,0.9932034015655518,300,1
E/E591.jpg,E,E,0.9932057857513428,300,1
E/E596.jpg,E,E,0.9933339953422546,300,1
E/E599.jpg,E,E,0.9932767152786255,300,1
E/E611.jpg,E,E,0.9930827617645264,300,1
E/E613.jpg,E,E,0.9931377172470093,300,1
E/E634.jpg,E,E,0.9930310845375061,300,1
E/E647.jpg,E,E,0.9930614829063416,300,1
E/E664.jpg,E,E,0.9933320879936218,300,1
E/E665.jpg,E,E,0.993293285369873,300,1
E/E666.jpg,E,E,0.9933465719223022,300,1
E/E67.jpg,E,E,0.9931992888450623,300,1
E/E676.jpg,E,E,0.9932987689971924,300,1
E/E678.jpg,E,E,0.9932547211647034,300,1
E/E685.jpg,E,E,0.9932170510292053,300,1
E/E687.jpg,E,E,0.9932026863098145,300,1
E/E691.jpg,E,E,0.9931818842887878,300,1
E/E706.jpg,E,E,0.9931158423423767,300,1
E/E709.jpg,E,E,0.9930382370948792,300,1
E/E712.jpg,E,E,0.9929710030555725,300,1
E/E713.jpg,E,E,0.9930087327957153,300,1
E/E714.jpg,E,E,0.993060827255249,300,1
E/E72.jpg,E,E,0.993130624294281,300,1
E/E720.jpg,E,E,0.9929049611091614,300,1
E/E721.jpg,E,E,0.9928724765777588,300,1
E/E725.jpg,E,E,0.9930915832519531,300,1
E/E735.jpg,E,E,0.9931493401527405,300,1
E/E736.jpg,E,E,0.993118405342102,300,1
E/E744.jpg,E,E,0.9931269884109497,300,1
E/E760.jpg,E,E,0.9931641221046448,300,1
E/E765.jpg,E,E,0.9932070374488831,300,1
E/E781.jpg,E,E,0.9931002855300903,300,1
E/E783.jpg,E,E,0.9931477904319763,300,1
E/E785.jpg,E,E,0.9932301044464111,300,1
E/E79.jpg,E,E,0.9932152032852173,300,1
E/E806.jpg,E,E,0.9933504462242126,300,1
E/E81.jpg,E,E,0.9932039976119995,300,1
E/E816.jpg,E,E,0.9933080673217773,300,1
E/E817.jpg,E,E,0.9933274984359741,300,1
E/E824.jpg,E,E,0.9932426810264587,300,1
E/E828.jpg,E,E,0.9932564496994019,300,1
E/E832.jpg,E,E,0.9931820034980774,300,1
E/E840.jpg,E,E,0.9931474328041077,300,1
E/E848.jpg,E,E,0.9930490255355835,300,1
E/E853.jpg,E,E,0.993126630783081,300,1
E/E86.jpg,E,E,0.9931902289390564,300,1
E/E866.jpg,E,E,0.993365466594696,300,1
E/E870.jpg,E,E,0.9933961033821106,300,1
E/E873.jpg,E,E,0.9934280514717102,300,1
E/E879.jpg,E,E,0.9933807849884033,300,1
E/E887.jpg,E,E,0.9932910203933716,300,1
E/E888.jpg,E,E,0.9933013916015625,300,1
E/E89.jpg,E,E,0.9932389259338379,300,1
E/E893.jpg,E,E,0.9932616353034973,300,1
E/E894.jpg,E,E,0.9933043122291565,300,1
E/E9.jpg,E,E,0.9931107759475708,300,1
E/E906.jpg,E,E,0.9933462142944336,300,1
E/E908.jpg,E,E,0.9932851791381836,300,1
E/E91.jpg,E,E,0.9932153224945068,300,1
E/E910.jpg,E,E,0.9932732582092285,300,1
E/E912.jpg,E,E,0.9932684302330017,300,1
E/E914.jpg,E,E,0.9932148456573486,300,1
E/E916.jpg,E,E,0.9932987689971924,300,1
E/E917.jpg,E,E,0.99327152967453,300,1
E/E92.jpg,E,E,0.9932118654251099,300,1
E/E927.jpg,E,E,0.9932730197906494,300,1
E/E932.jpg,E,E,0.9933944344520569,300,1
E/E937.jpg,E,E,0.9934101700782776,300,1
E/E938.jpg,E,E,0.9933912754058838,300,1
E/E946.jpg,E,E,0.9932903051376343,300,1
E/E950.jpg,E,E,0.9932944178581238,300,1
E/E956.jpg,E,E,0.9933075308799744,300,1
E/E957.jpg,E,E,0.9933182001113892,300,1
E/E961.jpg,E,E,0.9933011531829834,300,1
E/E966.jpg,E,E,0.9932726621627808,300,1
E/E97.jpg,E,E,0.9931318163871765,300,1
E/E979.jpg,E,E,0.9933533668518066,300,1
E/E980.jpg,E,E,0.9933168888092041,300,1
E/E982.jpg,E,E,0.993351936340332,300,1
E/E988.jpg,E,E,0.9933478236198425,300,1
E/E991.jpg,E,E,0.9932910203933716,300,1
E/E996.jpg,E,E,0.9931229948997498,300,1
E/E997.jpg,E,E,0.9931301474571228,300,1
E/E998.jpg,E,E,0.9930412769317627,300,1
F/F1004.jpg,F,F,0.992691695690155,300,1
F/F1005.jpg,F,F,0.9926586747169495,300,1
F/F101.jpg,F,F,0.9927610158920288,300,1
F/F1014.jpg,F,F,0.992743730545044,300,1
F/F102.jpg,F,F,0.992784857749939,300,1
F/F1026.jpg,F,F,0.9927500486373901,300,1
F/F1028.jpg,F,F,0.9928129315376282,300,1
F/F1029.jpg,F,F,0.9927840232849121,300,1
F/F1042.jpg,F,F,0.9926006197929382,300,1
F/F1043.jpg,F,F,0.992624819278717,300,1
F/F1044.jpg,F,F,0.9926207065582275,300,1
F/F1045.jpg,F,F,0.9926750063896179,300,1
F/F1051.jpg,F,F,0.9927700161933899,300,1
F/F1063.jpg,F,F,0.992768406867981,300,1
F/F1066.jpg,F,F,0.9927722811698914,300,1
F/F1071.jpg,F,F,0.9927218556404114,300,1
F/F1073.jpg,F,F,0.992712140083313,300,1
F/F1075.jpg,F,F,0.992763102054596,300,1
F/F1080.jpg,F,F,0.9927036762237549,300,1
F/F1091.jpg,F,F,0.9925642609596252,300,1
F/F1093.jpg,F,F,0.9924899935722351,300,1
F/F1099.jpg,F,F,0.9924762845039368,300,1
F/F1102.jpg,F,F,0.9924777150154114,300,1
F/F1107.jpg,F,F,0.9925757646560669,300,1
F/F1109.jpg,F,F,0.9925482869148254,300,1
F/F1114.jpg,F,F,0.9926944971084595,300,1
F/F1118.jpg,F,F,0.992697536945343,300,1
F/F1122.jpg,F,F,0.9927534461021423,300,1
F/F1125.jpg,F,F,0.9927738904953003,300,1
F/F1130.jpg,F,F,0.99269038438797,300,1
F/F1134.jpg,F,F,0.9926832318305969,300,1
F/F1137.jpg,F,F,0.9926387071609497,300,1
F/F1138.jpg,F,F,0.9926597476005554,300,1
F/F1147.jpg,F,F,0.9926908612251282,300,1
F/F1170.jpg,F,F,0.9928011894226074,300,1
F/F1174.jpg,F,F,0.9929361939430237,300,1
F/F1175.jpg,F,F,0.9928762912750244,300,1
F/F1177.jpg,F,F,0.9928816556930542,300,1
F/F1178.jpg,F,F,0.9927968382835388,300,1
F/F1184.jpg,F,F,0.9927667379379272,300,1
F/F1186.jpg,F,F,0.9927997589111328,300,1
F/F1187.jpg,F,F,0.9927666187286377,300,1
F/F119.jpg,F,F,0.9927074313163757,300,1
F/F1201.jpg,F,F,0.9927999973297119,300,1
F/F1205.jpg,F,F,0.9927158951759338,300,1
F/F121.jpg,F,F,0.9927228093147278,300,1
F/F1214.jpg,F,F,0.9927366971969604,300,1
F/F1220.jpg,F,F,0.9927952885627747,300,1
F/F1221.jpg,F,F,0.9927442073822021,300,1
F/F1222.jpg,F,F,0.9927573204040527,300,1
F/F1230.jpg,F,F,0.9927535653114319,300,1
F/F1233.jpg,F,F,0.9927254915237427,300,1
F/F1236.jpg,F,F,0.9928015470504761,300,1
F/F1243.jpg,F,F,0.9928078651428223,300,1
F/F1249.jpg,F,F,0.9927403330802917,300,1
F/F1257.jpg,F,F,0.9927812218666077,300,1
F/F1259.jpg,F,F,0.9928338527679443,300,1
F/F126.jpg,F,F,0.9926263689994812,300,1
F/F1270.jpg,F,F,0.9927754402160645,300,1
F/F1272.jpg,F,F,0.9928194880485535,300,1
F/F1276.jpg,F,F,0.9927161335945129,300,1
F/F1283.jpg,F,F,0.9927896857261658,300,1
F/F1284.jpg,F,F,0.9927310347557068,300,1
F/F1288.jpg,F,F,0.992678165435791,300,1
F/F1298.jpg,F,F,0.9926669001579285,300,1
F/F1311.jpg,F,F,0.9927773475646973,300,1
F/F1312.jpg,F,F,0.9927555918693542,300,1
F/F1321.jpg,F,F,0.9927923679351807,300,1
F/F1324.jpg,F,F,0.9928469061851501,300,1
F/F1329.jpg,F,F,0.9927737712860107,300,1
F/F1342.jpg,F,F,0.9927627444267273,300,1
F/F1346.jpg,F,F,0.9926925897598267,300,1
F/F1351.jpg,F,F,0.992662787437439,300,1
F/F1354.jpg,F,F,0.9925647974014282,300,1
F/F1361.jpg,F,F,0.9927292466163635,300,1
F/F1365.jpg,F,F,0.9927641749382019,300,1
F/F1374.jpg,F,F,0.9928683638572693,300,1
F/F1379.jpg,F,F,0.9928338527679443,300,1
F/F1380.jpg,F,F,0.9927805066108704,300,1
F/F1385.jpg,F,F,0.9927065968513489,300,1
F/F1388.jpg,F,F,0.9926625490188599,300,1
F/F1391.jpg,F,F,0.9926995635032654,300,1
F/F14.jpg,F,F,0.9928801655769348,300,1
F/F1409.jpg,F,F,0.9927710890769958,300,1
F/F1412.jpg,F,F,0.9927279949188232,300,1
F/F1416.jpg,F,F,0.9925029277801514,300,1
F/F1432.jpg,F,F,0.9925107955932617,300,1
F/F1444.jpg,F,F,0.9927379488945007,300,1
F/F1446.jpg,F,F,0.9928521513938904,300,1
F/F1451.jpg,F,F,0.99298495054245,300,1
F/F1458.jpg,F,F,0.9927218556404114,300,1
F/F1461.jpg,F,F,0.9926827549934387,300,1
F/F1463.jpg,F,F,0.9927096366882324,300,1
F/F1464.jpg,F,F,0.9927842617034912,300,1
F/F1471.jpg,F,F,0.9927472472190857,300,1
F/F1472.jpg,F,F,0.9927510023117065,300,1
F/F1482.jpg,F,F,0.9926355481147766,300,1
F/F1488.jpg,F,F,0.9927749633789062,300,1
F/F1489.jpg,F,F,0.9928323030471802,300,1
F/F1496.jpg,F,F,0.9928570985794067,300,1
F/F15.jpg,F,F,0.9929265379905701,300,1
F/F1502.jpg,F,F,0.9928421974182129,300,1
F/F1508.jpg,F,F,0.9928272366523743,300,1
F/F1510.jpg,F,F,0.9927772283554077,300,1
F/F1516.jpg,F,F,0.9927237629890442,300,1
F/F1523.jpg,F,F,0.9926831126213074,300,1
F/F1525.jpg,F,F,0.9925394654273987,300,1
F/F153.jpg,F,F,0.9927876591682434,300,1
F/F1537.jpg,F,F,0.9924058318138123,300,1
F/F1538.jpg,F,F,0.9923903346061707,300,1
F/F1539.jpg,F,F,0.9924114942550659,300,1
F/F1541.jpg,F,F,0.9924296736717224,300,1
F/F1545.jpg,F,F,0.9924598336219788,300,1
F/F1546.jpg,F,F,0.9924765229225159,300,1
F/F1551.jpg,F,F,0.9925145506858826,300,1
F/F1554.jpg,F,F,0.9924978613853455,300,1
F/F1567.jpg,F,F,0.9926468133926392,300,1
F/F1569.jpg,F,F,0.9926230907440186,300,1
F/F1572.jpg,F,F,0.9927595853805542,300,1
F/F1574.jpg,F,F,0.9928216338157654,300,1
F/F1581.jpg,F,F,0.9928075075149536,300,1
F/F1587.jpg,F,F,0.9928643703460693,300,1
F/F1592.jpg,F,F,0.9928860068321228,300,1
F/F1595.jpg,F,F,0.9929505586624146,300,1
F/F1606.jpg,F,F,0.992746889591217,300,1
F/F1610.jpg,F,F,0.9926679730415344,300,1
F/F162.jpg,F,F,0.9926550388336182,300,1
F/F1620.jpg,F,F,0.9927859902381897,300,1
F/F1621.jpg,F,F,0.992735743522644,300,1
F/F1634.jpg,F,F,0.9928216338157654,300,1
F/F164.jpg,F,F,0.9926393032073975,300,1
F/F1640.jpg,F,F,0.9927862286567688,300,1
F/F1642.jpg,F,F,0.9926304817199707,300,1
F/F1645.jpg,F,F,0.992612361907959,300,1
F/F1651.jpg,F,F,0.9927055239677429,300,1
F/F1655.jpg,F,F,0.992738664150238,300,1
F/F1656.jpg,F,F,0.992717981338501,300,1
F/F1659.jpg,F,F,0.992658793926239,300,1
F/F1663.jpg,F,F,0.9927074313163757,300,1
F/F1665.jpg,F,F,0.9927311539649963,300,1
F/F1669.jpg,F,F,0.9927264451980591,300,1
F/F167.jpg,F,F,0.992687463760376,300,1
F/F1675.jpg,F,F,0.9927608966827393,300,1
F/F1679.jpg,F,F,0.9926019310951233,300,1
F/F168.jpg,F,F,0.9927062392234802,300,1
F/F1685.jpg,F,F,0.9925603866577148,300,1
F/F1686.jpg,F,F,0.9925290942192078,300,1
F/F169.jpg,F,F,0.9927111864089966,300,1
F/F1698.jpg,F,F,0.9922183752059937,300,1
F/F1702.jpg,F,F,0.9923810362815857,300,1
F/F1708.jpg,F,F,0.992387056350708,300,1
F/F171.jpg,F,F,0.9927819967269897,300,1
F/F1716.jpg,F,F,0.9924458861351013,300,1
F/F172.jpg,F,F,0.9927406907081604,300,1
F/F1725.jpg,F,F,0.9927202463150024,300,1
F/F1728.jpg,F,F,0.9927294850349426,300,1
F/F1738.jpg,F,F,0.9925547242164612,300,1
F/F1749.jpg,F,F,0.9924203753471375,300,1
F/F1759.jpg,F,F,0.9925261735916138,300,1
F/F1763.jpg,F,F,0.9924236536026001,300,1
F/F1765.jpg,F,F,0.9925178289413452,300,1
F/F1780.jpg,F,F,0.9927666187286377,300,1
F/F1782.jpg,F,F,0.9928346872329712,300,1
F/F1790.jpg,F,F,0.9927608966827393,300,1
F/F1791.jpg,F,F,0.9926974177360535,300,1
F/F1792.jpg,F,F,0.9927801489830017,300,1
F/F1793.jpg,F,F,0.9927871823310852,300,1
F/F1795.jpg,F,F,0.9928134083747864,300,1
F/F1796.jpg,F,F,0.9928024411201477,300,1
F/F1801.jpg,F,F,0.992819607257843,300,1
F/F1805.jpg,F,F,0.9928392171859741,300,1
F/F1816.jpg,F,F,0.9928151369094849,300,1
F/F1820.jpg,F,F,0.9928309321403503,300,1
F/F1821.jpg,F,F,0.9928315877914429,300,1
F/F1828.jpg,F,F,0.9926589131355286,300,1
F/F1830.jpg,F,F,0.9925830364227295,300,1
F/F1838.jpg,F,F,0.9922061562538147,300,1
F/F1841.jpg,F,F,0.9923539161682129,300,1
F/F185.jpg,F,F,0.9926302433013916,300,1
F/F1872.jpg,F,F,0.992493212223053,300,1
F/F1877.jpg,F,F,0.9925948977470398,300,1
F/F1879.jpg,F,F,0.9926589131355286,300,1
F/F1883.jpg,F,F,0.9926471710205078,300,1
F/F1884.jpg,F,F,0.9926591515541077,300,1
F/F1886.jpg,F,F,0.9926679730415344,300,1
F/F189.jpg,F,F,0.992643415927887,300,1
F/F1891.jpg,F,F,0.9926466941833496,300,1
F/F190.jpg,F,F,0.9926446676254272,300,1
F/F1914.jpg,F,F,0.9926583170890808,300,1
F/F1919.jpg,F,F,0.9926720857620239,300,1
F/F1920.jpg,F,F,0.9926290512084961,300,1
F/F1927.jpg,F,F,0.9925833940505981,300,1
F/F1928.jpg,F,F,0.9925186634063721,300,1
F/F1929.jpg,F,F,0.9925387501716614,300,1
F/F1932.jpg,F,F,0.9926235675811768,300,1
F/F1935.jpg,F,F,0.992612361907959,300,1
F/F1941.jpg,F,F,0.9924271702766418,300,1
F/F1944.jpg,F,F,0.9923805594444275,300,1
F/F1947.jpg,F,F,0.9925611615180969,300,1
F/F1948.jpg,F,F,0.9925806522369385,300,1
F/F1958.jpg,F,F,0.9925991296768188,300,1
F/F196.jpg,F,F,0.9926682114601135,300,1
F/F1962.jpg,F,F,0.9925894737243652,300,1
F/F1964.jpg,F,F,0.9926918148994446,300,1
F/F197.jpg,F,F,0.992667019367218,300,1
F/F1974.jpg,F,F,0.992617666721344,300,1
F/F1975.jpg,F,F,0.992642343044281,300,1
F/F1976.jpg,F,F,0.9926793575286865,300,1
F/F1979.jpg,F,F,0.9925957322120667,300,1
F/F198.jpg,F,F,0.9926994442939758,300,1
F/F1992.jpg,F,F,0.9927350282669067,300,1
F/F2000.jpg,F,F,0.99277263879776,300,1
F/F2010.jpg,F,F,0.9926846027374268,300,1
F/F2011.jpg,F,F,0.9926398992538452,300,1
F/F2014.jpg,F,F,0.9926725029945374,300,1
F/F2018.jpg,F,F,0.992811381816864,300,1
F/F2029.jpg,F,F,0.9927369952201843,300,1
F/F203.jpg,F,F,0.9926990866661072,300,1
F/F2030.jpg,F,F,0.9927223324775696,300,1
F/F2036.jpg,F,F,0.9927597045898438,300,1
F/F2039.jpg,F,F,0.9927821159362793,300,1
F/F2045.jpg,F,F,0.9927858710289001,300,1
F/F2049.jpg,F,F,0.992901623249054,300,1
F/F2055.jpg,F,F,0.9929117560386658,300,1
F/F2059.jpg,F,F,0.9929102063179016,300,1
F/F2062.jpg,F,F,0.9928846955299377,300,1
F/F2064.jpg,F,F,0.9929755926132202,300,1
F/F2065.jpg,F,F,0.9929728507995605,300,1
F/F207.jpg,F,F,0.9927400946617126,300,1
F/F2075.jpg,F,F,0.9928696751594543,300,1
F/F2076.jpg,F,F,0.9928024411201477,300,1
F/F2077.jpg,F,F,0.9928112626075745,300,1
F/F2080.jpg,F,F,0.9928211569786072,300,1
F/F2082.jpg,F,F,0.9928681254386902,300,1
F/F2093.jpg,F,F,0.992965579032898,300,1
F/F2094.jpg,F,F,0.9929417371749878,300,1
F/F2095.jpg,F,F,0.9929289221763611,300,1
F/F2102.jpg,F,F,0.9929624199867249,300,1
F/F2107.jpg,F,F,0.992919385433197,300,1
F/F2115.jpg,F,F,0.9927994012832642,300,1
F/F2116.jpg,F,F,0.9928182363510132,300,1
F/F2135.jpg,F,F,0.9926832318305969,300,1
F/F2142.jpg,F,F,0.992661714553833,300,1
F/F2145.jpg,F,F,0.992610514163971,300,1
F/F2151.jpg,F,F,0.992612361907959,300,1
F/F2155.jpg,F,F,0.9927142262458801,300,1
F/F2163.jpg,F,F,0.9926418662071228,300,1
F/F2167.jpg,F,F,0.9926549196243286,300,1
F/F2169.jpg,F,F,0.99265456199646,300,1
F/F2173.jpg,F,F,0.9927787184715271,300,1
F/F2194.jpg,F,F,0.9928197264671326,300,1
F/F2200.jpg,F,F,0.9929498434066772,300,1
F/F2202.jpg,F,F,0.9929577112197876,300,1
F/F2211.jpg,F,F,0.9928378462791443,300,1
F/F2213.jpg,F,F,0.9928919076919556,300,1
F/F2215.jpg,F,F,0.9928367733955383,300,1
F/F2218.jpg,F,F,0.9928719401359558,300,1
F/F222.jpg,F,F,0.9927961230278015,300,1
F/F2222.jpg,F,F,0.9929123520851135,300,1
F/F2232.jpg,F,F,0.9929444193840027,300,1
F/F2236.jpg,F,F,0.9928550124168396,300,1
F/F2241.jpg,F,F,0.9928537011146545,300,1
F/F2250.jpg,F,F,0.9928569793701172,300,1
F/F2253.jpg,F,F,0.9928200840950012,300,1
F/F2258.jpg,F,F,0.9928227663040161,300,1
F/F2259.jpg,F,F,0.9928842782974243,300,1
F/F2277.jpg,F,F,0.9928683638572693,300,1
F/F228.jpg,F,F,0.9928925037384033,300,1
F/F2287.jpg,F,F,0.9928981065750122,300,1
F/F2289.jpg,F,F,0.9929103255271912,300,1
F/F2292.jpg,F,F,0.992874264717102,300,1
F/F2303.jpg,F,F,0.9929330348968506,300,1
F/F2306.jpg,F,F,0.9929552674293518,300,1
F/F2316.jpg,F,F,0.9929541945457458,300,1
F/F2319.jpg,F,F,0.9930137991905212,300,1
F/F2324.jpg,F,F,0.9930290579795837,300,1
F/F2328.jpg,F,F,0.9929906129837036,300,1
F/F233.jpg,F,F,0.9929197430610657,300,1
F/F2336.jpg,F,F,0.9928640127182007,300,1
F/F234.jpg,F,F,0.9928830862045288,300,1
F/F2341.jpg,F,F,0.9928212761878967,300,1
F/F2344.jpg,F,F,0.9928945899009705,300,1
F/F2349.jpg,F,F,0.9929149150848389,300,1
F/F2350.jpg,F,F,0.9929498434066772,300,1
F/F2352.jpg,F,F,0.9929896593093872,300,1
F/F2354.jpg,F,F,0.9929284453392029,300,1
F/F2356.jpg,F,F,0.9928752183914185,300,1
F/F2361.jpg,F,F,0.9928913116455078,300,1
F/F2366.jpg,F,F,0.9928877949714661,300,1
F/F2369.jpg,F,F,0.9929116368293762,300,1
F/F2379.jpg,F,F,0.9928559064865112,300,1
F/F2385.jpg,F,F,0.9927640557289124,300,1
F/F2388.jpg,F,F,0.992805540561676,300,1
F/F2389.jpg,F,F,0.9928499460220337,300,1
F/F2390.jpg,F,F,0.9928021430969238,300,1
F/F2395.jpg,F,F,0.9927728772163391,300,1
F/F2398.jpg,F,F,0.9928233623504639,300,1
F/F2401.jpg,F,F,0.9927853345870972,300,1
F/F2402.jpg,F,F,0.9927992820739746,300,1
F/F2405.jpg,F,F,0.9927944540977478,300,1
F/F2411.jpg,F,F,0.9927703738212585,300,1
F/F2417.jpg,F,F,0.992741048336029,300,1
F/F2425.jpg,F,F,0.9927733540534973,300,1
F/F2434.jpg,F,F,0.9928390383720398,300,1
F/F2435.jpg,F,F,0.9928790926933289,300,1
F/F2436.jpg,F,F,0.9928429126739502,300,1
F/F2440.jpg,F,F,0.9928709864616394,300,1
F/F2448.jpg,F,F,0.9928078651428223,300,1
F/F2449.jpg,F,F,0.9928579330444336,300,1
F/F245.jpg,F,F,0.9927384257316589,300,1
F/F2450.jpg,F,F,0.9928165674209595,300,1
F/F2455.jpg,F,F,0.9928222298622131,300,1
F/F2457.jpg,F,F,0.9928489923477173,300,1
F/F2475.jpg,F,F,0.9928764700889587,300,1
F/F2480.jpg,F,F,0.9928493499755859,300,1
F/F2483.jpg,F,F,0.9928416013717651,300,1
F/F2487.jpg,F,F,0.9928666353225708,300,1
F/F2489.jpg,F,F,0.9928547739982605,300,1
F/F2491.jpg,F,F,0.9928312301635742,300,1
F/F2508.jpg,F,F,0.9926555156707764,300,1
F/F2510.jpg,F,F,0.9926387071609497,300,1
F/F2511.jpg,F,F,0.9926347136497498,300,1
F/F252.jpg,F,F,0.9927569031715393,300,1
F/F2520.jpg,F,F,0.9927070736885071,300,1
F/F2522.jpg,F,F,0.9926474094390869,300,1
F/F253.jpg,F,F,0.9928010702133179,300,1
F/F2540.jpg,F,F,0.9926242232322693,300,1
F/F2544.jpg,F,F,0.9925884008407593,300,1
F/F2545.jpg,F,F,0.9926168322563171,300,1
F/F2547.jpg,F,F,0.9926014542579651,300,1
F/F2548.jpg,F,F,0.9926281571388245,300,1
F/F2556.jpg,F,F,0.992562472820282,300,1
F/F2559.jpg,F,F,0.9925904273986816,300,1
F/F2561.jpg,F,F,0.992612361907959,300,1
F/F2562.jpg,F,F,0.9925622344017029,300,1
F/F2563.jpg,F,F,0.9925801157951355,300,1
F/F2565.jpg,F,F,0.9925406575202942,300,1
F/F2571.jpg,F,F,0.9925803542137146,300,1
F/F2576.jpg,F,F,0.9926978945732117,300,1
F/F2579.jpg,F,F,0.992643415927887,300,1
F/F2580.jpg,F,F,0.9926151037216187,300,1
F/F2587.jpg,F,F,0.9926599860191345,300,1
F/F2588.jpg,F,F,0.9926760792732239,300,1
F/F2590.jpg,F,F,0.9927099943161011,300,1
F/F2592.jpg,F,F,0.9927130341529846,300,1
F/F2595.jpg,F,F,0.992752194404602,300,1
F/F2596.jpg,F,F,0.9927418231964111,300,1
F/F2597.jpg,F,F,0.9927309155464172,300,1
F/F2607.jpg,F,F,0.9927487969398499,300,1
F/F2611.jpg,F,F,0.9927629828453064,300,1
F/F2612.jpg,F,F,0.9927886128425598,300,1
F/F2620.jpg,F,F,0.992771565914154,300,1
F/F2622.jpg,F,F,0.9927732348442078,300,1
F/F2624.jpg,F,F,0.9927789568901062,300,1
F/F2627.jpg,F,F,0.9927817583084106,300,1
F/F2630.jpg,F,F,0.9927258491516113,300,1
F/F2632.jpg,F,F,0.9927444458007812,300,1
F/F2635.jpg,F,F,0.992760181427002,300,1
F/F264.jpg,F,F,0.9927418231964111,300,1
F/F2651.jpg,F,F,0.9925550818443298,300,1
F/F2653.jpg,F,F,0.9925563931465149,300,1
F/F2654.jpg,F,F,0.992525577545166,300,1
F/F2655.jpg,F,F,0.992527961730957,300,1
F/F2659.jpg,F,F,0.9926037192344666,300,1
F/F2662.jpg,F,F,0.9925853610038757,300,1
F/F2682.jpg,F,F,0.9925657510757446,300,1
F/F2685.jpg,F,F,0.9926252961158752,300,1
F/F2686.jpg,F,F,0.9926000833511353,300,1
F/F2689.jpg,F,F,0.9926006197929382,300,1
F/F2692.jpg,F,F,0.9925246834754944,300,1
F/F2693.jpg,F,F,0.9925904273986816,300,1
F/F2699.jpg,F,F,0.9926740527153015,300,1
F/F2703.jpg,F,F,0.9925767779350281,300,1
F/F2705.jpg,F,F,0.9925957322120667,300,1
F/F2708.jpg,F,F,0.9926208257675171,300,1
F/F271.jpg,F,F,0.9927536845207214,300,1
F/F2711.jpg,F,F,0.992708683013916,300,1
F/F2714.jpg,F,F,0.9927361011505127,300,1
F/F2719.jpg,F,F,0.9927720427513123,300,1
F/F2728.jpg,F,F,0.9927663803100586,300,1
F/F2734.jpg,F,F,0.9926996827125549,300,1
F/F2736.jpg,F,F,0.9926664233207703,300,1
F/F2737.jpg,F,F,0.9926384687423706,300,1
F/F2739.jpg,F,F,0.9926056861877441,300,1
F/F2742.jpg,F,F,0.9926307201385498,300,1
F/F2745.jpg,F,F,0.9926037192344666,300,1
F/F2746.jpg,F,F,0.9925998449325562,300,1
F/F2754.jpg,F,F,0.9925365447998047,300,1
F/F2755.jpg,F,F,0.9925690293312073,300,1
F/F276.jpg,F,F,0.9927323460578918,300,1
F/F2769.jpg,F,F,0.9925522804260254,300,1
F/F277.jpg,F,F,0.9926490187644958,300,1
F/F2774.jpg,F,F,0.9925296902656555,300,1
F/F2775.jpg,F,F,0.9925153851509094,300,1
F/F2778.jpg,F,F,0.9925662279129028,300,1
F/F2792.jpg,F,F,0.9924778938293457,300,1
F/F2795.jpg,F,F,0.9924818873405457,300,1
F/F28.jpg,F,F,0.9928243160247803,300,1
F/F2803.jpg,F,F,0.9924883842468262,300,1
F/F2805.jpg,F,F,0.9925110340118408,300,1
F/F2815.jpg,F,F,0.9925823211669922,300,1
F/F2817.jpg,F,F,0.9926002621650696,300,1
F/F2819.jpg,F,F,0.9925958514213562,300,1
F/F2823.jpg,F,F,0.9926198124885559,300,1
F/F2833.jpg,F,F,0.9926210641860962,300,1
F/F2834.jpg,F,F,0.9925846457481384,300,1
F/F2836.jpg,F,F,0.9925928711891174,300,1
F/F2837.jpg,F,F,0.9925563931465149,300,1
F/F2839.jpg,F,F,0.9925838708877563,300,1
F/F2840.jpg,F,F,0.992597222328186,300,1
F/F2848.jpg,F,F,0.9925786852836609,300,1
F/F2851.jpg,F,F,0.9925962686538696,300,1
F/F286.jpg,F,F,0.9926705360412598,300,1
F/F2864.jpg,F,F,0.9926084876060486,300,1
F/F287.jpg,F,F,0.9926961660385132,300,1
F/F2874.jpg,F,F,0.9925797581672668,300,1
F/F2878.jpg,F,F,0.9926885962486267,300,1
F/F2880.jpg,F,F,0.992687463760376,300,1
F/F2888.jpg,F,F,0.9926974177360535,300,1
F/F289.jpg,F,F,0.9927448034286499,300,1
F/F2891.jpg,F,F,0.9926711320877075,300,1
F/F2893.jpg,F,F,0.9926491379737854,300,1
F/F2897.jpg,F,F,0.9927027225494385,300,1
F/F2910.jpg,F,F,0.992705762386322,300,1
F/F2912.jpg,F,F,0.9926803708076477,300,1
F/F2914.jpg,F,F,0.9926432967185974,300,1
F/F2920.jpg,F,F,0.9926474094390869,300,1
F/F2923.jpg,F,F,0.9926555156707764,300,1
F/F2924.jpg,F,F,0.9926764965057373,300,1
F/F2929.jpg,F,F,0.9926663041114807,300,1
F/F2939.jpg,F,F,0.9926671385765076,300,1
F/F294.jpg,F,F,0.9927970767021179,300,1
F/F2944.jpg,F,F,0.992612361907959,300,1
F/F2946.jpg,F,F,0.9925617575645447,300,1
F/F2949.jpg,F,F,0.9925512075424194,300,1
F/F2957.jpg,F,F,0.9925447106361389,300,1
F/F2960.jpg,F,F,0.9924750924110413,300,1
F/F2965.jpg,F,F,0.9924718141555786,300,1
F/F2966.jpg,F,F,0.9924514889717102,300,1
F/F2967.jpg,F,F,0.9924778938293457,300,1
F/F297.jpg,F,F,0.992767333984375,300,1
F/F2974.jpg,F,F,0.9924660921096802,300,1
F/F2975.jpg,F,F,0.992557168006897,300,1
F/F2977.jpg,F,F,0.992665708065033,300,1
F/F2981.jpg,F,F,0.9926058053970337,300,1
F/F2985.jpg,F,F,0.9926134347915649,300,1
F/F2986.jpg,F,F,0.9925824403762817,300,1
F/F312.jpg,F,F,0.992737352848053,300,1
F/F317.jpg,F,F,0.992745041847229,300,1
F/F320.jpg,F,F,0.9926962852478027,300,1
F/F333.jpg,F,F,0.9926621913909912,300,1
F/F335.jpg,F,F,0.9926909804344177,300,1
F/F342.jpg,F,F,0.9927392601966858,300,1
F/F347.jpg,F,F,0.9927819967269897,300,1
F/F352.jpg,F,F,0.9928402900695801,300,1
F/F365.jpg,F,F,0.9929137229919434,300,1
F/F37.jpg,F,F,0.9928007125854492,300,1
F/F374.jpg,F,F,0.9928014278411865,300,1
F/F384.jpg,F,F,0.9927791953086853,300,1
F/F387.jpg,F,F,0.9927223324775696,300,1
F/F390.jpg,F,F,0.9927145838737488,300,1
F/F4.jpg,F,F,0.9928613305091858,300,1
F/F412.jpg,F,F,0.9927552342414856,300,1
F/F42.jpg,F,F,0.9927809834480286,300,1
F/F423.jpg,F,F,0.9927378296852112,300,1
F/F426.jpg,F,F,0.992741584777832,300,1
F/F427.jpg,F,F,0.9926881790161133,300,1
F/F433.jpg,F,F,0.9926788806915283,300,1
F/F437.jpg,F,F,0.9926260113716125,300,1
F/F442.jpg,F,F,0.9926241636276245,300,1
F/F468.jpg,F,F,0.9927366971969604,300,1
F/F469.jpg,F,F,0.9927384257316589,300,1
F/F47.jpg,F,F,0.9927608966827393,300,1
F/F471.jpg,F,F,0.9927195310592651,300,1
F/F472.jpg,F,F,0.9927476048469543,300,1
F/F474.jpg,F,F,0.9927418231964111,300,1
F/F480.jpg,F,F,0.99276202917099,300,1
F/F490.jpg,F,F,0.9927636981010437,300,1
F/F496.jpg,F,F,0.9926631450653076,300,1
F/F498.jpg,F,F,0.9926884770393372,300,1
F/F5.jpg,F,F,0.9928446412086487,300,1
F/F502.jpg,F,F,0.9926655888557434,300,1
F/F505.jpg,F,F,0.992711067199707,300,1
F/F519.jpg,F,F,0.9927031993865967,300,1
F/F52.jpg,F,F,0.9927010536193848,300,1
F/F520.jpg,F,F,0.9927154183387756,300,1
F/F528.jpg,F,F,0.9926795959472656,300,1
F/F529.jpg,F,F,0.9927281141281128,300,1
F/F530.jpg,F,F,0.992709755897522,300,1
F/F535.jpg,F,F,0.99268639087677,300,1
F/F541.jpg,F,F,0.9928009510040283,300,1
F/F552.jpg,F,F,0.9927982091903687,300,1
F/F555.jpg,F,F,0.9928193688392639,300,1
F/F568.jpg,F,F,0.992706835269928,300,1
F/F571.jpg,F,F,0.9927316308021545,300,1
F/F576.jpg,F,F,0.9926683306694031,300,1
F/F577.jpg,F,F,0.9926073551177979,300,1
F/F579.jpg,F,F,0.992624044418335,300,1
F/F580.jpg,F,F,0.992637038230896,300,1
F/F582.jpg,F,F,0.9926148653030396,300,1
F/F589.jpg,F,F,0.9927381873130798,300,1
F/F600.jpg,F,F,0.9926937818527222,300,1
F/F605.jpg,F,F,0.9927021265029907,300,1
F/F613.jpg,F,F,0.9927287101745605,300,1
F/F623.jpg,F,F,0.9927464127540588,300,1
F/F626.jpg,F,F,0.9926881790161133,300,1
F/F631.jpg,F,F,0.9926436543464661,300,1
F/F635.jpg,F,F,0.9926940202713013,300,1
F/F640.jpg,F,F,0.992738664150238,300,1
F/F641.jpg,F,F,0.992716908454895,300,1
F/F642.jpg,F,F,0.9927330017089844,300,1
F/F652.jpg,F,F,0.992712140083313,300,1
F/F653.jpg,F,F,0.9926891922950745,300,1
F/F655.jpg,F,F,0.9926649928092957,300,1
F/F658.jpg,F,F,0.9927178621292114,300,1
F/F665.jpg,F,F,0.9926329255104065,300,1
F/F669.jpg,F,F,0.9926813244819641,300,1
F/F671.jpg,F,F,0.9926571249961853,300,1
F/F692.jpg,F,F,0.9927529096603394,300,1
F/F694.jpg,F,F,0.9927266836166382,300,1
F/F695.jpg,F,F,0.9927581548690796,300,1
F/F708.jpg,F,F,0.9926432967185974,300,1
F/F712.jpg,F,F,0.9926740527153015,300,1
F/F714.jpg,F,F,0.9926459789276123,300,1
F/F716.jpg,F,F,0.9926819205284119,300,1
F/F724.jpg,F,F,0.9927088022232056,300,1
F/F726.jpg,F,F,0.9926677346229553,300,1
F/F727.jpg,F,F,0.9926838278770447,300,1
F/F73.jpg,F,F,0.9927119016647339,300,1
F/F730.jpg,F,F,0.9927194118499756,300,1
F/F734.jpg,F,F,0.9926774501800537,300,1
F/F736.jpg,F,F,0.9926797151565552,300,1
F/F737.jpg,F,F,0.992638111114502,300,1
F/F738.jpg,F,F,0.9926371574401855,300,1
F/F740.jpg,F,F,0.9926133155822754,300,1
F/F745.jpg,F,F,0.9927114248275757,300,1
F/F746.jpg,F,F,0.9927101135253906,300,1
F/F75.jpg,F,F,0.9927151799201965,300,1
F/F753.jpg,F,F,0.9926977753639221,300,1
F/F758.jpg,F,F,0.9927600622177124,300,1
F/F762.jpg,F,F,0.9927404522895813,300,1
F/F765.jpg,F,F,0.9927364587783813,300,1
F/F769.jpg,F,F,0.9927507638931274,300,1
F/F770.jpg,F,F,0.9927653670310974,300,1
F/F776.jpg,F,F,0.9928638339042664,300,1
F/F777.jpg,F,F,0.9928569793701172,300,1
F/F787.jpg,F,F,0.9928410053253174,300,1
F/F788.jpg,F,F,0.9928281903266907,300,1
F/F792.jpg,F,F,0.9928319454193115,300,1
F/F795.jpg,F,F,0.9927950501441956,300,1
F/F797.jpg,F,F,0.9927749633789062,300,1
F/F8.jpg,F,F,0.992827832698822,300,1
F/F80.jpg,F,F,0.9926145076751709,300,1
F/F801.jpg,F,F,0.992764413356781,300,1
F/F803.jpg,F,F,0.9927419424057007,300,1
F/F813.jpg,F,F,0.9927511215209961,300,1
F/F817.jpg,F,F,0.9926969408988953,300,1
F/F820.jpg,F,F,0.9927818775177002,300,1
F/F821.jpg,F,F,0.9927708506584167,300,1
F/F827.jpg,F,F,0.9927535653114319,300,1
F/F836.jpg,F,F,0.9927461743354797,300,1
F/F838.jpg,F,F,0.992683470249176,300,1
F/F844.jpg,F,F,0.9926955699920654,300,1
F/F849.jpg,F,F,0.9926034808158875,300,1
F/F851.jpg,F,F,0.9926750063896179,300,1
F/F852.jpg,F,F,0.9926745295524597,300,1
F/F853.jpg,F,F,0.9926741719245911,300,1
F/F86.jpg,F,F,0.9926429390907288,300,1
F/F87.jpg,F,F,0.992671012878418,300,1
F/F870.jpg,F,F,0.9927411079406738,300,1
F/F884.jpg,F,F,0.992641270160675,300,1
F/F885.jpg,F,F,0.9926526546478271,300,1
F/F887.jpg,F,F,0.9926455020904541,300,1
F/F89.jpg,F,F,0.9926814436912537,300,1
F/F890.jpg,F,F,0.9926868677139282,300,1
F/F901.jpg,F,F,0.9926636219024658,300,1
F/F916.jpg,F,F,0.9926203489303589,300,1
F/F919.jpg,F,F,0.9926325678825378,300,1
F/F920.jpg,F,F,0.9925819635391235,300,1
F/F922.jpg,F,F,0.992664098739624,300,1
F/F924.jpg,F,F,0.9926829934120178,300,1
F/F928.jpg,F,F,0.992783784866333,300,1
F/F93.jpg,F,F,0.9926837086677551,300,1
F/F934.jpg,F,F,0.9927075505256653,300,1
F/F939.jpg,F,F,0.9926220178604126,300,1
F/F944.jpg,F,F,0.9924426674842834,300,1
F/F945.jpg,F,F,0.992409348487854,300,1
F/F948.jpg,F,F,0.9924213290214539,300,1
F/F95.jpg,F,F,0.992752194404602,300,1
F/F955.jpg,F,F,0.9923074245452881,300,1
F/F959.jpg,F,F,0.9923473596572876,300,1
F/F96.jpg,F,F,0.9927626252174377,300,1
F/F962.jpg,F,F,0.9924254417419434,300,1
F/F965.jpg,F,F,0.9924559593200684,300,1
F/F966.jpg,F,F,0.9924187660217285,300,1
F/F969.jpg,F,F,0.9924436211585999,300,1
F/F971.jpg,F,F,0.9924740195274353,300,1
F/F988.jpg,F,F,0.99272221326828,300,1
F/F992.jpg,F,F,0.9926491379737854,300,1
F/F999.jpg,F,F,0.9926647543907166,300,1
G/G10.jpg,G,G,0.99314284324646,300,1
G/G100.jpg,G,G,0.993320107460022,300,1
G/G1000.jpg,G,G,0.9933018684387207,300,1
G/G1001.jpg,G,G,0.993248462677002,300,1
G/G1002.jpg,G,G,0.9932194352149963,300,1
G/G1003.jpg,G,G,0.9932056665420532,300,1
G/G1007.jpg,G,G,0.9932818412780762,300,1
G/G1014.jpg,G,G,0.9932945370674133,300,1
G/G102.jpg,G,G,0.993296205997467,300,1
G/G1022.jpg,G,G,0.9932750463485718,300,1
G/G1028.jpg,G,G,0.9931778907775879,300,1
G/G103.jpg,G,G,0.9933207035064697,300,1
G/G1038.jpg,G,G,0.9932314157485962,300,1
G/G1047.jpg,G,G,0.9932451844215393,300,1
G/G1050.jpg,G,G,0.9932924509048462,300,1
G/G1064.jpg,G,G,0.9931881427764893,300,1
G/G1067.jpg,G,G,0.9932183623313904,300,1
G/G1074.jpg,G,G,0.9932617545127869,300,1
G/G1077.jpg,G,G,0.9933061003684998,300,1
G/G1080.jpg,G,G,0.993194580078125,300,1
G/G1083.jpg,G,G,0.9932677745819092,300,1
G/G1091.jpg,G,G,0.9931225180625916,300,1
G/G1098.jpg,G,G,0.9932979941368103,300,1
G/G1100.jpg,G,G,0.9931954145431519,300,1
G/G1101.jpg,G,G,0.993178129196167,300,1
G/G112.jpg,G,G,0.9933328032493591,300,1
G/G1130.jpg,G,G,0.9931332468986511,300,1
G/G1131.jpg,G,G,0.9930744171142578,300,1
G/G1144.jpg,G,G,0.9932910203933716,300,1
G/G1147.jpg,G,G,0.9932982325553894,300,1
G/G1151.jpg,G,G,0.9933163523674011,300,1
G/G1156.jpg,G,G,0.9930744171142578,300,1
G/G1160.jpg,G,G,0.993205189704895,300,1
G/G1166.jpg,G,G,0.9932143688201904,300,1
G/G117.jpg,G,G,0.9932976365089417,300,1
G/G1171.jpg,G,G,0.9931890964508057,300,1
G/G1174.jpg,G,G,0.993242084980011,300,1
G/G1179.jpg,G,G,0.9933398365974426,300,1
G/G1184.jpg,G,G,0.9933295249938965,300,1
G/G1192.jpg,G,G,0.993184506893158,300,1
G/G1195.jpg,G,G,0.9932065010070801,300,1
G/G1201.jpg,G,G,0.9931225180625916,300,1
G/G1207.jpg,G,G,0.9930964112281799,300,1
G/G1208.jpg,G,G,0.99313884973526,300,1
G/G1211.jpg,G,G,0.9931550025939941,300,1
G/G1216.jpg,G,G,0.993187665939331,300,1
G/G122.jpg,G,G,0.9934211373329163,300,1
G/G1221.jpg,G,G,0.9931541681289673,300,1
G/G123.jpg,G,G,0.9934450387954712,300,1
G/G1238.jpg,G,G,0.9932029247283936,300,1
G/G124.jpg,G,G,0.9934271574020386,300,1
G/G1245.jpg,G,G,0.9932848215103149,300,1
G/G1251.jpg,G,G,0.9933624267578125,300,1
G/G1253.jpg,G,G,0.9934084415435791,300,1
G/G1264.jpg,G,G,0.9931395649909973,300,1
G/G1265.jpg,G,G,0.9930210709571838,300,1
G/G1269.jpg,G,G,0.9930578470230103,300,1
G/G1275.jpg,G,G,0.9931228756904602,300,1
G/G1276.jpg,G,G,0.993178129196167,300,1
G/G1285.jpg,G,G,0.9933284521102905,300,1
G/G1304.jpg,G,G,0.9933807849884033,300,1
G/G1307.jpg,G,G,0.993421733379364,300,1
G/G131.jpg,G,G,0.9933313727378845,300,1
G/G1310.jpg,G,G,0.9933909177780151,300,1
G/G1324.jpg,G,G,0.9932976365089417,300,1
G/G1335.jpg,G,G,0.9933606386184692,300,1
G/G1336.jpg,G,G,0.9933435916900635,300,1
G/G1339.jpg,G,G,0.9933754801750183,300,1
G/G1341.jpg,G,G,0.9933701753616333,300,1
G/G1342.jpg,G,G,0.9933458566665649,300,1
G/G1347.jpg,G,G,0.9932565689086914,300,1
G/G1356.jpg,G,G,0.9930832386016846,300,1
G/G1358.jpg,G,G,0.9930461049079895,300,1
G/G1361.jpg,G,G,0.9930955767631531,300,1
G/G1368.jpg,G,G,0.9930877089500427,300,1
G/G1372.jpg,G,G,0.9930868744850159,300,1
G/G1380.jpg,G,G,0.9931269884109497,300,1
G/G1384.jpg,G,G,0.9930478930473328,300,1
G/G1386.jpg,G,G,0.993104875087738,300,1
G/G1388.jpg,G,G,0.9931899905204773,300,1
G/G1393.jpg,G,G,0.993316650390625,300,1
G/G1398.jpg,G,G,0.9933358430862427,300,1
G/G140.jpg,G,G,0.9931793212890625,300,1
G/G1401.jpg,G,G,0.9932135343551636,300,1
G/G1406.jpg,G,G,0.9932985901832581,300,1
G/G141.jpg,G,G,0.993213415145874,300,1
G/G1411.jpg,G,G,0.9932676553726196,300,1
G/G1413.jpg,G,G,0.993314802646637,300,1
G/G1419.jpg,G,G,0.9931440353393555,300,1
G/G1425.jpg,G,G,0.9931232333183289,300,1
G/G1426.jpg,G,G,0.9931451082229614,300,1
G/G1433.jpg,G,G,0.9932178854942322,300,1
G/G1434.jpg,G,G,0.9932223558425903,300,1
G/G1441.jpg,G,G,0.9932442307472229,300,1
G/G1442.jpg,G,G,0.9932637214660645,300,1
G/G1443.jpg,G,G,0.9934031367301941,300,1
G/G1446.jpg,G,G,0.9933903217315674,300,1
G/G145.jpg,G,G,0.9932169318199158,300,1
G/G1450.jpg,G,G,0.9934020638465881,300,1
G/G1451.jpg,G,G,0.9934357404708862,300,1
G/G1457.jpg,G,G,0.993438184261322,300,1
G/G146.jpg,G,G,0.993235170841217,300,1
G/G1462.jpg,G,G,0.9932270646095276,300,1
G/G1464.jpg,G,G,0.9932982325553894,300,1
G/G1475.jpg,G,G,0.9931847453117371,300,1
G/G1477.jpg,G,G,0.9932087063789368,300,1
G/G1479.jpg,G,G,0.993141233921051,300,1
G/G1491.jpg,G,G,0.9933322072029114,300,1
G/G1495.jpg,G,G,0.9934224486351013,300,1
G/G1496.jpg,G,G,0.993343710899353,300,1
G/G1505.jpg,G,G,0.993339478969574,300,1
G/G1508.jpg,G,G,0.9933139681816101,300,1
G/G1509.jpg,G,G,0.9933854937553406,300,1
G/G1511.jpg,G,G,0.9933478236198425,300,1
G/G1512.jpg,G,G,0.9933362007141113,300,1
G/G1514.jpg,G,G,0.9933684468269348,300,1
G/G1516.jpg,G,G,0.9933213591575623,300,1
G/G1531.jpg,G,G,0.9933214783668518,300,1
G/G1534.jpg,G,G,0.9933817386627197,300,1
G/G1537.jpg,G,G,0.9933403134346008,300,1
G/G1541.jpg,G,G,0.9933791160583496,300,1
G/G1544.jpg,G,G,0.9933075904846191,300,1
G/G1550.jpg,G,G,0.9932242631912231,300,1
G/G1551.jpg,G,G,0.9932355284690857,300,1
G/G1558.jpg,G,G,0.9931588768959045,300,1
G/G1560.jpg,G,G,0.993180513381958,300,1
G/G1564.jpg,G,G,0.993151068687439,300,1
G/G1569.jpg,G,G,0.9931197166442871,300,1
G/G1576.jpg,G,G,0.9931846261024475,300,1
G/G1589.jpg,G,G,0.9930530190467834,300,1
G/G159.jpg,G,G,0.9930936098098755,300,1
G/G1595.jpg,G,G,0.9930911064147949,300,1
G/G1597.jpg,G,G,0.9931002855300903,300,1
G/G16.jpg,G,G,0.9932814836502075,300,1
G/G1607.jpg,G,G,0.9930896162986755,300,1
G/G1608.jpg,G,G,0.9931315779685974,300,1
G/G1610.jpg,G,G,0.9931309819221497,300,1
G/G1611.jpg,G,G,0.993109941482544,300,1
G/G1615.jpg,G,G,0.9931632280349731,300,1
G/G1618.jpg,G,G,0.9931378960609436,300,1
G/G1621.jpg,G,G,0.9931360483169556,300,1
G/G1629.jpg,G,G,0.9931700229644775,300,1
G/G1632.jpg,G,G,0.993172824382782,300,1
G/G1634.jpg,G,G,0.9930868744850159,300,1
G/G1635.jpg,G,G,0.9931413531303406,300,1
G/G1638.jpg,G,G,0.9932141304016113,300,1
G/G165.jpg,G,G,0.9932885766029358,300,1
G/G1653.jpg,G,G,0.993232250213623,300,1
G/G1657.jpg,G,G,0.9931840300559998,300,1
G/G1658.jpg,G,G,0.9931249022483826,300,1
G/G1666.jpg,G,G,0.9931468367576599,300,1
G/G1667.jpg,G,G,0.993104875087738,300,1
G/G1678.jpg,G,G,0.9931679368019104,300,1
G/G168.jpg,G,G,0.9932466745376587,300,1
G/G1680.jpg,G,G,0.9931879043579102,300,1
G/G1696.jpg,G,G,0.9930906295776367,300,1
G/G17.jpg,G,G,0.9932852983474731,300,1
G/G170.jpg,G,G,0.9933185577392578,300,1
G/G1712.jpg,G,G,0.9932489395141602,300,1
G/G1714.jpg,G,G,0.9932616353034973,300,1
G/G172.jpg,G,G,0.9932373762130737,300,1
G/G1729.jpg,G,G,0.9933542013168335,300,1
G/G174.jpg,G,G,0.9931493401527405,300,1
G/G1740.jpg,G,G,0.9932150840759277,300,1
G/G175.jpg,G,G,0.9931679964065552,300,1
G/G1750.jpg,G,G,0.9931990504264832,300,1
G/G1760.jpg,G,G,0.993248462677002,300,1
G/G1767.jpg,G,G,0.9933568835258484,300,1
G/G1768.jpg,G,G,0.9933314919471741,300,1
G/G1773.jpg,G,G,0.9932928085327148,300,1
G/G1783.jpg,G,G,0.9933353662490845,300,1
G/G18.jpg,G,G,0.9932801127433777,300,1
G/G1801.jpg,G,G,0.9933189153671265,300,1
G/G181.jpg,G,G,0.9932984709739685,300,1
G/G1814.jpg,G,G,0.9933819770812988,300,1
G/G182.jpg,G,G,0.9932848215103149,300,1
G/G183.jpg,G,G,0.993328332901001,300,1
G/G1839.jpg,G,G,0.9931459426879883,300,1
G/G1841.jpg,G,G,0.9931799173355103,300,1
G/G185.jpg,G,G,0.9933356046676636,300,1
G/G1863.jpg,G,G,0.993206262588501,300,1
G/G1868.jpg,G,G,0.9933215975761414,300,1
G/G1870.jpg,G,G,0.9932698607444763,300,1
G/G1872.jpg,G,G,0.9932670593261719,300,1
G/G1873.jpg,G,G,0.9932830333709717,300,1
G/G1876.jpg,G,G,0.9932904243469238,300,1
G/G1879.jpg,G,G,0.9933046698570251,300,1
G/G1883.jpg,G,G,0.9933089017868042,300,1
G/G1894.jpg,G,G,0.9932401180267334,300,1
G/G1898.jpg,G,G,0.9932639598846436,300,1
G/G1902.jpg,G,G,0.993248701095581,300,1
G/G1915.jpg,G,G,0.993269145488739,300,1
G/G1917.jpg,G,G,0.9932616353034973,300,1
G/G1923.jpg,G,G,0.9932239055633545,300,1
G/G1928.jpg,G,G,0.9932557344436646,300,1
G/G194.jpg,G,G,0.9933649301528931,300,1
G/G1944.jpg,G,G,0.9933352470397949,300,1
G/G1953.jpg,G,G,0.9932937622070312,300,1
G/G1958.jpg,G,G,0.9932994842529297,300,1
G/G196.jpg,G,G,0.9933474659919739,300,1
G/G1961.jpg,G,G,0.9933276176452637,300,1
G/G1972.jpg,G,G,0.993385374546051,300,1
G/G1985.jpg,G,G,0.9932686686515808,300,1
G/G1987.jpg,G,G,0.9933134913444519,300,1
G/G2015.jpg,G,G,0.9933324456214905,300,1
G/G2017.jpg,G,G,0.9934194684028625,300,1
G/G2018.jpg,G,G,0.9933726787567139,300,1
G/G2021.jpg,G,G,0.9933602213859558,300,1
G/G2023.jpg,G,G,0.9934226870536804,300,1
G/G2024.jpg,G,G,0.9933291673660278,300,1
G/G2026.jpg,G,G,0.9933876991271973,300,1
G/G2038.jpg,G,G,0.9932732582092285,300,1
G/G2042.jpg,G,G,0.993423342704773,300,1
G/G2049.jpg,G,G,0.9934030175209045,300,1
G/G2057.jpg,G,G,0.9934375882148743,300,1
G/G2058.jpg,G,G,0.9933803081512451,300,1
G/G2067.jpg,G,G,0.993466317653656,300,1
G/G2069.jpg,G,G,0.9935198426246643,300,1
G/G207.jpg,G,G,0.9932205677032471,300,1
G/G2070.jpg,G,G,0.9935198426246643,300,1
G/G2078.jpg,G,G,0.9934815168380737,300,1
G/G2080.jpg,G,G,0.9935029149055481,300,1
G/G2084.jpg,G,G,0.9934574961662292,300,1
G/G2085.jpg,G,G,0.993442177772522,300,1
G/G2092.jpg,G,G,0.9934465289115906,300,1
G/G210.jpg,G,G,0.9932830333709717,300,1
G/G2105.jpg,G,G,0.9933841824531555,300,1
G/G2108.jpg,G,G,0.9933685660362244,300,1
G/G211.jpg,G,G,0.9932964444160461,300,1
G/G2124.jpg,G,G,0.9934112429618835,300,1
G/G2125.jpg,G,G,0.9933826923370361,300,1
G/G2126.jpg,G,G,0.9933565258979797,300,1
G/G2134.jpg,G,G,0.9933828115463257,300,1
G/G2136.jpg,G,G,0.9933993816375732,300,1
G/G2137.jpg,G,G,0.9934280514717102,300,1
G/G2142.jpg,G,G,0.993371844291687,300,1
G/G2155.jpg,G,G,0.9934179782867432,300,1
G/G2158.jpg,G,G,0.9933603405952454,300,1
G/G2163.jpg,G,G,0.9933953881263733,300,1
G/G2164.jpg,G,G,0.9934356212615967,300,1
G/G2177.jpg,G,G,0.9934091567993164,300,1
G/G2179.jpg,G,G,0.9934338331222534,300,1
G/G2189.jpg,G,G,0.9932160973548889,300,1
G/G2199.jpg,G,G,0.9932957291603088,300,1
G/G22.jpg,G,G,0.9932762384414673,300,1
G/G220.jpg,G,G,0.9931948184967041,300,1
G/G2201.jpg,G,G,0.9933299422264099,300,1
G/G2204.jpg,G,G,0.9933016300201416,300,1
G/G2208.jpg,G,G,0.9931588768959045,300,1
G/G2219.jpg,G,G,0.9931984543800354,300,1
G/G2226.jpg,G,G,0.9931057095527649,300,1
G/G2229.jpg,G,G,0.993164598941803,300,1
G/G2230.jpg,G,G,0.9932084679603577,300,1
G/G2231.jpg,G,G,0.9931326508522034,300,1
G/G2240.jpg,G,G,0.9930400848388672,300,1
G/G225.jpg,G,G,0.9932249188423157,300,1
G/G2250.jpg,G,G,0.993172824382782,300,1
G/G2252.jpg,G,G,0.9932094216346741,300,1
G/G2262.jpg,G,G,0.993305504322052,300,1
G/G2264.jpg,G,G,0.9932597279548645,300,1
G/G2274.jpg,G,G,0.9932754039764404,300,1
G/G2280.jpg,G,G,0.9934237003326416,300,1
G/G2287.jpg,G,G,0.993367612361908,300,1
G/G2292.jpg,G,G,0.9934404492378235,300,1
G/G2297.jpg,G,G,0.9935058355331421,300,1
G/G2304.jpg,G,G,0.993445634841919,300,1
G/G2310.jpg,G,G,0.9933943152427673,300,1
G/G2314.jpg,G,G,0.993539035320282,300,1
G/G2321.jpg,G,G,0.9934083223342896,300,1
G/G2325.jpg,G,G,0.993441104888916,300,1
G/G2329.jpg,G,G,0.9933813810348511,300,1
G/G2330.jpg,G,G,0.9934185743331909,300,1
G/G2332.jpg,G,G,0.993449866771698,300,1
G/G2339.jpg,G,G,0.9934226870536804,300,1
G/G2344.jpg,G,G,0.9934304356575012,300,1
G/G235.jpg,G,G,0.9932407140731812,300,1
G/G2354.jpg,G,G,0.9934949278831482,300,1
G/G2361.jpg,G,G,0.9934160709381104,300,1
G/G237.jpg,G,G,0.9932219982147217,300,1
G/G2373.jpg,G,G,0.9931960105895996,300,1
G/G2380.jpg,G,G,0.9933677315711975,300,1
G/G2386.jpg,G,G,0.9932917356491089,300,1
G/G2390.jpg,G,G,0.9933028221130371,300,1
G/G2393.jpg,G,G,0.9932818412780762,300,1
G/G2397.jpg,G,G,0.9932920932769775,300,1
G/G2401.jpg,G,G,0.9932460188865662,300,1
G/G2404.jpg,G,G,0.9932651519775391,300,1
G/G2405.jpg,G,G,0.9933049082756042,300,1
G/G2411.jpg,G,G,0.9932098984718323,300,1
G/G2421.jpg,G,G,0.9932796359062195,300,1
G/G2423.jpg,G,G,0.9932824373245239,300,1
G/G2437.jpg,G,G,0.9934090375900269,300,1
G/G2445.jpg,G,G,0.9933520555496216,300,1
G/G245.jpg,G,G,0.9932469129562378,300,1
G/G2464.jpg,G,G,0.9934279322624207,300,1
G/G2466.jpg,G,G,0.9933797121047974,300,1
G/G2468.jpg,G,G,0.9933966398239136,300,1
G/G2474.jpg,G,G,0.9932217597961426,300,1
G/G2477.jpg,G,G,0.9932733774185181,300,1
G/G2480.jpg,G,G,0.9933257102966309,300,1
G/G2484.jpg,G,G,0.9933468103408813,300,1
G/G2489.jpg,G,G,0.9934409260749817,300,1
G/G2493.jpg,G,G,0.9933903217315674,300,1
G/G2500.jpg,G,G,0.993503749370575,300,1
G/G2502.jpg,G,G,0.9933682084083557,300,1
G/G2507.jpg,G,G,0.9933155179023743,300,1
G/G251.jpg,G,G,0.9933311343193054,300,1
G/G2517.jpg,G,G,0.9934485554695129,300,1
G/G252.jpg,G,G,0.9932534098625183,300,1
G/G2528.jpg,G,G,0.993463933467865,300,1
G/G2536.jpg,G,G,0.9934555888175964,300,1
G/G2537.jpg,G,G,0.9934830069541931,300,1
G/G255.jpg,G,G,0.9932565689086914,300,1
G/G2556.jpg,G,G,0.9935535192489624,300,1
G/G2558.jpg,G,G,0.993513286113739,300,1
G/G2570.jpg,G,G,0.9935588240623474,300,1
G/G2573.jpg,G,G,0.9934636354446411,300,1
G/G2575.jpg,G,G,0.9933717250823975,300,1
G/G2576.jpg,G,G,0.993391752243042,300,1
G/G2577.jpg,G,G,0.9933198690414429,300,1
G/G2579.jpg,G,G,0.9933302998542786,300,1
G/G2581.jpg,G,G,0.993349015712738,300,1
G/G2585.jpg,G,G,0.9933653473854065,300,1
G/G2586.jpg,G,G,0.9933993816375732,300,1
G/G2589.jpg,G,G,0.9934654831886292,300,1
G/G2593.jpg,G,G,0.9934808015823364,300,1
G/G26.jpg,G,G,0.9933011531829834,300,1
G/G2600.jpg,G,G,0.993459939956665,300,1
G/G2602.jpg,G,G,0.9934191107749939,300,1
G/G2607.jpg,G,G,0.9933592677116394,300,1
G/G2614.jpg,G,G,0.993391752243042,300,1
G/G2615.jpg,G,G,0.9933809041976929,300,1
G/G2616.jpg,G,G,0.9933898448944092,300,1
G/G262.jpg,G,G,0.9932718873023987,300,1
G/G2623.jpg,G,G,0.9933598637580872,300,1
G/G2625.jpg,G,G,0.993354082107544,300,1
G/G263.jpg,G,G,0.9932818412780762,300,1
G/G2634.jpg,G,G,0.9933271408081055,300,1
G/G2639.jpg,G,G,0.9932721257209778,300,1
G/G2640.jpg,G,G,0.9933019876480103,300,1
G/G2641.jpg,G,G,0.993290901184082,300,1
G/G2642.jpg,G,G,0.9932726621627808,300,1
G/G2652.jpg,G,G,0.9933739900588989,300,1
G/G2657.jpg,G,G,0.9933786392211914,300,1
G/G2662.jpg,G,G,0.993330180644989,300,1
G/G2664.jpg,G,G,0.9932544827461243,300,1
G/G2675.jpg,G,G,0.9932278990745544,300,1
G/G2679.jpg,G,G,0.993251383304596,300,1
G/G2688.jpg,G,G,0.993259847164154,300,1
G/G269.jpg,G,G,0.993279755115509,300,1
G/G2692.jpg,G,G,0.9932065010070801,300,1
G/G2695.jpg,G,G,0.993219792842865,300,1
G/G2702.jpg,G,G,0.9932852983474731,300,1
G/G2707.jpg,G,G,0.9932423233985901,300,1
G/G2708.jpg,G,G,0.9932520985603333,300,1
G/G2711.jpg,G,G,0.9932314157485962,300,1
G/G2713.jpg,G,G,0.9932321310043335,300,1
G/G2722.jpg,G,G,0.9932311773300171,300,1
G/G2723.jpg,G,G,0.9932031631469727,300,1
G/G2726.jpg,G,G,0.9932132959365845,300,1
G/G2729.jpg,G,G,0.993222713470459,300,1
G/G2730.jpg,G,G,0.993198573589325,300,1
G/G2734.jpg,G,G,0.9932045936584473,300,1
G/G274.jpg,G,G,0.9932897686958313,300,1
G/G2752.jpg,G,G,0.9932112693786621,300,1
G/G276.jpg,G,G,0.9933176040649414,300,1
G/G2761.jpg,G,G,0.9931617975234985,300,1
G/G2762.jpg,G,G,0.9931963682174683,300,1
G/G2766.jpg,G,G,0.993363618850708,300,1
G/G2770.jpg,G,G,0.9932171702384949,300,1
G/G2772.jpg,G,G,0.9932084679603577,300,1
G/G2774.jpg,G,G,0.99320387840271,300,1
G/G278.jpg,G,G,0.9933326840400696,300,1
G/G2780.jpg,G,G,0.9933829307556152,300,1
G/G2783.jpg,G,G,0.9934397339820862,300,1
G/G2785.jpg,G,G,0.9934245347976685,300,1
G/G2787.jpg,G,G,0.9934099316596985,300,1
G/G279.jpg,G,G,0.9932920932769775,300,1
G/G2790.jpg,G,G,0.9934647679328918,300,1
G/G2796.jpg,G,G,0.9934252500534058,300,1
G/G2799.jpg,G,G,0.9933962225914001,300,1
G/G280.jpg,G,G,0.9933198690414429,300,1
G/G2800.jpg,G,G,0.993388295173645,300,1
G/G2802.jpg,G,G,0.9933502078056335,300,1
G/G2811.jpg,G,G,0.9934512376785278,300,1
G/G2822.jpg,G,G,0.9933990240097046,300,1
G/G2826.jpg,G,G,0.993502676486969,300,1
G/G283.jpg,G,G,0.9933557510375977,300,1
G/G2831.jpg,G,G,0.9934608936309814,300,1
G/G2835.jpg,G,G,0.9934641718864441,300,1
G/G2849.jpg,G,G,0.993502676486969,300,1
G/G2853.jpg,G,G,0.993461012840271,300,1
G/G2864.jpg,G,G,0.9935178756713867,300,1
G/G2868.jpg,G,G,0.9934862852096558,300,1
G/G2872.jpg,G,G,0.9935008883476257,300,1
G/G2874.jpg,G,G,0.9935110211372375,300,1
G/G2876.jpg,G,G,0.993477463722229,300,1
G/G2877.jpg,G,G,0.9934908747673035,300,1
G/G2879.jpg,G,G,0.9934669137001038,300,1
G/G2880.jpg,G,G,0.9934887886047363,300,1
G/G2881.jpg,G,G,0.9934548735618591,300,1
G/G2883.jpg,G,G,0.9935505390167236,300,1
G/G2887.jpg,G,G,0.9935044050216675,300,1
G/G2888.jpg,G,G,0.9934926629066467,300,1
G/G2896.jpg,G,G,0.9935213923454285,300,1
G/G2898.jpg,G,G,0.9935566782951355,300,1
G/G2902.jpg,G,G,0.9935572743415833,300,1
G/G2907.jpg,G,G,0.9935897588729858,300,1
G/G291.jpg,G,G,0.9933804273605347,300,1
G/G2914.jpg,G,G,0.9936184883117676,300,1
G/G2915.jpg,G,G,0.993627667427063,300,1
G/G292.jpg,G,G,0.9934359788894653,300,1
G/G2922.jpg,G,G,0.9935706853866577,300,1
G/G2924.jpg,G,G,0.9935909509658813,300,1
G/G2926.jpg,G,G,0.9935916066169739,300,1
G/G2928.jpg,G,G,0.9935715198516846,300,1
G/G2929.jpg,G,G,0.9935709238052368,300,1
G/G2930.jpg,G,G,0.9935728311538696,300,1
G/G2934.jpg,G,G,0.9935854077339172,300,1
G/G2943.jpg,G,G,0.9935798645019531,300,1
G/G295.jpg,G,G,0.993473470211029,300,1
G/G2958.jpg,G,G,0.9935289025306702,300,1
G/G2959.jpg,G,G,0.9935041069984436,300,1
G/G296.jpg,G,G,0.993440568447113,300,1
G/G2961.jpg,G,G,0.9935418367385864,300,1
G/G2964.jpg,G,G,0.9935460686683655,300,1
G/G2965.jpg,G,G,0.9935429096221924,300,1
G/G2978.jpg,G,G,0.9935014843940735,300,1
G/G2979.jpg,G,G,0.993521511554718,300,1
G/G2980.jpg,G,G,0.993557870388031,300,1
G/G2988.jpg,G,G,0.9934951663017273,300,1
G/G2989.jpg,G,G,0.9934966564178467,300,1
G/G2991.jpg,G,G,0.9934828877449036,300,1
G/G302.jpg,G,G,0.9934073686599731,300,1
G/G309.jpg,G,G,0.9932950139045715,300,1
G/G31.jpg,G,G,0.9933369159698486,300,1
G/G310.jpg,G,G,0.9932976365089417,300,1
G/G316.jpg,G,G,0.9933013916015625,300,1
G/G320.jpg,G,G,0.9932920932769775,300,1
G/G328.jpg,G,G,0.9933300614356995,300,1
G/G329.jpg,G,G,0.9933059811592102,300,1
G/G330.jpg,G,G,0.9933074116706848,300,1
G/G337.jpg,G,G,0.9933146834373474,300,1
G/G341.jpg,G,G,0.9932635426521301,300,1
G/G347.jpg,G,G,0.9932778477668762,300,1
G/G352.jpg,G,G,0.993309736251831,300,1
G/G355.jpg,G,G,0.9932547211647034,300,1
G/G357.jpg,G,G,0.9932215213775635,300,1
G/G367.jpg,G,G,0.9931914210319519,300,1
G/G37.jpg,G,G,0.9932577610015869,300,1
G/G373.jpg,G,G,0.993187665939331,300,1
G/G374.jpg,G,G,0.9931336641311646,300,1
G/G381.jpg,G,G,0.9931214451789856,300,1
G/G382.jpg,G,G,0.9930806756019592,300,1
G/G385.jpg,G,G,0.9931467175483704,300,1
G/G39.jpg,G,G,0.9932373762130737,300,1
G/G390.jpg,G,G,0.9931765794754028,300,1
G/G394.jpg,G,G,0.9931899905204773,300,1
G/G395.jpg,G,G,0.9932518601417542,300,1
G/G399.jpg,G,G,0.9933086633682251,300,1
G/G402.jpg,G,G,0.9934172630310059,300,1
G/G403.jpg,G,G,0.9933952689170837,300,1
G/G411.jpg,G,G,0.9933517575263977,300,1
G/G412.jpg,G,G,0.9933773875236511,300,1
G/G42.jpg,G,G,0.9931968450546265,300,1
G/G423.jpg,G,G,0.9933092594146729,300,1
G/G427.jpg,G,G,0.9933142066001892,300,1
G/G430.jpg,G,G,0.9933145642280579,300,1
G/G431.jpg,G,G,0.99332594871521,300,1
G/G433.jpg,G,G,0.993331253528595,300,1
G/G442.jpg,G,G,0.993255615234375,300,1
G/G450.jpg,G,G,0.9933841824531555,300,1
G/G457.jpg,G,G,0.9933691620826721,300,1
G/G458.jpg,G,G,0.993339478969574,300,1
G/G459.jpg,G,G,0.993289053440094,300,1
G/G460.jpg,G,G,0.9933925271034241,300,1
G/G473.jpg,G,G,0.993289053440094,300,1
G/G477.jpg,G,G,0.9932860732078552,300,1
G/G479.jpg,G,G,0.9932940006256104,300,1
G/G480.jpg,G,G,0.9932900667190552,300,1
G/G487.jpg,G,G,0.9932390451431274,300,1
G/G491.jpg,G,G,0.9933231472969055,300,1
G/G492.jpg,G,G,0.9932848215103149,300,1
G/G5.jpg,G,G,0.9932547211647034,300,1
G/G506.jpg,G,G,0.9932576417922974,300,1
G/G509.jpg,G,G,0.9932464361190796,300,1
G/G510.jpg,G,G,0.9932419657707214,300,1
G/G52.jpg,G,G,0.9933049082756042,300,1
G/G524.jpg,G,G,0.9932142496109009,300,1
G/G527.jpg,G,G,0.993160605430603,300,1
G/G532.jpg,G,G,0.9932592511177063,300,1
G/G54.jpg,G,G,0.9933006763458252,300,1
G/G550.jpg,G,G,0.9933372735977173,300,1
G/G560.jpg,G,G,0.9932316541671753,300,1
G/G561.jpg,G,G,0.9932512640953064,300,1
G/G564.jpg,G,G,0.9932795166969299,300,1
G/G565.jpg,G,G,0.9932907819747925,300,1
G/G574.jpg,G,G,0.9933278560638428,300,1
G/G575.jpg,G,G,0.993245542049408,300,1
G/G577.jpg,G,G,0.9932854175567627,300,1
G/G58.jpg,G,G,0.9933074116706848,300,1
G/G580.jpg,G,G,0.9932801127433777,300,1
G/G581.jpg,G,G,0.9932535290718079,300,1
G/G595.jpg,G,G,0.9931634664535522,300,1
G/G6.jpg,G,G,0.9932469129562378,300,1
G/G601.jpg,G,G,0.9932520985603333,300,1
G/G604.jpg,G,G,0.9931936860084534,300,1
G/G609.jpg,G,G,0.9931765794754028,300,1
G/G612.jpg,G,G,0.9931513071060181,300,1
G/G613.jpg,G,G,0.9932286143302917,300,1
G/G615.jpg,G,G,0.9932075142860413,300,1
G/G621.jpg,G,G,0.9932244420051575,300,1
G/G638.jpg,G,G,0.9931358098983765,300,1
G/G640.jpg,G,G,0.9932258725166321,300,1
G/G644.jpg,G,G,0.9932249188423157,300,1
G/G651.jpg,G,G,0.993237316608429,300,1
G/G653.jpg,G,G,0.993242084980011,300,1
G/G655.jpg,G,G,0.9932017922401428,300,1
G/G658.jpg,G,G,0.993252694606781,300,1
G/G659.jpg,G,G,0.9932500123977661,300,1
G/G664.jpg,G,G,0.9932606816291809,300,1
G/G674.jpg,G,G,0.9932782053947449,300,1
G/G677.jpg,G,G,0.9932849407196045,300,1
G/G682.jpg,G,G,0.9933151602745056,300,1
G/G690.jpg,G,G,0.9933545589447021,300,1
G/G694.jpg,G,G,0.9933781027793884,300,1
G/G695.jpg,G,G,0.993371844291687,300,1
G/G697.jpg,G,G,0.9933783411979675,300,1
G/G700.jpg,G,G,0.9933873414993286,300,1
G/G702.jpg,G,G,0.9934012293815613,300,1
G/G708.jpg,G,G,0.993390679359436,300,1
G/G710.jpg,G,G,0.9933964014053345,300,1
G/G711.jpg,G,G,0.9933520555496216,300,1
G/G716.jpg,G,G,0.9932730197906494,300,1
G/G717.jpg,G,G,0.9932801127433777,300,1
G/G725.jpg,G,G,0.9932904243469238,300,1
G/G726.jpg,G,G,0.9932844638824463,300,1
G/G732.jpg,G,G,0.9932108521461487,300,1
G/G734.jpg,G,G,0.9932450652122498,300,1
G/G736.jpg,G,G,0.9931920170783997,300,1
G/G748.jpg,G,G,0.9932136535644531,300,1
G/G754.jpg,G,G,0.9932814836502075,300,1
G/G756.jpg,G,G,0.9933162331581116,300,1
G/G760.jpg,G,G,0.9933292865753174,300,1
G/G774.jpg,G,G,0.9933686852455139,300,1
G/G778.jpg,G,G,0.9932572841644287,300,1
G/G780.jpg,G,G,0.9932615160942078,300,1
G/G781.jpg,G,G,0.9932501316070557,300,1
G/G782.jpg,G,G,0.9932709336280823,300,1
G/G79.jpg,G,G,0.9933056235313416,300,1
G/G797.jpg,G,G,0.99327552318573,300,1
G/G802.jpg,G,G,0.9932717680931091,300,1
G/G806.jpg,G,G,0.9933121800422668,300,1
G/G81.jpg,G,G,0.9933109283447266,300,1
G/G817.jpg,G,G,0.9933248162269592,300,1
G/G825.jpg,G,G,0.9933311343193054,300,1
G/G832.jpg,G,G,0.9932942986488342,300,1
G/G833.jpg,G,G,0.9933732748031616,300,1
G/G834.jpg,G,G,0.9933524131774902,300,1
G/G835.jpg,G,G,0.9933678507804871,300,1
G/G843.jpg,G,G,0.9933847784996033,300,1
G/G852.jpg,G,G,0.9932664632797241,300,1
G/G854.jpg,G,G,0.993293046951294,300,1
G/G859.jpg,G,G,0.9932885766029358,300,1
G/G864.jpg,G,G,0.9933399558067322,300,1
G/G868.jpg,G,G,0.9933145642280579,300,1
G/G869.jpg,G,G,0.9933342933654785,300,1
G/G87.jpg,G,G,0.9932899475097656,300,1
G/G872.jpg,G,G,0.9933413863182068,300,1
G/G873.jpg,G,G,0.9933251738548279,300,1
G/G874.jpg,G,G,0.9933221936225891,300,1
G/G88.jpg,G,G,0.9932911396026611,300,1
G/G881.jpg,G,G,0.9932940006256104,300,1
G/G882.jpg,G,G,0.9932780861854553,300,1
G/G887.jpg,G,G,0.9932504892349243,300,1
G/G892.jpg,G,G,0.9932214021682739,300,1
G/G896.jpg,G,G,0.9932030439376831,300,1
G/G897.jpg,G,G,0.993174135684967,300,1
G/G912.jpg,G,G,0.9932542443275452,300,1
G/G921.jpg,G,G,0.9932641983032227,300,1
G/G923.jpg,G,G,0.9932544827461243,300,1
G/G925.jpg,G,G,0.9932605624198914,300,1
G/G927.jpg,G,G,0.9932760000228882,300,1
G/G929.jpg,G,G,0.9932964444160461,300,1
G/G932.jpg,G,G,0.9933480620384216,300,1
G/G934.jpg,G,G,0.9933134913444519,300,1
G/G943.jpg,G,G,0.9933331608772278,300,1
G/G966.jpg,G,G,0.9932045936584473,300,1
G/G969.jpg,G,G,0.9932287931442261,300,1
G/G970.jpg,G,G,0.9932093024253845,300,1
G/G976.jpg,G,G,0.993256688117981,300,1
G/G977.jpg,G,G,0.9932558536529541,300,1
G/G978.jpg,G,G,0.9932095408439636,300,1
G/G981.jpg,G,G,0.9932331442832947,300,1
G/G982.jpg,G,G,0.9931365251541138,300,1
G/G985.jpg,G,G,0.9931395649909973,300,1
G/G986.jpg,G,G,0.9932384490966797,300,1
G/G989.jpg,G,G,0.9932544827461243,300,1
G/G993.jpg,G,G,0.9932884573936462,300,1
G/G994.jpg,G,G,0.9932772517204285,300,1
H/H1008.jpg,H,H,0.9932758808135986,300,1
H/H1013.jpg,H,H,0.9932355284690857,300,1
H/H1015.jpg,H,H,0.9932460188865662,300,1
H/H1021.jpg,H,H,0.9930879473686218,300,1
H/H1025.jpg,H,H,0.9932918548583984,300,1
H/H1029.jpg,H,H,0.9933102130889893,300,1
H/H1030.jpg,H,H,0.9933643341064453,300,1
H/H1035.jpg,H,H,0.9932824373245239,300,1
H/H1038.jpg,H,H,0.9933326840400696,300,1
H/H1041.jpg,H,H,0.9933215975761414,300,1
H/H1045.jpg,H,H,0.9932819604873657,300,1
H/H1048.jpg,H,H,0.9933117628097534,300,1
H/H1049.jpg,H,H,0.9932793974876404,300,1
H/H1062.jpg,H,H,0.9932095408439636,300,1
H/H1065.jpg,H,H,0.9932647943496704,300,1
H/H108.jpg,H,H,0.993366539478302,300,1
H/H1085.jpg,H,H,0.9932880997657776,300,1
H/H1090.jpg,H,H,0.9931578040122986,300,1
H/H1091.jpg,H,H,0.9932097792625427,300,1
H/H1096.jpg,H,H,0.9930413961410522,300,1
H/H1103.jpg,H,H,0.993188738822937,300,1
H/H1109.jpg,H,H,0.9932824373245239,300,1
H/H1112.jpg,H,H,0.9930738210678101,300,1
H/H1118.jpg,H,H,0.9931172132492065,300,1
H/H1119.jpg,H,H,0.9930846691131592,300,1
H/H1135.jpg,H,H,0.9931638836860657,300,1
H/H1136.jpg,H,H,0.9932093024253845,300,1
H/H114.jpg,H,H,0.9933308959007263,300,1
H/H1145.jpg,H,H,0.9932423233985901,300,1
H/H1146.jpg,H,H,0.9933179616928101,300,1
H/H1148.jpg,H,H,0.9932895302772522,300,1
H/H1153.jpg,H,H,0.9931042790412903,300,1
H/H1154.jpg,H,H,0.9932297468185425,300,1
H/H1155.jpg,H,H,0.9932316541671753,300,1
H/H1159.jpg,H,H,0.9931610822677612,300,1
H/H116.jpg,H,H,0.9933649301528931,300,1
H/H1160.jpg,H,H,0.9932097792625427,300,1
H/H1164.jpg,H,H,0.9932667016983032,300,1
H/H1167.jpg,H,H,0.9932695031166077,300,1
H/H1173.jpg,H,H,0.9933828115463257,300,1
H/H1174.jpg,H,H,0.9933648109436035,300,1
H/H1176.jpg,H,H,0.9933769106864929,300,1
H/H1177.jpg,H,H,0.9934123158454895,300,1
H/H1180.jpg,H,H,0.9935135245323181,300,1
H/H1188.jpg,H,H,0.9934077262878418,300,1
H/H1192.jpg,H,H,0.9934762120246887,300,1
H/H120.jpg,H,H,0.9933029413223267,300,1
H/H1203.jpg,H,H,0.9931493401527405,300,1
H/H1204.jpg,H,H,0.9931423664093018,300,1
H/H121.jpg,H,H,0.9933193922042847,300,1
H/H1219.jpg,H,H,0.9933458566665649,300,1
H/H122.jpg,H,H,0.9933207035064697,300,1
H/H1220.jpg,H,H,0.9932396411895752,300,1
H/H1221.jpg,H,H,0.9931981563568115,300,1
H/H1224.jpg,H,H,0.9932209253311157,300,1
H/H123.jpg,H,H,0.9933544397354126,300,1
H/H1230.jpg,H,H,0.9931871891021729,300,1
H/H1231.jpg,H,H,0.9931851029396057,300,1
H/H1247.jpg,H,H,0.9932835102081299,300,1
H/H1255.jpg,H,H,0.9932776093482971,300,1
H/H1257.jpg,H,H,0.9932793974876404,300,1
H/H1258.jpg,H,H,0.9932312965393066,300,1
H/H1262.jpg,H,H,0.9933957457542419,300,1
H/H1263.jpg,H,H,0.9934561848640442,300,1
H/H1266.jpg,H,H,0.9934841990470886,300,1
H/H1268.jpg,H,H,0.9934936165809631,300,1
H/H1282.jpg,H,H,0.993314802646637,300,1
H/H1283.jpg,H,H,0.9932706952095032,300,1
H/H1293.jpg,H,H,0.9932131767272949,300,1
H/H1294.jpg,H,H,0.993240475654602,300,1
H/H13.jpg,H,H,0.9932791590690613,300,1
H/H130.jpg,H,H,0.9932496547698975,300,1
H/H1308.jpg,H,H,0.9932016730308533,300,1
H/H131.jpg,H,H,0.9932604432106018,300,1
H/H1310.jpg,H,H,0.9931719303131104,300,1
H/H1320.jpg,H,H,0.9931695461273193,300,1
H/H1324.jpg,H,H,0.993217408657074,300,1
H/H1338.jpg,H,H,0.9931535720825195,300,1
H/H1339.jpg,H,H,0.9930720925331116,300,1
H/H1343.jpg,H,H,0.993026614189148,300,1
H/H1359.jpg,H,H,0.993298351764679,300,1
H/H1363.jpg,H,H,0.9932255148887634,300,1
H/H1372.jpg,H,H,0.99320387840271,300,1
H/H1376.jpg,H,H,0.9932208061218262,300,1
H/H1386.jpg,H,H,0.9931864738464355,300,1
H/H1390.jpg,H,H,0.9932277798652649,300,1
H/H1391.jpg,H,H,0.9932183623313904,300,1
H/H1395.jpg,H,H,0.9932340979576111,300,1
H/H1399.jpg,H,H,0.9932954907417297,300,1
H/H1402.jpg,H,H,0.9932156205177307,300,1
H/H1408.jpg,H,H,0.9932007193565369,300,1
H/H1410.jpg,H,H,0.9931719303131104,300,1
H/H1412.jpg,H,H,0.9931542873382568,300,1
H/H1434.jpg,H,H,0.9932760000228882,300,1
H/H1435.jpg,H,H,0.9932647943496704,300,1
H/H144.jpg,H,H,0.9932466745376587,300,1
H/H1441.jpg,H,H,0.9932519793510437,300,1
H/H1449.jpg,H,H,0.9931299090385437,300,1
H/H1470.jpg,H,H,0.9932498931884766,300,1
H/H1478.jpg,H,H,0.9931724667549133,300,1
H/H1481.jpg,H,H,0.9931933283805847,300,1
H/H1488.jpg,H,H,0.9930422306060791,300,1
H/H1490.jpg,H,H,0.9930347204208374,300,1
H/H1496.jpg,H,H,0.9929526448249817,300,1
H/H1505.jpg,H,H,0.9930242300033569,300,1
H/H1506.jpg,H,H,0.9929943680763245,300,1
H/H1517.jpg,H,H,0.9929931163787842,300,1
H/H1518.jpg,H,H,0.9930558800697327,300,1
H/H1519.jpg,H,H,0.993087112903595,300,1
H/H1520.jpg,H,H,0.9930798411369324,300,1
H/H1521.jpg,H,H,0.993083119392395,300,1
H/H1539.jpg,H,H,0.9932783246040344,300,1
H/H1541.jpg,H,H,0.9932095408439636,300,1
H/H1551.jpg,H,H,0.993357241153717,300,1
H/H1553.jpg,H,H,0.9932712912559509,300,1
H/H1554.jpg,H,H,0.9932899475097656,300,1
H/H1568.jpg,H,H,0.993358314037323,300,1
H/H1572.jpg,H,H,0.9932684302330017,300,1
H/H1582.jpg,H,H,0.9932968020439148,300,1
H/H1585.jpg,H,H,0.9933439493179321,300,1
H/H159.jpg,H,H,0.9932403564453125,300,1
H/H1600.jpg,H,H,0.9934017062187195,300,1
H/H1601.jpg,H,H,0.9933642148971558,300,1
H/H1602.jpg,H,H,0.9933439493179321,300,1
H/H1608.jpg,H,H,0.9933486580848694,300,1
H/H161.jpg,H,H,0.9932560920715332,300,1
H/H1611.jpg,H,H,0.9932987093925476,300,1
H/H1615.jpg,H,H,0.9933403134346008,300,1
H/H1622.jpg,H,H,0.9933162331581116,300,1
H/H163.jpg,H,H,0.9932998418807983,300,1
H/H1632.jpg,H,H,0.9933512806892395,300,1
H/H1633.jpg,H,H,0.9932865500450134,300,1
H/H1637.jpg,H,H,0.9932670593261719,300,1
H/H1642.jpg,H,H,0.993137001991272,300,1
H/H1644.jpg,H,H,0.9931756854057312,300,1
H/H1647.jpg,H,H,0.9932016730308533,300,1
H/H1650.jpg,H,H,0.9932457804679871,300,1
H/H1652.jpg,H,H,0.9932968020439148,300,1
H/H1653.jpg,H,H,0.9932153224945068,300,1
H/H1656.jpg,H,H,0.9933415055274963,300,1
H/H1658.jpg,H,H,0.9933119416236877,300,1
H/H1665.jpg,H,H,0.9932551383972168,300,1
H/H1675.jpg,H,H,0.9932674169540405,300,1
H/H1676.jpg,H,H,0.9932476282119751,300,1
H/H1683.jpg,H,H,0.9932494163513184,300,1
H/H169.jpg,H,H,0.993296205997467,300,1
H/H1697.jpg,H,H,0.9933142066001892,300,1
H/H1700.jpg,H,H,0.9933316111564636,300,1
H/H1710.jpg,H,H,0.993277370929718,300,1
H/H1717.jpg,H,H,0.9933003187179565,300,1
H/H1726.jpg,H,H,0.9932795166969299,300,1
H/H1727.jpg,H,H,0.9932275414466858,300,1
H/H1730.jpg,H,H,0.9932608008384705,300,1
H/H1734.jpg,H,H,0.9932829141616821,300,1
H/H1740.jpg,H,H,0.9932271838188171,300,1
H/H1742.jpg,H,H,0.9930023550987244,300,1
H/H1744.jpg,H,H,0.9929707646369934,300,1
H/H1747.jpg,H,H,0.9929388761520386,300,1
H/H1754.jpg,H,H,0.9929038882255554,300,1
H/H1758.jpg,H,H,0.9929794669151306,300,1
H/H1759.jpg,H,H,0.9929947257041931,300,1
H/H176.jpg,H,H,0.9932184815406799,300,1
H/H1762.jpg,H,H,0.9930481314659119,300,1
H/H1764.jpg,H,H,0.9929527640342712,300,1
H/H1772.jpg,H,H,0.9929561614990234,300,1
H/H1776.jpg,H,H,0.9930474162101746,300,1
H/H1777.jpg,H,H,0.993051290512085,300,1
H/H1779.jpg,H,H,0.9930394291877747,300,1
H/H1790.jpg,H,H,0.9930370450019836,300,1
H/H1796.jpg,H,H,0.9930563569068909,300,1
H/H1804.jpg,H,H,0.9928795695304871,300,1
H/H1810.jpg,H,H,0.9929317235946655,300,1
H/H182.jpg,H,H,0.9932593703269958,300,1
H/H1840.jpg,H,H,0.9929583072662354,300,1
H/H1843.jpg,H,H,0.9929803013801575,300,1
H/H1845.jpg,H,H,0.993020236492157,300,1
H/H1850.jpg,H,H,0.9929157495498657,300,1
H/H1852.jpg,H,H,0.9929009675979614,300,1
H/H1856.jpg,H,H,0.9929889440536499,300,1
H/H1857.jpg,H,H,0.9929115176200867,300,1
H/H1861.jpg,H,H,0.9929654598236084,300,1
H/H1863.jpg,H,H,0.9928939938545227,300,1
H/H1865.jpg,H,H,0.9928948283195496,300,1
H/H187.jpg,H,H,0.9932563304901123,300,1
H/H1873.jpg,H,H,0.9928684830665588,300,1
H/H188.jpg,H,H,0.9932428002357483,300,1
H/H1881.jpg,H,H,0.9929682612419128,300,1
H/H1882.jpg,H,H,0.9928654432296753,300,1
H/H1886.jpg,H,H,0.9929312467575073,300,1
H/H1887.jpg,H,H,0.9929376244544983,300,1
H/H1888.jpg,H,H,0.9929528832435608,300,1
H/H1889.jpg,H,H,0.9929210543632507,300,1
H/H189.jpg,H,H,0.993277370929718,300,1
H/H1890.jpg,H,H,0.9929432272911072,300,1
H/H1891.jpg,H,H,0.9929112792015076,300,1
H/H1892.jpg,H,H,0.9928816556930542,300,1
H/H1895.jpg,H,H,0.9928431510925293,300,1
H/H1896.jpg,H,H,0.992845356464386,300,1
H/H19.jpg,H,H,0.9932478666305542,300,1
H/H1906.jpg,H,H,0.9929094314575195,300,1
H/H1909.jpg,H,H,0.9929057359695435,300,1
H/H191.jpg,H,H,0.9932851791381836,300,1
H/H1911.jpg,H,H,0.99284827709198,300,1
H/H1919.jpg,H,H,0.9929230213165283,300,1
H/H1923.jpg,H,H,0.992972731590271,300,1
H/H1936.jpg,H,H,0.9930543303489685,300,1
H/H1944.jpg,H,H,0.9927247762680054,300,1
H/H1945.jpg,H,H,0.9927101135253906,300,1
H/H1946.jpg,H,H,0.9927340745925903,300,1
H/H1955.jpg,H,H,0.9926186203956604,300,1
H/H196.jpg,H,H,0.9933242201805115,300,1
H/H1960.jpg,H,H,0.9927752017974854,300,1
H/H1961.jpg,H,H,0.9927504062652588,300,1
H/H1967.jpg,H,H,0.9928111433982849,300,1
H/H1972.jpg,H,H,0.9926972985267639,300,1
H/H1974.jpg,H,H,0.9925013184547424,300,1
H/H1981.jpg,H,H,0.9925307631492615,300,1
H/H1982.jpg,H,H,0.9926702976226807,300,1
H/H1988.jpg,H,H,0.992860734462738,300,1
H/H199.jpg,H,H,0.9934139847755432,300,1
H/H1990.jpg,H,H,0.9929147958755493,300,1
H/H1991.jpg,H,H,0.9929470419883728,300,1
H/H1994.jpg,H,H,0.9928873181343079,300,1
H/H1999.jpg,H,H,0.9929066896438599,300,1
H/H2013.jpg,H,H,0.9934031367301941,300,1
H/H2016.jpg,H,H,0.9933972358703613,300,1
H/H2017.jpg,H,H,0.9933670163154602,300,1
H/H2026.jpg,H,H,0.9934926629066467,300,1
H/H2032.jpg,H,H,0.9935309290885925,300,1
H/H2035.jpg,H,H,0.9935317635536194,300,1
H/H2039.jpg,H,H,0.9935318231582642,300,1
H/H2041.jpg,H,H,0.9934908747673035,300,1
H/H2043.jpg,H,H,0.9935173988342285,300,1
H/H2044.jpg,H,H,0.9935349225997925,300,1
H/H2046.jpg,H,H,0.9935104250907898,300,1
H/H2051.jpg,H,H,0.9935144186019897,300,1
H/H2052.jpg,H,H,0.9935250282287598,300,1
H/H2053.jpg,H,H,0.9935197234153748,300,1
H/H2054.jpg,H,H,0.9935279488563538,300,1
H/H2059.jpg,H,H,0.9934079647064209,300,1
H/H2063.jpg,H,H,0.9933534860610962,300,1
H/H2064.jpg,H,H,0.9933905601501465,300,1
H/H2065.jpg,H,H,0.9933527708053589,300,1
H/H2075.jpg,H,H,0.9934037327766418,300,1
H/H2076.jpg,H,H,0.9933844208717346,300,1
H/H2077.jpg,H,H,0.9934242963790894,300,1
H/H2085.jpg,H,H,0.9934892654418945,300,1
H/H2089.jpg,H,H,0.9935060739517212,300,1
H/H2091.jpg,H,H,0.9934816360473633,300,1
H/H2101.jpg,H,H,0.9934412240982056,300,1
H/H2128.jpg,H,H,0.9933788776397705,300,1
H/H2135.jpg,H,H,0.9936403632164001,300,1
H/H2136.jpg,H,H,0.9935559630393982,300,1
H/H2144.jpg,H,H,0.9936425685882568,300,1
H/H2149.jpg,H,H,0.9935396313667297,300,1
H/H2151.jpg,H,H,0.9935065507888794,300,1
H/H2162.jpg,H,H,0.993614137172699,300,1
H/H2168.jpg,H,H,0.9936220049858093,300,1
H/H217.jpg,H,H,0.9931626319885254,300,1
H/H2171.jpg,H,H,0.9936172962188721,300,1
H/H2173.jpg,H,H,0.9935864806175232,300,1
H/H2177.jpg,H,H,0.9935988187789917,300,1
H/H2187.jpg,H,H,0.9935644268989563,300,1
H/H2192.jpg,H,H,0.9935877323150635,300,1
H/H2194.jpg,H,H,0.9936915636062622,300,1
H/H2196.jpg,H,H,0.9936002492904663,300,1
H/H2199.jpg,H,H,0.9936447143554688,300,1
H/H22.jpg,H,H,0.9932985901832581,300,1
H/H2200.jpg,H,H,0.993586003780365,300,1
H/H2205.jpg,H,H,0.9936745166778564,300,1
H/H2206.jpg,H,H,0.9936501383781433,300,1
H/H2218.jpg,H,H,0.9936619997024536,300,1
H/H2220.jpg,H,H,0.9935998916625977,300,1
H/H2230.jpg,H,H,0.9935490489006042,300,1
H/H2237.jpg,H,H,0.9935147762298584,300,1
H/H2240.jpg,H,H,0.9934872388839722,300,1
H/H2245.jpg,H,H,0.9934852719306946,300,1
H/H2249.jpg,H,H,0.9935053586959839,300,1
H/H2251.jpg,H,H,0.9935518503189087,300,1
H/H226.jpg,H,H,0.9933009147644043,300,1
H/H2262.jpg,H,H,0.993627667427063,300,1
H/H2266.jpg,H,H,0.993687093257904,300,1
H/H2282.jpg,H,H,0.9935964345932007,300,1
H/H2286.jpg,H,H,0.9935824275016785,300,1
H/H2289.jpg,H,H,0.9935959577560425,300,1
H/H2290.jpg,H,H,0.9935623407363892,300,1
H/H2293.jpg,H,H,0.99354088306427,300,1
H/H23.jpg,H,H,0.9933134913444519,300,1
H/H2300.jpg,H,H,0.9935615062713623,300,1
H/H2301.jpg,H,H,0.9935935139656067,300,1
H/H2302.jpg,H,H,0.9935929179191589,300,1
H/H2303.jpg,H,H,0.9936140179634094,300,1
H/H2304.jpg,H,H,0.9936040043830872,300,1
H/H2309.jpg,H,H,0.9935600757598877,300,1
H/H231.jpg,H,H,0.9933376312255859,300,1
H/H2312.jpg,H,H,0.9934792518615723,300,1
H/H2314.jpg,H,H,0.993501603603363,300,1
H/H2315.jpg,H,H,0.9935082197189331,300,1
H/H2317.jpg,H,H,0.9934519529342651,300,1
H/H2327.jpg,H,H,0.9933920502662659,300,1
H/H2331.jpg,H,H,0.9933294057846069,300,1
H/H2349.jpg,H,H,0.9933352470397949,300,1
H/H2351.jpg,H,H,0.9933679699897766,300,1
H/H2354.jpg,H,H,0.9933896064758301,300,1
H/H2355.jpg,H,H,0.9934119582176208,300,1
H/H2360.jpg,H,H,0.9932776093482971,300,1
H/H2362.jpg,H,H,0.9932485818862915,300,1
H/H2366.jpg,H,H,0.9933116436004639,300,1
H/H2376.jpg,H,H,0.9934641718864441,300,1
H/H2380.jpg,H,H,0.99338299036026,300,1
H/H2381.jpg,H,H,0.9934171438217163,300,1
H/H2384.jpg,H,H,0.9934353828430176,300,1
H/H2386.jpg,H,H,0.9935089349746704,300,1
H/H2388.jpg,H,H,0.9934879541397095,300,1
H/H2389.jpg,H,H,0.9934849143028259,300,1
H/H2390.jpg,H,H,0.9934466481208801,300,1
H/H2391.jpg,H,H,0.9934424161911011,300,1
H/H2404.jpg,H,H,0.9936738014221191,300,1
H/H2405.jpg,H,H,0.9936570525169373,300,1
H/H2411.jpg,H,H,0.9936648607254028,300,1
H/H2412.jpg,H,H,0.9936726093292236,300,1
H/H2420.jpg,H,H,0.9936361312866211,300,1
H/H2421.jpg,H,H,0.9936056137084961,300,1
H/H2429.jpg,H,H,0.9935663342475891,300,1
H/H2434.jpg,H,H,0.9935718774795532,300,1
H/H2439.jpg,H,H,0.993518054485321,300,1
H/H2442.jpg,H,H,0.9935078620910645,300,1
H/H2450.jpg,H,H,0.9934715032577515,300,1
H/H2452.jpg,H,H,0.9934900999069214,300,1
H/H2457.jpg,H,H,0.9935357570648193,300,1
H/H2459.jpg,H,H,0.9935418367385864,300,1
H/H2460.jpg,H,H,0.9935289025306702,300,1
H/H2466.jpg,H,H,0.9935930371284485,300,1
H/H2468.jpg,H,H,0.9936214089393616,300,1
H/H2469.jpg,H,H,0.9935495257377625,300,1
H/H2470.jpg,H,H,0.9935963153839111,300,1
H/H2477.jpg,H,H,0.9935503005981445,300,1
H/H2478.jpg,H,H,0.9935157299041748,300,1
H/H2479.jpg,H,H,0.993507981300354,300,1
H/H248.jpg,H,H,0.9934400916099548,300,1
H/H2483.jpg,H,H,0.9935926795005798,300,1
H/H2496.jpg,H,H,0.9934822916984558,300,1
H/H2499.jpg,H,H,0.993438184261322,300,1
H/H2500.jpg,H,H,0.9934908747673035,300,1
H/H2502.jpg,H,H,0.9934343099594116,300,1
H/H2503.jpg,H,H,0.9934379458427429,300,1
H/H2504.jpg,H,H,0.9934606552124023,300,1
H/H2506.jpg,H,H,0.9934670329093933,300,1
H/H2507.jpg,H,H,0.9934831261634827,300,1
H/H2511.jpg,H,H,0.9935362339019775,300,1
H/H2519.jpg,H,H,0.9934679865837097,300,1
H/H2526.jpg,H,H,0.9933679699897766,300,1
H/H2529.jpg,H,H,0.9933615922927856,300,1
H/H2537.jpg,H,H,0.9933404326438904,300,1
H/H2540.jpg,H,H,0.9935557246208191,300,1
H/H2541.jpg,H,H,0.9935544729232788,300,1
H/H2546.jpg,H,H,0.993537962436676,300,1
H/H2547.jpg,H,H,0.9935309290885925,300,1
H/H2554.jpg,H,H,0.9934739470481873,300,1
H/H2559.jpg,H,H,0.9935116171836853,300,1
H/H2565.jpg,H,H,0.9935330152511597,300,1
H/H2572.jpg,H,H,0.9935256242752075,300,1
H/H2582.jpg,H,H,0.993455708026886,300,1
H/H2586.jpg,H,H,0.9934511184692383,300,1
H/H2588.jpg,H,H,0.9934216141700745,300,1
H/H2598.jpg,H,H,0.9934749007225037,300,1
H/H2604.jpg,H,H,0.9933859705924988,300,1
H/H2615.jpg,H,H,0.9933645725250244,300,1
H/H2626.jpg,H,H,0.9934210181236267,300,1
H/H2631.jpg,H,H,0.9933899641036987,300,1
H/H2642.jpg,H,H,0.9933761954307556,300,1
H/H2643.jpg,H,H,0.9933909177780151,300,1
H/H2679.jpg,H,H,0.9932443499565125,300,1
H/H2680.jpg,H,H,0.9932366013526917,300,1
H/H2687.jpg,H,H,0.9932752847671509,300,1
H/H2698.jpg,H,H,0.9933178424835205,300,1
H/H2699.jpg,H,H,0.9933667778968811,300,1
H/H2700.jpg,H,H,0.993378758430481,300,1
H/H2707.jpg,H,H,0.993349015712738,300,1
H/H2719.jpg,H,H,0.9933469295501709,300,1
H/H2723.jpg,H,H,0.9932742118835449,300,1
H/H2734.jpg,H,H,0.9932328462600708,300,1
H/H2739.jpg,H,H,0.9932112693786621,300,1
H/H2740.jpg,H,H,0.9932025074958801,300,1
H/H2742.jpg,H,H,0.9932076334953308,300,1
H/H2744.jpg,H,H,0.9932295083999634,300,1
H/H2746.jpg,H,H,0.9932228326797485,300,1
H/H2749.jpg,H,H,0.9932237863540649,300,1
H/H2750.jpg,H,H,0.9932002425193787,300,1
H/H2755.jpg,H,H,0.9931981563568115,300,1
H/H276.jpg,H,H,0.9932554960250854,300,1
H/H2767.jpg,H,H,0.9932536482810974,300,1
H/H2769.jpg,H,H,0.9932519793510437,300,1
H/H2775.jpg,H,H,0.9932855367660522,300,1
H/H2777.jpg,H,H,0.993259608745575,300,1
H/H2778.jpg,H,H,0.9932384490966797,300,1
H/H2779.jpg,H,H,0.9932112097740173,300,1
H/H2781.jpg,H,H,0.9932752847671509,300,1
H/H2782.jpg,H,H,0.9932570457458496,300,1
H/H2786.jpg,H,H,0.99332594871521,300,1
H/H2792.jpg,H,H,0.9933318495750427,300,1
H/H280.jpg,H,H,0.9933659434318542,300,1
H/H2805.jpg,H,H,0.9933146834373474,300,1
H/H2806.jpg,H,H,0.9933350086212158,300,1
H/H2808.jpg,H,H,0.9933261871337891,300,1
H/H2813.jpg,H,H,0.993359386920929,300,1
H/H2814.jpg,H,H,0.9933299422264099,300,1
H/H2819.jpg,H,H,0.9933839440345764,300,1
H/H2820.jpg,H,H,0.9933571219444275,300,1
H/H2823.jpg,H,H,0.9933706521987915,300,1
H/H2830.jpg,H,H,0.9934644103050232,300,1
H/H2831.jpg,H,H,0.9934284090995789,300,1
H/H2835.jpg,H,H,0.9934331178665161,300,1
H/H2842.jpg,H,H,0.9934087991714478,300,1
H/H2849.jpg,H,H,0.9934535026550293,300,1
H/H2856.jpg,H,H,0.9933533668518066,300,1
H/H2858.jpg,H,H,0.993312656879425,300,1
H/H2862.jpg,H,H,0.993312418460846,300,1
H/H2865.jpg,H,H,0.9933587908744812,300,1
H/H2869.jpg,H,H,0.9933568835258484,300,1
H/H287.jpg,H,H,0.9932431578636169,300,1
H/H2870.jpg,H,H,0.9933345317840576,300,1
H/H2873.jpg,H,H,0.9933130145072937,300,1
H/H2877.jpg,H,H,0.9932618737220764,300,1
H/H2878.jpg,H,H,0.993277370929718,300,1
H/H2885.jpg,H,H,0.9933579564094543,300,1
H/H2887.jpg,H,H,0.9933330416679382,300,1
H/H289.jpg,H,H,0.9931701421737671,300,1
H/H2893.jpg,H,H,0.9933739900588989,300,1
H/H2897.jpg,H,H,0.9932956099510193,300,1
H/H29.jpg,H,H,0.993303120136261,300,1
H/H2906.jpg,H,H,0.9934285283088684,300,1
H/H291.jpg,H,H,0.9931204319000244,300,1
H/H2910.jpg,H,H,0.9934449195861816,300,1
H/H2917.jpg,H,H,0.9934771656990051,300,1
H/H2923.jpg,H,H,0.993485152721405,300,1
H/H2927.jpg,H,H,0.9934676289558411,300,1
H/H2930.jpg,H,H,0.9934213757514954,300,1
H/H2932.jpg,H,H,0.9933817386627197,300,1
H/H294.jpg,H,H,0.9931336641311646,300,1
H/H2947.jpg,H,H,0.993324339389801,300,1
H/H2950.jpg,H,H,0.993287980556488,300,1
H/H2955.jpg,H,H,0.99327152967453,300,1
H/H2963.jpg,H,H,0.9932519793510437,300,1
H/H2964.jpg,H,H,0.9932560920715332,300,1
H/H297.jpg,H,H,0.993110179901123,300,1
H/H2973.jpg,H,H,0.9933322072029114,300,1
H/H2982.jpg,H,H,0.9933967590332031,300,1
H/H2984.jpg,H,H,0.9934318661689758,300,1
H/H2988.jpg,H,H,0.993432879447937,300,1
H/H299.jpg,H,H,0.9930746555328369,300,1
H/H2995.jpg,H,H,0.9934306740760803,300,1
H/H2998.jpg,H,H,0.9934396147727966,300,1
H/H30.jpg,H,H,0.9932599663734436,300,1
H/H301.jpg,H,H,0.9930704236030579,300,1
H/H317.jpg,H,H,0.9929741621017456,300,1
H/H319.jpg,H,H,0.9931116104125977,300,1
H/H32.jpg,H,H,0.9932723641395569,300,1
H/H326.jpg,H,H,0.9930142760276794,300,1
H/H33.jpg,H,H,0.9933173656463623,300,1
H/H330.jpg,H,H,0.9930285811424255,300,1
H/H332.jpg,H,H,0.9929995536804199,300,1
H/H333.jpg,H,H,0.993033766746521,300,1
H/H335.jpg,H,H,0.9930742979049683,300,1
H/H339.jpg,H,H,0.9931040406227112,300,1
H/H341.jpg,H,H,0.993070662021637,300,1
H/H343.jpg,H,H,0.9930199980735779,300,1
H/H350.jpg,H,H,0.993103563785553,300,1
H/H352.jpg,H,H,0.9930735230445862,300,1
H/H353.jpg,H,H,0.9931225180625916,300,1
H/H356.jpg,H,H,0.9931522607803345,300,1
H/H362.jpg,H,H,0.9932448267936707,300,1
H/H367.jpg,H,H,0.993248701095581,300,1
H/H368.jpg,H,H,0.9932698607444763,300,1
H/H372.jpg,H,H,0.9932367205619812,300,1
H/H380.jpg,H,H,0.9932791590690613,300,1
H/H387.jpg,H,H,0.993361234664917,300,1
H/H395.jpg,H,H,0.9932883381843567,300,1
H/H4.jpg,H,H,0.9933968782424927,300,1
H/H403.jpg,H,H,0.9933075308799744,300,1
H/H406.jpg,H,H,0.9932509064674377,300,1
H/H407.jpg,H,H,0.9932857155799866,300,1
H/H410.jpg,H,H,0.9932630658149719,300,1
H/H425.jpg,H,H,0.9931970834732056,300,1
H/H428.jpg,H,H,0.9931755661964417,300,1
H/H441.jpg,H,H,0.9931308627128601,300,1
H/H442.jpg,H,H,0.993133544921875,300,1
H/H448.jpg,H,H,0.9931485056877136,300,1
H/H461.jpg,H,H,0.9932053089141846,300,1
H/H467.jpg,H,H,0.993186354637146,300,1
H/H475.jpg,H,H,0.9931691884994507,300,1
H/H481.jpg,H,H,0.993133544921875,300,1
H/H49.jpg,H,H,0.9933815002441406,300,1
H/H491.jpg,H,H,0.9931550025939941,300,1
H/H493.jpg,H,H,0.9931040406227112,300,1
H/H496.jpg,H,H,0.9931229948997498,300,1
H/H5.jpg,H,H,0.9933512806892395,300,1
H/H501.jpg,H,H,0.9931197166442871,300,1
H/H509.jpg,H,H,0.9929538369178772,300,1
H/H510.jpg,H,H,0.9929723739624023,300,1
H/H522.jpg,H,H,0.9931055903434753,300,1
H/H525.jpg,H,H,0.9932247996330261,300,1
H/H531.jpg,H,H,0.9932830333709717,300,1
H/H532.jpg,H,H,0.9933491349220276,300,1
H/H536.jpg,H,H,0.9932727813720703,300,1
H/H541.jpg,H,H,0.9931480288505554,300,1
H/H55.jpg,H,H,0.99334716796875,300,1
H/H555.jpg,H,H,0.9931081533432007,300,1
H/H558.jpg,H,H,0.9929456114768982,300,1
H/H571.jpg,H,H,0.9933741688728333,300,1
H/H573.jpg,H,H,0.9934231638908386,300,1
H/H581.jpg,H,H,0.9934611320495605,300,1
H/H582.jpg,H,H,0.9934724569320679,300,1
H/H583.jpg,H,H,0.9934519529342651,300,1
H/H585.jpg,H,H,0.9935059547424316,300,1
H/H600.jpg,H,H,0.9935075044631958,300,1
H/H607.jpg,H,H,0.9935377240180969,300,1
H/H608.jpg,H,H,0.9935275912284851,300,1
H/H613.jpg,H,H,0.9934544563293457,300,1
H/H614.jpg,H,H,0.9935024380683899,300,1
H/H616.jpg,H,H,0.9934676289558411,300,1
H/H618.jpg,H,H,0.9934629201889038,300,1
H/H629.jpg,H,H,0.9934499859809875,300,1
H/H640.jpg,H,H,0.9934746623039246,300,1
H/H65.jpg,H,H,0.993291974067688,300,1
H/H650.jpg,H,H,0.9935593605041504,300,1
H/H663.jpg,H,H,0.9935442209243774,300,1
H/H666.jpg,H,H,0.9935654997825623,300,1
H/H673.jpg,H,H,0.993466317653656,300,1
H/H686.jpg,H,H,0.9935338497161865,300,1
H/H687.jpg,H,H,0.9934665560722351,300,1
H/H688.jpg,H,H,0.9935519695281982,300,1
H/H689.jpg,H,H,0.9935088157653809,300,1
H/H691.jpg,H,H,0.9935327768325806,300,1
H/H693.jpg,H,H,0.9935054779052734,300,1
H/H695.jpg,H,H,0.9935116171836853,300,1
H/H703.jpg,H,H,0.9934940934181213,300,1
H/H704.jpg,H,H,0.9934744238853455,300,1
H/H705.jpg,H,H,0.9934443235397339,300,1
H/H716.jpg,H,H,0.9934121966362,300,1
H/H718.jpg,H,H,0.9934404492378235,300,1
H/H723.jpg,H,H,0.9934934973716736,300,1
H/H725.jpg,H,H,0.9934955835342407,300,1
H/H732.jpg,H,H,0.9934833645820618,300,1
H/H740.jpg,H,H,0.9935345649719238,300,1
H/H741.jpg,H,H,0.993533730506897,300,1
H/H742.jpg,H,H,0.9935154914855957,300,1
H/H743.jpg,H,H,0.9935052394866943,300,1
H/H746.jpg,H,H,0.9935073852539062,300,1
H/H749.jpg,H,H,0.993482768535614,300,1
H/H758.jpg,H,H,0.993541955947876,300,1
H/H759.jpg,H,H,0.9935362935066223,300,1
H/H760.jpg,H,H,0.99355548620224,300,1
H/H771.jpg,H,H,0.9935384392738342,300,1
H/H78.jpg,H,H,0.9932212829589844,300,1
H/H787.jpg,H,H,0.9934253692626953,300,1
H/H790.jpg,H,H,0.9934822916984558,300,1
H/H796.jpg,H,H,0.9934689998626709,300,1
H/H806.jpg,H,H,0.9933881759643555,300,1
H/H82.jpg,H,H,0.9933329224586487,300,1
H/H821.jpg,H,H,0.9934237003326416,300,1
H/H825.jpg,H,H,0.9933595061302185,300,1
H/H826.jpg,H,H,0.9934280514717102,300,1
H/H837.jpg,H,H,0.9934456944465637,300,1
H/H843.jpg,H,H,0.9933981895446777,300,1
H/H846.jpg,H,H,0.993412435054779,300,1
H/H847.jpg,H,H,0.9934304356575012,300,1
H/H856.jpg,H,H,0.9934346675872803,300,1
H/H857.jpg,H,H,0.9934309124946594,300,1
H/H858.jpg,H,H,0.9934893846511841,300,1
H/H862.jpg,H,H,0.9934542179107666,300,1
H/H864.jpg,H,H,0.9934203028678894,300,1
H/H869.jpg,H,H,0.9934345483779907,300,1
H/H872.jpg,H,H,0.993435263633728,300,1
H/H878.jpg,H,H,0.9934110045433044,300,1
H/H883.jpg,H,H,0.9933388829231262,300,1
H/H885.jpg,H,H,0.9933323264122009,300,1
H/H888.jpg,H,H,0.9932844638824463,300,1
H/H897.jpg,H,H,0.9933590292930603,300,1
H/H90.jpg,H,H,0.9933606386184692,300,1
H/H907.jpg,H,H,0.9933547973632812,300,1
H/H916.jpg,H,H,0.9933837056159973,300,1
H/H922.jpg,H,H,0.9933485388755798,300,1
H/H926.jpg,H,H,0.9933423399925232,300,1
H/H931.jpg,H,H,0.9933074116706848,300,1
H/H932.jpg,H,H,0.9932656288146973,300,1
H/H934.jpg,H,H,0.9932506680488586,300,1
H/H935.jpg,H,H,0.9932181239128113,300,1
H/H937.jpg,H,H,0.99332594871521,300,1
H/H939.jpg,H,H,0.9933603405952454,300,1
H/H944.jpg,H,H,0.9933902025222778,300,1
H/H946.jpg,H,H,0.9933784604072571,300,1
H/H953.jpg,H,H,0.9934564232826233,300,1
H/H958.jpg,H,H,0.9934224486351013,300,1
H/H96.jpg,H,H,0.9934602975845337,300,1
H/H960.jpg,H,H,0.9934253692626953,300,1
H/H964.jpg,H,H,0.9934359788894653,300,1
H/H980.jpg,H,H,0.9932867884635925,300,1
H/H990.jpg,H,H,0.9933444261550903,300,1
H/H995.jpg,H,H,0.9933708906173706,300,1
I/I10.jpg,I,I,0.9928228855133057,300,1
I/I1016.jpg,I,I,0.9931550621986389,300,1
I/I1019.jpg,I,I,0.9932553768157959,300,1
I/I1033.jpg,I,I,0.9932206869125366,300,1
I/I1038.jpg,I,I,0.99326092004776,300,1
I/I104.jpg,I,I,0.9928978681564331,300,1
I/I1040.jpg,I,I,0.9932331442832947,300,1
I/I1041.jpg,I,I,0.9932722449302673,300,1
I/I1042.jpg,I,I,0.9932608008384705,300,1
I/I1044.jpg,I,I,0.9933342933654785,300,1
I/I1056.jpg,I,I,0.9932643175125122,300,1
I/I1064.jpg,I,I,0.9933604598045349,300,1
I/I107.jpg,I,I,0.9928243160247803,300,1
I/I1070.jpg,I,I,0.9931932091712952,300,1
I/I1072.jpg,I,I,0.9932149648666382,300,1
I/I1073.jpg,I,I,0.9932023882865906,300,1
I/I1074.jpg,I,I,0.993080198764801,300,1
I/I1077.jpg,I,I,0.993253767490387,300,1
I/I1078.jpg,I,I,0.9932186007499695,300,1
I/I1080.jpg,I,I,0.9931684732437134,300,1
I/I1084.jpg,I,I,0.9931675791740417,300,1
I/I1092.jpg,I,I,0.9929229021072388,300,1
I/I1097.jpg,I,I,0.9928116202354431,300,1
I/I1098.jpg,I,I,0.9927878975868225,300,1
I/I11.jpg,I,I,0.9927695393562317,300,1
I/I1103.jpg,I,I,0.9929656982421875,300,1
I/I1106.jpg,I,I,0.9929432272911072,300,1
I/I1111.jpg,I,I,0.9929283261299133,300,1
I/I1114.jpg,I,I,0.9931200742721558,300,1
I/I1128.jpg,I,I,0.9932259917259216,300,1
I/I1130.jpg,I,I,0.9932355284690857,300,1
I/I1137.jpg,I,I,0.9930527806282043,300,1
I/I1138.jpg,I,I,0.9930866360664368,300,1
I/I1140.jpg,I,I,0.9930950999259949,300,1
I/I1141.jpg,I,I,0.9931459426879883,300,1
I/I1146.jpg,I,I,0.993060827255249,300,1
I/I1148.jpg,I,I,0.9929888844490051,300,1
I/I1152.jpg,I,I,0.993024468421936,300,1
I/I1167.jpg,I,I,0.9931482672691345,300,1
I/I1168.jpg,I,I,0.993125319480896,300,1
I/I1171.jpg,I,I,0.9930383563041687,300,1
I/I1174.jpg,I,I,0.9931413531303406,300,1
I/I1181.jpg,I,I,0.9931479096412659,300,1
I/I1183.jpg,I,I,0.9931294322013855,300,1
I/I1187.jpg,I,I,0.9930925369262695,300,1
I/I119.jpg,I,I,0.99290531873703,300,1
I/I1197.jpg,I,I,0.9931754469871521,300,1
I/I1200.jpg,I,I,0.9932552576065063,300,1
I/I1201.jpg,I,I,0.9932204484939575,300,1
I/I1203.jpg,I,I,0.9932926893234253,300,1
I/I1204.jpg,I,I,0.9933353662490845,300,1
I/I1207.jpg,I,I,0.9932725429534912,300,1
I/I1210.jpg,I,I,0.993236243724823,300,1
I/I1219.jpg,I,I,0.9931835532188416,300,1
I/I1222.jpg,I,I,0.9931106567382812,300,1
I/I1224.jpg,I,I,0.993097722530365,300,1
I/I1225.jpg,I,I,0.9931290149688721,300,1
I/I1226.jpg,I,I,0.9931311011314392,300,1
I/I1227.jpg,I,I,0.9931336641311646,300,1
I/I123.jpg,I,I,0.9929009675979614,300,1
I/I1230.jpg,I,I,0.993063747882843,300,1
I/I1238.jpg,I,I,0.9929476976394653,300,1
I/I124.jpg,I,I,0.9928966164588928,300,1
I/I1241.jpg,I,I,0.9931145310401917,300,1
I/I1242.jpg,I,I,0.9931145310401917,300,1
I/I1243.jpg,I,I,0.9930720925331116,300,1
I/I1249.jpg,I,I,0.9930906295776367,300,1
I/I1250.jpg,I,I,0.9931227564811707,300,1
I/I1258.jpg,I,I,0.993120551109314,300,1
I/I126.jpg,I,I,0.9928941130638123,300,1
I/I1261.jpg,I,I,0.9930429458618164,300,1
I/I1262.jpg,I,I,0.9930525422096252,300,1
I/I1265.jpg,I,I,0.9930298924446106,300,1
I/I1266.jpg,I,I,0.9930711388587952,300,1
I/I1270.jpg,I,I,0.9930566549301147,300,1
I/I1277.jpg,I,I,0.9931580424308777,300,1
I/I1278.jpg,I,I,0.9930357336997986,300,1
I/I1280.jpg,I,I,0.9930445551872253,300,1
I/I1288.jpg,I,I,0.9931396842002869,300,1
I/I1299.jpg,I,I,0.9931418299674988,300,1
I/I1303.jpg,I,I,0.9932333827018738,300,1
I/I1306.jpg,I,I,0.9932388067245483,300,1
I/I1312.jpg,I,I,0.9930787682533264,300,1
I/I1315.jpg,I,I,0.9932143688201904,300,1
I/I1318.jpg,I,I,0.9931888580322266,300,1
I/I1319.jpg,I,I,0.9932274222373962,300,1
I/I1324.jpg,I,I,0.9933022260665894,300,1
I/I1333.jpg,I,I,0.9932656288146973,300,1
I/I1334.jpg,I,I,0.9932799935340881,300,1
I/I1336.jpg,I,I,0.993302583694458,300,1
I/I1339.jpg,I,I,0.9933369159698486,300,1
I/I134.jpg,I,I,0.992922306060791,300,1
I/I1340.jpg,I,I,0.9933041930198669,300,1
I/I1342.jpg,I,I,0.9932960867881775,300,1
I/I1343.jpg,I,I,0.99326092004776,300,1
I/I1344.jpg,I,I,0.9932668209075928,300,1
I/I1348.jpg,I,I,0.9931668639183044,300,1
I/I1352.jpg,I,I,0.9932031631469727,300,1
I/I1353.jpg,I,I,0.9931713342666626,300,1
I/I1356.jpg,I,I,0.9931981563568115,300,1
I/I1360.jpg,I,I,0.99284428358078,300,1
I/I1363.jpg,I,I,0.9927324652671814,300,1
I/I1365.jpg,I,I,0.9927231669425964,300,1
I/I1366.jpg,I,I,0.9928037524223328,300,1
I/I1367.jpg,I,I,0.9927942156791687,300,1
I/I1368.jpg,I,I,0.9928035140037537,300,1
I/I1373.jpg,I,I,0.992653489112854,300,1
I/I1384.jpg,I,I,0.9925928711891174,300,1
I/I1388.jpg,I,I,0.9928492307662964,300,1
I/I1389.jpg,I,I,0.9929325580596924,300,1
I/I1396.jpg,I,I,0.9929075241088867,300,1
I/I1398.jpg,I,I,0.9928290247917175,300,1
I/I140.jpg,I,I,0.9928743839263916,300,1
I/I1400.jpg,I,I,0.9930005073547363,300,1
I/I1402.jpg,I,I,0.9931280612945557,300,1
I/I1403.jpg,I,I,0.9930930137634277,300,1
I/I1417.jpg,I,I,0.9931188821792603,300,1
I/I1419.jpg,I,I,0.993035078048706,300,1
I/I1420.jpg,I,I,0.9931040406227112,300,1
I/I1426.jpg,I,I,0.9930398464202881,300,1
I/I1427.jpg,I,I,0.9930258989334106,300,1
I/I1429.jpg,I,I,0.9929506778717041,300,1
I/I1431.jpg,I,I,0.9930440783500671,300,1
I/I1435.jpg,I,I,0.9930232763290405,300,1
I/I1445.jpg,I,I,0.9930428266525269,300,1
I/I145.jpg,I,I,0.9928727149963379,300,1
I/I1456.jpg,I,I,0.9932257533073425,300,1
I/I146.jpg,I,I,0.9929032921791077,300,1
I/I1462.jpg,I,I,0.9931269884109497,300,1
I/I1463.jpg,I,I,0.993126630783081,300,1
I/I1484.jpg,I,I,0.9930524230003357,300,1
I/I1486.jpg,I,I,0.9929690957069397,300,1
I/I1496.jpg,I,I,0.9930279850959778,300,1
I/I1498.jpg,I,I,0.9929677248001099,300,1
I/I1501.jpg,I,I,0.9928983449935913,300,1
I/I1506.jpg,I,I,0.9930471777915955,300,1
I/I152.jpg,I,I,0.9928419589996338,300,1
I/I1522.jpg,I,I,0.9930762052536011,300,1
I/I1536.jpg,I,I,0.9930177927017212,300,1
I/I1537.jpg,I,I,0.9929807186126709,300,1
I/I1545.jpg,I,I,0.9929975271224976,300,1
I/I1551.jpg,I,I,0.993059515953064,300,1
I/I1560.jpg,I,I,0.9930735230445862,300,1
I/I1571.jpg,I,I,0.9932191967964172,300,1
I/I1578.jpg,I,I,0.9930490255355835,300,1
I/I1584.jpg,I,I,0.9931311011314392,300,1
I/I1587.jpg,I,I,0.9930710196495056,300,1
I/I160.jpg,I,I,0.9929982423782349,300,1
I/I1600.jpg,I,I,0.9931601285934448,300,1
I/I1602.jpg,I,I,0.9931949377059937,300,1
I/I1604.jpg,I,I,0.9931793212890625,300,1
I/I1605.jpg,I,I,0.993118405342102,300,1
I/I1610.jpg,I,I,0.9931332468986511,300,1
I/I1612.jpg,I,I,0.9932069182395935,300,1
I/I162.jpg,I,I,0.9930934906005859,300,1
I/I1620.jpg,I,I,0.9932994842529297,300,1
I/I1624.jpg,I,I,0.993226945400238,300,1
I/I1629.jpg,I,I,0.9932778477668762,300,1
I/I1635.jpg,I,I,0.9932399988174438,300,1
I/I1640.jpg,I,I,0.9932425618171692,300,1
I/I1643.jpg,I,I,0.9930932521820068,300,1
I/I1645.jpg,I,I,0.9932679533958435,300,1
I/I1646.jpg,I,I,0.9933146834373474,300,1
I/I1652.jpg,I,I,0.9932336211204529,300,1
I/I1653.jpg,I,I,0.9932477474212646,300,1
I/I1654.jpg,I,I,0.9932358860969543,300,1
I/I1660.jpg,I,I,0.9932233095169067,300,1
I/I1676.jpg,I,I,0.9931331276893616,300,1
I/I1677.jpg,I,I,0.9931609630584717,300,1
I/I1686.jpg,I,I,0.9932014346122742,300,1
I/I1692.jpg,I,I,0.9932108521461487,300,1
I/I1702.jpg,I,I,0.9932293891906738,300,1
I/I1704.jpg,I,I,0.9932049512863159,300,1
I/I171.jpg,I,I,0.9929417371749878,300,1
I/I1712.jpg,I,I,0.993114173412323,300,1
I/I1715.jpg,I,I,0.9931654334068298,300,1
I/I1726.jpg,I,I,0.993186354637146,300,1
I/I1734.jpg,I,I,0.9932855367660522,300,1
I/I1740.jpg,I,I,0.9934393763542175,300,1
I/I1741.jpg,I,I,0.9934197068214417,300,1
I/I1746.jpg,I,I,0.9934753775596619,300,1
I/I1752.jpg,I,I,0.9932880997657776,300,1
I/I1753.jpg,I,I,0.9932886958122253,300,1
I/I1758.jpg,I,I,0.9932569265365601,300,1
I/I1766.jpg,I,I,0.9932247996330261,300,1
I/I1770.jpg,I,I,0.9932760000228882,300,1
I/I1772.jpg,I,I,0.9932177662849426,300,1
I/I1774.jpg,I,I,0.9932218790054321,300,1
I/I1786.jpg,I,I,0.9931667447090149,300,1
I/I1791.jpg,I,I,0.9932599663734436,300,1
I/I1792.jpg,I,I,0.9932186007499695,300,1
I/I1796.jpg,I,I,0.9931951761245728,300,1
I/I1811.jpg,I,I,0.993359386920929,300,1
I/I1813.jpg,I,I,0.993301272392273,300,1
I/I1817.jpg,I,I,0.9933351278305054,300,1
I/I1825.jpg,I,I,0.9932917356491089,300,1
I/I1826.jpg,I,I,0.9932750463485718,300,1
I/I1827.jpg,I,I,0.9931807518005371,300,1
I/I1830.jpg,I,I,0.9932389259338379,300,1
I/I1831.jpg,I,I,0.9931561350822449,300,1
I/I1832.jpg,I,I,0.9931941032409668,300,1
I/I1834.jpg,I,I,0.9931254386901855,300,1
I/I1841.jpg,I,I,0.9932700991630554,300,1
I/I1843.jpg,I,I,0.9932529330253601,300,1
I/I1844.jpg,I,I,0.993286669254303,300,1
I/I1846.jpg,I,I,0.9932162165641785,300,1
I/I1847.jpg,I,I,0.9932803511619568,300,1
I/I1854.jpg,I,I,0.993179202079773,300,1
I/I186.jpg,I,I,0.9930261373519897,300,1
I/I1862.jpg,I,I,0.9932138919830322,300,1
I/I1863.jpg,I,I,0.9931548833847046,300,1
I/I1868.jpg,I,I,0.9932810664176941,300,1
I/I187.jpg,I,I,0.9930685758590698,300,1
I/I1886.jpg,I,I,0.9933213591575623,300,1
I/I1894.jpg,I,I,0.9933112859725952,300,1
I/I1896.jpg,I,I,0.9932817220687866,300,1
I/I19.jpg,I,I,0.9928795695304871,300,1
I/I190.jpg,I,I,0.9930612444877625,300,1
I/I1900.jpg,I,I,0.9932924509048462,300,1
I/I1911.jpg,I,I,0.9932734966278076,300,1
I/I1913.jpg,I,I,0.9932592511177063,300,1
I/I1923.jpg,I,I,0.9933528900146484,300,1
I/I1932.jpg,I,I,0.9932714104652405,300,1
I/I1934.jpg,I,I,0.9932951331138611,300,1
I/I1941.jpg,I,I,0.9932714104652405,300,1
I/I195.jpg,I,I,0.9928210377693176,300,1
I/I1950.jpg,I,I,0.9933231472969055,300,1
I/I1959.jpg,I,I,0.99332195520401,300,1
I/I196.jpg,I,I,0.9928818941116333,300,1
I/I1962.jpg,I,I,0.9933022260665894,300,1
I/I1967.jpg,I,I,0.993287980556488,300,1
I/I1975.jpg,I,I,0.9931995272636414,300,1
I/I1993.jpg,I,I,0.9932169318199158,300,1
I/I1996.jpg,I,I,0.9932698607444763,300,1
I/I1997.jpg,I,I,0.9932636022567749,300,1
I/I2001.jpg,I,I,0.9931777715682983,300,1
I/I2005.jpg,I,I,0.9931984543800354,300,1
I/I201.jpg,I,I,0.9928627610206604,300,1
I/I2011.jpg,I,I,0.9931468367576599,300,1
I/I2015.jpg,I,I,0.9929722547531128,300,1
I/I2023.jpg,I,I,0.993083119392395,300,1
I/I2027.jpg,I,I,0.993109941482544,300,1
I/I2030.jpg,I,I,0.9931778907775879,300,1
I/I2036.jpg,I,I,0.9932054281234741,300,1
I/I2040.jpg,I,I,0.9932016730308533,300,1
I/I2041.jpg,I,I,0.9931240677833557,300,1
I/I2053.jpg,I,I,0.9929018616676331,300,1
I/I2055.jpg,I,I,0.9929841756820679,300,1
I/I2058.jpg,I,I,0.9931661486625671,300,1
I/I2059.jpg,I,I,0.9931555390357971,300,1
I/I2061.jpg,I,I,0.9931671023368835,300,1
I/I2070.jpg,I,I,0.9934408068656921,300,1
I/I2072.jpg,I,I,0.9933926463127136,300,1
I/I2074.jpg,I,I,0.9931855201721191,300,1
I/I2077.jpg,I,I,0.9932606816291809,300,1
I/I208.jpg,I,I,0.9928860068321228,300,1
I/I2082.jpg,I,I,0.9932678937911987,300,1
I/I2085.jpg,I,I,0.9931935667991638,300,1
I/I2088.jpg,I,I,0.9932752847671509,300,1
I/I2094.jpg,I,I,0.9931372404098511,300,1
I/I2095.jpg,I,I,0.9931520223617554,300,1
I/I210.jpg,I,I,0.9928478002548218,300,1
I/I2104.jpg,I,I,0.9930970072746277,300,1
I/I2107.jpg,I,I,0.9931372404098511,300,1
I/I2108.jpg,I,I,0.9930906295776367,300,1
I/I2114.jpg,I,I,0.9930712580680847,300,1
I/I2116.jpg,I,I,0.9930318593978882,300,1
I/I2119.jpg,I,I,0.9929571151733398,300,1
I/I2133.jpg,I,I,0.992953360080719,300,1
I/I2136.jpg,I,I,0.9930766820907593,300,1
I/I2170.jpg,I,I,0.9932010769844055,300,1
I/I2172.jpg,I,I,0.9932790398597717,300,1
I/I2177.jpg,I,I,0.9932772517204285,300,1
I/I2178.jpg,I,I,0.9932392835617065,300,1
I/I2180.jpg,I,I,0.9932303428649902,300,1
I/I2190.jpg,I,I,0.9931151270866394,300,1
I/I2201.jpg,I,I,0.9931053519248962,300,1
I/I2203.jpg,I,I,0.993108868598938,300,1
I/I2210.jpg,I,I,0.9932398796081543,300,1
I/I2211.jpg,I,I,0.9931737780570984,300,1
I/I2213.jpg,I,I,0.9930943250656128,300,1
I/I2218.jpg,I,I,0.9930222630500793,300,1
I/I2229.jpg,I,I,0.9930787682533264,300,1
I/I223.jpg,I,I,0.9925844073295593,300,1
I/I2235.jpg,I,I,0.9931057095527649,300,1
I/I2236.jpg,I,I,0.9930457472801208,300,1
I/I2238.jpg,I,I,0.9930633902549744,300,1
I/I2240.jpg,I,I,0.9930930137634277,300,1
I/I2242.jpg,I,I,0.9931024312973022,300,1
I/I2246.jpg,I,I,0.9930978417396545,300,1
I/I225.jpg,I,I,0.9926506876945496,300,1
I/I2250.jpg,I,I,0.9930757284164429,300,1
I/I2252.jpg,I,I,0.9930391907691956,300,1
I/I2256.jpg,I,I,0.9931086301803589,300,1
I/I2257.jpg,I,I,0.9930532574653625,300,1
I/I226.jpg,I,I,0.9926323294639587,300,1
I/I2261.jpg,I,I,0.9931111335754395,300,1
I/I2265.jpg,I,I,0.9931628704071045,300,1
I/I2267.jpg,I,I,0.9931430816650391,300,1
I/I2278.jpg,I,I,0.9930289387702942,300,1
I/I2279.jpg,I,I,0.9931067824363708,300,1
I/I2284.jpg,I,I,0.9930514097213745,300,1
I/I2291.jpg,I,I,0.9930793642997742,300,1
I/I2316.jpg,I,I,0.9932886958122253,300,1
I/I2319.jpg,I,I,0.993243396282196,300,1
I/I2339.jpg,I,I,0.9934031367301941,300,1
I/I2341.jpg,I,I,0.9934251308441162,300,1
I/I2343.jpg,I,I,0.9934160709381104,300,1
I/I2351.jpg,I,I,0.9933357238769531,300,1
I/I2354.jpg,I,I,0.9931938052177429,300,1
I/I2355.jpg,I,I,0.9932877421379089,300,1
I/I2362.jpg,I,I,0.9931554198265076,300,1
I/I2366.jpg,I,I,0.9932044744491577,300,1
I/I2371.jpg,I,I,0.993156373500824,300,1
I/I2373.jpg,I,I,0.9931764006614685,300,1
I/I2377.jpg,I,I,0.993198037147522,300,1
I/I2378.jpg,I,I,0.9932422041893005,300,1
I/I238.jpg,I,I,0.9926220178604126,300,1
I/I2385.jpg,I,I,0.9931742548942566,300,1
I/I2386.jpg,I,I,0.9932413101196289,300,1
I/I2395.jpg,I,I,0.9932551383972168,300,1
I/I2400.jpg,I,I,0.9930416345596313,300,1
I/I2403.jpg,I,I,0.9931199550628662,300,1
I/I2405.jpg,I,I,0.9932011961936951,300,1
I/I2420.jpg,I,I,0.9930906295776367,300,1
I/I2424.jpg,I,I,0.9929941296577454,300,1
I/I2428.jpg,I,I,0.993085503578186,300,1
I/I2442.jpg,I,I,0.9931837916374207,300,1
I/I2454.jpg,I,I,0.9931870698928833,300,1
I/I2459.jpg,I,I,0.9932912588119507,300,1
I/I247.jpg,I,I,0.9926315546035767,300,1
I/I2473.jpg,I,I,0.9931851029396057,300,1
I/I2476.jpg,I,I,0.9930845499038696,300,1
I/I2478.jpg,I,I,0.9932327270507812,300,1
I/I2479.jpg,I,I,0.993235170841217,300,1
I/I2482.jpg,I,I,0.9931514263153076,300,1
I/I2492.jpg,I,I,0.99309241771698,300,1
I/I2494.jpg,I,I,0.9931291341781616,300,1
I/I2506.jpg,I,I,0.9928103685379028,300,1
I/I2514.jpg,I,I,0.9929424524307251,300,1
I/I2520.jpg,I,I,0.9929959177970886,300,1
I/I2531.jpg,I,I,0.9930267333984375,300,1
I/I2532.jpg,I,I,0.9930307269096375,300,1
I/I2535.jpg,I,I,0.9930354952812195,300,1
I/I2538.jpg,I,I,0.9929475784301758,300,1
I/I254.jpg,I,I,0.9927899837493896,300,1
I/I2545.jpg,I,I,0.9929874539375305,300,1
I/I2547.jpg,I,I,0.9930723309516907,300,1
I/I2559.jpg,I,I,0.9931942224502563,300,1
I/I2565.jpg,I,I,0.9931556582450867,300,1
I/I2567.jpg,I,I,0.9931038022041321,300,1
I/I2568.jpg,I,I,0.9931226372718811,300,1
I/I2594.jpg,I,I,0.9930562376976013,300,1
I/I260.jpg,I,I,0.9926732182502747,300,1
I/I2606.jpg,I,I,0.9930264949798584,300,1
I/I2607.jpg,I,I,0.9930222630500793,300,1
I/I2609.jpg,I,I,0.9929470419883728,300,1
I/I2615.jpg,I,I,0.9929816722869873,300,1
I/I2616.jpg,I,I,0.99299156665802,300,1
I/I2622.jpg,I,I,0.9928463101387024,300,1
I/I2623.jpg,I,I,0.992860734462738,300,1
I/I2624.jpg,I,I,0.9929008483886719,300,1
I/I2626.jpg,I,I,0.992877185344696,300,1
I/I2627.jpg,I,I,0.9928547739982605,300,1
I/I2632.jpg,I,I,0.9929089546203613,300,1
I/I2633.jpg,I,I,0.9929742813110352,300,1
I/I2645.jpg,I,I,0.9931521415710449,300,1
I/I2657.jpg,I,I,0.9929097294807434,300,1
I/I2664.jpg,I,I,0.9930632710456848,300,1
I/I2665.jpg,I,I,0.9930649399757385,300,1
I/I2667.jpg,I,I,0.9930667877197266,300,1
I/I2676.jpg,I,I,0.9931077361106873,300,1
I/I2678.jpg,I,I,0.9930700659751892,300,1
I/I2683.jpg,I,I,0.993062436580658,300,1
I/I2689.jpg,I,I,0.993156373500824,300,1
I/I2691.jpg,I,I,0.9931687116622925,300,1
I/I2693.jpg,I,I,0.9931389689445496,300,1
I/I2694.jpg,I,I,0.993187665939331,300,1
I/I2697.jpg,I,I,0.9931768178939819,300,1
I/I2698.jpg,I,I,0.9931638836860657,300,1
I/I2699.jpg,I,I,0.9931992888450623,300,1
I/I270.jpg,I,I,0.9926302433013916,300,1
I/I2702.jpg,I,I,0.9931938052177429,300,1
I/I271.jpg,I,I,0.992749810218811,300,1
I/I2711.jpg,I,I,0.9931432008743286,300,1
I/I2713.jpg,I,I,0.9931288957595825,300,1
I/I2717.jpg,I,I,0.9931398034095764,300,1
I/I272.jpg,I,I,0.9927252531051636,300,1
I/I2722.jpg,I,I,0.993120551109314,300,1
I/I2726.jpg,I,I,0.9930858612060547,300,1
I/I2731.jpg,I,I,0.9930319786071777,300,1
I/I2733.jpg,I,I,0.9930614829063416,300,1
I/I2735.jpg,I,I,0.9929773211479187,300,1
I/I2736.jpg,I,I,0.9930503368377686,300,1
I/I2737.jpg,I,I,0.993032693862915,300,1
I/I2740.jpg,I,I,0.9929993152618408,300,1
I/I2747.jpg,I,I,0.9930364489555359,300,1
I/I2763.jpg,I,I,0.9929990768432617,300,1
I/I2767.jpg,I,I,0.9929718375205994,300,1
I/I2768.jpg,I,I,0.9929637312889099,300,1
I/I2776.jpg,I,I,0.9930378794670105,300,1
I/I2778.jpg,I,I,0.9930285811424255,300,1
I/I2782.jpg,I,I,0.9930112957954407,300,1
I/I279.jpg,I,I,0.9927957653999329,300,1
I/I2791.jpg,I,I,0.9930074214935303,300,1
I/I280.jpg,I,I,0.9927264451980591,300,1
I/I2800.jpg,I,I,0.9930433034896851,300,1
I/I2807.jpg,I,I,0.9930495023727417,300,1
I/I2815.jpg,I,I,0.992987334728241,300,1
I/I2818.jpg,I,I,0.9930030703544617,300,1
I/I2820.jpg,I,I,0.9929956793785095,300,1
I/I2830.jpg,I,I,0.9930059909820557,300,1
I/I2834.jpg,I,I,0.9930716156959534,300,1
I/I2838.jpg,I,I,0.9930539727210999,300,1
I/I2842.jpg,I,I,0.9930235147476196,300,1
I/I2843.jpg,I,I,0.993073582649231,300,1
I/I2844.jpg,I,I,0.9930688142776489,300,1
I/I2853.jpg,I,I,0.9931119680404663,300,1
I/I2858.jpg,I,I,0.9929838180541992,300,1
I/I2860.jpg,I,I,0.9929789900779724,300,1
I/I2870.jpg,I,I,0.993152379989624,300,1
I/I2873.jpg,I,I,0.9931638836860657,300,1
I/I2878.jpg,I,I,0.9930094480514526,300,1
I/I2880.jpg,I,I,0.9930342435836792,300,1
I/I2886.jpg,I,I,0.9929845333099365,300,1
I/I2887.jpg,I,I,0.9929994344711304,300,1
I/I2893.jpg,I,I,0.99293452501297,300,1
I/I29.jpg,I,I,0.9928486347198486,300,1
I/I2903.jpg,I,I,0.9928861260414124,300,1
I/I2908.jpg,I,I,0.9929249286651611,300,1
I/I291.jpg,I,I,0.9928348064422607,300,1
I/I2914.jpg,I,I,0.9929297566413879,300,1
I/I2917.jpg,I,I,0.9929630160331726,300,1
I/I2936.jpg,I,I,0.9930612444877625,300,1
I/I2939.jpg,I,I,0.9931071400642395,300,1
I/I2946.jpg,I,I,0.9930830001831055,300,1
I/I2947.jpg,I,I,0.9931020736694336,300,1
I/I295.jpg,I,I,0.9930470585823059,300,1
I/I2967.jpg,I,I,0.9930912256240845,300,1
I/I2968.jpg,I,I,0.9930961728096008,300,1
I/I2970.jpg,I,I,0.9930942058563232,300,1
I/I2973.jpg,I,I,0.9931200742721558,300,1
I/I2975.jpg,I,I,0.9930830001831055,300,1
I/I2978.jpg,I,I,0.9930751323699951,300,1
I/I2983.jpg,I,I,0.9931411147117615,300,1
I/I2994.jpg,I,I,0.9930821061134338,300,1
I/I2998.jpg,I,I,0.9930811524391174,300,1
I/I30.jpg,I,I,0.992905855178833,300,1
I/I302.jpg,I,I,0.9928706288337708,300,1
I/I304.jpg,I,I,0.9927623867988586,300,1
I/I305.jpg,I,I,0.9927940964698792,300,1
I/I306.jpg,I,I,0.9927754402160645,300,1
I/I31.jpg,I,I,0.992948055267334,300,1
I/I314.jpg,I,I,0.992749035358429,300,1
I/I320.jpg,I,I,0.9927976727485657,300,1
I/I327.jpg,I,I,0.9927030801773071,300,1
I/I331.jpg,I,I,0.9927224516868591,300,1
I/I334.jpg,I,I,0.9926390647888184,300,1
I/I342.jpg,I,I,0.9927264451980591,300,1
I/I346.jpg,I,I,0.9927870631217957,300,1
I/I347.jpg,I,I,0.9927727580070496,300,1
I/I349.jpg,I,I,0.992786705493927,300,1
I/I350.jpg,I,I,0.9927615523338318,300,1
I/I352.jpg,I,I,0.9927391409873962,300,1
I/I353.jpg,I,I,0.9927932024002075,300,1
I/I363.jpg,I,I,0.9927749633789062,300,1
I/I366.jpg,I,I,0.9927167892456055,300,1
I/I37.jpg,I,I,0.9929547905921936,300,1
I/I383.jpg,I,I,0.9928435683250427,300,1
I/I384.jpg,I,I,0.99281245470047,300,1
I/I392.jpg,I,I,0.9929043650627136,300,1
I/I393.jpg,I,I,0.9929768443107605,300,1
I/I396.jpg,I,I,0.9929714798927307,300,1
I/I4.jpg,I,I,0.9928866028785706,300,1
I/I414.jpg,I,I,0.9928263425827026,300,1
I/I419.jpg,I,I,0.9926931858062744,300,1
I/I424.jpg,I,I,0.9926199316978455,300,1
I/I427.jpg,I,I,0.9925652742385864,300,1
I/I430.jpg,I,I,0.9924831986427307,300,1
I/I443.jpg,I,I,0.992693305015564,300,1
I/I446.jpg,I,I,0.9927156567573547,300,1
I/I449.jpg,I,I,0.992717981338501,300,1
I/I454.jpg,I,I,0.9927635788917542,300,1
I/I459.jpg,I,I,0.9930738210678101,300,1
I/I473.jpg,I,I,0.992878258228302,300,1
I/I480.jpg,I,I,0.9928812980651855,300,1
I/I481.jpg,I,I,0.9928263425827026,300,1
I/I482.jpg,I,I,0.9927869439125061,300,1
I/I488.jpg,I,I,0.9928620457649231,300,1
I/I489.jpg,I,I,0.9929265379905701,300,1
I/I490.jpg,I,I,0.9928247928619385,300,1
I/I497.jpg,I,I,0.9927160143852234,300,1
I/I499.jpg,I,I,0.9928187727928162,300,1
I/I503.jpg,I,I,0.9927465319633484,300,1
I/I506.jpg,I,I,0.9927696585655212,300,1
I/I509.jpg,I,I,0.9927799105644226,300,1
I/I511.jpg,I,I,0.992921769618988,300,1
I/I52.jpg,I,I,0.9929372668266296,300,1
I/I535.jpg,I,I,0.9927871823310852,300,1
I/I538.jpg,I,I,0.9927991628646851,300,1
I/I54.jpg,I,I,0.9929619431495667,300,1
I/I542.jpg,I,I,0.9927171468734741,300,1
I/I543.jpg,I,I,0.9927459359169006,300,1
I/I553.jpg,I,I,0.9929713606834412,300,1
I/I555.jpg,I,I,0.992999792098999,300,1
I/I557.jpg,I,I,0.9929840564727783,300,1
I/I56.jpg,I,I,0.9929318428039551,300,1
I/I561.jpg,I,I,0.992901623249054,300,1
I/I565.jpg,I,I,0.9929318428039551,300,1
I/I566.jpg,I,I,0.9928634762763977,300,1
I/I569.jpg,I,I,0.9928136467933655,300,1
I/I570.jpg,I,I,0.9928168058395386,300,1
I/I577.jpg,I,I,0.9929129481315613,300,1
I/I585.jpg,I,I,0.992956280708313,300,1
I/I595.jpg,I,I,0.9929243326187134,300,1
I/I597.jpg,I,I,0.9928992986679077,300,1
I/I615.jpg,I,I,0.9928845167160034,300,1
I/I616.jpg,I,I,0.9928758144378662,300,1
I/I617.jpg,I,I,0.9928045868873596,300,1
I/I640.jpg,I,I,0.9930899739265442,300,1
I/I643.jpg,I,I,0.9930227994918823,300,1
I/I648.jpg,I,I,0.9931240677833557,300,1
I/I649.jpg,I,I,0.9930629134178162,300,1
I/I659.jpg,I,I,0.9930052161216736,300,1
I/I66.jpg,I,I,0.9929866194725037,300,1
I/I660.jpg,I,I,0.9930143356323242,300,1
I/I663.jpg,I,I,0.993012011051178,300,1
I/I664.jpg,I,I,0.9929426908493042,300,1
I/I665.jpg,I,I,0.9930388331413269,300,1
I/I666.jpg,I,I,0.9930046200752258,300,1
I/I677.jpg,I,I,0.9930599927902222,300,1
I/I680.jpg,I,I,0.9930223822593689,300,1
I/I682.jpg,I,I,0.9931007623672485,300,1
I/I693.jpg,I,I,0.9930171966552734,300,1
I/I694.jpg,I,I,0.9929937720298767,300,1
I/I695.jpg,I,I,0.9930205941200256,300,1
I/I699.jpg,I,I,0.9930425882339478,300,1
I/I70.jpg,I,I,0.992891788482666,300,1
I/I709.jpg,I,I,0.9930249452590942,300,1
I/I71.jpg,I,I,0.9929081201553345,300,1
I/I714.jpg,I,I,0.9929797053337097,300,1
I/I719.jpg,I,I,0.9930713772773743,300,1
I/I723.jpg,I,I,0.9930323362350464,300,1
I/I726.jpg,I,I,0.9930144548416138,300,1
I/I744.jpg,I,I,0.9929623007774353,300,1
I/I75.jpg,I,I,0.9929041266441345,300,1
I/I751.jpg,I,I,0.9929127097129822,300,1
I/I754.jpg,I,I,0.9928677082061768,300,1
I/I758.jpg,I,I,0.9928498268127441,300,1
I/I759.jpg,I,I,0.9928783774375916,300,1
I/I766.jpg,I,I,0.9929103255271912,300,1
I/I77.jpg,I,I,0.9929037690162659,300,1
I/I771.jpg,I,I,0.9930016398429871,300,1
I/I772.jpg,I,I,0.9929749965667725,300,1
I/I773.jpg,I,I,0.9929192662239075,300,1
I/I774.jpg,I,I,0.9929912090301514,300,1
I/I776.jpg,I,I,0.9929474592208862,300,1
I/I783.jpg,I,I,0.9929962754249573,300,1
I/I803.jpg,I,I,0.992921769618988,300,1
I/I804.jpg,I,I,0.9929357171058655,300,1
I/I808.jpg,I,I,0.9929215312004089,300,1
I/I815.jpg,I,I,0.9929460883140564,300,1
I/I816.jpg,I,I,0.9929952025413513,300,1
I/I826.jpg,I,I,0.9930809140205383,300,1
I/I827.jpg,I,I,0.9930508136749268,300,1
I/I829.jpg,I,I,0.9930781722068787,300,1
I/I836.jpg,I,I,0.9930399656295776,300,1
I/I845.jpg,I,I,0.9929798245429993,300,1
I/I852.jpg,I,I,0.9930728077888489,300,1
I/I853.jpg,I,I,0.9930370450019836,300,1
I/I855.jpg,I,I,0.9930058717727661,300,1
I/I86.jpg,I,I,0.9928486347198486,300,1
I/I867.jpg,I,I,0.992979109287262,300,1
I/I872.jpg,I,I,0.9929712414741516,300,1
I/I874.jpg,I,I,0.9930056929588318,300,1
I/I879.jpg,I,I,0.9930111765861511,300,1
I/I881.jpg,I,I,0.9930000305175781,300,1
I/I882.jpg,I,I,0.9929499626159668,300,1
I/I883.jpg,I,I,0.9929560422897339,300,1
I/I889.jpg,I,I,0.9928421974182129,300,1
I/I891.jpg,I,I,0.9928209185600281,300,1
I/I896.jpg,I,I,0.9928537011146545,300,1
I/I899.jpg,I,I,0.9929212927818298,300,1
I/I906.jpg,I,I,0.9929243326187134,300,1
I/I908.jpg,I,I,0.9929438233375549,300,1
I/I913.jpg,I,I,0.9930347204208374,300,1
I/I918.jpg,I,I,0.9930189251899719,300,1
I/I926.jpg,I,I,0.9929530024528503,300,1
I/I929.jpg,I,I,0.9929007291793823,300,1
I/I930.jpg,I,I,0.9929364323616028,300,1
I/I934.jpg,I,I,0.9929990768432617,300,1
I/I938.jpg,I,I,0.9930421113967896,300,1
I/I941.jpg,I,I,0.9930045008659363,300,1
I/I947.jpg,I,I,0.9930320978164673,300,1
I/I956.jpg,I,I,0.9930679798126221,300,1
I/I959.jpg,I,I,0.9929555654525757,300,1
I/I960.jpg,I,I,0.992933988571167,300,1
I/I975.jpg,I,I,0.9929288029670715,300,1
I/I979.jpg,I,I,0.99299156665802,300,1
I/I986.jpg,I,I,0.992964506149292,300,1
J/J1014.jpg,J,J,0.9932328462600708,300,1
J/J1016.jpg,J,J,0.9931517839431763,300,1
J/J1017.jpg,J,J,0.9931842684745789,300,1
J/J1027.jpg,J,J,0.9931541681289673,300,1
J/J103.jpg,J,J,0.9931596517562866,300,1
J/J104.jpg,J,J,0.993129312992096,300,1
J/J1040.jpg,J,J,0.993121325969696,300,1
J/J1053.jpg,J,J,0.9932262301445007,300,1
J/J1057.jpg,J,J,0.9931684732437134,300,1
J/J106.jpg,J,J,0.9931574463844299,300,1
J/J1061.jpg,J,J,0.9931979179382324,300,1
J/J1068.jpg,J,J,0.9931465983390808,300,1
J/J1069.jpg,J,J,0.993131697177887,300,1
J/J1074.jpg,J,J,0.9932819604873657,300,1
J/J1079.jpg,J,J,0.9932002425193787,300,1
J/J1091.jpg,J,J,0.9931476712226868,300,1
J/J1092.jpg,J,J,0.9931546449661255,300,1
J/J1093.jpg,J,J,0.9931982159614563,300,1
J/J1095.jpg,J,J,0.9931704998016357,300,1
J/J1100.jpg,J,J,0.9932110905647278,300,1
J/J1104.jpg,J,J,0.9931868314743042,300,1
J/J1113.jpg,J,J,0.9932057857513428,300,1
J/J112.jpg,J,J,0.9931673407554626,300,1
J/J1122.jpg,J,J,0.9933385252952576,300,1
J/J1123.jpg,J,J,0.9932312965393066,300,1
J/J1126.jpg,J,J,0.9933502078056335,300,1
J/J1137.jpg,J,J,0.9933951497077942,300,1
J/J1142.jpg,J,J,0.9931550025939941,300,1
J/J1143.jpg,J,J,0.9930931329727173,300,1
J/J1146.jpg,J,J,0.9930809140205383,300,1
J/J1151.jpg,J,J,0.9931768178939819,300,1
J/J1153.jpg,J,J,0.9929928779602051,300,1
J/J1155.jpg,J,J,0.9932011961936951,300,1
J/J1157.jpg,J,J,0.9930425882339478,300,1
J/J1167.jpg,J,J,0.9932796359062195,300,1
J/J1168.jpg,J,J,0.9934089183807373,300,1
J/J1171.jpg,J,J,0.9933539628982544,300,1
J/J1179.jpg,J,J,0.9932112097740173,300,1
J/J118.jpg,J,J,0.9932182431221008,300,1
J/J1185.jpg,J,J,0.9932199120521545,300,1
J/J1191.jpg,J,J,0.9932635426521301,300,1
J/J1201.jpg,J,J,0.9932548999786377,300,1
J/J1205.jpg,J,J,0.9932310581207275,300,1
J/J1206.jpg,J,J,0.9932577610015869,300,1
J/J1213.jpg,J,J,0.9932519793510437,300,1
J/J1214.jpg,J,J,0.9932405948638916,300,1
J/J1219.jpg,J,J,0.9933146834373474,300,1
J/J1226.jpg,J,J,0.9931827187538147,300,1
J/J1227.jpg,J,J,0.9932807087898254,300,1
J/J1232.jpg,J,J,0.9932442307472229,300,1
J/J1234.jpg,J,J,0.9932810664176941,300,1
J/J1235.jpg,J,J,0.9931943416595459,300,1
J/J1236.jpg,J,J,0.9932742118835449,300,1
J/J1242.jpg,J,J,0.9932999610900879,300,1
J/J1245.jpg,J,J,0.9932355284690857,300,1
J/J1257.jpg,J,J,0.9931890964508057,300,1
J/J1265.jpg,J,J,0.9933833479881287,300,1
J/J1267.jpg,J,J,0.9933491349220276,300,1
J/J1274.jpg,J,J,0.9933187961578369,300,1
J/J1278.jpg,J,J,0.9934077262878418,300,1
J/J1283.jpg,J,J,0.9932911396026611,300,1
J/J1288.jpg,J,J,0.9932950139045715,300,1
J/J1303.jpg,J,J,0.9932019114494324,300,1
J/J1315.jpg,J,J,0.9933596253395081,300,1
J/J132.jpg,J,J,0.9932958483695984,300,1
J/J1326.jpg,J,J,0.993408203125,300,1
J/J1327.jpg,J,J,0.9933631420135498,300,1
J/J1332.jpg,J,J,0.9934929013252258,300,1
J/J1336.jpg,J,J,0.9935206770896912,300,1
J/J1339.jpg,J,J,0.9934325218200684,300,1
J/J1340.jpg,J,J,0.9933984279632568,300,1
J/J1343.jpg,J,J,0.9934146404266357,300,1
J/J1344.jpg,J,J,0.9934733510017395,300,1
J/J1349.jpg,J,J,0.9936097860336304,300,1
J/J135.jpg,J,J,0.9932340979576111,300,1
J/J1351.jpg,J,J,0.993686854839325,300,1
J/J1356.jpg,J,J,0.9936442375183105,300,1
J/J1358.jpg,J,J,0.9936581254005432,300,1
J/J1362.jpg,J,J,0.9936313033103943,300,1
J/J1366.jpg,J,J,0.9935139417648315,300,1
J/J1375.jpg,J,J,0.9934709072113037,300,1
J/J1376.jpg,J,J,0.9933552742004395,300,1
J/J1378.jpg,J,J,0.9934098124504089,300,1
J/J138.jpg,J,J,0.9932924509048462,300,1
J/J1388.jpg,J,J,0.9934337139129639,300,1
J/J1393.jpg,J,J,0.9934117197990417,300,1
J/J1395.jpg,J,J,0.9934355020523071,300,1
J/J1406.jpg,J,J,0.993309736251831,300,1
J/J1408.jpg,J,J,0.9933207631111145,300,1
J/J1409.jpg,J,J,0.9933184385299683,300,1
J/J1415.jpg,J,J,0.9932641983032227,300,1
J/J1416.jpg,J,J,0.9932078719139099,300,1
J/J1429.jpg,J,J,0.9930357336997986,300,1
J/J1434.jpg,J,J,0.9931873083114624,300,1
J/J1437.jpg,J,J,0.9932258725166321,300,1
J/J1438.jpg,J,J,0.9932155609130859,300,1
J/J1445.jpg,J,J,0.9931902289390564,300,1
J/J1451.jpg,J,J,0.9931924939155579,300,1
J/J1460.jpg,J,J,0.9931536912918091,300,1
J/J1468.jpg,J,J,0.9931033849716187,300,1
J/J1469.jpg,J,J,0.9931198358535767,300,1
J/J1474.jpg,J,J,0.9931407570838928,300,1
J/J1478.jpg,J,J,0.9931713342666626,300,1
J/J1480.jpg,J,J,0.9930827617645264,300,1
J/J1488.jpg,J,J,0.9931272268295288,300,1
J/J1494.jpg,J,J,0.9932182431221008,300,1
J/J1499.jpg,J,J,0.993147075176239,300,1
J/J15.jpg,J,J,0.9933226704597473,300,1
J/J1501.jpg,J,J,0.99320387840271,300,1
J/J1504.jpg,J,J,0.9931718111038208,300,1
J/J1505.jpg,J,J,0.9931476712226868,300,1
J/J1511.jpg,J,J,0.9930874705314636,300,1
J/J152.jpg,J,J,0.9932395219802856,300,1
J/J1525.jpg,J,J,0.9931486248970032,300,1
J/J1527.jpg,J,J,0.9930844306945801,300,1
J/J1528.jpg,J,J,0.9931201934814453,300,1
J/J1532.jpg,J,J,0.9930591583251953,300,1
J/J1539.jpg,J,J,0.9931542873382568,300,1
J/J1556.jpg,J,J,0.9931469559669495,300,1
J/J1557.jpg,J,J,0.99308842420578,300,1
J/J1562.jpg,J,J,0.9931598901748657,300,1
J/J1569.jpg,J,J,0.9930946826934814,300,1
J/J1573.jpg,J,J,0.9931722283363342,300,1
J/J1586.jpg,J,J,0.9930955767631531,300,1
J/J1597.jpg,J,J,0.9931820034980774,300,1
J/J1600.jpg,J,J,0.9930792450904846,300,1
J/J1602.jpg,J,J,0.9931126236915588,300,1
J/J1603.jpg,J,J,0.9931284189224243,300,1
J/J1605.jpg,J,J,0.9931355714797974,300,1
J/J1608.jpg,J,J,0.9931269884109497,300,1
J/J1614.jpg,J,J,0.9930611252784729,300,1
J/J1619.jpg,J,J,0.9930993318557739,300,1
J/J162.jpg,J,J,0.993147075176239,300,1
J/J1638.jpg,J,J,0.993137001991272,300,1
J/J1644.jpg,J,J,0.9931725859642029,300,1
J/J1651.jpg,J,J,0.9931053519248962,300,1
J/J1656.jpg,J,J,0.9932997226715088,300,1
J/J1660.jpg,J,J,0.9930670261383057,300,1
J/J1663.jpg,J,J,0.9931572079658508,300,1
J/J1665.jpg,J,J,0.9931907057762146,300,1
J/J1666.jpg,J,J,0.9932044744491577,300,1
J/J1667.jpg,J,J,0.9932078719139099,300,1
J/J1670.jpg,J,J,0.9931569695472717,300,1
J/J1671.jpg,J,J,0.9931858777999878,300,1
J/J1680.jpg,J,J,0.9932191967964172,300,1
J/J1683.jpg,J,J,0.9931459426879883,300,1
J/J1684.jpg,J,J,0.993108868598938,300,1
J/J1691.jpg,J,J,0.9930404424667358,300,1
J/J1699.jpg,J,J,0.9930710196495056,300,1
J/J170.jpg,J,J,0.9932228326797485,300,1
J/J1711.jpg,J,J,0.9932096600532532,300,1
J/J1713.jpg,J,J,0.9932424426078796,300,1
J/J1727.jpg,J,J,0.9931693077087402,300,1
J/J1730.jpg,J,J,0.9932557344436646,300,1
J/J1731.jpg,J,J,0.9931199550628662,300,1
J/J1734.jpg,J,J,0.9930383563041687,300,1
J/J1738.jpg,J,J,0.9930163621902466,300,1
J/J1739.jpg,J,J,0.9929831027984619,300,1
J/J1743.jpg,J,J,0.9930477738380432,300,1
J/J1744.jpg,J,J,0.9930968880653381,300,1
J/J1751.jpg,J,J,0.9931653141975403,300,1
J/J1753.jpg,J,J,0.9931117296218872,300,1
J/J1756.jpg,J,J,0.993172824382782,300,1
J/J1765.jpg,J,J,0.9931880235671997,300,1
J/J1769.jpg,J,J,0.9931632280349731,300,1
J/J1772.jpg,J,J,0.9933021068572998,300,1
J/J1779.jpg,J,J,0.9931750893592834,300,1
J/J178.jpg,J,J,0.9932010769844055,300,1
J/J1788.jpg,J,J,0.9933226704597473,300,1
J/J179.jpg,J,J,0.9930899739265442,300,1
J/J1790.jpg,J,J,0.9932996034622192,300,1
J/J1794.jpg,J,J,0.9933131337165833,300,1
J/J1796.jpg,J,J,0.9932743310928345,300,1
J/J1797.jpg,J,J,0.9931782484054565,300,1
J/J180.jpg,J,J,0.9931600093841553,300,1
J/J1803.jpg,J,J,0.9929799437522888,300,1
J/J1809.jpg,J,J,0.9930791258811951,300,1
J/J1814.jpg,J,J,0.993104875087738,300,1
J/J1815.jpg,J,J,0.993129551410675,300,1
J/J1821.jpg,J,J,0.9930522441864014,300,1
J/J1823.jpg,J,J,0.9930196404457092,300,1
J/J1834.jpg,J,J,0.9930559992790222,300,1
J/J1836.jpg,J,J,0.9930604696273804,300,1
J/J1839.jpg,J,J,0.99313884973526,300,1
J/J1842.jpg,J,J,0.9931315779685974,300,1
J/J1855.jpg,J,J,0.9931364059448242,300,1
J/J1856.jpg,J,J,0.9931808710098267,300,1
J/J1858.jpg,J,J,0.9931697845458984,300,1
J/J186.jpg,J,J,0.9931188821792603,300,1
J/J1860.jpg,J,J,0.9931743741035461,300,1
J/J1865.jpg,J,J,0.9931718111038208,300,1
J/J1899.jpg,J,J,0.9931501746177673,300,1
J/J1904.jpg,J,J,0.9931392073631287,300,1
J/J1908.jpg,J,J,0.9931799173355103,300,1
J/J1910.jpg,J,J,0.9931273460388184,300,1
J/J1920.jpg,J,J,0.9931889772415161,300,1
J/J1926.jpg,J,J,0.9933039546012878,300,1
J/J1930.jpg,J,J,0.9932149648666382,300,1
J/J1932.jpg,J,J,0.9931714534759521,300,1
J/J1937.jpg,J,J,0.9931788444519043,300,1
J/J1942.jpg,J,J,0.9931448698043823,300,1
J/J1951.jpg,J,J,0.9931631088256836,300,1
J/J1955.jpg,J,J,0.9930533766746521,300,1
J/J1963.jpg,J,J,0.9931938052177429,300,1
J/J1964.jpg,J,J,0.9932026863098145,300,1
J/J1970.jpg,J,J,0.9932095408439636,300,1
J/J1971.jpg,J,J,0.9931499361991882,300,1
J/J1975.jpg,J,J,0.9931483864784241,300,1
J/J1976.jpg,J,J,0.9931041598320007,300,1
J/J1977.jpg,J,J,0.9931676983833313,300,1
J/J1978.jpg,J,J,0.9931918978691101,300,1
J/J1980.jpg,J,J,0.9931694269180298,300,1
J/J1991.jpg,J,J,0.9932212829589844,300,1
J/J1995.jpg,J,J,0.9932113885879517,300,1
J/J2002.jpg,J,J,0.9933711290359497,300,1
J/J2004.jpg,J,J,0.9933085441589355,300,1
J/J2006.jpg,J,J,0.9933403134346008,300,1
J/J2008.jpg,J,J,0.9933619499206543,300,1
J/J2011.jpg,J,J,0.9934326410293579,300,1
J/J2028.jpg,J,J,0.9934089183807373,300,1
J/J2031.jpg,J,J,0.9934937357902527,300,1
J/J204.jpg,J,J,0.9931411147117615,300,1
J/J2043.jpg,J,J,0.9935168027877808,300,1
J/J2045.jpg,J,J,0.9934983253479004,300,1
J/J2049.jpg,J,J,0.9934847950935364,300,1
J/J2056.jpg,J,J,0.9935137033462524,300,1
J/J2064.jpg,J,J,0.9934404492378235,300,1
J/J2066.jpg,J,J,0.9934006929397583,300,1
J/J2070.jpg,J,J,0.9934362173080444,300,1
J/J2074.jpg,J,J,0.9934337139129639,300,1
J/J2079.jpg,J,J,0.9934201836585999,300,1
J/J2091.jpg,J,J,0.9933642148971558,300,1
J/J2092.jpg,J,J,0.9934064149856567,300,1
J/J2099.jpg,J,J,0.993410050868988,300,1
J/J2105.jpg,J,J,0.9933171272277832,300,1
J/J2107.jpg,J,J,0.9933313727378845,300,1
J/J2108.jpg,J,J,0.993417501449585,300,1
J/J2116.jpg,J,J,0.9934301972389221,300,1
J/J2118.jpg,J,J,0.9934718608856201,300,1
J/J2124.jpg,J,J,0.9933423399925232,300,1
J/J2125.jpg,J,J,0.993357241153717,300,1
J/J2130.jpg,J,J,0.9932824373245239,300,1
J/J2135.jpg,J,J,0.9932878613471985,300,1
J/J2139.jpg,J,J,0.9932698607444763,300,1
J/J2159.jpg,J,J,0.9934301972389221,300,1
J/J2167.jpg,J,J,0.993463397026062,300,1
J/J2176.jpg,J,J,0.9934443235397339,300,1
J/J2181.jpg,J,J,0.9934242963790894,300,1
J/J2188.jpg,J,J,0.9934220910072327,300,1
J/J219.jpg,J,J,0.9931027889251709,300,1
J/J2190.jpg,J,J,0.993416428565979,300,1
J/J2192.jpg,J,J,0.9934646487236023,300,1
J/J220.jpg,J,J,0.9931924939155579,300,1
J/J2211.jpg,J,J,0.993308424949646,300,1
J/J2213.jpg,J,J,0.9933852553367615,300,1
J/J2224.jpg,J,J,0.9933367967605591,300,1
J/J2225.jpg,J,J,0.993304431438446,300,1
J/J2227.jpg,J,J,0.9932999610900879,300,1
J/J2233.jpg,J,J,0.9932698607444763,300,1
J/J2241.jpg,J,J,0.9934843182563782,300,1
J/J2242.jpg,J,J,0.9934240579605103,300,1
J/J2243.jpg,J,J,0.99347984790802,300,1
J/J2245.jpg,J,J,0.9934836030006409,300,1
J/J2248.jpg,J,J,0.9934735894203186,300,1
J/J2249.jpg,J,J,0.9934836030006409,300,1
J/J2251.jpg,J,J,0.9934889078140259,300,1
J/J2254.jpg,J,J,0.9934183359146118,300,1
J/J2257.jpg,J,J,0.9934428930282593,300,1
J/J2260.jpg,J,J,0.9934325218200684,300,1
J/J2263.jpg,J,J,0.993432879447937,300,1
J/J2266.jpg,J,J,0.9934065341949463,300,1
J/J227.jpg,J,J,0.9931479096412659,300,1
J/J2270.jpg,J,J,0.9934306740760803,300,1
J/J2274.jpg,J,J,0.9932531714439392,300,1
J/J2276.jpg,J,J,0.9931991696357727,300,1
J/J2277.jpg,J,J,0.9931644797325134,300,1
J/J2282.jpg,J,J,0.9931476712226868,300,1
J/J2286.jpg,J,J,0.9933621883392334,300,1
J/J2288.jpg,J,J,0.9933037161827087,300,1
J/J2294.jpg,J,J,0.9931883811950684,300,1
J/J2295.jpg,J,J,0.9931707382202148,300,1
J/J230.jpg,J,J,0.9932235479354858,300,1
J/J2302.jpg,J,J,0.9934378266334534,300,1
J/J2305.jpg,J,J,0.9933807849884033,300,1
J/J2306.jpg,J,J,0.9934130311012268,300,1
J/J2308.jpg,J,J,0.9933934807777405,300,1
J/J231.jpg,J,J,0.9932182431221008,300,1
J/J2313.jpg,J,J,0.993363618850708,300,1
J/J2314.jpg,J,J,0.9933696985244751,300,1
J/J2316.jpg,J,J,0.9933653473854065,300,1
J/J2317.jpg,J,J,0.9933818578720093,300,1
J/J2321.jpg,J,J,0.9933475852012634,300,1
J/J2322.jpg,J,J,0.9933578372001648,300,1
J/J2324.jpg,J,J,0.9933655858039856,300,1
J/J2326.jpg,J,J,0.9933510422706604,300,1
J/J2328.jpg,J,J,0.9933793544769287,300,1
J/J2332.jpg,J,J,0.9933973550796509,300,1
J/J2344.jpg,J,J,0.9934280514717102,300,1
J/J235.jpg,J,J,0.9931883811950684,300,1
J/J2358.jpg,J,J,0.9933521747589111,300,1
J/J2362.jpg,J,J,0.993339478969574,300,1
J/J2365.jpg,J,J,0.9933050274848938,300,1
J/J2376.jpg,J,J,0.9932241439819336,300,1
J/J2377.jpg,J,J,0.9932551383972168,300,1
J/J2383.jpg,J,J,0.9932969212532043,300,1
J/J2385.jpg,J,J,0.993328332901001,300,1
J/J2405.jpg,J,J,0.9932299852371216,300,1
J/J2409.jpg,J,J,0.9932795166969299,300,1
J/J2414.jpg,J,J,0.9933039546012878,300,1
J/J2419.jpg,J,J,0.9933664202690125,300,1
J/J2421.jpg,J,J,0.9933512806892395,300,1
J/J2422.jpg,J,J,0.9933305382728577,300,1
J/J2426.jpg,J,J,0.9932612776756287,300,1
J/J2429.jpg,J,J,0.9933579564094543,300,1
J/J2433.jpg,J,J,0.9934187531471252,300,1
J/J2439.jpg,J,J,0.9933203458786011,300,1
J/J2444.jpg,J,J,0.9933217167854309,300,1
J/J2449.jpg,J,J,0.9933111667633057,300,1
J/J2452.jpg,J,J,0.9933109283447266,300,1
J/J2453.jpg,J,J,0.9933158755302429,300,1
J/J2454.jpg,J,J,0.9932817220687866,300,1
J/J2455.jpg,J,J,0.9932734966278076,300,1
J/J2464.jpg,J,J,0.9933611154556274,300,1
J/J2467.jpg,J,J,0.9933741688728333,300,1
J/J247.jpg,J,J,0.9932343363761902,300,1
J/J2470.jpg,J,J,0.9933319687843323,300,1
J/J2471.jpg,J,J,0.9933694005012512,300,1
J/J2491.jpg,J,J,0.9935223460197449,300,1
J/J2497.jpg,J,J,0.9934547543525696,300,1
J/J25.jpg,J,J,0.9934085607528687,300,1
J/J2500.jpg,J,J,0.9934667944908142,300,1
J/J2504.jpg,J,J,0.9934786558151245,300,1
J/J2508.jpg,J,J,0.9934386610984802,300,1
J/J2515.jpg,J,J,0.9934822916984558,300,1
J/J2525.jpg,J,J,0.9934606552124023,300,1
J/J2526.jpg,J,J,0.9934393763542175,300,1
J/J2535.jpg,J,J,0.9933850169181824,300,1
J/J2540.jpg,J,J,0.9932532906532288,300,1
J/J2543.jpg,J,J,0.9932143688201904,300,1
J/J2545.jpg,J,J,0.9932176470756531,300,1
J/J2552.jpg,J,J,0.9932592511177063,300,1
J/J2553.jpg,J,J,0.9932854175567627,300,1
J/J2554.jpg,J,J,0.9932413101196289,300,1
J/J2557.jpg,J,J,0.993228018283844,300,1
J/J256.jpg,J,J,0.9932154417037964,300,1
J/J2565.jpg,J,J,0.9932249188423157,300,1
J/J2571.jpg,J,J,0.9932475090026855,300,1
J/J2574.jpg,J,J,0.9932969212532043,300,1
J/J2576.jpg,J,J,0.9932786822319031,300,1
J/J2577.jpg,J,J,0.9933128952980042,300,1
J/J2580.jpg,J,J,0.9932424426078796,300,1
J/J2585.jpg,J,J,0.9933459758758545,300,1
J/J2589.jpg,J,J,0.9932883381843567,300,1
J/J2592.jpg,J,J,0.9933009147644043,300,1
J/J2596.jpg,J,J,0.9933273792266846,300,1
J/J2597.jpg,J,J,0.9933658242225647,300,1
J/J2598.jpg,J,J,0.9933517575263977,300,1
J/J260.jpg,J,J,0.9931869506835938,300,1
J/J2605.jpg,J,J,0.9933342933654785,300,1
J/J2606.jpg,J,J,0.9933213591575623,300,1
J/J261.jpg,J,J,0.9931551814079285,300,1
J/J2613.jpg,J,J,0.9933213591575623,300,1
J/J2615.jpg,J,J,0.99332594871521,300,1
J/J2616.jpg,J,J,0.9933324456214905,300,1
J/J2617.jpg,J,J,0.993324339389801,300,1
J/J262.jpg,J,J,0.993147075176239,300,1
J/J2623.jpg,J,J,0.9932611584663391,300,1
J/J2624.jpg,J,J,0.9932551383972168,300,1
J/J2628.jpg,J,J,0.9932680726051331,300,1
J/J2629.jpg,J,J,0.9932958483695984,300,1
J/J263.jpg,J,J,0.9932453036308289,300,1
J/J2638.jpg,J,J,0.9934165477752686,300,1
J/J2640.jpg,J,J,0.9933961033821106,300,1
J/J2644.jpg,J,J,0.9933019876480103,300,1
J/J2646.jpg,J,J,0.9932799935340881,300,1
J/J2647.jpg,J,J,0.9932789206504822,300,1
J/J2656.jpg,J,J,0.9933850169181824,300,1
J/J2665.jpg,J,J,0.9935444593429565,300,1
J/J2675.jpg,J,J,0.9936119914054871,300,1
J/J2689.jpg,J,J,0.9933643341064453,300,1
J/J2703.jpg,J,J,0.9933717250823975,300,1
J/J2711.jpg,J,J,0.9933890104293823,300,1
J/J2718.jpg,J,J,0.9933678507804871,300,1
J/J272.jpg,J,J,0.9931693077087402,300,1
J/J273.jpg,J,J,0.9931704998016357,300,1
J/J2746.jpg,J,J,0.9933056235313416,300,1
J/J275.jpg,J,J,0.9932209253311157,300,1
J/J276.jpg,J,J,0.9931701421737671,300,1
J/J2760.jpg,J,J,0.9933224320411682,300,1
J/J277.jpg,J,J,0.9932289123535156,300,1
J/J2770.jpg,J,J,0.9933043122291565,300,1
J/J2774.jpg,J,J,0.9932536482810974,300,1
J/J2777.jpg,J,J,0.9931926131248474,300,1
J/J2778.jpg,J,J,0.9932138919830322,300,1
J/J2781.jpg,J,J,0.9931974411010742,300,1
J/J2783.jpg,J,J,0.993219792842865,300,1
J/J2786.jpg,J,J,0.9932202100753784,300,1
J/J2790.jpg,J,J,0.993241548538208,300,1
J/J2794.jpg,J,J,0.993253767490387,300,1
J/J280.jpg,J,J,0.9931479096412659,300,1
J/J2801.jpg,J,J,0.9932184815406799,300,1
J/J2802.jpg,J,J,0.9932379722595215,300,1
J/J2805.jpg,J,J,0.9932587146759033,300,1
J/J2806.jpg,J,J,0.9932657480239868,300,1
J/J2807.jpg,J,J,0.9933027029037476,300,1
J/J2809.jpg,J,J,0.9933428764343262,300,1
J/J2810.jpg,J,J,0.9933152794837952,300,1
J/J2816.jpg,J,J,0.9932888150215149,300,1
J/J2824.jpg,J,J,0.9932371973991394,300,1
J/J2825.jpg,J,J,0.9932356476783752,300,1
J/J2826.jpg,J,J,0.9932998418807983,300,1
J/J2828.jpg,J,J,0.9933217167854309,300,1
J/J2829.jpg,J,J,0.9933102130889893,300,1
J/J2835.jpg,J,J,0.9932544827461243,300,1
J/J2845.jpg,J,J,0.9932889342308044,300,1
J/J2846.jpg,J,J,0.9932771325111389,300,1
J/J2850.jpg,J,J,0.9932951331138611,300,1
J/J2858.jpg,J,J,0.993358314037323,300,1
J/J2867.jpg,J,J,0.9933098554611206,300,1
J/J2869.jpg,J,J,0.9932925701141357,300,1
J/J2874.jpg,J,J,0.9932602047920227,300,1
J/J2881.jpg,J,J,0.9932532906532288,300,1
J/J2887.jpg,J,J,0.9932706952095032,300,1
J/J2901.jpg,J,J,0.9932155609130859,300,1
J/J2902.jpg,J,J,0.993293046951294,300,1
J/J2904.jpg,J,J,0.9933029413223267,300,1
J/J2915.jpg,J,J,0.9933106899261475,300,1
J/J2922.jpg,J,J,0.9933269023895264,300,1
J/J2924.jpg,J,J,0.9932348132133484,300,1
J/J293.jpg,J,J,0.9931392073631287,300,1
J/J2931.jpg,J,J,0.9931439161300659,300,1
J/J2937.jpg,J,J,0.9931620359420776,300,1
J/J2948.jpg,J,J,0.9931934475898743,300,1
J/J295.jpg,J,J,0.9931134581565857,300,1
J/J2959.jpg,J,J,0.9930471777915955,300,1
J/J2965.jpg,J,J,0.9930456280708313,300,1
J/J2971.jpg,J,J,0.9931294322013855,300,1
J/J2976.jpg,J,J,0.9931423664093018,300,1
J/J298.jpg,J,J,0.993180513381958,300,1
J/J2982.jpg,J,J,0.9932015538215637,300,1
J/J313.jpg,J,J,0.9932068586349487,300,1
J/J314.jpg,J,J,0.9932041168212891,300,1
J/J316.jpg,J,J,0.9932445883750916,300,1
J/J32.jpg,J,J,0.993380069732666,300,1
J/J320.jpg,J,J,0.9931139349937439,300,1
J/J323.jpg,J,J,0.9930813908576965,300,1
J/J330.jpg,J,J,0.9931237101554871,300,1
J/J331.jpg,J,J,0.9932054281234741,300,1
J/J337.jpg,J,J,0.9930868744850159,300,1
J/J340.jpg,J,J,0.9930797219276428,300,1
J/J341.jpg,J,J,0.9930845499038696,300,1
J/J343.jpg,J,J,0.993075966835022,300,1
J/J344.jpg,J,J,0.9931492209434509,300,1
J/J35.jpg,J,J,0.993293046951294,300,1
J/J355.jpg,J,J,0.993074893951416,300,1
J/J357.jpg,J,J,0.9931178092956543,300,1
J/J361.jpg,J,J,0.9930722117424011,300,1
J/J362.jpg,J,J,0.9931750893592834,300,1
J/J366.jpg,J,J,0.9932335019111633,300,1
J/J369.jpg,J,J,0.9930716156959534,300,1
J/J37.jpg,J,J,0.9932734966278076,300,1
J/J370.jpg,J,J,0.9931349754333496,300,1
J/J378.jpg,J,J,0.99314945936203,300,1
J/J39.jpg,J,J,0.9933132529258728,300,1
J/J404.jpg,J,J,0.9930918216705322,300,1
J/J405.jpg,J,J,0.9930659532546997,300,1
J/J408.jpg,J,J,0.9930554032325745,300,1
J/J41.jpg,J,J,0.9933660626411438,300,1
J/J410.jpg,J,J,0.9931198358535767,300,1
J/J412.jpg,J,J,0.9930192828178406,300,1
J/J422.jpg,J,J,0.9929667711257935,300,1
J/J428.jpg,J,J,0.9929781556129456,300,1
J/J430.jpg,J,J,0.9930096864700317,300,1
J/J44.jpg,J,J,0.9933920502662659,300,1
J/J442.jpg,J,J,0.9930346012115479,300,1
J/J449.jpg,J,J,0.9931684732437134,300,1
J/J451.jpg,J,J,0.9929975271224976,300,1
J/J453.jpg,J,J,0.9931924939155579,300,1
J/J455.jpg,J,J,0.993089497089386,300,1
J/J459.jpg,J,J,0.9931564927101135,300,1
J/J462.jpg,J,J,0.9931190013885498,300,1
J/J465.jpg,J,J,0.9930741786956787,300,1
J/J467.jpg,J,J,0.9930649399757385,300,1
J/J482.jpg,J,J,0.9931463599205017,300,1
J/J483.jpg,J,J,0.9930422306060791,300,1
J/J486.jpg,J,J,0.9930279850959778,300,1
J/J487.jpg,J,J,0.9929224252700806,300,1
J/J489.jpg,J,J,0.9928004741668701,300,1
J/J495.jpg,J,J,0.9928632378578186,300,1
J/J50.jpg,J,J,0.9933189153671265,300,1
J/J51.jpg,J,J,0.9933428764343262,300,1
J/J523.jpg,J,J,0.9930804371833801,300,1
J/J524.jpg,J,J,0.9930787682533264,300,1
J/J529.jpg,J,J,0.9929989576339722,300,1
J/J531.jpg,J,J,0.9930046200752258,300,1
J/J539.jpg,J,J,0.9930199980735779,300,1
J/J540.jpg,J,J,0.9930495023727417,300,1
J/J551.jpg,J,J,0.9930709004402161,300,1
J/J554.jpg,J,J,0.9929394721984863,300,1
J/J562.jpg,J,J,0.9927725195884705,300,1
J/J563.jpg,J,J,0.992753803730011,300,1
J/J567.jpg,J,J,0.9929423332214355,300,1
J/J571.jpg,J,J,0.992964506149292,300,1
J/J574.jpg,J,J,0.9930009841918945,300,1
J/J575.jpg,J,J,0.9930365681648254,300,1
J/J581.jpg,J,J,0.9931908249855042,300,1
J/J584.jpg,J,J,0.9931800365447998,300,1
J/J589.jpg,J,J,0.9932007193565369,300,1
J/J591.jpg,J,J,0.9932112097740173,300,1
J/J596.jpg,J,J,0.9931835532188416,300,1
J/J6.jpg,J,J,0.9933104515075684,300,1
J/J600.jpg,J,J,0.9930087327957153,300,1
J/J613.jpg,J,J,0.9932606816291809,300,1
J/J616.jpg,J,J,0.9931574463844299,300,1
J/J619.jpg,J,J,0.9933043122291565,300,1
J/J621.jpg,J,J,0.9931746125221252,300,1
J/J629.jpg,J,J,0.9932411909103394,300,1
J/J642.jpg,J,J,0.9930917024612427,300,1
J/J647.jpg,J,J,0.9932591915130615,300,1
J/J65.jpg,J,J,0.9931868314743042,300,1
J/J687.jpg,J,J,0.9930199980735779,300,1
J/J689.jpg,J,J,0.9930148124694824,300,1
J/J690.jpg,J,J,0.9930257797241211,300,1
J/J703.jpg,J,J,0.9930389523506165,300,1
J/J706.jpg,J,J,0.993070662021637,300,1
J/J708.jpg,J,J,0.9930740594863892,300,1
J/J709.jpg,J,J,0.9931280612945557,300,1
J/J710.jpg,J,J,0.9930561184883118,300,1
J/J713.jpg,J,J,0.9930483102798462,300,1
J/J714.jpg,J,J,0.9929859042167664,300,1
J/J715.jpg,J,J,0.9929494857788086,300,1
J/J717.jpg,J,J,0.992933988571167,300,1
J/J718.jpg,J,J,0.9928937554359436,300,1
J/J721.jpg,J,J,0.9930213093757629,300,1
J/J723.jpg,J,J,0.9929319620132446,300,1
J/J746.jpg,J,J,0.9928724765777588,300,1
J/J747.jpg,J,J,0.9928701519966125,300,1
J/J750.jpg,J,J,0.992925763130188,300,1
J/J751.jpg,J,J,0.9929361939430237,300,1
J/J752.jpg,J,J,0.9929038882255554,300,1
J/J754.jpg,J,J,0.993005096912384,300,1
J/J755.jpg,J,J,0.9930410385131836,300,1
J/J777.jpg,J,J,0.9930070638656616,300,1
J/J78.jpg,J,J,0.993175208568573,300,1
J/J791.jpg,J,J,0.9929990768432617,300,1
J/J796.jpg,J,J,0.9930461049079895,300,1
J/J801.jpg,J,J,0.9931952953338623,300,1
J/J812.jpg,J,J,0.9931239485740662,300,1
J/J814.jpg,J,J,0.993176281452179,300,1
J/J815.jpg,J,J,0.993126630783081,300,1
J/J823.jpg,J,J,0.9930804371833801,300,1
J/J824.jpg,J,J,0.9931161999702454,300,1
J/J825.jpg,J,J,0.9931105375289917,300,1
J/J834.jpg,J,J,0.9931691884994507,300,1
J/J835.jpg,J,J,0.9932208061218262,300,1
J/J84.jpg,J,J,0.9932432770729065,300,1
J/J842.jpg,J,J,0.993048906326294,300,1
J/J858.jpg,J,J,0.9930354952812195,300,1
J/J859.jpg,J,J,0.9930108189582825,300,1
J/J860.jpg,J,J,0.9930056929588318,300,1
J/J861.jpg,J,J,0.9929770827293396,300,1
J/J864.jpg,J,J,0.9930263757705688,300,1
J/J867.jpg,J,J,0.9929229021072388,300,1
J/J868.jpg,J,J,0.992950439453125,300,1
J/J869.jpg,J,J,0.9929538369178772,300,1
J/J870.jpg,J,J,0.9930068254470825,300,1
J/J872.jpg,J,J,0.9928818941116333,300,1
J/J873.jpg,J,J,0.992868959903717,300,1
J/J876.jpg,J,J,0.9929295182228088,300,1
J/J878.jpg,J,J,0.9928743839263916,300,1
J/J886.jpg,J,J,0.992856502532959,300,1
J/J888.jpg,J,J,0.9929776787757874,300,1
J/J892.jpg,J,J,0.9929071664810181,300,1
J/J898.jpg,J,J,0.9929662942886353,300,1
J/J901.jpg,J,J,0.9929776787757874,300,1
J/J91.jpg,J,J,0.993178129196167,300,1
J/J914.jpg,J,J,0.9927835464477539,300,1
J/J92.jpg,J,J,0.9931201934814453,300,1
J/J923.jpg,J,J,0.9926222562789917,300,1
J/J927.jpg,J,J,0.9929678440093994,300,1
J/J928.jpg,J,J,0.9928988218307495,300,1
J/J929.jpg,J,J,0.9928881525993347,300,1
J/J93.jpg,J,J,0.9930976033210754,300,1
J/J934.jpg,J,J,0.9928804039955139,300,1
J/J937.jpg,J,J,0.9929322004318237,300,1
J/J938.jpg,J,J,0.9928192496299744,300,1
J/J941.jpg,J,J,0.9929543137550354,300,1
J/J942.jpg,J,J,0.9928612112998962,300,1
J/J95.jpg,J,J,0.993063747882843,300,1
J/J953.jpg,J,J,0.9929937720298767,300,1
J/J960.jpg,J,J,0.9931597709655762,300,1
J/J964.jpg,J,J,0.9932166934013367,300,1
J/J966.jpg,J,J,0.9931118488311768,300,1
J/J968.jpg,J,J,0.993206262588501,300,1
J/J977.jpg,J,J,0.9931065440177917,300,1
J/J979.jpg,J,J,0.993164598941803,300,1
J/J982.jpg,J,J,0.9931843876838684,300,1
J/J985.jpg,J,J,0.9932148456573486,300,1
J/J987.jpg,J,J,0.9929815530776978,300,1
J/J996.jpg,J,J,0.9930205941200256,300,1
K/K1005.jpg,K,K,0.993194580078125,300,1
K/K1008.jpg,K,K,0.9932355284690857,300,1
K/K1010.jpg,K,K,0.9931825995445251,300,1
K/K1011.jpg,K,K,0.9932286739349365,300,1
K/K1013.jpg,K,K,0.9933674931526184,300,1
K/K1019.jpg,K,K,0.9932159781455994,300,1
K/K1024.jpg,K,K,0.9932276606559753,300,1
K/K1031.jpg,K,K,0.9932817220687866,300,1
K/K1034.jpg,K,K,0.9931694269180298,300,1
K/K1035.jpg,K,K,0.9931199550628662,300,1
K/K1040.jpg,K,K,0.9931747317314148,300,1
K/K1041.jpg,K,K,0.9932014346122742,300,1
K/K1055.jpg,K,K,0.9931432008743286,300,1
K/K1060.jpg,K,K,0.9933579564094543,300,1
K/K1066.jpg,K,K,0.9930818676948547,300,1
K/K1067.jpg,K,K,0.9930670261383057,300,1
K/K1072.jpg,K,K,0.993190348148346,300,1
K/K1073.jpg,K,K,0.9932993650436401,300,1
K/K1077.jpg,K,K,0.9932186007499695,300,1
K/K1079.jpg,K,K,0.9931721687316895,300,1
K/K1082.jpg,K,K,0.993220329284668,300,1
K/K1085.jpg,K,K,0.993311882019043,300,1
K/K1093.jpg,K,K,0.9930996894836426,300,1
K/K1096.jpg,K,K,0.9931375980377197,300,1
K/K1099.jpg,K,K,0.9930179119110107,300,1
K/K11.jpg,K,K,0.993202805519104,300,1
K/K110.jpg,K,K,0.9929994344711304,300,1
K/K1104.jpg,K,K,0.9930817484855652,300,1
K/K1105.jpg,K,K,0.9932129383087158,300,1
K/K1107.jpg,K,K,0.9933238625526428,300,1
K/K1108.jpg,K,K,0.9931862354278564,300,1
K/K112.jpg,K,K,0.9930718541145325,300,1
K/K1128.jpg,K,K,0.9930669069290161,300,1
K/K113.jpg,K,K,0.9930838346481323,300,1
K/K1130.jpg,K,K,0.9930974841117859,300,1
K/K1134.jpg,K,K,0.9932008385658264,300,1
K/K1137.jpg,K,K,0.9931489825248718,300,1
K/K1143.jpg,K,K,0.993252694606781,300,1
K/K1147.jpg,K,K,0.9930765628814697,300,1
K/K115.jpg,K,K,0.9931163191795349,300,1
K/K1153.jpg,K,K,0.9930945634841919,300,1
K/K1165.jpg,K,K,0.9931604862213135,300,1
K/K1166.jpg,K,K,0.9930779337882996,300,1
K/K1177.jpg,K,K,0.9930867552757263,300,1
K/K1191.jpg,K,K,0.9931636452674866,300,1
K/K1194.jpg,K,K,0.9929584264755249,300,1
K/K1196.jpg,K,K,0.9931138157844543,300,1
K/K12.jpg,K,K,0.9932063817977905,300,1
K/K1200.jpg,K,K,0.9930499792098999,300,1
K/K1209.jpg,K,K,0.9930933713912964,300,1
K/K1229.jpg,K,K,0.9931944608688354,300,1
K/K1233.jpg,K,K,0.9930837154388428,300,1
K/K1236.jpg,K,K,0.9931286573410034,300,1
K/K1237.jpg,K,K,0.9931138157844543,300,1
K/K124.jpg,K,K,0.9932339787483215,300,1
K/K1249.jpg,K,K,0.9932875037193298,300,1
K/K1250.jpg,K,K,0.9933114051818848,300,1
K/K1258.jpg,K,K,0.9932342171669006,300,1
K/K1261.jpg,K,K,0.9933587908744812,300,1
K/K1262.jpg,K,K,0.9933204650878906,300,1
K/K1263.jpg,K,K,0.993323028087616,300,1
K/K1278.jpg,K,K,0.9930524230003357,300,1
K/K1280.jpg,K,K,0.9930081367492676,300,1
K/K1286.jpg,K,K,0.9933098554611206,300,1
K/K1292.jpg,K,K,0.9932476282119751,300,1
K/K13.jpg,K,K,0.9932217597961426,300,1
K/K130.jpg,K,K,0.9931465983390808,300,1
K/K1303.jpg,K,K,0.9930197596549988,300,1
K/K1304.jpg,K,K,0.9930693507194519,300,1
K/K1307.jpg,K,K,0.9929834604263306,300,1
K/K1312.jpg,K,K,0.9931014776229858,300,1
K/K1313.jpg,K,K,0.9930981993675232,300,1
K/K1318.jpg,K,K,0.9931221604347229,300,1
K/K1319.jpg,K,K,0.993135929107666,300,1
K/K1326.jpg,K,K,0.9932247996330261,300,1
K/K1327.jpg,K,K,0.9931772947311401,300,1
K/K1328.jpg,K,K,0.9931148886680603,300,1
K/K1332.jpg,K,K,0.9932615160942078,300,1
K/K1333.jpg,K,K,0.9931244254112244,300,1
K/K1334.jpg,K,K,0.9931890964508057,300,1
K/K1337.jpg,K,K,0.9931746125221252,300,1
K/K134.jpg,K,K,0.9932547211647034,300,1
K/K1342.jpg,K,K,0.993177056312561,300,1
K/K1343.jpg,K,K,0.9931679964065552,300,1
K/K1352.jpg,K,K,0.9931917786598206,300,1
K/K1360.jpg,K,K,0.9931675791740417,300,1
K/K1362.jpg,K,K,0.9932425618171692,300,1
K/K1364.jpg,K,K,0.9931567311286926,300,1
K/K1365.jpg,K,K,0.993219792842865,300,1
K/K1371.jpg,K,K,0.9932043552398682,300,1
K/K1374.jpg,K,K,0.9932390451431274,300,1
K/K1382.jpg,K,K,0.9931873083114624,300,1
K/K1391.jpg,K,K,0.9932530522346497,300,1
K/K1395.jpg,K,K,0.9932007193565369,300,1
K/K1397.jpg,K,K,0.9932398796081543,300,1
K/K1399.jpg,K,K,0.993259072303772,300,1
K/K1426.jpg,K,K,0.9932003617286682,300,1
K/K1430.jpg,K,K,0.9930746555328369,300,1
K/K1431.jpg,K,K,0.9930828809738159,300,1
K/K1441.jpg,K,K,0.9931396842002869,300,1
K/K1450.jpg,K,K,0.9930515289306641,300,1
K/K1452.jpg,K,K,0.9930418729782104,300,1
K/K1465.jpg,K,K,0.9931594133377075,300,1
K/K1471.jpg,K,K,0.9931924939155579,300,1
K/K1472.jpg,K,K,0.993183434009552,300,1
K/K1479.jpg,K,K,0.9931477904319763,300,1
K/K148.jpg,K,K,0.9931615591049194,300,1
K/K1480.jpg,K,K,0.9931257963180542,300,1
K/K15.jpg,K,K,0.9931151270866394,300,1
K/K1516.jpg,K,K,0.9932548999786377,300,1
K/K1517.jpg,K,K,0.9932445883750916,300,1
K/K1522.jpg,K,K,0.9932823181152344,300,1
K/K1523.jpg,K,K,0.9932299852371216,300,1
K/K1525.jpg,K,K,0.9933348894119263,300,1
K/K1529.jpg,K,K,0.9933297038078308,300,1
K/K153.jpg,K,K,0.9931344985961914,300,1
K/K1531.jpg,K,K,0.9933521747589111,300,1
K/K1532.jpg,K,K,0.9933739900588989,300,1
K/K1542.jpg,K,K,0.9932053089141846,300,1
K/K1545.jpg,K,K,0.993357241153717,300,1
K/K1549.jpg,K,K,0.9932934045791626,300,1
K/K1551.jpg,K,K,0.9933533668518066,300,1
K/K1552.jpg,K,K,0.993396520614624,300,1
K/K156.jpg,K,K,0.9931017160415649,300,1
K/K1576.jpg,K,K,0.9931660294532776,300,1
K/K1579.jpg,K,K,0.9930722117424011,300,1
K/K1581.jpg,K,K,0.993301272392273,300,1
K/K1586.jpg,K,K,0.9931888580322266,300,1
K/K159.jpg,K,K,0.9930949211120605,300,1
K/K1590.jpg,K,K,0.9932084679603577,300,1
K/K1593.jpg,K,K,0.9932297468185425,300,1
K/K1610.jpg,K,K,0.9932827949523926,300,1
K/K1613.jpg,K,K,0.9932543635368347,300,1
K/K1615.jpg,K,K,0.9932571649551392,300,1
K/K1623.jpg,K,K,0.9932164549827576,300,1
K/K1627.jpg,K,K,0.9932903051376343,300,1
K/K1633.jpg,K,K,0.9933580756187439,300,1
K/K1639.jpg,K,K,0.9933591485023499,300,1
K/K1644.jpg,K,K,0.9933221936225891,300,1
K/K1651.jpg,K,K,0.993423581123352,300,1
K/K1655.jpg,K,K,0.9933624267578125,300,1
K/K1659.jpg,K,K,0.9933395981788635,300,1
K/K166.jpg,K,K,0.9930199980735779,300,1
K/K1677.jpg,K,K,0.9931679368019104,300,1
K/K1678.jpg,K,K,0.9931087493896484,300,1
K/K1681.jpg,K,K,0.9931756854057312,300,1
K/K1682.jpg,K,K,0.9930453896522522,300,1
K/K1683.jpg,K,K,0.9930985569953918,300,1
K/K1684.jpg,K,K,0.9931722283363342,300,1
K/K1691.jpg,K,K,0.9931319355964661,300,1
K/K1697.jpg,K,K,0.9930903315544128,300,1
K/K1699.jpg,K,K,0.9931477904319763,300,1
K/K1705.jpg,K,K,0.9931958913803101,300,1
K/K1711.jpg,K,K,0.9931974411010742,300,1
K/K1714.jpg,K,K,0.9932407140731812,300,1
K/K1727.jpg,K,K,0.9932637214660645,300,1
K/K1729.jpg,K,K,0.9932817220687866,300,1
K/K173.jpg,K,K,0.99299556016922,300,1
K/K1738.jpg,K,K,0.9931031465530396,300,1
K/K1745.jpg,K,K,0.9933172464370728,300,1
K/K1748.jpg,K,K,0.9933282136917114,300,1
K/K1749.jpg,K,K,0.9931964874267578,300,1
K/K1753.jpg,K,K,0.9933664202690125,300,1
K/K1758.jpg,K,K,0.9932578802108765,300,1
K/K1759.jpg,K,K,0.9932944178581238,300,1
K/K1761.jpg,K,K,0.9933862090110779,300,1
K/K1762.jpg,K,K,0.9933245778083801,300,1
K/K1764.jpg,K,K,0.9933869242668152,300,1
K/K1765.jpg,K,K,0.9934403300285339,300,1
K/K1767.jpg,K,K,0.9933985471725464,300,1
K/K1773.jpg,K,K,0.9933925271034241,300,1
K/K1774.jpg,K,K,0.9933463335037231,300,1
K/K1776.jpg,K,K,0.993251383304596,300,1
K/K1781.jpg,K,K,0.9931994080543518,300,1
K/K1783.jpg,K,K,0.9932734966278076,300,1
K/K1788.jpg,K,K,0.9932767748832703,300,1
K/K1789.jpg,K,K,0.9933158755302429,300,1
K/K1790.jpg,K,K,0.9932987689971924,300,1
K/K1793.jpg,K,K,0.9933691620826721,300,1
K/K1799.jpg,K,K,0.9933556318283081,300,1
K/K18.jpg,K,K,0.9930980801582336,300,1
K/K1827.jpg,K,K,0.9932696223258972,300,1
K/K1829.jpg,K,K,0.9933047890663147,300,1
K/K183.jpg,K,K,0.9929839372634888,300,1
K/K1835.jpg,K,K,0.9932937622070312,300,1
K/K1844.jpg,K,K,0.9933432340621948,300,1
K/K1845.jpg,K,K,0.9933379888534546,300,1
K/K1847.jpg,K,K,0.9934012293815613,300,1
K/K1851.jpg,K,K,0.9933564066886902,300,1
K/K1857.jpg,K,K,0.9931394457817078,300,1
K/K1869.jpg,K,K,0.9932993650436401,300,1
K/K188.jpg,K,K,0.9930436611175537,300,1
K/K1881.jpg,K,K,0.9932019114494324,300,1
K/K1882.jpg,K,K,0.9932190775871277,300,1
K/K1884.jpg,K,K,0.9932423233985901,300,1
K/K1889.jpg,K,K,0.9931917786598206,300,1
K/K1890.jpg,K,K,0.9932284951210022,300,1
K/K1895.jpg,K,K,0.9932369589805603,300,1
K/K190.jpg,K,K,0.9930782914161682,300,1
K/K1901.jpg,K,K,0.9932928085327148,300,1
K/K1902.jpg,K,K,0.9931575655937195,300,1
K/K1903.jpg,K,K,0.9932277798652649,300,1
K/K1908.jpg,K,K,0.9932664632797241,300,1
K/K1914.jpg,K,K,0.9933111667633057,300,1
K/K1915.jpg,K,K,0.9933050274848938,300,1
K/K1919.jpg,K,K,0.9932844638824463,300,1
K/K1933.jpg,K,K,0.9933024644851685,300,1
K/K1942.jpg,K,K,0.99308842420578,300,1
K/K1947.jpg,K,K,0.9932732582092285,300,1
K/K1952.jpg,K,K,0.9932170510292053,300,1
K/K1962.jpg,K,K,0.9931002855300903,300,1
K/K197.jpg,K,K,0.9931915402412415,300,1
K/K1977.jpg,K,K,0.9931918978691101,300,1
K/K1981.jpg,K,K,0.9932152032852173,300,1
K/K1982.jpg,K,K,0.9931997656822205,300,1
K/K1984.jpg,K,K,0.9932044744491577,300,1
K/K1988.jpg,K,K,0.9930635094642639,300,1
K/K199.jpg,K,K,0.9931679964065552,300,1
K/K1997.jpg,K,K,0.993113100528717,300,1
K/K20.jpg,K,K,0.9931012392044067,300,1
K/K2007.jpg,K,K,0.9933340549468994,300,1
K/K2017.jpg,K,K,0.9933211207389832,300,1
K/K203.jpg,K,K,0.9930586814880371,300,1
K/K2037.jpg,K,K,0.9933642148971558,300,1
K/K2045.jpg,K,K,0.9932659864425659,300,1
K/K2051.jpg,K,K,0.9932603240013123,300,1
K/K2065.jpg,K,K,0.993423342704773,300,1
K/K2073.jpg,K,K,0.9935126900672913,300,1
K/K2080.jpg,K,K,0.9934542179107666,300,1
K/K2081.jpg,K,K,0.9935477375984192,300,1
K/K2085.jpg,K,K,0.9935036301612854,300,1
K/K2086.jpg,K,K,0.9935351610183716,300,1
K/K2088.jpg,K,K,0.9934250116348267,300,1
K/K2089.jpg,K,K,0.9934525489807129,300,1
K/K2091.jpg,K,K,0.9933746457099915,300,1
K/K2093.jpg,K,K,0.9935526847839355,300,1
K/K2097.jpg,K,K,0.9935539960861206,300,1
K/K21.jpg,K,K,0.9931544065475464,300,1
K/K2101.jpg,K,K,0.9935396313667297,300,1
K/K2102.jpg,K,K,0.9934885501861572,300,1
K/K2104.jpg,K,K,0.9934163093566895,300,1
K/K2121.jpg,K,K,0.9934186935424805,300,1
K/K2129.jpg,K,K,0.9933592677116394,300,1
K/K213.jpg,K,K,0.9930741786956787,300,1
K/K2130.jpg,K,K,0.9934353828430176,300,1
K/K2133.jpg,K,K,0.9933653473854065,300,1
K/K2134.jpg,K,K,0.9933425784111023,300,1
K/K214.jpg,K,K,0.9930557608604431,300,1
K/K2143.jpg,K,K,0.9931693077087402,300,1
K/K2146.jpg,K,K,0.9931401610374451,300,1
K/K2148.jpg,K,K,0.9932066202163696,300,1
K/K2157.jpg,K,K,0.9932778477668762,300,1
K/K2161.jpg,K,K,0.9931946992874146,300,1
K/K2163.jpg,K,K,0.993299126625061,300,1
K/K2164.jpg,K,K,0.9932628273963928,300,1
K/K2172.jpg,K,K,0.9933695793151855,300,1
K/K2177.jpg,K,K,0.9933820962905884,300,1
K/K2178.jpg,K,K,0.9934491515159607,300,1
K/K2182.jpg,K,K,0.9935213923454285,300,1
K/K2184.jpg,K,K,0.9935100674629211,300,1
K/K2189.jpg,K,K,0.9936244487762451,300,1
K/K2198.jpg,K,K,0.9934728741645813,300,1
K/K2199.jpg,K,K,0.9935070276260376,300,1
K/K22.jpg,K,K,0.9932315349578857,300,1
K/K2202.jpg,K,K,0.9935941100120544,300,1
K/K2207.jpg,K,K,0.9935809373855591,300,1
K/K221.jpg,K,K,0.9930387139320374,300,1
K/K2214.jpg,K,K,0.9935006499290466,300,1
K/K2218.jpg,K,K,0.9932838678359985,300,1
K/K2221.jpg,K,K,0.9933441877365112,300,1
K/K2223.jpg,K,K,0.9933207631111145,300,1
K/K223.jpg,K,K,0.9930893778800964,300,1
K/K2230.jpg,K,K,0.9934030175209045,300,1
K/K2234.jpg,K,K,0.9934946894645691,300,1
K/K2244.jpg,K,K,0.993263840675354,300,1
K/K2245.jpg,K,K,0.9932087063789368,300,1
K/K2248.jpg,K,K,0.9933038353919983,300,1
K/K2249.jpg,K,K,0.9932569265365601,300,1
K/K2251.jpg,K,K,0.9932570457458496,300,1
K/K2253.jpg,K,K,0.9933399558067322,300,1
K/K2257.jpg,K,K,0.9932466745376587,300,1
K/K2260.jpg,K,K,0.9933786392211914,300,1
K/K2267.jpg,K,K,0.9933751225471497,300,1
K/K2275.jpg,K,K,0.9934349060058594,300,1
K/K2280.jpg,K,K,0.9934589266777039,300,1
K/K2286.jpg,K,K,0.9934321045875549,300,1
K/K2287.jpg,K,K,0.993436872959137,300,1
K/K2289.jpg,K,K,0.9934137463569641,300,1
K/K2290.jpg,K,K,0.9934426546096802,300,1
K/K2292.jpg,K,K,0.9933518171310425,300,1
K/K2294.jpg,K,K,0.9934176206588745,300,1
K/K2296.jpg,K,K,0.9933977127075195,300,1
K/K2297.jpg,K,K,0.9934276938438416,300,1
K/K231.jpg,K,K,0.9929814338684082,300,1
K/K2312.jpg,K,K,0.9933331608772278,300,1
K/K2314.jpg,K,K,0.9933401942253113,300,1
K/K2317.jpg,K,K,0.9934158325195312,300,1
K/K2319.jpg,K,K,0.9933487772941589,300,1
K/K2320.jpg,K,K,0.9933263063430786,300,1
K/K2323.jpg,K,K,0.9934187531471252,300,1
K/K2328.jpg,K,K,0.9934358596801758,300,1
K/K2335.jpg,K,K,0.9933619499206543,300,1
K/K2350.jpg,K,K,0.9934247732162476,300,1
K/K2353.jpg,K,K,0.9934461712837219,300,1
K/K2354.jpg,K,K,0.9934459328651428,300,1
K/K2358.jpg,K,K,0.993402898311615,300,1
K/K2363.jpg,K,K,0.9935194849967957,300,1
K/K2365.jpg,K,K,0.9935031533241272,300,1
K/K2367.jpg,K,K,0.9933470487594604,300,1
K/K2375.jpg,K,K,0.9934465289115906,300,1
K/K2378.jpg,K,K,0.9934751391410828,300,1
K/K2384.jpg,K,K,0.9935506582260132,300,1
K/K2385.jpg,K,K,0.9934811592102051,300,1
K/K2396.jpg,K,K,0.9936537742614746,300,1
K/K2403.jpg,K,K,0.9937072396278381,300,1
K/K2406.jpg,K,K,0.9935824275016785,300,1
K/K241.jpg,K,K,0.9928504228591919,300,1
K/K2411.jpg,K,K,0.9936593174934387,300,1
K/K2412.jpg,K,K,0.9936169385910034,300,1
K/K2417.jpg,K,K,0.9935872554779053,300,1
K/K2419.jpg,K,K,0.9935824275016785,300,1
K/K242.jpg,K,K,0.9928043484687805,300,1
K/K2423.jpg,K,K,0.9937039017677307,300,1
K/K243.jpg,K,K,0.992850661277771,300,1
K/K2440.jpg,K,K,0.9934316277503967,300,1
K/K2441.jpg,K,K,0.9934170246124268,300,1
K/K2448.jpg,K,K,0.9933615922927856,300,1
K/K2449.jpg,K,K,0.9933797121047974,300,1
K/K245.jpg,K,K,0.9929525256156921,300,1
K/K2450.jpg,K,K,0.9932960867881775,300,1
K/K2451.jpg,K,K,0.9933227896690369,300,1
K/K2455.jpg,K,K,0.9932809472084045,300,1
K/K2460.jpg,K,K,0.9931336641311646,300,1
K/K2465.jpg,K,K,0.9933096170425415,300,1
K/K2468.jpg,K,K,0.9932454228401184,300,1
K/K2470.jpg,K,K,0.9933880567550659,300,1
K/K2477.jpg,K,K,0.9933384656906128,300,1
K/K2493.jpg,K,K,0.9933547973632812,300,1
K/K2502.jpg,K,K,0.9933632612228394,300,1
K/K251.jpg,K,K,0.9929594993591309,300,1
K/K2518.jpg,K,K,0.9932525753974915,300,1
K/K2527.jpg,K,K,0.9932820796966553,300,1
K/K2531.jpg,K,K,0.9933155179023743,300,1
K/K2533.jpg,K,K,0.993354082107544,300,1
K/K2536.jpg,K,K,0.9933284521102905,300,1
K/K2543.jpg,K,K,0.9932965636253357,300,1
K/K2545.jpg,K,K,0.993353009223938,300,1
K/K2548.jpg,K,K,0.9932944178581238,300,1
K/K2549.jpg,K,K,0.9932371973991394,300,1
K/K2550.jpg,K,K,0.9932436347007751,300,1
K/K2554.jpg,K,K,0.9932675361633301,300,1
K/K2556.jpg,K,K,0.9932922124862671,300,1
K/K2566.jpg,K,K,0.9932722449302673,300,1
K/K2568.jpg,K,K,0.9932670593261719,300,1
K/K2573.jpg,K,K,0.993308424949646,300,1
K/K2577.jpg,K,K,0.9933226704597473,300,1
K/K258.jpg,K,K,0.9929094314575195,300,1
K/K2585.jpg,K,K,0.9934375882148743,300,1
K/K2587.jpg,K,K,0.9933987855911255,300,1
K/K2590.jpg,K,K,0.9933894872665405,300,1
K/K2596.jpg,K,K,0.9932763576507568,300,1
K/K2598.jpg,K,K,0.9932501316070557,300,1
K/K2605.jpg,K,K,0.9932970404624939,300,1
K/K2606.jpg,K,K,0.9933269023895264,300,1
K/K2609.jpg,K,K,0.9934085607528687,300,1
K/K2626.jpg,K,K,0.9934084415435791,300,1
K/K2634.jpg,K,K,0.9933345317840576,300,1
K/K2635.jpg,K,K,0.993328332901001,300,1
K/K2653.jpg,K,K,0.993340790271759,300,1
K/K2654.jpg,K,K,0.9933011531829834,300,1
K/K2660.jpg,K,K,0.9933438301086426,300,1
K/K2664.jpg,K,K,0.9933617115020752,300,1
K/K2667.jpg,K,K,0.9934276342391968,300,1
K/K2669.jpg,K,K,0.9934316277503967,300,1
K/K2672.jpg,K,K,0.9933760762214661,300,1
K/K2679.jpg,K,K,0.9933615922927856,300,1
K/K2680.jpg,K,K,0.9933639764785767,300,1
K/K2683.jpg,K,K,0.993416428565979,300,1
K/K269.jpg,K,K,0.9927640557289124,300,1
K/K2692.jpg,K,K,0.9933381080627441,300,1
K/K2693.jpg,K,K,0.9933393597602844,300,1
K/K2694.jpg,K,K,0.9933666586875916,300,1
K/K2696.jpg,K,K,0.9932960867881775,300,1
K/K2700.jpg,K,K,0.9933074116706848,300,1
K/K2701.jpg,K,K,0.9933019876480103,300,1
K/K2703.jpg,K,K,0.9933299422264099,300,1
K/K2709.jpg,K,K,0.9932703375816345,300,1
K/K2711.jpg,K,K,0.9933007955551147,300,1
K/K2717.jpg,K,K,0.9933454990386963,300,1
K/K2718.jpg,K,K,0.993346095085144,300,1
K/K2734.jpg,K,K,0.9933696985244751,300,1
K/K2740.jpg,K,K,0.9933454990386963,300,1
K/K2745.jpg,K,K,0.9933310151100159,300,1
K/K2750.jpg,K,K,0.9933585524559021,300,1
K/K2756.jpg,K,K,0.9934287667274475,300,1
K/K276.jpg,K,K,0.9929995536804199,300,1
K/K2762.jpg,K,K,0.9933704137802124,300,1
K/K2765.jpg,K,K,0.9932966828346252,300,1
K/K2768.jpg,K,K,0.9933580756187439,300,1
K/K2774.jpg,K,K,0.9933244585990906,300,1
K/K2794.jpg,K,K,0.9930807948112488,300,1
K/K2799.jpg,K,K,0.9930797219276428,300,1
K/K2801.jpg,K,K,0.9931936860084534,300,1
K/K2803.jpg,K,K,0.993259847164154,300,1
K/K2810.jpg,K,K,0.993350088596344,300,1
K/K2821.jpg,K,K,0.9933435916900635,300,1
K/K2828.jpg,K,K,0.9931896328926086,300,1
K/K2831.jpg,K,K,0.9932635426521301,300,1
K/K2833.jpg,K,K,0.9931619167327881,300,1
K/K2834.jpg,K,K,0.9932147264480591,300,1
K/K2839.jpg,K,K,0.9932656288146973,300,1
K/K2845.jpg,K,K,0.9934588074684143,300,1
K/K2849.jpg,K,K,0.9935504198074341,300,1
K/K2853.jpg,K,K,0.9936095476150513,300,1
K/K2855.jpg,K,K,0.9935256242752075,300,1
K/K2858.jpg,K,K,0.9935494065284729,300,1
K/K2860.jpg,K,K,0.9935089349746704,300,1
K/K2869.jpg,K,K,0.9934311509132385,300,1
K/K287.jpg,K,K,0.9928908348083496,300,1
K/K2873.jpg,K,K,0.993378758430481,300,1
K/K2875.jpg,K,K,0.9933479428291321,300,1
K/K2881.jpg,K,K,0.9933833479881287,300,1
K/K2884.jpg,K,K,0.9933494925498962,300,1
K/K2893.jpg,K,K,0.993281364440918,300,1
K/K2904.jpg,K,K,0.9932202100753784,300,1
K/K2906.jpg,K,K,0.9931655526161194,300,1
K/K2916.jpg,K,K,0.9932655096054077,300,1
K/K2921.jpg,K,K,0.9931918978691101,300,1
K/K2922.jpg,K,K,0.9931818842887878,300,1
K/K2924.jpg,K,K,0.9932361245155334,300,1
K/K2928.jpg,K,K,0.9932224750518799,300,1
K/K2932.jpg,K,K,0.9932571649551392,300,1
K/K2935.jpg,K,K,0.99319988489151,300,1
K/K2943.jpg,K,K,0.9932083487510681,300,1
K/K2946.jpg,K,K,0.9932088255882263,300,1
K/K295.jpg,K,K,0.9929048418998718,300,1
K/K2954.jpg,K,K,0.993209183216095,300,1
K/K2955.jpg,K,K,0.9931885004043579,300,1
K/K2963.jpg,K,K,0.9930521249771118,300,1
K/K2980.jpg,K,K,0.9931517839431763,300,1
K/K2981.jpg,K,K,0.9931857585906982,300,1
K/K2994.jpg,K,K,0.9932143688201904,300,1
K/K302.jpg,K,K,0.9930756092071533,300,1
K/K307.jpg,K,K,0.9931333661079407,300,1
K/K31.jpg,K,K,0.9931079149246216,300,1
K/K319.jpg,K,K,0.9931161999702454,300,1
K/K320.jpg,K,K,0.9930775165557861,300,1
K/K328.jpg,K,K,0.99310702085495,300,1
K/K329.jpg,K,K,0.9932079911231995,300,1
K/K33.jpg,K,K,0.9932010769844055,300,1
K/K332.jpg,K,K,0.9932904243469238,300,1
K/K337.jpg,K,K,0.9931771755218506,300,1
K/K34.jpg,K,K,0.9932143688201904,300,1
K/K343.jpg,K,K,0.9932340979576111,300,1
K/K345.jpg,K,K,0.9932308197021484,300,1
K/K349.jpg,K,K,0.993081271648407,300,1
K/K353.jpg,K,K,0.9930699467658997,300,1
K/K355.jpg,K,K,0.9930563569068909,300,1
K/K360.jpg,K,K,0.9930623173713684,300,1
K/K364.jpg,K,K,0.9930623173713684,300,1
K/K366.jpg,K,K,0.9930892586708069,300,1
K/K370.jpg,K,K,0.9931782484054565,300,1
K/K374.jpg,K,K,0.9930878281593323,300,1
K/K377.jpg,K,K,0.9931013584136963,300,1
K/K378.jpg,K,K,0.9931100606918335,300,1
K/K380.jpg,K,K,0.9931176900863647,300,1
K/K389.jpg,K,K,0.9931522607803345,300,1
K/K392.jpg,K,K,0.9931697845458984,300,1
K/K393.jpg,K,K,0.9931533336639404,300,1
K/K399.jpg,K,K,0.9932219982147217,300,1
K/K4.jpg,K,K,0.993202805519104,300,1
K/K402.jpg,K,K,0.9931218028068542,300,1
K/K405.jpg,K,K,0.9930869936943054,300,1
K/K408.jpg,K,K,0.9930712580680847,300,1
K/K412.jpg,K,K,0.9932109713554382,300,1
K/K413.jpg,K,K,0.9931831955909729,300,1
K/K417.jpg,K,K,0.9931433200836182,300,1
K/K429.jpg,K,K,0.9930658340454102,300,1
K/K44.jpg,K,K,0.9931288957595825,300,1
K/K444.jpg,K,K,0.9931821227073669,300,1
K/K449.jpg,K,K,0.9931829571723938,300,1
K/K452.jpg,K,K,0.9931568503379822,300,1
K/K453.jpg,K,K,0.9932119846343994,300,1
K/K456.jpg,K,K,0.9932255148887634,300,1
K/K463.jpg,K,K,0.9931308627128601,300,1
K/K465.jpg,K,K,0.9931320548057556,300,1
K/K47.jpg,K,K,0.9931597709655762,300,1
K/K472.jpg,K,K,0.9931087493896484,300,1
K/K474.jpg,K,K,0.9931027889251709,300,1
K/K480.jpg,K,K,0.9930960536003113,300,1
K/K49.jpg,K,K,0.9930944442749023,300,1
K/K499.jpg,K,K,0.9930712580680847,300,1
K/K50.jpg,K,K,0.9930509328842163,300,1
K/K515.jpg,K,K,0.9928712248802185,300,1
K/K519.jpg,K,K,0.9929072856903076,300,1
K/K524.jpg,K,K,0.9929238557815552,300,1
K/K525.jpg,K,K,0.9928612112998962,300,1
K/K527.jpg,K,K,0.9929713606834412,300,1
K/K545.jpg,K,K,0.9929908514022827,300,1
K/K550.jpg,K,K,0.9931185245513916,300,1
K/K564.jpg,K,K,0.993117094039917,300,1
K/K565.jpg,K,K,0.9930716156959534,300,1
K/K574.jpg,K,K,0.9932582378387451,300,1
K/K587.jpg,K,K,0.9931530952453613,300,1
K/K59.jpg,K,K,0.9931434392929077,300,1
K/K592.jpg,K,K,0.993104875087738,300,1
K/K594.jpg,K,K,0.9931485056877136,300,1
K/K597.jpg,K,K,0.9931634664535522,300,1
K/K600.jpg,K,K,0.9930689334869385,300,1
K/K603.jpg,K,K,0.9931344985961914,300,1
K/K609.jpg,K,K,0.9930418729782104,300,1
K/K61.jpg,K,K,0.9931303858757019,300,1
K/K612.jpg,K,K,0.9931039214134216,300,1
K/K615.jpg,K,K,0.9930608868598938,300,1
K/K624.jpg,K,K,0.9930750131607056,300,1
K/K628.jpg,K,K,0.9930608868598938,300,1
K/K632.jpg,K,K,0.9931483864784241,300,1
K/K637.jpg,K,K,0.9932117462158203,300,1
K/K641.jpg,K,K,0.9932234287261963,300,1
K/K642.jpg,K,K,0.9932732582092285,300,1
K/K644.jpg,K,K,0.9933016300201416,300,1
K/K668.jpg,K,K,0.993084192276001,300,1
K/K672.jpg,K,K,0.9930406808853149,300,1
K/K678.jpg,K,K,0.993064820766449,300,1
K/K68.jpg,K,K,0.9930450320243835,300,1
K/K680.jpg,K,K,0.9931415915489197,300,1
K/K685.jpg,K,K,0.9931291341781616,300,1
K/K686.jpg,K,K,0.9931634664535522,300,1
K/K694.jpg,K,K,0.9930343627929688,300,1
K/K695.jpg,K,K,0.9930793642997742,300,1
K/K696.jpg,K,K,0.993003785610199,300,1
K/K699.jpg,K,K,0.9931093454360962,300,1
K/K705.jpg,K,K,0.9932126998901367,300,1
K/K707.jpg,K,K,0.9932581186294556,300,1
K/K708.jpg,K,K,0.9932686686515808,300,1
K/K712.jpg,K,K,0.9932674169540405,300,1
K/K714.jpg,K,K,0.993297278881073,300,1
K/K719.jpg,K,K,0.993187427520752,300,1
K/K722.jpg,K,K,0.993133544921875,300,1
K/K723.jpg,K,K,0.9931507110595703,300,1
K/K727.jpg,K,K,0.9931896328926086,300,1
K/K731.jpg,K,K,0.9932244420051575,300,1
K/K732.jpg,K,K,0.9931829571723938,300,1
K/K737.jpg,K,K,0.9931622743606567,300,1
K/K755.jpg,K,K,0.9931435585021973,300,1
K/K756.jpg,K,K,0.9931053519248962,300,1
K/K759.jpg,K,K,0.9931514263153076,300,1
K/K760.jpg,K,K,0.9931970834732056,300,1
K/K762.jpg,K,K,0.9931519031524658,300,1
K/K763.jpg,K,K,0.9931693077087402,300,1
K/K775.jpg,K,K,0.9931935667991638,300,1
K/K779.jpg,K,K,0.9931649565696716,300,1
K/K78.jpg,K,K,0.9930577278137207,300,1
K/K791.jpg,K,K,0.9931339025497437,300,1
K/K799.jpg,K,K,0.9932564496994019,300,1
K/K80.jpg,K,K,0.9930262565612793,300,1
K/K81.jpg,K,K,0.9930862188339233,300,1
K/K810.jpg,K,K,0.9930750131607056,300,1
K/K811.jpg,K,K,0.9930914640426636,300,1
K/K820.jpg,K,K,0.9930506944656372,300,1
K/K821.jpg,K,K,0.9930495023727417,300,1
K/K825.jpg,K,K,0.9930908679962158,300,1
K/K829.jpg,K,K,0.9931313395500183,300,1
K/K830.jpg,K,K,0.9931366443634033,300,1
K/K834.jpg,K,K,0.9931052327156067,300,1
K/K838.jpg,K,K,0.9930845499038696,300,1
K/K839.jpg,K,K,0.993014931678772,300,1
K/K845.jpg,K,K,0.9930834770202637,300,1
K/K848.jpg,K,K,0.9931939840316772,300,1
K/K849.jpg,K,K,0.9931521415710449,300,1
K/K859.jpg,K,K,0.9930720925331116,300,1
K/K86.jpg,K,K,0.993063747882843,300,1
K/K868.jpg,K,K,0.9930374026298523,300,1
K/K869.jpg,K,K,0.993075966835022,300,1
K/K879.jpg,K,K,0.9930525422096252,300,1
K/K883.jpg,K,K,0.9930724501609802,300,1
K/K893.jpg,K,K,0.9931029081344604,300,1
K/K894.jpg,K,K,0.9931396842002869,300,1
K/K896.jpg,K,K,0.9930881857872009,300,1
K/K900.jpg,K,K,0.9930375218391418,300,1
K/K905.jpg,K,K,0.9930700659751892,300,1
K/K91.jpg,K,K,0.9930938482284546,300,1
K/K913.jpg,K,K,0.9928748607635498,300,1
K/K917.jpg,K,K,0.9926766157150269,300,1
K/K920.jpg,K,K,0.9928505420684814,300,1
K/K930.jpg,K,K,0.9929962754249573,300,1
K/K931.jpg,K,K,0.9930245876312256,300,1
K/K934.jpg,K,K,0.9930179119110107,300,1
K/K938.jpg,K,K,0.9930738210678101,300,1
K/K939.jpg,K,K,0.9930354952812195,300,1
K/K95.jpg,K,K,0.9930684566497803,300,1
K/K953.jpg,K,K,0.993035078048706,300,1
K/K957.jpg,K,K,0.9929712414741516,300,1
K/K96.jpg,K,K,0.9930604696273804,300,1
K/K973.jpg,K,K,0.9931061863899231,300,1
K/K980.jpg,K,K,0.9930942058563232,300,1
K/K981.jpg,K,K,0.9931176900863647,300,1
K/K983.jpg,K,K,0.9930939674377441,300,1
K/K987.jpg,K,K,0.9931250810623169,300,1
K/K991.jpg,K,K,0.9931626319885254,300,1
L/L1003.jpg,L,L,0.9929481744766235,300,1
L/L1004.jpg,L,L,0.992912232875824,300,1
L/L1009.jpg,L,L,0.9929757118225098,300,1
L/L1011.jpg,L,L,0.9929792284965515,300,1
L/L1012.jpg,L,L,0.9930537343025208,300,1
L/L1014.jpg,L,L,0.9930608868598938,300,1
L/L1019.jpg,L,L,0.9930341243743896,300,1
L/L102.jpg,L,L,0.9930834770202637,300,1
L/L1024.jpg,L,L,0.9930821061134338,300,1
L/L1039.jpg,L,L,0.9932015538215637,300,1
L/L1041.jpg,L,L,0.9931180477142334,300,1
L/L1043.jpg,L,L,0.9930991530418396,300,1
L/L1044.jpg,L,L,0.9930779337882996,300,1
L/L1048.jpg,L,L,0.9929798245429993,300,1
L/L1058.jpg,L,L,0.9929031729698181,300,1
L/L106.jpg,L,L,0.9930896162986755,300,1
L/L1060.jpg,L,L,0.9928488731384277,300,1
L/L1067.jpg,L,L,0.9930052161216736,300,1
L/L1078.jpg,L,L,0.9928963780403137,300,1
L/L1089.jpg,L,L,0.9927733540534973,300,1
L/L1091.jpg,L,L,0.992793083190918,300,1
L/L111.jpg,L,L,0.9930839538574219,300,1
L/L1110.jpg,L,L,0.9928268194198608,300,1
L/L1113.jpg,L,L,0.9929320812225342,300,1
L/L1121.jpg,L,L,0.9931364059448242,300,1
L/L1124.jpg,L,L,0.9930118918418884,300,1
L/L1125.jpg,L,L,0.9928909540176392,300,1
L/L1129.jpg,L,L,0.992885172367096,300,1
L/L1132.jpg,L,L,0.9928429126739502,300,1
L/L1136.jpg,L,L,0.9930762052536011,300,1
L/L1153.jpg,L,L,0.9931175708770752,300,1
L/L1164.jpg,L,L,0.9930771589279175,300,1
L/L1166.jpg,L,L,0.9930830001831055,300,1
L/L1168.jpg,L,L,0.9931024312973022,300,1
L/L1180.jpg,L,L,0.9930954575538635,300,1
L/L1183.jpg,L,L,0.9930915832519531,300,1
L/L1202.jpg,L,L,0.9931775331497192,300,1
L/L1203.jpg,L,L,0.9932221174240112,300,1
L/L1204.jpg,L,L,0.9931789636611938,300,1
L/L1207.jpg,L,L,0.9931602478027344,300,1
L/L1209.jpg,L,L,0.9932118654251099,300,1
L/L1214.jpg,L,L,0.9931727051734924,300,1
L/L1215.jpg,L,L,0.9931904673576355,300,1
L/L1217.jpg,L,L,0.9931889772415161,300,1
L/L1220.jpg,L,L,0.9931817650794983,300,1
L/L1223.jpg,L,L,0.9931546449661255,300,1
L/L1229.jpg,L,L,0.9930561184883118,300,1
L/L1234.jpg,L,L,0.9930834770202637,300,1
L/L1235.jpg,L,L,0.9931027889251709,300,1
L/L1236.jpg,L,L,0.9931163191795349,300,1
L/L1237.jpg,L,L,0.9931342601776123,300,1
L/L1245.jpg,L,L,0.9932156205177307,300,1
L/L1247.jpg,L,L,0.9931964874267578,300,1
L/L1249.jpg,L,L,0.9931968450546265,300,1
L/L125.jpg,L,L,0.9931105375289917,300,1
L/L1253.jpg,L,L,0.9931517839431763,300,1
L/L1263.jpg,L,L,0.9929733276367188,300,1
L/L1270.jpg,L,L,0.9930601119995117,300,1
L/L1271.jpg,L,L,0.9930331707000732,300,1
L/L1278.jpg,L,L,0.9930691719055176,300,1
L/L1279.jpg,L,L,0.9930738210678101,300,1
L/L1283.jpg,L,L,0.9930908679962158,300,1
L/L1285.jpg,L,L,0.9930457472801208,300,1
L/L1290.jpg,L,L,0.9931021928787231,300,1
L/L1291.jpg,L,L,0.9930684566497803,300,1
L/L1297.jpg,L,L,0.9930132031440735,300,1
L/L1303.jpg,L,L,0.9930887818336487,300,1
L/L1304.jpg,L,L,0.9931487441062927,300,1
L/L1307.jpg,L,L,0.9930979609489441,300,1
L/L1309.jpg,L,L,0.9930889010429382,300,1
L/L1314.jpg,L,L,0.9931219220161438,300,1
L/L1315.jpg,L,L,0.993129551410675,300,1
L/L1318.jpg,L,L,0.9931098222732544,300,1
L/L1321.jpg,L,L,0.9930550456047058,300,1
L/L1325.jpg,L,L,0.993152379989624,300,1
L/L1326.jpg,L,L,0.9931117296218872,300,1
L/L1328.jpg,L,L,0.9930612444877625,300,1
L/L1330.jpg,L,L,0.9929893016815186,300,1
L/L1335.jpg,L,L,0.9930626749992371,300,1
L/L1337.jpg,L,L,0.9929866194725037,300,1
L/L134.jpg,L,L,0.9931539297103882,300,1
L/L1345.jpg,L,L,0.9928609728813171,300,1
L/L135.jpg,L,L,0.9931731820106506,300,1
L/L1357.jpg,L,L,0.9929839372634888,300,1
L/L1358.jpg,L,L,0.9929720759391785,300,1
L/L1359.jpg,L,L,0.9930253028869629,300,1
L/L1361.jpg,L,L,0.9930300116539001,300,1
L/L1362.jpg,L,L,0.9930517673492432,300,1
L/L1368.jpg,L,L,0.9930660724639893,300,1
L/L1377.jpg,L,L,0.9930989146232605,300,1
L/L1380.jpg,L,L,0.9930412769317627,300,1
L/L1383.jpg,L,L,0.9931491017341614,300,1
L/L1387.jpg,L,L,0.9931151270866394,300,1
L/L139.jpg,L,L,0.9931188821792603,300,1
L/L1390.jpg,L,L,0.9930932521820068,300,1
L/L1396.jpg,L,L,0.992984414100647,300,1
L/L14.jpg,L,L,0.9929971098899841,300,1
L/L1407.jpg,L,L,0.9930498600006104,300,1
L/L1409.jpg,L,L,0.9930998086929321,300,1
L/L141.jpg,L,L,0.9930623173713684,300,1
L/L1418.jpg,L,L,0.9930598735809326,300,1
L/L1428.jpg,L,L,0.993095338344574,300,1
L/L1436.jpg,L,L,0.9930962920188904,300,1
L/L1437.jpg,L,L,0.9931024312973022,300,1
L/L1439.jpg,L,L,0.9931055903434753,300,1
L/L1443.jpg,L,L,0.9930574893951416,300,1
L/L1449.jpg,L,L,0.9930776357650757,300,1
L/L145.jpg,L,L,0.9930549263954163,300,1
L/L1451.jpg,L,L,0.9930578470230103,300,1
L/L1455.jpg,L,L,0.9930152893066406,300,1
L/L1457.jpg,L,L,0.9930249452590942,300,1
L/L1458.jpg,L,L,0.9930105805397034,300,1
L/L1467.jpg,L,L,0.9930682182312012,300,1
L/L1469.jpg,L,L,0.9930709004402161,300,1
L/L1484.jpg,L,L,0.9929954409599304,300,1
L/L1485.jpg,L,L,0.9930092096328735,300,1
L/L1487.jpg,L,L,0.9929758310317993,300,1
L/L1491.jpg,L,L,0.9929934144020081,300,1
L/L1499.jpg,L,L,0.9929973483085632,300,1
L/L150.jpg,L,L,0.99308842420578,300,1
L/L1503.jpg,L,L,0.9929170608520508,300,1
L/L1511.jpg,L,L,0.9929560422897339,300,1
L/L1523.jpg,L,L,0.9930692911148071,300,1
L/L1524.jpg,L,L,0.9930722117424011,300,1
L/L1526.jpg,L,L,0.993074893951416,300,1
L/L153.jpg,L,L,0.9931113719940186,300,1
L/L1536.jpg,L,L,0.9930459856987,300,1
L/L1537.jpg,L,L,0.9930860996246338,300,1
L/L1538.jpg,L,L,0.9931161999702454,300,1
L/L154.jpg,L,L,0.9930723309516907,300,1
L/L1543.jpg,L,L,0.9930626749992371,300,1
L/L1546.jpg,L,L,0.9931023120880127,300,1
L/L1549.jpg,L,L,0.9932003617286682,300,1
L/L155.jpg,L,L,0.9931000471115112,300,1
L/L1553.jpg,L,L,0.9931893348693848,300,1
L/L1560.jpg,L,L,0.9932839870452881,300,1
L/L1563.jpg,L,L,0.9932083487510681,300,1
L/L1569.jpg,L,L,0.9931135773658752,300,1
L/L1571.jpg,L,L,0.993084192276001,300,1
L/L1575.jpg,L,L,0.9931535720825195,300,1
L/L1577.jpg,L,L,0.9930732846260071,300,1
L/L1578.jpg,L,L,0.9931032657623291,300,1
L/L1579.jpg,L,L,0.9930735230445862,300,1
L/L1585.jpg,L,L,0.9931349754333496,300,1
L/L1588.jpg,L,L,0.9930830001831055,300,1
L/L1594.jpg,L,L,0.9929031729698181,300,1
L/L1598.jpg,L,L,0.9929198622703552,300,1
L/L1602.jpg,L,L,0.9929521679878235,300,1
L/L1605.jpg,L,L,0.9929948449134827,300,1
L/L1609.jpg,L,L,0.9930349588394165,300,1
L/L1615.jpg,L,L,0.9929807186126709,300,1
L/L1619.jpg,L,L,0.9930526614189148,300,1
L/L1621.jpg,L,L,0.9930404424667358,300,1
L/L1627.jpg,L,L,0.9931355714797974,300,1
L/L1632.jpg,L,L,0.9930693507194519,300,1
L/L1645.jpg,L,L,0.9931113719940186,300,1
L/L1646.jpg,L,L,0.9930258989334106,300,1
L/L165.jpg,L,L,0.9931052327156067,300,1
L/L1657.jpg,L,L,0.9926698207855225,300,1
L/L1658.jpg,L,L,0.9928339719772339,300,1
L/L1660.jpg,L,L,0.9927999973297119,300,1
L/L1667.jpg,L,L,0.992733359336853,300,1
L/L1668.jpg,L,L,0.9927917718887329,300,1
L/L1683.jpg,L,L,0.9928935170173645,300,1
L/L1686.jpg,L,L,0.9927868247032166,300,1
L/L1688.jpg,L,L,0.9928158521652222,300,1
L/L1690.jpg,L,L,0.9927674531936646,300,1
L/L1692.jpg,L,L,0.9927322268486023,300,1
L/L1704.jpg,L,L,0.9928812980651855,300,1
L/L171.jpg,L,L,0.9931464791297913,300,1
L/L1713.jpg,L,L,0.992994487285614,300,1
L/L1718.jpg,L,L,0.9930238723754883,300,1
L/L1729.jpg,L,L,0.9928988218307495,300,1
L/L1730.jpg,L,L,0.9928091764450073,300,1
L/L174.jpg,L,L,0.993118166923523,300,1
L/L1745.jpg,L,L,0.9928622841835022,300,1
L/L1750.jpg,L,L,0.9927725195884705,300,1
L/L1762.jpg,L,L,0.9931192398071289,300,1
L/L1768.jpg,L,L,0.9930035471916199,300,1
L/L1776.jpg,L,L,0.9929976463317871,300,1
L/L1790.jpg,L,L,0.9929683804512024,300,1
L/L1799.jpg,L,L,0.9929920434951782,300,1
L/L1800.jpg,L,L,0.9930408000946045,300,1
L/L1803.jpg,L,L,0.9930405616760254,300,1
L/L1808.jpg,L,L,0.993057131767273,300,1
L/L1809.jpg,L,L,0.9930739402770996,300,1
L/L1810.jpg,L,L,0.9930723309516907,300,1
L/L1818.jpg,L,L,0.9930805563926697,300,1
L/L182.jpg,L,L,0.993134617805481,300,1
L/L1824.jpg,L,L,0.9930484294891357,300,1
L/L1834.jpg,L,L,0.9930769205093384,300,1
L/L1836.jpg,L,L,0.9931129813194275,300,1
L/L184.jpg,L,L,0.9931259155273438,300,1
L/L1846.jpg,L,L,0.9930872321128845,300,1
L/L1847.jpg,L,L,0.9930722117424011,300,1
L/L186.jpg,L,L,0.9931063055992126,300,1
L/L1873.jpg,L,L,0.9927027225494385,300,1
L/L1885.jpg,L,L,0.9930582046508789,300,1
L/L1894.jpg,L,L,0.9929684996604919,300,1
L/L191.jpg,L,L,0.9930920600891113,300,1
L/L1911.jpg,L,L,0.993059515953064,300,1
L/L1920.jpg,L,L,0.9930636286735535,300,1
L/L1921.jpg,L,L,0.993000864982605,300,1
L/L1924.jpg,L,L,0.9929962754249573,300,1
L/L1932.jpg,L,L,0.9929520487785339,300,1
L/L1938.jpg,L,L,0.9929346442222595,300,1
L/L1945.jpg,L,L,0.9929460883140564,300,1
L/L1946.jpg,L,L,0.9930101037025452,300,1
L/L1956.jpg,L,L,0.9930103421211243,300,1
L/L1963.jpg,L,L,0.9930878281593323,300,1
L/L1969.jpg,L,L,0.9929019808769226,300,1
L/L197.jpg,L,L,0.9931405186653137,300,1
L/L1979.jpg,L,L,0.9929409027099609,300,1
L/L1981.jpg,L,L,0.9929869771003723,300,1
L/L1982.jpg,L,L,0.9929502010345459,300,1
L/L199.jpg,L,L,0.9931407570838928,300,1
L/L1993.jpg,L,L,0.9930247068405151,300,1
L/L1995.jpg,L,L,0.9930614829063416,300,1
L/L1999.jpg,L,L,0.9930328130722046,300,1
L/L2.jpg,L,L,0.9931108951568604,300,1
L/L200.jpg,L,L,0.99314945936203,300,1
L/L2005.jpg,L,L,0.9931835532188416,300,1
L/L2019.jpg,L,L,0.9927840232849121,300,1
L/L2028.jpg,L,L,0.9931532144546509,300,1
L/L2042.jpg,L,L,0.9931958913803101,300,1
L/L2053.jpg,L,L,0.9933074116706848,300,1
L/L2055.jpg,L,L,0.9932681918144226,300,1
L/L206.jpg,L,L,0.9930505752563477,300,1
L/L2065.jpg,L,L,0.9932450652122498,300,1
L/L2069.jpg,L,L,0.9932812452316284,300,1
L/L2071.jpg,L,L,0.9931946992874146,300,1
L/L2072.jpg,L,L,0.9932668209075928,300,1
L/L2073.jpg,L,L,0.9932668209075928,300,1
L/L2074.jpg,L,L,0.9932801127433777,300,1
L/L2076.jpg,L,L,0.9932171702384949,300,1
L/L2078.jpg,L,L,0.9933164119720459,300,1
L/L208.jpg,L,L,0.993083119392395,300,1
L/L2096.jpg,L,L,0.9932034015655518,300,1
L/L2098.jpg,L,L,0.9932718873023987,300,1
L/L210.jpg,L,L,0.9931036829948425,300,1
L/L2100.jpg,L,L,0.9932748079299927,300,1
L/L2106.jpg,L,L,0.9931841492652893,300,1
L/L2107.jpg,L,L,0.9932084679603577,300,1
L/L2116.jpg,L,L,0.9931855201721191,300,1
L/L2120.jpg,L,L,0.9930258989334106,300,1
L/L2127.jpg,L,L,0.9931538105010986,300,1
L/L2128.jpg,L,L,0.9931309819221497,300,1
L/L2129.jpg,L,L,0.9931898713111877,300,1
L/L2145.jpg,L,L,0.9932559728622437,300,1
L/L2146.jpg,L,L,0.9931943416595459,300,1
L/L2149.jpg,L,L,0.9932039976119995,300,1
L/L2151.jpg,L,L,0.9932035207748413,300,1
L/L2152.jpg,L,L,0.9932578802108765,300,1
L/L2154.jpg,L,L,0.9932371973991394,300,1
L/L2155.jpg,L,L,0.9932212829589844,300,1
L/L2158.jpg,L,L,0.9933155179023743,300,1
L/L2160.jpg,L,L,0.9932835102081299,300,1
L/L2161.jpg,L,L,0.9933049082756042,300,1
L/L2168.jpg,L,L,0.9932854175567627,300,1
L/L2170.jpg,L,L,0.993349015712738,300,1
L/L2177.jpg,L,L,0.9933357238769531,300,1
L/L2178.jpg,L,L,0.9933679699897766,300,1
L/L2182.jpg,L,L,0.9933783411979675,300,1
L/L2184.jpg,L,L,0.9932540059089661,300,1
L/L2191.jpg,L,L,0.9932676553726196,300,1
L/L2192.jpg,L,L,0.9932898879051208,300,1
L/L2196.jpg,L,L,0.9933092594146729,300,1
L/L22.jpg,L,L,0.9930296540260315,300,1
L/L2201.jpg,L,L,0.9932370781898499,300,1
L/L2212.jpg,L,L,0.9932432770729065,300,1
L/L2228.jpg,L,L,0.9933257102966309,300,1
L/L2231.jpg,L,L,0.9934008717536926,300,1
L/L2233.jpg,L,L,0.9934159517288208,300,1
L/L2234.jpg,L,L,0.9932997226715088,300,1
L/L2243.jpg,L,L,0.9932553768157959,300,1
L/L2251.jpg,L,L,0.9932241439819336,300,1
L/L2253.jpg,L,L,0.9932418465614319,300,1
L/L2258.jpg,L,L,0.9931249618530273,300,1
L/L2260.jpg,L,L,0.9931569695472717,300,1
L/L2266.jpg,L,L,0.9932146072387695,300,1
L/L2268.jpg,L,L,0.9932746887207031,300,1
L/L2270.jpg,L,L,0.9931297898292542,300,1
L/L2278.jpg,L,L,0.9930716156959534,300,1
L/L2280.jpg,L,L,0.9931321740150452,300,1
L/L2283.jpg,L,L,0.9930794835090637,300,1
L/L229.jpg,L,L,0.9930247068405151,300,1
L/L230.jpg,L,L,0.9930184483528137,300,1
L/L2301.jpg,L,L,0.9933184385299683,300,1
L/L2310.jpg,L,L,0.9932083487510681,300,1
L/L2311.jpg,L,L,0.9932246804237366,300,1
L/L2317.jpg,L,L,0.9931440353393555,300,1
L/L2318.jpg,L,L,0.9931653141975403,300,1
L/L2320.jpg,L,L,0.9932330250740051,300,1
L/L2321.jpg,L,L,0.9932511448860168,300,1
L/L2326.jpg,L,L,0.9932075142860413,300,1
L/L2330.jpg,L,L,0.9932246804237366,300,1
L/L2333.jpg,L,L,0.993155300617218,300,1
L/L2350.jpg,L,L,0.9931886196136475,300,1
L/L2355.jpg,L,L,0.9932535290718079,300,1
L/L2361.jpg,L,L,0.9931875467300415,300,1
L/L2368.jpg,L,L,0.9932606816291809,300,1
L/L2373.jpg,L,L,0.9932977557182312,300,1
L/L2374.jpg,L,L,0.9933075904846191,300,1
L/L2375.jpg,L,L,0.9932951331138611,300,1
L/L2381.jpg,L,L,0.9932230710983276,300,1
L/L2383.jpg,L,L,0.9932262301445007,300,1
L/L2385.jpg,L,L,0.9933005571365356,300,1
L/L2388.jpg,L,L,0.993440568447113,300,1
L/L24.jpg,L,L,0.9930424690246582,300,1
L/L240.jpg,L,L,0.9930447936058044,300,1
L/L2406.jpg,L,L,0.9934989213943481,300,1
L/L2414.jpg,L,L,0.9935152530670166,300,1
L/L2415.jpg,L,L,0.9934390187263489,300,1
L/L242.jpg,L,L,0.9930047392845154,300,1
L/L2421.jpg,L,L,0.9932202100753784,300,1
L/L2423.jpg,L,L,0.993114173412323,300,1
L/L2430.jpg,L,L,0.9931908249855042,300,1
L/L2434.jpg,L,L,0.9931569695472717,300,1
L/L2435.jpg,L,L,0.9932308197021484,300,1
L/L2445.jpg,L,L,0.9932593703269958,300,1
L/L2447.jpg,L,L,0.9932491779327393,300,1
L/L2448.jpg,L,L,0.9931656718254089,300,1
L/L245.jpg,L,L,0.992914080619812,300,1
L/L246.jpg,L,L,0.9929285645484924,300,1
L/L2470.jpg,L,L,0.9932585954666138,300,1
L/L2475.jpg,L,L,0.9931524991989136,300,1
L/L2484.jpg,L,L,0.9933310151100159,300,1
L/L249.jpg,L,L,0.9929578304290771,300,1
L/L2499.jpg,L,L,0.9933517575263977,300,1
L/L2507.jpg,L,L,0.9931448698043823,300,1
L/L2512.jpg,L,L,0.9931294322013855,300,1
L/L2516.jpg,L,L,0.9930223822593689,300,1
L/L2521.jpg,L,L,0.9930214285850525,300,1
L/L2529.jpg,L,L,0.9929220676422119,300,1
L/L2535.jpg,L,L,0.9929394721984863,300,1
L/L2537.jpg,L,L,0.9929747581481934,300,1
L/L254.jpg,L,L,0.9930554032325745,300,1
L/L2547.jpg,L,L,0.9929555654525757,300,1
L/L2549.jpg,L,L,0.9928942322731018,300,1
L/L2551.jpg,L,L,0.9928807020187378,300,1
L/L2554.jpg,L,L,0.9928659200668335,300,1
L/L256.jpg,L,L,0.9929510354995728,300,1
L/L2562.jpg,L,L,0.9930129647254944,300,1
L/L2568.jpg,L,L,0.9928832054138184,300,1
L/L2571.jpg,L,L,0.9928786158561707,300,1
L/L2576.jpg,L,L,0.9928365349769592,300,1
L/L2580.jpg,L,L,0.9927527904510498,300,1
L/L2582.jpg,L,L,0.9928265810012817,300,1
L/L2585.jpg,L,L,0.9928715825080872,300,1
L/L2586.jpg,L,L,0.9928759336471558,300,1
L/L2590.jpg,L,L,0.9928517937660217,300,1
L/L2591.jpg,L,L,0.9928707480430603,300,1
L/L26.jpg,L,L,0.9929817914962769,300,1
L/L2607.jpg,L,L,0.9929478168487549,300,1
L/L2626.jpg,L,L,0.9929034113883972,300,1
L/L2628.jpg,L,L,0.9929511547088623,300,1
L/L2636.jpg,L,L,0.992866039276123,300,1
L/L2644.jpg,L,L,0.9929428100585938,300,1
L/L2649.jpg,L,L,0.992928683757782,300,1
L/L2650.jpg,L,L,0.9929026961326599,300,1
L/L2652.jpg,L,L,0.9928779006004333,300,1
L/L2654.jpg,L,L,0.9928861260414124,300,1
L/L2655.jpg,L,L,0.9928621649742126,300,1
L/L2663.jpg,L,L,0.9930145740509033,300,1
L/L2666.jpg,L,L,0.9930295348167419,300,1
L/L2678.jpg,L,L,0.9930905699729919,300,1
L/L2679.jpg,L,L,0.993115246295929,300,1
L/L2683.jpg,L,L,0.9931209683418274,300,1
L/L2684.jpg,L,L,0.9931179285049438,300,1
L/L2685.jpg,L,L,0.9931297898292542,300,1
L/L2689.jpg,L,L,0.9930629134178162,300,1
L/L2693.jpg,L,L,0.9931134581565857,300,1
L/L2697.jpg,L,L,0.9930031895637512,300,1
L/L27.jpg,L,L,0.9929661750793457,300,1
L/L2700.jpg,L,L,0.9929352402687073,300,1
L/L2702.jpg,L,L,0.9929433465003967,300,1
L/L2703.jpg,L,L,0.9929024577140808,300,1
L/L2710.jpg,L,L,0.9927721619606018,300,1
L/L2711.jpg,L,L,0.9927577972412109,300,1
L/L2712.jpg,L,L,0.9927309155464172,300,1
L/L272.jpg,L,L,0.9930211901664734,300,1
L/L2722.jpg,L,L,0.9928299784660339,300,1
L/L2726.jpg,L,L,0.9928510189056396,300,1
L/L2732.jpg,L,L,0.9928838014602661,300,1
L/L2733.jpg,L,L,0.9928828477859497,300,1
L/L2735.jpg,L,L,0.9928613305091858,300,1
L/L2739.jpg,L,L,0.9928580522537231,300,1
L/L2748.jpg,L,L,0.9928541779518127,300,1
L/L2755.jpg,L,L,0.9930160045623779,300,1
L/L2757.jpg,L,L,0.9929890632629395,300,1
L/L2766.jpg,L,L,0.9929987192153931,300,1
L/L2771.jpg,L,L,0.9929922819137573,300,1
L/L2782.jpg,L,L,0.9930421113967896,300,1
L/L2787.jpg,L,L,0.9930379986763,300,1
L/L2790.jpg,L,L,0.9929909706115723,300,1
L/L2799.jpg,L,L,0.9928684830665588,300,1
L/L2801.jpg,L,L,0.9928479194641113,300,1
L/L2806.jpg,L,L,0.9929539561271667,300,1
L/L2809.jpg,L,L,0.9930221438407898,300,1
L/L281.jpg,L,L,0.9930540919303894,300,1
L/L2818.jpg,L,L,0.9929763674736023,300,1
L/L282.jpg,L,L,0.9930301308631897,300,1
L/L2825.jpg,L,L,0.9929511547088623,300,1
L/L2826.jpg,L,L,0.9929519295692444,300,1
L/L2829.jpg,L,L,0.9929017424583435,300,1
L/L283.jpg,L,L,0.9930458664894104,300,1
L/L2831.jpg,L,L,0.992914080619812,300,1
L/L2834.jpg,L,L,0.9928239583969116,300,1
L/L2835.jpg,L,L,0.9928069114685059,300,1
L/L2836.jpg,L,L,0.9928544163703918,300,1
L/L2838.jpg,L,L,0.9928931593894958,300,1
L/L2839.jpg,L,L,0.9929133057594299,300,1
L/L2841.jpg,L,L,0.9928868412971497,300,1
L/L285.jpg,L,L,0.992965817451477,300,1
L/L2857.jpg,L,L,0.9929087162017822,300,1
L/L286.jpg,L,L,0.9930148124694824,300,1
L/L2862.jpg,L,L,0.9928780198097229,300,1
L/L2866.jpg,L,L,0.9928731918334961,300,1
L/L2868.jpg,L,L,0.9928895235061646,300,1
L/L2872.jpg,L,L,0.9929211735725403,300,1
L/L2874.jpg,L,L,0.992927610874176,300,1
L/L2875.jpg,L,L,0.992914080619812,300,1
L/L2877.jpg,L,L,0.9928513765335083,300,1
L/L2880.jpg,L,L,0.9929443001747131,300,1
L/L2884.jpg,L,L,0.992974042892456,300,1
L/L2885.jpg,L,L,0.9929485321044922,300,1
L/L289.jpg,L,L,0.9929921627044678,300,1
L/L2890.jpg,L,L,0.9929815530776978,300,1
L/L2895.jpg,L,L,0.9930538535118103,300,1
L/L290.jpg,L,L,0.9930146932601929,300,1
L/L2906.jpg,L,L,0.9928737878799438,300,1
L/L2913.jpg,L,L,0.9929808378219604,300,1
L/L2925.jpg,L,L,0.9929568767547607,300,1
L/L2931.jpg,L,L,0.9929044842720032,300,1
L/L2933.jpg,L,L,0.9928982257843018,300,1
L/L2934.jpg,L,L,0.9928977489471436,300,1
L/L294.jpg,L,L,0.9930678606033325,300,1
L/L2942.jpg,L,L,0.9928869605064392,300,1
L/L2945.jpg,L,L,0.992824912071228,300,1
L/L2947.jpg,L,L,0.9928983449935913,300,1
L/L2953.jpg,L,L,0.9930007457733154,300,1
L/L2965.jpg,L,L,0.9928194880485535,300,1
L/L2966.jpg,L,L,0.992827832698822,300,1
L/L2968.jpg,L,L,0.9928625226020813,300,1
L/L2969.jpg,L,L,0.9928382039070129,300,1
L/L2971.jpg,L,L,0.9927703738212585,300,1
L/L2985.jpg,L,L,0.9926583170890808,300,1
L/L2995.jpg,L,L,0.9926375150680542,300,1
L/L3000.jpg,L,L,0.9926701784133911,300,1
L/L302.jpg,L,L,0.993026852607727,300,1
L/L303.jpg,L,L,0.9930039048194885,300,1
L/L305.jpg,L,L,0.993044912815094,300,1
L/L306.jpg,L,L,0.9930435419082642,300,1
L/L310.jpg,L,L,0.9929678440093994,300,1
L/L313.jpg,L,L,0.9929466843605042,300,1
L/L317.jpg,L,L,0.9930720925331116,300,1
L/L318.jpg,L,L,0.9931063055992126,300,1
L/L321.jpg,L,L,0.9930257797241211,300,1
L/L327.jpg,L,L,0.9931040406227112,300,1
L/L330.jpg,L,L,0.9932072758674622,300,1
L/L338.jpg,L,L,0.9931154847145081,300,1
L/L341.jpg,L,L,0.9930283427238464,300,1
L/L344.jpg,L,L,0.9930738210678101,300,1
L/L347.jpg,L,L,0.9930839538574219,300,1
L/L371.jpg,L,L,0.9931352138519287,300,1
L/L374.jpg,L,L,0.9930786490440369,300,1
L/L375.jpg,L,L,0.9930654764175415,300,1
L/L379.jpg,L,L,0.9930576086044312,300,1
L/L383.jpg,L,L,0.9930196404457092,300,1
L/L384.jpg,L,L,0.9929861426353455,300,1
L/L387.jpg,L,L,0.9929043650627136,300,1
L/L388.jpg,L,L,0.9928774237632751,300,1
L/L400.jpg,L,L,0.9930111765861511,300,1
L/L402.jpg,L,L,0.9930046200752258,300,1
L/L403.jpg,L,L,0.9930084943771362,300,1
L/L406.jpg,L,L,0.993097722530365,300,1
L/L411.jpg,L,L,0.993202805519104,300,1
L/L416.jpg,L,L,0.9931719303131104,300,1
L/L419.jpg,L,L,0.9931384921073914,300,1
L/L426.jpg,L,L,0.9930263757705688,300,1
L/L437.jpg,L,L,0.9930597543716431,300,1
L/L453.jpg,L,L,0.9929465651512146,300,1
L/L456.jpg,L,L,0.9929602742195129,300,1
L/L457.jpg,L,L,0.9929834604263306,300,1
L/L466.jpg,L,L,0.9929994344711304,300,1
L/L471.jpg,L,L,0.9930332899093628,300,1
L/L474.jpg,L,L,0.9930011034011841,300,1
L/L477.jpg,L,L,0.9929936528205872,300,1
L/L492.jpg,L,L,0.992986261844635,300,1
L/L496.jpg,L,L,0.9929839372634888,300,1
L/L501.jpg,L,L,0.9930914640426636,300,1
L/L502.jpg,L,L,0.9930616021156311,300,1
L/L511.jpg,L,L,0.9931538105010986,300,1
L/L512.jpg,L,L,0.9931522607803345,300,1
L/L514.jpg,L,L,0.9931339025497437,300,1
L/L517.jpg,L,L,0.99308842420578,300,1
L/L527.jpg,L,L,0.9930551648139954,300,1
L/L530.jpg,L,L,0.9931040406227112,300,1
L/L534.jpg,L,L,0.9930697083473206,300,1
L/L544.jpg,L,L,0.993061363697052,300,1
L/L548.jpg,L,L,0.9930129647254944,300,1
L/L555.jpg,L,L,0.9931941032409668,300,1
L/L563.jpg,L,L,0.9932296276092529,300,1
L/L566.jpg,L,L,0.9931981563568115,300,1
L/L57.jpg,L,L,0.9931023120880127,300,1
L/L589.jpg,L,L,0.9930258989334106,300,1
L/L594.jpg,L,L,0.9930577278137207,300,1
L/L599.jpg,L,L,0.9931255578994751,300,1
L/L6.jpg,L,L,0.9931172132492065,300,1
L/L601.jpg,L,L,0.9931098222732544,300,1
L/L608.jpg,L,L,0.9930632710456848,300,1
L/L611.jpg,L,L,0.9930562376976013,300,1
L/L616.jpg,L,L,0.9930911064147949,300,1
L/L617.jpg,L,L,0.9931129813194275,300,1
L/L634.jpg,L,L,0.993130624294281,300,1
L/L64.jpg,L,L,0.9931262731552124,300,1
L/L642.jpg,L,L,0.9931077361106873,300,1
L/L646.jpg,L,L,0.9931021928787231,300,1
L/L648.jpg,L,L,0.993129312992096,300,1
L/L649.jpg,L,L,0.9931455850601196,300,1
L/L650.jpg,L,L,0.9931328892707825,300,1
L/L651.jpg,L,L,0.9931775331497192,300,1
L/L657.jpg,L,L,0.9930592775344849,300,1
L/L67.jpg,L,L,0.9929907321929932,300,1
L/L670.jpg,L,L,0.9931489825248718,300,1
L/L672.jpg,L,L,0.993161678314209,300,1
L/L677.jpg,L,L,0.993137001991272,300,1
L/L680.jpg,L,L,0.9931854009628296,300,1
L/L683.jpg,L,L,0.9931560158729553,300,1
L/L685.jpg,L,L,0.9931111335754395,300,1
L/L695.jpg,L,L,0.9931219220161438,300,1
L/L697.jpg,L,L,0.9931198358535767,300,1
L/L698.jpg,L,L,0.993119478225708,300,1
L/L699.jpg,L,L,0.9931439161300659,300,1
L/L702.jpg,L,L,0.9931366443634033,300,1
L/L708.jpg,L,L,0.9931377172470093,300,1
L/L71.jpg,L,L,0.9929712414741516,300,1
L/L712.jpg,L,L,0.9930817484855652,300,1
L/L713.jpg,L,L,0.993073046207428,300,1
L/L717.jpg,L,L,0.9930645823478699,300,1
L/L719.jpg,L,L,0.9930840730667114,300,1
L/L724.jpg,L,L,0.9930849075317383,300,1
L/L726.jpg,L,L,0.9930324554443359,300,1
L/L727.jpg,L,L,0.9930334091186523,300,1
L/L733.jpg,L,L,0.9931454658508301,300,1
L/L740.jpg,L,L,0.9931854009628296,300,1
L/L742.jpg,L,L,0.9932275414466858,300,1
L/L743.jpg,L,L,0.9931949377059937,300,1
L/L746.jpg,L,L,0.9931830763816833,300,1
L/L755.jpg,L,L,0.9930760860443115,300,1
L/L761.jpg,L,L,0.9930922985076904,300,1
L/L771.jpg,L,L,0.9930958151817322,300,1
L/L772.jpg,L,L,0.993120551109314,300,1
L/L774.jpg,L,L,0.9930800795555115,300,1
L/L780.jpg,L,L,0.9930518865585327,300,1
L/L782.jpg,L,L,0.9930365681648254,300,1
L/L791.jpg,L,L,0.9930064678192139,300,1
L/L793.jpg,L,L,0.993009090423584,300,1
L/L8.jpg,L,L,0.9931300282478333,300,1
L/L807.jpg,L,L,0.9931052327156067,300,1
L/L815.jpg,L,L,0.9929216504096985,300,1
L/L816.jpg,L,L,0.9929534792900085,300,1
L/L827.jpg,L,L,0.9931275844573975,300,1
L/L828.jpg,L,L,0.9931539297103882,300,1
L/L832.jpg,L,L,0.9932073950767517,300,1
L/L843.jpg,L,L,0.99313884973526,300,1
L/L849.jpg,L,L,0.9931343793869019,300,1
L/L855.jpg,L,L,0.9931315779685974,300,1
L/L857.jpg,L,L,0.9931190013885498,300,1
L/L859.jpg,L,L,0.9931400418281555,300,1
L/L86.jpg,L,L,0.9930800795555115,300,1
L/L860.jpg,L,L,0.9931405186653137,300,1
L/L862.jpg,L,L,0.9931254386901855,300,1
L/L863.jpg,L,L,0.9930962920188904,300,1
L/L866.jpg,L,L,0.9931241869926453,300,1
L/L870.jpg,L,L,0.9931150078773499,300,1
L/L876.jpg,L,L,0.9931054711341858,300,1
L/L884.jpg,L,L,0.9930638670921326,300,1
L/L897.jpg,L,L,0.9931297898292542,300,1
L/L902.jpg,L,L,0.9931628704071045,300,1
L/L911.jpg,L,L,0.993192732334137,300,1
L/L912.jpg,L,L,0.9931476712226868,300,1
L/L923.jpg,L,L,0.9931191205978394,300,1
L/L930.jpg,L,L,0.9931307435035706,300,1
L/L932.jpg,L,L,0.9931350946426392,300,1
L/L935.jpg,L,L,0.9931460618972778,300,1
L/L938.jpg,L,L,0.9931383728981018,300,1
L/L942.jpg,L,L,0.9930528998374939,300,1
L/L943.jpg,L,L,0.9930441975593567,300,1
L/L956.jpg,L,L,0.9930309653282166,300,1
L/L957.jpg,L,L,0.9930175542831421,300,1
L/L960.jpg,L,L,0.9930100440979004,300,1
L/L961.jpg,L,L,0.9929832220077515,300,1
L/L963.jpg,L,L,0.9930150508880615,300,1
L/L965.jpg,L,L,0.9930770397186279,300,1
L/L966.jpg,L,L,0.9931087493896484,300,1
L/L972.jpg,L,L,0.9930592775344849,300,1
L/L978.jpg,L,L,0.9931353330612183,300,1
L/L979.jpg,L,L,0.9931271076202393,300,1
L/L984.jpg,L,L,0.9930269122123718,300,1
M/M1.jpg,M,M,0.9927878975868225,300,1
M/M1005.jpg,M,M,0.9932710528373718,300,1
M/M1006.jpg,M,M,0.9933574795722961,300,1
M/M1007.jpg,M,M,0.9932551383972168,300,1
M/M1008.jpg,M,M,0.9933964014053345,300,1
M/M101.jpg,M,M,0.9927675724029541,300,1
M/M1013.jpg,M,M,0.9932799935340881,300,1
M/M1020.jpg,M,M,0.9932158589363098,300,1
M/M1026.jpg,M,M,0.9933045506477356,300,1
M/M1028.jpg,M,M,0.9932265877723694,300,1
M/M1033.jpg,M,M,0.9933314919471741,300,1
M/M1048.jpg,M,M,0.9931939840316772,300,1
M/M1049.jpg,M,M,0.9931913018226624,300,1
M/M1057.jpg,M,M,0.993054211139679,300,1
M/M1058.jpg,M,M,0.9931018352508545,300,1
M/M1059.jpg,M,M,0.9931033849716187,300,1
M/M1063.jpg,M,M,0.9931533336639404,300,1
M/M1072.jpg,M,M,0.9932478666305542,300,1
M/M1076.jpg,M,M,0.9931349754333496,300,1
M/M1077.jpg,M,M,0.9931806325912476,300,1
M/M1079.jpg,M,M,0.9932217597961426,300,1
M/M108.jpg,M,M,0.9927226901054382,300,1
M/M1083.jpg,M,M,0.993236243724823,300,1
M/M1084.jpg,M,M,0.9930900931358337,300,1
M/M1093.jpg,M,M,0.9930835962295532,300,1
M/M1094.jpg,M,M,0.9930199980735779,300,1
M/M1103.jpg,M,M,0.9931319355964661,300,1
M/M1105.jpg,M,M,0.9931856393814087,300,1
M/M111.jpg,M,M,0.9927672147750854,300,1
M/M1110.jpg,M,M,0.9932065010070801,300,1
M/M1119.jpg,M,M,0.9931811690330505,300,1
M/M112.jpg,M,M,0.9927115440368652,300,1
M/M1122.jpg,M,M,0.9931800365447998,300,1
M/M1124.jpg,M,M,0.9931867122650146,300,1
M/M1130.jpg,M,M,0.9931601285934448,300,1
M/M1138.jpg,M,M,0.9931851029396057,300,1
M/M1140.jpg,M,M,0.9930946826934814,300,1
M/M1144.jpg,M,M,0.9931382536888123,300,1
M/M1149.jpg,M,M,0.9931683540344238,300,1
M/M1151.jpg,M,M,0.9931855201721191,300,1
M/M1153.jpg,M,M,0.9932324886322021,300,1
M/M116.jpg,M,M,0.9927420616149902,300,1
M/M1164.jpg,M,M,0.993253767490387,300,1
M/M1166.jpg,M,M,0.9932110905647278,300,1
M/M1169.jpg,M,M,0.993154764175415,300,1
M/M1177.jpg,M,M,0.9932809472084045,300,1
M/M1178.jpg,M,M,0.9932550191879272,300,1
M/M1179.jpg,M,M,0.9932032823562622,300,1
M/M1181.jpg,M,M,0.9932261109352112,300,1
M/M1193.jpg,M,M,0.9932729005813599,300,1
M/M1194.jpg,M,M,0.9932485818862915,300,1
M/M1195.jpg,M,M,0.993238091468811,300,1
M/M1208.jpg,M,M,0.993355393409729,300,1
M/M121.jpg,M,M,0.9927641749382019,300,1
M/M1218.jpg,M,M,0.9932594895362854,300,1
M/M1220.jpg,M,M,0.9933220744132996,300,1
M/M1223.jpg,M,M,0.9931334853172302,300,1
M/M1227.jpg,M,M,0.9932016730308533,300,1
M/M1228.jpg,M,M,0.9932389259338379,300,1
M/M1235.jpg,M,M,0.9931952953338623,300,1
M/M124.jpg,M,M,0.9927523136138916,300,1
M/M1248.jpg,M,M,0.9930741786956787,300,1
M/M1252.jpg,M,M,0.9931286573410034,300,1
M/M1256.jpg,M,M,0.9930939674377441,300,1
M/M1258.jpg,M,M,0.9931589961051941,300,1
M/M1262.jpg,M,M,0.9932786822319031,300,1
M/M1272.jpg,M,M,0.9933779835700989,300,1
M/M1273.jpg,M,M,0.9933306574821472,300,1
M/M1274.jpg,M,M,0.9932481050491333,300,1
M/M1275.jpg,M,M,0.99326092004776,300,1
M/M1276.jpg,M,M,0.993293046951294,300,1
M/M1278.jpg,M,M,0.9932210445404053,300,1
M/M128.jpg,M,M,0.9927247166633606,300,1
M/M1283.jpg,M,M,0.9932055473327637,300,1
M/M1286.jpg,M,M,0.993077278137207,300,1
M/M1289.jpg,M,M,0.9932472705841064,300,1
M/M129.jpg,M,M,0.9927123785018921,300,1
M/M1290.jpg,M,M,0.9932761192321777,300,1
M/M1292.jpg,M,M,0.9932394027709961,300,1
M/M1305.jpg,M,M,0.9932896494865417,300,1
M/M1312.jpg,M,M,0.9931830763816833,300,1
M/M1344.jpg,M,M,0.9932788014411926,300,1
M/M1350.jpg,M,M,0.9930754899978638,300,1
M/M1351.jpg,M,M,0.9931286573410034,300,1
M/M1354.jpg,M,M,0.9931237101554871,300,1
M/M1361.jpg,M,M,0.9930262565612793,300,1
M/M1367.jpg,M,M,0.992878258228302,300,1
M/M1373.jpg,M,M,0.9929870963096619,300,1
M/M1374.jpg,M,M,0.9930022358894348,300,1
M/M1381.jpg,M,M,0.9927144646644592,300,1
M/M140.jpg,M,M,0.9927573204040527,300,1
M/M1400.jpg,M,M,0.9927595853805542,300,1
M/M1403.jpg,M,M,0.9927700161933899,300,1
M/M1404.jpg,M,M,0.992698609828949,300,1
M/M1408.jpg,M,M,0.9928467869758606,300,1
M/M1412.jpg,M,M,0.9929357171058655,300,1
M/M1417.jpg,M,M,0.9929774403572083,300,1
M/M1419.jpg,M,M,0.9929876923561096,300,1
M/M1420.jpg,M,M,0.9929634928703308,300,1
M/M1424.jpg,M,M,0.9929967522621155,300,1
M/M1427.jpg,M,M,0.9930043816566467,300,1
M/M1429.jpg,M,M,0.993002712726593,300,1
M/M1431.jpg,M,M,0.9930121302604675,300,1
M/M1432.jpg,M,M,0.9930554032325745,300,1
M/M1433.jpg,M,M,0.9930102229118347,300,1
M/M1434.jpg,M,M,0.993021547794342,300,1
M/M1436.jpg,M,M,0.993016242980957,300,1
M/M1438.jpg,M,M,0.9929922819137573,300,1
M/M1440.jpg,M,M,0.9929490089416504,300,1
M/M1441.jpg,M,M,0.9929889440536499,300,1
M/M1448.jpg,M,M,0.9932016730308533,300,1
M/M1452.jpg,M,M,0.9932047128677368,300,1
M/M1460.jpg,M,M,0.9932070374488831,300,1
M/M1461.jpg,M,M,0.9931057095527649,300,1
M/M1468.jpg,M,M,0.993190348148346,300,1
M/M1474.jpg,M,M,0.9929647445678711,300,1
M/M1475.jpg,M,M,0.9929695725440979,300,1
M/M1477.jpg,M,M,0.9930427074432373,300,1
M/M1479.jpg,M,M,0.9930973649024963,300,1
M/M1483.jpg,M,M,0.9931127429008484,300,1
M/M1491.jpg,M,M,0.9933434724807739,300,1
M/M15.jpg,M,M,0.99273282289505,300,1
M/M1505.jpg,M,M,0.9933413863182068,300,1
M/M1506.jpg,M,M,0.9933332800865173,300,1
M/M1507.jpg,M,M,0.993226945400238,300,1
M/M1509.jpg,M,M,0.9930798411369324,300,1
M/M1520.jpg,M,M,0.9931158423423767,300,1
M/M1525.jpg,M,M,0.9931841492652893,300,1
M/M1528.jpg,M,M,0.9933021068572998,300,1
M/M1531.jpg,M,M,0.9933004379272461,300,1
M/M154.jpg,M,M,0.9927131533622742,300,1
M/M1540.jpg,M,M,0.9933770298957825,300,1
M/M1543.jpg,M,M,0.9933400750160217,300,1
M/M155.jpg,M,M,0.9927225708961487,300,1
M/M1551.jpg,M,M,0.9934206604957581,300,1
M/M1552.jpg,M,M,0.9933698177337646,300,1
M/M1557.jpg,M,M,0.9932718873023987,300,1
M/M1561.jpg,M,M,0.9932796359062195,300,1
M/M1565.jpg,M,M,0.9932531714439392,300,1
M/M1568.jpg,M,M,0.9931555390357971,300,1
M/M157.jpg,M,M,0.9927781224250793,300,1
M/M1570.jpg,M,M,0.9930949807167053,300,1
M/M1579.jpg,M,M,0.993251383304596,300,1
M/M1585.jpg,M,M,0.9932603240013123,300,1
M/M1587.jpg,M,M,0.9932585954666138,300,1
M/M1597.jpg,M,M,0.9931666254997253,300,1
M/M1598.jpg,M,M,0.9933502078056335,300,1
M/M1599.jpg,M,M,0.9932723641395569,300,1
M/M1600.jpg,M,M,0.9933585524559021,300,1
M/M1601.jpg,M,M,0.9933344125747681,300,1
M/M1606.jpg,M,M,0.9933236241340637,300,1
M/M1607.jpg,M,M,0.9932829141616821,300,1
M/M161.jpg,M,M,0.9927238821983337,300,1
M/M1617.jpg,M,M,0.9932208061218262,300,1
M/M1618.jpg,M,M,0.9931902289390564,300,1
M/M1626.jpg,M,M,0.9932094216346741,300,1
M/M1639.jpg,M,M,0.9931973218917847,300,1
M/M1640.jpg,M,M,0.9932210445404053,300,1
M/M1641.jpg,M,M,0.9931799173355103,300,1
M/M1642.jpg,M,M,0.9931799173355103,300,1
M/M1648.jpg,M,M,0.9932683110237122,300,1
M/M165.jpg,M,M,0.9928021430969238,300,1
M/M1653.jpg,M,M,0.9932757616043091,300,1
M/M1659.jpg,M,M,0.9932693839073181,300,1
M/M1660.jpg,M,M,0.9932968020439148,300,1
M/M1662.jpg,M,M,0.993259608745575,300,1
M/M1665.jpg,M,M,0.9933565258979797,300,1
M/M1666.jpg,M,M,0.9933139681816101,300,1
M/M1673.jpg,M,M,0.9933795928955078,300,1
M/M1679.jpg,M,M,0.9933603405952454,300,1
M/M168.jpg,M,M,0.9927501678466797,300,1
M/M1685.jpg,M,M,0.9935604333877563,300,1
M/M1688.jpg,M,M,0.9935007691383362,300,1
M/M1696.jpg,M,M,0.993365466594696,300,1
M/M1699.jpg,M,M,0.9933733940124512,300,1
M/M17.jpg,M,M,0.9926976561546326,300,1
M/M1705.jpg,M,M,0.9932135343551636,300,1
M/M1708.jpg,M,M,0.99333256483078,300,1
M/M1710.jpg,M,M,0.9932738542556763,300,1
M/M1713.jpg,M,M,0.9932403564453125,300,1
M/M1714.jpg,M,M,0.9933536052703857,300,1
M/M1716.jpg,M,M,0.9932278990745544,300,1
M/M1722.jpg,M,M,0.9929889440536499,300,1
M/M1736.jpg,M,M,0.9928668737411499,300,1
M/M1737.jpg,M,M,0.9930269122123718,300,1
M/M1738.jpg,M,M,0.9929977655410767,300,1
M/M1745.jpg,M,M,0.9930315017700195,300,1
M/M1747.jpg,M,M,0.9930464625358582,300,1
M/M1750.jpg,M,M,0.9931432008743286,300,1
M/M1753.jpg,M,M,0.9930419921875,300,1
M/M1755.jpg,M,M,0.9929433465003967,300,1
M/M1768.jpg,M,M,0.9930504560470581,300,1
M/M1773.jpg,M,M,0.9931715726852417,300,1
M/M1775.jpg,M,M,0.9932790398597717,300,1
M/M1779.jpg,M,M,0.9931554198265076,300,1
M/M1798.jpg,M,M,0.9931721687316895,300,1
M/M180.jpg,M,M,0.9927022457122803,300,1
M/M1803.jpg,M,M,0.9932536482810974,300,1
M/M1816.jpg,M,M,0.9933691620826721,300,1
M/M1820.jpg,M,M,0.9934070110321045,300,1
M/M1825.jpg,M,M,0.9932786822319031,300,1
M/M1828.jpg,M,M,0.9933093786239624,300,1
M/M1829.jpg,M,M,0.9933740496635437,300,1
M/M183.jpg,M,M,0.992606520652771,300,1
M/M1834.jpg,M,M,0.9932782053947449,300,1
M/M1837.jpg,M,M,0.9932918548583984,300,1
M/M1842.jpg,M,M,0.9932857155799866,300,1
M/M1845.jpg,M,M,0.9934272766113281,300,1
M/M1848.jpg,M,M,0.993372917175293,300,1
M/M1853.jpg,M,M,0.9933269023895264,300,1
M/M1859.jpg,M,M,0.9932483434677124,300,1
M/M1860.jpg,M,M,0.9933172464370728,300,1
M/M1872.jpg,M,M,0.9933132529258728,300,1
M/M1881.jpg,M,M,0.99333655834198,300,1
M/M1884.jpg,M,M,0.9932646751403809,300,1
M/M1887.jpg,M,M,0.9933112859725952,300,1
M/M1889.jpg,M,M,0.9933326840400696,300,1
M/M1891.jpg,M,M,0.9933071732521057,300,1
M/M1894.jpg,M,M,0.9932564496994019,300,1
M/M1896.jpg,M,M,0.9931341409683228,300,1
M/M19.jpg,M,M,0.9927692413330078,300,1
M/M1904.jpg,M,M,0.9929853081703186,300,1
M/M191.jpg,M,M,0.9926428198814392,300,1
M/M1911.jpg,M,M,0.9928733110427856,300,1
M/M1915.jpg,M,M,0.9928532242774963,300,1
M/M1919.jpg,M,M,0.9928364157676697,300,1
M/M192.jpg,M,M,0.9926277995109558,300,1
M/M1924.jpg,M,M,0.9927540421485901,300,1
M/M1926.jpg,M,M,0.9928218722343445,300,1
M/M193.jpg,M,M,0.992664635181427,300,1
M/M1932.jpg,M,M,0.9929993152618408,300,1
M/M1935.jpg,M,M,0.9931250810623169,300,1
M/M1944.jpg,M,M,0.9932181239128113,300,1
M/M1961.jpg,M,M,0.9932332634925842,300,1
M/M1964.jpg,M,M,0.9932495355606079,300,1
M/M1966.jpg,M,M,0.9932419657707214,300,1
M/M1968.jpg,M,M,0.9930434226989746,300,1
M/M198.jpg,M,M,0.9926210641860962,300,1
M/M1981.jpg,M,M,0.9933532476425171,300,1
M/M1985.jpg,M,M,0.9933011531829834,300,1
M/M1986.jpg,M,M,0.9933145642280579,300,1
M/M1988.jpg,M,M,0.9933027029037476,300,1
M/M1991.jpg,M,M,0.9932838678359985,300,1
M/M2007.jpg,M,M,0.9929046034812927,300,1
M/M2013.jpg,M,M,0.9929591417312622,300,1
M/M202.jpg,M,M,0.9925500154495239,300,1
M/M2020.jpg,M,M,0.9931229948997498,300,1
M/M2022.jpg,M,M,0.9930269122123718,300,1
M/M2030.jpg,M,M,0.9931071400642395,300,1
M/M2036.jpg,M,M,0.9930945634841919,300,1
M/M2041.jpg,M,M,0.9932842254638672,300,1
M/M2043.jpg,M,M,0.9932090640068054,300,1
M/M2044.jpg,M,M,0.9932872653007507,300,1
M/M205.jpg,M,M,0.9925239682197571,300,1
M/M2055.jpg,M,M,0.9929232597351074,300,1
M/M2056.jpg,M,M,0.992961585521698,300,1
M/M2060.jpg,M,M,0.9928921461105347,300,1
M/M2062.jpg,M,M,0.9930933713912964,300,1
M/M2063.jpg,M,M,0.9931147694587708,300,1
M/M2067.jpg,M,M,0.992988646030426,300,1
M/M207.jpg,M,M,0.9925770163536072,300,1
M/M2073.jpg,M,M,0.9928886294364929,300,1
M/M2088.jpg,M,M,0.9929797053337097,300,1
M/M2092.jpg,M,M,0.9930973649024963,300,1
M/M2093.jpg,M,M,0.9930340051651001,300,1
M/M2094.jpg,M,M,0.9930676221847534,300,1
M/M2095.jpg,M,M,0.9930647015571594,300,1
M/M2105.jpg,M,M,0.9930484294891357,300,1
M/M2106.jpg,M,M,0.9931024312973022,300,1
M/M2115.jpg,M,M,0.9931319355964661,300,1
M/M2118.jpg,M,M,0.9932998418807983,300,1
M/M212.jpg,M,M,0.9926683902740479,300,1
M/M2129.jpg,M,M,0.9932959675788879,300,1
M/M213.jpg,M,M,0.9926959276199341,300,1
M/M214.jpg,M,M,0.9926965236663818,300,1
M/M2144.jpg,M,M,0.9933506846427917,300,1
M/M2145.jpg,M,M,0.9932699799537659,300,1
M/M2147.jpg,M,M,0.9933981895446777,300,1
M/M2150.jpg,M,M,0.9934055805206299,300,1
M/M2156.jpg,M,M,0.9931086301803589,300,1
M/M2161.jpg,M,M,0.9930718541145325,300,1
M/M2163.jpg,M,M,0.9932405948638916,300,1
M/M2167.jpg,M,M,0.9931403994560242,300,1
M/M2170.jpg,M,M,0.9931797981262207,300,1
M/M2176.jpg,M,M,0.9930762052536011,300,1
M/M218.jpg,M,M,0.9927145838737488,300,1
M/M2185.jpg,M,M,0.9929846525192261,300,1
M/M2188.jpg,M,M,0.9930024743080139,300,1
M/M2190.jpg,M,M,0.9929613471031189,300,1
M/M2191.jpg,M,M,0.9930251836776733,300,1
M/M220.jpg,M,M,0.9927173852920532,300,1
M/M2200.jpg,M,M,0.9929637908935547,300,1
M/M2207.jpg,M,M,0.9931311011314392,300,1
M/M222.jpg,M,M,0.9926803708076477,300,1
M/M2220.jpg,M,M,0.9929903745651245,300,1
M/M2227.jpg,M,M,0.9929932951927185,300,1
M/M2232.jpg,M,M,0.9929906129837036,300,1
M/M2236.jpg,M,M,0.9930186867713928,300,1
M/M2239.jpg,M,M,0.9930365681648254,300,1
M/M2246.jpg,M,M,0.9929937720298767,300,1
M/M2250.jpg,M,M,0.9929821491241455,300,1
M/M2258.jpg,M,M,0.993049144744873,300,1
M/M226.jpg,M,M,0.9926349520683289,300,1
M/M2261.jpg,M,M,0.9929879307746887,300,1
M/M2262.jpg,M,M,0.9930039048194885,300,1
M/M2263.jpg,M,M,0.9930562376976013,300,1
M/M228.jpg,M,M,0.9926122426986694,300,1
M/M229.jpg,M,M,0.9926585555076599,300,1
M/M2292.jpg,M,M,0.9928885102272034,300,1
M/M2301.jpg,M,M,0.9928701519966125,300,1
M/M2303.jpg,M,M,0.9927466511726379,300,1
M/M2305.jpg,M,M,0.9929312467575073,300,1
M/M2306.jpg,M,M,0.9928134083747864,300,1
M/M2307.jpg,M,M,0.9928678274154663,300,1
M/M2308.jpg,M,M,0.9930316209793091,300,1
M/M2321.jpg,M,M,0.9929561614990234,300,1
M/M2327.jpg,M,M,0.9929229021072388,300,1
M/M2331.jpg,M,M,0.9929795861244202,300,1
M/M2332.jpg,M,M,0.9929506778717041,300,1
M/M2335.jpg,M,M,0.9928944706916809,300,1
M/M2338.jpg,M,M,0.9930130839347839,300,1
M/M2343.jpg,M,M,0.9928545355796814,300,1
M/M2344.jpg,M,M,0.9929250478744507,300,1
M/M2345.jpg,M,M,0.9928784966468811,300,1
M/M2371.jpg,M,M,0.9929888844490051,300,1
M/M2372.jpg,M,M,0.9928695559501648,300,1
M/M2374.jpg,M,M,0.9929620623588562,300,1
M/M2384.jpg,M,M,0.9931532144546509,300,1
M/M2385.jpg,M,M,0.9929487705230713,300,1
M/M2389.jpg,M,M,0.9929292798042297,300,1
M/M240.jpg,M,M,0.9926637411117554,300,1
M/M2414.jpg,M,M,0.9929699301719666,300,1
M/M2427.jpg,M,M,0.9929465651512146,300,1
M/M2428.jpg,M,M,0.9929730892181396,300,1
M/M2429.jpg,M,M,0.9929271340370178,300,1
M/M2431.jpg,M,M,0.9929896593093872,300,1
M/M2439.jpg,M,M,0.9929973483085632,300,1
M/M2447.jpg,M,M,0.9931812882423401,300,1
M/M2460.jpg,M,M,0.9929395914077759,300,1
M/M2477.jpg,M,M,0.993003785610199,300,1
M/M248.jpg,M,M,0.9926306009292603,300,1
M/M2487.jpg,M,M,0.9929950833320618,300,1
M/M2490.jpg,M,M,0.9930684566497803,300,1
M/M2495.jpg,M,M,0.9930497407913208,300,1
M/M2504.jpg,M,M,0.9927954077720642,300,1
M/M251.jpg,M,M,0.992621898651123,300,1
M/M2512.jpg,M,M,0.9928430318832397,300,1
M/M2518.jpg,M,M,0.9927733540534973,300,1
M/M2528.jpg,M,M,0.9928054213523865,300,1
M/M253.jpg,M,M,0.992576003074646,300,1
M/M2533.jpg,M,M,0.992708146572113,300,1
M/M2540.jpg,M,M,0.9926645159721375,300,1
M/M2546.jpg,M,M,0.9927626252174377,300,1
M/M2550.jpg,M,M,0.9927379488945007,300,1
M/M2554.jpg,M,M,0.9927638173103333,300,1
M/M2557.jpg,M,M,0.9927908182144165,300,1
M/M2558.jpg,M,M,0.9927750825881958,300,1
M/M2560.jpg,M,M,0.9927155375480652,300,1
M/M2566.jpg,M,M,0.9926502108573914,300,1
M/M2569.jpg,M,M,0.992694616317749,300,1
M/M2570.jpg,M,M,0.9927385449409485,300,1
M/M2577.jpg,M,M,0.9926839470863342,300,1
M/M258.jpg,M,M,0.992651641368866,300,1
M/M2591.jpg,M,M,0.9927105903625488,300,1
M/M2594.jpg,M,M,0.9927217364311218,300,1
M/M26.jpg,M,M,0.9928237199783325,300,1
M/M2602.jpg,M,M,0.9928366541862488,300,1
M/M2605.jpg,M,M,0.9927496910095215,300,1
M/M2611.jpg,M,M,0.9926666617393494,300,1
M/M2633.jpg,M,M,0.992803156375885,300,1
M/M2636.jpg,M,M,0.9928109049797058,300,1
M/M264.jpg,M,M,0.9926002025604248,300,1
M/M2642.jpg,M,M,0.9928225874900818,300,1
M/M2648.jpg,M,M,0.9928920269012451,300,1
M/M2650.jpg,M,M,0.9929333925247192,300,1
M/M2652.jpg,M,M,0.992936909198761,300,1
M/M2660.jpg,M,M,0.9930209517478943,300,1
M/M2661.jpg,M,M,0.993070662021637,300,1
M/M2679.jpg,M,M,0.9927654266357422,300,1
M/M268.jpg,M,M,0.9926180243492126,300,1
M/M2680.jpg,M,M,0.9928486347198486,300,1
M/M2681.jpg,M,M,0.9929065704345703,300,1
M/M2695.jpg,M,M,0.9928531050682068,300,1
M/M27.jpg,M,M,0.9928602576255798,300,1
M/M2701.jpg,M,M,0.9928843975067139,300,1
M/M2702.jpg,M,M,0.9928922653198242,300,1
M/M2703.jpg,M,M,0.9928446412086487,300,1
M/M2714.jpg,M,M,0.9928695559501648,300,1
M/M272.jpg,M,M,0.9926322102546692,300,1
M/M2728.jpg,M,M,0.9929130673408508,300,1
M/M2729.jpg,M,M,0.9928838014602661,300,1
M/M2731.jpg,M,M,0.9928790926933289,300,1
M/M2735.jpg,M,M,0.9930174350738525,300,1
M/M2740.jpg,M,M,0.9929112792015076,300,1
M/M2741.jpg,M,M,0.9929555654525757,300,1
M/M2755.jpg,M,M,0.9927466511726379,300,1
M/M2763.jpg,M,M,0.9927676916122437,300,1
M/M277.jpg,M,M,0.9927184581756592,300,1
M/M2770.jpg,M,M,0.9927663803100586,300,1
M/M2772.jpg,M,M,0.9927050471305847,300,1
M/M2788.jpg,M,M,0.9925827980041504,300,1
M/M2791.jpg,M,M,0.992579996585846,300,1
M/M2792.jpg,M,M,0.9926297664642334,300,1
M/M2795.jpg,M,M,0.9925655126571655,300,1
M/M2796.jpg,M,M,0.9925487041473389,300,1
M/M2797.jpg,M,M,0.9925843477249146,300,1
M/M2800.jpg,M,M,0.9926735758781433,300,1
M/M2806.jpg,M,M,0.9924445748329163,300,1
M/M2818.jpg,M,M,0.9926193356513977,300,1
M/M2839.jpg,M,M,0.9925450682640076,300,1
M/M2845.jpg,M,M,0.9926209449768066,300,1
M/M2846.jpg,M,M,0.9926359057426453,300,1
M/M2851.jpg,M,M,0.9926223754882812,300,1
M/M286.jpg,M,M,0.9926319122314453,300,1
M/M2872.jpg,M,M,0.9928461909294128,300,1
M/M2883.jpg,M,M,0.9928521513938904,300,1
M/M289.jpg,M,M,0.9925754070281982,300,1
M/M2893.jpg,M,M,0.99285489320755,300,1
M/M2895.jpg,M,M,0.9928408861160278,300,1
M/M290.jpg,M,M,0.9925757646560669,300,1
M/M2905.jpg,M,M,0.9928615689277649,300,1
M/M2913.jpg,M,M,0.9929134249687195,300,1
M/M2914.jpg,M,M,0.9928026795387268,300,1
M/M2916.jpg,M,M,0.9927948117256165,300,1
M/M2925.jpg,M,M,0.9926427006721497,300,1
M/M2930.jpg,M,M,0.992631196975708,300,1
M/M2933.jpg,M,M,0.9925298094749451,300,1
M/M2935.jpg,M,M,0.9926232099533081,300,1
M/M2942.jpg,M,M,0.9927034378051758,300,1
M/M2948.jpg,M,M,0.9926794767379761,300,1
M/M295.jpg,M,M,0.9925265312194824,300,1
M/M2951.jpg,M,M,0.9926306009292603,300,1
M/M2954.jpg,M,M,0.9925535321235657,300,1
M/M2956.jpg,M,M,0.9926427006721497,300,1
M/M2957.jpg,M,M,0.9925876259803772,300,1
M/M296.jpg,M,M,0.9925848841667175,300,1
M/M2963.jpg,M,M,0.9926290512084961,300,1
M/M2973.jpg,M,M,0.9925622344017029,300,1
M/M2975.jpg,M,M,0.9926658272743225,300,1
M/M2976.jpg,M,M,0.9925639033317566,300,1
M/M2996.jpg,M,M,0.9925079941749573,300,1
M/M30.jpg,M,M,0.9928951859474182,300,1
M/M300.jpg,M,M,0.9925777316093445,300,1
M/M309.jpg,M,M,0.9924610257148743,300,1
M/M312.jpg,M,M,0.9924221634864807,300,1
M/M318.jpg,M,M,0.9925947785377502,300,1
M/M321.jpg,M,M,0.9925030469894409,300,1
M/M323.jpg,M,M,0.9924691319465637,300,1
M/M328.jpg,M,M,0.9924105405807495,300,1
M/M329.jpg,M,M,0.992476761341095,300,1
M/M330.jpg,M,M,0.992438793182373,300,1
M/M334.jpg,M,M,0.9922887682914734,300,1
M/M348.jpg,M,M,0.9922769069671631,300,1
M/M351.jpg,M,M,0.9922131896018982,300,1
M/M359.jpg,M,M,0.9922662377357483,300,1
M/M361.jpg,M,M,0.9922667145729065,300,1
M/M365.jpg,M,M,0.9922264814376831,300,1
M/M374.jpg,M,M,0.992555558681488,300,1
M/M378.jpg,M,M,0.9926016926765442,300,1
M/M379.jpg,M,M,0.9925988912582397,300,1
M/M384.jpg,M,M,0.9926277995109558,300,1
M/M386.jpg,M,M,0.9926382303237915,300,1
M/M39.jpg,M,M,0.9927563071250916,300,1
M/M397.jpg,M,M,0.9926537275314331,300,1
M/M4.jpg,M,M,0.9928374886512756,300,1
M/M401.jpg,M,M,0.9927440881729126,300,1
M/M413.jpg,M,M,0.992597222328186,300,1
M/M414.jpg,M,M,0.9926401972770691,300,1
M/M415.jpg,M,M,0.992656409740448,300,1
M/M417.jpg,M,M,0.9926682114601135,300,1
M/M434.jpg,M,M,0.9925826787948608,300,1
M/M438.jpg,M,M,0.9925941824913025,300,1
M/M440.jpg,M,M,0.9925253391265869,300,1
M/M455.jpg,M,M,0.9925788044929504,300,1
M/M459.jpg,M,M,0.9926415085792542,300,1
M/M460.jpg,M,M,0.992599606513977,300,1
M/M475.jpg,M,M,0.9927065968513489,300,1
M/M476.jpg,M,M,0.992691695690155,300,1
M/M48.jpg,M,M,0.992766261100769,300,1
M/M482.jpg,M,M,0.992603600025177,300,1
M/M486.jpg,M,M,0.992474377155304,300,1
M/M498.jpg,M,M,0.9925441741943359,300,1
M/M5.jpg,M,M,0.9928215146064758,300,1
M/M503.jpg,M,M,0.9924855828285217,300,1
M/M507.jpg,M,M,0.9923622608184814,300,1
M/M512.jpg,M,M,0.992382824420929,300,1
M/M514.jpg,M,M,0.992398202419281,300,1
M/M517.jpg,M,M,0.9924817085266113,300,1
M/M524.jpg,M,M,0.9924431443214417,300,1
M/M525.jpg,M,M,0.9924399852752686,300,1
M/M526.jpg,M,M,0.9924833178520203,300,1
M/M528.jpg,M,M,0.9924678206443787,300,1
M/M529.jpg,M,M,0.9925060868263245,300,1
M/M53.jpg,M,M,0.9928956627845764,300,1
M/M533.jpg,M,M,0.9926007390022278,300,1
M/M539.jpg,M,M,0.9926401972770691,300,1
M/M543.jpg,M,M,0.9926220178604126,300,1
M/M552.jpg,M,M,0.9925796389579773,300,1
M/M554.jpg,M,M,0.9925610423088074,300,1
M/M559.jpg,M,M,0.992782711982727,300,1
M/M561.jpg,M,M,0.9928115010261536,300,1
M/M565.jpg,M,M,0.9927563071250916,300,1
M/M57.jpg,M,M,0.9928511381149292,300,1
M/M574.jpg,M,M,0.9926954507827759,300,1
M/M575.jpg,M,M,0.9926275610923767,300,1
M/M577.jpg,M,M,0.9927894473075867,300,1
M/M582.jpg,M,M,0.9928439259529114,300,1
M/M590.jpg,M,M,0.9929128289222717,300,1
M/M591.jpg,M,M,0.9929089546203613,300,1
M/M594.jpg,M,M,0.9929825067520142,300,1
M/M598.jpg,M,M,0.9929514527320862,300,1
M/M600.jpg,M,M,0.992961585521698,300,1
M/M602.jpg,M,M,0.9929722547531128,300,1
M/M603.jpg,M,M,0.9929927587509155,300,1
M/M608.jpg,M,M,0.9930023550987244,300,1
M/M612.jpg,M,M,0.9931285381317139,300,1
M/M614.jpg,M,M,0.993000864982605,300,1
M/M62.jpg,M,M,0.9928727149963379,300,1
M/M622.jpg,M,M,0.9930184483528137,300,1
M/M623.jpg,M,M,0.9930177927017212,300,1
M/M627.jpg,M,M,0.992999792098999,300,1
M/M631.jpg,M,M,0.9930059909820557,300,1
M/M645.jpg,M,M,0.9929243326187134,300,1
M/M660.jpg,M,M,0.9929485321044922,300,1
M/M661.jpg,M,M,0.9929527640342712,300,1
M/M673.jpg,M,M,0.99284428358078,300,1
M/M683.jpg,M,M,0.9927922487258911,300,1
M/M689.jpg,M,M,0.9927271604537964,300,1
M/M691.jpg,M,M,0.9926794767379761,300,1
M/M694.jpg,M,M,0.9926816821098328,300,1
M/M711.jpg,M,M,0.9927936792373657,300,1
M/M716.jpg,M,M,0.9928154945373535,300,1
M/M72.jpg,M,M,0.9928887486457825,300,1
M/M722.jpg,M,M,0.9929338693618774,300,1
M/M727.jpg,M,M,0.9928050637245178,300,1
M/M729.jpg,M,M,0.9927850961685181,300,1
M/M730.jpg,M,M,0.9927539229393005,300,1
M/M740.jpg,M,M,0.992950439453125,300,1
M/M747.jpg,M,M,0.9928997755050659,300,1
M/M752.jpg,M,M,0.9929139614105225,300,1
M/M755.jpg,M,M,0.9929487705230713,300,1
M/M76.jpg,M,M,0.992830216884613,300,1
M/M760.jpg,M,M,0.992931604385376,300,1
M/M765.jpg,M,M,0.9928735494613647,300,1
M/M769.jpg,M,M,0.9928762912750244,300,1
M/M77.jpg,M,M,0.9927607774734497,300,1
M/M771.jpg,M,M,0.9928717017173767,300,1
M/M772.jpg,M,M,0.992893397808075,300,1
M/M773.jpg,M,M,0.9927944540977478,300,1
M/M778.jpg,M,M,0.9928679466247559,300,1
M/M779.jpg,M,M,0.9928332567214966,300,1
M/M786.jpg,M,M,0.9928311109542847,300,1
M/M791.jpg,M,M,0.9928131699562073,300,1
M/M794.jpg,M,M,0.9928183555603027,300,1
M/M795.jpg,M,M,0.9928741455078125,300,1
M/M800.jpg,M,M,0.9928478002548218,300,1
M/M808.jpg,M,M,0.9928224682807922,300,1
M/M813.jpg,M,M,0.9929144382476807,300,1
M/M814.jpg,M,M,0.9929232597351074,300,1
M/M819.jpg,M,M,0.992760419845581,300,1
M/M824.jpg,M,M,0.9928714632987976,300,1
M/M825.jpg,M,M,0.9928597807884216,300,1
M/M83.jpg,M,M,0.9927487969398499,300,1
M/M832.jpg,M,M,0.9929302334785461,300,1
M/M838.jpg,M,M,0.9929090738296509,300,1
M/M842.jpg,M,M,0.992874026298523,300,1
M/M843.jpg,M,M,0.9929044842720032,300,1
M/M844.jpg,M,M,0.9928798079490662,300,1
M/M851.jpg,M,M,0.9928915500640869,300,1
M/M861.jpg,M,M,0.9929112792015076,300,1
M/M873.jpg,M,M,0.9928951859474182,300,1
M/M877.jpg,M,M,0.9928759336471558,300,1
M/M879.jpg,M,M,0.9928951859474182,300,1
M/M88.jpg,M,M,0.9927543997764587,300,1
M/M888.jpg,M,M,0.9929332733154297,300,1
M/M896.jpg,M,M,0.9929530024528503,300,1
M/M899.jpg,M,M,0.992949366569519,300,1
M/M90.jpg,M,M,0.9928781390190125,300,1
M/M901.jpg,M,M,0.9929583072662354,300,1
M/M904.jpg,M,M,0.992881178855896,300,1
M/M905.jpg,M,M,0.9929145574569702,300,1
M/M917.jpg,M,M,0.992967963218689,300,1
M/M92.jpg,M,M,0.9928421974182129,300,1
M/M928.jpg,M,M,0.9928759336471558,300,1
M/M929.jpg,M,M,0.9928895235061646,300,1
M/M940.jpg,M,M,0.9928402900695801,300,1
M/M949.jpg,M,M,0.992823600769043,300,1
M/M951.jpg,M,M,0.9927582740783691,300,1
M/M953.jpg,M,M,0.9928088188171387,300,1
M/M958.jpg,M,M,0.9929320812225342,300,1
M/M961.jpg,M,M,0.992867112159729,300,1
M/M965.jpg,M,M,0.9928643703460693,300,1
M/M967.jpg,M,M,0.9928907155990601,300,1
M/M968.jpg,M,M,0.9928795695304871,300,1
M/M97.jpg,M,M,0.9927986860275269,300,1
M/M975.jpg,M,M,0.9929688572883606,300,1
M/M984.jpg,M,M,0.9927548766136169,300,1
M/M985.jpg,M,M,0.9927539229393005,300,1
M/M987.jpg,M,M,0.9927254915237427,300,1
M/M991.jpg,M,M,0.9927517175674438,300,1
N/N100.jpg,N,N,0.9930981993675232,300,1
N/N101.jpg,N,N,0.9930806756019592,300,1
N/N1011.jpg,N,N,0.9933213591575623,300,1
N/N1012.jpg,N,N,0.9932631850242615,300,1
N/N1014.jpg,N,N,0.9932352900505066,300,1
N/N1023.jpg,N,N,0.9933416247367859,300,1
N/N1039.jpg,N,N,0.9930893778800964,300,1
N/N1045.jpg,N,N,0.9931228756904602,300,1
N/N1048.jpg,N,N,0.9931012392044067,300,1
N/N1053.jpg,N,N,0.9933671355247498,300,1
N/N1058.jpg,N,N,0.9932987689971924,300,1
N/N1059.jpg,N,N,0.9933269023895264,300,1
N/N1061.jpg,N,N,0.993133008480072,300,1
N/N1070.jpg,N,N,0.9932141304016113,300,1
N/N108.jpg,N,N,0.9930784106254578,300,1
N/N1081.jpg,N,N,0.9932390451431274,300,1
N/N1084.jpg,N,N,0.9933136105537415,300,1
N/N109.jpg,N,N,0.9930785298347473,300,1
N/N1102.jpg,N,N,0.9933425784111023,300,1
N/N1105.jpg,N,N,0.9932957291603088,300,1
N/N1111.jpg,N,N,0.9932732582092285,300,1
N/N1118.jpg,N,N,0.9932323694229126,300,1
N/N1125.jpg,N,N,0.9932349324226379,300,1
N/N1126.jpg,N,N,0.9931623935699463,300,1
N/N1128.jpg,N,N,0.9932199716567993,300,1
N/N1131.jpg,N,N,0.9931685924530029,300,1
N/N1133.jpg,N,N,0.9932756423950195,300,1
N/N1142.jpg,N,N,0.9932506680488586,300,1
N/N1145.jpg,N,N,0.9933504462242126,300,1
N/N1147.jpg,N,N,0.9933069348335266,300,1
N/N115.jpg,N,N,0.9930883049964905,300,1
N/N116.jpg,N,N,0.9931186437606812,300,1
N/N1164.jpg,N,N,0.9930740594863892,300,1
N/N1193.jpg,N,N,0.9927442073822021,300,1
N/N12.jpg,N,N,0.9932211637496948,300,1
N/N120.jpg,N,N,0.9930539727210999,300,1
N/N1200.jpg,N,N,0.9933584332466125,300,1
N/N1210.jpg,N,N,0.9931595325469971,300,1
N/N1217.jpg,N,N,0.9930887818336487,300,1
N/N1222.jpg,N,N,0.9931716918945312,300,1
N/N1225.jpg,N,N,0.9931509494781494,300,1
N/N1236.jpg,N,N,0.993108868598938,300,1
N/N1238.jpg,N,N,0.9930793642997742,300,1
N/N1260.jpg,N,N,0.9924378991127014,300,1
N/N1262.jpg,N,N,0.9931082725524902,300,1
N/N1271.jpg,N,N,0.9930233955383301,300,1
N/N1291.jpg,N,N,0.993120551109314,300,1
N/N1300.jpg,N,N,0.9931060671806335,300,1
N/N1311.jpg,N,N,0.9932053089141846,300,1
N/N1317.jpg,N,N,0.993351936340332,300,1
N/N1318.jpg,N,N,0.9933957457542419,300,1
N/N1319.jpg,N,N,0.9932926893234253,300,1
N/N1329.jpg,N,N,0.9933890104293823,300,1
N/N133.jpg,N,N,0.9930012226104736,300,1
N/N1333.jpg,N,N,0.9931094646453857,300,1
N/N1335.jpg,N,N,0.9932684302330017,300,1
N/N1336.jpg,N,N,0.9934594631195068,300,1
N/N1344.jpg,N,N,0.9933439493179321,300,1
N/N1349.jpg,N,N,0.9932510256767273,300,1
N/N135.jpg,N,N,0.9930217862129211,300,1
N/N1367.jpg,N,N,0.9934023022651672,300,1
N/N1369.jpg,N,N,0.9933277368545532,300,1
N/N137.jpg,N,N,0.9930192828178406,300,1
N/N1375.jpg,N,N,0.9933373928070068,300,1
N/N1385.jpg,N,N,0.9933045506477356,300,1
N/N1389.jpg,N,N,0.9933072924613953,300,1
N/N1391.jpg,N,N,0.9933393597602844,300,1
N/N1392.jpg,N,N,0.9933007955551147,300,1
N/N1400.jpg,N,N,0.9931949377059937,300,1
N/N1402.jpg,N,N,0.9932560920715332,300,1
N/N1408.jpg,N,N,0.9933539628982544,300,1
N/N1411.jpg,N,N,0.9933133721351624,300,1
N/N1412.jpg,N,N,0.9931089878082275,300,1
N/N1431.jpg,N,N,0.9931383728981018,300,1
N/N1435.jpg,N,N,0.9932883381843567,300,1
N/N1443.jpg,N,N,0.9933043122291565,300,1
N/N1444.jpg,N,N,0.9932885766029358,300,1
N/N1446.jpg,N,N,0.9933288097381592,300,1
N/N1449.jpg,N,N,0.9932385683059692,300,1
N/N1450.jpg,N,N,0.9933237433433533,300,1
N/N1454.jpg,N,N,0.9932337403297424,300,1
N/N1460.jpg,N,N,0.993309736251831,300,1
N/N1462.jpg,N,N,0.9932622313499451,300,1
N/N1463.jpg,N,N,0.9932509064674377,300,1
N/N1470.jpg,N,N,0.9931422472000122,300,1
N/N1472.jpg,N,N,0.9930863380432129,300,1
N/N1474.jpg,N,N,0.9932262301445007,300,1
N/N1478.jpg,N,N,0.9932156205177307,300,1
N/N1482.jpg,N,N,0.9931570887565613,300,1
N/N1491.jpg,N,N,0.9931742548942566,300,1
N/N1494.jpg,N,N,0.9934006929397583,300,1
N/N1497.jpg,N,N,0.9933371543884277,300,1
N/N1501.jpg,N,N,0.993354082107544,300,1
N/N1502.jpg,N,N,0.9933288097381592,300,1
N/N1503.jpg,N,N,0.9932180047035217,300,1
N/N1517.jpg,N,N,0.9932605624198914,300,1
N/N1531.jpg,N,N,0.993230938911438,300,1
N/N1538.jpg,N,N,0.9932678937911987,300,1
N/N1543.jpg,N,N,0.993139922618866,300,1
N/N1552.jpg,N,N,0.993168830871582,300,1
N/N1559.jpg,N,N,0.9932788014411926,300,1
N/N1565.jpg,N,N,0.9932615160942078,300,1
N/N1572.jpg,N,N,0.9932428002357483,300,1
N/N1582.jpg,N,N,0.9932231903076172,300,1
N/N1584.jpg,N,N,0.9933098554611206,300,1
N/N1587.jpg,N,N,0.993157684803009,300,1
N/N1592.jpg,N,N,0.9932882189750671,300,1
N/N1593.jpg,N,N,0.9933258295059204,300,1
N/N1597.jpg,N,N,0.993259847164154,300,1
N/N1599.jpg,N,N,0.9932323694229126,300,1
N/N1604.jpg,N,N,0.9932475090026855,300,1
N/N162.jpg,N,N,0.992823600769043,300,1
N/N1621.jpg,N,N,0.9932292699813843,300,1
N/N1628.jpg,N,N,0.9932944178581238,300,1
N/N1631.jpg,N,N,0.9931381344795227,300,1
N/N1633.jpg,N,N,0.9932723641395569,300,1
N/N1637.jpg,N,N,0.9932503700256348,300,1
N/N1638.jpg,N,N,0.9932160973548889,300,1
N/N1642.jpg,N,N,0.9933056235313416,300,1
N/N1645.jpg,N,N,0.9932786822319031,300,1
N/N1646.jpg,N,N,0.9932532906532288,300,1
N/N1647.jpg,N,N,0.9932833909988403,300,1
N/N1649.jpg,N,N,0.9932204484939575,300,1
N/N1651.jpg,N,N,0.9931871891021729,300,1
N/N1655.jpg,N,N,0.9932175278663635,300,1
N/N166.jpg,N,N,0.9928603768348694,300,1
N/N1662.jpg,N,N,0.9932985901832581,300,1
N/N1672.jpg,N,N,0.993301272392273,300,1
N/N1683.jpg,N,N,0.9934106469154358,300,1
N/N1687.jpg,N,N,0.9933053851127625,300,1
N/N1688.jpg,N,N,0.9933273792266846,300,1
N/N170.jpg,N,N,0.9929322004318237,300,1
N/N1700.jpg,N,N,0.9933832287788391,300,1
N/N1703.jpg,N,N,0.9933746457099915,300,1
N/N1710.jpg,N,N,0.9932498931884766,300,1
N/N1712.jpg,N,N,0.9931938648223877,300,1
N/N1714.jpg,N,N,0.9932764768600464,300,1
N/N1715.jpg,N,N,0.9932901859283447,300,1
N/N1716.jpg,N,N,0.9933382272720337,300,1
N/N1719.jpg,N,N,0.9932987093925476,300,1
N/N1724.jpg,N,N,0.9933351278305054,300,1
N/N173.jpg,N,N,0.9928888082504272,300,1
N/N1731.jpg,N,N,0.9931011199951172,300,1
N/N1733.jpg,N,N,0.9931517839431763,300,1
N/N1734.jpg,N,N,0.993043839931488,300,1
N/N174.jpg,N,N,0.9928646087646484,300,1
N/N1744.jpg,N,N,0.9930220246315002,300,1
N/N1745.jpg,N,N,0.993093729019165,300,1
N/N1747.jpg,N,N,0.9931301474571228,300,1
N/N1755.jpg,N,N,0.9931926131248474,300,1
N/N177.jpg,N,N,0.9928896427154541,300,1
N/N1772.jpg,N,N,0.9933235049247742,300,1
N/N1775.jpg,N,N,0.9932982325553894,300,1
N/N1778.jpg,N,N,0.9932408332824707,300,1
N/N1790.jpg,N,N,0.9930580854415894,300,1
N/N1792.jpg,N,N,0.9931933283805847,300,1
N/N1793.jpg,N,N,0.9931882619857788,300,1
N/N1797.jpg,N,N,0.9932003617286682,300,1
N/N1807.jpg,N,N,0.9930704236030579,300,1
N/N1816.jpg,N,N,0.9930592775344849,300,1
N/N1819.jpg,N,N,0.9931667447090149,300,1
N/N1825.jpg,N,N,0.9932088255882263,300,1
N/N1828.jpg,N,N,0.9932304620742798,300,1
N/N183.jpg,N,N,0.9929453730583191,300,1
N/N1837.jpg,N,N,0.9930810332298279,300,1
N/N1839.jpg,N,N,0.9931713342666626,300,1
N/N1844.jpg,N,N,0.9930601119995117,300,1
N/N1845.jpg,N,N,0.9930016398429871,300,1
N/N1847.jpg,N,N,0.9930237531661987,300,1
N/N1850.jpg,N,N,0.9930973649024963,300,1
N/N1855.jpg,N,N,0.9931948184967041,300,1
N/N1858.jpg,N,N,0.9932101368904114,300,1
N/N1865.jpg,N,N,0.9932110905647278,300,1
N/N187.jpg,N,N,0.9929953217506409,300,1
N/N1881.jpg,N,N,0.9932170510292053,300,1
N/N189.jpg,N,N,0.9929344654083252,300,1
N/N1892.jpg,N,N,0.9932880997657776,300,1
N/N1894.jpg,N,N,0.9933269023895264,300,1
N/N1903.jpg,N,N,0.9931882619857788,300,1
N/N1904.jpg,N,N,0.9932529330253601,300,1
N/N1905.jpg,N,N,0.9931926131248474,300,1
N/N191.jpg,N,N,0.993014931678772,300,1
N/N1912.jpg,N,N,0.9933114051818848,300,1
N/N1915.jpg,N,N,0.9931340217590332,300,1
N/N1916.jpg,N,N,0.9927076697349548,300,1
N/N1918.jpg,N,N,0.9932807087898254,300,1
N/N1920.jpg,N,N,0.9933260679244995,300,1
N/N1923.jpg,N,N,0.99326092004776,300,1
N/N1925.jpg,N,N,0.9932316541671753,300,1
N/N193.jpg,N,N,0.9930411577224731,300,1
N/N1930.jpg,N,N,0.9932875037193298,300,1
N/N1933.jpg,N,N,0.9932912588119507,300,1
N/N1936.jpg,N,N,0.9932831525802612,300,1
N/N194.jpg,N,N,0.9929876923561096,300,1
N/N1943.jpg,N,N,0.9931972026824951,300,1
N/N195.jpg,N,N,0.993016242980957,300,1
N/N1953.jpg,N,N,0.9932289123535156,300,1
N/N1956.jpg,N,N,0.9932984709739685,300,1
N/N1957.jpg,N,N,0.993160605430603,300,1
N/N1963.jpg,N,N,0.9932154417037964,300,1
N/N1967.jpg,N,N,0.9933266639709473,300,1
N/N1968.jpg,N,N,0.993305504322052,300,1
N/N1969.jpg,N,N,0.9932895302772522,300,1
N/N1971.jpg,N,N,0.9932663440704346,300,1
N/N1977.jpg,N,N,0.9932109713554382,300,1
N/N198.jpg,N,N,0.9929973483085632,300,1
N/N1987.jpg,N,N,0.9933498501777649,300,1
N/N1993.jpg,N,N,0.993182361125946,300,1
N/N1997.jpg,N,N,0.9930671453475952,300,1
N/N2.jpg,N,N,0.9932175278663635,300,1
N/N20.jpg,N,N,0.9931012392044067,300,1
N/N2008.jpg,N,N,0.9933116436004639,300,1
N/N202.jpg,N,N,0.9930214285850525,300,1
N/N2020.jpg,N,N,0.9933011531829834,300,1
N/N2028.jpg,N,N,0.9933111667633057,300,1
N/N2038.jpg,N,N,0.9934569001197815,300,1
N/N2051.jpg,N,N,0.9931291937828064,300,1
N/N2053.jpg,N,N,0.9931890964508057,300,1
N/N206.jpg,N,N,0.992946445941925,300,1
N/N2061.jpg,N,N,0.9931951761245728,300,1
N/N2065.jpg,N,N,0.9932604432106018,300,1
N/N2074.jpg,N,N,0.9931683540344238,300,1
N/N2075.jpg,N,N,0.9932336211204529,300,1
N/N2078.jpg,N,N,0.9932443499565125,300,1
N/N2083.jpg,N,N,0.9931486248970032,300,1
N/N2084.jpg,N,N,0.9931693077087402,300,1
N/N2087.jpg,N,N,0.9931522607803345,300,1
N/N2090.jpg,N,N,0.9931010007858276,300,1
N/N2094.jpg,N,N,0.9930509328842163,300,1
N/N2098.jpg,N,N,0.9930061101913452,300,1
N/N21.jpg,N,N,0.9931046366691589,300,1
N/N2100.jpg,N,N,0.9930428266525269,300,1
N/N211.jpg,N,N,0.9929897785186768,300,1
N/N2111.jpg,N,N,0.9933381080627441,300,1
N/N2112.jpg,N,N,0.9932964444160461,300,1
N/N2114.jpg,N,N,0.9933741688728333,300,1
N/N2116.jpg,N,N,0.9933390021324158,300,1
N/N2125.jpg,N,N,0.9933145642280579,300,1
N/N2128.jpg,N,N,0.9931893348693848,300,1
N/N2135.jpg,N,N,0.9932021498680115,300,1
N/N2139.jpg,N,N,0.9931641221046448,300,1
N/N2153.jpg,N,N,0.9932152032852173,300,1
N/N2155.jpg,N,N,0.9931594133377075,300,1
N/N2163.jpg,N,N,0.9932286143302917,300,1
N/N2164.jpg,N,N,0.9932568073272705,300,1
N/N2189.jpg,N,N,0.9925018548965454,300,1
N/N2194.jpg,N,N,0.9927954077720642,300,1
N/N2198.jpg,N,N,0.9929684996604919,300,1
N/N2203.jpg,N,N,0.9930764436721802,300,1
N/N2205.jpg,N,N,0.9932217597961426,300,1
N/N2211.jpg,N,N,0.9930229187011719,300,1
N/N2218.jpg,N,N,0.993190348148346,300,1
N/N2220.jpg,N,N,0.9931492209434509,300,1
N/N2222.jpg,N,N,0.9931818842887878,300,1
N/N2224.jpg,N,N,0.9931974411010742,300,1
N/N2227.jpg,N,N,0.993095338344574,300,1
N/N224.jpg,N,N,0.9928962588310242,300,1
N/N2242.jpg,N,N,0.9931081533432007,300,1
N/N2243.jpg,N,N,0.9930611252784729,300,1
N/N2244.jpg,N,N,0.9929568767547607,300,1
N/N2247.jpg,N,N,0.9930722117424011,300,1
N/N2248.jpg,N,N,0.993105947971344,300,1
N/N2250.jpg,N,N,0.9930058717727661,300,1
N/N2252.jpg,N,N,0.9930965304374695,300,1
N/N2254.jpg,N,N,0.9932395219802856,300,1
N/N2255.jpg,N,N,0.9932475090026855,300,1
N/N2258.jpg,N,N,0.9932971596717834,300,1
N/N226.jpg,N,N,0.9929041266441345,300,1
N/N2270.jpg,N,N,0.9931516647338867,300,1
N/N2271.jpg,N,N,0.9931922554969788,300,1
N/N2277.jpg,N,N,0.9932437539100647,300,1
N/N2285.jpg,N,N,0.9930358529090881,300,1
N/N2288.jpg,N,N,0.9931091070175171,300,1
N/N229.jpg,N,N,0.9928722381591797,300,1
N/N2290.jpg,N,N,0.9931678175926208,300,1
N/N2298.jpg,N,N,0.9903334975242615,300,1
N/N2304.jpg,N,N,0.9930024743080139,300,1
N/N2305.jpg,N,N,0.9929763674736023,300,1
N/N2309.jpg,N,N,0.9932301044464111,300,1
N/N2312.jpg,N,N,0.9931273460388184,300,1
N/N2313.jpg,N,N,0.9930942058563232,300,1
N/N2314.jpg,N,N,0.9931023120880127,300,1
N/N2319.jpg,N,N,0.9931255578994751,300,1
N/N2324.jpg,N,N,0.9932259917259216,300,1
N/N2329.jpg,N,N,0.9932036399841309,300,1
N/N2331.jpg,N,N,0.9932710528373718,300,1
N/N2337.jpg,N,N,0.9932706952095032,300,1
N/N2347.jpg,N,N,0.9932984709739685,300,1
N/N2351.jpg,N,N,0.9932146072387695,300,1
N/N2354.jpg,N,N,0.9932122230529785,300,1
N/N2368.jpg,N,N,0.9930794835090637,300,1
N/N2369.jpg,N,N,0.9929815530776978,300,1
N/N2377.jpg,N,N,0.9925410747528076,300,1
N/N2380.jpg,N,N,0.9926800727844238,300,1
N/N2381.jpg,N,N,0.9929595589637756,300,1
N/N2390.jpg,N,N,0.9931957721710205,300,1
N/N2392.jpg,N,N,0.9931201934814453,300,1
N/N2398.jpg,N,N,0.993062436580658,300,1
N/N240.jpg,N,N,0.9930291771888733,300,1
N/N2407.jpg,N,N,0.9931235909461975,300,1
N/N2410.jpg,N,N,0.9932182431221008,300,1
N/N2413.jpg,N,N,0.9933064579963684,300,1
N/N2420.jpg,N,N,0.9932706952095032,300,1
N/N2425.jpg,N,N,0.9932445883750916,300,1
N/N2428.jpg,N,N,0.9932984709739685,300,1
N/N2432.jpg,N,N,0.9932750463485718,300,1
N/N2437.jpg,N,N,0.9932426810264587,300,1
N/N2448.jpg,N,N,0.9930673837661743,300,1
N/N2449.jpg,N,N,0.9930915832519531,300,1
N/N2457.jpg,N,N,0.9933050274848938,300,1
N/N2458.jpg,N,N,0.9933151602745056,300,1
N/N2459.jpg,N,N,0.9933133721351624,300,1
N/N2465.jpg,N,N,0.993192732334137,300,1
N/N2478.jpg,N,N,0.9930768013000488,300,1
N/N248.jpg,N,N,0.993074893951416,300,1
N/N2486.jpg,N,N,0.9933053851127625,300,1
N/N2487.jpg,N,N,0.9932472705841064,300,1
N/N2489.jpg,N,N,0.9932071566581726,300,1
N/N249.jpg,N,N,0.993040919303894,300,1
N/N2497.jpg,N,N,0.993320882320404,300,1
N/N25.jpg,N,N,0.9930835962295532,300,1
N/N250.jpg,N,N,0.993067741394043,300,1
N/N2502.jpg,N,N,0.9931702613830566,300,1
N/N2505.jpg,N,N,0.9931128621101379,300,1
N/N2519.jpg,N,N,0.9932403564453125,300,1
N/N2520.jpg,N,N,0.993245542049408,300,1
N/N2521.jpg,N,N,0.9932903051376343,300,1
N/N2522.jpg,N,N,0.9932646751403809,300,1
N/N2527.jpg,N,N,0.9932665824890137,300,1
N/N2528.jpg,N,N,0.9932664632797241,300,1
N/N2535.jpg,N,N,0.9932703375816345,300,1
N/N2536.jpg,N,N,0.9932825565338135,300,1
N/N254.jpg,N,N,0.993064820766449,300,1
N/N2540.jpg,N,N,0.9933475852012634,300,1
N/N2541.jpg,N,N,0.993324339389801,300,1
N/N2544.jpg,N,N,0.9932847023010254,300,1
N/N2546.jpg,N,N,0.9932142496109009,300,1
N/N2549.jpg,N,N,0.9932628273963928,300,1
N/N2556.jpg,N,N,0.993212103843689,300,1
N/N2557.jpg,N,N,0.9932425618171692,300,1
N/N2559.jpg,N,N,0.9932191967964172,300,1
N/N2563.jpg,N,N,0.993178129196167,300,1
N/N2564.jpg,N,N,0.9932191967964172,300,1
N/N2575.jpg,N,N,0.9932149648666382,300,1
N/N2577.jpg,N,N,0.9932376146316528,300,1
N/N2581.jpg,N,N,0.9931354522705078,300,1
N/N2583.jpg,N,N,0.9931681156158447,300,1
N/N2588.jpg,N,N,0.9932993650436401,300,1
N/N2589.jpg,N,N,0.9934260845184326,300,1
N/N2590.jpg,N,N,0.9934011101722717,300,1
N/N260.jpg,N,N,0.9930320978164673,300,1
N/N2604.jpg,N,N,0.9932793974876404,300,1
N/N2608.jpg,N,N,0.9933595061302185,300,1
N/N2609.jpg,N,N,0.993353009223938,300,1
N/N2617.jpg,N,N,0.9933786392211914,300,1
N/N262.jpg,N,N,0.9930577278137207,300,1
N/N2622.jpg,N,N,0.9934311509132385,300,1
N/N2628.jpg,N,N,0.9933694005012512,300,1
N/N2635.jpg,N,N,0.9931619167327881,300,1
N/N2638.jpg,N,N,0.9931825995445251,300,1
N/N2643.jpg,N,N,0.9931271076202393,300,1
N/N2644.jpg,N,N,0.9931313395500183,300,1
N/N2646.jpg,N,N,0.9931156039237976,300,1
N/N2647.jpg,N,N,0.9930952191352844,300,1
N/N2655.jpg,N,N,0.9931017160415649,300,1
N/N2658.jpg,N,N,0.9930301308631897,300,1
N/N266.jpg,N,N,0.9931250810623169,300,1
N/N2668.jpg,N,N,0.9930291771888733,300,1
N/N2669.jpg,N,N,0.99299556016922,300,1
N/N2673.jpg,N,N,0.9929940104484558,300,1
N/N2675.jpg,N,N,0.992946207523346,300,1
N/N2677.jpg,N,N,0.992989182472229,300,1
N/N2682.jpg,N,N,0.9930093288421631,300,1
N/N2687.jpg,N,N,0.9930558800697327,300,1
N/N2690.jpg,N,N,0.9930742979049683,300,1
N/N2693.jpg,N,N,0.9929959177970886,300,1
N/N2694.jpg,N,N,0.993049144744873,300,1
N/N2695.jpg,N,N,0.993133544921875,300,1
N/N2696.jpg,N,N,0.993161678314209,300,1
N/N2702.jpg,N,N,0.9933876991271973,300,1
N/N2708.jpg,N,N,0.9934371113777161,300,1
N/N2711.jpg,N,N,0.9933562874794006,300,1
N/N2716.jpg,N,N,0.9932625889778137,300,1
N/N2719.jpg,N,N,0.9932910203933716,300,1
N/N2733.jpg,N,N,0.9931104183197021,300,1
N/N2743.jpg,N,N,0.9931239485740662,300,1
N/N2746.jpg,N,N,0.9931365251541138,300,1
N/N2749.jpg,N,N,0.9930780529975891,300,1
N/N2759.jpg,N,N,0.9931120276451111,300,1
N/N2762.jpg,N,N,0.9931407570838928,300,1
N/N2763.jpg,N,N,0.9931077361106873,300,1
N/N2764.jpg,N,N,0.9931380152702332,300,1
N/N2765.jpg,N,N,0.9931285381317139,300,1
N/N2768.jpg,N,N,0.9931477904319763,300,1
N/N2774.jpg,N,N,0.9931198358535767,300,1
N/N2783.jpg,N,N,0.9931179285049438,300,1
N/N2784.jpg,N,N,0.9931585192680359,300,1
N/N280.jpg,N,N,0.9929302334785461,300,1
N/N2804.jpg,N,N,0.9931879043579102,300,1
N/N2813.jpg,N,N,0.9931023120880127,300,1
N/N2814.jpg,N,N,0.9931910634040833,300,1
N/N2818.jpg,N,N,0.9933193922042847,300,1
N/N2821.jpg,N,N,0.9933011531829834,300,1
N/N2827.jpg,N,N,0.993306577205658,300,1
N/N2833.jpg,N,N,0.9930267333984375,300,1
N/N2836.jpg,N,N,0.9931340217590332,300,1
N/N2840.jpg,N,N,0.9930251836776733,300,1
N/N2843.jpg,N,N,0.9931198358535767,300,1
N/N2844.jpg,N,N,0.9931097030639648,300,1
N/N2846.jpg,N,N,0.9931017160415649,300,1
N/N2853.jpg,N,N,0.9933235049247742,300,1
N/N286.jpg,N,N,0.9929074048995972,300,1
N/N2860.jpg,N,N,0.993306577205658,300,1
N/N2873.jpg,N,N,0.9933571219444275,300,1
N/N2879.jpg,N,N,0.9933561086654663,300,1
N/N2880.jpg,N,N,0.9933198690414429,300,1
N/N289.jpg,N,N,0.9928823709487915,300,1
N/N2892.jpg,N,N,0.9933110475540161,300,1
N/N2893.jpg,N,N,0.9932804703712463,300,1
N/N2895.jpg,N,N,0.9930459856987,300,1
N/N29.jpg,N,N,0.9931324124336243,300,1
N/N2903.jpg,N,N,0.9932505488395691,300,1
N/N2919.jpg,N,N,0.9932471513748169,300,1
N/N2921.jpg,N,N,0.9932984709739685,300,1
N/N2924.jpg,N,N,0.9932644367218018,300,1
N/N2926.jpg,N,N,0.9932600855827332,300,1
N/N2927.jpg,N,N,0.9932467937469482,300,1
N/N2930.jpg,N,N,0.9932237863540649,300,1
N/N2933.jpg,N,N,0.9932695031166077,300,1
N/N2936.jpg,N,N,0.9932512640953064,300,1
N/N2940.jpg,N,N,0.9931852221488953,300,1
N/N2942.jpg,N,N,0.9931941032409668,300,1
N/N2948.jpg,N,N,0.9931278228759766,300,1
N/N295.jpg,N,N,0.9928856492042542,300,1
N/N2952.jpg,N,N,0.9931765198707581,300,1
N/N2953.jpg,N,N,0.9932097792625427,300,1
N/N2954.jpg,N,N,0.9932472705841064,300,1
N/N2956.jpg,N,N,0.9932048320770264,300,1
N/N2961.jpg,N,N,0.9930469393730164,300,1
N/N2964.jpg,N,N,0.9930911064147949,300,1
N/N2968.jpg,N,N,0.9930263757705688,300,1
N/N2969.jpg,N,N,0.9930539727210999,300,1
N/N2971.jpg,N,N,0.9930744171142578,300,1
N/N2973.jpg,N,N,0.9931540489196777,300,1
N/N2974.jpg,N,N,0.9931821227073669,300,1
N/N2976.jpg,N,N,0.9932394027709961,300,1
N/N298.jpg,N,N,0.992902934551239,300,1
N/N2985.jpg,N,N,0.9932047128677368,300,1
N/N299.jpg,N,N,0.9929589033126831,300,1
N/N304.jpg,N,N,0.9929754734039307,300,1
N/N308.jpg,N,N,0.9929571151733398,300,1
N/N315.jpg,N,N,0.9929651021957397,300,1
N/N316.jpg,N,N,0.9929589033126831,300,1
N/N318.jpg,N,N,0.9930083751678467,300,1
N/N320.jpg,N,N,0.9930170774459839,300,1
N/N321.jpg,N,N,0.9930289387702942,300,1
N/N324.jpg,N,N,0.993037760257721,300,1
N/N334.jpg,N,N,0.9930873513221741,300,1
N/N335.jpg,N,N,0.9930554032325745,300,1
N/N344.jpg,N,N,0.9930671453475952,300,1
N/N347.jpg,N,N,0.9931209683418274,300,1
N/N350.jpg,N,N,0.9931001663208008,300,1
N/N353.jpg,N,N,0.9930549263954163,300,1
N/N355.jpg,N,N,0.9929863810539246,300,1
N/N361.jpg,N,N,0.9929882884025574,300,1
N/N364.jpg,N,N,0.9930092096328735,300,1
N/N365.jpg,N,N,0.9930102229118347,300,1
N/N366.jpg,N,N,0.9930132031440735,300,1
N/N37.jpg,N,N,0.9930601119995117,300,1
N/N381.jpg,N,N,0.9930031895637512,300,1
N/N383.jpg,N,N,0.9930143356323242,300,1
N/N386.jpg,N,N,0.9929861426353455,300,1
N/N396.jpg,N,N,0.9929567575454712,300,1
N/N399.jpg,N,N,0.99299156665802,300,1
N/N40.jpg,N,N,0.9930973649024963,300,1
N/N400.jpg,N,N,0.9930009841918945,300,1
N/N417.jpg,N,N,0.9930108189582825,300,1
N/N419.jpg,N,N,0.9929746389389038,300,1
N/N426.jpg,N,N,0.9929724931716919,300,1
N/N43.jpg,N,N,0.9930887818336487,300,1
N/N430.jpg,N,N,0.9929071664810181,300,1
N/N440.jpg,N,N,0.9929115176200867,300,1
N/N443.jpg,N,N,0.9929587841033936,300,1
N/N444.jpg,N,N,0.9929746389389038,300,1
N/N445.jpg,N,N,0.9929735660552979,300,1
N/N447.jpg,N,N,0.9929920434951782,300,1
N/N449.jpg,N,N,0.9929686188697815,300,1
N/N450.jpg,N,N,0.9929710030555725,300,1
N/N459.jpg,N,N,0.9929152727127075,300,1
N/N464.jpg,N,N,0.9929335117340088,300,1
N/N466.jpg,N,N,0.9928638339042664,300,1
N/N469.jpg,N,N,0.9928553700447083,300,1
N/N473.jpg,N,N,0.9928829669952393,300,1
N/N477.jpg,N,N,0.9929227828979492,300,1
N/N478.jpg,N,N,0.992837131023407,300,1
N/N479.jpg,N,N,0.9929008483886719,300,1
N/N482.jpg,N,N,0.9928527474403381,300,1
N/N484.jpg,N,N,0.9928355813026428,300,1
N/N486.jpg,N,N,0.9928414821624756,300,1
N/N491.jpg,N,N,0.992877185344696,300,1
N/N505.jpg,N,N,0.992909848690033,300,1
N/N513.jpg,N,N,0.9929497241973877,300,1
N/N518.jpg,N,N,0.9930103421211243,300,1
N/N534.jpg,N,N,0.9929170608520508,300,1
N/N541.jpg,N,N,0.992967963218689,300,1
N/N55.jpg,N,N,0.9932683110237122,300,1
N/N550.jpg,N,N,0.992984414100647,300,1
N/N554.jpg,N,N,0.9930117726325989,300,1
N/N555.jpg,N,N,0.993039608001709,300,1
N/N556.jpg,N,N,0.9930926561355591,300,1
N/N561.jpg,N,N,0.9930375218391418,300,1
N/N568.jpg,N,N,0.9930400848388672,300,1
N/N572.jpg,N,N,0.9930055737495422,300,1
N/N574.jpg,N,N,0.9930179119110107,300,1
N/N576.jpg,N,N,0.992950439453125,300,1
N/N579.jpg,N,N,0.992939829826355,300,1
N/N580.jpg,N,N,0.9929607510566711,300,1
N/N586.jpg,N,N,0.9929689764976501,300,1
N/N599.jpg,N,N,0.9930421113967896,300,1
N/N606.jpg,N,N,0.9929637908935547,300,1
N/N608.jpg,N,N,0.9929100871086121,300,1
N/N610.jpg,N,N,0.9929102063179016,300,1
N/N62.jpg,N,N,0.9932408332824707,300,1
N/N625.jpg,N,N,0.9930186867713928,300,1
N/N628.jpg,N,N,0.9929789900779724,300,1
N/N630.jpg,N,N,0.9930242300033569,300,1
N/N636.jpg,N,N,0.9931309819221497,300,1
N/N639.jpg,N,N,0.9931949377059937,300,1
N/N649.jpg,N,N,0.9931896328926086,300,1
N/N657.jpg,N,N,0.9930785298347473,300,1
N/N66.jpg,N,N,0.9932326078414917,300,1
N/N660.jpg,N,N,0.9930170774459839,300,1
N/N661.jpg,N,N,0.9930440783500671,300,1
N/N662.jpg,N,N,0.9929918050765991,300,1
N/N669.jpg,N,N,0.9930722117424011,300,1
N/N672.jpg,N,N,0.9931113719940186,300,1
N/N676.jpg,N,N,0.9931288957595825,300,1
N/N680.jpg,N,N,0.9931672215461731,300,1
N/N688.jpg,N,N,0.9931282997131348,300,1
N/N697.jpg,N,N,0.9930746555328369,300,1
N/N710.jpg,N,N,0.9930325746536255,300,1
N/N711.jpg,N,N,0.9930556416511536,300,1
N/N720.jpg,N,N,0.9930437803268433,300,1
N/N723.jpg,N,N,0.9930411577224731,300,1
N/N724.jpg,N,N,0.9930750131607056,300,1
N/N730.jpg,N,N,0.9930824041366577,300,1
N/N746.jpg,N,N,0.9930960536003113,300,1
N/N757.jpg,N,N,0.993026852607727,300,1
N/N760.jpg,N,N,0.9930902123451233,300,1
N/N761.jpg,N,N,0.9931207299232483,300,1
N/N763.jpg,N,N,0.993073582649231,300,1
N/N766.jpg,N,N,0.9930732846260071,300,1
N/N770.jpg,N,N,0.9930483102798462,300,1
N/N773.jpg,N,N,0.9930005073547363,300,1
N/N776.jpg,N,N,0.9930398464202881,300,1
N/N778.jpg,N,N,0.9930205941200256,300,1
N/N782.jpg,N,N,0.9930764436721802,300,1
N/N784.jpg,N,N,0.993133008480072,300,1
N/N785.jpg,N,N,0.9931290149688721,300,1
N/N788.jpg,N,N,0.9931133389472961,300,1
N/N798.jpg,N,N,0.9930921792984009,300,1
N/N8.jpg,N,N,0.9932305812835693,300,1
N/N803.jpg,N,N,0.9930830001831055,300,1
N/N805.jpg,N,N,0.9930792450904846,300,1
N/N812.jpg,N,N,0.9930344820022583,300,1
N/N821.jpg,N,N,0.9931869506835938,300,1
N/N828.jpg,N,N,0.993176281452179,300,1
N/N829.jpg,N,N,0.9931423664093018,300,1
N/N832.jpg,N,N,0.9931348562240601,300,1
N/N836.jpg,N,N,0.9932502508163452,300,1
N/N844.jpg,N,N,0.9932675361633301,300,1
N/N847.jpg,N,N,0.9931727051734924,300,1
N/N848.jpg,N,N,0.9931288957595825,300,1
N/N855.jpg,N,N,0.9930436611175537,300,1
N/N856.jpg,N,N,0.9929991960525513,300,1
N/N89.jpg,N,N,0.9931374788284302,300,1
N/N902.jpg,N,N,0.993060827255249,300,1
N/N903.jpg,N,N,0.9930495023727417,300,1
N/N910.jpg,N,N,0.9930639863014221,300,1
N/N914.jpg,N,N,0.9930490255355835,300,1
N/N918.jpg,N,N,0.993073582649231,300,1
N/N919.jpg,N,N,0.9930563569068909,300,1
N/N921.jpg,N,N,0.9930570125579834,300,1
N/N924.jpg,N,N,0.993062436580658,300,1
N/N927.jpg,N,N,0.9931021928787231,300,1
N/N928.jpg,N,N,0.99310302734375,300,1
N/N929.jpg,N,N,0.9931300282478333,300,1
N/N932.jpg,N,N,0.9932032823562622,300,1
N/N935.jpg,N,N,0.9931582808494568,300,1
N/N936.jpg,N,N,0.9931280612945557,300,1
N/N941.jpg,N,N,0.9930691719055176,300,1
N/N943.jpg,N,N,0.9930891394615173,300,1
N/N946.jpg,N,N,0.9930608868598938,300,1
N/N947.jpg,N,N,0.9930614829063416,300,1
N/N969.jpg,N,N,0.9931463003158569,300,1
N/N974.jpg,N,N,0.9931918978691101,300,1
N/N975.jpg,N,N,0.9931952953338623,300,1
N/N984.jpg,N,N,0.9931154847145081,300,1
N/N992.jpg,N,N,0.9931356906890869,300,1
N/N997.jpg,N,N,0.9931800365447998,300,1
O/O1002.jpg,O,O,0.9933557510375977,300,1
O/O1006.jpg,O,O,0.9932896494865417,300,1
O/O1012.jpg,O,O,0.9932651519775391,300,1
O/O1014.jpg,O,O,0.9933475852012634,300,1
O/O1016.jpg,O,O,0.9933274984359741,300,1
O/O102.jpg,O,O,0.9930803179740906,300,1
O/O1020.jpg,O,O,0.9932746887207031,300,1
O/O1021.jpg,O,O,0.9932456612586975,300,1
O/O1023.jpg,O,O,0.9931598901748657,300,1
O/O1028.jpg,O,O,0.9933227896690369,300,1
O/O1030.jpg,O,O,0.9932836294174194,300,1
O/O1042.jpg,O,O,0.9934594631195068,300,1
O/O1049.jpg,O,O,0.9934177398681641,300,1
O/O1053.jpg,O,O,0.9934990406036377,300,1
O/O1055.jpg,O,O,0.993506669998169,300,1
O/O1056.jpg,O,O,0.9934872388839722,300,1
O/O1059.jpg,O,O,0.9934689998626709,300,1
O/O1062.jpg,O,O,0.9934670329093933,300,1
O/O1071.jpg,O,O,0.993449866771698,300,1
O/O1081.jpg,O,O,0.9933648109436035,300,1
O/O1082.jpg,O,O,0.9934372305870056,300,1
O/O1084.jpg,O,O,0.9933812618255615,300,1
O/O1092.jpg,O,O,0.9933562278747559,300,1
O/O1095.jpg,O,O,0.9934514760971069,300,1
O/O11.jpg,O,O,0.9932283759117126,300,1
O/O1100.jpg,O,O,0.9933111667633057,300,1
O/O111.jpg,O,O,0.9931415915489197,300,1
O/O1125.jpg,O,O,0.993344783782959,300,1
O/O1133.jpg,O,O,0.993308424949646,300,1
O/O1134.jpg,O,O,0.9931984543800354,300,1
O/O1135.jpg,O,O,0.9931679368019104,300,1
O/O1142.jpg,O,O,0.9933564066886902,300,1
O/O1149.jpg,O,O,0.9934210181236267,300,1
O/O115.jpg,O,O,0.993171215057373,300,1
O/O1151.jpg,O,O,0.9935075044631958,300,1
O/O1153.jpg,O,O,0.9934415817260742,300,1
O/O1163.jpg,O,O,0.9934237003326416,300,1
O/O1165.jpg,O,O,0.993403971195221,300,1
O/O1171.jpg,O,O,0.9934031367301941,300,1
O/O1178.jpg,O,O,0.9933537244796753,300,1
O/O1180.jpg,O,O,0.9934121966362,300,1
O/O1184.jpg,O,O,0.9934024214744568,300,1
O/O119.jpg,O,O,0.9931684732437134,300,1
O/O1219.jpg,O,O,0.9933059811592102,300,1
O/O122.jpg,O,O,0.9931734204292297,300,1
O/O1221.jpg,O,O,0.9934460520744324,300,1
O/O1224.jpg,O,O,0.9933435916900635,300,1
O/O1225.jpg,O,O,0.9934400916099548,300,1
O/O1230.jpg,O,O,0.9934728741645813,300,1
O/O1241.jpg,O,O,0.9934252500534058,300,1
O/O125.jpg,O,O,0.9932465553283691,300,1
O/O1253.jpg,O,O,0.993449866771698,300,1
O/O1259.jpg,O,O,0.9931806325912476,300,1
O/O1265.jpg,O,O,0.9933151602745056,300,1
O/O1275.jpg,O,O,0.9932515025138855,300,1
O/O1276.jpg,O,O,0.9932067394256592,300,1
O/O1278.jpg,O,O,0.9930824041366577,300,1
O/O1281.jpg,O,O,0.9929469227790833,300,1
O/O1285.jpg,O,O,0.9934234619140625,300,1
O/O1287.jpg,O,O,0.9932568073272705,300,1
O/O1290.jpg,O,O,0.993229866027832,300,1
O/O1291.jpg,O,O,0.9934219717979431,300,1
O/O1292.jpg,O,O,0.9931414723396301,300,1
O/O1294.jpg,O,O,0.9931854009628296,300,1
O/O1297.jpg,O,O,0.9932886958122253,300,1
O/O1301.jpg,O,O,0.9932517409324646,300,1
O/O1302.jpg,O,O,0.9934096932411194,300,1
O/O1304.jpg,O,O,0.9933552742004395,300,1
O/O1305.jpg,O,O,0.9933332800865173,300,1
O/O1308.jpg,O,O,0.9933155179023743,300,1
O/O1317.jpg,O,O,0.9931749701499939,300,1
O/O1320.jpg,O,O,0.9931995272636414,300,1
O/O1325.jpg,O,O,0.9932371973991394,300,1
O/O1327.jpg,O,O,0.9932572841644287,300,1
O/O1330.jpg,O,O,0.9933938384056091,300,1
O/O1337.jpg,O,O,0.9934489130973816,300,1
O/O135.jpg,O,O,0.9931943416595459,300,1
O/O1359.jpg,O,O,0.9934740662574768,300,1
O/O1364.jpg,O,O,0.9934365749359131,300,1
O/O1365.jpg,O,O,0.9934467673301697,300,1
O/O1368.jpg,O,O,0.9934272766113281,300,1
O/O137.jpg,O,O,0.9932108521461487,300,1
O/O1377.jpg,O,O,0.993454098701477,300,1
O/O1386.jpg,O,O,0.9934670329093933,300,1
O/O1390.jpg,O,O,0.9932625889778137,300,1
O/O1405.jpg,O,O,0.9933139681816101,300,1
O/O1406.jpg,O,O,0.9932481050491333,300,1
O/O1409.jpg,O,O,0.9931469559669495,300,1
O/O141.jpg,O,O,0.9932482242584229,300,1
O/O1411.jpg,O,O,0.9933116436004639,300,1
O/O1412.jpg,O,O,0.9932230710983276,300,1
O/O1418.jpg,O,O,0.9931811690330505,300,1
O/O1419.jpg,O,O,0.9932494163513184,300,1
O/O142.jpg,O,O,0.9932112097740173,300,1
O/O1431.jpg,O,O,0.9932969212532043,300,1
O/O1437.jpg,O,O,0.9933651089668274,300,1
O/O1442.jpg,O,O,0.9933859705924988,300,1
O/O1455.jpg,O,O,0.9933911561965942,300,1
O/O1463.jpg,O,O,0.9934524297714233,300,1
O/O147.jpg,O,O,0.993150532245636,300,1
O/O1470.jpg,O,O,0.993450403213501,300,1
O/O1474.jpg,O,O,0.9935145378112793,300,1
O/O1475.jpg,O,O,0.9935092329978943,300,1
O/O1478.jpg,O,O,0.9935483336448669,300,1
O/O1487.jpg,O,O,0.9934357404708862,300,1
O/O1489.jpg,O,O,0.9933813810348511,300,1
O/O1490.jpg,O,O,0.993412435054779,300,1
O/O1493.jpg,O,O,0.9934226870536804,300,1
O/O1495.jpg,O,O,0.9934431314468384,300,1
O/O1500.jpg,O,O,0.9934292435646057,300,1
O/O1503.jpg,O,O,0.9934017062187195,300,1
O/O1516.jpg,O,O,0.9933035969734192,300,1
O/O1520.jpg,O,O,0.9931996464729309,300,1
O/O1521.jpg,O,O,0.9932323694229126,300,1
O/O1530.jpg,O,O,0.993270218372345,300,1
O/O1533.jpg,O,O,0.9930394291877747,300,1
O/O1539.jpg,O,O,0.993169903755188,300,1
O/O1541.jpg,O,O,0.9933585524559021,300,1
O/O1548.jpg,O,O,0.9934201836585999,300,1
O/O155.jpg,O,O,0.9930638670921326,300,1
O/O1551.jpg,O,O,0.9933784604072571,300,1
O/O1559.jpg,O,O,0.9934820532798767,300,1
O/O156.jpg,O,O,0.9931008815765381,300,1
O/O1572.jpg,O,O,0.9934770464897156,300,1
O/O1582.jpg,O,O,0.9934073686599731,300,1
O/O1585.jpg,O,O,0.9934206604957581,300,1
O/O1589.jpg,O,O,0.9934837222099304,300,1
O/O159.jpg,O,O,0.9931464791297913,300,1
O/O160.jpg,O,O,0.9931139349937439,300,1
O/O1602.jpg,O,O,0.9933781027793884,300,1
O/O1604.jpg,O,O,0.9933433532714844,300,1
O/O1609.jpg,O,O,0.993323028087616,300,1
O/O1613.jpg,O,O,0.9933384656906128,300,1
O/O1614.jpg,O,O,0.9932831525802612,300,1
O/O1616.jpg,O,O,0.9933857321739197,300,1
O/O162.jpg,O,O,0.9931870698928833,300,1
O/O1626.jpg,O,O,0.9933125376701355,300,1
O/O1627.jpg,O,O,0.9933667778968811,300,1
O/O1629.jpg,O,O,0.993462324142456,300,1
O/O1630.jpg,O,O,0.9934533834457397,300,1
O/O1636.jpg,O,O,0.9934443235397339,300,1
O/O1642.jpg,O,O,0.9934553503990173,300,1
O/O1647.jpg,O,O,0.9934362173080444,300,1
O/O1653.jpg,O,O,0.9934271574020386,300,1
O/O166.jpg,O,O,0.993159294128418,300,1
O/O1662.jpg,O,O,0.9934399724006653,300,1
O/O1666.jpg,O,O,0.99346923828125,300,1
O/O1669.jpg,O,O,0.9934458136558533,300,1
O/O1670.jpg,O,O,0.9934598207473755,300,1
O/O1675.jpg,O,O,0.9935086965560913,300,1
O/O1677.jpg,O,O,0.9935430288314819,300,1
O/O168.jpg,O,O,0.9931816458702087,300,1
O/O1688.jpg,O,O,0.993428647518158,300,1
O/O1699.jpg,O,O,0.9933438301086426,300,1
O/O1700.jpg,O,O,0.9933316111564636,300,1
O/O1721.jpg,O,O,0.9933522939682007,300,1
O/O1726.jpg,O,O,0.9933440685272217,300,1
O/O1736.jpg,O,O,0.9932646751403809,300,1
O/O1739.jpg,O,O,0.9932880997657776,300,1
O/O1745.jpg,O,O,0.9931841492652893,300,1
O/O1746.jpg,O,O,0.9931821227073669,300,1
O/O1748.jpg,O,O,0.9932117462158203,300,1
O/O1749.jpg,O,O,0.9932076334953308,300,1
O/O175.jpg,O,O,0.9931286573410034,300,1
O/O1751.jpg,O,O,0.9932804703712463,300,1
O/O1753.jpg,O,O,0.9934006929397583,300,1
O/O176.jpg,O,O,0.993044912815094,300,1
O/O1761.jpg,O,O,0.9933986663818359,300,1
O/O1769.jpg,O,O,0.9934687614440918,300,1
O/O177.jpg,O,O,0.9930526614189148,300,1
O/O1781.jpg,O,O,0.9934102892875671,300,1
O/O1787.jpg,O,O,0.9934284090995789,300,1
O/O1790.jpg,O,O,0.9933691620826721,300,1
O/O1792.jpg,O,O,0.9934105277061462,300,1
O/O1797.jpg,O,O,0.9933581948280334,300,1
O/O1805.jpg,O,O,0.993359386920929,300,1
O/O1807.jpg,O,O,0.9933332800865173,300,1
O/O1810.jpg,O,O,0.9933515191078186,300,1
O/O1816.jpg,O,O,0.993314802646637,300,1
O/O1817.jpg,O,O,0.9933029413223267,300,1
O/O1823.jpg,O,O,0.9933156371116638,300,1
O/O1828.jpg,O,O,0.9932780861854553,300,1
O/O1829.jpg,O,O,0.9933353662490845,300,1
O/O1838.jpg,O,O,0.9932947754859924,300,1
O/O1846.jpg,O,O,0.9933103322982788,300,1
O/O1850.jpg,O,O,0.9933648109436035,300,1
O/O1855.jpg,O,O,0.9933887720108032,300,1
O/O186.jpg,O,O,0.9930912256240845,300,1
O/O1863.jpg,O,O,0.9933653473854065,300,1
O/O1865.jpg,O,O,0.9934027791023254,300,1
O/O1868.jpg,O,O,0.9933880567550659,300,1
O/O1869.jpg,O,O,0.9933700561523438,300,1
O/O1871.jpg,O,O,0.9933525323867798,300,1
O/O1874.jpg,O,O,0.9933384656906128,300,1
O/O1879.jpg,O,O,0.9933857321739197,300,1
O/O1882.jpg,O,O,0.9933755993843079,300,1
O/O1887.jpg,O,O,0.9932483434677124,300,1
O/O189.jpg,O,O,0.9931252002716064,300,1
O/O1903.jpg,O,O,0.993303120136261,300,1
O/O1907.jpg,O,O,0.993330180644989,300,1
O/O1908.jpg,O,O,0.9934343099594116,300,1
O/O191.jpg,O,O,0.9931420683860779,300,1
O/O1912.jpg,O,O,0.9934184551239014,300,1
O/O1913.jpg,O,O,0.9933601021766663,300,1
O/O1915.jpg,O,O,0.9933385252952576,300,1
O/O1919.jpg,O,O,0.9932901859283447,300,1
O/O1926.jpg,O,O,0.993269145488739,300,1
O/O1936.jpg,O,O,0.9933215975761414,300,1
O/O1938.jpg,O,O,0.9933077096939087,300,1
O/O1940.jpg,O,O,0.9932656288146973,300,1
O/O1958.jpg,O,O,0.9933311343193054,300,1
O/O1959.jpg,O,O,0.9933223128318787,300,1
O/O196.jpg,O,O,0.9931275844573975,300,1
O/O1960.jpg,O,O,0.9932683110237122,300,1
O/O1961.jpg,O,O,0.9933848977088928,300,1
O/O1963.jpg,O,O,0.9933332800865173,300,1
O/O1969.jpg,O,O,0.9933742880821228,300,1
O/O1970.jpg,O,O,0.9933638572692871,300,1
O/O199.jpg,O,O,0.9931419491767883,300,1
O/O1998.jpg,O,O,0.9934459328651428,300,1
O/O2005.jpg,O,O,0.9931454658508301,300,1
O/O2013.jpg,O,O,0.99313884973526,300,1
O/O2020.jpg,O,O,0.9928545355796814,300,1
O/O2022.jpg,O,O,0.9928888082504272,300,1
O/O2025.jpg,O,O,0.9930243492126465,300,1
O/O2027.jpg,O,O,0.9930718541145325,300,1
O/O2030.jpg,O,O,0.9930196404457092,300,1
O/O2035.jpg,O,O,0.9930543303489685,300,1
O/O2038.jpg,O,O,0.9930528998374939,300,1
O/O2040.jpg,O,O,0.993087112903595,300,1
O/O2041.jpg,O,O,0.9930455088615417,300,1
O/O2042.jpg,O,O,0.9929842948913574,300,1
O/O2051.jpg,O,O,0.9930903315544128,300,1
O/O2057.jpg,O,O,0.9928915500640869,300,1
O/O2059.jpg,O,O,0.9928817749023438,300,1
O/O2060.jpg,O,O,0.9928426742553711,300,1
O/O2061.jpg,O,O,0.9929031729698181,300,1
O/O2064.jpg,O,O,0.9928131699562073,300,1
O/O2065.jpg,O,O,0.9928426742553711,300,1
O/O2069.jpg,O,O,0.992958664894104,300,1
O/O207.jpg,O,O,0.9930827617645264,300,1
O/O2072.jpg,O,O,0.9928715825080872,300,1
O/O2082.jpg,O,O,0.9931443929672241,300,1
O/O2092.jpg,O,O,0.993099570274353,300,1
O/O2100.jpg,O,O,0.9931657910346985,300,1
O/O2107.jpg,O,O,0.9930478930473328,300,1
O/O2115.jpg,O,O,0.9931395649909973,300,1
O/O2118.jpg,O,O,0.9930302500724792,300,1
O/O2131.jpg,O,O,0.9929879307746887,300,1
O/O2132.jpg,O,O,0.9930243492126465,300,1
O/O2133.jpg,O,O,0.9930388331413269,300,1
O/O2135.jpg,O,O,0.9929786324501038,300,1
O/O2137.jpg,O,O,0.9930012226104736,300,1
O/O2139.jpg,O,O,0.9929792284965515,300,1
O/O2149.jpg,O,O,0.9931530952453613,300,1
O/O2151.jpg,O,O,0.9931038022041321,300,1
O/O2153.jpg,O,O,0.9930714964866638,300,1
O/O2158.jpg,O,O,0.9931407570838928,300,1
O/O2160.jpg,O,O,0.993119478225708,300,1
O/O2162.jpg,O,O,0.9930834770202637,300,1
O/O2173.jpg,O,O,0.9931407570838928,300,1
O/O2174.jpg,O,O,0.993133544921875,300,1
O/O2179.jpg,O,O,0.9931675791740417,300,1
O/O2180.jpg,O,O,0.9931418299674988,300,1
O/O2182.jpg,O,O,0.993145227432251,300,1
O/O2183.jpg,O,O,0.9932089447975159,300,1
O/O220.jpg,O,O,0.9931153655052185,300,1
O/O2200.jpg,O,O,0.9931528568267822,300,1
O/O2205.jpg,O,O,0.9931182861328125,300,1
O/O2206.jpg,O,O,0.9931877851486206,300,1
O/O2207.jpg,O,O,0.993126630783081,300,1
O/O2208.jpg,O,O,0.993094801902771,300,1
O/O2209.jpg,O,O,0.9930298924446106,300,1
O/O221.jpg,O,O,0.9931827187538147,300,1
O/O2217.jpg,O,O,0.9930251836776733,300,1
O/O2224.jpg,O,O,0.9931197166442871,300,1
O/O2229.jpg,O,O,0.9931188821792603,300,1
O/O2234.jpg,O,O,0.9930539727210999,300,1
O/O2251.jpg,O,O,0.9931496977806091,300,1
O/O2256.jpg,O,O,0.9932374954223633,300,1
O/O2257.jpg,O,O,0.9931837916374207,300,1
O/O2262.jpg,O,O,0.9931570887565613,300,1
O/O2265.jpg,O,O,0.9931024312973022,300,1
O/O227.jpg,O,O,0.9931092262268066,300,1
O/O2271.jpg,O,O,0.9930718541145325,300,1
O/O2275.jpg,O,O,0.993089497089386,300,1
O/O2283.jpg,O,O,0.993101954460144,300,1
O/O2286.jpg,O,O,0.9931297898292542,300,1
O/O2304.jpg,O,O,0.9930554032325745,300,1
O/O231.jpg,O,O,0.9931598901748657,300,1
O/O2310.jpg,O,O,0.993249773979187,300,1
O/O2314.jpg,O,O,0.9932259917259216,300,1
O/O2319.jpg,O,O,0.9932396411895752,300,1
O/O2320.jpg,O,O,0.9932532906532288,300,1
O/O2321.jpg,O,O,0.9932396411895752,300,1
O/O2323.jpg,O,O,0.9931835532188416,300,1
O/O2329.jpg,O,O,0.9931134581565857,300,1
O/O2335.jpg,O,O,0.9931837916374207,300,1
O/O2339.jpg,O,O,0.9932442307472229,300,1
O/O236.jpg,O,O,0.993168830871582,300,1
O/O2360.jpg,O,O,0.9929179549217224,300,1
O/O2365.jpg,O,O,0.9928378462791443,300,1
O/O2370.jpg,O,O,0.9928389191627502,300,1
O/O2375.jpg,O,O,0.9929559230804443,300,1
O/O2377.jpg,O,O,0.9928892850875854,300,1
O/O2380.jpg,O,O,0.9927998781204224,300,1
O/O2384.jpg,O,O,0.9927158951759338,300,1
O/O2393.jpg,O,O,0.9929609894752502,300,1
O/O2395.jpg,O,O,0.9929735660552979,300,1
O/O2398.jpg,O,O,0.9928662776947021,300,1
O/O2399.jpg,O,O,0.9928454756736755,300,1
O/O2400.jpg,O,O,0.9928898811340332,300,1
O/O2409.jpg,O,O,0.9925530552864075,300,1
O/O2410.jpg,O,O,0.9922634363174438,300,1
O/O2416.jpg,O,O,0.9922627210617065,300,1
O/O2418.jpg,O,O,0.99094158411026,300,1
O/O2424.jpg,O,O,0.9927968382835388,300,1
O/O2427.jpg,O,O,0.9929601550102234,300,1
O/O2428.jpg,O,O,0.9929717183113098,300,1
O/O2432.jpg,O,O,0.9930336475372314,300,1
O/O244.jpg,O,O,0.9931740164756775,300,1
O/O2440.jpg,O,O,0.992928683757782,300,1
O/O2441.jpg,O,O,0.9929996728897095,300,1
O/O2443.jpg,O,O,0.9929376244544983,300,1
O/O245.jpg,O,O,0.9931545257568359,300,1
O/O2451.jpg,O,O,0.9928078651428223,300,1
O/O2454.jpg,O,O,0.9927248954772949,300,1
O/O2455.jpg,O,O,0.9926843047142029,300,1
O/O2464.jpg,O,O,0.9929545521736145,300,1
O/O2465.jpg,O,O,0.9929172992706299,300,1
O/O2471.jpg,O,O,0.9928115010261536,300,1
O/O2473.jpg,O,O,0.9928373694419861,300,1
O/O2475.jpg,O,O,0.9927011728286743,300,1
O/O2476.jpg,O,O,0.9928319454193115,300,1
O/O2480.jpg,O,O,0.9928566217422485,300,1
O/O2482.jpg,O,O,0.9928688406944275,300,1
O/O2483.jpg,O,O,0.9929018616676331,300,1
O/O2484.jpg,O,O,0.9928107857704163,300,1
O/O2487.jpg,O,O,0.9929928779602051,300,1
O/O2489.jpg,O,O,0.9929063320159912,300,1
O/O2491.jpg,O,O,0.9929684996604919,300,1
O/O2493.jpg,O,O,0.9929267764091492,300,1
O/O2494.jpg,O,O,0.9929785132408142,300,1
O/O250.jpg,O,O,0.9931377172470093,300,1
O/O2511.jpg,O,O,0.9932799935340881,300,1
O/O2513.jpg,O,O,0.993257999420166,300,1
O/O2517.jpg,O,O,0.993244469165802,300,1
O/O2528.jpg,O,O,0.9931445121765137,300,1
O/O253.jpg,O,O,0.9931615591049194,300,1
O/O2530.jpg,O,O,0.9931448698043823,300,1
O/O2551.jpg,O,O,0.9931546449661255,300,1
O/O2553.jpg,O,O,0.9932318925857544,300,1
O/O2559.jpg,O,O,0.9931178092956543,300,1
O/O2579.jpg,O,O,0.9930768013000488,300,1
O/O2587.jpg,O,O,0.9931871891021729,300,1
O/O259.jpg,O,O,0.9931471943855286,300,1
O/O2594.jpg,O,O,0.9931641221046448,300,1
O/O260.jpg,O,O,0.9931483864784241,300,1
O/O2606.jpg,O,O,0.9932877421379089,300,1
O/O2607.jpg,O,O,0.9932615160942078,300,1
O/O2614.jpg,O,O,0.9933245778083801,300,1
O/O2615.jpg,O,O,0.9933099746704102,300,1
O/O2620.jpg,O,O,0.9932798743247986,300,1
O/O2621.jpg,O,O,0.9932454228401184,300,1
O/O2623.jpg,O,O,0.9932350516319275,300,1
O/O2631.jpg,O,O,0.9932115077972412,300,1
O/O2633.jpg,O,O,0.9932290315628052,300,1
O/O2635.jpg,O,O,0.9932085871696472,300,1
O/O2639.jpg,O,O,0.9932210445404053,300,1
O/O2645.jpg,O,O,0.9932284951210022,300,1
O/O2648.jpg,O,O,0.9932217597961426,300,1
O/O2649.jpg,O,O,0.9932304620742798,300,1
O/O2659.jpg,O,O,0.9932181239128113,300,1
O/O2665.jpg,O,O,0.9932625889778137,300,1
O/O2677.jpg,O,O,0.9932782053947449,300,1
O/O2680.jpg,O,O,0.9932025671005249,300,1
O/O2683.jpg,O,O,0.9931889772415161,300,1
O/O2685.jpg,O,O,0.9931948184967041,300,1
O/O2691.jpg,O,O,0.9932875037193298,300,1
O/O2697.jpg,O,O,0.9932911396026611,300,1
O/O27.jpg,O,O,0.9931657910346985,300,1
O/O2700.jpg,O,O,0.9931997656822205,300,1
O/O2710.jpg,O,O,0.9933066964149475,300,1
O/O2711.jpg,O,O,0.9932718873023987,300,1
O/O272.jpg,O,O,0.9932003617286682,300,1
O/O2724.jpg,O,O,0.993137776851654,300,1
O/O2725.jpg,O,O,0.9931666254997253,300,1
O/O2730.jpg,O,O,0.9931572079658508,300,1
O/O2736.jpg,O,O,0.993109941482544,300,1
O/O2737.jpg,O,O,0.9931036829948425,300,1
O/O274.jpg,O,O,0.9931788444519043,300,1
O/O2742.jpg,O,O,0.993118166923523,300,1
O/O2750.jpg,O,O,0.9932395219802856,300,1
O/O2754.jpg,O,O,0.9931753277778625,300,1
O/O2756.jpg,O,O,0.993180513381958,300,1
O/O2757.jpg,O,O,0.99319988489151,300,1
O/O2768.jpg,O,O,0.9933043122291565,300,1
O/O2774.jpg,O,O,0.9933568835258484,300,1
O/O2775.jpg,O,O,0.9933331608772278,300,1
O/O2779.jpg,O,O,0.9933603405952454,300,1
O/O2780.jpg,O,O,0.9933445453643799,300,1
O/O2781.jpg,O,O,0.9933584332466125,300,1
O/O2786.jpg,O,O,0.9933742880821228,300,1
O/O2791.jpg,O,O,0.9933382272720337,300,1
O/O2795.jpg,O,O,0.993339478969574,300,1
O/O280.jpg,O,O,0.9931419491767883,300,1
O/O2804.jpg,O,O,0.993240475654602,300,1
O/O2809.jpg,O,O,0.9931754469871521,300,1
O/O2812.jpg,O,O,0.9931667447090149,300,1
O/O2815.jpg,O,O,0.9931114912033081,300,1
O/O2818.jpg,O,O,0.9930444359779358,300,1
O/O2821.jpg,O,O,0.9930499792098999,300,1
O/O2825.jpg,O,O,0.9930673837661743,300,1
O/O2827.jpg,O,O,0.9930686950683594,300,1
O/O2831.jpg,O,O,0.9930799603462219,300,1
O/O2835.jpg,O,O,0.9930654764175415,300,1
O/O2842.jpg,O,O,0.9931040406227112,300,1
O/O2844.jpg,O,O,0.9931648373603821,300,1
O/O2845.jpg,O,O,0.9931530952453613,300,1
O/O2850.jpg,O,O,0.9931147694587708,300,1
O/O2852.jpg,O,O,0.9931336641311646,300,1
O/O2854.jpg,O,O,0.9931870698928833,300,1
O/O286.jpg,O,O,0.9931586384773254,300,1
O/O287.jpg,O,O,0.9931175708770752,300,1
O/O2879.jpg,O,O,0.993222713470459,300,1
O/O2888.jpg,O,O,0.9933009147644043,300,1
O/O2889.jpg,O,O,0.9932695031166077,300,1
O/O289.jpg,O,O,0.9930874705314636,300,1
O/O2901.jpg,O,O,0.9931778907775879,300,1
O/O2903.jpg,O,O,0.9932246804237366,300,1
O/O2906.jpg,O,O,0.9932685494422913,300,1
O/O2920.jpg,O,O,0.9934291243553162,300,1
O/O2924.jpg,O,O,0.9933818578720093,300,1
O/O2935.jpg,O,O,0.9932634234428406,300,1
O/O2940.jpg,O,O,0.9931463599205017,300,1
O/O2947.jpg,O,O,0.9931427240371704,300,1
O/O2956.jpg,O,O,0.9931603670120239,300,1
O/O2961.jpg,O,O,0.9931558966636658,300,1
O/O2965.jpg,O,O,0.9931635856628418,300,1
O/O2967.jpg,O,O,0.9931434392929077,300,1
O/O2988.jpg,O,O,0.9932860732078552,300,1
O/O2996.jpg,O,O,0.9932743310928345,300,1
O/O2998.jpg,O,O,0.993273138999939,300,1
O/O304.jpg,O,O,0.9932661056518555,300,1
O/O306.jpg,O,O,0.9932830333709717,300,1
O/O308.jpg,O,O,0.9932143688201904,300,1
O/O313.jpg,O,O,0.9932152032852173,300,1
O/O318.jpg,O,O,0.9932442307472229,300,1
O/O319.jpg,O,O,0.9932274222373962,300,1
O/O32.jpg,O,O,0.9931668639183044,300,1
O/O320.jpg,O,O,0.9932525753974915,300,1
O/O328.jpg,O,O,0.9933245778083801,300,1
O/O33.jpg,O,O,0.9931628704071045,300,1
O/O330.jpg,O,O,0.9932736158370972,300,1
O/O337.jpg,O,O,0.993273138999939,300,1
O/O339.jpg,O,O,0.9932852983474731,300,1
O/O340.jpg,O,O,0.9933284521102905,300,1
O/O345.jpg,O,O,0.9933202266693115,300,1
O/O346.jpg,O,O,0.9933346509933472,300,1
O/O359.jpg,O,O,0.9933860898017883,300,1
O/O36.jpg,O,O,0.9931647181510925,300,1
O/O360.jpg,O,O,0.9933686852455139,300,1
O/O362.jpg,O,O,0.9933799505233765,300,1
O/O366.jpg,O,O,0.9933983087539673,300,1
O/O376.jpg,O,O,0.9933581948280334,300,1
O/O378.jpg,O,O,0.9933159947395325,300,1
O/O385.jpg,O,O,0.9932865500450134,300,1
O/O391.jpg,O,O,0.9933267831802368,300,1
O/O392.jpg,O,O,0.99333655834198,300,1
O/O399.jpg,O,O,0.9933521747589111,300,1
O/O40.jpg,O,O,0.9931725859642029,300,1
O/O400.jpg,O,O,0.9933083057403564,300,1
O/O405.jpg,O,O,0.9933269023895264,300,1
O/O406.jpg,O,O,0.9933463335037231,300,1
O/O408.jpg,O,O,0.9933788776397705,300,1
O/O415.jpg,O,O,0.9933421015739441,300,1
O/O417.jpg,O,O,0.9933226704597473,300,1
O/O42.jpg,O,O,0.9931875467300415,300,1
O/O420.jpg,O,O,0.9932605624198914,300,1
O/O422.jpg,O,O,0.9932195544242859,300,1
O/O428.jpg,O,O,0.9933046698570251,300,1
O/O437.jpg,O,O,0.9933058619499207,300,1
O/O441.jpg,O,O,0.9933221936225891,300,1
O/O442.jpg,O,O,0.9933046698570251,300,1
O/O445.jpg,O,O,0.9933322072029114,300,1
O/O449.jpg,O,O,0.9932025671005249,300,1
O/O450.jpg,O,O,0.9932171702384949,300,1
O/O451.jpg,O,O,0.9931735396385193,300,1
O/O457.jpg,O,O,0.9931601285934448,300,1
O/O46.jpg,O,O,0.9931160807609558,300,1
O/O471.jpg,O,O,0.9932183623313904,300,1
O/O473.jpg,O,O,0.9931976795196533,300,1
O/O479.jpg,O,O,0.993267297744751,300,1
O/O482.jpg,O,O,0.993312418460846,300,1
O/O485.jpg,O,O,0.9932617545127869,300,1
O/O488.jpg,O,O,0.9932622313499451,300,1
O/O492.jpg,O,O,0.9931465983390808,300,1
O/O498.jpg,O,O,0.9932087063789368,300,1
O/O502.jpg,O,O,0.9931910634040833,300,1
O/O505.jpg,O,O,0.9931569695472717,300,1
O/O507.jpg,O,O,0.993154764175415,300,1
O/O523.jpg,O,O,0.9931562542915344,300,1
O/O526.jpg,O,O,0.9931252002716064,300,1
O/O527.jpg,O,O,0.9931354522705078,300,1
O/O542.jpg,O,O,0.9933567643165588,300,1
O/O543.jpg,O,O,0.9933367967605591,300,1
O/O545.jpg,O,O,0.9933337569236755,300,1
O/O550.jpg,O,O,0.9934340715408325,300,1
O/O56.jpg,O,O,0.9932229518890381,300,1
O/O577.jpg,O,O,0.9934106469154358,300,1
O/O582.jpg,O,O,0.9933677315711975,300,1
O/O583.jpg,O,O,0.9933866858482361,300,1
O/O585.jpg,O,O,0.9933894872665405,300,1
O/O594.jpg,O,O,0.9933820962905884,300,1
O/O60.jpg,O,O,0.993235170841217,300,1
O/O600.jpg,O,O,0.9933226704597473,300,1
O/O608.jpg,O,O,0.9932861924171448,300,1
O/O609.jpg,O,O,0.9932669401168823,300,1
O/O614.jpg,O,O,0.9932374954223633,300,1
O/O617.jpg,O,O,0.9931990504264832,300,1
O/O619.jpg,O,O,0.9932175278663635,300,1
O/O622.jpg,O,O,0.9932422041893005,300,1
O/O624.jpg,O,O,0.9932548999786377,300,1
O/O628.jpg,O,O,0.9932328462600708,300,1
O/O633.jpg,O,O,0.9933013916015625,300,1
O/O638.jpg,O,O,0.9932999610900879,300,1
O/O645.jpg,O,O,0.9933521747589111,300,1
O/O651.jpg,O,O,0.9933433532714844,300,1
O/O657.jpg,O,O,0.9934000968933105,300,1
O/O662.jpg,O,O,0.9933978319168091,300,1
O/O664.jpg,O,O,0.9933903217315674,300,1
O/O667.jpg,O,O,0.9933195114135742,300,1
O/O668.jpg,O,O,0.9933803081512451,300,1
O/O670.jpg,O,O,0.9933691620826721,300,1
O/O677.jpg,O,O,0.9933943152427673,300,1
O/O682.jpg,O,O,0.9933688044548035,300,1
O/O690.jpg,O,O,0.9933492541313171,300,1
O/O701.jpg,O,O,0.9933385252952576,300,1
O/O702.jpg,O,O,0.9933077096939087,300,1
O/O712.jpg,O,O,0.9933694005012512,300,1
O/O717.jpg,O,O,0.9933271408081055,300,1
O/O72.jpg,O,O,0.9930443167686462,300,1
O/O725.jpg,O,O,0.9933151602745056,300,1
O/O726.jpg,O,O,0.9933304190635681,300,1
O/O731.jpg,O,O,0.9932912588119507,300,1
O/O732.jpg,O,O,0.9933205842971802,300,1
O/O738.jpg,O,O,0.9932164549827576,300,1
O/O742.jpg,O,O,0.9932096600532532,300,1
O/O749.jpg,O,O,0.9932674169540405,300,1
O/O75.jpg,O,O,0.993071973323822,300,1
O/O751.jpg,O,O,0.9932118654251099,300,1
O/O758.jpg,O,O,0.9932569265365601,300,1
O/O759.jpg,O,O,0.9932548999786377,300,1
O/O761.jpg,O,O,0.9932475090026855,300,1
O/O767.jpg,O,O,0.9932821989059448,300,1
O/O769.jpg,O,O,0.9933411478996277,300,1
O/O771.jpg,O,O,0.9933167695999146,300,1
O/O781.jpg,O,O,0.9933652281761169,300,1
O/O787.jpg,O,O,0.9933049082756042,300,1
O/O795.jpg,O,O,0.9934023022651672,300,1
O/O80.jpg,O,O,0.9930729269981384,300,1
O/O804.jpg,O,O,0.9934062957763672,300,1
O/O810.jpg,O,O,0.9933931231498718,300,1
O/O821.jpg,O,O,0.9933288097381592,300,1
O/O826.jpg,O,O,0.9932504892349243,300,1
O/O833.jpg,O,O,0.9932763576507568,300,1
O/O834.jpg,O,O,0.9932697415351868,300,1
O/O837.jpg,O,O,0.9932388067245483,300,1
O/O839.jpg,O,O,0.9932864308357239,300,1
O/O847.jpg,O,O,0.9932667016983032,300,1
O/O85.jpg,O,O,0.9931941032409668,300,1
O/O853.jpg,O,O,0.9932589530944824,300,1
O/O867.jpg,O,O,0.9932049512863159,300,1
O/O879.jpg,O,O,0.9932929277420044,300,1
O/O887.jpg,O,O,0.9933695197105408,300,1
O/O890.jpg,O,O,0.9933943152427673,300,1
O/O902.jpg,O,O,0.9934284090995789,300,1
O/O903.jpg,O,O,0.9934183359146118,300,1
O/O908.jpg,O,O,0.993330180644989,300,1
O/O91.jpg,O,O,0.993191659450531,300,1
O/O911.jpg,O,O,0.9932924509048462,300,1
O/O913.jpg,O,O,0.9932466745376587,300,1
O/O914.jpg,O,O,0.9933112859725952,300,1
O/O922.jpg,O,O,0.9933949112892151,300,1
O/O924.jpg,O,O,0.9934197068214417,300,1
O/O928.jpg,O,O,0.9933428168296814,300,1
O/O931.jpg,O,O,0.9933537244796753,300,1
O/O935.jpg,O,O,0.9933421015739441,300,1
O/O936.jpg,O,O,0.9933581948280334,300,1
O/O938.jpg,O,O,0.993378758430481,300,1
O/O94.jpg,O,O,0.993126630783081,300,1
O/O941.jpg,O,O,0.9933918118476868,300,1
O/O948.jpg,O,O,0.9933952689170837,300,1
O/O951.jpg,O,O,0.9933567643165588,300,1
O/O964.jpg,O,O,0.9933305382728577,300,1
O/O966.jpg,O,O,0.9933295249938965,300,1
O/O98.jpg,O,O,0.9931761622428894,300,1
O/O983.jpg,O,O,0.9932575225830078,300,1
O/O997.jpg,O,O,0.9932182431221008,300,1
O/O998.jpg,O,O,0.9932327270507812,300,1
P/P100.jpg,P,P,0.9932001233100891,300,1
P/P1002.jpg,P,P,0.9934735894203186,300,1
P/P1003.jpg,P,P,0.9934744238853455,300,1
P/P1004.jpg,P,P,0.9934828877449036,300,1
P/P1005.jpg,P,P,0.9934826493263245,300,1
P/P1008.jpg,P,P,0.9934436082839966,300,1
P/P1015.jpg,P,P,0.9934355020523071,300,1
P/P1016.jpg,P,P,0.9934589266777039,300,1
P/P1017.jpg,P,P,0.9934078454971313,300,1
P/P102.jpg,P,P,0.9931619167327881,300,1
P/P1021.jpg,P,P,0.9934166669845581,300,1
P/P1022.jpg,P,P,0.9933497309684753,300,1
P/P1023.jpg,P,P,0.9933638572692871,300,1
P/P1030.jpg,P,P,0.9932422041893005,300,1
P/P1035.jpg,P,P,0.9932655096054077,300,1
P/P1037.jpg,P,P,0.9932845830917358,300,1
P/P1038.jpg,P,P,0.9932959675788879,300,1
P/P1041.jpg,P,P,0.9932488203048706,300,1
P/P1042.jpg,P,P,0.9932569265365601,300,1
P/P1044.jpg,P,P,0.9931341409683228,300,1
P/P1061.jpg,P,P,0.993230938911438,300,1
P/P1062.jpg,P,P,0.9931994080543518,300,1
P/P1065.jpg,P,P,0.9932917356491089,300,1
P/P1067.jpg,P,P,0.9933438301086426,300,1
P/P1076.jpg,P,P,0.9933171272277832,300,1
P/P108.jpg,P,P,0.993186354637146,300,1
P/P1081.jpg,P,P,0.9932237863540649,300,1
P/P1083.jpg,P,P,0.9931570887565613,300,1
P/P1087.jpg,P,P,0.9931634664535522,300,1
P/P1089.jpg,P,P,0.9931249022483826,300,1
P/P1092.jpg,P,P,0.9929502010345459,300,1
P/P1101.jpg,P,P,0.9933497309684753,300,1
P/P1106.jpg,P,P,0.9933643341064453,300,1
P/P1116.jpg,P,P,0.9934511184692383,300,1
P/P1121.jpg,P,P,0.9934366345405579,300,1
P/P1125.jpg,P,P,0.9934003353118896,300,1
P/P1126.jpg,P,P,0.9933945536613464,300,1
P/P1127.jpg,P,P,0.9934177398681641,300,1
P/P1143.jpg,P,P,0.9933502078056335,300,1
P/P1145.jpg,P,P,0.993337869644165,300,1
P/P1148.jpg,P,P,0.9933611154556274,300,1
P/P1157.jpg,P,P,0.9932923316955566,300,1
P/P1158.jpg,P,P,0.993320107460022,300,1
P/P1181.jpg,P,P,0.9932563304901123,300,1
P/P1184.jpg,P,P,0.9932466745376587,300,1
P/P1189.jpg,P,P,0.9932326078414917,300,1
P/P1190.jpg,P,P,0.9932548403739929,300,1
P/P1192.jpg,P,P,0.9931818842887878,300,1
P/P1197.jpg,P,P,0.9932234287261963,300,1
P/P1207.jpg,P,P,0.9932394027709961,300,1
P/P1208.jpg,P,P,0.9932470321655273,300,1
P/P1213.jpg,P,P,0.9932644367218018,300,1
P/P1221.jpg,P,P,0.9931648373603821,300,1
P/P1229.jpg,P,P,0.9931517839431763,300,1
P/P124.jpg,P,P,0.9931603670120239,300,1
P/P1245.jpg,P,P,0.9932924509048462,300,1
P/P1247.jpg,P,P,0.9932677745819092,300,1
P/P1258.jpg,P,P,0.9933894872665405,300,1
P/P1260.jpg,P,P,0.9933291673660278,300,1
P/P1261.jpg,P,P,0.9933371543884277,300,1
P/P1266.jpg,P,P,0.99333655834198,300,1
P/P1271.jpg,P,P,0.993394672870636,300,1
P/P1288.jpg,P,P,0.9934023022651672,300,1
P/P13.jpg,P,P,0.9932523369789124,300,1
P/P1309.jpg,P,P,0.9934137463569641,300,1
P/P1310.jpg,P,P,0.9934861063957214,300,1
P/P1315.jpg,P,P,0.9929689764976501,300,1
P/P1325.jpg,P,P,0.9933016300201416,300,1
P/P1334.jpg,P,P,0.9934002161026001,300,1
P/P1335.jpg,P,P,0.9933567643165588,300,1
P/P1338.jpg,P,P,0.993441104888916,300,1
P/P1340.jpg,P,P,0.9934707880020142,300,1
P/P135.jpg,P,P,0.9929739236831665,300,1
P/P1355.jpg,P,P,0.9933985471725464,300,1
P/P1358.jpg,P,P,0.9933506846427917,300,1
P/P1359.jpg,P,P,0.9933550357818604,300,1
P/P136.jpg,P,P,0.9929558038711548,300,1
P/P1360.jpg,P,P,0.9933878183364868,300,1
P/P1371.jpg,P,P,0.9932635426521301,300,1
P/P1379.jpg,P,P,0.9932543635368347,300,1
P/P1380.jpg,P,P,0.9933080673217773,300,1
P/P1386.jpg,P,P,0.9933068156242371,300,1
P/P1387.jpg,P,P,0.993323028087616,300,1
P/P1403.jpg,P,P,0.9933434724807739,300,1
P/P1408.jpg,P,P,0.993309736251831,300,1
P/P141.jpg,P,P,0.9929445385932922,300,1
P/P1413.jpg,P,P,0.9930601119995117,300,1
P/P1415.jpg,P,P,0.9931342601776123,300,1
P/P1422.jpg,P,P,0.993188738822937,300,1
P/P1426.jpg,P,P,0.9932635426521301,300,1
P/P1427.jpg,P,P,0.9932770133018494,300,1
P/P1452.jpg,P,P,0.9932389259338379,300,1
P/P1454.jpg,P,P,0.9931421279907227,300,1
P/P1456.jpg,P,P,0.9931423664093018,300,1
P/P1460.jpg,P,P,0.993073582649231,300,1
P/P1465.jpg,P,P,0.9931764006614685,300,1
P/P1483.jpg,P,P,0.9934448003768921,300,1
P/P1487.jpg,P,P,0.9933722019195557,300,1
P/P1490.jpg,P,P,0.9934052228927612,300,1
P/P1492.jpg,P,P,0.9934007525444031,300,1
P/P15.jpg,P,P,0.9932327270507812,300,1
P/P1503.jpg,P,P,0.9933003187179565,300,1
P/P1504.jpg,P,P,0.993304431438446,300,1
P/P151.jpg,P,P,0.992935836315155,300,1
P/P1513.jpg,P,P,0.9932767152786255,300,1
P/P1514.jpg,P,P,0.993358314037323,300,1
P/P152.jpg,P,P,0.9929599165916443,300,1
P/P1527.jpg,P,P,0.9931231141090393,300,1
P/P1528.jpg,P,P,0.9931390881538391,300,1
P/P1530.jpg,P,P,0.9930198788642883,300,1
P/P1534.jpg,P,P,0.993074893951416,300,1
P/P1538.jpg,P,P,0.9930349588394165,300,1
P/P1540.jpg,P,P,0.9931407570838928,300,1
P/P1541.jpg,P,P,0.9930745363235474,300,1
P/P1543.jpg,P,P,0.9932242631912231,300,1
P/P1545.jpg,P,P,0.9931588768959045,300,1
P/P1548.jpg,P,P,0.9932367205619812,300,1
P/P1550.jpg,P,P,0.9933542013168335,300,1
P/P1558.jpg,P,P,0.9933650493621826,300,1
P/P1566.jpg,P,P,0.9931848645210266,300,1
P/P1567.jpg,P,P,0.9930887818336487,300,1
P/P1569.jpg,P,P,0.9930766820907593,300,1
P/P1584.jpg,P,P,0.9932576417922974,300,1
P/P1588.jpg,P,P,0.9932711720466614,300,1
P/P1591.jpg,P,P,0.9932425618171692,300,1
P/P1594.jpg,P,P,0.9932055473327637,300,1
P/P160.jpg,P,P,0.992882490158081,300,1
P/P161.jpg,P,P,0.9929130673408508,300,1
P/P1616.jpg,P,P,0.9931256771087646,300,1
P/P162.jpg,P,P,0.9929485321044922,300,1
P/P1624.jpg,P,P,0.9932411909103394,300,1
P/P1625.jpg,P,P,0.9932550191879272,300,1
P/P1638.jpg,P,P,0.9930693507194519,300,1
P/P1642.jpg,P,P,0.9931573271751404,300,1
P/P1647.jpg,P,P,0.9930739402770996,300,1
P/P1648.jpg,P,P,0.9931307435035706,300,1
P/P1650.jpg,P,P,0.9930368065834045,300,1
P/P1656.jpg,P,P,0.9930180311203003,300,1
P/P1658.jpg,P,P,0.9930365681648254,300,1
P/P1660.jpg,P,P,0.9930207133293152,300,1
P/P1661.jpg,P,P,0.9930643439292908,300,1
P/P1664.jpg,P,P,0.9930347204208374,300,1
P/P1665.jpg,P,P,0.9929783940315247,300,1
P/P1667.jpg,P,P,0.9930602312088013,300,1
P/P1670.jpg,P,P,0.9930851459503174,300,1
P/P1674.jpg,P,P,0.9930694699287415,300,1
P/P1676.jpg,P,P,0.993053138256073,300,1
P/P168.jpg,P,P,0.9929696917533875,300,1
P/P1686.jpg,P,P,0.993053138256073,300,1
P/P1710.jpg,P,P,0.992982029914856,300,1
P/P1720.jpg,P,P,0.9930306077003479,300,1
P/P1728.jpg,P,P,0.9931098222732544,300,1
P/P1736.jpg,P,P,0.9931020736694336,300,1
P/P1742.jpg,P,P,0.9931714534759521,300,1
P/P1744.jpg,P,P,0.9931685924530029,300,1
P/P1749.jpg,P,P,0.9931673407554626,300,1
P/P1751.jpg,P,P,0.9930650591850281,300,1
P/P1756.jpg,P,P,0.9931545257568359,300,1
P/P1776.jpg,P,P,0.9931602478027344,300,1
P/P1778.jpg,P,P,0.9931066632270813,300,1
P/P1782.jpg,P,P,0.9931002855300903,300,1
P/P179.jpg,P,P,0.9930846691131592,300,1
P/P1801.jpg,P,P,0.9931825995445251,300,1
P/P1805.jpg,P,P,0.993183434009552,300,1
P/P1808.jpg,P,P,0.9931259155273438,300,1
P/P1811.jpg,P,P,0.993156373500824,300,1
P/P1817.jpg,P,P,0.9931403994560242,300,1
P/P1820.jpg,P,P,0.9931269884109497,300,1
P/P1824.jpg,P,P,0.9932073950767517,300,1
P/P1825.jpg,P,P,0.9931188821792603,300,1
P/P184.jpg,P,P,0.9930667877197266,300,1
P/P1841.jpg,P,P,0.993057131767273,300,1
P/P185.jpg,P,P,0.9930111765861511,300,1
P/P1860.jpg,P,P,0.9933232665061951,300,1
P/P1866.jpg,P,P,0.9933972358703613,300,1
P/P1871.jpg,P,P,0.9933562278747559,300,1
P/P1873.jpg,P,P,0.9932557344436646,300,1
P/P1878.jpg,P,P,0.9931437969207764,300,1
P/P1883.jpg,P,P,0.9933134913444519,300,1
P/P1888.jpg,P,P,0.9932383298873901,300,1
P/P1891.jpg,P,P,0.9932854175567627,300,1
P/P1900.jpg,P,P,0.9933346509933472,300,1
P/P1912.jpg,P,P,0.993111252784729,300,1
P/P1914.jpg,P,P,0.9931389689445496,300,1
P/P1919.jpg,P,P,0.9930382370948792,300,1
P/P1921.jpg,P,P,0.9931430816650391,300,1
P/P1937.jpg,P,P,0.9930534958839417,300,1
P/P1944.jpg,P,P,0.993070662021637,300,1
P/P1946.jpg,P,P,0.9929786324501038,300,1
P/P1949.jpg,P,P,0.993060827255249,300,1
P/P1953.jpg,P,P,0.9930785298347473,300,1
P/P1957.jpg,P,P,0.9930551648139954,300,1
P/P1961.jpg,P,P,0.9930716156959534,300,1
P/P1962.jpg,P,P,0.9930980801582336,300,1
P/P1972.jpg,P,P,0.9930920600891113,300,1
P/P1974.jpg,P,P,0.9930450320243835,300,1
P/P1979.jpg,P,P,0.9930608868598938,300,1
P/P1985.jpg,P,P,0.9931378960609436,300,1
P/P1993.jpg,P,P,0.9930777549743652,300,1
P/P2005.jpg,P,P,0.9933229088783264,300,1
P/P2006.jpg,P,P,0.9934011101722717,300,1
P/P2012.jpg,P,P,0.9933764338493347,300,1
P/P202.jpg,P,P,0.9931983351707458,300,1
P/P2029.jpg,P,P,0.9932401180267334,300,1
P/P2034.jpg,P,P,0.9931935667991638,300,1
P/P2037.jpg,P,P,0.9931859970092773,300,1
P/P2038.jpg,P,P,0.9932241439819336,300,1
P/P2040.jpg,P,P,0.9933227896690369,300,1
P/P2043.jpg,P,P,0.9932453036308289,300,1
P/P2051.jpg,P,P,0.993285596370697,300,1
P/P2054.jpg,P,P,0.9933731555938721,300,1
P/P2065.jpg,P,P,0.9934727549552917,300,1
P/P2066.jpg,P,P,0.9934567809104919,300,1
P/P2074.jpg,P,P,0.9934844374656677,300,1
P/P2076.jpg,P,P,0.9934939742088318,300,1
P/P2079.jpg,P,P,0.9933668971061707,300,1
P/P2081.jpg,P,P,0.9933611154556274,300,1
P/P2082.jpg,P,P,0.9933779835700989,300,1
P/P2083.jpg,P,P,0.9934212565422058,300,1
P/P2085.jpg,P,P,0.9934142827987671,300,1
P/P2089.jpg,P,P,0.993445634841919,300,1
P/P2098.jpg,P,P,0.9935624599456787,300,1
P/P2100.jpg,P,P,0.9935367703437805,300,1
P/P2103.jpg,P,P,0.9934735894203186,300,1
P/P2107.jpg,P,P,0.9935731291770935,300,1
P/P2116.jpg,P,P,0.9935173988342285,300,1
P/P2118.jpg,P,P,0.9934054613113403,300,1
P/P2123.jpg,P,P,0.9933839440345764,300,1
P/P2126.jpg,P,P,0.9933848977088928,300,1
P/P213.jpg,P,P,0.9931800365447998,300,1
P/P2130.jpg,P,P,0.9933685660362244,300,1
P/P2132.jpg,P,P,0.9934480786323547,300,1
P/P2143.jpg,P,P,0.9934027791023254,300,1
P/P2145.jpg,P,P,0.9934004545211792,300,1
P/P2150.jpg,P,P,0.9933590292930603,300,1
P/P2157.jpg,P,P,0.9934106469154358,300,1
P/P216.jpg,P,P,0.9931381344795227,300,1
P/P2163.jpg,P,P,0.9933152794837952,300,1
P/P2167.jpg,P,P,0.9932946562767029,300,1
P/P2168.jpg,P,P,0.9932510256767273,300,1
P/P2169.jpg,P,P,0.9932502508163452,300,1
P/P2172.jpg,P,P,0.993281364440918,300,1
P/P2175.jpg,P,P,0.9932689070701599,300,1
P/P2178.jpg,P,P,0.9932414293289185,300,1
P/P2184.jpg,P,P,0.9933653473854065,300,1
P/P2186.jpg,P,P,0.9933772683143616,300,1
P/P2193.jpg,P,P,0.9934406876564026,300,1
P/P22.jpg,P,P,0.9931446313858032,300,1
P/P220.jpg,P,P,0.9931125044822693,300,1
P/P2203.jpg,P,P,0.9935613870620728,300,1
P/P2205.jpg,P,P,0.9935389161109924,300,1
P/P2207.jpg,P,P,0.9934970140457153,300,1
P/P2210.jpg,P,P,0.9934659600257874,300,1
P/P2214.jpg,P,P,0.9934794902801514,300,1
P/P2219.jpg,P,P,0.9934576153755188,300,1
P/P222.jpg,P,P,0.9931556582450867,300,1
P/P2222.jpg,P,P,0.9933643341064453,300,1
P/P2238.jpg,P,P,0.9933233857154846,300,1
P/P2239.jpg,P,P,0.993323028087616,300,1
P/P2246.jpg,P,P,0.993320882320404,300,1
P/P2247.jpg,P,P,0.9933203458786011,300,1
P/P2248.jpg,P,P,0.9932376146316528,300,1
P/P225.jpg,P,P,0.9931495785713196,300,1
P/P226.jpg,P,P,0.9931695461273193,300,1
P/P2266.jpg,P,P,0.9932422041893005,300,1
P/P2270.jpg,P,P,0.9931417107582092,300,1
P/P2271.jpg,P,P,0.993117094039917,300,1
P/P2276.jpg,P,P,0.9931897521018982,300,1
P/P2279.jpg,P,P,0.9933125376701355,300,1
P/P2282.jpg,P,P,0.9931831955909729,300,1
P/P2287.jpg,P,P,0.9932732582092285,300,1
P/P229.jpg,P,P,0.9931694269180298,300,1
P/P2296.jpg,P,P,0.9933736324310303,300,1
P/P2298.jpg,P,P,0.9933289289474487,300,1
P/P23.jpg,P,P,0.9930921792984009,300,1
P/P2312.jpg,P,P,0.9933252334594727,300,1
P/P2319.jpg,P,P,0.9933466911315918,300,1
P/P2321.jpg,P,P,0.9933688044548035,300,1
P/P2322.jpg,P,P,0.9933601021766663,300,1
P/P2325.jpg,P,P,0.9935116171836853,300,1
P/P2339.jpg,P,P,0.9935025572776794,300,1
P/P2341.jpg,P,P,0.9935047626495361,300,1
P/P2344.jpg,P,P,0.9934472441673279,300,1
P/P2348.jpg,P,P,0.9932901859283447,300,1
P/P2352.jpg,P,P,0.993269145488739,300,1
P/P2359.jpg,P,P,0.9933133721351624,300,1
P/P2367.jpg,P,P,0.9933611154556274,300,1
P/P237.jpg,P,P,0.993107795715332,300,1
P/P2379.jpg,P,P,0.9934505224227905,300,1
P/P2383.jpg,P,P,0.9934565424919128,300,1
P/P2386.jpg,P,P,0.9934427738189697,300,1
P/P2389.jpg,P,P,0.993378758430481,300,1
P/P239.jpg,P,P,0.9930908679962158,300,1
P/P2391.jpg,P,P,0.9934061765670776,300,1
P/P2392.jpg,P,P,0.9934431314468384,300,1
P/P240.jpg,P,P,0.993067741394043,300,1
P/P2404.jpg,P,P,0.9932997226715088,300,1
P/P2406.jpg,P,P,0.9934076070785522,300,1
P/P2409.jpg,P,P,0.9932386875152588,300,1
P/P2413.jpg,P,P,0.9932316541671753,300,1
P/P2415.jpg,P,P,0.9931970834732056,300,1
P/P2417.jpg,P,P,0.9932108521461487,300,1
P/P2419.jpg,P,P,0.993198037147522,300,1
P/P2421.jpg,P,P,0.9932504892349243,300,1
P/P2424.jpg,P,P,0.9933574795722961,300,1
P/P2428.jpg,P,P,0.9934197068214417,300,1
P/P243.jpg,P,P,0.9931064248085022,300,1
P/P2435.jpg,P,P,0.9933746457099915,300,1
P/P2436.jpg,P,P,0.9933035969734192,300,1
P/P2437.jpg,P,P,0.9933818578720093,300,1
P/P2439.jpg,P,P,0.9932999610900879,300,1
P/P244.jpg,P,P,0.993126630783081,300,1
P/P2441.jpg,P,P,0.9933740496635437,300,1
P/P2442.jpg,P,P,0.9932865500450134,300,1
P/P2450.jpg,P,P,0.993320882320404,300,1
P/P2453.jpg,P,P,0.9932984709739685,300,1
P/P2454.jpg,P,P,0.9932535290718079,300,1
P/P2456.jpg,P,P,0.9934324026107788,300,1
P/P2458.jpg,P,P,0.9934000968933105,300,1
P/P2468.jpg,P,P,0.9933280944824219,300,1
P/P2472.jpg,P,P,0.9933106899261475,300,1
P/P248.jpg,P,P,0.993065357208252,300,1
P/P2483.jpg,P,P,0.9933302998542786,300,1
P/P2494.jpg,P,P,0.9932068586349487,300,1
P/P2498.jpg,P,P,0.9930707812309265,300,1
P/P2504.jpg,P,P,0.993075966835022,300,1
P/P2517.jpg,P,P,0.9933064579963684,300,1
P/P253.jpg,P,P,0.993028461933136,300,1
P/P2533.jpg,P,P,0.9933520555496216,300,1
P/P2535.jpg,P,P,0.9933776259422302,300,1
P/P2536.jpg,P,P,0.9933847784996033,300,1
P/P2542.jpg,P,P,0.9933744072914124,300,1
P/P2552.jpg,P,P,0.9933102130889893,300,1
P/P2555.jpg,P,P,0.9933375120162964,300,1
P/P2558.jpg,P,P,0.9933328032493591,300,1
P/P2559.jpg,P,P,0.9932852983474731,300,1
P/P256.jpg,P,P,0.9929920434951782,300,1
P/P2562.jpg,P,P,0.9933186769485474,300,1
P/P2594.jpg,P,P,0.9932470321655273,300,1
P/P2595.jpg,P,P,0.993239164352417,300,1
P/P2596.jpg,P,P,0.9932722449302673,300,1
P/P260.jpg,P,P,0.9930088520050049,300,1
P/P2602.jpg,P,P,0.993266224861145,300,1
P/P2606.jpg,P,P,0.9933019876480103,300,1
P/P2611.jpg,P,P,0.993499755859375,300,1
P/P2626.jpg,P,P,0.9934173822402954,300,1
P/P2627.jpg,P,P,0.9934718608856201,300,1
P/P2628.jpg,P,P,0.9934700727462769,300,1
P/P2632.jpg,P,P,0.9934582114219666,300,1
P/P2638.jpg,P,P,0.9934988021850586,300,1
P/P2640.jpg,P,P,0.993475615978241,300,1
P/P2641.jpg,P,P,0.9934502840042114,300,1
P/P2642.jpg,P,P,0.9934717416763306,300,1
P/P2649.jpg,P,P,0.9935076236724854,300,1
P/P265.jpg,P,P,0.9930289387702942,300,1
P/P2651.jpg,P,P,0.9934579730033875,300,1
P/P2652.jpg,P,P,0.9934967756271362,300,1
P/P2657.jpg,P,P,0.9934886693954468,300,1
P/P2660.jpg,P,P,0.9934497475624084,300,1
P/P2663.jpg,P,P,0.9933905601501465,300,1
P/P267.jpg,P,P,0.9930550456047058,300,1
P/P2690.jpg,P,P,0.9932194352149963,300,1
P/P2694.jpg,P,P,0.9933795928955078,300,1
P/P2695.jpg,P,P,0.9933538436889648,300,1
P/P2697.jpg,P,P,0.9933741688728333,300,1
P/P2698.jpg,P,P,0.9933131337165833,300,1
P/P2699.jpg,P,P,0.9932606816291809,300,1
P/P27.jpg,P,P,0.9930441975593567,300,1
P/P2700.jpg,P,P,0.9932520985603333,300,1
P/P2702.jpg,P,P,0.9932802319526672,300,1
P/P2709.jpg,P,P,0.9932764768600464,300,1
P/P2717.jpg,P,P,0.9931750893592834,300,1
P/P2725.jpg,P,P,0.9931058287620544,300,1
P/P2731.jpg,P,P,0.9931405186653137,300,1
P/P2735.jpg,P,P,0.9930930137634277,300,1
P/P2737.jpg,P,P,0.99310302734375,300,1
P/P2738.jpg,P,P,0.9930363297462463,300,1
P/P2740.jpg,P,P,0.993063747882843,300,1
P/P2747.jpg,P,P,0.9930905699729919,300,1
P/P276.jpg,P,P,0.9930140376091003,300,1
P/P2760.jpg,P,P,0.9930515289306641,300,1
P/P2761.jpg,P,P,0.9930242300033569,300,1
P/P2768.jpg,P,P,0.9930226802825928,300,1
P/P2772.jpg,P,P,0.9931010007858276,300,1
P/P2778.jpg,P,P,0.9930151700973511,300,1
P/P2780.jpg,P,P,0.9930360913276672,300,1
P/P2782.jpg,P,P,0.9930116534233093,300,1
P/P2784.jpg,P,P,0.9929803013801575,300,1
P/P2786.jpg,P,P,0.9930029511451721,300,1
P/P279.jpg,P,P,0.9929794669151306,300,1
P/P2791.jpg,P,P,0.9930272698402405,300,1
P/P2793.jpg,P,P,0.9929787516593933,300,1
P/P2799.jpg,P,P,0.993033766746521,300,1
P/P2804.jpg,P,P,0.9930204749107361,300,1
P/P2805.jpg,P,P,0.9930135607719421,300,1
P/P2807.jpg,P,P,0.9930062294006348,300,1
P/P2808.jpg,P,P,0.992973804473877,300,1
P/P281.jpg,P,P,0.9929834604263306,300,1
P/P2811.jpg,P,P,0.9929326772689819,300,1
P/P2814.jpg,P,P,0.9929568767547607,300,1
P/P2818.jpg,P,P,0.9930083751678467,300,1
P/P282.jpg,P,P,0.9929763078689575,300,1
P/P2822.jpg,P,P,0.9930428266525269,300,1
P/P2823.jpg,P,P,0.9930433034896851,300,1
P/P2825.jpg,P,P,0.9930256605148315,300,1
P/P2827.jpg,P,P,0.9930006265640259,300,1
P/P2828.jpg,P,P,0.9929770827293396,300,1
P/P2830.jpg,P,P,0.9929625391960144,300,1
P/P2831.jpg,P,P,0.9929805397987366,300,1
P/P2835.jpg,P,P,0.992968738079071,300,1
P/P2843.jpg,P,P,0.9929277300834656,300,1
P/P2848.jpg,P,P,0.9928737878799438,300,1
P/P2856.jpg,P,P,0.992914080619812,300,1
P/P2865.jpg,P,P,0.9929724931716919,300,1
P/P2866.jpg,P,P,0.9929906129837036,300,1
P/P2869.jpg,P,P,0.9930514097213745,300,1
P/P2873.jpg,P,P,0.9931178092956543,300,1
P/P2874.jpg,P,P,0.9931347370147705,300,1
P/P2876.jpg,P,P,0.9931436777114868,300,1
P/P2878.jpg,P,P,0.9931548833847046,300,1
P/P2879.jpg,P,P,0.9931746125221252,300,1
P/P2882.jpg,P,P,0.9932913780212402,300,1
P/P2893.jpg,P,P,0.9932734966278076,300,1
P/P2894.jpg,P,P,0.9932667016983032,300,1
P/P2896.jpg,P,P,0.9932647943496704,300,1
P/P2904.jpg,P,P,0.9932990074157715,300,1
P/P2905.jpg,P,P,0.993216335773468,300,1
P/P2906.jpg,P,P,0.9932335019111633,300,1
P/P2909.jpg,P,P,0.9932274222373962,300,1
P/P2912.jpg,P,P,0.9932424426078796,300,1
P/P2916.jpg,P,P,0.9931718111038208,300,1
P/P2923.jpg,P,P,0.9932075142860413,300,1
P/P2936.jpg,P,P,0.9929823875427246,300,1
P/P2937.jpg,P,P,0.9930084943771362,300,1
P/P2952.jpg,P,P,0.9930952191352844,300,1
P/P2959.jpg,P,P,0.9930905699729919,300,1
P/P2961.jpg,P,P,0.9931039214134216,300,1
P/P2971.jpg,P,P,0.9931038022041321,300,1
P/P2978.jpg,P,P,0.9930533766746521,300,1
P/P2979.jpg,P,P,0.9930524230003357,300,1
P/P2981.jpg,P,P,0.9930564761161804,300,1
P/P2984.jpg,P,P,0.9930863380432129,300,1
P/P2985.jpg,P,P,0.9930751323699951,300,1
P/P2987.jpg,P,P,0.9930616021156311,300,1
P/P2988.jpg,P,P,0.9930579662322998,300,1
P/P2993.jpg,P,P,0.9930413961410522,300,1
P/P311.jpg,P,P,0.9929174184799194,300,1
P/P312.jpg,P,P,0.9928953051567078,300,1
P/P32.jpg,P,P,0.9930514097213745,300,1
P/P322.jpg,P,P,0.9931674599647522,300,1
P/P323.jpg,P,P,0.993147075176239,300,1
P/P325.jpg,P,P,0.9931381344795227,300,1
P/P329.jpg,P,P,0.9931461811065674,300,1
P/P33.jpg,P,P,0.9930860996246338,300,1
P/P330.jpg,P,P,0.9931594133377075,300,1
P/P331.jpg,P,P,0.9932065010070801,300,1
P/P335.jpg,P,P,0.9931974411010742,300,1
P/P342.jpg,P,P,0.9931934475898743,300,1
P/P344.jpg,P,P,0.9931994080543518,300,1
P/P346.jpg,P,P,0.993186354637146,300,1
P/P349.jpg,P,P,0.9931678175926208,300,1
P/P351.jpg,P,P,0.9932031631469727,300,1
P/P352.jpg,P,P,0.9932150840759277,300,1
P/P353.jpg,P,P,0.9931526184082031,300,1
P/P355.jpg,P,P,0.9931337833404541,300,1
P/P364.jpg,P,P,0.9931696653366089,300,1
P/P372.jpg,P,P,0.9930335283279419,300,1
P/P375.jpg,P,P,0.9930296540260315,300,1
P/P379.jpg,P,P,0.993019163608551,300,1
P/P384.jpg,P,P,0.9929835796356201,300,1
P/P396.jpg,P,P,0.9931486248970032,300,1
P/P397.jpg,P,P,0.9930707812309265,300,1
P/P402.jpg,P,P,0.9931704998016357,300,1
P/P408.jpg,P,P,0.9932196736335754,300,1
P/P41.jpg,P,P,0.9931409955024719,300,1
P/P410.jpg,P,P,0.9932261109352112,300,1
P/P414.jpg,P,P,0.9931921362876892,300,1
P/P416.jpg,P,P,0.9931656718254089,300,1
P/P418.jpg,P,P,0.9931402802467346,300,1
P/P420.jpg,P,P,0.9931708574295044,300,1
P/P425.jpg,P,P,0.9931740164756775,300,1
P/P432.jpg,P,P,0.9930660724639893,300,1
P/P433.jpg,P,P,0.9930728077888489,300,1
P/P437.jpg,P,P,0.9931280612945557,300,1
P/P440.jpg,P,P,0.9931195974349976,300,1
P/P446.jpg,P,P,0.9930868744850159,300,1
P/P448.jpg,P,P,0.9931081533432007,300,1
P/P45.jpg,P,P,0.9930799603462219,300,1
P/P450.jpg,P,P,0.9931615591049194,300,1
P/P456.jpg,P,P,0.9931758046150208,300,1
P/P467.jpg,P,P,0.9931136965751648,300,1
P/P487.jpg,P,P,0.9930744171142578,300,1
P/P490.jpg,P,P,0.9930538535118103,300,1
P/P51.jpg,P,P,0.9929946064949036,300,1
P/P510.jpg,P,P,0.9931197166442871,300,1
P/P515.jpg,P,P,0.9931735396385193,300,1
P/P518.jpg,P,P,0.9931158423423767,300,1
P/P524.jpg,P,P,0.9931394457817078,300,1
P/P53.jpg,P,P,0.9929597973823547,300,1
P/P531.jpg,P,P,0.993181049823761,300,1
P/P535.jpg,P,P,0.9932102560997009,300,1
P/P558.jpg,P,P,0.9931229948997498,300,1
P/P56.jpg,P,P,0.9928828477859497,300,1
P/P560.jpg,P,P,0.9931286573410034,300,1
P/P565.jpg,P,P,0.9931380152702332,300,1
P/P570.jpg,P,P,0.9931557774543762,300,1
P/P574.jpg,P,P,0.9931367635726929,300,1
P/P578.jpg,P,P,0.9932191967964172,300,1
P/P579.jpg,P,P,0.9931279420852661,300,1
P/P582.jpg,P,P,0.9930974841117859,300,1
P/P59.jpg,P,P,0.9929760694503784,300,1
P/P591.jpg,P,P,0.9930713772773743,300,1
P/P6.jpg,P,P,0.9931519031524658,300,1
P/P600.jpg,P,P,0.9931092262268066,300,1
P/P605.jpg,P,P,0.9931087493896484,300,1
P/P606.jpg,P,P,0.9931322932243347,300,1
P/P608.jpg,P,P,0.9931066632270813,300,1
P/P611.jpg,P,P,0.9930765628814697,300,1
P/P62.jpg,P,P,0.9930404424667358,300,1
P/P626.jpg,P,P,0.9930970072746277,300,1
P/P635.jpg,P,P,0.9930269122123718,300,1
P/P637.jpg,P,P,0.9930122494697571,300,1
P/P646.jpg,P,P,0.9930970072746277,300,1
P/P648.jpg,P,P,0.9931480288505554,300,1
P/P655.jpg,P,P,0.9930887818336487,300,1
P/P657.jpg,P,P,0.9930873513221741,300,1
P/P669.jpg,P,P,0.9931743741035461,300,1
P/P678.jpg,P,P,0.9932067394256592,300,1
P/P679.jpg,P,P,0.9931837916374207,300,1
P/P686.jpg,P,P,0.9930551648139954,300,1
P/P692.jpg,P,P,0.9930292963981628,300,1
P/P693.jpg,P,P,0.9929988384246826,300,1
P/P694.jpg,P,P,0.9930166006088257,300,1
P/P695.jpg,P,P,0.9929918050765991,300,1
P/P699.jpg,P,P,0.9930697083473206,300,1
P/P704.jpg,P,P,0.9930362105369568,300,1
P/P709.jpg,P,P,0.993044912815094,300,1
P/P712.jpg,P,P,0.9929952025413513,300,1
P/P715.jpg,P,P,0.99299556016922,300,1
P/P722.jpg,P,P,0.9930287003517151,300,1
P/P725.jpg,P,P,0.9930518865585327,300,1
P/P728.jpg,P,P,0.9930487871170044,300,1
P/P73.jpg,P,P,0.9930678606033325,300,1
P/P739.jpg,P,P,0.9930164813995361,300,1
P/P745.jpg,P,P,0.9930643439292908,300,1
P/P751.jpg,P,P,0.993111252784729,300,1
P/P759.jpg,P,P,0.993089497089386,300,1
P/P768.jpg,P,P,0.9930335283279419,300,1
P/P770.jpg,P,P,0.9931442737579346,300,1
P/P786.jpg,P,P,0.9930568933486938,300,1
P/P8.jpg,P,P,0.9932350516319275,300,1
P/P800.jpg,P,P,0.9931349754333496,300,1
P/P801.jpg,P,P,0.9931710958480835,300,1
P/P807.jpg,P,P,0.9931105375289917,300,1
P/P810.jpg,P,P,0.9931190013885498,300,1
P/P813.jpg,P,P,0.9931436777114868,300,1
P/P821.jpg,P,P,0.993165910243988,300,1
P/P827.jpg,P,P,0.9931909441947937,300,1
P/P828.jpg,P,P,0.9931783676147461,300,1
P/P832.jpg,P,P,0.9931389689445496,300,1
P/P834.jpg,P,P,0.9931129813194275,300,1
P/P836.jpg,P,P,0.9930791258811951,300,1
P/P845.jpg,P,P,0.9931679368019104,300,1
P/P849.jpg,P,P,0.9931828379631042,300,1
P/P85.jpg,P,P,0.9931513071060181,300,1
P/P851.jpg,P,P,0.9931362867355347,300,1
P/P855.jpg,P,P,0.993217408657074,300,1
P/P87.jpg,P,P,0.9931555390357971,300,1
P/P870.jpg,P,P,0.9932263493537903,300,1
P/P872.jpg,P,P,0.99326092004776,300,1
P/P876.jpg,P,P,0.9932438731193542,300,1
P/P877.jpg,P,P,0.9932314157485962,300,1
P/P882.jpg,P,P,0.993222713470459,300,1
P/P883.jpg,P,P,0.9932210445404053,300,1
P/P890.jpg,P,P,0.9932749271392822,300,1
P/P892.jpg,P,P,0.9932469129562378,300,1
P/P893.jpg,P,P,0.993253767490387,300,1
P/P895.jpg,P,P,0.9932623505592346,300,1
P/P896.jpg,P,P,0.993293285369873,300,1
P/P899.jpg,P,P,0.993317723274231,300,1
P/P9.jpg,P,P,0.9932343363761902,300,1
P/P90.jpg,P,P,0.9932385683059692,300,1
P/P900.jpg,P,P,0.9932923316955566,300,1
P/P907.jpg,P,P,0.9933443069458008,300,1
P/P914.jpg,P,P,0.9932679533958435,300,1
P/P917.jpg,P,P,0.9932824373245239,300,1
P/P922.jpg,P,P,0.9933187961578369,300,1
P/P936.jpg,P,P,0.9931114912033081,300,1
P/P937.jpg,P,P,0.993118405342102,300,1
P/P941.jpg,P,P,0.9931180477142334,300,1
P/P947.jpg,P,P,0.9931642413139343,300,1
P/P957.jpg,P,P,0.9932458996772766,300,1
P/P958.jpg,P,P,0.9933018684387207,300,1
P/P961.jpg,P,P,0.993257999420166,300,1
P/P970.jpg,P,P,0.993220329284668,300,1
P/P975.jpg,P,P,0.9932588338851929,300,1
P/P980.jpg,P,P,0.9931921362876892,300,1
P/P981.jpg,P,P,0.9932281374931335,300,1
P/P99.jpg,P,P,0.9931600093841553,300,1
P/P999.jpg,P,P,0.9931374788284302,300,1
Q/Q1.jpg,Q,Q,0.9933926463127136,300,1
Q/Q1002.jpg,Q,Q,0.9933223128318787,300,1
Q/Q1003.jpg,Q,Q,0.9932155609130859,300,1
Q/Q1004.jpg,Q,Q,0.9932557344436646,300,1
Q/Q1006.jpg,Q,Q,0.9932333827018738,300,1
Q/Q1007.jpg,Q,Q,0.9933221936225891,300,1
Q/Q1014.jpg,Q,Q,0.9932833909988403,300,1
Q/Q1015.jpg,Q,Q,0.9933938384056091,300,1
Q/Q1018.jpg,Q,Q,0.993374764919281,300,1
Q/Q1019.jpg,Q,Q,0.9933822154998779,300,1
Q/Q102.jpg,Q,Q,0.9932301044464111,300,1
Q/Q1020.jpg,Q,Q,0.9933415055274963,300,1
Q/Q1022.jpg,Q,Q,0.9933377504348755,300,1
Q/Q1033.jpg,Q,Q,0.9931766986846924,300,1
Q/Q1035.jpg,Q,Q,0.993181049823761,300,1
Q/Q1037.jpg,Q,Q,0.9932088255882263,300,1
Q/Q1038.jpg,Q,Q,0.993229866027832,300,1
Q/Q1044.jpg,Q,Q,0.9932123422622681,300,1
Q/Q1047.jpg,Q,Q,0.9931275844573975,300,1
Q/Q1049.jpg,Q,Q,0.9931859970092773,300,1
Q/Q1054.jpg,Q,Q,0.9930763244628906,300,1
Q/Q1058.jpg,Q,Q,0.9929684996604919,300,1
Q/Q1064.jpg,Q,Q,0.9930786490440369,300,1
Q/Q1065.jpg,Q,Q,0.9930660724639893,300,1
Q/Q1066.jpg,Q,Q,0.9930629134178162,300,1
Q/Q1077.jpg,Q,Q,0.9931461811065674,300,1
Q/Q1082.jpg,Q,Q,0.9931453466415405,300,1
Q/Q1097.jpg,Q,Q,0.9932076334953308,300,1
Q/Q110.jpg,Q,Q,0.9932835102081299,300,1
Q/Q1101.jpg,Q,Q,0.9932655096054077,300,1
Q/Q1109.jpg,Q,Q,0.9931427240371704,300,1
Q/Q111.jpg,Q,Q,0.9932148456573486,300,1
Q/Q1118.jpg,Q,Q,0.9931174516677856,300,1
Q/Q1136.jpg,Q,Q,0.9932914972305298,300,1
Q/Q1139.jpg,Q,Q,0.9932867884635925,300,1
Q/Q1147.jpg,Q,Q,0.9932466745376587,300,1
Q/Q1155.jpg,Q,Q,0.9931533336639404,300,1
Q/Q1156.jpg,Q,Q,0.9931140542030334,300,1
Q/Q1161.jpg,Q,Q,0.9933218359947205,300,1
Q/Q1169.jpg,Q,Q,0.9932034015655518,300,1
Q/Q1173.jpg,Q,Q,0.9931806325912476,300,1
Q/Q118.jpg,Q,Q,0.9932472705841064,300,1
Q/Q1180.jpg,Q,Q,0.9931175708770752,300,1
Q/Q1181.jpg,Q,Q,0.9930480122566223,300,1
Q/Q1182.jpg,Q,Q,0.9930281043052673,300,1
Q/Q1188.jpg,Q,Q,0.9932554960250854,300,1
Q/Q1193.jpg,Q,Q,0.9931578040122986,300,1
Q/Q1205.jpg,Q,Q,0.9931527376174927,300,1
Q/Q1207.jpg,Q,Q,0.9932125806808472,300,1
Q/Q1214.jpg,Q,Q,0.9932767748832703,300,1
Q/Q1227.jpg,Q,Q,0.9931627511978149,300,1
Q/Q1229.jpg,Q,Q,0.9930686950683594,300,1
Q/Q123.jpg,Q,Q,0.9931939840316772,300,1
Q/Q1230.jpg,Q,Q,0.9931377172470093,300,1
Q/Q1231.jpg,Q,Q,0.9932103753089905,300,1
Q/Q1233.jpg,Q,Q,0.9930946826934814,300,1
Q/Q1245.jpg,Q,Q,0.9930959343910217,300,1
Q/Q1250.jpg,Q,Q,0.993058443069458,300,1
Q/Q1253.jpg,Q,Q,0.9931414723396301,300,1
Q/Q1254.jpg,Q,Q,0.9932336211204529,300,1
Q/Q1255.jpg,Q,Q,0.9933022260665894,300,1
Q/Q1259.jpg,Q,Q,0.9930946826934814,300,1
Q/Q1282.jpg,Q,Q,0.9930068254470825,300,1
Q/Q1286.jpg,Q,Q,0.9931271076202393,300,1
Q/Q1299.jpg,Q,Q,0.9933254718780518,300,1
Q/Q1301.jpg,Q,Q,0.9932957291603088,300,1
Q/Q1308.jpg,Q,Q,0.9934828877449036,300,1
Q/Q1309.jpg,Q,Q,0.9934034943580627,300,1
Q/Q1314.jpg,Q,Q,0.9932942390441895,300,1
Q/Q1323.jpg,Q,Q,0.9933217167854309,300,1
Q/Q1328.jpg,Q,Q,0.9933561086654663,300,1
Q/Q1329.jpg,Q,Q,0.993281364440918,300,1
Q/Q133.jpg,Q,Q,0.9933047890663147,300,1
Q/Q1339.jpg,Q,Q,0.9932812452316284,300,1
Q/Q1349.jpg,Q,Q,0.9932935237884521,300,1
Q/Q1350.jpg,Q,Q,0.9932873845100403,300,1
Q/Q1370.jpg,Q,Q,0.9932952523231506,300,1
Q/Q1375.jpg,Q,Q,0.9933371543884277,300,1
Q/Q1378.jpg,Q,Q,0.9932844638824463,300,1
Q/Q1380.jpg,Q,Q,0.9931454658508301,300,1
Q/Q1389.jpg,Q,Q,0.9931437969207764,300,1
Q/Q1392.jpg,Q,Q,0.9931053519248962,300,1
Q/Q1393.jpg,Q,Q,0.9929733276367188,300,1
Q/Q1394.jpg,Q,Q,0.9930892586708069,300,1
Q/Q1401.jpg,Q,Q,0.9930633902549744,300,1
Q/Q141.jpg,Q,Q,0.9931731820106506,300,1
Q/Q1410.jpg,Q,Q,0.9930976033210754,300,1
Q/Q142.jpg,Q,Q,0.9932096600532532,300,1
Q/Q1421.jpg,Q,Q,0.9929672479629517,300,1
Q/Q1426.jpg,Q,Q,0.9932388067245483,300,1
Q/Q1447.jpg,Q,Q,0.993126392364502,300,1
Q/Q1450.jpg,Q,Q,0.9932126998901367,300,1
Q/Q1451.jpg,Q,Q,0.9931424856185913,300,1
Q/Q1458.jpg,Q,Q,0.9934242963790894,300,1
Q/Q1462.jpg,Q,Q,0.9932456612586975,300,1
Q/Q1464.jpg,Q,Q,0.9932344555854797,300,1
Q/Q1468.jpg,Q,Q,0.9933081865310669,300,1
Q/Q1469.jpg,Q,Q,0.9932543635368347,300,1
Q/Q1470.jpg,Q,Q,0.9932889342308044,300,1
Q/Q1476.jpg,Q,Q,0.9933844208717346,300,1
Q/Q1479.jpg,Q,Q,0.9933204650878906,300,1
Q/Q1486.jpg,Q,Q,0.9933818578720093,300,1
Q/Q1489.jpg,Q,Q,0.9932316541671753,300,1
Q/Q149.jpg,Q,Q,0.993218719959259,300,1
Q/Q1496.jpg,Q,Q,0.9932261109352112,300,1
Q/Q1508.jpg,Q,Q,0.9933022260665894,300,1
Q/Q1511.jpg,Q,Q,0.993312656879425,300,1
Q/Q1512.jpg,Q,Q,0.9933614730834961,300,1
Q/Q1520.jpg,Q,Q,0.9935277104377747,300,1
Q/Q1521.jpg,Q,Q,0.993588924407959,300,1
Q/Q1523.jpg,Q,Q,0.9934751391410828,300,1
Q/Q1527.jpg,Q,Q,0.9934191107749939,300,1
Q/Q153.jpg,Q,Q,0.9932132959365845,300,1
Q/Q1536.jpg,Q,Q,0.9934837222099304,300,1
Q/Q1538.jpg,Q,Q,0.99347323179245,300,1
Q/Q1543.jpg,Q,Q,0.9933186769485474,300,1
Q/Q1547.jpg,Q,Q,0.993382453918457,300,1
Q/Q1552.jpg,Q,Q,0.9932778477668762,300,1
Q/Q1553.jpg,Q,Q,0.9933086633682251,300,1
Q/Q1554.jpg,Q,Q,0.9932969212532043,300,1
Q/Q1558.jpg,Q,Q,0.9933880567550659,300,1
Q/Q1568.jpg,Q,Q,0.9933506846427917,300,1
Q/Q1574.jpg,Q,Q,0.9933531284332275,300,1
Q/Q1575.jpg,Q,Q,0.993405818939209,300,1
Q/Q1577.jpg,Q,Q,0.9933546781539917,300,1
Q/Q1578.jpg,Q,Q,0.9933695793151855,300,1
Q/Q1580.jpg,Q,Q,0.993310809135437,300,1
Q/Q1581.jpg,Q,Q,0.9933845400810242,300,1
Q/Q1583.jpg,Q,Q,0.9932852983474731,300,1
Q/Q1584.jpg,Q,Q,0.9933377504348755,300,1
Q/Q1592.jpg,Q,Q,0.9932714104652405,300,1
Q/Q1593.jpg,Q,Q,0.9932037591934204,300,1
Q/Q1600.jpg,Q,Q,0.9931708574295044,300,1
Q/Q1604.jpg,Q,Q,0.9933195114135742,300,1
Q/Q1607.jpg,Q,Q,0.9931724667549133,300,1
Q/Q1615.jpg,Q,Q,0.9931300282478333,300,1
Q/Q1628.jpg,Q,Q,0.9932901859283447,300,1
Q/Q1630.jpg,Q,Q,0.9933245778083801,300,1
Q/Q1633.jpg,Q,Q,0.9933350086212158,300,1
Q/Q1640.jpg,Q,Q,0.9934167861938477,300,1
Q/Q1642.jpg,Q,Q,0.9934211373329163,300,1
Q/Q1651.jpg,Q,Q,0.9934585690498352,300,1
Q/Q1659.jpg,Q,Q,0.9934040904045105,300,1
Q/Q1662.jpg,Q,Q,0.9933692812919617,300,1
Q/Q1668.jpg,Q,Q,0.9932717680931091,300,1
Q/Q1669.jpg,Q,Q,0.9933203458786011,300,1
Q/Q1672.jpg,Q,Q,0.9933153986930847,300,1
Q/Q1675.jpg,Q,Q,0.9933211207389832,300,1
Q/Q1676.jpg,Q,Q,0.9933552742004395,300,1
Q/Q168.jpg,Q,Q,0.9930816292762756,300,1
Q/Q1684.jpg,Q,Q,0.9932612776756287,300,1
Q/Q1688.jpg,Q,Q,0.9933040738105774,300,1
Q/Q1692.jpg,Q,Q,0.9934160709381104,300,1
Q/Q1695.jpg,Q,Q,0.9934775829315186,300,1
Q/Q1696.jpg,Q,Q,0.993442177772522,300,1
Q/Q170.jpg,Q,Q,0.9930561184883118,300,1
Q/Q1700.jpg,Q,Q,0.9934177398681641,300,1
Q/Q1708.jpg,Q,Q,0.993408203125,300,1
Q/Q171.jpg,Q,Q,0.9930661916732788,300,1
Q/Q1712.jpg,Q,Q,0.9934139847755432,300,1
Q/Q1714.jpg,Q,Q,0.9934455156326294,300,1
Q/Q1716.jpg,Q,Q,0.993386447429657,300,1
Q/Q1720.jpg,Q,Q,0.9935020804405212,300,1
Q/Q1726.jpg,Q,Q,0.9934778213500977,300,1
Q/Q1727.jpg,Q,Q,0.9935577511787415,300,1
Q/Q1728.jpg,Q,Q,0.9934998750686646,300,1
Q/Q1731.jpg,Q,Q,0.9935299754142761,300,1
Q/Q1734.jpg,Q,Q,0.9934676289558411,300,1
Q/Q1741.jpg,Q,Q,0.993447482585907,300,1
Q/Q1748.jpg,Q,Q,0.9934095144271851,300,1
Q/Q1749.jpg,Q,Q,0.9933974742889404,300,1
Q/Q1753.jpg,Q,Q,0.9933056235313416,300,1
Q/Q1755.jpg,Q,Q,0.9933632612228394,300,1
Q/Q1759.jpg,Q,Q,0.9932981133460999,300,1
Q/Q1760.jpg,Q,Q,0.9932683110237122,300,1
Q/Q1770.jpg,Q,Q,0.993196964263916,300,1
Q/Q1771.jpg,Q,Q,0.9932384490966797,300,1
Q/Q1775.jpg,Q,Q,0.9933353662490845,300,1
Q/Q1777.jpg,Q,Q,0.9933453798294067,300,1
Q/Q1778.jpg,Q,Q,0.993251621723175,300,1
Q/Q1780.jpg,Q,Q,0.9933432340621948,300,1
Q/Q1783.jpg,Q,Q,0.993371844291687,300,1
Q/Q1788.jpg,Q,Q,0.9933232665061951,300,1
Q/Q1791.jpg,Q,Q,0.993252694606781,300,1
Q/Q1801.jpg,Q,Q,0.9932212829589844,300,1
Q/Q1802.jpg,Q,Q,0.9932563304901123,300,1
Q/Q1804.jpg,Q,Q,0.9931417107582092,300,1
Q/Q1809.jpg,Q,Q,0.9932923316955566,300,1
Q/Q181.jpg,Q,Q,0.9930453896522522,300,1
Q/Q1816.jpg,Q,Q,0.9931127429008484,300,1
Q/Q1817.jpg,Q,Q,0.993183434009552,300,1
Q/Q1826.jpg,Q,Q,0.9931489825248718,300,1
Q/Q1827.jpg,Q,Q,0.9931002855300903,300,1
Q/Q1839.jpg,Q,Q,0.9933069348335266,300,1
Q/Q1846.jpg,Q,Q,0.9933277368545532,300,1
Q/Q1863.jpg,Q,Q,0.993247389793396,300,1
Q/Q1875.jpg,Q,Q,0.9933191537857056,300,1
Q/Q1884.jpg,Q,Q,0.9933377504348755,300,1
Q/Q1885.jpg,Q,Q,0.9933138489723206,300,1
Q/Q1888.jpg,Q,Q,0.993293285369873,300,1
Q/Q1895.jpg,Q,Q,0.9932008385658264,300,1
Q/Q1898.jpg,Q,Q,0.9931386113166809,300,1
Q/Q1903.jpg,Q,Q,0.9932467937469482,300,1
Q/Q1905.jpg,Q,Q,0.9931964874267578,300,1
Q/Q1908.jpg,Q,Q,0.9931488633155823,300,1
Q/Q1910.jpg,Q,Q,0.9931847453117371,300,1
Q/Q1913.jpg,Q,Q,0.9931469559669495,300,1
Q/Q1914.jpg,Q,Q,0.9931139349937439,300,1
Q/Q1917.jpg,Q,Q,0.993198812007904,300,1
Q/Q192.jpg,Q,Q,0.9932675361633301,300,1
Q/Q1924.jpg,Q,Q,0.9932089447975159,300,1
Q/Q1938.jpg,Q,Q,0.9932756423950195,300,1
Q/Q1939.jpg,Q,Q,0.9933242201805115,300,1
Q/Q1943.jpg,Q,Q,0.9931910634040833,300,1
Q/Q1956.jpg,Q,Q,0.9930230379104614,300,1
Q/Q1957.jpg,Q,Q,0.9930597543716431,300,1
Q/Q1959.jpg,Q,Q,0.9931868314743042,300,1
Q/Q1960.jpg,Q,Q,0.9931544065475464,300,1
Q/Q1963.jpg,Q,Q,0.9931504130363464,300,1
Q/Q1970.jpg,Q,Q,0.9931500554084778,300,1
Q/Q1975.jpg,Q,Q,0.9931856393814087,300,1
Q/Q1977.jpg,Q,Q,0.993192732334137,300,1
Q/Q198.jpg,Q,Q,0.9933199882507324,300,1
Q/Q1994.jpg,Q,Q,0.9931079149246216,300,1
Q/Q1997.jpg,Q,Q,0.9930570125579834,300,1
Q/Q2000.jpg,Q,Q,0.9932106137275696,300,1
Q/Q2004.jpg,Q,Q,0.9934883117675781,300,1
Q/Q2005.jpg,Q,Q,0.9934881925582886,300,1
Q/Q201.jpg,Q,Q,0.9933235049247742,300,1
Q/Q2012.jpg,Q,Q,0.9934850335121155,300,1
Q/Q2013.jpg,Q,Q,0.9935224652290344,300,1
Q/Q2017.jpg,Q,Q,0.9935257434844971,300,1
Q/Q2028.jpg,Q,Q,0.9934483170509338,300,1
Q/Q2033.jpg,Q,Q,0.9933419823646545,300,1
Q/Q2037.jpg,Q,Q,0.9933556318283081,300,1
Q/Q2041.jpg,Q,Q,0.993386447429657,300,1
Q/Q2045.jpg,Q,Q,0.9934862852096558,300,1
Q/Q2049.jpg,Q,Q,0.993441104888916,300,1
Q/Q2050.jpg,Q,Q,0.9934380650520325,300,1
Q/Q2054.jpg,Q,Q,0.9933302998542786,300,1
Q/Q2058.jpg,Q,Q,0.9933165311813354,300,1
Q/Q2064.jpg,Q,Q,0.993316113948822,300,1
Q/Q2065.jpg,Q,Q,0.9932175278663635,300,1
Q/Q207.jpg,Q,Q,0.9932858347892761,300,1
Q/Q2073.jpg,Q,Q,0.9931864738464355,300,1
Q/Q2077.jpg,Q,Q,0.9932724237442017,300,1
Q/Q2078.jpg,Q,Q,0.9932296276092529,300,1
Q/Q2087.jpg,Q,Q,0.9935157299041748,300,1
Q/Q2089.jpg,Q,Q,0.9935385584831238,300,1
Q/Q209.jpg,Q,Q,0.9933387637138367,300,1
Q/Q2091.jpg,Q,Q,0.9934440851211548,300,1
Q/Q2092.jpg,Q,Q,0.9933605790138245,300,1
Q/Q2094.jpg,Q,Q,0.9933870434761047,300,1
Q/Q2098.jpg,Q,Q,0.9933957457542419,300,1
Q/Q2099.jpg,Q,Q,0.9932998418807983,300,1
Q/Q2101.jpg,Q,Q,0.9934466481208801,300,1
Q/Q2107.jpg,Q,Q,0.9935402274131775,300,1
Q/Q2112.jpg,Q,Q,0.9935645461082458,300,1
Q/Q2118.jpg,Q,Q,0.9935177564620972,300,1
Q/Q2123.jpg,Q,Q,0.993425726890564,300,1
Q/Q2124.jpg,Q,Q,0.9934977293014526,300,1
Q/Q2128.jpg,Q,Q,0.9934700727462769,300,1
Q/Q2145.jpg,Q,Q,0.9934871196746826,300,1
Q/Q2152.jpg,Q,Q,0.9937095642089844,300,1
Q/Q2153.jpg,Q,Q,0.9936026930809021,300,1
Q/Q2162.jpg,Q,Q,0.9936244487762451,300,1
Q/Q2164.jpg,Q,Q,0.9935916066169739,300,1
Q/Q2166.jpg,Q,Q,0.9936122298240662,300,1
Q/Q2169.jpg,Q,Q,0.993617057800293,300,1
Q/Q2184.jpg,Q,Q,0.9935072660446167,300,1
Q/Q2186.jpg,Q,Q,0.9934287667274475,300,1
Q/Q2197.jpg,Q,Q,0.9933527708053589,300,1
Q/Q2200.jpg,Q,Q,0.9934048056602478,300,1
Q/Q2202.jpg,Q,Q,0.9933672547340393,300,1
Q/Q2208.jpg,Q,Q,0.9935792684555054,300,1
Q/Q2209.jpg,Q,Q,0.9935773015022278,300,1
Q/Q2213.jpg,Q,Q,0.9934917092323303,300,1
Q/Q2215.jpg,Q,Q,0.9936222434043884,300,1
Q/Q2216.jpg,Q,Q,0.9935556054115295,300,1
Q/Q2224.jpg,Q,Q,0.9935702085494995,300,1
Q/Q2227.jpg,Q,Q,0.9936268329620361,300,1
Q/Q2229.jpg,Q,Q,0.9935973882675171,300,1
Q/Q2231.jpg,Q,Q,0.9935198426246643,300,1
Q/Q2238.jpg,Q,Q,0.9934939742088318,300,1
Q/Q2247.jpg,Q,Q,0.9937386512756348,300,1
Q/Q2249.jpg,Q,Q,0.9936214089393616,300,1
Q/Q2251.jpg,Q,Q,0.9936198592185974,300,1
Q/Q2254.jpg,Q,Q,0.9936609268188477,300,1
Q/Q226.jpg,Q,Q,0.993166983127594,300,1
Q/Q2267.jpg,Q,Q,0.9935850501060486,300,1
Q/Q2268.jpg,Q,Q,0.993579626083374,300,1
Q/Q2272.jpg,Q,Q,0.9935342073440552,300,1
Q/Q2274.jpg,Q,Q,0.9935257434844971,300,1
Q/Q228.jpg,Q,Q,0.9931648373603821,300,1
Q/Q2281.jpg,Q,Q,0.9935107827186584,300,1
Q/Q2285.jpg,Q,Q,0.9934881925582886,300,1
Q/Q2286.jpg,Q,Q,0.9934817552566528,300,1
Q/Q229.jpg,Q,Q,0.9931208491325378,300,1
Q/Q23.jpg,Q,Q,0.9933838248252869,300,1
Q/Q2300.jpg,Q,Q,0.9935221076011658,300,1
Q/Q2301.jpg,Q,Q,0.9934585690498352,300,1
Q/Q2305.jpg,Q,Q,0.9934182167053223,300,1
Q/Q2306.jpg,Q,Q,0.9935217499732971,300,1
Q/Q2308.jpg,Q,Q,0.9935217499732971,300,1
Q/Q2315.jpg,Q,Q,0.9935253858566284,300,1
Q/Q2320.jpg,Q,Q,0.9933714866638184,300,1
Q/Q2334.jpg,Q,Q,0.9934226870536804,300,1
Q/Q2335.jpg,Q,Q,0.9933579564094543,300,1
Q/Q2344.jpg,Q,Q,0.9932035207748413,300,1
Q/Q2345.jpg,Q,Q,0.9931544065475464,300,1
Q/Q2346.jpg,Q,Q,0.9931814074516296,300,1
Q/Q2361.jpg,Q,Q,0.9933679699897766,300,1
Q/Q2383.jpg,Q,Q,0.9936760067939758,300,1
Q/Q2384.jpg,Q,Q,0.9936011433601379,300,1
Q/Q2389.jpg,Q,Q,0.9934782981872559,300,1
Q/Q2391.jpg,Q,Q,0.9933888912200928,300,1
Q/Q2398.jpg,Q,Q,0.9933711290359497,300,1
Q/Q2400.jpg,Q,Q,0.9933760762214661,300,1
Q/Q2404.jpg,Q,Q,0.9933950304985046,300,1
Q/Q2418.jpg,Q,Q,0.9933539628982544,300,1
Q/Q2422.jpg,Q,Q,0.9933692812919617,300,1
Q/Q2425.jpg,Q,Q,0.993320882320404,300,1
Q/Q243.jpg,Q,Q,0.9932557344436646,300,1
Q/Q2433.jpg,Q,Q,0.993168830871582,300,1
Q/Q2439.jpg,Q,Q,0.9931440353393555,300,1
Q/Q2444.jpg,Q,Q,0.9932377338409424,300,1
Q/Q2445.jpg,Q,Q,0.9931607246398926,300,1
Q/Q2448.jpg,Q,Q,0.9933244585990906,300,1
Q/Q2452.jpg,Q,Q,0.9933159947395325,300,1
Q/Q2456.jpg,Q,Q,0.9931915402412415,300,1
Q/Q2466.jpg,Q,Q,0.9931901097297668,300,1
Q/Q2471.jpg,Q,Q,0.9932979941368103,300,1
Q/Q2473.jpg,Q,Q,0.9933515191078186,300,1
Q/Q2476.jpg,Q,Q,0.9933255910873413,300,1
Q/Q2485.jpg,Q,Q,0.9935804605484009,300,1
Q/Q2493.jpg,Q,Q,0.9935981035232544,300,1
Q/Q2509.jpg,Q,Q,0.9931350946426392,300,1
Q/Q2510.jpg,Q,Q,0.9930931329727173,300,1
Q/Q252.jpg,Q,Q,0.9932763576507568,300,1
Q/Q2521.jpg,Q,Q,0.9931221604347229,300,1
Q/Q2524.jpg,Q,Q,0.993152379989624,300,1
Q/Q2527.jpg,Q,Q,0.9931482672691345,300,1
Q/Q2529.jpg,Q,Q,0.993170976638794,300,1
Q/Q2534.jpg,Q,Q,0.9931457042694092,300,1
Q/Q2535.jpg,Q,Q,0.9931574463844299,300,1
Q/Q2542.jpg,Q,Q,0.9931982159614563,300,1
Q/Q2543.jpg,Q,Q,0.9932356476783752,300,1
Q/Q2553.jpg,Q,Q,0.9932335019111633,300,1
Q/Q256.jpg,Q,Q,0.9933292865753174,300,1
Q/Q2565.jpg,Q,Q,0.9931662678718567,300,1
Q/Q2583.jpg,Q,Q,0.9931800365447998,300,1
Q/Q2584.jpg,Q,Q,0.9931500554084778,300,1
Q/Q2585.jpg,Q,Q,0.9931636452674866,300,1
Q/Q2587.jpg,Q,Q,0.9931419491767883,300,1
Q/Q2593.jpg,Q,Q,0.9930943250656128,300,1
Q/Q2595.jpg,Q,Q,0.9930968880653381,300,1
Q/Q2598.jpg,Q,Q,0.9931691884994507,300,1
Q/Q2600.jpg,Q,Q,0.9930904507637024,300,1
Q/Q2607.jpg,Q,Q,0.9931721687316895,300,1
Q/Q2615.jpg,Q,Q,0.9932617545127869,300,1
Q/Q2617.jpg,Q,Q,0.9932684302330017,300,1
Q/Q2619.jpg,Q,Q,0.9931519031524658,300,1
Q/Q2623.jpg,Q,Q,0.9931893348693848,300,1
Q/Q2627.jpg,Q,Q,0.9931268692016602,300,1
Q/Q2635.jpg,Q,Q,0.9930596351623535,300,1
Q/Q264.jpg,Q,Q,0.993309736251831,300,1
Q/Q2650.jpg,Q,Q,0.993083119392395,300,1
Q/Q2661.jpg,Q,Q,0.993070662021637,300,1
Q/Q2662.jpg,Q,Q,0.9930422306060791,300,1
Q/Q2672.jpg,Q,Q,0.9931144118309021,300,1
Q/Q2681.jpg,Q,Q,0.9931127429008484,300,1
Q/Q2686.jpg,Q,Q,0.9931607246398926,300,1
Q/Q2689.jpg,Q,Q,0.9932048320770264,300,1
Q/Q2692.jpg,Q,Q,0.9932647943496704,300,1
Q/Q2703.jpg,Q,Q,0.9931458234786987,300,1
Q/Q2704.jpg,Q,Q,0.9931895732879639,300,1
Q/Q2705.jpg,Q,Q,0.9932088255882263,300,1
Q/Q2711.jpg,Q,Q,0.9931873083114624,300,1
Q/Q272.jpg,Q,Q,0.9930794835090637,300,1
Q/Q273.jpg,Q,Q,0.9931246638298035,300,1
Q/Q2736.jpg,Q,Q,0.9932175278663635,300,1
Q/Q2739.jpg,Q,Q,0.9932658672332764,300,1
Q/Q2752.jpg,Q,Q,0.9933028221130371,300,1
Q/Q2760.jpg,Q,Q,0.9932565689086914,300,1
Q/Q2767.jpg,Q,Q,0.9932312965393066,300,1
Q/Q2768.jpg,Q,Q,0.9932041168212891,300,1
Q/Q277.jpg,Q,Q,0.9931532144546509,300,1
Q/Q2771.jpg,Q,Q,0.9932870268821716,300,1
Q/Q2774.jpg,Q,Q,0.9932641983032227,300,1
Q/Q278.jpg,Q,Q,0.9931564927101135,300,1
Q/Q2781.jpg,Q,Q,0.9932435154914856,300,1
Q/Q2790.jpg,Q,Q,0.9932003617286682,300,1
Q/Q2795.jpg,Q,Q,0.9931995272636414,300,1
Q/Q2802.jpg,Q,Q,0.9932410717010498,300,1
Q/Q2805.jpg,Q,Q,0.9932237863540649,300,1
Q/Q2807.jpg,Q,Q,0.9932647943496704,300,1
Q/Q2809.jpg,Q,Q,0.9932982325553894,300,1
Q/Q2810.jpg,Q,Q,0.9933053851127625,300,1
Q/Q2811.jpg,Q,Q,0.9932936429977417,300,1
Q/Q2813.jpg,Q,Q,0.9932765960693359,300,1
Q/Q2815.jpg,Q,Q,0.9932664632797241,300,1
Q/Q2816.jpg,Q,Q,0.9932344555854797,300,1
Q/Q2824.jpg,Q,Q,0.9932345747947693,300,1
Q/Q2841.jpg,Q,Q,0.9932077527046204,300,1
Q/Q2846.jpg,Q,Q,0.9930994510650635,300,1
Q/Q2847.jpg,Q,Q,0.9930775165557861,300,1
Q/Q2852.jpg,Q,Q,0.9931313395500183,300,1
Q/Q2853.jpg,Q,Q,0.9931285381317139,300,1
Q/Q2854.jpg,Q,Q,0.9931445121765137,300,1
Q/Q2857.jpg,Q,Q,0.993135929107666,300,1
Q/Q2859.jpg,Q,Q,0.9932013154029846,300,1
Q/Q2860.jpg,Q,Q,0.9931586384773254,300,1
Q/Q287.jpg,Q,Q,0.9933172464370728,300,1
Q/Q2872.jpg,Q,Q,0.9931085109710693,300,1
Q/Q2880.jpg,Q,Q,0.9931400418281555,300,1
Q/Q2886.jpg,Q,Q,0.9931852221488953,300,1
Q/Q289.jpg,Q,Q,0.9933069348335266,300,1
Q/Q2890.jpg,Q,Q,0.9931634664535522,300,1
Q/Q2891.jpg,Q,Q,0.9931984543800354,300,1
Q/Q2898.jpg,Q,Q,0.9931841492652893,300,1
Q/Q2906.jpg,Q,Q,0.9932746887207031,300,1
Q/Q2910.jpg,Q,Q,0.9931771755218506,300,1
Q/Q292.jpg,Q,Q,0.9933115243911743,300,1
Q/Q2925.jpg,Q,Q,0.9931493401527405,300,1
Q/Q2928.jpg,Q,Q,0.9931915402412415,300,1
Q/Q2930.jpg,Q,Q,0.993179202079773,300,1
Q/Q2934.jpg,Q,Q,0.9932053089141846,300,1
Q/Q2937.jpg,Q,Q,0.9931402802467346,300,1
Q/Q2939.jpg,Q,Q,0.9931924939155579,300,1
Q/Q2940.jpg,Q,Q,0.9931932091712952,300,1
Q/Q2946.jpg,Q,Q,0.9931696653366089,300,1
Q/Q2951.jpg,Q,Q,0.9931528568267822,300,1
Q/Q2952.jpg,Q,Q,0.9931362867355347,300,1
Q/Q2955.jpg,Q,Q,0.9930928945541382,300,1
Q/Q2956.jpg,Q,Q,0.9931302666664124,300,1
Q/Q2957.jpg,Q,Q,0.99315345287323,300,1
Q/Q296.jpg,Q,Q,0.9933744072914124,300,1
Q/Q2968.jpg,Q,Q,0.9931291341781616,300,1
Q/Q2972.jpg,Q,Q,0.9931243062019348,300,1
Q/Q2980.jpg,Q,Q,0.9931136965751648,300,1
Q/Q2984.jpg,Q,Q,0.9930927753448486,300,1
Q/Q2992.jpg,Q,Q,0.9931174516677856,300,1
Q/Q2993.jpg,Q,Q,0.9931203126907349,300,1
Q/Q2997.jpg,Q,Q,0.9931074976921082,300,1
Q/Q30.jpg,Q,Q,0.9934054613113403,300,1
Q/Q301.jpg,Q,Q,0.9933858513832092,300,1
Q/Q32.jpg,Q,Q,0.9934264421463013,300,1
Q/Q320.jpg,Q,Q,0.9933024644851685,300,1
Q/Q327.jpg,Q,Q,0.9933027029037476,300,1
Q/Q333.jpg,Q,Q,0.9931984543800354,300,1
Q/Q34.jpg,Q,Q,0.9934312701225281,300,1
Q/Q340.jpg,Q,Q,0.9931693077087402,300,1
Q/Q346.jpg,Q,Q,0.9931227564811707,300,1
Q/Q347.jpg,Q,Q,0.9931046366691589,300,1
Q/Q348.jpg,Q,Q,0.9930688142776489,300,1
Q/Q35.jpg,Q,Q,0.9934613704681396,300,1
Q/Q355.jpg,Q,Q,0.9930589199066162,300,1
Q/Q359.jpg,Q,Q,0.993065357208252,300,1
Q/Q367.jpg,Q,Q,0.9930804371833801,300,1
Q/Q374.jpg,Q,Q,0.99339759349823,300,1
Q/Q375.jpg,Q,Q,0.9934280514717102,300,1
Q/Q382.jpg,Q,Q,0.9934231638908386,300,1
Q/Q384.jpg,Q,Q,0.9933672547340393,300,1
Q/Q389.jpg,Q,Q,0.9932981133460999,300,1
Q/Q391.jpg,Q,Q,0.9931918978691101,300,1
Q/Q393.jpg,Q,Q,0.9931509494781494,300,1
Q/Q398.jpg,Q,Q,0.9931939840316772,300,1
Q/Q4.jpg,Q,Q,0.9934096336364746,300,1
Q/Q406.jpg,Q,Q,0.9931401610374451,300,1
Q/Q412.jpg,Q,Q,0.9931788444519043,300,1
Q/Q417.jpg,Q,Q,0.9932603240013123,300,1
Q/Q420.jpg,Q,Q,0.9931877851486206,300,1
Q/Q425.jpg,Q,Q,0.9932263493537903,300,1
Q/Q427.jpg,Q,Q,0.9931566119194031,300,1
Q/Q435.jpg,Q,Q,0.9932370781898499,300,1
Q/Q447.jpg,Q,Q,0.9934200644493103,300,1
Q/Q451.jpg,Q,Q,0.9933346509933472,300,1
Q/Q456.jpg,Q,Q,0.9932777285575867,300,1
Q/Q458.jpg,Q,Q,0.9932370781898499,300,1
Q/Q46.jpg,Q,Q,0.9934129118919373,300,1
Q/Q467.jpg,Q,Q,0.9931457042694092,300,1
Q/Q47.jpg,Q,Q,0.9933585524559021,300,1
Q/Q473.jpg,Q,Q,0.9929551482200623,300,1
Q/Q479.jpg,Q,Q,0.993003785610199,300,1
Q/Q480.jpg,Q,Q,0.9930291771888733,300,1
Q/Q486.jpg,Q,Q,0.9931361675262451,300,1
Q/Q49.jpg,Q,Q,0.9934206604957581,300,1
Q/Q5.jpg,Q,Q,0.9933868050575256,300,1
Q/Q500.jpg,Q,Q,0.993168830871582,300,1
Q/Q501.jpg,Q,Q,0.9931859970092773,300,1
Q/Q508.jpg,Q,Q,0.9931564927101135,300,1
Q/Q51.jpg,Q,Q,0.9933516383171082,300,1
Q/Q510.jpg,Q,Q,0.9931362867355347,300,1
Q/Q513.jpg,Q,Q,0.993155300617218,300,1
Q/Q522.jpg,Q,Q,0.9932557344436646,300,1
Q/Q535.jpg,Q,Q,0.9932385683059692,300,1
Q/Q542.jpg,Q,Q,0.9933819770812988,300,1
Q/Q544.jpg,Q,Q,0.9934536218643188,300,1
Q/Q547.jpg,Q,Q,0.9934147596359253,300,1
Q/Q55.jpg,Q,Q,0.993371844291687,300,1
Q/Q551.jpg,Q,Q,0.993486225605011,300,1
Q/Q555.jpg,Q,Q,0.9932467937469482,300,1
Q/Q556.jpg,Q,Q,0.9933502078056335,300,1
Q/Q562.jpg,Q,Q,0.9933443069458008,300,1
Q/Q58.jpg,Q,Q,0.9932318925857544,300,1
Q/Q584.jpg,Q,Q,0.99326092004776,300,1
Q/Q590.jpg,Q,Q,0.9932053089141846,300,1
Q/Q596.jpg,Q,Q,0.993283748626709,300,1
Q/Q601.jpg,Q,Q,0.9932752847671509,300,1
Q/Q609.jpg,Q,Q,0.9932371973991394,300,1
Q/Q615.jpg,Q,Q,0.9933039546012878,300,1
Q/Q618.jpg,Q,Q,0.9932321310043335,300,1
Q/Q619.jpg,Q,Q,0.9931727051734924,300,1
Q/Q62.jpg,Q,Q,0.9933130145072937,300,1
Q/Q620.jpg,Q,Q,0.9932141304016113,300,1
Q/Q622.jpg,Q,Q,0.9931641221046448,300,1
Q/Q624.jpg,Q,Q,0.9931106567382812,300,1
Q/Q625.jpg,Q,Q,0.9931158423423767,300,1
Q/Q628.jpg,Q,Q,0.9931055903434753,300,1
Q/Q64.jpg,Q,Q,0.9932711720466614,300,1
Q/Q642.jpg,Q,Q,0.9930647015571594,300,1
Q/Q644.jpg,Q,Q,0.9931419491767883,300,1
Q/Q650.jpg,Q,Q,0.9932264685630798,300,1
Q/Q666.jpg,Q,Q,0.9932202100753784,300,1
Q/Q668.jpg,Q,Q,0.9932023882865906,300,1
Q/Q68.jpg,Q,Q,0.9933441877365112,300,1
Q/Q681.jpg,Q,Q,0.9934325218200684,300,1
Q/Q682.jpg,Q,Q,0.9934573769569397,300,1
Q/Q683.jpg,Q,Q,0.9935036301612854,300,1
Q/Q684.jpg,Q,Q,0.9935249090194702,300,1
Q/Q686.jpg,Q,Q,0.9935291409492493,300,1
Q/Q687.jpg,Q,Q,0.9934949278831482,300,1
Q/Q696.jpg,Q,Q,0.9933191537857056,300,1
Q/Q697.jpg,Q,Q,0.9933110475540161,300,1
Q/Q70.jpg,Q,Q,0.9934195876121521,300,1
Q/Q703.jpg,Q,Q,0.9931854009628296,300,1
Q/Q704.jpg,Q,Q,0.9932079911231995,300,1
Q/Q71.jpg,Q,Q,0.9933170080184937,300,1
Q/Q710.jpg,Q,Q,0.9931365251541138,300,1
Q/Q712.jpg,Q,Q,0.9931892156600952,300,1
Q/Q72.jpg,Q,Q,0.9932621121406555,300,1
Q/Q723.jpg,Q,Q,0.9932307004928589,300,1
Q/Q73.jpg,Q,Q,0.9932403564453125,300,1
Q/Q734.jpg,Q,Q,0.9932200908660889,300,1
Q/Q742.jpg,Q,Q,0.9932554960250854,300,1
Q/Q749.jpg,Q,Q,0.9931631088256836,300,1
Q/Q756.jpg,Q,Q,0.9931395649909973,300,1
Q/Q766.jpg,Q,Q,0.9930979609489441,300,1
Q/Q773.jpg,Q,Q,0.9931326508522034,300,1
Q/Q78.jpg,Q,Q,0.9933276176452637,300,1
Q/Q789.jpg,Q,Q,0.9931498169898987,300,1
Q/Q793.jpg,Q,Q,0.9931536912918091,300,1
Q/Q801.jpg,Q,Q,0.9930846691131592,300,1
Q/Q803.jpg,Q,Q,0.9931328892707825,300,1
Q/Q806.jpg,Q,Q,0.9931085109710693,300,1
Q/Q807.jpg,Q,Q,0.9930650591850281,300,1
Q/Q81.jpg,Q,Q,0.9934686422348022,300,1
Q/Q813.jpg,Q,Q,0.9930208325386047,300,1
Q/Q825.jpg,Q,Q,0.9930340051651001,300,1
Q/Q83.jpg,Q,Q,0.993450403213501,300,1
Q/Q835.jpg,Q,Q,0.9932329654693604,300,1
Q/Q838.jpg,Q,Q,0.9931966066360474,300,1
Q/Q842.jpg,Q,Q,0.9932413101196289,300,1
Q/Q849.jpg,Q,Q,0.9932408332824707,300,1
Q/Q859.jpg,Q,Q,0.9932593703269958,300,1
Q/Q86.jpg,Q,Q,0.9934207797050476,300,1
Q/Q861.jpg,Q,Q,0.993202269077301,300,1
Q/Q865.jpg,Q,Q,0.9932453036308289,300,1
Q/Q870.jpg,Q,Q,0.9932430386543274,300,1
Q/Q872.jpg,Q,Q,0.9932495355606079,300,1
Q/Q878.jpg,Q,Q,0.9931336641311646,300,1
Q/Q881.jpg,Q,Q,0.9931948184967041,300,1
Q/Q888.jpg,Q,Q,0.9933251738548279,300,1
Q/Q895.jpg,Q,Q,0.9933106899261475,300,1
Q/Q897.jpg,Q,Q,0.9933117628097534,300,1
Q/Q899.jpg,Q,Q,0.9932650327682495,300,1
Q/Q901.jpg,Q,Q,0.9931708574295044,300,1
Q/Q902.jpg,Q,Q,0.9931620359420776,300,1
Q/Q903.jpg,Q,Q,0.9931193590164185,300,1
Q/Q905.jpg,Q,Q,0.9931161999702454,300,1
Q/Q913.jpg,Q,Q,0.9931973218917847,300,1
Q/Q915.jpg,Q,Q,0.9932292699813843,300,1
Q/Q926.jpg,Q,Q,0.9931814074516296,300,1
Q/Q93.jpg,Q,Q,0.9932339787483215,300,1
Q/Q934.jpg,Q,Q,0.9933235049247742,300,1
Q/Q937.jpg,Q,Q,0.9932458996772766,300,1
Q/Q939.jpg,Q,Q,0.993302583694458,300,1
Q/Q946.jpg,Q,Q,0.9932154417037964,300,1
Q/Q958.jpg,Q,Q,0.9931657910346985,300,1
Q/Q96.jpg,Q,Q,0.9932258725166321,300,1
Q/Q967.jpg,Q,Q,0.9931500554084778,300,1
Q/Q968.jpg,Q,Q,0.993105947971344,300,1
Q/Q97.jpg,Q,Q,0.9932465553283691,300,1
Q/Q971.jpg,Q,Q,0.9930946826934814,300,1
Q/Q973.jpg,Q,Q,0.9931419491767883,300,1
Q/Q978.jpg,Q,Q,0.993107795715332,300,1
Q/Q980.jpg,Q,Q,0.9930968880653381,300,1
Q/Q993.jpg,Q,Q,0.9930863976478577,300,1
Q/Q995.jpg,Q,Q,0.9931655526161194,300,1
Q/Q999.jpg,Q,Q,0.9931097030639648,300,1
R/R1.jpg,R,R,0.9935722351074219,300,1
R/R1004.jpg,R,R,0.9935998916625977,300,1
R/R1008.jpg,R,R,0.9936118721961975,300,1
R/R101.jpg,R,R,0.9933733940124512,300,1
R/R1012.jpg,R,R,0.9936192631721497,300,1
R/R1014.jpg,R,R,0.9936271905899048,300,1
R/R1017.jpg,R,R,0.9936307072639465,300,1
R/R1031.jpg,R,R,0.9935717582702637,300,1
R/R1042.jpg,R,R,0.9936256408691406,300,1
R/R1045.jpg,R,R,0.993529736995697,300,1
R/R105.jpg,R,R,0.993362307548523,300,1
R/R1050.jpg,R,R,0.9934117197990417,300,1
R/R1052.jpg,R,R,0.9934034943580627,300,1
R/R1053.jpg,R,R,0.9933468103408813,300,1
R/R1059.jpg,R,R,0.9933104515075684,300,1
R/R1062.jpg,R,R,0.9932975172996521,300,1
R/R1066.jpg,R,R,0.99347323179245,300,1
R/R1070.jpg,R,R,0.9934992790222168,300,1
R/R1088.jpg,R,R,0.9935781955718994,300,1
R/R1092.jpg,R,R,0.993604838848114,300,1
R/R1093.jpg,R,R,0.9935676455497742,300,1
R/R1095.jpg,R,R,0.9935539960861206,300,1
R/R1096.jpg,R,R,0.9935576319694519,300,1
R/R1100.jpg,R,R,0.9935124516487122,300,1
R/R1103.jpg,R,R,0.9935142993927002,300,1
R/R1105.jpg,R,R,0.993536651134491,300,1
R/R1117.jpg,R,R,0.9935340881347656,300,1
R/R1118.jpg,R,R,0.9935330152511597,300,1
R/R1121.jpg,R,R,0.9935668110847473,300,1
R/R1123.jpg,R,R,0.9935495257377625,300,1
R/R1124.jpg,R,R,0.9935523271560669,300,1
R/R113.jpg,R,R,0.9934234619140625,300,1
R/R1135.jpg,R,R,0.9935059547424316,300,1
R/R1159.jpg,R,R,0.993582010269165,300,1
R/R1160.jpg,R,R,0.9936478734016418,300,1
R/R1170.jpg,R,R,0.9935745596885681,300,1
R/R1172.jpg,R,R,0.9935926795005798,300,1
R/R1196.jpg,R,R,0.9935622215270996,300,1
R/R1197.jpg,R,R,0.9935480952262878,300,1
R/R12.jpg,R,R,0.9935489296913147,300,1
R/R1203.jpg,R,R,0.9935072660446167,300,1
R/R1205.jpg,R,R,0.9935477375984192,300,1
R/R1206.jpg,R,R,0.9934906959533691,300,1
R/R1209.jpg,R,R,0.9935043454170227,300,1
R/R1210.jpg,R,R,0.993536651134491,300,1
R/R1211.jpg,R,R,0.9935531616210938,300,1
R/R1212.jpg,R,R,0.9935511350631714,300,1
R/R1214.jpg,R,R,0.9935636520385742,300,1
R/R1224.jpg,R,R,0.993533730506897,300,1
R/R1226.jpg,R,R,0.9935199618339539,300,1
R/R1231.jpg,R,R,0.99355548620224,300,1
R/R1233.jpg,R,R,0.9935300946235657,300,1
R/R1239.jpg,R,R,0.9935729503631592,300,1
R/R1243.jpg,R,R,0.9935729503631592,300,1
R/R1246.jpg,R,R,0.9935785531997681,300,1
R/R1247.jpg,R,R,0.9935659766197205,300,1
R/R1248.jpg,R,R,0.9935186505317688,300,1
R/R1251.jpg,R,R,0.9935044050216675,300,1
R/R1253.jpg,R,R,0.9935705661773682,300,1
R/R1254.jpg,R,R,0.9935500025749207,300,1
R/R1255.jpg,R,R,0.9935599565505981,300,1
R/R1265.jpg,R,R,0.9935224652290344,300,1
R/R1268.jpg,R,R,0.993544340133667,300,1
R/R1273.jpg,R,R,0.9935205578804016,300,1
R/R1279.jpg,R,R,0.9935358762741089,300,1
R/R1295.jpg,R,R,0.9935646653175354,300,1
R/R1296.jpg,R,R,0.9935789108276367,300,1
R/R13.jpg,R,R,0.9935486912727356,300,1
R/R1300.jpg,R,R,0.9935431480407715,300,1
R/R1306.jpg,R,R,0.9935223460197449,300,1
R/R1309.jpg,R,R,0.9935377240180969,300,1
R/R1312.jpg,R,R,0.9935076236724854,300,1
R/R1318.jpg,R,R,0.9934497475624084,300,1
R/R132.jpg,R,R,0.9935358762741089,300,1
R/R1320.jpg,R,R,0.9934305548667908,300,1
R/R1324.jpg,R,R,0.9934187531471252,300,1
R/R133.jpg,R,R,0.9935418367385864,300,1
R/R1332.jpg,R,R,0.9934399724006653,300,1
R/R1333.jpg,R,R,0.9934096336364746,300,1
R/R1334.jpg,R,R,0.9934578537940979,300,1
R/R1348.jpg,R,R,0.9934837222099304,300,1
R/R1350.jpg,R,R,0.9935124516487122,300,1
R/R1354.jpg,R,R,0.9934971332550049,300,1
R/R1355.jpg,R,R,0.9935392737388611,300,1
R/R1357.jpg,R,R,0.9934957027435303,300,1
R/R1359.jpg,R,R,0.9934805631637573,300,1
R/R1360.jpg,R,R,0.9934822916984558,300,1
R/R1362.jpg,R,R,0.9935410022735596,300,1
R/R1372.jpg,R,R,0.9935524463653564,300,1
R/R1375.jpg,R,R,0.9934613704681396,300,1
R/R1378.jpg,R,R,0.9935592412948608,300,1
R/R1382.jpg,R,R,0.9935904741287231,300,1
R/R1383.jpg,R,R,0.9935181736946106,300,1
R/R1386.jpg,R,R,0.9935587048530579,300,1
R/R1388.jpg,R,R,0.9936367273330688,300,1
R/R1396.jpg,R,R,0.9935874938964844,300,1
R/R14.jpg,R,R,0.9935480952262878,300,1
R/R1402.jpg,R,R,0.9936168193817139,300,1
R/R1403.jpg,R,R,0.9935873746871948,300,1
R/R1411.jpg,R,R,0.9935629367828369,300,1
R/R1421.jpg,R,R,0.9936082363128662,300,1
R/R1423.jpg,R,R,0.9936102032661438,300,1
R/R1425.jpg,R,R,0.9936235547065735,300,1
R/R1426.jpg,R,R,0.9935891628265381,300,1
R/R145.jpg,R,R,0.993524432182312,300,1
R/R1450.jpg,R,R,0.993571400642395,300,1
R/R1455.jpg,R,R,0.9935761094093323,300,1
R/R1460.jpg,R,R,0.9935704469680786,300,1
R/R1462.jpg,R,R,0.9935856461524963,300,1
R/R1466.jpg,R,R,0.9935951828956604,300,1
R/R1468.jpg,R,R,0.9936098456382751,300,1
R/R1470.jpg,R,R,0.9936135411262512,300,1
R/R1471.jpg,R,R,0.9935756325721741,300,1
R/R1473.jpg,R,R,0.9935774207115173,300,1
R/R1487.jpg,R,R,0.9936277866363525,300,1
R/R15.jpg,R,R,0.9935864806175232,300,1
R/R1504.jpg,R,R,0.9936044812202454,300,1
R/R1509.jpg,R,R,0.9935315251350403,300,1
R/R1511.jpg,R,R,0.9935740828514099,300,1
R/R1519.jpg,R,R,0.9935938715934753,300,1
R/R1527.jpg,R,R,0.9935139417648315,300,1
R/R1529.jpg,R,R,0.9935222268104553,300,1
R/R1532.jpg,R,R,0.9934629201889038,300,1
R/R1533.jpg,R,R,0.9935289025306702,300,1
R/R1539.jpg,R,R,0.993486225605011,300,1
R/R1540.jpg,R,R,0.993540346622467,300,1
R/R1541.jpg,R,R,0.9935316443443298,300,1
R/R1544.jpg,R,R,0.993461012840271,300,1
R/R1546.jpg,R,R,0.9934334754943848,300,1
R/R1548.jpg,R,R,0.9933611154556274,300,1
R/R1551.jpg,R,R,0.9933231472969055,300,1
R/R1552.jpg,R,R,0.993395984172821,300,1
R/R1553.jpg,R,R,0.9933527708053589,300,1
R/R1559.jpg,R,R,0.9932734966278076,300,1
R/R1568.jpg,R,R,0.9928820133209229,300,1
R/R1573.jpg,R,R,0.9931487441062927,300,1
R/R1575.jpg,R,R,0.993053138256073,300,1
R/R1576.jpg,R,R,0.9931060671806335,300,1
R/R1577.jpg,R,R,0.9931585192680359,300,1
R/R1583.jpg,R,R,0.9932189583778381,300,1
R/R1586.jpg,R,R,0.9932591915130615,300,1
R/R1587.jpg,R,R,0.9932237863540649,300,1
R/R1591.jpg,R,R,0.9931578040122986,300,1
R/R1598.jpg,R,R,0.9931598901748657,300,1
R/R1599.jpg,R,R,0.9931765198707581,300,1
R/R1600.jpg,R,R,0.9931830763816833,300,1
R/R1606.jpg,R,R,0.9931825995445251,300,1
R/R1610.jpg,R,R,0.9933597445487976,300,1
R/R1611.jpg,R,R,0.9933763146400452,300,1
R/R1614.jpg,R,R,0.9934091567993164,300,1
R/R1619.jpg,R,R,0.9933451414108276,300,1
R/R1623.jpg,R,R,0.9933352470397949,300,1
R/R1625.jpg,R,R,0.9933833479881287,300,1
R/R1627.jpg,R,R,0.99342280626297,300,1
R/R1629.jpg,R,R,0.9934102892875671,300,1
R/R1640.jpg,R,R,0.9935061931610107,300,1
R/R1642.jpg,R,R,0.9935412406921387,300,1
R/R1645.jpg,R,R,0.9935085773468018,300,1
R/R1646.jpg,R,R,0.9934356212615967,300,1
R/R1649.jpg,R,R,0.9933667778968811,300,1
R/R1655.jpg,R,R,0.9933165311813354,300,1
R/R1656.jpg,R,R,0.9934194684028625,300,1
R/R1659.jpg,R,R,0.9933547973632812,300,1
R/R1664.jpg,R,R,0.9933974742889404,300,1
R/R1666.jpg,R,R,0.9935130476951599,300,1
R/R1672.jpg,R,R,0.9935059547424316,300,1
R/R1675.jpg,R,R,0.9935436248779297,300,1
R/R168.jpg,R,R,0.9936128258705139,300,1
R/R1680.jpg,R,R,0.9936313033103943,300,1
R/R1688.jpg,R,R,0.9936093091964722,300,1
R/R169.jpg,R,R,0.9936158657073975,300,1
R/R170.jpg,R,R,0.9935504198074341,300,1
R/R1701.jpg,R,R,0.9936774373054504,300,1
R/R1705.jpg,R,R,0.993606448173523,300,1
R/R1708.jpg,R,R,0.9935505390167236,300,1
R/R1718.jpg,R,R,0.9934033751487732,300,1
R/R172.jpg,R,R,0.9935786724090576,300,1
R/R173.jpg,R,R,0.9935950636863708,300,1
R/R1731.jpg,R,R,0.9935517311096191,300,1
R/R1741.jpg,R,R,0.9936357736587524,300,1
R/R1742.jpg,R,R,0.9936202168464661,300,1
R/R1743.jpg,R,R,0.993631899356842,300,1
R/R1744.jpg,R,R,0.9936169385910034,300,1
R/R1749.jpg,R,R,0.9936356544494629,300,1
R/R176.jpg,R,R,0.9935676455497742,300,1
R/R1765.jpg,R,R,0.9935817718505859,300,1
R/R1767.jpg,R,R,0.99359530210495,300,1
R/R1776.jpg,R,R,0.9935420751571655,300,1
R/R1779.jpg,R,R,0.9935052394866943,300,1
R/R1783.jpg,R,R,0.9937050938606262,300,1
R/R1799.jpg,R,R,0.9935994148254395,300,1
R/R18.jpg,R,R,0.9935712814331055,300,1
R/R1801.jpg,R,R,0.9935364127159119,300,1
R/R1804.jpg,R,R,0.9934879541397095,300,1
R/R1807.jpg,R,R,0.9934388995170593,300,1
R/R1809.jpg,R,R,0.9934353828430176,300,1
R/R1811.jpg,R,R,0.9933913946151733,300,1
R/R1817.jpg,R,R,0.9933399558067322,300,1
R/R1820.jpg,R,R,0.9933783411979675,300,1
R/R1835.jpg,R,R,0.9934319853782654,300,1
R/R1839.jpg,R,R,0.9934338331222534,300,1
R/R1843.jpg,R,R,0.9933835864067078,300,1
R/R1845.jpg,R,R,0.9934240579605103,300,1
R/R1846.jpg,R,R,0.9934803247451782,300,1
R/R1847.jpg,R,R,0.9934214949607849,300,1
R/R1851.jpg,R,R,0.9934840798377991,300,1
R/R1854.jpg,R,R,0.9934781789779663,300,1
R/R1863.jpg,R,R,0.9935025572776794,300,1
R/R1867.jpg,R,R,0.9935095906257629,300,1
R/R1868.jpg,R,R,0.9934992790222168,300,1
R/R1870.jpg,R,R,0.9935023188591003,300,1
R/R1876.jpg,R,R,0.9935490489006042,300,1
R/R1883.jpg,R,R,0.9935103058815002,300,1
R/R1893.jpg,R,R,0.9935600757598877,300,1
R/R1897.jpg,R,R,0.9936274290084839,300,1
R/R1898.jpg,R,R,0.9936125874519348,300,1
R/R1901.jpg,R,R,0.9936104416847229,300,1
R/R1903.jpg,R,R,0.9936283230781555,300,1
R/R1910.jpg,R,R,0.9936483502388,300,1
R/R1911.jpg,R,R,0.9936601519584656,300,1
R/R1917.jpg,R,R,0.9935936331748962,300,1
R/R1921.jpg,R,R,0.9935152530670166,300,1
R/R1924.jpg,R,R,0.9935719966888428,300,1
R/R1934.jpg,R,R,0.9935938715934753,300,1
R/R1938.jpg,R,R,0.9935885667800903,300,1
R/R1940.jpg,R,R,0.9935718774795532,300,1
R/R1947.jpg,R,R,0.9935862421989441,300,1
R/R1958.jpg,R,R,0.9935463070869446,300,1
R/R1961.jpg,R,R,0.9935532808303833,300,1
R/R1965.jpg,R,R,0.9935845732688904,300,1
R/R1969.jpg,R,R,0.9936571717262268,300,1
R/R1973.jpg,R,R,0.9936345815658569,300,1
R/R1984.jpg,R,R,0.9936495423316956,300,1
R/R2004.jpg,R,R,0.9934501051902771,300,1
R/R2012.jpg,R,R,0.9934766888618469,300,1
R/R2016.jpg,R,R,0.9933907985687256,300,1
R/R2019.jpg,R,R,0.9934729933738708,300,1
R/R2025.jpg,R,R,0.9935187697410583,300,1
R/R2034.jpg,R,R,0.993502676486969,300,1
R/R2035.jpg,R,R,0.9935304522514343,300,1
R/R2044.jpg,R,R,0.9935546517372131,300,1
R/R2056.jpg,R,R,0.9934717416763306,300,1
R/R2065.jpg,R,R,0.993571400642395,300,1
R/R2081.jpg,R,R,0.9934015870094299,300,1
R/R2089.jpg,R,R,0.9933024644851685,300,1
R/R2090.jpg,R,R,0.9933204650878906,300,1
R/R2095.jpg,R,R,0.9931868314743042,300,1
R/R210.jpg,R,R,0.9935672879219055,300,1
R/R2100.jpg,R,R,0.9932083487510681,300,1
R/R2108.jpg,R,R,0.9934014678001404,300,1
R/R2115.jpg,R,R,0.9934371113777161,300,1
R/R2117.jpg,R,R,0.9933412671089172,300,1
R/R2121.jpg,R,R,0.9933653473854065,300,1
R/R2124.jpg,R,R,0.9933856129646301,300,1
R/R2125.jpg,R,R,0.9933475852012634,300,1
R/R2128.jpg,R,R,0.9933852553367615,300,1
R/R2133.jpg,R,R,0.9934224486351013,300,1
R/R2138.jpg,R,R,0.9931875467300415,300,1
R/R214.jpg,R,R,0.9935852885246277,300,1
R/R2140.jpg,R,R,0.9934553503990173,300,1
R/R2146.jpg,R,R,0.9934508800506592,300,1
R/R2149.jpg,R,R,0.9934995174407959,300,1
R/R2158.jpg,R,R,0.9934781789779663,300,1
R/R2160.jpg,R,R,0.9934787750244141,300,1
R/R2161.jpg,R,R,0.9935089945793152,300,1
R/R2178.jpg,R,R,0.9934345483779907,300,1
R/R2181.jpg,R,R,0.9934345483779907,300,1
R/R2182.jpg,R,R,0.9934713840484619,300,1
R/R2183.jpg,R,R,0.9934511184692383,300,1
R/R2190.jpg,R,R,0.9934338331222534,300,1
R/R2192.jpg,R,R,0.9934338331222534,300,1
R/R2196.jpg,R,R,0.9934338331222534,300,1
R/R2197.jpg,R,R,0.9935014843940735,300,1
R/R22.jpg,R,R,0.9935997724533081,300,1
R/R2203.jpg,R,R,0.9935686588287354,300,1
R/R2204.jpg,R,R,0.9935494065284729,300,1
R/R2205.jpg,R,R,0.9935321807861328,300,1
R/R2208.jpg,R,R,0.9935389161109924,300,1
R/R2210.jpg,R,R,0.9935321807861328,300,1
R/R2212.jpg,R,R,0.99349045753479,300,1
R/R2222.jpg,R,R,0.9934413433074951,300,1
R/R2224.jpg,R,R,0.9934578537940979,300,1
R/R2233.jpg,R,R,0.9934486746788025,300,1
R/R2237.jpg,R,R,0.9933785200119019,300,1
R/R2239.jpg,R,R,0.9933585524559021,300,1
R/R2240.jpg,R,R,0.9932940006256104,300,1
R/R2249.jpg,R,R,0.9933613538742065,300,1
R/R2255.jpg,R,R,0.993289053440094,300,1
R/R2263.jpg,R,R,0.9933038353919983,300,1
R/R2265.jpg,R,R,0.9933149218559265,300,1
R/R2278.jpg,R,R,0.9933534860610962,300,1
R/R228.jpg,R,R,0.9935750365257263,300,1
R/R2282.jpg,R,R,0.9933167695999146,300,1
R/R2291.jpg,R,R,0.9933146834373474,300,1
R/R2293.jpg,R,R,0.9932697415351868,300,1
R/R2296.jpg,R,R,0.9933091402053833,300,1
R/R2304.jpg,R,R,0.9932780861854553,300,1
R/R2313.jpg,R,R,0.9934110045433044,300,1
R/R2314.jpg,R,R,0.993364691734314,300,1
R/R232.jpg,R,R,0.9936122298240662,300,1
R/R2321.jpg,R,R,0.9933744072914124,300,1
R/R2339.jpg,R,R,0.9933089017868042,300,1
R/R2342.jpg,R,R,0.9933318495750427,300,1
R/R2343.jpg,R,R,0.9933556318283081,300,1
R/R2346.jpg,R,R,0.9933806657791138,300,1
R/R2359.jpg,R,R,0.9934318661689758,300,1
R/R2364.jpg,R,R,0.9934433698654175,300,1
R/R2384.jpg,R,R,0.9934592247009277,300,1
R/R239.jpg,R,R,0.9934679865837097,300,1
R/R2392.jpg,R,R,0.9934770464897156,300,1
R/R2393.jpg,R,R,0.9934101700782776,300,1
R/R2398.jpg,R,R,0.9934211373329163,300,1
R/R240.jpg,R,R,0.9934324026107788,300,1
R/R2403.jpg,R,R,0.9934207797050476,300,1
R/R2414.jpg,R,R,0.993450403213501,300,1
R/R2416.jpg,R,R,0.9934433698654175,300,1
R/R2425.jpg,R,R,0.993407130241394,300,1
R/R2428.jpg,R,R,0.9933987855911255,300,1
R/R2429.jpg,R,R,0.9933586716651917,300,1
R/R2434.jpg,R,R,0.9932762384414673,300,1
R/R244.jpg,R,R,0.9934797286987305,300,1
R/R2440.jpg,R,R,0.9933428764343262,300,1
R/R2445.jpg,R,R,0.9930978417396545,300,1
R/R2446.jpg,R,R,0.9931331276893616,300,1
R/R2449.jpg,R,R,0.992961585521698,300,1
R/R2450.jpg,R,R,0.9929325580596924,300,1
R/R2469.jpg,R,R,0.9930833578109741,300,1
R/R2475.jpg,R,R,0.9933335185050964,300,1
R/R2478.jpg,R,R,0.9933145642280579,300,1
R/R2486.jpg,R,R,0.9933140873908997,300,1
R/R2488.jpg,R,R,0.9932917356491089,300,1
R/R2498.jpg,R,R,0.9933900833129883,300,1
R/R2501.jpg,R,R,0.9931539297103882,300,1
R/R2504.jpg,R,R,0.9931579232215881,300,1
R/R2507.jpg,R,R,0.9931538105010986,300,1
R/R2509.jpg,R,R,0.9931662678718567,300,1
R/R251.jpg,R,R,0.9934220910072327,300,1
R/R2512.jpg,R,R,0.9931507110595703,300,1
R/R2518.jpg,R,R,0.9931871891021729,300,1
R/R2523.jpg,R,R,0.9932396411895752,300,1
R/R2524.jpg,R,R,0.9931496977806091,300,1
R/R2529.jpg,R,R,0.9932112693786621,300,1
R/R2531.jpg,R,R,0.9931864738464355,300,1
R/R2535.jpg,R,R,0.9931212067604065,300,1
R/R2548.jpg,R,R,0.9931110143661499,300,1
R/R2549.jpg,R,R,0.9931128621101379,300,1
R/R2554.jpg,R,R,0.9932020306587219,300,1
R/R2555.jpg,R,R,0.9932374954223633,300,1
R/R2556.jpg,R,R,0.9932914972305298,300,1
R/R2557.jpg,R,R,0.9932942390441895,300,1
R/R256.jpg,R,R,0.9934593439102173,300,1
R/R2564.jpg,R,R,0.9933668971061707,300,1
R/R2566.jpg,R,R,0.9933434724807739,300,1
R/R2578.jpg,R,R,0.9933691620826721,300,1
R/R2579.jpg,R,R,0.993353009223938,300,1
R/R2583.jpg,R,R,0.9933995008468628,300,1
R/R2584.jpg,R,R,0.993349015712738,300,1
R/R2593.jpg,R,R,0.9933951497077942,300,1
R/R2597.jpg,R,R,0.9933663010597229,300,1
R/R26.jpg,R,R,0.9936043620109558,300,1
R/R260.jpg,R,R,0.9934038519859314,300,1
R/R2611.jpg,R,R,0.9933342933654785,300,1
R/R2613.jpg,R,R,0.9933150410652161,300,1
R/R2618.jpg,R,R,0.9933326840400696,300,1
R/R2623.jpg,R,R,0.9933263063430786,300,1
R/R2632.jpg,R,R,0.9933580756187439,300,1
R/R2635.jpg,R,R,0.9933678507804871,300,1
R/R2636.jpg,R,R,0.9934004545211792,300,1
R/R2639.jpg,R,R,0.9933254718780518,300,1
R/R2644.jpg,R,R,0.9933328032493591,300,1
R/R2645.jpg,R,R,0.9933658242225647,300,1
R/R2649.jpg,R,R,0.9933072924613953,300,1
R/R2652.jpg,R,R,0.9932971596717834,300,1
R/R2653.jpg,R,R,0.9932987093925476,300,1
R/R2654.jpg,R,R,0.9933239817619324,300,1
R/R2665.jpg,R,R,0.9932645559310913,300,1
R/R2669.jpg,R,R,0.9932942986488342,300,1
R/R267.jpg,R,R,0.9933807849884033,300,1
R/R2678.jpg,R,R,0.9932936429977417,300,1
R/R2679.jpg,R,R,0.9932844638824463,300,1
R/R2680.jpg,R,R,0.9932990074157715,300,1
R/R2688.jpg,R,R,0.9933348894119263,300,1
R/R2697.jpg,R,R,0.9934234619140625,300,1
R/R2705.jpg,R,R,0.9933977127075195,300,1
R/R2716.jpg,R,R,0.9933579564094543,300,1
R/R2717.jpg,R,R,0.9933793544769287,300,1
R/R2718.jpg,R,R,0.993335485458374,300,1
R/R2719.jpg,R,R,0.9933390021324158,300,1
R/R2722.jpg,R,R,0.9933592677116394,300,1
R/R2728.jpg,R,R,0.9933366775512695,300,1
R/R2730.jpg,R,R,0.9933422207832336,300,1
R/R2731.jpg,R,R,0.9933896064758301,300,1
R/R2735.jpg,R,R,0.9933766722679138,300,1
R/R2736.jpg,R,R,0.9933934807777405,300,1
R/R274.jpg,R,R,0.993364691734314,300,1
R/R2748.jpg,R,R,0.9933798313140869,300,1
R/R2749.jpg,R,R,0.9933132529258728,300,1
R/R2770.jpg,R,R,0.9932233095169067,300,1
R/R2772.jpg,R,R,0.9932093024253845,300,1
R/R2776.jpg,R,R,0.9932791590690613,300,1
R/R2790.jpg,R,R,0.9932295083999634,300,1
R/R2791.jpg,R,R,0.9932302236557007,300,1
R/R2794.jpg,R,R,0.993247389793396,300,1
R/R2796.jpg,R,R,0.993273138999939,300,1
R/R2801.jpg,R,R,0.9933033585548401,300,1
R/R2807.jpg,R,R,0.9932925701141357,300,1
R/R2808.jpg,R,R,0.9932970404624939,300,1
R/R2814.jpg,R,R,0.9932795166969299,300,1
R/R2817.jpg,R,R,0.9932510256767273,300,1
R/R2820.jpg,R,R,0.9932669401168823,300,1
R/R2847.jpg,R,R,0.993182361125946,300,1
R/R2849.jpg,R,R,0.9932553768157959,300,1
R/R2853.jpg,R,R,0.99333256483078,300,1
R/R2859.jpg,R,R,0.9933207631111145,300,1
R/R2860.jpg,R,R,0.9932987689971924,300,1
R/R2864.jpg,R,R,0.9933627843856812,300,1
R/R2872.jpg,R,R,0.9933772683143616,300,1
R/R2873.jpg,R,R,0.993335485458374,300,1
R/R2882.jpg,R,R,0.993351399898529,300,1
R/R2886.jpg,R,R,0.9934003353118896,300,1
R/R2888.jpg,R,R,0.9933692812919617,300,1
R/R2891.jpg,R,R,0.9933702945709229,300,1
R/R29.jpg,R,R,0.9935637712478638,300,1
R/R2908.jpg,R,R,0.9933674931526184,300,1
R/R2925.jpg,R,R,0.9933295249938965,300,1
R/R2933.jpg,R,R,0.993368923664093,300,1
R/R2934.jpg,R,R,0.9933332800865173,300,1
R/R2936.jpg,R,R,0.9933549165725708,300,1
R/R2937.jpg,R,R,0.9933875799179077,300,1
R/R2938.jpg,R,R,0.9933739900588989,300,1
R/R2939.jpg,R,R,0.9934136271476746,300,1
R/R2941.jpg,R,R,0.9933851361274719,300,1
R/R2942.jpg,R,R,0.993370532989502,300,1
R/R2943.jpg,R,R,0.9933951497077942,300,1
R/R2948.jpg,R,R,0.9934523105621338,300,1
R/R295.jpg,R,R,0.9934608936309814,300,1
R/R2952.jpg,R,R,0.9933997392654419,300,1
R/R2968.jpg,R,R,0.993263304233551,300,1
R/R2971.jpg,R,R,0.9932366013526917,300,1
R/R2973.jpg,R,R,0.9932503700256348,300,1
R/R2974.jpg,R,R,0.9932548403739929,300,1
R/R2975.jpg,R,R,0.9932386875152588,300,1
R/R2977.jpg,R,R,0.9932944178581238,300,1
R/R298.jpg,R,R,0.9934858679771423,300,1
R/R2980.jpg,R,R,0.9932410717010498,300,1
R/R2993.jpg,R,R,0.9931979179382324,300,1
R/R2995.jpg,R,R,0.9931538105010986,300,1
R/R2999.jpg,R,R,0.9930927753448486,300,1
R/R3.jpg,R,R,0.9935259819030762,300,1
R/R300.jpg,R,R,0.99347323179245,300,1
R/R307.jpg,R,R,0.9934806823730469,300,1
R/R310.jpg,R,R,0.9934887886047363,300,1
R/R317.jpg,R,R,0.9934914708137512,300,1
R/R319.jpg,R,R,0.9934747815132141,300,1
R/R323.jpg,R,R,0.9934752583503723,300,1
R/R332.jpg,R,R,0.993503749370575,300,1
R/R334.jpg,R,R,0.9934437274932861,300,1
R/R340.jpg,R,R,0.993478536605835,300,1
R/R342.jpg,R,R,0.993486225605011,300,1
R/R345.jpg,R,R,0.9934836030006409,300,1
R/R351.jpg,R,R,0.993412435054779,300,1
R/R353.jpg,R,R,0.9934126734733582,300,1
R/R364.jpg,R,R,0.9933744072914124,300,1
R/R37.jpg,R,R,0.9935333728790283,300,1
R/R378.jpg,R,R,0.9934448003768921,300,1
R/R381.jpg,R,R,0.9933602213859558,300,1
R/R382.jpg,R,R,0.9933775067329407,300,1
R/R388.jpg,R,R,0.9933890104293823,300,1
R/R39.jpg,R,R,0.993544340133667,300,1
R/R390.jpg,R,R,0.9934017062187195,300,1
R/R403.jpg,R,R,0.9933898448944092,300,1
R/R41.jpg,R,R,0.9935612678527832,300,1
R/R411.jpg,R,R,0.9933962821960449,300,1
R/R413.jpg,R,R,0.993438184261322,300,1
R/R415.jpg,R,R,0.9934171438217163,300,1
R/R419.jpg,R,R,0.9934597015380859,300,1
R/R42.jpg,R,R,0.9935144186019897,300,1
R/R433.jpg,R,R,0.9934184551239014,300,1
R/R438.jpg,R,R,0.993443489074707,300,1
R/R439.jpg,R,R,0.9934501051902771,300,1
R/R444.jpg,R,R,0.9934470057487488,300,1
R/R45.jpg,R,R,0.9935120940208435,300,1
R/R453.jpg,R,R,0.9934485554695129,300,1
R/R459.jpg,R,R,0.9934273958206177,300,1
R/R460.jpg,R,R,0.9934026598930359,300,1
R/R466.jpg,R,R,0.9933716058731079,300,1
R/R473.jpg,R,R,0.9933270215988159,300,1
R/R48.jpg,R,R,0.9935044050216675,300,1
R/R481.jpg,R,R,0.9931827187538147,300,1
R/R482.jpg,R,R,0.9931678175926208,300,1
R/R485.jpg,R,R,0.9931504130363464,300,1
R/R492.jpg,R,R,0.9933310151100159,300,1
R/R495.jpg,R,R,0.9933217167854309,300,1
R/R496.jpg,R,R,0.9933366775512695,300,1
R/R497.jpg,R,R,0.9933613538742065,300,1
R/R504.jpg,R,R,0.9933404326438904,300,1
R/R515.jpg,R,R,0.9933803081512451,300,1
R/R519.jpg,R,R,0.9933270215988159,300,1
R/R525.jpg,R,R,0.9932959675788879,300,1
R/R529.jpg,R,R,0.9933013916015625,300,1
R/R542.jpg,R,R,0.9932997226715088,300,1
R/R55.jpg,R,R,0.9934834837913513,300,1
R/R564.jpg,R,R,0.9932960867881775,300,1
R/R571.jpg,R,R,0.9933696985244751,300,1
R/R575.jpg,R,R,0.9933359622955322,300,1
R/R58.jpg,R,R,0.9935042262077332,300,1
R/R580.jpg,R,R,0.9933997392654419,300,1
R/R581.jpg,R,R,0.993408203125,300,1
R/R585.jpg,R,R,0.9934303164482117,300,1
R/R587.jpg,R,R,0.9934137463569641,300,1
R/R593.jpg,R,R,0.9933606386184692,300,1
R/R6.jpg,R,R,0.9935067892074585,300,1
R/R607.jpg,R,R,0.9933601021766663,300,1
R/R609.jpg,R,R,0.99334716796875,300,1
R/R611.jpg,R,R,0.9933810234069824,300,1
R/R612.jpg,R,R,0.9933505654335022,300,1
R/R616.jpg,R,R,0.9933359622955322,300,1
R/R617.jpg,R,R,0.9933663010597229,300,1
R/R622.jpg,R,R,0.9933403134346008,300,1
R/R626.jpg,R,R,0.9933120608329773,300,1
R/R639.jpg,R,R,0.9932920932769775,300,1
R/R642.jpg,R,R,0.9933116436004639,300,1
R/R644.jpg,R,R,0.9933555126190186,300,1
R/R646.jpg,R,R,0.9933677315711975,300,1
R/R647.jpg,R,R,0.993357241153717,300,1
R/R649.jpg,R,R,0.9933493733406067,300,1
R/R65.jpg,R,R,0.9934456944465637,300,1
R/R653.jpg,R,R,0.9933695197105408,300,1
R/R656.jpg,R,R,0.9933706521987915,300,1
R/R657.jpg,R,R,0.993378758430481,300,1
R/R663.jpg,R,R,0.9934383034706116,300,1
R/R671.jpg,R,R,0.9934393763542175,300,1
R/R672.jpg,R,R,0.9934211373329163,300,1
R/R678.jpg,R,R,0.9934386610984802,300,1
R/R679.jpg,R,R,0.9934331178665161,300,1
R/R684.jpg,R,R,0.9934418201446533,300,1
R/R688.jpg,R,R,0.9933590292930603,300,1
R/R693.jpg,R,R,0.9934101700782776,300,1
R/R696.jpg,R,R,0.9934026598930359,300,1
R/R699.jpg,R,R,0.9933902025222778,300,1
R/R7.jpg,R,R,0.9935126900672913,300,1
R/R708.jpg,R,R,0.9934225678443909,300,1
R/R710.jpg,R,R,0.9934291243553162,300,1
R/R712.jpg,R,R,0.993440568447113,300,1
R/R715.jpg,R,R,0.9934224486351013,300,1
R/R716.jpg,R,R,0.9934123158454895,300,1
R/R717.jpg,R,R,0.99339759349823,300,1
R/R72.jpg,R,R,0.993465006351471,300,1
R/R721.jpg,R,R,0.9934012293815613,300,1
R/R725.jpg,R,R,0.9933992624282837,300,1
R/R726.jpg,R,R,0.9933971166610718,300,1
R/R728.jpg,R,R,0.9933962225914001,300,1
R/R736.jpg,R,R,0.993403971195221,300,1
R/R738.jpg,R,R,0.9934166669845581,300,1
R/R740.jpg,R,R,0.9934432506561279,300,1
R/R742.jpg,R,R,0.9934614896774292,300,1
R/R76.jpg,R,R,0.9933564066886902,300,1
R/R760.jpg,R,R,0.993398904800415,300,1
R/R765.jpg,R,R,0.9934112429618835,300,1
R/R77.jpg,R,R,0.993362307548523,300,1
R/R78.jpg,R,R,0.9933140873908997,300,1
R/R790.jpg,R,R,0.9933819770812988,300,1
R/R794.jpg,R,R,0.993388295173645,300,1
R/R796.jpg,R,R,0.9934245347976685,300,1
R/R801.jpg,R,R,0.9934617280960083,300,1
R/R809.jpg,R,R,0.9933496117591858,300,1
R/R812.jpg,R,R,0.9933785200119019,300,1
R/R814.jpg,R,R,0.9933972358703613,300,1
R/R828.jpg,R,R,0.9933951497077942,300,1
R/R832.jpg,R,R,0.9933962821960449,300,1
R/R835.jpg,R,R,0.9933977127075195,300,1
R/R836.jpg,R,R,0.9933835864067078,300,1
R/R843.jpg,R,R,0.9933765530586243,300,1
R/R853.jpg,R,R,0.9933366775512695,300,1
R/R858.jpg,R,R,0.9933607578277588,300,1
R/R864.jpg,R,R,0.9932981133460999,300,1
R/R865.jpg,R,R,0.9933106899261475,300,1
R/R87.jpg,R,R,0.9932987093925476,300,1
R/R879.jpg,R,R,0.9933568835258484,300,1
R/R881.jpg,R,R,0.9933720827102661,300,1
R/R884.jpg,R,R,0.9933322072029114,300,1
R/R888.jpg,R,R,0.993299126625061,300,1
R/R892.jpg,R,R,0.9933344125747681,300,1
R/R893.jpg,R,R,0.9933277368545532,300,1
R/R894.jpg,R,R,0.9933340549468994,300,1
R/R896.jpg,R,R,0.9933649301528931,300,1
R/R901.jpg,R,R,0.9933110475540161,300,1
R/R902.jpg,R,R,0.993303120136261,300,1
R/R915.jpg,R,R,0.9933077096939087,300,1
R/R922.jpg,R,R,0.993067741394043,300,1
R/R923.jpg,R,R,0.9930922985076904,300,1
R/R925.jpg,R,R,0.9931001663208008,300,1
R/R930.jpg,R,R,0.9931136965751648,300,1
R/R932.jpg,R,R,0.993156373500824,300,1
R/R943.jpg,R,R,0.9933305382728577,300,1
R/R97.jpg,R,R,0.9932951331138611,300,1
R/R984.jpg,R,R,0.9933539628982544,300,1
R/R989.jpg,R,R,0.9932922124862671,300,1
R/R99.jpg,R,R,0.993365466594696,300,1
R/R996.jpg,R,R,0.9933241009712219,300,1
S/S101.jpg,S,S,0.9931077361106873,300,1
S/S1011.jpg,S,S,0.9930952191352844,300,1
S/S1019.jpg,S,S,0.9929550290107727,300,1
S/S1021.jpg,S,S,0.9929700493812561,300,1
S/S1022.jpg,S,S,0.9929609894752502,300,1
S/S1023.jpg,S,S,0.9929589033126831,300,1
S/S1026.jpg,S,S,0.9930435419082642,300,1
S/S1027.jpg,S,S,0.9930001497268677,300,1
S/S1035.jpg,S,S,0.9928713440895081,300,1
S/S1040.jpg,S,S,0.9927980899810791,300,1
S/S1046.jpg,S,S,0.9926525354385376,300,1
S/S1048.jpg,S,S,0.9925990104675293,300,1
S/S1050.jpg,S,S,0.9926572442054749,300,1
S/S1056.jpg,S,S,0.9927531480789185,300,1
S/S1061.jpg,S,S,0.9927398562431335,300,1
S/S1068.jpg,S,S,0.9931788444519043,300,1
S/S1069.jpg,S,S,0.9932219982147217,300,1
S/S1074.jpg,S,S,0.993236243724823,300,1
S/S1075.jpg,S,S,0.9931674599647522,300,1
S/S108.jpg,S,S,0.9930678606033325,300,1
S/S1082.jpg,S,S,0.9932095408439636,300,1
S/S1086.jpg,S,S,0.993162989616394,300,1
S/S109.jpg,S,S,0.9931014776229858,300,1
S/S1093.jpg,S,S,0.9930084943771362,300,1
S/S1094.jpg,S,S,0.9929758310317993,300,1
S/S1107.jpg,S,S,0.993148148059845,300,1
S/S1108.jpg,S,S,0.9931628704071045,300,1
S/S111.jpg,S,S,0.993129312992096,300,1
S/S1114.jpg,S,S,0.9931930899620056,300,1
S/S1115.jpg,S,S,0.9932275414466858,300,1
S/S1121.jpg,S,S,0.9931693077087402,300,1
S/S1129.jpg,S,S,0.9932242631912231,300,1
S/S113.jpg,S,S,0.9930918216705322,300,1
S/S1134.jpg,S,S,0.9932408332824707,300,1
S/S114.jpg,S,S,0.9929957985877991,300,1
S/S1141.jpg,S,S,0.9932954907417297,300,1
S/S1144.jpg,S,S,0.9932895302772522,300,1
S/S1151.jpg,S,S,0.9931727051734924,300,1
S/S1157.jpg,S,S,0.9931722283363342,300,1
S/S1158.jpg,S,S,0.993187427520752,300,1
S/S116.jpg,S,S,0.9930592775344849,300,1
S/S1160.jpg,S,S,0.9931067824363708,300,1
S/S1163.jpg,S,S,0.9930928945541382,300,1
S/S1164.jpg,S,S,0.9931226372718811,300,1
S/S1179.jpg,S,S,0.9932364821434021,300,1
S/S1181.jpg,S,S,0.9932157397270203,300,1
S/S1183.jpg,S,S,0.9932289123535156,300,1
S/S1186.jpg,S,S,0.9931628704071045,300,1
S/S1191.jpg,S,S,0.993293046951294,300,1
S/S1195.jpg,S,S,0.993212103843689,300,1
S/S120.jpg,S,S,0.9930843114852905,300,1
S/S1206.jpg,S,S,0.9932164549827576,300,1
S/S1208.jpg,S,S,0.9931091070175171,300,1
S/S121.jpg,S,S,0.9930227994918823,300,1
S/S1213.jpg,S,S,0.9931066632270813,300,1
S/S1216.jpg,S,S,0.9930676221847534,300,1
S/S1221.jpg,S,S,0.9930599927902222,300,1
S/S1225.jpg,S,S,0.9931274652481079,300,1
S/S1226.jpg,S,S,0.9931201934814453,300,1
S/S1232.jpg,S,S,0.9931381344795227,300,1
S/S1235.jpg,S,S,0.9930751323699951,300,1
S/S1236.jpg,S,S,0.9930954575538635,300,1
S/S1245.jpg,S,S,0.9931199550628662,300,1
S/S1248.jpg,S,S,0.9929823875427246,300,1
S/S1258.jpg,S,S,0.9928801655769348,300,1
S/S1259.jpg,S,S,0.9927912950515747,300,1
S/S1268.jpg,S,S,0.9928454756736755,300,1
S/S127.jpg,S,S,0.9929823875427246,300,1
S/S1275.jpg,S,S,0.9930415153503418,300,1
S/S1276.jpg,S,S,0.9929492473602295,300,1
S/S1278.jpg,S,S,0.9930610060691833,300,1
S/S1282.jpg,S,S,0.9931127429008484,300,1
S/S1285.jpg,S,S,0.9929949641227722,300,1
S/S1287.jpg,S,S,0.9930122494697571,300,1
S/S1289.jpg,S,S,0.9929220080375671,300,1
S/S1296.jpg,S,S,0.9929595589637756,300,1
S/S1297.jpg,S,S,0.9929401874542236,300,1
S/S130.jpg,S,S,0.9930117726325989,300,1
S/S1314.jpg,S,S,0.9927102327346802,300,1
S/S1315.jpg,S,S,0.9927761554718018,300,1
S/S1329.jpg,S,S,0.9930203557014465,300,1
S/S1330.jpg,S,S,0.9930235147476196,300,1
S/S1333.jpg,S,S,0.992939829826355,300,1
S/S1337.jpg,S,S,0.9931612014770508,300,1
S/S1338.jpg,S,S,0.993062436580658,300,1
S/S1344.jpg,S,S,0.9931471943855286,300,1
S/S1349.jpg,S,S,0.9932377338409424,300,1
S/S1350.jpg,S,S,0.9933624267578125,300,1
S/S1354.jpg,S,S,0.9931990504264832,300,1
S/S1357.jpg,S,S,0.99314945936203,300,1
S/S1365.jpg,S,S,0.9930181503295898,300,1
S/S1369.jpg,S,S,0.993200957775116,300,1
S/S1375.jpg,S,S,0.9930892586708069,300,1
S/S1377.jpg,S,S,0.992964506149292,300,1
S/S138.jpg,S,S,0.99297696352005,300,1
S/S1382.jpg,S,S,0.9932119846343994,300,1
S/S1387.jpg,S,S,0.993365466594696,300,1
S/S1399.jpg,S,S,0.9933322072029114,300,1
S/S1403.jpg,S,S,0.9932143688201904,300,1
S/S1404.jpg,S,S,0.9932517409324646,300,1
S/S1405.jpg,S,S,0.9932678937911987,300,1
S/S1408.jpg,S,S,0.993209183216095,300,1
S/S1418.jpg,S,S,0.9931627511978149,300,1
S/S1422.jpg,S,S,0.9932310581207275,300,1
S/S1424.jpg,S,S,0.9931722283363342,300,1
S/S143.jpg,S,S,0.9930915832519531,300,1
S/S1431.jpg,S,S,0.993236243724823,300,1
S/S1432.jpg,S,S,0.9932584762573242,300,1
S/S1435.jpg,S,S,0.993344783782959,300,1
S/S1444.jpg,S,S,0.9932507872581482,300,1
S/S1461.jpg,S,S,0.9932506680488586,300,1
S/S1471.jpg,S,S,0.9931233525276184,300,1
S/S1481.jpg,S,S,0.9930949807167053,300,1
S/S1503.jpg,S,S,0.9930676221847534,300,1
S/S1514.jpg,S,S,0.9930821657180786,300,1
S/S1515.jpg,S,S,0.9930487871170044,300,1
S/S1516.jpg,S,S,0.9930645823478699,300,1
S/S152.jpg,S,S,0.9930897355079651,300,1
S/S1523.jpg,S,S,0.9931790828704834,300,1
S/S1538.jpg,S,S,0.9930446743965149,300,1
S/S1541.jpg,S,S,0.9930735230445862,300,1
S/S1543.jpg,S,S,0.9930632710456848,300,1
S/S1545.jpg,S,S,0.9931254386901855,300,1
S/S1547.jpg,S,S,0.9930875897407532,300,1
S/S1549.jpg,S,S,0.9930446743965149,300,1
S/S1552.jpg,S,S,0.9931355714797974,300,1
S/S156.jpg,S,S,0.9929973483085632,300,1
S/S1563.jpg,S,S,0.9930064678192139,300,1
S/S1578.jpg,S,S,0.9930585622787476,300,1
S/S1583.jpg,S,S,0.9929643869400024,300,1
S/S1589.jpg,S,S,0.9930676221847534,300,1
S/S1598.jpg,S,S,0.9931299090385437,300,1
S/S16.jpg,S,S,0.9928981065750122,300,1
S/S1612.jpg,S,S,0.9931113719940186,300,1
S/S1613.jpg,S,S,0.9931551814079285,300,1
S/S1624.jpg,S,S,0.9930899739265442,300,1
S/S1631.jpg,S,S,0.993065595626831,300,1
S/S1635.jpg,S,S,0.993017315864563,300,1
S/S1637.jpg,S,S,0.9930741786956787,300,1
S/S1638.jpg,S,S,0.9930427074432373,300,1
S/S1641.jpg,S,S,0.9931134581565857,300,1
S/S1646.jpg,S,S,0.9930928945541382,300,1
S/S1650.jpg,S,S,0.9932231903076172,300,1
S/S1657.jpg,S,S,0.9931237101554871,300,1
S/S1659.jpg,S,S,0.9931854009628296,300,1
S/S1664.jpg,S,S,0.9931550621986389,300,1
S/S1665.jpg,S,S,0.993126392364502,300,1
S/S1672.jpg,S,S,0.9929617047309875,300,1
S/S1679.jpg,S,S,0.993120551109314,300,1
S/S169.jpg,S,S,0.9929208159446716,300,1
S/S1695.jpg,S,S,0.9931883811950684,300,1
S/S1697.jpg,S,S,0.9932287931442261,300,1
S/S17.jpg,S,S,0.9928920269012451,300,1
S/S170.jpg,S,S,0.9929770827293396,300,1
S/S171.jpg,S,S,0.9929460883140564,300,1
S/S1710.jpg,S,S,0.9932442307472229,300,1
S/S1711.jpg,S,S,0.9931839108467102,300,1
S/S1712.jpg,S,S,0.9931821227073669,300,1
S/S1723.jpg,S,S,0.9931584000587463,300,1
S/S1728.jpg,S,S,0.9930292963981628,300,1
S/S1729.jpg,S,S,0.9931301474571228,300,1
S/S1732.jpg,S,S,0.9931215643882751,300,1
S/S1734.jpg,S,S,0.9931604862213135,300,1
S/S1735.jpg,S,S,0.9932184815406799,300,1
S/S1737.jpg,S,S,0.993181049823761,300,1
S/S1738.jpg,S,S,0.9931704998016357,300,1
S/S1741.jpg,S,S,0.9932054281234741,300,1
S/S1758.jpg,S,S,0.9932390451431274,300,1
S/S1764.jpg,S,S,0.9932181239128113,300,1
S/S1767.jpg,S,S,0.9932398796081543,300,1
S/S1769.jpg,S,S,0.9932076334953308,300,1
S/S1776.jpg,S,S,0.9932215213775635,300,1
S/S178.jpg,S,S,0.992965817451477,300,1
S/S1780.jpg,S,S,0.9932467937469482,300,1
S/S1785.jpg,S,S,0.9932790398597717,300,1
S/S1790.jpg,S,S,0.9931735396385193,300,1
S/S180.jpg,S,S,0.992942214012146,300,1
S/S1802.jpg,S,S,0.9931648373603821,300,1
S/S1803.jpg,S,S,0.9932439923286438,300,1
S/S1808.jpg,S,S,0.99310702085495,300,1
S/S1817.jpg,S,S,0.9930061101913452,300,1
S/S1836.jpg,S,S,0.993118405342102,300,1
S/S1837.jpg,S,S,0.9931355714797974,300,1
S/S184.jpg,S,S,0.9928597807884216,300,1
S/S1841.jpg,S,S,0.9932439923286438,300,1
S/S1845.jpg,S,S,0.9931973218917847,300,1
S/S1858.jpg,S,S,0.9933521747589111,300,1
S/S1863.jpg,S,S,0.9933469295501709,300,1
S/S1865.jpg,S,S,0.9933050274848938,300,1
S/S1868.jpg,S,S,0.9933207035064697,300,1
S/S187.jpg,S,S,0.9928750991821289,300,1
S/S1876.jpg,S,S,0.99326092004776,300,1
S/S1885.jpg,S,S,0.9933481812477112,300,1
S/S1887.jpg,S,S,0.9932782053947449,300,1
S/S1895.jpg,S,S,0.9932859539985657,300,1
S/S1902.jpg,S,S,0.9931870698928833,300,1
S/S1910.jpg,S,S,0.9932531714439392,300,1
S/S1911.jpg,S,S,0.9933103322982788,300,1
S/S192.jpg,S,S,0.9929816722869873,300,1
S/S1920.jpg,S,S,0.9932210445404053,300,1
S/S1922.jpg,S,S,0.9932655096054077,300,1
S/S1925.jpg,S,S,0.9933290481567383,300,1
S/S1937.jpg,S,S,0.9933613538742065,300,1
S/S194.jpg,S,S,0.9929102063179016,300,1
S/S1941.jpg,S,S,0.9932858347892761,300,1
S/S1943.jpg,S,S,0.9933822154998779,300,1
S/S1945.jpg,S,S,0.9934110045433044,300,1
S/S1956.jpg,S,S,0.993353009223938,300,1
S/S1963.jpg,S,S,0.9933311343193054,300,1
S/S1964.jpg,S,S,0.9933428168296814,300,1
S/S1965.jpg,S,S,0.9933297038078308,300,1
S/S1972.jpg,S,S,0.9933620691299438,300,1
S/S1976.jpg,S,S,0.9932977557182312,300,1
S/S1984.jpg,S,S,0.9932604432106018,300,1
S/S1986.jpg,S,S,0.9932432770729065,300,1
S/S1998.jpg,S,S,0.9933639764785767,300,1
S/S2002.jpg,S,S,0.9929512143135071,300,1
S/S2003.jpg,S,S,0.9929782748222351,300,1
S/S2005.jpg,S,S,0.9929115176200867,300,1
S/S2006.jpg,S,S,0.9929670095443726,300,1
S/S2009.jpg,S,S,0.9929817914962769,300,1
S/S2010.jpg,S,S,0.9929981231689453,300,1
S/S2012.jpg,S,S,0.9929625391960144,300,1
S/S2016.jpg,S,S,0.9929543137550354,300,1
S/S2017.jpg,S,S,0.9930042624473572,300,1
S/S2020.jpg,S,S,0.992892861366272,300,1
S/S2025.jpg,S,S,0.9928908348083496,300,1
S/S2026.jpg,S,S,0.9927292466163635,300,1
S/S203.jpg,S,S,0.9929819107055664,300,1
S/S2036.jpg,S,S,0.992514431476593,300,1
S/S2047.jpg,S,S,0.9926005005836487,300,1
S/S205.jpg,S,S,0.9930114150047302,300,1
S/S2076.jpg,S,S,0.9929324388504028,300,1
S/S2082.jpg,S,S,0.993054211139679,300,1
S/S2087.jpg,S,S,0.9930490255355835,300,1
S/S2088.jpg,S,S,0.9930445551872253,300,1
S/S2093.jpg,S,S,0.9930457472801208,300,1
S/S2097.jpg,S,S,0.9929774403572083,300,1
S/S21.jpg,S,S,0.992933988571167,300,1
S/S210.jpg,S,S,0.9929924011230469,300,1
S/S2100.jpg,S,S,0.9929916858673096,300,1
S/S2110.jpg,S,S,0.9929313659667969,300,1
S/S2116.jpg,S,S,0.9930806756019592,300,1
S/S2127.jpg,S,S,0.9930275082588196,300,1
S/S2128.jpg,S,S,0.9931218028068542,300,1
S/S2129.jpg,S,S,0.9930867552757263,300,1
S/S2131.jpg,S,S,0.9931371212005615,300,1
S/S2133.jpg,S,S,0.9931064248085022,300,1
S/S2134.jpg,S,S,0.9931254386901855,300,1
S/S2158.jpg,S,S,0.9931448698043823,300,1
S/S2164.jpg,S,S,0.9931879043579102,300,1
S/S2176.jpg,S,S,0.9931668639183044,300,1
S/S2181.jpg,S,S,0.9932297468185425,300,1
S/S2186.jpg,S,S,0.9932271838188171,300,1
S/S2191.jpg,S,S,0.9932453036308289,300,1
S/S2194.jpg,S,S,0.9932925701141357,300,1
S/S2195.jpg,S,S,0.9933106899261475,300,1
S/S2204.jpg,S,S,0.993255615234375,300,1
S/S2212.jpg,S,S,0.9931487441062927,300,1
S/S2214.jpg,S,S,0.9930096864700317,300,1
S/S222.jpg,S,S,0.9929940104484558,300,1
S/S2222.jpg,S,S,0.9929589033126831,300,1
S/S2223.jpg,S,S,0.9930096864700317,300,1
S/S2224.jpg,S,S,0.9929990768432617,300,1
S/S2228.jpg,S,S,0.9928092956542969,300,1
S/S2229.jpg,S,S,0.9928805828094482,300,1
S/S223.jpg,S,S,0.9930620789527893,300,1
S/S2235.jpg,S,S,0.9931208491325378,300,1
S/S2237.jpg,S,S,0.9930716156959534,300,1
S/S2248.jpg,S,S,0.9931279420852661,300,1
S/S2249.jpg,S,S,0.9931541681289673,300,1
S/S2255.jpg,S,S,0.9931453466415405,300,1
S/S2263.jpg,S,S,0.9930773973464966,300,1
S/S2265.jpg,S,S,0.99313884973526,300,1
S/S2266.jpg,S,S,0.9931548833847046,300,1
S/S2267.jpg,S,S,0.9931509494781494,300,1
S/S2273.jpg,S,S,0.9930574893951416,300,1
S/S2281.jpg,S,S,0.9929656982421875,300,1
S/S2286.jpg,S,S,0.9929385781288147,300,1
S/S2293.jpg,S,S,0.9929206967353821,300,1
S/S2294.jpg,S,S,0.9928995370864868,300,1
S/S2308.jpg,S,S,0.9929110407829285,300,1
S/S231.jpg,S,S,0.9930469393730164,300,1
S/S2310.jpg,S,S,0.992877185344696,300,1
S/S2312.jpg,S,S,0.9928461909294128,300,1
S/S2315.jpg,S,S,0.9929042458534241,300,1
S/S232.jpg,S,S,0.9930973649024963,300,1
S/S2329.jpg,S,S,0.9927555918693542,300,1
S/S2331.jpg,S,S,0.9928876757621765,300,1
S/S2332.jpg,S,S,0.992904007434845,300,1
S/S2334.jpg,S,S,0.9925238490104675,300,1
S/S2338.jpg,S,S,0.9923498034477234,300,1
S/S2344.jpg,S,S,0.9923222661018372,300,1
S/S2348.jpg,S,S,0.9922583699226379,300,1
S/S2351.jpg,S,S,0.9923202395439148,300,1
S/S2352.jpg,S,S,0.9923521876335144,300,1
S/S2354.jpg,S,S,0.9924690127372742,300,1
S/S2355.jpg,S,S,0.9923700094223022,300,1
S/S2359.jpg,S,S,0.9924601912498474,300,1
S/S236.jpg,S,S,0.9929952025413513,300,1
S/S2362.jpg,S,S,0.992610514163971,300,1
S/S2364.jpg,S,S,0.9924734830856323,300,1
S/S2367.jpg,S,S,0.9924650192260742,300,1
S/S2371.jpg,S,S,0.9923955202102661,300,1
S/S2381.jpg,S,S,0.9922043085098267,300,1
S/S2384.jpg,S,S,0.9920759201049805,300,1
S/S2385.jpg,S,S,0.9922569990158081,300,1
S/S2388.jpg,S,S,0.9923052191734314,300,1
S/S2393.jpg,S,S,0.9925354719161987,300,1
S/S2396.jpg,S,S,0.9926982522010803,300,1
S/S2401.jpg,S,S,0.9928069114685059,300,1
S/S2402.jpg,S,S,0.9927787184715271,300,1
S/S2404.jpg,S,S,0.9928169250488281,300,1
S/S2410.jpg,S,S,0.9929823875427246,300,1
S/S2412.jpg,S,S,0.9928382039070129,300,1
S/S2415.jpg,S,S,0.9928873181343079,300,1
S/S242.jpg,S,S,0.9930684566497803,300,1
S/S2420.jpg,S,S,0.9929627776145935,300,1
S/S2422.jpg,S,S,0.9930108189582825,300,1
S/S2426.jpg,S,S,0.993040919303894,300,1
S/S2429.jpg,S,S,0.9929920434951782,300,1
S/S243.jpg,S,S,0.9930912256240845,300,1
S/S2430.jpg,S,S,0.99293452501297,300,1
S/S2434.jpg,S,S,0.9930035471916199,300,1
S/S2438.jpg,S,S,0.9929875731468201,300,1
S/S2440.jpg,S,S,0.9930465817451477,300,1
S/S2447.jpg,S,S,0.9930154085159302,300,1
S/S2448.jpg,S,S,0.9930707812309265,300,1
S/S2451.jpg,S,S,0.9932010769844055,300,1
S/S2454.jpg,S,S,0.9931290149688721,300,1
S/S2464.jpg,S,S,0.9928932785987854,300,1
S/S2471.jpg,S,S,0.9931600093841553,300,1
S/S2479.jpg,S,S,0.992990255355835,300,1
S/S248.jpg,S,S,0.9929996728897095,300,1
S/S2480.jpg,S,S,0.9930403232574463,300,1
S/S2488.jpg,S,S,0.9929811954498291,300,1
S/S2491.jpg,S,S,0.9929960370063782,300,1
S/S2497.jpg,S,S,0.9930347204208374,300,1
S/S2499.jpg,S,S,0.9930567741394043,300,1
S/S25.jpg,S,S,0.9928932785987854,300,1
S/S2501.jpg,S,S,0.9930917024612427,300,1
S/S2506.jpg,S,S,0.9930617213249207,300,1
S/S2507.jpg,S,S,0.9930353760719299,300,1
S/S2508.jpg,S,S,0.993060827255249,300,1
S/S2517.jpg,S,S,0.9930686950683594,300,1
S/S2519.jpg,S,S,0.993018388748169,300,1
S/S2521.jpg,S,S,0.9930052161216736,300,1
S/S2524.jpg,S,S,0.992984414100647,300,1
S/S2526.jpg,S,S,0.9929428100585938,300,1
S/S2533.jpg,S,S,0.9930907487869263,300,1
S/S2551.jpg,S,S,0.9929417371749878,300,1
S/S2558.jpg,S,S,0.9927876591682434,300,1
S/S256.jpg,S,S,0.9928264617919922,300,1
S/S2560.jpg,S,S,0.9926943778991699,300,1
S/S2562.jpg,S,S,0.9927725195884705,300,1
S/S2567.jpg,S,S,0.9929612278938293,300,1
S/S2572.jpg,S,S,0.9930580854415894,300,1
S/S2573.jpg,S,S,0.9930177927017212,300,1
S/S2588.jpg,S,S,0.9929364323616028,300,1
S/S2593.jpg,S,S,0.9928858876228333,300,1
S/S2597.jpg,S,S,0.9929357171058655,300,1
S/S260.jpg,S,S,0.9928193688392639,300,1
S/S2600.jpg,S,S,0.9928897619247437,300,1
S/S2603.jpg,S,S,0.992885172367096,300,1
S/S2609.jpg,S,S,0.9928251504898071,300,1
S/S261.jpg,S,S,0.992803156375885,300,1
S/S2612.jpg,S,S,0.9928553700447083,300,1
S/S2614.jpg,S,S,0.9927796721458435,300,1
S/S2616.jpg,S,S,0.9928258657455444,300,1
S/S2636.jpg,S,S,0.9931407570838928,300,1
S/S2642.jpg,S,S,0.9931173324584961,300,1
S/S2643.jpg,S,S,0.9931372404098511,300,1
S/S2651.jpg,S,S,0.9931968450546265,300,1
S/S2657.jpg,S,S,0.9930358529090881,300,1
S/S266.jpg,S,S,0.9928014278411865,300,1
S/S2673.jpg,S,S,0.9931519031524658,300,1
S/S2676.jpg,S,S,0.9932199716567993,300,1
S/S2680.jpg,S,S,0.9932378530502319,300,1
S/S2682.jpg,S,S,0.9931729435920715,300,1
S/S2690.jpg,S,S,0.9931129813194275,300,1
S/S2691.jpg,S,S,0.9931890964508057,300,1
S/S2702.jpg,S,S,0.993107795715332,300,1
S/S2706.jpg,S,S,0.9931085109710693,300,1
S/S2715.jpg,S,S,0.9930881857872009,300,1
S/S2718.jpg,S,S,0.9930492639541626,300,1
S/S2719.jpg,S,S,0.9930484294891357,300,1
S/S2726.jpg,S,S,0.9930563569068909,300,1
S/S2729.jpg,S,S,0.9930900931358337,300,1
S/S2734.jpg,S,S,0.9931648373603821,300,1
S/S2742.jpg,S,S,0.9931929707527161,300,1
S/S275.jpg,S,S,0.9929647445678711,300,1
S/S2754.jpg,S,S,0.993208110332489,300,1
S/S2758.jpg,S,S,0.993187427520752,300,1
S/S2762.jpg,S,S,0.9931167364120483,300,1
S/S2766.jpg,S,S,0.9931343793869019,300,1
S/S2777.jpg,S,S,0.9931017160415649,300,1
S/S2779.jpg,S,S,0.9930071830749512,300,1
S/S2788.jpg,S,S,0.9928963780403137,300,1
S/S2794.jpg,S,S,0.9928783774375916,300,1
S/S2802.jpg,S,S,0.9930029511451721,300,1
S/S2804.jpg,S,S,0.9929763078689575,300,1
S/S2809.jpg,S,S,0.992965579032898,300,1
S/S2811.jpg,S,S,0.9929331541061401,300,1
S/S2813.jpg,S,S,0.9929695725440979,300,1
S/S2815.jpg,S,S,0.9928860068321228,300,1
S/S2817.jpg,S,S,0.9928523898124695,300,1
S/S2818.jpg,S,S,0.9928501844406128,300,1
S/S2821.jpg,S,S,0.9928333759307861,300,1
S/S2843.jpg,S,S,0.9927691221237183,300,1
S/S2849.jpg,S,S,0.9926148653030396,300,1
S/S285.jpg,S,S,0.9929554462432861,300,1
S/S2850.jpg,S,S,0.992588222026825,300,1
S/S2854.jpg,S,S,0.9925822019577026,300,1
S/S2855.jpg,S,S,0.9925797581672668,300,1
S/S2858.jpg,S,S,0.992698609828949,300,1
S/S2860.jpg,S,S,0.9926159381866455,300,1
S/S2863.jpg,S,S,0.9926706552505493,300,1
S/S2864.jpg,S,S,0.9928760528564453,300,1
S/S2872.jpg,S,S,0.9928966164588928,300,1
S/S2874.jpg,S,S,0.9928600192070007,300,1
S/S2877.jpg,S,S,0.9927495718002319,300,1
S/S2880.jpg,S,S,0.9928082227706909,300,1
S/S2887.jpg,S,S,0.9927061200141907,300,1
S/S2888.jpg,S,S,0.9927461743354797,300,1
S/S289.jpg,S,S,0.9928945899009705,300,1
S/S2895.jpg,S,S,0.9928567409515381,300,1
S/S2898.jpg,S,S,0.9928411245346069,300,1
S/S2905.jpg,S,S,0.9929338693618774,300,1
S/S2908.jpg,S,S,0.9929561614990234,300,1
S/S2915.jpg,S,S,0.9928328990936279,300,1
S/S2922.jpg,S,S,0.9929181933403015,300,1
S/S2927.jpg,S,S,0.9928984642028809,300,1
S/S2929.jpg,S,S,0.9929003715515137,300,1
S/S2932.jpg,S,S,0.9929295182228088,300,1
S/S2934.jpg,S,S,0.9929197430610657,300,1
S/S2936.jpg,S,S,0.9929511547088623,300,1
S/S2944.jpg,S,S,0.9929584264755249,300,1
S/S2960.jpg,S,S,0.9930095672607422,300,1
S/S2964.jpg,S,S,0.9930382370948792,300,1
S/S2966.jpg,S,S,0.9929672479629517,300,1
S/S2979.jpg,S,S,0.9929816722869873,300,1
S/S2982.jpg,S,S,0.9929965138435364,300,1
S/S2984.jpg,S,S,0.9930082559585571,300,1
S/S299.jpg,S,S,0.9929846525192261,300,1
S/S2992.jpg,S,S,0.9930344820022583,300,1
S/S2995.jpg,S,S,0.9930641055107117,300,1
S/S3.jpg,S,S,0.9931893348693848,300,1
S/S305.jpg,S,S,0.9929991960525513,300,1
S/S309.jpg,S,S,0.9930484294891357,300,1
S/S317.jpg,S,S,0.9930129647254944,300,1
S/S318.jpg,S,S,0.9930667877197266,300,1
S/S319.jpg,S,S,0.9930241107940674,300,1
S/S32.jpg,S,S,0.9928665161132812,300,1
S/S321.jpg,S,S,0.9930332899093628,300,1
S/S328.jpg,S,S,0.9929803013801575,300,1
S/S331.jpg,S,S,0.9930825233459473,300,1
S/S334.jpg,S,S,0.9930636286735535,300,1
S/S335.jpg,S,S,0.993110179901123,300,1
S/S336.jpg,S,S,0.9931296706199646,300,1
S/S342.jpg,S,S,0.9930625557899475,300,1
S/S344.jpg,S,S,0.9931111335754395,300,1
S/S347.jpg,S,S,0.9931176900863647,300,1
S/S349.jpg,S,S,0.9931573271751404,300,1
S/S355.jpg,S,S,0.9930791258811951,300,1
S/S36.jpg,S,S,0.9927939176559448,300,1
S/S362.jpg,S,S,0.9931002855300903,300,1
S/S364.jpg,S,S,0.9929782748222351,300,1
S/S369.jpg,S,S,0.9930254220962524,300,1
S/S375.jpg,S,S,0.9929614663124084,300,1
S/S38.jpg,S,S,0.992904007434845,300,1
S/S381.jpg,S,S,0.9929664134979248,300,1
S/S387.jpg,S,S,0.9928923845291138,300,1
S/S39.jpg,S,S,0.9928634762763977,300,1
S/S390.jpg,S,S,0.9929838180541992,300,1
S/S394.jpg,S,S,0.9929350018501282,300,1
S/S396.jpg,S,S,0.9928501844406128,300,1
S/S402.jpg,S,S,0.9930580854415894,300,1
S/S408.jpg,S,S,0.993008017539978,300,1
S/S412.jpg,S,S,0.9930331707000732,300,1
S/S417.jpg,S,S,0.99309241771698,300,1
S/S423.jpg,S,S,0.9930282235145569,300,1
S/S424.jpg,S,S,0.9929789900779724,300,1
S/S43.jpg,S,S,0.9929338693618774,300,1
S/S430.jpg,S,S,0.9929566383361816,300,1
S/S433.jpg,S,S,0.9929144382476807,300,1
S/S434.jpg,S,S,0.9929059743881226,300,1
S/S435.jpg,S,S,0.9929674863815308,300,1
S/S44.jpg,S,S,0.9929031729698181,300,1
S/S454.jpg,S,S,0.9930285811424255,300,1
S/S456.jpg,S,S,0.9930128455162048,300,1
S/S46.jpg,S,S,0.9929377436637878,300,1
S/S47.jpg,S,S,0.9929519295692444,300,1
S/S473.jpg,S,S,0.9930546879768372,300,1
S/S475.jpg,S,S,0.9930792450904846,300,1
S/S48.jpg,S,S,0.9929458498954773,300,1
S/S490.jpg,S,S,0.9931209683418274,300,1
S/S495.jpg,S,S,0.993099570274353,300,1
S/S497.jpg,S,S,0.9930741786956787,300,1
S/S499.jpg,S,S,0.9930190443992615,300,1
S/S5.jpg,S,S,0.9931950569152832,300,1
S/S503.jpg,S,S,0.9930981993675232,300,1
S/S508.jpg,S,S,0.9930629134178162,300,1
S/S512.jpg,S,S,0.9930117726325989,300,1
S/S517.jpg,S,S,0.9929364323616028,300,1
S/S519.jpg,S,S,0.9929146766662598,300,1
S/S525.jpg,S,S,0.992857813835144,300,1
S/S526.jpg,S,S,0.992879331111908,300,1
S/S533.jpg,S,S,0.9928333759307861,300,1
S/S534.jpg,S,S,0.9928514957427979,300,1
S/S535.jpg,S,S,0.9928268194198608,300,1
S/S545.jpg,S,S,0.9929618239402771,300,1
S/S546.jpg,S,S,0.9929278492927551,300,1
S/S552.jpg,S,S,0.9930238723754883,300,1
S/S553.jpg,S,S,0.993006706237793,300,1
S/S557.jpg,S,S,0.9931178092956543,300,1
S/S565.jpg,S,S,0.9932578802108765,300,1
S/S567.jpg,S,S,0.993226945400238,300,1
S/S570.jpg,S,S,0.9932979941368103,300,1
S/S578.jpg,S,S,0.9932777285575867,300,1
S/S580.jpg,S,S,0.9932119846343994,300,1
S/S59.jpg,S,S,0.9930272698402405,300,1
S/S594.jpg,S,S,0.9930918216705322,300,1
S/S595.jpg,S,S,0.9929875731468201,300,1
S/S60.jpg,S,S,0.9930092096328735,300,1
S/S601.jpg,S,S,0.9929637908935547,300,1
S/S603.jpg,S,S,0.9929649829864502,300,1
S/S606.jpg,S,S,0.9929742813110352,300,1
S/S613.jpg,S,S,0.9930457472801208,300,1
S/S614.jpg,S,S,0.9930452704429626,300,1
S/S624.jpg,S,S,0.993037760257721,300,1
S/S635.jpg,S,S,0.9930510520935059,300,1
S/S642.jpg,S,S,0.9929410219192505,300,1
S/S646.jpg,S,S,0.9928653240203857,300,1
S/S652.jpg,S,S,0.9927892088890076,300,1
S/S66.jpg,S,S,0.9930465817451477,300,1
S/S664.jpg,S,S,0.9930475354194641,300,1
S/S670.jpg,S,S,0.9931245446205139,300,1
S/S675.jpg,S,S,0.993009090423584,300,1
S/S677.jpg,S,S,0.9930456280708313,300,1
S/S678.jpg,S,S,0.9930598735809326,300,1
S/S681.jpg,S,S,0.9931447505950928,300,1
S/S686.jpg,S,S,0.9931806325912476,300,1
S/S69.jpg,S,S,0.9929956793785095,300,1
S/S696.jpg,S,S,0.9930431842803955,300,1
S/S700.jpg,S,S,0.9929632544517517,300,1
S/S703.jpg,S,S,0.9930955767631531,300,1
S/S707.jpg,S,S,0.9931589961051941,300,1
S/S709.jpg,S,S,0.9929965138435364,300,1
S/S715.jpg,S,S,0.9930232763290405,300,1
S/S716.jpg,S,S,0.9929643869400024,300,1
S/S723.jpg,S,S,0.9929599165916443,300,1
S/S725.jpg,S,S,0.9929952025413513,300,1
S/S733.jpg,S,S,0.9930053353309631,300,1
S/S736.jpg,S,S,0.9929338693618774,300,1
S/S749.jpg,S,S,0.992734432220459,300,1
S/S751.jpg,S,S,0.9927757978439331,300,1
S/S753.jpg,S,S,0.9929254055023193,300,1
S/S755.jpg,S,S,0.9930230379104614,300,1
S/S775.jpg,S,S,0.9931066632270813,300,1
S/S785.jpg,S,S,0.9930991530418396,300,1
S/S786.jpg,S,S,0.9931127429008484,300,1
S/S794.jpg,S,S,0.9931273460388184,300,1
S/S798.jpg,S,S,0.9931389689445496,300,1
S/S800.jpg,S,S,0.9931227564811707,300,1
S/S802.jpg,S,S,0.9930632710456848,300,1
S/S803.jpg,S,S,0.9930813908576965,300,1
S/S805.jpg,S,S,0.993032693862915,300,1
S/S81.jpg,S,S,0.9931761622428894,300,1
S/S813.jpg,S,S,0.9930686950683594,300,1
S/S827.jpg,S,S,0.9930853843688965,300,1
S/S83.jpg,S,S,0.9931045174598694,300,1
S/S841.jpg,S,S,0.9931564927101135,300,1
S/S844.jpg,S,S,0.9930974841117859,300,1
S/S85.jpg,S,S,0.9931911826133728,300,1
S/S850.jpg,S,S,0.9929325580596924,300,1
S/S866.jpg,S,S,0.9930591583251953,300,1
S/S871.jpg,S,S,0.9930638670921326,300,1
S/S875.jpg,S,S,0.9930058717727661,300,1
S/S881.jpg,S,S,0.9930904507637024,300,1
S/S884.jpg,S,S,0.9931601285934448,300,1
S/S887.jpg,S,S,0.9931360483169556,300,1
S/S891.jpg,S,S,0.993054211139679,300,1
S/S892.jpg,S,S,0.9931029081344604,300,1
S/S893.jpg,S,S,0.9931114912033081,300,1
S/S912.jpg,S,S,0.9931550025939941,300,1
S/S921.jpg,S,S,0.9931356906890869,300,1
S/S93.jpg,S,S,0.9931588768959045,300,1
S/S930.jpg,S,S,0.9931419491767883,300,1
S/S932.jpg,S,S,0.993129551410675,300,1
S/S934.jpg,S,S,0.9931697845458984,300,1
S/S94.jpg,S,S,0.9931609630584717,300,1
S/S943.jpg,S,S,0.9930863380432129,300,1
S/S961.jpg,S,S,0.9930453896522522,300,1
S/S963.jpg,S,S,0.9930549263954163,300,1
S/S969.jpg,S,S,0.9931004047393799,300,1
S/S97.jpg,S,S,0.9931507110595703,300,1
S/S977.jpg,S,S,0.9930421113967896,300,1
S/S979.jpg,S,S,0.9930741786956787,300,1
S/S995.jpg,S,S,0.9931721687316895,300,1
S/S997.jpg,S,S,0.9931930899620056,300,1
T/T10.jpg,T,T,0.9929302334785461,300,1
T/T1004.jpg,T,T,0.9931064248085022,300,1
T/T1006.jpg,T,T,0.9931821227073669,300,1
T/T1009.jpg,T,T,0.9931501746177673,300,1
T/T1012.jpg,T,T,0.9931440353393555,300,1
T/T1015.jpg,T,T,0.993107259273529,300,1
T/T1017.jpg,T,T,0.9930791258811951,300,1
T/T1023.jpg,T,T,0.9931285381317139,300,1
T/T1025.jpg,T,T,0.9931641221046448,300,1
T/T1033.jpg,T,T,0.9930936098098755,300,1
T/T1038.jpg,T,T,0.9931600093841553,300,1
T/T1039.jpg,T,T,0.9932223558425903,300,1
T/T104.jpg,T,T,0.9926825165748596,300,1
T/T1043.jpg,T,T,0.9931983351707458,300,1
T/T1044.jpg,T,T,0.9931942224502563,300,1
T/T1049.jpg,T,T,0.9931888580322266,300,1
T/T1055.jpg,T,T,0.9932177662849426,300,1
T/T1066.jpg,T,T,0.9932374954223633,300,1
T/T1067.jpg,T,T,0.9932142496109009,300,1
T/T1075.jpg,T,T,0.9932271838188171,300,1
T/T1078.jpg,T,T,0.993302583694458,300,1
T/T1082.jpg,T,T,0.9933308959007263,300,1
T/T1089.jpg,T,T,0.9933134913444519,300,1
T/T1090.jpg,T,T,0.993289053440094,300,1
T/T1092.jpg,T,T,0.9932906627655029,300,1
T/T1094.jpg,T,T,0.9931522607803345,300,1
T/T1096.jpg,T,T,0.9931257963180542,300,1
T/T1116.jpg,T,T,0.992905855178833,300,1
T/T1127.jpg,T,T,0.9929283261299133,300,1
T/T1128.jpg,T,T,0.9929606318473816,300,1
T/T1129.jpg,T,T,0.9929701685905457,300,1
T/T1132.jpg,T,T,0.993028461933136,300,1
T/T1133.jpg,T,T,0.9931008815765381,300,1
T/T1135.jpg,T,T,0.9930874705314636,300,1
T/T1139.jpg,T,T,0.9931313395500183,300,1
T/T1142.jpg,T,T,0.9931704998016357,300,1
T/T1145.jpg,T,T,0.9932001233100891,300,1
T/T1151.jpg,T,T,0.9931765198707581,300,1
T/T1158.jpg,T,T,0.9932093024253845,300,1
T/T116.jpg,T,T,0.9927034378051758,300,1
T/T1176.jpg,T,T,0.9932975172996521,300,1
T/T1180.jpg,T,T,0.9932323694229126,300,1
T/T1196.jpg,T,T,0.9932193160057068,300,1
T/T12.jpg,T,T,0.9929776787757874,300,1
T/T1201.jpg,T,T,0.9932970404624939,300,1
T/T1205.jpg,T,T,0.9932340979576111,300,1
T/T1209.jpg,T,T,0.9932265877723694,300,1
T/T121.jpg,T,T,0.9927287101745605,300,1
T/T1210.jpg,T,T,0.9932745695114136,300,1
T/T1214.jpg,T,T,0.993188738822937,300,1
T/T1217.jpg,T,T,0.9932443499565125,300,1
T/T122.jpg,T,T,0.9926857948303223,300,1
T/T1223.jpg,T,T,0.9931923747062683,300,1
T/T1232.jpg,T,T,0.9931706190109253,300,1
T/T1239.jpg,T,T,0.9931815266609192,300,1
T/T1243.jpg,T,T,0.9932118654251099,300,1
T/T1253.jpg,T,T,0.9931644797325134,300,1
T/T1271.jpg,T,T,0.9932529330253601,300,1
T/T1274.jpg,T,T,0.9931635856628418,300,1
T/T1276.jpg,T,T,0.9931600093841553,300,1
T/T1277.jpg,T,T,0.9931564927101135,300,1
T/T1295.jpg,T,T,0.9932244420051575,300,1
T/T1296.jpg,T,T,0.9931780099868774,300,1
T/T1299.jpg,T,T,0.9930771589279175,300,1
T/T1304.jpg,T,T,0.9931119680404663,300,1
T/T1306.jpg,T,T,0.9930621981620789,300,1
T/T1308.jpg,T,T,0.9930717349052429,300,1
T/T1310.jpg,T,T,0.993037760257721,300,1
T/T1312.jpg,T,T,0.9930863976478577,300,1
T/T1315.jpg,T,T,0.9929935336112976,300,1
T/T1316.jpg,T,T,0.9929895401000977,300,1
T/T1325.jpg,T,T,0.9930504560470581,300,1
T/T133.jpg,T,T,0.9926369190216064,300,1
T/T1330.jpg,T,T,0.9930180311203003,300,1
T/T1333.jpg,T,T,0.9929566383361816,300,1
T/T1334.jpg,T,T,0.9930289387702942,300,1
T/T1337.jpg,T,T,0.9929403066635132,300,1
T/T1345.jpg,T,T,0.9930520057678223,300,1
T/T1349.jpg,T,T,0.9930291771888733,300,1
T/T135.jpg,T,T,0.9926891922950745,300,1
T/T1353.jpg,T,T,0.9929794669151306,300,1
T/T136.jpg,T,T,0.9927350282669067,300,1
T/T1362.jpg,T,T,0.9929768443107605,300,1
T/T1363.jpg,T,T,0.9929198622703552,300,1
T/T1376.jpg,T,T,0.9929898977279663,300,1
T/T1379.jpg,T,T,0.9930100440979004,300,1
T/T138.jpg,T,T,0.9927098751068115,300,1
T/T1388.jpg,T,T,0.9929110407829285,300,1
T/T1390.jpg,T,T,0.9930208325386047,300,1
T/T1393.jpg,T,T,0.9929561614990234,300,1
T/T1395.jpg,T,T,0.9929195046424866,300,1
T/T1399.jpg,T,T,0.9929125905036926,300,1
T/T14.jpg,T,T,0.9929395914077759,300,1
T/T140.jpg,T,T,0.9926849603652954,300,1
T/T1412.jpg,T,T,0.992915153503418,300,1
T/T1415.jpg,T,T,0.9929131865501404,300,1
T/T1418.jpg,T,T,0.9928116202354431,300,1
T/T142.jpg,T,T,0.9926982522010803,300,1
T/T143.jpg,T,T,0.9927166104316711,300,1
T/T1440.jpg,T,T,0.9930455088615417,300,1
T/T1445.jpg,T,T,0.9929248094558716,300,1
T/T1447.jpg,T,T,0.9929429888725281,300,1
T/T1448.jpg,T,T,0.9929391145706177,300,1
T/T1455.jpg,T,T,0.9928263425827026,300,1
T/T1456.jpg,T,T,0.9928464293479919,300,1
T/T1457.jpg,T,T,0.9928594827651978,300,1
T/T1465.jpg,T,T,0.9928852915763855,300,1
T/T1469.jpg,T,T,0.9928029179573059,300,1
T/T1480.jpg,T,T,0.9928760528564453,300,1
T/T1482.jpg,T,T,0.9928880333900452,300,1
T/T1485.jpg,T,T,0.9929792284965515,300,1
T/T1486.jpg,T,T,0.9929528832435608,300,1
T/T1490.jpg,T,T,0.9930544495582581,300,1
T/T1492.jpg,T,T,0.9930070638656616,300,1
T/T1495.jpg,T,T,0.9930434226989746,300,1
T/T1498.jpg,T,T,0.9930158853530884,300,1
T/T1501.jpg,T,T,0.9929163455963135,300,1
T/T1507.jpg,T,T,0.9929986000061035,300,1
T/T1509.jpg,T,T,0.9930230379104614,300,1
T/T151.jpg,T,T,0.9927654266357422,300,1
T/T1517.jpg,T,T,0.9931148886680603,300,1
T/T1518.jpg,T,T,0.9929990768432617,300,1
T/T1519.jpg,T,T,0.993043065071106,300,1
T/T1521.jpg,T,T,0.9929607510566711,300,1
T/T1522.jpg,T,T,0.9929960370063782,300,1
T/T1524.jpg,T,T,0.9930959343910217,300,1
T/T153.jpg,T,T,0.992800235748291,300,1
T/T1535.jpg,T,T,0.9930155277252197,300,1
T/T154.jpg,T,T,0.992724597454071,300,1
T/T1542.jpg,T,T,0.9929994344711304,300,1
T/T1548.jpg,T,T,0.9929376244544983,300,1
T/T155.jpg,T,T,0.9927614331245422,300,1
T/T1551.jpg,T,T,0.9930283427238464,300,1
T/T1552.jpg,T,T,0.993019163608551,300,1
T/T1553.jpg,T,T,0.9930627942085266,300,1
T/T1555.jpg,T,T,0.9929672479629517,300,1
T/T1556.jpg,T,T,0.9929034113883972,300,1
T/T1557.jpg,T,T,0.9929720759391785,300,1
T/T1559.jpg,T,T,0.9929789900779724,300,1
T/T1561.jpg,T,T,0.9930709004402161,300,1
T/T1564.jpg,T,T,0.992929995059967,300,1
T/T157.jpg,T,T,0.9927749633789062,300,1
T/T1570.jpg,T,T,0.9929144382476807,300,1
T/T1579.jpg,T,T,0.992923378944397,300,1
T/T1582.jpg,T,T,0.9930445551872253,300,1
T/T1585.jpg,T,T,0.9929185509681702,300,1
T/T1597.jpg,T,T,0.9929860234260559,300,1
T/T1598.jpg,T,T,0.9929646253585815,300,1
T/T1606.jpg,T,T,0.9929972290992737,300,1
T/T1612.jpg,T,T,0.9929760694503784,300,1
T/T1613.jpg,T,T,0.9930174350738525,300,1
T/T1614.jpg,T,T,0.992965579032898,300,1
T/T1617.jpg,T,T,0.9929630160331726,300,1
T/T1618.jpg,T,T,0.9930078983306885,300,1
T/T162.jpg,T,T,0.9926307201385498,300,1
T/T1632.jpg,T,T,0.9929264187812805,300,1
T/T1633.jpg,T,T,0.9929478168487549,300,1
T/T1636.jpg,T,T,0.993035614490509,300,1
T/T1638.jpg,T,T,0.9930566549301147,300,1
T/T1659.jpg,T,T,0.9932188391685486,300,1
T/T1666.jpg,T,T,0.993118405342102,300,1
T/T1672.jpg,T,T,0.9931301474571228,300,1
T/T1674.jpg,T,T,0.9931064248085022,300,1
T/T1676.jpg,T,T,0.9931060671806335,300,1
T/T1678.jpg,T,T,0.9931704998016357,300,1
T/T1679.jpg,T,T,0.9931799173355103,300,1
T/T1682.jpg,T,T,0.9932007193565369,300,1
T/T1683.jpg,T,T,0.993122398853302,300,1
T/T1684.jpg,T,T,0.9931398034095764,300,1
T/T1688.jpg,T,T,0.9931169748306274,300,1
T/T1692.jpg,T,T,0.9931938052177429,300,1
T/T1693.jpg,T,T,0.9932034015655518,300,1
T/T1702.jpg,T,T,0.9931273460388184,300,1
T/T1719.jpg,T,T,0.9932199716567993,300,1
T/T1736.jpg,T,T,0.993177056312561,300,1
T/T1737.jpg,T,T,0.9931725859642029,300,1
T/T174.jpg,T,T,0.9926819205284119,300,1
T/T1745.jpg,T,T,0.9931932091712952,300,1
T/T1746.jpg,T,T,0.9932389259338379,300,1
T/T1755.jpg,T,T,0.9931579232215881,300,1
T/T1758.jpg,T,T,0.9932290315628052,300,1
T/T1759.jpg,T,T,0.9932112097740173,300,1
T/T176.jpg,T,T,0.9926424622535706,300,1
T/T1761.jpg,T,T,0.9931642413139343,300,1
T/T1766.jpg,T,T,0.9932321310043335,300,1
T/T1768.jpg,T,T,0.993150532245636,300,1
T/T1779.jpg,T,T,0.9931053519248962,300,1
T/T1784.jpg,T,T,0.9931110143661499,300,1
T/T1796.jpg,T,T,0.9932430386543274,300,1
T/T180.jpg,T,T,0.9927126169204712,300,1
T/T1801.jpg,T,T,0.9932045936584473,300,1
T/T1803.jpg,T,T,0.9931356906890869,300,1
T/T1805.jpg,T,T,0.9931544065475464,300,1
T/T1812.jpg,T,T,0.9931815266609192,300,1
T/T1815.jpg,T,T,0.993213415145874,300,1
T/T1818.jpg,T,T,0.9932392835617065,300,1
T/T1826.jpg,T,T,0.9931897521018982,300,1
T/T1827.jpg,T,T,0.9932407140731812,300,1
T/T1828.jpg,T,T,0.9932782053947449,300,1
T/T1833.jpg,T,T,0.9932523369789124,300,1
T/T1838.jpg,T,T,0.9932035207748413,300,1
T/T1839.jpg,T,T,0.9931668639183044,300,1
T/T1840.jpg,T,T,0.9931870698928833,300,1
T/T1845.jpg,T,T,0.9931696653366089,300,1
T/T1846.jpg,T,T,0.9932124614715576,300,1
T/T1850.jpg,T,T,0.9930874705314636,300,1
T/T1856.jpg,T,T,0.9931058287620544,300,1
T/T1860.jpg,T,T,0.9931464791297913,300,1
T/T1864.jpg,T,T,0.9931446313858032,300,1
T/T187.jpg,T,T,0.9927090406417847,300,1
T/T1873.jpg,T,T,0.9930994510650635,300,1
T/T1874.jpg,T,T,0.9931694269180298,300,1
T/T188.jpg,T,T,0.9927102327346802,300,1
T/T189.jpg,T,T,0.9927768707275391,300,1
T/T1897.jpg,T,T,0.9930932521820068,300,1
T/T191.jpg,T,T,0.9927474856376648,300,1
T/T1919.jpg,T,T,0.9931386113166809,300,1
T/T1921.jpg,T,T,0.993229866027832,300,1
T/T1924.jpg,T,T,0.9931910634040833,300,1
T/T1928.jpg,T,T,0.9932643175125122,300,1
T/T1930.jpg,T,T,0.9932548403739929,300,1
T/T1933.jpg,T,T,0.9932637214660645,300,1
T/T1937.jpg,T,T,0.9933643341064453,300,1
T/T1945.jpg,T,T,0.9933574795722961,300,1
T/T1947.jpg,T,T,0.9933292865753174,300,1
T/T1950.jpg,T,T,0.9931893348693848,300,1
T/T1952.jpg,T,T,0.9931187629699707,300,1
T/T1956.jpg,T,T,0.9931129813194275,300,1
T/T196.jpg,T,T,0.9927523136138916,300,1
T/T1962.jpg,T,T,0.99320387840271,300,1
T/T197.jpg,T,T,0.9927696585655212,300,1
T/T198.jpg,T,T,0.9928352236747742,300,1
T/T1981.jpg,T,T,0.9931079149246216,300,1
T/T1986.jpg,T,T,0.9932061433792114,300,1
T/T199.jpg,T,T,0.9927573204040527,300,1
T/T1992.jpg,T,T,0.9931396842002869,300,1
T/T1994.jpg,T,T,0.9931240677833557,300,1
T/T2000.jpg,T,T,0.9930164813995361,300,1
T/T2002.jpg,T,T,0.9929491281509399,300,1
T/T2007.jpg,T,T,0.9929927587509155,300,1
T/T2010.jpg,T,T,0.99299156665802,300,1
T/T2016.jpg,T,T,0.9929773211479187,300,1
T/T202.jpg,T,T,0.9927977919578552,300,1
T/T2037.jpg,T,T,0.9929969906806946,300,1
T/T204.jpg,T,T,0.9927524328231812,300,1
T/T2052.jpg,T,T,0.9929717183113098,300,1
T/T2059.jpg,T,T,0.992938220500946,300,1
T/T2062.jpg,T,T,0.9928553700447083,300,1
T/T2063.jpg,T,T,0.9928081035614014,300,1
T/T2064.jpg,T,T,0.9928695559501648,300,1
T/T2069.jpg,T,T,0.9926987290382385,300,1
T/T2075.jpg,T,T,0.9928332567214966,300,1
T/T2078.jpg,T,T,0.9929689764976501,300,1
T/T2079.jpg,T,T,0.9929460883140564,300,1
T/T2092.jpg,T,T,0.9929065704345703,300,1
T/T2093.jpg,T,T,0.9928829669952393,300,1
T/T2094.jpg,T,T,0.9928581714630127,300,1
T/T21.jpg,T,T,0.9928519129753113,300,1
T/T210.jpg,T,T,0.9929252862930298,300,1
T/T2103.jpg,T,T,0.9927369952201843,300,1
T/T2105.jpg,T,T,0.9927195310592651,300,1
T/T2111.jpg,T,T,0.9927559494972229,300,1
T/T2112.jpg,T,T,0.9927716851234436,300,1
T/T2114.jpg,T,T,0.9927269220352173,300,1
T/T2115.jpg,T,T,0.992797315120697,300,1
T/T2122.jpg,T,T,0.9927539229393005,300,1
T/T2124.jpg,T,T,0.9927980303764343,300,1
T/T2128.jpg,T,T,0.992852509021759,300,1
T/T2131.jpg,T,T,0.9928858876228333,300,1
T/T2132.jpg,T,T,0.9930128455162048,300,1
T/T2138.jpg,T,T,0.992957353591919,300,1
T/T2140.jpg,T,T,0.9930567741394043,300,1
T/T215.jpg,T,T,0.9928960204124451,300,1
T/T2151.jpg,T,T,0.9929359555244446,300,1
T/T2153.jpg,T,T,0.9929443001747131,300,1
T/T2156.jpg,T,T,0.9929640293121338,300,1
T/T2159.jpg,T,T,0.993003785610199,300,1
T/T2164.jpg,T,T,0.9930064678192139,300,1
T/T2168.jpg,T,T,0.9930322170257568,300,1
T/T2170.jpg,T,T,0.9930229187011719,300,1
T/T2172.jpg,T,T,0.9930219054222107,300,1
T/T2185.jpg,T,T,0.9929724931716919,300,1
T/T2186.jpg,T,T,0.9929547905921936,300,1
T/T2187.jpg,T,T,0.992980420589447,300,1
T/T2191.jpg,T,T,0.9930353164672852,300,1
T/T2193.jpg,T,T,0.992987334728241,300,1
T/T2199.jpg,T,T,0.9930257797241211,300,1
T/T2207.jpg,T,T,0.993129312992096,300,1
T/T2215.jpg,T,T,0.9930930137634277,300,1
T/T2216.jpg,T,T,0.9930382370948792,300,1
T/T2225.jpg,T,T,0.9929383397102356,300,1
T/T2229.jpg,T,T,0.9930052161216736,300,1
T/T2232.jpg,T,T,0.9929389953613281,300,1
T/T2236.jpg,T,T,0.9929034113883972,300,1
T/T2240.jpg,T,T,0.9929285645484924,300,1
T/T2248.jpg,T,T,0.9928635954856873,300,1
T/T2269.jpg,T,T,0.9927915334701538,300,1
T/T227.jpg,T,T,0.992782473564148,300,1
T/T2270.jpg,T,T,0.9927916526794434,300,1
T/T2277.jpg,T,T,0.9927914142608643,300,1
T/T2281.jpg,T,T,0.9927269220352173,300,1
T/T2284.jpg,T,T,0.9927307963371277,300,1
T/T2285.jpg,T,T,0.9927803874015808,300,1
T/T2287.jpg,T,T,0.9927952885627747,300,1
T/T229.jpg,T,T,0.9928472638130188,300,1
T/T2290.jpg,T,T,0.9928109049797058,300,1
T/T2293.jpg,T,T,0.9928386807441711,300,1
T/T2296.jpg,T,T,0.9926347136497498,300,1
T/T2299.jpg,T,T,0.9926601052284241,300,1
T/T230.jpg,T,T,0.992819607257843,300,1
T/T231.jpg,T,T,0.9928275942802429,300,1
T/T2312.jpg,T,T,0.9928433299064636,300,1
T/T2318.jpg,T,T,0.992879331111908,300,1
T/T2324.jpg,T,T,0.992906928062439,300,1
T/T2331.jpg,T,T,0.9929081201553345,300,1
T/T2332.jpg,T,T,0.9930315017700195,300,1
T/T2336.jpg,T,T,0.9930296540260315,300,1
T/T2338.jpg,T,T,0.9928885102272034,300,1
T/T2341.jpg,T,T,0.9928897619247437,300,1
T/T2355.jpg,T,T,0.9928311109542847,300,1
T/T2366.jpg,T,T,0.9925035238265991,300,1
T/T2367.jpg,T,T,0.9924740195274353,300,1
T/T2375.jpg,T,T,0.9926474094390869,300,1
T/T2379.jpg,T,T,0.9927774667739868,300,1
T/T2381.jpg,T,T,0.9928863644599915,300,1
T/T2389.jpg,T,T,0.9929383397102356,300,1
T/T2390.jpg,T,T,0.9929700493812561,300,1
T/T2398.jpg,T,T,0.9929103255271912,300,1
T/T241.jpg,T,T,0.9926934242248535,300,1
T/T2411.jpg,T,T,0.9929344654083252,300,1
T/T2414.jpg,T,T,0.9928668737411499,300,1
T/T2421.jpg,T,T,0.9929323196411133,300,1
T/T2433.jpg,T,T,0.9929076433181763,300,1
T/T2435.jpg,T,T,0.9929319620132446,300,1
T/T2440.jpg,T,T,0.9929347634315491,300,1
T/T2441.jpg,T,T,0.9929243326187134,300,1
T/T2442.jpg,T,T,0.9929793477058411,300,1
T/T2443.jpg,T,T,0.9929781556129456,300,1
T/T2448.jpg,T,T,0.9929502010345459,300,1
T/T2454.jpg,T,T,0.9930158853530884,300,1
T/T2462.jpg,T,T,0.9931040406227112,300,1
T/T2473.jpg,T,T,0.9930135607719421,300,1
T/T2474.jpg,T,T,0.9930104613304138,300,1
T/T2476.jpg,T,T,0.9929866194725037,300,1
T/T248.jpg,T,T,0.992771565914154,300,1
T/T2482.jpg,T,T,0.9929971098899841,300,1
T/T2484.jpg,T,T,0.9929803013801575,300,1
T/T2487.jpg,T,T,0.9930726885795593,300,1
T/T2497.jpg,T,T,0.9929360747337341,300,1
T/T2498.jpg,T,T,0.9929231405258179,300,1
T/T2499.jpg,T,T,0.9929268956184387,300,1
T/T2502.jpg,T,T,0.9928129315376282,300,1
T/T2503.jpg,T,T,0.9928393363952637,300,1
T/T251.jpg,T,T,0.9926801919937134,300,1
T/T2511.jpg,T,T,0.9927740097045898,300,1
T/T2514.jpg,T,T,0.9928338527679443,300,1
T/T2515.jpg,T,T,0.9928556680679321,300,1
T/T2517.jpg,T,T,0.992841362953186,300,1
T/T2522.jpg,T,T,0.9928057789802551,300,1
T/T2533.jpg,T,T,0.992745578289032,300,1
T/T2542.jpg,T,T,0.9928043484687805,300,1
T/T2549.jpg,T,T,0.9928368926048279,300,1
T/T2552.jpg,T,T,0.9928186535835266,300,1
T/T2554.jpg,T,T,0.9928122162818909,300,1
T/T2561.jpg,T,T,0.9927759170532227,300,1
T/T2567.jpg,T,T,0.9927861094474792,300,1
T/T2571.jpg,T,T,0.9926531314849854,300,1
T/T2572.jpg,T,T,0.9927133917808533,300,1
T/T2573.jpg,T,T,0.9927167892456055,300,1
T/T2575.jpg,T,T,0.9927736520767212,300,1
T/T2577.jpg,T,T,0.9927318692207336,300,1
T/T2579.jpg,T,T,0.9927260875701904,300,1
T/T2581.jpg,T,T,0.9927214980125427,300,1
T/T2582.jpg,T,T,0.9927335977554321,300,1
T/T2596.jpg,T,T,0.9927045106887817,300,1
T/T2603.jpg,T,T,0.9927747249603271,300,1
T/T2607.jpg,T,T,0.9926987290382385,300,1
T/T261.jpg,T,T,0.9928574562072754,300,1
T/T2623.jpg,T,T,0.9926283359527588,300,1
T/T2626.jpg,T,T,0.9925559163093567,300,1
T/T2630.jpg,T,T,0.9926674962043762,300,1
T/T2632.jpg,T,T,0.9926483035087585,300,1
T/T2638.jpg,T,T,0.9926322102546692,300,1
T/T2641.jpg,T,T,0.9926595091819763,300,1
T/T2642.jpg,T,T,0.9927338361740112,300,1
T/T2643.jpg,T,T,0.9926183819770813,300,1
T/T2649.jpg,T,T,0.9927135109901428,300,1
T/T2652.jpg,T,T,0.9926959276199341,300,1
T/T2665.jpg,T,T,0.9926652312278748,300,1
T/T267.jpg,T,T,0.9928510189056396,300,1
T/T2674.jpg,T,T,0.9926393032073975,300,1
T/T2675.jpg,T,T,0.9926658272743225,300,1
T/T2676.jpg,T,T,0.9926528930664062,300,1
T/T2678.jpg,T,T,0.9926785230636597,300,1
T/T268.jpg,T,T,0.9928712248802185,300,1
T/T2683.jpg,T,T,0.9926449060440063,300,1
T/T2686.jpg,T,T,0.9926921725273132,300,1
T/T2689.jpg,T,T,0.9926683902740479,300,1
T/T2694.jpg,T,T,0.9927894473075867,300,1
T/T2695.jpg,T,T,0.9927589893341064,300,1
T/T2699.jpg,T,T,0.9927707314491272,300,1
T/T271.jpg,T,T,0.9929245710372925,300,1
T/T2711.jpg,T,T,0.9927650094032288,300,1
T/T2717.jpg,T,T,0.9927768707275391,300,1
T/T2719.jpg,T,T,0.9927069544792175,300,1
T/T272.jpg,T,T,0.9929372668266296,300,1
T/T2720.jpg,T,T,0.9927494525909424,300,1
T/T2721.jpg,T,T,0.992683470249176,300,1
T/T2726.jpg,T,T,0.9926700592041016,300,1
T/T273.jpg,T,T,0.9928881525993347,300,1
T/T2731.jpg,T,T,0.9927797913551331,300,1
T/T2735.jpg,T,T,0.9927329421043396,300,1
T/T2741.jpg,T,T,0.9927324652671814,300,1
T/T2742.jpg,T,T,0.992729127407074,300,1
T/T275.jpg,T,T,0.992874264717102,300,1
T/T2764.jpg,T,T,0.992742657661438,300,1
T/T2778.jpg,T,T,0.992798924446106,300,1
T/T2779.jpg,T,T,0.9927911758422852,300,1
T/T2781.jpg,T,T,0.992771327495575,300,1
T/T2785.jpg,T,T,0.9927928447723389,300,1
T/T2806.jpg,T,T,0.9928693175315857,300,1
T/T2807.jpg,T,T,0.9928285479545593,300,1
T/T2821.jpg,T,T,0.9927933216094971,300,1
T/T2822.jpg,T,T,0.992767333984375,300,1
T/T2824.jpg,T,T,0.9927263259887695,300,1
T/T2826.jpg,T,T,0.9927641749382019,300,1
T/T2838.jpg,T,T,0.992770254611969,300,1
T/T2839.jpg,T,T,0.9927595853805542,300,1
T/T2842.jpg,T,T,0.9927780032157898,300,1
T/T2846.jpg,T,T,0.9928083419799805,300,1
T/T2848.jpg,T,T,0.992771327495575,300,1
T/T285.jpg,T,T,0.9928387999534607,300,1
T/T2850.jpg,T,T,0.9927933216094971,300,1
T/T2851.jpg,T,T,0.9926872253417969,300,1
T/T2856.jpg,T,T,0.9927385449409485,300,1
T/T2858.jpg,T,T,0.9927225708961487,300,1
T/T2866.jpg,T,T,0.9926371574401855,300,1
T/T2875.jpg,T,T,0.9927120208740234,300,1
T/T2876.jpg,T,T,0.992652416229248,300,1
T/T2880.jpg,T,T,0.9927173852920532,300,1
T/T2894.jpg,T,T,0.9927531480789185,300,1
T/T2896.jpg,T,T,0.992796003818512,300,1
T/T2905.jpg,T,T,0.9927526712417603,300,1
T/T2907.jpg,T,T,0.9927847385406494,300,1
T/T2908.jpg,T,T,0.9927749633789062,300,1
T/T2911.jpg,T,T,0.9927924871444702,300,1
T/T2913.jpg,T,T,0.9928134083747864,300,1
T/T2917.jpg,T,T,0.9927828311920166,300,1
T/T2938.jpg,T,T,0.9928392171859741,300,1
T/T2941.jpg,T,T,0.9928534626960754,300,1
T/T2945.jpg,T,T,0.992790937423706,300,1
T/T2947.jpg,T,T,0.9928032755851746,300,1
T/T2956.jpg,T,T,0.9928003549575806,300,1
T/T2957.jpg,T,T,0.992863118648529,300,1
T/T2959.jpg,T,T,0.9928464293479919,300,1
T/T2970.jpg,T,T,0.9928568601608276,300,1
T/T2973.jpg,T,T,0.9928303360939026,300,1
T/T299.jpg,T,T,0.9928776621818542,300,1
T/T2992.jpg,T,T,0.9928426742553711,300,1
T/T3.jpg,T,T,0.9929103255271912,300,1
T/T3000.jpg,T,T,0.9928770661354065,300,1
T/T301.jpg,T,T,0.9928339719772339,300,1
T/T304.jpg,T,T,0.9928112626075745,300,1
T/T308.jpg,T,T,0.9929470419883728,300,1
T/T309.jpg,T,T,0.9929319620132446,300,1
T/T311.jpg,T,T,0.9928821325302124,300,1
T/T315.jpg,T,T,0.9929196238517761,300,1
T/T318.jpg,T,T,0.9928967356681824,300,1
T/T327.jpg,T,T,0.9928850531578064,300,1
T/T333.jpg,T,T,0.9928275942802429,300,1
T/T334.jpg,T,T,0.9928913116455078,300,1
T/T335.jpg,T,T,0.9928735494613647,300,1
T/T339.jpg,T,T,0.9928584098815918,300,1
T/T341.jpg,T,T,0.9928882718086243,300,1
T/T342.jpg,T,T,0.9928233623504639,300,1
T/T35.jpg,T,T,0.9928387999534607,300,1
T/T350.jpg,T,T,0.9928357005119324,300,1
T/T361.jpg,T,T,0.9928446412086487,300,1
T/T376.jpg,T,T,0.9929103255271912,300,1
T/T380.jpg,T,T,0.9928514957427979,300,1
T/T383.jpg,T,T,0.9928802847862244,300,1
T/T386.jpg,T,T,0.9928258657455444,300,1
T/T387.jpg,T,T,0.9928319454193115,300,1
T/T389.jpg,T,T,0.9928629994392395,300,1
T/T391.jpg,T,T,0.9928737878799438,300,1
T/T398.jpg,T,T,0.9928475618362427,300,1
T/T399.jpg,T,T,0.9928508996963501,300,1
T/T4.jpg,T,T,0.992967963218689,300,1
T/T411.jpg,T,T,0.9928606152534485,300,1
T/T414.jpg,T,T,0.9928411245346069,300,1
T/T421.jpg,T,T,0.992838442325592,300,1
T/T434.jpg,T,T,0.9926934242248535,300,1
T/T455.jpg,T,T,0.9928070306777954,300,1
T/T461.jpg,T,T,0.9927948117256165,300,1
T/T465.jpg,T,T,0.9927606582641602,300,1
T/T469.jpg,T,T,0.9927603006362915,300,1
T/T478.jpg,T,T,0.9927480816841125,300,1
T/T484.jpg,T,T,0.9927307963371277,300,1
T/T485.jpg,T,T,0.9927477240562439,300,1
T/T491.jpg,T,T,0.9927378296852112,300,1
T/T494.jpg,T,T,0.9927674531936646,300,1
T/T496.jpg,T,T,0.9927268028259277,300,1
T/T497.jpg,T,T,0.9927309155464172,300,1
T/T500.jpg,T,T,0.9926853179931641,300,1
T/T503.jpg,T,T,0.9927473664283752,300,1
T/T510.jpg,T,T,0.9926967024803162,300,1
T/T511.jpg,T,T,0.9927142262458801,300,1
T/T512.jpg,T,T,0.9927220940589905,300,1
T/T522.jpg,T,T,0.9926758408546448,300,1
T/T528.jpg,T,T,0.9927915334701538,300,1
T/T531.jpg,T,T,0.9927933216094971,300,1
T/T537.jpg,T,T,0.9927825927734375,300,1
T/T542.jpg,T,T,0.9928348064422607,300,1
T/T545.jpg,T,T,0.99290931224823,300,1
T/T549.jpg,T,T,0.9929337501525879,300,1
T/T551.jpg,T,T,0.9929070472717285,300,1
T/T553.jpg,T,T,0.9928680658340454,300,1
T/T554.jpg,T,T,0.9928390383720398,300,1
T/T557.jpg,T,T,0.9928274750709534,300,1
T/T560.jpg,T,T,0.9928935170173645,300,1
T/T561.jpg,T,T,0.9929103255271912,300,1
T/T569.jpg,T,T,0.9928968548774719,300,1
T/T572.jpg,T,T,0.9928774237632751,300,1
T/T576.jpg,T,T,0.9927445650100708,300,1
T/T577.jpg,T,T,0.9927927255630493,300,1
T/T578.jpg,T,T,0.9927294850349426,300,1
T/T583.jpg,T,T,0.992742657661438,300,1
T/T588.jpg,T,T,0.9928024411201477,300,1
T/T596.jpg,T,T,0.9927889704704285,300,1
T/T6.jpg,T,T,0.9929578304290771,300,1
T/T607.jpg,T,T,0.9927942156791687,300,1
T/T613.jpg,T,T,0.9928396940231323,300,1
T/T617.jpg,T,T,0.9929108023643494,300,1
T/T619.jpg,T,T,0.9928950667381287,300,1
T/T624.jpg,T,T,0.9928532242774963,300,1
T/T636.jpg,T,T,0.9929080009460449,300,1
T/T641.jpg,T,T,0.9928575754165649,300,1
T/T644.jpg,T,T,0.9928907155990601,300,1
T/T649.jpg,T,T,0.9928805828094482,300,1
T/T653.jpg,T,T,0.9929178357124329,300,1
T/T654.jpg,T,T,0.9928796887397766,300,1
T/T66.jpg,T,T,0.9926717281341553,300,1
T/T668.jpg,T,T,0.992956280708313,300,1
T/T671.jpg,T,T,0.9929840564727783,300,1
T/T676.jpg,T,T,0.992927610874176,300,1
T/T698.jpg,T,T,0.9928931593894958,300,1
T/T699.jpg,T,T,0.9929772019386292,300,1
T/T707.jpg,T,T,0.9929423332214355,300,1
T/T711.jpg,T,T,0.9929273724555969,300,1
T/T720.jpg,T,T,0.9929497241973877,300,1
T/T721.jpg,T,T,0.9929078817367554,300,1
T/T730.jpg,T,T,0.9928876757621765,300,1
T/T736.jpg,T,T,0.9928922653198242,300,1
T/T739.jpg,T,T,0.9928719401359558,300,1
T/T74.jpg,T,T,0.9926982522010803,300,1
T/T743.jpg,T,T,0.9928361773490906,300,1
T/T744.jpg,T,T,0.9928902387619019,300,1
T/T747.jpg,T,T,0.9927884936332703,300,1
T/T748.jpg,T,T,0.9928286671638489,300,1
T/T749.jpg,T,T,0.9928069114685059,300,1
T/T754.jpg,T,T,0.992883563041687,300,1
T/T76.jpg,T,T,0.9926787614822388,300,1
T/T763.jpg,T,T,0.9927932024002075,300,1
T/T77.jpg,T,T,0.9927404522895813,300,1
T/T772.jpg,T,T,0.9927999973297119,300,1
T/T773.jpg,T,T,0.9927904605865479,300,1
T/T778.jpg,T,T,0.99276202917099,300,1
T/T779.jpg,T,T,0.9927811026573181,300,1
T/T78.jpg,T,T,0.9926943778991699,300,1
T/T783.jpg,T,T,0.9927967190742493,300,1
T/T796.jpg,T,T,0.9929051995277405,300,1
T/T808.jpg,T,T,0.992865800857544,300,1
T/T826.jpg,T,T,0.9928097724914551,300,1
T/T827.jpg,T,T,0.9928053021430969,300,1
T/T837.jpg,T,T,0.9928642511367798,300,1
T/T848.jpg,T,T,0.9929001331329346,300,1
T/T859.jpg,T,T,0.9929426908493042,300,1
T/T863.jpg,T,T,0.992956280708313,300,1
T/T867.jpg,T,T,0.9930359721183777,300,1
T/T878.jpg,T,T,0.9928779006004333,300,1
T/T883.jpg,T,T,0.9928011894226074,300,1
T/T886.jpg,T,T,0.9927170276641846,300,1
T/T887.jpg,T,T,0.9926996827125549,300,1
T/T891.jpg,T,T,0.9926937818527222,300,1
T/T899.jpg,T,T,0.9927682876586914,300,1
T/T902.jpg,T,T,0.9928440451622009,300,1
T/T903.jpg,T,T,0.9928227663040161,300,1
T/T919.jpg,T,T,0.9927446842193604,300,1
T/T933.jpg,T,T,0.9927076697349548,300,1
T/T934.jpg,T,T,0.992749035358429,300,1
T/T939.jpg,T,T,0.9927654266357422,300,1
T/T945.jpg,T,T,0.9928653240203857,300,1
T/T946.jpg,T,T,0.9928116202354431,300,1
T/T948.jpg,T,T,0.9927667379379272,300,1
T/T958.jpg,T,T,0.9927794337272644,300,1
T/T959.jpg,T,T,0.9927099943161011,300,1
T/T966.jpg,T,T,0.992719292640686,300,1
T/T967.jpg,T,T,0.9927756786346436,300,1
T/T974.jpg,T,T,0.9927307963371277,300,1
T/T977.jpg,T,T,0.9927782416343689,300,1
U/U1000.jpg,U,U,0.9926514029502869,300,1
U/U1004.jpg,U,U,0.992749810218811,300,1
U/U1006.jpg,U,U,0.9927214980125427,300,1
U/U101.jpg,U,U,0.9923491477966309,300,1
U/U1012.jpg,U,U,0.9926877021789551,300,1
U/U1019.jpg,U,U,0.9927223324775696,300,1
U/U103.jpg,U,U,0.992356538772583,300,1
U/U1034.jpg,U,U,0.992820680141449,300,1
U/U1042.jpg,U,U,0.9928586483001709,300,1
U/U1049.jpg,U,U,0.9926942586898804,300,1
U/U105.jpg,U,U,0.9923264980316162,300,1
U/U1051.jpg,U,U,0.9927805066108704,300,1
U/U1052.jpg,U,U,0.9928432703018188,300,1
U/U1058.jpg,U,U,0.9926527738571167,300,1
U/U1065.jpg,U,U,0.9926480054855347,300,1
U/U1068.jpg,U,U,0.9927442073822021,300,1
U/U1071.jpg,U,U,0.9927472472190857,300,1
U/U1072.jpg,U,U,0.9928451180458069,300,1
U/U1073.jpg,U,U,0.9928454756736755,300,1
U/U1075.jpg,U,U,0.9928156137466431,300,1
U/U1077.jpg,U,U,0.9928616881370544,300,1
U/U1080.jpg,U,U,0.9928809404373169,300,1
U/U1087.jpg,U,U,0.9926976561546326,300,1
U/U1089.jpg,U,U,0.9927453398704529,300,1
U/U109.jpg,U,U,0.9924687743186951,300,1
U/U1092.jpg,U,U,0.9926964044570923,300,1
U/U1099.jpg,U,U,0.9927398562431335,300,1
U/U1102.jpg,U,U,0.9926788806915283,300,1
U/U1116.jpg,U,U,0.992771327495575,300,1
U/U112.jpg,U,U,0.992360532283783,300,1
U/U1125.jpg,U,U,0.9927478432655334,300,1
U/U1126.jpg,U,U,0.9927869439125061,300,1
U/U1128.jpg,U,U,0.992712676525116,300,1
U/U114.jpg,U,U,0.9924790859222412,300,1
U/U1144.jpg,U,U,0.9925476908683777,300,1
U/U1152.jpg,U,U,0.9924997687339783,300,1
U/U1156.jpg,U,U,0.9925487041473389,300,1
U/U1158.jpg,U,U,0.9926436543464661,300,1
U/U116.jpg,U,U,0.9924814701080322,300,1
U/U1160.jpg,U,U,0.9926785230636597,300,1
U/U1165.jpg,U,U,0.9927610158920288,300,1
U/U1170.jpg,U,U,0.9927791953086853,300,1
U/U1175.jpg,U,U,0.992693305015564,300,1
U/U1179.jpg,U,U,0.9926388263702393,300,1
U/U1183.jpg,U,U,0.9926182627677917,300,1
U/U1186.jpg,U,U,0.9926614761352539,300,1
U/U1192.jpg,U,U,0.9926148653030396,300,1
U/U1194.jpg,U,U,0.9926890730857849,300,1
U/U1196.jpg,U,U,0.9926723837852478,300,1
U/U1199.jpg,U,U,0.9927399754524231,300,1
U/U1204.jpg,U,U,0.9927051663398743,300,1
U/U122.jpg,U,U,0.9923596978187561,300,1
U/U1223.jpg,U,U,0.9926726222038269,300,1
U/U123.jpg,U,U,0.9923135638237,300,1
U/U1233.jpg,U,U,0.9927178621292114,300,1
U/U1239.jpg,U,U,0.9926921725273132,300,1
U/U1243.jpg,U,U,0.9926570057868958,300,1
U/U1258.jpg,U,U,0.9925509691238403,300,1
U/U126.jpg,U,U,0.9922490119934082,300,1
U/U1261.jpg,U,U,0.9926393032073975,300,1
U/U1269.jpg,U,U,0.9925306439399719,300,1
U/U1272.jpg,U,U,0.9926667809486389,300,1
U/U1273.jpg,U,U,0.9926521182060242,300,1
U/U1274.jpg,U,U,0.9926443099975586,300,1
U/U1276.jpg,U,U,0.9927061200141907,300,1
U/U1279.jpg,U,U,0.9926354289054871,300,1
U/U1280.jpg,U,U,0.9926652312278748,300,1
U/U1288.jpg,U,U,0.9927853345870972,300,1
U/U1290.jpg,U,U,0.9927870631217957,300,1
U/U1296.jpg,U,U,0.9926809668540955,300,1
U/U1300.jpg,U,U,0.9925656318664551,300,1
U/U1308.jpg,U,U,0.9926928281784058,300,1
U/U1313.jpg,U,U,0.9926854372024536,300,1
U/U132.jpg,U,U,0.9923155307769775,300,1
U/U1338.jpg,U,U,0.9928178787231445,300,1
U/U1342.jpg,U,U,0.9927214980125427,300,1
U/U1345.jpg,U,U,0.9927170276641846,300,1
U/U1348.jpg,U,U,0.9926819205284119,300,1
U/U1355.jpg,U,U,0.9925826787948608,300,1
U/U1357.jpg,U,U,0.9925917387008667,300,1
U/U1360.jpg,U,U,0.9926073551177979,300,1
U/U1362.jpg,U,U,0.9925853610038757,300,1
U/U1373.jpg,U,U,0.9927104711532593,300,1
U/U1377.jpg,U,U,0.9927788376808167,300,1
U/U1379.jpg,U,U,0.992805540561676,300,1
U/U1384.jpg,U,U,0.9928194880485535,300,1
U/U1386.jpg,U,U,0.9928119778633118,300,1
U/U1389.jpg,U,U,0.9927962422370911,300,1
U/U1393.jpg,U,U,0.9927853345870972,300,1
U/U1398.jpg,U,U,0.9927629828453064,300,1
U/U1403.jpg,U,U,0.9927122592926025,300,1
U/U1405.jpg,U,U,0.9926285743713379,300,1
U/U1406.jpg,U,U,0.9927152991294861,300,1
U/U1408.jpg,U,U,0.9927143454551697,300,1
U/U1409.jpg,U,U,0.9927101135253906,300,1
U/U142.jpg,U,U,0.9925059676170349,300,1
U/U1421.jpg,U,U,0.9926620721817017,300,1
U/U1430.jpg,U,U,0.9928160905838013,300,1
U/U144.jpg,U,U,0.9924750924110413,300,1
U/U1447.jpg,U,U,0.992717981338501,300,1
U/U1452.jpg,U,U,0.9926801919937134,300,1
U/U1454.jpg,U,U,0.9927380681037903,300,1
U/U1456.jpg,U,U,0.9927861094474792,300,1
U/U1458.jpg,U,U,0.9927427768707275,300,1
U/U1467.jpg,U,U,0.9927385449409485,300,1
U/U1469.jpg,U,U,0.9927454590797424,300,1
U/U1476.jpg,U,U,0.9927659034729004,300,1
U/U1479.jpg,U,U,0.9927725195884705,300,1
U/U1480.jpg,U,U,0.9927124977111816,300,1
U/U1490.jpg,U,U,0.9925496578216553,300,1
U/U1496.jpg,U,U,0.9926798343658447,300,1
U/U1499.jpg,U,U,0.9925392270088196,300,1
U/U1507.jpg,U,U,0.9924208521842957,300,1
U/U1510.jpg,U,U,0.9925755262374878,300,1
U/U1511.jpg,U,U,0.992720901966095,300,1
U/U1519.jpg,U,U,0.992660403251648,300,1
U/U1520.jpg,U,U,0.992667019367218,300,1
U/U1522.jpg,U,U,0.9926477670669556,300,1
U/U1528.jpg,U,U,0.9924095869064331,300,1
U/U1529.jpg,U,U,0.9926058053970337,300,1
U/U1547.jpg,U,U,0.9927104711532593,300,1
U/U1554.jpg,U,U,0.9926504492759705,300,1
U/U1557.jpg,U,U,0.9925503730773926,300,1
U/U1558.jpg,U,U,0.9926170706748962,300,1
U/U156.jpg,U,U,0.9925231337547302,300,1
U/U1566.jpg,U,U,0.9925385117530823,300,1
U/U1568.jpg,U,U,0.9924538731575012,300,1
U/U1574.jpg,U,U,0.9923382997512817,300,1
U/U1580.jpg,U,U,0.9925140738487244,300,1
U/U1585.jpg,U,U,0.9927077889442444,300,1
U/U1588.jpg,U,U,0.9926742911338806,300,1
U/U159.jpg,U,U,0.9926221370697021,300,1
U/U1590.jpg,U,U,0.99265056848526,300,1
U/U1622.jpg,U,U,0.9926776885986328,300,1
U/U1629.jpg,U,U,0.9925536513328552,300,1
U/U1635.jpg,U,U,0.992787778377533,300,1
U/U1637.jpg,U,U,0.9927438497543335,300,1
U/U1638.jpg,U,U,0.992792010307312,300,1
U/U1639.jpg,U,U,0.992807149887085,300,1
U/U1644.jpg,U,U,0.992709755897522,300,1
U/U1645.jpg,U,U,0.9927883744239807,300,1
U/U1653.jpg,U,U,0.9927563071250916,300,1
U/U1667.jpg,U,U,0.9927340745925903,300,1
U/U1675.jpg,U,U,0.9927615523338318,300,1
U/U1676.jpg,U,U,0.9926503300666809,300,1
U/U1679.jpg,U,U,0.9927343130111694,300,1
U/U1681.jpg,U,U,0.9927293658256531,300,1
U/U1682.jpg,U,U,0.9927593469619751,300,1
U/U1687.jpg,U,U,0.9927809834480286,300,1
U/U1693.jpg,U,U,0.992720901966095,300,1
U/U1697.jpg,U,U,0.9926309585571289,300,1
U/U1704.jpg,U,U,0.9926279187202454,300,1
U/U1707.jpg,U,U,0.9925641417503357,300,1
U/U1710.jpg,U,U,0.9926168322563171,300,1
U/U1711.jpg,U,U,0.9926139116287231,300,1
U/U1713.jpg,U,U,0.9926190972328186,300,1
U/U1721.jpg,U,U,0.9926748871803284,300,1
U/U1723.jpg,U,U,0.9927593469619751,300,1
U/U1724.jpg,U,U,0.9927361011505127,300,1
U/U1730.jpg,U,U,0.9928804636001587,300,1
U/U1734.jpg,U,U,0.992804229259491,300,1
U/U1736.jpg,U,U,0.9927951693534851,300,1
U/U1738.jpg,U,U,0.9927924871444702,300,1
U/U174.jpg,U,U,0.9925088286399841,300,1
U/U1741.jpg,U,U,0.9926795959472656,300,1
U/U1742.jpg,U,U,0.9927256107330322,300,1
U/U1745.jpg,U,U,0.992745041847229,300,1
U/U1751.jpg,U,U,0.992712140083313,300,1
U/U1754.jpg,U,U,0.9926621913909912,300,1
U/U176.jpg,U,U,0.9925066828727722,300,1
U/U1761.jpg,U,U,0.9927377104759216,300,1
U/U1763.jpg,U,U,0.992759108543396,300,1
U/U1778.jpg,U,U,0.9928514957427979,300,1
U/U1780.jpg,U,U,0.9926931858062744,300,1
U/U179.jpg,U,U,0.9924873113632202,300,1
U/U1791.jpg,U,U,0.9927467703819275,300,1
U/U1799.jpg,U,U,0.992734432220459,300,1
U/U181.jpg,U,U,0.9925459027290344,300,1
U/U1816.jpg,U,U,0.9927219748497009,300,1
U/U1820.jpg,U,U,0.9927647709846497,300,1
U/U1822.jpg,U,U,0.9927202463150024,300,1
U/U1837.jpg,U,U,0.9927990436553955,300,1
U/U1840.jpg,U,U,0.9928179979324341,300,1
U/U1848.jpg,U,U,0.9926914572715759,300,1
U/U1852.jpg,U,U,0.9926300048828125,300,1
U/U1856.jpg,U,U,0.9925851225852966,300,1
U/U1858.jpg,U,U,0.9924822449684143,300,1
U/U1864.jpg,U,U,0.9925413131713867,300,1
U/U188.jpg,U,U,0.9925076365470886,300,1
U/U1889.jpg,U,U,0.9928132891654968,300,1
U/U189.jpg,U,U,0.9925169348716736,300,1
U/U1892.jpg,U,U,0.9928056597709656,300,1
U/U1896.jpg,U,U,0.9927449226379395,300,1
U/U1898.jpg,U,U,0.9926393032073975,300,1
U/U1902.jpg,U,U,0.9927104711532593,300,1
U/U1906.jpg,U,U,0.9927825927734375,300,1
U/U193.jpg,U,U,0.992598295211792,300,1
U/U1931.jpg,U,U,0.9926636219024658,300,1
U/U1938.jpg,U,U,0.9927719235420227,300,1
U/U1942.jpg,U,U,0.992734432220459,300,1
U/U1951.jpg,U,U,0.992687463760376,300,1
U/U1956.jpg,U,U,0.9925456643104553,300,1
U/U1958.jpg,U,U,0.9925199747085571,300,1
U/U1962.jpg,U,U,0.9925310015678406,300,1
U/U1973.jpg,U,U,0.9925980567932129,300,1
U/U1974.jpg,U,U,0.9925941824913025,300,1
U/U1977.jpg,U,U,0.9925569295883179,300,1
U/U1979.jpg,U,U,0.9925532937049866,300,1
U/U199.jpg,U,U,0.9926217794418335,300,1
U/U1991.jpg,U,U,0.9926837086677551,300,1
U/U1998.jpg,U,U,0.9927425384521484,300,1
U/U20.jpg,U,U,0.9924930930137634,300,1
U/U2010.jpg,U,U,0.9925628304481506,300,1
U/U2011.jpg,U,U,0.9925588369369507,300,1
U/U202.jpg,U,U,0.9925204515457153,300,1
U/U2026.jpg,U,U,0.9926568865776062,300,1
U/U2033.jpg,U,U,0.9927787184715271,300,1
U/U2036.jpg,U,U,0.9928376078605652,300,1
U/U2037.jpg,U,U,0.992825984954834,300,1
U/U2039.jpg,U,U,0.9928807020187378,300,1
U/U2040.jpg,U,U,0.9928432703018188,300,1
U/U2044.jpg,U,U,0.9928690791130066,300,1
U/U2045.jpg,U,U,0.9928747415542603,300,1
U/U2053.jpg,U,U,0.9928103685379028,300,1
U/U206.jpg,U,U,0.9925655126571655,300,1
U/U2061.jpg,U,U,0.992618978023529,300,1
U/U2064.jpg,U,U,0.9926630258560181,300,1
U/U2065.jpg,U,U,0.9926363229751587,300,1
U/U2068.jpg,U,U,0.992790699005127,300,1
U/U2071.jpg,U,U,0.9927071928977966,300,1
U/U2078.jpg,U,U,0.9929075241088867,300,1
U/U2080.jpg,U,U,0.9929064512252808,300,1
U/U2090.jpg,U,U,0.9928653240203857,300,1
U/U2096.jpg,U,U,0.9929056167602539,300,1
U/U2101.jpg,U,U,0.992879331111908,300,1
U/U2106.jpg,U,U,0.9928602576255798,300,1
U/U2109.jpg,U,U,0.9929280877113342,300,1
U/U2113.jpg,U,U,0.9929640293121338,300,1
U/U2114.jpg,U,U,0.9929266571998596,300,1
U/U2116.jpg,U,U,0.9929676055908203,300,1
U/U2118.jpg,U,U,0.9928367733955383,300,1
U/U213.jpg,U,U,0.9925494194030762,300,1
U/U2137.jpg,U,U,0.992651641368866,300,1
U/U2139.jpg,U,U,0.9926309585571289,300,1
U/U2140.jpg,U,U,0.9926375150680542,300,1
U/U2143.jpg,U,U,0.9926837086677551,300,1
U/U2150.jpg,U,U,0.9926592707633972,300,1
U/U2151.jpg,U,U,0.992580235004425,300,1
U/U2157.jpg,U,U,0.9926808476448059,300,1
U/U2161.jpg,U,U,0.9925938248634338,300,1
U/U2169.jpg,U,U,0.9926555156707764,300,1
U/U2173.jpg,U,U,0.9927520751953125,300,1
U/U2174.jpg,U,U,0.99275803565979,300,1
U/U2180.jpg,U,U,0.9927809834480286,300,1
U/U2181.jpg,U,U,0.9927237629890442,300,1
U/U2184.jpg,U,U,0.9927440881729126,300,1
U/U2186.jpg,U,U,0.9927332401275635,300,1
U/U2188.jpg,U,U,0.9926440119743347,300,1
U/U2190.jpg,U,U,0.9925687909126282,300,1
U/U2191.jpg,U,U,0.9926058053970337,300,1
U/U2197.jpg,U,U,0.992634117603302,300,1
U/U2201.jpg,U,U,0.9926988482475281,300,1
U/U2214.jpg,U,U,0.992613673210144,300,1
U/U2218.jpg,U,U,0.9926665425300598,300,1
U/U2224.jpg,U,U,0.9926566481590271,300,1
U/U2232.jpg,U,U,0.9926665425300598,300,1
U/U2235.jpg,U,U,0.9928305745124817,300,1
U/U2237.jpg,U,U,0.9926577210426331,300,1
U/U2241.jpg,U,U,0.9926983714103699,300,1
U/U2243.jpg,U,U,0.9927608966827393,300,1
U/U2265.jpg,U,U,0.9927131533622742,300,1
U/U227.jpg,U,U,0.9926021695137024,300,1
U/U2278.jpg,U,U,0.9928063154220581,300,1
U/U228.jpg,U,U,0.9925671815872192,300,1
U/U2286.jpg,U,U,0.9927384257316589,300,1
U/U2289.jpg,U,U,0.9927577972412109,300,1
U/U2296.jpg,U,U,0.9927800297737122,300,1
U/U2302.jpg,U,U,0.9927979111671448,300,1
U/U2308.jpg,U,U,0.992796003818512,300,1
U/U2311.jpg,U,U,0.9928632378578186,300,1
U/U2320.jpg,U,U,0.9928510189056396,300,1
U/U2321.jpg,U,U,0.9928470253944397,300,1
U/U2322.jpg,U,U,0.9928362965583801,300,1
U/U2325.jpg,U,U,0.9928547739982605,300,1
U/U233.jpg,U,U,0.9926431775093079,300,1
U/U2339.jpg,U,U,0.9928787350654602,300,1
U/U234.jpg,U,U,0.9926401972770691,300,1
U/U2349.jpg,U,U,0.9929248094558716,300,1
U/U235.jpg,U,U,0.9926244616508484,300,1
U/U2353.jpg,U,U,0.9928820133209229,300,1
U/U2357.jpg,U,U,0.9928614497184753,300,1
U/U2363.jpg,U,U,0.9929303526878357,300,1
U/U2364.jpg,U,U,0.9929558038711548,300,1
U/U2370.jpg,U,U,0.9928959012031555,300,1
U/U2372.jpg,U,U,0.9928170442581177,300,1
U/U2378.jpg,U,U,0.9928292632102966,300,1
U/U2379.jpg,U,U,0.992834210395813,300,1
U/U2395.jpg,U,U,0.9927610158920288,300,1
U/U24.jpg,U,U,0.9925119876861572,300,1
U/U2401.jpg,U,U,0.9928377270698547,300,1
U/U2409.jpg,U,U,0.9928060173988342,300,1
U/U2412.jpg,U,U,0.9928512573242188,300,1
U/U2414.jpg,U,U,0.9928626418113708,300,1
U/U2415.jpg,U,U,0.9928440451622009,300,1
U/U2417.jpg,U,U,0.9928629994392395,300,1
U/U2420.jpg,U,U,0.9927833080291748,300,1
U/U2422.jpg,U,U,0.9928888082504272,300,1
U/U2424.jpg,U,U,0.9927999973297119,300,1
U/U2425.jpg,U,U,0.9927394986152649,300,1
U/U2427.jpg,U,U,0.9927212595939636,300,1
U/U2430.jpg,U,U,0.9926969408988953,300,1
U/U2434.jpg,U,U,0.9928244352340698,300,1
U/U2442.jpg,U,U,0.992770254611969,300,1
U/U2447.jpg,U,U,0.9928404092788696,300,1
U/U2448.jpg,U,U,0.9928186535835266,300,1
U/U2449.jpg,U,U,0.9928023219108582,300,1
U/U2451.jpg,U,U,0.992874026298523,300,1
U/U2455.jpg,U,U,0.9925496578216553,300,1
U/U2461.jpg,U,U,0.9926262497901917,300,1
U/U2464.jpg,U,U,0.9926862716674805,300,1
U/U2466.jpg,U,U,0.9927322268486023,300,1
U/U2476.jpg,U,U,0.9927102327346802,300,1
U/U2477.jpg,U,U,0.9925664663314819,300,1
U/U248.jpg,U,U,0.9925680160522461,300,1
U/U2485.jpg,U,U,0.9928020238876343,300,1
U/U2489.jpg,U,U,0.9928092956542969,300,1
U/U250.jpg,U,U,0.9926428198814392,300,1
U/U2500.jpg,U,U,0.9927752017974854,300,1
U/U2502.jpg,U,U,0.992291271686554,300,1
U/U2505.jpg,U,U,0.9922775030136108,300,1
U/U2507.jpg,U,U,0.9923263788223267,300,1
U/U2511.jpg,U,U,0.9923437237739563,300,1
U/U2513.jpg,U,U,0.9923515915870667,300,1
U/U2536.jpg,U,U,0.9926103949546814,300,1
U/U2538.jpg,U,U,0.9926567673683167,300,1
U/U254.jpg,U,U,0.9925685524940491,300,1
U/U2542.jpg,U,U,0.9925933480262756,300,1
U/U2544.jpg,U,U,0.9925922155380249,300,1
U/U2554.jpg,U,U,0.9923926591873169,300,1
U/U2565.jpg,U,U,0.9922601580619812,300,1
U/U2577.jpg,U,U,0.9923561811447144,300,1
U/U2581.jpg,U,U,0.9922603964805603,300,1
U/U2592.jpg,U,U,0.992347240447998,300,1
U/U2595.jpg,U,U,0.9923576712608337,300,1
U/U2596.jpg,U,U,0.9923375248908997,300,1
U/U2597.jpg,U,U,0.9923581480979919,300,1
U/U2603.jpg,U,U,0.9922802448272705,300,1
U/U2612.jpg,U,U,0.9923536777496338,300,1
U/U2625.jpg,U,U,0.9925709366798401,300,1
U/U2629.jpg,U,U,0.9925788044929504,300,1
U/U263.jpg,U,U,0.992519736289978,300,1
U/U2630.jpg,U,U,0.9925750494003296,300,1
U/U2633.jpg,U,U,0.9925397038459778,300,1
U/U2639.jpg,U,U,0.992423415184021,300,1
U/U2646.jpg,U,U,0.9922232031822205,300,1
U/U2655.jpg,U,U,0.9922398328781128,300,1
U/U266.jpg,U,U,0.9925075173377991,300,1
U/U2670.jpg,U,U,0.992279052734375,300,1
U/U2673.jpg,U,U,0.9922560453414917,300,1
U/U2676.jpg,U,U,0.9923105239868164,300,1
U/U268.jpg,U,U,0.9924992918968201,300,1
U/U2692.jpg,U,U,0.9924029111862183,300,1
U/U2693.jpg,U,U,0.9923956394195557,300,1
U/U27.jpg,U,U,0.992479681968689,300,1
U/U2701.jpg,U,U,0.9924452900886536,300,1
U/U2704.jpg,U,U,0.9924815893173218,300,1
U/U2706.jpg,U,U,0.9925629496574402,300,1
U/U271.jpg,U,U,0.9924523234367371,300,1
U/U2716.jpg,U,U,0.9926735758781433,300,1
U/U2718.jpg,U,U,0.9926994442939758,300,1
U/U2719.jpg,U,U,0.9927085041999817,300,1
U/U272.jpg,U,U,0.9925528168678284,300,1
U/U2720.jpg,U,U,0.9926855564117432,300,1
U/U2721.jpg,U,U,0.9926474094390869,300,1
U/U2723.jpg,U,U,0.9926775693893433,300,1
U/U2725.jpg,U,U,0.992609441280365,300,1
U/U2726.jpg,U,U,0.9925887584686279,300,1
U/U2729.jpg,U,U,0.9925631880760193,300,1
U/U2730.jpg,U,U,0.9925304055213928,300,1
U/U2731.jpg,U,U,0.9925858378410339,300,1
U/U2732.jpg,U,U,0.9925726652145386,300,1
U/U2733.jpg,U,U,0.9925315976142883,300,1
U/U2736.jpg,U,U,0.9925193786621094,300,1
U/U2739.jpg,U,U,0.9925135970115662,300,1
U/U2740.jpg,U,U,0.9925290942192078,300,1
U/U2752.jpg,U,U,0.9924401044845581,300,1
U/U2755.jpg,U,U,0.9924072623252869,300,1
U/U2759.jpg,U,U,0.9924350380897522,300,1
U/U276.jpg,U,U,0.9925282001495361,300,1
U/U2762.jpg,U,U,0.9924886226654053,300,1
U/U2766.jpg,U,U,0.9924730062484741,300,1
U/U2767.jpg,U,U,0.992500364780426,300,1
U/U2771.jpg,U,U,0.9924424886703491,300,1
U/U2774.jpg,U,U,0.9923866987228394,300,1
U/U2775.jpg,U,U,0.9924123883247375,300,1
U/U2778.jpg,U,U,0.9924182891845703,300,1
U/U278.jpg,U,U,0.9925593137741089,300,1
U/U2782.jpg,U,U,0.9924170970916748,300,1
U/U2783.jpg,U,U,0.9924047589302063,300,1
U/U2785.jpg,U,U,0.9924585223197937,300,1
U/U280.jpg,U,U,0.9925388693809509,300,1
U/U2800.jpg,U,U,0.9925496578216553,300,1
U/U2803.jpg,U,U,0.9925641417503357,300,1
U/U2809.jpg,U,U,0.9925783276557922,300,1
U/U2811.jpg,U,U,0.992580235004425,300,1
U/U2812.jpg,U,U,0.9925951361656189,300,1
U/U2815.jpg,U,U,0.9926199316978455,300,1
U/U2816.jpg,U,U,0.9926853179931641,300,1
U/U2824.jpg,U,U,0.9926815629005432,300,1
U/U283.jpg,U,U,0.9925640225410461,300,1
U/U2831.jpg,U,U,0.992641270160675,300,1
U/U2833.jpg,U,U,0.9926517605781555,300,1
U/U2839.jpg,U,U,0.9926602840423584,300,1
U/U2849.jpg,U,U,0.9926143884658813,300,1
U/U2853.jpg,U,U,0.992601215839386,300,1
U/U2858.jpg,U,U,0.9925776124000549,300,1
U/U2864.jpg,U,U,0.9925946593284607,300,1
U/U2866.jpg,U,U,0.9925222992897034,300,1
U/U287.jpg,U,U,0.9925782084465027,300,1
U/U2870.jpg,U,U,0.9926003813743591,300,1
U/U2872.jpg,U,U,0.9925990104675293,300,1
U/U2875.jpg,U,U,0.9925826787948608,300,1
U/U2878.jpg,U,U,0.9925647974014282,300,1
U/U2883.jpg,U,U,0.9926102757453918,300,1
U/U2890.jpg,U,U,0.9925739765167236,300,1
U/U2902.jpg,U,U,0.9925811290740967,300,1
U/U2910.jpg,U,U,0.9925960898399353,300,1
U/U2916.jpg,U,U,0.9926103949546814,300,1
U/U292.jpg,U,U,0.9925038814544678,300,1
U/U2926.jpg,U,U,0.992435872554779,300,1
U/U2930.jpg,U,U,0.9924494028091431,300,1
U/U2941.jpg,U,U,0.9925611615180969,300,1
U/U2944.jpg,U,U,0.992550253868103,300,1
U/U2946.jpg,U,U,0.9924436211585999,300,1
U/U2949.jpg,U,U,0.9923962950706482,300,1
U/U2955.jpg,U,U,0.9925300478935242,300,1
U/U2963.jpg,U,U,0.9925668239593506,300,1
U/U2968.jpg,U,U,0.9925892353057861,300,1
U/U2970.jpg,U,U,0.9926844835281372,300,1
U/U2978.jpg,U,U,0.9926760792732239,300,1
U/U2981.jpg,U,U,0.9926550388336182,300,1
U/U299.jpg,U,U,0.9924818873405457,300,1
U/U307.jpg,U,U,0.9924155473709106,300,1
U/U312.jpg,U,U,0.9924547672271729,300,1
U/U314.jpg,U,U,0.9923771619796753,300,1
U/U316.jpg,U,U,0.9924246072769165,300,1
U/U317.jpg,U,U,0.992347240447998,300,1
U/U318.jpg,U,U,0.9923949241638184,300,1
U/U322.jpg,U,U,0.9924508929252625,300,1
U/U325.jpg,U,U,0.992496132850647,300,1
U/U326.jpg,U,U,0.992417573928833,300,1
U/U329.jpg,U,U,0.9924700260162354,300,1
U/U33.jpg,U,U,0.9923669695854187,300,1
U/U330.jpg,U,U,0.9924424886703491,300,1
U/U333.jpg,U,U,0.9924955368041992,300,1
U/U336.jpg,U,U,0.99237459897995,300,1
U/U339.jpg,U,U,0.9921613335609436,300,1
U/U343.jpg,U,U,0.9924125075340271,300,1
U/U357.jpg,U,U,0.9924561977386475,300,1
U/U361.jpg,U,U,0.9924303889274597,300,1
U/U362.jpg,U,U,0.9924719333648682,300,1
U/U369.jpg,U,U,0.9925038814544678,300,1
U/U371.jpg,U,U,0.9924734830856323,300,1
U/U377.jpg,U,U,0.9924831986427307,300,1
U/U380.jpg,U,U,0.9924329519271851,300,1
U/U383.jpg,U,U,0.9923610091209412,300,1
U/U388.jpg,U,U,0.992351233959198,300,1
U/U393.jpg,U,U,0.9923420548439026,300,1
U/U396.jpg,U,U,0.9923964142799377,300,1
U/U399.jpg,U,U,0.9924556016921997,300,1
U/U402.jpg,U,U,0.9924572706222534,300,1
U/U403.jpg,U,U,0.9925191402435303,300,1
U/U410.jpg,U,U,0.992601215839386,300,1
U/U416.jpg,U,U,0.9926584362983704,300,1
U/U418.jpg,U,U,0.9926695823669434,300,1
U/U42.jpg,U,U,0.992555558681488,300,1
U/U423.jpg,U,U,0.9926654696464539,300,1
U/U437.jpg,U,U,0.9925772547721863,300,1
U/U444.jpg,U,U,0.9925177097320557,300,1
U/U449.jpg,U,U,0.9924020767211914,300,1
U/U452.jpg,U,U,0.9922410249710083,300,1
U/U453.jpg,U,U,0.9922462105751038,300,1
U/U46.jpg,U,U,0.9925596714019775,300,1
U/U469.jpg,U,U,0.9924700260162354,300,1
U/U477.jpg,U,U,0.9923729300498962,300,1
U/U48.jpg,U,U,0.99257493019104,300,1
U/U481.jpg,U,U,0.9923588633537292,300,1
U/U490.jpg,U,U,0.9923730492591858,300,1
U/U492.jpg,U,U,0.9924649000167847,300,1
U/U493.jpg,U,U,0.992450475692749,300,1
U/U498.jpg,U,U,0.9924601912498474,300,1
U/U50.jpg,U,U,0.9925395846366882,300,1
U/U506.jpg,U,U,0.9926944971084595,300,1
U/U518.jpg,U,U,0.9925674200057983,300,1
U/U52.jpg,U,U,0.9925474524497986,300,1
U/U521.jpg,U,U,0.9925393462181091,300,1
U/U529.jpg,U,U,0.9926113486289978,300,1
U/U532.jpg,U,U,0.9925867915153503,300,1
U/U534.jpg,U,U,0.9925903081893921,300,1
U/U552.jpg,U,U,0.9926947355270386,300,1
U/U567.jpg,U,U,0.9926533699035645,300,1
U/U574.jpg,U,U,0.9926156997680664,300,1
U/U588.jpg,U,U,0.9927223324775696,300,1
U/U591.jpg,U,U,0.9927234053611755,300,1
U/U598.jpg,U,U,0.9926385879516602,300,1
U/U603.jpg,U,U,0.9926215410232544,300,1
U/U61.jpg,U,U,0.9924863576889038,300,1
U/U618.jpg,U,U,0.9924829602241516,300,1
U/U622.jpg,U,U,0.9924705028533936,300,1
U/U626.jpg,U,U,0.9925121068954468,300,1
U/U632.jpg,U,U,0.9926050901412964,300,1
U/U633.jpg,U,U,0.9926056861877441,300,1
U/U636.jpg,U,U,0.9924862384796143,300,1
U/U646.jpg,U,U,0.9926310777664185,300,1
U/U657.jpg,U,U,0.9926286935806274,300,1
U/U658.jpg,U,U,0.9926334023475647,300,1
U/U66.jpg,U,U,0.9922646284103394,300,1
U/U664.jpg,U,U,0.9925796389579773,300,1
U/U670.jpg,U,U,0.9925169348716736,300,1
U/U671.jpg,U,U,0.9925092458724976,300,1
U/U676.jpg,U,U,0.992476761341095,300,1
U/U683.jpg,U,U,0.992463231086731,300,1
U/U685.jpg,U,U,0.9924725294113159,300,1
U/U687.jpg,U,U,0.9924867153167725,300,1
U/U702.jpg,U,U,0.992644190788269,300,1
U/U705.jpg,U,U,0.9925918579101562,300,1
U/U71.jpg,U,U,0.9922977089881897,300,1
U/U712.jpg,U,U,0.9926611185073853,300,1
U/U716.jpg,U,U,0.9926361441612244,300,1
U/U72.jpg,U,U,0.9923008680343628,300,1
U/U729.jpg,U,U,0.9925535321235657,300,1
U/U732.jpg,U,U,0.9925106763839722,300,1
U/U742.jpg,U,U,0.9925029277801514,300,1
U/U752.jpg,U,U,0.9925457835197449,300,1
U/U753.jpg,U,U,0.9925117492675781,300,1
U/U754.jpg,U,U,0.992455005645752,300,1
U/U755.jpg,U,U,0.9924488067626953,300,1
U/U756.jpg,U,U,0.9924235343933105,300,1
U/U772.jpg,U,U,0.9924163818359375,300,1
U/U774.jpg,U,U,0.9924256801605225,300,1
U/U776.jpg,U,U,0.9925022125244141,300,1
U/U779.jpg,U,U,0.9924690127372742,300,1
U/U787.jpg,U,U,0.9925346374511719,300,1
U/U79.jpg,U,U,0.9925321936607361,300,1
U/U792.jpg,U,U,0.992527961730957,300,1
U/U795.jpg,U,U,0.9925289154052734,300,1
U/U797.jpg,U,U,0.9925151467323303,300,1
U/U80.jpg,U,U,0.9925525188446045,300,1
U/U803.jpg,U,U,0.9925622344017029,300,1
U/U808.jpg,U,U,0.9925516843795776,300,1
U/U812.jpg,U,U,0.9925817251205444,300,1
U/U819.jpg,U,U,0.9925307631492615,300,1
U/U826.jpg,U,U,0.9925503730773926,300,1
U/U828.jpg,U,U,0.9925380349159241,300,1
U/U834.jpg,U,U,0.9925746917724609,300,1
U/U835.jpg,U,U,0.9926133155822754,300,1
U/U836.jpg,U,U,0.992586076259613,300,1
U/U840.jpg,U,U,0.9925619959831238,300,1
U/U842.jpg,U,U,0.9925413131713867,300,1
U/U845.jpg,U,U,0.9925801157951355,300,1
U/U849.jpg,U,U,0.9924799203872681,300,1
U/U85.jpg,U,U,0.9925118684768677,300,1
U/U855.jpg,U,U,0.9924444556236267,300,1
U/U861.jpg,U,U,0.9924414157867432,300,1
U/U864.jpg,U,U,0.9925761222839355,300,1
U/U87.jpg,U,U,0.992497980594635,300,1
U/U872.jpg,U,U,0.9925779700279236,300,1
U/U875.jpg,U,U,0.9925647974014282,300,1
U/U878.jpg,U,U,0.9925690293312073,300,1
U/U880.jpg,U,U,0.9925417900085449,300,1
U/U887.jpg,U,U,0.9925723671913147,300,1
U/U898.jpg,U,U,0.9925655126571655,300,1
U/U899.jpg,U,U,0.9925025701522827,300,1
U/U9.jpg,U,U,0.9924315214157104,300,1
U/U906.jpg,U,U,0.9924845099449158,300,1
U/U916.jpg,U,U,0.9924877882003784,300,1
U/U917.jpg,U,U,0.9924967288970947,300,1
U/U92.jpg,U,U,0.992373526096344,300,1
U/U921.jpg,U,U,0.9925212264060974,300,1
U/U930.jpg,U,U,0.9926030039787292,300,1
U/U935.jpg,U,U,0.9926441311836243,300,1
U/U938.jpg,U,U,0.9926712512969971,300,1
U/U941.jpg,U,U,0.992697536945343,300,1
U/U944.jpg,U,U,0.9926356673240662,300,1
U/U946.jpg,U,U,0.9926472902297974,300,1
U/U951.jpg,U,U,0.9926897883415222,300,1
U/U954.jpg,U,U,0.9926906228065491,300,1
U/U959.jpg,U,U,0.9927887320518494,300,1
U/U961.jpg,U,U,0.9927313923835754,300,1
U/U963.jpg,U,U,0.9927093982696533,300,1
U/U964.jpg,U,U,0.9927129149436951,300,1
U/U965.jpg,U,U,0.992711067199707,300,1
U/U966.jpg,U,U,0.9926948547363281,300,1
U/U971.jpg,U,U,0.992747962474823,300,1
U/U973.jpg,U,U,0.9927042722702026,300,1
U/U975.jpg,U,U,0.9927405714988708,300,1
U/U98.jpg,U,U,0.9923918843269348,300,1
U/U987.jpg,U,U,0.9927074313163757,300,1
U/U988.jpg,U,U,0.9926822781562805,300,1
U/U992.jpg,U,U,0.9926625490188599,300,1
V/V1003.jpg,V,V,0.993212103843689,300,1
V/V1006.jpg,V,V,0.9933524131774902,300,1
V/V101.jpg,V,V,0.9929936528205872,300,1
V/V1011.jpg,V,V,0.9933119416236877,300,1
V/V1014.jpg,V,V,0.9933433532714844,300,1
V/V1032.jpg,V,V,0.9933353662490845,300,1
V/V104.jpg,V,V,0.9930229187011719,300,1
V/V1043.jpg,V,V,0.9933621883392334,300,1
V/V105.jpg,V,V,0.9930470585823059,300,1
V/V1050.jpg,V,V,0.9932810664176941,300,1
V/V1065.jpg,V,V,0.9932588338851929,300,1
V/V1072.jpg,V,V,0.9930504560470581,300,1
V/V1073.jpg,V,V,0.9929956793785095,300,1
V/V1088.jpg,V,V,0.9930780529975891,300,1
V/V109.jpg,V,V,0.993059515953064,300,1
V/V1090.jpg,V,V,0.9929625391960144,300,1
V/V1092.jpg,V,V,0.9930754899978638,300,1
V/V1095.jpg,V,V,0.9932130575180054,300,1
V/V1096.jpg,V,V,0.9931126236915588,300,1
V/V11.jpg,V,V,0.9929577112197876,300,1
V/V1109.jpg,V,V,0.9930669069290161,300,1
V/V1110.jpg,V,V,0.9931536912918091,300,1
V/V1111.jpg,V,V,0.9931647181510925,300,1
V/V1117.jpg,V,V,0.9932869076728821,300,1
V/V112.jpg,V,V,0.99302738904953,300,1
V/V1120.jpg,V,V,0.9933898448944092,300,1
V/V1124.jpg,V,V,0.9935126900672913,300,1
V/V1128.jpg,V,V,0.9933498501777649,300,1
V/V1131.jpg,V,V,0.9933851361274719,300,1
V/V1133.jpg,V,V,0.9934036135673523,300,1
V/V1134.jpg,V,V,0.9934127926826477,300,1
V/V1138.jpg,V,V,0.9934056997299194,300,1
V/V1143.jpg,V,V,0.9934765696525574,300,1
V/V1144.jpg,V,V,0.9934012293815613,300,1
V/V1145.jpg,V,V,0.9933671355247498,300,1
V/V115.jpg,V,V,0.993009090423584,300,1
V/V1153.jpg,V,V,0.9933712482452393,300,1
V/V1154.jpg,V,V,0.993355393409729,300,1
V/V1168.jpg,V,V,0.9932068586349487,300,1
V/V1174.jpg,V,V,0.9931250810623169,300,1
V/V1176.jpg,V,V,0.9932572841644287,300,1
V/V1179.jpg,V,V,0.9931737780570984,300,1
V/V1180.jpg,V,V,0.9933311343193054,300,1
V/V1189.jpg,V,V,0.9919341802597046,300,1
V/V119.jpg,V,V,0.9929822683334351,300,1
V/V1190.jpg,V,V,0.9926584362983704,300,1
V/V1192.jpg,V,V,0.9928186535835266,300,1
V/V12.jpg,V,V,0.9929854273796082,300,1
V/V1203.jpg,V,V,0.993147075176239,300,1
V/V1205.jpg,V,V,0.993073582649231,300,1
V/V1214.jpg,V,V,0.9932053089141846,300,1
V/V1217.jpg,V,V,0.9930826425552368,300,1
V/V1218.jpg,V,V,0.9929437041282654,300,1
V/V122.jpg,V,V,0.992965579032898,300,1
V/V1230.jpg,V,V,0.993216335773468,300,1
V/V1236.jpg,V,V,0.9931828379631042,300,1
V/V1238.jpg,V,V,0.9932568073272705,300,1
V/V1244.jpg,V,V,0.993372917175293,300,1
V/V1246.jpg,V,V,0.9933333992958069,300,1
V/V1252.jpg,V,V,0.9935970306396484,300,1
V/V1270.jpg,V,V,0.9935134053230286,300,1
V/V1274.jpg,V,V,0.9933023452758789,300,1
V/V1279.jpg,V,V,0.9934588074684143,300,1
V/V1284.jpg,V,V,0.9933781027793884,300,1
V/V1288.jpg,V,V,0.9935615062713623,300,1
V/V13.jpg,V,V,0.9929853081703186,300,1
V/V1301.jpg,V,V,0.9934697151184082,300,1
V/V1303.jpg,V,V,0.993463397026062,300,1
V/V131.jpg,V,V,0.9928992986679077,300,1
V/V1311.jpg,V,V,0.9935142993927002,300,1
V/V1318.jpg,V,V,0.9934543371200562,300,1
V/V1321.jpg,V,V,0.9934408068656921,300,1
V/V1328.jpg,V,V,0.9934396147727966,300,1
V/V1329.jpg,V,V,0.9933071732521057,300,1
V/V1339.jpg,V,V,0.9933045506477356,300,1
V/V1340.jpg,V,V,0.9933130145072937,300,1
V/V1342.jpg,V,V,0.9933690428733826,300,1
V/V1357.jpg,V,V,0.9931375980377197,300,1
V/V1365.jpg,V,V,0.9932054281234741,300,1
V/V1366.jpg,V,V,0.9932575225830078,300,1
V/V1371.jpg,V,V,0.9933417439460754,300,1
V/V1378.jpg,V,V,0.9932542443275452,300,1
V/V1382.jpg,V,V,0.9932087063789368,300,1
V/V1389.jpg,V,V,0.9932237863540649,300,1
V/V1394.jpg,V,V,0.9930017590522766,300,1
V/V1403.jpg,V,V,0.9931430816650391,300,1
V/V1418.jpg,V,V,0.9931737780570984,300,1
V/V1419.jpg,V,V,0.9932456612586975,300,1
V/V142.jpg,V,V,0.9930443167686462,300,1
V/V1423.jpg,V,V,0.9931864738464355,300,1
V/V1424.jpg,V,V,0.993168830871582,300,1
V/V1432.jpg,V,V,0.9932523369789124,300,1
V/V1437.jpg,V,V,0.993303120136261,300,1
V/V1440.jpg,V,V,0.9933505654335022,300,1
V/V145.jpg,V,V,0.9932410717010498,300,1
V/V1457.jpg,V,V,0.9932988882064819,300,1
V/V1463.jpg,V,V,0.9932945370674133,300,1
V/V1464.jpg,V,V,0.993385374546051,300,1
V/V1469.jpg,V,V,0.9933337569236755,300,1
V/V1470.jpg,V,V,0.9933456182479858,300,1
V/V1475.jpg,V,V,0.993308424949646,300,1
V/V1477.jpg,V,V,0.9933512806892395,300,1
V/V1478.jpg,V,V,0.9933211207389832,300,1
V/V1483.jpg,V,V,0.9933363199234009,300,1
V/V1489.jpg,V,V,0.9932824373245239,300,1
V/V1497.jpg,V,V,0.9934803247451782,300,1
V/V15.jpg,V,V,0.9929238557815552,300,1
V/V1500.jpg,V,V,0.9934297204017639,300,1
V/V1501.jpg,V,V,0.993467390537262,300,1
V/V1502.jpg,V,V,0.9934477210044861,300,1
V/V1512.jpg,V,V,0.9934460520744324,300,1
V/V1518.jpg,V,V,0.9934121966362,300,1
V/V1523.jpg,V,V,0.9934945702552795,300,1
V/V1524.jpg,V,V,0.9934509992599487,300,1
V/V1532.jpg,V,V,0.993375837802887,300,1
V/V1533.jpg,V,V,0.9933516383171082,300,1
V/V1538.jpg,V,V,0.9933597445487976,300,1
V/V154.jpg,V,V,0.9931104183197021,300,1
V/V1544.jpg,V,V,0.9933920502662659,300,1
V/V1545.jpg,V,V,0.9934229254722595,300,1
V/V156.jpg,V,V,0.9931420683860779,300,1
V/V1565.jpg,V,V,0.9933320879936218,300,1
V/V1567.jpg,V,V,0.993316113948822,300,1
V/V1569.jpg,V,V,0.9934240579605103,300,1
V/V157.jpg,V,V,0.9931204319000244,300,1
V/V1578.jpg,V,V,0.9933702945709229,300,1
V/V1580.jpg,V,V,0.9934362173080444,300,1
V/V1585.jpg,V,V,0.9934142827987671,300,1
V/V159.jpg,V,V,0.9931584000587463,300,1
V/V1592.jpg,V,V,0.9933373928070068,300,1
V/V1595.jpg,V,V,0.9932729005813599,300,1
V/V16.jpg,V,V,0.9928842782974243,300,1
V/V1600.jpg,V,V,0.9932888150215149,300,1
V/V1607.jpg,V,V,0.9931598901748657,300,1
V/V1608.jpg,V,V,0.99321049451828,300,1
V/V161.jpg,V,V,0.9930514097213745,300,1
V/V1617.jpg,V,V,0.993253767490387,300,1
V/V162.jpg,V,V,0.9930311441421509,300,1
V/V1625.jpg,V,V,0.9933115243911743,300,1
V/V1636.jpg,V,V,0.9933197498321533,300,1
V/V164.jpg,V,V,0.9930543303489685,300,1
V/V1655.jpg,V,V,0.9932950139045715,300,1
V/V1662.jpg,V,V,0.9933217167854309,300,1
V/V1664.jpg,V,V,0.9933235049247742,300,1
V/V1673.jpg,V,V,0.9933561086654663,300,1
V/V1684.jpg,V,V,0.9934578537940979,300,1
V/V169.jpg,V,V,0.9929004907608032,300,1
V/V1692.jpg,V,V,0.9933157563209534,300,1
V/V1695.jpg,V,V,0.9934009909629822,300,1
V/V1697.jpg,V,V,0.9934034943580627,300,1
V/V17.jpg,V,V,0.9928027987480164,300,1
V/V1703.jpg,V,V,0.9932645559310913,300,1
V/V1708.jpg,V,V,0.993312418460846,300,1
V/V1713.jpg,V,V,0.9932075142860413,300,1
V/V1716.jpg,V,V,0.9932736158370972,300,1
V/V1729.jpg,V,V,0.9931319355964661,300,1
V/V1734.jpg,V,V,0.9931598901748657,300,1
V/V1739.jpg,V,V,0.9931464791297913,300,1
V/V174.jpg,V,V,0.9929712414741516,300,1
V/V1740.jpg,V,V,0.9931879043579102,300,1
V/V1741.jpg,V,V,0.9932017922401428,300,1
V/V1742.jpg,V,V,0.9931673407554626,300,1
V/V1744.jpg,V,V,0.9930998086929321,300,1
V/V1752.jpg,V,V,0.993269145488739,300,1
V/V1756.jpg,V,V,0.9933323264122009,300,1
V/V176.jpg,V,V,0.992973804473877,300,1
V/V1762.jpg,V,V,0.9932374954223633,300,1
V/V1767.jpg,V,V,0.9932709336280823,300,1
V/V177.jpg,V,V,0.9929342269897461,300,1
V/V1772.jpg,V,V,0.9932115077972412,300,1
V/V1773.jpg,V,V,0.9932356476783752,300,1
V/V1774.jpg,V,V,0.9932399988174438,300,1
V/V1778.jpg,V,V,0.9932877421379089,300,1
V/V1780.jpg,V,V,0.9932604432106018,300,1
V/V1784.jpg,V,V,0.9933537244796753,300,1
V/V1793.jpg,V,V,0.9932354092597961,300,1
V/V1798.jpg,V,V,0.9932044744491577,300,1
V/V180.jpg,V,V,0.9930242300033569,300,1
V/V1804.jpg,V,V,0.9931766986846924,300,1
V/V1810.jpg,V,V,0.9932904243469238,300,1
V/V1814.jpg,V,V,0.9932093024253845,300,1
V/V1821.jpg,V,V,0.9932594895362854,300,1
V/V1824.jpg,V,V,0.993392288684845,300,1
V/V1835.jpg,V,V,0.9933773875236511,300,1
V/V184.jpg,V,V,0.9930469393730164,300,1
V/V1841.jpg,V,V,0.9933995008468628,300,1
V/V1850.jpg,V,V,0.9934965372085571,300,1
V/V1853.jpg,V,V,0.9934388995170593,300,1
V/V186.jpg,V,V,0.9930475354194641,300,1
V/V1869.jpg,V,V,0.9934048056602478,300,1
V/V1874.jpg,V,V,0.9934154748916626,300,1
V/V1882.jpg,V,V,0.9933464527130127,300,1
V/V1890.jpg,V,V,0.9932889342308044,300,1
V/V1892.jpg,V,V,0.9933470487594604,300,1
V/V1900.jpg,V,V,0.9933637380599976,300,1
V/V1903.jpg,V,V,0.9934321641921997,300,1
V/V1910.jpg,V,V,0.9935050010681152,300,1
V/V1911.jpg,V,V,0.9934102892875671,300,1
V/V1915.jpg,V,V,0.9934183359146118,300,1
V/V1916.jpg,V,V,0.9933207631111145,300,1
V/V192.jpg,V,V,0.9930907487869263,300,1
V/V1934.jpg,V,V,0.9933484196662903,300,1
V/V1940.jpg,V,V,0.9934877157211304,300,1
V/V1942.jpg,V,V,0.9934701919555664,300,1
V/V1946.jpg,V,V,0.9935600757598877,300,1
V/V1947.jpg,V,V,0.993582546710968,300,1
V/V1968.jpg,V,V,0.9934252500534058,300,1
V/V1969.jpg,V,V,0.9933630228042603,300,1
V/V197.jpg,V,V,0.9931336641311646,300,1
V/V1973.jpg,V,V,0.9933626651763916,300,1
V/V1981.jpg,V,V,0.9933435916900635,300,1
V/V1990.jpg,V,V,0.9932386875152588,300,1
V/V1994.jpg,V,V,0.9932112693786621,300,1
V/V1999.jpg,V,V,0.993310809135437,300,1
V/V20.jpg,V,V,0.9928339719772339,300,1
V/V2007.jpg,V,V,0.9934060573577881,300,1
V/V2009.jpg,V,V,0.993371844291687,300,1
V/V201.jpg,V,V,0.9931579232215881,300,1
V/V2018.jpg,V,V,0.9934297204017639,300,1
V/V2019.jpg,V,V,0.9934253692626953,300,1
V/V2020.jpg,V,V,0.9934739470481873,300,1
V/V2021.jpg,V,V,0.9934765696525574,300,1
V/V2022.jpg,V,V,0.9934671521186829,300,1
V/V2023.jpg,V,V,0.993459939956665,300,1
V/V2028.jpg,V,V,0.9934218525886536,300,1
V/V2029.jpg,V,V,0.9935247898101807,300,1
V/V2047.jpg,V,V,0.9931609630584717,300,1
V/V2052.jpg,V,V,0.993179440498352,300,1
V/V2054.jpg,V,V,0.9933737516403198,300,1
V/V2055.jpg,V,V,0.9934545755386353,300,1
V/V2061.jpg,V,V,0.9935780763626099,300,1
V/V2065.jpg,V,V,0.9934754967689514,300,1
V/V207.jpg,V,V,0.992836058139801,300,1
V/V2078.jpg,V,V,0.9934758543968201,300,1
V/V2082.jpg,V,V,0.9933449029922485,300,1
V/V2083.jpg,V,V,0.9934390187263489,300,1
V/V2085.jpg,V,V,0.9933638572692871,300,1
V/V210.jpg,V,V,0.9928720593452454,300,1
V/V2103.jpg,V,V,0.9933128952980042,300,1
V/V2104.jpg,V,V,0.993316113948822,300,1
V/V2106.jpg,V,V,0.9933149218559265,300,1
V/V211.jpg,V,V,0.992857813835144,300,1
V/V2115.jpg,V,V,0.993447482585907,300,1
V/V2119.jpg,V,V,0.9934440851211548,300,1
V/V2122.jpg,V,V,0.9935065507888794,300,1
V/V2123.jpg,V,V,0.9935591816902161,300,1
V/V2126.jpg,V,V,0.9934713840484619,300,1
V/V213.jpg,V,V,0.9928531050682068,300,1
V/V2133.jpg,V,V,0.9935933947563171,300,1
V/V2136.jpg,V,V,0.9935688972473145,300,1
V/V2143.jpg,V,V,0.9935289025306702,300,1
V/V2144.jpg,V,V,0.9935106635093689,300,1
V/V2148.jpg,V,V,0.993514895439148,300,1
V/V2156.jpg,V,V,0.9934390187263489,300,1
V/V2164.jpg,V,V,0.9934925436973572,300,1
V/V2169.jpg,V,V,0.9934394955635071,300,1
V/V2176.jpg,V,V,0.9933425784111023,300,1
V/V2182.jpg,V,V,0.9933550357818604,300,1
V/V2186.jpg,V,V,0.9934697151184082,300,1
V/V2195.jpg,V,V,0.9935203194618225,300,1
V/V2196.jpg,V,V,0.9934154748916626,300,1
V/V2197.jpg,V,V,0.9933979511260986,300,1
V/V2219.jpg,V,V,0.9933897256851196,300,1
V/V2220.jpg,V,V,0.9934394955635071,300,1
V/V2226.jpg,V,V,0.9934701919555664,300,1
V/V2247.jpg,V,V,0.9934884309768677,300,1
V/V2251.jpg,V,V,0.9935972690582275,300,1
V/V2253.jpg,V,V,0.9935278296470642,300,1
V/V2263.jpg,V,V,0.9934346675872803,300,1
V/V2265.jpg,V,V,0.9935309290885925,300,1
V/V2267.jpg,V,V,0.9934539794921875,300,1
V/V2269.jpg,V,V,0.9934936165809631,300,1
V/V2273.jpg,V,V,0.9935698509216309,300,1
V/V2275.jpg,V,V,0.9934830069541931,300,1
V/V2276.jpg,V,V,0.9935587048530579,300,1
V/V2279.jpg,V,V,0.9934093952178955,300,1
V/V2283.jpg,V,V,0.9933591485023499,300,1
V/V2284.jpg,V,V,0.993462085723877,300,1
V/V2287.jpg,V,V,0.9934679865837097,300,1
V/V2290.jpg,V,V,0.9934722185134888,300,1
V/V2293.jpg,V,V,0.9935876131057739,300,1
V/V2294.jpg,V,V,0.9936397671699524,300,1
V/V2300.jpg,V,V,0.9934777021408081,300,1
V/V2301.jpg,V,V,0.9933398365974426,300,1
V/V2304.jpg,V,V,0.9934473633766174,300,1
V/V2308.jpg,V,V,0.993165910243988,300,1
V/V2310.jpg,V,V,0.9930300116539001,300,1
V/V2317.jpg,V,V,0.9927109479904175,300,1
V/V2324.jpg,V,V,0.9931513071060181,300,1
V/V2325.jpg,V,V,0.9931961297988892,300,1
V/V2329.jpg,V,V,0.9933047890663147,300,1
V/V2337.jpg,V,V,0.9934902191162109,300,1
V/V2342.jpg,V,V,0.9935392737388611,300,1
V/V235.jpg,V,V,0.9928677082061768,300,1
V/V2354.jpg,V,V,0.9935071468353271,300,1
V/V2357.jpg,V,V,0.99347323179245,300,1
V/V236.jpg,V,V,0.992990255355835,300,1
V/V2363.jpg,V,V,0.9935312867164612,300,1
V/V237.jpg,V,V,0.9928845763206482,300,1
V/V2374.jpg,V,V,0.9935383200645447,300,1
V/V2377.jpg,V,V,0.9935140609741211,300,1
V/V2381.jpg,V,V,0.9935683608055115,300,1
V/V2382.jpg,V,V,0.9934491515159607,300,1
V/V2385.jpg,V,V,0.9934431314468384,300,1
V/V2388.jpg,V,V,0.993367612361908,300,1
V/V2391.jpg,V,V,0.9934607744216919,300,1
V/V2392.jpg,V,V,0.9935351610183716,300,1
V/V2394.jpg,V,V,0.9933872818946838,300,1
V/V2396.jpg,V,V,0.9933987855911255,300,1
V/V2401.jpg,V,V,0.9934231638908386,300,1
V/V2410.jpg,V,V,0.9934013485908508,300,1
V/V2433.jpg,V,V,0.9934535026550293,300,1
V/V2434.jpg,V,V,0.9934760928153992,300,1
V/V2435.jpg,V,V,0.9935209155082703,300,1
V/V2437.jpg,V,V,0.9933772683143616,300,1
V/V244.jpg,V,V,0.9929272532463074,300,1
V/V2440.jpg,V,V,0.9932836294174194,300,1
V/V2446.jpg,V,V,0.9935210347175598,300,1
V/V2452.jpg,V,V,0.9934675097465515,300,1
V/V2467.jpg,V,V,0.9935581088066101,300,1
V/V2470.jpg,V,V,0.9935702085494995,300,1
V/V2475.jpg,V,V,0.9935884475708008,300,1
V/V2484.jpg,V,V,0.9935104250907898,300,1
V/V2487.jpg,V,V,0.9936095476150513,300,1
V/V2496.jpg,V,V,0.9935165643692017,300,1
V/V2497.jpg,V,V,0.9935529232025146,300,1
V/V250.jpg,V,V,0.9929606318473816,300,1
V/V2502.jpg,V,V,0.9927574396133423,300,1
V/V2505.jpg,V,V,0.9927912950515747,300,1
V/V2507.jpg,V,V,0.9928632378578186,300,1
V/V2510.jpg,V,V,0.9928746223449707,300,1
V/V2513.jpg,V,V,0.9929091930389404,300,1
V/V2518.jpg,V,V,0.9929503202438354,300,1
V/V2520.jpg,V,V,0.9929267764091492,300,1
V/V2528.jpg,V,V,0.9930344820022583,300,1
V/V2531.jpg,V,V,0.9929547905921936,300,1
V/V2534.jpg,V,V,0.9929606318473816,300,1
V/V2535.jpg,V,V,0.9929715991020203,300,1
V/V2536.jpg,V,V,0.9929084777832031,300,1
V/V2540.jpg,V,V,0.992837131023407,300,1
V/V2556.jpg,V,V,0.9927526712417603,300,1
V/V2558.jpg,V,V,0.9927944540977478,300,1
V/V2562.jpg,V,V,0.9928596019744873,300,1
V/V2571.jpg,V,V,0.9929443001747131,300,1
V/V2572.jpg,V,V,0.9928741455078125,300,1
V/V2580.jpg,V,V,0.9930163621902466,300,1
V/V2581.jpg,V,V,0.9930423498153687,300,1
V/V2589.jpg,V,V,0.9929854273796082,300,1
V/V260.jpg,V,V,0.9929627776145935,300,1
V/V2607.jpg,V,V,0.9926135540008545,300,1
V/V2611.jpg,V,V,0.992671012878418,300,1
V/V262.jpg,V,V,0.9929726123809814,300,1
V/V2621.jpg,V,V,0.9925417900085449,300,1
V/V2623.jpg,V,V,0.9927911758422852,300,1
V/V2624.jpg,V,V,0.9928091764450073,300,1
V/V2625.jpg,V,V,0.9927190542221069,300,1
V/V2627.jpg,V,V,0.9926738142967224,300,1
V/V2633.jpg,V,V,0.9927492141723633,300,1
V/V2642.jpg,V,V,0.9928396940231323,300,1
V/V2643.jpg,V,V,0.9927923679351807,300,1
V/V2644.jpg,V,V,0.9928134083747864,300,1
V/V265.jpg,V,V,0.9930222630500793,300,1
V/V2662.jpg,V,V,0.9928106665611267,300,1
V/V2673.jpg,V,V,0.9928057789802551,300,1
V/V2677.jpg,V,V,0.9926741719245911,300,1
V/V268.jpg,V,V,0.9929492473602295,300,1
V/V2682.jpg,V,V,0.9926109910011292,300,1
V/V2687.jpg,V,V,0.9926462173461914,300,1
V/V2688.jpg,V,V,0.9925687909126282,300,1
V/V2698.jpg,V,V,0.992659866809845,300,1
V/V2700.jpg,V,V,0.9926767349243164,300,1
V/V2706.jpg,V,V,0.9926466941833496,300,1
V/V271.jpg,V,V,0.9927619099617004,300,1
V/V2712.jpg,V,V,0.9929023385047913,300,1
V/V2718.jpg,V,V,0.9928082227706909,300,1
V/V272.jpg,V,V,0.9928610920906067,300,1
V/V2722.jpg,V,V,0.9928972721099854,300,1
V/V273.jpg,V,V,0.9928207993507385,300,1
V/V2731.jpg,V,V,0.992938220500946,300,1
V/V2742.jpg,V,V,0.9929875731468201,300,1
V/V2743.jpg,V,V,0.9929545521736145,300,1
V/V2748.jpg,V,V,0.9929484128952026,300,1
V/V276.jpg,V,V,0.9929094910621643,300,1
V/V2760.jpg,V,V,0.9929357171058655,300,1
V/V277.jpg,V,V,0.992978036403656,300,1
V/V2770.jpg,V,V,0.9929458498954773,300,1
V/V2774.jpg,V,V,0.9930175542831421,300,1
V/V2788.jpg,V,V,0.9928678274154663,300,1
V/V2795.jpg,V,V,0.9929352402687073,300,1
V/V2804.jpg,V,V,0.9928802847862244,300,1
V/V2808.jpg,V,V,0.992965579032898,300,1
V/V281.jpg,V,V,0.9929238557815552,300,1
V/V2810.jpg,V,V,0.9930105805397034,300,1
V/V2818.jpg,V,V,0.9930077791213989,300,1
V/V2822.jpg,V,V,0.9929366707801819,300,1
V/V2825.jpg,V,V,0.9928465485572815,300,1
V/V2829.jpg,V,V,0.9928816556930542,300,1
V/V283.jpg,V,V,0.99302738904953,300,1
V/V2837.jpg,V,V,0.9928135275840759,300,1
V/V2839.jpg,V,V,0.9928892850875854,300,1
V/V284.jpg,V,V,0.9930490255355835,300,1
V/V2840.jpg,V,V,0.9929163455963135,300,1
V/V2854.jpg,V,V,0.9928761720657349,300,1
V/V2856.jpg,V,V,0.9928279519081116,300,1
V/V2861.jpg,V,V,0.9928268790245056,300,1
V/V2863.jpg,V,V,0.9929317235946655,300,1
V/V288.jpg,V,V,0.9929781556129456,300,1
V/V2882.jpg,V,V,0.9929149150848389,300,1
V/V2883.jpg,V,V,0.9928471446037292,300,1
V/V2892.jpg,V,V,0.9927182197570801,300,1
V/V2904.jpg,V,V,0.9928185939788818,300,1
V/V2906.jpg,V,V,0.9927873015403748,300,1
V/V2908.jpg,V,V,0.9928667545318604,300,1
V/V2919.jpg,V,V,0.9927760362625122,300,1
V/V292.jpg,V,V,0.9930180311203003,300,1
V/V2924.jpg,V,V,0.9927651286125183,300,1
V/V2929.jpg,V,V,0.9928174018859863,300,1
V/V293.jpg,V,V,0.9930310845375061,300,1
V/V2942.jpg,V,V,0.9927985668182373,300,1
V/V2944.jpg,V,V,0.9928767085075378,300,1
V/V2946.jpg,V,V,0.9929162263870239,300,1
V/V295.jpg,V,V,0.9929966330528259,300,1
V/V2952.jpg,V,V,0.9927043914794922,300,1
V/V2955.jpg,V,V,0.9927518367767334,300,1
V/V2960.jpg,V,V,0.992853581905365,300,1
V/V2968.jpg,V,V,0.9929108023643494,300,1
V/V2970.jpg,V,V,0.992932915687561,300,1
V/V2971.jpg,V,V,0.9929022192955017,300,1
V/V2972.jpg,V,V,0.9929423332214355,300,1
V/V2987.jpg,V,V,0.9927371144294739,300,1
V/V2988.jpg,V,V,0.9926763772964478,300,1
V/V2990.jpg,V,V,0.9926605224609375,300,1
V/V2994.jpg,V,V,0.9926837086677551,300,1
V/V301.jpg,V,V,0.993024468421936,300,1
V/V303.jpg,V,V,0.9930112957954407,300,1
V/V320.jpg,V,V,0.9929332733154297,300,1
V/V323.jpg,V,V,0.9928930401802063,300,1
V/V324.jpg,V,V,0.9929178357124329,300,1
V/V328.jpg,V,V,0.9929726123809814,300,1
V/V329.jpg,V,V,0.992993175983429,300,1
V/V33.jpg,V,V,0.9929163455963135,300,1
V/V341.jpg,V,V,0.992915153503418,300,1
V/V342.jpg,V,V,0.9929168224334717,300,1
V/V35.jpg,V,V,0.9927511215209961,300,1
V/V351.jpg,V,V,0.9929149150848389,300,1
V/V353.jpg,V,V,0.9929295182228088,300,1
V/V358.jpg,V,V,0.9929312467575073,300,1
V/V365.jpg,V,V,0.9930222630500793,300,1
V/V366.jpg,V,V,0.9930099248886108,300,1
V/V377.jpg,V,V,0.9929792284965515,300,1
V/V38.jpg,V,V,0.9927789568901062,300,1
V/V382.jpg,V,V,0.9929448962211609,300,1
V/V385.jpg,V,V,0.9930404424667358,300,1
V/V402.jpg,V,V,0.9928762912750244,300,1
V/V403.jpg,V,V,0.9928303360939026,300,1
V/V405.jpg,V,V,0.9929763674736023,300,1
V/V410.jpg,V,V,0.9930223822593689,300,1
V/V416.jpg,V,V,0.9929840564727783,300,1
V/V418.jpg,V,V,0.9929653406143188,300,1
V/V421.jpg,V,V,0.9929453730583191,300,1
V/V422.jpg,V,V,0.9929578304290771,300,1
V/V424.jpg,V,V,0.9930025935173035,300,1
V/V438.jpg,V,V,0.9930182695388794,300,1
V/V441.jpg,V,V,0.9929907321929932,300,1
V/V443.jpg,V,V,0.9930114150047302,300,1
V/V45.jpg,V,V,0.9928234815597534,300,1
V/V451.jpg,V,V,0.9930084943771362,300,1
V/V455.jpg,V,V,0.9929363131523132,300,1
V/V461.jpg,V,V,0.9928673505783081,300,1
V/V477.jpg,V,V,0.9930926561355591,300,1
V/V479.jpg,V,V,0.9930840730667114,300,1
V/V481.jpg,V,V,0.9930664300918579,300,1
V/V483.jpg,V,V,0.9930016398429871,300,1
V/V493.jpg,V,V,0.9930281043052673,300,1
V/V495.jpg,V,V,0.9930102229118347,300,1
V/V499.jpg,V,V,0.992962658405304,300,1
V/V503.jpg,V,V,0.9928802847862244,300,1
V/V509.jpg,V,V,0.9928804039955139,300,1
V/V514.jpg,V,V,0.9930219054222107,300,1
V/V516.jpg,V,V,0.9929215312004089,300,1
V/V518.jpg,V,V,0.9929952025413513,300,1
V/V519.jpg,V,V,0.992976188659668,300,1
V/V522.jpg,V,V,0.9929913282394409,300,1
V/V523.jpg,V,V,0.9930290579795837,300,1
V/V524.jpg,V,V,0.9930232763290405,300,1
V/V541.jpg,V,V,0.9931489825248718,300,1
V/V542.jpg,V,V,0.9931204319000244,300,1
V/V56.jpg,V,V,0.9927722811698914,300,1
V/V563.jpg,V,V,0.9930230379104614,300,1
V/V583.jpg,V,V,0.9929244518280029,300,1
V/V588.jpg,V,V,0.9929035305976868,300,1
V/V595.jpg,V,V,0.9929805397987366,300,1
V/V596.jpg,V,V,0.9929312467575073,300,1
V/V606.jpg,V,V,0.9930476546287537,300,1
V/V608.jpg,V,V,0.9930444359779358,300,1
V/V610.jpg,V,V,0.9930180311203003,300,1
V/V611.jpg,V,V,0.9930679798126221,300,1
V/V613.jpg,V,V,0.9930207133293152,300,1
V/V616.jpg,V,V,0.9930039048194885,300,1
V/V618.jpg,V,V,0.9930061101913452,300,1
V/V62.jpg,V,V,0.9928398132324219,300,1
V/V620.jpg,V,V,0.992946445941925,300,1
V/V623.jpg,V,V,0.9929410219192505,300,1
V/V625.jpg,V,V,0.9930071830749512,300,1
V/V632.jpg,V,V,0.9930127263069153,300,1
V/V646.jpg,V,V,0.9929177761077881,300,1
V/V649.jpg,V,V,0.9929611086845398,300,1
V/V656.jpg,V,V,0.9929649829864502,300,1
V/V660.jpg,V,V,0.9928596019744873,300,1
V/V662.jpg,V,V,0.992879331111908,300,1
V/V668.jpg,V,V,0.9928713440895081,300,1
V/V669.jpg,V,V,0.9928941130638123,300,1
V/V678.jpg,V,V,0.9929584264755249,300,1
V/V68.jpg,V,V,0.992866039276123,300,1
V/V681.jpg,V,V,0.9929805397987366,300,1
V/V689.jpg,V,V,0.9931033849716187,300,1
V/V7.jpg,V,V,0.9929749965667725,300,1
V/V710.jpg,V,V,0.9931168556213379,300,1
V/V711.jpg,V,V,0.9930476546287537,300,1
V/V716.jpg,V,V,0.9931668639183044,300,1
V/V719.jpg,V,V,0.9930602312088013,300,1
V/V721.jpg,V,V,0.9930076599121094,300,1
V/V722.jpg,V,V,0.9930148124694824,300,1
V/V73.jpg,V,V,0.9929643869400024,300,1
V/V730.jpg,V,V,0.992989182472229,300,1
V/V731.jpg,V,V,0.9929619431495667,300,1
V/V738.jpg,V,V,0.9929405450820923,300,1
V/V745.jpg,V,V,0.9930509328842163,300,1
V/V746.jpg,V,V,0.9930825233459473,300,1
V/V749.jpg,V,V,0.9931147694587708,300,1
V/V754.jpg,V,V,0.9930664300918579,300,1
V/V760.jpg,V,V,0.99305659532547,300,1
V/V764.jpg,V,V,0.9929653406143188,300,1
V/V766.jpg,V,V,0.9929897785186768,300,1
V/V767.jpg,V,V,0.9929431080818176,300,1
V/V768.jpg,V,V,0.9929264187812805,300,1
V/V778.jpg,V,V,0.9929989576339722,300,1
V/V786.jpg,V,V,0.9929901361465454,300,1
V/V789.jpg,V,V,0.9929770827293396,300,1
V/V79.jpg,V,V,0.9929978847503662,300,1
V/V793.jpg,V,V,0.9930381178855896,300,1
V/V8.jpg,V,V,0.9930309653282166,300,1
V/V801.jpg,V,V,0.9930114150047302,300,1
V/V81.jpg,V,V,0.9929503202438354,300,1
V/V812.jpg,V,V,0.9929162263870239,300,1
V/V814.jpg,V,V,0.9928693175315857,300,1
V/V821.jpg,V,V,0.9929394721984863,300,1
V/V824.jpg,V,V,0.992966890335083,300,1
V/V827.jpg,V,V,0.9929617047309875,300,1
V/V828.jpg,V,V,0.9929647445678711,300,1
V/V83.jpg,V,V,0.9930048584938049,300,1
V/V830.jpg,V,V,0.9929560422897339,300,1
V/V832.jpg,V,V,0.9929383397102356,300,1
V/V834.jpg,V,V,0.992953360080719,300,1
V/V835.jpg,V,V,0.9929389953613281,300,1
V/V839.jpg,V,V,0.9929836988449097,300,1
V/V843.jpg,V,V,0.9929664134979248,300,1
V/V852.jpg,V,V,0.9929013848304749,300,1
V/V853.jpg,V,V,0.992916464805603,300,1
V/V858.jpg,V,V,0.9929129481315613,300,1
V/V859.jpg,V,V,0.9929097294807434,300,1
V/V860.jpg,V,V,0.9929753541946411,300,1
V/V865.jpg,V,V,0.9929774403572083,300,1
V/V866.jpg,V,V,0.9929940104484558,300,1
V/V87.jpg,V,V,0.9930993318557739,300,1
V/V872.jpg,V,V,0.9928892850875854,300,1
V/V873.jpg,V,V,0.9928988218307495,300,1
V/V875.jpg,V,V,0.992901623249054,300,1
V/V876.jpg,V,V,0.9929143190383911,300,1
V/V883.jpg,V,V,0.9930068254470825,300,1
V/V884.jpg,V,V,0.9930344820022583,300,1
V/V89.jpg,V,V,0.9931417107582092,300,1
V/V890.jpg,V,V,0.9929865002632141,300,1
V/V897.jpg,V,V,0.9930623173713684,300,1
V/V904.jpg,V,V,0.9930168390274048,300,1
V/V905.jpg,V,V,0.9929649829864502,300,1
V/V91.jpg,V,V,0.9930163621902466,300,1
V/V912.jpg,V,V,0.9929431080818176,300,1
V/V913.jpg,V,V,0.9929254055023193,300,1
V/V921.jpg,V,V,0.9929641485214233,300,1
V/V923.jpg,V,V,0.9930024743080139,300,1
V/V925.jpg,V,V,0.9930692911148071,300,1
V/V93.jpg,V,V,0.9930272698402405,300,1
V/V930.jpg,V,V,0.9930360913276672,300,1
V/V934.jpg,V,V,0.9930675029754639,300,1
V/V937.jpg,V,V,0.9930451512336731,300,1
V/V944.jpg,V,V,0.993003785610199,300,1
V/V945.jpg,V,V,0.9930257797241211,300,1
V/V952.jpg,V,V,0.993104875087738,300,1
V/V96.jpg,V,V,0.9930697083473206,300,1
V/V960.jpg,V,V,0.9930007457733154,300,1
V/V965.jpg,V,V,0.9930022358894348,300,1
V/V969.jpg,V,V,0.9929752349853516,300,1
V/V970.jpg,V,V,0.9929630160331726,300,1
V/V972.jpg,V,V,0.9929298758506775,300,1
V/V981.jpg,V,V,0.9930395483970642,300,1
V/V982.jpg,V,V,0.9930170774459839,300,1
V/V983.jpg,V,V,0.9929867386817932,300,1
V/V993.jpg,V,V,0.9929786324501038,300,1
V/V997.jpg,V,V,0.9929681420326233,300,1
W/W1004.jpg,W,W,0.993188738822937,300,1
W/W1008.jpg,W,W,0.9931742548942566,300,1
W/W1009.jpg,W,W,0.993109941482544,300,1
W/W1014.jpg,W,W,0.9931667447090149,300,1
W/W102.jpg,W,W,0.9927517175674438,300,1
W/W1020.jpg,W,W,0.9931893348693848,300,1
W/W1024.jpg,W,W,0.9932045936584473,300,1
W/W104.jpg,W,W,0.9928170442581177,300,1
W/W1049.jpg,W,W,0.9932251572608948,300,1
W/W1054.jpg,W,W,0.9932388067245483,300,1
W/W1056.jpg,W,W,0.9932613968849182,300,1
W/W1059.jpg,W,W,0.9932631850242615,300,1
W/W1060.jpg,W,W,0.9932376146316528,300,1
W/W1062.jpg,W,W,0.9931649565696716,300,1
W/W1063.jpg,W,W,0.9930908679962158,300,1
W/W1065.jpg,W,W,0.9931818842887878,300,1
W/W1071.jpg,W,W,0.993113100528717,300,1
W/W1074.jpg,W,W,0.9931279420852661,300,1
W/W1080.jpg,W,W,0.9930992126464844,300,1
W/W1090.jpg,W,W,0.9931355714797974,300,1
W/W1094.jpg,W,W,0.9931829571723938,300,1
W/W1097.jpg,W,W,0.9931193590164185,300,1
W/W110.jpg,W,W,0.992790699005127,300,1
W/W1100.jpg,W,W,0.993177056312561,300,1
W/W1102.jpg,W,W,0.993187427520752,300,1
W/W1106.jpg,W,W,0.9932089447975159,300,1
W/W1107.jpg,W,W,0.9931507110595703,300,1
W/W1114.jpg,W,W,0.9931749701499939,300,1
W/W1116.jpg,W,W,0.9931322932243347,300,1
W/W1118.jpg,W,W,0.9931517839431763,300,1
W/W1123.jpg,W,W,0.9931573271751404,300,1
W/W1131.jpg,W,W,0.9931375980377197,300,1
W/W1136.jpg,W,W,0.9931567311286926,300,1
W/W1139.jpg,W,W,0.9931186437606812,300,1
W/W1144.jpg,W,W,0.9931898713111877,300,1
W/W1145.jpg,W,W,0.993124783039093,300,1
W/W1149.jpg,W,W,0.9931417107582092,300,1
W/W1154.jpg,W,W,0.9931166172027588,300,1
W/W1155.jpg,W,W,0.9930843114852905,300,1
W/W1158.jpg,W,W,0.9930815100669861,300,1
W/W1161.jpg,W,W,0.9930692911148071,300,1
W/W1163.jpg,W,W,0.993002712726593,300,1
W/W1165.jpg,W,W,0.9931133389472961,300,1
W/W1169.jpg,W,W,0.9931594133377075,300,1
W/W1171.jpg,W,W,0.9931643605232239,300,1
W/W1173.jpg,W,W,0.9931500554084778,300,1
W/W1177.jpg,W,W,0.9932907819747925,300,1
W/W118.jpg,W,W,0.9928250312805176,300,1
W/W1186.jpg,W,W,0.9932661056518555,300,1
W/W1188.jpg,W,W,0.9932977557182312,300,1
W/W1191.jpg,W,W,0.9932650327682495,300,1
W/W1192.jpg,W,W,0.9932880997657776,300,1
W/W1198.jpg,W,W,0.9933130145072937,300,1
W/W1214.jpg,W,W,0.9932458996772766,300,1
W/W1227.jpg,W,W,0.9932838678359985,300,1
W/W1229.jpg,W,W,0.9932722449302673,300,1
W/W1230.jpg,W,W,0.9932718873023987,300,1
W/W1233.jpg,W,W,0.9933027029037476,300,1
W/W1238.jpg,W,W,0.9932669401168823,300,1
W/W1241.jpg,W,W,0.993269145488739,300,1
W/W1243.jpg,W,W,0.9933043122291565,300,1
W/W1244.jpg,W,W,0.9932901859283447,300,1
W/W1245.jpg,W,W,0.9933134913444519,300,1
W/W1252.jpg,W,W,0.9932302236557007,300,1
W/W1262.jpg,W,W,0.9932485818862915,300,1
W/W1271.jpg,W,W,0.9933449029922485,300,1
W/W1272.jpg,W,W,0.9932916164398193,300,1
W/W1276.jpg,W,W,0.9932733774185181,300,1
W/W1277.jpg,W,W,0.9933143258094788,300,1
W/W1279.jpg,W,W,0.9931774139404297,300,1
W/W1284.jpg,W,W,0.9932783246040344,300,1
W/W1288.jpg,W,W,0.9932112097740173,300,1
W/W1291.jpg,W,W,0.9931439161300659,300,1
W/W1292.jpg,W,W,0.9931539297103882,300,1
W/W13.jpg,W,W,0.993109941482544,300,1
W/W1309.jpg,W,W,0.9931398034095764,300,1
W/W1315.jpg,W,W,0.9932069182395935,300,1
W/W1330.jpg,W,W,0.9932547211647034,300,1
W/W1333.jpg,W,W,0.9932448267936707,300,1
W/W1335.jpg,W,W,0.9930928945541382,300,1
W/W1344.jpg,W,W,0.9930514097213745,300,1
W/W1345.jpg,W,W,0.9930805563926697,300,1
W/W1367.jpg,W,W,0.9929516911506653,300,1
W/W1372.jpg,W,W,0.9930105805397034,300,1
W/W1373.jpg,W,W,0.993085503578186,300,1
W/W1377.jpg,W,W,0.9930756092071533,300,1
W/W1380.jpg,W,W,0.9931336641311646,300,1
W/W1383.jpg,W,W,0.9931589961051941,300,1
W/W1384.jpg,W,W,0.9932448267936707,300,1
W/W1389.jpg,W,W,0.9932520985603333,300,1
W/W1391.jpg,W,W,0.993206262588501,300,1
W/W1399.jpg,W,W,0.9931566119194031,300,1
W/W14.jpg,W,W,0.9931280612945557,300,1
W/W1401.jpg,W,W,0.9931949377059937,300,1
W/W1402.jpg,W,W,0.9931243062019348,300,1
W/W1411.jpg,W,W,0.9931681156158447,300,1
W/W1412.jpg,W,W,0.9931836724281311,300,1
W/W1416.jpg,W,W,0.993139922618866,300,1
W/W1418.jpg,W,W,0.9931521415710449,300,1
W/W1419.jpg,W,W,0.9930890202522278,300,1
W/W1424.jpg,W,W,0.993168830871582,300,1
W/W143.jpg,W,W,0.9926968216896057,300,1
W/W1448.jpg,W,W,0.9933339953422546,300,1
W/W1452.jpg,W,W,0.9933013916015625,300,1
W/W1455.jpg,W,W,0.9931759238243103,300,1
W/W146.jpg,W,W,0.9926959276199341,300,1
W/W147.jpg,W,W,0.9927329421043396,300,1
W/W1477.jpg,W,W,0.9931579232215881,300,1
W/W1487.jpg,W,W,0.993071973323822,300,1
W/W1493.jpg,W,W,0.9930425882339478,300,1
W/W1500.jpg,W,W,0.9929525256156921,300,1
W/W1504.jpg,W,W,0.9929960370063782,300,1
W/W1517.jpg,W,W,0.993023157119751,300,1
W/W152.jpg,W,W,0.9928138852119446,300,1
W/W1524.jpg,W,W,0.9929187893867493,300,1
W/W1526.jpg,W,W,0.9930465817451477,300,1
W/W1535.jpg,W,W,0.9930043816566467,300,1
W/W1538.jpg,W,W,0.9930723309516907,300,1
W/W154.jpg,W,W,0.9928682446479797,300,1
W/W1542.jpg,W,W,0.9930931329727173,300,1
W/W1543.jpg,W,W,0.9931429624557495,300,1
W/W1544.jpg,W,W,0.9931486248970032,300,1
W/W1563.jpg,W,W,0.9932490587234497,300,1
W/W1567.jpg,W,W,0.9932739734649658,300,1
W/W1569.jpg,W,W,0.9932020306587219,300,1
W/W1574.jpg,W,W,0.9931979179382324,300,1
W/W1576.jpg,W,W,0.9931893348693848,300,1
W/W1585.jpg,W,W,0.9933090209960938,300,1
W/W1589.jpg,W,W,0.9932352900505066,300,1
W/W159.jpg,W,W,0.992863118648529,300,1
W/W1616.jpg,W,W,0.9932067394256592,300,1
W/W1618.jpg,W,W,0.9932101368904114,300,1
W/W162.jpg,W,W,0.9929157495498657,300,1
W/W1620.jpg,W,W,0.9932335019111633,300,1
W/W1626.jpg,W,W,0.9932153224945068,300,1
W/W1629.jpg,W,W,0.993286669254303,300,1
W/W1633.jpg,W,W,0.9932297468185425,300,1
W/W1635.jpg,W,W,0.9932565689086914,300,1
W/W1636.jpg,W,W,0.9931986927986145,300,1
W/W1638.jpg,W,W,0.9933022260665894,300,1
W/W1640.jpg,W,W,0.9932951331138611,300,1
W/W1644.jpg,W,W,0.9932788014411926,300,1
W/W1658.jpg,W,W,0.9932218790054321,300,1
W/W1662.jpg,W,W,0.993289053440094,300,1
W/W1666.jpg,W,W,0.9932709336280823,300,1
W/W1673.jpg,W,W,0.9932295083999634,300,1
W/W1676.jpg,W,W,0.9931445121765137,300,1
W/W168.jpg,W,W,0.9928414821624756,300,1
W/W1684.jpg,W,W,0.9932055473327637,300,1
W/W1685.jpg,W,W,0.9932409524917603,300,1
W/W1686.jpg,W,W,0.9932054281234741,300,1
W/W169.jpg,W,W,0.9928579330444336,300,1
W/W1695.jpg,W,W,0.9933117628097534,300,1
W/W1697.jpg,W,W,0.9932258725166321,300,1
W/W1698.jpg,W,W,0.9931759238243103,300,1
W/W1699.jpg,W,W,0.9931977987289429,300,1
W/W1700.jpg,W,W,0.9931326508522034,300,1
W/W1702.jpg,W,W,0.993220329284668,300,1
W/W1703.jpg,W,W,0.9931569695472717,300,1
W/W1705.jpg,W,W,0.9931865930557251,300,1
W/W1711.jpg,W,W,0.9928923845291138,300,1
W/W1720.jpg,W,W,0.9929146766662598,300,1
W/W1731.jpg,W,W,0.9929707646369934,300,1
W/W1734.jpg,W,W,0.9930353164672852,300,1
W/W1737.jpg,W,W,0.9930031895637512,300,1
W/W1738.jpg,W,W,0.9930161237716675,300,1
W/W1744.jpg,W,W,0.9931060671806335,300,1
W/W175.jpg,W,W,0.9929274916648865,300,1
W/W1750.jpg,W,W,0.9931541681289673,300,1
W/W1762.jpg,W,W,0.9931960105895996,300,1
W/W1771.jpg,W,W,0.9932293891906738,300,1
W/W1772.jpg,W,W,0.993323028087616,300,1
W/W1779.jpg,W,W,0.9932659864425659,300,1
W/W1780.jpg,W,W,0.9932411909103394,300,1
W/W1782.jpg,W,W,0.9932659864425659,300,1
W/W1786.jpg,W,W,0.9933725595474243,300,1
W/W179.jpg,W,W,0.9929410219192505,300,1
W/W1797.jpg,W,W,0.9932000041007996,300,1
W/W1799.jpg,W,W,0.9932451844215393,300,1
W/W1801.jpg,W,W,0.993177056312561,300,1
W/W1812.jpg,W,W,0.9930635094642639,300,1
W/W1815.jpg,W,W,0.9931302666664124,300,1
W/W1816.jpg,W,W,0.9931445121765137,300,1
W/W1817.jpg,W,W,0.9931414723396301,300,1
W/W1818.jpg,W,W,0.9931254386901855,300,1
W/W1824.jpg,W,W,0.9931249618530273,300,1
W/W1826.jpg,W,W,0.9931320548057556,300,1
W/W1836.jpg,W,W,0.993074893951416,300,1
W/W184.jpg,W,W,0.9930514097213745,300,1
W/W1843.jpg,W,W,0.9932055473327637,300,1
W/W1850.jpg,W,W,0.9932471513748169,300,1
W/W1857.jpg,W,W,0.9932299852371216,300,1
W/W1859.jpg,W,W,0.9932442307472229,300,1
W/W1862.jpg,W,W,0.9932199716567993,300,1
W/W1863.jpg,W,W,0.993179202079773,300,1
W/W1864.jpg,W,W,0.9931750893592834,300,1
W/W1865.jpg,W,W,0.9931797981262207,300,1
W/W1868.jpg,W,W,0.9931918978691101,300,1
W/W1873.jpg,W,W,0.9932172894477844,300,1
W/W1875.jpg,W,W,0.9932445883750916,300,1
W/W1882.jpg,W,W,0.9933335185050964,300,1
W/W1883.jpg,W,W,0.9933153986930847,300,1
W/W1888.jpg,W,W,0.9931419491767883,300,1
W/W1889.jpg,W,W,0.9932115077972412,300,1
W/W1905.jpg,W,W,0.993133544921875,300,1
W/W1907.jpg,W,W,0.9931394457817078,300,1
W/W1911.jpg,W,W,0.9930980801582336,300,1
W/W1919.jpg,W,W,0.9932443499565125,300,1
W/W1921.jpg,W,W,0.9932171702384949,300,1
W/W1923.jpg,W,W,0.9932470321655273,300,1
W/W193.jpg,W,W,0.9928963780403137,300,1
W/W1931.jpg,W,W,0.9932057857513428,300,1
W/W1932.jpg,W,W,0.993125319480896,300,1
W/W1935.jpg,W,W,0.993195652961731,300,1
W/W1940.jpg,W,W,0.9931360483169556,300,1
W/W1946.jpg,W,W,0.9931581616401672,300,1
W/W1951.jpg,W,W,0.993232011795044,300,1
W/W1953.jpg,W,W,0.9931974411010742,300,1
W/W1954.jpg,W,W,0.9931968450546265,300,1
W/W1959.jpg,W,W,0.9932768940925598,300,1
W/W1968.jpg,W,W,0.9932119846343994,300,1
W/W1969.jpg,W,W,0.9932095408439636,300,1
W/W1970.jpg,W,W,0.9932271838188171,300,1
W/W1971.jpg,W,W,0.9931775331497192,300,1
W/W1973.jpg,W,W,0.9932532906532288,300,1
W/W1975.jpg,W,W,0.9931455850601196,300,1
W/W1981.jpg,W,W,0.9932337403297424,300,1
W/W1984.jpg,W,W,0.9931440353393555,300,1
W/W1996.jpg,W,W,0.9931377172470093,300,1
W/W2006.jpg,W,W,0.9931950569152832,300,1
W/W2009.jpg,W,W,0.9931328892707825,300,1
W/W2011.jpg,W,W,0.9931364059448242,300,1
W/W202.jpg,W,W,0.9928467869758606,300,1
W/W2020.jpg,W,W,0.993026614189148,300,1
W/W203.jpg,W,W,0.9927773475646973,300,1
W/W2035.jpg,W,W,0.9929715991020203,300,1
W/W204.jpg,W,W,0.9928476810455322,300,1
W/W2041.jpg,W,W,0.9931201934814453,300,1
W/W2042.jpg,W,W,0.993122398853302,300,1
W/W2043.jpg,W,W,0.9930907487869263,300,1
W/W2045.jpg,W,W,0.9931010007858276,300,1
W/W2056.jpg,W,W,0.993037760257721,300,1
W/W2063.jpg,W,W,0.9929273724555969,300,1
W/W2064.jpg,W,W,0.9929935336112976,300,1
W/W2069.jpg,W,W,0.9929103255271912,300,1
W/W2073.jpg,W,W,0.9929260015487671,300,1
W/W2078.jpg,W,W,0.992912232875824,300,1
W/W2079.jpg,W,W,0.9930316209793091,300,1
W/W2082.jpg,W,W,0.9931055903434753,300,1
W/W2083.jpg,W,W,0.993010938167572,300,1
W/W2092.jpg,W,W,0.9930661916732788,300,1
W/W2095.jpg,W,W,0.9930847883224487,300,1
W/W2097.jpg,W,W,0.993057131767273,300,1
W/W2098.jpg,W,W,0.9930574893951416,300,1
W/W2106.jpg,W,W,0.9930155277252197,300,1
W/W211.jpg,W,W,0.9928597211837769,300,1
W/W2112.jpg,W,W,0.9930821061134338,300,1
W/W2118.jpg,W,W,0.9930163621902466,300,1
W/W2119.jpg,W,W,0.9930651187896729,300,1
W/W2124.jpg,W,W,0.9931342601776123,300,1
W/W2128.jpg,W,W,0.9932409524917603,300,1
W/W213.jpg,W,W,0.9928131699562073,300,1
W/W2132.jpg,W,W,0.9931879043579102,300,1
W/W2133.jpg,W,W,0.9931393265724182,300,1
W/W2134.jpg,W,W,0.9931643605232239,300,1
W/W214.jpg,W,W,0.9927430152893066,300,1
W/W2157.jpg,W,W,0.993103563785553,300,1
W/W2162.jpg,W,W,0.993097722530365,300,1
W/W2164.jpg,W,W,0.9931336641311646,300,1
W/W2167.jpg,W,W,0.9930919408798218,300,1
W/W217.jpg,W,W,0.9927527904510498,300,1
W/W2174.jpg,W,W,0.9931020736694336,300,1
W/W218.jpg,W,W,0.9927288293838501,300,1
W/W2182.jpg,W,W,0.9931164979934692,300,1
W/W2192.jpg,W,W,0.9931409955024719,300,1
W/W2200.jpg,W,W,0.993133008480072,300,1
W/W2208.jpg,W,W,0.9931110143661499,300,1
W/W2211.jpg,W,W,0.9930858612060547,300,1
W/W2214.jpg,W,W,0.9931435585021973,300,1
W/W2219.jpg,W,W,0.9931482672691345,300,1
W/W2224.jpg,W,W,0.993037760257721,300,1
W/W2226.jpg,W,W,0.993107795715332,300,1
W/W2229.jpg,W,W,0.9930722117424011,300,1
W/W2238.jpg,W,W,0.9932490587234497,300,1
W/W2239.jpg,W,W,0.9932524561882019,300,1
W/W225.jpg,W,W,0.9926857948303223,300,1
W/W2250.jpg,W,W,0.9931314587593079,300,1
W/W2261.jpg,W,W,0.9932301044464111,300,1
W/W2263.jpg,W,W,0.9932013154029846,300,1
W/W2265.jpg,W,W,0.9932030439376831,300,1
W/W2275.jpg,W,W,0.9931111335754395,300,1
W/W2279.jpg,W,W,0.9931662678718567,300,1
W/W2294.jpg,W,W,0.9932171702384949,300,1
W/W2296.jpg,W,W,0.993154764175415,300,1
W/W2302.jpg,W,W,0.9931228756904602,300,1
W/W2303.jpg,W,W,0.993145227432251,300,1
W/W2306.jpg,W,W,0.9930751323699951,300,1
W/W2307.jpg,W,W,0.9929760694503784,300,1
W/W2309.jpg,W,W,0.9929922819137573,300,1
W/W231.jpg,W,W,0.9925938248634338,300,1
W/W2310.jpg,W,W,0.9930824041366577,300,1
W/W2314.jpg,W,W,0.9930457472801208,300,1
W/W233.jpg,W,W,0.992588996887207,300,1
W/W2340.jpg,W,W,0.9927417039871216,300,1
W/W2345.jpg,W,W,0.9928091764450073,300,1
W/W2353.jpg,W,W,0.9928026795387268,300,1
W/W2356.jpg,W,W,0.9927532076835632,300,1
W/W2358.jpg,W,W,0.9927453398704529,300,1
W/W2362.jpg,W,W,0.9928277134895325,300,1
W/W2363.jpg,W,W,0.9927936792373657,300,1
W/W2365.jpg,W,W,0.9928677082061768,300,1
W/W2367.jpg,W,W,0.9928156137466431,300,1
W/W2370.jpg,W,W,0.9928836822509766,300,1
W/W2375.jpg,W,W,0.9928720593452454,300,1
W/W2380.jpg,W,W,0.9930002689361572,300,1
W/W2398.jpg,W,W,0.9928271174430847,300,1
W/W2399.jpg,W,W,0.9929013848304749,300,1
W/W2413.jpg,W,W,0.9930811524391174,300,1
W/W2425.jpg,W,W,0.9929800629615784,300,1
W/W243.jpg,W,W,0.9927558302879333,300,1
W/W2437.jpg,W,W,0.9930635094642639,300,1
W/W244.jpg,W,W,0.992743968963623,300,1
W/W2441.jpg,W,W,0.9931093454360962,300,1
W/W2444.jpg,W,W,0.9930678606033325,300,1
W/W2446.jpg,W,W,0.9931220412254333,300,1
W/W2450.jpg,W,W,0.993035078048706,300,1
W/W2454.jpg,W,W,0.9931038022041321,300,1
W/W2460.jpg,W,W,0.9930500984191895,300,1
W/W247.jpg,W,W,0.9928044676780701,300,1
W/W2474.jpg,W,W,0.9930879473686218,300,1
W/W2481.jpg,W,W,0.9930467009544373,300,1
W/W2490.jpg,W,W,0.9930642247200012,300,1
W/W2497.jpg,W,W,0.9929426908493042,300,1
W/W250.jpg,W,W,0.9928241968154907,300,1
W/W2503.jpg,W,W,0.992972731590271,300,1
W/W2506.jpg,W,W,0.9930154085159302,300,1
W/W2508.jpg,W,W,0.993036687374115,300,1
W/W2511.jpg,W,W,0.9930291771888733,300,1
W/W2518.jpg,W,W,0.9931602478027344,300,1
W/W252.jpg,W,W,0.9927969574928284,300,1
W/W2520.jpg,W,W,0.9931625127792358,300,1
W/W2522.jpg,W,W,0.9931761622428894,300,1
W/W2524.jpg,W,W,0.9931268692016602,300,1
W/W2525.jpg,W,W,0.9931361675262451,300,1
W/W2531.jpg,W,W,0.9931106567382812,300,1
W/W2532.jpg,W,W,0.9931080341339111,300,1
W/W2538.jpg,W,W,0.9931291341781616,300,1
W/W2540.jpg,W,W,0.9931738972663879,300,1
W/W2542.jpg,W,W,0.993164598941803,300,1
W/W2544.jpg,W,W,0.9930845499038696,300,1
W/W2562.jpg,W,W,0.9930883049964905,300,1
W/W2563.jpg,W,W,0.9930699467658997,300,1
W/W257.jpg,W,W,0.9927297234535217,300,1
W/W2581.jpg,W,W,0.9929507970809937,300,1
W/W2585.jpg,W,W,0.9929272532463074,300,1
W/W2587.jpg,W,W,0.9928902387619019,300,1
W/W2588.jpg,W,W,0.9929028153419495,300,1
W/W259.jpg,W,W,0.9927679300308228,300,1
W/W2595.jpg,W,W,0.9928755760192871,300,1
W/W260.jpg,W,W,0.9928107857704163,300,1
W/W2605.jpg,W,W,0.9927868247032166,300,1
W/W2613.jpg,W,W,0.9927616715431213,300,1
W/W2615.jpg,W,W,0.9927512407302856,300,1
W/W262.jpg,W,W,0.9928648471832275,300,1
W/W2626.jpg,W,W,0.9929673671722412,300,1
W/W2627.jpg,W,W,0.9929760694503784,300,1
W/W2628.jpg,W,W,0.9929434657096863,300,1
W/W263.jpg,W,W,0.9928653240203857,300,1
W/W2633.jpg,W,W,0.992960512638092,300,1
W/W2635.jpg,W,W,0.9928907155990601,300,1
W/W2637.jpg,W,W,0.9929123520851135,300,1
W/W2638.jpg,W,W,0.9929108023643494,300,1
W/W2639.jpg,W,W,0.9929153919219971,300,1
W/W2643.jpg,W,W,0.992912232875824,300,1
W/W2644.jpg,W,W,0.9929155111312866,300,1
W/W2645.jpg,W,W,0.9929146766662598,300,1
W/W2648.jpg,W,W,0.9929742813110352,300,1
W/W2653.jpg,W,W,0.9929197430610657,300,1
W/W2666.jpg,W,W,0.9929353594779968,300,1
W/W2667.jpg,W,W,0.9928984642028809,300,1
W/W2668.jpg,W,W,0.9929060935974121,300,1
W/W2670.jpg,W,W,0.9929424524307251,300,1
W/W2676.jpg,W,W,0.9929526448249817,300,1
W/W268.jpg,W,W,0.9929115176200867,300,1
W/W2684.jpg,W,W,0.9928839206695557,300,1
W/W2687.jpg,W,W,0.9928258657455444,300,1
W/W2688.jpg,W,W,0.9928429126739502,300,1
W/W2689.jpg,W,W,0.9928951859474182,300,1
W/W271.jpg,W,W,0.9929105639457703,300,1
W/W2715.jpg,W,W,0.9929624199867249,300,1
W/W2719.jpg,W,W,0.9930422306060791,300,1
W/W2727.jpg,W,W,0.9930112957954407,300,1
W/W2729.jpg,W,W,0.9929694533348083,300,1
W/W2735.jpg,W,W,0.9930227994918823,300,1
W/W2743.jpg,W,W,0.9929721355438232,300,1
W/W2744.jpg,W,W,0.9930070638656616,300,1
W/W2746.jpg,W,W,0.992970883846283,300,1
W/W2751.jpg,W,W,0.9929013848304749,300,1
W/W2754.jpg,W,W,0.9929240942001343,300,1
W/W2765.jpg,W,W,0.9929569959640503,300,1
W/W2777.jpg,W,W,0.9929065704345703,300,1
W/W2783.jpg,W,W,0.9929376244544983,300,1
W/W2786.jpg,W,W,0.9929414987564087,300,1
W/W2788.jpg,W,W,0.9929513335227966,300,1
W/W2789.jpg,W,W,0.9929218888282776,300,1
W/W2794.jpg,W,W,0.9929895401000977,300,1
W/W2797.jpg,W,W,0.9929949641227722,300,1
W/W2799.jpg,W,W,0.9930434226989746,300,1
W/W2807.jpg,W,W,0.9929317235946655,300,1
W/W281.jpg,W,W,0.9928079843521118,300,1
W/W2815.jpg,W,W,0.9929592609405518,300,1
W/W2818.jpg,W,W,0.9929870963096619,300,1
W/W2819.jpg,W,W,0.9929537177085876,300,1
W/W2822.jpg,W,W,0.9929549098014832,300,1
W/W2824.jpg,W,W,0.992988646030426,300,1
W/W2827.jpg,W,W,0.9930017590522766,300,1
W/W2829.jpg,W,W,0.9930094480514526,300,1
W/W2832.jpg,W,W,0.9929476976394653,300,1
W/W2838.jpg,W,W,0.9928501844406128,300,1
W/W284.jpg,W,W,0.9928556084632874,300,1
W/W2842.jpg,W,W,0.9927933216094971,300,1
W/W2843.jpg,W,W,0.9927436113357544,300,1
W/W287.jpg,W,W,0.9928641319274902,300,1
W/W2874.jpg,W,W,0.9928175210952759,300,1
W/W2875.jpg,W,W,0.9928238391876221,300,1
W/W2881.jpg,W,W,0.992836058139801,300,1
W/W2887.jpg,W,W,0.9928359389305115,300,1
W/W2888.jpg,W,W,0.9928218722343445,300,1
W/W2896.jpg,W,W,0.99289470911026,300,1
W/W2899.jpg,W,W,0.9928655624389648,300,1
W/W2904.jpg,W,W,0.9928693175315857,300,1
W/W2909.jpg,W,W,0.9929847717285156,300,1
W/W2914.jpg,W,W,0.9930919408798218,300,1
W/W2916.jpg,W,W,0.993133544921875,300,1
W/W2922.jpg,W,W,0.993114173412323,300,1
W/W2925.jpg,W,W,0.9930747747421265,300,1
W/W2933.jpg,W,W,0.9930503368377686,300,1
W/W2937.jpg,W,W,0.9930334091186523,300,1
W/W2943.jpg,W,W,0.99294114112854,300,1
W/W2944.jpg,W,W,0.9929577112197876,300,1
W/W2946.jpg,W,W,0.9929230213165283,300,1
W/W2957.jpg,W,W,0.9930593967437744,300,1
W/W2963.jpg,W,W,0.9930762052536011,300,1
W/W2970.jpg,W,W,0.993137776851654,300,1
W/W2974.jpg,W,W,0.9931830763816833,300,1
W/W2978.jpg,W,W,0.9931119680404663,300,1
W/W2979.jpg,W,W,0.9931207299232483,300,1
W/W2980.jpg,W,W,0.9931352138519287,300,1
W/W2990.jpg,W,W,0.993172824382782,300,1
W/W2999.jpg,W,W,0.9932208061218262,300,1
W/W309.jpg,W,W,0.9927096366882324,300,1
W/W312.jpg,W,W,0.9926853179931641,300,1
W/W316.jpg,W,W,0.992620587348938,300,1
W/W32.jpg,W,W,0.9929783940315247,300,1
W/W323.jpg,W,W,0.992774248123169,300,1
W/W335.jpg,W,W,0.9928290247917175,300,1
W/W34.jpg,W,W,0.9929754734039307,300,1
W/W340.jpg,W,W,0.9927654266357422,300,1
W/W342.jpg,W,W,0.9927459359169006,300,1
W/W344.jpg,W,W,0.9927432537078857,300,1
W/W367.jpg,W,W,0.992857813835144,300,1
W/W372.jpg,W,W,0.992893636226654,300,1
W/W38.jpg,W,W,0.9929214119911194,300,1
W/W383.jpg,W,W,0.9930194020271301,300,1
W/W389.jpg,W,W,0.9930105805397034,300,1
W/W39.jpg,W,W,0.9929159879684448,300,1
W/W390.jpg,W,W,0.9929848313331604,300,1
W/W393.jpg,W,W,0.9930312633514404,300,1
W/W395.jpg,W,W,0.9930658340454102,300,1
W/W400.jpg,W,W,0.993070662021637,300,1
W/W402.jpg,W,W,0.9930405616760254,300,1
W/W412.jpg,W,W,0.9930000305175781,300,1
W/W420.jpg,W,W,0.9930354952812195,300,1
W/W425.jpg,W,W,0.9931406378746033,300,1
W/W43.jpg,W,W,0.9929432272911072,300,1
W/W433.jpg,W,W,0.9930018782615662,300,1
W/W434.jpg,W,W,0.9930141568183899,300,1
W/W446.jpg,W,W,0.9929161071777344,300,1
W/W454.jpg,W,W,0.9928030371665955,300,1
W/W457.jpg,W,W,0.9927905797958374,300,1
W/W461.jpg,W,W,0.9928078651428223,300,1
W/W464.jpg,W,W,0.9927676916122437,300,1
W/W465.jpg,W,W,0.9927123785018921,300,1
W/W466.jpg,W,W,0.9927183389663696,300,1
W/W471.jpg,W,W,0.9926844835281372,300,1
W/W474.jpg,W,W,0.9926431775093079,300,1
W/W486.jpg,W,W,0.9927018880844116,300,1
W/W487.jpg,W,W,0.992734432220459,300,1
W/W49.jpg,W,W,0.993069052696228,300,1
W/W490.jpg,W,W,0.9927021265029907,300,1
W/W492.jpg,W,W,0.9927138686180115,300,1
W/W495.jpg,W,W,0.9928011894226074,300,1
W/W5.jpg,W,W,0.9929934144020081,300,1
W/W502.jpg,W,W,0.9926525354385376,300,1
W/W504.jpg,W,W,0.9927217364311218,300,1
W/W513.jpg,W,W,0.992793083190918,300,1
W/W519.jpg,W,W,0.9927945733070374,300,1
W/W526.jpg,W,W,0.9927971959114075,300,1
W/W535.jpg,W,W,0.9928202033042908,300,1
W/W536.jpg,W,W,0.9927881360054016,300,1
W/W54.jpg,W,W,0.9930453896522522,300,1
W/W550.jpg,W,W,0.9928130507469177,300,1
W/W556.jpg,W,W,0.9929603934288025,300,1
W/W558.jpg,W,W,0.9929764866828918,300,1
W/W559.jpg,W,W,0.9929815530776978,300,1
W/W567.jpg,W,W,0.9929787516593933,300,1
W/W569.jpg,W,W,0.9930177927017212,300,1
W/W576.jpg,W,W,0.9930792450904846,300,1
W/W582.jpg,W,W,0.9929474592208862,300,1
W/W587.jpg,W,W,0.9929980039596558,300,1
W/W593.jpg,W,W,0.992982029914856,300,1
W/W594.jpg,W,W,0.9929630160331726,300,1
W/W609.jpg,W,W,0.9929496049880981,300,1
W/W61.jpg,W,W,0.9930375218391418,300,1
W/W611.jpg,W,W,0.9929220080375671,300,1
W/W612.jpg,W,W,0.9929534792900085,300,1
W/W62.jpg,W,W,0.9929878115653992,300,1
W/W626.jpg,W,W,0.9930254220962524,300,1
W/W63.jpg,W,W,0.9930429458618164,300,1
W/W634.jpg,W,W,0.9930048584938049,300,1
W/W637.jpg,W,W,0.9930301308631897,300,1
W/W640.jpg,W,W,0.9930815100669861,300,1
W/W643.jpg,W,W,0.9930410385131836,300,1
W/W645.jpg,W,W,0.9930636286735535,300,1
W/W648.jpg,W,W,0.9931151270866394,300,1
W/W65.jpg,W,W,0.9930192828178406,300,1
W/W651.jpg,W,W,0.9930760860443115,300,1
W/W654.jpg,W,W,0.9930559992790222,300,1
W/W655.jpg,W,W,0.9930626749992371,300,1
W/W66.jpg,W,W,0.9930285811424255,300,1
W/W660.jpg,W,W,0.9930423498153687,300,1
W/W665.jpg,W,W,0.9930238723754883,300,1
W/W667.jpg,W,W,0.9930364489555359,300,1
W/W674.jpg,W,W,0.9930897355079651,300,1
W/W677.jpg,W,W,0.9931154847145081,300,1
W/W679.jpg,W,W,0.9930644631385803,300,1
W/W698.jpg,W,W,0.993066668510437,300,1
W/W705.jpg,W,W,0.9930374026298523,300,1
W/W71.jpg,W,W,0.9929814338684082,300,1
W/W711.jpg,W,W,0.992994487285614,300,1
W/W716.jpg,W,W,0.9929156303405762,300,1
W/W719.jpg,W,W,0.9928926229476929,300,1
W/W722.jpg,W,W,0.9929062128067017,300,1
W/W727.jpg,W,W,0.992891788482666,300,1
W/W73.jpg,W,W,0.9930145740509033,300,1
W/W735.jpg,W,W,0.9929353594779968,300,1
W/W736.jpg,W,W,0.9929594993591309,300,1
W/W739.jpg,W,W,0.9929552674293518,300,1
W/W740.jpg,W,W,0.9929524064064026,300,1
W/W742.jpg,W,W,0.9929510354995728,300,1
W/W744.jpg,W,W,0.9929620623588562,300,1
W/W748.jpg,W,W,0.9929713606834412,300,1
W/W75.jpg,W,W,0.9930104613304138,300,1
W/W754.jpg,W,W,0.9930000305175781,300,1
W/W760.jpg,W,W,0.9929242134094238,300,1
W/W761.jpg,W,W,0.9929355978965759,300,1
W/W763.jpg,W,W,0.9929764866828918,300,1
W/W774.jpg,W,W,0.9929277300834656,300,1
W/W778.jpg,W,W,0.992962658405304,300,1
W/W787.jpg,W,W,0.9928920269012451,300,1
W/W793.jpg,W,W,0.9929156303405762,300,1
W/W798.jpg,W,W,0.9929317235946655,300,1
W/W8.jpg,W,W,0.9930456280708313,300,1
W/W80.jpg,W,W,0.9930179119110107,300,1
W/W806.jpg,W,W,0.9929022192955017,300,1
W/W81.jpg,W,W,0.9930045008659363,300,1
W/W810.jpg,W,W,0.9928877949714661,300,1
W/W814.jpg,W,W,0.9929327964782715,300,1
W/W815.jpg,W,W,0.9929758310317993,300,1
W/W834.jpg,W,W,0.9929876923561096,300,1
W/W844.jpg,W,W,0.9929386973381042,300,1
W/W846.jpg,W,W,0.9929141998291016,300,1
W/W847.jpg,W,W,0.9928939938545227,300,1
W/W848.jpg,W,W,0.9929414987564087,300,1
W/W851.jpg,W,W,0.9929113984107971,300,1
W/W852.jpg,W,W,0.9929220080375671,300,1
W/W856.jpg,W,W,0.9928748607635498,300,1
W/W859.jpg,W,W,0.9928615689277649,300,1
W/W873.jpg,W,W,0.9928377270698547,300,1
W/W877.jpg,W,W,0.9928051829338074,300,1
W/W878.jpg,W,W,0.9928368926048279,300,1
W/W888.jpg,W,W,0.9928021430969238,300,1
W/W89.jpg,W,W,0.9930397272109985,300,1
W/W891.jpg,W,W,0.9928626418113708,300,1
W/W904.jpg,W,W,0.9929448962211609,300,1
W/W906.jpg,W,W,0.992923378944397,300,1
W/W909.jpg,W,W,0.9929805994033813,300,1
W/W921.jpg,W,W,0.9929100871086121,300,1
W/W926.jpg,W,W,0.9929130673408508,300,1
W/W932.jpg,W,W,0.9929684996604919,300,1
W/W935.jpg,W,W,0.9930204749107361,300,1
W/W937.jpg,W,W,0.9929888844490051,300,1
W/W940.jpg,W,W,0.9929810762405396,300,1
W/W953.jpg,W,W,0.9929311275482178,300,1
W/W958.jpg,W,W,0.9929186701774597,300,1
W/W963.jpg,W,W,0.992875337600708,300,1
W/W979.jpg,W,W,0.9929386973381042,300,1
W/W980.jpg,W,W,0.9929234981536865,300,1
W/W986.jpg,W,W,0.9928715825080872,300,1
W/W987.jpg,W,W,0.9928461909294128,300,1
X/X1000.jpg,X,X,0.9932936429977417,300,1
X/X1006.jpg,X,X,0.9931904673576355,300,1
X/X1008.jpg,X,X,0.993109941482544,300,1
X/X1016.jpg,X,X,0.9931517839431763,300,1
X/X1017.jpg,X,X,0.9931375980377197,300,1
X/X1021.jpg,X,X,0.9931892156600952,300,1
X/X1025.jpg,X,X,0.9930972456932068,300,1
X/X1032.jpg,X,X,0.9932259917259216,300,1
X/X1034.jpg,X,X,0.9931154847145081,300,1
X/X1035.jpg,X,X,0.9930492639541626,300,1
X/X1041.jpg,X,X,0.9931343793869019,300,1
X/X1047.jpg,X,X,0.9930251836776733,300,1
X/X1048.jpg,X,X,0.9930989146232605,300,1
X/X1050.jpg,X,X,0.9931116104125977,300,1
X/X1052.jpg,X,X,0.9928308129310608,300,1
X/X1056.jpg,X,X,0.9928321838378906,300,1
X/X1065.jpg,X,X,0.9929613471031189,300,1
X/X1069.jpg,X,X,0.9930282235145569,300,1
X/X1076.jpg,X,X,0.9930946826934814,300,1
X/X1092.jpg,X,X,0.993240475654602,300,1
X/X1093.jpg,X,X,0.9932698607444763,300,1
X/X1104.jpg,X,X,0.9931641221046448,300,1
X/X1108.jpg,X,X,0.9932767152786255,300,1
X/X1111.jpg,X,X,0.9932302236557007,300,1
X/X1116.jpg,X,X,0.9930889010429382,300,1
X/X1121.jpg,X,X,0.9932117462158203,300,1
X/X1123.jpg,X,X,0.9930766820907593,300,1
X/X1124.jpg,X,X,0.9932523369789124,300,1
X/X1127.jpg,X,X,0.9933445453643799,300,1
X/X1131.jpg,X,X,0.9931477904319763,300,1
X/X1139.jpg,X,X,0.9932162165641785,300,1
X/X114.jpg,X,X,0.9932007193565369,300,1
X/X1144.jpg,X,X,0.9930346012115479,300,1
X/X1146.jpg,X,X,0.9931172132492065,300,1
X/X1148.jpg,X,X,0.9930290579795837,300,1
X/X1155.jpg,X,X,0.9930810332298279,300,1
X/X116.jpg,X,X,0.9931653141975403,300,1
X/X1162.jpg,X,X,0.9931029081344604,300,1
X/X1167.jpg,X,X,0.9928857684135437,300,1
X/X1169.jpg,X,X,0.9928697943687439,300,1
X/X117.jpg,X,X,0.9932141304016113,300,1
X/X1172.jpg,X,X,0.9931486248970032,300,1
X/X1173.jpg,X,X,0.9931352138519287,300,1
X/X1178.jpg,X,X,0.9930464625358582,300,1
X/X1180.jpg,X,X,0.9930887818336487,300,1
X/X1185.jpg,X,X,0.9931861162185669,300,1
X/X1192.jpg,X,X,0.9928901195526123,300,1
X/X1202.jpg,X,X,0.9929607510566711,300,1
X/X1203.jpg,X,X,0.9929628968238831,300,1
X/X1234.jpg,X,X,0.9930750131607056,300,1
X/X1235.jpg,X,X,0.9931273460388184,300,1
X/X1241.jpg,X,X,0.9930694699287415,300,1
X/X1244.jpg,X,X,0.9931350946426392,300,1
X/X1247.jpg,X,X,0.9931944608688354,300,1
X/X1251.jpg,X,X,0.9930563569068909,300,1
X/X1252.jpg,X,X,0.992988646030426,300,1
X/X1254.jpg,X,X,0.9930799603462219,300,1
X/X1255.jpg,X,X,0.9930750131607056,300,1
X/X1258.jpg,X,X,0.9929571151733398,300,1
X/X1260.jpg,X,X,0.9930485486984253,300,1
X/X1262.jpg,X,X,0.9930758476257324,300,1
X/X1263.jpg,X,X,0.993046224117279,300,1
X/X127.jpg,X,X,0.9933306574821472,300,1
X/X1275.jpg,X,X,0.992935836315155,300,1
X/X1276.jpg,X,X,0.9930001497268677,300,1
X/X128.jpg,X,X,0.9933424592018127,300,1
X/X1283.jpg,X,X,0.9928433299064636,300,1
X/X1285.jpg,X,X,0.9929056167602539,300,1
X/X1288.jpg,X,X,0.9928826093673706,300,1
X/X1291.jpg,X,X,0.9929768443107605,300,1
X/X1292.jpg,X,X,0.9928696751594543,300,1
X/X1297.jpg,X,X,0.9929961562156677,300,1
X/X1298.jpg,X,X,0.9928945899009705,300,1
X/X1300.jpg,X,X,0.9929893016815186,300,1
X/X1302.jpg,X,X,0.9929519295692444,300,1
X/X1306.jpg,X,X,0.9930528998374939,300,1
X/X1311.jpg,X,X,0.9930059909820557,300,1
X/X1316.jpg,X,X,0.9931220412254333,300,1
X/X1328.jpg,X,X,0.9930287003517151,300,1
X/X1330.jpg,X,X,0.9930649399757385,300,1
X/X1338.jpg,X,X,0.9930908679962158,300,1
X/X1339.jpg,X,X,0.9930258989334106,300,1
X/X1342.jpg,X,X,0.9928908348083496,300,1
X/X1350.jpg,X,X,0.9928211569786072,300,1
X/X1357.jpg,X,X,0.9928003549575806,300,1
X/X1360.jpg,X,X,0.9930843114852905,300,1
X/X1361.jpg,X,X,0.9930682182312012,300,1
X/X1362.jpg,X,X,0.9931474328041077,300,1
X/X1373.jpg,X,X,0.9929463267326355,300,1
X/X1377.jpg,X,X,0.9923689365386963,300,1
X/X1381.jpg,X,X,0.9926067590713501,300,1
X/X1384.jpg,X,X,0.9927459359169006,300,1
X/X1403.jpg,X,X,0.9929450154304504,300,1
X/X1410.jpg,X,X,0.9931753277778625,300,1
X/X1411.jpg,X,X,0.9931760430335999,300,1
X/X1412.jpg,X,X,0.9931265115737915,300,1
X/X1417.jpg,X,X,0.9932158589363098,300,1
X/X1419.jpg,X,X,0.9930007457733154,300,1
X/X1430.jpg,X,X,0.9927123785018921,300,1
X/X1433.jpg,X,X,0.9927048087120056,300,1
X/X1436.jpg,X,X,0.9928344488143921,300,1
X/X1455.jpg,X,X,0.9932554960250854,300,1
X/X1460.jpg,X,X,0.9928908348083496,300,1
X/X1469.jpg,X,X,0.9931730628013611,300,1
X/X1472.jpg,X,X,0.993093729019165,300,1
X/X1474.jpg,X,X,0.9931324124336243,300,1
X/X1482.jpg,X,X,0.9931480288505554,300,1
X/X1483.jpg,X,X,0.9933211207389832,300,1
X/X1497.jpg,X,X,0.9932079911231995,300,1
X/X1499.jpg,X,X,0.9931324124336243,300,1
X/X1501.jpg,X,X,0.9928383231163025,300,1
X/X1507.jpg,X,X,0.9927290081977844,300,1
X/X1512.jpg,X,X,0.993008017539978,300,1
X/X1513.jpg,X,X,0.9929527640342712,300,1
X/X1517.jpg,X,X,0.9931286573410034,300,1
X/X1518.jpg,X,X,0.99298495054245,300,1
X/X1520.jpg,X,X,0.9930439591407776,300,1
X/X1528.jpg,X,X,0.9931447505950928,300,1
X/X1529.jpg,X,X,0.9931446313858032,300,1
X/X1536.jpg,X,X,0.9929961562156677,300,1
X/X1537.jpg,X,X,0.9930036664009094,300,1
X/X1544.jpg,X,X,0.9931657910346985,300,1
X/X1546.jpg,X,X,0.9931974411010742,300,1
X/X1547.jpg,X,X,0.9931151270866394,300,1
X/X1548.jpg,X,X,0.9931638836860657,300,1
X/X1550.jpg,X,X,0.9932116270065308,300,1
X/X1557.jpg,X,X,0.9929799437522888,300,1
X/X1563.jpg,X,X,0.9929887652397156,300,1
X/X1568.jpg,X,X,0.992980420589447,300,1
X/X1574.jpg,X,X,0.9931182861328125,300,1
X/X1577.jpg,X,X,0.9931822419166565,300,1
X/X1584.jpg,X,X,0.9931120276451111,300,1
X/X1585.jpg,X,X,0.9932030439376831,300,1
X/X1592.jpg,X,X,0.9931463599205017,300,1
X/X1599.jpg,X,X,0.9932546019554138,300,1
X/X1601.jpg,X,X,0.9930046200752258,300,1
X/X1607.jpg,X,X,0.9931186437606812,300,1
X/X1609.jpg,X,X,0.9931079149246216,300,1
X/X1611.jpg,X,X,0.993226945400238,300,1
X/X1613.jpg,X,X,0.9931990504264832,300,1
X/X1618.jpg,X,X,0.9931339025497437,300,1
X/X1627.jpg,X,X,0.9930813908576965,300,1
X/X1628.jpg,X,X,0.9930340051651001,300,1
X/X1629.jpg,X,X,0.9930602312088013,300,1
X/X1633.jpg,X,X,0.9928478002548218,300,1
X/X1635.jpg,X,X,0.9927669763565063,300,1
X/X1636.jpg,X,X,0.9928593635559082,300,1
X/X1639.jpg,X,X,0.9931265115737915,300,1
X/X1645.jpg,X,X,0.9930093288421631,300,1
X/X1662.jpg,X,X,0.9931681156158447,300,1
X/X1666.jpg,X,X,0.9931021928787231,300,1
X/X1669.jpg,X,X,0.9930672645568848,300,1
X/X167.jpg,X,X,0.9933387637138367,300,1
X/X1670.jpg,X,X,0.9931541681289673,300,1
X/X1677.jpg,X,X,0.9929290413856506,300,1
X/X1684.jpg,X,X,0.9930776357650757,300,1
X/X169.jpg,X,X,0.9933261871337891,300,1
X/X1695.jpg,X,X,0.9929510354995728,300,1
X/X170.jpg,X,X,0.9933016300201416,300,1
X/X1700.jpg,X,X,0.993083119392395,300,1
X/X1707.jpg,X,X,0.992996871471405,300,1
X/X1710.jpg,X,X,0.9930009841918945,300,1
X/X1711.jpg,X,X,0.9930516481399536,300,1
X/X1713.jpg,X,X,0.993020236492157,300,1
X/X1716.jpg,X,X,0.9930403232574463,300,1
X/X1717.jpg,X,X,0.9930158853530884,300,1
X/X1722.jpg,X,X,0.9929774403572083,300,1
X/X1732.jpg,X,X,0.9928818941116333,300,1
X/X1737.jpg,X,X,0.9930236339569092,300,1
X/X1743.jpg,X,X,0.9928955435752869,300,1
X/X1746.jpg,X,X,0.9929717183113098,300,1
X/X1749.jpg,X,X,0.9928695559501648,300,1
X/X175.jpg,X,X,0.9933672547340393,300,1
X/X1756.jpg,X,X,0.9929099678993225,300,1
X/X1757.jpg,X,X,0.9929221868515015,300,1
X/X1761.jpg,X,X,0.9929782748222351,300,1
X/X1763.jpg,X,X,0.9929894208908081,300,1
X/X1768.jpg,X,X,0.9929632544517517,300,1
X/X1769.jpg,X,X,0.9929977655410767,300,1
X/X1774.jpg,X,X,0.9931636452674866,300,1
X/X1777.jpg,X,X,0.9932295083999634,300,1
X/X1779.jpg,X,X,0.9931602478027344,300,1
X/X1780.jpg,X,X,0.993059515953064,300,1
X/X1784.jpg,X,X,0.9931825995445251,300,1
X/X1786.jpg,X,X,0.9931620359420776,300,1
X/X1793.jpg,X,X,0.9931378960609436,300,1
X/X1795.jpg,X,X,0.9931885004043579,300,1
X/X1801.jpg,X,X,0.9931556582450867,300,1
X/X1822.jpg,X,X,0.9932523369789124,300,1
X/X1829.jpg,X,X,0.9932640790939331,300,1
X/X1835.jpg,X,X,0.9932020306587219,300,1
X/X1836.jpg,X,X,0.9932884573936462,300,1
X/X1842.jpg,X,X,0.993368923664093,300,1
X/X1846.jpg,X,X,0.9932196736335754,300,1
X/X1848.jpg,X,X,0.9932532906532288,300,1
X/X1849.jpg,X,X,0.993289053440094,300,1
X/X1855.jpg,X,X,0.9931443929672241,300,1
X/X1870.jpg,X,X,0.9931923747062683,300,1
X/X1875.jpg,X,X,0.9932267069816589,300,1
X/X1881.jpg,X,X,0.9932215213775635,300,1
X/X1894.jpg,X,X,0.9931960105895996,300,1
X/X1895.jpg,X,X,0.9932584762573242,300,1
X/X1896.jpg,X,X,0.9932417273521423,300,1
X/X1901.jpg,X,X,0.9932740926742554,300,1
X/X1907.jpg,X,X,0.9931584000587463,300,1
X/X191.jpg,X,X,0.993312656879425,300,1
X/X1915.jpg,X,X,0.9931422472000122,300,1
X/X1921.jpg,X,X,0.9931949377059937,300,1
X/X1926.jpg,X,X,0.9931668639183044,300,1
X/X1928.jpg,X,X,0.9930933713912964,300,1
X/X1931.jpg,X,X,0.9931529760360718,300,1
X/X1937.jpg,X,X,0.9929652214050293,300,1
X/X1940.jpg,X,X,0.9930069446563721,300,1
X/X1942.jpg,X,X,0.993065357208252,300,1
X/X1946.jpg,X,X,0.9930636286735535,300,1
X/X1964.jpg,X,X,0.9932097792625427,300,1
X/X1967.jpg,X,X,0.9931743741035461,300,1
X/X1976.jpg,X,X,0.9931204319000244,300,1
X/X1981.jpg,X,X,0.9931492209434509,300,1
X/X1987.jpg,X,X,0.9930688142776489,300,1
X/X1997.jpg,X,X,0.9930275082588196,300,1
X/X1999.jpg,X,X,0.9930042624473572,300,1
X/X2004.jpg,X,X,0.9930552840232849,300,1
X/X2009.jpg,X,X,0.9930838346481323,300,1
X/X2015.jpg,X,X,0.9931843876838684,300,1
X/X2017.jpg,X,X,0.9931545257568359,300,1
X/X2019.jpg,X,X,0.9931118488311768,300,1
X/X202.jpg,X,X,0.9933788776397705,300,1
X/X2021.jpg,X,X,0.993071973323822,300,1
X/X2025.jpg,X,X,0.9930898547172546,300,1
X/X2030.jpg,X,X,0.9930822849273682,300,1
X/X2031.jpg,X,X,0.9930638670921326,300,1
X/X2032.jpg,X,X,0.9930484294891357,300,1
X/X2033.jpg,X,X,0.9931467175483704,300,1
X/X2037.jpg,X,X,0.9929688572883606,300,1
X/X2039.jpg,X,X,0.992933988571167,300,1
X/X2043.jpg,X,X,0.993018388748169,300,1
X/X2047.jpg,X,X,0.9930751323699951,300,1
X/X2050.jpg,X,X,0.9930458664894104,300,1
X/X2055.jpg,X,X,0.9931485056877136,300,1
X/X2060.jpg,X,X,0.9931315779685974,300,1
X/X2066.jpg,X,X,0.992974042892456,300,1
X/X2068.jpg,X,X,0.9930271506309509,300,1
X/X2069.jpg,X,X,0.9929488897323608,300,1
X/X2071.jpg,X,X,0.9930099248886108,300,1
X/X2077.jpg,X,X,0.993003785610199,300,1
X/X2080.jpg,X,X,0.9930012226104736,300,1
X/X2085.jpg,X,X,0.9930732846260071,300,1
X/X2087.jpg,X,X,0.9929718375205994,300,1
X/X209.jpg,X,X,0.9933605790138245,300,1
X/X2090.jpg,X,X,0.9930636286735535,300,1
X/X2092.jpg,X,X,0.9928683638572693,300,1
X/X2114.jpg,X,X,0.9929288029670715,300,1
X/X2116.jpg,X,X,0.9929037690162659,300,1
X/X2117.jpg,X,X,0.9929875731468201,300,1
X/X2126.jpg,X,X,0.9928551316261292,300,1
X/X2134.jpg,X,X,0.9931027889251709,300,1
X/X2138.jpg,X,X,0.9931459426879883,300,1
X/X2144.jpg,X,X,0.9929889440536499,300,1
X/X2146.jpg,X,X,0.993021547794342,300,1
X/X2148.jpg,X,X,0.9931280612945557,300,1
X/X2149.jpg,X,X,0.9930956959724426,300,1
X/X2150.jpg,X,X,0.9929317235946655,300,1
X/X2152.jpg,X,X,0.9930846691131592,300,1
X/X2157.jpg,X,X,0.9930746555328369,300,1
X/X2160.jpg,X,X,0.9931026697158813,300,1
X/X2164.jpg,X,X,0.9930830001831055,300,1
X/X2166.jpg,X,X,0.9931951761245728,300,1
X/X2167.jpg,X,X,0.9931673407554626,300,1
X/X2169.jpg,X,X,0.9931393265724182,300,1
X/X2188.jpg,X,X,0.9931621551513672,300,1
X/X2195.jpg,X,X,0.9932330250740051,300,1
X/X2196.jpg,X,X,0.9931475520133972,300,1
X/X2202.jpg,X,X,0.9931654334068298,300,1
X/X2203.jpg,X,X,0.9931496977806091,300,1
X/X2204.jpg,X,X,0.9931239485740662,300,1
X/X2219.jpg,X,X,0.9932286739349365,300,1
X/X2225.jpg,X,X,0.9931671023368835,300,1
X/X2228.jpg,X,X,0.9931628704071045,300,1
X/X2239.jpg,X,X,0.9932283759117126,300,1
X/X2241.jpg,X,X,0.9932050704956055,300,1
X/X2257.jpg,X,X,0.9932131767272949,300,1
X/X2258.jpg,X,X,0.993130624294281,300,1
X/X2268.jpg,X,X,0.9932211637496948,300,1
X/X227.jpg,X,X,0.9934050440788269,300,1
X/X2277.jpg,X,X,0.9932039976119995,300,1
X/X2280.jpg,X,X,0.9932426810264587,300,1
X/X2282.jpg,X,X,0.993191659450531,300,1
X/X2283.jpg,X,X,0.9932721257209778,300,1
X/X2289.jpg,X,X,0.9932994842529297,300,1
X/X2295.jpg,X,X,0.9930709004402161,300,1
X/X2296.jpg,X,X,0.9930520057678223,300,1
X/X230.jpg,X,X,0.9933423399925232,300,1
X/X2312.jpg,X,X,0.9927322268486023,300,1
X/X2313.jpg,X,X,0.992723286151886,300,1
X/X2316.jpg,X,X,0.992720901966095,300,1
X/X2319.jpg,X,X,0.9931129813194275,300,1
X/X2326.jpg,X,X,0.9931083917617798,300,1
X/X2334.jpg,X,X,0.9931765198707581,300,1
X/X2337.jpg,X,X,0.9930744171142578,300,1
X/X2343.jpg,X,X,0.9930897355079651,300,1
X/X2346.jpg,X,X,0.993164598941803,300,1
X/X2352.jpg,X,X,0.9931065440177917,300,1
X/X2356.jpg,X,X,0.9931973218917847,300,1
X/X2358.jpg,X,X,0.9931676983833313,300,1
X/X2359.jpg,X,X,0.9931226372718811,300,1
X/X2362.jpg,X,X,0.993166983127594,300,1
X/X2364.jpg,X,X,0.9931691884994507,300,1
X/X2368.jpg,X,X,0.9931774139404297,300,1
X/X2377.jpg,X,X,0.9932711720466614,300,1
X/X2378.jpg,X,X,0.9931899905204773,300,1
X/X2382.jpg,X,X,0.9932159781455994,300,1
X/X239.jpg,X,X,0.9933630228042603,300,1
X/X2393.jpg,X,X,0.9931094646453857,300,1
X/X2400.jpg,X,X,0.9931173324584961,300,1
X/X2409.jpg,X,X,0.9930659532546997,300,1
X/X2413.jpg,X,X,0.9931265115737915,300,1
X/X2416.jpg,X,X,0.9931724667549133,300,1
X/X2419.jpg,X,X,0.9930184483528137,300,1
X/X2424.jpg,X,X,0.993062436580658,300,1
X/X2429.jpg,X,X,0.9930630326271057,300,1
X/X2433.jpg,X,X,0.9932077527046204,300,1
X/X2439.jpg,X,X,0.9934170246124268,300,1
X/X2445.jpg,X,X,0.9933359622955322,300,1
X/X2449.jpg,X,X,0.9933189153671265,300,1
X/X2450.jpg,X,X,0.9933425784111023,300,1
X/X2451.jpg,X,X,0.9933660626411438,300,1
X/X2456.jpg,X,X,0.9932714104652405,300,1
X/X2460.jpg,X,X,0.9931675791740417,300,1
X/X2462.jpg,X,X,0.9932230710983276,300,1
X/X2467.jpg,X,X,0.993222713470459,300,1
X/X2475.jpg,X,X,0.9932063817977905,300,1
X/X2481.jpg,X,X,0.9931320548057556,300,1
X/X2485.jpg,X,X,0.9930281043052673,300,1
X/X2486.jpg,X,X,0.9930826425552368,300,1
X/X249.jpg,X,X,0.9933463335037231,300,1
X/X2492.jpg,X,X,0.9929774403572083,300,1
X/X2493.jpg,X,X,0.9930034279823303,300,1
X/X2495.jpg,X,X,0.9930645823478699,300,1
X/X2498.jpg,X,X,0.9932182431221008,300,1
X/X250.jpg,X,X,0.9933546781539917,300,1
X/X2506.jpg,X,X,0.9928843975067139,300,1
X/X2514.jpg,X,X,0.9928649663925171,300,1
X/X2523.jpg,X,X,0.9928592443466187,300,1
X/X2529.jpg,X,X,0.9927663803100586,300,1
X/X2539.jpg,X,X,0.9929912090301514,300,1
X/X2550.jpg,X,X,0.992942214012146,300,1
X/X2552.jpg,X,X,0.9930423498153687,300,1
X/X2557.jpg,X,X,0.9929956793785095,300,1
X/X256.jpg,X,X,0.9933443069458008,300,1
X/X2562.jpg,X,X,0.9929913282394409,300,1
X/X2567.jpg,X,X,0.9929602742195129,300,1
X/X2573.jpg,X,X,0.9928727149963379,300,1
X/X2578.jpg,X,X,0.9928665161132812,300,1
X/X2583.jpg,X,X,0.9928380846977234,300,1
X/X2584.jpg,X,X,0.9928501844406128,300,1
X/X2589.jpg,X,X,0.9928022027015686,300,1
X/X2591.jpg,X,X,0.9928210377693176,300,1
X/X2596.jpg,X,X,0.9929331541061401,300,1
X/X2601.jpg,X,X,0.9929861426353455,300,1
X/X2612.jpg,X,X,0.9930657148361206,300,1
X/X2624.jpg,X,X,0.993037760257721,300,1
X/X2626.jpg,X,X,0.9930137991905212,300,1
X/X263.jpg,X,X,0.9934333562850952,300,1
X/X2631.jpg,X,X,0.992986261844635,300,1
X/X2632.jpg,X,X,0.9929842948913574,300,1
X/X2637.jpg,X,X,0.9928550124168396,300,1
X/X2645.jpg,X,X,0.9928058981895447,300,1
X/X2646.jpg,X,X,0.9928362965583801,300,1
X/X2653.jpg,X,X,0.993075966835022,300,1
X/X2667.jpg,X,X,0.9931893348693848,300,1
X/X2669.jpg,X,X,0.9932125806808472,300,1
X/X2671.jpg,X,X,0.9932287931442261,300,1
X/X2674.jpg,X,X,0.9931612014770508,300,1
X/X2688.jpg,X,X,0.9929443001747131,300,1
X/X2689.jpg,X,X,0.9929599165916443,300,1
X/X2692.jpg,X,X,0.9930673837661743,300,1
X/X271.jpg,X,X,0.9934073686599731,300,1
X/X2711.jpg,X,X,0.9931017160415649,300,1
X/X2712.jpg,X,X,0.9931029081344604,300,1
X/X2715.jpg,X,X,0.9930498600006104,300,1
X/X2721.jpg,X,X,0.9929618239402771,300,1
X/X2722.jpg,X,X,0.9929706454277039,300,1
X/X2723.jpg,X,X,0.9930115342140198,300,1
X/X2726.jpg,X,X,0.9929054975509644,300,1
X/X2731.jpg,X,X,0.9929096102714539,300,1
X/X2739.jpg,X,X,0.9928796887397766,300,1
X/X2749.jpg,X,X,0.9928602576255798,300,1
X/X2751.jpg,X,X,0.9928081035614014,300,1
X/X2754.jpg,X,X,0.9927732348442078,300,1
X/X2757.jpg,X,X,0.9928552508354187,300,1
X/X276.jpg,X,X,0.9933909177780151,300,1
X/X2761.jpg,X,X,0.992954432964325,300,1
X/X2763.jpg,X,X,0.9930081367492676,300,1
X/X2765.jpg,X,X,0.9930671453475952,300,1
X/X277.jpg,X,X,0.9933517575263977,300,1
X/X2772.jpg,X,X,0.9929664134979248,300,1
X/X2778.jpg,X,X,0.9930001497268677,300,1
X/X2781.jpg,X,X,0.9930152893066406,300,1
X/X2788.jpg,X,X,0.9930092096328735,300,1
X/X279.jpg,X,X,0.9933388829231262,300,1
X/X2802.jpg,X,X,0.9927141070365906,300,1
X/X2804.jpg,X,X,0.9927005767822266,300,1
X/X2808.jpg,X,X,0.9927710890769958,300,1
X/X2812.jpg,X,X,0.9928467869758606,300,1
X/X2813.jpg,X,X,0.9928736686706543,300,1
X/X2815.jpg,X,X,0.9928563833236694,300,1
X/X2820.jpg,X,X,0.9928948283195496,300,1
X/X2821.jpg,X,X,0.992974042892456,300,1
X/X2824.jpg,X,X,0.9930738210678101,300,1
X/X2829.jpg,X,X,0.9931718111038208,300,1
X/X2833.jpg,X,X,0.9932477474212646,300,1
X/X2836.jpg,X,X,0.9932021498680115,300,1
X/X2843.jpg,X,X,0.992960512638092,300,1
X/X2845.jpg,X,X,0.9930492639541626,300,1
X/X2848.jpg,X,X,0.9929710030555725,300,1
X/X2851.jpg,X,X,0.9930135607719421,300,1
X/X2858.jpg,X,X,0.9929220080375671,300,1
X/X2863.jpg,X,X,0.9928355813026428,300,1
X/X2873.jpg,X,X,0.9929141998291016,300,1
X/X2883.jpg,X,X,0.9927980899810791,300,1
X/X2893.jpg,X,X,0.992890477180481,300,1
X/X2906.jpg,X,X,0.9929072856903076,300,1
X/X2907.jpg,X,X,0.9928890466690063,300,1
X/X2913.jpg,X,X,0.9929336309432983,300,1
X/X2925.jpg,X,X,0.9929094314575195,300,1
X/X2929.jpg,X,X,0.9928159713745117,300,1
X/X293.jpg,X,X,0.993259847164154,300,1
X/X2931.jpg,X,X,0.9927423000335693,300,1
X/X2935.jpg,X,X,0.9926455020904541,300,1
X/X2940.jpg,X,X,0.9926631450653076,300,1
X/X295.jpg,X,X,0.9932559728622437,300,1
X/X2951.jpg,X,X,0.9927553534507751,300,1
X/X2956.jpg,X,X,0.9928017854690552,300,1
X/X2960.jpg,X,X,0.9928184747695923,300,1
X/X2963.jpg,X,X,0.9928197264671326,300,1
X/X2971.jpg,X,X,0.9929220676422119,300,1
X/X298.jpg,X,X,0.9932352900505066,300,1
X/X2982.jpg,X,X,0.9929400682449341,300,1
X/X2995.jpg,X,X,0.9928839206695557,300,1
X/X2997.jpg,X,X,0.9928429126739502,300,1
X/X30.jpg,X,X,0.9933708906173706,300,1
X/X302.jpg,X,X,0.9932002425193787,300,1
X/X313.jpg,X,X,0.9931946992874146,300,1
X/X316.jpg,X,X,0.9932055473327637,300,1
X/X332.jpg,X,X,0.9931918978691101,300,1
X/X338.jpg,X,X,0.9931685924530029,300,1
X/X345.jpg,X,X,0.9932467937469482,300,1
X/X346.jpg,X,X,0.9932895302772522,300,1
X/X347.jpg,X,X,0.9932708144187927,300,1
X/X351.jpg,X,X,0.9932483434677124,300,1
X/X353.jpg,X,X,0.9931663870811462,300,1
X/X355.jpg,X,X,0.9932407140731812,300,1
X/X357.jpg,X,X,0.9932845830917358,300,1
X/X358.jpg,X,X,0.9933165311813354,300,1
X/X36.jpg,X,X,0.9933900833129883,300,1
X/X364.jpg,X,X,0.9931995272636414,300,1
X/X366.jpg,X,X,0.9932882189750671,300,1
X/X368.jpg,X,X,0.9932418465614319,300,1
X/X369.jpg,X,X,0.9932655096054077,300,1
X/X371.jpg,X,X,0.9932363629341125,300,1
X/X372.jpg,X,X,0.9932315349578857,300,1
X/X376.jpg,X,X,0.9931176900863647,300,1
X/X383.jpg,X,X,0.9930623173713684,300,1
X/X388.jpg,X,X,0.9929982423782349,300,1
X/X395.jpg,X,X,0.9930635094642639,300,1
X/X399.jpg,X,X,0.9931232333183289,300,1
X/X405.jpg,X,X,0.993222713470459,300,1
X/X406.jpg,X,X,0.9932344555854797,300,1
X/X412.jpg,X,X,0.9932768940925598,300,1
X/X415.jpg,X,X,0.9932276606559753,300,1
X/X424.jpg,X,X,0.9932424426078796,300,1
X/X425.jpg,X,X,0.9932604432106018,300,1
X/X429.jpg,X,X,0.9933463335037231,300,1
X/X435.jpg,X,X,0.9932814836502075,300,1
X/X436.jpg,X,X,0.9933261871337891,300,1
X/X44.jpg,X,X,0.9932925701141357,300,1
X/X440.jpg,X,X,0.9933459758758545,300,1
X/X445.jpg,X,X,0.9932716488838196,300,1
X/X447.jpg,X,X,0.9932249188423157,300,1
X/X454.jpg,X,X,0.9931995272636414,300,1
X/X466.jpg,X,X,0.9933176040649414,300,1
X/X47.jpg,X,X,0.9932810664176941,300,1
X/X474.jpg,X,X,0.9932413101196289,300,1
X/X475.jpg,X,X,0.9932763576507568,300,1
X/X488.jpg,X,X,0.9932956099510193,300,1
X/X49.jpg,X,X,0.993221640586853,300,1
X/X494.jpg,X,X,0.9933105707168579,300,1
X/X498.jpg,X,X,0.9932106137275696,300,1
X/X499.jpg,X,X,0.9932349324226379,300,1
X/X502.jpg,X,X,0.9932945370674133,300,1
X/X512.jpg,X,X,0.9933233857154846,300,1
X/X515.jpg,X,X,0.9933751225471497,300,1
X/X529.jpg,X,X,0.993306577205658,300,1
X/X530.jpg,X,X,0.9933425784111023,300,1
X/X532.jpg,X,X,0.9934224486351013,300,1
X/X550.jpg,X,X,0.9933843016624451,300,1
X/X552.jpg,X,X,0.9934012293815613,300,1
X/X555.jpg,X,X,0.9933903217315674,300,1
X/X556.jpg,X,X,0.9933508038520813,300,1
X/X561.jpg,X,X,0.9933524131774902,300,1
X/X562.jpg,X,X,0.9934253692626953,300,1
X/X571.jpg,X,X,0.993350088596344,300,1
X/X575.jpg,X,X,0.9932875037193298,300,1
X/X577.jpg,X,X,0.9932423233985901,300,1
X/X58.jpg,X,X,0.9931396842002869,300,1
X/X581.jpg,X,X,0.993240475654602,300,1
X/X582.jpg,X,X,0.9932268261909485,300,1
X/X583.jpg,X,X,0.9933412671089172,300,1
X/X584.jpg,X,X,0.9933132529258728,300,1
X/X59.jpg,X,X,0.9931027889251709,300,1
X/X590.jpg,X,X,0.9933163523674011,300,1
X/X592.jpg,X,X,0.9932379722595215,300,1
X/X594.jpg,X,X,0.9932441115379333,300,1
X/X600.jpg,X,X,0.9932917356491089,300,1
X/X612.jpg,X,X,0.993170976638794,300,1
X/X613.jpg,X,X,0.9931516647338867,300,1
X/X632.jpg,X,X,0.993178129196167,300,1
X/X634.jpg,X,X,0.993208110332489,300,1
X/X642.jpg,X,X,0.9930558800697327,300,1
X/X645.jpg,X,X,0.993095338344574,300,1
X/X653.jpg,X,X,0.9930956959724426,300,1
X/X66.jpg,X,X,0.993157684803009,300,1
X/X662.jpg,X,X,0.9929965138435364,300,1
X/X666.jpg,X,X,0.9930150508880615,300,1
X/X672.jpg,X,X,0.9931540489196777,300,1
X/X677.jpg,X,X,0.9931948184967041,300,1
X/X68.jpg,X,X,0.993161678314209,300,1
X/X680.jpg,X,X,0.9932383298873901,300,1
X/X686.jpg,X,X,0.993259608745575,300,1
X/X687.jpg,X,X,0.9932593703269958,300,1
X/X690.jpg,X,X,0.9932428002357483,300,1
X/X692.jpg,X,X,0.9931733012199402,300,1
X/X703.jpg,X,X,0.993335485458374,300,1
X/X706.jpg,X,X,0.9933033585548401,300,1
X/X71.jpg,X,X,0.993133008480072,300,1
X/X712.jpg,X,X,0.9932258725166321,300,1
X/X713.jpg,X,X,0.9932143688201904,300,1
X/X716.jpg,X,X,0.9931129813194275,300,1
X/X718.jpg,X,X,0.9930657148361206,300,1
X/X727.jpg,X,X,0.9931257963180542,300,1
X/X732.jpg,X,X,0.993340790271759,300,1
X/X736.jpg,X,X,0.9934126734733582,300,1
X/X744.jpg,X,X,0.9933910369873047,300,1
X/X747.jpg,X,X,0.9933446645736694,300,1
X/X75.jpg,X,X,0.993073046207428,300,1
X/X750.jpg,X,X,0.993363618850708,300,1
X/X753.jpg,X,X,0.9934179782867432,300,1
X/X762.jpg,X,X,0.9933098554611206,300,1
X/X764.jpg,X,X,0.9932860732078552,300,1
X/X765.jpg,X,X,0.993340790271759,300,1
X/X770.jpg,X,X,0.9932244420051575,300,1
X/X771.jpg,X,X,0.9932471513748169,300,1
X/X777.jpg,X,X,0.9932202100753784,300,1
X/X780.jpg,X,X,0.993242084980011,300,1
X/X784.jpg,X,X,0.993226945400238,300,1
X/X796.jpg,X,X,0.9932010769844055,300,1
X/X801.jpg,X,X,0.993225634098053,300,1
X/X812.jpg,X,X,0.9932041168212891,300,1
X/X82.jpg,X,X,0.9930441975593567,300,1
X/X825.jpg,X,X,0.9931968450546265,300,1
X/X830.jpg,X,X,0.9931904673576355,300,1
X/X839.jpg,X,X,0.9931550025939941,300,1
X/X854.jpg,X,X,0.9932460784912109,300,1
X/X855.jpg,X,X,0.9932568073272705,300,1
X/X856.jpg,X,X,0.9932629466056824,300,1
X/X863.jpg,X,X,0.9932722449302673,300,1
X/X867.jpg,X,X,0.9932762384414673,300,1
X/X879.jpg,X,X,0.9931187629699707,300,1
X/X88.jpg,X,X,0.993098795413971,300,1
X/X880.jpg,X,X,0.9931702613830566,300,1
X/X883.jpg,X,X,0.9931296706199646,300,1
X/X885.jpg,X,X,0.9930926561355591,300,1
X/X889.jpg,X,X,0.9931212067604065,300,1
X/X890.jpg,X,X,0.9931332468986511,300,1
X/X892.jpg,X,X,0.9931327700614929,300,1
X/X895.jpg,X,X,0.9931199550628662,300,1
X/X897.jpg,X,X,0.9930909872055054,300,1
X/X90.jpg,X,X,0.9931260347366333,300,1
X/X908.jpg,X,X,0.9931105375289917,300,1
X/X919.jpg,X,X,0.9931255578994751,300,1
X/X92.jpg,X,X,0.9931126236915588,300,1
X/X921.jpg,X,X,0.9931252002716064,300,1
X/X922.jpg,X,X,0.9930908679962158,300,1
X/X934.jpg,X,X,0.9931118488311768,300,1
X/X937.jpg,X,X,0.9931703805923462,300,1
X/X945.jpg,X,X,0.9932096600532532,300,1
X/X946.jpg,X,X,0.9931806325912476,300,1
X/X950.jpg,X,X,0.9932284951210022,300,1
X/X951.jpg,X,X,0.9931638836860657,300,1
X/X958.jpg,X,X,0.9931575655937195,300,1
X/X970.jpg,X,X,0.9931657910346985,300,1
X/X975.jpg,X,X,0.9931541681289673,300,1
X/X982.jpg,X,X,0.9932019114494324,300,1
X/X983.jpg,X,X,0.9931750893592834,300,1
X/X985.jpg,X,X,0.9932613968849182,300,1
X/X987.jpg,X,X,0.9932963252067566,300,1
X/X99.jpg,X,X,0.9930970072746277,300,1
X/X995.jpg,X,X,0.9933317303657532,300,1
X/X999.jpg,X,X,0.9933013916015625,300,1
Y/Y10.jpg,Y,Y,0.9927927255630493,300,1
Y/Y1000.jpg,Y,Y,0.9927253723144531,300,1
Y/Y1006.jpg,Y,Y,0.9928117394447327,300,1
Y/Y1010.jpg,Y,Y,0.9928621649742126,300,1
Y/Y1017.jpg,Y,Y,0.9928396940231323,300,1
Y/Y1018.jpg,Y,Y,0.9927005767822266,300,1
Y/Y1025.jpg,Y,Y,0.9927641749382019,300,1
Y/Y1029.jpg,Y,Y,0.9927955269813538,300,1
Y/Y1033.jpg,Y,Y,0.9928228855133057,300,1
Y/Y1034.jpg,Y,Y,0.9928183555603027,300,1
Y/Y1035.jpg,Y,Y,0.992807149887085,300,1
Y/Y1036.jpg,Y,Y,0.9928438067436218,300,1
Y/Y1037.jpg,Y,Y,0.9928103685379028,300,1
Y/Y1039.jpg,Y,Y,0.992752194404602,300,1
Y/Y1044.jpg,Y,Y,0.9927645325660706,300,1
Y/Y1046.jpg,Y,Y,0.992708146572113,300,1
Y/Y1049.jpg,Y,Y,0.9927797913551331,300,1
Y/Y105.jpg,Y,Y,0.9926882982254028,300,1
Y/Y1051.jpg,Y,Y,0.9927834272384644,300,1
Y/Y1058.jpg,Y,Y,0.9928238391876221,300,1
Y/Y1060.jpg,Y,Y,0.9929115176200867,300,1
Y/Y1061.jpg,Y,Y,0.9929192662239075,300,1
Y/Y1063.jpg,Y,Y,0.9928402900695801,300,1
Y/Y1072.jpg,Y,Y,0.9927446842193604,300,1
Y/Y1074.jpg,Y,Y,0.9928353428840637,300,1
Y/Y1075.jpg,Y,Y,0.9927977919578552,300,1
Y/Y1102.jpg,Y,Y,0.9928392171859741,300,1
Y/Y1109.jpg,Y,Y,0.9928412437438965,300,1
Y/Y1113.jpg,Y,Y,0.9928795695304871,300,1
Y/Y1121.jpg,Y,Y,0.9927841424942017,300,1
Y/Y1126.jpg,Y,Y,0.992759108543396,300,1
Y/Y1127.jpg,Y,Y,0.9927341938018799,300,1
Y/Y1129.jpg,Y,Y,0.9926371574401855,300,1
Y/Y1130.jpg,Y,Y,0.9926869869232178,300,1
Y/Y1132.jpg,Y,Y,0.9927144646644592,300,1
Y/Y1133.jpg,Y,Y,0.9927127957344055,300,1
Y/Y1149.jpg,Y,Y,0.9927173852920532,300,1
Y/Y1153.jpg,Y,Y,0.9927626252174377,300,1
Y/Y1157.jpg,Y,Y,0.9927303194999695,300,1
Y/Y1163.jpg,Y,Y,0.992745578289032,300,1
Y/Y1165.jpg,Y,Y,0.9927167296409607,300,1
Y/Y117.jpg,Y,Y,0.9925461411476135,300,1
Y/Y1176.jpg,Y,Y,0.9928211569786072,300,1
Y/Y1177.jpg,Y,Y,0.9928144812583923,300,1
Y/Y1178.jpg,Y,Y,0.9928601384162903,300,1
Y/Y1180.jpg,Y,Y,0.9928652048110962,300,1
Y/Y1182.jpg,Y,Y,0.9928312301635742,300,1
Y/Y1188.jpg,Y,Y,0.9928966164588928,300,1
Y/Y1190.jpg,Y,Y,0.9929304122924805,300,1
Y/Y1195.jpg,Y,Y,0.9928911924362183,300,1
Y/Y1198.jpg,Y,Y,0.9928950667381287,300,1
Y/Y12.jpg,Y,Y,0.9927485585212708,300,1
Y/Y120.jpg,Y,Y,0.9925315976142883,300,1
Y/Y1203.jpg,Y,Y,0.9929973483085632,300,1
Y/Y121.jpg,Y,Y,0.9925491809844971,300,1
Y/Y1221.jpg,Y,Y,0.9928005933761597,300,1
Y/Y1224.jpg,Y,Y,0.992850661277771,300,1
Y/Y1228.jpg,Y,Y,0.9929100871086121,300,1
Y/Y1234.jpg,Y,Y,0.9928134083747864,300,1
Y/Y1247.jpg,Y,Y,0.992836058139801,300,1
Y/Y1248.jpg,Y,Y,0.9928370118141174,300,1
Y/Y1249.jpg,Y,Y,0.9928843975067139,300,1
Y/Y1251.jpg,Y,Y,0.9929110407829285,300,1
Y/Y1253.jpg,Y,Y,0.9928686022758484,300,1
Y/Y126.jpg,Y,Y,0.9925894737243652,300,1
Y/Y1263.jpg,Y,Y,0.9930036664009094,300,1
Y/Y1272.jpg,Y,Y,0.9929770827293396,300,1
Y/Y1277.jpg,Y,Y,0.9930123686790466,300,1
Y/Y1291.jpg,Y,Y,0.9929854273796082,300,1
Y/Y13.jpg,Y,Y,0.9927817583084106,300,1
Y/Y1303.jpg,Y,Y,0.992741048336029,300,1
Y/Y1309.jpg,Y,Y,0.9928668737411499,300,1
Y/Y131.jpg,Y,Y,0.9926531314849854,300,1
Y/Y1315.jpg,Y,Y,0.9927647709846497,300,1
Y/Y1322.jpg,Y,Y,0.9928291440010071,300,1
Y/Y1324.jpg,Y,Y,0.9927299618721008,300,1
Y/Y1326.jpg,Y,Y,0.9928264617919922,300,1
Y/Y1330.jpg,Y,Y,0.992784857749939,300,1
Y/Y1336.jpg,Y,Y,0.9926538467407227,300,1
Y/Y1337.jpg,Y,Y,0.9926190972328186,300,1
Y/Y1347.jpg,Y,Y,0.9925374388694763,300,1
Y/Y1348.jpg,Y,Y,0.9925317168235779,300,1
Y/Y1353.jpg,Y,Y,0.992617666721344,300,1
Y/Y1356.jpg,Y,Y,0.9926982522010803,300,1
Y/Y1358.jpg,Y,Y,0.9927664995193481,300,1
Y/Y1362.jpg,Y,Y,0.9928784966468811,300,1
Y/Y1372.jpg,Y,Y,0.9928110241889954,300,1
Y/Y1373.jpg,Y,Y,0.9928103685379028,300,1
Y/Y1381.jpg,Y,Y,0.9928238391876221,300,1
Y/Y14.jpg,Y,Y,0.9926976561546326,300,1
Y/Y1400.jpg,Y,Y,0.9927794337272644,300,1
Y/Y141.jpg,Y,Y,0.9927145838737488,300,1
Y/Y1417.jpg,Y,Y,0.9928132891654968,300,1
Y/Y1418.jpg,Y,Y,0.9927994012832642,300,1
Y/Y142.jpg,Y,Y,0.992662787437439,300,1
Y/Y1422.jpg,Y,Y,0.9927899837493896,300,1
Y/Y1429.jpg,Y,Y,0.9928519129753113,300,1
Y/Y1430.jpg,Y,Y,0.9928026795387268,300,1
Y/Y1435.jpg,Y,Y,0.9928532242774963,300,1
Y/Y1437.jpg,Y,Y,0.9928752183914185,300,1
Y/Y1438.jpg,Y,Y,0.9928575754165649,300,1
Y/Y1443.jpg,Y,Y,0.992915153503418,300,1
Y/Y1448.jpg,Y,Y,0.9929304122924805,300,1
Y/Y145.jpg,Y,Y,0.9927135109901428,300,1
Y/Y1451.jpg,Y,Y,0.9929018616676331,300,1
Y/Y1452.jpg,Y,Y,0.992863118648529,300,1
Y/Y1455.jpg,Y,Y,0.9928724765777588,300,1
Y/Y1464.jpg,Y,Y,0.9928554892539978,300,1
Y/Y1468.jpg,Y,Y,0.9929022192955017,300,1
Y/Y1469.jpg,Y,Y,0.9929196238517761,300,1
Y/Y1474.jpg,Y,Y,0.9927952885627747,300,1
Y/Y148.jpg,Y,Y,0.9927136301994324,300,1
Y/Y1483.jpg,Y,Y,0.9927809834480286,300,1
Y/Y1488.jpg,Y,Y,0.9928011894226074,300,1
Y/Y1489.jpg,Y,Y,0.992854654788971,300,1
Y/Y1497.jpg,Y,Y,0.992801308631897,300,1
Y/Y1499.jpg,Y,Y,0.9928354620933533,300,1
Y/Y1502.jpg,Y,Y,0.9928319454193115,300,1
Y/Y1503.jpg,Y,Y,0.9928277134895325,300,1
Y/Y1505.jpg,Y,Y,0.9929185509681702,300,1
Y/Y1509.jpg,Y,Y,0.9929583072662354,300,1
Y/Y1512.jpg,Y,Y,0.9929096102714539,300,1
Y/Y1516.jpg,Y,Y,0.9928922653198242,300,1
Y/Y1518.jpg,Y,Y,0.9928568601608276,300,1
Y/Y1520.jpg,Y,Y,0.9929035305976868,300,1
Y/Y1521.jpg,Y,Y,0.9929578304290771,300,1
Y/Y1531.jpg,Y,Y,0.9929602742195129,300,1
Y/Y1547.jpg,Y,Y,0.9928829669952393,300,1
Y/Y1549.jpg,Y,Y,0.9929060935974121,300,1
Y/Y1556.jpg,Y,Y,0.9929578304290771,300,1
Y/Y1562.jpg,Y,Y,0.9929792284965515,300,1
Y/Y1572.jpg,Y,Y,0.9930315017700195,300,1
Y/Y1573.jpg,Y,Y,0.9929808378219604,300,1
Y/Y1578.jpg,Y,Y,0.9930105805397034,300,1
Y/Y1585.jpg,Y,Y,0.9931027889251709,300,1
Y/Y159.jpg,Y,Y,0.9928756952285767,300,1
Y/Y1594.jpg,Y,Y,0.9930188059806824,300,1
Y/Y1599.jpg,Y,Y,0.9929695725440979,300,1
Y/Y16.jpg,Y,Y,0.9926427006721497,300,1
Y/Y1600.jpg,Y,Y,0.9929064512252808,300,1
Y/Y1607.jpg,Y,Y,0.9929556846618652,300,1
Y/Y1614.jpg,Y,Y,0.9929311275482178,300,1
Y/Y1618.jpg,Y,Y,0.9928584098815918,300,1
Y/Y1622.jpg,Y,Y,0.9928461909294128,300,1
Y/Y1623.jpg,Y,Y,0.992936909198761,300,1
Y/Y1625.jpg,Y,Y,0.9928431510925293,300,1
Y/Y1646.jpg,Y,Y,0.9927991628646851,300,1
Y/Y1648.jpg,Y,Y,0.9927977919578552,300,1
Y/Y1651.jpg,Y,Y,0.9927079081535339,300,1
Y/Y1660.jpg,Y,Y,0.9927235245704651,300,1
Y/Y1668.jpg,Y,Y,0.9926756024360657,300,1
Y/Y1671.jpg,Y,Y,0.9926326870918274,300,1
Y/Y168.jpg,Y,Y,0.9927417039871216,300,1
Y/Y1681.jpg,Y,Y,0.9927383065223694,300,1
Y/Y1693.jpg,Y,Y,0.9927771091461182,300,1
Y/Y1697.jpg,Y,Y,0.9928237199783325,300,1
Y/Y17.jpg,Y,Y,0.9926759600639343,300,1
Y/Y171.jpg,Y,Y,0.9927743673324585,300,1
Y/Y1712.jpg,Y,Y,0.9927586317062378,300,1
Y/Y1714.jpg,Y,Y,0.992753803730011,300,1
Y/Y172.jpg,Y,Y,0.9927372336387634,300,1
Y/Y1721.jpg,Y,Y,0.9928066730499268,300,1
Y/Y1722.jpg,Y,Y,0.992797315120697,300,1
Y/Y1729.jpg,Y,Y,0.9928112626075745,300,1
Y/Y1730.jpg,Y,Y,0.9928405284881592,300,1
Y/Y174.jpg,Y,Y,0.9926934242248535,300,1
Y/Y1746.jpg,Y,Y,0.9927293658256531,300,1
Y/Y1750.jpg,Y,Y,0.9926625490188599,300,1
Y/Y1753.jpg,Y,Y,0.9926540851593018,300,1
Y/Y1754.jpg,Y,Y,0.9927517175674438,300,1
Y/Y1766.jpg,Y,Y,0.9927484393119812,300,1
Y/Y1770.jpg,Y,Y,0.9927378296852112,300,1
Y/Y1775.jpg,Y,Y,0.9926844835281372,300,1
Y/Y1776.jpg,Y,Y,0.9926645159721375,300,1
Y/Y1781.jpg,Y,Y,0.9926307201385498,300,1
Y/Y1784.jpg,Y,Y,0.992728590965271,300,1
Y/Y1789.jpg,Y,Y,0.9926375150680542,300,1
Y/Y1790.jpg,Y,Y,0.9926302433013916,300,1
Y/Y1796.jpg,Y,Y,0.9926747679710388,300,1
Y/Y1798.jpg,Y,Y,0.9926837086677551,300,1
Y/Y180.jpg,Y,Y,0.9927185773849487,300,1
Y/Y1800.jpg,Y,Y,0.9927079081535339,300,1
Y/Y1801.jpg,Y,Y,0.9926924705505371,300,1
Y/Y1805.jpg,Y,Y,0.9927499294281006,300,1
Y/Y1809.jpg,Y,Y,0.9926623106002808,300,1
Y/Y1813.jpg,Y,Y,0.9927242398262024,300,1
Y/Y1816.jpg,Y,Y,0.9926746487617493,300,1
Y/Y1819.jpg,Y,Y,0.9926954507827759,300,1
Y/Y1822.jpg,Y,Y,0.992607593536377,300,1
Y/Y1842.jpg,Y,Y,0.9926552772521973,300,1
Y/Y1843.jpg,Y,Y,0.992642343044281,300,1
Y/Y1846.jpg,Y,Y,0.9926475286483765,300,1
Y/Y185.jpg,Y,Y,0.992741048336029,300,1
Y/Y1853.jpg,Y,Y,0.9927305579185486,300,1
Y/Y1854.jpg,Y,Y,0.9927882552146912,300,1
Y/Y1869.jpg,Y,Y,0.9927279949188232,300,1
Y/Y1872.jpg,Y,Y,0.9926984906196594,300,1
Y/Y1877.jpg,Y,Y,0.9928507804870605,300,1
Y/Y1880.jpg,Y,Y,0.9928120970726013,300,1
Y/Y1881.jpg,Y,Y,0.9927616715431213,300,1
Y/Y1882.jpg,Y,Y,0.9927571415901184,300,1
Y/Y1883.jpg,Y,Y,0.9928081035614014,300,1
Y/Y1886.jpg,Y,Y,0.9927932024002075,300,1
Y/Y1896.jpg,Y,Y,0.9925973415374756,300,1
Y/Y19.jpg,Y,Y,0.9926760792732239,300,1
Y/Y1900.jpg,Y,Y,0.992584228515625,300,1
Y/Y1915.jpg,Y,Y,0.9926418662071228,300,1
Y/Y1916.jpg,Y,Y,0.9926990866661072,300,1
Y/Y1919.jpg,Y,Y,0.9926808476448059,300,1
Y/Y192.jpg,Y,Y,0.9927242398262024,300,1
Y/Y1922.jpg,Y,Y,0.9926803112030029,300,1
Y/Y1924.jpg,Y,Y,0.9926459789276123,300,1
Y/Y1932.jpg,Y,Y,0.9928115010261536,300,1
Y/Y1937.jpg,Y,Y,0.9927615523338318,300,1
Y/Y1939.jpg,Y,Y,0.99273282289505,300,1
Y/Y1947.jpg,Y,Y,0.9927433729171753,300,1
Y/Y1952.jpg,Y,Y,0.9927761554718018,300,1
Y/Y1955.jpg,Y,Y,0.9927560687065125,300,1
Y/Y1957.jpg,Y,Y,0.9928101301193237,300,1
Y/Y1958.jpg,Y,Y,0.9927465319633484,300,1
Y/Y1961.jpg,Y,Y,0.9927735924720764,300,1
Y/Y1963.jpg,Y,Y,0.992815375328064,300,1
Y/Y1973.jpg,Y,Y,0.9928681254386902,300,1
Y/Y1975.jpg,Y,Y,0.992815375328064,300,1
Y/Y1976.jpg,Y,Y,0.9927732348442078,300,1
Y/Y198.jpg,Y,Y,0.992760181427002,300,1
Y/Y1980.jpg,Y,Y,0.9928425550460815,300,1
Y/Y1981.jpg,Y,Y,0.9927809834480286,300,1
Y/Y1990.jpg,Y,Y,0.9928421974182129,300,1
Y/Y2.jpg,Y,Y,0.9927238821983337,300,1
Y/Y20.jpg,Y,Y,0.9927073121070862,300,1
Y/Y2003.jpg,Y,Y,0.9928510189056396,300,1
Y/Y2006.jpg,Y,Y,0.9929102063179016,300,1
Y/Y2008.jpg,Y,Y,0.9927741289138794,300,1
Y/Y201.jpg,Y,Y,0.9927763938903809,300,1
Y/Y2011.jpg,Y,Y,0.992849588394165,300,1
Y/Y2012.jpg,Y,Y,0.9929146766662598,300,1
Y/Y2015.jpg,Y,Y,0.9929696917533875,300,1
Y/Y2016.jpg,Y,Y,0.9928523898124695,300,1
Y/Y202.jpg,Y,Y,0.992782473564148,300,1
Y/Y2024.jpg,Y,Y,0.9927855730056763,300,1
Y/Y2028.jpg,Y,Y,0.9927438497543335,300,1
Y/Y203.jpg,Y,Y,0.9927749633789062,300,1
Y/Y2031.jpg,Y,Y,0.9927312731742859,300,1
Y/Y2036.jpg,Y,Y,0.9925992488861084,300,1
Y/Y2038.jpg,Y,Y,0.992651641368866,300,1
Y/Y2042.jpg,Y,Y,0.9928033947944641,300,1
Y/Y2044.jpg,Y,Y,0.9927318692207336,300,1
Y/Y2045.jpg,Y,Y,0.9927800297737122,300,1
Y/Y2046.jpg,Y,Y,0.9928017854690552,300,1
Y/Y2049.jpg,Y,Y,0.9928665161132812,300,1
Y/Y2058.jpg,Y,Y,0.9929347634315491,300,1
Y/Y2060.jpg,Y,Y,0.9928960204124451,300,1
Y/Y2065.jpg,Y,Y,0.992895781993866,300,1
Y/Y2066.jpg,Y,Y,0.9929310083389282,300,1
Y/Y2067.jpg,Y,Y,0.9928840398788452,300,1
Y/Y207.jpg,Y,Y,0.9927472472190857,300,1
Y/Y2086.jpg,Y,Y,0.9928513765335083,300,1
Y/Y2088.jpg,Y,Y,0.9928707480430603,300,1
Y/Y2117.jpg,Y,Y,0.9930157661437988,300,1
Y/Y2119.jpg,Y,Y,0.9929465651512146,300,1
Y/Y2128.jpg,Y,Y,0.9928983449935913,300,1
Y/Y213.jpg,Y,Y,0.9927459359169006,300,1
Y/Y2137.jpg,Y,Y,0.9929976463317871,300,1
Y/Y2138.jpg,Y,Y,0.992923378944397,300,1
Y/Y2139.jpg,Y,Y,0.9929763674736023,300,1
Y/Y2143.jpg,Y,Y,0.9928784966468811,300,1
Y/Y2144.jpg,Y,Y,0.9929131865501404,300,1
Y/Y2147.jpg,Y,Y,0.9929385781288147,300,1
Y/Y2153.jpg,Y,Y,0.9929384589195251,300,1
Y/Y2157.jpg,Y,Y,0.9929550290107727,300,1
Y/Y2163.jpg,Y,Y,0.9929226636886597,300,1
Y/Y2167.jpg,Y,Y,0.9928885102272034,300,1
Y/Y217.jpg,Y,Y,0.9927196502685547,300,1
Y/Y2170.jpg,Y,Y,0.9929621815681458,300,1
Y/Y2176.jpg,Y,Y,0.9929310083389282,300,1
Y/Y218.jpg,Y,Y,0.9927847385406494,300,1
Y/Y2192.jpg,Y,Y,0.9929185509681702,300,1
Y/Y22.jpg,Y,Y,0.9926825165748596,300,1
Y/Y2202.jpg,Y,Y,0.9929869771003723,300,1
Y/Y2220.jpg,Y,Y,0.9930428266525269,300,1
Y/Y2231.jpg,Y,Y,0.993003785610199,300,1
Y/Y2234.jpg,Y,Y,0.9930064678192139,300,1
Y/Y2238.jpg,Y,Y,0.9930180311203003,300,1
Y/Y2240.jpg,Y,Y,0.9930205941200256,300,1
Y/Y2241.jpg,Y,Y,0.9930487871170044,300,1
Y/Y2242.jpg,Y,Y,0.9930561184883118,300,1
Y/Y2246.jpg,Y,Y,0.992895781993866,300,1
Y/Y2249.jpg,Y,Y,0.9928914308547974,300,1
Y/Y2256.jpg,Y,Y,0.9929874539375305,300,1
Y/Y2260.jpg,Y,Y,0.9929172992706299,300,1
Y/Y2265.jpg,Y,Y,0.992865800857544,300,1
Y/Y2267.jpg,Y,Y,0.992796003818512,300,1
Y/Y2274.jpg,Y,Y,0.9927719235420227,300,1
Y/Y2275.jpg,Y,Y,0.9928256273269653,300,1
Y/Y2278.jpg,Y,Y,0.9928942322731018,300,1
Y/Y2287.jpg,Y,Y,0.9928787350654602,300,1
Y/Y2291.jpg,Y,Y,0.9928429126739502,300,1
Y/Y2296.jpg,Y,Y,0.9929353594779968,300,1
Y/Y2300.jpg,Y,Y,0.9928638935089111,300,1
Y/Y2303.jpg,Y,Y,0.9928784966468811,300,1
Y/Y2306.jpg,Y,Y,0.9928083419799805,300,1
Y/Y2307.jpg,Y,Y,0.9929823875427246,300,1
Y/Y2308.jpg,Y,Y,0.9929196238517761,300,1
Y/Y2309.jpg,Y,Y,0.9929465651512146,300,1
Y/Y2311.jpg,Y,Y,0.9929172992706299,300,1
Y/Y2319.jpg,Y,Y,0.9927619099617004,300,1
Y/Y2329.jpg,Y,Y,0.9927425384521484,300,1
Y/Y2330.jpg,Y,Y,0.9927656650543213,300,1
Y/Y2332.jpg,Y,Y,0.9927853345870972,300,1
Y/Y2343.jpg,Y,Y,0.9929230213165283,300,1
Y/Y2344.jpg,Y,Y,0.9930444359779358,300,1
Y/Y2353.jpg,Y,Y,0.9930250644683838,300,1
Y/Y2364.jpg,Y,Y,0.9930705428123474,300,1
Y/Y2367.jpg,Y,Y,0.9930612444877625,300,1
Y/Y2370.jpg,Y,Y,0.9930787682533264,300,1
Y/Y2373.jpg,Y,Y,0.9930731654167175,300,1
Y/Y2379.jpg,Y,Y,0.9930686950683594,300,1
Y/Y2380.jpg,Y,Y,0.9930431842803955,300,1
Y/Y2401.jpg,Y,Y,0.9930245876312256,300,1
Y/Y2403.jpg,Y,Y,0.9930318593978882,300,1
Y/Y2404.jpg,Y,Y,0.9930732846260071,300,1
Y/Y2407.jpg,Y,Y,0.9930096864700317,300,1
Y/Y2417.jpg,Y,Y,0.9929156303405762,300,1
Y/Y2419.jpg,Y,Y,0.9928921461105347,300,1
Y/Y2431.jpg,Y,Y,0.9928648471832275,300,1
Y/Y2433.jpg,Y,Y,0.9928668737411499,300,1
Y/Y2436.jpg,Y,Y,0.9928007125854492,300,1
Y/Y2442.jpg,Y,Y,0.9928569793701172,300,1
Y/Y2443.jpg,Y,Y,0.9928283095359802,300,1
Y/Y2450.jpg,Y,Y,0.9928119778633118,300,1
Y/Y2451.jpg,Y,Y,0.9928781390190125,300,1
Y/Y246.jpg,Y,Y,0.9928016662597656,300,1
Y/Y2470.jpg,Y,Y,0.992992639541626,300,1
Y/Y2474.jpg,Y,Y,0.9929929971694946,300,1
Y/Y2478.jpg,Y,Y,0.9929347634315491,300,1
Y/Y2479.jpg,Y,Y,0.9929500818252563,300,1
Y/Y248.jpg,Y,Y,0.9927465319633484,300,1
Y/Y2480.jpg,Y,Y,0.9929015040397644,300,1
Y/Y2485.jpg,Y,Y,0.9929739236831665,300,1
Y/Y2490.jpg,Y,Y,0.9930543303489685,300,1
Y/Y2492.jpg,Y,Y,0.9930539727210999,300,1
Y/Y2496.jpg,Y,Y,0.9931047558784485,300,1
Y/Y2500.jpg,Y,Y,0.9931548833847046,300,1
Y/Y2501.jpg,Y,Y,0.9926674962043762,300,1
Y/Y2502.jpg,Y,Y,0.9927381873130798,300,1
Y/Y2503.jpg,Y,Y,0.9927453398704529,300,1
Y/Y2520.jpg,Y,Y,0.9928048253059387,300,1
Y/Y2528.jpg,Y,Y,0.9928065538406372,300,1
Y/Y2534.jpg,Y,Y,0.9927514791488647,300,1
Y/Y2546.jpg,Y,Y,0.9927982091903687,300,1
Y/Y2547.jpg,Y,Y,0.9927419424057007,300,1
Y/Y255.jpg,Y,Y,0.9927791953086853,300,1
Y/Y2555.jpg,Y,Y,0.9927796721458435,300,1
Y/Y2564.jpg,Y,Y,0.9927621483802795,300,1
Y/Y2566.jpg,Y,Y,0.9927932024002075,300,1
Y/Y2574.jpg,Y,Y,0.992780864238739,300,1
Y/Y258.jpg,Y,Y,0.9927839040756226,300,1
Y/Y2581.jpg,Y,Y,0.9927338361740112,300,1
Y/Y2590.jpg,Y,Y,0.9928070306777954,300,1
Y/Y2593.jpg,Y,Y,0.9927737712860107,300,1
Y/Y26.jpg,Y,Y,0.9926862716674805,300,1
Y/Y2602.jpg,Y,Y,0.9927727580070496,300,1
Y/Y2614.jpg,Y,Y,0.9927186965942383,300,1
Y/Y263.jpg,Y,Y,0.9927688837051392,300,1
Y/Y2637.jpg,Y,Y,0.9927849769592285,300,1
Y/Y2638.jpg,Y,Y,0.9927716851234436,300,1
Y/Y2639.jpg,Y,Y,0.992757260799408,300,1
Y/Y2642.jpg,Y,Y,0.9927716851234436,300,1
Y/Y2649.jpg,Y,Y,0.9927724003791809,300,1
Y/Y2651.jpg,Y,Y,0.9927772283554077,300,1
Y/Y2653.jpg,Y,Y,0.9927581548690796,300,1
Y/Y2655.jpg,Y,Y,0.992823600769043,300,1
Y/Y2659.jpg,Y,Y,0.9928253889083862,300,1
Y/Y266.jpg,Y,Y,0.9927754402160645,300,1
Y/Y2660.jpg,Y,Y,0.9928376078605652,300,1
Y/Y2669.jpg,Y,Y,0.9926595091819763,300,1
Y/Y2670.jpg,Y,Y,0.9926122426986694,300,1
Y/Y2671.jpg,Y,Y,0.9926471710205078,300,1
Y/Y2672.jpg,Y,Y,0.9926761984825134,300,1
Y/Y2679.jpg,Y,Y,0.9927131533622742,300,1
Y/Y2681.jpg,Y,Y,0.9926562905311584,300,1
Y/Y2687.jpg,Y,Y,0.9927281141281128,300,1
Y/Y2688.jpg,Y,Y,0.9927782416343689,300,1
Y/Y2693.jpg,Y,Y,0.9926980137825012,300,1
Y/Y2697.jpg,Y,Y,0.9926462173461914,300,1
Y/Y2698.jpg,Y,Y,0.9927091598510742,300,1
Y/Y2700.jpg,Y,Y,0.9927160143852234,300,1
Y/Y2702.jpg,Y,Y,0.9926615953445435,300,1
Y/Y2705.jpg,Y,Y,0.9926194548606873,300,1
Y/Y2717.jpg,Y,Y,0.9927265644073486,300,1
Y/Y2723.jpg,Y,Y,0.9927189350128174,300,1
Y/Y2724.jpg,Y,Y,0.9926902651786804,300,1
Y/Y2732.jpg,Y,Y,0.9927903413772583,300,1
Y/Y2743.jpg,Y,Y,0.9927107095718384,300,1
Y/Y2748.jpg,Y,Y,0.9926555156707764,300,1
Y/Y275.jpg,Y,Y,0.9927185773849487,300,1
Y/Y2750.jpg,Y,Y,0.9926676154136658,300,1
Y/Y276.jpg,Y,Y,0.992715060710907,300,1
Y/Y2763.jpg,Y,Y,0.9927725195884705,300,1
Y/Y2775.jpg,Y,Y,0.9927256107330322,300,1
Y/Y278.jpg,Y,Y,0.9927129149436951,300,1
Y/Y2785.jpg,Y,Y,0.9928909540176392,300,1
Y/Y2786.jpg,Y,Y,0.9928727149963379,300,1
Y/Y2799.jpg,Y,Y,0.9926173090934753,300,1
Y/Y2800.jpg,Y,Y,0.9925974607467651,300,1
Y/Y2803.jpg,Y,Y,0.9926088452339172,300,1
Y/Y2809.jpg,Y,Y,0.9927240014076233,300,1
Y/Y2821.jpg,Y,Y,0.9926925897598267,300,1
Y/Y2825.jpg,Y,Y,0.9927419424057007,300,1
Y/Y2829.jpg,Y,Y,0.9927722811698914,300,1
Y/Y2834.jpg,Y,Y,0.992730438709259,300,1
Y/Y2835.jpg,Y,Y,0.992779552936554,300,1
Y/Y2836.jpg,Y,Y,0.9928271174430847,300,1
Y/Y2839.jpg,Y,Y,0.9928267002105713,300,1
Y/Y2840.jpg,Y,Y,0.9928330183029175,300,1
Y/Y2852.jpg,Y,Y,0.9928300976753235,300,1
Y/Y2853.jpg,Y,Y,0.9928481578826904,300,1
Y/Y2854.jpg,Y,Y,0.9928308129310608,300,1
Y/Y2862.jpg,Y,Y,0.9928454756736755,300,1
Y/Y2863.jpg,Y,Y,0.9928458333015442,300,1
Y/Y2866.jpg,Y,Y,0.9927988052368164,300,1
Y/Y2868.jpg,Y,Y,0.9927889704704285,300,1
Y/Y287.jpg,Y,Y,0.9927539229393005,300,1
Y/Y2873.jpg,Y,Y,0.9927282333374023,300,1
Y/Y2879.jpg,Y,Y,0.9927732348442078,300,1
Y/Y2881.jpg,Y,Y,0.9927880167961121,300,1
Y/Y2883.jpg,Y,Y,0.9927626252174377,300,1
Y/Y2886.jpg,Y,Y,0.992780864238739,300,1
Y/Y2893.jpg,Y,Y,0.9927912950515747,300,1
Y/Y2899.jpg,Y,Y,0.9928020238876343,300,1
Y/Y2909.jpg,Y,Y,0.9928021430969238,300,1
Y/Y2912.jpg,Y,Y,0.9927797913551331,300,1
Y/Y2915.jpg,Y,Y,0.9927775859832764,300,1
Y/Y2920.jpg,Y,Y,0.9927859902381897,300,1
Y/Y2924.jpg,Y,Y,0.9927911758422852,300,1
Y/Y2926.jpg,Y,Y,0.992804229259491,300,1
Y/Y2938.jpg,Y,Y,0.9928510189056396,300,1
Y/Y2945.jpg,Y,Y,0.9927253723144531,300,1
Y/Y2946.jpg,Y,Y,0.9926625490188599,300,1
Y/Y2948.jpg,Y,Y,0.9926697015762329,300,1
Y/Y2954.jpg,Y,Y,0.99268639087677,300,1
Y/Y2958.jpg,Y,Y,0.9926639795303345,300,1
Y/Y2959.jpg,Y,Y,0.9927170276641846,300,1
Y/Y2962.jpg,Y,Y,0.9927167892456055,300,1
Y/Y2965.jpg,Y,Y,0.9927491545677185,300,1
Y/Y2966.jpg,Y,Y,0.9927599430084229,300,1
Y/Y2972.jpg,Y,Y,0.9928244352340698,300,1
Y/Y2977.jpg,Y,Y,0.9927875399589539,300,1
Y/Y2978.jpg,Y,Y,0.9928253889083862,300,1
Y/Y2986.jpg,Y,Y,0.9928160905838013,300,1
Y/Y2992.jpg,Y,Y,0.9928475618362427,300,1
Y/Y301.jpg,Y,Y,0.9928298592567444,300,1
Y/Y311.jpg,Y,Y,0.9927718043327332,300,1
Y/Y312.jpg,Y,Y,0.9927691221237183,300,1
Y/Y316.jpg,Y,Y,0.9927331209182739,300,1
Y/Y319.jpg,Y,Y,0.9928345680236816,300,1
Y/Y321.jpg,Y,Y,0.9928174018859863,300,1
Y/Y324.jpg,Y,Y,0.9928175210952759,300,1
Y/Y325.jpg,Y,Y,0.9927806258201599,300,1
Y/Y33.jpg,Y,Y,0.9927710890769958,300,1
Y/Y335.jpg,Y,Y,0.9927554726600647,300,1
Y/Y34.jpg,Y,Y,0.9927825927734375,300,1
Y/Y340.jpg,Y,Y,0.9926372766494751,300,1
Y/Y344.jpg,Y,Y,0.9926020503044128,300,1
Y/Y345.jpg,Y,Y,0.992588222026825,300,1
Y/Y349.jpg,Y,Y,0.992638111114502,300,1
Y/Y350.jpg,Y,Y,0.9925956130027771,300,1
Y/Y351.jpg,Y,Y,0.9925682544708252,300,1
Y/Y352.jpg,Y,Y,0.9925596714019775,300,1
Y/Y353.jpg,Y,Y,0.9925745725631714,300,1
Y/Y357.jpg,Y,Y,0.992624044418335,300,1
Y/Y360.jpg,Y,Y,0.9925887584686279,300,1
Y/Y364.jpg,Y,Y,0.9926182627677917,300,1
Y/Y368.jpg,Y,Y,0.9926146268844604,300,1
Y/Y369.jpg,Y,Y,0.9925580024719238,300,1
Y/Y38.jpg,Y,Y,0.9927500486373901,300,1
Y/Y381.jpg,Y,Y,0.9926306009292603,300,1
Y/Y394.jpg,Y,Y,0.9926194548606873,300,1
Y/Y397.jpg,Y,Y,0.992597222328186,300,1
Y/Y399.jpg,Y,Y,0.9926168322563171,300,1
Y/Y4.jpg,Y,Y,0.9927346706390381,300,1
Y/Y40.jpg,Y,Y,0.9927198886871338,300,1
Y/Y404.jpg,Y,Y,0.9926889538764954,300,1
Y/Y405.jpg,Y,Y,0.9926719665527344,300,1
Y/Y411.jpg,Y,Y,0.9927532076835632,300,1
Y/Y412.jpg,Y,Y,0.9927460551261902,300,1
Y/Y413.jpg,Y,Y,0.9927254915237427,300,1
Y/Y415.jpg,Y,Y,0.9927288889884949,300,1
Y/Y417.jpg,Y,Y,0.9927341938018799,300,1
Y/Y422.jpg,Y,Y,0.9926861524581909,300,1
Y/Y423.jpg,Y,Y,0.9926860332489014,300,1
Y/Y429.jpg,Y,Y,0.9927499294281006,300,1
Y/Y435.jpg,Y,Y,0.9927641749382019,300,1
Y/Y437.jpg,Y,Y,0.9928096532821655,300,1
Y/Y445.jpg,Y,Y,0.9928037524223328,300,1
Y/Y447.jpg,Y,Y,0.9927645325660706,300,1
Y/Y453.jpg,Y,Y,0.9927312731742859,300,1
Y/Y458.jpg,Y,Y,0.9926851987838745,300,1
Y/Y46.jpg,Y,Y,0.9925952553749084,300,1
Y/Y461.jpg,Y,Y,0.9926531314849854,300,1
Y/Y468.jpg,Y,Y,0.9927470088005066,300,1
Y/Y475.jpg,Y,Y,0.9927281141281128,300,1
Y/Y477.jpg,Y,Y,0.992734432220459,300,1
Y/Y485.jpg,Y,Y,0.9927089214324951,300,1
Y/Y489.jpg,Y,Y,0.9927149415016174,300,1
Y/Y495.jpg,Y,Y,0.9927154183387756,300,1
Y/Y501.jpg,Y,Y,0.9926987290382385,300,1
Y/Y508.jpg,Y,Y,0.9927254915237427,300,1
Y/Y513.jpg,Y,Y,0.9927226901054382,300,1
Y/Y519.jpg,Y,Y,0.9927484393119812,300,1
Y/Y52.jpg,Y,Y,0.9926072359085083,300,1
Y/Y538.jpg,Y,Y,0.9928277134895325,300,1
Y/Y540.jpg,Y,Y,0.9928143620491028,300,1
Y/Y548.jpg,Y,Y,0.9928015470504761,300,1
Y/Y557.jpg,Y,Y,0.9928950667381287,300,1
Y/Y572.jpg,Y,Y,0.992897629737854,300,1
Y/Y573.jpg,Y,Y,0.99289470911026,300,1
Y/Y574.jpg,Y,Y,0.9929036498069763,300,1
Y/Y577.jpg,Y,Y,0.9929084777832031,300,1
Y/Y579.jpg,Y,Y,0.9928802847862244,300,1
Y/Y584.jpg,Y,Y,0.9929209351539612,300,1
Y/Y589.jpg,Y,Y,0.9928714632987976,300,1
Y/Y591.jpg,Y,Y,0.9928401708602905,300,1
Y/Y596.jpg,Y,Y,0.9928160905838013,300,1
Y/Y60.jpg,Y,Y,0.992685079574585,300,1
Y/Y600.jpg,Y,Y,0.9927988052368164,300,1
Y/Y601.jpg,Y,Y,0.9927991628646851,300,1
Y/Y603.jpg,Y,Y,0.9928015470504761,300,1
Y/Y605.jpg,Y,Y,0.9928033947944641,300,1
Y/Y607.jpg,Y,Y,0.9928090572357178,300,1
Y/Y609.jpg,Y,Y,0.9927688837051392,300,1
Y/Y611.jpg,Y,Y,0.9928163290023804,300,1
Y/Y62.jpg,Y,Y,0.9927321076393127,300,1
Y/Y622.jpg,Y,Y,0.9926493763923645,300,1
Y/Y632.jpg,Y,Y,0.9927041530609131,300,1
Y/Y64.jpg,Y,Y,0.992787778377533,300,1
Y/Y645.jpg,Y,Y,0.9926232099533081,300,1
Y/Y648.jpg,Y,Y,0.9926339983940125,300,1
Y/Y653.jpg,Y,Y,0.9927186965942383,300,1
Y/Y658.jpg,Y,Y,0.9927411079406738,300,1
Y/Y66.jpg,Y,Y,0.9927929639816284,300,1
Y/Y661.jpg,Y,Y,0.9927283525466919,300,1
Y/Y663.jpg,Y,Y,0.992759108543396,300,1
Y/Y666.jpg,Y,Y,0.9927557110786438,300,1
Y/Y670.jpg,Y,Y,0.9927443265914917,300,1
Y/Y672.jpg,Y,Y,0.9927682876586914,300,1
Y/Y689.jpg,Y,Y,0.9927749633789062,300,1
Y/Y693.jpg,Y,Y,0.9927788376808167,300,1
Y/Y7.jpg,Y,Y,0.9927803874015808,300,1
Y/Y700.jpg,Y,Y,0.9927606582641602,300,1
Y/Y702.jpg,Y,Y,0.9927477240562439,300,1
Y/Y706.jpg,Y,Y,0.9927496910095215,300,1
Y/Y711.jpg,Y,Y,0.9927613735198975,300,1
Y/Y74.jpg,Y,Y,0.9927390217781067,300,1
Y/Y754.jpg,Y,Y,0.9926983714103699,300,1
Y/Y759.jpg,Y,Y,0.9926924109458923,300,1
Y/Y769.jpg,Y,Y,0.9927374720573425,300,1
Y/Y784.jpg,Y,Y,0.9928419589996338,300,1
Y/Y791.jpg,Y,Y,0.9928559064865112,300,1
Y/Y796.jpg,Y,Y,0.9927955269813538,300,1
Y/Y799.jpg,Y,Y,0.9927452206611633,300,1
Y/Y800.jpg,Y,Y,0.9927843809127808,300,1
Y/Y815.jpg,Y,Y,0.9926928281784058,300,1
Y/Y82.jpg,Y,Y,0.9926388263702393,300,1
Y/Y821.jpg,Y,Y,0.9926769733428955,300,1
Y/Y824.jpg,Y,Y,0.9926027655601501,300,1
Y/Y832.jpg,Y,Y,0.992603600025177,300,1
Y/Y836.jpg,Y,Y,0.9926371574401855,300,1
Y/Y843.jpg,Y,Y,0.9926069974899292,300,1
Y/Y845.jpg,Y,Y,0.9926169514656067,300,1
Y/Y847.jpg,Y,Y,0.99261075258255,300,1
Y/Y848.jpg,Y,Y,0.9926047325134277,300,1
Y/Y852.jpg,Y,Y,0.9925884008407593,300,1
Y/Y856.jpg,Y,Y,0.9926618337631226,300,1
Y/Y868.jpg,Y,Y,0.9926936626434326,300,1
Y/Y871.jpg,Y,Y,0.9927288889884949,300,1
Y/Y876.jpg,Y,Y,0.9926447868347168,300,1
Y/Y884.jpg,Y,Y,0.9926120638847351,300,1
Y/Y890.jpg,Y,Y,0.9926151037216187,300,1
Y/Y896.jpg,Y,Y,0.992621660232544,300,1
Y/Y898.jpg,Y,Y,0.992694616317749,300,1
Y/Y9.jpg,Y,Y,0.9927881360054016,300,1
Y/Y90.jpg,Y,Y,0.9926515221595764,300,1
Y/Y905.jpg,Y,Y,0.9926458597183228,300,1
Y/Y908.jpg,Y,Y,0.9926927089691162,300,1
Y/Y910.jpg,Y,Y,0.9926968216896057,300,1
Y/Y921.jpg,Y,Y,0.9926488995552063,300,1
Y/Y925.jpg,Y,Y,0.9926572442054749,300,1
Y/Y932.jpg,Y,Y,0.9927189350128174,300,1
Y/Y945.jpg,Y,Y,0.9927031993865967,300,1
Y/Y948.jpg,Y,Y,0.9926827549934387,300,1
Y/Y952.jpg,Y,Y,0.992708146572113,300,1
Y/Y953.jpg,Y,Y,0.9927188158035278,300,1
Y/Y965.jpg,Y,Y,0.9926691055297852,300,1
Y/Y970.jpg,Y,Y,0.992743730545044,300,1
Y/Y98.jpg,Y,Y,0.9927090406417847,300,1
Y/Y984.jpg,Y,Y,0.9926989674568176,300,1
Y/Y995.jpg,Y,Y,0.9927086234092712,300,1
Y/Y996.jpg,Y,Y,0.9926539659500122,300,1
Z/Z1.jpg,Z,Z,0.9938686490058899,300,1
Z/Z1003.jpg,Z,Z,0.9940283298492432,300,1
Z/Z101.jpg,Z,Z,0.9939016103744507,300,1
Z/Z1015.jpg,Z,Z,0.9939771890640259,300,1
Z/Z1031.jpg,Z,Z,0.9941383600234985,300,1
Z/Z1033.jpg,Z,Z,0.9941650032997131,300,1
Z/Z1042.jpg,Z,Z,0.9941020607948303,300,1
Z/Z1054.jpg,Z,Z,0.9941249489784241,300,1
Z/Z1060.jpg,Z,Z,0.9940815567970276,300,1
Z/Z1063.jpg,Z,Z,0.9940449595451355,300,1
Z/Z1071.jpg,Z,Z,0.993881106376648,300,1
Z/Z1072.jpg,Z,Z,0.9938493371009827,300,1
Z/Z1078.jpg,Z,Z,0.9938992261886597,300,1
Z/Z1084.jpg,Z,Z,0.9939045310020447,300,1
Z/Z1087.jpg,Z,Z,0.9938388466835022,300,1
Z/Z1091.jpg,Z,Z,0.9938603639602661,300,1
Z/Z1095.jpg,Z,Z,0.9938016533851624,300,1
Z/Z1096.jpg,Z,Z,0.9938520193099976,300,1
Z/Z1099.jpg,Z,Z,0.9938854575157166,300,1
Z/Z1100.jpg,Z,Z,0.9938979744911194,300,1
Z/Z1109.jpg,Z,Z,0.993862509727478,300,1
Z/Z112.jpg,Z,Z,0.9938325881958008,300,1
Z/Z1126.jpg,Z,Z,0.9939725995063782,300,1
Z/Z113.jpg,Z,Z,0.9938255548477173,300,1
Z/Z1130.jpg,Z,Z,0.9939672946929932,300,1
Z/Z1135.jpg,Z,Z,0.9939194917678833,300,1
Z/Z1136.jpg,Z,Z,0.993899941444397,300,1
Z/Z1139.jpg,Z,Z,0.9939218759536743,300,1
Z/Z1140.jpg,Z,Z,0.993923008441925,300,1
Z/Z1142.jpg,Z,Z,0.9939444661140442,300,1
Z/Z1143.jpg,Z,Z,0.9939870834350586,300,1
Z/Z1148.jpg,Z,Z,0.9939119815826416,300,1
Z/Z1154.jpg,Z,Z,0.9938381314277649,300,1
Z/Z116.jpg,Z,Z,0.9937933683395386,300,1
Z/Z1164.jpg,Z,Z,0.9937775135040283,300,1
Z/Z1168.jpg,Z,Z,0.9938327074050903,300,1
Z/Z1171.jpg,Z,Z,0.9938619136810303,300,1
Z/Z1173.jpg,Z,Z,0.9938657879829407,300,1
Z/Z1174.jpg,Z,Z,0.9938638210296631,300,1
Z/Z1175.jpg,Z,Z,0.9938640594482422,300,1
Z/Z1177.jpg,Z,Z,0.9938814640045166,300,1
Z/Z1188.jpg,Z,Z,0.993995726108551,300,1
Z/Z1189.jpg,Z,Z,0.9940459728240967,300,1
Z/Z1197.jpg,Z,Z,0.9940495491027832,300,1
Z/Z1198.jpg,Z,Z,0.9940527081489563,300,1
Z/Z1199.jpg,Z,Z,0.9940686225891113,300,1
Z/Z1204.jpg,Z,Z,0.9942288398742676,300,1
Z/Z1205.jpg,Z,Z,0.994157075881958,300,1
Z/Z1207.jpg,Z,Z,0.9941512942314148,300,1
Z/Z121.jpg,Z,Z,0.9938242435455322,300,1
Z/Z1214.jpg,Z,Z,0.9941331744194031,300,1
Z/Z1215.jpg,Z,Z,0.9940904974937439,300,1
Z/Z1219.jpg,Z,Z,0.9941642880439758,300,1
Z/Z1220.jpg,Z,Z,0.9941847920417786,300,1
Z/Z1224.jpg,Z,Z,0.9941365718841553,300,1
Z/Z1238.jpg,Z,Z,0.9940431714057922,300,1
Z/Z124.jpg,Z,Z,0.9938011765480042,300,1
Z/Z1242.jpg,Z,Z,0.9940246939659119,300,1
Z/Z1243.jpg,Z,Z,0.99403977394104,300,1
Z/Z1247.jpg,Z,Z,0.9940703511238098,300,1
Z/Z1253.jpg,Z,Z,0.9940525889396667,300,1
Z/Z1255.jpg,Z,Z,0.9940225481987,300,1
Z/Z126.jpg,Z,Z,0.9937030673027039,300,1
Z/Z1260.jpg,Z,Z,0.9940060377120972,300,1
Z/Z1261.jpg,Z,Z,0.9940645098686218,300,1
Z/Z1263.jpg,Z,Z,0.9941761493682861,300,1
Z/Z1266.jpg,Z,Z,0.9940502047538757,300,1
Z/Z1272.jpg,Z,Z,0.9939841628074646,300,1
Z/Z1279.jpg,Z,Z,0.9939957857131958,300,1
Z/Z1285.jpg,Z,Z,0.9939826130867004,300,1
Z/Z1288.jpg,Z,Z,0.9940499067306519,300,1
Z/Z1299.jpg,Z,Z,0.9940857887268066,300,1
Z/Z1325.jpg,Z,Z,0.9940237402915955,300,1
Z/Z1329.jpg,Z,Z,0.9940639138221741,300,1
Z/Z133.jpg,Z,Z,0.9937856197357178,300,1
Z/Z1330.jpg,Z,Z,0.9940939545631409,300,1
Z/Z1333.jpg,Z,Z,0.9940564632415771,300,1
Z/Z1337.jpg,Z,Z,0.994061291217804,300,1
Z/Z1345.jpg,Z,Z,0.9941164255142212,300,1
Z/Z1349.jpg,Z,Z,0.9940232634544373,300,1
Z/Z1357.jpg,Z,Z,0.9939320087432861,300,1
Z/Z137.jpg,Z,Z,0.9938827753067017,300,1
Z/Z1377.jpg,Z,Z,0.9939156174659729,300,1
Z/Z1390.jpg,Z,Z,0.9938556551933289,300,1
Z/Z1391.jpg,Z,Z,0.9939305782318115,300,1
Z/Z140.jpg,Z,Z,0.9939771890640259,300,1
Z/Z1400.jpg,Z,Z,0.9939166903495789,300,1
Z/Z1401.jpg,Z,Z,0.9938387274742126,300,1
Z/Z1409.jpg,Z,Z,0.9938905239105225,300,1
Z/Z1410.jpg,Z,Z,0.9939576387405396,300,1
Z/Z1412.jpg,Z,Z,0.9939261078834534,300,1
Z/Z1422.jpg,Z,Z,0.9939621090888977,300,1
Z/Z1423.jpg,Z,Z,0.9940239787101746,300,1
Z/Z1425.jpg,Z,Z,0.9939886331558228,300,1
Z/Z1429.jpg,Z,Z,0.9939548373222351,300,1
Z/Z1436.jpg,Z,Z,0.9940252900123596,300,1
Z/Z1446.jpg,Z,Z,0.9940284490585327,300,1
Z/Z1447.jpg,Z,Z,0.994044840335846,300,1
Z/Z1455.jpg,Z,Z,0.9940106272697449,300,1
Z/Z1463.jpg,Z,Z,0.9939951300621033,300,1
Z/Z1476.jpg,Z,Z,0.9938849806785583,300,1
Z/Z148.jpg,Z,Z,0.9941107630729675,300,1
Z/Z1484.jpg,Z,Z,0.9940629601478577,300,1
Z/Z1486.jpg,Z,Z,0.9940810799598694,300,1
Z/Z1488.jpg,Z,Z,0.9940981864929199,300,1
Z/Z1496.jpg,Z,Z,0.9940711855888367,300,1
Z/Z1503.jpg,Z,Z,0.9940080642700195,300,1
Z/Z1504.jpg,Z,Z,0.9940739274024963,300,1
Z/Z1505.jpg,Z,Z,0.9939788579940796,300,1
Z/Z1508.jpg,Z,Z,0.9940134882926941,300,1
Z/Z1513.jpg,Z,Z,0.9939860105514526,300,1
Z/Z1517.jpg,Z,Z,0.9939418435096741,300,1
Z/Z1518.jpg,Z,Z,0.9939690828323364,300,1
Z/Z1519.jpg,Z,Z,0.9939832091331482,300,1
Z/Z1527.jpg,Z,Z,0.9939433932304382,300,1
Z/Z1529.jpg,Z,Z,0.9938547015190125,300,1
Z/Z153.jpg,Z,Z,0.9941014647483826,300,1
Z/Z1533.jpg,Z,Z,0.9939565658569336,300,1
Z/Z1536.jpg,Z,Z,0.9939870834350586,300,1
Z/Z1543.jpg,Z,Z,0.993980884552002,300,1
Z/Z1546.jpg,Z,Z,0.9940041899681091,300,1
Z/Z1557.jpg,Z,Z,0.9939461350440979,300,1
Z/Z1559.jpg,Z,Z,0.9938913583755493,300,1
Z/Z156.jpg,Z,Z,0.9940798282623291,300,1
Z/Z1569.jpg,Z,Z,0.9939515590667725,300,1
Z/Z1578.jpg,Z,Z,0.994047999382019,300,1
Z/Z158.jpg,Z,Z,0.9940993785858154,300,1
Z/Z1583.jpg,Z,Z,0.9939711689949036,300,1
Z/Z1584.jpg,Z,Z,0.9939727187156677,300,1
Z/Z1588.jpg,Z,Z,0.993956446647644,300,1
Z/Z1589.jpg,Z,Z,0.993954598903656,300,1
Z/Z1595.jpg,Z,Z,0.9939447045326233,300,1
Z/Z1599.jpg,Z,Z,0.993906557559967,300,1
Z/Z1602.jpg,Z,Z,0.9939959049224854,300,1
Z/Z1615.jpg,Z,Z,0.9939115047454834,300,1
Z/Z1620.jpg,Z,Z,0.9938598871231079,300,1
Z/Z1629.jpg,Z,Z,0.9939642548561096,300,1
Z/Z1630.jpg,Z,Z,0.9940610527992249,300,1
Z/Z1632.jpg,Z,Z,0.9940475225448608,300,1
Z/Z1635.jpg,Z,Z,0.9939830899238586,300,1
Z/Z164.jpg,Z,Z,0.994126558303833,300,1
Z/Z1645.jpg,Z,Z,0.9939170479774475,300,1
Z/Z1654.jpg,Z,Z,0.9938726425170898,300,1
Z/Z1655.jpg,Z,Z,0.9938406944274902,300,1
Z/Z1659.jpg,Z,Z,0.9938269257545471,300,1
Z/Z1660.jpg,Z,Z,0.9938371777534485,300,1
Z/Z1670.jpg,Z,Z,0.9938035011291504,300,1
Z/Z1671.jpg,Z,Z,0.9938401579856873,300,1
Z/Z1673.jpg,Z,Z,0.993819534778595,300,1
Z/Z1674.jpg,Z,Z,0.9938052892684937,300,1
Z/Z1678.jpg,Z,Z,0.9937758445739746,300,1
Z/Z1680.jpg,Z,Z,0.9938116073608398,300,1
Z/Z1684.jpg,Z,Z,0.993756890296936,300,1
Z/Z1686.jpg,Z,Z,0.9937605261802673,300,1
Z/Z1688.jpg,Z,Z,0.9937554597854614,300,1
Z/Z1690.jpg,Z,Z,0.9937905669212341,300,1
Z/Z1694.jpg,Z,Z,0.9936601519584656,300,1
Z/Z1695.jpg,Z,Z,0.9937416911125183,300,1
Z/Z1698.jpg,Z,Z,0.9937499165534973,300,1
Z/Z1718.jpg,Z,Z,0.9938363432884216,300,1
Z/Z1719.jpg,Z,Z,0.9939127564430237,300,1
Z/Z1724.jpg,Z,Z,0.9938836693763733,300,1
Z/Z1737.jpg,Z,Z,0.993889331817627,300,1
Z/Z174.jpg,Z,Z,0.9940556287765503,300,1
Z/Z1742.jpg,Z,Z,0.9939086437225342,300,1
Z/Z1744.jpg,Z,Z,0.9939345717430115,300,1
Z/Z1747.jpg,Z,Z,0.9939063191413879,300,1
Z/Z1752.jpg,Z,Z,0.993872880935669,300,1
Z/Z1755.jpg,Z,Z,0.9938947558403015,300,1
Z/Z1758.jpg,Z,Z,0.9938931465148926,300,1
Z/Z1759.jpg,Z,Z,0.9938521385192871,300,1
Z/Z1761.jpg,Z,Z,0.9938795566558838,300,1
Z/Z1767.jpg,Z,Z,0.9938088059425354,300,1
Z/Z1771.jpg,Z,Z,0.9938642978668213,300,1
Z/Z1775.jpg,Z,Z,0.9938641786575317,300,1
Z/Z1776.jpg,Z,Z,0.9938271641731262,300,1
Z/Z1777.jpg,Z,Z,0.9938395619392395,300,1
Z/Z1784.jpg,Z,Z,0.993839681148529,300,1
Z/Z1786.jpg,Z,Z,0.993854820728302,300,1
Z/Z1787.jpg,Z,Z,0.9939193725585938,300,1
Z/Z1791.jpg,Z,Z,0.9938911199569702,300,1
Z/Z1792.jpg,Z,Z,0.9939408302307129,300,1
Z/Z1793.jpg,Z,Z,0.9939016103744507,300,1
Z/Z1795.jpg,Z,Z,0.993890643119812,300,1
Z/Z1799.jpg,Z,Z,0.9939444661140442,300,1
Z/Z1805.jpg,Z,Z,0.9937957525253296,300,1
Z/Z1806.jpg,Z,Z,0.993907630443573,300,1
Z/Z1810.jpg,Z,Z,0.9938602447509766,300,1
Z/Z1821.jpg,Z,Z,0.9938767552375793,300,1
Z/Z1830.jpg,Z,Z,0.9939022064208984,300,1
Z/Z1836.jpg,Z,Z,0.9939310550689697,300,1
Z/Z1841.jpg,Z,Z,0.9939470291137695,300,1
Z/Z1843.jpg,Z,Z,0.9939310550689697,300,1
Z/Z1847.jpg,Z,Z,0.9938773512840271,300,1
Z/Z1850.jpg,Z,Z,0.9939044117927551,300,1
Z/Z1853.jpg,Z,Z,0.9938871264457703,300,1
Z/Z1860.jpg,Z,Z,0.9938848614692688,300,1
Z/Z1869.jpg,Z,Z,0.993730902671814,300,1
Z/Z1887.jpg,Z,Z,0.9937425255775452,300,1
Z/Z1888.jpg,Z,Z,0.9937734007835388,300,1
Z/Z1897.jpg,Z,Z,0.9937756061553955,300,1
Z/Z1898.jpg,Z,Z,0.9937361478805542,300,1
Z/Z1903.jpg,Z,Z,0.9938655495643616,300,1
Z/Z1909.jpg,Z,Z,0.9939031004905701,300,1
Z/Z1913.jpg,Z,Z,0.9937793612480164,300,1
Z/Z1915.jpg,Z,Z,0.9937426447868347,300,1
Z/Z1917.jpg,Z,Z,0.993739128112793,300,1
Z/Z1922.jpg,Z,Z,0.993780791759491,300,1
Z/Z1927.jpg,Z,Z,0.9938499927520752,300,1
Z/Z1932.jpg,Z,Z,0.9938163757324219,300,1
Z/Z1933.jpg,Z,Z,0.9937963485717773,300,1
Z/Z1942.jpg,Z,Z,0.9938690066337585,300,1
Z/Z1946.jpg,Z,Z,0.9937801957130432,300,1
Z/Z1947.jpg,Z,Z,0.9938183426856995,300,1
Z/Z1949.jpg,Z,Z,0.9938480257987976,300,1
Z/Z1952.jpg,Z,Z,0.9939101934432983,300,1
Z/Z196.jpg,Z,Z,0.9939688444137573,300,1
Z/Z1966.jpg,Z,Z,0.9939164519309998,300,1
Z/Z1967.jpg,Z,Z,0.9939424395561218,300,1
Z/Z1968.jpg,Z,Z,0.993915855884552,300,1
Z/Z1969.jpg,Z,Z,0.9938926696777344,300,1
Z/Z197.jpg,Z,Z,0.9939476251602173,300,1
Z/Z1974.jpg,Z,Z,0.9938546419143677,300,1
Z/Z1984.jpg,Z,Z,0.9940078258514404,300,1
Z/Z1989.jpg,Z,Z,0.9940903782844543,300,1
Z/Z1990.jpg,Z,Z,0.9940605759620667,300,1
Z/Z2002.jpg,Z,Z,0.994134247303009,300,1
Z/Z2004.jpg,Z,Z,0.9941304326057434,300,1
Z/Z2005.jpg,Z,Z,0.9941463470458984,300,1
Z/Z2010.jpg,Z,Z,0.9940517544746399,300,1
Z/Z2019.jpg,Z,Z,0.9941045641899109,300,1
Z/Z2025.jpg,Z,Z,0.9940599799156189,300,1
Z/Z2032.jpg,Z,Z,0.9940350651741028,300,1
Z/Z2042.jpg,Z,Z,0.9940499067306519,300,1
Z/Z2047.jpg,Z,Z,0.9940553903579712,300,1
Z/Z2051.jpg,Z,Z,0.9940444827079773,300,1
Z/Z2053.jpg,Z,Z,0.9940246939659119,300,1
Z/Z2055.jpg,Z,Z,0.9940178394317627,300,1
Z/Z2056.jpg,Z,Z,0.99403977394104,300,1
Z/Z2059.jpg,Z,Z,0.9940773248672485,300,1
Z/Z2063.jpg,Z,Z,0.9940325617790222,300,1
Z/Z2064.jpg,Z,Z,0.9940561056137085,300,1
Z/Z2073.jpg,Z,Z,0.9940209984779358,300,1
Z/Z208.jpg,Z,Z,0.9939765930175781,300,1
Z/Z2081.jpg,Z,Z,0.9940798282623291,300,1
Z/Z2099.jpg,Z,Z,0.9939398765563965,300,1
Z/Z2113.jpg,Z,Z,0.9940243363380432,300,1
Z/Z2119.jpg,Z,Z,0.9940975904464722,300,1
Z/Z212.jpg,Z,Z,0.9940529465675354,300,1
Z/Z2123.jpg,Z,Z,0.9940657615661621,300,1
Z/Z2125.jpg,Z,Z,0.9940588474273682,300,1
Z/Z2131.jpg,Z,Z,0.9941129088401794,300,1
Z/Z2138.jpg,Z,Z,0.9941204190254211,300,1
Z/Z2141.jpg,Z,Z,0.994110643863678,300,1
Z/Z2143.jpg,Z,Z,0.9940845370292664,300,1
Z/Z215.jpg,Z,Z,0.9939425587654114,300,1
Z/Z2163.jpg,Z,Z,0.9940485954284668,300,1
Z/Z2167.jpg,Z,Z,0.9940722584724426,300,1
Z/Z217.jpg,Z,Z,0.9940025210380554,300,1
Z/Z2170.jpg,Z,Z,0.9940661191940308,300,1
Z/Z2172.jpg,Z,Z,0.9940376281738281,300,1
Z/Z2182.jpg,Z,Z,0.9939730763435364,300,1
Z/Z2188.jpg,Z,Z,0.9939697980880737,300,1
Z/Z2191.jpg,Z,Z,0.993901252746582,300,1
Z/Z2195.jpg,Z,Z,0.9939814209938049,300,1
Z/Z2198.jpg,Z,Z,0.9939302206039429,300,1
Z/Z2200.jpg,Z,Z,0.9940156936645508,300,1
Z/Z2206.jpg,Z,Z,0.9937888979911804,300,1
Z/Z2214.jpg,Z,Z,0.9937995076179504,300,1
Z/Z2216.jpg,Z,Z,0.9938451051712036,300,1
Z/Z2218.jpg,Z,Z,0.9938780665397644,300,1
Z/Z2222.jpg,Z,Z,0.9939960241317749,300,1
Z/Z2224.jpg,Z,Z,0.9940203428268433,300,1
Z/Z2227.jpg,Z,Z,0.9939743876457214,300,1
Z/Z2228.jpg,Z,Z,0.9940539002418518,300,1
Z/Z2235.jpg,Z,Z,0.9940400123596191,300,1
Z/Z2245.jpg,Z,Z,0.9940401315689087,300,1
Z/Z2251.jpg,Z,Z,0.9941562414169312,300,1
Z/Z2270.jpg,Z,Z,0.9941642880439758,300,1
Z/Z2274.jpg,Z,Z,0.9941642880439758,300,1
Z/Z228.jpg,Z,Z,0.9938994646072388,300,1
Z/Z229.jpg,Z,Z,0.9938961863517761,300,1
Z/Z2292.jpg,Z,Z,0.9941219687461853,300,1
Z/Z2294.jpg,Z,Z,0.9941211342811584,300,1
Z/Z2296.jpg,Z,Z,0.9941359758377075,300,1
Z/Z2299.jpg,Z,Z,0.9940701127052307,300,1
Z/Z2301.jpg,Z,Z,0.9940912127494812,300,1
Z/Z2311.jpg,Z,Z,0.9939872026443481,300,1
Z/Z2314.jpg,Z,Z,0.9940499067306519,300,1
Z/Z2317.jpg,Z,Z,0.9940696954727173,300,1
Z/Z2318.jpg,Z,Z,0.9939935803413391,300,1
Z/Z2319.jpg,Z,Z,0.9940075874328613,300,1
Z/Z2320.jpg,Z,Z,0.99403977394104,300,1
Z/Z2329.jpg,Z,Z,0.9940280914306641,300,1
Z/Z2334.jpg,Z,Z,0.9940396547317505,300,1
Z/Z2336.jpg,Z,Z,0.9940237402915955,300,1
Z/Z2353.jpg,Z,Z,0.9939409494400024,300,1
Z/Z2354.jpg,Z,Z,0.9939767122268677,300,1
Z/Z2355.jpg,Z,Z,0.9938850998878479,300,1
Z/Z2358.jpg,Z,Z,0.9939518570899963,300,1
Z/Z2360.jpg,Z,Z,0.9939885139465332,300,1
Z/Z2367.jpg,Z,Z,0.9939915537834167,300,1
Z/Z2375.jpg,Z,Z,0.9940336346626282,300,1
Z/Z2380.jpg,Z,Z,0.9940226674079895,300,1
Z/Z2383.jpg,Z,Z,0.9939900636672974,300,1
Z/Z2386.jpg,Z,Z,0.9938933253288269,300,1
Z/Z2390.jpg,Z,Z,0.9939641356468201,300,1
Z/Z2395.jpg,Z,Z,0.9939961433410645,300,1
Z/Z2403.jpg,Z,Z,0.9940953254699707,300,1
Z/Z2404.jpg,Z,Z,0.9941091537475586,300,1
Z/Z2405.jpg,Z,Z,0.994023859500885,300,1
Z/Z2414.jpg,Z,Z,0.9940934777259827,300,1
Z/Z2419.jpg,Z,Z,0.994144856929779,300,1
Z/Z2435.jpg,Z,Z,0.994125485420227,300,1
Z/Z2437.jpg,Z,Z,0.9940800070762634,300,1
Z/Z244.jpg,Z,Z,0.9939629435539246,300,1
Z/Z2443.jpg,Z,Z,0.9941102862358093,300,1
Z/Z2445.jpg,Z,Z,0.9940996170043945,300,1
Z/Z2451.jpg,Z,Z,0.9940902590751648,300,1
Z/Z2459.jpg,Z,Z,0.9940546154975891,300,1
Z/Z246.jpg,Z,Z,0.9939297437667847,300,1
Z/Z2465.jpg,Z,Z,0.9940798878669739,300,1
Z/Z2466.jpg,Z,Z,0.9940922856330872,300,1
Z/Z2467.jpg,Z,Z,0.9939392805099487,300,1
Z/Z247.jpg,Z,Z,0.9940236210823059,300,1
Z/Z2473.jpg,Z,Z,0.9941166639328003,300,1
Z/Z2474.jpg,Z,Z,0.9940828680992126,300,1
Z/Z2475.jpg,Z,Z,0.9940827488899231,300,1
Z/Z2476.jpg,Z,Z,0.9940939545631409,300,1
Z/Z2485.jpg,Z,Z,0.9940599203109741,300,1
Z/Z2495.jpg,Z,Z,0.9941135048866272,300,1
Z/Z2498.jpg,Z,Z,0.9941218495368958,300,1
Z/Z2502.jpg,Z,Z,0.9940150380134583,300,1
Z/Z2505.jpg,Z,Z,0.9939864873886108,300,1
Z/Z2506.jpg,Z,Z,0.9939932227134705,300,1
Z/Z2515.jpg,Z,Z,0.9940027594566345,300,1
Z/Z2519.jpg,Z,Z,0.9939680099487305,300,1
Z/Z2526.jpg,Z,Z,0.9939887523651123,300,1
Z/Z2531.jpg,Z,Z,0.9939570426940918,300,1
Z/Z2534.jpg,Z,Z,0.9939477443695068,300,1
Z/Z2536.jpg,Z,Z,0.9939861297607422,300,1
Z/Z2545.jpg,Z,Z,0.994001567363739,300,1
Z/Z2547.jpg,Z,Z,0.9939938187599182,300,1
Z/Z2548.jpg,Z,Z,0.9940004348754883,300,1
Z/Z2551.jpg,Z,Z,0.9940069913864136,300,1
Z/Z2558.jpg,Z,Z,0.9939864873886108,300,1
Z/Z2560.jpg,Z,Z,0.9939953684806824,300,1
Z/Z2572.jpg,Z,Z,0.9940621256828308,300,1
Z/Z2583.jpg,Z,Z,0.9941042065620422,300,1
Z/Z2600.jpg,Z,Z,0.9941098690032959,300,1
Z/Z2605.jpg,Z,Z,0.9941052198410034,300,1
Z/Z2614.jpg,Z,Z,0.9941230416297913,300,1
Z/Z2615.jpg,Z,Z,0.9941363334655762,300,1
Z/Z262.jpg,Z,Z,0.99400395154953,300,1
Z/Z2620.jpg,Z,Z,0.9941114783287048,300,1
Z/Z2621.jpg,Z,Z,0.9941139817237854,300,1
Z/Z2625.jpg,Z,Z,0.9941042065620422,300,1
Z/Z2627.jpg,Z,Z,0.9940683841705322,300,1
Z/Z2635.jpg,Z,Z,0.9939956068992615,300,1
Z/Z2639.jpg,Z,Z,0.9939894676208496,300,1
Z/Z2644.jpg,Z,Z,0.9939378499984741,300,1
Z/Z2647.jpg,Z,Z,0.9939275979995728,300,1
Z/Z2649.jpg,Z,Z,0.9939107894897461,300,1
Z/Z2659.jpg,Z,Z,0.9938852190971375,300,1
Z/Z2663.jpg,Z,Z,0.9938795566558838,300,1
Z/Z2665.jpg,Z,Z,0.9938743710517883,300,1
Z/Z2666.jpg,Z,Z,0.9938862919807434,300,1
Z/Z2668.jpg,Z,Z,0.9938867688179016,300,1
Z/Z2679.jpg,Z,Z,0.9939151406288147,300,1
Z/Z2680.jpg,Z,Z,0.993923008441925,300,1
Z/Z2681.jpg,Z,Z,0.9939017295837402,300,1
Z/Z2690.jpg,Z,Z,0.9939286708831787,300,1
Z/Z2692.jpg,Z,Z,0.9939461350440979,300,1
Z/Z2699.jpg,Z,Z,0.9939551949501038,300,1
Z/Z2706.jpg,Z,Z,0.9939078092575073,300,1
Z/Z2707.jpg,Z,Z,0.9939390420913696,300,1
Z/Z2723.jpg,Z,Z,0.9938961863517761,300,1
Z/Z2730.jpg,Z,Z,0.9939368367195129,300,1
Z/Z2736.jpg,Z,Z,0.9939084053039551,300,1
Z/Z2739.jpg,Z,Z,0.993845522403717,300,1
Z/Z274.jpg,Z,Z,0.9939864873886108,300,1
Z/Z2746.jpg,Z,Z,0.9939332604408264,300,1
Z/Z275.jpg,Z,Z,0.9939354062080383,300,1
Z/Z2755.jpg,Z,Z,0.9939404726028442,300,1
Z/Z2759.jpg,Z,Z,0.9938482642173767,300,1
Z/Z2763.jpg,Z,Z,0.9939279556274414,300,1
Z/Z2765.jpg,Z,Z,0.9938872456550598,300,1
Z/Z2767.jpg,Z,Z,0.9939279556274414,300,1
Z/Z2769.jpg,Z,Z,0.9939584732055664,300,1
Z/Z2770.jpg,Z,Z,0.9939270615577698,300,1
Z/Z2777.jpg,Z,Z,0.9939888715744019,300,1
Z/Z278.jpg,Z,Z,0.9939874410629272,300,1
Z/Z2782.jpg,Z,Z,0.9940478801727295,300,1
Z/Z2785.jpg,Z,Z,0.9939689636230469,300,1
Z/Z2787.jpg,Z,Z,0.9939393997192383,300,1
Z/Z2792.jpg,Z,Z,0.9939485788345337,300,1
Z/Z2795.jpg,Z,Z,0.9939311742782593,300,1
Z/Z2801.jpg,Z,Z,0.9939238429069519,300,1
Z/Z2803.jpg,Z,Z,0.9939242005348206,300,1
Z/Z2809.jpg,Z,Z,0.9939746260643005,300,1
Z/Z2814.jpg,Z,Z,0.9940049052238464,300,1
Z/Z283.jpg,Z,Z,0.9939352869987488,300,1
Z/Z2838.jpg,Z,Z,0.9940963983535767,300,1
Z/Z2844.jpg,Z,Z,0.9939990043640137,300,1
Z/Z2851.jpg,Z,Z,0.9940382242202759,300,1
Z/Z2853.jpg,Z,Z,0.9940893650054932,300,1
Z/Z2854.jpg,Z,Z,0.9940676689147949,300,1
Z/Z2858.jpg,Z,Z,0.9940958023071289,300,1
Z/Z2861.jpg,Z,Z,0.9940880537033081,300,1
Z/Z287.jpg,Z,Z,0.9939700365066528,300,1
Z/Z2875.jpg,Z,Z,0.9939536452293396,300,1
Z/Z2876.jpg,Z,Z,0.9939590692520142,300,1
Z/Z2882.jpg,Z,Z,0.9939404726028442,300,1
Z/Z2884.jpg,Z,Z,0.993905246257782,300,1
Z/Z2895.jpg,Z,Z,0.993874728679657,300,1
Z/Z2902.jpg,Z,Z,0.9938149452209473,300,1
Z/Z2903.jpg,Z,Z,0.9938352108001709,300,1
Z/Z2904.jpg,Z,Z,0.9938352108001709,300,1
Z/Z2910.jpg,Z,Z,0.9938656687736511,300,1
Z/Z2914.jpg,Z,Z,0.9938539266586304,300,1
Z/Z2919.jpg,Z,Z,0.9938788414001465,300,1
Z/Z2922.jpg,Z,Z,0.9938600063323975,300,1
Z/Z2925.jpg,Z,Z,0.9938468337059021,300,1
Z/Z2937.jpg,Z,Z,0.9938799142837524,300,1
Z/Z2941.jpg,Z,Z,0.9938431978225708,300,1
Z/Z2946.jpg,Z,Z,0.9938300251960754,300,1
Z/Z2947.jpg,Z,Z,0.9938398003578186,300,1
Z/Z2949.jpg,Z,Z,0.9938510656356812,300,1
Z/Z2952.jpg,Z,Z,0.9938355088233948,300,1
Z/Z2953.jpg,Z,Z,0.9938456416130066,300,1
Z/Z2954.jpg,Z,Z,0.993822455406189,300,1
Z/Z2959.jpg,Z,Z,0.9938687682151794,300,1
Z/Z2966.jpg,Z,Z,0.9938934445381165,300,1
Z/Z2970.jpg,Z,Z,0.9939287900924683,300,1
Z/Z2987.jpg,Z,Z,0.994086503982544,300,1
Z/Z299.jpg,Z,Z,0.9938755631446838,300,1
Z/Z2991.jpg,Z,Z,0.994065523147583,300,1
Z/Z2994.jpg,Z,Z,0.9941051006317139,300,1
Z/Z2995.jpg,Z,Z,0.9941084384918213,300,1
Z/Z2997.jpg,Z,Z,0.9941545128822327,300,1
Z/Z300.jpg,Z,Z,0.9938735961914062,300,1
Z/Z307.jpg,Z,Z,0.993723452091217,300,1
Z/Z308.jpg,Z,Z,0.9937925934791565,300,1
Z/Z309.jpg,Z,Z,0.9937781095504761,300,1
Z/Z31.jpg,Z,Z,0.9939059615135193,300,1
Z/Z314.jpg,Z,Z,0.9937130808830261,300,1
Z/Z320.jpg,Z,Z,0.9937742948532104,300,1
Z/Z325.jpg,Z,Z,0.9937157034873962,300,1
Z/Z339.jpg,Z,Z,0.9937832355499268,300,1
Z/Z348.jpg,Z,Z,0.9937752485275269,300,1
Z/Z349.jpg,Z,Z,0.9937804341316223,300,1
Z/Z35.jpg,Z,Z,0.9939025640487671,300,1
Z/Z355.jpg,Z,Z,0.9938240051269531,300,1
Z/Z366.jpg,Z,Z,0.9938191771507263,300,1
Z/Z372.jpg,Z,Z,0.9937912821769714,300,1
Z/Z373.jpg,Z,Z,0.9938149452209473,300,1
Z/Z378.jpg,Z,Z,0.99379962682724,300,1
Z/Z383.jpg,Z,Z,0.9937839508056641,300,1
Z/Z39.jpg,Z,Z,0.9939476251602173,300,1
Z/Z398.jpg,Z,Z,0.9938116073608398,300,1
Z/Z404.jpg,Z,Z,0.9938794374465942,300,1
Z/Z409.jpg,Z,Z,0.9938316345214844,300,1
Z/Z412.jpg,Z,Z,0.9937905669212341,300,1
Z/Z419.jpg,Z,Z,0.9938795566558838,300,1
Z/Z42.jpg,Z,Z,0.9939608573913574,300,1
Z/Z430.jpg,Z,Z,0.9938690066337585,300,1
Z/Z435.jpg,Z,Z,0.9939299821853638,300,1
Z/Z436.jpg,Z,Z,0.9938873648643494,300,1
Z/Z444.jpg,Z,Z,0.9939104318618774,300,1
Z/Z445.jpg,Z,Z,0.9939171671867371,300,1
Z/Z45.jpg,Z,Z,0.9939565658569336,300,1
Z/Z466.jpg,Z,Z,0.9938750863075256,300,1
Z/Z467.jpg,Z,Z,0.9939058423042297,300,1
Z/Z469.jpg,Z,Z,0.9939185380935669,300,1
Z/Z472.jpg,Z,Z,0.9939870834350586,300,1
Z/Z474.jpg,Z,Z,0.993961751461029,300,1
Z/Z475.jpg,Z,Z,0.9939559102058411,300,1
Z/Z476.jpg,Z,Z,0.9939301013946533,300,1
Z/Z479.jpg,Z,Z,0.9939833283424377,300,1
Z/Z493.jpg,Z,Z,0.9940440058708191,300,1
Z/Z496.jpg,Z,Z,0.9940997362136841,300,1
Z/Z499.jpg,Z,Z,0.9940449595451355,300,1
Z/Z50.jpg,Z,Z,0.9939560294151306,300,1
Z/Z506.jpg,Z,Z,0.9940582513809204,300,1
Z/Z508.jpg,Z,Z,0.9941153526306152,300,1
Z/Z510.jpg,Z,Z,0.9940634369850159,300,1
Z/Z511.jpg,Z,Z,0.9940944314002991,300,1
Z/Z513.jpg,Z,Z,0.9940791130065918,300,1
Z/Z514.jpg,Z,Z,0.9941184520721436,300,1
Z/Z516.jpg,Z,Z,0.9940823912620544,300,1
Z/Z519.jpg,Z,Z,0.9940996170043945,300,1
Z/Z521.jpg,Z,Z,0.9941190481185913,300,1
Z/Z527.jpg,Z,Z,0.9940145611763,300,1
Z/Z535.jpg,Z,Z,0.9939299821853638,300,1
Z/Z554.jpg,Z,Z,0.9936979413032532,300,1
Z/Z556.jpg,Z,Z,0.993709921836853,300,1
Z/Z568.jpg,Z,Z,0.9938042163848877,300,1
Z/Z572.jpg,Z,Z,0.9937658309936523,300,1
Z/Z576.jpg,Z,Z,0.9937341809272766,300,1
Z/Z577.jpg,Z,Z,0.9936962723731995,300,1
Z/Z579.jpg,Z,Z,0.993700385093689,300,1
Z/Z584.jpg,Z,Z,0.9936133027076721,300,1
Z/Z589.jpg,Z,Z,0.9933383464813232,300,1
Z/Z592.jpg,Z,Z,0.9926482439041138,300,1
Z/Z610.jpg,Z,Z,0.9937305450439453,300,1
Z/Z62.jpg,Z,Z,0.9939590692520142,300,1
Z/Z620.jpg,Z,Z,0.9937186241149902,300,1
Z/Z621.jpg,Z,Z,0.993693470954895,300,1
Z/Z624.jpg,Z,Z,0.9936301112174988,300,1
Z/Z628.jpg,Z,Z,0.9936484694480896,300,1
Z/Z631.jpg,Z,Z,0.9936025738716125,300,1
Z/Z634.jpg,Z,Z,0.9936708211898804,300,1
Z/Z647.jpg,Z,Z,0.9936832189559937,300,1
Z/Z652.jpg,Z,Z,0.9935146570205688,300,1
Z/Z658.jpg,Z,Z,0.993263304233551,300,1
Z/Z663.jpg,Z,Z,0.9932884573936462,300,1
Z/Z670.jpg,Z,Z,0.993355393409729,300,1
Z/Z680.jpg,Z,Z,0.9938859343528748,300,1
Z/Z682.jpg,Z,Z,0.9938966631889343,300,1
Z/Z69.jpg,Z,Z,0.9939221143722534,300,1
Z/Z693.jpg,Z,Z,0.9939985275268555,300,1
Z/Z698.jpg,Z,Z,0.994030237197876,300,1
Z/Z701.jpg,Z,Z,0.9940126538276672,300,1
Z/Z702.jpg,Z,Z,0.9939915537834167,300,1
Z/Z704.jpg,Z,Z,0.993994414806366,300,1
Z/Z707.jpg,Z,Z,0.9940162897109985,300,1
Z/Z709.jpg,Z,Z,0.993998646736145,300,1
Z/Z71.jpg,Z,Z,0.9938446283340454,300,1
Z/Z713.jpg,Z,Z,0.9939905405044556,300,1
Z/Z714.jpg,Z,Z,0.9940404295921326,300,1
Z/Z718.jpg,Z,Z,0.9940243363380432,300,1
Z/Z72.jpg,Z,Z,0.9938215017318726,300,1
Z/Z723.jpg,Z,Z,0.9939940571784973,300,1
Z/Z725.jpg,Z,Z,0.993992030620575,300,1
Z/Z726.jpg,Z,Z,0.9939858913421631,300,1
Z/Z729.jpg,Z,Z,0.9940024018287659,300,1
Z/Z733.jpg,Z,Z,0.9940263032913208,300,1
Z/Z738.jpg,Z,Z,0.9940569400787354,300,1
Z/Z739.jpg,Z,Z,0.9940775632858276,300,1
Z/Z743.jpg,Z,Z,0.9939660429954529,300,1
Z/Z745.jpg,Z,Z,0.9939595460891724,300,1
Z/Z746.jpg,Z,Z,0.9939442276954651,300,1
Z/Z753.jpg,Z,Z,0.9939149022102356,300,1
Z/Z756.jpg,Z,Z,0.9938924312591553,300,1
Z/Z758.jpg,Z,Z,0.9939219951629639,300,1
Z/Z760.jpg,Z,Z,0.9939689636230469,300,1
Z/Z761.jpg,Z,Z,0.9939542412757874,300,1
Z/Z767.jpg,Z,Z,0.9939451813697815,300,1
Z/Z768.jpg,Z,Z,0.9939097166061401,300,1
Z/Z770.jpg,Z,Z,0.9939190149307251,300,1
Z/Z776.jpg,Z,Z,0.9939059615135193,300,1
Z/Z778.jpg,Z,Z,0.9938539266586304,300,1
Z/Z78.jpg,Z,Z,0.993846595287323,300,1
Z/Z780.jpg,Z,Z,0.9938691258430481,300,1
Z/Z785.jpg,Z,Z,0.9938255548477173,300,1
Z/Z788.jpg,Z,Z,0.9938712120056152,300,1
Z/Z8.jpg,Z,Z,0.9939501285552979,300,1
Z/Z80.jpg,Z,Z,0.9938607215881348,300,1
Z/Z808.jpg,Z,Z,0.9938300251960754,300,1
Z/Z811.jpg,Z,Z,0.9937904477119446,300,1
Z/Z821.jpg,Z,Z,0.9937686920166016,300,1
Z/Z823.jpg,Z,Z,0.9938027858734131,300,1
Z/Z830.jpg,Z,Z,0.9937518239021301,300,1
Z/Z833.jpg,Z,Z,0.9937148690223694,300,1
Z/Z835.jpg,Z,Z,0.9937458038330078,300,1
Z/Z836.jpg,Z,Z,0.9938712120056152,300,1
Z/Z837.jpg,Z,Z,0.9939860105514526,300,1
Z/Z838.jpg,Z,Z,0.9940434098243713,300,1
Z/Z839.jpg,Z,Z,0.9940385818481445,300,1
Z/Z84.jpg,Z,Z,0.9937880635261536,300,1
Z/Z842.jpg,Z,Z,0.9940114617347717,300,1
Z/Z854.jpg,Z,Z,0.9940016865730286,300,1
Z/Z855.jpg,Z,Z,0.9940440058708191,300,1
Z/Z86.jpg,Z,Z,0.993722140789032,300,1
Z/Z870.jpg,Z,Z,0.9938700199127197,300,1
Z/Z877.jpg,Z,Z,0.9939013719558716,300,1
Z/Z884.jpg,Z,Z,0.9937986731529236,300,1
Z/Z885.jpg,Z,Z,0.9938072562217712,300,1
Z/Z887.jpg,Z,Z,0.9938071370124817,300,1
Z/Z896.jpg,Z,Z,0.9936083555221558,300,1
Z/Z9.jpg,Z,Z,0.9939888715744019,300,1
Z/Z901.jpg,Z,Z,0.9935975074768066,300,1
Z/Z913.jpg,Z,Z,0.9934948086738586,300,1
Z/Z922.jpg,Z,Z,0.993593156337738,300,1
Z/Z926.jpg,Z,Z,0.9935914874076843,300,1
Z/Z927.jpg,Z,Z,0.9935270547866821,300,1
Z/Z930.jpg,Z,Z,0.9937468767166138,300,1
Z/Z938.jpg,Z,Z,0.9938439130783081,300,1
Z/Z939.jpg,Z,Z,0.9938462376594543,300,1
Z/Z941.jpg,Z,Z,0.9938522577285767,300,1
Z/Z950.jpg,Z,Z,0.9938216209411621,300,1
Z/Z952.jpg,Z,Z,0.9938011765480042,300,1
Z/Z955.jpg,Z,Z,0.9939371347427368,300,1
Z/Z969.jpg,Z,Z,0.9939502477645874,300,1
Z/Z972.jpg,Z,Z,0.9939554333686829,300,1
Z/Z976.jpg,Z,Z,0.9939844012260437,300,1
Z/Z979.jpg,Z,Z,0.9940034747123718,300,1
Z/Z986.jpg,Z,Z,0.9939683675765991,300,1
Z/Z99.jpg,Z,Z,0.993890643119812,300,1
Z/Z990.jpg,Z,Z,0.9939430356025696,300,1
del/del1001.jpg,delete,delete,0.9928461909294128,300,1
del/del1004.jpg,delete,delete,0.9929009675979614,300,1
del/del1010.jpg,delete,delete,0.9929290413856506,300,1
del/del1012.jpg,delete,delete,0.9928706288337708,300,1
del/del1016.jpg,delete,delete,0.9928721785545349,300,1
del/del1018.jpg,delete,delete,0.9929763078689575,300,1
del/del1020.jpg,delete,delete,0.9928750991821289,300,1
del/del1021.jpg,delete,delete,0.9928750991821289,300,1
del/del1026.jpg,delete,delete,0.9929134249687195,300,1
del/del103.jpg,delete,delete,0.9926199316978455,300,1
del/del1031.jpg,delete,delete,0.9928176403045654,300,1
del/del1033.jpg,delete,delete,0.9928654432296753,300,1
del/del1039.jpg,delete,delete,0.9929046034812927,300,1
del/del1043.jpg,delete,delete,0.9928459525108337,300,1
del/del1047.jpg,delete,delete,0.992868959903717,300,1
del/del1050.jpg,delete,delete,0.992962658405304,300,1
del/del1052.jpg,delete,delete,0.992988646030426,300,1
del/del1054.jpg,delete,delete,0.9930786490440369,300,1
del/del1056.jpg,delete,delete,0.9929649829864502,300,1
del/del106.jpg,delete,delete,0.9927194118499756,300,1
del/del1066.jpg,delete,delete,0.993008017539978,300,1
del/del1067.jpg,delete,delete,0.9930604696273804,300,1
del/del1071.jpg,delete,delete,0.9929290413856506,300,1
del/del1075.jpg,delete,delete,0.992920458316803,300,1
del/del1077.jpg,delete,delete,0.99294114112854,300,1
del/del1078.jpg,delete,delete,0.9929549098014832,300,1
del/del1082.jpg,delete,delete,0.9930394291877747,300,1
del/del1086.jpg,delete,delete,0.993049144744873,300,1
del/del1088.jpg,delete,delete,0.9929900169372559,300,1
del/del1105.jpg,delete,delete,0.9927190542221069,300,1
del/del1108.jpg,delete,delete,0.992771327495575,300,1
del/del111.jpg,delete,delete,0.9928804039955139,300,1
del/del1119.jpg,delete,delete,0.9928263425827026,300,1
del/del1120.jpg,delete,delete,0.9928404092788696,300,1
del/del1125.jpg,delete,delete,0.9928029179573059,300,1
del/del1128.jpg,delete,delete,0.99285489320755,300,1
del/del1136.jpg,delete,delete,0.9928800463676453,300,1
del/del1139.jpg,delete,delete,0.9928204417228699,300,1
del/del1140.jpg,delete,delete,0.9928547739982605,300,1
del/del1142.jpg,delete,delete,0.9928027987480164,300,1
del/del1150.jpg,delete,delete,0.9927775859832764,300,1
del/del1154.jpg,delete,delete,0.9929155111312866,300,1
del/del1155.jpg,delete,delete,0.9928725957870483,300,1
del/del1158.jpg,delete,delete,0.9929141998291016,300,1
del/del1164.jpg,delete,delete,0.9928916692733765,300,1
del/del1168.jpg,delete,delete,0.9928416013717651,300,1
del/del1175.jpg,delete,delete,0.9926778078079224,300,1
del/del1178.jpg,delete,delete,0.9927806258201599,300,1
del/del1181.jpg,delete,delete,0.9927352666854858,300,1
del/del1182.jpg,delete,delete,0.9927898049354553,300,1
del/del1195.jpg,delete,delete,0.9929684996604919,300,1
del/del1197.jpg,delete,delete,0.9929840564727783,300,1
del/del120.jpg,delete,delete,0.9928890466690063,300,1
del/del1209.jpg,delete,delete,0.9929948449134827,300,1
del/del1211.jpg,delete,delete,0.9929766058921814,300,1
del/del1212.jpg,delete,delete,0.9929550290107727,300,1
del/del1218.jpg,delete,delete,0.9929400682449341,300,1
del/del1219.jpg,delete,delete,0.9930381178855896,300,1
del/del1221.jpg,delete,delete,0.9930189251899719,300,1
del/del1226.jpg,delete,delete,0.9930237531661987,300,1
del/del1227.jpg,delete,delete,0.993018388748169,300,1
del/del1229.jpg,delete,delete,0.9930434226989746,300,1
del/del1237.jpg,delete,delete,0.992987334728241,300,1
del/del1238.jpg,delete,delete,0.9929882884025574,300,1
del/del1240.jpg,delete,delete,0.9929981231689453,300,1
del/del1244.jpg,delete,delete,0.9929311275482178,300,1
del/del1245.jpg,delete,delete,0.9929499626159668,300,1
del/del1247.jpg,delete,delete,0.9929490089416504,300,1
del/del1248.jpg,delete,delete,0.9929700493812561,300,1
del/del1249.jpg,delete,delete,0.9929792284965515,300,1
del/del1253.jpg,delete,delete,0.992831826210022,300,1
del/del1257.jpg,delete,delete,0.9928861260414124,300,1
del/del1261.jpg,delete,delete,0.9928202033042908,300,1
del/del1274.jpg,delete,delete,0.9928211569786072,300,1
del/del1275.jpg,delete,delete,0.9928644895553589,300,1
del/del1279.jpg,delete,delete,0.9928807020187378,300,1
del/del1287.jpg,delete,delete,0.9928951859474182,300,1
del/del1297.jpg,delete,delete,0.9929084777832031,300,1
del/del1299.jpg,delete,delete,0.9928960204124451,300,1
del/del13.jpg,delete,delete,0.9928432703018188,300,1
del/del1300.jpg,delete,delete,0.9928640127182007,300,1
del/del1303.jpg,delete,delete,0.9928990602493286,300,1
del/del1305.jpg,delete,delete,0.9929754734039307,300,1
del/del1310.jpg,delete,delete,0.9928703904151917,300,1
del/del1316.jpg,delete,delete,0.9927728772163391,300,1
del/del1318.jpg,delete,delete,0.9928515553474426,300,1
del/del132.jpg,delete,delete,0.9930623173713684,300,1
del/del1329.jpg,delete,delete,0.9929745197296143,300,1
del/del1331.jpg,delete,delete,0.9929381012916565,300,1
del/del1332.jpg,delete,delete,0.9929400682449341,300,1
del/del1339.jpg,delete,delete,0.9929116368293762,300,1
del/del1340.jpg,delete,delete,0.9929104447364807,300,1
del/del1345.jpg,delete,delete,0.9928881525993347,300,1
del/del1355.jpg,delete,delete,0.9927728772163391,300,1
del/del137.jpg,delete,delete,0.9929066896438599,300,1
del/del1377.jpg,delete,delete,0.9926202297210693,300,1
del/del1384.jpg,delete,delete,0.9926286935806274,300,1
del/del1387.jpg,delete,delete,0.9926694631576538,300,1
del/del1389.jpg,delete,delete,0.992658793926239,300,1
del/del139.jpg,delete,delete,0.9930043816566467,300,1
del/del1395.jpg,delete,delete,0.9927829504013062,300,1
del/del1407.jpg,delete,delete,0.9926658272743225,300,1
del/del1412.jpg,delete,delete,0.9927257299423218,300,1
del/del1414.jpg,delete,delete,0.9927564263343811,300,1
del/del142.jpg,delete,delete,0.9929732084274292,300,1
del/del1423.jpg,delete,delete,0.9927655458450317,300,1
del/del1425.jpg,delete,delete,0.992752194404602,300,1
del/del1427.jpg,delete,delete,0.9928247928619385,300,1
del/del1430.jpg,delete,delete,0.9928162097930908,300,1
del/del1432.jpg,delete,delete,0.9927817583084106,300,1
del/del1436.jpg,delete,delete,0.9927309155464172,300,1
del/del1444.jpg,delete,delete,0.9927259683609009,300,1
del/del1446.jpg,delete,delete,0.9928086996078491,300,1
del/del1450.jpg,delete,delete,0.9928186535835266,300,1
del/del1453.jpg,delete,delete,0.9927869439125061,300,1
del/del1457.jpg,delete,delete,0.9927843809127808,300,1
del/del1463.jpg,delete,delete,0.9928554892539978,300,1
del/del1465.jpg,delete,delete,0.9928298592567444,300,1
del/del149.jpg,delete,delete,0.9929280877113342,300,1
del/del1494.jpg,delete,delete,0.9929008483886719,300,1
del/del1500.jpg,delete,delete,0.9930016398429871,300,1
del/del1511.jpg,delete,delete,0.9930353760719299,300,1
del/del1513.jpg,delete,delete,0.9929718375205994,300,1
del/del1517.jpg,delete,delete,0.9929560422897339,300,1
del/del1533.jpg,delete,delete,0.9929870963096619,300,1
del/del1534.jpg,delete,delete,0.9929890632629395,300,1
del/del1536.jpg,delete,delete,0.9930667877197266,300,1
del/del154.jpg,delete,delete,0.9930496215820312,300,1
del/del1541.jpg,delete,delete,0.9928580522537231,300,1
del/del1547.jpg,delete,delete,0.9929805397987366,300,1
del/del1553.jpg,delete,delete,0.9929808378219604,300,1
del/del1560.jpg,delete,delete,0.9928954243659973,300,1
del/del1565.jpg,delete,delete,0.9929739236831665,300,1
del/del1579.jpg,delete,delete,0.9928949475288391,300,1
del/del1580.jpg,delete,delete,0.9929028153419495,300,1
del/del1587.jpg,delete,delete,0.9929571151733398,300,1
del/del1591.jpg,delete,delete,0.9929308891296387,300,1
del/del1594.jpg,delete,delete,0.9929185509681702,300,1
del/del1596.jpg,delete,delete,0.992872953414917,300,1
del/del1598.jpg,delete,delete,0.992854654788971,300,1
del/del160.jpg,delete,delete,0.9929496049880981,300,1
del/del1603.jpg,delete,delete,0.9929100871086121,300,1
del/del1607.jpg,delete,delete,0.9928063154220581,300,1
del/del1608.jpg,delete,delete,0.9927858710289001,300,1
del/del161.jpg,delete,delete,0.9929618239402771,300,1
del/del1626.jpg,delete,delete,0.9927411079406738,300,1
del/del163.jpg,delete,delete,0.9929488897323608,300,1
del/del1636.jpg,delete,delete,0.9926751255989075,300,1
del/del1641.jpg,delete,delete,0.9927190542221069,300,1
del/del1642.jpg,delete,delete,0.9927688837051392,300,1
del/del1643.jpg,delete,delete,0.9927126169204712,300,1
del/del165.jpg,delete,delete,0.992972731590271,300,1
del/del1653.jpg,delete,delete,0.9926121830940247,300,1
del/del1665.jpg,delete,delete,0.9924200177192688,300,1
del/del1677.jpg,delete,delete,0.9924633502960205,300,1
del/del1679.jpg,delete,delete,0.9926033616065979,300,1
del/del1681.jpg,delete,delete,0.9925435781478882,300,1
del/del1688.jpg,delete,delete,0.9926275610923767,300,1
del/del169.jpg,delete,delete,0.9929555654525757,300,1
del/del1692.jpg,delete,delete,0.9928213953971863,300,1
del/del1693.jpg,delete,delete,0.9926961660385132,300,1
del/del1703.jpg,delete,delete,0.9927379488945007,300,1
del/del1704.jpg,delete,delete,0.9927129149436951,300,1
del/del1720.jpg,delete,delete,0.9927858114242554,300,1
del/del1721.jpg,delete,delete,0.992798924446106,300,1
del/del1722.jpg,delete,delete,0.9926723837852478,300,1
del/del1724.jpg,delete,delete,0.9926519989967346,300,1
del/del1731.jpg,delete,delete,0.9926907420158386,300,1
del/del1733.jpg,delete,delete,0.9927257299423218,300,1
del/del1736.jpg,delete,delete,0.9927796721458435,300,1
del/del1737.jpg,delete,delete,0.9927669763565063,300,1
del/del1743.jpg,delete,delete,0.9929961562156677,300,1
del/del1746.jpg,delete,delete,0.9929293990135193,300,1
del/del1758.jpg,delete,delete,0.9929189085960388,300,1
del/del1761.jpg,delete,delete,0.9929696917533875,300,1
del/del1762.jpg,delete,delete,0.9929094314575195,300,1
del/del1769.jpg,delete,delete,0.9929497241973877,300,1
del/del1770.jpg,delete,delete,0.9929875731468201,300,1
del/del1774.jpg,delete,delete,0.9929815530776978,300,1
del/del1779.jpg,delete,delete,0.9929618239402771,300,1
del/del1788.jpg,delete,delete,0.992931604385376,300,1
del/del1789.jpg,delete,delete,0.9928759336471558,300,1
del/del1799.jpg,delete,delete,0.9929788708686829,300,1
del/del18.jpg,delete,delete,0.992720901966095,300,1
del/del1800.jpg,delete,delete,0.9929595589637756,300,1
del/del1804.jpg,delete,delete,0.9930022358894348,300,1
del/del1805.jpg,delete,delete,0.9930700659751892,300,1
del/del1807.jpg,delete,delete,0.9930011034011841,300,1
del/del1809.jpg,delete,delete,0.9930049777030945,300,1
del/del181.jpg,delete,delete,0.9928696751594543,300,1
del/del1813.jpg,delete,delete,0.9928553700447083,300,1
del/del1817.jpg,delete,delete,0.992738664150238,300,1
del/del1818.jpg,delete,delete,0.9928205609321594,300,1
del/del182.jpg,delete,delete,0.9928856492042542,300,1
del/del1821.jpg,delete,delete,0.992905855178833,300,1
del/del1822.jpg,delete,delete,0.9927957653999329,300,1
del/del184.jpg,delete,delete,0.9928938746452332,300,1
del/del1841.jpg,delete,delete,0.9928801655769348,300,1
del/del1844.jpg,delete,delete,0.9929113984107971,300,1
del/del185.jpg,delete,delete,0.9929231405258179,300,1
del/del1851.jpg,delete,delete,0.9929413795471191,300,1
del/del1852.jpg,delete,delete,0.9928188920021057,300,1
del/del1853.jpg,delete,delete,0.9927796721458435,300,1
del/del1856.jpg,delete,delete,0.9928203225135803,300,1
del/del1857.jpg,delete,delete,0.9928183555603027,300,1
del/del1862.jpg,delete,delete,0.9928344488143921,300,1
del/del1867.jpg,delete,delete,0.9927828311920166,300,1
del/del1874.jpg,delete,delete,0.9929012656211853,300,1
del/del190.jpg,delete,delete,0.9929083585739136,300,1
del/del1903.jpg,delete,delete,0.9928959012031555,300,1
del/del1905.jpg,delete,delete,0.9928907155990601,300,1
del/del1907.jpg,delete,delete,0.9928981065750122,300,1
del/del1917.jpg,delete,delete,0.9928781390190125,300,1
del/del1918.jpg,delete,delete,0.9928856492042542,300,1
del/del1919.jpg,delete,delete,0.9929035305976868,300,1
del/del1920.jpg,delete,delete,0.9928712248802185,300,1
del/del1922.jpg,delete,delete,0.9929043650627136,300,1
del/del1925.jpg,delete,delete,0.9929187893867493,300,1
del/del193.jpg,delete,delete,0.9929673671722412,300,1
del/del1932.jpg,delete,delete,0.9928852915763855,300,1
del/del1935.jpg,delete,delete,0.9928222298622131,300,1
del/del194.jpg,delete,delete,0.9930189251899719,300,1
del/del1946.jpg,delete,delete,0.9929525256156921,300,1
del/del1953.jpg,delete,delete,0.9929342269897461,300,1
del/del197.jpg,delete,delete,0.9929879307746887,300,1
del/del1974.jpg,delete,delete,0.9929627776145935,300,1
del/del1975.jpg,delete,delete,0.9929662942886353,300,1
del/del1979.jpg,delete,delete,0.9928539395332336,300,1
del/del1986.jpg,delete,delete,0.9928280711174011,300,1
del/del1992.jpg,delete,delete,0.9929240942001343,300,1
del/del2017.jpg,delete,delete,0.9918926954269409,300,1
del/del2019.jpg,delete,delete,0.9918938279151917,300,1
del/del202.jpg,delete,delete,0.992964506149292,300,1
del/del2023.jpg,delete,delete,0.9921640157699585,300,1
del/del2024.jpg,delete,delete,0.9921923279762268,300,1
del/del2030.jpg,delete,delete,0.9927864670753479,300,1
del/del2031.jpg,delete,delete,0.9927170276641846,300,1
del/del2039.jpg,delete,delete,0.9928805828094482,300,1
del/del2040.jpg,delete,delete,0.992867112159729,300,1
del/del2046.jpg,delete,delete,0.9928234815597534,300,1
del/del2049.jpg,delete,delete,0.9928591251373291,300,1
del/del2051.jpg,delete,delete,0.9928246736526489,300,1
del/del2061.jpg,delete,delete,0.9928587675094604,300,1
del/del2067.jpg,delete,delete,0.992865800857544,300,1
del/del2074.jpg,delete,delete,0.9928801655769348,300,1
del/del2075.jpg,delete,delete,0.9928116202354431,300,1
del/del2085.jpg,delete,delete,0.9929457306861877,300,1
del/del2087.jpg,delete,delete,0.9929023385047913,300,1
del/del2094.jpg,delete,delete,0.9929608702659607,300,1
del/del21.jpg,delete,delete,0.9927611351013184,300,1
del/del2108.jpg,delete,delete,0.9928416013717651,300,1
del/del2115.jpg,delete,delete,0.9928125739097595,300,1
del/del2120.jpg,delete,delete,0.9924178123474121,300,1
del/del2121.jpg,delete,delete,0.9923802614212036,300,1
del/del2129.jpg,delete,delete,0.9926907420158386,300,1
del/del213.jpg,delete,delete,0.9929957985877991,300,1
del/del2133.jpg,delete,delete,0.9927809834480286,300,1
del/del2134.jpg,delete,delete,0.9927864670753479,300,1
del/del2139.jpg,delete,delete,0.9927445650100708,300,1
del/del214.jpg,delete,delete,0.9930254220962524,300,1
del/del2169.jpg,delete,delete,0.9927240014076233,300,1
del/del2171.jpg,delete,delete,0.992622971534729,300,1
del/del2173.jpg,delete,delete,0.9927398562431335,300,1
del/del2176.jpg,delete,delete,0.9926825165748596,300,1
del/del218.jpg,delete,delete,0.9930151700973511,300,1
del/del2185.jpg,delete,delete,0.9925975799560547,300,1
del/del2191.jpg,delete,delete,0.9926866292953491,300,1
del/del2198.jpg,delete,delete,0.9924081563949585,300,1
del/del2203.jpg,delete,delete,0.9926908612251282,300,1
del/del2211.jpg,delete,delete,0.9927530288696289,300,1
del/del2215.jpg,delete,delete,0.9927622675895691,300,1
del/del2229.jpg,delete,delete,0.9925509691238403,300,1
del/del2235.jpg,delete,delete,0.9926990866661072,300,1
del/del2236.jpg,delete,delete,0.9926348328590393,300,1
del/del2242.jpg,delete,delete,0.9927144646644592,300,1
del/del2246.jpg,delete,delete,0.9927020072937012,300,1
del/del2248.jpg,delete,delete,0.9925984144210815,300,1
del/del2255.jpg,delete,delete,0.9923923015594482,300,1
del/del2256.jpg,delete,delete,0.9925680160522461,300,1
del/del2257.jpg,delete,delete,0.9925665855407715,300,1
del/del2268.jpg,delete,delete,0.9927606582641602,300,1
del/del2271.jpg,delete,delete,0.9927839040756226,300,1
del/del2272.jpg,delete,delete,0.992652416229248,300,1
del/del2282.jpg,delete,delete,0.9927166104316711,300,1
del/del229.jpg,delete,delete,0.9928953051567078,300,1
del/del2294.jpg,delete,delete,0.9928299784660339,300,1
del/del2305.jpg,delete,delete,0.9926736950874329,300,1
del/del2307.jpg,delete,delete,0.9927273988723755,300,1
del/del2308.jpg,delete,delete,0.992724597454071,300,1
del/del2309.jpg,delete,delete,0.9927489161491394,300,1
del/del2315.jpg,delete,delete,0.9928358197212219,300,1
del/del2322.jpg,delete,delete,0.9928723573684692,300,1
del/del2325.jpg,delete,delete,0.9929527640342712,300,1
del/del2343.jpg,delete,delete,0.9927813410758972,300,1
del/del2349.jpg,delete,delete,0.992820680141449,300,1
del/del2350.jpg,delete,delete,0.9928407669067383,300,1
del/del2364.jpg,delete,delete,0.9928126931190491,300,1
del/del2369.jpg,delete,delete,0.9928077459335327,300,1
del/del2379.jpg,delete,delete,0.9928258657455444,300,1
del/del2380.jpg,delete,delete,0.9927456974983215,300,1
del/del2384.jpg,delete,delete,0.992819607257843,300,1
del/del2390.jpg,delete,delete,0.9927874207496643,300,1
del/del2394.jpg,delete,delete,0.9928845763206482,300,1
del/del240.jpg,delete,delete,0.9928529858589172,300,1
del/del2400.jpg,delete,delete,0.9929146766662598,300,1
del/del2406.jpg,delete,delete,0.992782473564148,300,1
del/del2407.jpg,delete,delete,0.9928120970726013,300,1
del/del2408.jpg,delete,delete,0.9928030371665955,300,1
del/del2416.jpg,delete,delete,0.9928022027015686,300,1
del/del2417.jpg,delete,delete,0.9928654432296753,300,1
del/del242.jpg,delete,delete,0.9928654432296753,300,1
del/del2421.jpg,delete,delete,0.9928082227706909,300,1
del/del2423.jpg,delete,delete,0.992868959903717,300,1
del/del2425.jpg,delete,delete,0.9928901195526123,300,1
del/del2428.jpg,delete,delete,0.9928820133209229,300,1
del/del243.jpg,delete,delete,0.9929025769233704,300,1
del/del2432.jpg,delete,delete,0.9927892088890076,300,1
del/del2440.jpg,delete,delete,0.9926691055297852,300,1
del/del2441.jpg,delete,delete,0.9927946925163269,300,1
del/del2448.jpg,delete,delete,0.9928014278411865,300,1
del/del2450.jpg,delete,delete,0.9927863478660583,300,1
del/del2456.jpg,delete,delete,0.9927980899810791,300,1
del/del2459.jpg,delete,delete,0.9927250146865845,300,1
del/del246.jpg,delete,delete,0.9928758144378662,300,1
del/del2473.jpg,delete,delete,0.9927184581756592,300,1
del/del2474.jpg,delete,delete,0.9927419424057007,300,1
del/del2478.jpg,delete,delete,0.9927355051040649,300,1
del/del2479.jpg,delete,delete,0.9927398562431335,300,1
del/del2485.jpg,delete,delete,0.9927375912666321,300,1
del/del2497.jpg,delete,delete,0.9927399754524231,300,1
del/del2499.jpg,delete,delete,0.9927014112472534,300,1
del/del2508.jpg,delete,delete,0.9927581548690796,300,1
del/del2509.jpg,delete,delete,0.9927343130111694,300,1
del/del2512.jpg,delete,delete,0.9927929639816284,300,1
del/del252.jpg,delete,delete,0.9929236173629761,300,1
del/del2521.jpg,delete,delete,0.9927329421043396,300,1
del/del2523.jpg,delete,delete,0.9926746487617493,300,1
del/del2533.jpg,delete,delete,0.9927893280982971,300,1
del/del254.jpg,delete,delete,0.9929192662239075,300,1
del/del2547.jpg,delete,delete,0.9928227663040161,300,1
del/del2554.jpg,delete,delete,0.9928171634674072,300,1
del/del2555.jpg,delete,delete,0.9928056597709656,300,1
del/del2556.jpg,delete,delete,0.9927928447723389,300,1
del/del2574.jpg,delete,delete,0.9928593635559082,300,1
del/del2578.jpg,delete,delete,0.9928706288337708,300,1
del/del2581.jpg,delete,delete,0.9928404092788696,300,1
del/del2583.jpg,delete,delete,0.9928202033042908,300,1
del/del2584.jpg,delete,delete,0.9928472638130188,300,1
del/del2592.jpg,delete,delete,0.9928694367408752,300,1
del/del260.jpg,delete,delete,0.9927635788917542,300,1
del/del2600.jpg,delete,delete,0.9928745031356812,300,1
del/del2602.jpg,delete,delete,0.9929147958755493,300,1
del/del2606.jpg,delete,delete,0.9928163290023804,300,1
del/del2607.jpg,delete,delete,0.992874026298523,300,1
del/del2614.jpg,delete,delete,0.9928511381149292,300,1
del/del2623.jpg,delete,delete,0.9927655458450317,300,1
del/del2630.jpg,delete,delete,0.9927242398262024,300,1
del/del2632.jpg,delete,delete,0.9927558302879333,300,1
del/del2636.jpg,delete,delete,0.9927722811698914,300,1
del/del2639.jpg,delete,delete,0.9926977753639221,300,1
del/del2647.jpg,delete,delete,0.9925398230552673,300,1
del/del2649.jpg,delete,delete,0.9926115870475769,300,1
del/del265.jpg,delete,delete,0.9927016496658325,300,1
del/del2667.jpg,delete,delete,0.992902934551239,300,1
del/del2668.jpg,delete,delete,0.9928551316261292,300,1
del/del2670.jpg,delete,delete,0.992778480052948,300,1
del/del2671.jpg,delete,delete,0.99281245470047,300,1
del/del2680.jpg,delete,delete,0.9927932024002075,300,1
del/del2683.jpg,delete,delete,0.9927833080291748,300,1
del/del2684.jpg,delete,delete,0.9927999973297119,300,1
del/del2689.jpg,delete,delete,0.9927871823310852,300,1
del/del2694.jpg,delete,delete,0.9927143454551697,300,1
del/del2695.jpg,delete,delete,0.9927048087120056,300,1
del/del2697.jpg,delete,delete,0.9927393794059753,300,1
del/del2698.jpg,delete,delete,0.9927364587783813,300,1
del/del270.jpg,delete,delete,0.9926685094833374,300,1
del/del2703.jpg,delete,delete,0.9927151799201965,300,1
del/del2704.jpg,delete,delete,0.9927173852920532,300,1
del/del2708.jpg,delete,delete,0.9927211403846741,300,1
del/del2719.jpg,delete,delete,0.9928119778633118,300,1
del/del2728.jpg,delete,delete,0.99257892370224,300,1
del/del2731.jpg,delete,delete,0.9925796389579773,300,1
del/del2737.jpg,delete,delete,0.992544949054718,300,1
del/del2747.jpg,delete,delete,0.9926826357841492,300,1
del/del2748.jpg,delete,delete,0.9926122426986694,300,1
del/del2754.jpg,delete,delete,0.9925358295440674,300,1
del/del2759.jpg,delete,delete,0.9925111532211304,300,1
del/del2762.jpg,delete,delete,0.992544949054718,300,1
del/del2766.jpg,delete,delete,0.9926450252532959,300,1
del/del2767.jpg,delete,delete,0.9926174283027649,300,1
del/del2768.jpg,delete,delete,0.9926809668540955,300,1
del/del277.jpg,delete,delete,0.992664098739624,300,1
del/del2770.jpg,delete,delete,0.9926629066467285,300,1
del/del2780.jpg,delete,delete,0.9926213026046753,300,1
del/del2787.jpg,delete,delete,0.9927406907081604,300,1
del/del2790.jpg,delete,delete,0.9926865100860596,300,1
del/del2791.jpg,delete,delete,0.9927377104759216,300,1
del/del2793.jpg,delete,delete,0.9927091598510742,300,1
del/del2796.jpg,delete,delete,0.9927629828453064,300,1
del/del2797.jpg,delete,delete,0.9927664995193481,300,1
del/del2798.jpg,delete,delete,0.9928475618362427,300,1
del/del280.jpg,delete,delete,0.9925185441970825,300,1
del/del2800.jpg,delete,delete,0.9927933216094971,300,1
del/del2801.jpg,delete,delete,0.992763102054596,300,1
del/del2803.jpg,delete,delete,0.992672324180603,300,1
del/del2814.jpg,delete,delete,0.9925674200057983,300,1
del/del2819.jpg,delete,delete,0.9925134778022766,300,1
del/del2820.jpg,delete,delete,0.9924760460853577,300,1
del/del2821.jpg,delete,delete,0.9924862384796143,300,1
del/del2824.jpg,delete,delete,0.992479681968689,300,1
del/del2847.jpg,delete,delete,0.9925017356872559,300,1
del/del2850.jpg,delete,delete,0.9925137162208557,300,1
del/del2851.jpg,delete,delete,0.9924818873405457,300,1
del/del2859.jpg,delete,delete,0.992559552192688,300,1
del/del2860.jpg,delete,delete,0.992546021938324,300,1
del/del2870.jpg,delete,delete,0.992622971534729,300,1
del/del2879.jpg,delete,delete,0.9926456212997437,300,1
del/del288.jpg,delete,delete,0.9926034808158875,300,1
del/del2880.jpg,delete,delete,0.992639422416687,300,1
del/del2889.jpg,delete,delete,0.9926871061325073,300,1
del/del2896.jpg,delete,delete,0.9926843047142029,300,1
del/del2905.jpg,delete,delete,0.9925770163536072,300,1
del/del2912.jpg,delete,delete,0.9925825595855713,300,1
del/del2915.jpg,delete,delete,0.9925715327262878,300,1
del/del2918.jpg,delete,delete,0.9925481677055359,300,1
del/del2925.jpg,delete,delete,0.9924065470695496,300,1
del/del2934.jpg,delete,delete,0.9923142790794373,300,1
del/del2945.jpg,delete,delete,0.9922307133674622,300,1
del/del2974.jpg,delete,delete,0.9924006462097168,300,1
del/del2975.jpg,delete,delete,0.9923514723777771,300,1
del/del2978.jpg,delete,delete,0.9924289584159851,300,1
del/del2983.jpg,delete,delete,0.9926170706748962,300,1
del/del2984.jpg,delete,delete,0.9925675392150879,300,1
del/del2985.jpg,delete,delete,0.9925370812416077,300,1
del/del3000.jpg,delete,delete,0.9927062392234802,300,1
del/del306.jpg,delete,delete,0.9926844239234924,300,1
del/del308.jpg,delete,delete,0.9925932288169861,300,1
del/del320.jpg,delete,delete,0.9926557540893555,300,1
del/del321.jpg,delete,delete,0.9926438927650452,300,1
del/del322.jpg,delete,delete,0.9926153421401978,300,1
del/del330.jpg,delete,delete,0.9926856756210327,300,1
del/del333.jpg,delete,delete,0.9926470518112183,300,1
del/del343.jpg,delete,delete,0.9925916194915771,300,1
del/del349.jpg,delete,delete,0.9927499294281006,300,1
del/del363.jpg,delete,delete,0.9927171468734741,300,1
del/del365.jpg,delete,delete,0.9927510023117065,300,1
del/del369.jpg,delete,delete,0.9928500652313232,300,1
del/del373.jpg,delete,delete,0.9928666353225708,300,1
del/del377.jpg,delete,delete,0.9928697943687439,300,1
del/del38.jpg,delete,delete,0.9927988052368164,300,1
del/del390.jpg,delete,delete,0.992850661277771,300,1
del/del398.jpg,delete,delete,0.9927864670753479,300,1
del/del40.jpg,delete,delete,0.9927778840065002,300,1
del/del402.jpg,delete,delete,0.9927347898483276,300,1
del/del403.jpg,delete,delete,0.9927287101745605,300,1
del/del405.jpg,delete,delete,0.9926958084106445,300,1
del/del41.jpg,delete,delete,0.9927190542221069,300,1
del/del427.jpg,delete,delete,0.9926021695137024,300,1
del/del435.jpg,delete,delete,0.9926540851593018,300,1
del/del436.jpg,delete,delete,0.9927390217781067,300,1
del/del438.jpg,delete,delete,0.9927380681037903,300,1
del/del440.jpg,delete,delete,0.992809534072876,300,1
del/del446.jpg,delete,delete,0.9927365779876709,300,1
del/del447.jpg,delete,delete,0.9926689863204956,300,1
del/del45.jpg,delete,delete,0.9926774501800537,300,1
del/del451.jpg,delete,delete,0.9927305579185486,300,1
del/del456.jpg,delete,delete,0.9928665161132812,300,1
del/del459.jpg,delete,delete,0.9928463101387024,300,1
del/del460.jpg,delete,delete,0.9927588701248169,300,1
del/del464.jpg,delete,delete,0.9926884174346924,300,1
del/del466.jpg,delete,delete,0.9927294850349426,300,1
del/del474.jpg,delete,delete,0.9927994012832642,300,1
del/del477.jpg,delete,delete,0.9927606582641602,300,1
del/del478.jpg,delete,delete,0.9927177429199219,300,1
del/del486.jpg,delete,delete,0.9927512407302856,300,1
del/del499.jpg,delete,delete,0.9927063584327698,300,1
del/del5.jpg,delete,delete,0.9928257465362549,300,1
del/del501.jpg,delete,delete,0.9927724003791809,300,1
del/del503.jpg,delete,delete,0.9927414655685425,300,1
del/del510.jpg,delete,delete,0.9927625060081482,300,1
del/del511.jpg,delete,delete,0.9927736520767212,300,1
del/del517.jpg,delete,delete,0.9927564263343811,300,1
del/del518.jpg,delete,delete,0.9927428960800171,300,1
del/del524.jpg,delete,delete,0.9927492141723633,300,1
del/del53.jpg,delete,delete,0.9928041100502014,300,1
del/del533.jpg,delete,delete,0.9927873015403748,300,1
del/del535.jpg,delete,delete,0.9928103685379028,300,1
del/del537.jpg,delete,delete,0.9928110241889954,300,1
del/del539.jpg,delete,delete,0.9928143620491028,300,1
del/del543.jpg,delete,delete,0.9927594661712646,300,1
del/del544.jpg,delete,delete,0.9927579164505005,300,1
del/del554.jpg,delete,delete,0.9927440881729126,300,1
del/del566.jpg,delete,delete,0.9927383065223694,300,1
del/del567.jpg,delete,delete,0.9927593469619751,300,1
del/del571.jpg,delete,delete,0.9926659464836121,300,1
del/del574.jpg,delete,delete,0.992645263671875,300,1
del/del578.jpg,delete,delete,0.9925791621208191,300,1
del/del591.jpg,delete,delete,0.9927802681922913,300,1
del/del594.jpg,delete,delete,0.9925518035888672,300,1
del/del595.jpg,delete,delete,0.9925553202629089,300,1
del/del6.jpg,delete,delete,0.9928364157676697,300,1
del/del604.jpg,delete,delete,0.9927487969398499,300,1
del/del605.jpg,delete,delete,0.9926869869232178,300,1
del/del610.jpg,delete,delete,0.992739737033844,300,1
del/del611.jpg,delete,delete,0.9927217364311218,300,1
del/del626.jpg,delete,delete,0.9926660656929016,300,1
del/del628.jpg,delete,delete,0.9926199316978455,300,1
del/del63.jpg,delete,delete,0.9927540421485901,300,1
del/del637.jpg,delete,delete,0.9925261735916138,300,1
del/del638.jpg,delete,delete,0.9924507737159729,300,1
del/del642.jpg,delete,delete,0.9926058053970337,300,1
del/del644.jpg,delete,delete,0.9926102757453918,300,1
del/del645.jpg,delete,delete,0.9926270842552185,300,1
del/del647.jpg,delete,delete,0.9926223754882812,300,1
del/del648.jpg,delete,delete,0.9925589561462402,300,1
del/del651.jpg,delete,delete,0.992598295211792,300,1
del/del653.jpg,delete,delete,0.9925933480262756,300,1
del/del665.jpg,delete,delete,0.9926084876060486,300,1
del/del667.jpg,delete,delete,0.9926164746284485,300,1
del/del67.jpg,delete,delete,0.9926712512969971,300,1
del/del670.jpg,delete,delete,0.992620050907135,300,1
del/del677.jpg,delete,delete,0.9926214218139648,300,1
del/del682.jpg,delete,delete,0.9926720857620239,300,1
del/del685.jpg,delete,delete,0.9925543665885925,300,1
del/del687.jpg,delete,delete,0.9925734996795654,300,1
del/del689.jpg,delete,delete,0.9925819635391235,300,1
del/del691.jpg,delete,delete,0.992613673210144,300,1
del/del692.jpg,delete,delete,0.9926347136497498,300,1
del/del694.jpg,delete,delete,0.9927264451980591,300,1
del/del696.jpg,delete,delete,0.9925649166107178,300,1
del/del700.jpg,delete,delete,0.992581844329834,300,1
del/del701.jpg,delete,delete,0.9926350712776184,300,1
del/del704.jpg,delete,delete,0.9926722049713135,300,1
del/del707.jpg,delete,delete,0.9926879405975342,300,1
del/del711.jpg,delete,delete,0.9927181005477905,300,1
del/del718.jpg,delete,delete,0.9926525354385376,300,1
del/del724.jpg,delete,delete,0.9927265644073486,300,1
del/del730.jpg,delete,delete,0.9926261305809021,300,1
del/del733.jpg,delete,delete,0.9927216172218323,300,1
del/del735.jpg,delete,delete,0.9927065968513489,300,1
del/del736.jpg,delete,delete,0.9928148984909058,300,1
del/del743.jpg,delete,delete,0.9929171800613403,300,1
del/del746.jpg,delete,delete,0.9928998947143555,300,1
del/del75.jpg,delete,delete,0.992641031742096,300,1
del/del76.jpg,delete,delete,0.9926417469978333,300,1
del/del760.jpg,delete,delete,0.9929636120796204,300,1
del/del764.jpg,delete,delete,0.9929683804512024,300,1
del/del767.jpg,delete,delete,0.9929848313331604,300,1
del/del772.jpg,delete,delete,0.9929491281509399,300,1
del/del779.jpg,delete,delete,0.9929134249687195,300,1
del/del78.jpg,delete,delete,0.9926416277885437,300,1
del/del782.jpg,delete,delete,0.992935836315155,300,1
del/del786.jpg,delete,delete,0.993005096912384,300,1
del/del788.jpg,delete,delete,0.993013322353363,300,1
del/del792.jpg,delete,delete,0.9929384589195251,300,1
del/del793.jpg,delete,delete,0.9930069446563721,300,1
del/del795.jpg,delete,delete,0.9930225014686584,300,1
del/del797.jpg,delete,delete,0.9929214119911194,300,1
del/del800.jpg,delete,delete,0.9928227663040161,300,1
del/del803.jpg,delete,delete,0.9927701354026794,300,1
del/del808.jpg,delete,delete,0.9929240942001343,300,1
del/del809.jpg,delete,delete,0.9928768277168274,300,1
del/del817.jpg,delete,delete,0.9929258823394775,300,1
del/del818.jpg,delete,delete,0.9929187893867493,300,1
del/del82.jpg,delete,delete,0.9925932288169861,300,1
del/del824.jpg,delete,delete,0.9929147958755493,300,1
del/del827.jpg,delete,delete,0.9927567839622498,300,1
del/del833.jpg,delete,delete,0.9928448796272278,300,1
del/del838.jpg,delete,delete,0.9928508996963501,300,1
del/del843.jpg,delete,delete,0.992994487285614,300,1
del/del854.jpg,delete,delete,0.9928050637245178,300,1
del/del865.jpg,delete,delete,0.9928768277168274,300,1
del/del871.jpg,delete,delete,0.9927459359169006,300,1
del/del874.jpg,delete,delete,0.992615818977356,300,1
del/del878.jpg,delete,delete,0.9928128123283386,300,1
del/del884.jpg,delete,delete,0.9931042790412903,300,1
del/del889.jpg,delete,delete,0.99302738904953,300,1
del/del898.jpg,delete,delete,0.9930537343025208,300,1
del/del904.jpg,delete,delete,0.9930520057678223,300,1
del/del919.jpg,delete,delete,0.9929158687591553,300,1
del/del920.jpg,delete,delete,0.9929420948028564,300,1
del/del921.jpg,delete,delete,0.992938220500946,300,1
del/del925.jpg,delete,delete,0.9929514527320862,300,1
del/del930.jpg,delete,delete,0.99290931224823,300,1
del/del935.jpg,delete,delete,0.9929109215736389,300,1
del/del937.jpg,delete,delete,0.9928756952285767,300,1
del/del944.jpg,delete,delete,0.9929096102714539,300,1
del/del945.jpg,delete,delete,0.9928919076919556,300,1
del/del947.jpg,delete,delete,0.9929076433181763,300,1
del/del950.jpg,delete,delete,0.9928731918334961,300,1
del/del952.jpg,delete,delete,0.9928820133209229,300,1
del/del961.jpg,delete,delete,0.9929375052452087,300,1
del/del963.jpg,delete,delete,0.9929714798927307,300,1
del/del965.jpg,delete,delete,0.992846667766571,300,1
del/del972.jpg,delete,delete,0.9928090572357178,300,1
del/del977.jpg,delete,delete,0.9926759600639343,300,1
del/del982.jpg,delete,delete,0.992717981338501,300,1
del/del986.jpg,delete,delete,0.9927276372909546,300,1
del/del989.jpg,delete,delete,0.9927517175674438,300,1
del/del99.jpg,delete,delete,0.9926514029502869,300,1
nothing/nothing1009.jpg,nothing,nothing,0.9931121468544006,300,1
nothing/nothing1011.jpg,nothing,nothing,0.993137001991272,300,1
nothing/nothing1013.jpg,nothing,nothing,0.9931442737579346,300,1
nothing/nothing1014.jpg,nothing,nothing,0.9931865930557251,300,1
nothing/nothing1019.jpg,nothing,nothing,0.9931689500808716,300,1
nothing/nothing102.jpg,nothing,nothing,0.9932224750518799,300,1
nothing/nothing1022.jpg,nothing,nothing,0.9931415915489197,300,1
nothing/nothing1027.jpg,nothing,nothing,0.9931315779685974,300,1
nothing/nothing1028.jpg,nothing,nothing,0.9931366443634033,300,1
nothing/nothing1033.jpg,nothing,nothing,0.9930620789527893,300,1
nothing/nothing1036.jpg,nothing,nothing,0.9930557608604431,300,1
nothing/nothing1041.jpg,nothing,nothing,0.9931007623672485,300,1
nothing/nothing1042.jpg,nothing,nothing,0.9931311011314392,300,1
nothing/nothing1045.jpg,nothing,nothing,0.9930742979049683,300,1
nothing/nothing1049.jpg,nothing,nothing,0.9930087327957153,300,1
nothing/nothing1057.jpg,nothing,nothing,0.9931550621986389,300,1
nothing/nothing1059.jpg,nothing,nothing,0.9930992126464844,300,1
nothing/nothing106.jpg,nothing,nothing,0.9932275414466858,300,1
nothing/nothing1064.jpg,nothing,nothing,0.9930679798126221,300,1
nothing/nothing1075.jpg,nothing,nothing,0.9931035041809082,300,1
nothing/nothing1076.jpg,nothing,nothing,0.9930521249771118,300,1
nothing/nothing1078.jpg,nothing,nothing,0.9930835962295532,300,1
nothing/nothing1079.jpg,nothing,nothing,0.9931017160415649,300,1
nothing/nothing1083.jpg,nothing,nothing,0.9931114912033081,300,1
nothing/nothing1094.jpg,nothing,nothing,0.9932259917259216,300,1
nothing/nothing110.jpg,nothing,nothing,0.9932205677032471,300,1
nothing/nothing1105.jpg,nothing,nothing,0.9932006001472473,300,1
nothing/nothing1106.jpg,nothing,nothing,0.9931924939155579,300,1
nothing/nothing1113.jpg,nothing,nothing,0.9932063817977905,300,1
nothing/nothing1115.jpg,nothing,nothing,0.9932317733764648,300,1
nothing/nothing1116.jpg,nothing,nothing,0.993233859539032,300,1
nothing/nothing112.jpg,nothing,nothing,0.9932582378387451,300,1
nothing/nothing1126.jpg,nothing,nothing,0.9932310581207275,300,1
nothing/nothing1130.jpg,nothing,nothing,0.9931581616401672,300,1
nothing/nothing1135.jpg,nothing,nothing,0.9931663870811462,300,1
nothing/nothing1136.jpg,nothing,nothing,0.9931643605232239,300,1
nothing/nothing1139.jpg,nothing,nothing,0.9931402802467346,300,1
nothing/nothing1143.jpg,nothing,nothing,0.9932101368904114,300,1
nothing/nothing1148.jpg,nothing,nothing,0.9931622743606567,300,1
nothing/nothing1159.jpg,nothing,nothing,0.993109941482544,300,1
nothing/nothing1160.jpg,nothing,nothing,0.993093729019165,300,1
nothing/nothing1166.jpg,nothing,nothing,0.9930127263069153,300,1
nothing/nothing1169.jpg,nothing,nothing,0.9929929971694946,300,1
nothing/nothing1173.jpg,nothing,nothing,0.9930521249771118,300,1
nothing/nothing1175.jpg,nothing,nothing,0.9929712414741516,300,1
nothing/nothing1183.jpg,nothing,nothing,0.9929425716400146,300,1
nothing/nothing1185.jpg,nothing,nothing,0.9929607510566711,300,1
nothing/nothing1186.jpg,nothing,nothing,0.9930163621902466,300,1
nothing/nothing1187.jpg,nothing,nothing,0.992983341217041,300,1
nothing/nothing1188.jpg,nothing,nothing,0.9929920434951782,300,1
nothing/nothing1189.jpg,nothing,nothing,0.992954432964325,300,1
nothing/nothing1191.jpg,nothing,nothing,0.9929072856903076,300,1
nothing/nothing1193.jpg,nothing,nothing,0.9927963614463806,300,1
nothing/nothing1195.jpg,nothing,nothing,0.9926759600639343,300,1
nothing/nothing12.jpg,nothing,nothing,0.9933080673217773,300,1
nothing/nothing1203.jpg,nothing,nothing,0.9928057789802551,300,1
nothing/nothing1211.jpg,nothing,nothing,0.9930115342140198,300,1
nothing/nothing1214.jpg,nothing,nothing,0.9930892586708069,300,1
nothing/nothing1228.jpg,nothing,nothing,0.9931080341339111,300,1
nothing/nothing1232.jpg,nothing,nothing,0.9930694699287415,300,1
nothing/nothing1237.jpg,nothing,nothing,0.9930887818336487,300,1
nothing/nothing1248.jpg,nothing,nothing,0.9930859804153442,300,1
nothing/nothing1249.jpg,nothing,nothing,0.9930567741394043,300,1
nothing/nothing1256.jpg,nothing,nothing,0.9930811524391174,300,1
nothing/nothing1261.jpg,nothing,nothing,0.9930295348167419,300,1
nothing/nothing1265.jpg,nothing,nothing,0.9930227994918823,300,1
nothing/nothing1267.jpg,nothing,nothing,0.9930069446563721,300,1
nothing/nothing1273.jpg,nothing,nothing,0.9929976463317871,300,1
nothing/nothing1277.jpg,nothing,nothing,0.9930319786071777,300,1
nothing/nothing1284.jpg,nothing,nothing,0.9930325746536255,300,1
nothing/nothing1295.jpg,nothing,nothing,0.9930447936058044,300,1
nothing/nothing1302.jpg,nothing,nothing,0.9930362105369568,300,1
nothing/nothing1305.jpg,nothing,nothing,0.9930499792098999,300,1
nothing/nothing1306.jpg,nothing,nothing,0.9930723309516907,300,1
nothing/nothing1308.jpg,nothing,nothing,0.9931038022041321,300,1
nothing/nothing1310.jpg,nothing,nothing,0.9930720925331116,300,1
nothing/nothing1317.jpg,nothing,nothing,0.9931065440177917,300,1
nothing/nothing1320.jpg,nothing,nothing,0.9931017160415649,300,1
nothing/nothing1321.jpg,nothing,nothing,0.9930933713912964,300,1
nothing/nothing1323.jpg,nothing,nothing,0.9930964112281799,300,1
nothing/nothing1329.jpg,nothing,nothing,0.993099570274353,300,1
nothing/nothing1335.jpg,nothing,nothing,0.9931269884109497,300,1
nothing/nothing1341.jpg,nothing,nothing,0.9932131767272949,300,1
nothing/nothing1344.jpg,nothing,nothing,0.993220329284668,300,1
nothing/nothing135.jpg,nothing,nothing,0.9932685494422913,300,1
nothing/nothing1350.jpg,nothing,nothing,0.9931930899620056,300,1
nothing/nothing1358.jpg,nothing,nothing,0.9931893348693848,300,1
nothing/nothing1363.jpg,nothing,nothing,0.9931981563568115,300,1
nothing/nothing1364.jpg,nothing,nothing,0.9931915402412415,300,1
nothing/nothing1366.jpg,nothing,nothing,0.9931487441062927,300,1
nothing/nothing1379.jpg,nothing,nothing,0.9931382536888123,300,1
nothing/nothing1380.jpg,nothing,nothing,0.9931313395500183,300,1
nothing/nothing1383.jpg,nothing,nothing,0.9931395649909973,300,1
nothing/nothing1384.jpg,nothing,nothing,0.9931214451789856,300,1
nothing/nothing1386.jpg,nothing,nothing,0.9931394457817078,300,1
nothing/nothing1387.jpg,nothing,nothing,0.9931319355964661,300,1
nothing/nothing1390.jpg,nothing,nothing,0.9931076169013977,300,1
nothing/nothing1391.jpg,nothing,nothing,0.9930964112281799,300,1
nothing/nothing1393.jpg,nothing,nothing,0.9931272268295288,300,1
nothing/nothing1394.jpg,nothing,nothing,0.9930926561355591,300,1
nothing/nothing1395.jpg,nothing,nothing,0.9931153655052185,300,1
nothing/nothing1398.jpg,nothing,nothing,0.9930852651596069,300,1
nothing/nothing1400.jpg,nothing,nothing,0.9930370450019836,300,1
nothing/nothing1403.jpg,nothing,nothing,0.9930534958839417,300,1
nothing/nothing1404.jpg,nothing,nothing,0.9930304884910583,300,1
nothing/nothing141.jpg,nothing,nothing,0.993269145488739,300,1
nothing/nothing1415.jpg,nothing,nothing,0.9930399656295776,300,1
nothing/nothing1419.jpg,nothing,nothing,0.9930711388587952,300,1
nothing/nothing1421.jpg,nothing,nothing,0.9930791258811951,300,1
nothing/nothing1433.jpg,nothing,nothing,0.9930669069290161,300,1
nothing/nothing1434.jpg,nothing,nothing,0.9930778741836548,300,1
nothing/nothing1436.jpg,nothing,nothing,0.9930713772773743,300,1
nothing/nothing1441.jpg,nothing,nothing,0.9930837154388428,300,1
nothing/nothing1443.jpg,nothing,nothing,0.9930583238601685,300,1
nothing/nothing1446.jpg,nothing,nothing,0.9930610060691833,300,1
nothing/nothing1451.jpg,nothing,nothing,0.9930712580680847,300,1
nothing/nothing1452.jpg,nothing,nothing,0.9930592775344849,300,1
nothing/nothing1459.jpg,nothing,nothing,0.9930599927902222,300,1
nothing/nothing146.jpg,nothing,nothing,0.9932630658149719,300,1
nothing/nothing1463.jpg,nothing,nothing,0.9930850267410278,300,1
nothing/nothing1466.jpg,nothing,nothing,0.9930487871170044,300,1
nothing/nothing1477.jpg,nothing,nothing,0.9930800795555115,300,1
nothing/nothing1482.jpg,nothing,nothing,0.9930455088615417,300,1
nothing/nothing1486.jpg,nothing,nothing,0.9930754899978638,300,1
nothing/nothing1495.jpg,nothing,nothing,0.9930684566497803,300,1
nothing/nothing1500.jpg,nothing,nothing,0.9930758476257324,300,1
nothing/nothing1503.jpg,nothing,nothing,0.9930731654167175,300,1
nothing/nothing1512.jpg,nothing,nothing,0.9930943250656128,300,1
nothing/nothing1514.jpg,nothing,nothing,0.9930849075317383,300,1
nothing/nothing1516.jpg,nothing,nothing,0.9930830001831055,300,1
nothing/nothing1517.jpg,nothing,nothing,0.9931087493896484,300,1
nothing/nothing1519.jpg,nothing,nothing,0.9930804371833801,300,1
nothing/nothing152.jpg,nothing,nothing,0.9932675361633301,300,1
nothing/nothing1522.jpg,nothing,nothing,0.9930893778800964,300,1
nothing/nothing1524.jpg,nothing,nothing,0.9930890202522278,300,1
nothing/nothing1525.jpg,nothing,nothing,0.993081271648407,300,1
nothing/nothing1527.jpg,nothing,nothing,0.9930657148361206,300,1
nothing/nothing153.jpg,nothing,nothing,0.9932796359062195,300,1
nothing/nothing154.jpg,nothing,nothing,0.9932860732078552,300,1
nothing/nothing1546.jpg,nothing,nothing,0.9930750131607056,300,1
nothing/nothing155.jpg,nothing,nothing,0.9932818412780762,300,1
nothing/nothing1552.jpg,nothing,nothing,0.9930558800697327,300,1
nothing/nothing1554.jpg,nothing,nothing,0.9930484294891357,300,1
nothing/nothing1558.jpg,nothing,nothing,0.9930835962295532,300,1
nothing/nothing1567.jpg,nothing,nothing,0.9930599927902222,300,1
nothing/nothing1568.jpg,nothing,nothing,0.9930903315544128,300,1
nothing/nothing1569.jpg,nothing,nothing,0.9930485486984253,300,1
nothing/nothing157.jpg,nothing,nothing,0.9932789206504822,300,1
nothing/nothing1574.jpg,nothing,nothing,0.9930742979049683,300,1
nothing/nothing1575.jpg,nothing,nothing,0.9930675029754639,300,1
nothing/nothing1577.jpg,nothing,nothing,0.9930493831634521,300,1
nothing/nothing1583.jpg,nothing,nothing,0.9930780529975891,300,1
nothing/nothing1588.jpg,nothing,nothing,0.9930516481399536,300,1
nothing/nothing1589.jpg,nothing,nothing,0.9930452704429626,300,1
nothing/nothing1590.jpg,nothing,nothing,0.9930041432380676,300,1
nothing/nothing1599.jpg,nothing,nothing,0.9930236339569092,300,1
nothing/nothing1603.jpg,nothing,nothing,0.993051290512085,300,1
nothing/nothing1609.jpg,nothing,nothing,0.9930540919303894,300,1
nothing/nothing1619.jpg,nothing,nothing,0.9930528998374939,300,1
nothing/nothing1625.jpg,nothing,nothing,0.9930306077003479,300,1
nothing/nothing1628.jpg,nothing,nothing,0.9930738210678101,300,1
nothing/nothing1630.jpg,nothing,nothing,0.9930796027183533,300,1
nothing/nothing1631.jpg,nothing,nothing,0.9930630326271057,300,1
nothing/nothing1635.jpg,nothing,nothing,0.993054211139679,300,1
nothing/nothing1651.jpg,nothing,nothing,0.9930623173713684,300,1
nothing/nothing1660.jpg,nothing,nothing,0.9930627942085266,300,1
nothing/nothing1663.jpg,nothing,nothing,0.9930499792098999,300,1
nothing/nothing1668.jpg,nothing,nothing,0.9930341243743896,300,1
nothing/nothing1670.jpg,nothing,nothing,0.9930585622787476,300,1
nothing/nothing1672.jpg,nothing,nothing,0.9930650591850281,300,1
nothing/nothing1676.jpg,nothing,nothing,0.9930295348167419,300,1
nothing/nothing168.jpg,nothing,nothing,0.993334174156189,300,1
nothing/nothing1683.jpg,nothing,nothing,0.9930490255355835,300,1
nothing/nothing1689.jpg,nothing,nothing,0.9930522441864014,300,1
nothing/nothing169.jpg,nothing,nothing,0.9932922124862671,300,1
nothing/nothing1690.jpg,nothing,nothing,0.9930568933486938,300,1
nothing/nothing1692.jpg,nothing,nothing,0.9930370450019836,300,1
nothing/nothing1699.jpg,nothing,nothing,0.993059515953064,300,1
nothing/nothing1701.jpg,nothing,nothing,0.9930570125579834,300,1
nothing/nothing1705.jpg,nothing,nothing,0.9930376410484314,300,1
nothing/nothing1723.jpg,nothing,nothing,0.9930699467658997,300,1
nothing/nothing1732.jpg,nothing,nothing,0.9930199980735779,300,1
nothing/nothing1735.jpg,nothing,nothing,0.9930701851844788,300,1
nothing/nothing1737.jpg,nothing,nothing,0.9930549263954163,300,1
nothing/nothing1740.jpg,nothing,nothing,0.9930538535118103,300,1
nothing/nothing1743.jpg,nothing,nothing,0.9930500984191895,300,1
nothing/nothing1746.jpg,nothing,nothing,0.9930521249771118,300,1
nothing/nothing176.jpg,nothing,nothing,0.993274450302124,300,1
nothing/nothing1765.jpg,nothing,nothing,0.993057131767273,300,1
nothing/nothing1767.jpg,nothing,nothing,0.9930556416511536,300,1
nothing/nothing177.jpg,nothing,nothing,0.993251621723175,300,1
nothing/nothing1771.jpg,nothing,nothing,0.993039071559906,300,1
nothing/nothing1783.jpg,nothing,nothing,0.9931058287620544,300,1
nothing/nothing1788.jpg,nothing,nothing,0.9931192398071289,300,1
nothing/nothing1794.jpg,nothing,nothing,0.9931095838546753,300,1
nothing/nothing1813.jpg,nothing,nothing,0.9930219054222107,300,1
nothing/nothing1820.jpg,nothing,nothing,0.9930141568183899,300,1
nothing/nothing1822.jpg,nothing,nothing,0.9930457472801208,300,1
nothing/nothing1823.jpg,nothing,nothing,0.9930481910705566,300,1
nothing/nothing1824.jpg,nothing,nothing,0.9930680990219116,300,1
nothing/nothing1826.jpg,nothing,nothing,0.993067741394043,300,1
nothing/nothing1829.jpg,nothing,nothing,0.9930752515792847,300,1
nothing/nothing1833.jpg,nothing,nothing,0.9930711388587952,300,1
nothing/nothing1834.jpg,nothing,nothing,0.9931095838546753,300,1
nothing/nothing1836.jpg,nothing,nothing,0.9930853843688965,300,1
nothing/nothing1839.jpg,nothing,nothing,0.9930998086929321,300,1
nothing/nothing1845.jpg,nothing,nothing,0.9931049942970276,300,1
nothing/nothing1846.jpg,nothing,nothing,0.993105947971344,300,1
nothing/nothing1851.jpg,nothing,nothing,0.993067741394043,300,1
nothing/nothing1861.jpg,nothing,nothing,0.9930691719055176,300,1
nothing/nothing1870.jpg,nothing,nothing,0.9931138157844543,300,1
nothing/nothing1873.jpg,nothing,nothing,0.9930819869041443,300,1
nothing/nothing1886.jpg,nothing,nothing,0.9931405186653137,300,1
nothing/nothing1887.jpg,nothing,nothing,0.9931188821792603,300,1
nothing/nothing1889.jpg,nothing,nothing,0.9931250810623169,300,1
nothing/nothing1893.jpg,nothing,nothing,0.9931178092956543,300,1
nothing/nothing1895.jpg,nothing,nothing,0.9930691719055176,300,1
nothing/nothing1896.jpg,nothing,nothing,0.9930822849273682,300,1
nothing/nothing190.jpg,nothing,nothing,0.9933102130889893,300,1
nothing/nothing1900.jpg,nothing,nothing,0.9931039214134216,300,1
nothing/nothing1908.jpg,nothing,nothing,0.9930996894836426,300,1
nothing/nothing1913.jpg,nothing,nothing,0.993130624294281,300,1
nothing/nothing1915.jpg,nothing,nothing,0.9931061863899231,300,1
nothing/nothing1918.jpg,nothing,nothing,0.9931077361106873,300,1
nothing/nothing1919.jpg,nothing,nothing,0.9931207299232483,300,1
nothing/nothing192.jpg,nothing,nothing,0.9932599663734436,300,1
nothing/nothing1924.jpg,nothing,nothing,0.9930961728096008,300,1
nothing/nothing1936.jpg,nothing,nothing,0.9931372404098511,300,1
nothing/nothing1937.jpg,nothing,nothing,0.993126392364502,300,1
nothing/nothing194.jpg,nothing,nothing,0.9932631850242615,300,1
nothing/nothing1948.jpg,nothing,nothing,0.9930950999259949,300,1
nothing/nothing1956.jpg,nothing,nothing,0.9930922985076904,300,1
nothing/nothing1957.jpg,nothing,nothing,0.9930850267410278,300,1
nothing/nothing1965.jpg,nothing,nothing,0.9931000471115112,300,1
nothing/nothing1966.jpg,nothing,nothing,0.9930956959724426,300,1
nothing/nothing1968.jpg,nothing,nothing,0.9930980801582336,300,1
nothing/nothing1970.jpg,nothing,nothing,0.9931033849716187,300,1
nothing/nothing1973.jpg,nothing,nothing,0.9930980801582336,300,1
nothing/nothing1978.jpg,nothing,nothing,0.9931180477142334,300,1
nothing/nothing1987.jpg,nothing,nothing,0.9931239485740662,300,1
nothing/nothing1992.jpg,nothing,nothing,0.993084192276001,300,1
nothing/nothing20.jpg,nothing,nothing,0.9932675361633301,300,1
nothing/nothing2000.jpg,nothing,nothing,0.9931038022041321,300,1
nothing/nothing2009.jpg,nothing,nothing,0.9934158325195312,300,1
nothing/nothing2016.jpg,nothing,nothing,0.9934723377227783,300,1
nothing/nothing202.jpg,nothing,nothing,0.9932408332824707,300,1
nothing/nothing2021.jpg,nothing,nothing,0.9933863282203674,300,1
nothing/nothing2028.jpg,nothing,nothing,0.9933803081512451,300,1
nothing/nothing2036.jpg,nothing,nothing,0.9932970404624939,300,1
nothing/nothing2045.jpg,nothing,nothing,0.9934677481651306,300,1
nothing/nothing2048.jpg,nothing,nothing,0.9933386445045471,300,1
nothing/nothing2049.jpg,nothing,nothing,0.9934211373329163,300,1
nothing/nothing2055.jpg,nothing,nothing,0.9933019876480103,300,1
nothing/nothing2058.jpg,nothing,nothing,0.9933444261550903,300,1
nothing/nothing2059.jpg,nothing,nothing,0.9933429956436157,300,1
nothing/nothing2061.jpg,nothing,nothing,0.9932489395141602,300,1
nothing/nothing2063.jpg,nothing,nothing,0.9932621121406555,300,1
nothing/nothing2066.jpg,nothing,nothing,0.9933335185050964,300,1
nothing/nothing2073.jpg,nothing,nothing,0.993251383304596,300,1
nothing/nothing2080.jpg,nothing,nothing,0.9931420683860779,300,1
nothing/nothing2082.jpg,nothing,nothing,0.9931275844573975,300,1
nothing/nothing2088.jpg,nothing,nothing,0.9931533336639404,300,1
nothing/nothing2093.jpg,nothing,nothing,0.9931923747062683,300,1
nothing/nothing2095.jpg,nothing,nothing,0.993208110332489,300,1
nothing/nothing2099.jpg,nothing,nothing,0.993147075176239,300,1
nothing/nothing210.jpg,nothing,nothing,0.9932342171669006,300,1
nothing/nothing2112.jpg,nothing,nothing,0.9931319355964661,300,1
nothing/nothing2120.jpg,nothing,nothing,0.9931439161300659,300,1
nothing/nothing2121.jpg,nothing,nothing,0.9931602478027344,300,1
nothing/nothing2124.jpg,nothing,nothing,0.9931522607803345,300,1
nothing/nothing2128.jpg,nothing,nothing,0.9931485056877136,300,1
nothing/nothing2138.jpg,nothing,nothing,0.9931186437606812,300,1
nothing/nothing2139.jpg,nothing,nothing,0.993129551410675,300,1
nothing/nothing2143.jpg,nothing,nothing,0.9931366443634033,300,1
nothing/nothing2165.jpg,nothing,nothing,0.993331253528595,300,1
nothing/nothing2166.jpg,nothing,nothing,0.9933217167854309,300,1
nothing/nothing2168.jpg,nothing,nothing,0.9933470487594604,300,1
nothing/nothing2170.jpg,nothing,nothing,0.993420422077179,300,1
nothing/nothing2174.jpg,nothing,nothing,0.9934172630310059,300,1
nothing/nothing2175.jpg,nothing,nothing,0.9934653639793396,300,1
nothing/nothing218.jpg,nothing,nothing,0.9932425618171692,300,1
nothing/nothing2181.jpg,nothing,nothing,0.9933785200119019,300,1
nothing/nothing2199.jpg,nothing,nothing,0.9933018684387207,300,1
nothing/nothing220.jpg,nothing,nothing,0.9932376146316528,300,1
nothing/nothing2201.jpg,nothing,nothing,0.9932717680931091,300,1
nothing/nothing2202.jpg,nothing,nothing,0.9932803511619568,300,1
nothing/nothing221.jpg,nothing,nothing,0.9932608008384705,300,1
nothing/nothing2216.jpg,nothing,nothing,0.993273138999939,300,1
nothing/nothing2217.jpg,nothing,nothing,0.993367612361908,300,1
nothing/nothing2220.jpg,nothing,nothing,0.9933189153671265,300,1
nothing/nothing2222.jpg,nothing,nothing,0.9932346940040588,300,1
nothing/nothing2224.jpg,nothing,nothing,0.9932242631912231,300,1
nothing/nothing223.jpg,nothing,nothing,0.9932310581207275,300,1
nothing/nothing2232.jpg,nothing,nothing,0.9932178854942322,300,1
nothing/nothing2243.jpg,nothing,nothing,0.9931690692901611,300,1
nothing/nothing2251.jpg,nothing,nothing,0.9931706190109253,300,1
nothing/nothing2257.jpg,nothing,nothing,0.9932035207748413,300,1
nothing/nothing2260.jpg,nothing,nothing,0.993252694606781,300,1
nothing/nothing2277.jpg,nothing,nothing,0.9933384656906128,300,1
nothing/nothing228.jpg,nothing,nothing,0.9932166934013367,300,1
nothing/nothing2284.jpg,nothing,nothing,0.9933091402053833,300,1
nothing/nothing2285.jpg,nothing,nothing,0.9933372735977173,300,1
nothing/nothing2287.jpg,nothing,nothing,0.9933727979660034,300,1
nothing/nothing2289.jpg,nothing,nothing,0.9933706521987915,300,1
nothing/nothing2294.jpg,nothing,nothing,0.9933401942253113,300,1
nothing/nothing2296.jpg,nothing,nothing,0.9933533668518066,300,1
nothing/nothing2297.jpg,nothing,nothing,0.9933428764343262,300,1
nothing/nothing2298.jpg,nothing,nothing,0.9933049082756042,300,1
nothing/nothing2299.jpg,nothing,nothing,0.9933417439460754,300,1
nothing/nothing2301.jpg,nothing,nothing,0.9933307766914368,300,1
nothing/nothing2302.jpg,nothing,nothing,0.9933701753616333,300,1
nothing/nothing2312.jpg,nothing,nothing,0.9933539628982544,300,1
nothing/nothing2314.jpg,nothing,nothing,0.9933310151100159,300,1
nothing/nothing2317.jpg,nothing,nothing,0.9933483004570007,300,1
nothing/nothing2318.jpg,nothing,nothing,0.9933872818946838,300,1
nothing/nothing2326.jpg,nothing,nothing,0.9933370351791382,300,1
nothing/nothing2337.jpg,nothing,nothing,0.9933198690414429,300,1
nothing/nothing2338.jpg,nothing,nothing,0.9933024644851685,300,1
nothing/nothing2339.jpg,nothing,nothing,0.9933267831802368,300,1
nothing/nothing2340.jpg,nothing,nothing,0.9933894872665405,300,1
nothing/nothing2350.jpg,nothing,nothing,0.9933643341064453,300,1
nothing/nothing2356.jpg,nothing,nothing,0.9933320879936218,300,1
nothing/nothing2365.jpg,nothing,nothing,0.9933835864067078,300,1
nothing/nothing2374.jpg,nothing,nothing,0.9933440685272217,300,1
nothing/nothing2403.jpg,nothing,nothing,0.9933891296386719,300,1
nothing/nothing2407.jpg,nothing,nothing,0.9933778643608093,300,1
nothing/nothing2409.jpg,nothing,nothing,0.9933801889419556,300,1
nothing/nothing241.jpg,nothing,nothing,0.9931736588478088,300,1
nothing/nothing2413.jpg,nothing,nothing,0.9933767914772034,300,1
nothing/nothing2425.jpg,nothing,nothing,0.9933900833129883,300,1
nothing/nothing2427.jpg,nothing,nothing,0.9933386445045471,300,1
nothing/nothing2439.jpg,nothing,nothing,0.9933388829231262,300,1
nothing/nothing2444.jpg,nothing,nothing,0.9933621883392334,300,1
nothing/nothing2445.jpg,nothing,nothing,0.9933337569236755,300,1
nothing/nothing2452.jpg,nothing,nothing,0.9933678507804871,300,1
nothing/nothing2458.jpg,nothing,nothing,0.9933426976203918,300,1
nothing/nothing2463.jpg,nothing,nothing,0.9933702945709229,300,1
nothing/nothing2466.jpg,nothing,nothing,0.9933586716651917,300,1
nothing/nothing2482.jpg,nothing,nothing,0.9933409094810486,300,1
nothing/nothing2492.jpg,nothing,nothing,0.9933416247367859,300,1
nothing/nothing25.jpg,nothing,nothing,0.9932833909988403,300,1
nothing/nothing2501.jpg,nothing,nothing,0.9932859539985657,300,1
nothing/nothing2515.jpg,nothing,nothing,0.9933092594146729,300,1
nothing/nothing2517.jpg,nothing,nothing,0.9933187961578369,300,1
nothing/nothing2519.jpg,nothing,nothing,0.9932938814163208,300,1
nothing/nothing252.jpg,nothing,nothing,0.9931636452674866,300,1
nothing/nothing2528.jpg,nothing,nothing,0.9933233857154846,300,1
nothing/nothing2534.jpg,nothing,nothing,0.9933342933654785,300,1
nothing/nothing2539.jpg,nothing,nothing,0.993362545967102,300,1
nothing/nothing2549.jpg,nothing,nothing,0.9934123158454895,300,1
nothing/nothing2551.jpg,nothing,nothing,0.9933892488479614,300,1
nothing/nothing2556.jpg,nothing,nothing,0.9934499859809875,300,1
nothing/nothing2559.jpg,nothing,nothing,0.9934199452400208,300,1
nothing/nothing2561.jpg,nothing,nothing,0.9933892488479614,300,1
nothing/nothing2568.jpg,nothing,nothing,0.9934326410293579,300,1
nothing/nothing2569.jpg,nothing,nothing,0.9934377074241638,300,1
nothing/nothing2573.jpg,nothing,nothing,0.9934559464454651,300,1
nothing/nothing2575.jpg,nothing,nothing,0.9934430122375488,300,1
nothing/nothing2578.jpg,nothing,nothing,0.9934715032577515,300,1
nothing/nothing2579.jpg,nothing,nothing,0.9934749007225037,300,1
nothing/nothing258.jpg,nothing,nothing,0.9931569695472717,300,1
nothing/nothing2583.jpg,nothing,nothing,0.9934744238853455,300,1
nothing/nothing2584.jpg,nothing,nothing,0.9934630393981934,300,1
nothing/nothing2592.jpg,nothing,nothing,0.9934725761413574,300,1
nothing/nothing2596.jpg,nothing,nothing,0.9934858679771423,300,1
nothing/nothing2598.jpg,nothing,nothing,0.9934458136558533,300,1
nothing/nothing2602.jpg,nothing,nothing,0.9934273958206177,300,1
nothing/nothing2607.jpg,nothing,nothing,0.993394672870636,300,1
nothing/nothing261.jpg,nothing,nothing,0.9931706190109253,300,1
nothing/nothing2622.jpg,nothing,nothing,0.9933931231498718,300,1
nothing/nothing2625.jpg,nothing,nothing,0.9933902025222778,300,1
nothing/nothing2627.jpg,nothing,nothing,0.9933801889419556,300,1
nothing/nothing2629.jpg,nothing,nothing,0.9933991432189941,300,1
nothing/nothing2631.jpg,nothing,nothing,0.9933817386627197,300,1
nothing/nothing2634.jpg,nothing,nothing,0.9933733940124512,300,1
nothing/nothing2636.jpg,nothing,nothing,0.993362307548523,300,1
nothing/nothing264.jpg,nothing,nothing,0.9931665062904358,300,1
nothing/nothing2644.jpg,nothing,nothing,0.9933987855911255,300,1
nothing/nothing2645.jpg,nothing,nothing,0.9933894872665405,300,1
nothing/nothing265.jpg,nothing,nothing,0.9931737780570984,300,1
nothing/nothing2654.jpg,nothing,nothing,0.9934667944908142,300,1
nothing/nothing2661.jpg,nothing,nothing,0.9934448003768921,300,1
nothing/nothing2679.jpg,nothing,nothing,0.9933972358703613,300,1
nothing/nothing2680.jpg,nothing,nothing,0.9934141039848328,300,1
nothing/nothing2685.jpg,nothing,nothing,0.9934232234954834,300,1
nothing/nothing2687.jpg,nothing,nothing,0.9934242963790894,300,1
nothing/nothing2688.jpg,nothing,nothing,0.9934222102165222,300,1
nothing/nothing2695.jpg,nothing,nothing,0.9933441877365112,300,1
nothing/nothing27.jpg,nothing,nothing,0.9932681918144226,300,1
nothing/nothing2704.jpg,nothing,nothing,0.9933352470397949,300,1
nothing/nothing2705.jpg,nothing,nothing,0.993363618850708,300,1
nothing/nothing2710.jpg,nothing,nothing,0.9933404326438904,300,1
nothing/nothing2711.jpg,nothing,nothing,0.9933717250823975,300,1
nothing/nothing2715.jpg,nothing,nothing,0.9933817386627197,300,1
nothing/nothing2716.jpg,nothing,nothing,0.9933637380599976,300,1
nothing/nothing2718.jpg,nothing,nothing,0.9933605790138245,300,1
nothing/nothing2719.jpg,nothing,nothing,0.9933517575263977,300,1
nothing/nothing2721.jpg,nothing,nothing,0.9933618307113647,300,1
nothing/nothing2728.jpg,nothing,nothing,0.9933888912200928,300,1
nothing/nothing2738.jpg,nothing,nothing,0.9933841824531555,300,1
nothing/nothing2743.jpg,nothing,nothing,0.9934547543525696,300,1
nothing/nothing275.jpg,nothing,nothing,0.9932278990745544,300,1
nothing/nothing2752.jpg,nothing,nothing,0.9934983253479004,300,1
nothing/nothing2766.jpg,nothing,nothing,0.9934828877449036,300,1
nothing/nothing2772.jpg,nothing,nothing,0.9934214949607849,300,1
nothing/nothing2774.jpg,nothing,nothing,0.9933844208717346,300,1
nothing/nothing2779.jpg,nothing,nothing,0.9933617115020752,300,1
nothing/nothing2780.jpg,nothing,nothing,0.9933480620384216,300,1
nothing/nothing2785.jpg,nothing,nothing,0.9932401180267334,300,1
nothing/nothing2786.jpg,nothing,nothing,0.9932575225830078,300,1
nothing/nothing2797.jpg,nothing,nothing,0.9932661056518555,300,1
nothing/nothing280.jpg,nothing,nothing,0.9932014346122742,300,1
nothing/nothing2804.jpg,nothing,nothing,0.9932880997657776,300,1
nothing/nothing2808.jpg,nothing,nothing,0.993293285369873,300,1
nothing/nothing2811.jpg,nothing,nothing,0.9932384490966797,300,1
nothing/nothing2813.jpg,nothing,nothing,0.9932665824890137,300,1
nothing/nothing2814.jpg,nothing,nothing,0.9932498931884766,300,1
nothing/nothing2819.jpg,nothing,nothing,0.993256688117981,300,1
nothing/nothing282.jpg,nothing,nothing,0.9931954145431519,300,1
nothing/nothing2821.jpg,nothing,nothing,0.9932113885879517,300,1
nothing/nothing2826.jpg,nothing,nothing,0.9931760430335999,300,1
nothing/nothing2830.jpg,nothing,nothing,0.9931816458702087,300,1
nothing/nothing2853.jpg,nothing,nothing,0.9931033849716187,300,1
nothing/nothing2877.jpg,nothing,nothing,0.993179440498352,300,1
nothing/nothing288.jpg,nothing,nothing,0.9931714534759521,300,1
nothing/nothing289.jpg,nothing,nothing,0.9931578040122986,300,1
nothing/nothing2896.jpg,nothing,nothing,0.9933967590332031,300,1
nothing/nothing2899.jpg,nothing,nothing,0.9933748841285706,300,1
nothing/nothing29.jpg,nothing,nothing,0.9932809472084045,300,1
nothing/nothing2907.jpg,nothing,nothing,0.9933934807777405,300,1
nothing/nothing2909.jpg,nothing,nothing,0.9934049248695374,300,1
nothing/nothing2914.jpg,nothing,nothing,0.9933778643608093,300,1
nothing/nothing2922.jpg,nothing,nothing,0.9934378266334534,300,1
nothing/nothing2925.jpg,nothing,nothing,0.993367612361908,300,1
nothing/nothing2926.jpg,nothing,nothing,0.9933938384056091,300,1
nothing/nothing2929.jpg,nothing,nothing,0.993362307548523,300,1
nothing/nothing294.jpg,nothing,nothing,0.9931383728981018,300,1
nothing/nothing2941.jpg,nothing,nothing,0.9933912754058838,300,1
nothing/nothing2943.jpg,nothing,nothing,0.9933696985244751,300,1
nothing/nothing2944.jpg,nothing,nothing,0.9933481812477112,300,1
nothing/nothing2946.jpg,nothing,nothing,0.9933566451072693,300,1
nothing/nothing2962.jpg,nothing,nothing,0.9933916330337524,300,1
nothing/nothing2969.jpg,nothing,nothing,0.9934056997299194,300,1
nothing/nothing297.jpg,nothing,nothing,0.9931256771087646,300,1
nothing/nothing2971.jpg,nothing,nothing,0.9933862090110779,300,1
nothing/nothing2974.jpg,nothing,nothing,0.993382453918457,300,1
nothing/nothing2980.jpg,nothing,nothing,0.9933716058731079,300,1
nothing/nothing2982.jpg,nothing,nothing,0.9933869242668152,300,1
nothing/nothing2983.jpg,nothing,nothing,0.9933658242225647,300,1
nothing/nothing2986.jpg,nothing,nothing,0.9933644533157349,300,1
nothing/nothing2992.jpg,nothing,nothing,0.993344783782959,300,1
nothing/nothing2996.jpg,nothing,nothing,0.9933524131774902,300,1
nothing/nothing300.jpg,nothing,nothing,0.9931157231330872,300,1
nothing/nothing305.jpg,nothing,nothing,0.993103563785553,300,1
nothing/nothing311.jpg,nothing,nothing,0.9930839538574219,300,1
nothing/nothing313.jpg,nothing,nothing,0.9930717349052429,300,1
nothing/nothing318.jpg,nothing,nothing,0.9930347204208374,300,1
nothing/nothing324.jpg,nothing,nothing,0.9930110573768616,300,1
nothing/nothing332.jpg,nothing,nothing,0.9930089712142944,300,1
nothing/nothing333.jpg,nothing,nothing,0.9930127263069153,300,1
nothing/nothing337.jpg,nothing,nothing,0.9930023550987244,300,1
nothing/nothing342.jpg,nothing,nothing,0.9930498600006104,300,1
nothing/nothing350.jpg,nothing,nothing,0.9930441975593567,300,1
nothing/nothing358.jpg,nothing,nothing,0.9930478930473328,300,1
nothing/nothing37.jpg,nothing,nothing,0.9932743310928345,300,1
nothing/nothing383.jpg,nothing,nothing,0.9931257963180542,300,1
nothing/nothing385.jpg,nothing,nothing,0.9931414723396301,300,1
nothing/nothing397.jpg,nothing,nothing,0.9931608438491821,300,1
nothing/nothing399.jpg,nothing,nothing,0.9932310581207275,300,1
nothing/nothing4.jpg,nothing,nothing,0.9932899475097656,300,1
nothing/nothing400.jpg,nothing,nothing,0.9933061003684998,300,1
nothing/nothing408.jpg,nothing,nothing,0.993172824382782,300,1
nothing/nothing409.jpg,nothing,nothing,0.9931923747062683,300,1
nothing/nothing41.jpg,nothing,nothing,0.9933017492294312,300,1
nothing/nothing411.jpg,nothing,nothing,0.9931816458702087,300,1
nothing/nothing416.jpg,nothing,nothing,0.993175208568573,300,1
nothing/nothing439.jpg,nothing,nothing,0.9932199716567993,300,1
nothing/nothing440.jpg,nothing,nothing,0.99319988489151,300,1
nothing/nothing444.jpg,nothing,nothing,0.9931660294532776,300,1
nothing/nothing445.jpg,nothing,nothing,0.9932082295417786,300,1
nothing/nothing449.jpg,nothing,nothing,0.9931764006614685,300,1
nothing/nothing459.jpg,nothing,nothing,0.9931864738464355,300,1
nothing/nothing465.jpg,nothing,nothing,0.9932072758674622,300,1
nothing/nothing474.jpg,nothing,nothing,0.9932465553283691,300,1
nothing/nothing478.jpg,nothing,nothing,0.9932988882064819,300,1
nothing/nothing488.jpg,nothing,nothing,0.993267297744751,300,1
nothing/nothing489.jpg,nothing,nothing,0.9932965636253357,300,1
nothing/nothing494.jpg,nothing,nothing,0.993311882019043,300,1
nothing/nothing503.jpg,nothing,nothing,0.9932791590690613,300,1
nothing/nothing511.jpg,nothing,nothing,0.9932999610900879,300,1
nothing/nothing514.jpg,nothing,nothing,0.993289053440094,300,1
nothing/nothing518.jpg,nothing,nothing,0.9932981133460999,300,1
nothing/nothing520.jpg,nothing,nothing,0.9932752847671509,300,1
nothing/nothing523.jpg,nothing,nothing,0.9932913780212402,300,1
nothing/nothing526.jpg,nothing,nothing,0.9932965636253357,300,1
nothing/nothing532.jpg,nothing,nothing,0.9932377338409424,300,1
nothing/nothing535.jpg,nothing,nothing,0.9932150840759277,300,1
nothing/nothing539.jpg,nothing,nothing,0.9932107329368591,300,1
nothing/nothing547.jpg,nothing,nothing,0.9931294322013855,300,1
nothing/nothing558.jpg,nothing,nothing,0.9932126998901367,300,1
nothing/nothing568.jpg,nothing,nothing,0.9933075904846191,300,1
nothing/nothing575.jpg,nothing,nothing,0.9933702945709229,300,1
nothing/nothing580.jpg,nothing,nothing,0.9933326840400696,300,1
nothing/nothing582.jpg,nothing,nothing,0.9933382272720337,300,1
nothing/nothing591.jpg,nothing,nothing,0.9933570027351379,300,1
nothing/nothing602.jpg,nothing,nothing,0.9932515025138855,300,1
nothing/nothing606.jpg,nothing,nothing,0.9932509064674377,300,1
nothing/nothing611.jpg,nothing,nothing,0.9932181239128113,300,1
nothing/nothing624.jpg,nothing,nothing,0.9931765198707581,300,1
nothing/nothing625.jpg,nothing,nothing,0.9931663870811462,300,1
nothing/nothing626.jpg,nothing,nothing,0.9931846261024475,300,1
nothing/nothing633.jpg,nothing,nothing,0.9931948184967041,300,1
nothing/nothing642.jpg,nothing,nothing,0.9932101368904114,300,1
nothing/nothing646.jpg,nothing,nothing,0.9932003617286682,300,1
nothing/nothing652.jpg,nothing,nothing,0.9931569695472717,300,1
nothing/nothing655.jpg,nothing,nothing,0.9931733012199402,300,1
nothing/nothing657.jpg,nothing,nothing,0.9931513071060181,300,1
nothing/nothing658.jpg,nothing,nothing,0.9931778907775879,300,1
nothing/nothing659.jpg,nothing,nothing,0.9931463003158569,300,1
nothing/nothing674.jpg,nothing,nothing,0.9931775331497192,300,1
nothing/nothing675.jpg,nothing,nothing,0.9931710958480835,300,1
nothing/nothing68.jpg,nothing,nothing,0.9932679533958435,300,1
nothing/nothing69.jpg,nothing,nothing,0.9932854175567627,300,1
nothing/nothing690.jpg,nothing,nothing,0.9931371212005615,300,1
nothing/nothing693.jpg,nothing,nothing,0.9931648373603821,300,1
nothing/nothing697.jpg,nothing,nothing,0.993130624294281,300,1
nothing/nothing702.jpg,nothing,nothing,0.9931440353393555,300,1
nothing/nothing71.jpg,nothing,nothing,0.9932918548583984,300,1
nothing/nothing711.jpg,nothing,nothing,0.9931432008743286,300,1
nothing/nothing712.jpg,nothing,nothing,0.9931492209434509,300,1
nothing/nothing714.jpg,nothing,nothing,0.9930928945541382,300,1
nothing/nothing718.jpg,nothing,nothing,0.9931495785713196,300,1
nothing/nothing72.jpg,nothing,nothing,0.9932764768600464,300,1
nothing/nothing720.jpg,nothing,nothing,0.9931343793869019,300,1
nothing/nothing723.jpg,nothing,nothing,0.9931536912918091,300,1
nothing/nothing725.jpg,nothing,nothing,0.9931665062904358,300,1
nothing/nothing729.jpg,nothing,nothing,0.9932261109352112,300,1
nothing/nothing732.jpg,nothing,nothing,0.9932228326797485,300,1
nothing/nothing734.jpg,nothing,nothing,0.9932229518890381,300,1
nothing/nothing739.jpg,nothing,nothing,0.9932031631469727,300,1
nothing/nothing74.jpg,nothing,nothing,0.9932857155799866,300,1
nothing/nothing750.jpg,nothing,nothing,0.9932169318199158,300,1
nothing/nothing751.jpg,nothing,nothing,0.9932370781898499,300,1
nothing/nothing759.jpg,nothing,nothing,0.9932230710983276,300,1
nothing/nothing760.jpg,nothing,nothing,0.9932155609130859,300,1
nothing/nothing764.jpg,nothing,nothing,0.9932169318199158,300,1
nothing/nothing766.jpg,nothing,nothing,0.9931943416595459,300,1
nothing/nothing771.jpg,nothing,nothing,0.993226945400238,300,1
nothing/nothing780.jpg,nothing,nothing,0.9932291507720947,300,1
nothing/nothing786.jpg,nothing,nothing,0.9932152032852173,300,1
nothing/nothing787.jpg,nothing,nothing,0.9932106137275696,300,1
nothing/nothing788.jpg,nothing,nothing,0.9931873083114624,300,1
nothing/nothing790.jpg,nothing,nothing,0.993177056312561,300,1
nothing/nothing792.jpg,nothing,nothing,0.9931296706199646,300,1
nothing/nothing796.jpg,nothing,nothing,0.993126630783081,300,1
nothing/nothing799.jpg,nothing,nothing,0.9931269884109497,300,1
nothing/nothing800.jpg,nothing,nothing,0.9931174516677856,300,1
nothing/nothing809.jpg,nothing,nothing,0.9931226372718811,300,1
nothing/nothing816.jpg,nothing,nothing,0.9931321740150452,300,1
nothing/nothing820.jpg,nothing,nothing,0.9931375980377197,300,1
nothing/nothing823.jpg,nothing,nothing,0.9931557774543762,300,1
nothing/nothing83.jpg,nothing,nothing,0.9932791590690613,300,1
nothing/nothing831.jpg,nothing,nothing,0.9931568503379822,300,1
nothing/nothing846.jpg,nothing,nothing,0.9931928515434265,300,1
nothing/nothing850.jpg,nothing,nothing,0.9932790398597717,300,1
nothing/nothing861.jpg,nothing,nothing,0.9932878613471985,300,1
nothing/nothing864.jpg,nothing,nothing,0.9932233095169067,300,1
nothing/nothing865.jpg,nothing,nothing,0.9932204484939575,300,1
nothing/nothing873.jpg,nothing,nothing,0.9932536482810974,300,1
nothing/nothing882.jpg,nothing,nothing,0.9933127760887146,300,1
nothing/nothing89.jpg,nothing,nothing,0.9932770133018494,300,1
nothing/nothing892.jpg,nothing,nothing,0.9932827949523926,300,1
nothing/nothing898.jpg,nothing,nothing,0.9932730197906494,300,1
nothing/nothing900.jpg,nothing,nothing,0.9932838678359985,300,1
nothing/nothing906.jpg,nothing,nothing,0.9932724237442017,300,1
nothing/nothing91.jpg,nothing,nothing,0.9932667016983032,300,1
nothing/nothing914.jpg,nothing,nothing,0.9932985901832581,300,1
nothing/nothing919.jpg,nothing,nothing,0.99326491355896,300,1
nothing/nothing921.jpg,nothing,nothing,0.9932277798652649,300,1
nothing/nothing922.jpg,nothing,nothing,0.9932371973991394,300,1
nothing/nothing924.jpg,nothing,nothing,0.9932524561882019,300,1
nothing/nothing925.jpg,nothing,nothing,0.993240475654602,300,1
nothing/nothing933.jpg,nothing,nothing,0.9932352900505066,300,1
nothing/nothing941.jpg,nothing,nothing,0.9932299852371216,300,1
nothing/nothing946.jpg,nothing,nothing,0.9932153224945068,300,1
nothing/nothing949.jpg,nothing,nothing,0.9931973218917847,300,1
nothing/nothing952.jpg,nothing,nothing,0.993184506893158,300,1
nothing/nothing956.jpg,nothing,nothing,0.9931406378746033,300,1
nothing/nothing959.jpg,nothing,nothing,0.9931774139404297,300,1
nothing/nothing965.jpg,nothing,nothing,0.9931656718254089,300,1
nothing/nothing966.jpg,nothing,nothing,0.9931895732879639,300,1
nothing/nothing968.jpg,nothing,nothing,0.9931789636611938,300,1
nothing/nothing97.jpg,nothing,nothing,0.9932509064674377,300,1
nothing/nothing971.jpg,nothing,nothing,0.9931681156158447,300,1
nothing/nothing973.jpg,nothing,nothing,0.9931479096412659,300,1
nothing/nothing980.jpg,nothing,nothing,0.9931463003158569,300,1
nothing/nothing981.jpg,nothing,nothing,0.9931984543800354,300,1
nothing/nothing987.jpg,nothing,nothing,0.9931761622428894,300,1
nothing/nothing99.jpg,nothing,nothing,0.99326491355896,300,1
nothing/nothing990.jpg,nothing,nothing,0.9931449890136719,300,1
space/space1002.jpg,space,space,0.9935122132301331,300,1
space/space101.jpg,space,space,0.9933393597602844,300,1
space/space1010.jpg,space,space,0.9934659600257874,300,1
space/space1013.jpg,space,space,0.9934826493263245,300,1
space/space1016.jpg,space,space,0.9934536218643188,300,1
space/space1017.jpg,space,space,0.9933674931526184,300,1
space/space1022.jpg,space,space,0.993410050868988,300,1
space/space1026.jpg,space,space,0.9934307932853699,300,1
space/space1036.jpg,space,space,0.9934519529342651,300,1
space/space1037.jpg,space,space,0.9934117197990417,300,1
space/space104.jpg,space,space,0.9933957457542419,300,1
space/space1043.jpg,space,space,0.9935144186019897,300,1
space/space1044.jpg,space,space,0.9934666752815247,300,1
space/space105.jpg,space,space,0.9933565258979797,300,1
space/space106.jpg,space,space,0.9933443069458008,300,1
space/space1068.jpg,space,space,0.9935693740844727,300,1
space/space108.jpg,space,space,0.993358314037323,300,1
space/space1083.jpg,space,space,0.9934836030006409,300,1
space/space1088.jpg,space,space,0.9934472441673279,300,1
space/space1092.jpg,space,space,0.9934166669845581,300,1
space/space1098.jpg,space,space,0.9933456182479858,300,1
space/space1101.jpg,space,space,0.9934169054031372,300,1
space/space1109.jpg,space,space,0.9933866858482361,300,1
space/space1114.jpg,space,space,0.9933114051818848,300,1
space/space1117.jpg,space,space,0.9933392405509949,300,1
space/space1118.jpg,space,space,0.9934216141700745,300,1
space/space1119.jpg,space,space,0.9933057427406311,300,1
space/space112.jpg,space,space,0.9932975172996521,300,1
space/space1122.jpg,space,space,0.993305504322052,300,1
space/space1129.jpg,space,space,0.993371844291687,300,1
space/space1130.jpg,space,space,0.9933544397354126,300,1
space/space1132.jpg,space,space,0.9933737516403198,300,1
space/space1135.jpg,space,space,0.9933598637580872,300,1
space/space1139.jpg,space,space,0.9933274984359741,300,1
space/space1142.jpg,space,space,0.9933876991271973,300,1
space/space1144.jpg,space,space,0.993340790271759,300,1
space/space1145.jpg,space,space,0.9933909177780151,300,1
space/space1153.jpg,space,space,0.9932765960693359,300,1
space/space1159.jpg,space,space,0.9933472871780396,300,1
space/space1162.jpg,space,space,0.993139922618866,300,1
space/space1168.jpg,space,space,0.9931786060333252,300,1
space/space1173.jpg,space,space,0.9931520223617554,300,1
space/space1174.jpg,space,space,0.993180513381958,300,1
space/space1176.jpg,space,space,0.9931678175926208,300,1
space/space1177.jpg,space,space,0.9931260347366333,300,1
space/space1179.jpg,space,space,0.9931439161300659,300,1
space/space1185.jpg,space,space,0.9932811260223389,300,1
space/space1189.jpg,space,space,0.9931859970092773,300,1
space/space1193.jpg,space,space,0.9931432008743286,300,1
space/space1199.jpg,space,space,0.9930418729782104,300,1
space/space1218.jpg,space,space,0.9932503700256348,300,1
space/space1219.jpg,space,space,0.993281364440918,300,1
space/space1223.jpg,space,space,0.9934709072113037,300,1
space/space1224.jpg,space,space,0.9934697151184082,300,1
space/space1227.jpg,space,space,0.9934367537498474,300,1
space/space123.jpg,space,space,0.9933035969734192,300,1
space/space1236.jpg,space,space,0.9935528039932251,300,1
space/space1241.jpg,space,space,0.9935775399208069,300,1
space/space1243.jpg,space,space,0.9936109185218811,300,1
space/space1245.jpg,space,space,0.9935916066169739,300,1
space/space1247.jpg,space,space,0.9936423301696777,300,1
space/space1252.jpg,space,space,0.9935320615768433,300,1
space/space1256.jpg,space,space,0.9934536218643188,300,1
space/space1265.jpg,space,space,0.9934333562850952,300,1
space/space127.jpg,space,space,0.9932182431221008,300,1
space/space1271.jpg,space,space,0.9935077428817749,300,1
space/space1275.jpg,space,space,0.9933637380599976,300,1
space/space1279.jpg,space,space,0.9933478236198425,300,1
space/space1282.jpg,space,space,0.9934394955635071,300,1
space/space1283.jpg,space,space,0.9934191107749939,300,1
space/space1297.jpg,space,space,0.993334174156189,300,1
space/space1301.jpg,space,space,0.9933215975761414,300,1
space/space1303.jpg,space,space,0.9932699799537659,300,1
space/space1314.jpg,space,space,0.9931580424308777,300,1
space/space1320.jpg,space,space,0.9931690692901611,300,1
space/space1329.jpg,space,space,0.9933981895446777,300,1
space/space1331.jpg,space,space,0.9933198690414429,300,1
space/space1334.jpg,space,space,0.9932789206504822,300,1
space/space1339.jpg,space,space,0.9933229088783264,300,1
space/space1346.jpg,space,space,0.9934645295143127,300,1
space/space1348.jpg,space,space,0.9933928847312927,300,1
space/space1354.jpg,space,space,0.9933733940124512,300,1
space/space1356.jpg,space,space,0.993439257144928,300,1
space/space1363.jpg,space,space,0.9933552742004395,300,1
space/space1375.jpg,space,space,0.9933584332466125,300,1
space/space1384.jpg,space,space,0.9934446811676025,300,1
space/space1385.jpg,space,space,0.9934119582176208,300,1
space/space1390.jpg,space,space,0.9934121966362,300,1
space/space1393.jpg,space,space,0.9934234619140625,300,1
space/space14.jpg,space,space,0.9934030175209045,300,1
space/space1400.jpg,space,space,0.9933671355247498,300,1
space/space1401.jpg,space,space,0.9934468865394592,300,1
space/space1403.jpg,space,space,0.993384063243866,300,1
space/space1408.jpg,space,space,0.9934024214744568,300,1
space/space1411.jpg,space,space,0.9934585690498352,300,1
space/space1414.jpg,space,space,0.9934450387954712,300,1
space/space1427.jpg,space,space,0.9933978319168091,300,1
space/space1435.jpg,space,space,0.9933663010597229,300,1
space/space1444.jpg,space,space,0.9933673739433289,300,1
space/space1446.jpg,space,space,0.993361234664917,300,1
space/space1453.jpg,space,space,0.9934808015823364,300,1
space/space1455.jpg,space,space,0.9934241771697998,300,1
space/space1457.jpg,space,space,0.9934340715408325,300,1
space/space1458.jpg,space,space,0.9933653473854065,300,1
space/space1459.jpg,space,space,0.9933615922927856,300,1
space/space146.jpg,space,space,0.9932854175567627,300,1
space/space1464.jpg,space,space,0.9933776259422302,300,1
space/space148.jpg,space,space,0.9932696223258972,300,1
space/space1480.jpg,space,space,0.9933279752731323,300,1
space/space1484.jpg,space,space,0.9934099316596985,300,1
space/space1486.jpg,space,space,0.9932478666305542,300,1
space/space149.jpg,space,space,0.9932740926742554,300,1
space/space1492.jpg,space,space,0.9933139681816101,300,1
space/space1494.jpg,space,space,0.9933360815048218,300,1
space/space150.jpg,space,space,0.9932634234428406,300,1
space/space1503.jpg,space,space,0.9934521913528442,300,1
space/space1511.jpg,space,space,0.9935752749443054,300,1
space/space1518.jpg,space,space,0.9934832453727722,300,1
space/space1519.jpg,space,space,0.9935182929039001,300,1
space/space1521.jpg,space,space,0.993533730506897,300,1
space/space1523.jpg,space,space,0.9934462904930115,300,1
space/space1525.jpg,space,space,0.9935112595558167,300,1
space/space1526.jpg,space,space,0.9935232400894165,300,1
space/space153.jpg,space,space,0.993311882019043,300,1
space/space1534.jpg,space,space,0.9934642910957336,300,1
space/space1536.jpg,space,space,0.9934719800949097,300,1
space/space1537.jpg,space,space,0.9935718774795532,300,1
space/space1540.jpg,space,space,0.9934582114219666,300,1
space/space1546.jpg,space,space,0.9936491847038269,300,1
space/space156.jpg,space,space,0.9933306574821472,300,1
space/space1560.jpg,space,space,0.9935311675071716,300,1
space/space1561.jpg,space,space,0.9935812950134277,300,1
space/space1565.jpg,space,space,0.9935317635536194,300,1
space/space1566.jpg,space,space,0.9936391711235046,300,1
space/space1572.jpg,space,space,0.993591845035553,300,1
space/space1573.jpg,space,space,0.9935173988342285,300,1
space/space1584.jpg,space,space,0.9936687350273132,300,1
space/space1586.jpg,space,space,0.9935966730117798,300,1
space/space1596.jpg,space,space,0.9935114979743958,300,1
space/space1597.jpg,space,space,0.9935702085494995,300,1
space/space1599.jpg,space,space,0.9935477375984192,300,1
space/space1604.jpg,space,space,0.9935159683227539,300,1
space/space1620.jpg,space,space,0.9934892654418945,300,1
space/space1632.jpg,space,space,0.9934598207473755,300,1
space/space1636.jpg,space,space,0.9934259653091431,300,1
space/space1642.jpg,space,space,0.9935134053230286,300,1
space/space1644.jpg,space,space,0.9933977127075195,300,1
space/space1649.jpg,space,space,0.9934497475624084,300,1
space/space165.jpg,space,space,0.9933926463127136,300,1
space/space1652.jpg,space,space,0.993463397026062,300,1
space/space1653.jpg,space,space,0.9934062957763672,300,1
space/space1654.jpg,space,space,0.9934628009796143,300,1
space/space1657.jpg,space,space,0.9934433698654175,300,1
space/space1660.jpg,space,space,0.9934198260307312,300,1
space/space1663.jpg,space,space,0.9934518337249756,300,1
space/space1673.jpg,space,space,0.9933854937553406,300,1
space/space1679.jpg,space,space,0.9933921694755554,300,1
space/space1681.jpg,space,space,0.993301272392273,300,1
space/space1685.jpg,space,space,0.9933557510375977,300,1
space/space1687.jpg,space,space,0.9932861924171448,300,1
space/space1688.jpg,space,space,0.9933299422264099,300,1
space/space169.jpg,space,space,0.9933658242225647,300,1
space/space1694.jpg,space,space,0.9933282136917114,300,1
space/space1695.jpg,space,space,0.9932836294174194,300,1
space/space1700.jpg,space,space,0.9933379888534546,300,1
space/space1706.jpg,space,space,0.9932096600532532,300,1
space/space1707.jpg,space,space,0.9933869242668152,300,1
space/space1711.jpg,space,space,0.9932733774185181,300,1
space/space1712.jpg,space,space,0.9933061003684998,300,1
space/space1715.jpg,space,space,0.9933064579963684,300,1
space/space1721.jpg,space,space,0.9932234287261963,300,1
space/space1723.jpg,space,space,0.9933880567550659,300,1
space/space1727.jpg,space,space,0.9933695197105408,300,1
space/space173.jpg,space,space,0.9933730363845825,300,1
space/space1734.jpg,space,space,0.9933237433433533,300,1
space/space1735.jpg,space,space,0.9933364391326904,300,1
space/space1744.jpg,space,space,0.9933691620826721,300,1
space/space1747.jpg,space,space,0.9933516383171082,300,1
space/space1750.jpg,space,space,0.9934011101722717,300,1
space/space1755.jpg,space,space,0.9934055805206299,300,1
space/space1759.jpg,space,space,0.9934266805648804,300,1
space/space1768.jpg,space,space,0.9933520555496216,300,1
space/space1769.jpg,space,space,0.993346095085144,300,1
space/space1775.jpg,space,space,0.9933995008468628,300,1
space/space1799.jpg,space,space,0.9931570887565613,300,1
space/space1816.jpg,space,space,0.9934222102165222,300,1
space/space1822.jpg,space,space,0.9932637214660645,300,1
space/space1830.jpg,space,space,0.9933453798294067,300,1
space/space1832.jpg,space,space,0.9933214783668518,300,1
space/space184.jpg,space,space,0.9932664632797241,300,1
space/space1847.jpg,space,space,0.9933910369873047,300,1
space/space1850.jpg,space,space,0.993385374546051,300,1
space/space1856.jpg,space,space,0.9933872818946838,300,1
space/space1858.jpg,space,space,0.9934145212173462,300,1
space/space1863.jpg,space,space,0.9933099746704102,300,1
space/space1866.jpg,space,space,0.993233859539032,300,1
space/space1868.jpg,space,space,0.9931573271751404,300,1
space/space1869.jpg,space,space,0.9932363629341125,300,1
space/space187.jpg,space,space,0.9932789206504822,300,1
space/space188.jpg,space,space,0.9932788014411926,300,1
space/space1882.jpg,space,space,0.9933350086212158,300,1
space/space1884.jpg,space,space,0.9933512806892395,300,1
space/space1889.jpg,space,space,0.9934664368629456,300,1
space/space1890.jpg,space,space,0.9934449195861816,300,1
space/space1895.jpg,space,space,0.9934585690498352,300,1
space/space1900.jpg,space,space,0.993533730506897,300,1
space/space1907.jpg,space,space,0.9934120774269104,300,1
space/space1911.jpg,space,space,0.9934574961662292,300,1
space/space1912.jpg,space,space,0.9934896230697632,300,1
space/space1916.jpg,space,space,0.9935137033462524,300,1
space/space1917.jpg,space,space,0.9934383034706116,300,1
space/space192.jpg,space,space,0.9933510422706604,300,1
space/space1921.jpg,space,space,0.9934430122375488,300,1
space/space1922.jpg,space,space,0.9934101700782776,300,1
space/space1924.jpg,space,space,0.9935599565505981,300,1
space/space1927.jpg,space,space,0.9935027956962585,300,1
space/space1929.jpg,space,space,0.9934377074241638,300,1
space/space193.jpg,space,space,0.9933237433433533,300,1
space/space1931.jpg,space,space,0.9935216307640076,300,1
space/space194.jpg,space,space,0.9933078289031982,300,1
space/space1940.jpg,space,space,0.9935625791549683,300,1
space/space1942.jpg,space,space,0.993569016456604,300,1
space/space1943.jpg,space,space,0.9935430288314819,300,1
space/space1944.jpg,space,space,0.993643045425415,300,1
space/space1949.jpg,space,space,0.99356609582901,300,1
space/space1951.jpg,space,space,0.9935570359230042,300,1
space/space1953.jpg,space,space,0.9935371279716492,300,1
space/space1955.jpg,space,space,0.993474543094635,300,1
space/space1960.jpg,space,space,0.9935393929481506,300,1
space/space1961.jpg,space,space,0.9935531616210938,300,1
space/space1979.jpg,space,space,0.9936619997024536,300,1
space/space1981.jpg,space,space,0.993637204170227,300,1
space/space1985.jpg,space,space,0.9936580061912537,300,1
space/space1995.jpg,space,space,0.9936938881874084,300,1
space/space1998.jpg,space,space,0.9936843514442444,300,1
space/space2007.jpg,space,space,0.9935779571533203,300,1
space/space2009.jpg,space,space,0.993436336517334,300,1
space/space2014.jpg,space,space,0.9933943152427673,300,1
space/space2015.jpg,space,space,0.9933289289474487,300,1
space/space2023.jpg,space,space,0.9933919310569763,300,1
space/space2029.jpg,space,space,0.9933962225914001,300,1
space/space2042.jpg,space,space,0.9934373497962952,300,1
space/space2046.jpg,space,space,0.9934171438217163,300,1
space/space205.jpg,space,space,0.9932615160942078,300,1
space/space2057.jpg,space,space,0.993296205997467,300,1
space/space2062.jpg,space,space,0.9932261109352112,300,1
space/space2070.jpg,space,space,0.9933834671974182,300,1
space/space2072.jpg,space,space,0.9934253692626953,300,1
space/space2073.jpg,space,space,0.9934513568878174,300,1
space/space2077.jpg,space,space,0.9934471249580383,300,1
space/space2084.jpg,space,space,0.9934161901473999,300,1
space/space2085.jpg,space,space,0.9934304356575012,300,1
space/space2087.jpg,space,space,0.9934379458427429,300,1
space/space2088.jpg,space,space,0.9933493733406067,300,1
space/space2092.jpg,space,space,0.9931977987289429,300,1
space/space2109.jpg,space,space,0.9934497475624084,300,1
space/space2120.jpg,space,space,0.9934932589530945,300,1
space/space2123.jpg,space,space,0.9934992790222168,300,1
space/space2125.jpg,space,space,0.9934999346733093,300,1
space/space2130.jpg,space,space,0.9935275912284851,300,1
space/space2134.jpg,space,space,0.9935426712036133,300,1
space/space2135.jpg,space,space,0.9934929013252258,300,1
space/space2138.jpg,space,space,0.9935004115104675,300,1
space/space2153.jpg,space,space,0.9935205578804016,300,1
space/space2158.jpg,space,space,0.9935868978500366,300,1
space/space2159.jpg,space,space,0.9935312867164612,300,1
space/space2168.jpg,space,space,0.9935042262077332,300,1
space/space217.jpg,space,space,0.9932170510292053,300,1
space/space2172.jpg,space,space,0.9935675263404846,300,1
space/space2179.jpg,space,space,0.9935532808303833,300,1
space/space2183.jpg,space,space,0.9935896396636963,300,1
space/space2186.jpg,space,space,0.9935803413391113,300,1
space/space2192.jpg,space,space,0.9935989379882812,300,1
space/space2193.jpg,space,space,0.9936062097549438,300,1
space/space220.jpg,space,space,0.9931904673576355,300,1
space/space2203.jpg,space,space,0.9935417175292969,300,1
space/space2208.jpg,space,space,0.9934852719306946,300,1
space/space2210.jpg,space,space,0.9934618473052979,300,1
space/space2212.jpg,space,space,0.9934462904930115,300,1
space/space2213.jpg,space,space,0.9934724569320679,300,1
space/space223.jpg,space,space,0.9931871891021729,300,1
space/space2230.jpg,space,space,0.9936019778251648,300,1
space/space224.jpg,space,space,0.9932113885879517,300,1
space/space2241.jpg,space,space,0.9935415983200073,300,1
space/space2242.jpg,space,space,0.993489146232605,300,1
space/space2243.jpg,space,space,0.9935076236724854,300,1
space/space2245.jpg,space,space,0.9933890104293823,300,1
space/space2248.jpg,space,space,0.993370771408081,300,1
space/space2263.jpg,space,space,0.9933534860610962,300,1
space/space2273.jpg,space,space,0.9934600591659546,300,1
space/space2277.jpg,space,space,0.9934934973716736,300,1
space/space2279.jpg,space,space,0.9934965372085571,300,1
space/space2282.jpg,space,space,0.9934936165809631,300,1
space/space2285.jpg,space,space,0.9934816360473633,300,1
space/space2286.jpg,space,space,0.9934681057929993,300,1
space/space2287.jpg,space,space,0.9935129284858704,300,1
space/space2288.jpg,space,space,0.9935289025306702,300,1
space/space2294.jpg,space,space,0.9934478402137756,300,1
space/space2299.jpg,space,space,0.9935324192047119,300,1
space/space2306.jpg,space,space,0.9935725927352905,300,1
space/space2307.jpg,space,space,0.9935353994369507,300,1
space/space2308.jpg,space,space,0.993493378162384,300,1
space/space2310.jpg,space,space,0.9934319853782654,300,1
space/space2312.jpg,space,space,0.9933920502662659,300,1
space/space2318.jpg,space,space,0.9934553503990173,300,1
space/space2337.jpg,space,space,0.9933282136917114,300,1
space/space2341.jpg,space,space,0.993311882019043,300,1
space/space2345.jpg,space,space,0.9933233857154846,300,1
space/space2347.jpg,space,space,0.9932892918586731,300,1
space/space2352.jpg,space,space,0.9933551549911499,300,1
space/space2355.jpg,space,space,0.9934600591659546,300,1
space/space2360.jpg,space,space,0.9933712482452393,300,1
space/space2364.jpg,space,space,0.9933329224586487,300,1
space/space2369.jpg,space,space,0.9932628273963928,300,1
space/space2370.jpg,space,space,0.993353009223938,300,1
space/space2380.jpg,space,space,0.9932987093925476,300,1
space/space2389.jpg,space,space,0.9931991696357727,300,1
space/space2393.jpg,space,space,0.9932523369789124,300,1
space/space2398.jpg,space,space,0.9933179616928101,300,1
space/space2402.jpg,space,space,0.9933807849884033,300,1
space/space2407.jpg,space,space,0.9932880997657776,300,1
space/space2413.jpg,space,space,0.9933452606201172,300,1
space/space2421.jpg,space,space,0.993364691734314,300,1
space/space243.jpg,space,space,0.9933369159698486,300,1
space/space2430.jpg,space,space,0.9934537410736084,300,1
space/space2441.jpg,space,space,0.9935398697853088,300,1
space/space2453.jpg,space,space,0.9934353828430176,300,1
space/space2461.jpg,space,space,0.9935492873191833,300,1
space/space2466.jpg,space,space,0.9935303330421448,300,1
space/space2475.jpg,space,space,0.9935643076896667,300,1
space/space2476.jpg,space,space,0.993525505065918,300,1
space/space2477.jpg,space,space,0.9935120940208435,300,1
space/space2481.jpg,space,space,0.993527352809906,300,1
space/space2482.jpg,space,space,0.993530809879303,300,1
space/space2483.jpg,space,space,0.9935368895530701,300,1
space/space2486.jpg,space,space,0.9935674071311951,300,1
space/space2489.jpg,space,space,0.9935601949691772,300,1
space/space2492.jpg,space,space,0.9935336112976074,300,1
space/space25.jpg,space,space,0.9933746457099915,300,1
space/space2504.jpg,space,space,0.9935150146484375,300,1
space/space2513.jpg,space,space,0.9934818148612976,300,1
space/space2542.jpg,space,space,0.9935469031333923,300,1
space/space2548.jpg,space,space,0.9934765696525574,300,1
space/space2549.jpg,space,space,0.9934338331222534,300,1
space/space2552.jpg,space,space,0.9934158325195312,300,1
space/space2554.jpg,space,space,0.9934531450271606,300,1
space/space2563.jpg,space,space,0.9933617115020752,300,1
space/space2565.jpg,space,space,0.9934139847755432,300,1
space/space2566.jpg,space,space,0.9934017062187195,300,1
space/space2571.jpg,space,space,0.9934427738189697,300,1
space/space2575.jpg,space,space,0.9933880567550659,300,1
space/space258.jpg,space,space,0.99298095703125,300,1
space/space2580.jpg,space,space,0.9933642148971558,300,1
space/space2585.jpg,space,space,0.9934213757514954,300,1
space/space2587.jpg,space,space,0.9933179616928101,300,1
space/space259.jpg,space,space,0.9928366541862488,300,1
space/space2591.jpg,space,space,0.9933818578720093,300,1
space/space2593.jpg,space,space,0.9934040904045105,300,1
space/space2603.jpg,space,space,0.9935368895530701,300,1
space/space2606.jpg,space,space,0.9935418367385864,300,1
space/space2609.jpg,space,space,0.993522584438324,300,1
space/space2615.jpg,space,space,0.9933878183364868,300,1
space/space2616.jpg,space,space,0.9934362173080444,300,1
space/space2621.jpg,space,space,0.9934077262878418,300,1
space/space2631.jpg,space,space,0.9932824373245239,300,1
space/space2633.jpg,space,space,0.9932911396026611,300,1
space/space2636.jpg,space,space,0.9933218359947205,300,1
space/space2637.jpg,space,space,0.9933132529258728,300,1
space/space2646.jpg,space,space,0.9934700727462769,300,1
space/space265.jpg,space,space,0.9928929209709167,300,1
space/space2665.jpg,space,space,0.9934729933738708,300,1
space/space2673.jpg,space,space,0.993489146232605,300,1
space/space2675.jpg,space,space,0.9934724569320679,300,1
space/space2678.jpg,space,space,0.9934284090995789,300,1
space/space2680.jpg,space,space,0.9934072494506836,300,1
space/space2682.jpg,space,space,0.9933856129646301,300,1
space/space2684.jpg,space,space,0.9933817386627197,300,1
space/space2686.jpg,space,space,0.9934262037277222,300,1
space/space269.jpg,space,space,0.993022620677948,300,1
space/space2692.jpg,space,space,0.9934146404266357,300,1
space/space2693.jpg,space,space,0.9933897256851196,300,1
space/space2697.jpg,space,space,0.9934219717979431,300,1
space/space2708.jpg,space,space,0.9933848977088928,300,1
space/space2712.jpg,space,space,0.9933981895446777,300,1
space/space2716.jpg,space,space,0.9933227896690369,300,1
space/space272.jpg,space,space,0.9930602312088013,300,1
space/space2721.jpg,space,space,0.9933823347091675,300,1
space/space2722.jpg,space,space,0.9933637380599976,300,1
space/space2724.jpg,space,space,0.993354320526123,300,1
space/space2725.jpg,space,space,0.9933415055274963,300,1
space/space2727.jpg,space,space,0.9934502840042114,300,1
space/space2745.jpg,space,space,0.9933607578277588,300,1
space/space2747.jpg,space,space,0.9933847784996033,300,1
space/space2749.jpg,space,space,0.9933488965034485,300,1
space/space2750.jpg,space,space,0.9933661818504333,300,1
space/space2760.jpg,space,space,0.9933474659919739,300,1
space/space2776.jpg,space,space,0.9933413863182068,300,1
space/space2779.jpg,space,space,0.9933995008468628,300,1
space/space2781.jpg,space,space,0.9933672547340393,300,1
space/space2789.jpg,space,space,0.9934133887290955,300,1
space/space279.jpg,space,space,0.9930364489555359,300,1
space/space2795.jpg,space,space,0.9933411478996277,300,1
space/space2798.jpg,space,space,0.993346095085144,300,1
space/space2803.jpg,space,space,0.9934573769569397,300,1
space/space2804.jpg,space,space,0.9934925436973572,300,1
space/space2805.jpg,space,space,0.9934845566749573,300,1
space/space281.jpg,space,space,0.9930405616760254,300,1
space/space2815.jpg,space,space,0.9935038685798645,300,1
space/space2822.jpg,space,space,0.9933557510375977,300,1
space/space2824.jpg,space,space,0.9933068156242371,300,1
space/space2828.jpg,space,space,0.9932297468185425,300,1
space/space283.jpg,space,space,0.9930994510650635,300,1
space/space2830.jpg,space,space,0.9932392835617065,300,1
space/space2835.jpg,space,space,0.9933003187179565,300,1
space/space2837.jpg,space,space,0.9932971596717834,300,1
space/space2848.jpg,space,space,0.993202269077301,300,1
space/space2851.jpg,space,space,0.9931708574295044,300,1
space/space2853.jpg,space,space,0.9931938648223877,300,1
space/space2865.jpg,space,space,0.9933797121047974,300,1
space/space2870.jpg,space,space,0.9934108853340149,300,1
space/space2872.jpg,space,space,0.9934091567993164,300,1
space/space2887.jpg,space,space,0.9934949278831482,300,1
space/space2894.jpg,space,space,0.9934446811676025,300,1
space/space2903.jpg,space,space,0.9933481812477112,300,1
space/space2914.jpg,space,space,0.9935013651847839,300,1
space/space2921.jpg,space,space,0.9935123324394226,300,1
space/space2930.jpg,space,space,0.9934598207473755,300,1
space/space2933.jpg,space,space,0.993537962436676,300,1
space/space2934.jpg,space,space,0.9934951663017273,300,1
space/space2939.jpg,space,space,0.9934053421020508,300,1
space/space2947.jpg,space,space,0.9931734204292297,300,1
space/space2953.jpg,space,space,0.9932089447975159,300,1
space/space2958.jpg,space,space,0.9931991696357727,300,1
space/space2959.jpg,space,space,0.9931737780570984,300,1
space/space296.jpg,space,space,0.9933096170425415,300,1
space/space2961.jpg,space,space,0.9931846261024475,300,1
space/space2962.jpg,space,space,0.993182361125946,300,1
space/space2963.jpg,space,space,0.993230938911438,300,1
space/space2966.jpg,space,space,0.9932205677032471,300,1
space/space2968.jpg,space,space,0.9932429194450378,300,1
space/space2971.jpg,space,space,0.9933207035064697,300,1
space/space2984.jpg,space,space,0.9934264421463013,300,1
space/space2985.jpg,space,space,0.9933465719223022,300,1
space/space2990.jpg,space,space,0.993380069732666,300,1
space/space2996.jpg,space,space,0.9934032559394836,300,1
space/space300.jpg,space,space,0.9932894110679626,300,1
space/space3000.jpg,space,space,0.9934645295143127,300,1
space/space306.jpg,space,space,0.9932364821434021,300,1
space/space312.jpg,space,space,0.993324339389801,300,1
space/space326.jpg,space,space,0.993366539478302,300,1
space/space33.jpg,space,space,0.993302583694458,300,1
space/space330.jpg,space,space,0.9933438301086426,300,1
space/space334.jpg,space,space,0.9933003187179565,300,1
space/space335.jpg,space,space,0.9932510256767273,300,1
space/space340.jpg,space,space,0.9932503700256348,300,1
space/space351.jpg,space,space,0.9931434392929077,300,1
space/space359.jpg,space,space,0.9933167695999146,300,1
space/space363.jpg,space,space,0.9932799935340881,300,1
space/space371.jpg,space,space,0.9932557344436646,300,1
space/space372.jpg,space,space,0.9933039546012878,300,1
space/space373.jpg,space,space,0.9932827949523926,300,1
space/space374.jpg,space,space,0.993259608745575,300,1
space/space380.jpg,space,space,0.9933978319168091,300,1
space/space381.jpg,space,space,0.9933738708496094,300,1
space/space389.jpg,space,space,0.9933304190635681,300,1
space/space39.jpg,space,space,0.9933397173881531,300,1
space/space392.jpg,space,space,0.9933860898017883,300,1
space/space396.jpg,space,space,0.9933599829673767,300,1
space/space399.jpg,space,space,0.9933409094810486,300,1
space/space4.jpg,space,space,0.9934112429618835,300,1
space/space407.jpg,space,space,0.9932212829589844,300,1
space/space41.jpg,space,space,0.9933266639709473,300,1
space/space415.jpg,space,space,0.9931296706199646,300,1
space/space429.jpg,space,space,0.9930798411369324,300,1
space/space431.jpg,space,space,0.9931782484054565,300,1
space/space433.jpg,space,space,0.9932135343551636,300,1
space/space439.jpg,space,space,0.9931435585021973,300,1
space/space44.jpg,space,space,0.9932924509048462,300,1
space/space440.jpg,space,space,0.9931982159614563,300,1
space/space443.jpg,space,space,0.9932150840759277,300,1
space/space449.jpg,space,space,0.99319988489151,300,1
space/space453.jpg,space,space,0.9932345747947693,300,1
space/space458.jpg,space,space,0.9932411909103394,300,1
space/space46.jpg,space,space,0.9932622313499451,300,1
space/space460.jpg,space,space,0.9932818412780762,300,1
space/space466.jpg,space,space,0.9932321310043335,300,1
space/space468.jpg,space,space,0.9932125806808472,300,1
space/space47.jpg,space,space,0.993244469165802,300,1
space/space473.jpg,space,space,0.9932568073272705,300,1
space/space483.jpg,space,space,0.9931890964508057,300,1
space/space488.jpg,space,space,0.9932937622070312,300,1
space/space494.jpg,space,space,0.9932112693786621,300,1
space/space495.jpg,space,space,0.993180513381958,300,1
space/space497.jpg,space,space,0.9931776523590088,300,1
space/space498.jpg,space,space,0.9932354092597961,300,1
space/space499.jpg,space,space,0.9932112097740173,300,1
space/space501.jpg,space,space,0.9932401180267334,300,1
space/space509.jpg,space,space,0.9934104084968567,300,1
space/space511.jpg,space,space,0.9933858513832092,300,1
space/space52.jpg,space,space,0.993291974067688,300,1
space/space534.jpg,space,space,0.9932894110679626,300,1
space/space537.jpg,space,space,0.9932841062545776,300,1
space/space541.jpg,space,space,0.9932975172996521,300,1
space/space546.jpg,space,space,0.993312418460846,300,1
space/space560.jpg,space,space,0.9931974411010742,300,1
space/space563.jpg,space,space,0.9932367205619812,300,1
space/space568.jpg,space,space,0.9932936429977417,300,1
space/space575.jpg,space,space,0.9933481812477112,300,1
space/space577.jpg,space,space,0.9933399558067322,300,1
space/space602.jpg,space,space,0.9931964874267578,300,1
space/space606.jpg,space,space,0.9932485818862915,300,1
space/space610.jpg,space,space,0.9932861924171448,300,1
space/space612.jpg,space,space,0.9932528138160706,300,1
space/space616.jpg,space,space,0.993261992931366,300,1
space/space624.jpg,space,space,0.9932460784912109,300,1
space/space629.jpg,space,space,0.9932115077972412,300,1
space/space630.jpg,space,space,0.9931990504264832,300,1
space/space639.jpg,space,space,0.9933142066001892,300,1
space/space642.jpg,space,space,0.9933527708053589,300,1
space/space650.jpg,space,space,0.9932314157485962,300,1
space/space655.jpg,space,space,0.9932736158370972,300,1
space/space656.jpg,space,space,0.9933119416236877,300,1
space/space659.jpg,space,space,0.9934086799621582,300,1
space/space664.jpg,space,space,0.9934245347976685,300,1
space/space668.jpg,space,space,0.993443489074707,300,1
space/space671.jpg,space,space,0.9933980703353882,300,1
space/space674.jpg,space,space,0.9934479594230652,300,1
space/space68.jpg,space,space,0.993351936340332,300,1
space/space680.jpg,space,space,0.9934262037277222,300,1
space/space682.jpg,space,space,0.9934386610984802,300,1
space/space684.jpg,space,space,0.9934834837913513,300,1
space/space69.jpg,space,space,0.9932889342308044,300,1
space/space695.jpg,space,space,0.9935025572776794,300,1
space/space70.jpg,space,space,0.9933153986930847,300,1
space/space709.jpg,space,space,0.9934226870536804,300,1
space/space724.jpg,space,space,0.9933595061302185,300,1
space/space731.jpg,space,space,0.9934139847755432,300,1
space/space733.jpg,space,space,0.9933391213417053,300,1
space/space736.jpg,space,space,0.9933307766914368,300,1
space/space740.jpg,space,space,0.9933841824531555,300,1
space/space741.jpg,space,space,0.9933711290359497,300,1
space/space747.jpg,space,space,0.993423581123352,300,1
space/space749.jpg,space,space,0.993410050868988,300,1
space/space751.jpg,space,space,0.9934351444244385,300,1
space/space753.jpg,space,space,0.9934355020523071,300,1
space/space760.jpg,space,space,0.9933063387870789,300,1
space/space769.jpg,space,space,0.993171215057373,300,1
space/space770.jpg,space,space,0.9932460188865662,300,1
space/space774.jpg,space,space,0.9932737350463867,300,1
space/space78.jpg,space,space,0.9933346509933472,300,1
space/space780.jpg,space,space,0.993372917175293,300,1
space/space783.jpg,space,space,0.9933671355247498,300,1
space/space786.jpg,space,space,0.9933971166610718,300,1
space/space791.jpg,space,space,0.9933643341064453,300,1
space/space794.jpg,space,space,0.9933298230171204,300,1
space/space801.jpg,space,space,0.993305504322052,300,1
space/space804.jpg,space,space,0.9933308959007263,300,1
space/space818.jpg,space,space,0.9933584332466125,300,1
space/space827.jpg,space,space,0.9932743310928345,300,1
space/space832.jpg,space,space,0.9933174848556519,300,1
space/space838.jpg,space,space,0.9933050274848938,300,1
space/space839.jpg,space,space,0.993293285369873,300,1
space/space843.jpg,space,space,0.9933179616928101,300,1
space/space846.jpg,space,space,0.9933030605316162,300,1
space/space85.jpg,space,space,0.9931941032409668,300,1
space/space851.jpg,space,space,0.9932938814163208,300,1
space/space858.jpg,space,space,0.9932863116264343,300,1
space/space86.jpg,space,space,0.9931743741035461,300,1
space/space868.jpg,space,space,0.9932594895362854,300,1
space/space87.jpg,space,space,0.9932276606559753,300,1
space/space871.jpg,space,space,0.9932710528373718,300,1
space/space872.jpg,space,space,0.9932647943496704,300,1
space/space874.jpg,space,space,0.9932964444160461,300,1
space/space88.jpg,space,space,0.9932146072387695,300,1
space/space881.jpg,space,space,0.9933364391326904,300,1
space/space886.jpg,space,space,0.9933506846427917,300,1
space/space89.jpg,space,space,0.9932370781898499,300,1
space/space892.jpg,space,space,0.9933544397354126,300,1
space/space894.jpg,space,space,0.9933221936225891,300,1
space/space9.jpg,space,space,0.9933578372001648,300,1
space/space908.jpg,space,space,0.9932812452316284,300,1
space/space910.jpg,space,space,0.9932892918586731,300,1
space/space911.jpg,space,space,0.99327552318573,300,1
space/space914.jpg,space,space,0.9932871460914612,300,1
space/space917.jpg,space,space,0.9932229518890381,300,1
space/space918.jpg,space,space,0.9932717680931091,300,1
space/space923.jpg,space,space,0.9932397603988647,300,1
space/space928.jpg,space,space,0.9932002425193787,300,1
space/space929.jpg,space,space,0.9931911826133728,300,1
space/space939.jpg,space,space,0.9932135343551636,300,1
space/space94.jpg,space,space,0.993304431438446,300,1
space/space956.jpg,space,space,0.9933173656463623,300,1
space/space966.jpg,space,space,0.9931942224502563,300,1
space/space967.jpg,space,space,0.9931604862213135,300,1
space/space97.jpg,space,space,0.9932172894477844,300,1
space/space978.jpg,space,space,0.9929744005203247,300,1
space/space988.jpg,space,space,0.9931437969207764,300,1
space/space989.jpg,space,space,0.9931238293647766,300,1
space/space995.jpg,space,space,0.993198037147522,300,1
space/space999.jpg,space,space,0.9932712912559509,300,1
