relative_path,true_label,pred_label,confidence,n_boxes,correct
A/A1001.jpg,A,A,0.9761539101600647,4,1
A/A1002.jpg,A,A,0.973524808883667,4,1
A/A1008.jpg,A,A,0.974472165107727,4,1
A/A1009.jpg,A,A,0.9737454652786255,5,1
A/A1011.jpg,A,A,0.9717018604278564,4,1
A/A1014.jpg,A,A,0.9720689654350281,5,1
A/A1020.jpg,A,A,0.9713296890258789,4,1
A/A1022.jpg,A,A,0.9732089638710022,4,1
A/A1024.jpg,A,A,0.9701675176620483,5,1
A/A103.jpg,A,A,0.9735427498817444,3,1
A/A1037.jpg,A,A,0.9749293327331543,3,1
A/A1042.jpg,A,A,0.9668602347373962,2,1
A/A1044.jpg,A,A,0.972714364528656,1,1
A/A1045.jpg,A,A,0.9719538688659668,2,1
A/A1054.jpg,A,A,0.9780296087265015,2,1
A/A107.jpg,A,A,0.9719364047050476,5,1
A/A1079.jpg,A,A,0.9749276638031006,3,1
A/A1085.jpg,A,A,0.9724072217941284,4,1
A/A1087.jpg,A,A,0.971472442150116,2,1
A/A1098.jpg,A,A,0.972009003162384,4,1
A/A1100.jpg,A,A,0.9721825122833252,4,1
A/A1106.jpg,A,A,0.9731265902519226,4,1
A/A1109.jpg,A,A,0.9724120497703552,4,1
A/A1114.jpg,A,A,0.9736348390579224,4,1
A/A1121.jpg,A,A,0.971888542175293,5,1
A/A1126.jpg,A,A,0.9698792695999146,7,1
A/A1142.jpg,A,A,0.97571861743927,4,1
A/A1148.jpg,A,A,0.9726999402046204,4,1
A/A1151.jpg,A,A,0.9732570052146912,2,1
A/A1154.jpg,A,A,0.9732970595359802,2,1
A/A1164.jpg,A,A,0.9749632477760315,2,1
A/A1165.jpg,A,A,0.9733741879463196,2,1
A/A1167.jpg,A,A,0.975129246711731,1,1
A/A1173.jpg,A,A,0.9745286107063293,1,1
A/A1178.jpg,A,A,0.973663330078125,4,1
A/A1183.jpg,A,A,0.971771776676178,3,1
A/A1186.jpg,A,A,0.973491907119751,3,1
A/A119.jpg,A,A,0.9689599275588989,6,1
A/A1193.jpg,A,A,0.9721159338951111,3,1
A/A1196.jpg,A,A,0.9668827652931213,4,1
A/A1204.jpg,A,A,0.9697218537330627,3,1
A/A1214.jpg,A,A,0.9750279188156128,4,1
A/A1217.jpg,A,A,0.9780442118644714,4,1
A/A1219.jpg,A,A,0.9781937599182129,3,1
A/A1225.jpg,A,A,0.9770010113716125,5,1
A/A1227.jpg,A,A,0.979243814945221,3,1
A/A1236.jpg,A,A,0.97149658203125,4,1
A/A1237.jpg,A,A,0.9722639918327332,4,1
A/A1238.jpg,A,A,0.9720637798309326,4,1
A/A1247.jpg,A,A,0.9756268262863159,5,1
A/A1249.jpg,A,A,0.9736369848251343,5,1
A/A1259.jpg,A,A,0.9762700200080872,5,1
A/A1269.jpg,A,A,0.9705158472061157,5,1
A/A1274.jpg,A,A,0.9704546332359314,4,1
A/A1276.jpg,A,A,0.9730021953582764,4,1
A/A1278.jpg,A,A,0.9750866293907166,3,1
A/A1284.jpg,A,A,0.9772172570228577,4,1
A/A1289.jpg,A,A,0.9745707511901855,2,1
A/A1295.jpg,A,A,0.9722060561180115,3,1
A/A1296.jpg,A,A,0.9737178087234497,2,1
A/A1299.jpg,A,A,0.9668206572532654,2,1
A/A1307.jpg,A,A,0.9755892157554626,3,1
A/A1310.jpg,A,A,0.9747623801231384,2,1
A/A1312.jpg,A,A,0.9739218354225159,3,1
A/A1313.jpg,A,A,0.9752103090286255,3,1
A/A1314.jpg,A,A,0.9737391471862793,3,1
A/A1318.jpg,A,A,0.9747014045715332,2,1
A/A1321.jpg,A,A,0.9747968912124634,4,1
A/A1323.jpg,A,A,0.9766374826431274,4,1
A/A1326.jpg,A,A,0.9752181172370911,4,1
A/A1329.jpg,A,A,0.9732816219329834,4,1
A/A1331.jpg,A,A,0.9746447801589966,4,1
A/A1336.jpg,A,A,0.9746891856193542,4,1
A/A1341.jpg,A,A,0.971609354019165,4,1
A/A1344.jpg,A,A,0.9732216596603394,3,1
A/A1345.jpg,A,A,0.974298894405365,4,1
A/A1352.jpg,A,A,0.9681265950202942,4,1
A/A1354.jpg,A,A,0.9706177711486816,5,1
A/A1356.jpg,A,A,0.9733326435089111,4,1
A/A1358.jpg,A,A,0.9716652035713196,5,1
A/A1364.jpg,A,A,0.9730412364006042,4,1
A/A1365.jpg,A,A,0.9762312769889832,4,1
A/A1366.jpg,A,A,0.9746890664100647,6,1
A/A1371.jpg,A,A,0.97765052318573,5,1
A/A1383.jpg,A,A,0.9742669463157654,5,1
A/A1388.jpg,A,A,0.9750990867614746,4,1
A/A1401.jpg,A,A,0.977310836315155,3,1
A/A1403.jpg,A,A,0.9779359102249146,3,1
A/A1409.jpg,A,A,0.9790053367614746,3,1
A/A141.jpg,A,A,0.9664227962493896,2,1
A/A1416.jpg,A,A,0.9742904901504517,2,1
A/A1423.jpg,A,A,0.9726543426513672,3,1
A/A1426.jpg,A,A,0.973828136920929,3,1
A/A1430.jpg,A,A,0.973249077796936,3,1
A/A1439.jpg,A,A,0.9733688831329346,3,1
A/A144.jpg,A,A,0.9662314653396606,2,1
A/A1442.jpg,A,A,0.9742412567138672,2,1
A/A1445.jpg,A,A,0.9736347198486328,4,1
A/A1447.jpg,A,A,0.9712539911270142,3,1
A/A1451.jpg,A,A,0.9744532108306885,3,1
A/A1465.jpg,A,A,0.97361820936203,3,1
A/A1468.jpg,A,A,0.9722999334335327,3,1
A/A1480.jpg,A,A,0.9728887677192688,4,1
A/A1483.jpg,A,A,0.9739043116569519,4,1
A/A1485.jpg,A,A,0.9734375476837158,2,1
A/A1494.jpg,A,A,0.972809374332428,2,1
A/A1499.jpg,A,A,0.9733737707138062,3,1
A/A150.jpg,A,A,0.9666721820831299,2,1
A/A1505.jpg,A,A,0.9741905927658081,2,1
A/A1506.jpg,A,A,0.9735355377197266,3,1
A/A1512.jpg,A,A,0.9744364619255066,4,1
A/A1514.jpg,A,A,0.9749592542648315,4,1
A/A1515.jpg,A,A,0.9746072292327881,3,1
A/A1516.jpg,A,A,0.9747481942176819,3,1
A/A1519.jpg,A,A,0.9750863909721375,3,1
A/A152.jpg,A,A,0.9672448635101318,2,1
A/A1523.jpg,A,A,0.9714053869247437,3,1
A/A1528.jpg,A,A,0.9720297455787659,3,1
A/A153.jpg,A,A,0.966651201248169,2,1
A/A1540.jpg,A,A,0.9718015193939209,3,1
A/A1542.jpg,A,A,0.9721062183380127,3,1
A/A1545.jpg,A,A,0.97316575050354,4,1
A/A1551.jpg,A,A,0.9745177626609802,4,1
A/A1559.jpg,A,A,0.9678944945335388,3,1
A/A1562.jpg,A,A,0.9694409966468811,4,1
A/A157.jpg,A,A,0.9683568477630615,2,1
A/A1581.jpg,A,A,0.9744786024093628,3,1
A/A1582.jpg,A,A,0.9736192226409912,4,1
A/A1588.jpg,A,A,0.975662887096405,3,1
A/A1590.jpg,A,A,0.9769909977912903,3,1
A/A1595.jpg,A,A,0.9755600690841675,4,1
A/A16.jpg,A,A,0.964646577835083,2,1
A/A161.jpg,A,A,0.967491865158081,2,1
A/A1614.jpg,A,A,0.9775157570838928,4,1
A/A1615.jpg,A,A,0.9774725437164307,5,1
A/A162.jpg,A,A,0.9659361839294434,2,1
A/A1622.jpg,A,A,0.9759997129440308,4,1
A/A1625.jpg,A,A,0.9758752584457397,4,1
A/A1629.jpg,A,A,0.9759364128112793,3,1
A/A1630.jpg,A,A,0.9764517545700073,5,1
A/A1636.jpg,A,A,0.9755478501319885,3,1
A/A1665.jpg,A,A,0.9746144413948059,3,1
A/A1666.jpg,A,A,0.9778712391853333,3,1
A/A1670.jpg,A,A,0.9763787984848022,3,1
A/A1675.jpg,A,A,0.9756327867507935,3,1
A/A1676.jpg,A,A,0.9762138724327087,2,1
A/A1678.jpg,A,A,0.9766780734062195,2,1
A/A1680.jpg,A,A,0.975390613079071,3,1
A/A1681.jpg,A,A,0.9768469929695129,4,1
A/A1682.jpg,A,A,0.9778621196746826,2,1
A/A1705.jpg,A,A,0.9789559841156006,3,1
A/A1706.jpg,A,A,0.9773951172828674,3,1
A/A1707.jpg,A,A,0.9776300191879272,3,1
A/A1715.jpg,A,A,0.976254940032959,3,1
A/A1716.jpg,A,A,0.9767945408821106,4,1
A/A1717.jpg,A,A,0.9779596328735352,4,1
A/A1722.jpg,A,A,0.9727612733840942,4,1
A/A1723.jpg,A,A,0.9688238501548767,4,1
A/A1727.jpg,A,A,0.9715927243232727,4,1
A/A1729.jpg,A,A,0.975100040435791,3,1
A/A1730.jpg,A,A,0.9719436168670654,3,1
A/A1731.jpg,A,A,0.9719031453132629,4,1
A/A1734.jpg,A,A,0.9729088544845581,4,1
A/A1737.jpg,A,A,0.9802460074424744,3,1
A/A1743.jpg,A,A,0.978303849697113,3,1
A/A1750.jpg,A,A,0.9774987697601318,3,1
A/A1751.jpg,A,A,0.9782006740570068,3,1
A/A1755.jpg,A,A,0.9823874235153198,4,1
A/A1758.jpg,A,A,0.9799408316612244,3,1
A/A1763.jpg,A,A,0.9731534719467163,2,1
A/A1764.jpg,A,A,0.9730240702629089,3,1
A/A177.jpg,A,A,0.9638135433197021,3,1
A/A1771.jpg,A,A,0.9741833209991455,4,1
A/A1785.jpg,A,A,0.9759320020675659,2,1
A/A179.jpg,A,A,0.9632653594017029,2,1
A/A1793.jpg,A,A,0.9718884229660034,2,1
A/A1794.jpg,A,A,0.9731847047805786,2,1
A/A1795.jpg,A,A,0.9733670949935913,2,1
A/A1807.jpg,A,A,0.9726052284240723,2,1
A/A1808.jpg,A,A,0.970919668674469,3,1
A/A1809.jpg,A,A,0.9713631868362427,2,1
A/A181.jpg,A,A,0.9641047716140747,2,1
A/A1814.jpg,A,A,0.9708064198493958,3,1
A/A1815.jpg,A,A,0.971445620059967,2,1
A/A1818.jpg,A,A,0.9707604646682739,2,1
A/A1823.jpg,A,A,0.9741859436035156,2,1
A/A1826.jpg,A,A,0.9755920767784119,3,1
A/A1828.jpg,A,A,0.970605194568634,4,1
A/A1829.jpg,A,A,0.9732474684715271,4,1
A/A183.jpg,A,A,0.9637895226478577,3,1
A/A1838.jpg,A,A,0.9754025340080261,4,1
A/A184.jpg,A,A,0.9635974168777466,3,1
A/A1844.jpg,A,A,0.9683557152748108,3,1
A/A1847.jpg,A,A,0.971430242061615,3,1
A/A1851.jpg,A,A,0.9730119109153748,5,1
A/A1855.jpg,A,A,0.9731018543243408,3,1
A/A1859.jpg,A,A,0.9727197885513306,5,1
A/A1861.jpg,A,A,0.9737163186073303,4,1
A/A1862.jpg,A,A,0.9749885201454163,4,1
A/A1872.jpg,A,A,0.9734134078025818,5,1
A/A188.jpg,A,A,0.9658411145210266,2,1
A/A1883.jpg,A,A,0.9720873236656189,3,1
A/A1885.jpg,A,A,0.9714730978012085,4,1
A/A1893.jpg,A,A,0.9700871109962463,2,1
A/A1899.jpg,A,A,0.9689217805862427,2,1
A/A1900.jpg,A,A,0.9688805937767029,2,1
A/A1905.jpg,A,A,0.9694676995277405,2,1
A/A1907.jpg,A,A,0.9701865315437317,2,1
A/A1918.jpg,A,A,0.9748605489730835,3,1
A/A1921.jpg,A,A,0.9733981490135193,3,1
A/A1924.jpg,A,A,0.9698742032051086,3,1
A/A1925.jpg,A,A,0.9675745368003845,2,1
A/A193.jpg,A,A,0.965331494808197,4,1
A/A1940.jpg,A,A,0.969590961933136,4,1
A/A1945.jpg,A,A,0.974465012550354,3,1
A/A1948.jpg,A,A,0.9733457565307617,2,1
A/A1956.jpg,A,A,0.9777611494064331,4,1
A/A196.jpg,A,A,0.9659752249717712,4,1
A/A1960.jpg,A,A,0.9756922721862793,3,1
A/A1975.jpg,A,A,0.9737839102745056,3,1
A/A1979.jpg,A,A,0.97178053855896,3,1
A/A1981.jpg,A,A,0.9720348119735718,3,1
A/A1983.jpg,A,A,0.9731041193008423,3,1
A/A1990.jpg,A,A,0.9728270769119263,2,1
A/A1998.jpg,A,A,0.9734821915626526,4,1
A/A2009.jpg,A,A,0.9677098989486694,3,1
A/A2013.jpg,A,A,0.9672054648399353,4,1
A/A2041.jpg,A,A,0.9703208208084106,4,1
A/A2046.jpg,A,A,0.9686896204948425,3,1
A/A2049.jpg,A,A,0.9654628038406372,3,1
A/A2050.jpg,A,A,0.9684194326400757,3,1
A/A2057.jpg,A,A,0.9669905304908752,3,1
A/A2060.jpg,A,A,0.9722527265548706,3,1
A/A2067.jpg,A,A,0.9716692566871643,3,1
A/A2068.jpg,A,A,0.9711229801177979,3,1
A/A2072.jpg,A,A,0.9682279825210571,3,1
A/A2082.jpg,A,A,0.9672096371650696,3,1
A/A2088.jpg,A,A,0.9651586413383484,3,1
A/A2089.jpg,A,A,0.962679922580719,3,1
A/A2091.jpg,A,A,0.9652876257896423,3,1
A/A2098.jpg,A,A,0.9629573225975037,4,1
A/A2106.jpg,A,A,0.9605552554130554,4,1
A/A2111.jpg,A,A,0.9651334285736084,3,1
A/A2113.jpg,A,A,0.9659236073493958,3,1
A/A2116.jpg,A,A,0.9758635759353638,4,1
A/A2118.jpg,A,A,0.9780233502388,3,1
A/A212.jpg,A,A,0.9652456045150757,2,1
A/A2121.jpg,A,A,0.9775533080101013,4,1
A/A2126.jpg,A,A,0.9785739779472351,4,1
A/A213.jpg,A,A,0.9662519097328186,2,1
A/A2135.jpg,A,A,0.9728754758834839,2,1
A/A2136.jpg,A,A,0.9746126532554626,3,1
A/A2141.jpg,A,A,0.967688798904419,3,1
A/A2153.jpg,A,A,0.9694623947143555,3,1
A/A2155.jpg,A,A,0.9694910049438477,3,1
A/A2157.jpg,A,A,0.9703337550163269,3,1
A/A2158.jpg,A,A,0.9692856669425964,3,1
A/A2160.jpg,A,A,0.9652196168899536,3,1
A/A2165.jpg,A,A,0.9667519330978394,3,1
A/A2166.jpg,A,A,0.967388391494751,3,1
A/A2169.jpg,A,A,0.969034731388092,3,1
A/A2178.jpg,A,A,0.9652628302574158,3,1
A/A218.jpg,A,A,0.9655447006225586,3,1
A/A2181.jpg,A,A,0.9681127667427063,3,1
A/A2183.jpg,A,A,0.969582736492157,3,1
A/A2189.jpg,A,A,0.9733649492263794,5,1
A/A219.jpg,A,A,0.9659298062324524,3,1
A/A22.jpg,A,A,0.9651644229888916,2,1
A/A2206.jpg,A,A,0.9775030016899109,3,1
A/A2209.jpg,A,A,0.9759997725486755,5,1
A/A2227.jpg,A,A,0.9765936136245728,5,1
A/A2232.jpg,A,A,0.9693608283996582,2,1
A/A2238.jpg,A,A,0.9762021899223328,3,1
A/A224.jpg,A,A,0.9668893218040466,5,1
A/A2242.jpg,A,A,0.9677330255508423,4,1
A/A2243.jpg,A,A,0.9676018953323364,4,1
A/A2263.jpg,A,A,0.9692184329032898,4,1
A/A2266.jpg,A,A,0.9709264039993286,3,1
A/A2271.jpg,A,A,0.9567539095878601,3,1
A/A2274.jpg,A,A,0.9743757247924805,2,1
A/A2275.jpg,A,A,0.9722022414207458,3,1
A/A228.jpg,A,A,0.9669898748397827,3,1
A/A2280.jpg,A,A,0.972558856010437,2,1
A/A23.jpg,A,A,0.9659856557846069,2,1
A/A2302.jpg,A,A,0.9662915468215942,5,1
A/A2303.jpg,A,A,0.9695772528648376,3,1
A/A2304.jpg,A,A,0.9639293551445007,4,1
A/A2314.jpg,A,A,0.9628810286521912,2,1
A/A232.jpg,A,A,0.9675016403198242,3,1
A/A2332.jpg,A,A,0.9730609655380249,3,1
A/A2334.jpg,A,A,0.9726794362068176,4,1
A/A2335.jpg,A,A,0.972740888595581,4,1
A/A2340.jpg,A,A,0.9756566286087036,4,1
A/A2346.jpg,A,A,0.9690709710121155,4,1
A/A2348.jpg,A,A,0.9708055257797241,2,1
A/A235.jpg,A,A,0.9650068879127502,6,1
A/A2350.jpg,A,A,0.9746705293655396,3,1
A/A2352.jpg,A,A,0.974053144454956,3,1
A/A2364.jpg,A,A,0.9666500091552734,4,1
A/A2367.jpg,A,A,0.9679779410362244,3,1
A/A2371.jpg,A,A,0.9651219248771667,3,1
A/A2374.jpg,A,A,0.965966522693634,3,1
A/A2375.jpg,A,A,0.9662779569625854,3,1
A/A2378.jpg,A,A,0.96831214427948,5,1
A/A238.jpg,A,A,0.9653292894363403,2,1
A/A2390.jpg,A,A,0.9747265577316284,2,1
A/A2391.jpg,A,A,0.9713617563247681,2,1
A/A2392.jpg,A,A,0.9695801734924316,3,1
A/A2395.jpg,A,A,0.9629983305931091,2,1
A/A24.jpg,A,A,0.9664090275764465,2,1
A/A2413.jpg,A,A,0.9668916463851929,1,1
A/A2423.jpg,A,A,0.9606600999832153,2,1
A/A2427.jpg,A,A,0.9605216383934021,1,1
A/A2429.jpg,A,A,0.9621590971946716,1,1
A/A2433.jpg,A,A,0.9656117558479309,1,1
A/A2434.jpg,A,A,0.9638135433197021,1,1
A/A2436.jpg,A,A,0.9671676754951477,2,1
A/A2440.jpg,A,A,0.9644774198532104,2,1
A/A2446.jpg,A,A,0.9741213321685791,4,1
A/A2450.jpg,A,A,0.9695467948913574,5,1
A/A2455.jpg,A,A,0.9671973586082458,5,1
A/A2459.jpg,A,A,0.9662686586380005,5,1
A/A2469.jpg,A,A,0.9640725255012512,5,1
A/A247.jpg,A,A,0.9679749011993408,2,1
A/A2478.jpg,A,A,0.9755467176437378,4,1
A/A2479.jpg,A,A,0.9614323973655701,2,1
A/A2487.jpg,A,A,0.9630106091499329,3,1
A/A2490.jpg,A,A,0.9638922810554504,3,1
A/A2493.jpg,A,A,0.9631669521331787,3,1
A/A2502.jpg,A,A,0.9662222266197205,2,1
A/A2504.jpg,A,A,0.966115415096283,2,1
A/A251.jpg,A,A,0.9698474407196045,3,1
A/A2510.jpg,A,A,0.9671646952629089,1,1
A/A2519.jpg,A,A,0.9683456420898438,4,1
A/A2531.jpg,A,A,0.9684925675392151,4,1
A/A2534.jpg,A,A,0.9703066945075989,3,1
A/A2537.jpg,A,A,0.9696245789527893,5,1
A/A2549.jpg,A,A,0.9703234434127808,5,1
A/A2551.jpg,A,A,0.9703196883201599,6,1
A/A2554.jpg,A,A,0.9690272212028503,3,1
A/A2557.jpg,A,A,0.9668933153152466,2,1
A/A2566.jpg,A,A,0.9654030203819275,4,1
A/A2572.jpg,A,A,0.9576919078826904,5,1
A/A2573.jpg,A,A,0.9595886468887329,5,1
A/A2582.jpg,A,A,0.9658981561660767,3,1
A/A2587.jpg,A,A,0.9652599692344666,3,1
A/A2588.jpg,A,A,0.9666725993156433,3,1
A/A2598.jpg,A,A,0.9664081335067749,2,1
A/A260.jpg,A,A,0.9647863507270813,3,1
A/A2600.jpg,A,A,0.9681591391563416,2,1
A/A2602.jpg,A,A,0.9683384895324707,2,1
A/A2607.jpg,A,A,0.9678824543952942,1,1
A/A2608.jpg,A,A,0.9686302542686462,1,1
A/A2613.jpg,A,A,0.9668526649475098,1,1
A/A2614.jpg,A,A,0.9684106111526489,1,1
A/A2618.jpg,A,A,0.9625455737113953,1,1
A/A2629.jpg,A,A,0.9676030874252319,2,1
A/A263.jpg,A,A,0.9641280174255371,3,1
A/A2634.jpg,A,A,0.9697772264480591,2,1
A/A2635.jpg,A,A,0.9709861874580383,3,1
A/A2639.jpg,A,A,0.9695140719413757,3,1
A/A2649.jpg,A,A,0.9727779030799866,3,1
A/A2659.jpg,A,A,0.9679153561592102,2,1
A/A2660.jpg,A,A,0.968877375125885,4,1
A/A2661.jpg,A,A,0.9690212607383728,2,1
A/A2663.jpg,A,A,0.9696565270423889,3,1
A/A2682.jpg,A,A,0.9684158563613892,2,1
A/A2691.jpg,A,A,0.9732163548469543,3,1
A/A2695.jpg,A,A,0.9752629399299622,3,1
A/A2708.jpg,A,A,0.966320276260376,3,1
A/A2709.jpg,A,A,0.9678800702095032,3,1
A/A271.jpg,A,A,0.9644576907157898,3,1
A/A2717.jpg,A,A,0.9673129916191101,3,1
A/A2722.jpg,A,A,0.9732007384300232,2,1
A/A2728.jpg,A,A,0.974068284034729,1,1
A/A2729.jpg,A,A,0.9732636213302612,1,1
A/A273.jpg,A,A,0.9671811461448669,4,1
A/A2731.jpg,A,A,0.9733389616012573,1,1
A/A2738.jpg,A,A,0.9716800451278687,2,1
A/A2744.jpg,A,A,0.9692819714546204,2,1
A/A2746.jpg,A,A,0.9674209952354431,2,1
A/A2750.jpg,A,A,0.9645641446113586,2,1
A/A2752.jpg,A,A,0.964347243309021,3,1
A/A2756.jpg,A,A,0.966999351978302,2,1
A/A2757.jpg,A,A,0.9663460850715637,3,1
A/A276.jpg,A,A,0.9682011604309082,4,1
A/A2762.jpg,A,A,0.9676016569137573,3,1
A/A2764.jpg,A,A,0.966132402420044,3,1
A/A2768.jpg,A,A,0.9667443633079529,3,1
A/A277.jpg,A,A,0.968006432056427,5,1
A/A2771.jpg,A,A,0.9701992869377136,2,1
A/A2775.jpg,A,A,0.9676535725593567,1,1
A/A2778.jpg,A,A,0.9700254201889038,1,1
A/A2790.jpg,A,A,0.9672717452049255,2,1
A/A2794.jpg,A,A,0.9671095013618469,2,1
A/A2795.jpg,A,A,0.9681744575500488,3,1
A/A2802.jpg,A,A,0.9690022468566895,2,1
A/A2805.jpg,A,A,0.9702720046043396,1,1
A/A2807.jpg,A,A,0.9717321395874023,1,1
A/A281.jpg,A,A,0.9658231735229492,3,1
A/A2815.jpg,A,A,0.9702675342559814,2,1
A/A2816.jpg,A,A,0.9696069955825806,1,1
A/A2820.jpg,A,A,0.9684074521064758,2,1
A/A2825.jpg,A,A,0.9667447805404663,2,1
A/A2826.jpg,A,A,0.9667258858680725,2,1
A/A283.jpg,A,A,0.9661155939102173,3,1
A/A2835.jpg,A,A,0.9685015082359314,3,1
A/A2839.jpg,A,A,0.9656215310096741,4,1
A/A2846.jpg,A,A,0.968471109867096,2,1
A/A2852.jpg,A,A,0.9648024439811707,2,1
A/A2856.jpg,A,A,0.9666576981544495,3,1
A/A2857.jpg,A,A,0.9675225019454956,3,1
A/A2859.jpg,A,A,0.9652561545372009,4,1
A/A2867.jpg,A,A,0.963002622127533,3,1
A/A2872.jpg,A,A,0.9648655652999878,5,1
A/A2873.jpg,A,A,0.9646756052970886,3,1
A/A2877.jpg,A,A,0.9637131094932556,2,1
A/A2883.jpg,A,A,0.9687134623527527,2,1
A/A2894.jpg,A,A,0.9692726731300354,2,1
A/A2900.jpg,A,A,0.9710162281990051,2,1
A/A2913.jpg,A,A,0.962836742401123,4,1
A/A2916.jpg,A,A,0.965411901473999,4,1
A/A292.jpg,A,A,0.9663383960723877,2,1
A/A2927.jpg,A,A,0.9688039422035217,2,1
A/A2928.jpg,A,A,0.967170238494873,2,1
A/A293.jpg,A,A,0.9674482345581055,2,1
A/A2936.jpg,A,A,0.970241129398346,4,1
A/A2941.jpg,A,A,0.9683467745780945,4,1
A/A2942.jpg,A,A,0.967839777469635,4,1
A/A2946.jpg,A,A,0.9671837687492371,3,1
A/A2949.jpg,A,A,0.9669891595840454,4,1
A/A295.jpg,A,A,0.9637237191200256,2,1
A/A2952.jpg,A,A,0.967228353023529,3,1
A/A2962.jpg,A,A,0.9692428708076477,5,1
A/A2970.jpg,A,A,0.9698607921600342,5,1
A/A2972.jpg,A,A,0.9714056253433228,5,1
A/A2973.jpg,A,A,0.9714106321334839,4,1
A/A2975.jpg,A,A,0.969480574131012,5,1
A/A2984.jpg,A,A,0.9597323536872864,3,1
A/A2988.jpg,A,A,0.9699506163597107,2,1
A/A2990.jpg,A,A,0.9686065316200256,3,1
A/A2995.jpg,A,A,0.971192479133606,2,1
A/A3.jpg,A,A,0.9664552211761475,2,1
A/A3000.jpg,A,A,0.9717292189598083,3,1
A/A305.jpg,A,A,0.9666790962219238,3,1
A/A311.jpg,A,A,0.9719035029411316,5,1
A/A318.jpg,A,A,0.9646594524383545,4,1
A/A321.jpg,A,A,0.9640653133392334,4,1
A/A325.jpg,A,A,0.9636458158493042,4,1
A/A328.jpg,A,A,0.9662907719612122,4,1
A/A342.jpg,A,A,0.9704048037528992,4,1
A/A343.jpg,A,A,0.9693324565887451,4,1
A/A351.jpg,A,A,0.9705848693847656,3,1
A/A352.jpg,A,A,0.9679844975471497,3,1
A/A357.jpg,A,A,0.9693400859832764,3,1
A/A361.jpg,A,A,0.9704086184501648,3,1
A/A367.jpg,A,A,0.9705407619476318,3,1
A/A376.jpg,A,A,0.9692019820213318,3,1
A/A379.jpg,A,A,0.9696637988090515,3,1
A/A384.jpg,A,A,0.9676218628883362,3,1
A/A400.jpg,A,A,0.9661180377006531,2,1
A/A405.jpg,A,A,0.969021737575531,5,1
A/A407.jpg,A,A,0.9651229977607727,4,1
A/A41.jpg,A,A,0.9659442901611328,3,1
A/A412.jpg,A,A,0.9653905034065247,3,1
A/A414.jpg,A,A,0.968745768070221,3,1
A/A415.jpg,A,A,0.9691126346588135,3,1
A/A421.jpg,A,A,0.9710147380828857,4,1
A/A425.jpg,A,A,0.9685907363891602,3,1
A/A431.jpg,A,A,0.9646555781364441,4,1
A/A432.jpg,A,A,0.9643107652664185,4,1
A/A440.jpg,A,A,0.9673779010772705,4,1
A/A447.jpg,A,A,0.9683711528778076,4,1
A/A465.jpg,A,A,0.9717509746551514,4,1
A/A468.jpg,A,A,0.971947193145752,4,1
A/A473.jpg,A,A,0.9712501764297485,4,1
A/A475.jpg,A,A,0.9713639616966248,4,1
A/A476.jpg,A,A,0.9694030284881592,4,1
A/A48.jpg,A,A,0.9672014713287354,3,1
A/A480.jpg,A,A,0.9701594710350037,3,1
A/A481.jpg,A,A,0.9706692099571228,4,1
A/A497.jpg,A,A,0.9698160290718079,3,1
A/A498.jpg,A,A,0.9733520746231079,3,1
A/A50.jpg,A,A,0.9644063711166382,1,1
A/A504.jpg,A,A,0.9739582538604736,4,1
A/A510.jpg,A,A,0.9682783484458923,3,1
A/A512.jpg,A,A,0.9689609408378601,3,1
A/A513.jpg,A,A,0.9689412713050842,3,1
A/A515.jpg,A,A,0.9681509733200073,3,1
A/A522.jpg,A,A,0.9696624279022217,3,1
A/A524.jpg,A,A,0.9685510396957397,3,1
A/A530.jpg,A,A,0.968785285949707,3,1
A/A540.jpg,A,A,0.9698463082313538,3,1
A/A546.jpg,A,A,0.9703947901725769,3,1
A/A55.jpg,A,A,0.9681840538978577,2,1
A/A550.jpg,A,A,0.9694033861160278,3,1
A/A561.jpg,A,A,0.9715179800987244,3,1
A/A570.jpg,A,A,0.971053957939148,4,1
A/A577.jpg,A,A,0.9713862538337708,3,1
A/A582.jpg,A,A,0.9711647033691406,3,1
A/A583.jpg,A,A,0.9706602692604065,3,1
A/A585.jpg,A,A,0.9694752097129822,3,1
A/A587.jpg,A,A,0.96926349401474,3,1
A/A590.jpg,A,A,0.9697120189666748,3,1
A/A60.jpg,A,A,0.9701400399208069,2,1
A/A602.jpg,A,A,0.9711537957191467,3,1
A/A610.jpg,A,A,0.970322847366333,3,1
A/A616.jpg,A,A,0.9667647480964661,3,1
A/A62.jpg,A,A,0.9669131636619568,2,1
A/A628.jpg,A,A,0.9693021178245544,4,1
A/A630.jpg,A,A,0.9673258066177368,4,1
A/A640.jpg,A,A,0.9675068855285645,3,1
A/A642.jpg,A,A,0.9668688178062439,3,1
A/A644.jpg,A,A,0.9672501087188721,3,1
A/A647.jpg,A,A,0.9674590229988098,3,1
A/A649.jpg,A,A,0.9684861898422241,4,1
A/A651.jpg,A,A,0.9674838185310364,4,1
A/A657.jpg,A,A,0.9689211249351501,2,1
A/A659.jpg,A,A,0.9681441783905029,4,1
A/A66.jpg,A,A,0.9697636961936951,1,1
A/A663.jpg,A,A,0.971361517906189,3,1
A/A666.jpg,A,A,0.9716794490814209,3,1
A/A667.jpg,A,A,0.9734601378440857,3,1
A/A668.jpg,A,A,0.9723508358001709,3,1
A/A677.jpg,A,A,0.9675503969192505,2,1
A/A679.jpg,A,A,0.9718230962753296,3,1
A/A699.jpg,A,A,0.9695576429367065,3,1
A/A70.jpg,A,A,0.9688004851341248,1,1
A/A700.jpg,A,A,0.9692006707191467,3,1
A/A707.jpg,A,A,0.9681686162948608,3,1
A/A715.jpg,A,A,0.9678630828857422,3,1
A/A717.jpg,A,A,0.9675196409225464,3,1
A/A723.jpg,A,A,0.9663962125778198,3,1
A/A729.jpg,A,A,0.9640073776245117,3,1
A/A731.jpg,A,A,0.9650891423225403,3,1
A/A735.jpg,A,A,0.964136004447937,3,1
A/A739.jpg,A,A,0.9664890766143799,3,1
A/A741.jpg,A,A,0.9712293744087219,4,1
A/A744.jpg,A,A,0.9692254066467285,3,1
A/A746.jpg,A,A,0.9694802165031433,3,1
A/A767.jpg,A,A,0.9678162336349487,3,1
A/A780.jpg,A,A,0.967293381690979,3,1
A/A781.jpg,A,A,0.967151939868927,2,1
A/A783.jpg,A,A,0.9650353193283081,2,1
A/A790.jpg,A,A,0.9682195782661438,2,1
A/A792.jpg,A,A,0.9701845049858093,2,1
A/A797.jpg,A,A,0.970536470413208,2,1
A/A798.jpg,A,A,0.9710993766784668,2,1
A/A799.jpg,A,A,0.971031129360199,2,1
A/A80.jpg,A,A,0.970243513584137,4,1
A/A801.jpg,A,A,0.9707390069961548,2,1
A/A806.jpg,A,A,0.9716467261314392,2,1
A/A816.jpg,A,A,0.9706548452377319,2,1
A/A817.jpg,A,A,0.9709573984146118,3,1
A/A832.jpg,A,A,0.9673271775245667,3,1
A/A840.jpg,A,A,0.9656020402908325,3,1
A/A841.jpg,A,A,0.965420126914978,3,1
A/A843.jpg,A,A,0.9654902815818787,3,1
A/A851.jpg,A,A,0.9655093550682068,3,1
A/A856.jpg,A,A,0.9650954604148865,4,1
A/A857.jpg,A,A,0.9668371677398682,4,1
A/A858.jpg,A,A,0.9660658836364746,3,1
A/A859.jpg,A,A,0.9660693407058716,4,1
A/A861.jpg,A,A,0.965840220451355,4,1
A/A862.jpg,A,A,0.9664302468299866,4,1
A/A863.jpg,A,A,0.9659061431884766,3,1
A/A87.jpg,A,A,0.9697726368904114,4,1
A/A877.jpg,A,A,0.9701953530311584,3,1
A/A878.jpg,A,A,0.9667614102363586,2,1
A/A88.jpg,A,A,0.9676918387413025,4,1
A/A880.jpg,A,A,0.9686814546585083,3,1
A/A881.jpg,A,A,0.9689956307411194,3,1
A/A885.jpg,A,A,0.9646791815757751,6,1
A/A892.jpg,A,A,0.9669751524925232,6,1
A/A9.jpg,A,A,0.9644900560379028,2,1
A/A904.jpg,A,A,0.9663484692573547,5,1
A/A906.jpg,A,A,0.9652544856071472,4,1
A/A907.jpg,A,A,0.9658487439155579,4,1
A/A913.jpg,A,A,0.9671269655227661,3,1
A/A916.jpg,A,A,0.9676921963691711,3,1
A/A920.jpg,A,A,0.9689390063285828,4,1
A/A927.jpg,A,A,0.9675804376602173,5,1
A/A930.jpg,A,A,0.9677062630653381,5,1
A/A932.jpg,A,A,0.9684974551200867,5,1
A/A937.jpg,A,A,0.9710131883621216,4,1
A/A940.jpg,A,A,0.9694822430610657,5,1
A/A942.jpg,A,A,0.9688313603401184,5,1
A/A944.jpg,A,A,0.9666141271591187,4,1
A/A949.jpg,A,A,0.9656217098236084,3,1
A/A95.jpg,A,A,0.9683571457862854,5,1
A/A951.jpg,A,A,0.9679418206214905,4,1
A/A952.jpg,A,A,0.9653810262680054,4,1
A/A960.jpg,A,A,0.9655196070671082,4,1
A/A965.jpg,A,A,0.9661062955856323,4,1
A/A970.jpg,A,A,0.9669578671455383,3,1
A/A975.jpg,A,A,0.9672978520393372,3,1
A/A986.jpg,A,A,0.9674584865570068,4,1
A/A992.jpg,A,A,0.966996967792511,4,1
A/A993.jpg,A,A,0.9686146974563599,3,1
A/A998.jpg,A,A,0.9675306677818298,5,1
B/B1005.jpg,B,B,0.957656979560852,3,1
B/B1012.jpg,B,B,0.968247652053833,3,1
B/B1014.jpg,B,B,0.9713322520256042,2,1
B/B1017.jpg,B,B,0.9730005860328674,1,1
B/B1021.jpg,B,B,0.9733747839927673,1,1
B/B1027.jpg,B,B,0.9700072407722473,1,1
B/B1031.jpg,B,B,0.9699769616127014,1,1
B/B1043.jpg,B,B,0.9592839479446411,3,1
B/B1044.jpg,B,B,0.9621040225028992,3,1
B/B1047.jpg,B,B,0.9599353075027466,3,1
B/B1051.jpg,B,B,0.9607121348381042,4,1
B/B1053.jpg,B,B,0.9605276584625244,3,1
B/B106.jpg,B,B,0.9607201814651489,3,1
B/B1060.jpg,B,B,0.9595224857330322,4,1
B/B1063.jpg,B,B,0.9603025913238525,3,1
B/B1067.jpg,B,B,0.9560201168060303,3,1
B/B1068.jpg,B,B,0.9549452662467957,3,1
B/B1070.jpg,B,B,0.9575909972190857,3,1
B/B1084.jpg,B,B,0.9589208364486694,4,1
B/B1092.jpg,B,B,0.9614973664283752,3,1
B/B1100.jpg,B,B,0.9564713835716248,3,1
B/B1106.jpg,B,B,0.9606054425239563,5,1
B/B111.jpg,B,B,0.9594656229019165,3,1
B/B1113.jpg,B,B,0.9592620134353638,5,1
B/B1115.jpg,B,B,0.9615604281425476,2,1
B/B1125.jpg,B,B,0.9628019332885742,3,1
B/B1130.jpg,B,B,0.960706889629364,5,1
B/B1131.jpg,B,B,0.9607453942298889,4,1
B/B1134.jpg,B,B,0.9622056484222412,4,1
B/B1142.jpg,B,B,0.9604098796844482,3,1
B/B1146.jpg,B,B,0.9614999294281006,3,1
B/B1151.jpg,B,B,0.96418696641922,3,1
B/B1156.jpg,B,B,0.9639127850532532,3,1
B/B1161.jpg,B,B,0.9616703391075134,3,1
B/B1162.jpg,B,B,0.9614161849021912,3,1
B/B1166.jpg,B,B,0.958894670009613,4,1
B/B1167.jpg,B,B,0.9565955400466919,3,1
B/B1171.jpg,B,B,0.9571868777275085,3,1
B/B1176.jpg,B,B,0.9517697095870972,3,1
B/B118.jpg,B,B,0.9615330696105957,3,1
B/B1181.jpg,B,B,0.9561507701873779,5,1
B/B1183.jpg,B,B,0.9568039178848267,6,1
B/B1184.jpg,B,B,0.9584754705429077,4,1
B/B1193.jpg,B,B,0.9600769281387329,7,1
B/B1194.jpg,B,B,0.959526538848877,5,1
B/B1197.jpg,B,B,0.9617235660552979,4,1
B/B1198.jpg,B,B,0.9614786505699158,4,1
B/B120.jpg,B,B,0.9566347002983093,3,1
B/B1205.jpg,B,B,0.9640024900436401,4,1
B/B1207.jpg,B,B,0.9661260843276978,5,1
B/B121.jpg,B,B,0.9599901437759399,3,1
B/B1212.jpg,B,B,0.9689207673072815,4,1
B/B1215.jpg,B,B,0.969588577747345,5,1
B/B123.jpg,B,B,0.9587205052375793,3,1
B/B124.jpg,B,B,0.9584697484970093,3,1
B/B1240.jpg,B,B,0.9573833346366882,3,1
B/B1244.jpg,B,B,0.9654630422592163,1,1
B/B1247.jpg,B,B,0.9697609543800354,1,1
B/B1249.jpg,B,B,0.9697736501693726,2,1
B/B1255.jpg,B,B,0.9603540301322937,2,1
B/B1256.jpg,B,B,0.9528969526290894,3,1
B/B1260.jpg,B,B,0.9189308285713196,2,1
B/B1264.jpg,B,B,0.9154453873634338,4,1
B/B1268.jpg,B,B,0.945363461971283,4,1
B/B1272.jpg,B,B,0.9603399634361267,3,1
B/B1274.jpg,B,B,0.9615222811698914,2,1
B/B1278.jpg,B,B,0.9634259939193726,3,1
B/B1280.jpg,B,B,0.9624904990196228,3,1
B/B1282.jpg,B,B,0.9610168933868408,6,1
B/B1285.jpg,B,B,0.9590584635734558,2,1
B/B1291.jpg,B,B,0.9566619396209717,3,1
B/B1298.jpg,B,B,0.9633728861808777,5,1
B/B1320.jpg,B,B,0.9641298055648804,2,1
B/B1323.jpg,B,B,0.964089572429657,7,1
B/B1324.jpg,B,B,0.9629955291748047,4,1
B/B1326.jpg,B,B,0.9596625566482544,5,1
B/B1327.jpg,B,B,0.9613785743713379,4,1
B/B1332.jpg,B,B,0.9583803415298462,5,1
B/B1338.jpg,B,B,0.9611287713050842,5,1
B/B1339.jpg,B,B,0.9615147113800049,5,1
B/B1347.jpg,B,B,0.9621609449386597,5,1
B/B1348.jpg,B,B,0.9636948704719543,5,1
B/B1353.jpg,B,B,0.9611179828643799,6,1
B/B1356.jpg,B,B,0.963793933391571,4,1
B/B1361.jpg,B,B,0.957793653011322,4,1
B/B1368.jpg,B,B,0.9550539255142212,5,1
B/B137.jpg,B,B,0.9603424072265625,3,1
B/B1370.jpg,B,B,0.9589862823486328,4,1
B/B1371.jpg,B,B,0.9605656266212463,5,1
B/B1373.jpg,B,B,0.957147479057312,5,1
B/B1374.jpg,B,B,0.9593082666397095,5,1
B/B1376.jpg,B,B,0.9611331820487976,5,1
B/B1379.jpg,B,B,0.9618322849273682,6,1
B/B1410.jpg,B,B,0.974937379360199,5,1
B/B1415.jpg,B,B,0.9737228751182556,4,1
B/B1420.jpg,B,B,0.970784604549408,3,1
B/B1421.jpg,B,B,0.9733573794364929,4,1
B/B1422.jpg,B,B,0.9733158349990845,5,1
B/B1428.jpg,B,B,0.9708413481712341,4,1
B/B1432.jpg,B,B,0.9717215895652771,4,1
B/B1435.jpg,B,B,0.9667840003967285,4,1
B/B1441.jpg,B,B,0.9641323685646057,3,1
B/B1446.jpg,B,B,0.9662120938301086,3,1
B/B1451.jpg,B,B,0.9670553207397461,3,1
B/B1458.jpg,B,B,0.9642428159713745,3,1
B/B147.jpg,B,B,0.9618437886238098,3,1
B/B1475.jpg,B,B,0.9649125337600708,3,1
B/B1478.jpg,B,B,0.9647709131240845,3,1
B/B1480.jpg,B,B,0.9674013257026672,3,1
B/B1482.jpg,B,B,0.9685488343238831,3,1
B/B1490.jpg,B,B,0.9699273705482483,3,1
B/B1495.jpg,B,B,0.9701052904129028,4,1
B/B1497.jpg,B,B,0.9671178460121155,5,1
B/B1506.jpg,B,B,0.9700794816017151,4,1
B/B1509.jpg,B,B,0.9700057506561279,3,1
B/B1513.jpg,B,B,0.9747350811958313,4,1
B/B1515.jpg,B,B,0.9753770232200623,4,1
B/B1518.jpg,B,B,0.9671460390090942,3,1
B/B152.jpg,B,B,0.9582090973854065,5,1
B/B1523.jpg,B,B,0.9651277661323547,3,1
B/B1524.jpg,B,B,0.9638179540634155,1,1
B/B1532.jpg,B,B,0.971444845199585,2,1
B/B1538.jpg,B,B,0.9688528776168823,3,1
B/B1539.jpg,B,B,0.9687615633010864,3,1
B/B154.jpg,B,B,0.9560170769691467,3,1
B/B1546.jpg,B,B,0.9628311991691589,4,1
B/B1551.jpg,B,B,0.9612171053886414,3,1
B/B1554.jpg,B,B,0.9646522402763367,3,1
B/B1557.jpg,B,B,0.9645935297012329,4,1
B/B1560.jpg,B,B,0.9649235010147095,3,1
B/B1566.jpg,B,B,0.9650171995162964,3,1
B/B1576.jpg,B,B,0.9657933712005615,2,1
B/B1577.jpg,B,B,0.9656818509101868,3,1
B/B1580.jpg,B,B,0.9637660384178162,3,1
B/B159.jpg,B,B,0.961315929889679,3,1
B/B1593.jpg,B,B,0.9669704437255859,2,1
B/B1595.jpg,B,B,0.9687309861183167,4,1
B/B160.jpg,B,B,0.95905601978302,3,1
B/B1607.jpg,B,B,0.9659040570259094,3,1
B/B1608.jpg,B,B,0.9655012488365173,3,1
B/B1619.jpg,B,B,0.9603906273841858,4,1
B/B1622.jpg,B,B,0.9614114165306091,4,1
B/B1624.jpg,B,B,0.9642986059188843,5,1
B/B1644.jpg,B,B,0.9642637968063354,2,1
B/B1645.jpg,B,B,0.9685482382774353,3,1
B/B1646.jpg,B,B,0.9707222580909729,4,1
B/B1651.jpg,B,B,0.9695566296577454,4,1
B/B1653.jpg,B,B,0.9707905650138855,3,1
B/B1654.jpg,B,B,0.9713747501373291,3,1
B/B1655.jpg,B,B,0.9717177152633667,3,1
B/B166.jpg,B,B,0.9585811495780945,3,1
B/B1660.jpg,B,B,0.9720733165740967,3,1
B/B1662.jpg,B,B,0.9708497524261475,3,1
B/B1691.jpg,B,B,0.9680873155593872,5,1
B/B1694.jpg,B,B,0.9683024287223816,3,1
B/B1695.jpg,B,B,0.9682507514953613,4,1
B/B1696.jpg,B,B,0.966827929019928,3,1
B/B1701.jpg,B,B,0.965263307094574,3,1
B/B1703.jpg,B,B,0.9654985666275024,4,1
B/B1706.jpg,B,B,0.9625000953674316,4,1
B/B171.jpg,B,B,0.9572214484214783,4,1
B/B1714.jpg,B,B,0.9611282348632812,3,1
B/B1723.jpg,B,B,0.9616838693618774,3,1
B/B1726.jpg,B,B,0.9612361788749695,3,1
B/B1727.jpg,B,B,0.9602769613265991,2,1
B/B1734.jpg,B,B,0.9539759159088135,3,1
B/B1735.jpg,B,B,0.9549722671508789,5,1
B/B174.jpg,B,B,0.9636760354042053,4,1
B/B1743.jpg,B,B,0.9583946466445923,4,1
B/B1745.jpg,B,B,0.9583914875984192,5,1
B/B1746.jpg,B,B,0.9574419856071472,4,1
B/B1755.jpg,B,B,0.9591060280799866,6,1
B/B1757.jpg,B,B,0.9621188044548035,6,1
B/B1761.jpg,B,B,0.9622465968132019,4,1
B/B1768.jpg,B,B,0.9610342979431152,3,1
B/B177.jpg,B,B,0.9588621854782104,4,1
B/B1773.jpg,B,B,0.9491552114486694,4,1
B/B1774.jpg,B,B,0.9505838751792908,4,1
B/B1775.jpg,B,B,0.9566524624824524,3,1
B/B1782.jpg,B,B,0.9631708264350891,3,1
B/B1785.jpg,B,B,0.962833821773529,4,1
B/B1787.jpg,B,B,0.9623201489448547,3,1
B/B1788.jpg,B,B,0.9651176929473877,3,1
B/B1791.jpg,B,B,0.9595600366592407,4,1
B/B1792.jpg,B,B,0.9624837636947632,3,1
B/B1796.jpg,B,B,0.9633315205574036,3,1
B/B180.jpg,B,B,0.9595629572868347,4,1
B/B1800.jpg,B,B,0.9625926613807678,3,1
B/B1801.jpg,B,B,0.9624929428100586,3,1
B/B1813.jpg,B,B,0.9633926749229431,3,1
B/B1828.jpg,B,B,0.9544773101806641,3,1
B/B1829.jpg,B,B,0.9547414779663086,3,1
B/B1831.jpg,B,B,0.95726478099823,4,1
B/B1836.jpg,B,B,0.957905113697052,4,1
B/B1848.jpg,B,B,0.9574345946311951,5,1
B/B1853.jpg,B,B,0.9579085111618042,5,1
B/B1854.jpg,B,B,0.9582808017730713,4,1
B/B186.jpg,B,B,0.9608017206192017,3,1
B/B1862.jpg,B,B,0.9626526236534119,4,1
B/B1863.jpg,B,B,0.9618743062019348,4,1
B/B1869.jpg,B,B,0.9649792313575745,4,1
B/B188.jpg,B,B,0.9606575965881348,5,1
B/B189.jpg,B,B,0.9613518118858337,5,1
B/B1895.jpg,B,B,0.9583417773246765,4,1
B/B1896.jpg,B,B,0.958918035030365,5,1
B/B1897.jpg,B,B,0.9607887268066406,5,1
B/B1898.jpg,B,B,0.9615728855133057,5,1
B/B1902.jpg,B,B,0.9607747793197632,4,1
B/B1903.jpg,B,B,0.9608296751976013,5,1
B/B1913.jpg,B,B,0.9630002975463867,4,1
B/B192.jpg,B,B,0.9585651755332947,5,1
B/B1921.jpg,B,B,0.9591153264045715,2,1
B/B1935.jpg,B,B,0.9657666683197021,3,1
B/B1945.jpg,B,B,0.9578793048858643,3,1
B/B1946.jpg,B,B,0.958124041557312,3,1
B/B1950.jpg,B,B,0.9590357542037964,3,1
B/B1957.jpg,B,B,0.9611198306083679,4,1
B/B196.jpg,B,B,0.9580087065696716,5,1
B/B1964.jpg,B,B,0.9605544805526733,3,1
B/B1967.jpg,B,B,0.9623099565505981,3,1
B/B1980.jpg,B,B,0.9542285799980164,4,1
B/B199.jpg,B,B,0.9581519365310669,4,1
B/B1991.jpg,B,B,0.9636730551719666,3,1
B/B1999.jpg,B,B,0.9611069560050964,4,1
B/B2002.jpg,B,B,0.9694406986236572,3,1
B/B2003.jpg,B,B,0.9678686857223511,3,1
B/B2008.jpg,B,B,0.9616203904151917,3,1
B/B2014.jpg,B,B,0.9663777351379395,4,1
B/B2015.jpg,B,B,0.9664592146873474,4,1
B/B2020.jpg,B,B,0.9696941375732422,2,1
B/B2025.jpg,B,B,0.9674590229988098,2,1
B/B2026.jpg,B,B,0.9693530797958374,3,1
B/B2029.jpg,B,B,0.9695585370063782,4,1
B/B2031.jpg,B,B,0.9682195782661438,2,1
B/B2032.jpg,B,B,0.9702280163764954,2,1
B/B2034.jpg,B,B,0.9681903123855591,3,1
B/B2041.jpg,B,B,0.9720928072929382,3,1
B/B2043.jpg,B,B,0.9703583121299744,2,1
B/B205.jpg,B,B,0.9584245681762695,3,1
B/B2050.jpg,B,B,0.9575586318969727,2,1
B/B2054.jpg,B,B,0.9597470760345459,2,1
B/B2062.jpg,B,B,0.9721413850784302,2,1
B/B2064.jpg,B,B,0.9743573665618896,3,1
B/B2065.jpg,B,B,0.9773134589195251,2,1
B/B2067.jpg,B,B,0.9811261296272278,3,1
B/B2081.jpg,B,B,0.9703795313835144,2,1
B/B2084.jpg,B,B,0.9683070778846741,1,1
B/B2089.jpg,B,B,0.9727698564529419,1,1
B/B2095.jpg,B,B,0.9626173973083496,1,1
B/B2098.jpg,B,B,0.96484375,1,1
B/B2102.jpg,B,B,0.9639858603477478,1,1
B/B2103.jpg,B,B,0.9654380083084106,1,1
B/B2104.jpg,B,B,0.9691299796104431,2,1
B/B2122.jpg,B,B,0.9613907337188721,2,1
B/B2127.jpg,B,B,0.9562888741493225,2,1
B/B2138.jpg,B,B,0.9671030044555664,3,1
B/B2139.jpg,B,B,0.9698590636253357,4,1
B/B2146.jpg,B,B,0.969001829624176,3,1
B/B2151.jpg,B,B,0.9664792418479919,2,1
B/B2154.jpg,B,B,0.9693673849105835,2,1
B/B2157.jpg,B,B,0.9708846211433411,4,1
B/B2159.jpg,B,B,0.9714102149009705,3,1
B/B217.jpg,B,B,0.9565846920013428,1,1
B/B2179.jpg,B,B,0.9759960770606995,3,1
B/B2181.jpg,B,B,0.9773164391517639,4,1
B/B2187.jpg,B,B,0.97580486536026,3,1
B/B2191.jpg,B,B,0.9750941395759583,3,1
B/B22.jpg,B,B,0.9654593467712402,5,1
B/B2207.jpg,B,B,0.9723172783851624,2,1
B/B2208.jpg,B,B,0.9738404154777527,3,1
B/B2217.jpg,B,B,0.9757676124572754,3,1
B/B2222.jpg,B,B,0.9761916399002075,3,1
B/B2226.jpg,B,B,0.9752370715141296,3,1
B/B2228.jpg,B,B,0.9711074829101562,3,1
B/B2231.jpg,B,B,0.9704746007919312,3,1
B/B2236.jpg,B,B,0.9673892855644226,2,1
B/B2252.jpg,B,B,0.9726222157478333,2,1
B/B2253.jpg,B,B,0.972170889377594,3,1
B/B2255.jpg,B,B,0.9715037941932678,2,1
B/B2259.jpg,B,B,0.9692320227622986,3,1
B/B2264.jpg,B,B,0.9694124460220337,2,1
B/B2289.jpg,B,B,0.9715697169303894,4,1
B/B2299.jpg,B,B,0.9704110622406006,2,1
B/B2302.jpg,B,B,0.9705101251602173,2,1
B/B2303.jpg,B,B,0.9702942371368408,2,1
B/B2311.jpg,B,B,0.9687479138374329,2,1
B/B2321.jpg,B,B,0.9694734215736389,2,1
B/B2325.jpg,B,B,0.9721077084541321,2,1
B/B2329.jpg,B,B,0.9703516960144043,2,1
B/B2336.jpg,B,B,0.9693863391876221,2,1
B/B2337.jpg,B,B,0.9689699411392212,3,1
B/B234.jpg,B,B,0.9579333662986755,3,1
B/B2345.jpg,B,B,0.9676682949066162,3,1
B/B2346.jpg,B,B,0.9663842916488647,2,1
B/B2357.jpg,B,B,0.9674312472343445,4,1
B/B2359.jpg,B,B,0.9670398235321045,4,1
B/B237.jpg,B,B,0.9577282667160034,3,1
B/B2371.jpg,B,B,0.9712697267532349,2,1
B/B2375.jpg,B,B,0.9695367217063904,2,1
B/B2379.jpg,B,B,0.9736349582672119,3,1
B/B2381.jpg,B,B,0.97288978099823,3,1
B/B2382.jpg,B,B,0.970422625541687,2,1
B/B2384.jpg,B,B,0.9678438901901245,2,1
B/B2396.jpg,B,B,0.9726278781890869,3,1
B/B2401.jpg,B,B,0.9768595099449158,3,1
B/B2403.jpg,B,B,0.9757698774337769,4,1
B/B2414.jpg,B,B,0.97382652759552,3,1
B/B2416.jpg,B,B,0.9742605090141296,2,1
B/B2419.jpg,B,B,0.9711345434188843,2,1
B/B2422.jpg,B,B,0.9686208367347717,2,1
B/B2429.jpg,B,B,0.9595093131065369,2,1
B/B2431.jpg,B,B,0.9622238874435425,2,1
B/B2433.jpg,B,B,0.9615517258644104,3,1
B/B2437.jpg,B,B,0.9636961817741394,3,1
B/B2439.jpg,B,B,0.9590533971786499,3,1
B/B245.jpg,B,B,0.9580056667327881,3,1
B/B2453.jpg,B,B,0.9590147137641907,3,1
B/B2454.jpg,B,B,0.9607898592948914,3,1
B/B2456.jpg,B,B,0.963391125202179,3,1
B/B2458.jpg,B,B,0.9609573483467102,3,1
B/B2461.jpg,B,B,0.960936427116394,3,1
B/B2466.jpg,B,B,0.9594603776931763,3,1
B/B2468.jpg,B,B,0.9585111737251282,3,1
B/B2469.jpg,B,B,0.9611599445343018,3,1
B/B2473.jpg,B,B,0.9676353335380554,2,1
B/B2479.jpg,B,B,0.9689310789108276,2,1
B/B2482.jpg,B,B,0.9702707529067993,2,1
B/B2483.jpg,B,B,0.9700637459754944,4,1
B/B2496.jpg,B,B,0.9598186016082764,3,1
B/B2499.jpg,B,B,0.9575625658035278,3,1
B/B25.jpg,B,B,0.9652491807937622,4,1
B/B2502.jpg,B,B,0.9604451060295105,2,1
B/B2505.jpg,B,B,0.9629855155944824,2,1
B/B2507.jpg,B,B,0.9630085825920105,2,1
B/B2510.jpg,B,B,0.9616045355796814,2,1
B/B2513.jpg,B,B,0.9605944156646729,2,1
B/B2514.jpg,B,B,0.9626887440681458,2,1
B/B2522.jpg,B,B,0.9640162587165833,2,1
B/B2529.jpg,B,B,0.9636461138725281,2,1
B/B2532.jpg,B,B,0.9644246697425842,2,1
B/B2538.jpg,B,B,0.9623208045959473,2,1
B/B2555.jpg,B,B,0.9568309783935547,3,1
B/B2559.jpg,B,B,0.9601734280586243,4,1
B/B2563.jpg,B,B,0.9612993597984314,4,1
B/B2565.jpg,B,B,0.9641780257225037,4,1
B/B2568.jpg,B,B,0.9613319039344788,5,1
B/B2574.jpg,B,B,0.96041339635849,4,1
B/B2578.jpg,B,B,0.9600494503974915,5,1
B/B2579.jpg,B,B,0.9588247537612915,5,1
B/B2585.jpg,B,B,0.9659004807472229,5,1
B/B2588.jpg,B,B,0.9701778888702393,4,1
B/B2589.jpg,B,B,0.9703001976013184,5,1
B/B2590.jpg,B,B,0.9706648588180542,5,1
B/B2591.jpg,B,B,0.9714113473892212,5,1
B/B2595.jpg,B,B,0.9733439087867737,5,1
B/B2599.jpg,B,B,0.9723536968231201,3,1
B/B2600.jpg,B,B,0.9656548500061035,3,1
B/B2602.jpg,B,B,0.9703429341316223,4,1
B/B2606.jpg,B,B,0.9652193188667297,2,1
B/B2611.jpg,B,B,0.9643802046775818,1,1
B/B2622.jpg,B,B,0.9607203006744385,1,1
B/B2628.jpg,B,B,0.9612959623336792,1,1
B/B2629.jpg,B,B,0.962164580821991,1,1
B/B2635.jpg,B,B,0.9636901021003723,1,1
B/B2636.jpg,B,B,0.9659349322319031,1,1
B/B264.jpg,B,B,0.9585142135620117,3,1
B/B2644.jpg,B,B,0.9653048515319824,1,1
B/B2648.jpg,B,B,0.9668078422546387,1,1
B/B2653.jpg,B,B,0.9674645066261292,1,1
B/B2654.jpg,B,B,0.965613842010498,1,1
B/B2660.jpg,B,B,0.9663342833518982,2,1
B/B2662.jpg,B,B,0.9684721231460571,2,1
B/B2667.jpg,B,B,0.9676725268363953,1,1
B/B2673.jpg,B,B,0.9659806489944458,2,1
B/B2676.jpg,B,B,0.9668048620223999,1,1
B/B2683.jpg,B,B,0.9676674008369446,2,1
B/B2685.jpg,B,B,0.9608114957809448,2,1
B/B270.jpg,B,B,0.9557392001152039,4,1
B/B2703.jpg,B,B,0.9613938331604004,3,1
B/B271.jpg,B,B,0.9558762907981873,3,1
B/B2714.jpg,B,B,0.9620783925056458,3,1
B/B2716.jpg,B,B,0.9650177359580994,6,1
B/B2717.jpg,B,B,0.9647435545921326,5,1
B/B2718.jpg,B,B,0.9615768790245056,4,1
B/B2719.jpg,B,B,0.9627164006233215,4,1
B/B272.jpg,B,B,0.9559758901596069,4,1
B/B2726.jpg,B,B,0.9644541144371033,4,1
B/B2736.jpg,B,B,0.9603672027587891,2,1
B/B2741.jpg,B,B,0.9588169455528259,2,1
B/B2753.jpg,B,B,0.9698912501335144,2,1
B/B2754.jpg,B,B,0.9692109227180481,3,1
B/B2758.jpg,B,B,0.9685570001602173,3,1
B/B2762.jpg,B,B,0.9674932956695557,3,1
B/B2768.jpg,B,B,0.9623682498931885,1,1
B/B2769.jpg,B,B,0.9610022902488708,1,1
B/B277.jpg,B,B,0.954677164554596,5,1
B/B2771.jpg,B,B,0.9598531723022461,1,1
B/B2774.jpg,B,B,0.9612323045730591,1,1
B/B2782.jpg,B,B,0.9624003767967224,2,1
B/B279.jpg,B,B,0.9548519253730774,5,1
B/B2795.jpg,B,B,0.959991991519928,2,1
B/B2802.jpg,B,B,0.9610770344734192,2,1
B/B2813.jpg,B,B,0.9635917544364929,2,1
B/B2816.jpg,B,B,0.9668034911155701,2,1
B/B2820.jpg,B,B,0.9693055748939514,2,1
B/B2823.jpg,B,B,0.968428373336792,1,1
B/B2824.jpg,B,B,0.967719554901123,1,1
B/B283.jpg,B,B,0.9563504457473755,4,1
B/B2831.jpg,B,B,0.9683985114097595,2,1
B/B2834.jpg,B,B,0.9609039425849915,3,1
B/B2835.jpg,B,B,0.9625610709190369,2,1
B/B2841.jpg,B,B,0.9623537063598633,3,1
B/B2849.jpg,B,B,0.9648703336715698,3,1
B/B2853.jpg,B,B,0.9653319120407104,4,1
B/B2855.jpg,B,B,0.9669351577758789,4,1
B/B2864.jpg,B,B,0.9646892547607422,6,1
B/B2868.jpg,B,B,0.9604853391647339,4,1
B/B287.jpg,B,B,0.9571328163146973,5,1
B/B2873.jpg,B,B,0.9585043787956238,4,1
B/B2877.jpg,B,B,0.9624474048614502,1,1
B/B2881.jpg,B,B,0.9606190919876099,1,1
B/B2895.jpg,B,B,0.961911141872406,1,1
B/B2901.jpg,B,B,0.9635200500488281,1,1
B/B2902.jpg,B,B,0.9570335745811462,1,1
B/B2908.jpg,B,B,0.9655061364173889,2,1
B/B2914.jpg,B,B,0.961409866809845,1,1
B/B2915.jpg,B,B,0.9512524008750916,1,1
B/B2919.jpg,B,B,0.9564193487167358,1,1
B/B292.jpg,B,B,0.9594821929931641,5,1
B/B2926.jpg,B,B,0.9610210657119751,1,1
B/B2936.jpg,B,B,0.9564007520675659,1,1
B/B2939.jpg,B,B,0.961999773979187,1,1
B/B2943.jpg,B,B,0.9595428705215454,1,1
B/B2945.jpg,B,B,0.9574512839317322,1,1
B/B295.jpg,B,B,0.9617091417312622,5,1
B/B2954.jpg,B,B,0.9622114896774292,2,1
B/B2958.jpg,B,B,0.9602696299552917,3,1
B/B2961.jpg,B,B,0.9629659056663513,2,1
B/B2965.jpg,B,B,0.9607757329940796,1,1
B/B2968.jpg,B,B,0.9585368037223816,2,1
B/B2973.jpg,B,B,0.9568383097648621,1,1
B/B2982.jpg,B,B,0.9629231691360474,1,1
B/B2986.jpg,B,B,0.9654529094696045,1,1
B/B2987.jpg,B,B,0.9622083902359009,1,1
B/B299.jpg,B,B,0.9600487351417542,5,1
B/B2992.jpg,B,B,0.9605328440666199,3,1
B/B3.jpg,B,B,0.966966986656189,6,1
B/B300.jpg,B,B,0.9597005248069763,5,1
B/B304.jpg,B,B,0.9593296647071838,5,1
B/B308.jpg,B,B,0.9616919159889221,4,1
B/B31.jpg,B,B,0.9598491191864014,4,1
B/B310.jpg,B,B,0.9623900055885315,4,1
B/B318.jpg,B,B,0.9632112979888916,5,1
B/B322.jpg,B,B,0.9611061811447144,4,1
B/B324.jpg,B,B,0.9624375700950623,4,1
B/B326.jpg,B,B,0.9621993899345398,3,1
B/B330.jpg,B,B,0.9619894027709961,3,1
B/B331.jpg,B,B,0.9628373980522156,4,1
B/B335.jpg,B,B,0.962285578250885,3,1
B/B34.jpg,B,B,0.9605380296707153,3,1
B/B340.jpg,B,B,0.960056722164154,3,1
B/B345.jpg,B,B,0.9619365334510803,4,1
B/B347.jpg,B,B,0.960301399230957,4,1
B/B350.jpg,B,B,0.961503803730011,4,1
B/B358.jpg,B,B,0.9602389335632324,3,1
B/B360.jpg,B,B,0.9582749009132385,3,1
B/B361.jpg,B,B,0.9586213827133179,3,1
B/B376.jpg,B,B,0.9591167569160461,3,1
B/B377.jpg,B,B,0.958170473575592,3,1
B/B379.jpg,B,B,0.9608438611030579,4,1
B/B387.jpg,B,B,0.9592961072921753,3,1
B/B389.jpg,B,B,0.9595605731010437,3,1
B/B394.jpg,B,B,0.9596501588821411,3,1
B/B403.jpg,B,B,0.9580245018005371,4,1
B/B410.jpg,B,B,0.9584282636642456,4,1
B/B422.jpg,B,B,0.9593359231948853,3,1
B/B425.jpg,B,B,0.9599639177322388,3,1
B/B426.jpg,B,B,0.9600672721862793,3,1
B/B430.jpg,B,B,0.9579511880874634,3,1
B/B449.jpg,B,B,0.95856112241745,3,1
B/B450.jpg,B,B,0.9593032598495483,3,1
B/B456.jpg,B,B,0.95948725938797,3,1
B/B459.jpg,B,B,0.9594481587409973,4,1
B/B461.jpg,B,B,0.9592905044555664,3,1
B/B467.jpg,B,B,0.9596250057220459,3,1
B/B475.jpg,B,B,0.9583637714385986,4,1
B/B476.jpg,B,B,0.9581457376480103,3,1
B/B480.jpg,B,B,0.9584753513336182,3,1
B/B482.jpg,B,B,0.9584640860557556,3,1
B/B485.jpg,B,B,0.9594536423683167,4,1
B/B5.jpg,B,B,0.9647645950317383,4,1
B/B500.jpg,B,B,0.9601510167121887,3,1
B/B503.jpg,B,B,0.9599443674087524,3,1
B/B51.jpg,B,B,0.9658984541893005,4,1
B/B511.jpg,B,B,0.9601649641990662,5,1
B/B515.jpg,B,B,0.9576947093009949,3,1
B/B516.jpg,B,B,0.9557561874389648,4,1
B/B526.jpg,B,B,0.959176778793335,3,1
B/B527.jpg,B,B,0.9589737057685852,3,1
B/B53.jpg,B,B,0.9622822403907776,3,1
B/B534.jpg,B,B,0.9612220525741577,4,1
B/B539.jpg,B,B,0.9607119560241699,3,1
B/B540.jpg,B,B,0.9603617191314697,3,1
B/B541.jpg,B,B,0.9602334499359131,5,1
B/B547.jpg,B,B,0.963929295539856,3,1
B/B556.jpg,B,B,0.9635197520256042,3,1
B/B561.jpg,B,B,0.96090167760849,2,1
B/B564.jpg,B,B,0.9596920609474182,3,1
B/B575.jpg,B,B,0.9586228728294373,3,1
B/B576.jpg,B,B,0.9588299989700317,3,1
B/B597.jpg,B,B,0.9611152410507202,3,1
B/B601.jpg,B,B,0.958948016166687,5,1
B/B618.jpg,B,B,0.958102822303772,4,1
B/B62.jpg,B,B,0.9633823037147522,7,1
B/B624.jpg,B,B,0.9635329842567444,3,1
B/B627.jpg,B,B,0.9579854011535645,3,1
B/B628.jpg,B,B,0.9589654803276062,3,1
B/B63.jpg,B,B,0.963474452495575,6,1
B/B632.jpg,B,B,0.9578192830085754,2,1
B/B641.jpg,B,B,0.9586807489395142,3,1
B/B648.jpg,B,B,0.9615669250488281,3,1
B/B652.jpg,B,B,0.9631702303886414,2,1
B/B653.jpg,B,B,0.9629953503608704,2,1
B/B654.jpg,B,B,0.9611297845840454,2,1
B/B656.jpg,B,B,0.9593402147293091,3,1
B/B660.jpg,B,B,0.9618285894393921,3,1
B/B662.jpg,B,B,0.9609146118164062,2,1
B/B673.jpg,B,B,0.9634073972702026,5,1
B/B674.jpg,B,B,0.9637696743011475,5,1
B/B675.jpg,B,B,0.966735303401947,4,1
B/B676.jpg,B,B,0.9655101299285889,4,1
B/B68.jpg,B,B,0.964178204536438,8,1
B/B682.jpg,B,B,0.9675100445747375,3,1
B/B686.jpg,B,B,0.9682102799415588,3,1
B/B689.jpg,B,B,0.9677371382713318,3,1
B/B692.jpg,B,B,0.9634917378425598,4,1
B/B697.jpg,B,B,0.964065670967102,3,1
B/B701.jpg,B,B,0.9632595181465149,3,1
B/B704.jpg,B,B,0.9668409824371338,3,1
B/B709.jpg,B,B,0.963901698589325,3,1
B/B710.jpg,B,B,0.966995894908905,3,1
B/B713.jpg,B,B,0.9725701212882996,3,1
B/B718.jpg,B,B,0.9565771818161011,3,1
B/B720.jpg,B,B,0.9547474980354309,4,1
B/B723.jpg,B,B,0.9605844020843506,5,1
B/B73.jpg,B,B,0.9613951444625854,8,1
B/B731.jpg,B,B,0.9604071378707886,4,1
B/B744.jpg,B,B,0.958482027053833,4,1
B/B750.jpg,B,B,0.9541905522346497,3,1
B/B756.jpg,B,B,0.9552210569381714,3,1
B/B759.jpg,B,B,0.9585109353065491,3,1
B/B76.jpg,B,B,0.9599573016166687,6,1
B/B775.jpg,B,B,0.9572800993919373,4,1
B/B776.jpg,B,B,0.957255482673645,4,1
B/B784.jpg,B,B,0.957204282283783,3,1
B/B792.jpg,B,B,0.9536210894584656,5,1
B/B793.jpg,B,B,0.9555123448371887,5,1
B/B806.jpg,B,B,0.9644145369529724,3,1
B/B807.jpg,B,B,0.9608701467514038,1,1
B/B811.jpg,B,B,0.9631485939025879,4,1
B/B812.jpg,B,B,0.9643829464912415,4,1
B/B815.jpg,B,B,0.9669846296310425,4,1
B/B817.jpg,B,B,0.9683325886726379,4,1
B/B82.jpg,B,B,0.9584226012229919,5,1
B/B829.jpg,B,B,0.9648033380508423,3,1
B/B834.jpg,B,B,0.9580517411231995,4,1
B/B849.jpg,B,B,0.9599077701568604,5,1
B/B85.jpg,B,B,0.9583089351654053,4,1
B/B852.jpg,B,B,0.9617965817451477,5,1
B/B855.jpg,B,B,0.9604856371879578,7,1
B/B860.jpg,B,B,0.9591032862663269,7,1
B/B865.jpg,B,B,0.960304319858551,6,1
B/B869.jpg,B,B,0.9593839645385742,8,1
B/B875.jpg,B,B,0.960931122303009,7,1
B/B876.jpg,B,B,0.960425853729248,7,1
B/B881.jpg,B,B,0.9602271914482117,6,1
B/B882.jpg,B,B,0.9584197402000427,7,1
B/B889.jpg,B,B,0.9581784605979919,4,1
B/B894.jpg,B,B,0.95647794008255,5,1
B/B900.jpg,B,B,0.9583210945129395,5,1
B/B905.jpg,B,B,0.9564980268478394,7,1
B/B907.jpg,B,B,0.9624537229537964,5,1
B/B912.jpg,B,B,0.9632053971290588,4,1
B/B913.jpg,B,B,0.9603769183158875,3,1
B/B917.jpg,B,B,0.9634088277816772,3,1
B/B918.jpg,B,B,0.9620767831802368,3,1
B/B92.jpg,B,B,0.9628680944442749,4,1
B/B931.jpg,B,B,0.9627288579940796,2,1
B/B935.jpg,B,B,0.9624394774436951,3,1
B/B943.jpg,B,B,0.9638118743896484,2,1
B/B945.jpg,B,B,0.962675154209137,3,1
B/B948.jpg,B,B,0.9642432928085327,3,1
B/B952.jpg,B,B,0.9622182250022888,3,1
B/B953.jpg,B,B,0.9612882733345032,3,1
B/B955.jpg,B,B,0.961905300617218,3,1
B/B969.jpg,B,B,0.9621071219444275,5,1
B/B976.jpg,B,B,0.9623830318450928,6,1
B/B977.jpg,B,B,0.9618979096412659,5,1
B/B993.jpg,B,B,0.9534225463867188,5,1
B/B999.jpg,B,B,0.9562354683876038,4,1
C/C1.jpg,C,C,0.9790919423103333,2,1
C/C100.jpg,C,C,0.9824419617652893,4,1
C/C1001.jpg,C,C,0.9665130972862244,2,1
C/C1004.jpg,C,C,0.9671653509140015,3,1
C/C1007.jpg,C,C,0.9624601006507874,2,1
C/C1013.jpg,C,C,0.9737193584442139,4,1
C/C1016.jpg,C,C,0.9744745492935181,4,1
C/C1018.jpg,C,C,0.9736204743385315,2,1
C/C1020.jpg,C,C,0.9721930027008057,4,1
C/C1021.jpg,C,C,0.9747797846794128,3,1
C/C1023.jpg,C,C,0.9746894240379333,3,1
C/C1028.jpg,C,C,0.9729262590408325,4,1
C/C1032.jpg,C,C,0.9764620661735535,3,1
C/C1034.jpg,C,C,0.9740546345710754,5,1
C/C1040.jpg,C,C,0.9720913767814636,4,1
C/C1046.jpg,C,C,0.9789330959320068,4,1
C/C1047.jpg,C,C,0.978400707244873,4,1
C/C1051.jpg,C,C,0.980022132396698,2,1
C/C1054.jpg,C,C,0.9821768999099731,2,1
C/C1076.jpg,C,C,0.9813544750213623,3,1
C/C1081.jpg,C,C,0.9661498665809631,3,1
C/C1087.jpg,C,C,0.978198766708374,3,1
C/C1093.jpg,C,C,0.9771476984024048,3,1
C/C1094.jpg,C,C,0.9779366850852966,3,1
C/C1096.jpg,C,C,0.9784792065620422,5,1
C/C1103.jpg,C,C,0.9733807444572449,3,1
C/C1105.jpg,C,C,0.9726499915122986,4,1
C/C1109.jpg,C,C,0.9729418158531189,3,1
C/C1113.jpg,C,C,0.9723162651062012,3,1
C/C1130.jpg,C,C,0.9749529361724854,3,1
C/C1132.jpg,C,C,0.9745117425918579,3,1
C/C1134.jpg,C,C,0.970767617225647,3,1
C/C1135.jpg,C,C,0.9750803112983704,3,1
C/C1138.jpg,C,C,0.9754105806350708,3,1
C/C1160.jpg,C,C,0.9749853014945984,4,1
C/C1163.jpg,C,C,0.973476231098175,5,1
C/C1168.jpg,C,C,0.9731879830360413,5,1
C/C117.jpg,C,C,0.9803239107131958,4,1
C/C1170.jpg,C,C,0.9757941961288452,7,1
C/C1177.jpg,C,C,0.977886974811554,1,1
C/C1182.jpg,C,C,0.9833112955093384,2,1
C/C1192.jpg,C,C,0.9837396740913391,2,1
C/C1201.jpg,C,C,0.9766229391098022,3,1
C/C1203.jpg,C,C,0.9763258099555969,3,1
C/C1204.jpg,C,C,0.9759716391563416,3,1
C/C1212.jpg,C,C,0.9729399085044861,5,1
C/C1214.jpg,C,C,0.9723620414733887,3,1
C/C1226.jpg,C,C,0.9741756319999695,2,1
C/C1229.jpg,C,C,0.977035641670227,5,1
C/C1235.jpg,C,C,0.9802799224853516,3,1
C/C1239.jpg,C,C,0.9774616360664368,4,1
C/C124.jpg,C,C,0.9786059260368347,3,1
C/C1244.jpg,C,C,0.9775732755661011,5,1
C/C1250.jpg,C,C,0.9712511897087097,6,1
C/C1268.jpg,C,C,0.9767621159553528,5,1
C/C127.jpg,C,C,0.9800480008125305,3,1
C/C1270.jpg,C,C,0.9731742143630981,4,1
C/C1282.jpg,C,C,0.967499852180481,3,1
C/C1283.jpg,C,C,0.968197226524353,3,1
C/C1285.jpg,C,C,0.9646404385566711,3,1
C/C1287.jpg,C,C,0.9639880061149597,3,1
C/C1296.jpg,C,C,0.9730097651481628,3,1
C/C1311.jpg,C,C,0.9699273705482483,5,1
C/C132.jpg,C,C,0.9800295233726501,3,1
C/C1321.jpg,C,C,0.9631126523017883,5,1
C/C1329.jpg,C,C,0.9741592407226562,5,1
C/C1332.jpg,C,C,0.9752806425094604,4,1
C/C1333.jpg,C,C,0.9762987494468689,4,1
C/C1339.jpg,C,C,0.97655189037323,4,1
C/C1342.jpg,C,C,0.9829121828079224,4,1
C/C1343.jpg,C,C,0.9772152304649353,4,1
C/C1347.jpg,C,C,0.978674054145813,5,1
C/C1355.jpg,C,C,0.9778448343276978,4,1
C/C1358.jpg,C,C,0.9703961610794067,4,1
C/C136.jpg,C,C,0.983130156993866,3,1
C/C1364.jpg,C,C,0.9716581106185913,3,1
C/C1368.jpg,C,C,0.9700312614440918,3,1
C/C1370.jpg,C,C,0.9744463562965393,4,1
C/C1371.jpg,C,C,0.9693039059638977,5,1
C/C1373.jpg,C,C,0.9701558947563171,4,1
C/C1376.jpg,C,C,0.9635313749313354,3,1
C/C1380.jpg,C,C,0.9602952003479004,3,1
C/C1382.jpg,C,C,0.959047257900238,3,1
C/C1420.jpg,C,C,0.9818508625030518,2,1
C/C1421.jpg,C,C,0.9829471707344055,3,1
C/C1427.jpg,C,C,0.9736526012420654,3,1
C/C1429.jpg,C,C,0.9770876169204712,3,1
C/C143.jpg,C,C,0.9842780232429504,5,1
C/C1434.jpg,C,C,0.9785284996032715,4,1
C/C1445.jpg,C,C,0.972564697265625,1,1
C/C1449.jpg,C,C,0.9766814112663269,2,1
C/C145.jpg,C,C,0.981147050857544,4,1
C/C1450.jpg,C,C,0.9791101217269897,2,1
C/C1453.jpg,C,C,0.9776084423065186,4,1
C/C1456.jpg,C,C,0.9811878800392151,3,1
C/C1458.jpg,C,C,0.9745873808860779,4,1
C/C146.jpg,C,C,0.9807437062263489,3,1
C/C1461.jpg,C,C,0.9783049821853638,5,1
C/C1463.jpg,C,C,0.9799023866653442,5,1
C/C1468.jpg,C,C,0.9758827090263367,5,1
C/C1473.jpg,C,C,0.9779285192489624,5,1
C/C1480.jpg,C,C,0.975728452205658,3,1
C/C1489.jpg,C,C,0.9631866216659546,3,1
C/C1490.jpg,C,C,0.9702362418174744,3,1
C/C1498.jpg,C,C,0.9653429388999939,5,1
C/C150.jpg,C,C,0.9796521067619324,3,1
C/C1505.jpg,C,C,0.9717066884040833,4,1
C/C1506.jpg,C,C,0.9734864830970764,4,1
C/C151.jpg,C,C,0.9792321920394897,3,1
C/C1511.jpg,C,C,0.9727531671524048,5,1
C/C1515.jpg,C,C,0.9726082682609558,4,1
C/C1517.jpg,C,C,0.9688841700553894,4,1
C/C1518.jpg,C,C,0.9688385128974915,3,1
C/C1521.jpg,C,C,0.9719898700714111,3,1
C/C1524.jpg,C,C,0.968079149723053,4,1
C/C1525.jpg,C,C,0.9707152843475342,3,1
C/C1527.jpg,C,C,0.9707747101783752,3,1
C/C1534.jpg,C,C,0.9684407711029053,3,1
C/C1535.jpg,C,C,0.9715427160263062,3,1
C/C1549.jpg,C,C,0.9720110297203064,5,1
C/C1551.jpg,C,C,0.9725291728973389,5,1
C/C1552.jpg,C,C,0.9712907671928406,4,1
C/C1560.jpg,C,C,0.9687975645065308,5,1
C/C1568.jpg,C,C,0.9651345610618591,4,1
C/C1570.jpg,C,C,0.9664099812507629,2,1
C/C1572.jpg,C,C,0.9655559062957764,2,1
C/C1575.jpg,C,C,0.9652028679847717,3,1
C/C1578.jpg,C,C,0.9622443914413452,2,1
C/C158.jpg,C,C,0.9791962504386902,3,1
C/C1581.jpg,C,C,0.9667565822601318,3,1
C/C1583.jpg,C,C,0.9740095734596252,2,1
C/C1586.jpg,C,C,0.9716775417327881,3,1
C/C1587.jpg,C,C,0.9749618768692017,4,1
C/C1595.jpg,C,C,0.980194091796875,3,1
C/C1596.jpg,C,C,0.9806997179985046,3,1
C/C1597.jpg,C,C,0.979062557220459,3,1
C/C1608.jpg,C,C,0.9781020283699036,3,1
C/C1614.jpg,C,C,0.9719434976577759,3,1
C/C1635.jpg,C,C,0.9727664589881897,2,1
C/C1641.jpg,C,C,0.9688854217529297,4,1
C/C1643.jpg,C,C,0.970186173915863,2,1
C/C165.jpg,C,C,0.9769375324249268,3,1
C/C1657.jpg,C,C,0.9646409153938293,4,1
C/C1659.jpg,C,C,0.9643402695655823,4,1
C/C166.jpg,C,C,0.9777878522872925,3,1
C/C1674.jpg,C,C,0.9633163809776306,4,1
C/C1679.jpg,C,C,0.9596726298332214,3,1
C/C168.jpg,C,C,0.9791240096092224,3,1
C/C1681.jpg,C,C,0.9701074957847595,2,1
C/C1690.jpg,C,C,0.9755791425704956,2,1
C/C1703.jpg,C,C,0.972517728805542,2,1
C/C1707.jpg,C,C,0.973627507686615,2,1
C/C1708.jpg,C,C,0.970457911491394,2,1
C/C173.jpg,C,C,0.9776665568351746,3,1
C/C1734.jpg,C,C,0.9643434882164001,2,1
C/C1750.jpg,C,C,0.977042555809021,2,1
C/C1752.jpg,C,C,0.9752919673919678,2,1
C/C1753.jpg,C,C,0.9831509590148926,2,1
C/C1759.jpg,C,C,0.9785908460617065,2,1
C/C1766.jpg,C,C,0.9742746353149414,2,1
C/C1770.jpg,C,C,0.976042628288269,3,1
C/C1773.jpg,C,C,0.9730510711669922,3,1
C/C1778.jpg,C,C,0.9726758003234863,3,1
C/C1780.jpg,C,C,0.9715888500213623,3,1
C/C1781.jpg,C,C,0.9719849228858948,3,1
C/C1787.jpg,C,C,0.9686928391456604,3,1
C/C1790.jpg,C,C,0.9691461324691772,3,1
C/C1797.jpg,C,C,0.9749406576156616,2,1
C/C1799.jpg,C,C,0.9763361811637878,2,1
C/C1807.jpg,C,C,0.9771077632904053,2,1
C/C1810.jpg,C,C,0.9758491516113281,3,1
C/C1813.jpg,C,C,0.9726579785346985,2,1
C/C1815.jpg,C,C,0.9715219140052795,2,1
C/C1818.jpg,C,C,0.9691938161849976,1,1
C/C1826.jpg,C,C,0.9707814455032349,2,1
C/C1827.jpg,C,C,0.9677969217300415,2,1
C/C1829.jpg,C,C,0.9674117565155029,2,1
C/C1838.jpg,C,C,0.9686713814735413,1,1
C/C1843.jpg,C,C,0.9744172692298889,2,1
C/C1845.jpg,C,C,0.9757855534553528,3,1
C/C1849.jpg,C,C,0.9749205112457275,3,1
C/C185.jpg,C,C,0.9783383011817932,4,1
C/C1855.jpg,C,C,0.966009259223938,3,1
C/C1856.jpg,C,C,0.9633187055587769,4,1
C/C1858.jpg,C,C,0.9586053490638733,3,1
C/C1862.jpg,C,C,0.9657877087593079,4,1
C/C1865.jpg,C,C,0.9705742001533508,4,1
C/C1869.jpg,C,C,0.9734808206558228,4,1
C/C1873.jpg,C,C,0.9726870656013489,4,1
C/C1875.jpg,C,C,0.9693326950073242,4,1
C/C1878.jpg,C,C,0.9726832509040833,4,1
C/C188.jpg,C,C,0.9792746901512146,7,1
C/C1880.jpg,C,C,0.9746842384338379,3,1
C/C1884.jpg,C,C,0.9742615222930908,4,1
C/C1886.jpg,C,C,0.9740773439407349,3,1
C/C1890.jpg,C,C,0.9716665148735046,4,1
C/C1891.jpg,C,C,0.9729899764060974,4,1
C/C1893.jpg,C,C,0.9754469990730286,5,1
C/C1897.jpg,C,C,0.9749302268028259,4,1
C/C1899.jpg,C,C,0.9755076766014099,5,1
C/C1901.jpg,C,C,0.9756423234939575,4,1
C/C1902.jpg,C,C,0.975969135761261,5,1
C/C1903.jpg,C,C,0.9733047485351562,4,1
C/C191.jpg,C,C,0.9748451709747314,6,1
C/C1914.jpg,C,C,0.9695805311203003,3,1
C/C1917.jpg,C,C,0.9719901084899902,3,1
C/C1936.jpg,C,C,0.9770581722259521,3,1
C/C1938.jpg,C,C,0.9793882369995117,3,1
C/C194.jpg,C,C,0.9766368269920349,3,1
C/C1944.jpg,C,C,0.974572479724884,2,1
C/C195.jpg,C,C,0.974656343460083,3,1
C/C1952.jpg,C,C,0.9747592210769653,2,1
C/C1967.jpg,C,C,0.9696502089500427,2,1
C/C1978.jpg,C,C,0.9749423861503601,3,1
C/C1982.jpg,C,C,0.9844586849212646,2,1
C/C1988.jpg,C,C,0.9771767258644104,3,1
C/C1995.jpg,C,C,0.9741696715354919,4,1
C/C2009.jpg,C,C,0.9796895980834961,4,1
C/C2010.jpg,C,C,0.979318380355835,4,1
C/C2024.jpg,C,C,0.976952075958252,3,1
C/C2027.jpg,C,C,0.9826894998550415,3,1
C/C2031.jpg,C,C,0.983583390712738,3,1
C/C2036.jpg,C,C,0.9827377200126648,3,1
C/C2037.jpg,C,C,0.9822652339935303,2,1
C/C2046.jpg,C,C,0.9861845374107361,3,1
C/C2053.jpg,C,C,0.983020007610321,2,1
C/C2055.jpg,C,C,0.9849336743354797,3,1
C/C2064.jpg,C,C,0.9810410141944885,3,1
C/C2069.jpg,C,C,0.975142776966095,4,1
C/C2081.jpg,C,C,0.9751156568527222,6,1
C/C2087.jpg,C,C,0.9776845574378967,4,1
C/C2088.jpg,C,C,0.9765731692314148,4,1
C/C209.jpg,C,C,0.9816784262657166,2,1
C/C2093.jpg,C,C,0.9774313569068909,4,1
C/C2095.jpg,C,C,0.9799951910972595,4,1
C/C2099.jpg,C,C,0.9807259440422058,5,1
C/C210.jpg,C,C,0.9831854701042175,2,1
C/C2101.jpg,C,C,0.977269172668457,3,1
C/C2105.jpg,C,C,0.9796013832092285,5,1
C/C2115.jpg,C,C,0.9790571928024292,2,1
C/C2116.jpg,C,C,0.9759248495101929,3,1
C/C2122.jpg,C,C,0.9784109592437744,2,1
C/C2130.jpg,C,C,0.9777300357818604,2,1
C/C2131.jpg,C,C,0.9754472970962524,3,1
C/C2135.jpg,C,C,0.9800543785095215,5,1
C/C2137.jpg,C,C,0.9732280969619751,3,1
C/C214.jpg,C,C,0.9786695241928101,3,1
C/C2143.jpg,C,C,0.9831924438476562,2,1
C/C2144.jpg,C,C,0.9821260571479797,4,1
C/C2151.jpg,C,C,0.9806905388832092,3,1
C/C2158.jpg,C,C,0.981217622756958,3,1
C/C216.jpg,C,C,0.9760490655899048,3,1
C/C2163.jpg,C,C,0.9763606786727905,1,1
C/C2178.jpg,C,C,0.9813570976257324,2,1
C/C2180.jpg,C,C,0.9828181266784668,3,1
C/C2185.jpg,C,C,0.9808452129364014,3,1
C/C2186.jpg,C,C,0.9834454655647278,1,1
C/C219.jpg,C,C,0.9822575449943542,3,1
C/C2190.jpg,C,C,0.9832738637924194,2,1
C/C2192.jpg,C,C,0.982413649559021,1,1
C/C22.jpg,C,C,0.9794530868530273,1,1
C/C2202.jpg,C,C,0.9765596389770508,3,1
C/C2203.jpg,C,C,0.9772049784660339,3,1
C/C2213.jpg,C,C,0.9799038767814636,1,1
C/C2216.jpg,C,C,0.9818494915962219,1,1
C/C2221.jpg,C,C,0.9829502105712891,4,1
C/C2223.jpg,C,C,0.9781940579414368,2,1
C/C2225.jpg,C,C,0.9799652099609375,3,1
C/C2226.jpg,C,C,0.979734480381012,2,1
C/C224.jpg,C,C,0.9809906482696533,2,1
C/C2252.jpg,C,C,0.9738277792930603,4,1
C/C2256.jpg,C,C,0.970113217830658,4,1
C/C2260.jpg,C,C,0.9707595705986023,3,1
C/C2268.jpg,C,C,0.9729942679405212,3,1
C/C2269.jpg,C,C,0.9760285019874573,3,1
C/C227.jpg,C,C,0.9813651442527771,3,1
C/C2280.jpg,C,C,0.9787495732307434,4,1
C/C2291.jpg,C,C,0.9778720736503601,4,1
C/C2296.jpg,C,C,0.9728702902793884,4,1
C/C2298.jpg,C,C,0.9732868075370789,4,1
C/C2300.jpg,C,C,0.9733783602714539,3,1
C/C2301.jpg,C,C,0.9751756191253662,3,1
C/C2303.jpg,C,C,0.9786106944084167,4,1
C/C2306.jpg,C,C,0.9776754379272461,3,1
C/C2320.jpg,C,C,0.9795794486999512,4,1
C/C2322.jpg,C,C,0.9706748723983765,6,1
C/C2324.jpg,C,C,0.959830641746521,6,1
C/C2344.jpg,C,C,0.9026561975479126,3,1
C/C2353.jpg,C,C,0.8528361320495605,3,1
C/C2362.jpg,C,C,0.7825713157653809,3,1
C/C2364.jpg,C,C,0.8600777983665466,2,1
C/C2370.jpg,C,C,0.9461357593536377,3,1
C/C2378.jpg,C,C,0.9802349805831909,3,1
C/C2380.jpg,C,C,0.9830428957939148,2,1
C/C2390.jpg,C,C,0.9860716462135315,3,1
C/C2394.jpg,C,C,0.9838167428970337,3,1
C/C2407.jpg,C,C,0.9832219481468201,3,1
C/C2409.jpg,C,C,0.9807782173156738,3,1
C/C241.jpg,C,C,0.9838802218437195,2,1
C/C2410.jpg,C,C,0.9830501675605774,2,1
C/C2422.jpg,C,C,0.9809660911560059,3,1
C/C2425.jpg,C,C,0.9763724207878113,3,1
C/C2426.jpg,C,C,0.9777666330337524,3,1
C/C2427.jpg,C,C,0.9781704545021057,3,1
C/C2428.jpg,C,C,0.9799885749816895,3,1
C/C244.jpg,C,C,0.9848509430885315,2,1
C/C2443.jpg,C,C,0.9844439029693604,2,1
C/C2444.jpg,C,C,0.9845923781394958,2,1
C/C2449.jpg,C,C,0.9800198078155518,2,1
C/C2450.jpg,C,C,0.9812705516815186,2,1
C/C2451.jpg,C,C,0.9798654913902283,1,1
C/C2467.jpg,C,C,0.9802784323692322,1,1
C/C2469.jpg,C,C,0.9779021739959717,1,1
C/C2474.jpg,C,C,0.9822840094566345,2,1
C/C2475.jpg,C,C,0.9805339574813843,2,1
C/C248.jpg,C,C,0.9792983531951904,2,1
C/C2480.jpg,C,C,0.9831316471099854,2,1
C/C2481.jpg,C,C,0.9809999465942383,3,1
C/C2485.jpg,C,C,0.9808915257453918,2,1
C/C2488.jpg,C,C,0.9837750792503357,3,1
C/C2489.jpg,C,C,0.9799061417579651,2,1
C/C249.jpg,C,C,0.9770640730857849,2,1
C/C2490.jpg,C,C,0.9824748635292053,2,1
C/C2497.jpg,C,C,0.9828647375106812,3,1
C/C25.jpg,C,C,0.9781426191329956,2,1
C/C2513.jpg,C,C,0.973399817943573,2,1
C/C2514.jpg,C,C,0.9740445613861084,2,1
C/C2516.jpg,C,C,0.9727684855461121,2,1
C/C2523.jpg,C,C,0.9773255586624146,3,1
C/C2527.jpg,C,C,0.9781256318092346,2,1
C/C2529.jpg,C,C,0.9797731637954712,2,1
C/C2532.jpg,C,C,0.9788976907730103,2,1
C/C2533.jpg,C,C,0.9804062843322754,2,1
C/C2538.jpg,C,C,0.979669451713562,2,1
C/C254.jpg,C,C,0.9729219675064087,2,1
C/C2540.jpg,C,C,0.9786954522132874,3,1
C/C2558.jpg,C,C,0.9732626080513,1,1
C/C2560.jpg,C,C,0.9729222655296326,1,1
C/C2568.jpg,C,C,0.9707043766975403,1,1
C/C2580.jpg,C,C,0.9848235845565796,2,1
C/C2585.jpg,C,C,0.9840861558914185,2,1
C/C2588.jpg,C,C,0.9830775856971741,3,1
C/C2589.jpg,C,C,0.9816030859947205,1,1
C/C2590.jpg,C,C,0.9819822311401367,2,1
C/C2591.jpg,C,C,0.9812927842140198,2,1
C/C2598.jpg,C,C,0.9771081209182739,2,1
C/C260.jpg,C,C,0.9756946563720703,2,1
C/C2603.jpg,C,C,0.973701536655426,2,1
C/C2604.jpg,C,C,0.9753099679946899,2,1
C/C2608.jpg,C,C,0.9759662747383118,2,1
C/C2616.jpg,C,C,0.9769617915153503,1,1
C/C2617.jpg,C,C,0.9766536355018616,1,1
C/C2627.jpg,C,C,0.9777166247367859,1,1
C/C2631.jpg,C,C,0.9767162799835205,2,1
C/C2635.jpg,C,C,0.9756320118904114,2,1
C/C2640.jpg,C,C,0.9709251523017883,2,1
C/C2645.jpg,C,C,0.9712331891059875,2,1
C/C265.jpg,C,C,0.9746276140213013,2,1
C/C2651.jpg,C,C,0.9804408550262451,2,1
C/C2655.jpg,C,C,0.9865907430648804,3,1
C/C266.jpg,C,C,0.9747933745384216,3,1
C/C2675.jpg,C,C,0.9889712929725647,4,1
C/C2682.jpg,C,C,0.9862798452377319,2,1
C/C2691.jpg,C,C,0.9854694604873657,3,1
C/C2700.jpg,C,C,0.9890432357788086,4,1
C/C2706.jpg,C,C,0.9894519448280334,3,1
C/C2707.jpg,C,C,0.9899170994758606,3,1
C/C2709.jpg,C,C,0.989620566368103,3,1
C/C271.jpg,C,C,0.976570188999176,1,1
C/C2717.jpg,C,C,0.9886581301689148,3,1
C/C2718.jpg,C,C,0.9879122376441956,3,1
C/C2719.jpg,C,C,0.9879835844039917,3,1
C/C2726.jpg,C,C,0.9842476844787598,1,1
C/C2727.jpg,C,C,0.9833269715309143,1,1
C/C2730.jpg,C,C,0.9766365885734558,1,1
C/C2736.jpg,C,C,0.9727592468261719,2,1
C/C2739.jpg,C,C,0.9750853776931763,3,1
C/C2747.jpg,C,C,0.9583259224891663,3,1
C/C2751.jpg,C,C,0.9753528237342834,2,1
C/C2755.jpg,C,C,0.9769597053527832,3,1
C/C2761.jpg,C,C,0.9781085252761841,2,1
C/C2766.jpg,C,C,0.9768860936164856,2,1
C/C2785.jpg,C,C,0.9755634665489197,2,1
C/C2791.jpg,C,C,0.9741713404655457,2,1
C/C2795.jpg,C,C,0.9763386845588684,2,1
C/C2798.jpg,C,C,0.9735891819000244,2,1
C/C2800.jpg,C,C,0.9750186204910278,2,1
C/C2802.jpg,C,C,0.9787227511405945,2,1
C/C281.jpg,C,C,0.9778006076812744,2,1
C/C2810.jpg,C,C,0.9757722616195679,2,1
C/C2817.jpg,C,C,0.9776095151901245,3,1
C/C282.jpg,C,C,0.9749253988265991,2,1
C/C2820.jpg,C,C,0.9789941310882568,3,1
C/C2821.jpg,C,C,0.9803180694580078,2,1
C/C2824.jpg,C,C,0.9791754484176636,2,1
C/C2826.jpg,C,C,0.9771968722343445,2,1
C/C2830.jpg,C,C,0.9800936579704285,2,1
C/C2831.jpg,C,C,0.9792168736457825,2,1
C/C2832.jpg,C,C,0.979006826877594,2,1
C/C2833.jpg,C,C,0.9801534414291382,2,1
C/C2835.jpg,C,C,0.9810555577278137,2,1
C/C2845.jpg,C,C,0.9868167042732239,3,1
C/C285.jpg,C,C,0.9775561690330505,2,1
C/C2850.jpg,C,C,0.9798438549041748,3,1
C/C2851.jpg,C,C,0.976611316204071,2,1
C/C2857.jpg,C,C,0.9778051376342773,1,1
C/C2858.jpg,C,C,0.9752439856529236,1,1
C/C2861.jpg,C,C,0.9756789803504944,2,1
C/C2862.jpg,C,C,0.9810312390327454,1,1
C/C2865.jpg,C,C,0.9765830039978027,1,1
C/C2868.jpg,C,C,0.9802566170692444,2,1
C/C2871.jpg,C,C,0.9823421835899353,3,1
C/C2873.jpg,C,C,0.9808761477470398,2,1
C/C2876.jpg,C,C,0.9762430787086487,1,1
C/C2877.jpg,C,C,0.9785953164100647,1,1
C/C2879.jpg,C,C,0.973762571811676,1,1
C/C2885.jpg,C,C,0.9737963676452637,1,1
C/C2890.jpg,C,C,0.9754701256752014,1,1
C/C2893.jpg,C,C,0.9779565334320068,1,1
C/C2898.jpg,C,C,0.9766789674758911,1,1
C/C29.jpg,C,C,0.9808982014656067,3,1
C/C2901.jpg,C,C,0.9784802198410034,1,1
C/C2902.jpg,C,C,0.9775223731994629,1,1
C/C2903.jpg,C,C,0.9794946908950806,1,1
C/C2907.jpg,C,C,0.9777783751487732,1,1
C/C2915.jpg,C,C,0.977822482585907,1,1
C/C2918.jpg,C,C,0.972968578338623,1,1
C/C2935.jpg,C,C,0.9793740510940552,1,1
C/C2943.jpg,C,C,0.9801970720291138,3,1
C/C2945.jpg,C,C,0.9797713160514832,1,1
C/C2955.jpg,C,C,0.9779773950576782,1,1
C/C2957.jpg,C,C,0.9783859848976135,1,1
C/C2972.jpg,C,C,0.9801260828971863,3,1
C/C2974.jpg,C,C,0.9826211333274841,3,1
C/C298.jpg,C,C,0.9767588376998901,3,1
C/C2984.jpg,C,C,0.9774385094642639,2,1
C/C2985.jpg,C,C,0.9775604009628296,1,1
C/C2986.jpg,C,C,0.9772840738296509,1,1
C/C299.jpg,C,C,0.9769371747970581,3,1
C/C2997.jpg,C,C,0.9762496948242188,1,1
C/C301.jpg,C,C,0.9777155518531799,3,1
C/C304.jpg,C,C,0.9766550064086914,3,1
C/C305.jpg,C,C,0.9769284129142761,3,1
C/C312.jpg,C,C,0.9791406989097595,3,1
C/C316.jpg,C,C,0.9868050813674927,2,1
C/C320.jpg,C,C,0.986933708190918,2,1
C/C330.jpg,C,C,0.9866742491722107,3,1
C/C333.jpg,C,C,0.9871739149093628,2,1
C/C337.jpg,C,C,0.9865562915802002,2,1
C/C349.jpg,C,C,0.9814620018005371,3,1
C/C351.jpg,C,C,0.9787309169769287,3,1
C/C356.jpg,C,C,0.9749383926391602,3,1
C/C36.jpg,C,C,0.9819406270980835,4,1
C/C361.jpg,C,C,0.9705213308334351,2,1
C/C363.jpg,C,C,0.9715684056282043,2,1
C/C367.jpg,C,C,0.9764629006385803,3,1
C/C371.jpg,C,C,0.9774503707885742,3,1
C/C377.jpg,C,C,0.9755817651748657,2,1
C/C38.jpg,C,C,0.9817785024642944,4,1
C/C381.jpg,C,C,0.9752255082130432,3,1
C/C383.jpg,C,C,0.9777480363845825,3,1
C/C384.jpg,C,C,0.977519154548645,2,1
C/C386.jpg,C,C,0.9808964729309082,2,1
C/C400.jpg,C,C,0.9826239943504333,2,1
C/C402.jpg,C,C,0.9827690720558167,2,1
C/C405.jpg,C,C,0.986190915107727,2,1
C/C407.jpg,C,C,0.9853758215904236,2,1
C/C409.jpg,C,C,0.9851329326629639,3,1
C/C416.jpg,C,C,0.9854055643081665,2,1
C/C418.jpg,C,C,0.9862274527549744,3,1
C/C419.jpg,C,C,0.9889212846755981,3,1
C/C421.jpg,C,C,0.9891181588172913,3,1
C/C422.jpg,C,C,0.9891983866691589,3,1
C/C423.jpg,C,C,0.9891316890716553,3,1
C/C439.jpg,C,C,0.9792424440383911,3,1
C/C441.jpg,C,C,0.9771430492401123,3,1
C/C443.jpg,C,C,0.9786378741264343,3,1
C/C462.jpg,C,C,0.9808449745178223,3,1
C/C464.jpg,C,C,0.9795204401016235,3,1
C/C469.jpg,C,C,0.9786338806152344,2,1
C/C478.jpg,C,C,0.976395845413208,3,1
C/C485.jpg,C,C,0.9768882989883423,3,1
C/C486.jpg,C,C,0.9761550426483154,3,1
C/C487.jpg,C,C,0.9760346412658691,3,1
C/C497.jpg,C,C,0.976337194442749,3,1
C/C498.jpg,C,C,0.9777308702468872,3,1
C/C509.jpg,C,C,0.977605402469635,1,1
C/C51.jpg,C,C,0.9835976958274841,3,1
C/C517.jpg,C,C,0.9778937101364136,1,1
C/C521.jpg,C,C,0.9766374826431274,1,1
C/C526.jpg,C,C,0.9785319566726685,3,1
C/C533.jpg,C,C,0.9822477698326111,3,1
C/C547.jpg,C,C,0.9871482253074646,3,1
C/C548.jpg,C,C,0.9876223206520081,3,1
C/C56.jpg,C,C,0.9800169467926025,3,1
C/C561.jpg,C,C,0.981490969657898,3,1
C/C566.jpg,C,C,0.9780138731002808,3,1
C/C567.jpg,C,C,0.9771687984466553,3,1
C/C570.jpg,C,C,0.9803594946861267,3,1
C/C572.jpg,C,C,0.9787641763687134,3,1
C/C577.jpg,C,C,0.9800704121589661,3,1
C/C589.jpg,C,C,0.9785782694816589,3,1
C/C593.jpg,C,C,0.9840440154075623,3,1
C/C597.jpg,C,C,0.9818155169487,3,1
C/C60.jpg,C,C,0.98042231798172,3,1
C/C603.jpg,C,C,0.9819127321243286,3,1
C/C604.jpg,C,C,0.97877436876297,3,1
C/C607.jpg,C,C,0.9797322750091553,3,1
C/C61.jpg,C,C,0.9813624620437622,4,1
C/C626.jpg,C,C,0.9786778688430786,3,1
C/C64.jpg,C,C,0.9827028512954712,3,1
C/C649.jpg,C,C,0.981676459312439,2,1
C/C653.jpg,C,C,0.9762328863143921,3,1
C/C661.jpg,C,C,0.980863094329834,2,1
C/C666.jpg,C,C,0.9813517928123474,2,1
C/C668.jpg,C,C,0.9820761680603027,2,1
C/C670.jpg,C,C,0.9773039221763611,3,1
C/C671.jpg,C,C,0.9783074855804443,2,1
C/C673.jpg,C,C,0.978450357913971,3,1
C/C68.jpg,C,C,0.9828207492828369,4,1
C/C681.jpg,C,C,0.9762442111968994,2,1
C/C688.jpg,C,C,0.9738839864730835,2,1
C/C703.jpg,C,C,0.9778155088424683,1,1
C/C708.jpg,C,C,0.976353645324707,2,1
C/C718.jpg,C,C,0.975797712802887,4,1
C/C723.jpg,C,C,0.9764012694358826,4,1
C/C726.jpg,C,C,0.974787175655365,4,1
C/C731.jpg,C,C,0.9736074805259705,4,1
C/C753.jpg,C,C,0.9798585176467896,4,1
C/C754.jpg,C,C,0.9774121046066284,5,1
C/C758.jpg,C,C,0.9773129224777222,5,1
C/C759.jpg,C,C,0.9763815999031067,5,1
C/C760.jpg,C,C,0.977117657661438,3,1
C/C762.jpg,C,C,0.9756367802619934,3,1
C/C764.jpg,C,C,0.9770702123641968,3,1
C/C767.jpg,C,C,0.9775323867797852,4,1
C/C777.jpg,C,C,0.9773958325386047,3,1
C/C778.jpg,C,C,0.9780248403549194,3,1
C/C779.jpg,C,C,0.9788403511047363,2,1
C/C780.jpg,C,C,0.9793041944503784,3,1
C/C789.jpg,C,C,0.973379373550415,2,1
C/C79.jpg,C,C,0.9840113520622253,3,1
C/C795.jpg,C,C,0.9686105251312256,2,1
C/C797.jpg,C,C,0.9711856245994568,2,1
C/C802.jpg,C,C,0.9761168956756592,1,1
C/C803.jpg,C,C,0.9760575890541077,1,1
C/C804.jpg,C,C,0.976926863193512,1,1
C/C808.jpg,C,C,0.9770713448524475,1,1
C/C810.jpg,C,C,0.9776181578636169,1,1
C/C816.jpg,C,C,0.9734660387039185,2,1
C/C82.jpg,C,C,0.9836951494216919,3,1
C/C820.jpg,C,C,0.9742408394813538,2,1
C/C822.jpg,C,C,0.9744893312454224,3,1
C/C838.jpg,C,C,0.9822607636451721,3,1
C/C843.jpg,C,C,0.9781925678253174,4,1
C/C848.jpg,C,C,0.9747862815856934,4,1
C/C855.jpg,C,C,0.978140115737915,3,1
C/C866.jpg,C,C,0.9768986105918884,2,1
C/C871.jpg,C,C,0.9781118631362915,3,1
C/C872.jpg,C,C,0.9800230264663696,3,1
C/C879.jpg,C,C,0.9768850803375244,4,1
C/C88.jpg,C,C,0.9834233522415161,4,1
C/C881.jpg,C,C,0.9791760444641113,4,1
C/C883.jpg,C,C,0.9787096977233887,4,1
C/C89.jpg,C,C,0.983146607875824,3,1
C/C890.jpg,C,C,0.9769567847251892,3,1
C/C893.jpg,C,C,0.9769703149795532,3,1
C/C896.jpg,C,C,0.9728480577468872,3,1
C/C897.jpg,C,C,0.9724301099777222,3,1
C/C90.jpg,C,C,0.9813709855079651,4,1
C/C903.jpg,C,C,0.9762935638427734,3,1
C/C907.jpg,C,C,0.9803697466850281,3,1
C/C909.jpg,C,C,0.9776557683944702,3,1
C/C914.jpg,C,C,0.9741864204406738,3,1
C/C915.jpg,C,C,0.9766069054603577,3,1
C/C916.jpg,C,C,0.9775193929672241,4,1
C/C921.jpg,C,C,0.9757382273674011,2,1
C/C926.jpg,C,C,0.9747037887573242,4,1
C/C929.jpg,C,C,0.9766479730606079,3,1
C/C932.jpg,C,C,0.9755043983459473,2,1
C/C933.jpg,C,C,0.9766819477081299,2,1
C/C934.jpg,C,C,0.9790682792663574,2,1
C/C937.jpg,C,C,0.9791823029518127,3,1
C/C94.jpg,C,C,0.9828104972839355,4,1
C/C940.jpg,C,C,0.9823480844497681,1,1
C/C946.jpg,C,C,0.9734931588172913,2,1
C/C95.jpg,C,C,0.9827491044998169,4,1
C/C958.jpg,C,C,0.9769744873046875,3,1
C/C959.jpg,C,C,0.9777422547340393,3,1
C/C96.jpg,C,C,0.9826360940933228,4,1
C/C960.jpg,C,C,0.9760344624519348,3,1
C/C962.jpg,C,C,0.9749622941017151,3,1
C/C964.jpg,C,C,0.9720911383628845,3,1
C/C975.jpg,C,C,0.9789422750473022,3,1
C/C983.jpg,C,C,0.979272186756134,4,1
C/C987.jpg,C,C,0.9766355752944946,3,1
C/C990.jpg,C,C,0.9790016412734985,3,1
C/C991.jpg,C,C,0.9783676266670227,4,1
C/C993.jpg,C,C,0.979610800743103,3,1
C/C997.jpg,C,C,0.9784399271011353,3,1
D/D1007.jpg,D,D,0.9462937116622925,5,1
D/D101.jpg,D,D,0.9810361862182617,6,1
D/D1015.jpg,D,D,0.9753448963165283,4,1
D/D102.jpg,D,D,0.9806562662124634,6,1
D/D103.jpg,D,D,0.9814918637275696,7,1
D/D1047.jpg,D,D,0.9784260392189026,4,1
D/D1065.jpg,D,D,0.9623746871948242,3,1
D/D1074.jpg,D,D,0.9538359045982361,3,1
D/D1079.jpg,D,D,0.9641739130020142,2,1
D/D108.jpg,D,D,0.979824960231781,6,1
D/D1080.jpg,D,D,0.9772462844848633,3,1
D/D109.jpg,D,D,0.9778412580490112,6,1
D/D1096.jpg,D,D,0.9850453734397888,2,1
D/D11.jpg,D,D,0.9880834221839905,3,1
D/D1106.jpg,D,D,0.9869281649589539,2,1
D/D1112.jpg,D,D,0.9861508011817932,3,1
D/D1113.jpg,D,D,0.9853953123092651,3,1
D/D1114.jpg,D,D,0.9839863777160645,3,1
D/D1116.jpg,D,D,0.9817072749137878,3,1
D/D1121.jpg,D,D,0.9858807325363159,3,1
D/D1122.jpg,D,D,0.9811197519302368,3,1
D/D1125.jpg,D,D,0.9759576916694641,3,1
D/D1131.jpg,D,D,0.9755281805992126,3,1
D/D1137.jpg,D,D,0.9741343855857849,3,1
D/D1149.jpg,D,D,0.9870627522468567,4,1
D/D1150.jpg,D,D,0.9855834245681763,5,1
D/D1151.jpg,D,D,0.9860224723815918,2,1
D/D1154.jpg,D,D,0.9831848740577698,3,1
D/D1156.jpg,D,D,0.984161376953125,4,1
D/D1159.jpg,D,D,0.9843791127204895,5,1
D/D116.jpg,D,D,0.9767119884490967,5,1
D/D1162.jpg,D,D,0.9829248785972595,4,1
D/D1163.jpg,D,D,0.9845134615898132,5,1
D/D1168.jpg,D,D,0.9846222996711731,4,1
D/D1169.jpg,D,D,0.9851366281509399,5,1
D/D1185.jpg,D,D,0.9845553040504456,5,1
D/D1186.jpg,D,D,0.9811404943466187,4,1
D/D1192.jpg,D,D,0.9844492077827454,4,1
D/D1198.jpg,D,D,0.9853928685188293,2,1
D/D1207.jpg,D,D,0.9849317073822021,3,1
D/D1208.jpg,D,D,0.9835205674171448,3,1
D/D1209.jpg,D,D,0.9850782155990601,3,1
D/D1213.jpg,D,D,0.986242413520813,3,1
D/D1222.jpg,D,D,0.9800365567207336,5,1
D/D1228.jpg,D,D,0.979600727558136,4,1
D/D1234.jpg,D,D,0.9833563566207886,4,1
D/D1245.jpg,D,D,0.9816152453422546,5,1
D/D1247.jpg,D,D,0.9790706634521484,5,1
D/D1252.jpg,D,D,0.9806667566299438,4,1
D/D1253.jpg,D,D,0.9778882265090942,5,1
D/D1259.jpg,D,D,0.9842536449432373,3,1
D/D1269.jpg,D,D,0.9725083708763123,3,1
D/D1277.jpg,D,D,0.9808610081672668,4,1
D/D1279.jpg,D,D,0.9770857095718384,4,1
D/D1281.jpg,D,D,0.9751079678535461,5,1
D/D1285.jpg,D,D,0.9737667441368103,5,1
D/D1295.jpg,D,D,0.9841236472129822,4,1
D/D1305.jpg,D,D,0.9828792214393616,3,1
D/D1307.jpg,D,D,0.9858805537223816,3,1
D/D1310.jpg,D,D,0.9840318560600281,3,1
D/D1317.jpg,D,D,0.9846739768981934,3,1
D/D1318.jpg,D,D,0.986099362373352,3,1
D/D132.jpg,D,D,0.9774380326271057,5,1
D/D1323.jpg,D,D,0.9823538064956665,2,1
D/D1325.jpg,D,D,0.9874337315559387,3,1
D/D134.jpg,D,D,0.9751927256584167,4,1
D/D1344.jpg,D,D,0.9830887913703918,6,1
D/D1345.jpg,D,D,0.9845282435417175,4,1
D/D1354.jpg,D,D,0.9817532300949097,3,1
D/D1355.jpg,D,D,0.9822316765785217,3,1
D/D1362.jpg,D,D,0.9813288450241089,3,1
D/D1364.jpg,D,D,0.982839047908783,4,1
D/D1371.jpg,D,D,0.9818376898765564,5,1
D/D1377.jpg,D,D,0.9786938428878784,4,1
D/D1379.jpg,D,D,0.9763447046279907,4,1
D/D1383.jpg,D,D,0.981204628944397,5,1
D/D1389.jpg,D,D,0.9769881963729858,5,1
D/D1392.jpg,D,D,0.9769022464752197,5,1
D/D14.jpg,D,D,0.9889937043190002,4,1
D/D140.jpg,D,D,0.9770691990852356,3,1
D/D1401.jpg,D,D,0.9767352938652039,5,1
D/D1406.jpg,D,D,0.9818045496940613,5,1
D/D1411.jpg,D,D,0.9788292646408081,3,1
D/D1420.jpg,D,D,0.9527882933616638,3,1
D/D1422.jpg,D,D,0.9631831645965576,3,1
D/D1424.jpg,D,D,0.9517752528190613,3,1
D/D143.jpg,D,D,0.9806287288665771,3,1
D/D1433.jpg,D,D,0.9814943075180054,3,1
D/D144.jpg,D,D,0.9791350960731506,3,1
D/D1442.jpg,D,C,0.7879495024681091,4,0
D/D1444.jpg,D,D,0.8511124849319458,4,1
D/D145.jpg,D,D,0.9804095029830933,4,1
D/D1459.jpg,D,D,0.9023370742797852,4,1
D/D1460.jpg,D,D,0.9202886819839478,3,1
D/D1464.jpg,D,D,0.8006323575973511,3,1
D/D1468.jpg,D,D,0.9645982980728149,2,1
D/D1469.jpg,D,D,0.975756049156189,3,1
D/D147.jpg,D,D,0.9823194146156311,4,1
D/D1471.jpg,D,D,0.9262692332267761,4,1
D/D1477.jpg,D,D,0.9788747429847717,3,1
D/D1483.jpg,D,D,0.9838158488273621,4,1
D/D1497.jpg,D,D,0.9848735332489014,3,1
D/D1498.jpg,D,D,0.9847291111946106,4,1
D/D1502.jpg,D,D,0.977220892906189,3,1
D/D1503.jpg,D,D,0.9775835275650024,2,1
D/D1510.jpg,D,D,0.9732032418251038,3,1
D/D1517.jpg,D,D,0.973768413066864,3,1
D/D152.jpg,D,D,0.9829190969467163,4,1
D/D1529.jpg,D,D,0.9859471321105957,3,1
D/D1539.jpg,D,D,0.9836108684539795,2,1
D/D154.jpg,D,D,0.9807050824165344,2,1
D/D1546.jpg,D,D,0.9819819331169128,4,1
D/D1553.jpg,D,D,0.975407600402832,4,1
D/D156.jpg,D,D,0.9827519059181213,2,1
D/D1561.jpg,D,D,0.9841048121452332,3,1
D/D1565.jpg,D,D,0.9823942184448242,5,1
D/D1567.jpg,D,D,0.9847613573074341,4,1
D/D1572.jpg,D,D,0.9796623587608337,3,1
D/D1574.jpg,D,D,0.9837836623191833,5,1
D/D1575.jpg,D,D,0.9786141514778137,4,1
D/D1582.jpg,D,D,0.9266245365142822,4,1
D/D1594.jpg,D,D,0.9709144830703735,4,1
D/D1599.jpg,D,D,0.9776351451873779,4,1
D/D160.jpg,D,D,0.979235827922821,2,1
D/D1600.jpg,D,D,0.9843747019767761,4,1
D/D1603.jpg,D,D,0.9840584397315979,4,1
D/D1605.jpg,D,D,0.9816909432411194,4,1
D/D1611.jpg,D,D,0.9812544584274292,5,1
D/D1613.jpg,D,D,0.9827356338500977,5,1
D/D1614.jpg,D,D,0.9832618236541748,4,1
D/D1619.jpg,D,D,0.9843660593032837,3,1
D/D1621.jpg,D,D,0.9809567928314209,3,1
D/D1636.jpg,D,D,0.9618446826934814,3,1
D/D1644.jpg,D,D,0.9820479154586792,4,1
D/D1647.jpg,D,D,0.9763532280921936,4,1
D/D1650.jpg,D,D,0.9703564047813416,3,1
D/D1652.jpg,D,D,0.9716417789459229,5,1
D/D1656.jpg,D,D,0.9608035087585449,4,1
D/D1661.jpg,D,D,0.9369487166404724,5,1
D/D1662.jpg,D,D,0.9592227339744568,5,1
D/D1664.jpg,D,D,0.9641721248626709,5,1
D/D1671.jpg,D,D,0.9709470868110657,6,1
D/D1696.jpg,D,D,0.8179478645324707,2,1
D/D17.jpg,D,D,0.9882026314735413,5,1
D/D1700.jpg,D,D,0.9470390677452087,1,1
D/D1711.jpg,D,D,0.9800266623497009,2,1
D/D1731.jpg,D,D,0.9502904415130615,3,1
D/D1732.jpg,D,D,0.9595121741294861,4,1
D/D174.jpg,D,D,0.9828845262527466,2,1
D/D1741.jpg,D,D,0.9771317839622498,4,1
D/D1743.jpg,D,D,0.9801964163780212,3,1
D/D1758.jpg,D,D,0.9831035137176514,3,1
D/D1762.jpg,D,D,0.9823800325393677,4,1
D/D1763.jpg,D,D,0.9835017323493958,4,1
D/D1764.jpg,D,D,0.982300877571106,4,1
D/D1766.jpg,D,D,0.9808500409126282,4,1
D/D1774.jpg,D,D,0.9689013957977295,4,1
D/D1778.jpg,D,D,0.9134847521781921,3,1
D/D1780.jpg,D,D,0.848089873790741,3,1
D/D1786.jpg,D,D,0.9552157521247864,4,1
D/D1789.jpg,D,D,0.9536291360855103,3,1
D/D1790.jpg,D,D,0.9115357995033264,3,1
D/D1798.jpg,D,D,0.5511460304260254,4,1
D/D1802.jpg,D,B,0.1876441389322281,4,0
D/D1803.jpg,D,D,0.2168588489294052,4,1
D/D1804.jpg,D,D,0.6498668193817139,1,1
D/D1808.jpg,D,D,0.7767393589019775,4,1
D/D1809.jpg,D,D,0.908517062664032,3,1
D/D1811.jpg,D,D,0.9574208855628967,3,1
D/D1812.jpg,D,D,0.9577142000198364,3,1
D/D1820.jpg,D,D,0.9541992545127869,2,1
D/D1830.jpg,D,D,0.956867516040802,3,1
D/D1840.jpg,D,D,0.9749821424484253,2,1
D/D1845.jpg,D,D,0.9737727046012878,4,1
D/D1847.jpg,D,D,0.9799906015396118,2,1
D/D1848.jpg,D,D,0.9764608144760132,2,1
D/D1849.jpg,D,D,0.9790573120117188,2,1
D/D1857.jpg,D,D,0.9786199927330017,2,1
D/D1864.jpg,D,D,0.986115574836731,2,1
D/D1872.jpg,D,D,0.9793317317962646,4,1
D/D1875.jpg,D,D,0.9853223562240601,5,1
D/D1884.jpg,D,D,0.9851037859916687,5,1
D/D189.jpg,D,D,0.9838760495185852,3,1
D/D1894.jpg,D,D,0.9746579527854919,3,1
D/D1901.jpg,D,D,0.9672954678535461,2,1
D/D191.jpg,D,D,0.9849329590797424,2,1
D/D1912.jpg,D,D,0.9586920142173767,3,1
D/D1916.jpg,D,D,0.975712239742279,3,1
D/D1917.jpg,D,D,0.9780779480934143,3,1
D/D192.jpg,D,D,0.983658492565155,2,1
D/D1921.jpg,D,D,0.9861832857131958,2,1
D/D1922.jpg,D,D,0.9859442710876465,2,1
D/D1929.jpg,D,D,0.9800497889518738,1,1
D/D1931.jpg,D,D,0.9835730195045471,1,1
D/D1937.jpg,D,D,0.9830668568611145,2,1
D/D1940.jpg,D,D,0.9825526475906372,3,1
D/D1941.jpg,D,D,0.9821970462799072,3,1
D/D1957.jpg,D,D,0.9822108149528503,8,1
D/D1958.jpg,D,D,0.9792534112930298,6,1
D/D1963.jpg,D,D,0.9800012707710266,4,1
D/D1964.jpg,D,D,0.9825177788734436,4,1
D/D1965.jpg,D,D,0.9839252233505249,4,1
D/D1969.jpg,D,D,0.978627622127533,4,1
D/D1977.jpg,D,D,0.932209849357605,3,1
D/D1989.jpg,D,D,0.9829003214836121,2,1
D/D1998.jpg,D,D,0.9811996221542358,4,1
D/D2010.jpg,D,D,0.9786126613616943,4,1
D/D2014.jpg,D,D,0.9789029359817505,6,1
D/D2020.jpg,D,D,0.9786579608917236,5,1
D/D2022.jpg,D,D,0.9781649708747864,4,1
D/D2029.jpg,D,D,0.979154109954834,3,1
D/D203.jpg,D,D,0.9829704761505127,4,1
D/D2031.jpg,D,D,0.9790025949478149,3,1
D/D2032.jpg,D,D,0.9793034791946411,4,1
D/D204.jpg,D,D,0.9832468628883362,3,1
D/D2042.jpg,D,D,0.9837770462036133,3,1
D/D2047.jpg,D,D,0.9827765226364136,3,1
D/D2048.jpg,D,D,0.982399046421051,3,1
D/D2051.jpg,D,D,0.9816777110099792,3,1
D/D2053.jpg,D,D,0.9829477667808533,3,1
D/D2056.jpg,D,D,0.9816916584968567,3,1
D/D2064.jpg,D,D,0.9780132174491882,3,1
D/D2066.jpg,D,D,0.9745768904685974,3,1
D/D2067.jpg,D,D,0.9742422699928284,3,1
D/D2069.jpg,D,D,0.9737236499786377,2,1
D/D208.jpg,D,D,0.9835512042045593,4,1
D/D2080.jpg,D,D,0.9795013070106506,2,1
D/D2083.jpg,D,D,0.9806445240974426,2,1
D/D2084.jpg,D,D,0.9800689220428467,1,1
D/D2085.jpg,D,D,0.9802031517028809,1,1
D/D209.jpg,D,D,0.9841282963752747,3,1
D/D2093.jpg,D,D,0.9818181395530701,1,1
D/D2094.jpg,D,D,0.9797459244728088,1,1
D/D2097.jpg,D,D,0.9785753488540649,2,1
D/D21.jpg,D,D,0.9866338968276978,5,1
D/D210.jpg,D,D,0.9822210669517517,3,1
D/D2102.jpg,D,D,0.9788771271705627,2,1
D/D2104.jpg,D,D,0.9783680438995361,3,1
D/D2105.jpg,D,D,0.9790946841239929,2,1
D/D2106.jpg,D,D,0.981200635433197,2,1
D/D2112.jpg,D,D,0.9800094962120056,3,1
D/D2118.jpg,D,D,0.9841910600662231,3,1
D/D2119.jpg,D,D,0.9799796342849731,3,1
D/D2134.jpg,D,D,0.9808144569396973,3,1
D/D2137.jpg,D,D,0.9827063083648682,4,1
D/D2142.jpg,D,D,0.9811830520629883,3,1
D/D2143.jpg,D,D,0.9818767309188843,4,1
D/D2153.jpg,D,D,0.9830663204193115,3,1
D/D2158.jpg,D,D,0.982052743434906,3,1
D/D216.jpg,D,D,0.9830390214920044,3,1
D/D2168.jpg,D,D,0.9868250489234924,2,1
D/D2185.jpg,D,D,0.9856889247894287,2,1
D/D219.jpg,D,D,0.981918454170227,4,1
D/D2193.jpg,D,D,0.9838436245918274,3,1
D/D2199.jpg,D,D,0.9829599857330322,3,1
D/D2200.jpg,D,D,0.9833251237869263,3,1
D/D2203.jpg,D,D,0.9820839166641235,3,1
D/D2217.jpg,D,D,0.982026994228363,2,1
D/D2227.jpg,D,D,0.9857150912284851,1,1
D/D2231.jpg,D,D,0.9859973192214966,1,1
D/D2234.jpg,D,D,0.984374463558197,2,1
D/D2235.jpg,D,D,0.9846996665000916,1,1
D/D2236.jpg,D,D,0.9841406345367432,2,1
D/D2242.jpg,D,D,0.9820428490638733,3,1
D/D2245.jpg,D,D,0.9828703999519348,3,1
D/D2246.jpg,D,D,0.9836269617080688,3,1
D/D2248.jpg,D,D,0.9831809401512146,3,1
D/D225.jpg,D,D,0.9817419648170471,3,1
D/D2250.jpg,D,D,0.9844814538955688,3,1
D/D2252.jpg,D,D,0.9843058586120605,3,1
D/D2253.jpg,D,D,0.9839979410171509,3,1
D/D2256.jpg,D,D,0.9819158315658569,3,1
D/D2266.jpg,D,D,0.9786609411239624,4,1
D/D2268.jpg,D,D,0.9767890572547913,4,1
D/D2272.jpg,D,D,0.9794005751609802,4,1
D/D2278.jpg,D,D,0.9805206656455994,4,1
D/D2283.jpg,D,D,0.9788970351219177,4,1
D/D2284.jpg,D,D,0.9786611795425415,4,1
D/D229.jpg,D,D,0.9819285869598389,3,1
D/D2293.jpg,D,D,0.9755430817604065,6,1
D/D2297.jpg,D,D,0.9773353338241577,6,1
D/D230.jpg,D,D,0.9815412759780884,5,1
D/D2302.jpg,D,D,0.9768988490104675,4,1
D/D2309.jpg,D,D,0.9792751669883728,3,1
D/D2314.jpg,D,D,0.9829513430595398,5,1
D/D2318.jpg,D,D,0.9844982028007507,4,1
D/D2320.jpg,D,D,0.9854058027267456,2,1
D/D2321.jpg,D,D,0.9848994016647339,2,1
D/D2326.jpg,D,D,0.986579954624176,4,1
D/D2327.jpg,D,D,0.9865124225616455,3,1
D/D2332.jpg,D,D,0.9857597947120667,3,1
D/D2337.jpg,D,D,0.9836671352386475,4,1
D/D2346.jpg,D,D,0.9822143912315369,4,1
D/D2348.jpg,D,D,0.9844750761985779,2,1
D/D2351.jpg,D,D,0.9841324090957642,1,1
D/D2362.jpg,D,D,0.9858419299125671,3,1
D/D2368.jpg,D,D,0.986586332321167,2,1
D/D2369.jpg,D,D,0.9867696762084961,3,1
D/D2370.jpg,D,D,0.9873610734939575,2,1
D/D2374.jpg,D,D,0.985687792301178,2,1
D/D2377.jpg,D,D,0.9869667291641235,1,1
D/D2379.jpg,D,D,0.9852755069732666,1,1
D/D2380.jpg,D,D,0.9874721169471741,1,1
D/D2383.jpg,D,D,0.9870861172676086,4,1
D/D2386.jpg,D,D,0.9863112568855286,3,1
D/D2388.jpg,D,D,0.986778736114502,2,1
D/D2393.jpg,D,D,0.986778974533081,3,1
D/D2394.jpg,D,D,0.987933337688446,3,1
D/D2399.jpg,D,D,0.9857063889503479,3,1
D/D2406.jpg,D,D,0.986068844795227,3,1
D/D241.jpg,D,D,0.9809927344322205,4,1
D/D2411.jpg,D,D,0.9836826920509338,3,1
D/D2412.jpg,D,D,0.9840196371078491,3,1
D/D2430.jpg,D,D,0.9844095706939697,3,1
D/D2432.jpg,D,D,0.9836909174919128,3,1
D/D2440.jpg,D,D,0.9860381484031677,3,1
D/D2443.jpg,D,D,0.9862571358680725,3,1
D/D2449.jpg,D,D,0.983342170715332,3,1
D/D245.jpg,D,D,0.9784049391746521,3,1
D/D2451.jpg,D,D,0.9841459393501282,3,1
D/D2453.jpg,D,D,0.9843336939811707,3,1
D/D2454.jpg,D,D,0.9845495223999023,3,1
D/D2457.jpg,D,D,0.9811355471611023,3,1
D/D2459.jpg,D,D,0.9836615920066833,4,1
D/D2464.jpg,D,D,0.9853105545043945,3,1
D/D2467.jpg,D,D,0.9838855266571045,3,1
D/D2472.jpg,D,D,0.9823249578475952,3,1
D/D2474.jpg,D,D,0.9830902814865112,4,1
D/D2475.jpg,D,D,0.9810601472854614,4,1
D/D2477.jpg,D,D,0.983493447303772,3,1
D/D248.jpg,D,D,0.9782431125640869,3,1
D/D2493.jpg,D,D,0.9825819730758667,6,1
D/D2499.jpg,D,D,0.9823910593986511,4,1
D/D2507.jpg,D,D,0.9842402935028076,3,1
D/D2509.jpg,D,D,0.9778921008110046,3,1
D/D2512.jpg,D,D,0.9776485562324524,2,1
D/D2513.jpg,D,D,0.9799345135688782,2,1
D/D2519.jpg,D,D,0.9705295562744141,3,1
D/D252.jpg,D,D,0.9753447771072388,4,1
D/D2523.jpg,D,D,0.9836408495903015,2,1
D/D2524.jpg,D,D,0.9811459183692932,3,1
D/D2525.jpg,D,D,0.9815208315849304,3,1
D/D2526.jpg,D,D,0.9813149571418762,3,1
D/D2533.jpg,D,D,0.9854673147201538,3,1
D/D2546.jpg,D,D,0.9833614230155945,3,1
D/D2547.jpg,D,D,0.9834766387939453,4,1
D/D2548.jpg,D,D,0.9822471737861633,4,1
D/D2552.jpg,D,D,0.9836408495903015,3,1
D/D2555.jpg,D,D,0.9834555983543396,4,1
D/D2568.jpg,D,D,0.9826251268386841,4,1
D/D2570.jpg,D,D,0.9862579107284546,5,1
D/D2574.jpg,D,D,0.984981894493103,5,1
D/D2579.jpg,D,D,0.9852131009101868,4,1
D/D2593.jpg,D,D,0.9862790107727051,6,1
D/D2595.jpg,D,D,0.9860652685165405,6,1
D/D2603.jpg,D,D,0.9720773696899414,4,1
D/D2605.jpg,D,D,0.9784495234489441,3,1
D/D2609.jpg,D,D,0.9764501452445984,3,1
D/D2611.jpg,D,D,0.9724844694137573,3,1
D/D2615.jpg,D,D,0.9850239753723145,3,1
D/D2617.jpg,D,D,0.9855855107307434,3,1
D/D2618.jpg,D,D,0.9862872958183289,3,1
D/D262.jpg,D,D,0.9765130281448364,4,1
D/D2638.jpg,D,D,0.9750885963439941,4,1
D/D2642.jpg,D,D,0.9794875979423523,2,1
D/D2643.jpg,D,D,0.9811592102050781,2,1
D/D2644.jpg,D,D,0.9834571480751038,2,1
D/D2649.jpg,D,D,0.9837908148765564,2,1
D/D2650.jpg,D,D,0.9834282994270325,2,1
D/D2658.jpg,D,D,0.9739897847175598,3,1
D/D2660.jpg,D,D,0.9719175696372986,3,1
D/D2671.jpg,D,D,0.9832385778427124,5,1
D/D2682.jpg,D,D,0.9806280136108398,4,1
D/D2689.jpg,D,D,0.982404887676239,5,1
D/D2690.jpg,D,D,0.9833365082740784,4,1
D/D2695.jpg,D,D,0.9831280708312988,4,1
D/D2697.jpg,D,D,0.9818607568740845,4,1
D/D27.jpg,D,D,0.9871854186058044,6,1
D/D2707.jpg,D,D,0.9826557636260986,3,1
D/D2709.jpg,D,D,0.9830687046051025,3,1
D/D271.jpg,D,D,0.9772974252700806,4,1
D/D2713.jpg,D,D,0.9849405884742737,3,1
D/D2714.jpg,D,D,0.9850516319274902,3,1
D/D2722.jpg,D,D,0.9852242469787598,3,1
D/D2726.jpg,D,D,0.9841060042381287,3,1
D/D2741.jpg,D,D,0.9778157472610474,2,1
D/D2746.jpg,D,D,0.9748895764350891,3,1
D/D2751.jpg,D,D,0.9775762557983398,3,1
D/D2753.jpg,D,D,0.973308801651001,3,1
D/D276.jpg,D,D,0.9754027724266052,5,1
D/D2763.jpg,D,D,0.9830301403999329,3,1
D/D2771.jpg,D,D,0.9865862131118774,3,1
D/D2773.jpg,D,D,0.987713098526001,3,1
D/D2774.jpg,D,D,0.9868375658988953,4,1
D/D2780.jpg,D,D,0.9879789352416992,4,1
D/D2783.jpg,D,D,0.9864978194236755,3,1
D/D2785.jpg,D,D,0.9853485226631165,3,1
D/D2792.jpg,D,D,0.9851626753807068,4,1
D/D2799.jpg,D,D,0.9832436442375183,2,1
D/D2800.jpg,D,D,0.9814741015434265,3,1
D/D2808.jpg,D,D,0.9843670725822449,3,1
D/D2810.jpg,D,D,0.9857997894287109,3,1
D/D2813.jpg,D,D,0.9845421314239502,4,1
D/D2814.jpg,D,D,0.9863401651382446,3,1
D/D2819.jpg,D,D,0.982568085193634,3,1
D/D2829.jpg,D,D,0.9867122173309326,3,1
D/D2836.jpg,D,D,0.985784113407135,3,1
D/D2839.jpg,D,D,0.984977126121521,3,1
D/D2842.jpg,D,D,0.9859938621520996,3,1
D/D2850.jpg,D,D,0.9860594868659973,3,1
D/D2855.jpg,D,D,0.9822114109992981,2,1
D/D2856.jpg,D,D,0.9825527667999268,2,1
D/D2859.jpg,D,D,0.9814478158950806,2,1
D/D2871.jpg,D,D,0.9671238660812378,2,1
D/D2878.jpg,D,D,0.9712353348731995,2,1
D/D2879.jpg,D,D,0.9695082306861877,2,1
D/D2883.jpg,D,D,0.9596024751663208,2,1
D/D2892.jpg,D,D,0.9813180565834045,2,1
D/D2893.jpg,D,D,0.9734363555908203,2,1
D/D2896.jpg,D,D,0.9837567806243896,2,1
D/D29.jpg,D,D,0.9868990182876587,6,1
D/D2902.jpg,D,D,0.9819580912590027,2,1
D/D2913.jpg,D,D,0.9774766564369202,2,1
D/D2915.jpg,D,D,0.9714150428771973,2,1
D/D2917.jpg,D,D,0.9754886031150818,3,1
D/D2923.jpg,D,D,0.9853723645210266,3,1
D/D293.jpg,D,D,0.9756491780281067,3,1
D/D2937.jpg,D,D,0.9734557867050171,2,1
D/D2938.jpg,D,D,0.9707090854644775,2,1
D/D294.jpg,D,D,0.9765183329582214,5,1
D/D2947.jpg,D,D,0.9792484045028687,2,1
D/D2954.jpg,D,D,0.9768174290657043,2,1
D/D2962.jpg,D,D,0.982108473777771,3,1
D/D2965.jpg,D,D,0.9803475141525269,2,1
D/D2967.jpg,D,D,0.9837950468063354,2,1
D/D2977.jpg,D,D,0.9430236220359802,3,1
D/D2978.jpg,D,D,0.9477587342262268,3,1
D/D2980.jpg,D,D,0.7226623296737671,5,1
D/D2983.jpg,D,D,0.8683775663375854,4,1
D/D2985.jpg,D,D,0.7635488510131836,5,1
D/D2992.jpg,D,D,0.9762699007987976,2,1
D/D2996.jpg,D,D,0.982043445110321,2,1
D/D3000.jpg,D,D,0.982855498790741,3,1
D/D304.jpg,D,D,0.9735066890716553,4,1
D/D307.jpg,D,D,0.9677996039390564,3,1
D/D316.jpg,D,D,0.9747112989425659,3,1
D/D321.jpg,D,D,0.9763432145118713,4,1
D/D328.jpg,D,D,0.9745239019393921,3,1
D/D330.jpg,D,D,0.980154812335968,3,1
D/D332.jpg,D,D,0.9804598689079285,4,1
D/D336.jpg,D,D,0.9786028265953064,5,1
D/D339.jpg,D,D,0.9813798069953918,3,1
D/D342.jpg,D,D,0.9826542735099792,4,1
D/D343.jpg,D,D,0.9836855530738831,4,1
D/D354.jpg,D,D,0.9807407259941101,4,1
D/D361.jpg,D,D,0.9794600605964661,5,1
D/D363.jpg,D,D,0.9802467823028564,4,1
D/D367.jpg,D,D,0.9788008332252502,4,1
D/D373.jpg,D,D,0.9791027903556824,4,1
D/D376.jpg,D,D,0.9791841506958008,4,1
D/D377.jpg,D,D,0.9803076386451721,4,1
D/D382.jpg,D,D,0.9783424139022827,4,1
D/D394.jpg,D,D,0.9776602983474731,4,1
D/D397.jpg,D,D,0.9790481328964233,3,1
D/D40.jpg,D,D,0.9854832887649536,5,1
D/D403.jpg,D,D,0.9816753268241882,4,1
D/D408.jpg,D,D,0.9838719367980957,3,1
D/D41.jpg,D,D,0.9857497215270996,7,1
D/D411.jpg,D,D,0.9862955212593079,4,1
D/D415.jpg,D,D,0.9866761565208435,3,1
D/D438.jpg,D,D,0.9799944162368774,3,1
D/D440.jpg,D,D,0.9791272282600403,3,1
D/D443.jpg,D,D,0.9812972545623779,5,1
D/D455.jpg,D,D,0.9816749691963196,3,1
D/D458.jpg,D,D,0.9828049540519714,3,1
D/D476.jpg,D,D,0.9796651005744934,3,1
D/D477.jpg,D,D,0.9790770411491394,2,1
D/D48.jpg,D,D,0.9858002662658691,4,1
D/D480.jpg,D,D,0.977329671382904,2,1
D/D481.jpg,D,D,0.9784522652626038,2,1
D/D482.jpg,D,D,0.9776000380516052,2,1
D/D483.jpg,D,D,0.9775587916374207,2,1
D/D485.jpg,D,D,0.9818867444992065,2,1
D/D492.jpg,D,D,0.9818499684333801,2,1
D/D494.jpg,D,D,0.9839475154876709,2,1
D/D499.jpg,D,D,0.9810328483581543,3,1
D/D5.jpg,D,D,0.9852021336555481,3,1
D/D50.jpg,D,D,0.9854021072387695,4,1
D/D501.jpg,D,D,0.9858242273330688,3,1
D/D503.jpg,D,D,0.9862885475158691,3,1
D/D507.jpg,D,D,0.9812393188476562,3,1
D/D509.jpg,D,D,0.9814537763595581,3,1
D/D518.jpg,D,D,0.9837805032730103,3,1
D/D520.jpg,D,D,0.9824566841125488,3,1
D/D521.jpg,D,D,0.9842007756233215,3,1
D/D524.jpg,D,D,0.9869319796562195,4,1
D/D535.jpg,D,D,0.9824671149253845,5,1
D/D538.jpg,D,D,0.9813869595527649,5,1
D/D54.jpg,D,D,0.986148476600647,4,1
D/D542.jpg,D,D,0.9815395474433899,5,1
D/D546.jpg,D,D,0.9815078377723694,5,1
D/D548.jpg,D,D,0.982235312461853,7,1
D/D56.jpg,D,D,0.9862082004547119,3,1
D/D560.jpg,D,D,0.9645256400108337,5,1
D/D563.jpg,D,D,0.9736044406890869,4,1
D/D567.jpg,D,D,0.9777282476425171,3,1
D/D568.jpg,D,D,0.9845532178878784,4,1
D/D571.jpg,D,D,0.9851035475730896,4,1
D/D581.jpg,D,D,0.9865270256996155,2,1
D/D585.jpg,D,D,0.9878330230712891,2,1
D/D587.jpg,D,D,0.9843429327011108,2,1
D/D594.jpg,D,D,0.9847880601882935,2,1
D/D597.jpg,D,D,0.9820591807365417,2,1
D/D606.jpg,D,D,0.9809464812278748,2,1
D/D617.jpg,D,D,0.9793831706047058,3,1
D/D628.jpg,D,D,0.9840390086174011,3,1
D/D633.jpg,D,D,0.9840859174728394,3,1
D/D634.jpg,D,D,0.9834426045417786,2,1
D/D639.jpg,D,D,0.9817577004432678,2,1
D/D640.jpg,D,D,0.9805090427398682,2,1
D/D646.jpg,D,D,0.9799579977989197,2,1
D/D652.jpg,D,D,0.9784455299377441,2,1
D/D655.jpg,D,D,0.9780463576316833,2,1
D/D659.jpg,D,D,0.9808549284934998,2,1
D/D675.jpg,D,D,0.9819788336753845,2,1
D/D676.jpg,D,D,0.9827299118041992,2,1
D/D677.jpg,D,D,0.9838259816169739,2,1
D/D691.jpg,D,D,0.9843568205833435,2,1
D/D698.jpg,D,D,0.9850085973739624,1,1
D/D70.jpg,D,D,0.9835671186447144,3,1
D/D700.jpg,D,D,0.984276533126831,1,1
D/D708.jpg,D,D,0.98521488904953,1,1
D/D710.jpg,D,D,0.984969973564148,3,1
D/D712.jpg,D,D,0.9846975803375244,1,1
D/D717.jpg,D,D,0.9853777885437012,1,1
D/D718.jpg,D,D,0.9843756556510925,3,1
D/D722.jpg,D,D,0.9859781265258789,2,1
D/D727.jpg,D,D,0.9855198264122009,2,1
D/D739.jpg,D,D,0.9813787937164307,2,1
D/D740.jpg,D,D,0.9791578650474548,2,1
D/D746.jpg,D,D,0.9833813905715942,2,1
D/D752.jpg,D,D,0.9817917943000793,3,1
D/D754.jpg,D,D,0.9791495203971863,2,1
D/D755.jpg,D,D,0.9797200560569763,2,1
D/D760.jpg,D,D,0.982859194278717,2,1
D/D763.jpg,D,D,0.9862502813339233,2,1
D/D766.jpg,D,D,0.9828236103057861,4,1
D/D769.jpg,D,D,0.9839540719985962,4,1
D/D771.jpg,D,D,0.9833346009254456,4,1
D/D776.jpg,D,D,0.9819225072860718,5,1
D/D777.jpg,D,D,0.9831637740135193,5,1
D/D784.jpg,D,D,0.9820170998573303,4,1
D/D79.jpg,D,D,0.9828773736953735,4,1
D/D803.jpg,D,D,0.9765751957893372,4,1
D/D804.jpg,D,D,0.977144181728363,4,1
D/D805.jpg,D,D,0.9751351475715637,4,1
D/D806.jpg,D,D,0.9754144549369812,5,1
D/D812.jpg,D,D,0.9759429097175598,4,1
D/D82.jpg,D,D,0.9805347323417664,4,1
D/D820.jpg,D,D,0.9774252772331238,6,1
D/D828.jpg,D,D,0.9783262014389038,4,1
D/D832.jpg,D,D,0.9809769988059998,4,1
D/D834.jpg,D,D,0.9794514775276184,5,1
D/D836.jpg,D,D,0.9789175987243652,3,1
D/D839.jpg,D,D,0.9796379208564758,4,1
D/D84.jpg,D,D,0.9791614413261414,4,1
D/D840.jpg,D,D,0.9812479019165039,4,1
D/D841.jpg,D,D,0.9801550507545471,5,1
D/D848.jpg,D,D,0.9826210141181946,4,1
D/D858.jpg,D,D,0.9803594350814819,4,1
D/D871.jpg,D,D,0.9772785305976868,3,1
D/D878.jpg,D,D,0.9782706499099731,4,1
D/D881.jpg,D,D,0.9759389162063599,5,1
D/D883.jpg,D,D,0.9757680892944336,2,1
D/D892.jpg,D,D,0.9769448041915894,3,1
D/D893.jpg,D,D,0.9771897196769714,3,1
D/D91.jpg,D,D,0.9820696115493774,3,1
D/D910.jpg,D,D,0.9812160134315491,3,1
D/D911.jpg,D,D,0.9831792116165161,3,1
D/D915.jpg,D,D,0.9821649789810181,4,1
D/D918.jpg,D,D,0.9802168011665344,3,1
D/D922.jpg,D,D,0.98143470287323,3,1
D/D93.jpg,D,D,0.9802588224411011,3,1
D/D933.jpg,D,D,0.977146327495575,3,1
D/D946.jpg,D,D,0.9728707075119019,4,1
D/D949.jpg,D,D,0.9744429588317871,4,1
D/D95.jpg,D,D,0.984097421169281,4,1
D/D950.jpg,D,D,0.9738017916679382,6,1
D/D952.jpg,D,D,0.9731350541114807,4,1
D/D956.jpg,D,D,0.9776395559310913,4,1
D/D959.jpg,D,D,0.9795025587081909,3,1
D/D960.jpg,D,D,0.9786202907562256,3,1
D/D961.jpg,D,D,0.9785415530204773,3,1
D/D962.jpg,D,D,0.9769092202186584,4,1
D/D964.jpg,D,D,0.9797798991203308,4,1
D/D970.jpg,D,D,0.9800961017608643,3,1
D/D974.jpg,D,D,0.964553713798523,3,1
D/D978.jpg,D,D,0.9583482146263123,3,1
D/D982.jpg,D,D,0.9795845746994019,3,1
D/D993.jpg,D,D,0.9876345992088318,4,1
E/E1000.jpg,E,E,0.9799605011940002,3,1
E/E1001.jpg,E,E,0.9837770462036133,5,1
E/E1006.jpg,E,E,0.9817147254943848,2,1
E/E1009.jpg,E,E,0.9809813499450684,3,1
E/E1019.jpg,E,E,0.9783321022987366,7,1
E/E1026.jpg,E,E,0.97707599401474,5,1
E/E1028.jpg,E,E,0.9777944087982178,4,1
E/E103.jpg,E,E,0.9779625535011292,4,1
E/E1030.jpg,E,E,0.979141891002655,4,1
E/E1031.jpg,E,E,0.980739951133728,5,1
E/E1037.jpg,E,E,0.9821731448173523,4,1
E/E1040.jpg,E,E,0.9834379553794861,2,1
E/E1044.jpg,E,E,0.9835235476493835,3,1
E/E1046.jpg,E,E,0.9838009476661682,3,1
E/E1048.jpg,E,E,0.9836812019348145,3,1
E/E1057.jpg,E,E,0.9816981554031372,2,1
E/E1063.jpg,E,E,0.9819207787513733,4,1
E/E1064.jpg,E,E,0.9813496470451355,3,1
E/E1072.jpg,E,E,0.983317494392395,4,1
E/E1082.jpg,E,E,0.9848538637161255,3,1
E/E1087.jpg,E,E,0.983917236328125,3,1
E/E1090.jpg,E,E,0.983870267868042,4,1
E/E1091.jpg,E,E,0.9840084314346313,4,1
E/E1094.jpg,E,E,0.986013650894165,3,1
E/E1095.jpg,E,E,0.9851253032684326,2,1
E/E110.jpg,E,E,0.9800604581832886,4,1
E/E1106.jpg,E,E,0.984097421169281,1,1
E/E1111.jpg,E,E,0.9827942848205566,3,1
E/E1114.jpg,E,E,0.9823973178863525,3,1
E/E1115.jpg,E,E,0.9809351563453674,4,1
E/E1121.jpg,E,E,0.9695252776145935,4,1
E/E1128.jpg,E,E,0.9774051308631897,6,1
E/E1131.jpg,E,E,0.977929949760437,9,1
E/E1138.jpg,E,E,0.9804140329360962,5,1
E/E114.jpg,E,E,0.9782765507698059,5,1
E/E1142.jpg,E,E,0.9772482514381409,6,1
E/E1147.jpg,E,E,0.9783994555473328,2,1
E/E1150.jpg,E,E,0.9754550457000732,2,1
E/E1151.jpg,E,E,0.9786093235015869,3,1
E/E1159.jpg,E,E,0.9789494276046753,2,1
E/E116.jpg,E,E,0.9776197671890259,4,1
E/E1173.jpg,E,E,0.9774396419525146,3,1
E/E1175.jpg,E,E,0.9797974228858948,3,1
E/E1181.jpg,E,E,0.9809353351593018,4,1
E/E1186.jpg,E,E,0.9813835024833679,4,1
E/E1187.jpg,E,E,0.9814668297767639,3,1
E/E1194.jpg,E,E,0.9811826348304749,3,1
E/E1217.jpg,E,E,0.9765508770942688,4,1
E/E1221.jpg,E,E,0.9707207679748535,4,1
E/E1226.jpg,E,E,0.9771615862846375,3,1
E/E1228.jpg,E,E,0.9816166162490845,3,1
E/E1230.jpg,E,E,0.9787169098854065,2,1
E/E1231.jpg,E,E,0.979544460773468,3,1
E/E1235.jpg,E,E,0.9771066308021545,5,1
E/E1238.jpg,E,E,0.9793100357055664,2,1
E/E1241.jpg,E,E,0.980864942073822,4,1
E/E1242.jpg,E,E,0.9723650813102722,3,1
E/E1245.jpg,E,E,0.9824464321136475,4,1
E/E1246.jpg,E,E,0.9829677939414978,5,1
E/E1247.jpg,E,E,0.9837675094604492,4,1
E/E1250.jpg,E,E,0.9828868508338928,3,1
E/E1251.jpg,E,E,0.9845697283744812,3,1
E/E1257.jpg,E,E,0.9833415150642395,3,1
E/E1259.jpg,E,E,0.9832916855812073,4,1
E/E126.jpg,E,E,0.9739550948143005,4,1
E/E1262.jpg,E,E,0.9832716584205627,3,1
E/E1267.jpg,E,E,0.9834717512130737,3,1
E/E127.jpg,E,E,0.9757032990455627,5,1
E/E1279.jpg,E,E,0.9780222177505493,3,1
E/E1286.jpg,E,E,0.9621128439903259,3,1
E/E129.jpg,E,E,0.977411150932312,4,1
E/E1298.jpg,E,E,0.9805557131767273,3,1
E/E1300.jpg,E,E,0.9829341769218445,4,1
E/E1309.jpg,E,E,0.9764748215675354,4,1
E/E1311.jpg,E,E,0.9780083298683167,5,1
E/E1313.jpg,E,E,0.9803066849708557,5,1
E/E1317.jpg,E,E,0.9813905954360962,4,1
E/E1322.jpg,E,E,0.9776452779769897,4,1
E/E1323.jpg,E,E,0.9764658212661743,4,1
E/E133.jpg,E,E,0.9784470200538635,4,1
E/E1331.jpg,E,E,0.9809673428535461,4,1
E/E1334.jpg,E,E,0.9804352521896362,4,1
E/E1335.jpg,E,E,0.9782178997993469,4,1
E/E1337.jpg,E,E,0.9698665738105774,4,1
E/E1344.jpg,E,E,0.980305016040802,3,1
E/E1346.jpg,E,E,0.9807199835777283,3,1
E/E1349.jpg,E,E,0.9819402098655701,3,1
E/E1351.jpg,E,E,0.9814276099205017,4,1
E/E1354.jpg,E,E,0.9798051714897156,4,1
E/E1365.jpg,E,E,0.9820851683616638,3,1
E/E137.jpg,E,E,0.9778022766113281,4,1
E/E1380.jpg,E,E,0.9818335175514221,2,1
E/E1382.jpg,E,E,0.9820420145988464,3,1
E/E1385.jpg,E,E,0.9814961552619934,5,1
E/E139.jpg,E,E,0.9778546094894409,4,1
E/E1397.jpg,E,E,0.9815875291824341,3,1
E/E1399.jpg,E,E,0.9807518720626831,3,1
E/E1402.jpg,E,E,0.9816085696220398,4,1
E/E1418.jpg,E,E,0.9806768894195557,3,1
E/E142.jpg,E,E,0.9810506701469421,3,1
E/E1421.jpg,E,E,0.9801310896873474,2,1
E/E1425.jpg,E,E,0.9798415899276733,3,1
E/E143.jpg,E,E,0.982559084892273,2,1
E/E1458.jpg,E,E,0.9815165996551514,2,1
E/E146.jpg,E,E,0.9836183190345764,3,1
E/E1462.jpg,E,E,0.9812136888504028,2,1
E/E1463.jpg,E,E,0.9801492094993591,2,1
E/E1465.jpg,E,E,0.9807977080345154,3,1
E/E1470.jpg,E,E,0.9819042086601257,2,1
E/E1474.jpg,E,E,0.9831188321113586,3,1
E/E1478.jpg,E,E,0.982723593711853,3,1
E/E1486.jpg,E,E,0.9740317463874817,3,1
E/E1488.jpg,E,E,0.9750394821166992,5,1
E/E149.jpg,E,E,0.9852572083473206,4,1
E/E1491.jpg,E,E,0.9825714230537415,6,1
E/E1494.jpg,E,E,0.9786600470542908,4,1
E/E1495.jpg,E,E,0.9793679714202881,4,1
E/E1498.jpg,E,E,0.9511265754699707,2,1
E/E1499.jpg,E,E,0.9268175363540649,1,1
E/E1505.jpg,E,E,0.9780973792076111,1,1
E/E1509.jpg,E,E,0.9731721878051758,2,1
E/E151.jpg,E,E,0.9875661134719849,2,1
E/E1510.jpg,E,E,0.9717690944671631,2,1
E/E1515.jpg,E,E,0.9780575633049011,3,1
E/E1523.jpg,E,E,0.9760466814041138,2,1
E/E1531.jpg,E,E,0.9807494282722473,4,1
E/E1532.jpg,E,E,0.9816092848777771,3,1
E/E1537.jpg,E,E,0.9814961552619934,4,1
E/E1539.jpg,E,E,0.9814633131027222,5,1
E/E1542.jpg,E,E,0.9790672659873962,4,1
E/E1548.jpg,E,E,0.9784956574440002,4,1
E/E1550.jpg,E,E,0.9810776114463806,5,1
E/E1553.jpg,E,E,0.9810866713523865,3,1
E/E1555.jpg,E,E,0.9818640947341919,2,1
E/E1563.jpg,E,E,0.9844490885734558,2,1
E/E1573.jpg,E,E,0.9810776114463806,4,1
E/E1574.jpg,E,E,0.9807674288749695,5,1
E/E1578.jpg,E,E,0.9826611876487732,3,1
E/E1587.jpg,E,E,0.9824554920196533,3,1
E/E1589.jpg,E,E,0.9835004806518555,4,1
E/E1592.jpg,E,E,0.982490599155426,3,1
E/E16.jpg,E,E,0.9807689189910889,4,1
E/E1606.jpg,E,E,0.9792896509170532,2,1
E/E1608.jpg,E,E,0.9801729321479797,2,1
E/E1611.jpg,E,E,0.9826483726501465,3,1
E/E1614.jpg,E,E,0.9816508293151855,5,1
E/E1615.jpg,E,E,0.9811084866523743,4,1
E/E162.jpg,E,E,0.9871008396148682,2,1
E/E1627.jpg,E,E,0.9803984761238098,5,1
E/E1632.jpg,E,E,0.9849373698234558,4,1
E/E1635.jpg,E,E,0.9894204139709473,4,1
E/E1651.jpg,E,E,0.9814571142196655,2,1
E/E1652.jpg,E,E,0.9819105267524719,1,1
E/E1653.jpg,E,E,0.9816538095474243,1,1
E/E1655.jpg,E,E,0.9855262041091919,2,1
E/E1660.jpg,E,E,0.9806594252586365,2,1
E/E1668.jpg,E,E,0.9691354632377625,2,1
E/E1674.jpg,E,E,0.9807419776916504,3,1
E/E168.jpg,E,E,0.9879807829856873,3,1
E/E1680.jpg,E,E,0.9825485944747925,4,1
E/E1686.jpg,E,E,0.9828500151634216,4,1
E/E1701.jpg,E,E,0.9792486429214478,4,1
E/E1702.jpg,E,E,0.9789062738418579,5,1
E/E1703.jpg,E,E,0.9793407917022705,5,1
E/E1710.jpg,E,E,0.9813311696052551,4,1
E/E1714.jpg,E,E,0.9809948801994324,4,1
E/E1719.jpg,E,E,0.9829394817352295,5,1
E/E1725.jpg,E,E,0.9820852875709534,5,1
E/E1727.jpg,E,E,0.9820178747177124,5,1
E/E1743.jpg,E,E,0.9829432964324951,4,1
E/E1747.jpg,E,E,0.9841035604476929,3,1
E/E175.jpg,E,E,0.985708475112915,1,1
E/E1752.jpg,E,E,0.9850672483444214,3,1
E/E1754.jpg,E,E,0.9844428896903992,3,1
E/E1756.jpg,E,E,0.9845336675643921,3,1
E/E1759.jpg,E,E,0.9851896166801453,3,1
E/E176.jpg,E,E,0.986171543598175,2,1
E/E1760.jpg,E,E,0.9845167994499207,3,1
E/E1768.jpg,E,E,0.9817195534706116,3,1
E/E177.jpg,E,E,0.985858142375946,2,1
E/E1776.jpg,E,E,0.9836282730102539,3,1
E/E1777.jpg,E,E,0.9834086894989014,2,1
E/E1783.jpg,E,E,0.9821367859840393,2,1
E/E1785.jpg,E,E,0.9834578037261963,3,1
E/E1790.jpg,E,E,0.9837805032730103,3,1
E/E1792.jpg,E,E,0.982309877872467,2,1
E/E1803.jpg,E,E,0.9867119789123535,3,1
E/E1810.jpg,E,E,0.9834213852882385,4,1
E/E1824.jpg,E,E,0.9806508421897888,3,1
E/E1828.jpg,E,E,0.9807623028755188,4,1
E/E1829.jpg,E,E,0.9832226634025574,6,1
E/E1836.jpg,E,E,0.9831067323684692,3,1
E/E184.jpg,E,E,0.9842721223831177,3,1
E/E1841.jpg,E,E,0.9829743504524231,5,1
E/E1842.jpg,E,E,0.9823384881019592,3,1
E/E1843.jpg,E,E,0.9829918742179871,3,1
E/E1850.jpg,E,E,0.9837973713874817,4,1
E/E1851.jpg,E,E,0.9843043684959412,4,1
E/E1853.jpg,E,E,0.9841344952583313,3,1
E/E1854.jpg,E,E,0.9842970967292786,3,1
E/E1859.jpg,E,E,0.9847379326820374,3,1
E/E1861.jpg,E,E,0.9846766591072083,3,1
E/E1880.jpg,E,E,0.9792230129241943,3,1
E/E1881.jpg,E,E,0.9798643589019775,3,1
E/E1882.jpg,E,E,0.9790887236595154,3,1
E/E1887.jpg,E,E,0.9831330180168152,4,1
E/E1893.jpg,E,E,0.9798122644424438,5,1
E/E190.jpg,E,E,0.9825055599212646,3,1
E/E1919.jpg,E,E,0.9800655245780945,4,1
E/E192.jpg,E,E,0.9823340177536011,3,1
E/E1920.jpg,E,E,0.9796041250228882,4,1
E/E193.jpg,E,E,0.98201984167099,3,1
E/E1931.jpg,E,E,0.9804307818412781,4,1
E/E1940.jpg,E,E,0.9815951585769653,2,1
E/E1945.jpg,E,E,0.9722611308097839,2,1
E/E1952.jpg,E,E,0.9819023609161377,4,1
E/E1954.jpg,E,E,0.980658769607544,3,1
E/E1960.jpg,E,E,0.9731670022010803,4,1
E/E1964.jpg,E,E,0.9713780283927917,4,1
E/E1968.jpg,E,E,0.9801950454711914,3,1
E/E1976.jpg,E,E,0.9808629751205444,4,1
E/E1985.jpg,E,E,0.9751570224761963,3,1
E/E1989.jpg,E,E,0.9819615483283997,3,1
E/E1991.jpg,E,E,0.9706149697303772,3,1
E/E1993.jpg,E,E,0.9784225821495056,3,1
E/E1997.jpg,E,E,0.9765934944152832,4,1
E/E2006.jpg,E,E,0.9850543737411499,3,1
E/E202.jpg,E,E,0.9829517006874084,2,1
E/E2022.jpg,E,E,0.9829924702644348,3,1
E/E2023.jpg,E,E,0.9819083213806152,2,1
E/E2025.jpg,E,E,0.9807348847389221,3,1
E/E2029.jpg,E,E,0.9792921543121338,3,1
E/E2033.jpg,E,E,0.9803467988967896,3,1
E/E2039.jpg,E,E,0.9784649610519409,2,1
E/E2043.jpg,E,E,0.9787393808364868,3,1
E/E2051.jpg,E,E,0.9805758595466614,3,1
E/E2054.jpg,E,E,0.9780262112617493,3,1
E/E2062.jpg,E,E,0.9821676015853882,3,1
E/E2067.jpg,E,E,0.9834181666374207,1,1
E/E2075.jpg,E,E,0.9824322462081909,1,1
E/E2076.jpg,E,E,0.9853339195251465,1,1
E/E2082.jpg,E,E,0.9838955402374268,1,1
E/E2084.jpg,E,E,0.9846864938735962,1,1
E/E2089.jpg,E,E,0.9854878783226013,1,1
E/E2098.jpg,E,E,0.9769291281700134,3,1
E/E2099.jpg,E,E,0.9766911864280701,3,1
E/E2105.jpg,E,E,0.9798604846000671,2,1
E/E2108.jpg,E,E,0.9808434844017029,3,1
E/E2127.jpg,E,E,0.9810923933982849,2,1
E/E2129.jpg,E,E,0.9830145835876465,2,1
E/E213.jpg,E,E,0.9849715828895569,3,1
E/E2130.jpg,E,E,0.9816960096359253,3,1
E/E2135.jpg,E,E,0.9828292727470398,2,1
E/E2136.jpg,E,E,0.9844871163368225,2,1
E/E2142.jpg,E,E,0.982721745967865,2,1
E/E215.jpg,E,E,0.9845271110534668,3,1
E/E2154.jpg,E,E,0.9852396249771118,2,1
E/E2163.jpg,E,E,0.9855798482894897,2,1
E/E2169.jpg,E,E,0.9854808449745178,2,1
E/E217.jpg,E,E,0.9851700663566589,3,1
E/E2175.jpg,E,E,0.9850791692733765,2,1
E/E2176.jpg,E,E,0.9834405183792114,2,1
E/E2179.jpg,E,E,0.98114013671875,2,1
E/E2182.jpg,E,E,0.9805277585983276,2,1
E/E2186.jpg,E,E,0.9819114804267883,2,1
E/E2187.jpg,E,E,0.9812415838241577,2,1
E/E2188.jpg,E,E,0.9816551208496094,2,1
E/E2204.jpg,E,E,0.9841912984848022,3,1
E/E2216.jpg,E,E,0.9836996793746948,2,1
E/E2220.jpg,E,E,0.9834306240081787,4,1
E/E2222.jpg,E,E,0.9835319519042969,2,1
E/E2227.jpg,E,E,0.9824771285057068,2,1
E/E2229.jpg,E,E,0.9813675284385681,2,1
E/E2233.jpg,E,E,0.9777477383613586,2,1
E/E2240.jpg,E,E,0.9800587296485901,2,1
E/E2252.jpg,E,E,0.9797825217247009,3,1
E/E2260.jpg,E,E,0.9783813953399658,2,1
E/E2263.jpg,E,E,0.9817895293235779,3,1
E/E2265.jpg,E,E,0.9803586006164551,2,1
E/E227.jpg,E,E,0.9838706254959106,3,1
E/E2271.jpg,E,E,0.9846587181091309,1,1
E/E2272.jpg,E,E,0.9852315187454224,1,1
E/E2277.jpg,E,E,0.9835110902786255,1,1
E/E2280.jpg,E,E,0.9845877885818481,1,1
E/E2290.jpg,E,E,0.9775986671447754,2,1
E/E2294.jpg,E,E,0.9713279604911804,2,1
E/E2295.jpg,E,E,0.9756596088409424,2,1
E/E2304.jpg,E,E,0.9806889295578003,2,1
E/E2314.jpg,E,E,0.9834941625595093,3,1
E/E2323.jpg,E,E,0.9816316366195679,3,1
E/E2328.jpg,E,E,0.9805780649185181,1,1
E/E2329.jpg,E,E,0.9765366315841675,1,1
E/E2330.jpg,E,E,0.9775553941726685,1,1
E/E2336.jpg,E,E,0.9775223731994629,1,1
E/E2337.jpg,E,E,0.9793086647987366,1,1
E/E2340.jpg,E,E,0.9801674485206604,1,1
E/E2350.jpg,E,E,0.9785112738609314,1,1
E/E2355.jpg,E,E,0.9772635102272034,1,1
E/E2359.jpg,E,E,0.9792128205299377,2,1
E/E2360.jpg,E,E,0.9772502779960632,3,1
E/E2361.jpg,E,E,0.9778310060501099,2,1
E/E2363.jpg,E,E,0.9779195785522461,2,1
E/E2371.jpg,E,E,0.9787651896476746,2,1
E/E2372.jpg,E,E,0.9776979088783264,2,1
E/E2386.jpg,E,E,0.9832890629768372,4,1
E/E2392.jpg,E,E,0.9837581515312195,3,1
E/E24.jpg,E,E,0.9805638194084167,3,1
E/E2407.jpg,E,E,0.9831662178039551,3,1
E/E2408.jpg,E,E,0.9839739203453064,4,1
E/E2411.jpg,E,E,0.9841920137405396,3,1
E/E2413.jpg,E,E,0.9827529191970825,4,1
E/E2416.jpg,E,E,0.980908989906311,3,1
E/E2418.jpg,E,E,0.9813712239265442,3,1
E/E2420.jpg,E,E,0.9820651412010193,3,1
E/E2424.jpg,E,E,0.9798150062561035,4,1
E/E2429.jpg,E,E,0.9780324697494507,2,1
E/E243.jpg,E,E,0.9779250621795654,5,1
E/E2430.jpg,E,E,0.9782459735870361,2,1
E/E2445.jpg,E,E,0.9772820472717285,2,1
E/E2449.jpg,E,E,0.978018581867218,2,1
E/E2451.jpg,E,E,0.9778921008110046,2,1
E/E2453.jpg,E,E,0.9804850816726685,3,1
E/E2464.jpg,E,E,0.983339786529541,1,1
E/E2468.jpg,E,E,0.9826191663742065,1,1
E/E2474.jpg,E,E,0.984031081199646,1,1
E/E2476.jpg,E,E,0.9835753440856934,2,1
E/E2477.jpg,E,E,0.9827674627304077,1,1
E/E2488.jpg,E,E,0.9849035739898682,1,1
E/E249.jpg,E,E,0.9768155813217163,4,1
E/E2493.jpg,E,E,0.9822774529457092,3,1
E/E2496.jpg,E,E,0.9804250597953796,3,1
E/E2504.jpg,E,E,0.9806938171386719,1,1
E/E2506.jpg,E,E,0.9811815619468689,1,1
E/E2514.jpg,E,E,0.9829673767089844,1,1
E/E2527.jpg,E,E,0.9820088148117065,1,1
E/E2528.jpg,E,E,0.9826960563659668,1,1
E/E2536.jpg,E,E,0.9770908355712891,1,1
E/E2538.jpg,E,E,0.9752618074417114,1,1
E/E2540.jpg,E,E,0.9762465953826904,2,1
E/E2543.jpg,E,E,0.9765938520431519,2,1
E/E2550.jpg,E,E,0.9815680384635925,2,1
E/E2556.jpg,E,E,0.9786574244499207,3,1
E/E2558.jpg,E,E,0.9782861471176147,4,1
E/E2561.jpg,E,E,0.9766457676887512,3,1
E/E2563.jpg,E,E,0.9772002100944519,3,1
E/E2569.jpg,E,E,0.9764721989631653,4,1
E/E2572.jpg,E,E,0.9757261872291565,4,1
E/E2582.jpg,E,E,0.9806631207466125,4,1
E/E2584.jpg,E,E,0.9813567399978638,4,1
E/E2586.jpg,E,E,0.9800118207931519,5,1
E/E2587.jpg,E,E,0.9809998273849487,5,1
E/E2591.jpg,E,E,0.980076014995575,7,1
E/E2594.jpg,E,E,0.9797853827476501,7,1
E/E2596.jpg,E,E,0.9761247038841248,9,1
E/E2597.jpg,E,E,0.9778763055801392,7,1
E/E2598.jpg,E,E,0.9784931540489197,6,1
E/E26.jpg,E,E,0.9818161725997925,3,1
E/E2601.jpg,E,E,0.9765409827232361,5,1
E/E2603.jpg,E,E,0.9787261486053467,6,1
E/E2606.jpg,E,E,0.9767333269119263,5,1
E/E2610.jpg,E,E,0.9773322939872742,5,1
E/E2612.jpg,E,E,0.9784795641899109,4,1
E/E2613.jpg,E,E,0.9788683652877808,4,1
E/E2614.jpg,E,E,0.9809888005256653,3,1
E/E2618.jpg,E,E,0.9789009094238281,2,1
E/E2619.jpg,E,E,0.9780536890029907,3,1
E/E2625.jpg,E,E,0.9828454852104187,5,1
E/E2634.jpg,E,E,0.9849686026573181,2,1
E/E2636.jpg,E,E,0.9849172234535217,2,1
E/E2640.jpg,E,E,0.9858633875846863,2,1
E/E2658.jpg,E,E,0.9861835241317749,2,1
E/E2659.jpg,E,E,0.9861627221107483,3,1
E/E2660.jpg,E,E,0.9853895902633667,2,1
E/E2661.jpg,E,E,0.9846795201301575,3,1
E/E2663.jpg,E,E,0.9838792085647583,2,1
E/E2664.jpg,E,E,0.9845209717750549,2,1
E/E2665.jpg,E,E,0.9848588109016418,2,1
E/E2668.jpg,E,E,0.9829661846160889,2,1
E/E267.jpg,E,E,0.9760658740997314,5,1
E/E2677.jpg,E,E,0.9798802733421326,1,1
E/E268.jpg,E,E,0.9767819046974182,5,1
E/E2680.jpg,E,E,0.9823969602584839,1,1
E/E2688.jpg,E,E,0.9821323156356812,1,1
E/E2689.jpg,E,E,0.9821255207061768,1,1
E/E2690.jpg,E,E,0.9823071360588074,1,1
E/E2693.jpg,E,E,0.9818291664123535,1,1
E/E2704.jpg,E,E,0.9828763604164124,2,1
E/E2711.jpg,E,E,0.9805284142494202,4,1
E/E2723.jpg,E,E,0.979248046875,4,1
E/E2732.jpg,E,E,0.9777985215187073,4,1
E/E2737.jpg,E,E,0.9801241159439087,3,1
E/E2740.jpg,E,E,0.9800971150398254,4,1
E/E2745.jpg,E,E,0.981331467628479,3,1
E/E2749.jpg,E,E,0.9805011749267578,3,1
E/E2755.jpg,E,E,0.9801459908485413,4,1
E/E2759.jpg,E,E,0.9795294404029846,2,1
E/E2765.jpg,E,E,0.9788382053375244,3,1
E/E2775.jpg,E,E,0.9797715544700623,2,1
E/E2783.jpg,E,E,0.9800572395324707,5,1
E/E2789.jpg,E,E,0.9758523106575012,5,1
E/E2791.jpg,E,E,0.9768556356430054,4,1
E/E2792.jpg,E,E,0.9787566661834717,4,1
E/E2795.jpg,E,E,0.9808339476585388,3,1
E/E2796.jpg,E,E,0.9813681244850159,3,1
E/E2798.jpg,E,E,0.982570469379425,3,1
E/E2817.jpg,E,E,0.9821808338165283,1,1
E/E2818.jpg,E,E,0.9813346862792969,2,1
E/E2819.jpg,E,E,0.9825900197029114,2,1
E/E2821.jpg,E,E,0.9857825040817261,1,1
E/E2840.jpg,E,E,0.9829100966453552,1,1
E/E2843.jpg,E,E,0.9821016192436218,1,1
E/E2845.jpg,E,E,0.9813241362571716,1,1
E/E2848.jpg,E,E,0.9817829728126526,1,1
E/E2858.jpg,E,E,0.9788626432418823,1,1
E/E2859.jpg,E,E,0.9752761721611023,1,1
E/E2860.jpg,E,E,0.9773796200752258,1,1
E/E2864.jpg,E,E,0.9779395461082458,1,1
E/E2868.jpg,E,E,0.9781872630119324,3,1
E/E2879.jpg,E,E,0.9794473648071289,5,1
E/E288.jpg,E,E,0.9795268177986145,7,1
E/E2882.jpg,E,E,0.9798036813735962,4,1
E/E2884.jpg,E,E,0.9789232611656189,3,1
E/E2889.jpg,E,E,0.9800957441329956,3,1
E/E2892.jpg,E,E,0.9786632061004639,5,1
E/E2894.jpg,E,E,0.9796295762062073,4,1
E/E2895.jpg,E,E,0.9795799255371094,7,1
E/E2903.jpg,E,E,0.9839868545532227,2,1
E/E2907.jpg,E,E,0.9821447134017944,2,1
E/E2910.jpg,E,E,0.9826496839523315,1,1
E/E2913.jpg,E,E,0.981860339641571,1,1
E/E2916.jpg,E,E,0.9818357229232788,2,1
E/E2921.jpg,E,E,0.9842507839202881,1,1
E/E2922.jpg,E,E,0.9828113317489624,1,1
E/E2934.jpg,E,E,0.9832460880279541,1,1
E/E2938.jpg,E,E,0.9819141030311584,1,1
E/E2942.jpg,E,E,0.9798316359519958,2,1
E/E2944.jpg,E,E,0.9783821105957031,2,1
E/E2957.jpg,E,E,0.9797817468643188,5,1
E/E2958.jpg,E,E,0.9799811244010925,2,1
E/E2961.jpg,E,E,0.980129063129425,3,1
E/E297.jpg,E,E,0.9733766913414001,4,1
E/E2971.jpg,E,E,0.9780721664428711,2,1
E/E2974.jpg,E,E,0.9785780906677246,2,1
E/E2979.jpg,E,E,0.9771231412887573,2,1
E/E2982.jpg,E,E,0.9779332876205444,4,1
E/E2983.jpg,E,E,0.977297306060791,3,1
E/E307.jpg,E,E,0.9803992509841919,4,1
E/E308.jpg,E,E,0.980678141117096,3,1
E/E316.jpg,E,E,0.9874160885810852,3,1
E/E318.jpg,E,E,0.9887969493865967,3,1
E/E325.jpg,E,E,0.985928475856781,4,1
E/E326.jpg,E,E,0.9849321246147156,4,1
E/E334.jpg,E,E,0.9805835485458374,3,1
E/E337.jpg,E,E,0.9808347821235657,4,1
E/E339.jpg,E,E,0.9808977246284485,5,1
E/E34.jpg,E,E,0.9795154929161072,3,1
E/E345.jpg,E,E,0.9810532927513123,4,1
E/E346.jpg,E,E,0.9808984398841858,4,1
E/E347.jpg,E,E,0.9813755750656128,4,1
E/E349.jpg,E,E,0.9790599346160889,5,1
E/E35.jpg,E,E,0.9750311374664307,4,1
E/E355.jpg,E,E,0.9754909873008728,5,1
E/E357.jpg,E,E,0.9767529368400574,5,1
E/E363.jpg,E,E,0.9761475324630737,4,1
E/E364.jpg,E,E,0.9763938784599304,3,1
E/E379.jpg,E,E,0.9774353504180908,4,1
E/E387.jpg,E,E,0.9767035841941833,3,1
E/E388.jpg,E,E,0.9777612686157227,3,1
E/E401.jpg,E,E,0.9795963764190674,3,1
E/E403.jpg,E,E,0.9789276123046875,2,1
E/E412.jpg,E,E,0.9785766005516052,2,1
E/E414.jpg,E,E,0.9772998094558716,3,1
E/E417.jpg,E,E,0.9788907170295715,4,1
E/E422.jpg,E,E,0.9781073927879333,3,1
E/E428.jpg,E,E,0.977429986000061,3,1
E/E435.jpg,E,E,0.9786680340766907,3,1
E/E437.jpg,E,E,0.9780634045600891,3,1
E/E438.jpg,E,E,0.97882080078125,2,1
E/E447.jpg,E,E,0.9781559705734253,2,1
E/E449.jpg,E,E,0.9781021475791931,2,1
E/E456.jpg,E,E,0.9773983359336853,2,1
E/E462.jpg,E,E,0.9770227670669556,3,1
E/E465.jpg,E,E,0.9783220887184143,3,1
E/E467.jpg,E,E,0.9776108860969543,3,1
E/E469.jpg,E,E,0.9763743281364441,4,1
E/E476.jpg,E,E,0.977321207523346,2,1
E/E478.jpg,E,E,0.9768763184547424,4,1
E/E483.jpg,E,E,0.9763057231903076,3,1
E/E485.jpg,E,E,0.9777891039848328,3,1
E/E486.jpg,E,E,0.9776368141174316,4,1
E/E487.jpg,E,E,0.9790184497833252,3,1
E/E489.jpg,E,E,0.9799290299415588,2,1
E/E491.jpg,E,E,0.9794865846633911,3,1
E/E502.jpg,E,E,0.9817706942558289,4,1
E/E506.jpg,E,E,0.9812793731689453,5,1
E/E507.jpg,E,E,0.9815183281898499,5,1
E/E509.jpg,E,E,0.9819062948226929,4,1
E/E513.jpg,E,E,0.982194721698761,5,1
E/E514.jpg,E,E,0.982526421546936,5,1
E/E522.jpg,E,E,0.9822158813476562,4,1
E/E525.jpg,E,E,0.9806063771247864,3,1
E/E527.jpg,E,E,0.9784548878669739,3,1
E/E534.jpg,E,E,0.9784832000732422,2,1
E/E535.jpg,E,E,0.9773808717727661,2,1
E/E543.jpg,E,E,0.9799577593803406,3,1
E/E550.jpg,E,E,0.9785970449447632,3,1
E/E554.jpg,E,E,0.9771633148193359,3,1
E/E558.jpg,E,E,0.9790725111961365,4,1
E/E56.jpg,E,E,0.9777452945709229,4,1
E/E561.jpg,E,E,0.9798158407211304,2,1
E/E562.jpg,E,E,0.9808159470558167,2,1
E/E564.jpg,E,E,0.980527400970459,3,1
E/E568.jpg,E,E,0.9805129766464233,2,1
E/E57.jpg,E,E,0.9782080054283142,5,1
E/E572.jpg,E,E,0.9790027737617493,2,1
E/E576.jpg,E,E,0.9784956574440002,2,1
E/E582.jpg,E,E,0.9790725111961365,3,1
E/E591.jpg,E,E,0.9783132672309875,3,1
E/E596.jpg,E,E,0.9796950817108154,3,1
E/E599.jpg,E,E,0.9776491522789001,4,1
E/E611.jpg,E,E,0.9770415425300598,3,1
E/E613.jpg,E,E,0.9759075045585632,3,1
E/E634.jpg,E,E,0.9789897799491882,4,1
E/E647.jpg,E,E,0.978733241558075,3,1
E/E664.jpg,E,E,0.9797683358192444,3,1
E/E665.jpg,E,E,0.9819152355194092,1,1
E/E666.jpg,E,E,0.9801076650619507,2,1
E/E67.jpg,E,E,0.980787992477417,2,1
E/E676.jpg,E,E,0.9801931977272034,2,1
E/E678.jpg,E,E,0.9785853624343872,2,1
E/E685.jpg,E,E,0.9783306121826172,3,1
E/E687.jpg,E,E,0.9771161675453186,3,1
E/E691.jpg,E,E,0.9768322110176086,3,1
E/E706.jpg,E,E,0.9807794690132141,4,1
E/E709.jpg,E,E,0.9815526604652405,4,1
E/E712.jpg,E,E,0.9807834029197693,3,1
E/E713.jpg,E,E,0.9815683960914612,4,1
E/E714.jpg,E,E,0.9818854928016663,3,1
E/E72.jpg,E,E,0.9799240231513977,2,1
E/E720.jpg,E,E,0.9853890538215637,3,1
E/E721.jpg,E,E,0.9864664673805237,3,1
E/E725.jpg,E,E,0.9890961050987244,4,1
E/E735.jpg,E,E,0.9811686277389526,4,1
E/E736.jpg,E,E,0.9818739891052246,3,1
E/E744.jpg,E,E,0.9802818298339844,4,1
E/E760.jpg,E,E,0.9766976237297058,4,1
E/E765.jpg,E,E,0.9782236218452454,3,1
E/E781.jpg,E,E,0.9767494201660156,5,1
E/E783.jpg,E,E,0.9765868782997131,4,1
E/E785.jpg,E,E,0.976402997970581,4,1
E/E79.jpg,E,E,0.9828837513923645,3,1
E/E806.jpg,E,E,0.9773091673851013,4,1
E/E81.jpg,E,E,0.9827876091003418,4,1
E/E816.jpg,E,E,0.9807805418968201,4,1
E/E817.jpg,E,E,0.9821813702583313,4,1
E/E824.jpg,E,E,0.9806358218193054,4,1
E/E828.jpg,E,E,0.9802061319351196,4,1
E/E832.jpg,E,E,0.9779399037361145,4,1
E/E840.jpg,E,E,0.9820412397384644,3,1
E/E848.jpg,E,E,0.9772003293037415,4,1
E/E853.jpg,E,E,0.9773678779602051,4,1
E/E86.jpg,E,E,0.9773861169815063,5,1
E/E866.jpg,E,E,0.9783734083175659,4,1
E/E870.jpg,E,E,0.9794161319732666,4,1
E/E873.jpg,E,E,0.9802112579345703,5,1
E/E879.jpg,E,E,0.9783596396446228,3,1
E/E887.jpg,E,E,0.9766457676887512,4,1
E/E888.jpg,E,E,0.9755380749702454,4,1
E/E89.jpg,E,E,0.9811696410179138,5,1
E/E893.jpg,E,E,0.9753250479698181,4,1
E/E894.jpg,E,E,0.9754557013511658,4,1
E/E9.jpg,E,E,0.9799609780311584,4,1
E/E906.jpg,E,E,0.9793208837509155,3,1
E/E908.jpg,E,E,0.9802265167236328,3,1
E/E91.jpg,E,E,0.9788114428520203,4,1
E/E910.jpg,E,E,0.980534017086029,5,1
E/E912.jpg,E,E,0.9809597730636597,3,1
E/E914.jpg,E,E,0.9787989854812622,3,1
E/E916.jpg,E,E,0.9774077534675598,3,1
E/E917.jpg,E,E,0.9771012663841248,2,1
E/E92.jpg,E,E,0.9773459434509277,5,1
E/E927.jpg,E,E,0.9800986051559448,3,1
E/E932.jpg,E,E,0.9813799262046814,1,1
E/E937.jpg,E,E,0.982660710811615,3,1
E/E938.jpg,E,E,0.9818763732910156,3,1
E/E946.jpg,E,E,0.9783912301063538,3,1
E/E950.jpg,E,E,0.977616012096405,3,1
E/E956.jpg,E,E,0.9793930053710938,3,1
E/E957.jpg,E,E,0.9786686301231384,3,1
E/E961.jpg,E,E,0.9771144986152649,4,1
E/E966.jpg,E,E,0.9764423966407776,3,1
E/E97.jpg,E,E,0.9774930477142334,3,1
E/E979.jpg,E,E,0.9796648025512695,2,1
E/E980.jpg,E,E,0.9800595641136169,3,1
E/E982.jpg,E,E,0.9812943935394287,2,1
E/E988.jpg,E,E,0.9815318584442139,4,1
E/E991.jpg,E,E,0.9770241379737854,4,1
E/E996.jpg,E,E,0.9779600501060486,3,1
E/E997.jpg,E,E,0.977009654045105,3,1
E/E998.jpg,E,E,0.9778274893760681,3,1
F/F1004.jpg,F,F,0.9807792901992798,6,1
F/F1005.jpg,F,F,0.9812185168266296,5,1
F/F101.jpg,F,F,0.9865468740463257,4,1
F/F1014.jpg,F,F,0.9780948758125305,4,1
F/F102.jpg,F,F,0.9866792559623718,4,1
F/F1026.jpg,F,F,0.9788187742233276,5,1
F/F1028.jpg,F,F,0.9774540066719055,4,1
F/F1029.jpg,F,F,0.9815022349357605,4,1
F/F1042.jpg,F,F,0.987747073173523,4,1
F/F1043.jpg,F,F,0.9880324602127075,2,1
F/F1044.jpg,F,F,0.9845853447914124,3,1
F/F1045.jpg,F,F,0.9851550459861755,3,1
F/F1051.jpg,F,F,0.984743595123291,3,1
F/F1063.jpg,F,F,0.9769999980926514,5,1
F/F1066.jpg,F,F,0.9779770374298096,6,1
F/F1071.jpg,F,F,0.9839127659797668,4,1
F/F1073.jpg,F,F,0.9807680249214172,8,1
F/F1075.jpg,F,F,0.9833419322967529,6,1
F/F1080.jpg,F,F,0.9828506708145142,6,1
F/F1091.jpg,F,F,0.9804334044456482,7,1
F/F1093.jpg,F,F,0.9830980896949768,6,1
F/F1099.jpg,F,F,0.9803472757339478,6,1
F/F1102.jpg,F,F,0.9814440011978149,7,1
F/F1107.jpg,F,F,0.9790744185447693,7,1
F/F1109.jpg,F,F,0.9810186624526978,5,1
F/F1114.jpg,F,F,0.9848447442054749,6,1
F/F1118.jpg,F,F,0.9821558594703674,5,1
F/F1122.jpg,F,F,0.9803256988525391,6,1
F/F1125.jpg,F,F,0.9818102121353149,8,1
F/F1130.jpg,F,F,0.9857410192489624,6,1
F/F1134.jpg,F,F,0.9851781725883484,6,1
F/F1137.jpg,F,F,0.9823712110519409,5,1
F/F1138.jpg,F,F,0.976642370223999,6,1
F/F1147.jpg,F,F,0.9803647994995117,6,1
F/F1170.jpg,F,F,0.9801486134529114,4,1
F/F1174.jpg,F,F,0.9810685515403748,5,1
F/F1175.jpg,F,F,0.9803886413574219,4,1
F/F1177.jpg,F,F,0.9817262291908264,4,1
F/F1178.jpg,F,F,0.981780469417572,3,1
F/F1184.jpg,F,F,0.9803793430328369,4,1
F/F1186.jpg,F,F,0.9801204800605774,3,1
F/F1187.jpg,F,F,0.9817084074020386,4,1
F/F119.jpg,F,F,0.9858696460723877,4,1
F/F1201.jpg,F,F,0.9854423999786377,5,1
F/F1205.jpg,F,F,0.9858105778694153,6,1
F/F121.jpg,F,F,0.9842701554298401,4,1
F/F1214.jpg,F,F,0.9851431250572205,5,1
F/F1220.jpg,F,F,0.9839196801185608,4,1
F/F1221.jpg,F,F,0.9842497706413269,4,1
F/F1222.jpg,F,F,0.984715461730957,4,1
F/F1230.jpg,F,F,0.9861958026885986,5,1
F/F1233.jpg,F,F,0.9864196181297302,5,1
F/F1236.jpg,F,F,0.9824256896972656,4,1
F/F1243.jpg,F,F,0.9828452467918396,4,1
F/F1249.jpg,F,F,0.9861314296722412,4,1
F/F1257.jpg,F,F,0.9755772352218628,5,1
F/F1259.jpg,F,F,0.9759829044342041,5,1
F/F126.jpg,F,F,0.9814999103546143,4,1
F/F1270.jpg,F,F,0.978939414024353,6,1
F/F1272.jpg,F,F,0.9771966934204102,7,1
F/F1276.jpg,F,F,0.9750458598136902,5,1
F/F1283.jpg,F,F,0.9803901314735413,6,1
F/F1284.jpg,F,F,0.9803328514099121,7,1
F/F1288.jpg,F,F,0.9795968532562256,8,1
F/F1298.jpg,F,F,0.9779961109161377,6,1
F/F1311.jpg,F,F,0.983125627040863,5,1
F/F1312.jpg,F,F,0.9831968545913696,6,1
F/F1321.jpg,F,F,0.9841586351394653,5,1
F/F1324.jpg,F,F,0.9840490818023682,5,1
F/F1329.jpg,F,F,0.9823678731918335,5,1
F/F1342.jpg,F,F,0.9828048348426819,4,1
F/F1346.jpg,F,F,0.9844271540641785,4,1
F/F1351.jpg,F,F,0.9831489324569702,3,1
F/F1354.jpg,F,F,0.9837640523910522,6,1
F/F1361.jpg,F,F,0.9770631790161133,3,1
F/F1365.jpg,F,F,0.9734981060028076,3,1
F/F1374.jpg,F,F,0.9830119013786316,5,1
F/F1379.jpg,F,F,0.9849275350570679,5,1
F/F1380.jpg,F,F,0.9850965142250061,4,1
F/F1385.jpg,F,F,0.9829635620117188,4,1
F/F1388.jpg,F,F,0.9816238284111023,4,1
F/F1391.jpg,F,F,0.9860883355140686,3,1
F/F14.jpg,F,F,0.9863365888595581,4,1
F/F1409.jpg,F,F,0.9806560277938843,5,1
F/F1412.jpg,F,F,0.9792020916938782,6,1
F/F1416.jpg,F,F,0.9801361560821533,4,1
F/F1432.jpg,F,F,0.9783974885940552,4,1
F/F1444.jpg,F,F,0.9790599346160889,3,1
F/F1446.jpg,F,F,0.9789847731590271,3,1
F/F1451.jpg,F,F,0.9751343727111816,3,1
F/F1458.jpg,F,F,0.980095386505127,4,1
F/F1461.jpg,F,F,0.9836959838867188,4,1
F/F1463.jpg,F,F,0.9830678105354309,6,1
F/F1464.jpg,F,F,0.9825482368469238,4,1
F/F1471.jpg,F,F,0.9842197299003601,5,1
F/F1472.jpg,F,F,0.9849152565002441,5,1
F/F1482.jpg,F,F,0.9853841662406921,4,1
F/F1488.jpg,F,F,0.9789709448814392,4,1
F/F1489.jpg,F,F,0.9795015454292297,6,1
F/F1496.jpg,F,F,0.9813789129257202,5,1
F/F15.jpg,F,F,0.9847776889801025,5,1
F/F1502.jpg,F,F,0.9815413951873779,5,1
F/F1508.jpg,F,F,0.9825390577316284,5,1
F/F1510.jpg,F,F,0.9810581207275391,5,1
F/F1516.jpg,F,F,0.9843408465385437,7,1
F/F1523.jpg,F,F,0.9811534881591797,2,1
F/F1525.jpg,F,F,0.9844369888305664,4,1
F/F153.jpg,F,F,0.9859421849250793,4,1
F/F1537.jpg,F,F,0.9832173585891724,5,1
F/F1538.jpg,F,F,0.9829215407371521,5,1
F/F1539.jpg,F,F,0.9815094470977783,5,1
F/F1541.jpg,F,F,0.9845929741859436,4,1
F/F1545.jpg,F,F,0.9807055592536926,5,1
F/F1546.jpg,F,F,0.9810588955879211,5,1
F/F1551.jpg,F,F,0.9804361462593079,5,1
F/F1554.jpg,F,F,0.9782721996307373,5,1
F/F1567.jpg,F,F,0.9835819005966187,4,1
F/F1569.jpg,F,F,0.9815481901168823,4,1
F/F1572.jpg,F,F,0.9815813302993774,4,1
F/F1574.jpg,F,F,0.9857511520385742,5,1
F/F1581.jpg,F,F,0.9829059839248657,4,1
F/F1587.jpg,F,F,0.9777981042861938,4,1
F/F1592.jpg,F,F,0.9816423654556274,1,1
F/F1595.jpg,F,F,0.979385256767273,1,1
F/F1606.jpg,F,F,0.9827365875244141,2,1
F/F1610.jpg,F,F,0.9826107621192932,1,1
F/F162.jpg,F,F,0.9844655394554138,6,1
F/F1620.jpg,F,F,0.9801974296569824,4,1
F/F1621.jpg,F,F,0.9801003336906433,5,1
F/F1634.jpg,F,F,0.9834627509117126,3,1
F/F164.jpg,F,F,0.9828338623046875,5,1
F/F1640.jpg,F,F,0.9851592183113098,5,1
F/F1642.jpg,F,F,0.9860795140266418,4,1
F/F1645.jpg,F,F,0.9863330721855164,4,1
F/F1651.jpg,F,F,0.9844415783882141,5,1
F/F1655.jpg,F,F,0.9855045676231384,5,1
F/F1656.jpg,F,F,0.9824009537696838,4,1
F/F1659.jpg,F,F,0.9807246923446655,4,1
F/F1663.jpg,F,F,0.979740560054779,4,1
F/F1665.jpg,F,F,0.9758315682411194,5,1
F/F1669.jpg,F,F,0.9750511646270752,5,1
F/F167.jpg,F,F,0.9854838252067566,5,1
F/F1675.jpg,F,F,0.9752307534217834,5,1
F/F1679.jpg,F,F,0.979233980178833,5,1
F/F168.jpg,F,F,0.9852405786514282,5,1
F/F1685.jpg,F,F,0.9790619611740112,5,1
F/F1686.jpg,F,F,0.9805739521980286,5,1
F/F169.jpg,F,F,0.9850583076477051,6,1
F/F1698.jpg,F,F,0.9806652665138245,4,1
F/F1702.jpg,F,F,0.9806399345397949,3,1
F/F1708.jpg,F,F,0.9814746379852295,3,1
F/F171.jpg,F,F,0.9836980104446411,5,1
F/F1716.jpg,F,F,0.9827027320861816,4,1
F/F172.jpg,F,F,0.9842895865440369,5,1
F/F1725.jpg,F,F,0.9810135960578918,4,1
F/F1728.jpg,F,F,0.9825569987297058,4,1
F/F1738.jpg,F,F,0.9826311469078064,5,1
F/F1749.jpg,F,F,0.9825566411018372,4,1
F/F1759.jpg,F,F,0.9831559658050537,3,1
F/F1763.jpg,F,F,0.981942355632782,2,1
F/F1765.jpg,F,F,0.9814181923866272,2,1
F/F1780.jpg,F,F,0.9819211363792419,4,1
F/F1782.jpg,F,F,0.9812528491020203,3,1
F/F1790.jpg,F,F,0.9826776385307312,4,1
F/F1791.jpg,F,F,0.9846649765968323,4,1
F/F1792.jpg,F,F,0.9853526949882507,4,1
F/F1793.jpg,F,F,0.9854228496551514,4,1
F/F1795.jpg,F,F,0.986710250377655,4,1
F/F1796.jpg,F,F,0.9859177470207214,4,1
F/F1801.jpg,F,F,0.9829918742179871,4,1
F/F1805.jpg,F,F,0.9847175478935242,6,1
F/F1816.jpg,F,F,0.9825344681739807,3,1
F/F1820.jpg,F,F,0.9797335267066956,3,1
F/F1821.jpg,F,F,0.9809503555297852,3,1
F/F1828.jpg,F,F,0.9803776144981384,6,1
F/F1830.jpg,F,F,0.9811199307441711,7,1
F/F1838.jpg,F,F,0.9815327525138855,5,1
F/F1841.jpg,F,F,0.9831241369247437,4,1
F/F185.jpg,F,F,0.9851129055023193,4,1
F/F1872.jpg,F,F,0.9807268381118774,3,1
F/F1877.jpg,F,F,0.9791262149810791,3,1
F/F1879.jpg,F,F,0.9796965718269348,5,1
F/F1883.jpg,F,F,0.9823023676872253,4,1
F/F1884.jpg,F,F,0.9820318222045898,4,1
F/F1886.jpg,F,F,0.9835011959075928,4,1
F/F189.jpg,F,F,0.9868723154067993,4,1
F/F1891.jpg,F,F,0.9806508421897888,4,1
F/F190.jpg,F,F,0.985880434513092,5,1
F/F1914.jpg,F,F,0.9659174680709839,5,1
F/F1919.jpg,F,F,0.9855542182922363,5,1
F/F1920.jpg,F,F,0.9873785376548767,5,1
F/F1927.jpg,F,F,0.9887708425521851,5,1
F/F1928.jpg,F,F,0.9876298308372498,5,1
F/F1929.jpg,F,F,0.9889054298400879,4,1
F/F1932.jpg,F,F,0.9887450337409973,5,1
F/F1935.jpg,F,F,0.9860828518867493,5,1
F/F1941.jpg,F,F,0.9842020273208618,5,1
F/F1944.jpg,F,F,0.9840686917304993,5,1
F/F1947.jpg,F,F,0.9838854074478149,5,1
F/F1948.jpg,F,F,0.9832770824432373,6,1
F/F1958.jpg,F,F,0.9815682768821716,6,1
F/F196.jpg,F,F,0.9858396053314209,5,1
F/F1962.jpg,F,F,0.9828507900238037,3,1
F/F1964.jpg,F,F,0.9814594984054565,4,1
F/F197.jpg,F,F,0.9864445328712463,5,1
F/F1974.jpg,F,F,0.9781488180160522,5,1
F/F1975.jpg,F,F,0.9784173369407654,4,1
F/F1976.jpg,F,F,0.9779269099235535,5,1
F/F1979.jpg,F,F,0.9778535962104797,3,1
F/F198.jpg,F,F,0.9860250353813171,6,1
F/F1992.jpg,F,F,0.976047933101654,5,1
F/F2000.jpg,F,F,0.9763057231903076,5,1
F/F2010.jpg,F,F,0.9830756187438965,3,1
F/F2011.jpg,F,F,0.9851291179656982,3,1
F/F2014.jpg,F,F,0.9847240447998047,2,1
F/F2018.jpg,F,F,0.9846174716949463,2,1
F/F2029.jpg,F,F,0.9813041687011719,2,1
F/F203.jpg,F,F,0.9876865744590759,4,1
F/F2030.jpg,F,F,0.9827646613121033,2,1
F/F2036.jpg,F,F,0.9846560955047607,2,1
F/F2039.jpg,F,F,0.9836865067481995,2,1
F/F2045.jpg,F,F,0.986973762512207,2,1
F/F2049.jpg,F,F,0.9852578043937683,3,1
F/F2055.jpg,F,F,0.9844204783439636,4,1
F/F2059.jpg,F,F,0.9754904508590698,4,1
F/F2062.jpg,F,F,0.9737733006477356,4,1
F/F2064.jpg,F,F,0.9759100079536438,3,1
F/F2065.jpg,F,F,0.9778050184249878,4,1
F/F207.jpg,F,F,0.9881150722503662,6,1
F/F2075.jpg,F,F,0.987275242805481,3,1
F/F2076.jpg,F,F,0.9872552156448364,3,1
F/F2077.jpg,F,F,0.9845794439315796,4,1
F/F2080.jpg,F,F,0.9848810434341431,3,1
F/F2082.jpg,F,F,0.9873171448707581,1,1
F/F2093.jpg,F,F,0.9806520938873291,2,1
F/F2094.jpg,F,F,0.9863422513008118,1,1
F/F2095.jpg,F,F,0.9853782653808594,2,1
F/F2102.jpg,F,F,0.9829679131507874,1,1
F/F2107.jpg,F,F,0.984473705291748,3,1
F/F2115.jpg,F,F,0.9836218953132629,4,1
F/F2116.jpg,F,F,0.9834030270576477,4,1
F/F2135.jpg,F,F,0.9835597276687622,2,1
F/F2142.jpg,F,F,0.9833964705467224,2,1
F/F2145.jpg,F,F,0.9844173192977905,3,1
F/F2151.jpg,F,F,0.9841857552528381,4,1
F/F2155.jpg,F,F,0.9822956323623657,3,1
F/F2163.jpg,F,F,0.9840647578239441,3,1
F/F2167.jpg,F,F,0.9812313914299011,3,1
F/F2169.jpg,F,F,0.9824126958847046,4,1
F/F2173.jpg,F,F,0.9846766591072083,5,1
F/F2194.jpg,F,F,0.9839725494384766,3,1
F/F2200.jpg,F,F,0.9816988706588745,3,1
F/F2202.jpg,F,F,0.9817813634872437,3,1
F/F2211.jpg,F,F,0.9825244545936584,3,1
F/F2213.jpg,F,F,0.986851155757904,3,1
F/F2215.jpg,F,F,0.9872820973396301,3,1
F/F2218.jpg,F,F,0.984580397605896,4,1
F/F222.jpg,F,F,0.9915579557418823,5,1
F/F2222.jpg,F,F,0.9840809106826782,3,1
F/F2232.jpg,F,F,0.9767927527427673,4,1
F/F2236.jpg,F,F,0.9814241528511047,3,1
F/F2241.jpg,F,F,0.9800400733947754,3,1
F/F2250.jpg,F,F,0.9816403985023499,4,1
F/F2253.jpg,F,F,0.9825802445411682,4,1
F/F2258.jpg,F,F,0.9828739762306213,3,1
F/F2259.jpg,F,F,0.9848581552505493,3,1
F/F2277.jpg,F,F,0.9868897199630737,4,1
F/F228.jpg,F,F,0.9889267683029175,5,1
F/F2287.jpg,F,F,0.9857796430587769,4,1
F/F2289.jpg,F,F,0.9831961393356323,4,1
F/F2292.jpg,F,F,0.9831185936927795,3,1
F/F2303.jpg,F,F,0.9825731515884399,3,1
F/F2306.jpg,F,F,0.9801121354103088,3,1
F/F2316.jpg,F,F,0.9869187474250793,4,1
F/F2319.jpg,F,F,0.9860451817512512,3,1
F/F2324.jpg,F,F,0.9865028858184814,4,1
F/F2328.jpg,F,F,0.9888409972190857,3,1
F/F233.jpg,F,F,0.9888516068458557,5,1
F/F2336.jpg,F,F,0.9865763187408447,3,1
F/F234.jpg,F,F,0.9882901906967163,5,1
F/F2341.jpg,F,F,0.98917156457901,3,1
F/F2344.jpg,F,F,0.9873347282409668,3,1
F/F2349.jpg,F,F,0.9873096346855164,1,1
F/F2350.jpg,F,F,0.9869011044502258,2,1
F/F2352.jpg,F,F,0.987438976764679,4,1
F/F2354.jpg,F,F,0.9868714809417725,2,1
F/F2356.jpg,F,F,0.9863976836204529,2,1
F/F2361.jpg,F,F,0.9872261881828308,2,1
F/F2366.jpg,F,F,0.9871422052383423,3,1
F/F2369.jpg,F,F,0.9834513664245605,2,1
F/F2379.jpg,F,F,0.9831021428108215,3,1
F/F2385.jpg,F,F,0.9860432147979736,3,1
F/F2388.jpg,F,F,0.986666738986969,3,1
F/F2389.jpg,F,F,0.987489640712738,3,1
F/F2390.jpg,F,F,0.9864037036895752,3,1
F/F2395.jpg,F,F,0.9874584674835205,3,1
F/F2398.jpg,F,F,0.9864815473556519,3,1
F/F2401.jpg,F,F,0.9852370619773865,3,1
F/F2402.jpg,F,F,0.985773503780365,3,1
F/F2405.jpg,F,F,0.9890053868293762,3,1
F/F2411.jpg,F,F,0.989264965057373,3,1
F/F2417.jpg,F,F,0.9853962063789368,3,1
F/F2425.jpg,F,F,0.9800769686698914,3,1
F/F2434.jpg,F,F,0.9835334420204163,4,1
F/F2435.jpg,F,F,0.9823769330978394,4,1
F/F2436.jpg,F,F,0.9814955592155457,3,1
F/F2440.jpg,F,F,0.9851558804512024,4,1
F/F2448.jpg,F,F,0.983162522315979,3,1
F/F2449.jpg,F,F,0.982837438583374,3,1
F/F245.jpg,F,F,0.989249587059021,4,1
F/F2450.jpg,F,F,0.9824891090393066,3,1
F/F2455.jpg,F,F,0.9833605289459229,2,1
F/F2457.jpg,F,F,0.9824159145355225,2,1
F/F2475.jpg,F,F,0.9848490953445435,2,1
F/F2480.jpg,F,F,0.98357093334198,2,1
F/F2483.jpg,F,F,0.98261559009552,2,1
F/F2487.jpg,F,F,0.9804103970527649,4,1
F/F2489.jpg,F,F,0.9804766178131104,4,1
F/F2491.jpg,F,F,0.9785311222076416,3,1
F/F2508.jpg,F,F,0.9854472875595093,3,1
F/F2510.jpg,F,F,0.9854589700698853,3,1
F/F2511.jpg,F,F,0.9849339723587036,3,1
F/F252.jpg,F,F,0.9864614605903625,4,1
F/F2520.jpg,F,F,0.9858559370040894,2,1
F/F2522.jpg,F,F,0.9852914810180664,3,1
F/F253.jpg,F,F,0.9871901869773865,4,1
F/F2540.jpg,F,F,0.9823430180549622,4,1
F/F2544.jpg,F,F,0.9860175251960754,3,1
F/F2545.jpg,F,F,0.981745719909668,4,1
F/F2547.jpg,F,F,0.9793415665626526,4,1
F/F2548.jpg,F,F,0.9799889922142029,4,1
F/F2556.jpg,F,F,0.9788922071456909,4,1
F/F2559.jpg,F,F,0.9792596101760864,3,1
F/F2561.jpg,F,F,0.9791761636734009,4,1
F/F2562.jpg,F,F,0.9797638654708862,4,1
F/F2563.jpg,F,F,0.9805845022201538,4,1
F/F2565.jpg,F,F,0.9801539182662964,3,1
F/F2571.jpg,F,F,0.9807854294776917,4,1
F/F2576.jpg,F,F,0.9812987446784973,2,1
F/F2579.jpg,F,F,0.9803542494773865,1,1
F/F2580.jpg,F,F,0.9815322160720825,1,1
F/F2587.jpg,F,F,0.981945812702179,2,1
F/F2588.jpg,F,F,0.9842334389686584,1,1
F/F2590.jpg,F,F,0.9814674258232117,2,1
F/F2592.jpg,F,F,0.9825305342674255,2,1
F/F2595.jpg,F,F,0.9822553396224976,3,1
F/F2596.jpg,F,F,0.9804437160491943,4,1
F/F2597.jpg,F,F,0.9816076755523682,5,1
F/F2607.jpg,F,F,0.9856436252593994,4,1
F/F2611.jpg,F,F,0.986396312713623,5,1
F/F2612.jpg,F,F,0.988667905330658,5,1
F/F2620.jpg,F,F,0.9904903173446655,5,1
F/F2622.jpg,F,F,0.9888826012611389,5,1
F/F2624.jpg,F,F,0.9895311594009399,5,1
F/F2627.jpg,F,F,0.9888265132904053,6,1
F/F2630.jpg,F,F,0.985601007938385,6,1
F/F2632.jpg,F,F,0.9836180806159973,6,1
F/F2635.jpg,F,F,0.982213020324707,6,1
F/F264.jpg,F,F,0.9821776151657104,5,1
F/F2651.jpg,F,F,0.9854028224945068,2,1
F/F2653.jpg,F,F,0.9830007553100586,3,1
F/F2654.jpg,F,F,0.9823442697525024,4,1
F/F2655.jpg,F,F,0.9832003116607666,3,1
F/F2659.jpg,F,F,0.9816874861717224,2,1
F/F2662.jpg,F,F,0.982799232006073,2,1
F/F2682.jpg,F,F,0.9808809757232666,2,1
F/F2685.jpg,F,F,0.981564462184906,3,1
F/F2686.jpg,F,F,0.981503963470459,2,1
F/F2689.jpg,F,F,0.9821614027023315,2,1
F/F2692.jpg,F,F,0.9811823964118958,3,1
F/F2693.jpg,F,F,0.980791449546814,5,1
F/F2699.jpg,F,F,0.9806308150291443,3,1
F/F2703.jpg,F,F,0.9825160503387451,2,1
F/F2705.jpg,F,F,0.9837250113487244,2,1
F/F2708.jpg,F,F,0.983073890209198,3,1
F/F271.jpg,F,F,0.9786892533302307,5,1
F/F2711.jpg,F,F,0.9838072657585144,4,1
F/F2714.jpg,F,F,0.9843469858169556,2,1
F/F2719.jpg,F,F,0.9858518242835999,3,1
F/F2728.jpg,F,F,0.9849832653999329,5,1
F/F2734.jpg,F,F,0.9842500686645508,4,1
F/F2736.jpg,F,F,0.9799758791923523,5,1
F/F2737.jpg,F,F,0.9802824258804321,3,1
F/F2739.jpg,F,F,0.981928825378418,2,1
F/F2742.jpg,F,F,0.9806146025657654,3,1
F/F2745.jpg,F,F,0.9797112345695496,1,1
F/F2746.jpg,F,F,0.9800865650177002,1,1
F/F2754.jpg,F,F,0.9811567068099976,2,1
F/F2755.jpg,F,F,0.9845759868621826,3,1
F/F276.jpg,F,F,0.9859293103218079,4,1
F/F2769.jpg,F,F,0.9802988171577454,4,1
F/F277.jpg,F,F,0.9855689406394958,4,1
F/F2774.jpg,F,F,0.9807900190353394,3,1
F/F2775.jpg,F,F,0.9810059070587158,4,1
F/F2778.jpg,F,F,0.9822958111763,3,1
F/F2792.jpg,F,F,0.9802282452583313,2,1
F/F2795.jpg,F,F,0.9814370274543762,2,1
F/F28.jpg,F,F,0.985353410243988,4,1
F/F2803.jpg,F,F,0.980012834072113,2,1
F/F2805.jpg,F,F,0.9796793460845947,2,1
F/F2815.jpg,F,F,0.9820038676261902,2,1
F/F2817.jpg,F,F,0.9839592576026917,2,1
F/F2819.jpg,F,F,0.9844488501548767,2,1
F/F2823.jpg,F,F,0.984455943107605,2,1
F/F2833.jpg,F,F,0.9812052249908447,2,1
F/F2834.jpg,F,F,0.9798173308372498,2,1
F/F2836.jpg,F,F,0.979233980178833,2,1
F/F2837.jpg,F,F,0.9798036813735962,2,1
F/F2839.jpg,F,F,0.9793452024459839,2,1
F/F2840.jpg,F,F,0.9799731969833374,3,1
F/F2848.jpg,F,F,0.9802053570747375,2,1
F/F2851.jpg,F,F,0.9817978143692017,2,1
F/F286.jpg,F,F,0.986322283744812,5,1
F/F2864.jpg,F,F,0.9866136908531189,7,1
F/F287.jpg,F,F,0.9876773953437805,4,1
F/F2874.jpg,F,F,0.9833367466926575,2,1
F/F2878.jpg,F,F,0.9838972091674805,1,1
F/F2880.jpg,F,F,0.9848628640174866,2,1
F/F2888.jpg,F,F,0.9826212525367737,3,1
F/F289.jpg,F,F,0.9849138855934143,5,1
F/F2891.jpg,F,F,0.9839679002761841,4,1
F/F2893.jpg,F,F,0.9855068922042847,3,1
F/F2897.jpg,F,F,0.9831841588020325,3,1
F/F2910.jpg,F,F,0.9863966107368469,4,1
F/F2912.jpg,F,F,0.9879514575004578,4,1
F/F2914.jpg,F,F,0.9879498481750488,4,1
F/F2920.jpg,F,F,0.9883176684379578,3,1
F/F2923.jpg,F,F,0.987149715423584,4,1
F/F2924.jpg,F,F,0.9877852201461792,4,1
F/F2929.jpg,F,F,0.9807963371276855,3,1
F/F2939.jpg,F,F,0.9814370274543762,2,1
F/F294.jpg,F,F,0.9842498302459717,4,1
F/F2944.jpg,F,F,0.981879711151123,2,1
F/F2946.jpg,F,F,0.9827743172645569,2,1
F/F2949.jpg,F,F,0.9828773140907288,3,1
F/F2957.jpg,F,F,0.9827215075492859,4,1
F/F2960.jpg,F,F,0.9808159470558167,2,1
F/F2965.jpg,F,F,0.9812692403793335,2,1
F/F2966.jpg,F,F,0.9811109900474548,2,1
F/F2967.jpg,F,F,0.9804056882858276,1,1
F/F297.jpg,F,F,0.9862406849861145,5,1
F/F2974.jpg,F,F,0.9882535934448242,4,1
F/F2975.jpg,F,F,0.9894900918006897,4,1
F/F2977.jpg,F,F,0.989188015460968,3,1
F/F2981.jpg,F,F,0.9889503121376038,3,1
F/F2985.jpg,F,F,0.9885255694389343,4,1
F/F2986.jpg,F,F,0.9887608885765076,3,1
F/F312.jpg,F,F,0.9866514205932617,4,1
F/F317.jpg,F,F,0.9859744906425476,3,1
F/F320.jpg,F,F,0.985089898109436,3,1
F/F333.jpg,F,F,0.9830682873725891,3,1
F/F335.jpg,F,F,0.9845455884933472,3,1
F/F342.jpg,F,F,0.9870800375938416,3,1
F/F347.jpg,F,F,0.9867995381355286,4,1
F/F352.jpg,F,F,0.9863559007644653,3,1
F/F365.jpg,F,F,0.9843083024024963,2,1
F/F37.jpg,F,F,0.9907652139663696,3,1
F/F374.jpg,F,F,0.9844232201576233,2,1
F/F384.jpg,F,F,0.9831601977348328,3,1
F/F387.jpg,F,F,0.984474778175354,2,1
F/F390.jpg,F,F,0.9832575917243958,3,1
F/F4.jpg,F,F,0.9876683354377747,4,1
F/F412.jpg,F,F,0.9841262102127075,2,1
F/F42.jpg,F,F,0.9893950819969177,5,1
F/F423.jpg,F,F,0.9844151139259338,3,1
F/F426.jpg,F,F,0.9853590726852417,3,1
F/F427.jpg,F,F,0.9866628050804138,3,1
F/F433.jpg,F,F,0.9829840660095215,2,1
F/F437.jpg,F,F,0.9843988418579102,2,1
F/F442.jpg,F,F,0.9832767248153687,4,1
F/F468.jpg,F,F,0.9861056208610535,3,1
F/F469.jpg,F,F,0.9868407249450684,3,1
F/F47.jpg,F,F,0.9902764558792114,4,1
F/F471.jpg,F,F,0.9875717163085938,3,1
F/F472.jpg,F,F,0.9871525168418884,3,1
F/F474.jpg,F,F,0.9860862493515015,3,1
F/F480.jpg,F,F,0.9854571223258972,3,1
F/F490.jpg,F,F,0.9869663715362549,3,1
F/F496.jpg,F,F,0.9877002239227295,3,1
F/F498.jpg,F,F,0.9884435534477234,3,1
F/F5.jpg,F,F,0.9877104163169861,4,1
F/F502.jpg,F,F,0.987180769443512,3,1
F/F505.jpg,F,F,0.9879193305969238,3,1
F/F519.jpg,F,F,0.9877298474311829,3,1
F/F52.jpg,F,F,0.9881723523139954,5,1
F/F520.jpg,F,F,0.9850142598152161,3,1
F/F528.jpg,F,F,0.9855461120605469,3,1
F/F529.jpg,F,F,0.9850246906280518,3,1
F/F530.jpg,F,F,0.984967052936554,3,1
F/F535.jpg,F,F,0.9879149198532104,3,1
F/F541.jpg,F,F,0.9837799668312073,3,1
F/F552.jpg,F,F,0.9832786917686462,3,1
F/F555.jpg,F,F,0.9839074611663818,3,1
F/F568.jpg,F,F,0.9841070175170898,4,1
F/F571.jpg,F,F,0.9854738712310791,3,1
F/F576.jpg,F,F,0.9871405959129333,4,1
F/F577.jpg,F,F,0.9869759678840637,4,1
F/F579.jpg,F,F,0.9871998429298401,3,1
F/F580.jpg,F,F,0.9861847758293152,3,1
F/F582.jpg,F,F,0.9876825213432312,3,1
F/F589.jpg,F,F,0.9859040379524231,4,1
F/F600.jpg,F,F,0.9826704859733582,5,1
F/F605.jpg,F,F,0.984623372554779,4,1
F/F613.jpg,F,F,0.9864630103111267,4,1
F/F623.jpg,F,F,0.9865458011627197,5,1
F/F626.jpg,F,F,0.9860765933990479,6,1
F/F631.jpg,F,F,0.9864479303359985,4,1
F/F635.jpg,F,F,0.9869946837425232,6,1
F/F640.jpg,F,F,0.9878630638122559,4,1
F/F641.jpg,F,F,0.9866142868995667,4,1
F/F642.jpg,F,F,0.9878007173538208,5,1
F/F652.jpg,F,F,0.9840279221534729,7,1
F/F653.jpg,F,F,0.9837978482246399,6,1
F/F655.jpg,F,F,0.9851878881454468,6,1
F/F658.jpg,F,F,0.984870195388794,4,1
F/F665.jpg,F,F,0.9869624972343445,5,1
F/F669.jpg,F,F,0.9850917458534241,5,1
F/F671.jpg,F,F,0.9874416589736938,5,1
F/F692.jpg,F,F,0.987357497215271,4,1
F/F694.jpg,F,F,0.9845702052116394,5,1
F/F695.jpg,F,F,0.9851762056350708,4,1
F/F708.jpg,F,F,0.9820618033409119,7,1
F/F712.jpg,F,F,0.9852821826934814,6,1
F/F714.jpg,F,F,0.9857544898986816,5,1
F/F716.jpg,F,F,0.9835628867149353,7,1
F/F724.jpg,F,F,0.9823070168495178,6,1
F/F726.jpg,F,F,0.9811049103736877,4,1
F/F727.jpg,F,F,0.9856576323509216,4,1
F/F73.jpg,F,F,0.9861620664596558,5,1
F/F730.jpg,F,F,0.9833978414535522,4,1
F/F734.jpg,F,F,0.982658326625824,3,1
F/F736.jpg,F,F,0.9832872152328491,3,1
F/F737.jpg,F,F,0.9839485287666321,3,1
F/F738.jpg,F,F,0.9847121238708496,3,1
F/F740.jpg,F,F,0.9844293594360352,3,1
F/F745.jpg,F,F,0.9828314781188965,3,1
F/F746.jpg,F,F,0.9829555153846741,3,1
F/F75.jpg,F,F,0.9827144742012024,6,1
F/F753.jpg,F,F,0.9837563037872314,4,1
F/F758.jpg,F,F,0.9848670363426208,4,1
F/F762.jpg,F,F,0.9846770763397217,4,1
F/F765.jpg,F,F,0.9847050905227661,2,1
F/F769.jpg,F,F,0.9846394062042236,3,1
F/F770.jpg,F,F,0.9840078353881836,2,1
F/F776.jpg,F,F,0.9836757779121399,2,1
F/F777.jpg,F,F,0.9845149517059326,2,1
F/F787.jpg,F,F,0.9830590486526489,4,1
F/F788.jpg,F,F,0.9808456897735596,4,1
F/F792.jpg,F,F,0.9822806715965271,4,1
F/F795.jpg,F,F,0.9843508005142212,3,1
F/F797.jpg,F,F,0.9866237044334412,3,1
F/F8.jpg,F,F,0.9880626201629639,4,1
F/F80.jpg,F,F,0.9820974469184875,5,1
F/F801.jpg,F,F,0.9871358275413513,3,1
F/F803.jpg,F,F,0.9869124889373779,4,1
F/F813.jpg,F,F,0.9860658645629883,4,1
F/F817.jpg,F,F,0.987773597240448,6,1
F/F820.jpg,F,F,0.9907382130622864,5,1
F/F821.jpg,F,F,0.9893600940704346,5,1
F/F827.jpg,F,F,0.989986002445221,6,1
F/F836.jpg,F,F,0.9867738485336304,5,1
F/F838.jpg,F,F,0.9890446662902832,4,1
F/F844.jpg,F,F,0.9891089200973511,4,1
F/F849.jpg,F,F,0.9900475740432739,5,1
F/F851.jpg,F,F,0.98641437292099,6,1
F/F852.jpg,F,F,0.9871260523796082,5,1
F/F853.jpg,F,F,0.9858319759368896,3,1
F/F86.jpg,F,F,0.9781573414802551,4,1
F/F87.jpg,F,F,0.9800500273704529,5,1
F/F870.jpg,F,F,0.9862861037254333,5,1
F/F884.jpg,F,F,0.9866836667060852,3,1
F/F885.jpg,F,F,0.9868341088294983,4,1
F/F887.jpg,F,F,0.9861705303192139,3,1
F/F89.jpg,F,F,0.9791955947875977,6,1
F/F890.jpg,F,F,0.9873177409172058,4,1
F/F901.jpg,F,F,0.98732590675354,5,1
F/F916.jpg,F,F,0.9860397577285767,5,1
F/F919.jpg,F,F,0.986016571521759,4,1
F/F920.jpg,F,F,0.9853681921958923,4,1
F/F922.jpg,F,F,0.9854434132575989,4,1
F/F924.jpg,F,F,0.9863406419754028,4,1
F/F928.jpg,F,F,0.9858825206756592,4,1
F/F93.jpg,F,F,0.9842092394828796,3,1
F/F934.jpg,F,F,0.9872303605079651,5,1
F/F939.jpg,F,F,0.9842931628227234,4,1
F/F944.jpg,F,F,0.9844076633453369,4,1
F/F945.jpg,F,F,0.9843637347221375,4,1
F/F948.jpg,F,F,0.9827819466590881,4,1
F/F95.jpg,F,F,0.9848767518997192,5,1
F/F955.jpg,F,F,0.9815900921821594,4,1
F/F959.jpg,F,F,0.9813786745071411,4,1
F/F96.jpg,F,F,0.9851961135864258,5,1
F/F962.jpg,F,F,0.9808259606361389,3,1
F/F965.jpg,F,F,0.977929949760437,5,1
F/F966.jpg,F,F,0.9798694849014282,5,1
F/F969.jpg,F,F,0.978260338306427,5,1
F/F971.jpg,F,F,0.9801550507545471,3,1
F/F988.jpg,F,F,0.9853552579879761,6,1
F/F992.jpg,F,F,0.9831120371818542,5,1
F/F999.jpg,F,F,0.9868393540382385,5,1
G/G10.jpg,G,G,0.984853982925415,3,1
G/G100.jpg,G,G,0.9760017395019531,3,1
G/G1000.jpg,G,G,0.9795140027999878,2,1
G/G1001.jpg,G,G,0.9824330806732178,4,1
G/G1002.jpg,G,G,0.9827704429626465,3,1
G/G1003.jpg,G,G,0.9837851524353027,2,1
G/G1007.jpg,G,G,0.9799356460571289,5,1
G/G1014.jpg,G,G,0.9822248816490173,3,1
G/G102.jpg,G,G,0.9767684936523438,3,1
G/G1022.jpg,G,G,0.9845027327537537,4,1
G/G1028.jpg,G,G,0.9831867218017578,4,1
G/G103.jpg,G,G,0.9787823557853699,4,1
G/G1038.jpg,G,G,0.9863486289978027,5,1
G/G1047.jpg,G,G,0.9806466102600098,4,1
G/G1050.jpg,G,G,0.9853928685188293,5,1
G/G1064.jpg,G,G,0.9770960211753845,3,1
G/G1067.jpg,G,G,0.9763992428779602,4,1
G/G1074.jpg,G,G,0.9741252064704895,3,1
G/G1077.jpg,G,G,0.9741067290306091,3,1
G/G1080.jpg,G,G,0.9752417206764221,3,1
G/G1083.jpg,G,G,0.9737119078636169,3,1
G/G1091.jpg,G,G,0.9781652092933655,4,1
G/G1098.jpg,G,G,0.9747394919395447,4,1
G/G1100.jpg,G,G,0.9758996367454529,4,1
G/G1101.jpg,G,G,0.9770400524139404,4,1
G/G112.jpg,G,G,0.9751428961753845,3,1
G/G1130.jpg,G,G,0.9872007369995117,3,1
G/G1131.jpg,G,G,0.9873746633529663,3,1
G/G1144.jpg,G,G,0.9797960519790649,3,1
G/G1147.jpg,G,G,0.9798048734664917,4,1
G/G1151.jpg,G,G,0.9776380062103271,3,1
G/G1156.jpg,G,G,0.9832393527030945,4,1
G/G1160.jpg,G,G,0.9802039265632629,3,1
G/G1166.jpg,G,G,0.9811181426048279,3,1
G/G117.jpg,G,G,0.9797056317329407,3,1
G/G1171.jpg,G,G,0.9796016216278076,3,1
G/G1174.jpg,G,G,0.976321816444397,1,1
G/G1179.jpg,G,G,0.9762800335884094,1,1
G/G1184.jpg,G,G,0.9757575392723083,2,1
G/G1192.jpg,G,G,0.9806393980979919,3,1
G/G1195.jpg,G,G,0.9779773950576782,4,1
G/G1201.jpg,G,G,0.9781397581100464,5,1
G/G1207.jpg,G,G,0.9806270003318787,2,1
G/G1208.jpg,G,G,0.9801472425460815,2,1
G/G1211.jpg,G,G,0.9806833863258362,3,1
G/G1216.jpg,G,G,0.9797155857086182,3,1
G/G122.jpg,G,G,0.9812363386154175,2,1
G/G1221.jpg,G,G,0.9774438738822937,4,1
G/G123.jpg,G,G,0.9816552996635437,2,1
G/G1238.jpg,G,G,0.9741619825363159,3,1
G/G124.jpg,G,G,0.9814871549606323,2,1
G/G1245.jpg,G,G,0.9723914265632629,4,1
G/G1251.jpg,G,G,0.9752698540687561,3,1
G/G1253.jpg,G,G,0.9761197566986084,3,1
G/G1264.jpg,G,G,0.9792436957359314,3,1
G/G1265.jpg,G,G,0.9798420667648315,3,1
G/G1269.jpg,G,G,0.9792428016662598,3,1
G/G1275.jpg,G,G,0.9805436730384827,2,1
G/G1276.jpg,G,G,0.9811347723007202,2,1
G/G1285.jpg,G,G,0.9846582412719727,3,1
G/G1304.jpg,G,G,0.9804419279098511,3,1
G/G1307.jpg,G,G,0.982159435749054,4,1
G/G131.jpg,G,G,0.9814836382865906,2,1
G/G1310.jpg,G,G,0.9810659289360046,4,1
G/G1324.jpg,G,G,0.9783656597137451,4,1
G/G1335.jpg,G,G,0.9796102046966553,4,1
G/G1336.jpg,G,G,0.9805402159690857,4,1
G/G1339.jpg,G,G,0.9793060421943665,3,1
G/G1341.jpg,G,G,0.9808659553527832,2,1
G/G1342.jpg,G,G,0.9787703156471252,2,1
G/G1347.jpg,G,G,0.9786038398742676,2,1
G/G1356.jpg,G,G,0.9810632467269897,5,1
G/G1358.jpg,G,G,0.9800564646720886,4,1
G/G1361.jpg,G,G,0.9787089228630066,3,1
G/G1368.jpg,G,G,0.983164370059967,4,1
G/G1372.jpg,G,G,0.9815872311592102,4,1
G/G1380.jpg,G,G,0.9802891612052917,5,1
G/G1384.jpg,G,G,0.9816679358482361,4,1
G/G1386.jpg,G,G,0.9838236570358276,3,1
G/G1388.jpg,G,G,0.9818133115768433,4,1
G/G1393.jpg,G,G,0.9798341393470764,4,1
G/G1398.jpg,G,G,0.9801554083824158,4,1
G/G140.jpg,G,G,0.9777772426605225,4,1
G/G1401.jpg,G,G,0.9810380339622498,3,1
G/G1406.jpg,G,G,0.9816734790802002,3,1
G/G141.jpg,G,G,0.9770783185958862,4,1
G/G1411.jpg,G,G,0.9810431003570557,3,1
G/G1413.jpg,G,G,0.9819575548171997,4,1
G/G1419.jpg,G,G,0.981342613697052,4,1
G/G1425.jpg,G,G,0.9816239476203918,4,1
G/G1426.jpg,G,G,0.9819583296775818,3,1
G/G1433.jpg,G,G,0.9756556153297424,3,1
G/G1434.jpg,G,G,0.9765138030052185,4,1
G/G1441.jpg,G,G,0.9642113447189331,4,1
G/G1442.jpg,G,G,0.9726502895355225,4,1
G/G1443.jpg,G,G,0.9730092883110046,3,1
G/G1446.jpg,G,G,0.953153669834137,4,1
G/G145.jpg,G,G,0.9769083857536316,3,1
G/G1450.jpg,G,G,0.9623863697052002,4,1
G/G1451.jpg,G,G,0.9605263471603394,4,1
G/G1457.jpg,G,G,0.9647327661514282,4,1
G/G146.jpg,G,G,0.9832007884979248,3,1
G/G1462.jpg,G,G,0.9723934531211853,3,1
G/G1464.jpg,G,G,0.9748494625091553,4,1
G/G1475.jpg,G,G,0.9751959443092346,3,1
G/G1477.jpg,G,G,0.9753143191337585,3,1
G/G1479.jpg,G,G,0.9715941548347473,3,1
G/G1491.jpg,G,G,0.9822275042533875,4,1
G/G1495.jpg,G,G,0.9808087348937988,3,1
G/G1496.jpg,G,G,0.9783058762550354,4,1
G/G1505.jpg,G,G,0.9861694574356079,3,1
G/G1508.jpg,G,G,0.9848871827125549,4,1
G/G1509.jpg,G,G,0.9851528406143188,3,1
G/G1511.jpg,G,G,0.9850425720214844,4,1
G/G1512.jpg,G,G,0.9838961362838745,4,1
G/G1514.jpg,G,G,0.9846209287643433,4,1
G/G1516.jpg,G,G,0.9836199283599854,4,1
G/G1531.jpg,G,G,0.9813663959503174,3,1
G/G1534.jpg,G,G,0.9834924340248108,3,1
G/G1537.jpg,G,G,0.9847054481506348,3,1
G/G1541.jpg,G,G,0.9824496507644653,3,1
G/G1544.jpg,G,G,0.9832875728607178,4,1
G/G1550.jpg,G,G,0.9797589778900146,4,1
G/G1551.jpg,G,G,0.9816205501556396,4,1
G/G1558.jpg,G,G,0.9824862480163574,4,1
G/G1560.jpg,G,G,0.9827321767807007,3,1
G/G1564.jpg,G,G,0.9733498096466064,4,1
G/G1569.jpg,G,G,0.9749360084533691,5,1
G/G1576.jpg,G,G,0.9746503829956055,5,1
G/G1589.jpg,G,G,0.9750416278839111,5,1
G/G159.jpg,G,G,0.9796887040138245,5,1
G/G1595.jpg,G,G,0.9784729480743408,3,1
G/G1597.jpg,G,G,0.9784685969352722,3,1
G/G16.jpg,G,G,0.9835830330848694,4,1
G/G1607.jpg,G,G,0.9800181984901428,3,1
G/G1608.jpg,G,G,0.9792813062667847,4,1
G/G1610.jpg,G,G,0.9793479442596436,4,1
G/G1611.jpg,G,G,0.9788764715194702,4,1
G/G1615.jpg,G,G,0.9788867235183716,3,1
G/G1618.jpg,G,G,0.9797516465187073,3,1
G/G1621.jpg,G,G,0.9816934466362,3,1
G/G1629.jpg,G,G,0.9806832671165466,3,1
G/G1632.jpg,G,G,0.977951169013977,4,1
G/G1634.jpg,G,G,0.9798708558082581,2,1
G/G1635.jpg,G,G,0.9804565906524658,3,1
G/G1638.jpg,G,G,0.9793807864189148,4,1
G/G165.jpg,G,G,0.9795548319816589,3,1
G/G1653.jpg,G,G,0.9754841923713684,1,1
G/G1657.jpg,G,G,0.9804492592811584,3,1
G/G1658.jpg,G,G,0.9817481637001038,3,1
G/G1666.jpg,G,G,0.9792349934577942,5,1
G/G1667.jpg,G,G,0.9746232032775879,5,1
G/G1678.jpg,G,G,0.9789299368858337,5,1
G/G168.jpg,G,G,0.9794191122055054,3,1
G/G1680.jpg,G,G,0.9805458784103394,4,1
G/G1696.jpg,G,G,0.9781681895256042,4,1
G/G17.jpg,G,G,0.981834352016449,3,1
G/G170.jpg,G,G,0.98093181848526,3,1
G/G1712.jpg,G,G,0.9815863966941833,3,1
G/G1714.jpg,G,G,0.9792661070823669,3,1
G/G172.jpg,G,G,0.9831660985946655,2,1
G/G1729.jpg,G,G,0.9774665236473083,3,1
G/G174.jpg,G,G,0.9826306700706482,4,1
G/G1740.jpg,G,G,0.9773667454719543,4,1
G/G175.jpg,G,G,0.9812260866165161,4,1
G/G1750.jpg,G,G,0.9810432195663452,4,1
G/G1760.jpg,G,G,0.9840080738067627,3,1
G/G1767.jpg,G,G,0.9888582229614258,3,1
G/G1768.jpg,G,G,0.9872272610664368,4,1
G/G1773.jpg,G,G,0.983639657497406,3,1
G/G1783.jpg,G,G,0.9854061603546143,3,1
G/G18.jpg,G,G,0.9808399081230164,3,1
G/G1801.jpg,G,G,0.9866133332252502,4,1
G/G181.jpg,G,G,0.9807352423667908,3,1
G/G1814.jpg,G,G,0.9797397255897522,4,1
G/G182.jpg,G,G,0.980628252029419,3,1
G/G183.jpg,G,G,0.9804286360740662,3,1
G/G1839.jpg,G,G,0.9780438542366028,3,1
G/G1841.jpg,G,G,0.9772729277610779,3,1
G/G185.jpg,G,G,0.9799859523773193,3,1
G/G1863.jpg,G,G,0.982698380947113,4,1
G/G1868.jpg,G,G,0.9844605326652527,3,1
G/G1870.jpg,G,G,0.9835807681083679,3,1
G/G1872.jpg,G,G,0.9824452996253967,4,1
G/G1873.jpg,G,G,0.9820375442504883,4,1
G/G1876.jpg,G,G,0.9775394201278687,3,1
G/G1879.jpg,G,G,0.981607973575592,3,1
G/G1883.jpg,G,G,0.9818049073219299,2,1
G/G1894.jpg,G,G,0.9803962707519531,3,1
G/G1898.jpg,G,G,0.9805450439453125,3,1
G/G1902.jpg,G,G,0.9780979156494141,2,1
G/G1915.jpg,G,G,0.977380096912384,3,1
G/G1917.jpg,G,G,0.980225145816803,3,1
G/G1923.jpg,G,G,0.9801856279373169,5,1
G/G1928.jpg,G,G,0.9791739583015442,4,1
G/G194.jpg,G,G,0.978149950504303,2,1
G/G1944.jpg,G,G,0.9807631969451904,2,1
G/G1953.jpg,G,G,0.9803910255432129,2,1
G/G1958.jpg,G,G,0.9821711778640747,2,1
G/G196.jpg,G,G,0.9787267446517944,2,1
G/G1961.jpg,G,G,0.976901113986969,2,1
G/G1972.jpg,G,G,0.9808622002601624,2,1
G/G1985.jpg,G,G,0.9848707318305969,3,1
G/G1987.jpg,G,G,0.9862285852432251,3,1
G/G2015.jpg,G,G,0.9820522665977478,5,1
G/G2017.jpg,G,G,0.979199230670929,3,1
G/G2018.jpg,G,G,0.9800447821617126,4,1
G/G2021.jpg,G,G,0.9785351157188416,4,1
G/G2023.jpg,G,G,0.9765408635139465,5,1
G/G2024.jpg,G,G,0.9770029783248901,5,1
G/G2026.jpg,G,G,0.9775741696357727,3,1
G/G2038.jpg,G,G,0.9783412218093872,2,1
G/G2042.jpg,G,G,0.9821712970733643,1,1
G/G2049.jpg,G,G,0.9803198575973511,3,1
G/G2057.jpg,G,G,0.9811402559280396,3,1
G/G2058.jpg,G,G,0.9818891286849976,4,1
G/G2067.jpg,G,G,0.9785899519920349,4,1
G/G2069.jpg,G,G,0.9762952327728271,5,1
G/G207.jpg,G,G,0.9816498160362244,4,1
G/G2070.jpg,G,G,0.9755439758300781,5,1
G/G2078.jpg,G,G,0.9752471446990967,4,1
G/G2080.jpg,G,G,0.977073073387146,5,1
G/G2084.jpg,G,G,0.9811617136001587,6,1
G/G2085.jpg,G,G,0.9841187000274658,6,1
G/G2092.jpg,G,G,0.9825740456581116,4,1
G/G210.jpg,G,G,0.9824609160423279,4,1
G/G2105.jpg,G,G,0.9823570251464844,3,1
G/G2108.jpg,G,G,0.9823299050331116,3,1
G/G211.jpg,G,G,0.9812907576560974,4,1
G/G2124.jpg,G,G,0.9802568554878235,2,1
G/G2125.jpg,G,G,0.9803717732429504,2,1
G/G2126.jpg,G,G,0.9799134731292725,2,1
G/G2134.jpg,G,G,0.9821028709411621,3,1
G/G2136.jpg,G,G,0.9816209673881531,2,1
G/G2137.jpg,G,G,0.982553243637085,3,1
G/G2142.jpg,G,G,0.9838618636131287,3,1
G/G2155.jpg,G,G,0.9798191785812378,3,1
G/G2158.jpg,G,G,0.9790176749229431,2,1
G/G2163.jpg,G,G,0.9816728830337524,2,1
G/G2164.jpg,G,G,0.9804501533508301,2,1
G/G2177.jpg,G,G,0.9805042743682861,2,1
G/G2179.jpg,G,G,0.9804252982139587,2,1
G/G2189.jpg,G,G,0.9858470559120178,3,1
G/G2199.jpg,G,G,0.9822778701782227,2,1
G/G22.jpg,G,G,0.9813883304595947,3,1
G/G220.jpg,G,G,0.9744979739189148,3,1
G/G2201.jpg,G,G,0.9839071035385132,2,1
G/G2204.jpg,G,G,0.9836668968200684,2,1
G/G2208.jpg,G,G,0.981316089630127,2,1
G/G2219.jpg,G,G,0.9811144471168518,2,1
G/G2226.jpg,G,G,0.9795981049537659,2,1
G/G2229.jpg,G,G,0.9789051413536072,2,1
G/G2230.jpg,G,G,0.9807283282279968,2,1
G/G2231.jpg,G,G,0.978165328502655,2,1
G/G2240.jpg,G,G,0.9775991439819336,2,1
G/G225.jpg,G,G,0.9777247905731201,3,1
G/G2250.jpg,G,G,0.9797158241271973,2,1
G/G2252.jpg,G,G,0.9776550531387329,2,1
G/G2262.jpg,G,G,0.9811795353889465,2,1
G/G2264.jpg,G,G,0.9820522665977478,2,1
G/G2274.jpg,G,G,0.9810614585876465,2,1
G/G2280.jpg,G,G,0.9825553894042969,3,1
G/G2287.jpg,G,G,0.9824652671813965,3,1
G/G2292.jpg,G,G,0.979874312877655,3,1
G/G2297.jpg,G,G,0.9799888134002686,3,1
G/G2304.jpg,G,G,0.9803493022918701,4,1
G/G2310.jpg,G,G,0.9803804755210876,4,1
G/G2314.jpg,G,G,0.9803722500801086,2,1
G/G2321.jpg,G,G,0.9801329374313354,3,1
G/G2325.jpg,G,G,0.9809415340423584,3,1
G/G2329.jpg,G,G,0.9828181862831116,4,1
G/G2330.jpg,G,G,0.9839587807655334,4,1
G/G2332.jpg,G,G,0.9835193753242493,4,1
G/G2339.jpg,G,G,0.9835829138755798,3,1
G/G2344.jpg,G,G,0.9805552363395691,3,1
G/G235.jpg,G,G,0.9839037656784058,4,1
G/G2354.jpg,G,G,0.9836263060569763,5,1
G/G2361.jpg,G,G,0.9775036573410034,5,1
G/G237.jpg,G,G,0.9847990870475769,4,1
G/G2373.jpg,G,G,0.9830923676490784,1,1
G/G2380.jpg,G,G,0.9824804663658142,3,1
G/G2386.jpg,G,G,0.9763206839561462,3,1
G/G2390.jpg,G,G,0.979899525642395,3,1
G/G2393.jpg,G,G,0.9815650582313538,4,1
G/G2397.jpg,G,G,0.9817988276481628,5,1
G/G2401.jpg,G,G,0.9839156270027161,5,1
G/G2404.jpg,G,G,0.9847345352172852,4,1
G/G2405.jpg,G,G,0.9844046235084534,3,1
G/G2411.jpg,G,G,0.9824168682098389,3,1
G/G2421.jpg,G,G,0.9707897901535034,4,1
G/G2423.jpg,G,G,0.9731751084327698,5,1
G/G2437.jpg,G,G,0.9736672639846802,6,1
G/G2445.jpg,G,G,0.9786924719810486,2,1
G/G245.jpg,G,G,0.9836454391479492,4,1
G/G2464.jpg,G,G,0.9719020128250122,2,1
G/G2466.jpg,G,G,0.9733221530914307,2,1
G/G2468.jpg,G,G,0.9749964475631714,2,1
G/G2474.jpg,G,G,0.9815657138824463,1,1
G/G2477.jpg,G,G,0.9759402871131897,4,1
G/G2480.jpg,G,G,0.9737797379493713,2,1
G/G2484.jpg,G,G,0.9812566637992859,3,1
G/G2489.jpg,G,G,0.9842368364334106,4,1
G/G2493.jpg,G,G,0.9805622696876526,4,1
G/G2500.jpg,G,G,0.9797684550285339,1,1
G/G2502.jpg,G,G,0.9812734127044678,2,1
G/G2507.jpg,G,G,0.9771416783332825,1,1
G/G251.jpg,G,G,0.9829463958740234,4,1
G/G2517.jpg,G,G,0.9814803004264832,2,1
G/G252.jpg,G,G,0.9833923578262329,4,1
G/G2528.jpg,G,G,0.9820693135261536,2,1
G/G2536.jpg,G,G,0.9826516509056091,1,1
G/G2537.jpg,G,G,0.9818795323371887,1,1
G/G255.jpg,G,G,0.9826058149337769,4,1
G/G2556.jpg,G,G,0.9802179336547852,2,1
G/G2558.jpg,G,G,0.980211615562439,2,1
G/G2570.jpg,G,G,0.9828139543533325,1,1
G/G2573.jpg,G,G,0.9800068736076355,2,1
G/G2575.jpg,G,G,0.9801842570304871,1,1
G/G2576.jpg,G,G,0.9787838459014893,1,1
G/G2577.jpg,G,G,0.9758923649787903,1,1
G/G2579.jpg,G,G,0.9769094586372375,1,1
G/G2581.jpg,G,G,0.9784204363822937,1,1
G/G2585.jpg,G,G,0.9778977036476135,1,1
G/G2586.jpg,G,G,0.9812182188034058,1,1
G/G2589.jpg,G,G,0.9814729690551758,2,1
G/G2593.jpg,G,G,0.9740396738052368,5,1
G/G26.jpg,G,G,0.9793424606323242,3,1
G/G2600.jpg,G,G,0.9701825976371765,5,1
G/G2602.jpg,G,G,0.9701588749885559,4,1
G/G2607.jpg,G,G,0.9760874509811401,4,1
G/G2614.jpg,G,G,0.979874312877655,3,1
G/G2615.jpg,G,G,0.9786997437477112,3,1
G/G2616.jpg,G,G,0.9774750471115112,4,1
G/G262.jpg,G,G,0.9806154370307922,4,1
G/G2623.jpg,G,G,0.9770549535751343,3,1
G/G2625.jpg,G,G,0.9754883646965027,3,1
G/G263.jpg,G,G,0.9794809818267822,3,1
G/G2634.jpg,G,G,0.9811199307441711,4,1
G/G2639.jpg,G,G,0.9809261560440063,3,1
G/G2640.jpg,G,G,0.9809079170227051,2,1
G/G2641.jpg,G,G,0.9789890646934509,4,1
G/G2642.jpg,G,G,0.9785374402999878,3,1
G/G2652.jpg,G,G,0.9686866998672485,3,1
G/G2657.jpg,G,G,0.9700259566307068,3,1
G/G2662.jpg,G,G,0.9756224751472473,3,1
G/G2664.jpg,G,G,0.9752124547958374,4,1
G/G2675.jpg,G,G,0.9758097529411316,3,1
G/G2679.jpg,G,G,0.9692103862762451,2,1
G/G2688.jpg,G,G,0.9676434993743896,3,1
G/G269.jpg,G,G,0.9795825481414795,3,1
G/G2692.jpg,G,G,0.960273027420044,2,1
G/G2695.jpg,G,G,0.9643492698669434,2,1
G/G2702.jpg,G,G,0.975856602191925,3,1
G/G2707.jpg,G,G,0.9729108810424805,2,1
G/G2708.jpg,G,G,0.9771714210510254,3,1
G/G2711.jpg,G,G,0.9769107103347778,2,1
G/G2713.jpg,G,G,0.977540135383606,2,1
G/G2722.jpg,G,G,0.9746643900871277,3,1
G/G2723.jpg,G,G,0.9764140248298645,2,1
G/G2726.jpg,G,G,0.9748836755752563,3,1
G/G2729.jpg,G,G,0.9721944332122803,4,1
G/G2730.jpg,G,G,0.976129412651062,2,1
G/G2734.jpg,G,G,0.9764865040779114,2,1
G/G274.jpg,G,G,0.975207507610321,3,1
G/G2752.jpg,G,G,0.9778382182121277,3,1
G/G276.jpg,G,G,0.9724979996681213,3,1
G/G2761.jpg,G,G,0.9750084280967712,2,1
G/G2762.jpg,G,G,0.9760516881942749,2,1
G/G2766.jpg,G,G,0.9784899353981018,2,1
G/G2770.jpg,G,G,0.9794601202011108,1,1
G/G2772.jpg,G,G,0.9792407155036926,1,1
G/G2774.jpg,G,G,0.9826214909553528,1,1
G/G278.jpg,G,G,0.9732517600059509,3,1
G/G2780.jpg,G,G,0.9813252687454224,1,1
G/G2783.jpg,G,G,0.9777607917785645,1,1
G/G2785.jpg,G,G,0.9779901504516602,1,1
G/G2787.jpg,G,G,0.9771906137466431,1,1
G/G279.jpg,G,G,0.9801515936851501,3,1
G/G2790.jpg,G,G,0.9815074801445007,1,1
G/G2796.jpg,G,G,0.9791651964187622,1,1
G/G2799.jpg,G,G,0.9754034280776978,1,1
G/G280.jpg,G,G,0.9809916615486145,3,1
G/G2800.jpg,G,G,0.9781137704849243,1,1
G/G2802.jpg,G,G,0.9789066910743713,1,1
G/G2811.jpg,G,G,0.9799715876579285,1,1
G/G2822.jpg,G,G,0.9813376665115356,1,1
G/G2826.jpg,G,G,0.9808298349380493,1,1
G/G283.jpg,G,G,0.9709979891777039,3,1
G/G2831.jpg,G,G,0.9837172031402588,2,1
G/G2835.jpg,G,G,0.981873095035553,1,1
G/G2849.jpg,G,G,0.9766262173652649,1,1
G/G2853.jpg,G,G,0.9815700054168701,1,1
G/G2864.jpg,G,G,0.9780805706977844,2,1
G/G2868.jpg,G,G,0.9802700281143188,3,1
G/G2872.jpg,G,G,0.9816572666168213,3,1
G/G2874.jpg,G,G,0.9840590953826904,3,1
G/G2876.jpg,G,G,0.9844820499420166,2,1
G/G2877.jpg,G,G,0.9843859076499939,3,1
G/G2879.jpg,G,G,0.9822401404380798,3,1
G/G2880.jpg,G,G,0.9822416305541992,2,1
G/G2881.jpg,G,G,0.9817599058151245,4,1
G/G2883.jpg,G,G,0.980292022228241,5,1
G/G2887.jpg,G,G,0.9810186624526978,4,1
G/G2888.jpg,G,G,0.9793224930763245,3,1
G/G2896.jpg,G,G,0.9750828146934509,4,1
G/G2898.jpg,G,G,0.9747917056083679,4,1
G/G2902.jpg,G,G,0.9732255935668945,4,1
G/G2907.jpg,G,G,0.9732935428619385,4,1
G/G291.jpg,G,G,0.9778047204017639,2,1
G/G2914.jpg,G,G,0.9728091359138489,4,1
G/G2915.jpg,G,G,0.9734019637107849,5,1
G/G292.jpg,G,G,0.9778345823287964,3,1
G/G2922.jpg,G,G,0.9717142581939697,5,1
G/G2924.jpg,G,G,0.9719125032424927,4,1
G/G2926.jpg,G,G,0.9712168574333191,4,1
G/G2928.jpg,G,G,0.9729213714599609,4,1
G/G2929.jpg,G,G,0.9762287735939026,4,1
G/G2930.jpg,G,G,0.9719290733337402,4,1
G/G2934.jpg,G,G,0.9756222367286682,5,1
G/G2943.jpg,G,G,0.9753268957138062,5,1
G/G295.jpg,G,G,0.9751278162002563,3,1
G/G2958.jpg,G,G,0.9799773693084717,5,1
G/G2959.jpg,G,G,0.9796406626701355,5,1
G/G296.jpg,G,G,0.9771046042442322,4,1
G/G2961.jpg,G,G,0.9777759909629822,5,1
G/G2964.jpg,G,G,0.9749798774719238,4,1
G/G2965.jpg,G,G,0.9796415567398071,4,1
G/G2978.jpg,G,G,0.9791685938835144,4,1
G/G2979.jpg,G,G,0.9776720404624939,2,1
G/G2980.jpg,G,G,0.9772753119468689,3,1
G/G2988.jpg,G,G,0.9830106496810913,3,1
G/G2989.jpg,G,G,0.9826405644416809,4,1
G/G2991.jpg,G,G,0.9806903004646301,2,1
G/G302.jpg,G,G,0.977843701839447,4,1
G/G309.jpg,G,G,0.9815995097160339,3,1
G/G31.jpg,G,G,0.9804040789604187,2,1
G/G310.jpg,G,G,0.9817488193511963,3,1
G/G316.jpg,G,G,0.9815083146095276,2,1
G/G320.jpg,G,G,0.9783754944801331,2,1
G/G328.jpg,G,G,0.9768268465995789,1,1
G/G329.jpg,G,G,0.9778242111206055,2,1
G/G330.jpg,G,G,0.9785147309303284,2,1
G/G337.jpg,G,G,0.978408932685852,1,1
G/G341.jpg,G,G,0.978674054145813,2,1
G/G347.jpg,G,G,0.979536235332489,2,1
G/G352.jpg,G,G,0.9778674840927124,2,1
G/G355.jpg,G,G,0.977769136428833,2,1
G/G357.jpg,G,G,0.977081835269928,2,1
G/G367.jpg,G,G,0.9853679537773132,2,1
G/G37.jpg,G,G,0.9825648665428162,2,1
G/G373.jpg,G,G,0.9829097390174866,2,1
G/G374.jpg,G,G,0.9844261407852173,2,1
G/G381.jpg,G,G,0.984184980392456,3,1
G/G382.jpg,G,G,0.9829156398773193,2,1
G/G385.jpg,G,G,0.9835910201072693,3,1
G/G39.jpg,G,G,0.9838532209396362,3,1
G/G390.jpg,G,G,0.9824039936065674,3,1
G/G394.jpg,G,G,0.98095703125,1,1
G/G395.jpg,G,G,0.9791439175605774,1,1
G/G399.jpg,G,G,0.9800673127174377,2,1
G/G402.jpg,G,G,0.9821974039077759,1,1
G/G403.jpg,G,G,0.979921817779541,3,1
G/G411.jpg,G,G,0.9804107546806335,2,1
G/G412.jpg,G,G,0.980301558971405,1,1
G/G42.jpg,G,G,0.98335200548172,3,1
G/G423.jpg,G,G,0.9791823029518127,2,1
G/G427.jpg,G,G,0.9793525338172913,3,1
G/G430.jpg,G,G,0.9789998531341553,2,1
G/G431.jpg,G,G,0.9788944721221924,3,1
G/G433.jpg,G,G,0.9788106679916382,2,1
G/G442.jpg,G,G,0.9807124137878418,2,1
G/G450.jpg,G,G,0.9703992009162903,2,1
G/G457.jpg,G,G,0.9773975014686584,3,1
G/G458.jpg,G,G,0.9768573045730591,3,1
G/G459.jpg,G,G,0.976515531539917,3,1
G/G460.jpg,G,G,0.9773380756378174,3,1
G/G473.jpg,G,G,0.9761167764663696,3,1
G/G477.jpg,G,G,0.9769155979156494,3,1
G/G479.jpg,G,G,0.9763887524604797,3,1
G/G480.jpg,G,G,0.9781555533409119,3,1
G/G487.jpg,G,G,0.9804267883300781,2,1
G/G491.jpg,G,G,0.9778509736061096,4,1
G/G492.jpg,G,G,0.976226270198822,3,1
G/G5.jpg,G,G,0.9802591800689697,3,1
G/G506.jpg,G,G,0.9780871868133545,3,1
G/G509.jpg,G,G,0.9817428588867188,3,1
G/G510.jpg,G,G,0.9825813174247742,3,1
G/G52.jpg,G,G,0.9807289242744446,3,1
G/G524.jpg,G,G,0.9802737236022949,3,1
G/G527.jpg,G,G,0.9826074242591858,3,1
G/G532.jpg,G,G,0.9811568856239319,2,1
G/G54.jpg,G,G,0.9811416268348694,3,1
G/G550.jpg,G,G,0.9759280681610107,1,1
G/G560.jpg,G,G,0.9774439930915833,1,1
G/G561.jpg,G,G,0.9790465831756592,2,1
G/G564.jpg,G,G,0.9817522764205933,4,1
G/G565.jpg,G,G,0.981514036655426,4,1
G/G574.jpg,G,G,0.9828778505325317,2,1
G/G575.jpg,G,G,0.9829240441322327,2,1
G/G577.jpg,G,G,0.9824559688568115,2,1
G/G58.jpg,G,G,0.9795454740524292,3,1
G/G580.jpg,G,G,0.9835963249206543,2,1
G/G581.jpg,G,G,0.9850299954414368,2,1
G/G595.jpg,G,G,0.9826593399047852,4,1
G/G6.jpg,G,G,0.9817248582839966,3,1
G/G601.jpg,G,G,0.9784485101699829,4,1
G/G604.jpg,G,G,0.9769498109817505,4,1
G/G609.jpg,G,G,0.980641782283783,5,1
G/G612.jpg,G,G,0.9818525910377502,4,1
G/G613.jpg,G,G,0.980844259262085,4,1
G/G615.jpg,G,G,0.9826295375823975,4,1
G/G621.jpg,G,G,0.9821527600288391,2,1
G/G638.jpg,G,G,0.9804376363754272,3,1
G/G640.jpg,G,G,0.9782558083534241,4,1
G/G644.jpg,G,G,0.9833338856697083,4,1
G/G651.jpg,G,G,0.9828877449035645,3,1
G/G653.jpg,G,G,0.9804028272628784,4,1
G/G655.jpg,G,G,0.9824616312980652,4,1
G/G658.jpg,G,G,0.9841932654380798,4,1
G/G659.jpg,G,G,0.983219563961029,4,1
G/G664.jpg,G,G,0.9852928519248962,4,1
G/G674.jpg,G,G,0.9833741188049316,2,1
G/G677.jpg,G,G,0.9836198091506958,2,1
G/G682.jpg,G,G,0.980553388595581,3,1
G/G690.jpg,G,G,0.9833981990814209,4,1
G/G694.jpg,G,G,0.9745951890945435,3,1
G/G695.jpg,G,G,0.9788880944252014,4,1
G/G697.jpg,G,G,0.9755609035491943,3,1
G/G700.jpg,G,G,0.9705418944358826,4,1
G/G702.jpg,G,G,0.9764700531959534,3,1
G/G708.jpg,G,G,0.9719565510749817,3,1
G/G710.jpg,G,G,0.9734597206115723,3,1
G/G711.jpg,G,G,0.9737523794174194,3,1
G/G716.jpg,G,G,0.9741492867469788,4,1
G/G717.jpg,G,G,0.9728679060935974,4,1
G/G725.jpg,G,G,0.9784650802612305,4,1
G/G726.jpg,G,G,0.9802483916282654,3,1
G/G732.jpg,G,G,0.9783583879470825,4,1
G/G734.jpg,G,G,0.9818375706672668,4,1
G/G736.jpg,G,G,0.9823651909828186,4,1
G/G748.jpg,G,G,0.9818912148475647,4,1
G/G754.jpg,G,G,0.9813610911369324,4,1
G/G756.jpg,G,G,0.9811331629753113,4,1
G/G760.jpg,G,G,0.9793378114700317,4,1
G/G774.jpg,G,G,0.9788331389427185,4,1
G/G778.jpg,G,G,0.9804958701133728,4,1
G/G780.jpg,G,G,0.9791968464851379,4,1
G/G781.jpg,G,G,0.9795911312103271,4,1
G/G782.jpg,G,G,0.9763907194137573,4,1
G/G79.jpg,G,G,0.9811892509460449,3,1
G/G797.jpg,G,G,0.9770325422286987,4,1
G/G802.jpg,G,G,0.9811485409736633,4,1
G/G806.jpg,G,G,0.9801986813545227,4,1
G/G81.jpg,G,G,0.9807024598121643,3,1
G/G817.jpg,G,G,0.9810287356376648,2,1
G/G825.jpg,G,G,0.9801848530769348,2,1
G/G832.jpg,G,G,0.9810717701911926,4,1
G/G833.jpg,G,G,0.9815448522567749,3,1
G/G834.jpg,G,G,0.9792322516441345,3,1
G/G835.jpg,G,G,0.9797754287719727,4,1
G/G843.jpg,G,G,0.96661376953125,4,1
G/G852.jpg,G,G,0.9775679111480713,3,1
G/G854.jpg,G,G,0.9780800342559814,2,1
G/G859.jpg,G,G,0.9790797233581543,2,1
G/G864.jpg,G,G,0.979266345500946,1,1
G/G868.jpg,G,G,0.9756677746772766,2,1
G/G869.jpg,G,G,0.9759774208068848,2,1
G/G87.jpg,G,G,0.9776270389556885,3,1
G/G872.jpg,G,G,0.9695128202438354,2,1
G/G873.jpg,G,G,0.9709492325782776,2,1
G/G874.jpg,G,G,0.9700333476066589,2,1
G/G88.jpg,G,G,0.9761099815368652,4,1
G/G881.jpg,G,G,0.9745129942893982,2,1
G/G882.jpg,G,G,0.9747826457023621,2,1
G/G887.jpg,G,G,0.9795657396316528,1,1
G/G892.jpg,G,G,0.9806549549102783,2,1
G/G896.jpg,G,G,0.9811499118804932,1,1
G/G897.jpg,G,G,0.979971170425415,1,1
G/G912.jpg,G,G,0.9830138683319092,2,1
G/G921.jpg,G,G,0.9806516766548157,1,1
G/G923.jpg,G,G,0.981714129447937,1,1
G/G925.jpg,G,G,0.9848613739013672,1,1
G/G927.jpg,G,G,0.9842952489852905,1,1
G/G929.jpg,G,G,0.9832757711410522,1,1
G/G932.jpg,G,G,0.982672929763794,1,1
G/G934.jpg,G,G,0.9810015559196472,1,1
G/G943.jpg,G,G,0.9788497090339661,1,1
G/G966.jpg,G,G,0.9783811569213867,2,1
G/G969.jpg,G,G,0.9772332310676575,2,1
G/G970.jpg,G,G,0.9779415726661682,2,1
G/G976.jpg,G,G,0.9788280129432678,2,1
G/G977.jpg,G,G,0.9789348244667053,1,1
G/G978.jpg,G,G,0.9775394201278687,2,1
G/G981.jpg,G,G,0.9807181358337402,1,1
G/G982.jpg,G,G,0.9806046485900879,1,1
G/G985.jpg,G,G,0.987316906452179,1,1
G/G986.jpg,G,G,0.9851924180984497,1,1
G/G989.jpg,G,G,0.9843442440032959,1,1
G/G993.jpg,G,G,0.9823195338249207,3,1
G/G994.jpg,G,G,0.9817823767662048,3,1
H/H1008.jpg,H,H,0.983828067779541,4,1
H/H1013.jpg,H,H,0.9833461046218872,5,1
H/H1015.jpg,H,H,0.9827211499214172,4,1
H/H1021.jpg,H,H,0.9859718680381775,5,1
H/H1025.jpg,H,H,0.9864943027496338,5,1
H/H1029.jpg,H,H,0.9839978218078613,4,1
H/H1030.jpg,H,H,0.984159529209137,4,1
H/H1035.jpg,H,H,0.9835258722305298,3,1
H/H1038.jpg,H,H,0.9855969548225403,5,1
H/H1041.jpg,H,H,0.9853931069374084,5,1
H/H1045.jpg,H,H,0.9856825470924377,5,1
H/H1048.jpg,H,H,0.9836968779563904,7,1
H/H1049.jpg,H,H,0.9835309386253357,6,1
H/H1062.jpg,H,H,0.9869580864906311,6,1
H/H1065.jpg,H,H,0.9858093857765198,5,1
H/H108.jpg,H,H,0.9861628413200378,1,1
H/H1085.jpg,H,H,0.9833354949951172,2,1
H/H1090.jpg,H,H,0.9815055727958679,3,1
H/H1091.jpg,H,H,0.9859200716018677,2,1
H/H1096.jpg,H,H,0.981991708278656,5,1
H/H1103.jpg,H,H,0.9811828136444092,3,1
H/H1109.jpg,H,H,0.9811502695083618,4,1
H/H1112.jpg,H,H,0.9819225072860718,5,1
H/H1118.jpg,H,H,0.9835996627807617,6,1
H/H1119.jpg,H,H,0.9846156239509583,6,1
H/H1135.jpg,H,H,0.986122727394104,6,1
H/H1136.jpg,H,H,0.986409068107605,5,1
H/H114.jpg,H,H,0.9860115051269531,1,1
H/H1145.jpg,H,H,0.9860144853591919,5,1
H/H1146.jpg,H,H,0.9868348240852356,4,1
H/H1148.jpg,H,H,0.9859428405761719,5,1
H/H1153.jpg,H,H,0.9861901998519897,5,1
H/H1154.jpg,H,H,0.9863412976264954,5,1
H/H1155.jpg,H,H,0.9860953688621521,6,1
H/H1159.jpg,H,H,0.9850794076919556,6,1
H/H116.jpg,H,H,0.9841927886009216,1,1
H/H1160.jpg,H,H,0.984844982624054,5,1
H/H1164.jpg,H,H,0.9839841723442078,4,1
H/H1167.jpg,H,H,0.9846730828285217,7,1
H/H1173.jpg,H,H,0.9830207824707031,4,1
H/H1174.jpg,H,H,0.9849201440811157,4,1
H/H1176.jpg,H,H,0.9846904873847961,4,1
H/H1177.jpg,H,H,0.9852345585823059,4,1
H/H1180.jpg,H,H,0.9855212569236755,3,1
H/H1188.jpg,H,H,0.9872866272926331,2,1
H/H1192.jpg,H,H,0.9867472648620605,3,1
H/H120.jpg,H,H,0.9867874383926392,3,1
H/H1203.jpg,H,H,0.9862785935401917,5,1
H/H1204.jpg,H,H,0.9866440892219543,5,1
H/H121.jpg,H,H,0.9866127967834473,2,1
H/H1219.jpg,H,H,0.9898867011070251,5,1
H/H122.jpg,H,H,0.9870145320892334,4,1
H/H1220.jpg,H,H,0.9892213344573975,5,1
H/H1221.jpg,H,H,0.9893209934234619,5,1
H/H1224.jpg,H,H,0.9870461225509644,5,1
H/H123.jpg,H,H,0.9882463812828064,4,1
H/H1230.jpg,H,H,0.9840338230133057,3,1
H/H1231.jpg,H,H,0.9845747351646423,3,1
H/H1247.jpg,H,H,0.9835523962974548,4,1
H/H1255.jpg,H,H,0.9838323593139648,4,1
H/H1257.jpg,H,H,0.9835716485977173,3,1
H/H1258.jpg,H,H,0.9828400015830994,4,1
H/H1262.jpg,H,H,0.9833970665931702,5,1
H/H1263.jpg,H,H,0.9825379252433777,4,1
H/H1266.jpg,H,H,0.9823023676872253,5,1
H/H1268.jpg,H,H,0.983231782913208,5,1
H/H1282.jpg,H,H,0.9836018681526184,4,1
H/H1283.jpg,H,H,0.9834137558937073,4,1
H/H1293.jpg,H,H,0.9835742712020874,3,1
H/H1294.jpg,H,H,0.9840847253799438,5,1
H/H13.jpg,H,H,0.9848702549934387,1,1
H/H130.jpg,H,H,0.9888947010040283,2,1
H/H1308.jpg,H,H,0.9862993359565735,4,1
H/H131.jpg,H,H,0.9890405535697937,1,1
H/H1310.jpg,H,H,0.9862598180770874,5,1
H/H1320.jpg,H,H,0.9866346120834351,5,1
H/H1324.jpg,H,H,0.986527144908905,5,1
H/H1338.jpg,H,H,0.9878063797950745,5,1
H/H1339.jpg,H,H,0.9875540733337402,5,1
H/H1343.jpg,H,H,0.9859732389450073,4,1
H/H1359.jpg,H,H,0.9859734773635864,5,1
H/H1363.jpg,H,H,0.9876418113708496,5,1
H/H1372.jpg,H,H,0.9880167245864868,5,1
H/H1376.jpg,H,H,0.9890286922454834,5,1
H/H1386.jpg,H,H,0.9867434501647949,5,1
H/H1390.jpg,H,H,0.9865147471427917,4,1
H/H1391.jpg,H,H,0.9866032600402832,3,1
H/H1395.jpg,H,H,0.9854463338851929,4,1
H/H1399.jpg,H,H,0.9869041442871094,5,1
H/H1402.jpg,H,H,0.986629843711853,4,1
H/H1408.jpg,H,H,0.9872797727584839,3,1
H/H1410.jpg,H,H,0.9879193305969238,5,1
H/H1412.jpg,H,H,0.9868196845054626,4,1
H/H1434.jpg,H,H,0.9837521314620972,5,1
H/H1435.jpg,H,H,0.9840317368507385,5,1
H/H144.jpg,H,H,0.9891878962516785,1,1
H/H1441.jpg,H,H,0.9857354760169983,5,1
H/H1449.jpg,H,H,0.9845792055130005,5,1
H/H1470.jpg,H,H,0.9853782653808594,4,1
H/H1478.jpg,H,H,0.9837374687194824,3,1
H/H1481.jpg,H,H,0.9838570356369019,3,1
H/H1488.jpg,H,H,0.9859784245491028,3,1
H/H1490.jpg,H,H,0.987263023853302,3,1
H/H1496.jpg,H,H,0.9865120649337769,3,1
H/H1505.jpg,H,H,0.9874992966651917,3,1
H/H1506.jpg,H,H,0.9878262877464294,3,1
H/H1517.jpg,H,H,0.9856324195861816,3,1
H/H1518.jpg,H,H,0.9870032668113708,3,1
H/H1519.jpg,H,H,0.9856347441673279,3,1
H/H1520.jpg,H,H,0.9860903024673462,3,1
H/H1521.jpg,H,H,0.9853213429450989,3,1
H/H1539.jpg,H,H,0.9851572513580322,3,1
H/H1541.jpg,H,H,0.9840394854545593,5,1
H/H1551.jpg,H,H,0.9843053221702576,4,1
H/H1553.jpg,H,H,0.984261155128479,4,1
H/H1554.jpg,H,H,0.9843318462371826,3,1
H/H1568.jpg,H,H,0.9882521033287048,3,1
H/H1572.jpg,H,H,0.9898090362548828,3,1
H/H1582.jpg,H,H,0.9848146438598633,3,1
H/H1585.jpg,H,H,0.9842135906219482,3,1
H/H159.jpg,H,H,0.9838601350784302,1,1
H/H1600.jpg,H,H,0.9893420934677124,5,1
H/H1601.jpg,H,H,0.9892673492431641,3,1
H/H1602.jpg,H,H,0.9893838763237,5,1
H/H1608.jpg,H,H,0.9881979823112488,5,1
H/H161.jpg,H,H,0.9839047789573669,1,1
H/H1611.jpg,H,H,0.9875771999359131,5,1
H/H1615.jpg,H,H,0.9860828518867493,5,1
H/H1622.jpg,H,H,0.9830180406570435,3,1
H/H163.jpg,H,H,0.9851517081260681,1,1
H/H1632.jpg,H,H,0.9811938405036926,4,1
H/H1633.jpg,H,H,0.9808592200279236,4,1
H/H1637.jpg,H,H,0.9796416759490967,4,1
H/H1642.jpg,H,H,0.9812838435173035,4,1
H/H1644.jpg,H,H,0.9809811115264893,5,1
H/H1647.jpg,H,H,0.9808602333068848,5,1
H/H1650.jpg,H,H,0.9807913303375244,7,1
H/H1652.jpg,H,H,0.980048418045044,5,1
H/H1653.jpg,H,H,0.9811841249465942,5,1
H/H1656.jpg,H,H,0.9795931577682495,5,1
H/H1658.jpg,H,H,0.9815199971199036,5,1
H/H1665.jpg,H,H,0.9836680293083191,3,1
H/H1675.jpg,H,H,0.984628438949585,5,1
H/H1676.jpg,H,H,0.9847795367240906,5,1
H/H1683.jpg,H,H,0.9869610071182251,4,1
H/H169.jpg,H,H,0.983574628829956,1,1
H/H1697.jpg,H,H,0.9881161451339722,4,1
H/H1700.jpg,H,H,0.9881686568260193,3,1
H/H1710.jpg,H,H,0.9876762628555298,3,1
H/H1717.jpg,H,H,0.9874387383460999,3,1
H/H1726.jpg,H,H,0.9849055409431458,4,1
H/H1727.jpg,H,H,0.9852967858314514,5,1
H/H1730.jpg,H,H,0.9849741458892822,5,1
H/H1734.jpg,H,H,0.9836945533752441,5,1
H/H1740.jpg,H,H,0.9851853847503662,5,1
H/H1742.jpg,H,H,0.9828845262527466,5,1
H/H1744.jpg,H,H,0.9849783182144165,5,1
H/H1747.jpg,H,H,0.9861837029457092,4,1
H/H1754.jpg,H,H,0.9825975298881531,4,1
H/H1758.jpg,H,H,0.9828596711158752,4,1
H/H1759.jpg,H,H,0.9869071245193481,5,1
H/H176.jpg,H,H,0.9843972325325012,1,1
H/H1762.jpg,H,H,0.9885359406471252,5,1
H/H1764.jpg,H,H,0.9884642958641052,4,1
H/H1772.jpg,H,H,0.9850436449050903,6,1
H/H1776.jpg,H,H,0.9840636253356934,6,1
H/H1777.jpg,H,H,0.9847856760025024,5,1
H/H1779.jpg,H,H,0.9823544025421143,5,1
H/H1790.jpg,H,H,0.984021008014679,6,1
H/H1796.jpg,H,H,0.9830737709999084,6,1
H/H1804.jpg,H,H,0.9859865307807922,6,1
H/H1810.jpg,H,H,0.9885391592979431,5,1
H/H182.jpg,H,H,0.9847134947776794,1,1
H/H1840.jpg,H,H,0.9880015254020691,5,1
H/H1843.jpg,H,H,0.9870213866233826,5,1
H/H1845.jpg,H,H,0.987086296081543,5,1
H/H1850.jpg,H,H,0.9874310493469238,5,1
H/H1852.jpg,H,H,0.9875669479370117,5,1
H/H1856.jpg,H,H,0.9862340688705444,5,1
H/H1857.jpg,H,H,0.986236035823822,5,1
H/H1861.jpg,H,H,0.9865394234657288,4,1
H/H1863.jpg,H,H,0.9864166975021362,5,1
H/H1865.jpg,H,H,0.9865131974220276,5,1
H/H187.jpg,H,H,0.9833018183708191,1,1
H/H1873.jpg,H,H,0.9873324036598206,4,1
H/H188.jpg,H,H,0.9842637181282043,1,1
H/H1881.jpg,H,H,0.9869365096092224,5,1
H/H1882.jpg,H,H,0.9863660335540771,5,1
H/H1886.jpg,H,H,0.9848101735115051,6,1
H/H1887.jpg,H,H,0.9844135046005249,6,1
H/H1888.jpg,H,H,0.9861185550689697,6,1
H/H1889.jpg,H,H,0.985741138458252,6,1
H/H189.jpg,H,H,0.98390132188797,1,1
H/H1890.jpg,H,H,0.9865336418151855,6,1
H/H1891.jpg,H,H,0.9866438508033752,6,1
H/H1892.jpg,H,H,0.9870314002037048,6,1
H/H1895.jpg,H,H,0.9861067533493042,5,1
H/H1896.jpg,H,H,0.985190212726593,6,1
H/H19.jpg,H,H,0.9848417043685913,1,1
H/H1906.jpg,H,H,0.9844297170639038,6,1
H/H1909.jpg,H,H,0.9850332140922546,5,1
H/H191.jpg,H,H,0.9830050468444824,1,1
H/H1911.jpg,H,H,0.9851417541503906,5,1
H/H1919.jpg,H,H,0.9833110570907593,5,1
H/H1923.jpg,H,H,0.9826213717460632,5,1
H/H1936.jpg,H,H,0.9783778786659241,6,1
H/H1944.jpg,H,H,0.9835379719734192,4,1
H/H1945.jpg,H,H,0.9843473434448242,3,1
H/H1946.jpg,H,H,0.9846987128257751,3,1
H/H1955.jpg,H,H,0.9835418462753296,3,1
H/H196.jpg,H,H,0.9812473654747009,1,1
H/H1960.jpg,H,H,0.9838461875915527,3,1
H/H1961.jpg,H,H,0.9841663837432861,3,1
H/H1967.jpg,H,H,0.9855645298957825,4,1
H/H1972.jpg,H,H,0.9865207672119141,4,1
H/H1974.jpg,H,H,0.986255407333374,5,1
H/H1981.jpg,H,H,0.9832982420921326,5,1
H/H1982.jpg,H,H,0.9842501878738403,5,1
H/H1988.jpg,H,H,0.9850270748138428,5,1
H/H199.jpg,H,H,0.9829052686691284,1,1
H/H1990.jpg,H,H,0.9840076565742493,5,1
H/H1991.jpg,H,H,0.9832444190979004,5,1
H/H1994.jpg,H,H,0.9859878420829773,4,1
H/H1999.jpg,H,H,0.9868673086166382,5,1
H/H2013.jpg,H,H,0.9835327863693237,2,1
H/H2016.jpg,H,H,0.9833062291145325,2,1
H/H2017.jpg,H,H,0.9830033183097839,3,1
H/H2026.jpg,H,H,0.9852771162986755,6,1
H/H2032.jpg,H,H,0.984630286693573,6,1
H/H2035.jpg,H,H,0.984721839427948,5,1
H/H2039.jpg,H,H,0.9850212931632996,4,1
H/H2041.jpg,H,H,0.9848869442939758,4,1
H/H2043.jpg,H,H,0.9845502972602844,5,1
H/H2044.jpg,H,H,0.9853577613830566,5,1
H/H2046.jpg,H,H,0.9847157001495361,4,1
H/H2051.jpg,H,H,0.9857790470123291,4,1
H/H2052.jpg,H,H,0.9854593276977539,4,1
H/H2053.jpg,H,H,0.9842554926872253,5,1
H/H2054.jpg,H,H,0.9855934977531433,6,1
H/H2059.jpg,H,H,0.9871160387992859,5,1
H/H2063.jpg,H,H,0.988038957118988,7,1
H/H2064.jpg,H,H,0.9881018400192261,7,1
H/H2065.jpg,H,H,0.9876304268836975,5,1
H/H2075.jpg,H,H,0.9842409491539001,5,1
H/H2076.jpg,H,H,0.985816478729248,5,1
H/H2077.jpg,H,H,0.9816380739212036,6,1
H/H2085.jpg,H,H,0.980471134185791,3,1
H/H2089.jpg,H,H,0.9789053201675415,3,1
H/H2091.jpg,H,H,0.9776527881622314,3,1
H/H2101.jpg,H,H,0.9805988073348999,2,1
H/H2128.jpg,H,H,0.9842522740364075,5,1
H/H2135.jpg,H,H,0.9839643239974976,3,1
H/H2136.jpg,H,H,0.9834254384040833,3,1
H/H2144.jpg,H,H,0.9822579026222229,2,1
H/H2149.jpg,H,H,0.9844621419906616,3,1
H/H2151.jpg,H,H,0.9830154776573181,2,1
H/H2162.jpg,H,H,0.9840881824493408,2,1
H/H2168.jpg,H,H,0.9848686456680298,3,1
H/H217.jpg,H,H,0.9817440509796143,1,1
H/H2171.jpg,H,H,0.9865037202835083,5,1
H/H2173.jpg,H,H,0.9858783483505249,4,1
H/H2177.jpg,H,H,0.9845933318138123,4,1
H/H2187.jpg,H,H,0.9833237528800964,4,1
H/H2192.jpg,H,H,0.9862362742424011,3,1
H/H2194.jpg,H,H,0.985493004322052,3,1
H/H2196.jpg,H,H,0.9827947020530701,3,1
H/H2199.jpg,H,H,0.9829351305961609,3,1
H/H22.jpg,H,H,0.9837640523910522,1,1
H/H2200.jpg,H,H,0.9838318824768066,3,1
H/H2205.jpg,H,H,0.9835184812545776,3,1
H/H2206.jpg,H,H,0.9843716025352478,3,1
H/H2218.jpg,H,H,0.9828798174858093,3,1
H/H2220.jpg,H,H,0.9822577834129333,3,1
H/H2230.jpg,H,H,0.9801508188247681,4,1
H/H2237.jpg,H,H,0.9806102514266968,4,1
H/H2240.jpg,H,H,0.976499617099762,4,1
H/H2245.jpg,H,H,0.9794719219207764,4,1
H/H2249.jpg,H,H,0.9808477163314819,5,1
H/H2251.jpg,H,H,0.9812322854995728,5,1
H/H226.jpg,H,H,0.9839407801628113,2,1
H/H2262.jpg,H,H,0.982763409614563,4,1
H/H2266.jpg,H,H,0.9814413785934448,3,1
H/H2282.jpg,H,H,0.985275149345398,4,1
H/H2286.jpg,H,H,0.9863947629928589,4,1
H/H2289.jpg,H,H,0.9868727922439575,4,1
H/H2290.jpg,H,H,0.9860942363739014,4,1
H/H2293.jpg,H,H,0.9868353605270386,4,1
H/H23.jpg,H,H,0.9841858744621277,1,1
H/H2300.jpg,H,H,0.9861558079719543,3,1
H/H2301.jpg,H,H,0.9852476119995117,3,1
H/H2302.jpg,H,H,0.9855308532714844,3,1
H/H2303.jpg,H,H,0.9854039549827576,3,1
H/H2304.jpg,H,H,0.9849852323532104,4,1
H/H2309.jpg,H,H,0.9822463989257812,2,1
H/H231.jpg,H,H,0.9851174354553223,1,1
H/H2312.jpg,H,H,0.9821528792381287,3,1
H/H2314.jpg,H,H,0.9826397895812988,2,1
H/H2315.jpg,H,H,0.9821906089782715,2,1
H/H2317.jpg,H,H,0.9818434119224548,3,1
H/H2327.jpg,H,H,0.9226039052009583,3,1
H/H2331.jpg,H,H,0.976118266582489,2,1
H/H2349.jpg,H,H,0.972963273525238,3,1
H/H2351.jpg,H,H,0.9768586754798889,4,1
H/H2354.jpg,H,H,0.9764046669006348,4,1
H/H2355.jpg,H,H,0.9744178056716919,2,1
H/H2360.jpg,H,H,0.9784016013145447,3,1
H/H2362.jpg,H,H,0.9752990007400513,3,1
H/H2366.jpg,H,H,0.9741525650024414,4,1
H/H2376.jpg,H,H,0.954738438129425,4,1
H/H2380.jpg,H,H,0.9692128300666809,4,1
H/H2381.jpg,H,H,0.968755304813385,3,1
H/H2384.jpg,H,H,0.9776309132575989,4,1
H/H2386.jpg,H,H,0.9774444103240967,4,1
H/H2388.jpg,H,H,0.9830988049507141,3,1
H/H2389.jpg,H,H,0.9824032783508301,3,1
H/H2390.jpg,H,H,0.9825717210769653,3,1
H/H2391.jpg,H,H,0.9832632541656494,4,1
H/H2404.jpg,H,H,0.982797384262085,5,1
H/H2405.jpg,H,H,0.9830589294433594,5,1
H/H2411.jpg,H,H,0.9827845692634583,5,1
H/H2412.jpg,H,H,0.9826164245605469,5,1
H/H2420.jpg,H,H,0.9846940040588379,3,1
H/H2421.jpg,H,H,0.9837099313735962,3,1
H/H2429.jpg,H,H,0.9833092093467712,3,1
H/H2434.jpg,H,H,0.9839868545532227,3,1
H/H2439.jpg,H,H,0.9803322553634644,3,1
H/H2442.jpg,H,H,0.9572585821151733,4,1
H/H2450.jpg,H,H,0.9613264799118042,3,1
H/H2452.jpg,H,H,0.9760684967041016,3,1
H/H2457.jpg,H,H,0.9856606721878052,4,1
H/H2459.jpg,H,H,0.9869415163993835,4,1
H/H2460.jpg,H,H,0.98624587059021,4,1
H/H2466.jpg,H,H,0.9830742478370667,4,1
H/H2468.jpg,H,H,0.9832635521888733,4,1
H/H2469.jpg,H,H,0.9825134873390198,4,1
H/H2470.jpg,H,H,0.9829432964324951,5,1
H/H2477.jpg,H,H,0.9838038086891174,3,1
H/H2478.jpg,H,H,0.9837853908538818,3,1
H/H2479.jpg,H,H,0.9836258292198181,2,1
H/H248.jpg,H,H,0.9818666577339172,3,1
H/H2483.jpg,H,H,0.983957052230835,3,1
H/H2496.jpg,H,H,0.9813511371612549,3,1
H/H2499.jpg,H,H,0.9810953736305237,3,1
H/H2500.jpg,H,H,0.9815694093704224,3,1
H/H2502.jpg,H,H,0.9767959117889404,4,1
H/H2503.jpg,H,H,0.976934015750885,4,1
H/H2504.jpg,H,H,0.9774226546287537,5,1
H/H2506.jpg,H,H,0.9779892563819885,3,1
H/H2507.jpg,H,H,0.9775708913803101,5,1
H/H2511.jpg,H,H,0.9753079414367676,3,1
H/H2519.jpg,H,H,0.9719279408454895,3,1
H/H2526.jpg,H,H,0.9662418365478516,1,1
H/H2529.jpg,H,H,0.960536777973175,1,1
H/H2537.jpg,H,H,0.9669591784477234,1,1
H/H2540.jpg,H,H,0.9665593504905701,4,1
H/H2541.jpg,H,H,0.971433699131012,3,1
H/H2546.jpg,H,H,0.9732151031494141,3,1
H/H2547.jpg,H,H,0.9736500978469849,2,1
H/H2554.jpg,H,H,0.9825618267059326,4,1
H/H2559.jpg,H,H,0.9830559492111206,5,1
H/H2565.jpg,H,H,0.9851000905036926,4,1
H/H2572.jpg,H,H,0.9840942025184631,3,1
H/H2582.jpg,H,H,0.98236083984375,5,1
H/H2586.jpg,H,H,0.9835751056671143,6,1
H/H2588.jpg,H,H,0.9845412969589233,5,1
H/H2598.jpg,H,H,0.9839736819267273,5,1
H/H2604.jpg,H,H,0.9845036268234253,3,1
H/H2615.jpg,H,H,0.9835432767868042,3,1
H/H2626.jpg,H,H,0.9844316840171814,4,1
H/H2631.jpg,H,H,0.984580397605896,3,1
H/H2642.jpg,H,H,0.9856985211372375,2,1
H/H2643.jpg,H,H,0.9852572083473206,2,1
H/H2679.jpg,H,H,0.9868818521499634,2,1
H/H2680.jpg,H,H,0.9875696301460266,2,1
H/H2687.jpg,H,H,0.986456036567688,2,1
H/H2698.jpg,H,H,0.9861757159233093,2,1
H/H2699.jpg,H,H,0.9852315187454224,2,1
H/H2700.jpg,H,H,0.9864339828491211,2,1
H/H2707.jpg,H,H,0.9849137663841248,2,1
H/H2719.jpg,H,H,0.9862077236175537,3,1
H/H2723.jpg,H,H,0.9875710010528564,3,1
H/H2734.jpg,H,H,0.9853556752204895,2,1
H/H2739.jpg,H,H,0.9877150654792786,2,1
H/H2740.jpg,H,H,0.9873605370521545,2,1
H/H2742.jpg,H,H,0.9865269064903259,3,1
H/H2744.jpg,H,H,0.9869410395622253,2,1
H/H2746.jpg,H,H,0.9871731996536255,2,1
H/H2749.jpg,H,H,0.9876905679702759,4,1
H/H2750.jpg,H,H,0.9876397252082825,2,1
H/H2755.jpg,H,H,0.987555205821991,2,1
H/H276.jpg,H,H,0.9829952120780945,3,1
H/H2767.jpg,H,H,0.9864750504493713,2,1
H/H2769.jpg,H,H,0.9851738810539246,2,1
H/H2775.jpg,H,H,0.987500011920929,3,1
H/H2777.jpg,H,H,0.988381564617157,2,1
H/H2778.jpg,H,H,0.9885237812995911,2,1
H/H2779.jpg,H,H,0.9873297214508057,2,1
H/H2781.jpg,H,H,0.9875009059906006,2,1
H/H2782.jpg,H,H,0.9856743216514587,2,1
H/H2786.jpg,H,H,0.985811710357666,4,1
H/H2792.jpg,H,H,0.9835638999938965,3,1
H/H280.jpg,H,H,0.9829931259155273,2,1
H/H2805.jpg,H,H,0.9867540001869202,3,1
H/H2806.jpg,H,H,0.985403835773468,3,1
H/H2808.jpg,H,H,0.9878031611442566,2,1
H/H2813.jpg,H,H,0.9873945713043213,1,1
H/H2814.jpg,H,H,0.9870119690895081,3,1
H/H2819.jpg,H,H,0.9868436455726624,3,1
H/H2820.jpg,H,H,0.9860920310020447,3,1
H/H2823.jpg,H,H,0.986512303352356,3,1
H/H2830.jpg,H,H,0.9859898090362549,3,1
H/H2831.jpg,H,H,0.9858168959617615,3,1
H/H2835.jpg,H,H,0.9855149984359741,3,1
H/H2842.jpg,H,H,0.9867781400680542,3,1
H/H2849.jpg,H,H,0.986076295375824,3,1
H/H2856.jpg,H,H,0.9876270890235901,1,1
H/H2858.jpg,H,H,0.9876876473426819,1,1
H/H2862.jpg,H,H,0.9878122210502625,1,1
H/H2865.jpg,H,H,0.9876111149787903,1,1
H/H2869.jpg,H,H,0.9878073334693909,1,1
H/H287.jpg,H,H,0.9834876656532288,2,1
H/H2870.jpg,H,H,0.9875895380973816,1,1
H/H2873.jpg,H,H,0.9877111315727234,1,1
H/H2877.jpg,H,H,0.9855802059173584,1,1
H/H2878.jpg,H,H,0.9857893586158752,1,1
H/H2885.jpg,H,H,0.9880159497261047,1,1
H/H2887.jpg,H,H,0.9861167073249817,1,1
H/H289.jpg,H,H,0.9848761558532715,2,1
H/H2893.jpg,H,H,0.9841768741607666,4,1
H/H2897.jpg,H,H,0.9852664470672607,3,1
H/H29.jpg,H,H,0.9839355945587158,1,1
H/H2906.jpg,H,H,0.9852250218391418,5,1
H/H291.jpg,H,H,0.9850075244903564,2,1
H/H2910.jpg,H,H,0.9838743209838867,5,1
H/H2917.jpg,H,H,0.985516369342804,5,1
H/H2923.jpg,H,H,0.9856953024864197,4,1
H/H2927.jpg,H,H,0.9820479154586792,4,1
H/H2930.jpg,H,H,0.9844865202903748,4,1
H/H2932.jpg,H,H,0.9847962856292725,3,1
H/H294.jpg,H,H,0.9858900308609009,2,1
H/H2947.jpg,H,H,0.9857023358345032,2,1
H/H2950.jpg,H,H,0.9869333505630493,2,1
H/H2955.jpg,H,H,0.9834927320480347,1,1
H/H2963.jpg,H,H,0.9800711274147034,2,1
H/H2964.jpg,H,H,0.9820044636726379,2,1
H/H297.jpg,H,H,0.986174464225769,3,1
H/H2973.jpg,H,H,0.9801838994026184,3,1
H/H2982.jpg,H,H,0.9808036684989929,2,1
H/H2984.jpg,H,H,0.9810106158256531,2,1
H/H2988.jpg,H,H,0.9804748892784119,2,1
H/H299.jpg,H,H,0.9859876036643982,3,1
H/H2995.jpg,H,H,0.9825043082237244,2,1
H/H2998.jpg,H,H,0.9818905591964722,2,1
H/H30.jpg,H,H,0.9838880896568298,1,1
H/H301.jpg,H,H,0.986375629901886,3,1
H/H317.jpg,H,H,0.9876580834388733,2,1
H/H319.jpg,H,H,0.9890945553779602,2,1
H/H32.jpg,H,H,0.9842027425765991,1,1
H/H326.jpg,H,H,0.9877741932868958,2,1
H/H33.jpg,H,H,0.9841889142990112,1,1
H/H330.jpg,H,H,0.9886426329612732,2,1
H/H332.jpg,H,H,0.9879883527755737,2,1
H/H333.jpg,H,H,0.9881950616836548,2,1
H/H335.jpg,H,H,0.9889722466468811,2,1
H/H339.jpg,H,H,0.9885000586509705,2,1
H/H341.jpg,H,H,0.9882778525352478,2,1
H/H343.jpg,H,H,0.9887837767601013,2,1
H/H350.jpg,H,H,0.9852847456932068,2,1
H/H352.jpg,H,H,0.9853755831718445,2,1
H/H353.jpg,H,H,0.9856907725334167,2,1
H/H356.jpg,H,H,0.9878381490707397,1,1
H/H362.jpg,H,H,0.9875679016113281,1,1
H/H367.jpg,H,H,0.9882193803787231,1,1
H/H368.jpg,H,H,0.9867340326309204,1,1
H/H372.jpg,H,H,0.9871927499771118,2,1
H/H380.jpg,H,H,0.987281858921051,2,1
H/H387.jpg,H,H,0.9880695939064026,2,1
H/H395.jpg,H,H,0.9873157739639282,2,1
H/H4.jpg,H,H,0.9849953055381775,1,1
H/H403.jpg,H,H,0.9878053665161133,2,1
H/H406.jpg,H,H,0.9870262742042542,1,1
H/H407.jpg,H,H,0.9875230193138123,1,1
H/H410.jpg,H,H,0.9877222180366516,3,1
H/H425.jpg,H,H,0.9870094060897827,3,1
H/H428.jpg,H,H,0.9880396723747253,2,1
H/H441.jpg,H,H,0.9875946044921875,2,1
H/H442.jpg,H,H,0.9874740839004517,2,1
H/H448.jpg,H,H,0.986844003200531,2,1
H/H461.jpg,H,H,0.9877508878707886,2,1
H/H467.jpg,H,H,0.9881412982940674,2,1
H/H475.jpg,H,H,0.9866077899932861,1,1
H/H481.jpg,H,H,0.9877281188964844,1,1
H/H49.jpg,H,H,0.9847356081008911,1,1
H/H491.jpg,H,H,0.9888346791267395,2,1
H/H493.jpg,H,H,0.9890446662902832,2,1
H/H496.jpg,H,H,0.9882016777992249,2,1
H/H5.jpg,H,H,0.9841036796569824,1,1
H/H501.jpg,H,H,0.9878491759300232,1,1
H/H509.jpg,H,H,0.9884213209152222,2,1
H/H510.jpg,H,H,0.9876497387886047,3,1
H/H522.jpg,H,H,0.9881728291511536,2,1
H/H525.jpg,H,H,0.9883203506469727,2,1
H/H531.jpg,H,H,0.9884520173072815,4,1
H/H532.jpg,H,H,0.9884275794029236,3,1
H/H536.jpg,H,H,0.987874448299408,1,1
H/H541.jpg,H,H,0.9874207377433777,3,1
H/H55.jpg,H,H,0.9846700429916382,1,1
H/H555.jpg,H,H,0.9834656715393066,2,1
H/H558.jpg,H,H,0.9810463786125183,2,1
H/H571.jpg,H,H,0.9855509996414185,2,1
H/H573.jpg,H,H,0.9866220355033875,2,1
H/H581.jpg,H,H,0.9861631989479065,2,1
H/H582.jpg,H,H,0.9850065112113953,1,1
H/H583.jpg,H,H,0.9836965203285217,1,1
H/H585.jpg,H,H,0.9847524762153625,1,1
H/H600.jpg,H,H,0.9839727878570557,3,1
H/H607.jpg,H,H,0.9835397005081177,2,1
H/H608.jpg,H,H,0.9842392206192017,3,1
H/H613.jpg,H,H,0.9838967323303223,3,1
H/H614.jpg,H,H,0.9840774536132812,3,1
H/H616.jpg,H,H,0.9839054942131042,4,1
H/H618.jpg,H,H,0.9836718440055847,3,1
H/H629.jpg,H,H,0.9810169339179993,4,1
H/H640.jpg,H,H,0.9829608798027039,5,1
H/H65.jpg,H,H,0.9866355061531067,4,1
H/H650.jpg,H,H,0.9853207468986511,1,1
H/H663.jpg,H,H,0.9821333289146423,1,1
H/H666.jpg,H,H,0.9824773669242859,1,1
H/H673.jpg,H,H,0.9825306534767151,1,1
H/H686.jpg,H,H,0.984015941619873,2,1
H/H687.jpg,H,H,0.9835337996482849,2,1
H/H688.jpg,H,H,0.9844036102294922,2,1
H/H689.jpg,H,H,0.9842474460601807,2,1
H/H691.jpg,H,H,0.9840664863586426,2,1
H/H693.jpg,H,H,0.9840065836906433,1,1
H/H695.jpg,H,H,0.9837360978126526,2,1
H/H703.jpg,H,H,0.9871373176574707,1,1
H/H704.jpg,H,H,0.9872324466705322,1,1
H/H705.jpg,H,H,0.9876478910446167,2,1
H/H716.jpg,H,H,0.9853633642196655,1,1
H/H718.jpg,H,H,0.9870235919952393,1,1
H/H723.jpg,H,H,0.9868026375770569,1,1
H/H725.jpg,H,H,0.9834203720092773,1,1
H/H732.jpg,H,H,0.9830965995788574,1,1
H/H740.jpg,H,H,0.9860199093818665,1,1
H/H741.jpg,H,H,0.9850929379463196,1,1
H/H742.jpg,H,H,0.9844821691513062,1,1
H/H743.jpg,H,H,0.9832758903503418,1,1
H/H746.jpg,H,H,0.9844731688499451,1,1
H/H749.jpg,H,H,0.9828789234161377,1,1
H/H758.jpg,H,H,0.9820839762687683,1,1
H/H759.jpg,H,H,0.9825114607810974,1,1
H/H760.jpg,H,H,0.9831544160842896,1,1
H/H771.jpg,H,H,0.98405522108078,1,1
H/H78.jpg,H,H,0.9852721691131592,2,1
H/H787.jpg,H,H,0.9813226461410522,2,1
H/H790.jpg,H,H,0.983349084854126,1,1
H/H796.jpg,H,H,0.9852005243301392,3,1
H/H806.jpg,H,H,0.9855471849441528,3,1
H/H82.jpg,H,H,0.9859082102775574,3,1
H/H821.jpg,H,H,0.9855175614356995,3,1
H/H825.jpg,H,H,0.9849830269813538,3,1
H/H826.jpg,H,H,0.9855260848999023,3,1
H/H837.jpg,H,H,0.9873928427696228,1,1
H/H843.jpg,H,H,0.9857024550437927,2,1
H/H846.jpg,H,H,0.9865933656692505,2,1
H/H847.jpg,H,H,0.9863070845603943,2,1
H/H856.jpg,H,H,0.9850935935974121,1,1
H/H857.jpg,H,H,0.9843073487281799,1,1
H/H858.jpg,H,H,0.9845545887947083,1,1
H/H862.jpg,H,H,0.9846184849739075,1,1
H/H864.jpg,H,H,0.9834611415863037,1,1
H/H869.jpg,H,H,0.9840075373649597,1,1
H/H872.jpg,H,H,0.984536349773407,1,1
H/H878.jpg,H,H,0.9847590327262878,1,1
H/H883.jpg,H,H,0.9848227500915527,1,1
H/H885.jpg,H,H,0.9852555990219116,1,1
H/H888.jpg,H,H,0.984345018863678,1,1
H/H897.jpg,H,H,0.9836704730987549,1,1
H/H90.jpg,H,H,0.985885739326477,2,1
H/H907.jpg,H,H,0.984152615070343,1,1
H/H916.jpg,H,H,0.9850460886955261,1,1
H/H922.jpg,H,H,0.9842332005500793,1,1
H/H926.jpg,H,H,0.9847288727760315,1,1
H/H931.jpg,H,H,0.9845134615898132,1,1
H/H932.jpg,H,H,0.9835438132286072,1,1
H/H934.jpg,H,H,0.983819842338562,1,1
H/H935.jpg,H,H,0.9844793677330017,1,1
H/H937.jpg,H,H,0.9835900664329529,1,1
H/H939.jpg,H,H,0.9844390749931335,1,1
H/H944.jpg,H,H,0.9877838492393494,2,1
H/H946.jpg,H,H,0.9875150918960571,1,1
H/H953.jpg,H,H,0.9888027310371399,1,1
H/H958.jpg,H,H,0.9885459542274475,1,1
H/H96.jpg,H,H,0.9879477620124817,4,1
H/H960.jpg,H,H,0.988167941570282,1,1
H/H964.jpg,H,H,0.9872472286224365,1,1
H/H980.jpg,H,H,0.985607385635376,3,1
H/H990.jpg,H,H,0.9857573509216309,3,1
H/H995.jpg,H,H,0.9855782389640808,3,1
I/I10.jpg,I,I,0.9805327653884888,2,1
I/I1016.jpg,I,I,0.9641953110694885,4,1
I/I1019.jpg,I,I,0.9615206718444824,4,1
I/I1033.jpg,I,I,0.963290274143219,5,1
I/I1038.jpg,I,I,0.9614351391792297,4,1
I/I104.jpg,I,I,0.9830869436264038,2,1
I/I1040.jpg,I,I,0.9602230191230774,4,1
I/I1041.jpg,I,I,0.9600806832313538,4,1
I/I1042.jpg,I,I,0.9620486497879028,5,1
I/I1044.jpg,I,I,0.9632785320281982,5,1
I/I1056.jpg,I,I,0.9647443294525146,5,1
I/I1064.jpg,I,I,0.9674432873725891,5,1
I/I107.jpg,I,I,0.9832242727279663,2,1
I/I1070.jpg,I,I,0.9658753275871277,5,1
I/I1072.jpg,I,I,0.9652576446533203,5,1
I/I1073.jpg,I,I,0.9652300477027893,5,1
I/I1074.jpg,I,I,0.9668092131614685,6,1
I/I1077.jpg,I,I,0.9705111384391785,6,1
I/I1078.jpg,I,I,0.9727413058280945,5,1
I/I1080.jpg,I,I,0.9734231233596802,6,1
I/I1084.jpg,I,I,0.970548152923584,4,1
I/I1092.jpg,I,I,0.9698343276977539,4,1
I/I1097.jpg,I,I,0.9662238955497742,4,1
I/I1098.jpg,I,I,0.962220311164856,4,1
I/I11.jpg,I,I,0.980492115020752,2,1
I/I1103.jpg,I,I,0.9633328318595886,4,1
I/I1106.jpg,I,I,0.9633033275604248,4,1
I/I1111.jpg,I,I,0.965848445892334,5,1
I/I1114.jpg,I,I,0.9697449207305908,5,1
I/I1128.jpg,I,I,0.9676344394683838,4,1
I/I1130.jpg,I,I,0.9651123881340027,4,1
I/I1137.jpg,I,I,0.9707552790641785,3,1
I/I1138.jpg,I,I,0.9682254791259766,3,1
I/I1140.jpg,I,I,0.9654189348220825,3,1
I/I1141.jpg,I,I,0.9639157652854919,3,1
I/I1146.jpg,I,I,0.9629091024398804,3,1
I/I1148.jpg,I,I,0.9603267908096313,2,1
I/I1152.jpg,I,I,0.9614615440368652,2,1
I/I1167.jpg,I,I,0.9624404907226562,2,1
I/I1168.jpg,I,I,0.966593861579895,3,1
I/I1171.jpg,I,I,0.9705227017402649,3,1
I/I1174.jpg,I,I,0.9695883393287659,3,1
I/I1181.jpg,I,I,0.9722077250480652,3,1
I/I1183.jpg,I,I,0.9751244783401489,3,1
I/I1187.jpg,I,I,0.9768611788749695,5,1
I/I119.jpg,I,I,0.9834213852882385,2,1
I/I1197.jpg,I,I,0.974541425704956,6,1
I/I1200.jpg,I,I,0.974515974521637,4,1
I/I1201.jpg,I,I,0.9727510213851929,7,1
I/I1203.jpg,I,I,0.9717708826065063,6,1
I/I1204.jpg,I,I,0.97128826379776,7,1
I/I1207.jpg,I,I,0.9749225378036499,4,1
I/I1210.jpg,I,I,0.9727769494056702,4,1
I/I1219.jpg,I,I,0.9698312878608704,4,1
I/I1222.jpg,I,I,0.9755707383155823,5,1
I/I1224.jpg,I,I,0.9758214354515076,5,1
I/I1225.jpg,I,I,0.9764160513877869,5,1
I/I1226.jpg,I,I,0.976904571056366,4,1
I/I1227.jpg,I,I,0.978154718875885,4,1
I/I123.jpg,I,I,0.9843235611915588,2,1
I/I1230.jpg,I,I,0.975578784942627,4,1
I/I1238.jpg,I,I,0.967047929763794,2,1
I/I124.jpg,I,I,0.9840684533119202,2,1
I/I1241.jpg,I,I,0.9775922894477844,3,1
I/I1242.jpg,I,I,0.9759568572044373,2,1
I/I1243.jpg,I,I,0.974232017993927,2,1
I/I1249.jpg,I,I,0.9751459360122681,3,1
I/I1250.jpg,I,I,0.9757577776908875,3,1
I/I1258.jpg,I,I,0.9797937273979187,4,1
I/I126.jpg,I,I,0.9838977456092834,2,1
I/I1261.jpg,I,I,0.9779602885246277,5,1
I/I1262.jpg,I,I,0.9787535667419434,5,1
I/I1265.jpg,I,I,0.9768450260162354,5,1
I/I1266.jpg,I,I,0.9780078530311584,4,1
I/I1270.jpg,I,I,0.9776440262794495,4,1
I/I1277.jpg,I,I,0.9757410883903503,3,1
I/I1278.jpg,I,I,0.9754379391670227,3,1
I/I1280.jpg,I,I,0.9755812883377075,3,1
I/I1288.jpg,I,I,0.9789867997169495,4,1
I/I1299.jpg,I,I,0.9765875935554504,5,1
I/I1303.jpg,I,I,0.9779020547866821,5,1
I/I1306.jpg,I,I,0.9744293689727783,5,1
I/I1312.jpg,I,I,0.9768438935279846,4,1
I/I1315.jpg,I,I,0.9758365154266357,5,1
I/I1318.jpg,I,I,0.9741025567054749,5,1
I/I1319.jpg,I,I,0.9768480062484741,4,1
I/I1324.jpg,I,I,0.9756892323493958,5,1
I/I1333.jpg,I,I,0.9772695302963257,5,1
I/I1334.jpg,I,I,0.9750047922134399,5,1
I/I1336.jpg,I,I,0.9707046151161194,5,1
I/I1339.jpg,I,I,0.9779065847396851,5,1
I/I134.jpg,I,I,0.9845584034919739,2,1
I/I1340.jpg,I,I,0.9709752798080444,5,1
I/I1342.jpg,I,I,0.9730674028396606,4,1
I/I1343.jpg,I,I,0.9677186608314514,4,1
I/I1344.jpg,I,I,0.9791202545166016,4,1
I/I1348.jpg,I,I,0.9733460545539856,5,1
I/I1352.jpg,I,I,0.9768458604812622,4,1
I/I1353.jpg,I,I,0.9734258055686951,5,1
I/I1356.jpg,I,I,0.9722583293914795,4,1
I/I1360.jpg,I,I,0.9762580990791321,2,1
I/I1363.jpg,I,I,0.9726102948188782,3,1
I/I1365.jpg,I,I,0.9755738377571106,2,1
I/I1366.jpg,I,I,0.9700338244438171,2,1
I/I1367.jpg,I,I,0.9732696413993835,2,1
I/I1368.jpg,I,I,0.9754671454429626,2,1
I/I1373.jpg,I,I,0.9715814590454102,3,1
I/I1384.jpg,I,I,0.9720265865325928,3,1
I/I1388.jpg,I,I,0.9774004817008972,3,1
I/I1389.jpg,I,I,0.9742024540901184,2,1
I/I1396.jpg,I,I,0.9703369140625,3,1
I/I1398.jpg,I,I,0.9747699499130249,3,1
I/I140.jpg,I,I,0.9834976196289062,2,1
I/I1400.jpg,I,I,0.9730305075645447,4,1
I/I1402.jpg,I,I,0.970643937587738,4,1
I/I1403.jpg,I,I,0.9717987775802612,3,1
I/I1417.jpg,I,I,0.9736056923866272,4,1
I/I1419.jpg,I,I,0.9744393229484558,4,1
I/I1420.jpg,I,I,0.9772336483001709,4,1
I/I1426.jpg,I,I,0.9760352373123169,2,1
I/I1427.jpg,I,I,0.9736521244049072,3,1
I/I1429.jpg,I,I,0.9766199588775635,4,1
I/I1431.jpg,I,I,0.9745336174964905,2,1
I/I1435.jpg,I,I,0.9764497876167297,2,1
I/I1445.jpg,I,I,0.9756594896316528,3,1
I/I145.jpg,I,I,0.9828821420669556,2,1
I/I1456.jpg,I,I,0.9750306606292725,3,1
I/I146.jpg,I,I,0.9835330247879028,2,1
I/I1462.jpg,I,I,0.976289689540863,4,1
I/I1463.jpg,I,I,0.9798280596733093,5,1
I/I1484.jpg,I,I,0.9746001958847046,6,1
I/I1486.jpg,I,I,0.977493166923523,5,1
I/I1496.jpg,I,I,0.9831585884094238,5,1
I/I1498.jpg,I,I,0.9781865477561951,5,1
I/I1501.jpg,I,I,0.9819450378417969,6,1
I/I1506.jpg,I,I,0.9775418043136597,5,1
I/I152.jpg,I,I,0.9829555153846741,2,1
I/I1522.jpg,I,I,0.9793673157691956,5,1
I/I1536.jpg,I,I,0.9810277223587036,5,1
I/I1537.jpg,I,I,0.9802418947219849,5,1
I/I1545.jpg,I,I,0.9780529141426086,5,1
I/I1551.jpg,I,I,0.9796294569969177,2,1
I/I1560.jpg,I,I,0.9767503142356873,5,1
I/I1571.jpg,I,I,0.977057695388794,6,1
I/I1578.jpg,I,I,0.9741314053535461,5,1
I/I1584.jpg,I,I,0.9769111275672913,4,1
I/I1587.jpg,I,I,0.9797391295433044,5,1
I/I160.jpg,I,I,0.9792826771736145,2,1
I/I1600.jpg,I,I,0.9783198237419128,2,1
I/I1602.jpg,I,I,0.9799280166625977,3,1
I/I1604.jpg,I,I,0.9797479510307312,3,1
I/I1605.jpg,I,I,0.9803755879402161,4,1
I/I1610.jpg,I,I,0.9805620312690735,3,1
I/I1612.jpg,I,I,0.9797428250312805,4,1
I/I162.jpg,I,I,0.9812295436859131,2,1
I/I1620.jpg,I,I,0.9819100499153137,4,1
I/I1624.jpg,I,I,0.9794182777404785,5,1
I/I1629.jpg,I,I,0.9754902124404907,4,1
I/I1635.jpg,I,I,0.9785338044166565,5,1
I/I1640.jpg,I,I,0.9781773090362549,4,1
I/I1643.jpg,I,I,0.9811379909515381,5,1
I/I1645.jpg,I,I,0.9784975647926331,4,1
I/I1646.jpg,I,I,0.9789137840270996,4,1
I/I1652.jpg,I,I,0.9821394085884094,4,1
I/I1653.jpg,I,I,0.9818826913833618,5,1
I/I1654.jpg,I,I,0.9811416268348694,3,1
I/I1660.jpg,I,I,0.9798166155815125,3,1
I/I1676.jpg,I,I,0.9790991544723511,3,1
I/I1677.jpg,I,I,0.9772114753723145,5,1
I/I1686.jpg,I,I,0.9796669483184814,3,1
I/I1692.jpg,I,I,0.9739646911621094,2,1
I/I1702.jpg,I,I,0.9767174124717712,3,1
I/I1704.jpg,I,I,0.9766526222229004,4,1
I/I171.jpg,I,I,0.9808564186096191,3,1
I/I1712.jpg,I,I,0.9803115129470825,3,1
I/I1715.jpg,I,I,0.9806555509567261,3,1
I/I1726.jpg,I,I,0.9821120500564575,4,1
I/I1734.jpg,I,I,0.9799900650978088,3,1
I/I1740.jpg,I,I,0.9803599715232849,5,1
I/I1741.jpg,I,I,0.9772647619247437,5,1
I/I1746.jpg,I,I,0.9792822599411011,4,1
I/I1752.jpg,I,I,0.983444333076477,6,1
I/I1753.jpg,I,I,0.9860298037528992,4,1
I/I1758.jpg,I,I,0.9813172221183777,3,1
I/I1766.jpg,I,I,0.9803212285041809,3,1
I/I1770.jpg,I,I,0.9829445481300354,3,1
I/I1772.jpg,I,I,0.9814918637275696,3,1
I/I1774.jpg,I,I,0.9818271994590759,2,1
I/I1786.jpg,I,I,0.9810706377029419,4,1
I/I1791.jpg,I,I,0.9811228513717651,4,1
I/I1792.jpg,I,I,0.9797806739807129,2,1
I/I1796.jpg,I,I,0.9801617860794067,2,1
I/I1811.jpg,I,I,0.9738439321517944,4,1
I/I1813.jpg,I,I,0.9772262573242188,5,1
I/I1817.jpg,I,I,0.9772557616233826,3,1
I/I1825.jpg,I,I,0.9820672273635864,3,1
I/I1826.jpg,I,I,0.9761547446250916,3,1
I/I1827.jpg,I,I,0.9797267913818359,3,1
I/I1830.jpg,I,I,0.9812299013137817,4,1
I/I1831.jpg,I,I,0.9810954928398132,3,1
I/I1832.jpg,I,I,0.9792615175247192,4,1
I/I1834.jpg,I,I,0.9779263138771057,4,1
I/I1841.jpg,I,I,0.9808198809623718,2,1
I/I1843.jpg,I,I,0.9799756407737732,4,1
I/I1844.jpg,I,I,0.9795222282409668,5,1
I/I1846.jpg,I,I,0.9823435544967651,3,1
I/I1847.jpg,I,I,0.9827844500541687,3,1
I/I1854.jpg,I,I,0.9809204339981079,4,1
I/I186.jpg,I,I,0.9823717474937439,2,1
I/I1862.jpg,I,I,0.9825608134269714,3,1
I/I1863.jpg,I,I,0.9803498983383179,4,1
I/I1868.jpg,I,I,0.9829323291778564,3,1
I/I187.jpg,I,I,0.9829344153404236,2,1
I/I1886.jpg,I,I,0.9857265949249268,6,1
I/I1894.jpg,I,I,0.9843369126319885,4,1
I/I1896.jpg,I,I,0.9822961688041687,4,1
I/I19.jpg,I,I,0.9806710481643677,2,1
I/I190.jpg,I,I,0.9826499223709106,2,1
I/I1900.jpg,I,I,0.9846698045730591,4,1
I/I1911.jpg,I,I,0.9797588586807251,3,1
I/I1913.jpg,I,I,0.9802457690238953,4,1
I/I1923.jpg,I,I,0.9787859916687012,4,1
I/I1932.jpg,I,I,0.9843857884407043,3,1
I/I1934.jpg,I,I,0.9850690960884094,1,1
I/I1941.jpg,I,I,0.9824259281158447,2,1
I/I195.jpg,I,I,0.9829074740409851,2,1
I/I1950.jpg,I,I,0.9827477335929871,5,1
I/I1959.jpg,I,I,0.9810364246368408,4,1
I/I196.jpg,I,I,0.9834567904472351,2,1
I/I1962.jpg,I,I,0.9821062088012695,4,1
I/I1967.jpg,I,I,0.981253981590271,5,1
I/I1975.jpg,I,I,0.981687605381012,4,1
I/I1993.jpg,I,I,0.9814379215240479,4,1
I/I1996.jpg,I,I,0.9811719655990601,3,1
I/I1997.jpg,I,I,0.9807921051979065,3,1
I/I2001.jpg,I,I,0.9807993173599243,1,1
I/I2005.jpg,I,I,0.9823163151741028,2,1
I/I201.jpg,I,I,0.982453465461731,2,1
I/I2011.jpg,I,I,0.9834148287773132,2,1
I/I2015.jpg,I,I,0.9822021126747131,3,1
I/I2023.jpg,I,I,0.9807676672935486,2,1
I/I2027.jpg,I,I,0.9777568578720093,3,1
I/I2030.jpg,I,I,0.9773184657096863,2,1
I/I2036.jpg,I,I,0.9765082001686096,2,1
I/I2040.jpg,I,I,0.9791343212127686,2,1
I/I2041.jpg,I,I,0.9757359623908997,3,1
I/I2053.jpg,I,I,0.9815860390663147,4,1
I/I2055.jpg,I,I,0.9812994599342346,3,1
I/I2058.jpg,I,I,0.9793731570243835,4,1
I/I2059.jpg,I,I,0.9805973172187805,3,1
I/I2061.jpg,I,I,0.9807559847831726,4,1
I/I2070.jpg,I,I,0.9804273247718811,4,1
I/I2072.jpg,I,I,0.9778720736503601,4,1
I/I2074.jpg,I,I,0.9774786233901978,4,1
I/I2077.jpg,I,I,0.9794172644615173,4,1
I/I208.jpg,I,I,0.9841210246086121,2,1
I/I2082.jpg,I,I,0.9794730544090271,4,1
I/I2085.jpg,I,I,0.9764989018440247,2,1
I/I2088.jpg,I,I,0.9782786965370178,2,1
I/I2094.jpg,I,I,0.9794681668281555,3,1
I/I2095.jpg,I,I,0.9789262413978577,3,1
I/I210.jpg,I,I,0.9842594265937805,2,1
I/I2104.jpg,I,I,0.978366494178772,1,1
I/I2107.jpg,I,I,0.9791417717933655,1,1
I/I2108.jpg,I,I,0.9816208481788635,1,1
I/I2114.jpg,I,I,0.9803857803344727,2,1
I/I2116.jpg,I,I,0.9793684482574463,2,1
I/I2119.jpg,I,I,0.9825916290283203,3,1
I/I2133.jpg,I,I,0.9811367988586426,2,1
I/I2136.jpg,I,I,0.9821792244911194,2,1
I/I2170.jpg,I,I,0.9769487977027893,2,1
I/I2172.jpg,I,I,0.9757526516914368,2,1
I/I2177.jpg,I,I,0.9781252145767212,2,1
I/I2178.jpg,I,I,0.9770089983940125,3,1
I/I2180.jpg,I,I,0.9781836867332458,2,1
I/I2190.jpg,I,I,0.9769217371940613,2,1
I/I2201.jpg,I,I,0.9802261590957642,2,1
I/I2203.jpg,I,I,0.9805570840835571,2,1
I/I2210.jpg,I,I,0.9770755767822266,3,1
I/I2211.jpg,I,I,0.9749412536621094,3,1
I/I2213.jpg,I,I,0.9765499234199524,2,1
I/I2218.jpg,I,I,0.9801316857337952,3,1
I/I2229.jpg,I,I,0.9815743565559387,2,1
I/I223.jpg,I,I,0.9840741157531738,2,1
I/I2235.jpg,I,I,0.9777125120162964,1,1
I/I2236.jpg,I,I,0.9782790541648865,1,1
I/I2238.jpg,I,I,0.9778473377227783,1,1
I/I2240.jpg,I,I,0.9783743619918823,2,1
I/I2242.jpg,I,I,0.9765810966491699,3,1
I/I2246.jpg,I,I,0.9761207699775696,3,1
I/I225.jpg,I,I,0.9839711785316467,1,1
I/I2250.jpg,I,I,0.9783583879470825,2,1
I/I2252.jpg,I,I,0.9792494177818298,2,1
I/I2256.jpg,I,I,0.9772692918777466,2,1
I/I2257.jpg,I,I,0.9782276153564453,2,1
I/I226.jpg,I,I,0.9829860329627991,2,1
I/I2261.jpg,I,I,0.978710949420929,2,1
I/I2265.jpg,I,I,0.9788541793823242,1,1
I/I2267.jpg,I,I,0.9782177805900574,2,1
I/I2278.jpg,I,I,0.9839386343955994,2,1
I/I2279.jpg,I,I,0.9823366403579712,2,1
I/I2284.jpg,I,I,0.9823195338249207,2,1
I/I2291.jpg,I,I,0.9817367792129517,1,1
I/I2316.jpg,I,I,0.976691484451294,3,1
I/I2319.jpg,I,I,0.9770941138267517,3,1
I/I2339.jpg,I,I,0.9798619747161865,3,1
I/I2341.jpg,I,I,0.977773904800415,3,1
I/I2343.jpg,I,I,0.9792205095291138,3,1
I/I2351.jpg,I,I,0.9802093505859375,4,1
I/I2354.jpg,I,I,0.9801607728004456,4,1
I/I2355.jpg,I,I,0.9789698719978333,3,1
I/I2362.jpg,I,I,0.9790405035018921,3,1
I/I2366.jpg,I,I,0.9795455932617188,2,1
I/I2371.jpg,I,I,0.9805764555931091,4,1
I/I2373.jpg,I,I,0.9798133373260498,4,1
I/I2377.jpg,I,I,0.9801383018493652,5,1
I/I2378.jpg,I,I,0.9793913960456848,5,1
I/I238.jpg,I,I,0.9828323721885681,1,1
I/I2385.jpg,I,I,0.9808485507965088,4,1
I/I2386.jpg,I,I,0.9783550500869751,4,1
I/I2395.jpg,I,I,0.9801719784736633,4,1
I/I2400.jpg,I,I,0.9788778424263,4,1
I/I2403.jpg,I,I,0.9799342751502991,4,1
I/I2405.jpg,I,I,0.9800627827644348,4,1
I/I2420.jpg,I,I,0.9799256920814514,2,1
I/I2424.jpg,I,I,0.9800207614898682,3,1
I/I2428.jpg,I,I,0.9811971783638,3,1
I/I2442.jpg,I,I,0.9815894961357117,3,1
I/I2454.jpg,I,I,0.978679895401001,2,1
I/I2459.jpg,I,I,0.9766651391983032,2,1
I/I247.jpg,I,I,0.981031596660614,2,1
I/I2473.jpg,I,I,0.9762634634971619,2,1
I/I2476.jpg,I,I,0.9767130017280579,2,1
I/I2478.jpg,I,I,0.9770046472549438,2,1
I/I2479.jpg,I,I,0.9759562015533447,2,1
I/I2482.jpg,I,I,0.9740656018257141,2,1
I/I2492.jpg,I,I,0.9755521416664124,2,1
I/I2494.jpg,I,I,0.9814727306365967,2,1
I/I2506.jpg,I,I,0.9803671836853027,1,1
I/I2514.jpg,I,I,0.9794437885284424,1,1
I/I2520.jpg,I,I,0.9812887907028198,1,1
I/I2531.jpg,I,I,0.9798912405967712,1,1
I/I2532.jpg,I,I,0.9784760475158691,1,1
I/I2535.jpg,I,I,0.9778190851211548,1,1
I/I2538.jpg,I,I,0.9763067364692688,1,1
I/I254.jpg,I,I,0.9841301441192627,2,1
I/I2545.jpg,I,I,0.974942147731781,2,1
I/I2547.jpg,I,I,0.9760192036628723,2,1
I/I2559.jpg,I,I,0.976531982421875,3,1
I/I2565.jpg,I,I,0.9807597994804382,2,1
I/I2567.jpg,I,I,0.9810432195663452,2,1
I/I2568.jpg,I,I,0.9806642532348633,2,1
I/I2594.jpg,I,I,0.9849156141281128,3,1
I/I260.jpg,I,I,0.9809479713439941,1,1
I/I2606.jpg,I,I,0.9831222891807556,4,1
I/I2607.jpg,I,I,0.9835665822029114,5,1
I/I2609.jpg,I,I,0.9831380844116211,4,1
I/I2615.jpg,I,I,0.9783234596252441,3,1
I/I2616.jpg,I,I,0.9789510369300842,2,1
I/I2622.jpg,I,I,0.977095365524292,2,1
I/I2623.jpg,I,I,0.9781419634819031,2,1
I/I2624.jpg,I,I,0.9777824878692627,2,1
I/I2626.jpg,I,I,0.9783850908279419,2,1
I/I2627.jpg,I,I,0.9793851375579834,2,1
I/I2632.jpg,I,I,0.9792115688323975,1,1
I/I2633.jpg,I,I,0.9778279662132263,1,1
I/I2645.jpg,I,I,0.9831463694572449,2,1
I/I2657.jpg,I,I,0.970075786113739,1,1
I/I2664.jpg,I,I,0.9853968024253845,2,1
I/I2665.jpg,I,I,0.9846144318580627,2,1
I/I2667.jpg,I,I,0.9865823984146118,2,1
I/I2676.jpg,I,I,0.9876437187194824,2,1
I/I2678.jpg,I,I,0.9877079725265503,2,1
I/I2683.jpg,I,I,0.9857725501060486,2,1
I/I2689.jpg,I,I,0.9858464598655701,4,1
I/I2691.jpg,I,I,0.986233115196228,4,1
I/I2693.jpg,I,I,0.9870092272758484,4,1
I/I2694.jpg,I,I,0.9860408902168274,3,1
I/I2697.jpg,I,I,0.9867234826087952,3,1
I/I2698.jpg,I,I,0.987739622592926,3,1
I/I2699.jpg,I,I,0.987975537776947,3,1
I/I270.jpg,I,I,0.9810870289802551,2,1
I/I2702.jpg,I,I,0.9872804284095764,2,1
I/I271.jpg,I,I,0.9782134890556335,3,1
I/I2711.jpg,I,I,0.9793620109558105,3,1
I/I2713.jpg,I,I,0.981670618057251,3,1
I/I2717.jpg,I,I,0.9815042614936829,3,1
I/I272.jpg,I,I,0.9792704582214355,2,1
I/I2722.jpg,I,I,0.9806019067764282,3,1
I/I2726.jpg,I,I,0.9782644510269165,3,1
I/I2731.jpg,I,I,0.9818603992462158,2,1
I/I2733.jpg,I,I,0.9803853034973145,4,1
I/I2735.jpg,I,I,0.9813465476036072,2,1
I/I2736.jpg,I,I,0.9815781116485596,3,1
I/I2737.jpg,I,I,0.9792063236236572,3,1
I/I2740.jpg,I,I,0.9825617074966431,3,1
I/I2747.jpg,I,I,0.9776033163070679,1,1
I/I2763.jpg,I,I,0.9809173345565796,2,1
I/I2767.jpg,I,I,0.9806375503540039,2,1
I/I2768.jpg,I,I,0.981278657913208,2,1
I/I2776.jpg,I,I,0.9736297726631165,2,1
I/I2778.jpg,I,I,0.9738344550132751,2,1
I/I2782.jpg,I,I,0.981266975402832,2,1
I/I279.jpg,I,I,0.9772043824195862,2,1
I/I2791.jpg,I,I,0.9809526801109314,2,1
I/I280.jpg,I,I,0.980209231376648,2,1
I/I2800.jpg,I,I,0.9838377833366394,2,1
I/I2807.jpg,I,I,0.9835073947906494,2,1
I/I2815.jpg,I,I,0.9840589761734009,2,1
I/I2818.jpg,I,I,0.984951913356781,3,1
I/I2820.jpg,I,I,0.9842563271522522,2,1
I/I2830.jpg,I,I,0.9838185906410217,3,1
I/I2834.jpg,I,I,0.9836254715919495,3,1
I/I2838.jpg,I,I,0.9834986329078674,2,1
I/I2842.jpg,I,I,0.9848440289497375,2,1
I/I2843.jpg,I,I,0.982662558555603,2,1
I/I2844.jpg,I,I,0.9843493103981018,2,1
I/I2853.jpg,I,I,0.9783832430839539,2,1
I/I2858.jpg,I,I,0.9831974506378174,3,1
I/I2860.jpg,I,I,0.9833305478096008,3,1
I/I2870.jpg,I,I,0.9774913787841797,2,1
I/I2873.jpg,I,I,0.9784674644470215,2,1
I/I2878.jpg,I,I,0.9811246395111084,2,1
I/I2880.jpg,I,I,0.9798417091369629,2,1
I/I2886.jpg,I,I,0.9787487387657166,2,1
I/I2887.jpg,I,I,0.9796962738037109,1,1
I/I2893.jpg,I,I,0.9764823317527771,1,1
I/I29.jpg,I,I,0.9806453585624695,2,1
I/I2903.jpg,I,I,0.9759153127670288,1,1
I/I2908.jpg,I,I,0.9781395792961121,2,1
I/I291.jpg,I,I,0.9830454587936401,1,1
I/I2914.jpg,I,I,0.9785378575325012,2,1
I/I2917.jpg,I,I,0.9785627722740173,2,1
I/I2936.jpg,I,I,0.9796905517578125,2,1
I/I2939.jpg,I,I,0.9797034859657288,2,1
I/I2946.jpg,I,I,0.9797108769416809,3,1
I/I2947.jpg,I,I,0.9781789183616638,3,1
I/I295.jpg,I,I,0.9860417246818542,2,1
I/I2967.jpg,I,I,0.9821805953979492,2,1
I/I2968.jpg,I,I,0.982250988483429,2,1
I/I2970.jpg,I,I,0.9841052889823914,2,1
I/I2973.jpg,I,I,0.9831387996673584,2,1
I/I2975.jpg,I,I,0.9840961694717407,2,1
I/I2978.jpg,I,I,0.9813661575317383,2,1
I/I2983.jpg,I,I,0.9817361831665039,2,1
I/I2994.jpg,I,I,0.9805905818939209,2,1
I/I2998.jpg,I,I,0.9792973399162292,3,1
I/I30.jpg,I,I,0.9809057712554932,2,1
I/I302.jpg,I,I,0.9857250452041626,2,1
I/I304.jpg,I,I,0.9858039617538452,2,1
I/I305.jpg,I,I,0.9861888289451599,2,1
I/I306.jpg,I,I,0.9864565134048462,2,1
I/I31.jpg,I,I,0.981927752494812,2,1
I/I314.jpg,I,I,0.9864133596420288,2,1
I/I320.jpg,I,I,0.9870358109474182,1,1
I/I327.jpg,I,I,0.9862121343612671,2,1
I/I331.jpg,I,I,0.9858373999595642,1,1
I/I334.jpg,I,I,0.9853190183639526,2,1
I/I342.jpg,I,I,0.9822753667831421,1,1
I/I346.jpg,I,I,0.9818753600120544,2,1
I/I347.jpg,I,I,0.9831180572509766,1,1
I/I349.jpg,I,I,0.9842206239700317,3,1
I/I350.jpg,I,I,0.9839316010475159,2,1
I/I352.jpg,I,I,0.9834434986114502,2,1
I/I353.jpg,I,I,0.9836185574531555,2,1
I/I363.jpg,I,I,0.9791379570960999,2,1
I/I366.jpg,I,I,0.9794878363609314,2,1
I/I37.jpg,I,I,0.9807472825050354,2,1
I/I383.jpg,I,I,0.9796739220619202,2,1
I/I384.jpg,I,I,0.9794197678565979,2,1
I/I392.jpg,I,I,0.9796462655067444,2,1
I/I393.jpg,I,I,0.9809056520462036,2,1
I/I396.jpg,I,I,0.9804824590682983,2,1
I/I4.jpg,I,I,0.9804172515869141,2,1
I/I414.jpg,I,I,0.9851513504981995,1,1
I/I419.jpg,I,I,0.9852943420410156,1,1
I/I424.jpg,I,I,0.9853251576423645,1,1
I/I427.jpg,I,I,0.9856040477752686,1,1
I/I430.jpg,I,I,0.9852256178855896,1,1
I/I443.jpg,I,I,0.9847321510314941,1,1
I/I446.jpg,I,I,0.9846683144569397,2,1
I/I449.jpg,I,I,0.9853079915046692,2,1
I/I454.jpg,I,I,0.9853926301002502,1,1
I/I459.jpg,I,I,0.9856367111206055,2,1
I/I473.jpg,I,I,0.9858396053314209,2,1
I/I480.jpg,I,I,0.9841936230659485,2,1
I/I481.jpg,I,I,0.9837461709976196,2,1
I/I482.jpg,I,I,0.9830459356307983,2,1
I/I488.jpg,I,I,0.9835165143013,3,1
I/I489.jpg,I,I,0.9823862314224243,2,1
I/I490.jpg,I,I,0.98231041431427,2,1
I/I497.jpg,I,I,0.9839311242103577,1,1
I/I499.jpg,I,I,0.9825949668884277,1,1
I/I503.jpg,I,I,0.9836242198944092,1,1
I/I506.jpg,I,I,0.9839959740638733,1,1
I/I509.jpg,I,I,0.9849263429641724,1,1
I/I511.jpg,I,I,0.9849745035171509,1,1
I/I52.jpg,I,I,0.9797021150588989,2,1
I/I535.jpg,I,I,0.9846210479736328,2,1
I/I538.jpg,I,I,0.9851869940757751,2,1
I/I54.jpg,I,I,0.9808125495910645,2,1
I/I542.jpg,I,I,0.9841135144233704,1,1
I/I543.jpg,I,I,0.983983039855957,1,1
I/I553.jpg,I,I,0.984587550163269,1,1
I/I555.jpg,I,I,0.9846696853637695,1,1
I/I557.jpg,I,I,0.9849388599395752,1,1
I/I56.jpg,I,I,0.9804070591926575,2,1
I/I561.jpg,I,I,0.9849648475646973,1,1
I/I565.jpg,I,I,0.9851328134536743,1,1
I/I566.jpg,I,I,0.9856199026107788,1,1
I/I569.jpg,I,I,0.9865686893463135,1,1
I/I570.jpg,I,I,0.9864439368247986,1,1
I/I577.jpg,I,I,0.9843865036964417,1,1
I/I585.jpg,I,I,0.9845771193504333,1,1
I/I595.jpg,I,I,0.9838531017303467,1,1
I/I597.jpg,I,I,0.9834808707237244,1,1
I/I615.jpg,I,I,0.9851033091545105,1,1
I/I616.jpg,I,I,0.9847427606582642,1,1
I/I617.jpg,I,I,0.9835072755813599,1,1
I/I640.jpg,I,I,0.9785666465759277,2,1
I/I643.jpg,I,I,0.978892982006073,2,1
I/I648.jpg,I,I,0.9777606129646301,2,1
I/I649.jpg,I,I,0.977367103099823,2,1
I/I659.jpg,I,I,0.978304386138916,2,1
I/I66.jpg,I,I,0.9808746576309204,2,1
I/I660.jpg,I,I,0.9778919219970703,2,1
I/I663.jpg,I,I,0.97975093126297,2,1
I/I664.jpg,I,I,0.9795283079147339,2,1
I/I665.jpg,I,I,0.9777500033378601,2,1
I/I666.jpg,I,I,0.9785667657852173,2,1
I/I677.jpg,I,I,0.9777226448059082,2,1
I/I680.jpg,I,I,0.978879988193512,2,1
I/I682.jpg,I,I,0.9780516028404236,2,1
I/I693.jpg,I,I,0.9765852093696594,2,1
I/I694.jpg,I,I,0.9768530130386353,2,1
I/I695.jpg,I,I,0.9769412875175476,2,1
I/I699.jpg,I,I,0.9794508814811707,2,1
I/I70.jpg,I,I,0.9803174734115601,2,1
I/I709.jpg,I,I,0.9807699918746948,2,1
I/I71.jpg,I,I,0.9805339574813843,2,1
I/I714.jpg,I,I,0.9788572788238525,2,1
I/I719.jpg,I,I,0.978434145450592,2,1
I/I723.jpg,I,I,0.9794281125068665,2,1
I/I726.jpg,I,I,0.9801042079925537,2,1
I/I744.jpg,I,I,0.9811164140701294,3,1
I/I75.jpg,I,I,0.9808070063591003,2,1
I/I751.jpg,I,I,0.982508659362793,3,1
I/I754.jpg,I,I,0.9837605953216553,3,1
I/I758.jpg,I,I,0.9831998348236084,3,1
I/I759.jpg,I,I,0.9839087128639221,2,1
I/I766.jpg,I,I,0.9818675518035889,2,1
I/I77.jpg,I,I,0.9820221662521362,2,1
I/I771.jpg,I,I,0.9792409539222717,2,1
I/I772.jpg,I,I,0.9799780249595642,2,1
I/I773.jpg,I,I,0.9785263538360596,3,1
I/I774.jpg,I,I,0.9790434837341309,2,1
I/I776.jpg,I,I,0.980843722820282,2,1
I/I783.jpg,I,I,0.9825506806373596,2,1
I/I803.jpg,I,I,0.9822173714637756,3,1
I/I804.jpg,I,I,0.9817440509796143,3,1
I/I808.jpg,I,I,0.982745885848999,2,1
I/I815.jpg,I,I,0.9844977259635925,3,1
I/I816.jpg,I,I,0.9844857454299927,2,1
I/I826.jpg,I,I,0.9861750602722168,3,1
I/I827.jpg,I,I,0.985965371131897,2,1
I/I829.jpg,I,I,0.9857494831085205,3,1
I/I836.jpg,I,I,0.9839283227920532,3,1
I/I845.jpg,I,I,0.9849979281425476,2,1
I/I852.jpg,I,I,0.9824726581573486,2,1
I/I853.jpg,I,I,0.9843862652778625,2,1
I/I855.jpg,I,I,0.9836789965629578,3,1
I/I86.jpg,I,I,0.984295129776001,2,1
I/I867.jpg,I,I,0.9839262366294861,2,1
I/I872.jpg,I,I,0.9833099246025085,3,1
I/I874.jpg,I,I,0.9826995134353638,2,1
I/I879.jpg,I,I,0.982203483581543,3,1
I/I881.jpg,I,I,0.9815574884414673,2,1
I/I882.jpg,I,I,0.9814701676368713,2,1
I/I883.jpg,I,I,0.9812938570976257,2,1
I/I889.jpg,I,I,0.9837256073951721,3,1
I/I891.jpg,I,I,0.9841755032539368,2,1
I/I896.jpg,I,I,0.9859996438026428,2,1
I/I899.jpg,I,I,0.9861432909965515,2,1
I/I906.jpg,I,I,0.9839025139808655,3,1
I/I908.jpg,I,I,0.9835399389266968,2,1
I/I913.jpg,I,I,0.9846929311752319,2,1
I/I918.jpg,I,I,0.9820199608802795,2,1
I/I926.jpg,I,I,0.9833312630653381,2,1
I/I929.jpg,I,I,0.9840729832649231,3,1
I/I930.jpg,I,I,0.9831058382987976,3,1
I/I934.jpg,I,I,0.9814744591712952,3,1
I/I938.jpg,I,I,0.979385495185852,3,1
I/I941.jpg,I,I,0.979911744594574,3,1
I/I947.jpg,I,I,0.9802476167678833,2,1
I/I956.jpg,I,I,0.9818723797798157,2,1
I/I959.jpg,I,I,0.9806212782859802,2,1
I/I960.jpg,I,I,0.980880081653595,2,1
I/I975.jpg,I,I,0.9778444766998291,2,1
I/I979.jpg,I,I,0.9798732995986938,2,1
I/I986.jpg,I,I,0.9835077524185181,3,1
J/J1014.jpg,J,J,0.9692631363868713,5,1
J/J1016.jpg,J,J,0.9725128412246704,5,1
J/J1017.jpg,J,J,0.9722754955291748,5,1
J/J1027.jpg,J,J,0.9783836007118225,3,1
J/J103.jpg,J,J,0.9706977605819702,4,1
J/J104.jpg,J,J,0.9705837965011597,4,1
J/J1040.jpg,J,J,0.9628140330314636,5,1
J/J1053.jpg,J,J,0.9750732779502869,2,1
J/J1057.jpg,J,J,0.9756976366043091,4,1
J/J106.jpg,J,J,0.9724264740943909,3,1
J/J1061.jpg,J,J,0.9734792709350586,3,1
J/J1068.jpg,J,J,0.9746939539909363,5,1
J/J1069.jpg,J,J,0.9777176380157471,4,1
J/J1074.jpg,J,J,0.9758294820785522,4,1
J/J1079.jpg,J,J,0.9698545932769775,4,1
J/J1091.jpg,J,J,0.9578812718391418,4,1
J/J1092.jpg,J,J,0.9584096670150757,4,1
J/J1093.jpg,J,J,0.9599387645721436,4,1
J/J1095.jpg,J,J,0.9716582894325256,4,1
J/J1100.jpg,J,J,0.9671177268028259,4,1
J/J1104.jpg,J,J,0.9731122255325317,4,1
J/J1113.jpg,J,J,0.9681918621063232,3,1
J/J112.jpg,J,J,0.9753606915473938,3,1
J/J1122.jpg,J,J,0.958207905292511,3,1
J/J1123.jpg,J,J,0.9667857885360718,3,1
J/J1126.jpg,J,J,0.9628438949584961,3,1
J/J1137.jpg,J,J,0.9714464545249939,3,1
J/J1142.jpg,J,J,0.9731206893920898,5,1
J/J1143.jpg,J,J,0.975881814956665,5,1
J/J1146.jpg,J,J,0.9727135896682739,5,1
J/J1151.jpg,J,J,0.9739629030227661,4,1
J/J1153.jpg,J,J,0.9766006469726562,3,1
J/J1155.jpg,J,J,0.978693962097168,4,1
J/J1157.jpg,J,J,0.9755869507789612,3,1
J/J1167.jpg,J,J,0.9793331027030945,3,1
J/J1168.jpg,J,J,0.9748460650444031,3,1
J/J1171.jpg,J,J,0.9743423461914062,3,1
J/J1179.jpg,J,J,0.9760489463806152,3,1
J/J118.jpg,J,J,0.9714415073394775,3,1
J/J1185.jpg,J,J,0.9741877317428589,3,1
J/J1191.jpg,J,J,0.9756535887718201,3,1
J/J1201.jpg,J,J,0.9746468663215637,3,1
J/J1205.jpg,J,J,0.9743826985359192,3,1
J/J1206.jpg,J,J,0.9764516353607178,3,1
J/J1213.jpg,J,J,0.9765266180038452,3,1
J/J1214.jpg,J,J,0.9765624403953552,3,1
J/J1219.jpg,J,J,0.974963366985321,3,1
J/J1226.jpg,J,J,0.9732956886291504,3,1
J/J1227.jpg,J,J,0.9762375354766846,4,1
J/J1232.jpg,J,J,0.9744678139686584,4,1
J/J1234.jpg,J,J,0.9761142730712891,4,1
J/J1235.jpg,J,J,0.9771440625190735,3,1
J/J1236.jpg,J,J,0.9737446904182434,3,1
J/J1242.jpg,J,J,0.9742364287376404,3,1
J/J1245.jpg,J,J,0.9730457663536072,3,1
J/J1257.jpg,J,J,0.9729272723197937,3,1
J/J1265.jpg,J,J,0.9689569473266602,4,1
J/J1267.jpg,J,J,0.9648968577384949,4,1
J/J1274.jpg,J,J,0.9673734903335571,4,1
J/J1278.jpg,J,J,0.9658607840538025,4,1
J/J1283.jpg,J,J,0.9663888812065125,3,1
J/J1288.jpg,J,J,0.9706925749778748,3,1
J/J1303.jpg,J,I,0.8336542844772339,4,0
J/J1315.jpg,J,J,0.894180178642273,3,1
J/J132.jpg,J,J,0.9740018844604492,1,1
J/J1326.jpg,J,J,0.9382149577140808,4,1
J/J1327.jpg,J,J,0.8592691421508789,4,1
J/J1332.jpg,J,J,0.9529770612716675,4,1
J/J1336.jpg,J,J,0.9573959708213806,4,1
J/J1339.jpg,J,J,0.9582031965255737,4,1
J/J1340.jpg,J,J,0.9522857666015625,4,1
J/J1343.jpg,J,J,0.9508062601089478,4,1
J/J1344.jpg,J,J,0.9544153213500977,4,1
J/J1349.jpg,J,J,0.942828893661499,5,1
J/J135.jpg,J,J,0.9714633226394653,1,1
J/J1351.jpg,J,J,0.93668133020401,4,1
J/J1356.jpg,J,J,0.9566580057144165,5,1
J/J1358.jpg,J,J,0.9465766549110413,5,1
J/J1362.jpg,J,J,0.9558205604553223,5,1
J/J1366.jpg,J,J,0.9637290239334106,5,1
J/J1375.jpg,J,J,0.9455803036689758,3,1
J/J1376.jpg,J,J,0.9564235210418701,4,1
J/J1378.jpg,J,J,0.956095278263092,3,1
J/J138.jpg,J,J,0.9706653952598572,1,1
J/J1388.jpg,J,J,0.9575778841972351,4,1
J/J1393.jpg,J,J,0.9677472114562988,3,1
J/J1395.jpg,J,J,0.9671224355697632,4,1
J/J1406.jpg,J,J,0.9730738401412964,5,1
J/J1408.jpg,J,J,0.9748217463493347,5,1
J/J1409.jpg,J,J,0.9752492904663086,5,1
J/J1415.jpg,J,J,0.9578847885131836,3,1
J/J1416.jpg,J,J,0.8748403787612915,3,1
J/J1429.jpg,J,J,0.968768835067749,3,1
J/J1434.jpg,J,J,0.9725616574287415,3,1
J/J1437.jpg,J,J,0.9794052839279175,3,1
J/J1438.jpg,J,J,0.9783352017402649,3,1
J/J1445.jpg,J,J,0.9746801257133484,3,1
J/J1451.jpg,J,J,0.97297203540802,3,1
J/J1460.jpg,J,J,0.9741543531417847,3,1
J/J1468.jpg,J,J,0.9718387722969055,4,1
J/J1469.jpg,J,J,0.9731980562210083,4,1
J/J1474.jpg,J,J,0.9722384810447693,3,1
J/J1478.jpg,J,J,0.9757510423660278,3,1
J/J1480.jpg,J,J,0.9722354412078857,3,1
J/J1488.jpg,J,J,0.9760857820510864,4,1
J/J1494.jpg,J,J,0.9619881510734558,3,1
J/J1499.jpg,J,J,0.9672592282295227,3,1
J/J15.jpg,J,J,0.9624921679496765,1,1
J/J1501.jpg,J,J,0.9623770713806152,3,1
J/J1504.jpg,J,J,0.9755457639694214,3,1
J/J1505.jpg,J,J,0.9774636626243591,3,1
J/J1511.jpg,J,J,0.9739022850990295,3,1
J/J152.jpg,J,J,0.9802438020706177,2,1
J/J1525.jpg,J,J,0.9692071676254272,3,1
J/J1527.jpg,J,J,0.9707499146461487,3,1
J/J1528.jpg,J,J,0.9701305031776428,3,1
J/J1532.jpg,J,J,0.9700760245323181,3,1
J/J1539.jpg,J,J,0.9744823575019836,3,1
J/J1556.jpg,J,J,0.9726824760437012,3,1
J/J1557.jpg,J,J,0.9703182578086853,3,1
J/J1562.jpg,J,J,0.9725083708763123,4,1
J/J1569.jpg,J,J,0.9617727398872375,3,1
J/J1573.jpg,J,J,0.9727371335029602,3,1
J/J1586.jpg,J,J,0.9732614755630493,3,1
J/J1597.jpg,J,J,0.9687792062759399,3,1
J/J1600.jpg,J,J,0.9639022350311279,3,1
J/J1602.jpg,J,J,0.9648606777191162,3,1
J/J1603.jpg,J,J,0.9658227562904358,3,1
J/J1605.jpg,J,J,0.9538781642913818,5,1
J/J1608.jpg,J,J,0.9621793627738953,4,1
J/J1614.jpg,J,J,0.972345232963562,3,1
J/J1619.jpg,J,J,0.9619077444076538,5,1
J/J162.jpg,J,J,0.9781550765037537,2,1
J/J1638.jpg,J,J,0.9606978297233582,4,1
J/J1644.jpg,J,J,0.9737856984138489,3,1
J/J1651.jpg,J,J,0.9720714092254639,3,1
J/J1656.jpg,J,J,0.9670253992080688,5,1
J/J1660.jpg,J,J,0.9700006246566772,2,1
J/J1663.jpg,J,J,0.9686823487281799,4,1
J/J1665.jpg,J,J,0.966158926486969,3,1
J/J1666.jpg,J,J,0.9648166298866272,3,1
J/J1667.jpg,J,J,0.9650961756706238,3,1
J/J1670.jpg,J,J,0.9681382179260254,2,1
J/J1671.jpg,J,J,0.9659519791603088,2,1
J/J1680.jpg,J,J,0.9717421531677246,6,1
J/J1683.jpg,J,J,0.9705384969711304,3,1
J/J1684.jpg,J,J,0.9680785536766052,4,1
J/J1691.jpg,J,J,0.9713241457939148,3,1
J/J1699.jpg,J,J,0.9706947207450867,4,1
J/J170.jpg,J,J,0.9788686633110046,1,1
J/J1711.jpg,J,J,0.9778679609298706,3,1
J/J1713.jpg,J,J,0.9764154553413391,3,1
J/J1727.jpg,J,J,0.9770973920822144,3,1
J/J1730.jpg,J,J,0.9721322655677795,4,1
J/J1731.jpg,J,J,0.9772856831550598,4,1
J/J1734.jpg,J,J,0.9778819680213928,3,1
J/J1738.jpg,J,J,0.9764280915260315,3,1
J/J1739.jpg,J,J,0.9727783203125,3,1
J/J1743.jpg,J,J,0.9739614129066467,3,1
J/J1744.jpg,J,J,0.9687193632125854,4,1
J/J1751.jpg,J,J,0.9781595468521118,3,1
J/J1753.jpg,J,J,0.9790440201759338,5,1
J/J1756.jpg,J,J,0.9795097708702087,4,1
J/J1765.jpg,J,J,0.9781855344772339,4,1
J/J1769.jpg,J,J,0.9746208190917969,3,1
J/J1772.jpg,J,J,0.9742101430892944,3,1
J/J1779.jpg,J,J,0.9788955450057983,3,1
J/J178.jpg,J,J,0.9800190329551697,1,1
J/J1788.jpg,J,J,0.9764559268951416,3,1
J/J179.jpg,J,J,0.9799560308456421,2,1
J/J1790.jpg,J,J,0.9755786657333374,3,1
J/J1794.jpg,J,J,0.9768267273902893,4,1
J/J1796.jpg,J,J,0.979050874710083,3,1
J/J1797.jpg,J,J,0.9749479293823242,3,1
J/J180.jpg,J,J,0.9809985756874084,2,1
J/J1803.jpg,J,J,0.9652436375617981,6,1
J/J1809.jpg,J,J,0.9748740792274475,3,1
J/J1814.jpg,J,J,0.9746321439743042,4,1
J/J1815.jpg,J,J,0.976867139339447,4,1
J/J1821.jpg,J,J,0.9759312272071838,3,1
J/J1823.jpg,J,J,0.97762531042099,4,1
J/J1834.jpg,J,J,0.9798517823219299,4,1
J/J1836.jpg,J,J,0.9772473573684692,5,1
J/J1839.jpg,J,J,0.9755973219871521,4,1
J/J1842.jpg,J,J,0.9661613702774048,5,1
J/J1855.jpg,J,J,0.9734892249107361,4,1
J/J1856.jpg,J,J,0.9717815518379211,3,1
J/J1858.jpg,J,J,0.9744653701782227,3,1
J/J186.jpg,J,J,0.9812921285629272,2,1
J/J1860.jpg,J,J,0.974661111831665,3,1
J/J1865.jpg,J,J,0.9776055216789246,3,1
J/J1899.jpg,J,J,0.9739234447479248,3,1
J/J1904.jpg,J,J,0.9770441651344299,3,1
J/J1908.jpg,J,J,0.9712613224983215,3,1
J/J1910.jpg,J,J,0.9710139632225037,3,1
J/J1920.jpg,J,J,0.7649706602096558,5,1
J/J1926.jpg,J,I,0.9535484313964844,3,0
J/J1930.jpg,J,I,0.8734721541404724,4,0
J/J1932.jpg,J,J,0.950956404209137,3,1
J/J1937.jpg,J,J,0.9390827417373657,3,1
J/J1942.jpg,J,J,0.9700561165809631,4,1
J/J1951.jpg,J,J,0.9717402458190918,3,1
J/J1955.jpg,J,J,0.9725701212882996,3,1
J/J1963.jpg,J,J,0.9711207151412964,4,1
J/J1964.jpg,J,J,0.9706175923347473,3,1
J/J1970.jpg,J,J,0.9725292921066284,3,1
J/J1971.jpg,J,J,0.9715230464935303,3,1
J/J1975.jpg,J,J,0.970901370048523,3,1
J/J1976.jpg,J,J,0.9695996642112732,5,1
J/J1977.jpg,J,J,0.968985915184021,3,1
J/J1978.jpg,J,J,0.9700727462768555,2,1
J/J1980.jpg,J,J,0.9680783748626709,3,1
J/J1991.jpg,J,J,0.9702324271202087,3,1
J/J1995.jpg,J,J,0.9720324277877808,3,1
J/J2002.jpg,J,J,0.9649599194526672,3,1
J/J2004.jpg,J,J,0.9643562436103821,3,1
J/J2006.jpg,J,J,0.9575154185295105,3,1
J/J2008.jpg,J,J,0.9657576084136963,4,1
J/J2011.jpg,J,J,0.9583285450935364,3,1
J/J2028.jpg,J,J,0.9658927917480469,3,1
J/J2031.jpg,J,J,0.9660935997962952,3,1
J/J204.jpg,J,J,0.9759089350700378,2,1
J/J2043.jpg,J,J,0.956913948059082,4,1
J/J2045.jpg,J,J,0.9576003551483154,4,1
J/J2049.jpg,J,J,0.9608818292617798,4,1
J/J2056.jpg,J,J,0.9603655934333801,3,1
J/J2064.jpg,J,J,0.9555845856666565,3,1
J/J2066.jpg,J,J,0.9539384841918945,4,1
J/J2070.jpg,J,J,0.9614788889884949,3,1
J/J2074.jpg,J,J,0.9597303867340088,3,1
J/J2079.jpg,J,J,0.9513307213783264,3,1
J/J2091.jpg,J,J,0.9667591452598572,4,1
J/J2092.jpg,J,J,0.9671688079833984,3,1
J/J2099.jpg,J,J,0.9712315201759338,4,1
J/J2105.jpg,J,J,0.9648053050041199,5,1
J/J2107.jpg,J,J,0.9618204832077026,4,1
J/J2108.jpg,J,J,0.9597869515419006,4,1
J/J2116.jpg,J,J,0.9656635522842407,4,1
J/J2118.jpg,J,J,0.9694709181785583,3,1
J/J2124.jpg,J,J,0.9430074691772461,4,1
J/J2125.jpg,J,J,0.940169095993042,6,1
J/J2130.jpg,J,J,0.9313329458236694,5,1
J/J2135.jpg,J,J,0.9020994901657104,5,1
J/J2139.jpg,J,J,0.9194523692131042,3,1
J/J2159.jpg,J,J,0.9639125466346741,3,1
J/J2167.jpg,J,J,0.9551350474357605,4,1
J/J2176.jpg,J,J,0.9525447487831116,3,1
J/J2181.jpg,J,J,0.9560572504997253,4,1
J/J2188.jpg,J,J,0.9635833501815796,4,1
J/J219.jpg,J,J,0.9774731397628784,2,1
J/J2190.jpg,J,J,0.96820068359375,4,1
J/J2192.jpg,J,J,0.9629480242729187,4,1
J/J220.jpg,J,J,0.9772810339927673,2,1
J/J2211.jpg,J,J,0.971794068813324,3,1
J/J2213.jpg,J,J,0.9700820446014404,4,1
J/J2224.jpg,J,J,0.9624128341674805,3,1
J/J2225.jpg,J,J,0.966559112071991,3,1
J/J2227.jpg,J,J,0.9748829007148743,3,1
J/J2233.jpg,J,J,0.9672341346740723,3,1
J/J2241.jpg,J,J,0.9640641212463379,3,1
J/J2242.jpg,J,J,0.9658397436141968,3,1
J/J2243.jpg,J,J,0.9626984596252441,3,1
J/J2245.jpg,J,J,0.9664413928985596,3,1
J/J2248.jpg,J,J,0.967433512210846,3,1
J/J2249.jpg,J,J,0.9673824906349182,3,1
J/J2251.jpg,J,J,0.9651996493339539,3,1
J/J2254.jpg,J,J,0.9730380773544312,2,1
J/J2257.jpg,J,J,0.9621702432632446,4,1
J/J2260.jpg,J,J,0.9640334248542786,4,1
J/J2263.jpg,J,J,0.9600443243980408,3,1
J/J2266.jpg,J,J,0.9527574181556702,3,1
J/J227.jpg,J,J,0.967836320400238,2,1
J/J2270.jpg,J,J,0.9319638013839722,5,1
J/J2274.jpg,J,J,0.9250484704971313,6,1
J/J2276.jpg,J,J,0.914336621761322,5,1
J/J2277.jpg,J,J,0.9082146286964417,5,1
J/J2282.jpg,J,J,0.5757951140403748,3,1
J/J2286.jpg,J,J,0.9170753359794617,3,1
J/J2288.jpg,J,J,0.9465480446815491,4,1
J/J2294.jpg,J,J,0.8754190802574158,3,1
J/J2295.jpg,J,J,0.686377227306366,4,1
J/J230.jpg,J,J,0.9725760221481323,3,1
J/J2302.jpg,J,J,0.9291398525238037,3,1
J/J2305.jpg,J,J,0.968438446521759,3,1
J/J2306.jpg,J,J,0.96758633852005,4,1
J/J2308.jpg,J,J,0.9695413112640381,3,1
J/J231.jpg,J,J,0.9720824956893921,1,1
J/J2313.jpg,J,J,0.9665723443031311,2,1
J/J2314.jpg,J,J,0.967067539691925,3,1
J/J2316.jpg,J,J,0.9677442908287048,2,1
J/J2317.jpg,J,J,0.9692126512527466,3,1
J/J2321.jpg,J,J,0.9691345691680908,4,1
J/J2322.jpg,J,J,0.9669352173805237,3,1
J/J2324.jpg,J,J,0.9683255553245544,3,1
J/J2326.jpg,J,J,0.9691153168678284,3,1
J/J2328.jpg,J,J,0.9694623947143555,3,1
J/J2332.jpg,J,J,0.968910276889801,3,1
J/J2344.jpg,J,J,0.9702596664428711,3,1
J/J235.jpg,J,J,0.9721865653991699,3,1
J/J2358.jpg,J,J,0.9687730669975281,2,1
J/J2362.jpg,J,J,0.9723709225654602,4,1
J/J2365.jpg,J,J,0.970422089099884,3,1
J/J2376.jpg,J,J,0.9683179259300232,3,1
J/J2377.jpg,J,J,0.9682853817939758,3,1
J/J2383.jpg,J,J,0.9689212441444397,3,1
J/J2385.jpg,J,J,0.9673129916191101,3,1
J/J2405.jpg,J,J,0.9641857743263245,4,1
J/J2409.jpg,J,J,0.9593554735183716,3,1
J/J2414.jpg,J,J,0.9369359612464905,3,1
J/J2419.jpg,J,J,0.9566489458084106,4,1
J/J2421.jpg,J,J,0.9659033417701721,3,1
J/J2422.jpg,J,J,0.9484564661979675,3,1
J/J2426.jpg,J,J,0.9572144150733948,4,1
J/J2429.jpg,J,J,0.9033858776092529,4,1
J/J2433.jpg,J,J,0.9161322712898254,2,1
J/J2439.jpg,J,J,0.4720776379108429,3,1
J/J2444.jpg,J,I,0.36722442507743835,5,0
J/J2449.jpg,J,J,0.7002326250076294,3,1
J/J2452.jpg,J,J,0.9497939944267273,3,1
J/J2453.jpg,J,J,0.9618379473686218,3,1
J/J2454.jpg,J,J,0.9669477343559265,3,1
J/J2455.jpg,J,J,0.9684393405914307,3,1
J/J2464.jpg,J,J,0.9688679575920105,5,1
J/J2467.jpg,J,J,0.969112753868103,4,1
J/J247.jpg,J,J,0.9722683429718018,2,1
J/J2470.jpg,J,J,0.9701918959617615,4,1
J/J2471.jpg,J,J,0.9722079634666443,4,1
J/J2491.jpg,J,J,0.9702613353729248,2,1
J/J2497.jpg,J,J,0.967680037021637,3,1
J/J25.jpg,J,J,0.971939742565155,2,1
J/J2500.jpg,J,J,0.9668312668800354,3,1
J/J2504.jpg,J,J,0.9734207391738892,4,1
J/J2508.jpg,J,J,0.970162034034729,4,1
J/J2515.jpg,J,J,0.9757969379425049,4,1
J/J2525.jpg,J,J,0.9658876657485962,2,1
J/J2526.jpg,J,J,0.9673243761062622,2,1
J/J2535.jpg,J,J,0.9713248610496521,3,1
J/J2540.jpg,J,J,0.9758670926094055,3,1
J/J2543.jpg,J,J,0.9777788519859314,3,1
J/J2545.jpg,J,J,0.9768490195274353,3,1
J/J2552.jpg,J,J,0.9714813232421875,3,1
J/J2553.jpg,J,J,0.9705881476402283,3,1
J/J2554.jpg,J,J,0.9741011261940002,3,1
J/J2557.jpg,J,J,0.9757407307624817,3,1
J/J256.jpg,J,J,0.9755840301513672,3,1
J/J2565.jpg,J,J,0.9771629571914673,3,1
J/J2571.jpg,J,J,0.9750028848648071,3,1
J/J2574.jpg,J,J,0.9702731370925903,3,1
J/J2576.jpg,J,J,0.972722053527832,3,1
J/J2577.jpg,J,J,0.9745588898658752,3,1
J/J2580.jpg,J,J,0.9758262038230896,4,1
J/J2585.jpg,J,J,0.9749634265899658,2,1
J/J2589.jpg,J,J,0.9739003777503967,2,1
J/J2592.jpg,J,J,0.9773065447807312,2,1
J/J2596.jpg,J,J,0.9741595983505249,2,1
J/J2597.jpg,J,J,0.9753426313400269,2,1
J/J2598.jpg,J,J,0.9763616323471069,2,1
J/J260.jpg,J,J,0.9691622257232666,3,1
J/J2605.jpg,J,J,0.9733940958976746,2,1
J/J2606.jpg,J,J,0.9734154343605042,2,1
J/J261.jpg,J,J,0.9719974398612976,3,1
J/J2613.jpg,J,J,0.9735651016235352,2,1
J/J2615.jpg,J,J,0.9746105074882507,2,1
J/J2616.jpg,J,J,0.9743953943252563,2,1
J/J2617.jpg,J,J,0.9744824171066284,2,1
J/J262.jpg,J,J,0.971314013004303,3,1
J/J2623.jpg,J,J,0.9762317538261414,2,1
J/J2624.jpg,J,J,0.9764495491981506,2,1
J/J2628.jpg,J,J,0.9724929928779602,2,1
J/J2629.jpg,J,J,0.9722387194633484,2,1
J/J263.jpg,J,J,0.9711905717849731,3,1
J/J2638.jpg,J,J,0.973069429397583,3,1
J/J2640.jpg,J,J,0.976054310798645,3,1
J/J2644.jpg,J,J,0.9789701104164124,3,1
J/J2646.jpg,J,J,0.9770779609680176,3,1
J/J2647.jpg,J,J,0.9782658219337463,2,1
J/J2656.jpg,J,J,0.9779020547866821,2,1
J/J2665.jpg,J,J,0.9717296957969666,3,1
J/J2675.jpg,J,J,0.9747134447097778,5,1
J/J2689.jpg,J,J,0.9783907532691956,4,1
J/J2703.jpg,J,J,0.9708996415138245,3,1
J/J2711.jpg,J,J,0.9696391224861145,5,1
J/J2718.jpg,J,J,0.9721912741661072,2,1
J/J272.jpg,J,J,0.9700663685798645,3,1
J/J273.jpg,J,J,0.9705373048782349,1,1
J/J2746.jpg,J,J,0.968885064125061,3,1
J/J275.jpg,J,J,0.9711406230926514,3,1
J/J276.jpg,J,J,0.9705126881599426,3,1
J/J2760.jpg,J,J,0.9710693955421448,2,1
J/J277.jpg,J,J,0.9703631401062012,3,1
J/J2770.jpg,J,J,0.9723568558692932,3,1
J/J2774.jpg,J,J,0.9743111729621887,3,1
J/J2777.jpg,J,J,0.9738831520080566,2,1
J/J2778.jpg,J,J,0.9749677777290344,2,1
J/J2781.jpg,J,J,0.9745834469795227,2,1
J/J2783.jpg,J,J,0.9751259684562683,3,1
J/J2786.jpg,J,J,0.976688802242279,3,1
J/J2790.jpg,J,J,0.9732632040977478,3,1
J/J2794.jpg,J,J,0.9746116399765015,3,1
J/J280.jpg,J,J,0.9717564582824707,3,1
J/J2801.jpg,J,J,0.9760087728500366,3,1
J/J2802.jpg,J,J,0.9755349159240723,3,1
J/J2805.jpg,J,J,0.9766941070556641,3,1
J/J2806.jpg,J,J,0.9746429920196533,3,1
J/J2807.jpg,J,J,0.9730197787284851,3,1
J/J2809.jpg,J,J,0.9730827808380127,3,1
J/J2810.jpg,J,J,0.9723625779151917,3,1
J/J2816.jpg,J,J,0.9738240242004395,3,1
J/J2824.jpg,J,J,0.9762758016586304,3,1
J/J2825.jpg,J,J,0.9784327745437622,4,1
J/J2826.jpg,J,J,0.9751659035682678,4,1
J/J2828.jpg,J,J,0.9776608943939209,4,1
J/J2829.jpg,J,J,0.9774366021156311,4,1
J/J2835.jpg,J,J,0.9762662649154663,4,1
J/J2845.jpg,J,J,0.9746590852737427,4,1
J/J2846.jpg,J,J,0.9738535284996033,4,1
J/J2850.jpg,J,J,0.9713635444641113,4,1
J/J2858.jpg,J,J,0.973475992679596,4,1
J/J2867.jpg,J,J,0.9668471813201904,3,1
J/J2869.jpg,J,J,0.9665800333023071,3,1
J/J2874.jpg,J,J,0.9684534072875977,3,1
J/J2881.jpg,J,J,0.9777701497077942,5,1
J/J2887.jpg,J,J,0.9757810235023499,2,1
J/J2901.jpg,J,J,0.9791289567947388,2,1
J/J2902.jpg,J,J,0.9795041680335999,2,1
J/J2904.jpg,J,J,0.9785829782485962,2,1
J/J2915.jpg,J,J,0.9772924184799194,2,1
J/J2922.jpg,J,J,0.9786554574966431,3,1
J/J2924.jpg,J,J,0.9797418117523193,2,1
J/J293.jpg,J,J,0.970084547996521,2,1
J/J2931.jpg,J,J,0.9749230146408081,2,1
J/J2937.jpg,J,J,0.9739689826965332,3,1
J/J2948.jpg,J,J,0.9739077091217041,2,1
J/J295.jpg,J,J,0.9693443179130554,2,1
J/J2959.jpg,J,J,0.9731757044792175,2,1
J/J2965.jpg,J,J,0.9726459383964539,2,1
J/J2971.jpg,J,J,0.9727506637573242,2,1
J/J2976.jpg,J,J,0.9710529446601868,2,1
J/J298.jpg,J,J,0.9696251153945923,2,1
J/J2982.jpg,J,J,0.9704848527908325,2,1
J/J313.jpg,J,J,0.9667112827301025,1,1
J/J314.jpg,J,J,0.9678594470024109,1,1
J/J316.jpg,J,J,0.9646533131599426,1,1
J/J32.jpg,J,J,0.967457115650177,1,1
J/J320.jpg,J,J,0.9684455990791321,1,1
J/J323.jpg,J,J,0.9694542288780212,1,1
J/J330.jpg,J,J,0.9723738431930542,2,1
J/J331.jpg,J,J,0.9724022746086121,2,1
J/J337.jpg,J,J,0.9736000299453735,2,1
J/J340.jpg,J,J,0.9791786670684814,2,1
J/J341.jpg,J,J,0.9780043363571167,2,1
J/J343.jpg,J,J,0.9759235978126526,2,1
J/J344.jpg,J,J,0.9758161902427673,2,1
J/J35.jpg,J,J,0.9745015501976013,1,1
J/J355.jpg,J,J,0.9763885140419006,2,1
J/J357.jpg,J,J,0.9762980937957764,2,1
J/J361.jpg,J,J,0.9788274765014648,2,1
J/J362.jpg,J,J,0.9797208309173584,2,1
J/J366.jpg,J,J,0.9785479307174683,2,1
J/J369.jpg,J,J,0.9776285290718079,2,1
J/J37.jpg,J,J,0.97468101978302,1,1
J/J370.jpg,J,J,0.9776208996772766,2,1
J/J378.jpg,J,J,0.9760494232177734,2,1
J/J39.jpg,J,J,0.9759079217910767,1,1
J/J404.jpg,J,J,0.9800200462341309,1,1
J/J405.jpg,J,J,0.9771676659584045,1,1
J/J408.jpg,J,J,0.9780526757240295,1,1
J/J41.jpg,J,J,0.9751816391944885,1,1
J/J410.jpg,J,J,0.9767168760299683,2,1
J/J412.jpg,J,J,0.97624671459198,2,1
J/J422.jpg,J,J,0.9770658612251282,3,1
J/J428.jpg,J,J,0.9758398532867432,3,1
J/J430.jpg,J,J,0.9756971597671509,3,1
J/J44.jpg,J,J,0.9724136590957642,1,1
J/J442.jpg,J,J,0.9753239154815674,3,1
J/J449.jpg,J,J,0.9756196737289429,3,1
J/J451.jpg,J,J,0.9752402305603027,3,1
J/J453.jpg,J,J,0.9749403595924377,3,1
J/J455.jpg,J,J,0.9765856266021729,2,1
J/J459.jpg,J,J,0.975890576839447,1,1
J/J462.jpg,J,J,0.9732819199562073,1,1
J/J465.jpg,J,J,0.9741108417510986,1,1
J/J467.jpg,J,J,0.9746422171592712,1,1
J/J482.jpg,J,J,0.9752918481826782,3,1
J/J483.jpg,J,J,0.9752521514892578,3,1
J/J486.jpg,J,J,0.977434515953064,3,1
J/J487.jpg,J,J,0.9778333306312561,3,1
J/J489.jpg,J,J,0.9768642783164978,3,1
J/J495.jpg,J,J,0.9782955050468445,3,1
J/J50.jpg,J,J,0.9745696187019348,1,1
J/J51.jpg,J,J,0.9722013473510742,1,1
J/J523.jpg,J,J,0.9808719158172607,3,1
J/J524.jpg,J,J,0.9801902174949646,3,1
J/J529.jpg,J,J,0.9814809560775757,3,1
J/J531.jpg,J,J,0.9815069437026978,3,1
J/J539.jpg,J,J,0.9808401465415955,3,1
J/J540.jpg,J,J,0.9807917475700378,2,1
J/J551.jpg,J,J,0.9786664247512817,2,1
J/J554.jpg,J,J,0.9778566956520081,2,1
J/J562.jpg,J,J,0.9755183458328247,1,1
J/J563.jpg,J,J,0.9737551808357239,1,1
J/J567.jpg,J,J,0.977358341217041,1,1
J/J571.jpg,J,J,0.971800684928894,1,1
J/J574.jpg,J,J,0.9685232043266296,1,1
J/J575.jpg,J,J,0.968923032283783,1,1
J/J581.jpg,J,J,0.959242045879364,1,1
J/J584.jpg,J,J,0.9606533050537109,1,1
J/J589.jpg,J,J,0.939423680305481,1,1
J/J591.jpg,J,J,0.9707491993904114,1,1
J/J596.jpg,J,J,0.9681133031845093,1,1
J/J6.jpg,J,J,0.9725540280342102,1,1
J/J600.jpg,J,J,0.9768862128257751,1,1
J/J613.jpg,J,J,0.976934552192688,1,1
J/J616.jpg,J,J,0.9736779928207397,1,1
J/J619.jpg,J,J,0.9750347137451172,1,1
J/J621.jpg,J,J,0.9764975309371948,1,1
J/J629.jpg,J,J,0.9767453074455261,2,1
J/J642.jpg,J,J,0.97849440574646,3,1
J/J647.jpg,J,J,0.976829469203949,3,1
J/J65.jpg,J,J,0.9779796600341797,1,1
J/J687.jpg,J,J,0.97801673412323,3,1
J/J689.jpg,J,J,0.9799624681472778,3,1
J/J690.jpg,J,J,0.9799330234527588,3,1
J/J703.jpg,J,J,0.9711587429046631,2,1
J/J706.jpg,J,J,0.9766052961349487,2,1
J/J708.jpg,J,J,0.9748358726501465,2,1
J/J709.jpg,J,J,0.9760535359382629,2,1
J/J710.jpg,J,J,0.9774916172027588,2,1
J/J713.jpg,J,J,0.9783009886741638,2,1
J/J714.jpg,J,J,0.9793212413787842,2,1
J/J715.jpg,J,J,0.9792658686637878,2,1
J/J717.jpg,J,J,0.9812053442001343,2,1
J/J718.jpg,J,J,0.9802753329277039,2,1
J/J721.jpg,J,J,0.9811723828315735,2,1
J/J723.jpg,J,J,0.9825431108474731,2,1
J/J746.jpg,J,J,0.9729753136634827,2,1
J/J747.jpg,J,J,0.9778749346733093,2,1
J/J750.jpg,J,J,0.9797236919403076,2,1
J/J751.jpg,J,J,0.9774714112281799,2,1
J/J752.jpg,J,J,0.978781521320343,2,1
J/J754.jpg,J,J,0.9794819951057434,2,1
J/J755.jpg,J,J,0.9787321090698242,2,1
J/J777.jpg,J,J,0.9721259474754333,2,1
J/J78.jpg,J,J,0.9775018692016602,2,1
J/J791.jpg,J,J,0.979401707649231,2,1
J/J796.jpg,J,J,0.9804574847221375,1,1
J/J801.jpg,J,J,0.9783726334571838,1,1
J/J812.jpg,J,J,0.9726800918579102,3,1
J/J814.jpg,J,J,0.9707861542701721,3,1
J/J815.jpg,J,J,0.9733168482780457,3,1
J/J823.jpg,J,J,0.9740091562271118,2,1
J/J824.jpg,J,J,0.9716876745223999,2,1
J/J825.jpg,J,J,0.9731433987617493,2,1
J/J834.jpg,J,J,0.9754443764686584,3,1
J/J835.jpg,J,J,0.9742607474327087,3,1
J/J84.jpg,J,J,0.977445662021637,2,1
J/J842.jpg,J,J,0.9749721884727478,3,1
J/J858.jpg,J,J,0.9763544797897339,3,1
J/J859.jpg,J,J,0.9767422080039978,3,1
J/J860.jpg,J,J,0.9768227338790894,3,1
J/J861.jpg,J,J,0.9766474962234497,3,1
J/J864.jpg,J,J,0.9771254062652588,3,1
J/J867.jpg,J,J,0.9776749014854431,3,1
J/J868.jpg,J,J,0.977412760257721,3,1
J/J869.jpg,J,J,0.9773693680763245,3,1
J/J870.jpg,J,J,0.975575864315033,3,1
J/J872.jpg,J,J,0.9749485850334167,4,1
J/J873.jpg,J,J,0.9762594699859619,3,1
J/J876.jpg,J,J,0.9756178259849548,3,1
J/J878.jpg,J,J,0.9762877225875854,3,1
J/J886.jpg,J,J,0.9775804281234741,3,1
J/J888.jpg,J,J,0.9772652983665466,3,1
J/J892.jpg,J,J,0.9799797534942627,3,1
J/J898.jpg,J,J,0.9755949378013611,2,1
J/J901.jpg,J,J,0.9712089896202087,2,1
J/J91.jpg,J,J,0.9731903672218323,2,1
J/J914.jpg,J,J,0.93973308801651,2,1
J/J92.jpg,J,J,0.9711761474609375,1,1
J/J923.jpg,J,J,0.9694603085517883,2,1
J/J927.jpg,J,J,0.9609054923057556,2,1
J/J928.jpg,J,J,0.9696762561798096,2,1
J/J929.jpg,J,J,0.961875319480896,2,1
J/J93.jpg,J,J,0.969196617603302,2,1
J/J934.jpg,J,J,0.9542156457901001,2,1
J/J937.jpg,J,J,0.9681098461151123,2,1
J/J938.jpg,J,J,0.9586607217788696,2,1
J/J941.jpg,J,J,0.9535015225410461,2,1
J/J942.jpg,J,J,0.964382529258728,2,1
J/J95.jpg,J,J,0.9693492650985718,2,1
J/J953.jpg,J,J,0.9231599569320679,2,1
J/J960.jpg,J,J,0.9754185080528259,2,1
J/J964.jpg,J,J,0.9717428684234619,2,1
J/J966.jpg,J,J,0.9659819006919861,2,1
J/J968.jpg,J,J,0.9677541255950928,2,1
J/J977.jpg,J,J,0.9604043960571289,2,1
J/J979.jpg,J,J,0.9677693247795105,2,1
J/J982.jpg,J,J,0.9726215600967407,2,1
J/J985.jpg,J,J,0.9736624360084534,2,1
J/J987.jpg,J,J,0.942692220211029,2,1
J/J996.jpg,J,J,0.8366304039955139,3,1
K/K1005.jpg,K,K,0.9871475100517273,4,1
K/K1008.jpg,K,K,0.9866612553596497,3,1
K/K1010.jpg,K,K,0.9862633943557739,3,1
K/K1011.jpg,K,K,0.9871674180030823,3,1
K/K1013.jpg,K,K,0.9875571727752686,3,1
K/K1019.jpg,K,K,0.9872459173202515,3,1
K/K1024.jpg,K,K,0.9883177876472473,3,1
K/K1031.jpg,K,K,0.9871359467506409,3,1
K/K1034.jpg,K,K,0.9861466288566589,3,1
K/K1035.jpg,K,K,0.9864713549613953,3,1
K/K1040.jpg,K,K,0.9871123433113098,3,1
K/K1041.jpg,K,K,0.9863520860671997,3,1
K/K1055.jpg,K,K,0.9860125184059143,3,1
K/K1060.jpg,K,K,0.987511396408081,3,1
K/K1066.jpg,K,K,0.9867190718650818,3,1
K/K1067.jpg,K,K,0.9871352314949036,3,1
K/K1072.jpg,K,K,0.9862962961196899,3,1
K/K1073.jpg,K,K,0.9870737791061401,3,1
K/K1077.jpg,K,K,0.9854981899261475,3,1
K/K1079.jpg,K,K,0.9864418506622314,3,1
K/K1082.jpg,K,K,0.9880814552307129,2,1
K/K1085.jpg,K,K,0.9861636757850647,2,1
K/K1093.jpg,K,K,0.9864925742149353,2,1
K/K1096.jpg,K,K,0.9869994521141052,2,1
K/K1099.jpg,K,K,0.9856778979301453,1,1
K/K11.jpg,K,K,0.9871838688850403,2,1
K/K110.jpg,K,K,0.9882364869117737,1,1
K/K1104.jpg,K,K,0.9863335490226746,2,1
K/K1105.jpg,K,K,0.9857383966445923,2,1
K/K1107.jpg,K,K,0.985552966594696,2,1
K/K1108.jpg,K,K,0.9845188856124878,2,1
K/K112.jpg,K,K,0.9897493720054626,1,1
K/K1128.jpg,K,K,0.9876701831817627,3,1
K/K113.jpg,K,K,0.9902228116989136,2,1
K/K1130.jpg,K,K,0.9883772730827332,3,1
K/K1134.jpg,K,K,0.986967146396637,3,1
K/K1137.jpg,K,K,0.9868034720420837,2,1
K/K1143.jpg,K,K,0.9857792854309082,3,1
K/K1147.jpg,K,K,0.9853927493095398,2,1
K/K115.jpg,K,K,0.9880611896514893,1,1
K/K1153.jpg,K,K,0.9853861331939697,2,1
K/K1165.jpg,K,K,0.9857584238052368,2,1
K/K1166.jpg,K,K,0.9846130609512329,2,1
K/K1177.jpg,K,K,0.9854309558868408,2,1
K/K1191.jpg,K,K,0.9854636788368225,2,1
K/K1194.jpg,K,K,0.9874919652938843,3,1
K/K1196.jpg,K,K,0.9876343011856079,3,1
K/K12.jpg,K,K,0.9869678616523743,2,1
K/K1200.jpg,K,K,0.9847967624664307,2,1
K/K1209.jpg,K,K,0.9867653846740723,3,1
K/K1229.jpg,K,K,0.9865121841430664,3,1
K/K1233.jpg,K,K,0.986788809299469,4,1
K/K1236.jpg,K,K,0.9866278767585754,3,1
K/K1237.jpg,K,K,0.98763507604599,3,1
K/K124.jpg,K,K,0.9899038076400757,1,1
K/K1249.jpg,K,K,0.9883687496185303,2,1
K/K1250.jpg,K,K,0.989616870880127,2,1
K/K1258.jpg,K,K,0.9897803068161011,2,1
K/K1261.jpg,K,K,0.9887046217918396,2,1
K/K1262.jpg,K,K,0.988649845123291,2,1
K/K1263.jpg,K,K,0.9885168075561523,2,1
K/K1278.jpg,K,K,0.9859043955802917,2,1
K/K1280.jpg,K,K,0.9860256314277649,2,1
K/K1286.jpg,K,K,0.9880228042602539,3,1
K/K1292.jpg,K,K,0.987288236618042,3,1
K/K13.jpg,K,K,0.987048327922821,2,1
K/K130.jpg,K,K,0.9898869395256042,2,1
K/K1303.jpg,K,K,0.9875726699829102,3,1
K/K1304.jpg,K,K,0.9870570302009583,3,1
K/K1307.jpg,K,K,0.9861575365066528,2,1
K/K1312.jpg,K,K,0.9857401251792908,2,1
K/K1313.jpg,K,K,0.9856876730918884,3,1
K/K1318.jpg,K,K,0.9847862124443054,2,1
K/K1319.jpg,K,K,0.9853331446647644,2,1
K/K1326.jpg,K,K,0.9848884344100952,2,1
K/K1327.jpg,K,K,0.9855722784996033,2,1
K/K1328.jpg,K,K,0.9852746725082397,2,1
K/K1332.jpg,K,K,0.9850648045539856,2,1
K/K1333.jpg,K,K,0.9855061769485474,2,1
K/K1334.jpg,K,K,0.9853002429008484,2,1
K/K1337.jpg,K,K,0.9845367074012756,2,1
K/K134.jpg,K,K,0.9899479150772095,2,1
K/K1342.jpg,K,K,0.984476625919342,1,1
K/K1343.jpg,K,K,0.9837343692779541,2,1
K/K1352.jpg,K,K,0.9853698015213013,2,1
K/K1360.jpg,K,K,0.9847373366355896,2,1
K/K1362.jpg,K,K,0.9849201440811157,2,1
K/K1364.jpg,K,K,0.9857191443443298,2,1
K/K1365.jpg,K,K,0.9849165081977844,2,1
K/K1371.jpg,K,K,0.984491765499115,2,1
K/K1374.jpg,K,K,0.9848057627677917,2,1
K/K1382.jpg,K,K,0.983151912689209,2,1
K/K1391.jpg,K,K,0.9856300950050354,2,1
K/K1395.jpg,K,K,0.9843482375144958,2,1
K/K1397.jpg,K,K,0.9857389330863953,2,1
K/K1399.jpg,K,K,0.9830949902534485,3,1
K/K1426.jpg,K,K,0.9845924973487854,2,1
K/K1430.jpg,K,K,0.9838268160820007,2,1
K/K1431.jpg,K,K,0.9833143949508667,2,1
K/K1441.jpg,K,K,0.9871188402175903,2,1
K/K1450.jpg,K,K,0.985829770565033,2,1
K/K1452.jpg,K,K,0.9860630631446838,2,1
K/K1465.jpg,K,K,0.9836280345916748,2,1
K/K1471.jpg,K,K,0.9837508797645569,2,1
K/K1472.jpg,K,K,0.9835577607154846,2,1
K/K1479.jpg,K,K,0.9834702610969543,2,1
K/K148.jpg,K,K,0.9879260063171387,2,1
K/K1480.jpg,K,K,0.9835398197174072,1,1
K/K15.jpg,K,K,0.9861705303192139,2,1
K/K1516.jpg,K,K,0.9886994957923889,4,1
K/K1517.jpg,K,K,0.9887319803237915,4,1
K/K1522.jpg,K,K,0.9885973334312439,4,1
K/K1523.jpg,K,K,0.9884029030799866,3,1
K/K1525.jpg,K,K,0.9861648082733154,4,1
K/K1529.jpg,K,K,0.9884142875671387,3,1
K/K153.jpg,K,K,0.9883037805557251,2,1
K/K1531.jpg,K,K,0.9883201122283936,3,1
K/K1532.jpg,K,K,0.9872896075248718,3,1
K/K1542.jpg,K,K,0.9884799122810364,4,1
K/K1545.jpg,K,K,0.9895020127296448,3,1
K/K1549.jpg,K,K,0.9905380010604858,3,1
K/K1551.jpg,K,K,0.9903215765953064,3,1
K/K1552.jpg,K,K,0.9906338453292847,3,1
K/K156.jpg,K,K,0.9881533980369568,2,1
K/K1576.jpg,K,K,0.9907522201538086,3,1
K/K1579.jpg,K,K,0.9907211065292358,2,1
K/K1581.jpg,K,K,0.9911507368087769,4,1
K/K1586.jpg,K,K,0.9905470013618469,3,1
K/K159.jpg,K,K,0.9881113767623901,2,1
K/K1590.jpg,K,K,0.9910846948623657,2,1
K/K1593.jpg,K,K,0.9910809397697449,2,1
K/K1610.jpg,K,K,0.9872807860374451,2,1
K/K1613.jpg,K,K,0.9873583912849426,3,1
K/K1615.jpg,K,K,0.9871792793273926,3,1
K/K1623.jpg,K,K,0.9853824377059937,2,1
K/K1627.jpg,K,K,0.9865602254867554,2,1
K/K1633.jpg,K,K,0.9864912033081055,2,1
K/K1639.jpg,K,K,0.9865750670433044,2,1
K/K1644.jpg,K,K,0.9869491457939148,1,1
K/K1651.jpg,K,K,0.9848506450653076,4,1
K/K1655.jpg,K,K,0.9871537089347839,4,1
K/K1659.jpg,K,K,0.9884644150733948,5,1
K/K166.jpg,K,K,0.9888221025466919,2,1
K/K1677.jpg,K,K,0.9890758991241455,2,1
K/K1678.jpg,K,K,0.9878965616226196,2,1
K/K1681.jpg,K,K,0.9878602623939514,2,1
K/K1682.jpg,K,K,0.9879060983657837,1,1
K/K1683.jpg,K,K,0.9876042604446411,1,1
K/K1684.jpg,K,K,0.9880384802818298,2,1
K/K1691.jpg,K,K,0.9875505566596985,2,1
K/K1697.jpg,K,K,0.9885501265525818,2,1
K/K1699.jpg,K,K,0.9855389595031738,1,1
K/K1705.jpg,K,K,0.985471248626709,1,1
K/K1711.jpg,K,K,0.9871942400932312,3,1
K/K1714.jpg,K,K,0.9887887835502625,2,1
K/K1727.jpg,K,K,0.9869820475578308,3,1
K/K1729.jpg,K,K,0.9877957105636597,4,1
K/K173.jpg,K,K,0.987236738204956,2,1
K/K1738.jpg,K,K,0.9879305362701416,3,1
K/K1745.jpg,K,K,0.9889660477638245,3,1
K/K1748.jpg,K,K,0.9890294075012207,3,1
K/K1749.jpg,K,K,0.9895035028457642,3,1
K/K1753.jpg,K,K,0.9883756637573242,3,1
K/K1758.jpg,K,K,0.9893006682395935,3,1
K/K1759.jpg,K,K,0.9883288145065308,3,1
K/K1761.jpg,K,K,0.9893403649330139,4,1
K/K1762.jpg,K,K,0.9890570044517517,3,1
K/K1764.jpg,K,K,0.9903146624565125,3,1
K/K1765.jpg,K,K,0.9902386665344238,3,1
K/K1767.jpg,K,K,0.9884756803512573,3,1
K/K1773.jpg,K,K,0.9883610010147095,3,1
K/K1774.jpg,K,K,0.9882811903953552,2,1
K/K1776.jpg,K,K,0.9879581928253174,2,1
K/K1781.jpg,K,K,0.9874746203422546,3,1
K/K1783.jpg,K,K,0.9869707822799683,4,1
K/K1788.jpg,K,K,0.9875931143760681,3,1
K/K1789.jpg,K,K,0.9873412251472473,3,1
K/K1790.jpg,K,K,0.9867616891860962,3,1
K/K1793.jpg,K,K,0.9881035685539246,2,1
K/K1799.jpg,K,K,0.9892522692680359,2,1
K/K18.jpg,K,K,0.986896812915802,3,1
K/K1827.jpg,K,K,0.9866945743560791,3,1
K/K1829.jpg,K,K,0.9871410131454468,3,1
K/K183.jpg,K,K,0.9876469373703003,2,1
K/K1835.jpg,K,K,0.9874207377433777,3,1
K/K1844.jpg,K,K,0.9872216582298279,3,1
K/K1845.jpg,K,K,0.9873799085617065,3,1
K/K1847.jpg,K,K,0.9864880442619324,3,1
K/K1851.jpg,K,K,0.9868660569190979,3,1
K/K1857.jpg,K,K,0.988530695438385,4,1
K/K1869.jpg,K,K,0.9874509572982788,3,1
K/K188.jpg,K,K,0.9875507950782776,2,1
K/K1881.jpg,K,K,0.9873799085617065,3,1
K/K1882.jpg,K,K,0.9867458939552307,3,1
K/K1884.jpg,K,K,0.9868878722190857,3,1
K/K1889.jpg,K,K,0.9869736433029175,3,1
K/K1890.jpg,K,K,0.9866402745246887,3,1
K/K1895.jpg,K,K,0.9858318567276001,3,1
K/K190.jpg,K,K,0.9879305362701416,2,1
K/K1901.jpg,K,K,0.9865293502807617,3,1
K/K1902.jpg,K,K,0.9869950413703918,3,1
K/K1903.jpg,K,K,0.9876933693885803,3,1
K/K1908.jpg,K,K,0.9869173765182495,3,1
K/K1914.jpg,K,K,0.9881029725074768,3,1
K/K1915.jpg,K,K,0.9872031807899475,3,1
K/K1919.jpg,K,K,0.9879156351089478,3,1
K/K1933.jpg,K,K,0.9873429536819458,3,1
K/K1942.jpg,K,K,0.9905291199684143,3,1
K/K1947.jpg,K,K,0.989330530166626,3,1
K/K1952.jpg,K,K,0.9881852865219116,3,1
K/K1962.jpg,K,K,0.9863335490226746,3,1
K/K197.jpg,K,K,0.985374927520752,2,1
K/K1977.jpg,K,K,0.9860830903053284,3,1
K/K1981.jpg,K,K,0.9856671690940857,3,1
K/K1982.jpg,K,K,0.9856089949607849,3,1
K/K1984.jpg,K,K,0.9862446188926697,3,1
K/K1988.jpg,K,K,0.9859520196914673,3,1
K/K199.jpg,K,K,0.9849146604537964,2,1
K/K1997.jpg,K,K,0.9863724112510681,3,1
K/K20.jpg,K,K,0.9870406985282898,2,1
K/K2007.jpg,K,K,0.9881129860877991,2,1
K/K2017.jpg,K,K,0.9880564212799072,2,1
K/K203.jpg,K,K,0.9829675555229187,2,1
K/K2037.jpg,K,K,0.98826664686203,2,1
K/K2045.jpg,K,K,0.9864320158958435,2,1
K/K2051.jpg,K,K,0.984819769859314,2,1
K/K2065.jpg,K,K,0.9839819073677063,2,1
K/K2073.jpg,K,K,0.986382246017456,3,1
K/K2080.jpg,K,K,0.9857650399208069,2,1
K/K2081.jpg,K,K,0.9852065443992615,3,1
K/K2085.jpg,K,K,0.9855402112007141,5,1
K/K2086.jpg,K,K,0.9839752912521362,3,1
K/K2088.jpg,K,K,0.9851851463317871,4,1
K/K2089.jpg,K,K,0.9845806956291199,3,1
K/K2091.jpg,K,K,0.9850689768791199,4,1
K/K2093.jpg,K,K,0.9850090742111206,3,1
K/K2097.jpg,K,K,0.984473466873169,3,1
K/K21.jpg,K,K,0.986832857131958,2,1
K/K2101.jpg,K,K,0.9836777448654175,5,1
K/K2102.jpg,K,K,0.9839379191398621,5,1
K/K2104.jpg,K,K,0.9829779267311096,4,1
K/K2121.jpg,K,K,0.9808076024055481,1,1
K/K2129.jpg,K,K,0.981495201587677,1,1
K/K213.jpg,K,K,0.9874640703201294,2,1
K/K2130.jpg,K,K,0.9802229404449463,1,1
K/K2133.jpg,K,K,0.9806240200996399,1,1
K/K2134.jpg,K,K,0.9824304580688477,1,1
K/K214.jpg,K,K,0.9877316355705261,2,1
K/K2143.jpg,K,K,0.9847651720046997,1,1
K/K2146.jpg,K,K,0.9857030510902405,1,1
K/K2148.jpg,K,K,0.985582172870636,1,1
K/K2157.jpg,K,K,0.9842527508735657,2,1
K/K2161.jpg,K,K,0.9841179847717285,2,1
K/K2163.jpg,K,K,0.9855157136917114,2,1
K/K2164.jpg,K,K,0.9836751818656921,2,1
K/K2172.jpg,K,K,0.9835630655288696,3,1
K/K2177.jpg,K,K,0.9857617616653442,2,1
K/K2178.jpg,K,K,0.9872487187385559,2,1
K/K2182.jpg,K,K,0.9845466017723083,2,1
K/K2184.jpg,K,K,0.9869428873062134,2,1
K/K2189.jpg,K,K,0.9864285588264465,2,1
K/K2198.jpg,K,K,0.9847070574760437,4,1
K/K2199.jpg,K,K,0.9861105680465698,3,1
K/K22.jpg,K,K,0.9863892197608948,2,1
K/K2202.jpg,K,K,0.9863988161087036,2,1
K/K2207.jpg,K,K,0.9868545532226562,2,1
K/K221.jpg,K,K,0.9861709475517273,1,1
K/K2214.jpg,K,K,0.9882524609565735,2,1
K/K2218.jpg,K,K,0.9857650399208069,2,1
K/K2221.jpg,K,K,0.9858217835426331,2,1
K/K2223.jpg,K,K,0.9852439165115356,2,1
K/K223.jpg,K,K,0.9865584969520569,1,1
K/K2230.jpg,K,K,0.9885718822479248,2,1
K/K2234.jpg,K,K,0.9872927665710449,2,1
K/K2244.jpg,K,K,0.9883119463920593,2,1
K/K2245.jpg,K,K,0.987616240978241,2,1
K/K2248.jpg,K,K,0.9876688122749329,2,1
K/K2249.jpg,K,K,0.988375186920166,2,1
K/K2251.jpg,K,K,0.9876024127006531,3,1
K/K2253.jpg,K,K,0.9889128804206848,3,1
K/K2257.jpg,K,K,0.9886244535446167,2,1
K/K2260.jpg,K,K,0.987337052822113,2,1
K/K2267.jpg,K,K,0.9848377704620361,2,1
K/K2275.jpg,K,K,0.9844847917556763,2,1
K/K2280.jpg,K,K,0.9852750301361084,2,1
K/K2286.jpg,K,K,0.9865090250968933,2,1
K/K2287.jpg,K,K,0.9869410395622253,2,1
K/K2289.jpg,K,K,0.9852145314216614,2,1
K/K2290.jpg,K,K,0.9854649901390076,2,1
K/K2292.jpg,K,K,0.9842171669006348,2,1
K/K2294.jpg,K,K,0.9846685528755188,2,1
K/K2296.jpg,K,K,0.9821071028709412,2,1
K/K2297.jpg,K,K,0.9822703003883362,2,1
K/K231.jpg,K,K,0.985296905040741,1,1
K/K2312.jpg,K,K,0.982758104801178,3,1
K/K2314.jpg,K,K,0.9813874959945679,2,1
K/K2317.jpg,K,K,0.9801180362701416,3,1
K/K2319.jpg,K,K,0.9826624393463135,2,1
K/K2320.jpg,K,K,0.9812732934951782,2,1
K/K2323.jpg,K,K,0.9816480875015259,2,1
K/K2328.jpg,K,K,0.9807249307632446,2,1
K/K2335.jpg,K,K,0.9825732111930847,2,1
K/K2350.jpg,K,K,0.9812459945678711,2,1
K/K2353.jpg,K,K,0.9808841943740845,2,1
K/K2354.jpg,K,K,0.981419563293457,2,1
K/K2358.jpg,K,K,0.9812551736831665,2,1
K/K2363.jpg,K,K,0.9842491745948792,3,1
K/K2365.jpg,K,K,0.9860696792602539,3,1
K/K2367.jpg,K,K,0.9857209920883179,3,1
K/K2375.jpg,K,K,0.9887403845787048,2,1
K/K2378.jpg,K,K,0.9889673590660095,2,1
K/K2384.jpg,K,K,0.9860986471176147,3,1
K/K2385.jpg,K,K,0.9861620664596558,2,1
K/K2396.jpg,K,K,0.9831536412239075,4,1
K/K2403.jpg,K,K,0.9835673570632935,3,1
K/K2406.jpg,K,K,0.9833530187606812,2,1
K/K241.jpg,K,K,0.981238842010498,3,1
K/K2411.jpg,K,K,0.9824963808059692,2,1
K/K2412.jpg,K,K,0.9827736616134644,2,1
K/K2417.jpg,K,K,0.98195880651474,2,1
K/K2419.jpg,K,K,0.9833928942680359,2,1
K/K242.jpg,K,K,0.9810088872909546,3,1
K/K2423.jpg,K,K,0.9827004075050354,2,1
K/K243.jpg,K,K,0.9804549813270569,2,1
K/K2440.jpg,K,K,0.980719268321991,3,1
K/K2441.jpg,K,K,0.9815317392349243,3,1
K/K2448.jpg,K,K,0.9832200407981873,2,1
K/K2449.jpg,K,K,0.9843857884407043,2,1
K/K245.jpg,K,K,0.9804620742797852,2,1
K/K2450.jpg,K,K,0.9855039715766907,2,1
K/K2451.jpg,K,K,0.9860018491744995,2,1
K/K2455.jpg,K,K,0.9860466122627258,2,1
K/K2460.jpg,K,K,0.9841107130050659,2,1
K/K2465.jpg,K,K,0.983037531375885,2,1
K/K2468.jpg,K,K,0.9835935235023499,2,1
K/K2470.jpg,K,K,0.9837629795074463,2,1
K/K2477.jpg,K,K,0.9855626821517944,2,1
K/K2493.jpg,K,K,0.9850059151649475,2,1
K/K2502.jpg,K,K,0.99021977186203,2,1
K/K251.jpg,K,K,0.9806414246559143,3,1
K/K2518.jpg,K,K,0.9904139637947083,2,1
K/K2527.jpg,K,K,0.9905134439468384,2,1
K/K2531.jpg,K,K,0.989124059677124,3,1
K/K2533.jpg,K,K,0.9893206357955933,2,1
K/K2536.jpg,K,K,0.9901296496391296,3,1
K/K2543.jpg,K,K,0.9873579740524292,2,1
K/K2545.jpg,K,K,0.9870681762695312,4,1
K/K2548.jpg,K,K,0.986879825592041,3,1
K/K2549.jpg,K,K,0.9871984124183655,3,1
K/K2550.jpg,K,K,0.9864462614059448,3,1
K/K2554.jpg,K,K,0.9857988357543945,3,1
K/K2556.jpg,K,K,0.9865412712097168,3,1
K/K2566.jpg,K,K,0.9866349101066589,3,1
K/K2568.jpg,K,K,0.986191987991333,4,1
K/K2573.jpg,K,K,0.9866841435432434,5,1
K/K2577.jpg,K,K,0.9864112734794617,4,1
K/K258.jpg,K,K,0.9794391989707947,3,1
K/K2585.jpg,K,K,0.9887737035751343,2,1
K/K2587.jpg,K,K,0.9898131489753723,2,1
K/K2590.jpg,K,K,0.9905151128768921,2,1
K/K2596.jpg,K,K,0.9889489412307739,2,1
K/K2598.jpg,K,K,0.9892929792404175,2,1
K/K2605.jpg,K,K,0.9886681437492371,2,1
K/K2606.jpg,K,K,0.9888124465942383,1,1
K/K2609.jpg,K,K,0.9884865283966064,2,1
K/K2626.jpg,K,K,0.9871218800544739,1,1
K/K2634.jpg,K,K,0.9880727529525757,2,1
K/K2635.jpg,K,K,0.98785400390625,3,1
K/K2653.jpg,K,K,0.9897164702415466,2,1
K/K2654.jpg,K,K,0.989963948726654,3,1
K/K2660.jpg,K,K,0.9904717206954956,2,1
K/K2664.jpg,K,K,0.990461528301239,2,1
K/K2667.jpg,K,K,0.9901555776596069,2,1
K/K2669.jpg,K,K,0.9899308681488037,2,1
K/K2672.jpg,K,K,0.9910202622413635,2,1
K/K2679.jpg,K,K,0.9901444911956787,2,1
K/K2680.jpg,K,K,0.9898325204849243,2,1
K/K2683.jpg,K,K,0.9900636076927185,2,1
K/K269.jpg,K,K,0.9813476800918579,3,1
K/K2692.jpg,K,K,0.9900780916213989,2,1
K/K2693.jpg,K,K,0.9902320504188538,2,1
K/K2694.jpg,K,K,0.9902958273887634,2,1
K/K2696.jpg,K,K,0.9899472594261169,2,1
K/K2700.jpg,K,K,0.9900091886520386,1,1
K/K2701.jpg,K,K,0.9893444180488586,1,1
K/K2703.jpg,K,K,0.989764928817749,2,1
K/K2709.jpg,K,K,0.9893799424171448,2,1
K/K2711.jpg,K,K,0.9890831708908081,2,1
K/K2717.jpg,K,K,0.9897632598876953,2,1
K/K2718.jpg,K,K,0.989797830581665,2,1
K/K2734.jpg,K,K,0.9889050722122192,1,1
K/K2740.jpg,K,K,0.9883565306663513,1,1
K/K2745.jpg,K,K,0.9877521991729736,1,1
K/K2750.jpg,K,K,0.9901729822158813,1,1
K/K2756.jpg,K,K,0.991015613079071,2,1
K/K276.jpg,K,K,0.9825349450111389,3,1
K/K2762.jpg,K,K,0.9881717562675476,1,1
K/K2765.jpg,K,K,0.9881342053413391,1,1
K/K2768.jpg,K,K,0.9878196716308594,1,1
K/K2774.jpg,K,K,0.9864164590835571,2,1
K/K2794.jpg,K,K,0.9880580902099609,2,1
K/K2799.jpg,K,K,0.9880437254905701,2,1
K/K2801.jpg,K,K,0.9897778630256653,3,1
K/K2803.jpg,K,K,0.9903202652931213,2,1
K/K2810.jpg,K,K,0.991316556930542,1,1
K/K2821.jpg,K,K,0.9920600652694702,2,1
K/K2828.jpg,K,K,0.9916200637817383,3,1
K/K2831.jpg,K,K,0.9921332001686096,3,1
K/K2833.jpg,K,K,0.9916335344314575,3,1
K/K2834.jpg,K,K,0.9917901754379272,3,1
K/K2839.jpg,K,K,0.991793692111969,3,1
K/K2845.jpg,K,K,0.9905986189842224,2,1
K/K2849.jpg,K,K,0.9903447031974792,2,1
K/K2853.jpg,K,K,0.9916996955871582,2,1
K/K2855.jpg,K,K,0.9907510876655579,3,1
K/K2858.jpg,K,K,0.991445779800415,3,1
K/K2860.jpg,K,K,0.9894850850105286,2,1
K/K2869.jpg,K,K,0.9876028895378113,3,1
K/K287.jpg,K,K,0.9797709584236145,3,1
K/K2873.jpg,K,K,0.98712557554245,3,1
K/K2875.jpg,K,K,0.9860092997550964,3,1
K/K2881.jpg,K,K,0.9860839247703552,3,1
K/K2884.jpg,K,K,0.986717939376831,3,1
K/K2893.jpg,K,K,0.9871423244476318,3,1
K/K2904.jpg,K,K,0.9871070981025696,3,1
K/K2906.jpg,K,K,0.9887183904647827,3,1
K/K2916.jpg,K,K,0.9873358607292175,2,1
K/K2921.jpg,K,K,0.9857006072998047,2,1
K/K2922.jpg,K,K,0.9860371947288513,2,1
K/K2924.jpg,K,K,0.9860817193984985,2,1
K/K2928.jpg,K,K,0.9864873290061951,2,1
K/K2932.jpg,K,K,0.9858697652816772,2,1
K/K2935.jpg,K,K,0.9861780405044556,2,1
K/K2943.jpg,K,K,0.9857538938522339,3,1
K/K2946.jpg,K,K,0.9868242144584656,2,1
K/K295.jpg,K,K,0.9797672033309937,3,1
K/K2954.jpg,K,K,0.9866459369659424,2,1
K/K2955.jpg,K,K,0.9870413541793823,2,1
K/K2963.jpg,K,K,0.9856765270233154,3,1
K/K2980.jpg,K,K,0.9869120121002197,2,1
K/K2981.jpg,K,K,0.9866209030151367,2,1
K/K2994.jpg,K,K,0.9845906496047974,3,1
K/K302.jpg,K,K,0.9807096719741821,3,1
K/K307.jpg,K,K,0.9840481281280518,2,1
K/K31.jpg,K,K,0.9874414205551147,3,1
K/K319.jpg,K,K,0.984906017780304,2,1
K/K320.jpg,K,K,0.9849963188171387,3,1
K/K328.jpg,K,K,0.986729621887207,2,1
K/K329.jpg,K,K,0.9864453673362732,2,1
K/K33.jpg,K,K,0.9868130087852478,2,1
K/K332.jpg,K,K,0.9878178238868713,1,1
K/K337.jpg,K,K,0.9886779189109802,1,1
K/K34.jpg,K,K,0.9872136116027832,2,1
K/K343.jpg,K,K,0.9888518452644348,1,1
K/K345.jpg,K,K,0.987873375415802,1,1
K/K349.jpg,K,K,0.9878324270248413,1,1
K/K353.jpg,K,K,0.9880856275558472,1,1
K/K355.jpg,K,K,0.9888547658920288,1,1
K/K360.jpg,K,K,0.9886783957481384,1,1
K/K364.jpg,K,K,0.9889245629310608,2,1
K/K366.jpg,K,K,0.9875942468643188,1,1
K/K370.jpg,K,K,0.9870902895927429,1,1
K/K374.jpg,K,K,0.9865174889564514,2,1
K/K377.jpg,K,K,0.9860636591911316,1,1
K/K378.jpg,K,K,0.9862931966781616,1,1
K/K380.jpg,K,K,0.9865891933441162,1,1
K/K389.jpg,K,K,0.9851442575454712,1,1
K/K392.jpg,K,K,0.9855908155441284,1,1
K/K393.jpg,K,K,0.9851040244102478,1,1
K/K399.jpg,K,K,0.9849242568016052,2,1
K/K4.jpg,K,K,0.9877198338508606,2,1
K/K402.jpg,K,K,0.9850090742111206,2,1
K/K405.jpg,K,K,0.9877939224243164,2,1
K/K408.jpg,K,K,0.9882040023803711,2,1
K/K412.jpg,K,K,0.9851393103599548,2,1
K/K413.jpg,K,K,0.984674334526062,2,1
K/K417.jpg,K,K,0.9839982986450195,2,1
K/K429.jpg,K,K,0.9836854934692383,2,1
K/K44.jpg,K,K,0.9875861406326294,2,1
K/K444.jpg,K,K,0.9836550354957581,2,1
K/K449.jpg,K,K,0.9819090366363525,2,1
K/K452.jpg,K,K,0.984203577041626,2,1
K/K453.jpg,K,K,0.9840705394744873,2,1
K/K456.jpg,K,K,0.9825460910797119,2,1
K/K463.jpg,K,K,0.9825849533081055,2,1
K/K465.jpg,K,K,0.9832204580307007,2,1
K/K47.jpg,K,K,0.986746609210968,2,1
K/K472.jpg,K,K,0.9828690886497498,3,1
K/K474.jpg,K,K,0.9836471676826477,3,1
K/K480.jpg,K,K,0.9831300377845764,3,1
K/K49.jpg,K,K,0.9870924949645996,2,1
K/K499.jpg,K,K,0.9793388247489929,2,1
K/K50.jpg,K,K,0.9874500036239624,2,1
K/K515.jpg,K,K,0.9809689521789551,2,1
K/K519.jpg,K,K,0.981170654296875,2,1
K/K524.jpg,K,K,0.983069658279419,3,1
K/K525.jpg,K,K,0.9817774295806885,3,1
K/K527.jpg,K,K,0.98273104429245,3,1
K/K545.jpg,K,K,0.9871068596839905,2,1
K/K550.jpg,K,K,0.9872484803199768,1,1
K/K564.jpg,K,K,0.9870961904525757,2,1
K/K565.jpg,K,K,0.9877375364303589,2,1
K/K574.jpg,K,K,0.9888916611671448,2,1
K/K587.jpg,K,K,0.9863900542259216,1,1
K/K59.jpg,K,K,0.9865720272064209,2,1
K/K592.jpg,K,K,0.9857655167579651,2,1
K/K594.jpg,K,K,0.9861981272697449,1,1
K/K597.jpg,K,K,0.9851832985877991,3,1
K/K600.jpg,K,K,0.9852340817451477,2,1
K/K603.jpg,K,K,0.9854757189750671,2,1
K/K609.jpg,K,K,0.9858065247535706,2,1
K/K61.jpg,K,K,0.9865967631340027,2,1
K/K612.jpg,K,K,0.9838690161705017,3,1
K/K615.jpg,K,K,0.9847159385681152,2,1
K/K624.jpg,K,K,0.9839423298835754,2,1
K/K628.jpg,K,K,0.9848789572715759,3,1
K/K632.jpg,K,K,0.9876634478569031,1,1
K/K637.jpg,K,K,0.9860243201255798,2,1
K/K641.jpg,K,K,0.9872267842292786,2,1
K/K642.jpg,K,K,0.9856393337249756,2,1
K/K644.jpg,K,K,0.9866296052932739,2,1
K/K668.jpg,K,K,0.9894710779190063,2,1
K/K672.jpg,K,K,0.9885345101356506,2,1
K/K678.jpg,K,K,0.9885184168815613,2,1
K/K68.jpg,K,K,0.9873546957969666,2,1
K/K680.jpg,K,K,0.9894385933876038,2,1
K/K685.jpg,K,K,0.9863433837890625,3,1
K/K686.jpg,K,K,0.9869236350059509,3,1
K/K694.jpg,K,K,0.9857715368270874,3,1
K/K695.jpg,K,K,0.9849194288253784,3,1
K/K696.jpg,K,K,0.9859578013420105,3,1
K/K699.jpg,K,K,0.9866961240768433,2,1
K/K705.jpg,K,K,0.9888988137245178,3,1
K/K707.jpg,K,K,0.9887481927871704,2,1
K/K708.jpg,K,K,0.9881686568260193,3,1
K/K712.jpg,K,K,0.9881431460380554,2,1
K/K714.jpg,K,K,0.989177942276001,3,1
K/K719.jpg,K,K,0.9867598414421082,2,1
K/K722.jpg,K,K,0.9857296943664551,2,1
K/K723.jpg,K,K,0.9851228594779968,2,1
K/K727.jpg,K,K,0.9855027198791504,2,1
K/K731.jpg,K,K,0.9822669625282288,2,1
K/K732.jpg,K,K,0.9823962450027466,2,1
K/K737.jpg,K,K,0.9809476137161255,2,1
K/K755.jpg,K,K,0.9807831645011902,2,1
K/K756.jpg,K,K,0.9814904928207397,3,1
K/K759.jpg,K,K,0.9806500673294067,2,1
K/K760.jpg,K,K,0.981246292591095,2,1
K/K762.jpg,K,K,0.983680248260498,2,1
K/K763.jpg,K,K,0.984384298324585,2,1
K/K775.jpg,K,K,0.9878416657447815,3,1
K/K779.jpg,K,K,0.9873222708702087,2,1
K/K78.jpg,K,K,0.9891506433486938,2,1
K/K791.jpg,K,K,0.9863958358764648,2,1
K/K799.jpg,K,K,0.9867270588874817,2,1
K/K80.jpg,K,K,0.9888448119163513,1,1
K/K81.jpg,K,K,0.9886406660079956,1,1
K/K810.jpg,K,K,0.9821939468383789,1,1
K/K811.jpg,K,K,0.9822131395339966,2,1
K/K820.jpg,K,K,0.982280969619751,2,1
K/K821.jpg,K,K,0.9829729795455933,2,1
K/K825.jpg,K,K,0.9851891994476318,2,1
K/K829.jpg,K,K,0.9870308041572571,2,1
K/K830.jpg,K,K,0.9874246716499329,1,1
K/K834.jpg,K,K,0.9903262257575989,1,1
K/K838.jpg,K,K,0.9897069931030273,1,1
K/K839.jpg,K,K,0.989812433719635,2,1
K/K845.jpg,K,K,0.9895148277282715,2,1
K/K848.jpg,K,K,0.9901161789894104,1,1
K/K849.jpg,K,K,0.9901974201202393,1,1
K/K859.jpg,K,K,0.9917279481887817,1,1
K/K86.jpg,K,K,0.9864242672920227,1,1
K/K868.jpg,K,K,0.9906061291694641,2,1
K/K869.jpg,K,K,0.9907929301261902,2,1
K/K879.jpg,K,K,0.9882946014404297,2,1
K/K883.jpg,K,K,0.9899622201919556,2,1
K/K893.jpg,K,K,0.990673840045929,1,1
K/K894.jpg,K,K,0.9911064505577087,1,1
K/K896.jpg,K,K,0.9911320805549622,1,1
K/K900.jpg,K,K,0.9891497492790222,1,1
K/K905.jpg,K,K,0.9901288151741028,1,1
K/K91.jpg,K,K,0.9851316809654236,1,1
K/K913.jpg,K,K,0.9878431558609009,3,1
K/K917.jpg,K,K,0.9882998466491699,1,1
K/K920.jpg,K,K,0.9880958795547485,1,1
K/K930.jpg,K,K,0.9882192611694336,2,1
K/K931.jpg,K,K,0.9880208373069763,2,1
K/K934.jpg,K,K,0.9892760515213013,2,1
K/K938.jpg,K,K,0.9894164204597473,1,1
K/K939.jpg,K,K,0.989465594291687,1,1
K/K95.jpg,K,K,0.9837275743484497,2,1
K/K953.jpg,K,K,0.9860511422157288,2,1
K/K957.jpg,K,K,0.984064519405365,2,1
K/K96.jpg,K,K,0.9837121367454529,2,1
K/K973.jpg,K,K,0.9820652604103088,3,1
K/K980.jpg,K,K,0.9833246469497681,3,1
K/K981.jpg,K,K,0.983660876750946,2,1
K/K983.jpg,K,K,0.9835325479507446,3,1
K/K987.jpg,K,K,0.9821732044219971,3,1
K/K991.jpg,K,K,0.9832946062088013,4,1
L/L1003.jpg,L,L,0.9797174334526062,4,1
L/L1004.jpg,L,L,0.9789567589759827,3,1
L/L1009.jpg,L,L,0.981884777545929,4,1
L/L1011.jpg,L,L,0.9850051403045654,4,1
L/L1012.jpg,L,L,0.9832391738891602,3,1
L/L1014.jpg,L,L,0.9836253523826599,3,1
L/L1019.jpg,L,L,0.9831111431121826,3,1
L/L102.jpg,L,L,0.9782213568687439,2,1
L/L1024.jpg,L,L,0.9808743596076965,2,1
L/L1039.jpg,L,L,0.9750771522521973,1,1
L/L1041.jpg,L,L,0.9747562408447266,1,1
L/L1043.jpg,L,L,0.9710878133773804,2,1
L/L1044.jpg,L,L,0.9737377762794495,1,1
L/L1048.jpg,L,L,0.9705321192741394,2,1
L/L1058.jpg,L,L,0.9692450165748596,2,1
L/L106.jpg,L,L,0.9830116033554077,1,1
L/L1060.jpg,L,L,0.9777764081954956,2,1
L/L1067.jpg,L,L,0.9817926287651062,2,1
L/L1078.jpg,L,L,0.9879516959190369,2,1
L/L1089.jpg,L,L,0.983730673789978,4,1
L/L1091.jpg,L,L,0.9841409921646118,4,1
L/L111.jpg,L,L,0.9793535470962524,2,1
L/L1110.jpg,L,L,0.986909806728363,2,1
L/L1113.jpg,L,L,0.9862491488456726,5,1
L/L1121.jpg,L,L,0.985808253288269,5,1
L/L1124.jpg,L,L,0.9851273894309998,3,1
L/L1125.jpg,L,L,0.9852073192596436,2,1
L/L1129.jpg,L,L,0.986984133720398,2,1
L/L1132.jpg,L,L,0.9871093034744263,2,1
L/L1136.jpg,L,L,0.9837368130683899,2,1
L/L1153.jpg,L,L,0.984492301940918,2,1
L/L1164.jpg,L,L,0.9829496145248413,1,1
L/L1166.jpg,L,L,0.9813798069953918,1,1
L/L1168.jpg,L,L,0.9843217134475708,1,1
L/L1180.jpg,L,L,0.9838219285011292,2,1
L/L1183.jpg,L,L,0.9856932163238525,1,1
L/L1202.jpg,L,L,0.9856165647506714,3,1
L/L1203.jpg,L,L,0.9772529006004333,2,1
L/L1204.jpg,L,L,0.9813971519470215,2,1
L/L1207.jpg,L,L,0.9802359342575073,1,1
L/L1209.jpg,L,L,0.9817069172859192,1,1
L/L1214.jpg,L,L,0.9838231205940247,2,1
L/L1215.jpg,L,L,0.9824052453041077,2,1
L/L1217.jpg,L,L,0.9769262671470642,2,1
L/L1220.jpg,L,L,0.9780148267745972,3,1
L/L1223.jpg,L,L,0.9851236939430237,2,1
L/L1229.jpg,L,L,0.9846945405006409,2,1
L/L1234.jpg,L,L,0.9844644665718079,3,1
L/L1235.jpg,L,L,0.9775801301002502,2,1
L/L1236.jpg,L,L,0.9820090532302856,2,1
L/L1237.jpg,L,L,0.9758179187774658,2,1
L/L1245.jpg,L,L,0.9808838367462158,2,1
L/L1247.jpg,L,L,0.9793059229850769,2,1
L/L1249.jpg,L,L,0.9791252017021179,1,1
L/L125.jpg,L,L,0.9852941036224365,3,1
L/L1253.jpg,L,L,0.9850596189498901,2,1
L/L1263.jpg,L,L,0.9876204133033752,2,1
L/L1270.jpg,L,L,0.9870139360427856,2,1
L/L1271.jpg,L,L,0.9861301779747009,3,1
L/L1278.jpg,L,L,0.9873000979423523,2,1
L/L1279.jpg,L,L,0.9851717948913574,3,1
L/L1283.jpg,L,L,0.9829034209251404,1,1
L/L1285.jpg,L,L,0.9849890470504761,1,1
L/L1290.jpg,L,L,0.9830166697502136,3,1
L/L1291.jpg,L,L,0.9816758632659912,2,1
L/L1297.jpg,L,L,0.9791610836982727,3,1
L/L1303.jpg,L,L,0.9777383804321289,3,1
L/L1304.jpg,L,L,0.9765908718109131,3,1
L/L1307.jpg,L,L,0.9781882762908936,4,1
L/L1309.jpg,L,L,0.9792099595069885,3,1
L/L1314.jpg,L,L,0.9819870591163635,4,1
L/L1315.jpg,L,L,0.9810617566108704,3,1
L/L1318.jpg,L,L,0.9815080761909485,3,1
L/L1321.jpg,L,L,0.9820966720581055,3,1
L/L1325.jpg,L,L,0.9826654195785522,3,1
L/L1326.jpg,L,L,0.9838114380836487,3,1
L/L1328.jpg,L,L,0.983086109161377,3,1
L/L1330.jpg,L,L,0.9828256964683533,3,1
L/L1335.jpg,L,L,0.9825925827026367,5,1
L/L1337.jpg,L,L,0.9835769534111023,5,1
L/L134.jpg,L,L,0.9843228459358215,3,1
L/L1345.jpg,L,L,0.9826860427856445,4,1
L/L135.jpg,L,L,0.9852715730667114,3,1
L/L1357.jpg,L,L,0.9826379418373108,3,1
L/L1358.jpg,L,L,0.9847139716148376,4,1
L/L1359.jpg,L,L,0.9844833016395569,2,1
L/L1361.jpg,L,L,0.9851009249687195,3,1
L/L1362.jpg,L,L,0.983761727809906,2,1
L/L1368.jpg,L,L,0.9840478301048279,4,1
L/L1377.jpg,L,L,0.9823586344718933,4,1
L/L1380.jpg,L,L,0.984282910823822,3,1
L/L1383.jpg,L,L,0.985042929649353,3,1
L/L1387.jpg,L,L,0.9831417798995972,3,1
L/L139.jpg,L,L,0.9867107272148132,4,1
L/L1390.jpg,L,L,0.9820228219032288,3,1
L/L1396.jpg,L,L,0.981550931930542,4,1
L/L14.jpg,L,L,0.9798732995986938,3,1
L/L1407.jpg,L,L,0.9830846190452576,4,1
L/L1409.jpg,L,L,0.9830185174942017,4,1
L/L141.jpg,L,L,0.9864892959594727,4,1
L/L1418.jpg,L,L,0.9854126572608948,4,1
L/L1428.jpg,L,L,0.9856858849525452,4,1
L/L1436.jpg,L,L,0.9863098859786987,3,1
L/L1437.jpg,L,L,0.9860417246818542,3,1
L/L1439.jpg,L,L,0.9850748777389526,3,1
L/L1443.jpg,L,L,0.9863666892051697,4,1
L/L1449.jpg,L,L,0.9863077998161316,3,1
L/L145.jpg,L,L,0.9804465174674988,3,1
L/L1451.jpg,L,L,0.9865049719810486,2,1
L/L1455.jpg,L,L,0.984771192073822,4,1
L/L1457.jpg,L,L,0.9869458079338074,4,1
L/L1458.jpg,L,L,0.9864956140518188,4,1
L/L1467.jpg,L,L,0.9871089458465576,2,1
L/L1469.jpg,L,L,0.9867689609527588,2,1
L/L1484.jpg,L,L,0.9858347773551941,4,1
L/L1485.jpg,L,L,0.9878528118133545,4,1
L/L1487.jpg,L,L,0.9857214689254761,5,1
L/L1491.jpg,L,L,0.9870644807815552,4,1
L/L1499.jpg,L,L,0.9845448732376099,2,1
L/L150.jpg,L,L,0.9812427759170532,3,1
L/L1503.jpg,L,L,0.9855208992958069,3,1
L/L1511.jpg,L,L,0.9825030565261841,1,1
L/L1523.jpg,L,L,0.9853901863098145,3,1
L/L1524.jpg,L,L,0.9841852188110352,1,1
L/L1526.jpg,L,L,0.9862557053565979,1,1
L/L153.jpg,L,L,0.9878052473068237,4,1
L/L1536.jpg,L,L,0.9864246845245361,1,1
L/L1537.jpg,L,L,0.9859090447425842,1,1
L/L1538.jpg,L,L,0.985082745552063,3,1
L/L154.jpg,L,L,0.9832777380943298,4,1
L/L1543.jpg,L,L,0.9839144945144653,1,1
L/L1546.jpg,L,L,0.9820703268051147,2,1
L/L1549.jpg,L,L,0.9827850461006165,1,1
L/L155.jpg,L,L,0.9884424805641174,4,1
L/L1553.jpg,L,L,0.9838811159133911,2,1
L/L1560.jpg,L,L,0.9848787188529968,1,1
L/L1563.jpg,L,L,0.9767836332321167,1,1
L/L1569.jpg,L,L,0.9759374856948853,1,1
L/L1571.jpg,L,L,0.9809725284576416,1,1
L/L1575.jpg,L,L,0.9804881811141968,2,1
L/L1577.jpg,L,L,0.9787217974662781,3,1
L/L1578.jpg,L,L,0.9774762988090515,2,1
L/L1579.jpg,L,L,0.978848934173584,2,1
L/L1585.jpg,L,L,0.9782318472862244,1,1
L/L1588.jpg,L,L,0.9800538420677185,1,1
L/L1594.jpg,L,L,0.9848453998565674,2,1
L/L1598.jpg,L,L,0.9846985936164856,2,1
L/L1602.jpg,L,L,0.9867364764213562,2,1
L/L1605.jpg,L,L,0.9817205667495728,3,1
L/L1609.jpg,L,L,0.9877989292144775,2,1
L/L1615.jpg,L,L,0.9808623790740967,3,1
L/L1619.jpg,L,L,0.9814225435256958,4,1
L/L1621.jpg,L,L,0.978335440158844,3,1
L/L1627.jpg,L,L,0.9784485101699829,3,1
L/L1632.jpg,L,L,0.9802917838096619,3,1
L/L1645.jpg,L,L,0.9812498688697815,3,1
L/L1646.jpg,L,L,0.9804573655128479,5,1
L/L165.jpg,L,L,0.9882423281669617,4,1
L/L1657.jpg,L,L,0.9823377132415771,4,1
L/L1658.jpg,L,L,0.9836101531982422,4,1
L/L1660.jpg,L,L,0.9836418628692627,6,1
L/L1667.jpg,L,L,0.9819060564041138,5,1
L/L1668.jpg,L,L,0.9822421073913574,5,1
L/L1683.jpg,L,L,0.980663001537323,3,1
L/L1686.jpg,L,L,0.9816235303878784,3,1
L/L1688.jpg,L,L,0.9816222190856934,2,1
L/L1690.jpg,L,L,0.9819092750549316,4,1
L/L1692.jpg,L,L,0.9821690917015076,4,1
L/L1704.jpg,L,L,0.983224630355835,3,1
L/L171.jpg,L,L,0.9887853860855103,4,1
L/L1713.jpg,L,L,0.980328381061554,3,1
L/L1718.jpg,L,L,0.9825830459594727,3,1
L/L1729.jpg,L,L,0.9824597835540771,3,1
L/L1730.jpg,L,L,0.9827947020530701,3,1
L/L174.jpg,L,L,0.9891626834869385,5,1
L/L1745.jpg,L,L,0.9818646907806396,3,1
L/L1750.jpg,L,L,0.9816792011260986,3,1
L/L1762.jpg,L,L,0.9826310276985168,3,1
L/L1768.jpg,L,L,0.9855316877365112,4,1
L/L1776.jpg,L,L,0.9842500686645508,5,1
L/L1790.jpg,L,L,0.9862149357795715,4,1
L/L1799.jpg,L,L,0.9822856187820435,3,1
L/L1800.jpg,L,L,0.9811659455299377,3,1
L/L1803.jpg,L,L,0.978147566318512,1,1
L/L1808.jpg,L,L,0.9761764407157898,3,1
L/L1809.jpg,L,L,0.9774603843688965,3,1
L/L1810.jpg,L,L,0.9766886830329895,2,1
L/L1818.jpg,L,L,0.9772297739982605,1,1
L/L182.jpg,L,L,0.9897626042366028,4,1
L/L1824.jpg,L,L,0.9846236109733582,4,1
L/L1834.jpg,L,L,0.9802472591400146,5,1
L/L1836.jpg,L,L,0.9788998365402222,4,1
L/L184.jpg,L,L,0.9894500374794006,4,1
L/L1846.jpg,L,L,0.979661226272583,4,1
L/L1847.jpg,L,L,0.9828129410743713,5,1
L/L186.jpg,L,L,0.9898053407669067,4,1
L/L1873.jpg,L,L,0.9851922988891602,3,1
L/L1885.jpg,L,L,0.9844440221786499,4,1
L/L1894.jpg,L,L,0.9822700619697571,3,1
L/L191.jpg,L,L,0.98996502161026,4,1
L/L1911.jpg,L,L,0.9800602197647095,3,1
L/L1920.jpg,L,L,0.9784156680107117,3,1
L/L1921.jpg,L,L,0.9779159426689148,3,1
L/L1924.jpg,L,L,0.9790688157081604,3,1
L/L1932.jpg,L,L,0.9830038547515869,4,1
L/L1938.jpg,L,L,0.9831804633140564,5,1
L/L1945.jpg,L,L,0.9847790598869324,5,1
L/L1946.jpg,L,L,0.9819905161857605,5,1
L/L1956.jpg,L,L,0.9829562902450562,4,1
L/L1963.jpg,L,L,0.9824545979499817,4,1
L/L1969.jpg,L,L,0.9830568432807922,5,1
L/L197.jpg,L,L,0.9871208071708679,4,1
L/L1979.jpg,L,L,0.9819815754890442,5,1
L/L1981.jpg,L,L,0.9824177622795105,4,1
L/L1982.jpg,L,L,0.9831147193908691,5,1
L/L199.jpg,L,L,0.9863781929016113,5,1
L/L1993.jpg,L,L,0.9850295186042786,3,1
L/L1995.jpg,L,L,0.9844110012054443,3,1
L/L1999.jpg,L,L,0.9825342297554016,4,1
L/L2.jpg,L,L,0.9829671382904053,2,1
L/L200.jpg,L,L,0.9874435067176819,4,1
L/L2005.jpg,L,L,0.9815539121627808,4,1
L/L2019.jpg,L,L,0.9759962558746338,3,1
L/L2028.jpg,L,L,0.9853826761245728,4,1
L/L2042.jpg,L,L,0.9822520017623901,3,1
L/L2053.jpg,L,L,0.9783477783203125,1,1
L/L2055.jpg,L,L,0.9784237742424011,2,1
L/L206.jpg,L,L,0.9875519275665283,4,1
L/L2065.jpg,L,L,0.9826504588127136,1,1
L/L2069.jpg,L,L,0.9805770516395569,1,1
L/L2071.jpg,L,L,0.9808427095413208,1,1
L/L2072.jpg,L,L,0.980746328830719,1,1
L/L2073.jpg,L,L,0.9830641150474548,1,1
L/L2074.jpg,L,L,0.9817839860916138,1,1
L/L2076.jpg,L,L,0.9836411476135254,1,1
L/L2078.jpg,L,L,0.9808266162872314,1,1
L/L208.jpg,L,L,0.9857732653617859,4,1
L/L2096.jpg,L,L,0.9823249578475952,2,1
L/L2098.jpg,L,L,0.978381872177124,2,1
L/L210.jpg,L,L,0.985408365726471,4,1
L/L2100.jpg,L,L,0.9773030281066895,2,1
L/L2106.jpg,L,L,0.9810587763786316,3,1
L/L2107.jpg,L,L,0.980346143245697,4,1
L/L2116.jpg,L,L,0.9845317006111145,3,1
L/L2120.jpg,L,L,0.979569137096405,3,1
L/L2127.jpg,L,L,0.9794273376464844,4,1
L/L2128.jpg,L,L,0.977732241153717,3,1
L/L2129.jpg,L,L,0.979343831539154,4,1
L/L2145.jpg,L,L,0.9822096824645996,3,1
L/L2146.jpg,L,L,0.9846871495246887,3,1
L/L2149.jpg,L,L,0.9840876460075378,3,1
L/L2151.jpg,L,L,0.9829968214035034,3,1
L/L2152.jpg,L,L,0.9834455847740173,2,1
L/L2154.jpg,L,L,0.9811270833015442,2,1
L/L2155.jpg,L,L,0.9866706728935242,2,1
L/L2158.jpg,L,L,0.9811992645263672,2,1
L/L2160.jpg,L,L,0.97999107837677,3,1
L/L2161.jpg,L,L,0.9784321784973145,3,1
L/L2168.jpg,L,L,0.9862954020500183,2,1
L/L2170.jpg,L,L,0.98541659116745,1,1
L/L2177.jpg,L,L,0.9863926768302917,1,1
L/L2178.jpg,L,L,0.9851288795471191,1,1
L/L2182.jpg,L,L,0.9808552861213684,2,1
L/L2184.jpg,L,L,0.9796764850616455,2,1
L/L2191.jpg,L,L,0.9841618537902832,4,1
L/L2192.jpg,L,L,0.9835753440856934,4,1
L/L2196.jpg,L,L,0.9856545329093933,3,1
L/L22.jpg,L,L,0.9837154746055603,2,1
L/L2201.jpg,L,L,0.9861376881599426,3,1
L/L2212.jpg,L,L,0.9832260012626648,3,1
L/L2228.jpg,L,L,0.9833400845527649,1,1
L/L2231.jpg,L,L,0.9828433394432068,1,1
L/L2233.jpg,L,L,0.9861052632331848,1,1
L/L2234.jpg,L,L,0.9874464273452759,1,1
L/L2243.jpg,L,L,0.9821150302886963,3,1
L/L2251.jpg,L,L,0.9807918667793274,3,1
L/L2253.jpg,L,L,0.9816091656684875,2,1
L/L2258.jpg,L,L,0.9816393852233887,2,1
L/L2260.jpg,L,L,0.9789085388183594,2,1
L/L2266.jpg,L,L,0.9797006845474243,1,1
L/L2268.jpg,L,L,0.9796777367591858,1,1
L/L2270.jpg,L,L,0.9799841046333313,4,1
L/L2278.jpg,L,L,0.9810708165168762,3,1
L/L2280.jpg,L,L,0.9810320734977722,3,1
L/L2283.jpg,L,L,0.9794610738754272,4,1
L/L229.jpg,L,L,0.9864600896835327,5,1
L/L230.jpg,L,L,0.9865451455116272,4,1
L/L2301.jpg,L,L,0.9720820188522339,3,1
L/L2310.jpg,L,L,0.9823837280273438,3,1
L/L2311.jpg,L,L,0.9826886653900146,3,1
L/L2317.jpg,L,L,0.9851444959640503,2,1
L/L2318.jpg,L,L,0.982262372970581,2,1
L/L2320.jpg,L,L,0.9845326542854309,2,1
L/L2321.jpg,L,L,0.9848526120185852,2,1
L/L2326.jpg,L,L,0.9847144484519958,3,1
L/L2330.jpg,L,L,0.9813776612281799,2,1
L/L2333.jpg,L,L,0.9827625751495361,2,1
L/L2350.jpg,L,L,0.9757974743843079,3,1
L/L2355.jpg,L,L,0.9781345129013062,3,1
L/L2361.jpg,L,L,0.9760341048240662,3,1
L/L2368.jpg,L,L,0.9749197363853455,2,1
L/L2373.jpg,L,L,0.9785009026527405,2,1
L/L2374.jpg,L,L,0.9780965447425842,3,1
L/L2375.jpg,L,L,0.9789029359817505,4,1
L/L2381.jpg,L,L,0.9793130159378052,4,1
L/L2383.jpg,L,L,0.975983202457428,3,1
L/L2385.jpg,L,L,0.9703550934791565,3,1
L/L2388.jpg,L,L,0.9723585247993469,4,1
L/L24.jpg,L,L,0.9869093298912048,4,1
L/L240.jpg,L,L,0.9860684871673584,4,1
L/L2406.jpg,L,L,0.9834465384483337,3,1
L/L2414.jpg,L,L,0.9842092394828796,4,1
L/L2415.jpg,L,L,0.9833930134773254,4,1
L/L242.jpg,L,L,0.986086905002594,3,1
L/L2421.jpg,L,L,0.9769127368927002,3,1
L/L2423.jpg,L,L,0.9801689386367798,4,1
L/L2430.jpg,L,L,0.9813275933265686,3,1
L/L2434.jpg,L,L,0.9804537296295166,4,1
L/L2435.jpg,L,L,0.9807886481285095,4,1
L/L2445.jpg,L,L,0.9821439385414124,2,1
L/L2447.jpg,L,L,0.9806045293807983,3,1
L/L2448.jpg,L,L,0.9808467030525208,3,1
L/L245.jpg,L,L,0.9855321049690247,3,1
L/L246.jpg,L,L,0.9850077629089355,3,1
L/L2470.jpg,L,L,0.9817003607749939,4,1
L/L2475.jpg,L,L,0.977360725402832,3,1
L/L2484.jpg,L,L,0.9769876003265381,2,1
L/L249.jpg,L,L,0.9850856065750122,4,1
L/L2499.jpg,L,L,0.981109082698822,3,1
L/L2507.jpg,L,L,0.9762775301933289,1,1
L/L2512.jpg,L,L,0.9794116616249084,1,1
L/L2516.jpg,L,L,0.9838230013847351,2,1
L/L2521.jpg,L,L,0.9814055562019348,2,1
L/L2529.jpg,L,L,0.988982617855072,3,1
L/L2535.jpg,L,L,0.9886111617088318,2,1
L/L2537.jpg,L,L,0.9886561632156372,2,1
L/L254.jpg,L,L,0.9813206791877747,4,1
L/L2547.jpg,L,L,0.9867262840270996,3,1
L/L2549.jpg,L,L,0.9873033165931702,3,1
L/L2551.jpg,L,L,0.9874333739280701,4,1
L/L2554.jpg,L,L,0.987793505191803,3,1
L/L256.jpg,L,L,0.985632061958313,3,1
L/L2562.jpg,L,L,0.9839650392532349,3,1
L/L2568.jpg,L,L,0.9779815077781677,2,1
L/L2571.jpg,L,L,0.9769867062568665,1,1
L/L2576.jpg,L,L,0.9769574403762817,1,1
L/L2580.jpg,L,L,0.9800463914871216,1,1
L/L2582.jpg,L,L,0.9792882800102234,3,1
L/L2585.jpg,L,L,0.9789469242095947,3,1
L/L2586.jpg,L,L,0.9789552688598633,2,1
L/L2590.jpg,L,L,0.9802001714706421,1,1
L/L2591.jpg,L,L,0.9792636036872864,2,1
L/L26.jpg,L,L,0.980085551738739,3,1
L/L2607.jpg,L,L,0.9819544553756714,4,1
L/L2626.jpg,L,L,0.9810664653778076,5,1
L/L2628.jpg,L,L,0.9823055863380432,4,1
L/L2636.jpg,L,L,0.9830018877983093,2,1
L/L2644.jpg,L,L,0.9874367713928223,1,1
L/L2649.jpg,L,L,0.9871182441711426,1,1
L/L2650.jpg,L,L,0.9860012531280518,2,1
L/L2652.jpg,L,L,0.9864170551300049,2,1
L/L2654.jpg,L,L,0.9847790598869324,2,1
L/L2655.jpg,L,L,0.9827105402946472,2,1
L/L2663.jpg,L,L,0.9765092730522156,1,1
L/L2666.jpg,L,L,0.9755978584289551,1,1
L/L2678.jpg,L,L,0.982105016708374,1,1
L/L2679.jpg,L,L,0.9820377826690674,1,1
L/L2683.jpg,L,L,0.9841513633728027,2,1
L/L2684.jpg,L,L,0.9815224409103394,1,1
L/L2685.jpg,L,L,0.9812708497047424,2,1
L/L2689.jpg,L,L,0.979604959487915,2,1
L/L2693.jpg,L,L,0.9783696532249451,2,1
L/L2697.jpg,L,L,0.980385959148407,2,1
L/L27.jpg,L,L,0.9804633259773254,3,1
L/L2700.jpg,L,L,0.9869242310523987,2,1
L/L2702.jpg,L,L,0.9868534803390503,2,1
L/L2703.jpg,L,L,0.9875707030296326,1,1
L/L2710.jpg,L,L,0.9873495697975159,3,1
L/L2711.jpg,L,L,0.9871345162391663,3,1
L/L2712.jpg,L,L,0.9876313805580139,2,1
L/L272.jpg,L,L,0.9835789799690247,4,1
L/L2722.jpg,L,L,0.9843432903289795,2,1
L/L2726.jpg,L,L,0.9857828617095947,2,1
L/L2732.jpg,L,L,0.9887131452560425,3,1
L/L2733.jpg,L,L,0.9881947040557861,3,1
L/L2735.jpg,L,L,0.990189254283905,3,1
L/L2739.jpg,L,L,0.9861663579940796,2,1
L/L2748.jpg,L,L,0.9859615564346313,2,1
L/L2755.jpg,L,L,0.9870933890342712,1,1
L/L2757.jpg,L,L,0.9873030781745911,1,1
L/L2766.jpg,L,L,0.9879593849182129,2,1
L/L2771.jpg,L,L,0.9857649207115173,2,1
L/L2782.jpg,L,L,0.9863437414169312,2,1
L/L2787.jpg,L,L,0.9837649464607239,2,1
L/L2790.jpg,L,L,0.9891889095306396,3,1
L/L2799.jpg,L,L,0.9870196580886841,3,1
L/L2801.jpg,L,L,0.9867629408836365,3,1
L/L2806.jpg,L,L,0.9872089624404907,3,1
L/L2809.jpg,L,L,0.9877563714981079,2,1
L/L281.jpg,L,L,0.9805842638015747,5,1
L/L2818.jpg,L,L,0.9879515767097473,5,1
L/L282.jpg,L,L,0.9829057455062866,5,1
L/L2825.jpg,L,L,0.9858801960945129,2,1
L/L2826.jpg,L,L,0.9856593012809753,2,1
L/L2829.jpg,L,L,0.9837121367454529,2,1
L/L283.jpg,L,L,0.9816612005233765,4,1
L/L2831.jpg,L,L,0.9825582504272461,2,1
L/L2834.jpg,L,L,0.9807100296020508,4,1
L/L2835.jpg,L,L,0.9807850122451782,4,1
L/L2836.jpg,L,L,0.9798627495765686,3,1
L/L2838.jpg,L,L,0.981138288974762,4,1
L/L2839.jpg,L,L,0.9801150560379028,4,1
L/L2841.jpg,L,L,0.9831209182739258,4,1
L/L285.jpg,L,L,0.9778590798377991,5,1
L/L2857.jpg,L,L,0.9815292358398438,4,1
L/L286.jpg,L,L,0.9812869429588318,3,1
L/L2862.jpg,L,L,0.9831027388572693,4,1
L/L2866.jpg,L,L,0.9836693406105042,4,1
L/L2868.jpg,L,L,0.9849256873130798,4,1
L/L2872.jpg,L,L,0.9840129613876343,4,1
L/L2874.jpg,L,L,0.9838686585426331,4,1
L/L2875.jpg,L,L,0.9833911657333374,4,1
L/L2877.jpg,L,L,0.983537495136261,4,1
L/L2880.jpg,L,L,0.983012855052948,4,1
L/L2884.jpg,L,L,0.9836636781692505,4,1
L/L2885.jpg,L,L,0.9836453199386597,4,1
L/L289.jpg,L,L,0.9526762962341309,3,1
L/L2890.jpg,L,L,0.9839262366294861,4,1
L/L2895.jpg,L,L,0.9842021465301514,4,1
L/L290.jpg,L,L,0.9655787348747253,4,1
L/L2906.jpg,L,L,0.9846773147583008,3,1
L/L2913.jpg,L,L,0.9856715798377991,3,1
L/L2925.jpg,L,L,0.9844633340835571,4,1
L/L2931.jpg,L,L,0.9845278859138489,4,1
L/L2933.jpg,L,L,0.9827494621276855,3,1
L/L2934.jpg,L,L,0.9834674000740051,3,1
L/L294.jpg,L,L,0.9614419341087341,3,1
L/L2942.jpg,L,L,0.9829993844032288,4,1
L/L2945.jpg,L,L,0.9843717217445374,4,1
L/L2947.jpg,L,L,0.9848841428756714,3,1
L/L2953.jpg,L,L,0.98612380027771,3,1
L/L2965.jpg,L,L,0.983899712562561,4,1
L/L2966.jpg,L,L,0.985516369342804,4,1
L/L2968.jpg,L,L,0.9852295517921448,4,1
L/L2969.jpg,L,L,0.98447185754776,4,1
L/L2971.jpg,L,L,0.9837477803230286,4,1
L/L2985.jpg,L,L,0.982491672039032,3,1
L/L2995.jpg,L,L,0.9836463928222656,3,1
L/L3000.jpg,L,L,0.9838104248046875,3,1
L/L302.jpg,L,L,0.9737943410873413,3,1
L/L303.jpg,L,L,0.9734336137771606,4,1
L/L305.jpg,L,L,0.9754679799079895,3,1
L/L306.jpg,L,L,0.9713336229324341,3,1
L/L310.jpg,L,L,0.9744514226913452,3,1
L/L313.jpg,L,L,0.9751551151275635,4,1
L/L317.jpg,L,L,0.9807873964309692,4,1
L/L318.jpg,L,L,0.9823623299598694,4,1
L/L321.jpg,L,L,0.9827978610992432,2,1
L/L327.jpg,L,L,0.9818243384361267,3,1
L/L330.jpg,L,L,0.9808076024055481,3,1
L/L338.jpg,L,L,0.9781668186187744,2,1
L/L341.jpg,L,L,0.9817001223564148,2,1
L/L344.jpg,L,L,0.981868326663971,2,1
L/L347.jpg,L,L,0.9812172651290894,2,1
L/L371.jpg,L,L,0.9849969148635864,4,1
L/L374.jpg,L,L,0.9844075441360474,3,1
L/L375.jpg,L,L,0.9835250377655029,3,1
L/L379.jpg,L,L,0.9854816198348999,4,1
L/L383.jpg,L,L,0.9842774868011475,6,1
L/L384.jpg,L,L,0.9858362674713135,5,1
L/L387.jpg,L,L,0.98518306016922,4,1
L/L388.jpg,L,L,0.9854377508163452,4,1
L/L400.jpg,L,L,0.983923614025116,3,1
L/L402.jpg,L,L,0.9830532670021057,2,1
L/L403.jpg,L,L,0.9838760495185852,3,1
L/L406.jpg,L,L,0.9820802211761475,3,1
L/L411.jpg,L,L,0.9786802530288696,2,1
L/L416.jpg,L,L,0.9777851104736328,1,1
L/L419.jpg,L,L,0.9781416058540344,1,1
L/L426.jpg,L,L,0.9818792939186096,1,1
L/L437.jpg,L,L,0.9804055690765381,2,1
L/L453.jpg,L,L,0.9855546951293945,4,1
L/L456.jpg,L,L,0.986071765422821,3,1
L/L457.jpg,L,L,0.984367311000824,4,1
L/L466.jpg,L,L,0.9858736991882324,4,1
L/L471.jpg,L,L,0.9859929084777832,3,1
L/L474.jpg,L,L,0.9866974949836731,3,1
L/L477.jpg,L,L,0.9877728819847107,3,1
L/L492.jpg,L,L,0.9870309233665466,4,1
L/L496.jpg,L,L,0.9859862327575684,3,1
L/L501.jpg,L,L,0.9880117177963257,4,1
L/L502.jpg,L,L,0.9872614145278931,4,1
L/L511.jpg,L,L,0.9867026209831238,4,1
L/L512.jpg,L,L,0.9865103363990784,5,1
L/L514.jpg,L,L,0.9864826202392578,4,1
L/L517.jpg,L,L,0.9860728979110718,4,1
L/L527.jpg,L,L,0.9863213896751404,3,1
L/L530.jpg,L,L,0.985508143901825,3,1
L/L534.jpg,L,L,0.9858533143997192,3,1
L/L544.jpg,L,L,0.9877336025238037,4,1
L/L548.jpg,L,L,0.9860920310020447,4,1
L/L555.jpg,L,L,0.9850528836250305,2,1
L/L563.jpg,L,L,0.9856628775596619,2,1
L/L566.jpg,L,L,0.9861693382263184,2,1
L/L57.jpg,L,L,0.9833855032920837,4,1
L/L589.jpg,L,L,0.9863000512123108,4,1
L/L594.jpg,L,L,0.9869675040245056,4,1
L/L599.jpg,L,L,0.9839904308319092,4,1
L/L6.jpg,L,L,0.9821462035179138,3,1
L/L601.jpg,L,L,0.9840074181556702,3,1
L/L608.jpg,L,L,0.9820436239242554,3,1
L/L611.jpg,L,L,0.9826391935348511,3,1
L/L616.jpg,L,L,0.9835716485977173,2,1
L/L617.jpg,L,L,0.9827387928962708,2,1
L/L634.jpg,L,L,0.9868806600570679,3,1
L/L64.jpg,L,L,0.9892648458480835,5,1
L/L642.jpg,L,L,0.9886166453361511,2,1
L/L646.jpg,L,L,0.9836483001708984,2,1
L/L648.jpg,L,L,0.985030472278595,2,1
L/L649.jpg,L,L,0.9875816106796265,2,1
L/L650.jpg,L,L,0.9866195917129517,2,1
L/L651.jpg,L,L,0.9854838252067566,2,1
L/L657.jpg,L,L,0.988519012928009,3,1
L/L67.jpg,L,L,0.988639235496521,3,1
L/L670.jpg,L,L,0.9884552955627441,3,1
L/L672.jpg,L,L,0.9886177182197571,3,1
L/L677.jpg,L,L,0.9878972768783569,4,1
L/L680.jpg,L,L,0.9868892431259155,3,1
L/L683.jpg,L,L,0.9853686690330505,4,1
L/L685.jpg,L,L,0.9844063520431519,4,1
L/L695.jpg,L,L,0.9885165691375732,3,1
L/L697.jpg,L,L,0.9901168942451477,4,1
L/L698.jpg,L,L,0.9895387291908264,3,1
L/L699.jpg,L,L,0.9887673258781433,3,1
L/L702.jpg,L,L,0.9900752902030945,3,1
L/L708.jpg,L,L,0.9824888706207275,3,1
L/L71.jpg,L,L,0.9891358613967896,4,1
L/L712.jpg,L,L,0.9818121790885925,3,1
L/L713.jpg,L,L,0.9815845489501953,3,1
L/L717.jpg,L,L,0.9836702346801758,3,1
L/L719.jpg,L,L,0.9820109009742737,3,1
L/L724.jpg,L,L,0.9830414056777954,2,1
L/L726.jpg,L,L,0.9842573404312134,3,1
L/L727.jpg,L,L,0.9827589392662048,3,1
L/L733.jpg,L,L,0.9799906015396118,3,1
L/L740.jpg,L,L,0.9855797290802002,2,1
L/L742.jpg,L,L,0.9845198392868042,2,1
L/L743.jpg,L,L,0.9844723343849182,2,1
L/L746.jpg,L,L,0.9845882058143616,2,1
L/L755.jpg,L,L,0.9811853766441345,2,1
L/L761.jpg,L,L,0.9869517087936401,2,1
L/L771.jpg,L,L,0.9878162741661072,3,1
L/L772.jpg,L,L,0.9885892868041992,4,1
L/L774.jpg,L,L,0.9869979619979858,4,1
L/L780.jpg,L,L,0.9843025207519531,2,1
L/L782.jpg,L,L,0.9856722354888916,3,1
L/L791.jpg,L,L,0.9795111417770386,4,1
L/L793.jpg,L,L,0.9803376197814941,3,1
L/L8.jpg,L,L,0.9812068343162537,2,1
L/L807.jpg,L,L,0.9823707342147827,4,1
L/L815.jpg,L,L,0.9843721985816956,1,1
L/L816.jpg,L,L,0.9828199148178101,1,1
L/L827.jpg,L,L,0.9828141927719116,3,1
L/L828.jpg,L,L,0.9818543195724487,2,1
L/L832.jpg,L,L,0.9879509806632996,2,1
L/L843.jpg,L,L,0.9855875968933105,2,1
L/L849.jpg,L,L,0.9866369366645813,2,1
L/L855.jpg,L,L,0.9850926995277405,2,1
L/L857.jpg,L,L,0.9876433610916138,2,1
L/L859.jpg,L,L,0.9883050918579102,2,1
L/L86.jpg,L,L,0.9865304827690125,2,1
L/L860.jpg,L,L,0.9889736771583557,2,1
L/L862.jpg,L,L,0.9877745509147644,2,1
L/L863.jpg,L,L,0.9880175590515137,2,1
L/L866.jpg,L,L,0.9878987669944763,3,1
L/L870.jpg,L,L,0.989100992679596,2,1
L/L876.jpg,L,L,0.9828726649284363,2,1
L/L884.jpg,L,L,0.9882192611694336,2,1
L/L897.jpg,L,L,0.9887123107910156,2,1
L/L902.jpg,L,L,0.9894631505012512,2,1
L/L911.jpg,L,L,0.9823544025421143,2,1
L/L912.jpg,L,L,0.9825856685638428,2,1
L/L923.jpg,L,L,0.9823583960533142,2,1
L/L930.jpg,L,L,0.9858787655830383,3,1
L/L932.jpg,L,L,0.9894691705703735,3,1
L/L935.jpg,L,L,0.9877287149429321,3,1
L/L938.jpg,L,L,0.9889216423034668,2,1
L/L942.jpg,L,L,0.9827935695648193,3,1
L/L943.jpg,L,L,0.982559859752655,2,1
L/L956.jpg,L,L,0.9848837852478027,2,1
L/L957.jpg,L,L,0.9878664016723633,1,1
L/L960.jpg,L,L,0.9858875870704651,3,1
L/L961.jpg,L,L,0.9856370091438293,1,1
L/L963.jpg,L,L,0.9867428541183472,2,1
L/L965.jpg,L,L,0.9868289828300476,2,1
L/L966.jpg,L,L,0.9818412065505981,3,1
L/L972.jpg,L,L,0.9823166728019714,3,1
L/L978.jpg,L,L,0.9865003228187561,2,1
L/L979.jpg,L,L,0.9860288500785828,2,1
L/L984.jpg,L,L,0.9841821789741516,2,1
M/M1.jpg,M,M,0.9786354899406433,3,1
M/M1005.jpg,M,M,0.9825837016105652,3,1
M/M1006.jpg,M,M,0.9819031953811646,3,1
M/M1007.jpg,M,M,0.9821536540985107,2,1
M/M1008.jpg,M,M,0.9836815595626831,3,1
M/M101.jpg,M,M,0.9817662239074707,2,1
M/M1013.jpg,M,M,0.9814706444740295,2,1
M/M1020.jpg,M,M,0.9845036268234253,3,1
M/M1026.jpg,M,M,0.9858150482177734,2,1
M/M1028.jpg,M,M,0.9853691458702087,3,1
M/M1033.jpg,M,M,0.9846096038818359,3,1
M/M1048.jpg,M,M,0.9814706444740295,3,1
M/M1049.jpg,M,M,0.8708091974258423,4,1
M/M1057.jpg,M,M,0.9775121212005615,4,1
M/M1058.jpg,M,M,0.98062664270401,3,1
M/M1059.jpg,M,M,0.9786604046821594,2,1
M/M1063.jpg,M,M,0.9868628978729248,3,1
M/M1072.jpg,M,M,0.984875500202179,3,1
M/M1076.jpg,M,M,0.9849938154220581,2,1
M/M1077.jpg,M,M,0.984238862991333,3,1
M/M1079.jpg,M,M,0.9852677583694458,3,1
M/M108.jpg,M,M,0.9830965995788574,3,1
M/M1083.jpg,M,M,0.982559859752655,2,1
M/M1084.jpg,M,M,0.9825853109359741,3,1
M/M1093.jpg,M,M,0.9824074506759644,2,1
M/M1094.jpg,M,M,0.9820998907089233,2,1
M/M1103.jpg,M,M,0.9836949110031128,4,1
M/M1105.jpg,M,M,0.9843423962593079,4,1
M/M111.jpg,M,M,0.9838551878929138,2,1
M/M1110.jpg,M,M,0.9827921986579895,4,1
M/M1119.jpg,M,M,0.9823330044746399,2,1
M/M112.jpg,M,M,0.9838575124740601,2,1
M/M1122.jpg,M,M,0.9819952249526978,2,1
M/M1124.jpg,M,M,0.9826740622520447,3,1
M/M1130.jpg,M,M,0.9835422039031982,2,1
M/M1138.jpg,M,M,0.9827207922935486,2,1
M/M1140.jpg,M,M,0.9843590259552002,1,1
M/M1144.jpg,M,M,0.9813872575759888,2,1
M/M1149.jpg,M,M,0.981969952583313,3,1
M/M1151.jpg,M,M,0.9828298687934875,3,1
M/M1153.jpg,M,M,0.9815054535865784,3,1
M/M116.jpg,M,M,0.9843213558197021,2,1
M/M1164.jpg,M,M,0.983242392539978,2,1
M/M1166.jpg,M,M,0.9845786094665527,2,1
M/M1169.jpg,M,M,0.9833362102508545,2,1
M/M1177.jpg,M,M,0.9838518500328064,2,1
M/M1178.jpg,M,M,0.9848856329917908,2,1
M/M1179.jpg,M,M,0.9840579628944397,2,1
M/M1181.jpg,M,M,0.9824600219726562,2,1
M/M1193.jpg,M,M,0.982671856880188,2,1
M/M1194.jpg,M,M,0.982541024684906,2,1
M/M1195.jpg,M,M,0.9831653833389282,2,1
M/M1208.jpg,M,M,0.9810887575149536,2,1
M/M121.jpg,M,M,0.9827790856361389,3,1
M/M1218.jpg,M,M,0.9800541400909424,3,1
M/M1220.jpg,M,M,0.9792319536209106,4,1
M/M1223.jpg,M,M,0.9807124137878418,4,1
M/M1227.jpg,M,M,0.9837803244590759,2,1
M/M1228.jpg,M,M,0.9839937686920166,2,1
M/M1235.jpg,M,M,0.9850179553031921,2,1
M/M124.jpg,M,M,0.9841914176940918,2,1
M/M1248.jpg,M,M,0.9827560186386108,2,1
M/M1252.jpg,M,M,0.9818068742752075,1,1
M/M1256.jpg,M,M,0.9844009280204773,2,1
M/M1258.jpg,M,M,0.9824915528297424,2,1
M/M1262.jpg,M,M,0.9793841242790222,3,1
M/M1272.jpg,M,M,0.9846833348274231,2,1
M/M1273.jpg,M,M,0.9820823073387146,2,1
M/M1274.jpg,M,M,0.9788875579833984,3,1
M/M1275.jpg,M,M,0.9780884385108948,3,1
M/M1276.jpg,M,M,0.9771760702133179,2,1
M/M1278.jpg,M,M,0.9816431403160095,2,1
M/M128.jpg,M,M,0.9827102422714233,2,1
M/M1283.jpg,M,M,0.9818844199180603,2,1
M/M1286.jpg,M,M,0.9828451871871948,2,1
M/M1289.jpg,M,M,0.9824190139770508,3,1
M/M129.jpg,M,M,0.982898473739624,3,1
M/M1290.jpg,M,M,0.9830344915390015,2,1
M/M1292.jpg,M,M,0.979172945022583,3,1
M/M1305.jpg,M,M,0.9829033017158508,2,1
M/M1312.jpg,M,M,0.9826452732086182,2,1
M/M1344.jpg,M,M,0.9820265173912048,2,1
M/M1350.jpg,M,M,0.9818030595779419,2,1
M/M1351.jpg,M,M,0.9821536540985107,4,1
M/M1354.jpg,M,M,0.9796382188796997,3,1
M/M1361.jpg,M,M,0.9813119769096375,3,1
M/M1367.jpg,M,M,0.9824473261833191,5,1
M/M1373.jpg,M,M,0.9804641604423523,4,1
M/M1374.jpg,M,M,0.9822982549667358,3,1
M/M1381.jpg,M,M,0.9821997880935669,2,1
M/M140.jpg,M,M,0.982644259929657,1,1
M/M1400.jpg,M,M,0.9769286513328552,3,1
M/M1403.jpg,M,M,0.983073353767395,2,1
M/M1404.jpg,M,M,0.9817604422569275,3,1
M/M1408.jpg,M,M,0.9729959964752197,2,1
M/M1412.jpg,M,M,0.9804731607437134,2,1
M/M1417.jpg,M,M,0.9806642532348633,3,1
M/M1419.jpg,M,M,0.9758051037788391,1,1
M/M1420.jpg,M,M,0.97589510679245,1,1
M/M1424.jpg,M,M,0.9778449535369873,1,1
M/M1427.jpg,M,M,0.9782339930534363,2,1
M/M1429.jpg,M,M,0.9799362421035767,3,1
M/M1431.jpg,M,M,0.9811739921569824,2,1
M/M1432.jpg,M,M,0.984245240688324,2,1
M/M1433.jpg,M,M,0.9772810339927673,2,1
M/M1434.jpg,M,M,0.9800662994384766,3,1
M/M1436.jpg,M,M,0.981155276298523,3,1
M/M1438.jpg,M,M,0.9783589243888855,2,1
M/M1440.jpg,M,M,0.9797523021697998,2,1
M/M1441.jpg,M,M,0.9802518486976624,2,1
M/M1448.jpg,M,M,0.9831351041793823,2,1
M/M1452.jpg,M,M,0.9828656315803528,2,1
M/M1460.jpg,M,M,0.980527400970459,2,1
M/M1461.jpg,M,M,0.9822270274162292,1,1
M/M1468.jpg,M,M,0.9800623059272766,3,1
M/M1474.jpg,M,M,0.9811268448829651,3,1
M/M1475.jpg,M,M,0.9816921949386597,3,1
M/M1477.jpg,M,M,0.9816794395446777,2,1
M/M1479.jpg,M,M,0.9807032346725464,2,1
M/M1483.jpg,M,M,0.978105366230011,2,1
M/M1491.jpg,M,M,0.9768701791763306,2,1
M/M15.jpg,M,M,0.9813034534454346,4,1
M/M1505.jpg,M,M,0.98066645860672,3,1
M/M1506.jpg,M,M,0.9793813824653625,2,1
M/M1507.jpg,M,M,0.9806838631629944,2,1
M/M1509.jpg,M,M,0.981052815914154,2,1
M/M1520.jpg,M,M,0.9804294109344482,1,1
M/M1525.jpg,M,M,0.9799266457557678,2,1
M/M1528.jpg,M,M,0.9805518984794617,1,1
M/M1531.jpg,M,M,0.9825478196144104,1,1
M/M154.jpg,M,M,0.9747850298881531,2,1
M/M1540.jpg,M,M,0.9827139973640442,2,1
M/M1543.jpg,M,M,0.9826204180717468,2,1
M/M155.jpg,M,M,0.9801138043403625,1,1
M/M1551.jpg,M,M,0.9837695360183716,3,1
M/M1552.jpg,M,M,0.9840743541717529,2,1
M/M1557.jpg,M,M,0.984119713306427,3,1
M/M1561.jpg,M,M,0.9819998741149902,3,1
M/M1565.jpg,M,M,0.9805521368980408,2,1
M/M1568.jpg,M,M,0.9805161952972412,1,1
M/M157.jpg,M,M,0.9833796620368958,2,1
M/M1570.jpg,M,M,0.9838437438011169,1,1
M/M1579.jpg,M,M,0.9833364486694336,2,1
M/M1585.jpg,M,M,0.9857272505760193,2,1
M/M1587.jpg,M,M,0.9847961664199829,2,1
M/M1597.jpg,M,M,0.9840365052223206,1,1
M/M1598.jpg,M,M,0.9850102066993713,2,1
M/M1599.jpg,M,M,0.9841984510421753,2,1
M/M1600.jpg,M,M,0.9823348522186279,3,1
M/M1601.jpg,M,M,0.982148289680481,2,1
M/M1606.jpg,M,M,0.9822365045547485,2,1
M/M1607.jpg,M,M,0.9841449856758118,3,1
M/M161.jpg,M,M,0.9862659573554993,2,1
M/M1617.jpg,M,M,0.9803784489631653,1,1
M/M1618.jpg,M,M,0.9820449352264404,1,1
M/M1626.jpg,M,M,0.9816317558288574,3,1
M/M1639.jpg,M,M,0.982537567615509,4,1
M/M1640.jpg,M,M,0.9835382103919983,4,1
M/M1641.jpg,M,M,0.9798555374145508,3,1
M/M1642.jpg,M,M,0.9844391942024231,3,1
M/M1648.jpg,M,M,0.9775298833847046,2,1
M/M165.jpg,M,M,0.9846636652946472,2,1
M/M1653.jpg,M,M,0.979895830154419,2,1
M/M1659.jpg,M,M,0.9837499260902405,2,1
M/M1660.jpg,M,M,0.9847032427787781,2,1
M/M1662.jpg,M,M,0.9850702285766602,2,1
M/M1665.jpg,M,M,0.9861267805099487,2,1
M/M1666.jpg,M,M,0.9861569404602051,2,1
M/M1673.jpg,M,M,0.9872567653656006,4,1
M/M1679.jpg,M,M,0.985345184803009,3,1
M/M168.jpg,M,M,0.9860718846321106,3,1
M/M1685.jpg,M,M,0.9849794507026672,2,1
M/M1688.jpg,M,M,0.9845069050788879,3,1
M/M1696.jpg,M,M,0.9813843965530396,3,1
M/M1699.jpg,M,M,0.9846993088722229,2,1
M/M17.jpg,M,M,0.9792247414588928,4,1
M/M1705.jpg,M,M,0.9838512539863586,4,1
M/M1708.jpg,M,M,0.9837242364883423,2,1
M/M1710.jpg,M,M,0.985080897808075,2,1
M/M1713.jpg,M,M,0.9779196977615356,3,1
M/M1714.jpg,M,M,0.9811815619468689,2,1
M/M1716.jpg,M,M,0.9797177910804749,2,1
M/M1722.jpg,M,M,0.9795868992805481,2,1
M/M1736.jpg,M,M,0.9810857772827148,2,1
M/M1737.jpg,M,M,0.9792887568473816,2,1
M/M1738.jpg,M,M,0.9811282157897949,2,1
M/M1745.jpg,M,M,0.980348527431488,3,1
M/M1747.jpg,M,M,0.9761265516281128,1,1
M/M1750.jpg,M,M,0.9823761582374573,3,1
M/M1753.jpg,M,M,0.9815056920051575,3,1
M/M1755.jpg,M,M,0.9825555086135864,2,1
M/M1768.jpg,M,M,0.9784269332885742,1,1
M/M1773.jpg,M,M,0.9828831553459167,1,1
M/M1775.jpg,M,M,0.9830741286277771,1,1
M/M1779.jpg,M,M,0.9821074604988098,2,1
M/M1798.jpg,M,M,0.9782237410545349,2,1
M/M180.jpg,M,M,0.9866424798965454,4,1
M/M1803.jpg,M,M,0.9798229336738586,3,1
M/M1816.jpg,M,M,0.9788945913314819,3,1
M/M1820.jpg,M,M,0.9787200689315796,2,1
M/M1825.jpg,M,M,0.9838834404945374,3,1
M/M1828.jpg,M,M,0.9841187000274658,4,1
M/M1829.jpg,M,M,0.984470009803772,4,1
M/M183.jpg,M,M,0.9854978322982788,3,1
M/M1834.jpg,M,M,0.9854913949966431,4,1
M/M1837.jpg,M,M,0.9828534722328186,4,1
M/M1842.jpg,M,M,0.9848617315292358,4,1
M/M1845.jpg,M,M,0.9835688471794128,4,1
M/M1848.jpg,M,M,0.9839153289794922,4,1
M/M1853.jpg,M,M,0.9835950136184692,4,1
M/M1859.jpg,M,M,0.9815046191215515,5,1
M/M1860.jpg,M,M,0.9796181321144104,4,1
M/M1872.jpg,M,M,0.9811370372772217,4,1
M/M1881.jpg,M,M,0.9834732413291931,2,1
M/M1884.jpg,M,M,0.9818001985549927,2,1
M/M1887.jpg,M,M,0.9821580648422241,2,1
M/M1889.jpg,M,M,0.981411874294281,2,1
M/M1891.jpg,M,M,0.9798012971878052,2,1
M/M1894.jpg,M,M,0.9790440201759338,2,1
M/M1896.jpg,M,M,0.9766722917556763,2,1
M/M19.jpg,M,M,0.9781262278556824,5,1
M/M1904.jpg,M,M,0.9809422492980957,2,1
M/M191.jpg,M,M,0.9850317239761353,3,1
M/M1911.jpg,M,M,0.9753862023353577,1,1
M/M1915.jpg,M,M,0.9820630550384521,2,1
M/M1919.jpg,M,M,0.9691150784492493,3,1
M/M192.jpg,M,M,0.9849656820297241,3,1
M/M1924.jpg,M,M,0.9796461462974548,3,1
M/M1926.jpg,M,M,0.9822226762771606,3,1
M/M193.jpg,M,M,0.984941303730011,2,1
M/M1932.jpg,M,M,0.9789934158325195,3,1
M/M1935.jpg,M,M,0.9767262935638428,1,1
M/M1944.jpg,M,M,0.9784337878227234,1,1
M/M1961.jpg,M,M,0.9844543933868408,3,1
M/M1964.jpg,M,M,0.9846445322036743,3,1
M/M1966.jpg,M,M,0.9809374213218689,2,1
M/M1968.jpg,M,M,0.9831215143203735,2,1
M/M198.jpg,M,M,0.9851969480514526,3,1
M/M1981.jpg,M,M,0.9810503125190735,4,1
M/M1985.jpg,M,M,0.9813871383666992,4,1
M/M1986.jpg,M,M,0.9815420508384705,4,1
M/M1988.jpg,M,M,0.982916533946991,4,1
M/M1991.jpg,M,M,0.9817991852760315,4,1
M/M2007.jpg,M,N,0.8250184059143066,4,0
M/M2013.jpg,M,M,0.6834322810173035,4,1
M/M202.jpg,M,M,0.9850090742111206,3,1
M/M2020.jpg,M,M,0.9730461835861206,3,1
M/M2022.jpg,M,M,0.9785877466201782,3,1
M/M2030.jpg,M,M,0.9709921479225159,3,1
M/M2036.jpg,M,M,0.9855208992958069,3,1
M/M2041.jpg,M,M,0.9821400046348572,2,1
M/M2043.jpg,M,M,0.97923743724823,1,1
M/M2044.jpg,M,M,0.9839284420013428,2,1
M/M205.jpg,M,M,0.9856058955192566,4,1
M/M2055.jpg,M,M,0.98426753282547,4,1
M/M2056.jpg,M,M,0.975560188293457,3,1
M/M2060.jpg,M,M,0.9581639766693115,3,1
M/M2062.jpg,M,M,0.9618938565254211,2,1
M/M2063.jpg,M,M,0.9838994741439819,2,1
M/M2067.jpg,M,M,0.9676585793495178,2,1
M/M207.jpg,M,M,0.9844880700111389,4,1
M/M2073.jpg,M,M,0.9813807606697083,2,1
M/M2088.jpg,M,M,0.9819958209991455,1,1
M/M2092.jpg,M,M,0.9806879758834839,1,1
M/M2093.jpg,M,M,0.9815862774848938,1,1
M/M2094.jpg,M,M,0.9824272990226746,1,1
M/M2095.jpg,M,M,0.9781925678253174,1,1
M/M2105.jpg,M,M,0.980868399143219,1,1
M/M2106.jpg,M,M,0.9814799427986145,1,1
M/M2115.jpg,M,M,0.9793867468833923,2,1
M/M2118.jpg,M,M,0.986880898475647,1,1
M/M212.jpg,M,M,0.985151469707489,3,1
M/M2129.jpg,M,M,0.9865229725837708,3,1
M/M213.jpg,M,M,0.9861327409744263,2,1
M/M214.jpg,M,M,0.9862080812454224,1,1
M/M2144.jpg,M,M,0.9814214706420898,3,1
M/M2145.jpg,M,M,0.9700716137886047,5,1
M/M2147.jpg,M,M,0.981823742389679,3,1
M/M2150.jpg,M,M,0.9863899350166321,3,1
M/M2156.jpg,M,M,0.9805296659469604,3,1
M/M2161.jpg,M,M,0.9846375584602356,4,1
M/M2163.jpg,M,M,0.9838941693305969,4,1
M/M2167.jpg,M,M,0.98363196849823,3,1
M/M2170.jpg,M,M,0.9822513461112976,2,1
M/M2176.jpg,M,M,0.9837954044342041,3,1
M/M218.jpg,M,M,0.9853768944740295,1,1
M/M2185.jpg,M,M,0.9827933311462402,3,1
M/M2188.jpg,M,M,0.984677791595459,3,1
M/M2190.jpg,M,M,0.9840199947357178,3,1
M/M2191.jpg,M,M,0.9761133790016174,3,1
M/M220.jpg,M,M,0.985558271408081,1,1
M/M2200.jpg,M,M,0.9800013899803162,2,1
M/M2207.jpg,M,M,0.9699278473854065,2,1
M/M222.jpg,M,M,0.9852008819580078,3,1
M/M2220.jpg,M,M,0.9805251359939575,2,1
M/M2227.jpg,M,M,0.9828264117240906,2,1
M/M2232.jpg,M,M,0.9832590818405151,2,1
M/M2236.jpg,M,M,0.973972499370575,2,1
M/M2239.jpg,M,M,0.9619772434234619,2,1
M/M2246.jpg,M,M,0.9770436882972717,2,1
M/M2250.jpg,M,M,0.9777437448501587,2,1
M/M2258.jpg,M,M,0.9766260981559753,2,1
M/M226.jpg,M,M,0.9858908653259277,3,1
M/M2261.jpg,M,M,0.9738223552703857,2,1
M/M2262.jpg,M,M,0.980307400226593,2,1
M/M2263.jpg,M,M,0.9793019890785217,2,1
M/M228.jpg,M,M,0.9865343570709229,2,1
M/M229.jpg,M,M,0.9867157340049744,2,1
M/M2292.jpg,M,M,0.9825664758682251,1,1
M/M2301.jpg,M,M,0.9844068288803101,1,1
M/M2303.jpg,M,M,0.9857316613197327,1,1
M/M2305.jpg,M,M,0.9848314523696899,2,1
M/M2306.jpg,M,M,0.986206591129303,1,1
M/M2307.jpg,M,M,0.9862516522407532,1,1
M/M2308.jpg,M,M,0.986069917678833,1,1
M/M2321.jpg,M,M,0.9859027862548828,3,1
M/M2327.jpg,M,M,0.985788881778717,3,1
M/M2331.jpg,M,M,0.983540952205658,3,1
M/M2332.jpg,M,M,0.9833987951278687,3,1
M/M2335.jpg,M,M,0.9821163415908813,3,1
M/M2338.jpg,M,M,0.984684407711029,3,1
M/M2343.jpg,M,M,0.9820500612258911,3,1
M/M2344.jpg,M,M,0.9814382791519165,3,1
M/M2345.jpg,M,M,0.983391523361206,3,1
M/M2371.jpg,M,M,0.9825561046600342,6,1
M/M2372.jpg,M,M,0.9832479953765869,6,1
M/M2374.jpg,M,M,0.9852424263954163,4,1
M/M2384.jpg,M,M,0.9841826558113098,4,1
M/M2385.jpg,M,M,0.9840690493583679,5,1
M/M2389.jpg,M,M,0.9828333258628845,2,1
M/M240.jpg,M,M,0.9868196845054626,1,1
M/M2414.jpg,M,M,0.9811314344406128,2,1
M/M2427.jpg,M,M,0.9830971956253052,2,1
M/M2428.jpg,M,M,0.9834032654762268,3,1
M/M2429.jpg,M,M,0.981583297252655,2,1
M/M2431.jpg,M,M,0.9849766492843628,2,1
M/M2439.jpg,M,M,0.984081506729126,5,1
M/M2447.jpg,M,M,0.9816403985023499,2,1
M/M2460.jpg,M,M,0.976132333278656,3,1
M/M2477.jpg,M,M,0.9810071587562561,2,1
M/M248.jpg,M,M,0.9836861491203308,8,1
M/M2487.jpg,M,M,0.9837396740913391,4,1
M/M2490.jpg,M,M,0.9834860563278198,3,1
M/M2495.jpg,M,M,0.9855347871780396,3,1
M/M2504.jpg,M,M,0.9807671308517456,2,1
M/M251.jpg,M,M,0.9851372241973877,5,1
M/M2512.jpg,M,M,0.9265348315238953,3,1
M/M2518.jpg,M,M,0.9744153022766113,3,1
M/M2528.jpg,M,M,0.980440080165863,2,1
M/M253.jpg,M,M,0.9853352308273315,5,1
M/M2533.jpg,M,M,0.9824035167694092,3,1
M/M2540.jpg,M,M,0.9838958978652954,2,1
M/M2546.jpg,M,M,0.981586754322052,3,1
M/M2550.jpg,M,M,0.9811532497406006,3,1
M/M2554.jpg,M,M,0.9810580015182495,4,1
M/M2557.jpg,M,M,0.9811035394668579,4,1
M/M2558.jpg,M,M,0.981000542640686,3,1
M/M2560.jpg,M,M,0.980746328830719,3,1
M/M2566.jpg,M,M,0.9823939800262451,3,1
M/M2569.jpg,M,M,0.9832053780555725,3,1
M/M2570.jpg,M,M,0.9828205108642578,3,1
M/M2577.jpg,M,M,0.9707622528076172,2,1
M/M258.jpg,M,M,0.9850068688392639,4,1
M/M2591.jpg,M,M,0.9817174673080444,2,1
M/M2594.jpg,M,M,0.9729964137077332,2,1
M/M26.jpg,M,M,0.979526698589325,3,1
M/M2602.jpg,M,M,0.9562177062034607,3,1
M/M2605.jpg,M,M,0.950949490070343,2,1
M/M2611.jpg,M,M,0.9800043702125549,3,1
M/M2633.jpg,M,M,0.9799067974090576,1,1
M/M2636.jpg,M,M,0.9828641414642334,1,1
M/M264.jpg,M,M,0.9836465716362,4,1
M/M2642.jpg,M,M,0.9848836064338684,1,1
M/M2648.jpg,M,M,0.9811611771583557,1,1
M/M2650.jpg,M,M,0.982637345790863,1,1
M/M2652.jpg,M,M,0.9811747074127197,1,1
M/M2660.jpg,M,M,0.9801577925682068,1,1
M/M2661.jpg,M,M,0.9807610511779785,1,1
M/M2679.jpg,M,M,0.9779901504516602,2,1
M/M268.jpg,M,M,0.9841516017913818,4,1
M/M2680.jpg,M,M,0.9825146794319153,2,1
M/M2681.jpg,M,M,0.9819918870925903,2,1
M/M2695.jpg,M,M,0.9813705086708069,1,1
M/M27.jpg,M,M,0.9794535040855408,3,1
M/M2701.jpg,M,M,0.9811129570007324,2,1
M/M2702.jpg,M,M,0.9825971722602844,1,1
M/M2703.jpg,M,M,0.9841431379318237,2,1
M/M2714.jpg,M,M,0.9833511710166931,2,1
M/M272.jpg,M,M,0.9847938418388367,4,1
M/M2728.jpg,M,M,0.9835625290870667,2,1
M/M2729.jpg,M,M,0.9841240048408508,1,1
M/M2731.jpg,M,M,0.9847506284713745,2,1
M/M2735.jpg,M,M,0.9858895540237427,1,1
M/M2740.jpg,M,M,0.9849002361297607,1,1
M/M2741.jpg,M,M,0.9845468401908875,1,1
M/M2755.jpg,M,M,0.9849237203598022,1,1
M/M2763.jpg,M,M,0.9839784502983093,1,1
M/M277.jpg,M,M,0.9840580821037292,3,1
M/M2770.jpg,M,M,0.9838700890541077,1,1
M/M2772.jpg,M,M,0.9837273359298706,1,1
M/M2788.jpg,M,M,0.9841198325157166,2,1
M/M2791.jpg,M,M,0.9831743836402893,2,1
M/M2792.jpg,M,M,0.98536217212677,2,1
M/M2795.jpg,M,M,0.9837168455123901,1,1
M/M2796.jpg,M,M,0.984254002571106,3,1
M/M2797.jpg,M,M,0.9833102822303772,3,1
M/M2800.jpg,M,M,0.9839745163917542,4,1
M/M2806.jpg,M,M,0.979826807975769,6,1
M/M2818.jpg,M,M,0.9766291975975037,3,1
M/M2839.jpg,M,M,0.9831474423408508,2,1
M/M2845.jpg,M,M,0.9829618334770203,1,1
M/M2846.jpg,M,M,0.9841362237930298,1,1
M/M2851.jpg,M,M,0.9819251298904419,1,1
M/M286.jpg,M,M,0.9835919141769409,4,1
M/M2872.jpg,M,M,0.9728800058364868,2,1
M/M2883.jpg,M,M,0.9813321828842163,2,1
M/M289.jpg,M,M,0.9830910563468933,4,1
M/M2893.jpg,M,M,0.982557475566864,2,1
M/M2895.jpg,M,M,0.9852386116981506,2,1
M/M290.jpg,M,M,0.9816442728042603,5,1
M/M2905.jpg,M,M,0.9846895933151245,2,1
M/M2913.jpg,M,M,0.9837003350257874,2,1
M/M2914.jpg,M,M,0.9833027720451355,2,1
M/M2916.jpg,M,M,0.9826023578643799,2,1
M/M2925.jpg,M,M,0.9837971329689026,2,1
M/M2930.jpg,M,M,0.9834471940994263,2,1
M/M2933.jpg,M,M,0.9837913513183594,3,1
M/M2935.jpg,M,M,0.9844346642494202,3,1
M/M2942.jpg,M,M,0.9838449358940125,3,1
M/M2948.jpg,M,M,0.9841889142990112,3,1
M/M295.jpg,M,M,0.9820554852485657,5,1
M/M2951.jpg,M,M,0.9858097434043884,3,1
M/M2954.jpg,M,M,0.982284665107727,4,1
M/M2956.jpg,M,M,0.9834330081939697,3,1
M/M2957.jpg,M,M,0.9843735694885254,3,1
M/M296.jpg,M,M,0.9821239113807678,4,1
M/M2963.jpg,M,M,0.9811144471168518,4,1
M/M2973.jpg,M,M,0.9854722619056702,2,1
M/M2975.jpg,M,M,0.9846971035003662,2,1
M/M2976.jpg,M,M,0.9856982827186584,2,1
M/M2996.jpg,M,M,0.9839364290237427,2,1
M/M30.jpg,M,M,0.9808357954025269,3,1
M/M300.jpg,M,M,0.9827094078063965,5,1
M/M309.jpg,M,M,0.9821354150772095,4,1
M/M312.jpg,M,M,0.9846392869949341,6,1
M/M318.jpg,M,M,0.986185610294342,7,1
M/M321.jpg,M,M,0.9843292236328125,5,1
M/M323.jpg,M,M,0.982481837272644,5,1
M/M328.jpg,M,M,0.9827535152435303,5,1
M/M329.jpg,M,M,0.9817635416984558,4,1
M/M330.jpg,M,M,0.9824262857437134,5,1
M/M334.jpg,M,M,0.9819806218147278,3,1
M/M348.jpg,M,M,0.9839440584182739,3,1
M/M351.jpg,M,M,0.9829749464988708,5,1
M/M359.jpg,M,M,0.9834023714065552,4,1
M/M361.jpg,M,M,0.9833164811134338,4,1
M/M365.jpg,M,M,0.9825611710548401,4,1
M/M374.jpg,M,M,0.9847047328948975,5,1
M/M378.jpg,M,M,0.9831367135047913,4,1
M/M379.jpg,M,M,0.9844815731048584,5,1
M/M384.jpg,M,M,0.9829877614974976,3,1
M/M386.jpg,M,M,0.9849655628204346,3,1
M/M39.jpg,M,M,0.9792238473892212,4,1
M/M397.jpg,M,M,0.9834660291671753,2,1
M/M4.jpg,M,M,0.981979250907898,4,1
M/M401.jpg,M,M,0.9844259023666382,2,1
M/M413.jpg,M,M,0.9851773977279663,3,1
M/M414.jpg,M,M,0.9853990077972412,2,1
M/M415.jpg,M,M,0.9846599102020264,2,1
M/M417.jpg,M,M,0.9834184050559998,2,1
M/M434.jpg,M,M,0.9824585318565369,2,1
M/M438.jpg,M,M,0.9852725863456726,2,1
M/M440.jpg,M,M,0.9854479432106018,2,1
M/M455.jpg,M,M,0.9852681159973145,2,1
M/M459.jpg,M,M,0.9843860268592834,3,1
M/M460.jpg,M,M,0.9841099381446838,3,1
M/M475.jpg,M,M,0.9839062094688416,2,1
M/M476.jpg,M,M,0.9823779463768005,2,1
M/M48.jpg,M,M,0.9721896052360535,4,1
M/M482.jpg,M,M,0.9820826053619385,3,1
M/M486.jpg,M,M,0.9807986617088318,3,1
M/M498.jpg,M,M,0.9837552309036255,6,1
M/M5.jpg,M,M,0.9820736646652222,3,1
M/M503.jpg,M,M,0.9847223162651062,6,1
M/M507.jpg,M,M,0.9819480180740356,4,1
M/M512.jpg,M,M,0.9836999773979187,3,1
M/M514.jpg,M,M,0.9838108420372009,4,1
M/M517.jpg,M,M,0.9831522703170776,3,1
M/M524.jpg,M,M,0.9821778535842896,4,1
M/M525.jpg,M,M,0.9822108149528503,3,1
M/M526.jpg,M,M,0.9823968410491943,4,1
M/M528.jpg,M,M,0.9820035099983215,5,1
M/M529.jpg,M,M,0.9826116561889648,4,1
M/M53.jpg,M,M,0.9768450260162354,3,1
M/M533.jpg,M,M,0.9829095602035522,3,1
M/M539.jpg,M,M,0.9838907122612,2,1
M/M543.jpg,M,M,0.9852396249771118,3,1
M/M552.jpg,M,M,0.9831030368804932,1,1
M/M554.jpg,M,M,0.9831262230873108,1,1
M/M559.jpg,M,M,0.9849321246147156,1,1
M/M561.jpg,M,M,0.9834433794021606,2,1
M/M565.jpg,M,M,0.983803927898407,1,1
M/M57.jpg,M,M,0.9795485734939575,3,1
M/M574.jpg,M,M,0.9846022129058838,2,1
M/M575.jpg,M,M,0.9847697019577026,2,1
M/M577.jpg,M,M,0.9852542281150818,3,1
M/M582.jpg,M,M,0.9856390953063965,3,1
M/M590.jpg,M,M,0.9858156442642212,3,1
M/M591.jpg,M,M,0.9857603907585144,1,1
M/M594.jpg,M,M,0.9854485392570496,3,1
M/M598.jpg,M,M,0.9854474067687988,3,1
M/M600.jpg,M,M,0.9855522513389587,3,1
M/M602.jpg,M,M,0.9855916500091553,3,1
M/M603.jpg,M,M,0.9851851463317871,3,1
M/M608.jpg,M,M,0.9849446415901184,3,1
M/M612.jpg,M,M,0.98521888256073,2,1
M/M614.jpg,M,M,0.9840803742408752,2,1
M/M62.jpg,M,M,0.9640445709228516,2,1
M/M622.jpg,M,M,0.9818512201309204,2,1
M/M623.jpg,M,M,0.9813847541809082,2,1
M/M627.jpg,M,M,0.9811332821846008,2,1
M/M631.jpg,M,M,0.9813041687011719,2,1
M/M645.jpg,M,M,0.9802666306495667,2,1
M/M660.jpg,M,M,0.9810616374015808,3,1
M/M661.jpg,M,M,0.9821656346321106,2,1
M/M673.jpg,M,M,0.9809658527374268,3,1
M/M683.jpg,M,M,0.9836679100990295,5,1
M/M689.jpg,M,M,0.9800764918327332,4,1
M/M691.jpg,M,M,0.9796736240386963,3,1
M/M694.jpg,M,M,0.9759932160377502,4,1
M/M711.jpg,M,M,0.9814479947090149,2,1
M/M716.jpg,M,M,0.977400004863739,3,1
M/M72.jpg,M,M,0.9773191809654236,2,1
M/M722.jpg,M,M,0.9842349886894226,2,1
M/M727.jpg,M,M,0.9845906496047974,2,1
M/M729.jpg,M,M,0.9843281507492065,2,1
M/M730.jpg,M,M,0.9816063046455383,3,1
M/M740.jpg,M,M,0.9820297360420227,3,1
M/M747.jpg,M,M,0.9821747541427612,2,1
M/M752.jpg,M,M,0.9821834564208984,3,1
M/M755.jpg,M,M,0.9821563363075256,2,1
M/M76.jpg,M,M,0.9841118454933167,2,1
M/M760.jpg,M,M,0.9807883501052856,3,1
M/M765.jpg,M,M,0.9834669232368469,3,1
M/M769.jpg,M,M,0.9844110012054443,3,1
M/M77.jpg,M,M,0.9835054278373718,3,1
M/M771.jpg,M,M,0.983664333820343,3,1
M/M772.jpg,M,M,0.9843552112579346,2,1
M/M773.jpg,M,M,0.9833794236183167,2,1
M/M778.jpg,M,M,0.9807894825935364,2,1
M/M779.jpg,M,M,0.982262909412384,1,1
M/M786.jpg,M,M,0.9825745224952698,2,1
M/M791.jpg,M,M,0.9812450408935547,1,1
M/M794.jpg,M,M,0.9810900092124939,1,1
M/M795.jpg,M,M,0.9818809032440186,1,1
M/M800.jpg,M,M,0.9812273979187012,1,1
M/M808.jpg,M,M,0.9780125021934509,1,1
M/M813.jpg,M,M,0.9797109961509705,1,1
M/M814.jpg,M,M,0.9788638949394226,1,1
M/M819.jpg,M,M,0.9785608053207397,1,1
M/M824.jpg,M,M,0.9778531193733215,1,1
M/M825.jpg,M,M,0.9775524139404297,1,1
M/M83.jpg,M,M,0.9819208979606628,2,1
M/M832.jpg,M,M,0.9762030839920044,1,1
M/M838.jpg,M,M,0.9778598546981812,1,1
M/M842.jpg,M,M,0.9784325361251831,1,1
M/M843.jpg,M,M,0.978741466999054,1,1
M/M844.jpg,M,M,0.978884220123291,1,1
M/M851.jpg,M,M,0.9789450168609619,1,1
M/M861.jpg,M,M,0.9797873497009277,1,1
M/M873.jpg,M,M,0.9782291054725647,1,1
M/M877.jpg,M,M,0.9784718155860901,1,1
M/M879.jpg,M,M,0.9783127307891846,1,1
M/M88.jpg,M,M,0.9832146167755127,1,1
M/M888.jpg,M,M,0.9778591990470886,1,1
M/M896.jpg,M,M,0.9763209223747253,1,1
M/M899.jpg,M,M,0.9784597158432007,1,1
M/M90.jpg,M,M,0.9811355471611023,3,1
M/M901.jpg,M,M,0.9776310324668884,1,1
M/M904.jpg,M,M,0.9777653813362122,1,1
M/M905.jpg,M,M,0.978783130645752,1,1
M/M917.jpg,M,M,0.979191243648529,1,1
M/M92.jpg,M,M,0.9853611588478088,2,1
M/M928.jpg,M,M,0.98023921251297,1,1
M/M929.jpg,M,M,0.9812068343162537,1,1
M/M940.jpg,M,M,0.9832417964935303,2,1
M/M949.jpg,M,M,0.9852421879768372,2,1
M/M951.jpg,M,M,0.9854679703712463,2,1
M/M953.jpg,M,M,0.984544575214386,2,1
M/M958.jpg,M,M,0.9807158708572388,2,1
M/M961.jpg,M,M,0.9789746999740601,2,1
M/M965.jpg,M,M,0.9798153638839722,2,1
M/M967.jpg,M,M,0.9799559116363525,3,1
M/M968.jpg,M,M,0.9792632460594177,2,1
M/M97.jpg,M,M,0.9839703440666199,3,1
M/M975.jpg,M,M,0.9815006256103516,3,1
M/M984.jpg,M,M,0.9789820313453674,3,1
M/M985.jpg,M,M,0.9798888564109802,3,1
M/M987.jpg,M,M,0.9800912737846375,4,1
M/M991.jpg,M,M,0.9804408550262451,4,1
N/N100.jpg,N,N,0.9849859476089478,2,1
N/N101.jpg,N,N,0.9849249720573425,2,1
N/N1011.jpg,N,N,0.9884771108627319,3,1
N/N1012.jpg,N,N,0.988223135471344,3,1
N/N1014.jpg,N,N,0.9838309288024902,4,1
N/N1023.jpg,N,N,0.9858004450798035,3,1
N/N1039.jpg,N,N,0.9844231009483337,2,1
N/N1045.jpg,N,N,0.9851607084274292,3,1
N/N1048.jpg,N,N,0.986383318901062,3,1
N/N1053.jpg,N,N,0.9852533936500549,3,1
N/N1058.jpg,N,N,0.9849883317947388,3,1
N/N1059.jpg,N,N,0.9850757718086243,2,1
N/N1061.jpg,N,N,0.9858888983726501,2,1
N/N1070.jpg,N,N,0.9859740138053894,2,1
N/N108.jpg,N,N,0.9838786125183105,2,1
N/N1081.jpg,N,N,0.9889838099479675,2,1
N/N1084.jpg,N,N,0.9882194995880127,2,1
N/N109.jpg,N,N,0.9838820695877075,4,1
N/N1102.jpg,N,N,0.9798502922058105,5,1
N/N1105.jpg,N,N,0.9844321012496948,4,1
N/N1111.jpg,N,N,0.9858137965202332,5,1
N/N1118.jpg,N,N,0.9834218621253967,2,1
N/N1125.jpg,N,N,0.9817432165145874,3,1
N/N1126.jpg,N,N,0.9837766289710999,3,1
N/N1128.jpg,N,N,0.982675313949585,3,1
N/N1131.jpg,N,N,0.9824010729789734,4,1
N/N1133.jpg,N,N,0.9831958413124084,2,1
N/N1142.jpg,N,N,0.980810821056366,2,1
N/N1145.jpg,N,N,0.9816651940345764,3,1
N/N1147.jpg,N,N,0.9837759137153625,3,1
N/N115.jpg,N,N,0.9854996800422668,3,1
N/N116.jpg,N,N,0.9857417345046997,3,1
N/N1164.jpg,N,N,0.98773193359375,7,1
N/N1193.jpg,N,N,0.9843587875366211,2,1
N/N12.jpg,N,N,0.9838011860847473,2,1
N/N120.jpg,N,N,0.984207272529602,4,1
N/N1200.jpg,N,N,0.9808146953582764,2,1
N/N1210.jpg,N,N,0.9840946793556213,3,1
N/N1217.jpg,N,N,0.9832346439361572,3,1
N/N1222.jpg,N,N,0.985808253288269,3,1
N/N1225.jpg,N,N,0.984350323677063,3,1
N/N1236.jpg,N,N,0.9855239987373352,5,1
N/N1238.jpg,N,N,0.9849013686180115,4,1
N/N1260.jpg,N,N,0.9841117858886719,3,1
N/N1262.jpg,N,N,0.9851716756820679,3,1
N/N1271.jpg,N,N,0.9836627244949341,4,1
N/N1291.jpg,N,N,0.9862017035484314,3,1
N/N1300.jpg,N,N,0.9869101643562317,4,1
N/N1311.jpg,N,N,0.9876947402954102,2,1
N/N1317.jpg,N,N,0.9825416803359985,2,1
N/N1318.jpg,N,N,0.9818150401115417,2,1
N/N1319.jpg,N,N,0.9829769134521484,4,1
N/N1329.jpg,N,N,0.9840555191040039,2,1
N/N133.jpg,N,N,0.9831372499465942,6,1
N/N1333.jpg,N,N,0.9844456315040588,2,1
N/N1335.jpg,N,N,0.9836860299110413,2,1
N/N1336.jpg,N,N,0.9832934141159058,3,1
N/N1344.jpg,N,N,0.9765743017196655,2,1
N/N1349.jpg,N,N,0.983451247215271,3,1
N/N135.jpg,N,N,0.9826979041099548,5,1
N/N1367.jpg,N,N,0.9873510003089905,2,1
N/N1369.jpg,N,N,0.987103283405304,2,1
N/N137.jpg,N,N,0.9825974106788635,4,1
N/N1375.jpg,N,N,0.9867464900016785,2,1
N/N1385.jpg,N,N,0.987896203994751,2,1
N/N1389.jpg,N,N,0.9857555031776428,2,1
N/N1391.jpg,N,N,0.9857381582260132,2,1
N/N1392.jpg,N,N,0.9871886372566223,3,1
N/N1400.jpg,N,N,0.9852801561355591,2,1
N/N1402.jpg,N,N,0.9851616621017456,2,1
N/N1408.jpg,N,N,0.9837290644645691,2,1
N/N1411.jpg,N,N,0.9850886464118958,3,1
N/N1412.jpg,N,N,0.9837275743484497,2,1
N/N1431.jpg,N,N,0.9832301735877991,3,1
N/N1435.jpg,N,N,0.9825840592384338,3,1
N/N1443.jpg,N,N,0.9826723337173462,3,1
N/N1444.jpg,N,N,0.9837424755096436,3,1
N/N1446.jpg,N,N,0.9834870100021362,3,1
N/N1449.jpg,N,N,0.9835113286972046,3,1
N/N1450.jpg,N,N,0.9864746928215027,3,1
N/N1454.jpg,N,N,0.9855722784996033,4,1
N/N1460.jpg,N,N,0.9846767783164978,4,1
N/N1462.jpg,N,N,0.9860959649085999,3,1
N/N1463.jpg,N,N,0.9857782125473022,4,1
N/N1470.jpg,N,N,0.9870930314064026,4,1
N/N1472.jpg,N,N,0.9868466258049011,5,1
N/N1474.jpg,N,N,0.986430287361145,5,1
N/N1478.jpg,N,N,0.9876434803009033,5,1
N/N1482.jpg,N,N,0.9871832132339478,4,1
N/N1491.jpg,N,N,0.9863260984420776,3,1
N/N1494.jpg,N,N,0.9849372506141663,4,1
N/N1497.jpg,N,N,0.9844743013381958,2,1
N/N1501.jpg,N,N,0.9844218492507935,2,1
N/N1502.jpg,N,N,0.986625075340271,3,1
N/N1503.jpg,N,N,0.9858691692352295,2,1
N/N1517.jpg,N,N,0.9864006042480469,3,1
N/N1531.jpg,N,N,0.9866135716438293,3,1
N/N1538.jpg,N,N,0.9866369962692261,3,1
N/N1543.jpg,N,N,0.9852627515792847,4,1
N/N1552.jpg,N,N,0.9874328970909119,2,1
N/N1559.jpg,N,N,0.985916793346405,3,1
N/N1565.jpg,N,N,0.985828161239624,3,1
N/N1572.jpg,N,N,0.978631854057312,2,1
N/N1582.jpg,N,N,0.9833875894546509,2,1
N/N1584.jpg,N,N,0.9838271141052246,2,1
N/N1587.jpg,N,N,0.9829546809196472,3,1
N/N1592.jpg,N,N,0.9828414916992188,3,1
N/N1593.jpg,N,N,0.983904242515564,3,1
N/N1597.jpg,N,N,0.984290599822998,3,1
N/N1599.jpg,N,N,0.9853396415710449,3,1
N/N1604.jpg,N,N,0.9848192930221558,4,1
N/N162.jpg,N,N,0.9865451455116272,4,1
N/N1621.jpg,N,N,0.9850677251815796,2,1
N/N1628.jpg,N,N,0.9855399131774902,4,1
N/N1631.jpg,N,N,0.9848949313163757,4,1
N/N1633.jpg,N,N,0.9833824038505554,3,1
N/N1637.jpg,N,N,0.9847726821899414,3,1
N/N1638.jpg,N,N,0.9842960834503174,5,1
N/N1642.jpg,N,N,0.9848095774650574,4,1
N/N1645.jpg,N,N,0.9835336804389954,4,1
N/N1646.jpg,N,N,0.9843814373016357,3,1
N/N1647.jpg,N,N,0.9839245080947876,4,1
N/N1649.jpg,N,N,0.9816761016845703,4,1
N/N1651.jpg,N,N,0.9857767224311829,5,1
N/N1655.jpg,N,N,0.985030472278595,4,1
N/N166.jpg,N,N,0.9875479936599731,4,1
N/N1662.jpg,N,N,0.9753457307815552,2,1
N/N1672.jpg,N,N,0.9856061339378357,2,1
N/N1683.jpg,N,N,0.9860864877700806,2,1
N/N1687.jpg,N,N,0.9871240854263306,2,1
N/N1688.jpg,N,N,0.9870867729187012,2,1
N/N170.jpg,N,N,0.9860316514968872,4,1
N/N1700.jpg,N,N,0.9868859052658081,2,1
N/N1703.jpg,N,N,0.9864541888237,3,1
N/N1710.jpg,N,N,0.9827264547348022,3,1
N/N1712.jpg,N,N,0.9838813543319702,4,1
N/N1714.jpg,N,N,0.9830176830291748,3,1
N/N1715.jpg,N,N,0.9829750657081604,3,1
N/N1716.jpg,N,N,0.9824157953262329,5,1
N/N1719.jpg,N,N,0.9821509122848511,4,1
N/N1724.jpg,N,N,0.9808316826820374,3,1
N/N173.jpg,N,N,0.9859482049942017,3,1
N/N1731.jpg,N,N,0.9824081063270569,3,1
N/N1733.jpg,N,N,0.9826915860176086,4,1
N/N1734.jpg,N,N,0.9809399247169495,3,1
N/N174.jpg,N,N,0.9871487021446228,3,1
N/N1744.jpg,N,N,0.9834981560707092,3,1
N/N1745.jpg,N,N,0.9840013980865479,4,1
N/N1747.jpg,N,N,0.9858684539794922,4,1
N/N1755.jpg,N,N,0.9841735363006592,3,1
N/N177.jpg,N,N,0.9887226819992065,3,1
N/N1772.jpg,N,N,0.9830864667892456,2,1
N/N1775.jpg,N,N,0.9832205772399902,2,1
N/N1778.jpg,N,N,0.9849069118499756,2,1
N/N1790.jpg,N,N,0.9834170937538147,2,1
N/N1792.jpg,N,N,0.9840291142463684,2,1
N/N1793.jpg,N,N,0.9849478602409363,2,1
N/N1797.jpg,N,N,0.9866090416908264,2,1
N/N1807.jpg,N,N,0.9859650135040283,4,1
N/N1816.jpg,N,N,0.9844672679901123,2,1
N/N1819.jpg,N,N,0.984649121761322,2,1
N/N1825.jpg,N,N,0.9850847125053406,2,1
N/N1828.jpg,N,N,0.9859358072280884,3,1
N/N183.jpg,N,N,0.9890190958976746,4,1
N/N1837.jpg,N,N,0.9836907982826233,1,1
N/N1839.jpg,N,N,0.9819692969322205,2,1
N/N1844.jpg,N,N,0.982276976108551,2,1
N/N1845.jpg,N,N,0.9819706678390503,2,1
N/N1847.jpg,N,N,0.9815524220466614,3,1
N/N1850.jpg,N,N,0.9823457598686218,3,1
N/N1855.jpg,N,N,0.9847242832183838,3,1
N/N1858.jpg,N,N,0.9831117987632751,3,1
N/N1865.jpg,N,N,0.9840919971466064,4,1
N/N187.jpg,N,N,0.9872806668281555,5,1
N/N1881.jpg,N,N,0.9843732118606567,3,1
N/N189.jpg,N,N,0.9867685437202454,4,1
N/N1892.jpg,N,N,0.9849618673324585,3,1
N/N1894.jpg,N,N,0.9868287444114685,3,1
N/N1903.jpg,N,N,0.9879432320594788,4,1
N/N1904.jpg,N,N,0.9872990250587463,4,1
N/N1905.jpg,N,N,0.9855926632881165,4,1
N/N191.jpg,N,N,0.9884520173072815,3,1
N/N1912.jpg,N,N,0.9866134524345398,3,1
N/N1915.jpg,N,N,0.9881816506385803,3,1
N/N1916.jpg,N,N,0.9886136054992676,3,1
N/N1918.jpg,N,N,0.9863647222518921,4,1
N/N1920.jpg,N,N,0.9873112440109253,4,1
N/N1923.jpg,N,N,0.98813396692276,3,1
N/N1925.jpg,N,N,0.9869338274002075,4,1
N/N193.jpg,N,N,0.9884489178657532,5,1
N/N1930.jpg,N,N,0.9869412779808044,4,1
N/N1933.jpg,N,N,0.9871773719787598,4,1
N/N1936.jpg,N,N,0.9867636561393738,6,1
N/N194.jpg,N,N,0.9890002608299255,5,1
N/N1943.jpg,N,N,0.9879634380340576,2,1
N/N195.jpg,N,N,0.9886167645454407,4,1
N/N1953.jpg,N,N,0.9865351319313049,2,1
N/N1956.jpg,N,N,0.986019492149353,2,1
N/N1957.jpg,N,N,0.9866957664489746,2,1
N/N1963.jpg,N,N,0.9852781891822815,2,1
N/N1967.jpg,N,N,0.9852081537246704,2,1
N/N1968.jpg,N,N,0.9863857626914978,2,1
N/N1969.jpg,N,N,0.9863644242286682,2,1
N/N1971.jpg,N,N,0.9871234893798828,3,1
N/N1977.jpg,N,N,0.9852982759475708,2,1
N/N198.jpg,N,N,0.9890061616897583,3,1
N/N1987.jpg,N,N,0.9824521541595459,2,1
N/N1993.jpg,N,N,0.9801631569862366,3,1
N/N1997.jpg,N,N,0.9850054979324341,2,1
N/N2.jpg,N,N,0.9814638495445251,1,1
N/N20.jpg,N,N,0.9862281084060669,1,1
N/N2008.jpg,N,N,0.9879684448242188,3,1
N/N202.jpg,N,N,0.9883865714073181,4,1
N/N2020.jpg,N,N,0.9863297343254089,3,1
N/N2028.jpg,N,N,0.9900804162025452,1,1
N/N2038.jpg,N,N,0.9898905754089355,2,1
N/N2051.jpg,N,N,0.9912091493606567,4,1
N/N2053.jpg,N,N,0.9901643395423889,3,1
N/N206.jpg,N,N,0.9882806539535522,4,1
N/N2061.jpg,N,N,0.9897220730781555,4,1
N/N2065.jpg,N,N,0.989696741104126,3,1
N/N2074.jpg,N,N,0.9887089133262634,1,1
N/N2075.jpg,N,N,0.9877427816390991,1,1
N/N2078.jpg,N,N,0.987972617149353,1,1
N/N2083.jpg,N,N,0.9864009022712708,2,1
N/N2084.jpg,N,N,0.9867035150527954,1,1
N/N2087.jpg,N,N,0.9880240559577942,3,1
N/N2090.jpg,N,N,0.9882655143737793,5,1
N/N2094.jpg,N,N,0.9894866943359375,5,1
N/N2098.jpg,N,N,0.9889683127403259,5,1
N/N21.jpg,N,N,0.9861658811569214,1,1
N/N2100.jpg,N,N,0.9885961413383484,4,1
N/N211.jpg,N,N,0.9882402420043945,8,1
N/N2111.jpg,N,N,0.9871610403060913,3,1
N/N2112.jpg,N,N,0.9851444959640503,3,1
N/N2114.jpg,N,N,0.9827181696891785,3,1
N/N2116.jpg,N,N,0.9843608736991882,3,1
N/N2125.jpg,N,N,0.988353431224823,2,1
N/N2128.jpg,N,N,0.9889963865280151,3,1
N/N2135.jpg,N,N,0.9894515872001648,2,1
N/N2139.jpg,N,N,0.9890214800834656,4,1
N/N2153.jpg,N,N,0.9913128018379211,3,1
N/N2155.jpg,N,N,0.990747332572937,2,1
N/N2163.jpg,N,N,0.9911132454872131,3,1
N/N2164.jpg,N,N,0.9919569492340088,3,1
N/N2189.jpg,N,N,0.9877113699913025,2,1
N/N2194.jpg,N,N,0.9876009225845337,3,1
N/N2198.jpg,N,N,0.9887556433677673,4,1
N/N2203.jpg,N,N,0.9884441494941711,3,1
N/N2205.jpg,N,N,0.9909681677818298,2,1
N/N2211.jpg,N,N,0.9895728230476379,3,1
N/N2218.jpg,N,N,0.9898040294647217,2,1
N/N2220.jpg,N,N,0.9900181293487549,3,1
N/N2222.jpg,N,N,0.9903900623321533,3,1
N/N2224.jpg,N,N,0.9910500049591064,3,1
N/N2227.jpg,N,N,0.9898982048034668,3,1
N/N224.jpg,N,N,0.9887752532958984,4,1
N/N2242.jpg,N,N,0.9897492527961731,2,1
N/N2243.jpg,N,N,0.9890384674072266,3,1
N/N2244.jpg,N,N,0.9893185496330261,2,1
N/N2247.jpg,N,N,0.9902946949005127,3,1
N/N2248.jpg,N,N,0.9903572201728821,3,1
N/N2250.jpg,N,N,0.9917355179786682,3,1
N/N2252.jpg,N,N,0.9901339411735535,3,1
N/N2254.jpg,N,N,0.9853765368461609,4,1
N/N2255.jpg,N,N,0.9839259386062622,3,1
N/N2258.jpg,N,N,0.9830238223075867,2,1
N/N226.jpg,N,N,0.9866039752960205,4,1
N/N2270.jpg,N,N,0.9800072312355042,3,1
N/N2271.jpg,N,N,0.9877620935440063,3,1
N/N2277.jpg,N,N,0.9858191013336182,3,1
N/N2285.jpg,N,N,0.9883337020874023,1,1
N/N2288.jpg,N,N,0.9878215193748474,1,1
N/N229.jpg,N,N,0.9867506623268127,4,1
N/N2290.jpg,N,N,0.9880809783935547,1,1
N/N2298.jpg,N,N,0.9889968633651733,2,1
N/N2304.jpg,N,N,0.9901812076568604,2,1
N/N2305.jpg,N,N,0.9899505376815796,2,1
N/N2309.jpg,N,N,0.9887970685958862,2,1
N/N2312.jpg,N,N,0.989060640335083,2,1
N/N2313.jpg,N,N,0.9888880848884583,2,1
N/N2314.jpg,N,N,0.9886821508407593,3,1
N/N2319.jpg,N,N,0.989038348197937,3,1
N/N2324.jpg,N,N,0.9895965456962585,2,1
N/N2329.jpg,N,N,0.9895362854003906,2,1
N/N2331.jpg,N,N,0.9893440008163452,3,1
N/N2337.jpg,N,N,0.9901543259620667,3,1
N/N2347.jpg,N,N,0.9873420596122742,3,1
N/N2351.jpg,N,N,0.9903402924537659,3,1
N/N2354.jpg,N,N,0.990665853023529,3,1
N/N2368.jpg,N,N,0.9888583421707153,3,1
N/N2369.jpg,N,N,0.9885673522949219,3,1
N/N2377.jpg,N,N,0.9899052977561951,2,1
N/N2380.jpg,N,N,0.9914795160293579,3,1
N/N2381.jpg,N,N,0.9904385209083557,3,1
N/N2390.jpg,N,N,0.9872698783874512,3,1
N/N2392.jpg,N,N,0.987143337726593,2,1
N/N2398.jpg,N,N,0.9877164959907532,3,1
N/N240.jpg,N,N,0.9863826036453247,3,1
N/N2407.jpg,N,N,0.9879555702209473,3,1
N/N2410.jpg,N,N,0.9868419766426086,1,1
N/N2413.jpg,N,N,0.9832151532173157,2,1
N/N2420.jpg,N,N,0.9871827363967896,3,1
N/N2425.jpg,N,N,0.9884871244430542,2,1
N/N2428.jpg,N,N,0.9872565269470215,4,1
N/N2432.jpg,N,N,0.9881390929222107,4,1
N/N2437.jpg,N,N,0.9878793358802795,3,1
N/N2448.jpg,N,N,0.9875251054763794,3,1
N/N2449.jpg,N,N,0.9804957509040833,3,1
N/N2457.jpg,N,N,0.9870545268058777,3,1
N/N2458.jpg,N,N,0.9862528443336487,2,1
N/N2459.jpg,N,N,0.9868529438972473,3,1
N/N2465.jpg,N,N,0.9878617525100708,2,1
N/N2478.jpg,N,N,0.981200635433197,1,1
N/N248.jpg,N,N,0.9869709014892578,2,1
N/N2486.jpg,N,N,0.9836366772651672,1,1
N/N2487.jpg,N,N,0.9828543663024902,1,1
N/N2489.jpg,N,N,0.9849880337715149,1,1
N/N249.jpg,N,N,0.98479163646698,2,1
N/N2497.jpg,N,N,0.984262228012085,3,1
N/N25.jpg,N,N,0.9858333468437195,2,1
N/N250.jpg,N,N,0.9865321516990662,3,1
N/N2502.jpg,N,N,0.985592246055603,2,1
N/N2505.jpg,N,N,0.9843942523002625,2,1
N/N2519.jpg,N,N,0.982729434967041,2,1
N/N2520.jpg,N,N,0.9830098748207092,2,1
N/N2521.jpg,N,N,0.9846483469009399,2,1
N/N2522.jpg,N,N,0.9835430383682251,2,1
N/N2527.jpg,N,N,0.9828316569328308,2,1
N/N2528.jpg,N,N,0.9838414192199707,2,1
N/N2535.jpg,N,N,0.9823887944221497,1,1
N/N2536.jpg,N,N,0.9829258918762207,1,1
N/N254.jpg,N,N,0.987191915512085,3,1
N/N2540.jpg,N,N,0.9789388179779053,1,1
N/N2541.jpg,N,N,0.9800568222999573,1,1
N/N2544.jpg,N,N,0.9789696931838989,1,1
N/N2546.jpg,N,N,0.9778891801834106,1,1
N/N2549.jpg,N,N,0.9792584776878357,1,1
N/N2556.jpg,N,N,0.9820130467414856,1,1
N/N2557.jpg,N,N,0.9823887944221497,1,1
N/N2559.jpg,N,N,0.9831452369689941,2,1
N/N2563.jpg,N,N,0.9839390516281128,2,1
N/N2564.jpg,N,N,0.9838076233863831,1,1
N/N2575.jpg,N,N,0.9853775501251221,1,1
N/N2577.jpg,N,N,0.9843478202819824,2,1
N/N2581.jpg,N,N,0.9834033846855164,2,1
N/N2583.jpg,N,N,0.9843642115592957,4,1
N/N2588.jpg,N,N,0.9838279485702515,2,1
N/N2589.jpg,N,N,0.9834188222885132,3,1
N/N2590.jpg,N,N,0.9838376641273499,3,1
N/N260.jpg,N,N,0.9853897094726562,4,1
N/N2604.jpg,N,N,0.9823236465454102,2,1
N/N2608.jpg,N,N,0.9847570657730103,2,1
N/N2609.jpg,N,N,0.9859859943389893,2,1
N/N2617.jpg,N,N,0.9840938448905945,2,1
N/N262.jpg,N,N,0.9857402443885803,5,1
N/N2622.jpg,N,N,0.9860363006591797,3,1
N/N2628.jpg,N,N,0.9862630367279053,1,1
N/N2635.jpg,N,N,0.9884986281394958,2,1
N/N2638.jpg,N,N,0.9873850345611572,2,1
N/N2643.jpg,N,N,0.986357569694519,2,1
N/N2644.jpg,N,N,0.9871800541877747,2,1
N/N2646.jpg,N,N,0.9875277876853943,2,1
N/N2647.jpg,N,N,0.9875634908676147,2,1
N/N2655.jpg,N,N,0.9837045073509216,2,1
N/N2658.jpg,N,N,0.9824323654174805,2,1
N/N266.jpg,N,N,0.9863982796669006,4,1
N/N2668.jpg,N,N,0.9867143034934998,2,1
N/N2669.jpg,N,N,0.9865619540214539,2,1
N/N2673.jpg,N,N,0.9870115518569946,2,1
N/N2675.jpg,N,N,0.9884979128837585,3,1
N/N2677.jpg,N,N,0.9871940016746521,2,1
N/N2682.jpg,N,N,0.986304759979248,2,1
N/N2687.jpg,N,N,0.9866273999214172,1,1
N/N2690.jpg,N,N,0.9866653680801392,2,1
N/N2693.jpg,N,N,0.9842122197151184,2,1
N/N2694.jpg,N,N,0.9845501780509949,3,1
N/N2695.jpg,N,N,0.9840791821479797,4,1
N/N2696.jpg,N,N,0.9836100339889526,4,1
N/N2702.jpg,N,N,0.9846175909042358,1,1
N/N2708.jpg,N,N,0.9836123585700989,1,1
N/N2711.jpg,N,N,0.9820846915245056,1,1
N/N2716.jpg,N,N,0.9831862449645996,2,1
N/N2719.jpg,N,N,0.986161470413208,2,1
N/N2733.jpg,N,N,0.9862796068191528,2,1
N/N2743.jpg,N,N,0.9845186471939087,2,1
N/N2746.jpg,N,N,0.9878816604614258,3,1
N/N2749.jpg,N,N,0.9856863617897034,1,1
N/N2759.jpg,N,N,0.9849783778190613,2,1
N/N2762.jpg,N,N,0.9849188327789307,1,1
N/N2763.jpg,N,N,0.9862301349639893,2,1
N/N2764.jpg,N,N,0.9851198792457581,1,1
N/N2765.jpg,N,N,0.9854997992515564,2,1
N/N2768.jpg,N,N,0.9846460223197937,1,1
N/N2774.jpg,N,N,0.9871570467948914,2,1
N/N2783.jpg,N,N,0.9857656955718994,3,1
N/N2784.jpg,N,N,0.9847649335861206,3,1
N/N280.jpg,N,N,0.9862443804740906,3,1
N/N2804.jpg,N,N,0.9860333800315857,3,1
N/N2813.jpg,N,N,0.9878503680229187,1,1
N/N2814.jpg,N,N,0.9871794581413269,3,1
N/N2818.jpg,N,N,0.985065758228302,2,1
N/N2821.jpg,N,N,0.9846883416175842,3,1
N/N2827.jpg,N,N,0.9848107099533081,5,1
N/N2833.jpg,N,N,0.9841259717941284,4,1
N/N2836.jpg,N,N,0.9850386381149292,4,1
N/N2840.jpg,N,N,0.9825756549835205,4,1
N/N2843.jpg,N,N,0.9812917709350586,3,1
N/N2844.jpg,N,N,0.9830673336982727,2,1
N/N2846.jpg,N,N,0.9834485054016113,4,1
N/N2853.jpg,N,N,0.9828039407730103,1,1
N/N286.jpg,N,N,0.9863492250442505,3,1
N/N2860.jpg,N,N,0.9843666553497314,1,1
N/N2873.jpg,N,N,0.9844239354133606,1,1
N/N2879.jpg,N,N,0.9840397238731384,1,1
N/N2880.jpg,N,N,0.9849469661712646,1,1
N/N289.jpg,N,N,0.9859470129013062,3,1
N/N2892.jpg,N,N,0.9836249351501465,1,1
N/N2893.jpg,N,N,0.9822612404823303,1,1
N/N2895.jpg,N,N,0.9829113483428955,2,1
N/N29.jpg,N,N,0.9848642945289612,2,1
N/N2903.jpg,N,N,0.9839174747467041,2,1
N/N2919.jpg,N,N,0.9871687889099121,2,1
N/N2921.jpg,N,N,0.9865994453430176,2,1
N/N2924.jpg,N,N,0.9869891405105591,1,1
N/N2926.jpg,N,N,0.9862620234489441,1,1
N/N2927.jpg,N,N,0.9863964319229126,1,1
N/N2930.jpg,N,N,0.9875035881996155,2,1
N/N2933.jpg,N,N,0.9885671138763428,2,1
N/N2936.jpg,N,N,0.9878491163253784,2,1
N/N2940.jpg,N,N,0.9862329959869385,2,1
N/N2942.jpg,N,N,0.9855951070785522,2,1
N/N2948.jpg,N,N,0.9846205711364746,2,1
N/N295.jpg,N,N,0.9857298135757446,3,1
N/N2952.jpg,N,N,0.9834317564964294,2,1
N/N2953.jpg,N,N,0.9840166568756104,2,1
N/N2954.jpg,N,N,0.9831380844116211,2,1
N/N2956.jpg,N,N,0.9847208857536316,2,1
N/N2961.jpg,N,N,0.9844202399253845,3,1
N/N2964.jpg,N,N,0.9835509657859802,3,1
N/N2968.jpg,N,N,0.9841342568397522,4,1
N/N2969.jpg,N,N,0.9843908548355103,3,1
N/N2971.jpg,N,N,0.9837717413902283,2,1
N/N2973.jpg,N,N,0.9844189286231995,2,1
N/N2974.jpg,N,N,0.9849873185157776,2,1
N/N2976.jpg,N,N,0.9852961897850037,2,1
N/N298.jpg,N,N,0.9864616990089417,3,1
N/N2985.jpg,N,N,0.9879191517829895,2,1
N/N299.jpg,N,N,0.9877018332481384,3,1
N/N304.jpg,N,N,0.9877304434776306,3,1
N/N308.jpg,N,N,0.9873449206352234,3,1
N/N315.jpg,N,N,0.9874095320701599,3,1
N/N316.jpg,N,N,0.9860087037086487,2,1
N/N318.jpg,N,N,0.9846845269203186,2,1
N/N320.jpg,N,N,0.9834960699081421,2,1
N/N321.jpg,N,N,0.9825882911682129,2,1
N/N324.jpg,N,N,0.9823724627494812,2,1
N/N334.jpg,N,N,0.9830922484397888,1,1
N/N335.jpg,N,N,0.9825024604797363,2,1
N/N344.jpg,N,N,0.9810928702354431,2,1
N/N347.jpg,N,N,0.9812594056129456,2,1
N/N350.jpg,N,N,0.9820334315299988,2,1
N/N353.jpg,N,N,0.9830132126808167,2,1
N/N355.jpg,N,N,0.9823583960533142,2,1
N/N361.jpg,N,N,0.9825465679168701,2,1
N/N364.jpg,N,N,0.980878472328186,2,1
N/N365.jpg,N,N,0.9819657206535339,2,1
N/N366.jpg,N,N,0.983269453048706,2,1
N/N37.jpg,N,N,0.9867039918899536,1,1
N/N381.jpg,N,N,0.9820322394371033,2,1
N/N383.jpg,N,N,0.9823698997497559,2,1
N/N386.jpg,N,N,0.9824011921882629,2,1
N/N396.jpg,N,N,0.9805938601493835,2,1
N/N399.jpg,N,N,0.9807975888252258,2,1
N/N40.jpg,N,N,0.9861942529678345,2,1
N/N400.jpg,N,N,0.9811217784881592,2,1
N/N417.jpg,N,N,0.9831121563911438,2,1
N/N419.jpg,N,N,0.9839838743209839,2,1
N/N426.jpg,N,N,0.9844523668289185,2,1
N/N43.jpg,N,N,0.9871542453765869,2,1
N/N430.jpg,N,N,0.9846968650817871,3,1
N/N440.jpg,N,N,0.9833701848983765,2,1
N/N443.jpg,N,N,0.9833387136459351,3,1
N/N444.jpg,N,N,0.9823448657989502,2,1
N/N445.jpg,N,N,0.9821891188621521,3,1
N/N447.jpg,N,N,0.9830088019371033,2,1
N/N449.jpg,N,N,0.9830202460289001,2,1
N/N450.jpg,N,N,0.9830013513565063,2,1
N/N459.jpg,N,N,0.9840642213821411,3,1
N/N464.jpg,N,N,0.9844390749931335,2,1
N/N466.jpg,N,N,0.9844085574150085,2,1
N/N469.jpg,N,N,0.986304759979248,2,1
N/N473.jpg,N,N,0.9878135919570923,3,1
N/N477.jpg,N,N,0.9865977764129639,2,1
N/N478.jpg,N,N,0.9867165088653564,3,1
N/N479.jpg,N,N,0.988143265247345,2,1
N/N482.jpg,N,N,0.9865819215774536,2,1
N/N484.jpg,N,N,0.9871653318405151,3,1
N/N486.jpg,N,N,0.9864444136619568,2,1
N/N491.jpg,N,N,0.9854007363319397,2,1
N/N505.jpg,N,N,0.9839558005332947,2,1
N/N513.jpg,N,N,0.9841957092285156,2,1
N/N518.jpg,N,N,0.9877204298973083,3,1
N/N534.jpg,N,N,0.9872012138366699,2,1
N/N541.jpg,N,N,0.9864453673362732,2,1
N/N55.jpg,N,N,0.986519455909729,2,1
N/N550.jpg,N,N,0.9897017478942871,2,1
N/N554.jpg,N,N,0.9887639284133911,3,1
N/N555.jpg,N,N,0.9886391162872314,2,1
N/N556.jpg,N,N,0.9893275499343872,2,1
N/N561.jpg,N,N,0.9899465441703796,2,1
N/N568.jpg,N,N,0.988502025604248,1,1
N/N572.jpg,N,N,0.9900780916213989,3,1
N/N574.jpg,N,N,0.99053955078125,2,1
N/N576.jpg,N,N,0.9893531799316406,3,1
N/N579.jpg,N,N,0.9877867102622986,2,1
N/N580.jpg,N,N,0.9860948324203491,3,1
N/N586.jpg,N,N,0.985782265663147,2,1
N/N599.jpg,N,N,0.9850460886955261,5,1
N/N606.jpg,N,N,0.9858272075653076,5,1
N/N608.jpg,N,N,0.985895037651062,4,1
N/N610.jpg,N,N,0.9839390516281128,4,1
N/N62.jpg,N,N,0.9876708984375,2,1
N/N625.jpg,N,N,0.9792732000350952,2,1
N/N628.jpg,N,N,0.9803920388221741,3,1
N/N630.jpg,N,N,0.9815621972084045,2,1
N/N636.jpg,N,N,0.9839131236076355,3,1
N/N639.jpg,N,N,0.9863662719726562,1,1
N/N649.jpg,N,N,0.9853227138519287,1,1
N/N657.jpg,N,N,0.9826280474662781,3,1
N/N66.jpg,N,N,0.9877552390098572,2,1
N/N660.jpg,N,N,0.9834985136985779,4,1
N/N661.jpg,N,N,0.9848150014877319,4,1
N/N662.jpg,N,N,0.9840521812438965,5,1
N/N669.jpg,N,N,0.9860985279083252,2,1
N/N672.jpg,N,N,0.986752986907959,2,1
N/N676.jpg,N,N,0.9862566590309143,2,1
N/N680.jpg,N,N,0.9864581227302551,2,1
N/N688.jpg,N,N,0.9871483445167542,2,1
N/N697.jpg,N,N,0.9857900738716125,4,1
N/N710.jpg,N,N,0.9848373532295227,3,1
N/N711.jpg,N,N,0.9851391911506653,2,1
N/N720.jpg,N,N,0.9866270422935486,2,1
N/N723.jpg,N,N,0.9868924021720886,2,1
N/N724.jpg,N,N,0.9867890477180481,2,1
N/N730.jpg,N,N,0.9875796437263489,2,1
N/N746.jpg,N,N,0.9872990250587463,2,1
N/N757.jpg,N,N,0.985507607460022,2,1
N/N760.jpg,N,N,0.9859302639961243,2,1
N/N761.jpg,N,N,0.9863755106925964,2,1
N/N763.jpg,N,N,0.9859086871147156,2,1
N/N766.jpg,N,N,0.9865005612373352,2,1
N/N770.jpg,N,N,0.9860721826553345,3,1
N/N773.jpg,N,N,0.9853681921958923,4,1
N/N776.jpg,N,N,0.9847131371498108,3,1
N/N778.jpg,N,N,0.9846760630607605,2,1
N/N782.jpg,N,N,0.9855399131774902,3,1
N/N784.jpg,N,N,0.9856458306312561,3,1
N/N785.jpg,N,N,0.9873346090316772,4,1
N/N788.jpg,N,N,0.9849672913551331,6,1
N/N798.jpg,N,N,0.984511137008667,4,1
N/N8.jpg,N,N,0.9828881025314331,1,1
N/N803.jpg,N,N,0.9849011301994324,3,1
N/N805.jpg,N,N,0.9843331575393677,4,1
N/N812.jpg,N,N,0.9810236692428589,4,1
N/N821.jpg,N,N,0.9855352640151978,1,1
N/N828.jpg,N,N,0.9847776889801025,1,1
N/N829.jpg,N,N,0.9835567474365234,1,1
N/N832.jpg,N,N,0.9837512373924255,1,1
N/N836.jpg,N,N,0.9836312532424927,2,1
N/N844.jpg,N,N,0.9874234795570374,2,1
N/N847.jpg,N,N,0.985257089138031,2,1
N/N848.jpg,N,N,0.9851696491241455,1,1
N/N855.jpg,N,N,0.9846157431602478,2,1
N/N856.jpg,N,N,0.984833300113678,3,1
N/N89.jpg,N,N,0.9876761436462402,2,1
N/N902.jpg,N,N,0.9859946966171265,2,1
N/N903.jpg,N,N,0.9859228134155273,2,1
N/N910.jpg,N,N,0.9868663549423218,4,1
N/N914.jpg,N,N,0.9860758185386658,4,1
N/N918.jpg,N,N,0.9862620830535889,3,1
N/N919.jpg,N,N,0.9863303899765015,1,1
N/N921.jpg,N,N,0.9858981370925903,3,1
N/N924.jpg,N,N,0.9857435822486877,2,1
N/N927.jpg,N,N,0.9850636720657349,2,1
N/N928.jpg,N,N,0.9842774868011475,2,1
N/N929.jpg,N,N,0.9845269918441772,2,1
N/N932.jpg,N,N,0.9842776656150818,1,1
N/N935.jpg,N,N,0.9847326874732971,2,1
N/N936.jpg,N,N,0.9853093028068542,2,1
N/N941.jpg,N,N,0.9855146408081055,1,1
N/N943.jpg,N,N,0.9856224656105042,2,1
N/N946.jpg,N,N,0.9851941466331482,2,1
N/N947.jpg,N,N,0.9851890802383423,3,1
N/N969.jpg,N,N,0.9875118732452393,2,1
N/N974.jpg,N,N,0.9874297976493835,2,1
N/N975.jpg,N,N,0.9876062273979187,2,1
N/N984.jpg,N,N,0.9880902767181396,3,1
N/N992.jpg,N,N,0.9871129393577576,1,1
N/N997.jpg,N,N,0.9859407544136047,1,1
O/O1002.jpg,O,O,0.9746178388595581,3,1
O/O1006.jpg,O,O,0.9279187321662903,3,1
O/O1012.jpg,O,O,0.9585254192352295,2,1
O/O1014.jpg,O,O,0.8251468539237976,2,1
O/O1016.jpg,O,O,0.5321058034896851,2,1
O/O102.jpg,O,O,0.9806415438652039,5,1
O/O1020.jpg,O,O,0.7820310592651367,2,1
O/O1021.jpg,O,O,0.9688594341278076,3,1
O/O1023.jpg,O,O,0.87949138879776,2,1
O/O1028.jpg,O,O,0.9374422430992126,2,1
O/O1030.jpg,O,O,0.9673815965652466,5,1
O/O1042.jpg,O,O,0.9686979055404663,4,1
O/O1049.jpg,O,O,0.9664643406867981,3,1
O/O1053.jpg,O,O,0.972833514213562,2,1
O/O1055.jpg,O,O,0.9742447733879089,4,1
O/O1056.jpg,O,O,0.9778018593788147,3,1
O/O1059.jpg,O,O,0.9703078269958496,3,1
O/O1062.jpg,O,O,0.977575421333313,4,1
O/O1071.jpg,O,O,0.9802801012992859,5,1
O/O1081.jpg,O,O,0.9803880453109741,4,1
O/O1082.jpg,O,O,0.9803887605667114,3,1
O/O1084.jpg,O,O,0.9839612245559692,5,1
O/O1092.jpg,O,O,0.9804959893226624,5,1
O/O1095.jpg,O,O,0.9839590191841125,5,1
O/O11.jpg,O,O,0.9861825704574585,4,1
O/O1100.jpg,O,O,0.982812225818634,5,1
O/O111.jpg,O,O,0.9809271097183228,5,1
O/O1125.jpg,O,O,0.9835397005081177,4,1
O/O1133.jpg,O,O,0.9821829795837402,4,1
O/O1134.jpg,O,O,0.9823511838912964,3,1
O/O1135.jpg,O,O,0.9836305379867554,5,1
O/O1142.jpg,O,O,0.9803378582000732,2,1
O/O1149.jpg,O,O,0.9847614765167236,2,1
O/O115.jpg,O,O,0.9825955629348755,4,1
O/O1151.jpg,O,O,0.9817445874214172,3,1
O/O1153.jpg,O,O,0.9818005561828613,3,1
O/O1163.jpg,O,O,0.856419563293457,2,1
O/O1165.jpg,O,O,0.9619990587234497,2,1
O/O1171.jpg,O,O,0.9796035885810852,2,1
O/O1178.jpg,O,O,0.9752809405326843,2,1
O/O1180.jpg,O,O,0.9777307510375977,4,1
O/O1184.jpg,O,O,0.9778299927711487,3,1
O/O119.jpg,O,O,0.9830396771430969,4,1
O/O1219.jpg,O,O,0.9837443232536316,3,1
O/O122.jpg,O,O,0.9855127930641174,4,1
O/O1221.jpg,O,O,0.9840319752693176,2,1
O/O1224.jpg,O,O,0.9833551049232483,3,1
O/O1225.jpg,O,O,0.9833487272262573,3,1
O/O1230.jpg,O,O,0.9847697019577026,3,1
O/O1241.jpg,O,O,0.982124924659729,3,1
O/O125.jpg,O,O,0.9856258034706116,4,1
O/O1253.jpg,O,O,0.9827212691307068,3,1
O/O1259.jpg,O,O,0.9837036728858948,3,1
O/O1265.jpg,O,O,0.9836011528968811,3,1
O/O1275.jpg,O,O,0.9851434826850891,3,1
O/O1276.jpg,O,O,0.9816624522209167,4,1
O/O1278.jpg,O,O,0.9845847487449646,3,1
O/O1281.jpg,O,O,0.9688930511474609,4,1
O/O1285.jpg,O,O,0.9822141528129578,3,1
O/O1287.jpg,O,O,0.9808698892593384,3,1
O/O1290.jpg,O,O,0.982837438583374,3,1
O/O1291.jpg,O,O,0.9845380783081055,3,1
O/O1292.jpg,O,O,0.9852985143661499,3,1
O/O1294.jpg,O,O,0.9830684065818787,4,1
O/O1297.jpg,O,O,0.9828627705574036,3,1
O/O1301.jpg,O,O,0.9815253019332886,3,1
O/O1302.jpg,O,O,0.9815949201583862,3,1
O/O1304.jpg,O,O,0.9800784587860107,3,1
O/O1305.jpg,O,O,0.9811051487922668,3,1
O/O1308.jpg,O,O,0.9597659707069397,2,1
O/O1317.jpg,O,O,0.9826135039329529,3,1
O/O1320.jpg,O,O,0.9845169186592102,3,1
O/O1325.jpg,O,O,0.9817420840263367,3,1
O/O1327.jpg,O,O,0.9816432595252991,2,1
O/O1330.jpg,O,O,0.9813591837882996,3,1
O/O1337.jpg,O,O,0.9784668684005737,3,1
O/O135.jpg,O,O,0.9834086894989014,2,1
O/O1359.jpg,O,O,0.9529609084129333,3,1
O/O1364.jpg,O,O,0.9719802141189575,3,1
O/O1365.jpg,O,O,0.9794189929962158,3,1
O/O1368.jpg,O,O,0.97657710313797,3,1
O/O137.jpg,O,O,0.9815441370010376,2,1
O/O1377.jpg,O,O,0.9815431237220764,4,1
O/O1386.jpg,O,O,0.9778686165809631,3,1
O/O1390.jpg,O,O,0.9831776022911072,3,1
O/O1405.jpg,O,O,0.9850143790245056,2,1
O/O1406.jpg,O,O,0.9846662282943726,2,1
O/O1409.jpg,O,O,0.9839951395988464,3,1
O/O141.jpg,O,O,0.9806045293807983,2,1
O/O1411.jpg,O,O,0.9840546250343323,3,1
O/O1412.jpg,O,O,0.9848561882972717,2,1
O/O1418.jpg,O,O,0.9834640622138977,3,1
O/O1419.jpg,O,O,0.9840690493583679,3,1
O/O142.jpg,O,O,0.9808262586593628,3,1
O/O1431.jpg,O,O,0.9846320152282715,3,1
O/O1437.jpg,O,O,0.9831722974777222,3,1
O/O1442.jpg,O,O,0.9830201268196106,3,1
O/O1455.jpg,O,O,0.9841742515563965,4,1
O/O1463.jpg,O,O,0.981599748134613,5,1
O/O147.jpg,O,O,0.9810737371444702,4,1
O/O1470.jpg,O,O,0.9830502867698669,5,1
O/O1474.jpg,O,O,0.9834251999855042,3,1
O/O1475.jpg,O,O,0.9826867580413818,3,1
O/O1478.jpg,O,O,0.9846131801605225,5,1
O/O1487.jpg,O,O,0.9819695949554443,4,1
O/O1489.jpg,O,O,0.9801872372627258,3,1
O/O1490.jpg,O,O,0.9829345345497131,3,1
O/O1493.jpg,O,O,0.981463611125946,4,1
O/O1495.jpg,O,O,0.976983368396759,5,1
O/O1500.jpg,O,O,0.9825284481048584,4,1
O/O1503.jpg,O,O,0.980930745601654,4,1
O/O1516.jpg,O,O,0.9809282422065735,3,1
O/O1520.jpg,O,O,0.9824193716049194,3,1
O/O1521.jpg,O,O,0.9821404814720154,3,1
O/O1530.jpg,O,O,0.9785013794898987,3,1
O/O1533.jpg,O,O,0.9839743971824646,3,1
O/O1539.jpg,O,O,0.9820120334625244,3,1
O/O1541.jpg,O,O,0.9847527146339417,3,1
O/O1548.jpg,O,O,0.9859125018119812,2,1
O/O155.jpg,O,O,0.9838111996650696,4,1
O/O1551.jpg,O,O,0.9865858554840088,3,1
O/O1559.jpg,O,O,0.9855573773384094,3,1
O/O156.jpg,O,O,0.9845432639122009,5,1
O/O1572.jpg,O,O,0.980340838432312,3,1
O/O1582.jpg,O,O,0.9825465679168701,4,1
O/O1585.jpg,O,O,0.9851142168045044,3,1
O/O1589.jpg,O,O,0.9844588041305542,4,1
O/O159.jpg,O,O,0.983283281326294,5,1
O/O160.jpg,O,O,0.9837718605995178,4,1
O/O1602.jpg,O,O,0.9833064675331116,3,1
O/O1604.jpg,O,O,0.9856958985328674,3,1
O/O1609.jpg,O,O,0.9840505719184875,3,1
O/O1613.jpg,O,O,0.9851454496383667,3,1
O/O1614.jpg,O,O,0.9847825169563293,3,1
O/O1616.jpg,O,O,0.9852660298347473,3,1
O/O162.jpg,O,O,0.9827437400817871,4,1
O/O1626.jpg,O,O,0.9810143709182739,4,1
O/O1627.jpg,O,O,0.9804551005363464,3,1
O/O1629.jpg,O,O,0.9779493808746338,4,1
O/O1630.jpg,O,O,0.9798102378845215,4,1
O/O1636.jpg,O,O,0.973861038684845,3,1
O/O1642.jpg,O,O,0.9787865877151489,3,1
O/O1647.jpg,O,O,0.9815633296966553,4,1
O/O1653.jpg,O,O,0.9787472486495972,3,1
O/O166.jpg,O,O,0.9816489219665527,3,1
O/O1662.jpg,O,O,0.9784431457519531,4,1
O/O1666.jpg,O,O,0.9800791144371033,3,1
O/O1669.jpg,O,O,0.9792891144752502,5,1
O/O1670.jpg,O,O,0.978179931640625,5,1
O/O1675.jpg,O,O,0.9529346823692322,3,1
O/O1677.jpg,O,O,0.9781208634376526,4,1
O/O168.jpg,O,O,0.981773316860199,3,1
O/O1688.jpg,O,O,0.9820496439933777,5,1
O/O1699.jpg,O,O,0.9814932942390442,4,1
O/O1700.jpg,O,O,0.9797102212905884,4,1
O/O1721.jpg,O,O,0.9809858202934265,3,1
O/O1726.jpg,O,O,0.9808473587036133,3,1
O/O1736.jpg,O,O,0.9825109839439392,3,1
O/O1739.jpg,O,O,0.9812348484992981,3,1
O/O1745.jpg,O,O,0.9829561710357666,4,1
O/O1746.jpg,O,O,0.9826369881629944,4,1
O/O1748.jpg,O,O,0.9823126196861267,4,1
O/O1749.jpg,O,O,0.9828442335128784,4,1
O/O175.jpg,O,O,0.9836905598640442,4,1
O/O1751.jpg,O,O,0.9802854061126709,4,1
O/O1753.jpg,O,O,0.9777706265449524,4,1
O/O176.jpg,O,O,0.9843519330024719,3,1
O/O1761.jpg,O,O,0.9807605743408203,3,1
O/O1769.jpg,O,O,0.9858512282371521,5,1
O/O177.jpg,O,O,0.9856097102165222,4,1
O/O1781.jpg,O,O,0.9816315770149231,3,1
O/O1787.jpg,O,O,0.9844242930412292,3,1
O/O1790.jpg,O,O,0.9819760322570801,3,1
O/O1792.jpg,O,O,0.981276273727417,3,1
O/O1797.jpg,O,O,0.9800589680671692,3,1
O/O1805.jpg,O,O,0.9807196259498596,2,1
O/O1807.jpg,O,O,0.9811468124389648,4,1
O/O1810.jpg,O,O,0.9844096899032593,3,1
O/O1816.jpg,O,O,0.9875710010528564,3,1
O/O1817.jpg,O,O,0.9856317043304443,3,1
O/O1823.jpg,O,O,0.9876663684844971,3,1
O/O1828.jpg,O,O,0.9871964454650879,2,1
O/O1829.jpg,O,O,0.9857907295227051,3,1
O/O1838.jpg,O,O,0.9777827858924866,2,1
O/O1846.jpg,O,O,0.9860990047454834,3,1
O/O1850.jpg,O,O,0.9817649126052856,3,1
O/O1855.jpg,O,O,0.9807069301605225,3,1
O/O186.jpg,O,O,0.985045850276947,4,1
O/O1863.jpg,O,O,0.982528030872345,3,1
O/O1865.jpg,O,O,0.9818166494369507,3,1
O/O1868.jpg,O,O,0.984638512134552,2,1
O/O1869.jpg,O,O,0.9855206608772278,2,1
O/O1871.jpg,O,O,0.9841790795326233,2,1
O/O1874.jpg,O,O,0.9826403260231018,3,1
O/O1879.jpg,O,O,0.981803297996521,4,1
O/O1882.jpg,O,O,0.9827128648757935,4,1
O/O1887.jpg,O,O,0.9812608957290649,4,1
O/O189.jpg,O,O,0.9856277704238892,5,1
O/O1903.jpg,O,O,0.9818744659423828,2,1
O/O1907.jpg,O,O,0.9865875840187073,2,1
O/O1908.jpg,O,O,0.986011803150177,2,1
O/O191.jpg,O,O,0.9844961166381836,4,1
O/O1912.jpg,O,O,0.9868780970573425,2,1
O/O1913.jpg,O,O,0.9860095977783203,2,1
O/O1915.jpg,O,O,0.9848815202713013,2,1
O/O1919.jpg,O,O,0.9844169020652771,3,1
O/O1926.jpg,O,O,0.9844310879707336,4,1
O/O1936.jpg,O,O,0.9807080626487732,2,1
O/O1938.jpg,O,O,0.9825252294540405,2,1
O/O1940.jpg,O,O,0.9820494055747986,3,1
O/O1958.jpg,O,O,0.9774832725524902,2,1
O/O1959.jpg,O,O,0.971906304359436,2,1
O/O196.jpg,O,O,0.9844051003456116,4,1
O/O1960.jpg,O,O,0.9767201542854309,4,1
O/O1961.jpg,O,O,0.980588972568512,2,1
O/O1963.jpg,O,O,0.9814586043357849,3,1
O/O1969.jpg,O,O,0.9681634902954102,4,1
O/O1970.jpg,O,O,0.9786416292190552,4,1
O/O199.jpg,O,O,0.9851058721542358,4,1
O/O1998.jpg,O,O,0.9718422293663025,3,1
O/O2005.jpg,O,O,0.9550159573554993,6,1
O/O2013.jpg,O,O,0.9503886103630066,3,1
O/O2020.jpg,O,O,0.9733514785766602,6,1
O/O2022.jpg,O,O,0.9699521660804749,3,1
O/O2025.jpg,O,O,0.9717042446136475,3,1
O/O2027.jpg,O,O,0.9793205261230469,3,1
O/O2030.jpg,O,O,0.9808701872825623,3,1
O/O2035.jpg,O,O,0.9839478731155396,3,1
O/O2038.jpg,O,O,0.9838951230049133,3,1
O/O2040.jpg,O,O,0.9822904467582703,2,1
O/O2041.jpg,O,O,0.9813261032104492,3,1
O/O2042.jpg,O,O,0.9816119074821472,3,1
O/O2051.jpg,O,O,0.9808423519134521,6,1
O/O2057.jpg,O,O,0.9792296290397644,3,1
O/O2059.jpg,O,O,0.9810253977775574,4,1
O/O2060.jpg,O,O,0.9791644811630249,3,1
O/O2061.jpg,O,O,0.9757359623908997,5,1
O/O2064.jpg,O,O,0.9778563380241394,4,1
O/O2065.jpg,O,O,0.979633092880249,3,1
O/O2069.jpg,O,O,0.9732736945152283,4,1
O/O207.jpg,O,O,0.9843198657035828,4,1
O/O2072.jpg,O,O,0.9650137424468994,3,1
O/O2082.jpg,O,O,0.9769083857536316,3,1
O/O2092.jpg,O,O,0.9662532806396484,2,1
O/O2100.jpg,O,O,0.9711256623268127,5,1
O/O2107.jpg,O,O,0.9720312356948853,5,1
O/O2115.jpg,O,O,0.9530490636825562,4,1
O/O2118.jpg,O,O,0.9642847180366516,4,1
O/O2131.jpg,O,O,0.9726117253303528,6,1
O/O2132.jpg,O,O,0.9770936369895935,6,1
O/O2133.jpg,O,O,0.9742463827133179,6,1
O/O2135.jpg,O,O,0.9800806045532227,6,1
O/O2137.jpg,O,O,0.9788922071456909,4,1
O/O2139.jpg,O,O,0.9756984114646912,6,1
O/O2149.jpg,O,O,0.9799985289573669,5,1
O/O2151.jpg,O,O,0.9785774946212769,3,1
O/O2153.jpg,O,O,0.9792793989181519,3,1
O/O2158.jpg,O,O,0.9817311763763428,2,1
O/O2160.jpg,O,O,0.9822038412094116,2,1
O/O2162.jpg,O,O,0.9801982045173645,3,1
O/O2173.jpg,O,O,0.9855700135231018,3,1
O/O2174.jpg,O,O,0.9855533242225647,5,1
O/O2179.jpg,O,O,0.9811939597129822,5,1
O/O2180.jpg,O,O,0.9771579504013062,4,1
O/O2182.jpg,O,O,0.9807619452476501,3,1
O/O2183.jpg,O,O,0.9824619889259338,3,1
O/O220.jpg,O,O,0.9842635989189148,4,1
O/O2200.jpg,O,O,0.9798226952552795,5,1
O/O2205.jpg,O,O,0.9816907048225403,4,1
O/O2206.jpg,O,O,0.9814537763595581,6,1
O/O2207.jpg,O,O,0.980505645275116,4,1
O/O2208.jpg,O,O,0.9827976226806641,4,1
O/O2209.jpg,O,O,0.9821898937225342,6,1
O/O221.jpg,O,O,0.9846479892730713,3,1
O/O2217.jpg,O,O,0.9804421067237854,6,1
O/O2224.jpg,O,O,0.9827836751937866,6,1
O/O2229.jpg,O,O,0.9779772758483887,4,1
O/O2234.jpg,O,O,0.9807600975036621,4,1
O/O2251.jpg,O,O,0.9854754209518433,4,1
O/O2256.jpg,O,O,0.9849008321762085,4,1
O/O2257.jpg,O,O,0.9821174740791321,4,1
O/O2262.jpg,O,O,0.979637086391449,3,1
O/O2265.jpg,O,O,0.9705349206924438,3,1
O/O227.jpg,O,O,0.9863070845603943,4,1
O/O2271.jpg,O,O,0.975595235824585,6,1
O/O2275.jpg,O,O,0.9808972477912903,6,1
O/O2283.jpg,O,O,0.9814438819885254,5,1
O/O2286.jpg,O,O,0.982020914554596,5,1
O/O2304.jpg,O,O,0.96104496717453,5,1
O/O231.jpg,O,O,0.9863318204879761,4,1
O/O2310.jpg,O,O,0.9816942811012268,3,1
O/O2314.jpg,O,O,0.9817963242530823,4,1
O/O2319.jpg,O,O,0.975136399269104,4,1
O/O2320.jpg,O,O,0.9706382155418396,4,1
O/O2321.jpg,O,O,0.9783577919006348,4,1
O/O2323.jpg,O,O,0.9763497710227966,5,1
O/O2329.jpg,O,O,0.9697665572166443,5,1
O/O2335.jpg,O,O,0.9763821959495544,4,1
O/O2339.jpg,O,O,0.9795355200767517,4,1
O/O236.jpg,O,O,0.9862252473831177,3,1
O/O2360.jpg,O,O,0.9833057522773743,4,1
O/O2365.jpg,O,O,0.9819508790969849,5,1
O/O2370.jpg,O,O,0.9818515777587891,4,1
O/O2375.jpg,O,O,0.9809470772743225,5,1
O/O2377.jpg,O,O,0.9785346984863281,4,1
O/O2380.jpg,O,O,0.9806575179100037,4,1
O/O2384.jpg,O,O,0.9788495898246765,5,1
O/O2393.jpg,O,O,0.9787985682487488,5,1
O/O2395.jpg,O,O,0.9794178605079651,4,1
O/O2398.jpg,O,O,0.9778686165809631,3,1
O/O2399.jpg,O,O,0.97723788022995,5,1
O/O2400.jpg,O,O,0.9771745800971985,5,1
O/O2409.jpg,O,O,0.9782862663269043,4,1
O/O2410.jpg,O,O,0.9786954522132874,5,1
O/O2416.jpg,O,O,0.9813454747200012,4,1
O/O2418.jpg,O,O,0.9822799563407898,5,1
O/O2424.jpg,O,O,0.9801011085510254,5,1
O/O2427.jpg,O,O,0.9785375595092773,4,1
O/O2428.jpg,O,O,0.9802021384239197,7,1
O/O2432.jpg,O,O,0.9796257615089417,5,1
O/O244.jpg,O,O,0.9863712191581726,4,1
O/O2440.jpg,O,O,0.9784059524536133,4,1
O/O2441.jpg,O,O,0.9789702296257019,6,1
O/O2443.jpg,O,O,0.9771939516067505,4,1
O/O245.jpg,O,O,0.9864810705184937,4,1
O/O2451.jpg,O,O,0.9782136082649231,4,1
O/O2454.jpg,O,O,0.9794297218322754,4,1
O/O2455.jpg,O,O,0.9793455600738525,4,1
O/O2464.jpg,O,O,0.9796611070632935,5,1
O/O2465.jpg,O,O,0.9800641536712646,5,1
O/O2471.jpg,O,O,0.9793912172317505,7,1
O/O2473.jpg,O,O,0.9762787818908691,4,1
O/O2475.jpg,O,O,0.9725486040115356,5,1
O/O2476.jpg,O,O,0.9757016897201538,5,1
O/O2480.jpg,O,O,0.9760233163833618,5,1
O/O2482.jpg,O,O,0.9786660671234131,5,1
O/O2483.jpg,O,O,0.9796140193939209,4,1
O/O2484.jpg,O,O,0.9800256490707397,3,1
O/O2487.jpg,O,O,0.9816495776176453,4,1
O/O2489.jpg,O,O,0.9793124198913574,3,1
O/O2491.jpg,O,O,0.979255735874176,4,1
O/O2493.jpg,O,O,0.9777376651763916,3,1
O/O2494.jpg,O,O,0.9738831520080566,5,1
O/O250.jpg,O,O,0.986029326915741,4,1
O/O2511.jpg,O,O,0.9797418117523193,2,1
O/O2513.jpg,O,O,0.9808163046836853,1,1
O/O2517.jpg,O,O,0.9816638231277466,1,1
O/O2528.jpg,O,O,0.9843630194664001,1,1
O/O253.jpg,O,O,0.9863090515136719,3,1
O/O2530.jpg,O,O,0.9859193563461304,2,1
O/O2551.jpg,O,O,0.9782798886299133,3,1
O/O2553.jpg,O,O,0.978721022605896,4,1
O/O2559.jpg,O,O,0.9785261154174805,2,1
O/O2579.jpg,O,O,0.9815105199813843,2,1
O/O2587.jpg,O,O,0.9793915152549744,5,1
O/O259.jpg,O,O,0.9863135814666748,3,1
O/O2594.jpg,O,O,0.9811763167381287,4,1
O/O260.jpg,O,O,0.9863900542259216,3,1
O/O2606.jpg,O,O,0.9849087595939636,5,1
O/O2607.jpg,O,O,0.9852976202964783,6,1
O/O2614.jpg,O,O,0.9853599667549133,6,1
O/O2615.jpg,O,O,0.9853811860084534,5,1
O/O2620.jpg,O,O,0.984351634979248,5,1
O/O2621.jpg,O,O,0.9841592311859131,4,1
O/O2623.jpg,O,O,0.9859778881072998,3,1
O/O2631.jpg,O,O,0.9837194085121155,5,1
O/O2633.jpg,O,O,0.9838076233863831,4,1
O/O2635.jpg,O,O,0.985139787197113,4,1
O/O2639.jpg,O,O,0.9857777953147888,4,1
O/O2645.jpg,O,O,0.9847739934921265,5,1
O/O2648.jpg,O,O,0.9831756353378296,4,1
O/O2649.jpg,O,O,0.9838072657585144,3,1
O/O2659.jpg,O,O,0.9835941195487976,3,1
O/O2665.jpg,O,O,0.9836898446083069,5,1
O/O2677.jpg,O,O,0.9799507856369019,3,1
O/O2680.jpg,O,O,0.9798112511634827,4,1
O/O2683.jpg,O,O,0.9823837280273438,4,1
O/O2685.jpg,O,O,0.9827675223350525,3,1
O/O2691.jpg,O,O,0.9820460677146912,3,1
O/O2697.jpg,O,O,0.9825628995895386,3,1
O/O27.jpg,O,O,0.9848968982696533,4,1
O/O2700.jpg,O,O,0.9821332097053528,3,1
O/O2710.jpg,O,O,0.9812930226325989,3,1
O/O2711.jpg,O,O,0.9823477268218994,5,1
O/O272.jpg,O,O,0.9853290915489197,4,1
O/O2724.jpg,O,O,0.983803391456604,5,1
O/O2725.jpg,O,O,0.9837902188301086,4,1
O/O2730.jpg,O,O,0.9845651388168335,4,1
O/O2736.jpg,O,O,0.9849185943603516,5,1
O/O2737.jpg,O,O,0.9840111136436462,5,1
O/O274.jpg,O,O,0.9854974150657654,4,1
O/O2742.jpg,O,O,0.9835767149925232,3,1
O/O2750.jpg,O,O,0.983900785446167,3,1
O/O2754.jpg,O,O,0.982916533946991,2,1
O/O2756.jpg,O,O,0.9824202060699463,2,1
O/O2757.jpg,O,O,0.9816158413887024,2,1
O/O2768.jpg,O,O,0.9826533198356628,2,1
O/O2774.jpg,O,O,0.9824492931365967,1,1
O/O2775.jpg,O,O,0.9824849963188171,1,1
O/O2779.jpg,O,O,0.9818533062934875,2,1
O/O2780.jpg,O,O,0.9814060926437378,2,1
O/O2781.jpg,O,O,0.9805448055267334,2,1
O/O2786.jpg,O,O,0.9800416827201843,2,1
O/O2791.jpg,O,O,0.9809626340866089,2,1
O/O2795.jpg,O,O,0.9824458360671997,3,1
O/O280.jpg,O,O,0.985039472579956,4,1
O/O2804.jpg,O,O,0.9839708209037781,4,1
O/O2809.jpg,O,O,0.9806846976280212,4,1
O/O2812.jpg,O,O,0.9801728129386902,5,1
O/O2815.jpg,O,O,0.982729434967041,5,1
O/O2818.jpg,O,O,0.9818091988563538,6,1
O/O2821.jpg,O,O,0.9819314479827881,6,1
O/O2825.jpg,O,O,0.9821109175682068,5,1
O/O2827.jpg,O,O,0.9822151064872742,4,1
O/O2831.jpg,O,O,0.9824240803718567,4,1
O/O2835.jpg,O,O,0.9828145503997803,4,1
O/O2842.jpg,O,O,0.9833695292472839,5,1
O/O2844.jpg,O,O,0.9840044975280762,4,1
O/O2845.jpg,O,O,0.9834681749343872,4,1
O/O2850.jpg,O,O,0.9833932518959045,4,1
O/O2852.jpg,O,O,0.9827896356582642,3,1
O/O2854.jpg,O,O,0.9822762608528137,5,1
O/O286.jpg,O,O,0.9843549728393555,5,1
O/O287.jpg,O,O,0.9845654368400574,4,1
O/O2879.jpg,O,O,0.9822335839271545,2,1
O/O2888.jpg,O,O,0.9833058714866638,3,1
O/O2889.jpg,O,O,0.9839576482772827,2,1
O/O289.jpg,O,O,0.9842489361763,4,1
O/O2901.jpg,O,O,0.9822454452514648,2,1
O/O2903.jpg,O,O,0.9824763536453247,2,1
O/O2906.jpg,O,O,0.981988787651062,2,1
O/O2920.jpg,O,O,0.9762386679649353,2,1
O/O2924.jpg,O,O,0.9781725406646729,2,1
O/O2935.jpg,O,O,0.9817429780960083,3,1
O/O2940.jpg,O,O,0.981421172618866,3,1
O/O2947.jpg,O,O,0.9805049300193787,3,1
O/O2956.jpg,O,O,0.9814596176147461,4,1
O/O2961.jpg,O,O,0.9816558957099915,5,1
O/O2965.jpg,O,O,0.9815834164619446,4,1
O/O2967.jpg,O,O,0.9817222952842712,5,1
O/O2988.jpg,O,O,0.9831594228744507,2,1
O/O2996.jpg,O,O,0.9860715270042419,2,1
O/O2998.jpg,O,O,0.9861065149307251,2,1
O/O304.jpg,O,O,0.9845241904258728,3,1
O/O306.jpg,O,O,0.9849655628204346,4,1
O/O308.jpg,O,O,0.9852859377861023,3,1
O/O313.jpg,O,O,0.9857655167579651,4,1
O/O318.jpg,O,O,0.9865177273750305,5,1
O/O319.jpg,O,O,0.9857233166694641,5,1
O/O32.jpg,O,O,0.9849086999893188,4,1
O/O320.jpg,O,O,0.9862114191055298,4,1
O/O328.jpg,O,O,0.9861645102500916,4,1
O/O33.jpg,O,O,0.9848314523696899,4,1
O/O330.jpg,O,O,0.9831083416938782,4,1
O/O337.jpg,O,O,0.9857666492462158,3,1
O/O339.jpg,O,O,0.9853743314743042,4,1
O/O340.jpg,O,O,0.9854721426963806,4,1
O/O345.jpg,O,O,0.9864658713340759,5,1
O/O346.jpg,O,O,0.9862031936645508,4,1
O/O359.jpg,O,O,0.985757052898407,5,1
O/O36.jpg,O,O,0.9835851192474365,4,1
O/O360.jpg,O,O,0.9853073358535767,5,1
O/O362.jpg,O,O,0.9853335022926331,6,1
O/O366.jpg,O,O,0.9852216839790344,4,1
O/O376.jpg,O,O,0.987736165523529,4,1
O/O378.jpg,O,O,0.9872311949729919,4,1
O/O385.jpg,O,O,0.9855965971946716,4,1
O/O391.jpg,O,O,0.9840757250785828,3,1
O/O392.jpg,O,O,0.9842148423194885,4,1
O/O399.jpg,O,O,0.9838024377822876,3,1
O/O40.jpg,O,O,0.9833526611328125,4,1
O/O400.jpg,O,O,0.9836926460266113,3,1
O/O405.jpg,O,O,0.984255313873291,4,1
O/O406.jpg,O,O,0.9852473735809326,4,1
O/O408.jpg,O,O,0.9847500324249268,4,1
O/O415.jpg,O,O,0.9847607016563416,3,1
O/O417.jpg,O,O,0.983712911605835,3,1
O/O42.jpg,O,O,0.9834854602813721,5,1
O/O420.jpg,O,O,0.9799140095710754,3,1
O/O422.jpg,O,O,0.9770679473876953,4,1
O/O428.jpg,O,O,0.9750715494155884,4,1
O/O437.jpg,O,O,0.9580793976783752,3,1
O/O441.jpg,O,O,0.9733157157897949,3,1
O/O442.jpg,O,O,0.9755783677101135,4,1
O/O445.jpg,O,O,0.9799930453300476,3,1
O/O449.jpg,O,O,0.9773882627487183,2,1
O/O450.jpg,O,O,0.9797837734222412,2,1
O/O451.jpg,O,O,0.9804286360740662,2,1
O/O457.jpg,O,O,0.9795969724655151,3,1
O/O46.jpg,O,O,0.9846662282943726,4,1
O/O471.jpg,O,O,0.9860019683837891,4,1
O/O473.jpg,O,O,0.9856215119361877,4,1
O/O479.jpg,O,O,0.9862512350082397,4,1
O/O482.jpg,O,O,0.9859532117843628,4,1
O/O485.jpg,O,O,0.9866464138031006,4,1
O/O488.jpg,O,O,0.9845942258834839,3,1
O/O492.jpg,O,O,0.9856765270233154,4,1
O/O498.jpg,O,O,0.9853095412254333,4,1
O/O502.jpg,O,O,0.984948456287384,4,1
O/O505.jpg,O,O,0.9831704497337341,4,1
O/O507.jpg,O,O,0.9837846755981445,4,1
O/O523.jpg,O,O,0.9795357584953308,4,1
O/O526.jpg,O,O,0.9817147254943848,2,1
O/O527.jpg,O,O,0.9818654656410217,2,1
O/O542.jpg,O,O,0.9872497916221619,4,1
O/O543.jpg,O,O,0.9875317215919495,4,1
O/O545.jpg,O,O,0.9875260591506958,4,1
O/O550.jpg,O,O,0.9870514869689941,4,1
O/O56.jpg,O,O,0.9839592576026917,4,1
O/O577.jpg,O,O,0.9841619729995728,3,1
O/O582.jpg,O,O,0.9826105237007141,4,1
O/O583.jpg,O,O,0.9836335778236389,4,1
O/O585.jpg,O,O,0.9828149676322937,5,1
O/O594.jpg,O,O,0.9856841564178467,5,1
O/O60.jpg,O,O,0.9841576218605042,4,1
O/O600.jpg,O,O,0.984669029712677,4,1
O/O608.jpg,O,O,0.9871091842651367,4,1
O/O609.jpg,O,O,0.98714280128479,4,1
O/O614.jpg,O,O,0.9876547455787659,5,1
O/O617.jpg,O,O,0.9872724413871765,4,1
O/O619.jpg,O,O,0.9874187111854553,4,1
O/O622.jpg,O,O,0.9875363707542419,4,1
O/O624.jpg,O,O,0.9873773455619812,4,1
O/O628.jpg,O,O,0.9874169826507568,4,1
O/O633.jpg,O,O,0.9866496920585632,4,1
O/O638.jpg,O,O,0.9848358035087585,4,1
O/O645.jpg,O,O,0.983238935470581,4,1
O/O651.jpg,O,O,0.9835483431816101,4,1
O/O657.jpg,O,O,0.9828181266784668,3,1
O/O662.jpg,O,O,0.9839532971382141,4,1
O/O664.jpg,O,O,0.9858099818229675,4,1
O/O667.jpg,O,O,0.9859551787376404,5,1
O/O668.jpg,O,O,0.9857505559921265,4,1
O/O670.jpg,O,O,0.985039472579956,5,1
O/O677.jpg,O,O,0.9850633144378662,5,1
O/O682.jpg,O,O,0.9844512939453125,4,1
O/O690.jpg,O,O,0.9861548542976379,5,1
O/O701.jpg,O,O,0.9873254299163818,4,1
O/O702.jpg,O,O,0.9876105785369873,4,1
O/O712.jpg,O,O,0.9863492250442505,5,1
O/O717.jpg,O,O,0.9839365482330322,4,1
O/O72.jpg,O,O,0.9841349720954895,4,1
O/O725.jpg,O,O,0.9867635369300842,4,1
O/O726.jpg,O,O,0.9864566326141357,4,1
O/O731.jpg,O,O,0.9872472286224365,4,1
O/O732.jpg,O,O,0.9869755506515503,4,1
O/O738.jpg,O,O,0.987404465675354,4,1
O/O742.jpg,O,O,0.9867750406265259,4,1
O/O749.jpg,O,O,0.9867209196090698,4,1
O/O75.jpg,O,O,0.9826132655143738,5,1
O/O751.jpg,O,O,0.9867691993713379,4,1
O/O758.jpg,O,O,0.9870421886444092,4,1
O/O759.jpg,O,O,0.9863865375518799,4,1
O/O761.jpg,O,O,0.9862768650054932,4,1
O/O767.jpg,O,O,0.9854186773300171,4,1
O/O769.jpg,O,O,0.9860921502113342,4,1
O/O771.jpg,O,O,0.9860365390777588,4,1
O/O781.jpg,O,O,0.9878579378128052,4,1
O/O787.jpg,O,O,0.9845187664031982,3,1
O/O795.jpg,O,O,0.9829341769218445,3,1
O/O80.jpg,O,O,0.9831127524375916,4,1
O/O804.jpg,O,O,0.9820868968963623,3,1
O/O810.jpg,O,O,0.9823384881019592,5,1
O/O821.jpg,O,O,0.9835532903671265,3,1
O/O826.jpg,O,O,0.9844661951065063,4,1
O/O833.jpg,O,O,0.9833659529685974,4,1
O/O834.jpg,O,O,0.9834604859352112,4,1
O/O837.jpg,O,O,0.984870195388794,4,1
O/O839.jpg,O,O,0.9864149689674377,4,1
O/O847.jpg,O,O,0.986271858215332,4,1
O/O85.jpg,O,O,0.9839683771133423,5,1
O/O853.jpg,O,O,0.9866650104522705,4,1
O/O867.jpg,O,O,0.9865542650222778,4,1
O/O879.jpg,O,O,0.9867085218429565,4,1
O/O887.jpg,O,O,0.9871677756309509,4,1
O/O890.jpg,O,O,0.9857521653175354,4,1
O/O902.jpg,O,O,0.9878479242324829,4,1
O/O903.jpg,O,O,0.9893548488616943,4,1
O/O908.jpg,O,O,0.9887007474899292,3,1
O/O91.jpg,O,O,0.9809135794639587,7,1
O/O911.jpg,O,O,0.98834627866745,4,1
O/O913.jpg,O,O,0.9884699583053589,3,1
O/O914.jpg,O,O,0.9877270460128784,3,1
O/O922.jpg,O,O,0.9860835671424866,2,1
O/O924.jpg,O,O,0.9852772355079651,4,1
O/O928.jpg,O,O,0.9847774505615234,3,1
O/O931.jpg,O,O,0.9861688017845154,3,1
O/O935.jpg,O,O,0.9849802851676941,3,1
O/O936.jpg,O,O,0.9865162372589111,3,1
O/O938.jpg,O,O,0.9863792657852173,2,1
O/O94.jpg,O,O,0.9794560074806213,6,1
O/O941.jpg,O,O,0.9859656095504761,4,1
O/O948.jpg,O,O,0.9835798144340515,3,1
O/O951.jpg,O,O,0.9827797412872314,4,1
O/O964.jpg,O,O,0.982671320438385,4,1
O/O966.jpg,O,O,0.9829472899436951,4,1
O/O98.jpg,O,O,0.9806371927261353,5,1
O/O983.jpg,O,O,0.9867404103279114,4,1
O/O997.jpg,O,O,0.9861430525779724,4,1
O/O998.jpg,O,O,0.9865524172782898,4,1
P/P100.jpg,P,P,0.965351939201355,3,1
P/P1002.jpg,P,P,0.9803237915039062,2,1
P/P1003.jpg,P,P,0.9804096817970276,2,1
P/P1004.jpg,P,P,0.982344925403595,2,1
P/P1005.jpg,P,P,0.9828485250473022,3,1
P/P1008.jpg,P,P,0.9768810868263245,3,1
P/P1015.jpg,P,P,0.9811697602272034,3,1
P/P1016.jpg,P,P,0.9806909561157227,3,1
P/P1017.jpg,P,P,0.9791399240493774,2,1
P/P102.jpg,P,P,0.965423583984375,3,1
P/P1021.jpg,P,P,0.9819464087486267,2,1
P/P1022.jpg,P,P,0.9804468154907227,2,1
P/P1023.jpg,P,P,0.9804274439811707,3,1
P/P1030.jpg,P,P,0.9769836068153381,3,1
P/P1035.jpg,P,P,0.975793719291687,3,1
P/P1037.jpg,P,P,0.9754483699798584,4,1
P/P1038.jpg,P,P,0.9763171672821045,2,1
P/P1041.jpg,P,P,0.9781028628349304,2,1
P/P1042.jpg,P,P,0.9765768051147461,2,1
P/P1044.jpg,P,P,0.979864239692688,4,1
P/P1061.jpg,P,P,0.9594702124595642,4,1
P/P1062.jpg,P,P,0.9605240225791931,4,1
P/P1065.jpg,P,P,0.966033935546875,3,1
P/P1067.jpg,P,P,0.9649802446365356,3,1
P/P1076.jpg,P,P,0.9603947997093201,3,1
P/P108.jpg,P,P,0.9618678092956543,3,1
P/P1081.jpg,P,P,0.9670622944831848,3,1
P/P1083.jpg,P,P,0.9674239158630371,3,1
P/P1087.jpg,P,P,0.9672324657440186,4,1
P/P1089.jpg,P,P,0.9681249260902405,3,1
P/P1092.jpg,P,P,0.9690523147583008,3,1
P/P1101.jpg,P,P,0.9731098413467407,3,1
P/P1106.jpg,P,P,0.9672746062278748,3,1
P/P1116.jpg,P,P,0.9741697907447815,3,1
P/P1121.jpg,P,P,0.9824988842010498,3,1
P/P1125.jpg,P,P,0.9765918850898743,3,1
P/P1126.jpg,P,P,0.9802764654159546,3,1
P/P1127.jpg,P,P,0.9784488677978516,3,1
P/P1143.jpg,P,P,0.9783759117126465,3,1
P/P1145.jpg,P,P,0.9759169220924377,3,1
P/P1148.jpg,P,P,0.9835253953933716,3,1
P/P1157.jpg,P,P,0.9820153713226318,3,1
P/P1158.jpg,P,P,0.9796093106269836,3,1
P/P1181.jpg,P,P,0.9737705588340759,3,1
P/P1184.jpg,P,P,0.9744551777839661,4,1
P/P1189.jpg,P,P,0.9732412695884705,4,1
P/P1190.jpg,P,P,0.9705093502998352,3,1
P/P1192.jpg,P,P,0.9672636985778809,4,1
P/P1197.jpg,P,P,0.9696379899978638,3,1
P/P1207.jpg,P,P,0.9694018959999084,4,1
P/P1208.jpg,P,P,0.965691328048706,4,1
P/P1213.jpg,P,P,0.9741606116294861,4,1
P/P1221.jpg,P,P,0.9732378125190735,3,1
P/P1229.jpg,P,P,0.9703031182289124,3,1
P/P124.jpg,P,P,0.9623573422431946,2,1
P/P1245.jpg,P,P,0.9842368364334106,3,1
P/P1247.jpg,P,P,0.9818390607833862,4,1
P/P1258.jpg,P,P,0.9768995642662048,3,1
P/P1260.jpg,P,P,0.9751952290534973,3,1
P/P1261.jpg,P,P,0.9764918684959412,3,1
P/P1266.jpg,P,P,0.9744158983230591,3,1
P/P1271.jpg,P,P,0.9817280769348145,3,1
P/P1288.jpg,P,P,0.9791560173034668,3,1
P/P13.jpg,P,P,0.9750335812568665,5,1
P/P1309.jpg,P,P,0.9806528091430664,3,1
P/P1310.jpg,P,P,0.9825656414031982,3,1
P/P1315.jpg,P,P,0.9818795323371887,3,1
P/P1325.jpg,P,P,0.981755256652832,3,1
P/P1334.jpg,P,P,0.9774607419967651,3,1
P/P1335.jpg,P,P,0.9787086844444275,3,1
P/P1338.jpg,P,P,0.9788404703140259,3,1
P/P1340.jpg,P,P,0.9827002286911011,3,1
P/P135.jpg,P,P,0.9698576331138611,3,1
P/P1355.jpg,P,P,0.9813854694366455,3,1
P/P1358.jpg,P,P,0.9795097708702087,3,1
P/P1359.jpg,P,P,0.9838525056838989,3,1
P/P136.jpg,P,P,0.9723004698753357,4,1
P/P1360.jpg,P,P,0.9817306995391846,3,1
P/P1371.jpg,P,P,0.977770984172821,3,1
P/P1379.jpg,P,P,0.9831557273864746,3,1
P/P1380.jpg,P,P,0.9834365844726562,3,1
P/P1386.jpg,P,P,0.9836326241493225,3,1
P/P1387.jpg,P,P,0.9823253750801086,3,1
P/P1403.jpg,P,P,0.9811774492263794,3,1
P/P1408.jpg,P,P,0.9806037545204163,3,1
P/P141.jpg,P,P,0.9719365835189819,3,1
P/P1413.jpg,P,P,0.9736150503158569,3,1
P/P1415.jpg,P,P,0.9739104509353638,3,1
P/P1422.jpg,P,P,0.9679705500602722,3,1
P/P1426.jpg,P,P,0.9655798077583313,4,1
P/P1427.jpg,P,P,0.9625227451324463,3,1
P/P1452.jpg,P,P,0.9626391530036926,4,1
P/P1454.jpg,P,P,0.9647037982940674,4,1
P/P1456.jpg,P,P,0.9589931964874268,4,1
P/P1460.jpg,P,P,0.9693340063095093,3,1
P/P1465.jpg,P,P,0.9679247736930847,3,1
P/P1483.jpg,P,P,0.9725115895271301,2,1
P/P1487.jpg,P,P,0.9685182571411133,3,1
P/P1490.jpg,P,P,0.9755234122276306,3,1
P/P1492.jpg,P,P,0.9754077196121216,3,1
P/P15.jpg,P,P,0.9722602367401123,5,1
P/P1503.jpg,P,P,0.964921772480011,3,1
P/P1504.jpg,P,P,0.966627836227417,3,1
P/P151.jpg,P,P,0.9744724631309509,4,1
P/P1513.jpg,P,P,0.9657972455024719,3,1
P/P1514.jpg,P,P,0.9621794819831848,3,1
P/P152.jpg,P,P,0.9749293327331543,4,1
P/P1527.jpg,P,P,0.9792758226394653,3,1
P/P1528.jpg,P,P,0.9757959842681885,4,1
P/P1530.jpg,P,P,0.9717035889625549,4,1
P/P1534.jpg,P,P,0.9733388423919678,4,1
P/P1538.jpg,P,P,0.9724418520927429,3,1
P/P1540.jpg,P,P,0.9740013480186462,4,1
P/P1541.jpg,P,P,0.9739521741867065,3,1
P/P1543.jpg,P,P,0.978871762752533,3,1
P/P1545.jpg,P,P,0.9776939153671265,3,1
P/P1548.jpg,P,P,0.9764784574508667,3,1
P/P1550.jpg,P,P,0.9734482169151306,3,1
P/P1558.jpg,P,P,0.9735714197158813,3,1
P/P1566.jpg,P,P,0.9745814800262451,3,1
P/P1567.jpg,P,P,0.9745631814002991,3,1
P/P1569.jpg,P,P,0.9698235392570496,3,1
P/P1584.jpg,P,P,0.9652315378189087,4,1
P/P1588.jpg,P,P,0.9689885973930359,4,1
P/P1591.jpg,P,P,0.9663748145103455,3,1
P/P1594.jpg,P,P,0.9705937504768372,3,1
P/P160.jpg,P,P,0.9747554659843445,4,1
P/P161.jpg,P,P,0.9692448973655701,4,1
P/P1616.jpg,P,P,0.975304901599884,3,1
P/P162.jpg,P,P,0.9698156714439392,4,1
P/P1624.jpg,P,P,0.97128826379776,3,1
P/P1625.jpg,P,P,0.9768350124359131,3,1
P/P1638.jpg,P,P,0.9711177945137024,3,1
P/P1642.jpg,P,P,0.9727124571800232,3,1
P/P1647.jpg,P,P,0.9742950201034546,3,1
P/P1648.jpg,P,P,0.975982666015625,4,1
P/P1650.jpg,P,P,0.9733171463012695,3,1
P/P1656.jpg,P,P,0.9716005921363831,3,1
P/P1658.jpg,P,P,0.9775903820991516,3,1
P/P1660.jpg,P,P,0.9748154878616333,3,1
P/P1661.jpg,P,P,0.9711906909942627,3,1
P/P1664.jpg,P,P,0.9721224308013916,3,1
P/P1665.jpg,P,P,0.9737033247947693,3,1
P/P1667.jpg,P,P,0.97200608253479,3,1
P/P1670.jpg,P,P,0.9751564860343933,3,1
P/P1674.jpg,P,P,0.9740313291549683,3,1
P/P1676.jpg,P,P,0.9740159511566162,2,1
P/P168.jpg,P,P,0.9743005633354187,4,1
P/P1686.jpg,P,P,0.978101909160614,4,1
P/P1710.jpg,P,P,0.9780174493789673,4,1
P/P1720.jpg,P,P,0.9768691658973694,3,1
P/P1728.jpg,P,P,0.9748197793960571,3,1
P/P1736.jpg,P,P,0.9804485440254211,4,1
P/P1742.jpg,P,P,0.973821222782135,4,1
P/P1744.jpg,P,P,0.9779868721961975,4,1
P/P1749.jpg,P,P,0.977430522441864,4,1
P/P1751.jpg,P,P,0.9819751381874084,5,1
P/P1756.jpg,P,P,0.9819245338439941,4,1
P/P1776.jpg,P,P,0.9787886142730713,5,1
P/P1778.jpg,P,P,0.9816583395004272,5,1
P/P1782.jpg,P,P,0.9744147658348083,5,1
P/P179.jpg,P,P,0.9748767614364624,4,1
P/P1801.jpg,P,P,0.9670480489730835,3,1
P/P1805.jpg,P,P,0.9652226567268372,3,1
P/P1808.jpg,P,P,0.9656431674957275,3,1
P/P1811.jpg,P,P,0.9679769277572632,3,1
P/P1817.jpg,P,P,0.9674568176269531,3,1
P/P1820.jpg,P,P,0.9708309173583984,3,1
P/P1824.jpg,P,P,0.97053062915802,4,1
P/P1825.jpg,P,P,0.970704972743988,3,1
P/P184.jpg,P,P,0.9746347069740295,4,1
P/P1841.jpg,P,P,0.9799619913101196,2,1
P/P185.jpg,P,P,0.974321186542511,4,1
P/P1860.jpg,P,P,0.9797862768173218,3,1
P/P1866.jpg,P,P,0.9810576438903809,3,1
P/P1871.jpg,P,P,0.9740350246429443,3,1
P/P1873.jpg,P,P,0.974185049533844,4,1
P/P1878.jpg,P,P,0.982582688331604,3,1
P/P1883.jpg,P,P,0.9774396419525146,4,1
P/P1888.jpg,P,P,0.9686084389686584,3,1
P/P1891.jpg,P,P,0.9668949842453003,3,1
P/P1900.jpg,P,P,0.9716358184814453,3,1
P/P1912.jpg,P,P,0.9656379818916321,3,1
P/P1914.jpg,P,P,0.9704146981239319,4,1
P/P1919.jpg,P,P,0.9671406745910645,3,1
P/P1921.jpg,P,P,0.9667956233024597,3,1
P/P1937.jpg,P,P,0.9791112542152405,3,1
P/P1944.jpg,P,P,0.9771847128868103,4,1
P/P1946.jpg,P,P,0.9818521738052368,4,1
P/P1949.jpg,P,P,0.9796532392501831,5,1
P/P1953.jpg,P,P,0.9756858348846436,4,1
P/P1957.jpg,P,P,0.9761376976966858,4,1
P/P1961.jpg,P,P,0.9778956770896912,3,1
P/P1962.jpg,P,P,0.9783350825309753,3,1
P/P1972.jpg,P,P,0.9810115098953247,4,1
P/P1974.jpg,P,P,0.9803100228309631,4,1
P/P1979.jpg,P,P,0.9836689829826355,3,1
P/P1985.jpg,P,P,0.9827432632446289,3,1
P/P1993.jpg,P,P,0.9787260293960571,3,1
P/P2005.jpg,P,P,0.963424026966095,3,1
P/P2006.jpg,P,P,0.9671089053153992,3,1
P/P2012.jpg,P,P,0.9686055183410645,2,1
P/P202.jpg,P,P,0.9767320156097412,3,1
P/P2029.jpg,P,P,0.9716659784317017,2,1
P/P2034.jpg,P,P,0.975122332572937,2,1
P/P2037.jpg,P,P,0.9784386157989502,2,1
P/P2038.jpg,P,P,0.9753657579421997,2,1
P/P2040.jpg,P,P,0.9827777743339539,2,1
P/P2043.jpg,P,P,0.9797015190124512,2,1
P/P2051.jpg,P,P,0.9807630777359009,2,1
P/P2054.jpg,P,P,0.9782729148864746,2,1
P/P2065.jpg,P,P,0.9802302122116089,3,1
P/P2066.jpg,P,P,0.9784520268440247,2,1
P/P2074.jpg,P,P,0.9719420075416565,3,1
P/P2076.jpg,P,P,0.9752707481384277,4,1
P/P2079.jpg,P,P,0.9784199595451355,4,1
P/P2081.jpg,P,P,0.9760770201683044,4,1
P/P2082.jpg,P,P,0.9726797342300415,4,1
P/P2083.jpg,P,P,0.972000777721405,3,1
P/P2085.jpg,P,P,0.9712157249450684,3,1
P/P2089.jpg,P,P,0.9709877371788025,2,1
P/P2098.jpg,P,P,0.9766794443130493,1,1
P/P2100.jpg,P,P,0.9754054546356201,2,1
P/P2103.jpg,P,P,0.9718823432922363,1,1
P/P2107.jpg,P,P,0.9698180556297302,3,1
P/P2116.jpg,P,P,0.9721430540084839,4,1
P/P2118.jpg,P,P,0.968292772769928,4,1
P/P2123.jpg,P,P,0.9713199734687805,3,1
P/P2126.jpg,P,P,0.9703776240348816,3,1
P/P213.jpg,P,P,0.9770315289497375,4,1
P/P2130.jpg,P,P,0.9742081165313721,3,1
P/P2132.jpg,P,P,0.9737184643745422,3,1
P/P2143.jpg,P,P,0.9718766212463379,3,1
P/P2145.jpg,P,P,0.9714386463165283,3,1
P/P2150.jpg,P,P,0.973171055316925,3,1
P/P2157.jpg,P,P,0.9703158140182495,4,1
P/P216.jpg,P,P,0.9782852530479431,4,1
P/P2163.jpg,P,P,0.9673547148704529,3,1
P/P2167.jpg,P,P,0.9657493233680725,3,1
P/P2168.jpg,P,P,0.9710785746574402,3,1
P/P2169.jpg,P,P,0.9719594717025757,4,1
P/P2172.jpg,P,P,0.9757509231567383,2,1
P/P2175.jpg,P,P,0.9722020030021667,2,1
P/P2178.jpg,P,P,0.9704938530921936,4,1
P/P2184.jpg,P,P,0.967442512512207,3,1
P/P2186.jpg,P,P,0.9670043587684631,3,1
P/P2193.jpg,P,P,0.973199188709259,2,1
P/P22.jpg,P,P,0.9753382205963135,5,1
P/P220.jpg,P,P,0.9745907783508301,4,1
P/P2203.jpg,P,P,0.9769665598869324,2,1
P/P2205.jpg,P,P,0.9765723347663879,1,1
P/P2207.jpg,P,P,0.9747658967971802,2,1
P/P2210.jpg,P,P,0.9685972332954407,3,1
P/P2214.jpg,P,P,0.9709259271621704,2,1
P/P2219.jpg,P,P,0.9803640842437744,2,1
P/P222.jpg,P,P,0.9749733209609985,4,1
P/P2222.jpg,P,P,0.980859637260437,2,1
P/P2238.jpg,P,P,0.9833207726478577,2,1
P/P2239.jpg,P,P,0.9782059192657471,2,1
P/P2246.jpg,P,P,0.9695268273353577,4,1
P/P2247.jpg,P,P,0.968903660774231,3,1
P/P2248.jpg,P,P,0.9703612327575684,4,1
P/P225.jpg,P,P,0.9750824570655823,3,1
P/P226.jpg,P,P,0.973000168800354,3,1
P/P2266.jpg,P,P,0.9647558331489563,3,1
P/P2270.jpg,P,P,0.9673347473144531,3,1
P/P2271.jpg,P,P,0.9662622809410095,3,1
P/P2276.jpg,P,P,0.9703861474990845,3,1
P/P2279.jpg,P,P,0.9714032411575317,4,1
P/P2282.jpg,P,P,0.9727415442466736,3,1
P/P2287.jpg,P,P,0.9731927514076233,3,1
P/P229.jpg,P,P,0.9741588830947876,3,1
P/P2296.jpg,P,P,0.978249192237854,3,1
P/P2298.jpg,P,P,0.9759690165519714,2,1
P/P23.jpg,P,P,0.9755204916000366,5,1
P/P2312.jpg,P,P,0.9730901122093201,4,1
P/P2319.jpg,P,P,0.9714978337287903,4,1
P/P2321.jpg,P,P,0.9666760563850403,3,1
P/P2322.jpg,P,P,0.9687901735305786,4,1
P/P2325.jpg,P,P,0.9707006812095642,3,1
P/P2339.jpg,P,P,0.970639705657959,4,1
P/P2341.jpg,P,P,0.9658783674240112,4,1
P/P2344.jpg,P,P,0.9622202515602112,4,1
P/P2348.jpg,P,P,0.9617612957954407,4,1
P/P2352.jpg,P,P,0.9725890755653381,4,1
P/P2359.jpg,P,P,0.964935302734375,4,1
P/P2367.jpg,P,P,0.9714680314064026,4,1
P/P237.jpg,P,P,0.9717360734939575,3,1
P/P2379.jpg,P,P,0.9718554019927979,3,1
P/P2383.jpg,P,P,0.9704928398132324,4,1
P/P2386.jpg,P,P,0.9633103013038635,4,1
P/P2389.jpg,P,P,0.9633930325508118,3,1
P/P239.jpg,P,P,0.9725582003593445,4,1
P/P2391.jpg,P,P,0.9632251858711243,3,1
P/P2392.jpg,P,P,0.9635080099105835,3,1
P/P240.jpg,P,P,0.9709151387214661,4,1
P/P2404.jpg,P,P,0.9740851521492004,3,1
P/P2406.jpg,P,P,0.9691163301467896,3,1
P/P2409.jpg,P,P,0.9699063897132874,3,1
P/P2413.jpg,P,P,0.9705424308776855,3,1
P/P2415.jpg,P,P,0.9744983911514282,3,1
P/P2417.jpg,P,P,0.9720379710197449,3,1
P/P2419.jpg,P,P,0.9700835943222046,3,1
P/P2421.jpg,P,P,0.9722461700439453,2,1
P/P2424.jpg,P,P,0.9752609133720398,3,1
P/P2428.jpg,P,P,0.9789958000183105,4,1
P/P243.jpg,P,P,0.9683654308319092,4,1
P/P2435.jpg,P,P,0.9757817983627319,3,1
P/P2436.jpg,P,P,0.9792773127555847,2,1
P/P2437.jpg,P,P,0.9753863215446472,3,1
P/P2439.jpg,P,P,0.9758036136627197,4,1
P/P244.jpg,P,P,0.968305766582489,4,1
P/P2441.jpg,P,P,0.9784516096115112,3,1
P/P2442.jpg,P,P,0.9774796366691589,4,1
P/P2450.jpg,P,P,0.980022132396698,2,1
P/P2453.jpg,P,P,0.9794260859489441,2,1
P/P2454.jpg,P,P,0.9781168699264526,3,1
P/P2456.jpg,P,P,0.9796598553657532,3,1
P/P2458.jpg,P,P,0.9816514253616333,2,1
P/P2468.jpg,P,P,0.9808684587478638,3,1
P/P2472.jpg,P,P,0.9801590442657471,3,1
P/P248.jpg,P,P,0.967040479183197,4,1
P/P2483.jpg,P,P,0.9843919277191162,4,1
P/P2494.jpg,P,P,0.9828073978424072,3,1
P/P2498.jpg,P,P,0.9799685478210449,3,1
P/P2504.jpg,P,P,0.9821620583534241,4,1
P/P2517.jpg,P,P,0.9711943864822388,3,1
P/P253.jpg,P,P,0.9637141227722168,3,1
P/P2533.jpg,P,P,0.9729089736938477,4,1
P/P2535.jpg,P,P,0.9754677414894104,3,1
P/P2536.jpg,P,P,0.974635660648346,3,1
P/P2542.jpg,P,P,0.9799559116363525,3,1
P/P2552.jpg,P,P,0.980140745639801,5,1
P/P2555.jpg,P,P,0.9797772765159607,4,1
P/P2558.jpg,P,P,0.9795036315917969,6,1
P/P2559.jpg,P,P,0.9797331094741821,5,1
P/P256.jpg,P,P,0.9665431976318359,3,1
P/P2562.jpg,P,P,0.9771597981452942,4,1
P/P2594.jpg,P,P,0.9743421077728271,3,1
P/P2595.jpg,P,P,0.9729409217834473,3,1
P/P2596.jpg,P,P,0.9736871719360352,3,1
P/P260.jpg,P,P,0.9627990126609802,3,1
P/P2602.jpg,P,P,0.9769437909126282,3,1
P/P2606.jpg,P,P,0.9786781072616577,3,1
P/P2611.jpg,P,P,0.9773603677749634,3,1
P/P2626.jpg,P,P,0.9702784419059753,4,1
P/P2627.jpg,P,P,0.9719290733337402,3,1
P/P2628.jpg,P,P,0.9697302579879761,3,1
P/P2632.jpg,P,P,0.9696765542030334,3,1
P/P2638.jpg,P,P,0.9685867428779602,3,1
P/P2640.jpg,P,P,0.9701094031333923,3,1
P/P2641.jpg,P,P,0.9692469239234924,3,1
P/P2642.jpg,P,P,0.9665464162826538,3,1
P/P2649.jpg,P,P,0.9663811922073364,3,1
P/P265.jpg,P,P,0.9641949534416199,3,1
P/P2651.jpg,P,P,0.9666170477867126,3,1
P/P2652.jpg,P,P,0.9661968350410461,3,1
P/P2657.jpg,P,P,0.966009795665741,3,1
P/P2660.jpg,P,P,0.9655106067657471,3,1
P/P2663.jpg,P,P,0.9686424136161804,3,1
P/P267.jpg,P,P,0.9647250175476074,3,1
P/P2690.jpg,P,P,0.9664590954780579,2,1
P/P2694.jpg,P,P,0.9615640640258789,2,1
P/P2695.jpg,P,P,0.9633755683898926,2,1
P/P2697.jpg,P,P,0.9628363847732544,3,1
P/P2698.jpg,P,P,0.9658506512641907,3,1
P/P2699.jpg,P,P,0.9648226499557495,3,1
P/P27.jpg,P,P,0.9771942496299744,5,1
P/P2700.jpg,P,P,0.9659297466278076,3,1
P/P2702.jpg,P,P,0.9693254232406616,3,1
P/P2709.jpg,P,P,0.9650999307632446,3,1
P/P2717.jpg,P,P,0.9656965136528015,3,1
P/P2725.jpg,P,P,0.9601582884788513,3,1
P/P2731.jpg,P,P,0.9588472247123718,3,1
P/P2735.jpg,P,P,0.9654716849327087,1,1
P/P2737.jpg,P,P,0.9657252430915833,3,1
P/P2738.jpg,P,P,0.9724785685539246,3,1
P/P2740.jpg,P,P,0.9803693890571594,3,1
P/P2747.jpg,P,P,0.9804768562316895,3,1
P/P276.jpg,P,P,0.9637725949287415,3,1
P/P2760.jpg,P,P,0.9768404960632324,3,1
P/P2761.jpg,P,P,0.9780241250991821,3,1
P/P2768.jpg,P,P,0.9785014986991882,3,1
P/P2772.jpg,P,P,0.978571891784668,3,1
P/P2778.jpg,P,P,0.9766870737075806,3,1
P/P2780.jpg,P,P,0.976864755153656,3,1
P/P2782.jpg,P,P,0.9774850010871887,3,1
P/P2784.jpg,P,P,0.9796069264411926,3,1
P/P2786.jpg,P,P,0.9777725338935852,3,1
P/P279.jpg,P,P,0.965477705001831,3,1
P/P2791.jpg,P,P,0.9768037796020508,3,1
P/P2793.jpg,P,P,0.977102518081665,3,1
P/P2799.jpg,P,P,0.978597104549408,4,1
P/P2804.jpg,P,P,0.9777408838272095,4,1
P/P2805.jpg,P,P,0.9789888858795166,4,1
P/P2807.jpg,P,P,0.9782946705818176,3,1
P/P2808.jpg,P,P,0.9763646721839905,3,1
P/P281.jpg,P,P,0.9646735191345215,3,1
P/P2811.jpg,P,P,0.97551029920578,3,1
P/P2814.jpg,P,P,0.9719815254211426,5,1
P/P2818.jpg,P,P,0.9763575196266174,5,1
P/P282.jpg,P,P,0.9643933773040771,3,1
P/P2822.jpg,P,P,0.9780040979385376,4,1
P/P2823.jpg,P,P,0.9776579141616821,4,1
P/P2825.jpg,P,P,0.9785165190696716,4,1
P/P2827.jpg,P,P,0.9756150841712952,4,1
P/P2828.jpg,P,P,0.9748372435569763,3,1
P/P2830.jpg,P,P,0.9741171598434448,3,1
P/P2831.jpg,P,P,0.9725121855735779,4,1
P/P2835.jpg,P,P,0.9733395576477051,4,1
P/P2843.jpg,P,P,0.9721106290817261,3,1
P/P2848.jpg,P,P,0.9752618074417114,3,1
P/P2856.jpg,P,P,0.9769347906112671,3,1
P/P2865.jpg,P,P,0.9736053347587585,3,1
P/P2866.jpg,P,P,0.9727802276611328,3,1
P/P2869.jpg,P,P,0.9776485562324524,3,1
P/P2873.jpg,P,P,0.9782710671424866,3,1
P/P2874.jpg,P,P,0.9759004712104797,3,1
P/P2876.jpg,P,P,0.9806226491928101,3,1
P/P2878.jpg,P,P,0.9791832566261292,3,1
P/P2879.jpg,P,P,0.9804838299751282,3,1
P/P2882.jpg,P,P,0.9798290133476257,4,1
P/P2893.jpg,P,P,0.9808239936828613,2,1
P/P2894.jpg,P,P,0.9796332120895386,3,1
P/P2896.jpg,P,P,0.9818452596664429,4,1
P/P2904.jpg,P,P,0.9784733057022095,4,1
P/P2905.jpg,P,P,0.9782804250717163,4,1
P/P2906.jpg,P,P,0.9782837629318237,4,1
P/P2909.jpg,P,P,0.9786619544029236,3,1
P/P2912.jpg,P,P,0.9750760197639465,4,1
P/P2916.jpg,P,P,0.9756900072097778,3,1
P/P2923.jpg,P,P,0.9802145957946777,3,1
P/P2936.jpg,P,P,0.9698343276977539,3,1
P/P2937.jpg,P,P,0.9737061262130737,3,1
P/P2952.jpg,P,P,0.9720298647880554,4,1
P/P2959.jpg,P,P,0.9720343947410583,4,1
P/P2961.jpg,P,P,0.9746506810188293,4,1
P/P2971.jpg,P,P,0.9765615463256836,4,1
P/P2978.jpg,P,P,0.9760581851005554,4,1
P/P2979.jpg,P,P,0.9756966829299927,4,1
P/P2981.jpg,P,P,0.9757781028747559,4,1
P/P2984.jpg,P,P,0.9743741154670715,4,1
P/P2985.jpg,P,P,0.9740787148475647,4,1
P/P2987.jpg,P,P,0.9786658883094788,3,1
P/P2988.jpg,P,P,0.9775451421737671,4,1
P/P2993.jpg,P,P,0.9763929843902588,4,1
P/P311.jpg,P,P,0.9725895524024963,4,1
P/P312.jpg,P,P,0.9711996912956238,3,1
P/P32.jpg,P,P,0.9781354665756226,5,1
P/P322.jpg,P,P,0.974595308303833,5,1
P/P323.jpg,P,P,0.9739409685134888,4,1
P/P325.jpg,P,P,0.9715105891227722,3,1
P/P329.jpg,P,P,0.9749891757965088,3,1
P/P33.jpg,P,P,0.9749046564102173,4,1
P/P330.jpg,P,P,0.9718961715698242,4,1
P/P331.jpg,P,P,0.9741326570510864,5,1
P/P335.jpg,P,P,0.9772651791572571,5,1
P/P342.jpg,P,P,0.9767563343048096,5,1
P/P344.jpg,P,P,0.975212812423706,4,1
P/P346.jpg,P,P,0.9731119871139526,4,1
P/P349.jpg,P,P,0.9717811346054077,5,1
P/P351.jpg,P,P,0.9711432456970215,4,1
P/P352.jpg,P,P,0.9740796089172363,4,1
P/P353.jpg,P,P,0.9727652668952942,3,1
P/P355.jpg,P,P,0.975392758846283,4,1
P/P364.jpg,P,P,0.9784764647483826,5,1
P/P372.jpg,P,P,0.9783685207366943,5,1
P/P375.jpg,P,P,0.9778887033462524,5,1
P/P379.jpg,P,P,0.9784495234489441,5,1
P/P384.jpg,P,P,0.9789050221443176,5,1
P/P396.jpg,P,P,0.9664596915245056,4,1
P/P397.jpg,P,P,0.9662431478500366,4,1
P/P402.jpg,P,P,0.9688188433647156,5,1
P/P408.jpg,P,P,0.9737772345542908,5,1
P/P41.jpg,P,P,0.9705976843833923,4,1
P/P410.jpg,P,P,0.9665484428405762,5,1
P/P414.jpg,P,P,0.9750701189041138,5,1
P/P416.jpg,P,P,0.975742757320404,3,1
P/P418.jpg,P,P,0.9733490347862244,5,1
P/P420.jpg,P,P,0.974858283996582,4,1
P/P425.jpg,P,P,0.9724394679069519,4,1
P/P432.jpg,P,P,0.9764451384544373,5,1
P/P433.jpg,P,P,0.9745160937309265,3,1
P/P437.jpg,P,P,0.9747992753982544,2,1
P/P440.jpg,P,P,0.974567711353302,2,1
P/P446.jpg,P,P,0.9752758741378784,4,1
P/P448.jpg,P,P,0.9782479405403137,3,1
P/P45.jpg,P,P,0.9712680578231812,4,1
P/P450.jpg,P,P,0.9758145213127136,5,1
P/P456.jpg,P,P,0.964983344078064,4,1
P/P467.jpg,P,P,0.9750103950500488,4,1
P/P487.jpg,P,P,0.9711253643035889,4,1
P/P490.jpg,P,P,0.9727118015289307,4,1
P/P51.jpg,P,P,0.9748975038528442,5,1
P/P510.jpg,P,P,0.9705779552459717,3,1
P/P515.jpg,P,P,0.9707339406013489,3,1
P/P518.jpg,P,P,0.9693607091903687,3,1
P/P524.jpg,P,P,0.9698166847229004,3,1
P/P53.jpg,P,P,0.9746641516685486,4,1
P/P531.jpg,P,P,0.969353973865509,3,1
P/P535.jpg,P,P,0.9706467986106873,5,1
P/P558.jpg,P,P,0.9687909483909607,3,1
P/P56.jpg,P,P,0.9759819507598877,4,1
P/P560.jpg,P,P,0.9666783809661865,3,1
P/P565.jpg,P,P,0.9658445119857788,3,1
P/P570.jpg,P,P,0.967037558555603,3,1
P/P574.jpg,P,P,0.9691539406776428,4,1
P/P578.jpg,P,P,0.9688155055046082,3,1
P/P579.jpg,P,P,0.96842360496521,4,1
P/P582.jpg,P,P,0.9635830521583557,3,1
P/P59.jpg,P,P,0.9725705981254578,4,1
P/P591.jpg,P,P,0.9619075059890747,6,1
P/P6.jpg,P,P,0.9741650223731995,5,1
P/P600.jpg,P,P,0.9700414538383484,4,1
P/P605.jpg,P,P,0.9726826548576355,5,1
P/P606.jpg,P,P,0.9732654690742493,4,1
P/P608.jpg,P,P,0.9758999943733215,4,1
P/P611.jpg,P,P,0.9772804379463196,5,1
P/P62.jpg,P,P,0.9693743586540222,4,1
P/P626.jpg,P,P,0.9698401093482971,4,1
P/P635.jpg,P,P,0.9636555314064026,4,1
P/P637.jpg,P,P,0.9699481129646301,4,1
P/P646.jpg,P,P,0.972754955291748,5,1
P/P648.jpg,P,P,0.9744539260864258,4,1
P/P655.jpg,P,P,0.9743760228157043,4,1
P/P657.jpg,P,P,0.9741777777671814,5,1
P/P669.jpg,P,P,0.9747102856636047,6,1
P/P678.jpg,P,P,0.9748975038528442,6,1
P/P679.jpg,P,P,0.9743942618370056,5,1
P/P686.jpg,P,P,0.9731950163841248,5,1
P/P692.jpg,P,P,0.9730674028396606,4,1
P/P693.jpg,P,P,0.973253607749939,4,1
P/P694.jpg,P,P,0.9720306396484375,4,1
P/P695.jpg,P,P,0.9708300828933716,4,1
P/P699.jpg,P,P,0.9736705422401428,4,1
P/P704.jpg,P,P,0.9700472950935364,4,1
P/P709.jpg,P,P,0.9683563709259033,4,1
P/P712.jpg,P,P,0.9702004194259644,4,1
P/P715.jpg,P,P,0.9730163812637329,3,1
P/P722.jpg,P,P,0.975426435470581,4,1
P/P725.jpg,P,P,0.9698165059089661,5,1
P/P728.jpg,P,P,0.9668470621109009,4,1
P/P73.jpg,P,P,0.9633511900901794,4,1
P/P739.jpg,P,P,0.9689132571220398,5,1
P/P745.jpg,P,P,0.9708766341209412,3,1
P/P751.jpg,P,P,0.9699543118476868,4,1
P/P759.jpg,P,P,0.9710354208946228,3,1
P/P768.jpg,P,P,0.977652907371521,4,1
P/P770.jpg,P,P,0.9751410484313965,4,1
P/P786.jpg,P,P,0.9719155430793762,4,1
P/P8.jpg,P,P,0.9735132455825806,5,1
P/P800.jpg,P,P,0.9744744300842285,4,1
P/P801.jpg,P,P,0.9732415080070496,4,1
P/P807.jpg,P,P,0.9706974029541016,5,1
P/P810.jpg,P,P,0.9692944884300232,5,1
P/P813.jpg,P,P,0.9742890000343323,5,1
P/P821.jpg,P,P,0.9763432145118713,4,1
P/P827.jpg,P,P,0.9746116399765015,4,1
P/P828.jpg,P,P,0.9767654538154602,4,1
P/P832.jpg,P,P,0.9732233285903931,3,1
P/P834.jpg,P,P,0.9719858169555664,4,1
P/P836.jpg,P,P,0.9723597764968872,4,1
P/P845.jpg,P,P,0.97360759973526,5,1
P/P849.jpg,P,P,0.9706769585609436,4,1
P/P85.jpg,P,P,0.9690927267074585,4,1
P/P851.jpg,P,P,0.9729281663894653,4,1
P/P855.jpg,P,P,0.9721438884735107,4,1
P/P87.jpg,P,P,0.9705604314804077,4,1
P/P870.jpg,P,P,0.9762704968452454,4,1
P/P872.jpg,P,P,0.9746930599212646,3,1
P/P876.jpg,P,P,0.9770472049713135,1,1
P/P877.jpg,P,P,0.9764425158500671,3,1
P/P882.jpg,P,P,0.9779959917068481,1,1
P/P883.jpg,P,P,0.9782393574714661,3,1
P/P890.jpg,P,P,0.9740310907363892,4,1
P/P892.jpg,P,P,0.9719217419624329,3,1
P/P893.jpg,P,P,0.9722954034805298,2,1
P/P895.jpg,P,P,0.9731897115707397,2,1
P/P896.jpg,P,P,0.9726288914680481,2,1
P/P899.jpg,P,P,0.9756410717964172,3,1
P/P9.jpg,P,P,0.9748128652572632,5,1
P/P90.jpg,P,P,0.9681201577186584,3,1
P/P900.jpg,P,P,0.975226104259491,2,1
P/P907.jpg,P,P,0.9730463027954102,2,1
P/P914.jpg,P,P,0.9767155051231384,2,1
P/P917.jpg,P,P,0.9763314723968506,1,1
P/P922.jpg,P,P,0.9744808673858643,2,1
P/P936.jpg,P,P,0.9759459495544434,2,1
P/P937.jpg,P,P,0.9743797779083252,3,1
P/P941.jpg,P,P,0.9773765802383423,5,1
P/P947.jpg,P,P,0.9759357571601868,4,1
P/P957.jpg,P,P,0.978141725063324,2,1
P/P958.jpg,P,P,0.9748250246047974,2,1
P/P961.jpg,P,P,0.9709680080413818,2,1
P/P970.jpg,P,P,0.9723064303398132,2,1
P/P975.jpg,P,P,0.9721285700798035,2,1
P/P980.jpg,P,P,0.975236713886261,2,1
P/P981.jpg,P,P,0.9757589101791382,2,1
P/P99.jpg,P,P,0.9653520584106445,3,1
P/P999.jpg,P,P,0.9793804287910461,2,1
Q/Q1.jpg,Q,Q,0.9848388433456421,1,1
Q/Q1002.jpg,Q,Q,0.9804759621620178,2,1
Q/Q1003.jpg,Q,Q,0.9804163575172424,2,1
Q/Q1004.jpg,Q,Q,0.9797908663749695,2,1
Q/Q1006.jpg,Q,Q,0.9783478379249573,2,1
Q/Q1007.jpg,Q,Q,0.9790383577346802,2,1
Q/Q1014.jpg,Q,Q,0.974833071231842,1,1
Q/Q1015.jpg,Q,Q,0.980485200881958,3,1
Q/Q1018.jpg,Q,Q,0.9761407375335693,2,1
Q/Q1019.jpg,Q,Q,0.9781272411346436,4,1
Q/Q102.jpg,Q,Q,0.9846184849739075,2,1
Q/Q1020.jpg,Q,Q,0.975226104259491,3,1
Q/Q1022.jpg,Q,Q,0.9781895279884338,3,1
Q/Q1033.jpg,Q,Q,0.9806497097015381,2,1
Q/Q1035.jpg,Q,Q,0.9762291312217712,2,1
Q/Q1037.jpg,Q,Q,0.9759606122970581,2,1
Q/Q1038.jpg,Q,Q,0.9796608090400696,2,1
Q/Q1044.jpg,Q,Q,0.9784309267997742,2,1
Q/Q1047.jpg,Q,Q,0.9840072989463806,2,1
Q/Q1049.jpg,Q,Q,0.9855281710624695,2,1
Q/Q1054.jpg,Q,Q,0.9863341450691223,2,1
Q/Q1058.jpg,Q,Q,0.9848702549934387,1,1
Q/Q1064.jpg,Q,Q,0.9840317368507385,2,1
Q/Q1065.jpg,Q,Q,0.9844450354576111,1,1
Q/Q1066.jpg,Q,Q,0.9838628172874451,2,1
Q/Q1077.jpg,Q,Q,0.9826543927192688,3,1
Q/Q1082.jpg,Q,Q,0.9847534894943237,2,1
Q/Q1097.jpg,Q,Q,0.9688910245895386,2,1
Q/Q110.jpg,Q,Q,0.988135814666748,1,1
Q/Q1101.jpg,Q,Q,0.97871333360672,3,1
Q/Q1109.jpg,Q,Q,0.9807865023612976,1,1
Q/Q111.jpg,Q,Q,0.9878183603286743,1,1
Q/Q1118.jpg,Q,Q,0.9870469570159912,3,1
Q/Q1136.jpg,Q,Q,0.9749587178230286,3,1
Q/Q1139.jpg,Q,Q,0.9740402698516846,3,1
Q/Q1147.jpg,Q,Q,0.9743461608886719,3,1
Q/Q1155.jpg,Q,Q,0.9693049192428589,3,1
Q/Q1156.jpg,Q,Q,0.9714587926864624,2,1
Q/Q1161.jpg,Q,Q,0.9773105382919312,2,1
Q/Q1169.jpg,Q,Q,0.9693013429641724,5,1
Q/Q1173.jpg,Q,Q,0.9779942631721497,4,1
Q/Q118.jpg,Q,Q,0.9863181114196777,1,1
Q/Q1180.jpg,Q,Q,0.9855424165725708,2,1
Q/Q1181.jpg,Q,Q,0.9849891662597656,2,1
Q/Q1182.jpg,Q,Q,0.9840555191040039,2,1
Q/Q1188.jpg,Q,Q,0.9851897358894348,2,1
Q/Q1193.jpg,Q,Q,0.9812776446342468,2,1
Q/Q1205.jpg,Q,Q,0.975236177444458,5,1
Q/Q1207.jpg,Q,Q,0.9783115983009338,4,1
Q/Q1214.jpg,Q,Q,0.9789365530014038,2,1
Q/Q1227.jpg,Q,Q,0.9879992008209229,1,1
Q/Q1229.jpg,Q,Q,0.9847093224525452,1,1
Q/Q123.jpg,Q,Q,0.9857877492904663,1,1
Q/Q1230.jpg,Q,Q,0.9857630729675293,1,1
Q/Q1231.jpg,Q,Q,0.9857875108718872,2,1
Q/Q1233.jpg,Q,Q,0.9858436584472656,2,1
Q/Q1245.jpg,Q,Q,0.9794700145721436,1,1
Q/Q1250.jpg,Q,Q,0.9870699644088745,4,1
Q/Q1253.jpg,Q,Q,0.984233558177948,2,1
Q/Q1254.jpg,Q,Q,0.98348468542099,4,1
Q/Q1255.jpg,Q,Q,0.9814766049385071,5,1
Q/Q1259.jpg,Q,Q,0.9839937686920166,5,1
Q/Q1282.jpg,Q,Q,0.9832972288131714,2,1
Q/Q1286.jpg,Q,Q,0.9815913438796997,2,1
Q/Q1299.jpg,Q,Q,0.9809288382530212,2,1
Q/Q1301.jpg,Q,Q,0.9787271618843079,3,1
Q/Q1308.jpg,Q,Q,0.979099690914154,2,1
Q/Q1309.jpg,Q,Q,0.9790384769439697,2,1
Q/Q1314.jpg,Q,Q,0.9810015559196472,2,1
Q/Q1323.jpg,Q,Q,0.9840892553329468,2,1
Q/Q1328.jpg,Q,Q,0.9840512871742249,4,1
Q/Q1329.jpg,Q,Q,0.9845392107963562,4,1
Q/Q133.jpg,Q,Q,0.9834024906158447,1,1
Q/Q1339.jpg,Q,Q,0.9841475486755371,3,1
Q/Q1349.jpg,Q,Q,0.9798465967178345,3,1
Q/Q1350.jpg,Q,Q,0.9782442450523376,3,1
Q/Q1370.jpg,Q,Q,0.9872477054595947,3,1
Q/Q1375.jpg,Q,Q,0.9856576323509216,4,1
Q/Q1378.jpg,Q,Q,0.9825421571731567,3,1
Q/Q1380.jpg,Q,Q,0.9836041331291199,3,1
Q/Q1389.jpg,Q,Q,0.9832339286804199,5,1
Q/Q1392.jpg,Q,Q,0.9854636788368225,4,1
Q/Q1393.jpg,Q,Q,0.9842958450317383,4,1
Q/Q1394.jpg,Q,Q,0.986520528793335,4,1
Q/Q1401.jpg,Q,Q,0.9840823411941528,3,1
Q/Q141.jpg,Q,Q,0.9831164479255676,2,1
Q/Q1410.jpg,Q,Q,0.9824002981185913,3,1
Q/Q142.jpg,Q,Q,0.9853652119636536,2,1
Q/Q1421.jpg,Q,Q,0.9834861755371094,3,1
Q/Q1426.jpg,Q,Q,0.9854214191436768,2,1
Q/Q1447.jpg,Q,Q,0.983546257019043,3,1
Q/Q1450.jpg,Q,Q,0.9810270071029663,3,1
Q/Q1451.jpg,Q,Q,0.9808823466300964,3,1
Q/Q1458.jpg,Q,Q,0.982928991317749,3,1
Q/Q1462.jpg,Q,Q,0.9804922342300415,3,1
Q/Q1464.jpg,Q,Q,0.9814983010292053,3,1
Q/Q1468.jpg,Q,Q,0.9800713658332825,3,1
Q/Q1469.jpg,Q,Q,0.9792931079864502,3,1
Q/Q1470.jpg,Q,Q,0.9808284640312195,3,1
Q/Q1476.jpg,Q,Q,0.9802005290985107,3,1
Q/Q1479.jpg,Q,Q,0.980815589427948,3,1
Q/Q1486.jpg,Q,Q,0.9800593256950378,3,1
Q/Q1489.jpg,Q,Q,0.9807417988777161,3,1
Q/Q149.jpg,Q,Q,0.9844582080841064,1,1
Q/Q1496.jpg,Q,Q,0.9782454371452332,3,1
Q/Q1508.jpg,Q,Q,0.9814457297325134,3,1
Q/Q1511.jpg,Q,Q,0.9819974303245544,3,1
Q/Q1512.jpg,Q,Q,0.9804876446723938,3,1
Q/Q1520.jpg,Q,Q,0.9833669662475586,2,1
Q/Q1521.jpg,Q,Q,0.9878134727478027,2,1
Q/Q1523.jpg,Q,Q,0.9850452542304993,3,1
Q/Q1527.jpg,Q,Q,0.9848179221153259,2,1
Q/Q153.jpg,Q,Q,0.9842280149459839,1,1
Q/Q1536.jpg,Q,Q,0.9812750220298767,2,1
Q/Q1538.jpg,Q,Q,0.9760591983795166,2,1
Q/Q1543.jpg,Q,Q,0.9816862344741821,2,1
Q/Q1547.jpg,Q,Q,0.98593670129776,2,1
Q/Q1552.jpg,Q,Q,0.9825228452682495,1,1
Q/Q1553.jpg,Q,Q,0.9775206446647644,2,1
Q/Q1554.jpg,Q,Q,0.9831968545913696,3,1
Q/Q1558.jpg,Q,Q,0.9801299571990967,1,1
Q/Q1568.jpg,Q,Q,0.9804682731628418,3,1
Q/Q1574.jpg,Q,Q,0.9783574342727661,3,1
Q/Q1575.jpg,Q,Q,0.9807217121124268,3,1
Q/Q1577.jpg,Q,Q,0.9805945754051208,3,1
Q/Q1578.jpg,Q,Q,0.9816328287124634,3,1
Q/Q1580.jpg,Q,Q,0.9790856242179871,3,1
Q/Q1581.jpg,Q,Q,0.9841961860656738,3,1
Q/Q1583.jpg,Q,Q,0.9827470779418945,3,1
Q/Q1584.jpg,Q,Q,0.9822875261306763,3,1
Q/Q1592.jpg,Q,Q,0.9806057810783386,3,1
Q/Q1593.jpg,Q,Q,0.9790013432502747,3,1
Q/Q1600.jpg,Q,Q,0.9845706820487976,4,1
Q/Q1604.jpg,Q,Q,0.9877212643623352,4,1
Q/Q1607.jpg,Q,Q,0.9859778881072998,4,1
Q/Q1615.jpg,Q,Q,0.9850406050682068,5,1
Q/Q1628.jpg,Q,Q,0.9822538495063782,3,1
Q/Q1630.jpg,Q,Q,0.9840944409370422,2,1
Q/Q1633.jpg,Q,Q,0.984509289264679,3,1
Q/Q1640.jpg,Q,Q,0.9827271103858948,3,1
Q/Q1642.jpg,Q,Q,0.9805074334144592,3,1
Q/Q1651.jpg,Q,Q,0.9767127633094788,4,1
Q/Q1659.jpg,Q,Q,0.9810887575149536,2,1
Q/Q1662.jpg,Q,Q,0.9799750447273254,3,1
Q/Q1668.jpg,Q,Q,0.9805177450180054,3,1
Q/Q1669.jpg,Q,Q,0.9799119830131531,2,1
Q/Q1672.jpg,Q,Q,0.9815820455551147,2,1
Q/Q1675.jpg,Q,Q,0.9823318123817444,2,1
Q/Q1676.jpg,Q,Q,0.9825352430343628,2,1
Q/Q168.jpg,Q,Q,0.9827924370765686,1,1
Q/Q1684.jpg,Q,Q,0.9780686497688293,3,1
Q/Q1688.jpg,Q,Q,0.97913658618927,2,1
Q/Q1692.jpg,Q,Q,0.9774201512336731,3,1
Q/Q1695.jpg,Q,Q,0.980914831161499,2,1
Q/Q1696.jpg,Q,Q,0.9825384616851807,2,1
Q/Q170.jpg,Q,Q,0.9830937385559082,1,1
Q/Q1700.jpg,Q,Q,0.9840056896209717,2,1
Q/Q1708.jpg,Q,Q,0.9792373180389404,2,1
Q/Q171.jpg,Q,Q,0.9839302897453308,2,1
Q/Q1712.jpg,Q,Q,0.9808264970779419,3,1
Q/Q1714.jpg,Q,Q,0.9821949601173401,2,1
Q/Q1716.jpg,Q,Q,0.9833815097808838,2,1
Q/Q1720.jpg,Q,Q,0.9821036458015442,3,1
Q/Q1726.jpg,Q,Q,0.9820380210876465,2,1
Q/Q1727.jpg,Q,Q,0.9830255508422852,2,1
Q/Q1728.jpg,Q,Q,0.983347475528717,3,1
Q/Q1731.jpg,Q,Q,0.9816909432411194,2,1
Q/Q1734.jpg,Q,Q,0.9820842146873474,2,1
Q/Q1741.jpg,Q,Q,0.9797654747962952,3,1
Q/Q1748.jpg,Q,Q,0.9802237749099731,3,1
Q/Q1749.jpg,Q,Q,0.9811739921569824,2,1
Q/Q1753.jpg,Q,Q,0.9778768420219421,2,1
Q/Q1755.jpg,Q,Q,0.9817038178443909,2,1
Q/Q1759.jpg,Q,Q,0.9821651577949524,3,1
Q/Q1760.jpg,Q,Q,0.9805966019630432,2,1
Q/Q1770.jpg,Q,Q,0.9823848605155945,3,1
Q/Q1771.jpg,Q,Q,0.9816659092903137,5,1
Q/Q1775.jpg,Q,Q,0.9726428389549255,4,1
Q/Q1777.jpg,Q,Q,0.9665557742118835,3,1
Q/Q1778.jpg,Q,Q,0.9708564877510071,3,1
Q/Q1780.jpg,Q,Q,0.9696407914161682,3,1
Q/Q1783.jpg,Q,Q,0.9786121845245361,4,1
Q/Q1788.jpg,Q,Q,0.981553316116333,3,1
Q/Q1791.jpg,Q,Q,0.984233558177948,3,1
Q/Q1801.jpg,Q,Q,0.9854558110237122,4,1
Q/Q1802.jpg,Q,Q,0.9859598875045776,3,1
Q/Q1804.jpg,Q,Q,0.9842775464057922,3,1
Q/Q1809.jpg,Q,Q,0.9844452738761902,3,1
Q/Q181.jpg,Q,Q,0.9834457039833069,2,1
Q/Q1816.jpg,Q,Q,0.9824793338775635,3,1
Q/Q1817.jpg,Q,Q,0.9871408939361572,4,1
Q/Q1826.jpg,Q,Q,0.9829304814338684,3,1
Q/Q1827.jpg,Q,Q,0.9841620922088623,3,1
Q/Q1839.jpg,Q,Q,0.9845698475837708,3,1
Q/Q1846.jpg,Q,Q,0.9817381501197815,3,1
Q/Q1863.jpg,Q,Q,0.9682134389877319,3,1
Q/Q1875.jpg,Q,Q,0.9801003336906433,2,1
Q/Q1884.jpg,Q,Q,0.978682279586792,3,1
Q/Q1885.jpg,Q,Q,0.9814060926437378,3,1
Q/Q1888.jpg,Q,Q,0.9744938611984253,3,1
Q/Q1895.jpg,Q,Q,0.9803138375282288,2,1
Q/Q1898.jpg,Q,Q,0.9797770380973816,2,1
Q/Q1903.jpg,Q,Q,0.9815412759780884,2,1
Q/Q1905.jpg,Q,Q,0.982755720615387,2,1
Q/Q1908.jpg,Q,Q,0.9830800294876099,2,1
Q/Q1910.jpg,Q,Q,0.9823989272117615,2,1
Q/Q1913.jpg,Q,Q,0.9843032360076904,2,1
Q/Q1914.jpg,Q,Q,0.984971821308136,2,1
Q/Q1917.jpg,Q,Q,0.9857175350189209,2,1
Q/Q192.jpg,Q,Q,0.9856756925582886,1,1
Q/Q1924.jpg,Q,Q,0.986221194267273,2,1
Q/Q1938.jpg,Q,Q,0.9858154058456421,2,1
Q/Q1939.jpg,Q,Q,0.985088050365448,2,1
Q/Q1943.jpg,Q,Q,0.9867061972618103,2,1
Q/Q1956.jpg,Q,Q,0.9853627681732178,2,1
Q/Q1957.jpg,Q,Q,0.98497074842453,2,1
Q/Q1959.jpg,Q,Q,0.9859133362770081,1,1
Q/Q1960.jpg,Q,Q,0.9859002232551575,1,1
Q/Q1963.jpg,Q,Q,0.9865484833717346,1,1
Q/Q1970.jpg,Q,Q,0.987957775592804,2,1
Q/Q1975.jpg,Q,Q,0.9872952103614807,2,1
Q/Q1977.jpg,Q,Q,0.9878443479537964,2,1
Q/Q198.jpg,Q,Q,0.9853600859642029,1,1
Q/Q1994.jpg,Q,Q,0.9854521155357361,2,1
Q/Q1997.jpg,Q,Q,0.986045777797699,1,1
Q/Q2000.jpg,Q,Q,0.9874221086502075,1,1
Q/Q2004.jpg,Q,Q,0.9870833158493042,1,1
Q/Q2005.jpg,Q,Q,0.9862599968910217,1,1
Q/Q201.jpg,Q,Q,0.9859240055084229,1,1
Q/Q2012.jpg,Q,Q,0.9807165265083313,2,1
Q/Q2013.jpg,Q,Q,0.983248233795166,1,1
Q/Q2017.jpg,Q,Q,0.9828900694847107,3,1
Q/Q2028.jpg,Q,Q,0.9848327040672302,1,1
Q/Q2033.jpg,Q,Q,0.984026312828064,1,1
Q/Q2037.jpg,Q,Q,0.9875089526176453,2,1
Q/Q2041.jpg,Q,Q,0.9859248995780945,2,1
Q/Q2045.jpg,Q,Q,0.9867897629737854,2,1
Q/Q2049.jpg,Q,Q,0.9860821962356567,2,1
Q/Q2050.jpg,Q,Q,0.9864820241928101,2,1
Q/Q2054.jpg,Q,Q,0.9870403409004211,2,1
Q/Q2058.jpg,Q,Q,0.9854761958122253,4,1
Q/Q2064.jpg,Q,Q,0.9844294786453247,2,1
Q/Q2065.jpg,Q,Q,0.9792627096176147,2,1
Q/Q207.jpg,Q,Q,0.9844633340835571,1,1
Q/Q2073.jpg,Q,Q,0.9871975183486938,3,1
Q/Q2077.jpg,Q,Q,0.9872496724128723,3,1
Q/Q2078.jpg,Q,Q,0.9878599047660828,3,1
Q/Q2087.jpg,Q,Q,0.9825057983398438,2,1
Q/Q2089.jpg,Q,Q,0.9828523993492126,2,1
Q/Q209.jpg,Q,Q,0.9864085912704468,1,1
Q/Q2091.jpg,Q,Q,0.984921395778656,2,1
Q/Q2092.jpg,Q,Q,0.9830988049507141,3,1
Q/Q2094.jpg,Q,Q,0.98647540807724,3,1
Q/Q2098.jpg,Q,Q,0.9845346212387085,3,1
Q/Q2099.jpg,Q,Q,0.9843946099281311,3,1
Q/Q2101.jpg,Q,Q,0.9842431545257568,4,1
Q/Q2107.jpg,Q,Q,0.983105480670929,3,1
Q/Q2112.jpg,Q,Q,0.9819961786270142,3,1
Q/Q2118.jpg,Q,Q,0.9867180585861206,2,1
Q/Q2123.jpg,Q,Q,0.9871341586112976,2,1
Q/Q2124.jpg,Q,Q,0.9868558049201965,2,1
Q/Q2128.jpg,Q,Q,0.986401379108429,3,1
Q/Q2145.jpg,Q,Q,0.9840424656867981,3,1
Q/Q2152.jpg,Q,Q,0.9832489490509033,3,1
Q/Q2153.jpg,Q,Q,0.9831737875938416,3,1
Q/Q2162.jpg,Q,Q,0.9825085401535034,3,1
Q/Q2164.jpg,Q,Q,0.9846994280815125,3,1
Q/Q2166.jpg,Q,Q,0.984060525894165,2,1
Q/Q2169.jpg,Q,Q,0.9839447140693665,2,1
Q/Q2184.jpg,Q,Q,0.9865233302116394,1,1
Q/Q2186.jpg,Q,Q,0.9852650761604309,1,1
Q/Q2197.jpg,Q,Q,0.9820032715797424,1,1
Q/Q2200.jpg,Q,Q,0.9848671555519104,2,1
Q/Q2202.jpg,Q,Q,0.9852690100669861,2,1
Q/Q2208.jpg,Q,Q,0.9866647720336914,2,1
Q/Q2209.jpg,Q,Q,0.9852472543716431,2,1
Q/Q2213.jpg,Q,Q,0.9825588464736938,3,1
Q/Q2215.jpg,Q,Q,0.9797528982162476,4,1
Q/Q2216.jpg,Q,Q,0.980428159236908,3,1
Q/Q2224.jpg,Q,Q,0.9790145754814148,3,1
Q/Q2227.jpg,Q,Q,0.9813653826713562,4,1
Q/Q2229.jpg,Q,Q,0.9806666970252991,4,1
Q/Q2231.jpg,Q,Q,0.9842358827590942,3,1
Q/Q2238.jpg,Q,Q,0.9845535755157471,2,1
Q/Q2247.jpg,Q,Q,0.9859041571617126,2,1
Q/Q2249.jpg,Q,Q,0.9869228005409241,1,1
Q/Q2251.jpg,Q,Q,0.984684944152832,1,1
Q/Q2254.jpg,Q,Q,0.9854422807693481,1,1
Q/Q226.jpg,Q,Q,0.9882516264915466,3,1
Q/Q2267.jpg,Q,Q,0.9848752617835999,5,1
Q/Q2268.jpg,Q,Q,0.9856356382369995,3,1
Q/Q2272.jpg,Q,Q,0.9831967353820801,4,1
Q/Q2274.jpg,Q,Q,0.9818248152732849,2,1
Q/Q228.jpg,Q,Q,0.9895524382591248,3,1
Q/Q2281.jpg,Q,Q,0.9809635877609253,4,1
Q/Q2285.jpg,Q,Q,0.980861485004425,2,1
Q/Q2286.jpg,Q,Q,0.9809015393257141,2,1
Q/Q229.jpg,Q,Q,0.988465428352356,3,1
Q/Q23.jpg,Q,Q,0.984882652759552,2,1
Q/Q2300.jpg,Q,Q,0.9840657114982605,3,1
Q/Q2301.jpg,Q,Q,0.9863144159317017,2,1
Q/Q2305.jpg,Q,Q,0.9837881326675415,2,1
Q/Q2306.jpg,Q,Q,0.9846797585487366,2,1
Q/Q2308.jpg,Q,Q,0.9836719632148743,2,1
Q/Q2315.jpg,Q,Q,0.9867022633552551,2,1
Q/Q2320.jpg,Q,Q,0.9855711460113525,3,1
Q/Q2334.jpg,Q,Q,0.9864466190338135,2,1
Q/Q2335.jpg,Q,Q,0.9855805039405823,2,1
Q/Q2344.jpg,Q,Q,0.9864657521247864,2,1
Q/Q2345.jpg,Q,Q,0.9854193925857544,2,1
Q/Q2346.jpg,Q,Q,0.9847106337547302,2,1
Q/Q2361.jpg,Q,Q,0.9874288439750671,2,1
Q/Q2383.jpg,Q,Q,0.9838347434997559,2,1
Q/Q2384.jpg,Q,Q,0.9840696454048157,3,1
Q/Q2389.jpg,Q,Q,0.9849035739898682,4,1
Q/Q2391.jpg,Q,Q,0.9863298535346985,3,1
Q/Q2398.jpg,Q,Q,0.9862933158874512,4,1
Q/Q2400.jpg,Q,Q,0.9863601326942444,4,1
Q/Q2404.jpg,Q,Q,0.970476508140564,4,1
Q/Q2418.jpg,Q,Q,0.9860687255859375,5,1
Q/Q2422.jpg,Q,Q,0.980387270450592,4,1
Q/Q2425.jpg,Q,Q,0.9809766411781311,4,1
Q/Q243.jpg,Q,Q,0.9872958064079285,2,1
Q/Q2433.jpg,Q,Q,0.978381872177124,3,1
Q/Q2439.jpg,Q,Q,0.986350953578949,3,1
Q/Q2444.jpg,Q,Q,0.9750990867614746,3,1
Q/Q2445.jpg,Q,nothing,0.9484253525733948,4,0
Q/Q2448.jpg,Q,Q,0.9820338487625122,3,1
Q/Q2452.jpg,Q,Q,0.9680363535881042,3,1
Q/Q2456.jpg,Q,Q,0.9830120205879211,4,1
Q/Q2466.jpg,Q,Q,0.957728922367096,3,1
Q/Q2471.jpg,Q,nothing,0.9055718183517456,3,0
Q/Q2473.jpg,Q,Q,0.9649823307991028,4,1
Q/Q2476.jpg,Q,Q,0.9673517942428589,4,1
Q/Q2485.jpg,Q,Q,0.9834771752357483,2,1
Q/Q2493.jpg,Q,Q,0.9795246720314026,3,1
Q/Q2509.jpg,Q,Q,0.9862702488899231,2,1
Q/Q2510.jpg,Q,Q,0.9866355061531067,2,1
Q/Q252.jpg,Q,Q,0.9871119856834412,2,1
Q/Q2521.jpg,Q,Q,0.9850059151649475,2,1
Q/Q2524.jpg,Q,Q,0.9850837588310242,2,1
Q/Q2527.jpg,Q,Q,0.9859112501144409,2,1
Q/Q2529.jpg,Q,Q,0.9858691692352295,2,1
Q/Q2534.jpg,Q,Q,0.9852692484855652,2,1
Q/Q2535.jpg,Q,Q,0.9845966696739197,3,1
Q/Q2542.jpg,Q,Q,0.9837824702262878,2,1
Q/Q2543.jpg,Q,Q,0.985071063041687,2,1
Q/Q2553.jpg,Q,Q,0.9851460456848145,2,1
Q/Q256.jpg,Q,Q,0.98613041639328,2,1
Q/Q2565.jpg,Q,Q,0.9815365672111511,2,1
Q/Q2583.jpg,Q,Q,0.9820002913475037,2,1
Q/Q2584.jpg,Q,Q,0.9819970726966858,2,1
Q/Q2585.jpg,Q,Q,0.982431948184967,2,1
Q/Q2587.jpg,Q,Q,0.9822679758071899,2,1
Q/Q2593.jpg,Q,Q,0.9829913377761841,2,1
Q/Q2595.jpg,Q,Q,0.9835429191589355,2,1
Q/Q2598.jpg,Q,Q,0.9834840893745422,2,1
Q/Q2600.jpg,Q,Q,0.9858534336090088,2,1
Q/Q2607.jpg,Q,Q,0.9838428497314453,1,1
Q/Q2615.jpg,Q,Q,0.9849512577056885,1,1
Q/Q2617.jpg,Q,Q,0.9847613573074341,2,1
Q/Q2619.jpg,Q,Q,0.9859172701835632,2,1
Q/Q2623.jpg,Q,Q,0.984459400177002,2,1
Q/Q2627.jpg,Q,Q,0.984472930431366,2,1
Q/Q2635.jpg,Q,Q,0.9807916283607483,2,1
Q/Q264.jpg,Q,Q,0.9873133301734924,2,1
Q/Q2650.jpg,Q,Q,0.9835573434829712,2,1
Q/Q2661.jpg,Q,Q,0.9853861331939697,3,1
Q/Q2662.jpg,Q,Q,0.986311137676239,3,1
Q/Q2672.jpg,Q,Q,0.9813973903656006,2,1
Q/Q2681.jpg,Q,Q,0.9799531698226929,3,1
Q/Q2686.jpg,Q,Q,0.9819409847259521,2,1
Q/Q2689.jpg,Q,Q,0.9828954935073853,2,1
Q/Q2692.jpg,Q,Q,0.9837467074394226,2,1
Q/Q2703.jpg,Q,Q,0.9865585565567017,4,1
Q/Q2704.jpg,Q,Q,0.986274778842926,3,1
Q/Q2705.jpg,Q,Q,0.9859210848808289,3,1
Q/Q2711.jpg,Q,Q,0.9854320883750916,3,1
Q/Q272.jpg,Q,Q,0.9872874021530151,2,1
Q/Q273.jpg,Q,Q,0.9870352149009705,2,1
Q/Q2736.jpg,Q,Q,0.9859557151794434,2,1
Q/Q2739.jpg,Q,Q,0.9880186319351196,3,1
Q/Q2752.jpg,Q,Q,0.9831064939498901,3,1
Q/Q2760.jpg,Q,Q,0.9814335703849792,3,1
Q/Q2767.jpg,Q,Q,0.9824807047843933,3,1
Q/Q2768.jpg,Q,Q,0.9814885854721069,3,1
Q/Q277.jpg,Q,Q,0.9860742092132568,2,1
Q/Q2771.jpg,Q,Q,0.9835675954818726,3,1
Q/Q2774.jpg,Q,Q,0.9859647750854492,3,1
Q/Q278.jpg,Q,Q,0.9853960871696472,2,1
Q/Q2781.jpg,Q,Q,0.9852986335754395,2,1
Q/Q2790.jpg,Q,Q,0.9871307015419006,2,1
Q/Q2795.jpg,Q,Q,0.9869673848152161,3,1
Q/Q2802.jpg,Q,Q,0.9843431711196899,2,1
Q/Q2805.jpg,Q,Q,0.984582245349884,2,1
Q/Q2807.jpg,Q,Q,0.9809942245483398,2,1
Q/Q2809.jpg,Q,Q,0.9807645678520203,2,1
Q/Q2810.jpg,Q,Q,0.9813806414604187,2,1
Q/Q2811.jpg,Q,Q,0.9809756278991699,3,1
Q/Q2813.jpg,Q,Q,0.9820288419723511,3,1
Q/Q2815.jpg,Q,Q,0.9819452166557312,2,1
Q/Q2816.jpg,Q,Q,0.9834955334663391,3,1
Q/Q2824.jpg,Q,Q,0.987069845199585,3,1
Q/Q2841.jpg,Q,Q,0.9819024801254272,2,1
Q/Q2846.jpg,Q,Q,0.9827916026115417,1,1
Q/Q2847.jpg,Q,Q,0.9835255146026611,1,1
Q/Q2852.jpg,Q,Q,0.983754575252533,1,1
Q/Q2853.jpg,Q,Q,0.9835927486419678,1,1
Q/Q2854.jpg,Q,Q,0.9835258722305298,1,1
Q/Q2857.jpg,Q,Q,0.9838913083076477,2,1
Q/Q2859.jpg,Q,Q,0.983500599861145,2,1
Q/Q2860.jpg,Q,Q,0.9846783876419067,2,1
Q/Q287.jpg,Q,Q,0.9858836531639099,2,1
Q/Q2872.jpg,Q,Q,0.9838111996650696,2,1
Q/Q2880.jpg,Q,Q,0.982026994228363,2,1
Q/Q2886.jpg,Q,Q,0.9827912449836731,2,1
Q/Q289.jpg,Q,Q,0.9864263534545898,1,1
Q/Q2890.jpg,Q,Q,0.9852778315544128,2,1
Q/Q2891.jpg,Q,Q,0.9854318499565125,2,1
Q/Q2898.jpg,Q,Q,0.9865567088127136,3,1
Q/Q2906.jpg,Q,Q,0.9860055446624756,3,1
Q/Q2910.jpg,Q,Q,0.9848164916038513,3,1
Q/Q292.jpg,Q,Q,0.9890417456626892,1,1
Q/Q2925.jpg,Q,Q,0.9854806065559387,3,1
Q/Q2928.jpg,Q,Q,0.9840289950370789,3,1
Q/Q2930.jpg,Q,Q,0.9834712147712708,3,1
Q/Q2934.jpg,Q,Q,0.9845306873321533,2,1
Q/Q2937.jpg,Q,Q,0.9855719804763794,3,1
Q/Q2939.jpg,Q,Q,0.9857021570205688,2,1
Q/Q2940.jpg,Q,Q,0.9854639172554016,2,1
Q/Q2946.jpg,Q,Q,0.986048698425293,3,1
Q/Q2951.jpg,Q,Q,0.9850842356681824,2,1
Q/Q2952.jpg,Q,Q,0.983822762966156,2,1
Q/Q2955.jpg,Q,Q,0.9863393306732178,2,1
Q/Q2956.jpg,Q,Q,0.9859148263931274,2,1
Q/Q2957.jpg,Q,Q,0.9867636561393738,2,1
Q/Q296.jpg,Q,Q,0.9877504706382751,2,1
Q/Q2968.jpg,Q,Q,0.9878161549568176,2,1
Q/Q2972.jpg,Q,Q,0.9879383444786072,2,1
Q/Q2980.jpg,Q,Q,0.983372151851654,3,1
Q/Q2984.jpg,Q,Q,0.9827300310134888,2,1
Q/Q2992.jpg,Q,Q,0.9850865602493286,2,1
Q/Q2993.jpg,Q,Q,0.9855173230171204,2,1
Q/Q2997.jpg,Q,Q,0.9857059717178345,2,1
Q/Q30.jpg,Q,Q,0.9844083189964294,2,1
Q/Q301.jpg,Q,Q,0.9849719405174255,1,1
Q/Q32.jpg,Q,Q,0.9853657484054565,1,1
Q/Q320.jpg,Q,Q,0.9820111393928528,1,1
Q/Q327.jpg,Q,Q,0.9837781190872192,1,1
Q/Q333.jpg,Q,Q,0.9843435287475586,3,1
Q/Q34.jpg,Q,Q,0.9853157997131348,1,1
Q/Q340.jpg,Q,Q,0.9845194816589355,3,1
Q/Q346.jpg,Q,Q,0.9857000708580017,3,1
Q/Q347.jpg,Q,Q,0.9861538410186768,3,1
Q/Q348.jpg,Q,Q,0.9850810170173645,3,1
Q/Q35.jpg,Q,Q,0.9855314493179321,1,1
Q/Q355.jpg,Q,Q,0.9850335717201233,3,1
Q/Q359.jpg,Q,Q,0.9831848740577698,3,1
Q/Q367.jpg,Q,Q,0.9844110012054443,1,1
Q/Q374.jpg,Q,Q,0.9818592667579651,1,1
Q/Q375.jpg,Q,Q,0.9817521572113037,1,1
Q/Q382.jpg,Q,Q,0.9824527502059937,1,1
Q/Q384.jpg,Q,Q,0.9830889105796814,2,1
Q/Q389.jpg,Q,Q,0.987049400806427,1,1
Q/Q391.jpg,Q,Q,0.9890194535255432,2,1
Q/Q393.jpg,Q,Q,0.9892954230308533,2,1
Q/Q398.jpg,Q,Q,0.9896644949913025,1,1
Q/Q4.jpg,Q,Q,0.9857960939407349,1,1
Q/Q406.jpg,Q,Q,0.9883262515068054,1,1
Q/Q412.jpg,Q,Q,0.9887588024139404,2,1
Q/Q417.jpg,Q,Q,0.9866211414337158,1,1
Q/Q420.jpg,Q,Q,0.9873223900794983,1,1
Q/Q425.jpg,Q,Q,0.9859066009521484,2,1
Q/Q427.jpg,Q,Q,0.9860245585441589,2,1
Q/Q435.jpg,Q,Q,0.9884458780288696,1,1
Q/Q447.jpg,Q,Q,0.9826541543006897,2,1
Q/Q451.jpg,Q,Q,0.9844275116920471,2,1
Q/Q456.jpg,Q,Q,0.9844195246696472,1,1
Q/Q458.jpg,Q,Q,0.9834286570549011,1,1
Q/Q46.jpg,Q,Q,0.9827971458435059,2,1
Q/Q467.jpg,Q,Q,0.9872671961784363,1,1
Q/Q47.jpg,Q,Q,0.9818182587623596,2,1
Q/Q473.jpg,Q,Q,0.9875308871269226,2,1
Q/Q479.jpg,Q,Q,0.9875742793083191,1,1
Q/Q480.jpg,Q,Q,0.9871671795845032,2,1
Q/Q486.jpg,Q,Q,0.987206757068634,1,1
Q/Q49.jpg,Q,Q,0.9847630858421326,2,1
Q/Q5.jpg,Q,Q,0.9849154949188232,1,1
Q/Q500.jpg,Q,Q,0.9875048995018005,2,1
Q/Q501.jpg,Q,Q,0.9871879816055298,1,1
Q/Q508.jpg,Q,Q,0.9870058298110962,1,1
Q/Q51.jpg,Q,Q,0.9891112446784973,2,1
Q/Q510.jpg,Q,Q,0.987234890460968,1,1
Q/Q513.jpg,Q,Q,0.9863085150718689,1,1
Q/Q522.jpg,Q,Q,0.9855273962020874,2,1
Q/Q535.jpg,Q,Q,0.98428875207901,1,1
Q/Q542.jpg,Q,Q,0.9856593012809753,1,1
Q/Q544.jpg,Q,Q,0.9861730933189392,1,1
Q/Q547.jpg,Q,Q,0.9874065518379211,1,1
Q/Q55.jpg,Q,Q,0.988777220249176,1,1
Q/Q551.jpg,Q,Q,0.9889336824417114,1,1
Q/Q555.jpg,Q,Q,0.9900705218315125,2,1
Q/Q556.jpg,Q,Q,0.9910376071929932,2,1
Q/Q562.jpg,Q,Q,0.9888923764228821,3,1
Q/Q58.jpg,Q,Q,0.9873424768447876,1,1
Q/Q584.jpg,Q,Q,0.9895109534263611,2,1
Q/Q590.jpg,Q,Q,0.9899681806564331,2,1
Q/Q596.jpg,Q,Q,0.9897618889808655,2,1
Q/Q601.jpg,Q,Q,0.9901677370071411,2,1
Q/Q609.jpg,Q,Q,0.990455687046051,2,1
Q/Q615.jpg,Q,Q,0.988198459148407,2,1
Q/Q618.jpg,Q,Q,0.988368570804596,2,1
Q/Q619.jpg,Q,Q,0.9872506856918335,2,1
Q/Q62.jpg,Q,Q,0.9876546263694763,1,1
Q/Q620.jpg,Q,Q,0.9867510795593262,2,1
Q/Q622.jpg,Q,Q,0.9883999824523926,2,1
Q/Q624.jpg,Q,Q,0.9879509806632996,2,1
Q/Q625.jpg,Q,Q,0.9877381324768066,2,1
Q/Q628.jpg,Q,Q,0.9884268641471863,4,1
Q/Q64.jpg,Q,Q,0.9847142100334167,1,1
Q/Q642.jpg,Q,Q,0.9870234727859497,2,1
Q/Q644.jpg,Q,Q,0.9871319532394409,2,1
Q/Q650.jpg,Q,Q,0.9870124459266663,1,1
Q/Q666.jpg,Q,Q,0.988505482673645,2,1
Q/Q668.jpg,Q,Q,0.9885932207107544,2,1
Q/Q68.jpg,Q,Q,0.985744297504425,1,1
Q/Q681.jpg,Q,Q,0.9886506795883179,1,1
Q/Q682.jpg,Q,Q,0.9890716075897217,2,1
Q/Q683.jpg,Q,Q,0.9878793358802795,3,1
Q/Q684.jpg,Q,Q,0.9876411557197571,2,1
Q/Q686.jpg,Q,Q,0.9858919978141785,1,1
Q/Q687.jpg,Q,Q,0.9866227507591248,1,1
Q/Q696.jpg,Q,Q,0.9837095737457275,1,1
Q/Q697.jpg,Q,Q,0.9852810502052307,1,1
Q/Q70.jpg,Q,Q,0.9837175607681274,1,1
Q/Q703.jpg,Q,Q,0.9851623177528381,1,1
Q/Q704.jpg,Q,Q,0.9842442274093628,2,1
Q/Q71.jpg,Q,Q,0.9874602556228638,1,1
Q/Q710.jpg,Q,Q,0.9853923916816711,2,1
Q/Q712.jpg,Q,Q,0.984207808971405,1,1
Q/Q72.jpg,Q,Q,0.986855149269104,1,1
Q/Q723.jpg,Q,Q,0.9834362268447876,2,1
Q/Q73.jpg,Q,Q,0.9878365397453308,1,1
Q/Q734.jpg,Q,Q,0.985776960849762,1,1
Q/Q742.jpg,Q,Q,0.9854373931884766,1,1
Q/Q749.jpg,Q,Q,0.9871116280555725,1,1
Q/Q756.jpg,Q,Q,0.9882875084877014,1,1
Q/Q766.jpg,Q,Q,0.9867424964904785,3,1
Q/Q773.jpg,Q,Q,0.986549437046051,1,1
Q/Q78.jpg,Q,Q,0.9893243908882141,1,1
Q/Q789.jpg,Q,Q,0.9888612627983093,1,1
Q/Q793.jpg,Q,Q,0.9849910140037537,2,1
Q/Q801.jpg,Q,Q,0.9852007627487183,2,1
Q/Q803.jpg,Q,Q,0.9860305786132812,2,1
Q/Q806.jpg,Q,Q,0.9853113889694214,2,1
Q/Q807.jpg,Q,Q,0.9861063957214355,2,1
Q/Q81.jpg,Q,Q,0.9904166460037231,2,1
Q/Q813.jpg,Q,Q,0.9853396415710449,2,1
Q/Q825.jpg,Q,Q,0.9844650626182556,2,1
Q/Q83.jpg,Q,Q,0.9874891638755798,2,1
Q/Q835.jpg,Q,Q,0.9877558946609497,2,1
Q/Q838.jpg,Q,Q,0.986992359161377,2,1
Q/Q842.jpg,Q,Q,0.9878259301185608,2,1
Q/Q849.jpg,Q,Q,0.9896681308746338,2,1
Q/Q859.jpg,Q,Q,0.9891852140426636,2,1
Q/Q86.jpg,Q,Q,0.9836109280586243,3,1
Q/Q861.jpg,Q,Q,0.9878722429275513,2,1
Q/Q865.jpg,Q,Q,0.9868029952049255,2,1
Q/Q870.jpg,Q,Q,0.9893962740898132,2,1
Q/Q872.jpg,Q,Q,0.989234447479248,2,1
Q/Q878.jpg,Q,Q,0.9876480102539062,2,1
Q/Q881.jpg,Q,Q,0.9875199794769287,3,1
Q/Q888.jpg,Q,Q,0.9841564297676086,2,1
Q/Q895.jpg,Q,Q,0.9847966432571411,1,1
Q/Q897.jpg,Q,Q,0.9845787286758423,3,1
Q/Q899.jpg,Q,Q,0.9843646883964539,2,1
Q/Q901.jpg,Q,Q,0.9847518801689148,2,1
Q/Q902.jpg,Q,Q,0.9841667413711548,1,1
Q/Q903.jpg,Q,Q,0.9849023222923279,1,1
Q/Q905.jpg,Q,Q,0.9842196106910706,1,1
Q/Q913.jpg,Q,Q,0.9855863451957703,1,1
Q/Q915.jpg,Q,Q,0.9856518507003784,1,1
Q/Q926.jpg,Q,Q,0.9852023720741272,1,1
Q/Q93.jpg,Q,Q,0.989465594291687,2,1
Q/Q934.jpg,Q,Q,0.9833820462226868,2,1
Q/Q937.jpg,Q,Q,0.9843606352806091,1,1
Q/Q939.jpg,Q,Q,0.9856033325195312,2,1
Q/Q946.jpg,Q,Q,0.9867948889732361,1,1
Q/Q958.jpg,Q,Q,0.9881473183631897,3,1
Q/Q96.jpg,Q,Q,0.9866490960121155,2,1
Q/Q967.jpg,Q,Q,0.9874611496925354,2,1
Q/Q968.jpg,Q,Q,0.987868070602417,1,1
Q/Q97.jpg,Q,Q,0.9858958125114441,4,1
Q/Q971.jpg,Q,Q,0.9873085618019104,2,1
Q/Q973.jpg,Q,Q,0.9874662756919861,2,1
Q/Q978.jpg,Q,Q,0.985816240310669,2,1
Q/Q980.jpg,Q,Q,0.9864869117736816,2,1
Q/Q993.jpg,Q,Q,0.9881139397621155,2,1
Q/Q995.jpg,Q,Q,0.9862204790115356,2,1
Q/Q999.jpg,Q,Q,0.9869151711463928,2,1
R/R1.jpg,R,R,0.9836454391479492,1,1
R/R1004.jpg,R,R,0.9814198017120361,2,1
R/R1008.jpg,R,R,0.9815385341644287,2,1
R/R101.jpg,R,R,0.9791759252548218,1,1
R/R1012.jpg,R,R,0.9828014969825745,2,1
R/R1014.jpg,R,R,0.9829944372177124,2,1
R/R1017.jpg,R,R,0.9819431900978088,2,1
R/R1031.jpg,R,R,0.9812801480293274,2,1
R/R1042.jpg,R,R,0.9836314916610718,3,1
R/R1045.jpg,R,R,0.9781686663627625,2,1
R/R105.jpg,R,R,0.9798335433006287,1,1
R/R1050.jpg,R,R,0.9827828407287598,2,1
R/R1052.jpg,R,R,0.9828863739967346,3,1
R/R1053.jpg,R,R,0.9826462268829346,2,1
R/R1059.jpg,R,R,0.980606734752655,2,1
R/R1062.jpg,R,R,0.9839664101600647,2,1
R/R1066.jpg,R,R,0.9842308163642883,2,1
R/R1070.jpg,R,R,0.986512303352356,4,1
R/R1088.jpg,R,R,0.9808305501937866,3,1
R/R1092.jpg,R,R,0.9825335144996643,2,1
R/R1093.jpg,R,R,0.9808787107467651,4,1
R/R1095.jpg,R,R,0.9834643006324768,2,1
R/R1096.jpg,R,R,0.9807000160217285,2,1
R/R1100.jpg,R,R,0.981101930141449,2,1
R/R1103.jpg,R,R,0.9822810888290405,2,1
R/R1105.jpg,R,R,0.9826321601867676,2,1
R/R1117.jpg,R,R,0.9832978248596191,2,1
R/R1118.jpg,R,R,0.9827752709388733,2,1
R/R1121.jpg,R,R,0.9837355613708496,2,1
R/R1123.jpg,R,R,0.9850060343742371,2,1
R/R1124.jpg,R,R,0.9845131039619446,2,1
R/R113.jpg,R,R,0.9701992869377136,1,1
R/R1135.jpg,R,R,0.9835655093193054,2,1
R/R1159.jpg,R,R,0.9806806445121765,2,1
R/R1160.jpg,R,R,0.9796435236930847,2,1
R/R1170.jpg,R,R,0.9810582399368286,2,1
R/R1172.jpg,R,R,0.9845114946365356,3,1
R/R1196.jpg,R,R,0.9815109372138977,3,1
R/R1197.jpg,R,R,0.9821901321411133,3,1
R/R12.jpg,R,R,0.985965371131897,1,1
R/R1203.jpg,R,R,0.9816048741340637,4,1
R/R1205.jpg,R,R,0.981297492980957,3,1
R/R1206.jpg,R,R,0.9848933815956116,3,1
R/R1209.jpg,R,R,0.9853695631027222,3,1
R/R1210.jpg,R,R,0.9841063618659973,3,1
R/R1211.jpg,R,R,0.9840613007545471,3,1
R/R1212.jpg,R,R,0.9851943850517273,3,1
R/R1214.jpg,R,R,0.9854192733764648,3,1
R/R1224.jpg,R,R,0.9855002760887146,3,1
R/R1226.jpg,R,R,0.9848697185516357,3,1
R/R1231.jpg,R,R,0.9848319888114929,2,1
R/R1233.jpg,R,R,0.9848586916923523,2,1
R/R1239.jpg,R,R,0.9847864508628845,2,1
R/R1243.jpg,R,R,0.9847767353057861,2,1
R/R1246.jpg,R,R,0.9851540923118591,2,1
R/R1247.jpg,R,R,0.9857829809188843,3,1
R/R1248.jpg,R,R,0.9853789806365967,2,1
R/R1251.jpg,R,R,0.9833834767341614,2,1
R/R1253.jpg,R,R,0.9833500385284424,3,1
R/R1254.jpg,R,R,0.9830045700073242,4,1
R/R1255.jpg,R,R,0.984686553478241,3,1
R/R1265.jpg,R,R,0.9855872392654419,3,1
R/R1268.jpg,R,R,0.9846692681312561,2,1
R/R1273.jpg,R,R,0.9831720590591431,2,1
R/R1279.jpg,R,R,0.9851882457733154,3,1
R/R1295.jpg,R,R,0.9795794486999512,2,1
R/R1296.jpg,R,R,0.9788600206375122,3,1
R/R13.jpg,R,R,0.9859800934791565,1,1
R/R1300.jpg,R,R,0.9795254468917847,3,1
R/R1306.jpg,R,R,0.980498731136322,3,1
R/R1309.jpg,R,R,0.9828115105628967,2,1
R/R1312.jpg,R,R,0.9787067174911499,4,1
R/R1318.jpg,R,R,0.9849698543548584,4,1
R/R132.jpg,R,R,0.9858426451683044,2,1
R/R1320.jpg,R,R,0.984271228313446,3,1
R/R1324.jpg,R,R,0.9780629277229309,3,1
R/R133.jpg,R,R,0.9856244325637817,3,1
R/R1332.jpg,R,R,0.982570469379425,2,1
R/R1333.jpg,R,R,0.9857931733131409,2,1
R/R1334.jpg,R,R,0.9840288758277893,2,1
R/R1348.jpg,R,R,0.9849317073822021,2,1
R/R1350.jpg,R,R,0.9821676015853882,2,1
R/R1354.jpg,R,R,0.9805976748466492,2,1
R/R1355.jpg,R,R,0.9846314787864685,2,1
R/R1357.jpg,R,R,0.9822929501533508,2,1
R/R1359.jpg,R,R,0.976628303527832,2,1
R/R1360.jpg,R,R,0.9757360816001892,2,1
R/R1362.jpg,R,R,0.9828146696090698,3,1
R/R1372.jpg,R,R,0.9832166433334351,2,1
R/R1375.jpg,R,R,0.9767861366271973,2,1
R/R1378.jpg,R,R,0.9824366569519043,2,1
R/R1382.jpg,R,R,0.9830734729766846,2,1
R/R1383.jpg,R,R,0.9840138554573059,2,1
R/R1386.jpg,R,R,0.9829250574111938,3,1
R/R1388.jpg,R,R,0.9831517934799194,3,1
R/R1396.jpg,R,R,0.9797897338867188,3,1
R/R14.jpg,R,R,0.9854534268379211,1,1
R/R1402.jpg,R,R,0.9827372431755066,2,1
R/R1403.jpg,R,R,0.9835942387580872,2,1
R/R1411.jpg,R,R,0.9820836782455444,2,1
R/R1421.jpg,R,R,0.9812192320823669,3,1
R/R1423.jpg,R,R,0.9814396500587463,2,1
R/R1425.jpg,R,R,0.9815660715103149,2,1
R/R1426.jpg,R,R,0.9810246229171753,3,1
R/R145.jpg,R,R,0.9884766340255737,2,1
R/R1450.jpg,R,R,0.9846677184104919,3,1
R/R1455.jpg,R,R,0.9836032390594482,3,1
R/R1460.jpg,R,R,0.9832698106765747,2,1
R/R1462.jpg,R,R,0.9822908639907837,2,1
R/R1466.jpg,R,R,0.9821459650993347,3,1
R/R1468.jpg,R,R,0.9839196801185608,2,1
R/R1470.jpg,R,R,0.9833653569221497,2,1
R/R1471.jpg,R,R,0.982187032699585,3,1
R/R1473.jpg,R,R,0.9816747307777405,2,1
R/R1487.jpg,R,R,0.9776509404182434,2,1
R/R15.jpg,R,R,0.9855884909629822,1,1
R/R1504.jpg,R,R,0.9793598651885986,2,1
R/R1509.jpg,R,R,0.9836059808731079,2,1
R/R1511.jpg,R,R,0.9836205244064331,2,1
R/R1519.jpg,R,R,0.9750494956970215,3,1
R/R1527.jpg,R,R,0.9771287441253662,2,1
R/R1529.jpg,R,R,0.9774268865585327,2,1
R/R1532.jpg,R,R,0.9810820817947388,2,1
R/R1533.jpg,R,R,0.9787366390228271,2,1
R/R1539.jpg,R,R,0.9806050062179565,2,1
R/R1540.jpg,R,R,0.9820727109909058,2,1
R/R1541.jpg,R,R,0.9816739559173584,2,1
R/R1544.jpg,R,R,0.9816932678222656,2,1
R/R1546.jpg,R,R,0.9808119535446167,2,1
R/R1548.jpg,R,R,0.981859028339386,3,1
R/R1551.jpg,R,R,0.9825310111045837,2,1
R/R1552.jpg,R,R,0.9812154173851013,2,1
R/R1553.jpg,R,R,0.9812480211257935,1,1
R/R1559.jpg,R,R,0.9813458323478699,2,1
R/R1568.jpg,R,R,0.9816699028015137,2,1
R/R1573.jpg,R,R,0.9830688238143921,2,1
R/R1575.jpg,R,R,0.983244776725769,2,1
R/R1576.jpg,R,R,0.9821301102638245,2,1
R/R1577.jpg,R,R,0.9842563271522522,2,1
R/R1583.jpg,R,R,0.982971727848053,1,1
R/R1586.jpg,R,R,0.9838677644729614,2,1
R/R1587.jpg,R,R,0.9834270477294922,2,1
R/R1591.jpg,R,R,0.9835851192474365,3,1
R/R1598.jpg,R,R,0.9834741950035095,2,1
R/R1599.jpg,R,R,0.9836079478263855,3,1
R/R1600.jpg,R,R,0.9840819835662842,3,1
R/R1606.jpg,R,R,0.9850297570228577,3,1
R/R1610.jpg,R,R,0.9842420220375061,2,1
R/R1611.jpg,R,R,0.9852945804595947,2,1
R/R1614.jpg,R,R,0.983612596988678,2,1
R/R1619.jpg,R,R,0.9844720959663391,3,1
R/R1623.jpg,R,R,0.9850843548774719,2,1
R/R1625.jpg,R,R,0.9832718968391418,2,1
R/R1627.jpg,R,R,0.984001874923706,2,1
R/R1629.jpg,R,R,0.9861661195755005,2,1
R/R1640.jpg,R,R,0.9854215383529663,3,1
R/R1642.jpg,R,R,0.9769679307937622,2,1
R/R1645.jpg,R,R,0.9831457138061523,2,1
R/R1646.jpg,R,R,0.9837275743484497,2,1
R/R1649.jpg,R,R,0.9846175909042358,2,1
R/R1655.jpg,R,R,0.9838604927062988,2,1
R/R1656.jpg,R,R,0.9844217300415039,3,1
R/R1659.jpg,R,R,0.9832345247268677,2,1
R/R1664.jpg,R,R,0.9836395382881165,2,1
R/R1666.jpg,R,R,0.9827196598052979,2,1
R/R1672.jpg,R,R,0.9826902151107788,3,1
R/R1675.jpg,R,R,0.9802483916282654,4,1
R/R168.jpg,R,R,0.9862942099571228,1,1
R/R1680.jpg,R,R,0.9818978905677795,3,1
R/R1688.jpg,R,R,0.9831425547599792,3,1
R/R169.jpg,R,R,0.9854212403297424,1,1
R/R170.jpg,R,R,0.985221803188324,1,1
R/R1701.jpg,R,R,0.980796217918396,3,1
R/R1705.jpg,R,R,0.9809515476226807,3,1
R/R1708.jpg,R,R,0.9834549427032471,3,1
R/R1718.jpg,R,R,0.9846951365470886,2,1
R/R172.jpg,R,R,0.9844672679901123,1,1
R/R173.jpg,R,R,0.9852134585380554,1,1
R/R1731.jpg,R,R,0.9845942258834839,2,1
R/R1741.jpg,R,R,0.9797838926315308,2,1
R/R1742.jpg,R,R,0.9810950756072998,3,1
R/R1743.jpg,R,R,0.976443350315094,2,1
R/R1744.jpg,R,R,0.9814530611038208,2,1
R/R1749.jpg,R,R,0.9822302460670471,2,1
R/R176.jpg,R,R,0.984951913356781,1,1
R/R1765.jpg,R,R,0.9835858345031738,3,1
R/R1767.jpg,R,R,0.9765586853027344,3,1
R/R1776.jpg,R,R,0.9780123829841614,3,1
R/R1779.jpg,R,R,0.9821147918701172,3,1
R/R1783.jpg,R,R,0.9800592064857483,3,1
R/R1799.jpg,R,R,0.9713040590286255,4,1
R/R18.jpg,R,R,0.9861835241317749,1,1
R/R1801.jpg,R,R,0.9801708459854126,3,1
R/R1804.jpg,R,R,0.9862732291221619,3,1
R/R1807.jpg,R,R,0.9657348990440369,2,1
R/R1809.jpg,R,R,0.975507915019989,3,1
R/R1811.jpg,R,R,0.9803403615951538,2,1
R/R1817.jpg,R,R,0.9806692004203796,2,1
R/R1820.jpg,R,R,0.9809245467185974,3,1
R/R1835.jpg,R,R,0.9809110164642334,2,1
R/R1839.jpg,R,R,0.9797088503837585,2,1
R/R1843.jpg,R,R,0.9819313287734985,2,1
R/R1845.jpg,R,R,0.9826673865318298,2,1
R/R1846.jpg,R,R,0.9779047966003418,3,1
R/R1847.jpg,R,R,0.9801463484764099,2,1
R/R1851.jpg,R,R,0.981532633304596,2,1
R/R1854.jpg,R,R,0.980908989906311,3,1
R/R1863.jpg,R,R,0.978029191493988,3,1
R/R1867.jpg,R,R,0.9829293489456177,3,1
R/R1868.jpg,R,R,0.9819958209991455,4,1
R/R1870.jpg,R,R,0.9810663461685181,3,1
R/R1876.jpg,R,R,0.9770539402961731,2,1
R/R1883.jpg,R,R,0.982586145401001,3,1
R/R1893.jpg,R,R,0.9846783876419067,4,1
R/R1897.jpg,R,R,0.9846579432487488,2,1
R/R1898.jpg,R,R,0.9836522340774536,3,1
R/R1901.jpg,R,R,0.9839844107627869,2,1
R/R1903.jpg,R,R,0.9837018251419067,2,1
R/R1910.jpg,R,R,0.9842110276222229,4,1
R/R1911.jpg,R,R,0.9831503033638,2,1
R/R1917.jpg,R,R,0.9828506708145142,2,1
R/R1921.jpg,R,R,0.9841138124465942,3,1
R/R1924.jpg,R,R,0.983231782913208,2,1
R/R1934.jpg,R,R,0.9836756587028503,3,1
R/R1938.jpg,R,R,0.9830554723739624,3,1
R/R1940.jpg,R,R,0.9833574891090393,3,1
R/R1947.jpg,R,R,0.9832573533058167,3,1
R/R1958.jpg,R,R,0.9799191951751709,3,1
R/R1961.jpg,R,R,0.9764068126678467,3,1
R/R1965.jpg,R,R,0.9715903401374817,5,1
R/R1969.jpg,R,R,0.9778159856796265,5,1
R/R1973.jpg,R,R,0.980903148651123,3,1
R/R1984.jpg,R,R,0.981295108795166,3,1
R/R2004.jpg,R,R,0.9740696549415588,3,1
R/R2012.jpg,R,R,0.9750354290008545,3,1
R/R2016.jpg,R,R,0.979999303817749,3,1
R/R2019.jpg,R,R,0.9815390706062317,3,1
R/R2025.jpg,R,R,0.9745540022850037,3,1
R/R2034.jpg,R,R,0.9831597208976746,3,1
R/R2035.jpg,R,R,0.9826887845993042,4,1
R/R2044.jpg,R,R,0.978804349899292,3,1
R/R2056.jpg,R,R,0.9785407185554504,3,1
R/R2065.jpg,R,R,0.9687683582305908,3,1
R/R2081.jpg,R,R,0.9738469123840332,3,1
R/R2089.jpg,R,R,0.978955864906311,3,1
R/R2090.jpg,R,R,0.9832932949066162,4,1
R/R2095.jpg,R,R,0.982441246509552,2,1
R/R210.jpg,R,R,0.9822400212287903,2,1
R/R2100.jpg,R,R,0.980368435382843,3,1
R/R2108.jpg,R,R,0.9813450574874878,3,1
R/R2115.jpg,R,R,0.9794517159461975,3,1
R/R2117.jpg,R,R,0.9734093546867371,3,1
R/R2121.jpg,R,R,0.9805927276611328,3,1
R/R2124.jpg,R,R,0.9793826341629028,2,1
R/R2125.jpg,R,R,0.974646270275116,2,1
R/R2128.jpg,R,R,0.9820024967193604,3,1
R/R2133.jpg,R,R,0.9796479940414429,3,1
R/R2138.jpg,R,R,0.9654585719108582,3,1
R/R214.jpg,R,R,0.9789959192276001,2,1
R/R2140.jpg,R,R,0.9755433201789856,3,1
R/R2146.jpg,R,R,0.9776752591133118,2,1
R/R2149.jpg,R,R,0.9857438206672668,2,1
R/R2158.jpg,R,R,0.9837087392807007,3,1
R/R2160.jpg,R,R,0.9814556241035461,3,1
R/R2161.jpg,R,R,0.9804077744483948,3,1
R/R2178.jpg,R,R,0.9820074439048767,3,1
R/R2181.jpg,R,R,0.9786381125450134,3,1
R/R2182.jpg,R,R,0.9799420833587646,3,1
R/R2183.jpg,R,R,0.9806292057037354,3,1
R/R2190.jpg,R,R,0.9844813346862793,3,1
R/R2192.jpg,R,R,0.9807994365692139,3,1
R/R2196.jpg,R,R,0.9831027388572693,3,1
R/R2197.jpg,R,R,0.984205961227417,2,1
R/R22.jpg,R,R,0.984918475151062,1,1
R/R2203.jpg,R,R,0.9819292426109314,2,1
R/R2204.jpg,R,R,0.9811697602272034,2,1
R/R2205.jpg,R,R,0.9775322675704956,2,1
R/R2208.jpg,R,R,0.9799131155014038,2,1
R/R2210.jpg,R,R,0.9828178882598877,2,1
R/R2212.jpg,R,R,0.9811471700668335,3,1
R/R2222.jpg,R,R,0.9816837310791016,3,1
R/R2224.jpg,R,R,0.9852761030197144,2,1
R/R2233.jpg,R,R,0.9793969392776489,3,1
R/R2237.jpg,R,R,0.9802799224853516,3,1
R/R2239.jpg,R,R,0.9832181930541992,3,1
R/R2240.jpg,R,R,0.9816166162490845,3,1
R/R2249.jpg,R,R,0.9826110005378723,2,1
R/R2255.jpg,R,R,0.9816464781761169,3,1
R/R2263.jpg,R,R,0.9828684329986572,4,1
R/R2265.jpg,R,R,0.9813372492790222,3,1
R/R2278.jpg,R,R,0.9789430499076843,3,1
R/R228.jpg,R,R,0.9832265973091125,2,1
R/R2282.jpg,R,R,0.9750648736953735,2,1
R/R2291.jpg,R,R,0.9726387858390808,2,1
R/R2293.jpg,R,R,0.9748708605766296,3,1
R/R2296.jpg,R,R,0.9698877930641174,2,1
R/R2304.jpg,R,R,0.959201455116272,2,1
R/R2313.jpg,R,R,0.9810251593589783,3,1
R/R2314.jpg,R,R,0.9746549129486084,2,1
R/R232.jpg,R,R,0.9809085130691528,2,1
R/R2321.jpg,R,R,0.9801856279373169,2,1
R/R2339.jpg,R,R,0.9761179089546204,2,1
R/R2342.jpg,R,R,0.9599598050117493,2,1
R/R2343.jpg,R,R,0.963891863822937,3,1
R/R2346.jpg,R,R,0.9714444279670715,2,1
R/R2359.jpg,R,R,0.9750249981880188,2,1
R/R2364.jpg,R,R,0.9835134148597717,2,1
R/R2384.jpg,R,R,0.9646056294441223,3,1
R/R239.jpg,R,R,0.9824042916297913,2,1
R/R2392.jpg,R,R,0.8398545980453491,3,1
R/R2393.jpg,R,R,0.9518343806266785,4,1
R/R2398.jpg,R,R,0.9311484098434448,3,1
R/R240.jpg,R,R,0.9817869067192078,2,1
R/R2403.jpg,R,R,0.8511452674865723,3,1
R/R2414.jpg,R,R,0.9642662405967712,4,1
R/R2416.jpg,R,R,0.9726923704147339,5,1
R/R2425.jpg,R,R,0.9815621972084045,3,1
R/R2428.jpg,R,R,0.975325882434845,3,1
R/R2429.jpg,R,R,0.9758006930351257,3,1
R/R2434.jpg,R,R,0.9712210297584534,3,1
R/R244.jpg,R,R,0.9828081727027893,2,1
R/R2440.jpg,R,R,0.9764594435691833,2,1
R/R2445.jpg,R,R,0.9818336367607117,3,1
R/R2446.jpg,R,R,0.9807791709899902,2,1
R/R2449.jpg,R,R,0.97135329246521,3,1
R/R2450.jpg,R,R,0.9706112742424011,3,1
R/R2469.jpg,R,R,0.9794070720672607,3,1
R/R2475.jpg,R,R,0.9814016222953796,5,1
R/R2478.jpg,R,R,0.9772385358810425,2,1
R/R2486.jpg,R,R,0.9759148955345154,2,1
R/R2488.jpg,R,R,0.9759805202484131,3,1
R/R2498.jpg,R,R,0.9750305414199829,3,1
R/R2501.jpg,R,R,0.9848935008049011,3,1
R/R2504.jpg,R,R,0.9847359657287598,4,1
R/R2507.jpg,R,R,0.9853004813194275,4,1
R/R2509.jpg,R,R,0.9851377010345459,3,1
R/R251.jpg,R,R,0.9784925580024719,3,1
R/R2512.jpg,R,R,0.9852279424667358,3,1
R/R2518.jpg,R,R,0.9845747947692871,3,1
R/R2523.jpg,R,R,0.9848530292510986,4,1
R/R2524.jpg,R,R,0.9848343133926392,4,1
R/R2529.jpg,R,R,0.9843600392341614,4,1
R/R2531.jpg,R,R,0.9841846227645874,5,1
R/R2535.jpg,R,R,0.9854206442832947,4,1
R/R2548.jpg,R,R,0.9845519661903381,3,1
R/R2549.jpg,R,R,0.9850833415985107,4,1
R/R2554.jpg,R,R,0.98405522108078,3,1
R/R2555.jpg,R,R,0.9843229651451111,2,1
R/R2556.jpg,R,R,0.9857067465782166,2,1
R/R2557.jpg,R,R,0.9866124391555786,1,1
R/R256.jpg,R,R,0.9756288528442383,2,1
R/R2564.jpg,R,R,0.9856270551681519,2,1
R/R2566.jpg,R,R,0.984531819820404,3,1
R/R2578.jpg,R,R,0.9828675985336304,2,1
R/R2579.jpg,R,R,0.9821211695671082,3,1
R/R2583.jpg,R,R,0.9818407893180847,2,1
R/R2584.jpg,R,R,0.9819704294204712,3,1
R/R2593.jpg,R,R,0.9821048378944397,3,1
R/R2597.jpg,R,R,0.979086697101593,3,1
R/R26.jpg,R,R,0.9854137897491455,1,1
R/R260.jpg,R,R,0.9825841784477234,2,1
R/R2611.jpg,R,R,0.9819151163101196,2,1
R/R2613.jpg,R,R,0.9809385538101196,2,1
R/R2618.jpg,R,R,0.980665385723114,2,1
R/R2623.jpg,R,R,0.9820066094398499,2,1
R/R2632.jpg,R,R,0.9826394319534302,3,1
R/R2635.jpg,R,R,0.9832481145858765,3,1
R/R2636.jpg,R,R,0.9838727116584778,3,1
R/R2639.jpg,R,R,0.9852136969566345,3,1
R/R2644.jpg,R,R,0.9859418272972107,2,1
R/R2645.jpg,R,R,0.9865126609802246,4,1
R/R2649.jpg,R,R,0.9858036041259766,2,1
R/R2652.jpg,R,R,0.9854878783226013,3,1
R/R2653.jpg,R,R,0.985692024230957,2,1
R/R2654.jpg,R,R,0.9857953786849976,2,1
R/R2665.jpg,R,R,0.9859781861305237,2,1
R/R2669.jpg,R,R,0.9858274459838867,3,1
R/R267.jpg,R,R,0.9833162426948547,2,1
R/R2678.jpg,R,R,0.9861888289451599,1,1
R/R2679.jpg,R,R,0.9866542220115662,2,1
R/R2680.jpg,R,R,0.9863613843917847,3,1
R/R2688.jpg,R,R,0.9866499304771423,3,1
R/R2697.jpg,R,R,0.9837673902511597,2,1
R/R2705.jpg,R,R,0.9838399291038513,3,1
R/R2716.jpg,R,R,0.9826620817184448,3,1
R/R2717.jpg,R,R,0.9824322462081909,3,1
R/R2718.jpg,R,R,0.9827063083648682,3,1
R/R2719.jpg,R,R,0.9829221963882446,3,1
R/R2722.jpg,R,R,0.9850174784660339,3,1
R/R2728.jpg,R,R,0.9829393625259399,3,1
R/R2730.jpg,R,R,0.9850370287895203,3,1
R/R2731.jpg,R,R,0.98543381690979,3,1
R/R2735.jpg,R,R,0.9858830571174622,2,1
R/R2736.jpg,R,R,0.9861704111099243,4,1
R/R274.jpg,R,R,0.9807907342910767,1,1
R/R2748.jpg,R,R,0.9865952730178833,2,1
R/R2749.jpg,R,R,0.9872307181358337,3,1
R/R2770.jpg,R,R,0.9845252633094788,2,1
R/R2772.jpg,R,R,0.9842594265937805,3,1
R/R2776.jpg,R,R,0.9849943518638611,2,1
R/R2790.jpg,R,R,0.9850858449935913,3,1
R/R2791.jpg,R,R,0.9848145246505737,2,1
R/R2794.jpg,R,R,0.9858554005622864,2,1
R/R2796.jpg,R,R,0.9853459596633911,2,1
R/R2801.jpg,R,R,0.9852374196052551,2,1
R/R2807.jpg,R,R,0.9854639172554016,2,1
R/R2808.jpg,R,R,0.9848983883857727,2,1
R/R2814.jpg,R,R,0.9847474098205566,2,1
R/R2817.jpg,R,R,0.983430027961731,2,1
R/R2820.jpg,R,R,0.9844784736633301,2,1
R/R2847.jpg,R,R,0.9858001470565796,2,1
R/R2849.jpg,R,R,0.9860563278198242,2,1
R/R2853.jpg,R,R,0.9843530058860779,2,1
R/R2859.jpg,R,R,0.9849749207496643,3,1
R/R2860.jpg,R,R,0.9853245615959167,3,1
R/R2864.jpg,R,R,0.9853127598762512,2,1
R/R2872.jpg,R,R,0.9825980067253113,3,1
R/R2873.jpg,R,R,0.9836677312850952,3,1
R/R2882.jpg,R,R,0.9833077192306519,2,1
R/R2886.jpg,R,R,0.982023298740387,2,1
R/R2888.jpg,R,R,0.9813305735588074,3,1
R/R2891.jpg,R,R,0.9811331629753113,3,1
R/R29.jpg,R,R,0.9858275651931763,1,1
R/R2908.jpg,R,R,0.9830673336982727,2,1
R/R2925.jpg,R,R,0.9831202030181885,2,1
R/R2933.jpg,R,R,0.9826862812042236,3,1
R/R2934.jpg,R,R,0.9833415150642395,2,1
R/R2936.jpg,R,R,0.983572781085968,2,1
R/R2937.jpg,R,R,0.9850886464118958,2,1
R/R2938.jpg,R,R,0.9862144589424133,3,1
R/R2939.jpg,R,R,0.9856088757514954,3,1
R/R2941.jpg,R,R,0.9855527281761169,3,1
R/R2942.jpg,R,R,0.985772430896759,2,1
R/R2943.jpg,R,R,0.9862357974052429,2,1
R/R2948.jpg,R,R,0.9864903688430786,3,1
R/R295.jpg,R,R,0.9806828498840332,1,1
R/R2952.jpg,R,R,0.986492931842804,4,1
R/R2968.jpg,R,R,0.9848723411560059,2,1
R/R2971.jpg,R,R,0.9845638275146484,2,1
R/R2973.jpg,R,R,0.983299970626831,2,1
R/R2974.jpg,R,R,0.9834538102149963,3,1
R/R2975.jpg,R,R,0.982306182384491,4,1
R/R2977.jpg,R,R,0.9831611514091492,2,1
R/R298.jpg,R,R,0.9836363196372986,2,1
R/R2980.jpg,R,R,0.9834457039833069,2,1
R/R2993.jpg,R,R,0.9837015271186829,3,1
R/R2995.jpg,R,R,0.9833118915557861,3,1
R/R2999.jpg,R,R,0.9836676120758057,2,1
R/R3.jpg,R,R,0.9839462041854858,1,1
R/R300.jpg,R,R,0.9826991558074951,2,1
R/R307.jpg,R,R,0.986659049987793,2,1
R/R310.jpg,R,R,0.9872534871101379,2,1
R/R317.jpg,R,R,0.9850991368293762,2,1
R/R319.jpg,R,R,0.9841206669807434,2,1
R/R323.jpg,R,R,0.9742758870124817,2,1
R/R332.jpg,R,R,0.9799513816833496,2,1
R/R334.jpg,R,R,0.980346143245697,2,1
R/R340.jpg,R,R,0.9834021329879761,1,1
R/R342.jpg,R,R,0.9849367737770081,2,1
R/R345.jpg,R,R,0.9768303632736206,1,1
R/R351.jpg,R,R,0.9382219910621643,2,1
R/R353.jpg,R,R,0.981342077255249,3,1
R/R364.jpg,R,R,0.9760704636573792,2,1
R/R37.jpg,R,R,0.9844043850898743,1,1
R/R378.jpg,R,R,0.9785745143890381,2,1
R/R381.jpg,R,R,0.9788041710853577,2,1
R/R382.jpg,R,R,0.977867066860199,2,1
R/R388.jpg,R,R,0.9776433110237122,4,1
R/R39.jpg,R,R,0.9861620664596558,1,1
R/R390.jpg,R,R,0.9739824533462524,4,1
R/R403.jpg,R,R,0.9849905371665955,3,1
R/R41.jpg,R,R,0.9857215881347656,1,1
R/R411.jpg,R,R,0.9846917986869812,3,1
R/R413.jpg,R,R,0.9862244129180908,3,1
R/R415.jpg,R,R,0.9828107357025146,3,1
R/R419.jpg,R,R,0.9861391186714172,3,1
R/R42.jpg,R,R,0.984512984752655,1,1
R/R433.jpg,R,R,0.9862729907035828,3,1
R/R438.jpg,R,R,0.9860734939575195,3,1
R/R439.jpg,R,R,0.9861854910850525,4,1
R/R444.jpg,R,R,0.9864146113395691,4,1
R/R45.jpg,R,R,0.9859755635261536,1,1
R/R453.jpg,R,R,0.9830456972122192,3,1
R/R459.jpg,R,R,0.9856760501861572,3,1
R/R460.jpg,R,R,0.9852232933044434,3,1
R/R466.jpg,R,R,0.9863206744194031,3,1
R/R473.jpg,R,R,0.9873526096343994,3,1
R/R48.jpg,R,R,0.9854111671447754,2,1
R/R481.jpg,R,R,0.9864120483398438,2,1
R/R482.jpg,R,R,0.9869855046272278,2,1
R/R485.jpg,R,R,0.9869575500488281,4,1
R/R492.jpg,R,R,0.9848564267158508,4,1
R/R495.jpg,R,R,0.984446108341217,3,1
R/R496.jpg,R,R,0.982589840888977,3,1
R/R497.jpg,R,R,0.9831735491752625,3,1
R/R504.jpg,R,R,0.986187219619751,2,1
R/R515.jpg,R,R,0.9860456585884094,3,1
R/R519.jpg,R,R,0.985202968120575,3,1
R/R525.jpg,R,R,0.9854122996330261,2,1
R/R529.jpg,R,R,0.9852162599563599,2,1
R/R542.jpg,R,R,0.9841704368591309,2,1
R/R55.jpg,R,R,0.9846705198287964,2,1
R/R564.jpg,R,R,0.9834235906600952,2,1
R/R571.jpg,R,R,0.981802761554718,2,1
R/R575.jpg,R,R,0.9836037158966064,2,1
R/R58.jpg,R,R,0.9844071865081787,2,1
R/R580.jpg,R,R,0.9843972325325012,3,1
R/R581.jpg,R,R,0.9842341542243958,3,1
R/R585.jpg,R,R,0.97882479429245,3,1
R/R587.jpg,R,R,0.9724254608154297,2,1
R/R593.jpg,R,R,0.9806683659553528,3,1
R/R6.jpg,R,R,0.9844123721122742,1,1
R/R607.jpg,R,R,0.9849362969398499,3,1
R/R609.jpg,R,R,0.9864372611045837,4,1
R/R611.jpg,R,R,0.9841058850288391,3,1
R/R612.jpg,R,R,0.9866923689842224,3,1
R/R616.jpg,R,R,0.9877436757087708,4,1
R/R617.jpg,R,R,0.9884130358695984,4,1
R/R622.jpg,R,R,0.9884345531463623,4,1
R/R626.jpg,R,R,0.9872406125068665,4,1
R/R639.jpg,R,R,0.9884986281394958,3,1
R/R642.jpg,R,R,0.9881452322006226,4,1
R/R644.jpg,R,R,0.9879982471466064,4,1
R/R646.jpg,R,R,0.9872419834136963,4,1
R/R647.jpg,R,R,0.9859176278114319,3,1
R/R649.jpg,R,R,0.9849446415901184,3,1
R/R65.jpg,R,R,0.9838772416114807,2,1
R/R653.jpg,R,R,0.9837892055511475,3,1
R/R656.jpg,R,R,0.983518123626709,4,1
R/R657.jpg,R,R,0.982730507850647,4,1
R/R663.jpg,R,R,0.9789776802062988,3,1
R/R671.jpg,R,R,0.9676739573478699,2,1
R/R672.jpg,R,R,0.9709576368331909,2,1
R/R678.jpg,R,R,0.9801450967788696,2,1
R/R679.jpg,R,R,0.9803125262260437,3,1
R/R684.jpg,R,R,0.9839837551116943,2,1
R/R688.jpg,R,R,0.9824709296226501,2,1
R/R693.jpg,R,R,0.9839551448822021,2,1
R/R696.jpg,R,R,0.9847484230995178,2,1
R/R699.jpg,R,R,0.984305202960968,2,1
R/R7.jpg,R,R,0.9861590266227722,1,1
R/R708.jpg,R,R,0.9848372340202332,2,1
R/R710.jpg,R,R,0.9850113987922668,2,1
R/R712.jpg,R,R,0.9846807718276978,2,1
R/R715.jpg,R,R,0.9846653342247009,2,1
R/R716.jpg,R,R,0.9858487844467163,2,1
R/R717.jpg,R,R,0.9855823516845703,2,1
R/R72.jpg,R,R,0.9822176098823547,1,1
R/R721.jpg,R,R,0.9846370220184326,2,1
R/R725.jpg,R,R,0.9853851199150085,2,1
R/R726.jpg,R,R,0.9849955439567566,2,1
R/R728.jpg,R,R,0.9843728542327881,2,1
R/R736.jpg,R,R,0.9847846031188965,2,1
R/R738.jpg,R,R,0.9844527840614319,2,1
R/R740.jpg,R,R,0.98490971326828,2,1
R/R742.jpg,R,R,0.9849809408187866,2,1
R/R76.jpg,R,R,0.9811210036277771,1,1
R/R760.jpg,R,R,0.984799861907959,2,1
R/R765.jpg,R,R,0.9848500490188599,2,1
R/R77.jpg,R,R,0.982006311416626,1,1
R/R78.jpg,R,R,0.9787209033966064,1,1
R/R790.jpg,R,R,0.9823533296585083,4,1
R/R794.jpg,R,R,0.9796358346939087,2,1
R/R796.jpg,R,R,0.9828920364379883,2,1
R/R801.jpg,R,R,0.9826673865318298,2,1
R/R809.jpg,R,R,0.9819217920303345,4,1
R/R812.jpg,R,R,0.9834960699081421,3,1
R/R814.jpg,R,R,0.9835892915725708,3,1
R/R828.jpg,R,R,0.9834464192390442,3,1
R/R832.jpg,R,R,0.9826828241348267,3,1
R/R835.jpg,R,R,0.9832655191421509,2,1
R/R836.jpg,R,R,0.9843829274177551,2,1
R/R843.jpg,R,R,0.9853620529174805,3,1
R/R853.jpg,R,R,0.9852720499038696,3,1
R/R858.jpg,R,R,0.9838162064552307,2,1
R/R864.jpg,R,R,0.979860246181488,2,1
R/R865.jpg,R,R,0.9777762293815613,4,1
R/R87.jpg,R,R,0.9801434874534607,1,1
R/R879.jpg,R,R,0.9841242432594299,3,1
R/R881.jpg,R,R,0.9824240803718567,3,1
R/R884.jpg,R,R,0.9817028641700745,3,1
R/R888.jpg,R,R,0.9838683605194092,3,1
R/R892.jpg,R,R,0.9832897186279297,3,1
R/R893.jpg,R,R,0.9821443557739258,3,1
R/R894.jpg,R,R,0.9858548045158386,3,1
R/R896.jpg,R,R,0.9869567155838013,4,1
R/R901.jpg,R,R,0.9850634336471558,3,1
R/R902.jpg,R,R,0.9830048084259033,4,1
R/R915.jpg,R,R,0.9868345856666565,4,1
R/R922.jpg,R,R,0.987393856048584,4,1
R/R923.jpg,R,R,0.9866403937339783,3,1
R/R925.jpg,R,R,0.9872936010360718,5,1
R/R930.jpg,R,R,0.9878032803535461,4,1
R/R932.jpg,R,R,0.9872801899909973,5,1
R/R943.jpg,R,R,0.9808654189109802,3,1
R/R97.jpg,R,R,0.9827854037284851,1,1
R/R984.jpg,R,R,0.978726863861084,4,1
R/R989.jpg,R,R,0.9646007418632507,3,1
R/R99.jpg,R,R,0.9824104309082031,1,1
R/R996.jpg,R,R,0.9704787731170654,3,1
S/S101.jpg,S,S,0.9757807850837708,1,1
S/S1011.jpg,S,S,0.9523430466651917,1,1
S/S1019.jpg,S,S,0.9427413940429688,2,1
S/S1021.jpg,S,S,0.929338276386261,2,1
S/S1022.jpg,S,S,0.9403338432312012,3,1
S/S1023.jpg,S,S,0.9594850540161133,2,1
S/S1026.jpg,S,S,0.9766877293586731,2,1
S/S1027.jpg,S,S,0.9775604009628296,3,1
S/S1035.jpg,S,S,0.9631267786026001,2,1
S/S1040.jpg,S,S,0.9439921975135803,2,1
S/S1046.jpg,S,S,0.921502411365509,2,1
S/S1048.jpg,S,S,0.8640520572662354,2,1
S/S1050.jpg,S,S,0.9377521872520447,2,1
S/S1056.jpg,S,S,0.9019296765327454,3,1
S/S1061.jpg,S,S,0.9703145623207092,3,1
S/S1068.jpg,S,S,0.9340839385986328,4,1
S/S1069.jpg,S,S,0.9122764468193054,4,1
S/S1074.jpg,S,S,0.9724525213241577,3,1
S/S1075.jpg,S,S,0.9736488461494446,5,1
S/S108.jpg,S,S,0.9830682873725891,1,1
S/S1082.jpg,S,S,0.9597399234771729,2,1
S/S1086.jpg,S,S,0.9688104391098022,3,1
S/S109.jpg,S,S,0.9812679886817932,1,1
S/S1093.jpg,S,S,0.9548600912094116,2,1
S/S1094.jpg,S,S,0.9595329165458679,3,1
S/S1107.jpg,S,S,0.9666000008583069,3,1
S/S1108.jpg,S,S,0.9701358079910278,2,1
S/S111.jpg,S,S,0.9796531200408936,1,1
S/S1114.jpg,S,S,0.9741681814193726,4,1
S/S1115.jpg,S,S,0.9663547873497009,3,1
S/S1121.jpg,S,S,0.9492685198783875,3,1
S/S1129.jpg,S,S,0.911346971988678,3,1
S/S113.jpg,S,S,0.9801075458526611,1,1
S/S1134.jpg,S,S,0.9735252261161804,3,1
S/S114.jpg,S,S,0.9791720509529114,1,1
S/S1141.jpg,S,S,0.9799649715423584,5,1
S/S1144.jpg,S,S,0.9807022213935852,2,1
S/S1151.jpg,S,S,0.9750902652740479,2,1
S/S1157.jpg,S,S,0.975713849067688,2,1
S/S1158.jpg,S,S,0.9774487614631653,2,1
S/S116.jpg,S,S,0.9773309230804443,1,1
S/S1160.jpg,S,S,0.9756449460983276,2,1
S/S1163.jpg,S,S,0.9726831316947937,3,1
S/S1164.jpg,S,S,0.9755735993385315,2,1
S/S1179.jpg,S,S,0.9846866726875305,3,1
S/S1181.jpg,S,S,0.9809601306915283,3,1
S/S1183.jpg,S,S,0.9811313152313232,4,1
S/S1186.jpg,S,S,0.9797321557998657,5,1
S/S1191.jpg,S,S,0.9778211116790771,4,1
S/S1195.jpg,S,S,0.9794403910636902,3,1
S/S120.jpg,S,S,0.9745434522628784,1,1
S/S1206.jpg,S,S,0.9541696310043335,4,1
S/S1208.jpg,S,S,0.9615726470947266,2,1
S/S121.jpg,S,S,0.9744876623153687,1,1
S/S1213.jpg,S,S,0.965906023979187,2,1
S/S1216.jpg,S,S,0.9643471240997314,2,1
S/S1221.jpg,S,S,0.9740936160087585,3,1
S/S1225.jpg,S,S,0.9578514099121094,4,1
S/S1226.jpg,S,S,0.9529359936714172,5,1
S/S1232.jpg,S,S,0.9247912168502808,2,1
S/S1235.jpg,S,S,0.8823050856590271,2,1
S/S1236.jpg,S,S,0.8911554217338562,2,1
S/S1245.jpg,S,S,0.8544199466705322,2,1
S/S1248.jpg,S,S,0.7344451546669006,3,1
S/S1258.jpg,S,S,0.7879085540771484,2,1
S/S1259.jpg,S,S,0.9021362662315369,2,1
S/S1268.jpg,S,S,0.8865962028503418,2,1
S/S127.jpg,S,S,0.971521258354187,1,1
S/S1275.jpg,S,S,0.9136633276939392,3,1
S/S1276.jpg,S,S,0.9148210287094116,2,1
S/S1278.jpg,S,S,0.9255632162094116,2,1
S/S1282.jpg,S,S,0.920927107334137,3,1
S/S1285.jpg,S,S,0.9416201114654541,2,1
S/S1287.jpg,S,S,0.9228583574295044,3,1
S/S1289.jpg,S,S,0.9325988292694092,2,1
S/S1296.jpg,S,S,0.9413762092590332,2,1
S/S1297.jpg,S,S,0.929271399974823,2,1
S/S130.jpg,S,S,0.977206826210022,1,1
S/S1314.jpg,S,S,0.8243938684463501,2,1
S/S1315.jpg,S,S,0.7753024101257324,4,1
S/S1329.jpg,S,S,0.8779439926147461,2,1
S/S1330.jpg,S,S,0.752148449420929,5,1
S/S1333.jpg,S,S,0.6926705837249756,5,1
S/S1337.jpg,S,S,0.9133219122886658,4,1
S/S1338.jpg,S,S,0.9105296730995178,5,1
S/S1344.jpg,S,S,0.9197811484336853,3,1
S/S1349.jpg,S,S,0.9428772330284119,3,1
S/S1350.jpg,S,S,0.9626633524894714,5,1
S/S1354.jpg,S,S,0.9518628120422363,5,1
S/S1357.jpg,S,S,0.9484972953796387,4,1
S/S1365.jpg,S,S,0.9485483765602112,5,1
S/S1369.jpg,S,S,0.9497902393341064,4,1
S/S1375.jpg,S,S,0.9548911452293396,4,1
S/S1377.jpg,S,S,0.9544411301612854,6,1
S/S138.jpg,S,S,0.9782240986824036,2,1
S/S1382.jpg,S,S,0.9791795611381531,3,1
S/S1387.jpg,S,S,0.9822630286216736,3,1
S/S1399.jpg,S,S,0.9683215022087097,4,1
S/S1403.jpg,S,S,0.9616595506668091,3,1
S/S1404.jpg,S,S,0.9614180326461792,3,1
S/S1405.jpg,S,S,0.9645556211471558,4,1
S/S1408.jpg,S,S,0.968151330947876,2,1
S/S1418.jpg,S,S,0.9421420097351074,3,1
S/S1422.jpg,S,S,0.9662186503410339,2,1
S/S1424.jpg,S,S,0.968940258026123,2,1
S/S143.jpg,S,S,0.9806309938430786,2,1
S/S1431.jpg,S,S,0.980564296245575,3,1
S/S1432.jpg,S,S,0.9811406135559082,3,1
S/S1435.jpg,S,S,0.9782993793487549,4,1
S/S1444.jpg,S,S,0.9806771278381348,4,1
S/S1461.jpg,S,S,0.9829888939857483,4,1
S/S1471.jpg,S,S,0.9864029884338379,2,1
S/S1481.jpg,S,S,0.9647341966629028,2,1
S/S1503.jpg,S,S,0.9600929617881775,2,1
S/S1514.jpg,S,S,0.9811563491821289,1,1
S/S1515.jpg,S,S,0.9768113493919373,1,1
S/S1516.jpg,S,S,0.9792103171348572,3,1
S/S152.jpg,S,S,0.9813135862350464,2,1
S/S1523.jpg,S,S,0.9834438562393188,2,1
S/S1538.jpg,S,S,0.9756495952606201,3,1
S/S1541.jpg,S,S,0.977132260799408,2,1
S/S1543.jpg,S,S,0.9766188263893127,2,1
S/S1545.jpg,S,S,0.978617250919342,2,1
S/S1547.jpg,S,S,0.9776444435119629,2,1
S/S1549.jpg,S,S,0.9795630574226379,2,1
S/S1552.jpg,S,S,0.9760235548019409,2,1
S/S156.jpg,S,S,0.9803518652915955,2,1
S/S1563.jpg,S,S,0.9633318781852722,2,1
S/S1578.jpg,S,S,0.9297928810119629,2,1
S/S1583.jpg,S,S,0.9658865928649902,2,1
S/S1589.jpg,S,S,0.9066416025161743,2,1
S/S1598.jpg,S,S,0.9823765754699707,2,1
S/S16.jpg,S,S,0.9840670824050903,1,1
S/S1612.jpg,S,S,0.9783478379249573,3,1
S/S1613.jpg,S,S,0.9810996651649475,3,1
S/S1624.jpg,S,S,0.9845722913742065,2,1
S/S1631.jpg,S,S,0.9779677391052246,4,1
S/S1635.jpg,S,S,0.9824903607368469,2,1
S/S1637.jpg,S,S,0.9834854602813721,2,1
S/S1638.jpg,S,S,0.9821173548698425,2,1
S/S1641.jpg,S,S,0.9833736419677734,2,1
S/S1646.jpg,S,S,0.9879982471466064,4,1
S/S1650.jpg,S,S,0.9802799224853516,2,1
S/S1657.jpg,S,S,0.9841819405555725,2,1
S/S1659.jpg,S,S,0.9860456585884094,2,1
S/S1664.jpg,S,S,0.9814538955688477,2,1
S/S1665.jpg,S,S,0.9835139513015747,2,1
S/S1672.jpg,S,S,0.9811742305755615,2,1
S/S1679.jpg,S,S,0.9747353792190552,2,1
S/S169.jpg,S,S,0.9804226756095886,2,1
S/S1695.jpg,S,S,0.9826959371566772,2,1
S/S1697.jpg,S,S,0.9810773730278015,2,1
S/S17.jpg,S,S,0.9848365187644958,1,1
S/S170.jpg,S,S,0.9783665537834167,2,1
S/S171.jpg,S,S,0.9799108505249023,2,1
S/S1710.jpg,S,S,0.9829697608947754,2,1
S/S1711.jpg,S,S,0.9808789491653442,3,1
S/S1712.jpg,S,S,0.9822403788566589,2,1
S/S1723.jpg,S,S,0.9807929992675781,3,1
S/S1728.jpg,S,S,0.9830137491226196,3,1
S/S1729.jpg,S,S,0.9835271239280701,4,1
S/S1732.jpg,S,S,0.9822668433189392,3,1
S/S1734.jpg,S,S,0.9832180738449097,3,1
S/S1735.jpg,S,S,0.9809684157371521,2,1
S/S1737.jpg,S,S,0.9812989830970764,2,1
S/S1738.jpg,S,S,0.9805070161819458,2,1
S/S1741.jpg,S,S,0.9803608059883118,2,1
S/S1758.jpg,S,S,0.982736349105835,3,1
S/S1764.jpg,S,S,0.9805688858032227,3,1
S/S1767.jpg,S,S,0.9810406565666199,4,1
S/S1769.jpg,S,S,0.9856979846954346,3,1
S/S1776.jpg,S,S,0.9818041324615479,2,1
S/S178.jpg,S,S,0.9789308309555054,1,1
S/S1780.jpg,S,S,0.9832239151000977,2,1
S/S1785.jpg,S,S,0.9836251139640808,2,1
S/S1790.jpg,S,S,0.9818124175071716,2,1
S/S180.jpg,S,S,0.9812703132629395,1,1
S/S1802.jpg,S,S,0.9755654335021973,2,1
S/S1803.jpg,S,S,0.9771488904953003,3,1
S/S1808.jpg,S,S,0.9757533073425293,2,1
S/S1817.jpg,S,S,0.9799767732620239,2,1
S/S1836.jpg,S,S,0.9811809062957764,2,1
S/S1837.jpg,S,S,0.982108473777771,2,1
S/S184.jpg,S,S,0.9813215136528015,1,1
S/S1841.jpg,S,S,0.9821786284446716,4,1
S/S1845.jpg,S,S,0.9825459718704224,2,1
S/S1858.jpg,S,S,0.9825050234794617,4,1
S/S1863.jpg,S,S,0.9642060399055481,3,1
S/S1865.jpg,S,S,0.9428372979164124,3,1
S/S1868.jpg,S,S,0.9638413190841675,3,1
S/S187.jpg,S,S,0.9831751585006714,1,1
S/S1876.jpg,S,S,0.9360074996948242,3,1
S/S1885.jpg,S,S,0.9807071685791016,3,1
S/S1887.jpg,S,S,0.9807290434837341,3,1
S/S1895.jpg,S,S,0.9780595898628235,3,1
S/S1902.jpg,S,S,0.9542844891548157,3,1
S/S1910.jpg,S,S,0.9620878100395203,3,1
S/S1911.jpg,S,S,0.972868800163269,2,1
S/S192.jpg,S,S,0.9841304421424866,1,1
S/S1920.jpg,S,S,0.9835742712020874,4,1
S/S1922.jpg,S,S,0.9846803545951843,2,1
S/S1925.jpg,S,S,0.982658863067627,3,1
S/S1937.jpg,S,S,0.9796411991119385,2,1
S/S194.jpg,S,S,0.983728289604187,1,1
S/S1941.jpg,S,S,0.9826687574386597,4,1
S/S1943.jpg,S,S,0.9817080497741699,2,1
S/S1945.jpg,S,S,0.9853343963623047,4,1
S/S1956.jpg,S,S,0.9881886839866638,2,1
S/S1963.jpg,S,S,0.9840096831321716,4,1
S/S1964.jpg,S,S,0.9844614863395691,3,1
S/S1965.jpg,S,S,0.9862948060035706,4,1
S/S1972.jpg,S,S,0.9857622385025024,2,1
S/S1976.jpg,S,S,0.9872503280639648,2,1
S/S1984.jpg,S,S,0.9828943610191345,3,1
S/S1986.jpg,S,S,0.9837920665740967,2,1
S/S1998.jpg,S,S,0.9886813163757324,2,1
S/S2002.jpg,S,S,0.9807426929473877,4,1
S/S2003.jpg,S,S,0.9791843891143799,4,1
S/S2005.jpg,S,S,0.9749788641929626,4,1
S/S2006.jpg,S,S,0.9784406423568726,5,1
S/S2009.jpg,S,S,0.9807084202766418,3,1
S/S2010.jpg,S,S,0.9791209697723389,3,1
S/S2012.jpg,S,S,0.9809212684631348,3,1
S/S2016.jpg,S,S,0.9793287515640259,5,1
S/S2017.jpg,S,S,0.9754383563995361,4,1
S/S2020.jpg,S,S,0.9781395792961121,4,1
S/S2025.jpg,S,S,0.9789289832115173,4,1
S/S2026.jpg,S,S,0.978717565536499,4,1
S/S203.jpg,S,S,0.9854700565338135,2,1
S/S2036.jpg,S,S,0.9788824915885925,2,1
S/S2047.jpg,S,S,0.9782475829124451,3,1
S/S205.jpg,S,S,0.9864527583122253,2,1
S/S2076.jpg,S,S,0.9823623299598694,3,1
S/S2082.jpg,S,S,0.9839876890182495,3,1
S/S2087.jpg,S,S,0.9813984036445618,4,1
S/S2088.jpg,S,S,0.9811351895332336,3,1
S/S2093.jpg,S,S,0.9806845784187317,1,1
S/S2097.jpg,S,S,0.9852118492126465,2,1
S/S21.jpg,S,S,0.9841477870941162,1,1
S/S210.jpg,S,S,0.9855297803878784,2,1
S/S2100.jpg,S,S,0.9835900664329529,1,1
S/S2110.jpg,S,S,0.9771522879600525,2,1
S/S2116.jpg,S,S,0.9752588272094727,3,1
S/S2127.jpg,S,S,0.974398672580719,3,1
S/S2128.jpg,S,S,0.9753952622413635,3,1
S/S2129.jpg,S,S,0.9731919169425964,2,1
S/S2131.jpg,S,S,0.9741870760917664,3,1
S/S2133.jpg,S,S,0.9760833978652954,3,1
S/S2134.jpg,S,S,0.9779568910598755,3,1
S/S2158.jpg,S,S,0.9849218726158142,3,1
S/S2164.jpg,S,S,0.9802458882331848,3,1
S/S2176.jpg,S,S,0.9743912220001221,2,1
S/S2181.jpg,S,S,0.9725832343101501,2,1
S/S2186.jpg,S,S,0.9791420102119446,2,1
S/S2191.jpg,S,S,0.9616362452507019,2,1
S/S2194.jpg,S,S,0.952360987663269,3,1
S/S2195.jpg,S,S,0.9624750018119812,3,1
S/S2204.jpg,S,S,0.9674304723739624,3,1
S/S2212.jpg,S,S,0.9717788696289062,2,1
S/S2214.jpg,S,S,0.9837445020675659,2,1
S/S222.jpg,S,S,0.985318660736084,2,1
S/S2222.jpg,S,S,0.9839957356452942,1,1
S/S2223.jpg,S,S,0.9757282733917236,1,1
S/S2224.jpg,S,S,0.9816470742225647,2,1
S/S2228.jpg,S,S,0.9852313995361328,1,1
S/S2229.jpg,S,S,0.9703022241592407,2,1
S/S223.jpg,S,S,0.9839575290679932,2,1
S/S2235.jpg,S,S,0.978217363357544,4,1
S/S2237.jpg,S,S,0.9870096445083618,3,1
S/S2248.jpg,S,S,0.9790119528770447,2,1
S/S2249.jpg,S,S,0.9787230491638184,2,1
S/S2255.jpg,S,S,0.9804670214653015,2,1
S/S2263.jpg,S,S,0.9688515067100525,3,1
S/S2265.jpg,S,S,0.9742857217788696,4,1
S/S2266.jpg,S,S,0.9837903380393982,3,1
S/S2267.jpg,S,S,0.9711531400680542,3,1
S/S2273.jpg,S,S,0.9831016659736633,4,1
S/S2281.jpg,S,S,0.9849649667739868,3,1
S/S2286.jpg,S,S,0.9788641333580017,3,1
S/S2293.jpg,S,S,0.9725770950317383,4,1
S/S2294.jpg,S,S,0.9797016382217407,3,1
S/S2308.jpg,S,S,0.9789875149726868,4,1
S/S231.jpg,S,S,0.9830561876296997,3,1
S/S2310.jpg,S,S,0.979478657245636,2,1
S/S2312.jpg,S,S,0.9819391369819641,2,1
S/S2315.jpg,S,S,0.9834518432617188,1,1
S/S232.jpg,S,S,0.9831583499908447,2,1
S/S2329.jpg,S,S,0.9374426603317261,2,1
S/S2331.jpg,S,S,0.9784166812896729,5,1
S/S2332.jpg,S,S,0.9767274260520935,2,1
S/S2334.jpg,S,S,0.9362710118293762,2,1
S/S2338.jpg,S,S,0.9541110992431641,1,1
S/S2344.jpg,S,S,0.9745084643363953,2,1
S/S2348.jpg,S,S,0.9729726314544678,2,1
S/S2351.jpg,S,S,0.9737576842308044,1,1
S/S2352.jpg,S,S,0.9553478956222534,1,1
S/S2354.jpg,S,S,0.9772700071334839,2,1
S/S2355.jpg,S,S,0.9732570648193359,1,1
S/S2359.jpg,S,S,0.9745071530342102,2,1
S/S236.jpg,S,S,0.9831619262695312,2,1
S/S2362.jpg,S,S,0.9761694669723511,2,1
S/S2364.jpg,S,S,0.9774265289306641,2,1
S/S2367.jpg,S,S,0.9783762693405151,2,1
S/S2371.jpg,S,S,0.9743680357933044,2,1
S/S2381.jpg,S,S,0.9736618399620056,2,1
S/S2384.jpg,S,S,0.9710574746131897,2,1
S/S2385.jpg,S,S,0.9689933061599731,2,1
S/S2388.jpg,S,S,0.9560238122940063,2,1
S/S2393.jpg,S,S,0.965042769908905,2,1
S/S2396.jpg,S,S,0.9632781744003296,3,1
S/S2401.jpg,S,S,0.9714660048484802,3,1
S/S2402.jpg,S,S,0.9746127724647522,3,1
S/S2404.jpg,S,S,0.9725099205970764,4,1
S/S2410.jpg,S,S,0.9728255867958069,4,1
S/S2412.jpg,S,S,0.975057065486908,4,1
S/S2415.jpg,S,S,0.9777179956436157,5,1
S/S242.jpg,S,S,0.9846081137657166,3,1
S/S2420.jpg,S,S,0.979095458984375,4,1
S/S2422.jpg,S,S,0.9769450426101685,4,1
S/S2426.jpg,S,S,0.979705274105072,4,1
S/S2429.jpg,S,S,0.9819934368133545,3,1
S/S243.jpg,S,S,0.9844505190849304,3,1
S/S2430.jpg,S,S,0.9794917106628418,4,1
S/S2434.jpg,S,S,0.9780272245407104,3,1
S/S2438.jpg,S,S,0.9800578355789185,3,1
S/S2440.jpg,S,S,0.9769631624221802,3,1
S/S2447.jpg,S,S,0.9742242693901062,3,1
S/S2448.jpg,S,S,0.9791300892829895,4,1
S/S2451.jpg,S,S,0.9803944826126099,3,1
S/S2454.jpg,S,S,0.9773969650268555,3,1
S/S2464.jpg,S,S,0.9769346714019775,3,1
S/S2471.jpg,S,S,0.9763345718383789,3,1
S/S2479.jpg,S,S,0.9780977964401245,3,1
S/S248.jpg,S,S,0.9853231906890869,2,1
S/S2480.jpg,S,S,0.9718517065048218,3,1
S/S2488.jpg,S,S,0.975459098815918,2,1
S/S2491.jpg,S,S,0.9852356910705566,1,1
S/S2497.jpg,S,S,0.9853877425193787,2,1
S/S2499.jpg,S,S,0.9788351058959961,2,1
S/S25.jpg,S,S,0.9845278859138489,1,1
S/S2501.jpg,S,S,0.9837919473648071,1,1
S/S2506.jpg,S,S,0.9816152453422546,2,1
S/S2507.jpg,S,S,0.9785885810852051,3,1
S/S2508.jpg,S,S,0.9815384149551392,3,1
S/S2517.jpg,S,S,0.9870729446411133,2,1
S/S2519.jpg,S,S,0.9845224618911743,2,1
S/S2521.jpg,S,S,0.9864500164985657,2,1
S/S2524.jpg,S,S,0.9870071411132812,2,1
S/S2526.jpg,S,S,0.987296462059021,2,1
S/S2533.jpg,S,S,0.9859464764595032,2,1
S/S2551.jpg,S,S,0.9736199378967285,2,1
S/S2558.jpg,S,S,0.9796102046966553,2,1
S/S256.jpg,S,S,0.9873034358024597,2,1
S/S2560.jpg,S,S,0.977719783782959,1,1
S/S2562.jpg,S,S,0.9768587946891785,2,1
S/S2567.jpg,S,S,0.9745621681213379,2,1
S/S2572.jpg,S,S,0.9783005118370056,2,1
S/S2573.jpg,S,S,0.9759365320205688,2,1
S/S2588.jpg,S,S,0.9831961393356323,2,1
S/S2593.jpg,S,S,0.9852380156517029,3,1
S/S2597.jpg,S,S,0.9852159023284912,2,1
S/S260.jpg,S,S,0.9869844913482666,1,1
S/S2600.jpg,S,S,0.984902560710907,2,1
S/S2603.jpg,S,S,0.9837256073951721,2,1
S/S2609.jpg,S,S,0.9828029274940491,2,1
S/S261.jpg,S,S,0.9867076873779297,2,1
S/S2612.jpg,S,S,0.9859393835067749,2,1
S/S2614.jpg,S,S,0.9861735105514526,2,1
S/S2616.jpg,S,S,0.9855145215988159,2,1
S/S2636.jpg,S,S,0.9835439324378967,2,1
S/S2642.jpg,S,S,0.9842588901519775,2,1
S/S2643.jpg,S,S,0.9833077192306519,2,1
S/S2651.jpg,S,S,0.9841225147247314,2,1
S/S2657.jpg,S,S,0.9865171909332275,1,1
S/S266.jpg,S,S,0.9849435687065125,2,1
S/S2673.jpg,S,S,0.9856350421905518,1,1
S/S2676.jpg,S,S,0.9844239354133606,1,1
S/S2680.jpg,S,S,0.9824538826942444,1,1
S/S2682.jpg,S,S,0.9759128093719482,2,1
S/S2690.jpg,S,S,0.9821600317955017,1,1
S/S2691.jpg,S,S,0.9824714064598083,3,1
S/S2702.jpg,S,S,0.9875010251998901,1,1
S/S2706.jpg,S,S,0.9810046553611755,1,1
S/S2715.jpg,S,S,0.9846106171607971,1,1
S/S2718.jpg,S,S,0.9831526279449463,1,1
S/S2719.jpg,S,S,0.9827057123184204,1,1
S/S2726.jpg,S,S,0.9835293292999268,1,1
S/S2729.jpg,S,S,0.9814518094062805,1,1
S/S2734.jpg,S,S,0.9837732315063477,2,1
S/S2742.jpg,S,S,0.9870403409004211,2,1
S/S275.jpg,S,S,0.9820929765701294,2,1
S/S2754.jpg,S,S,0.9849158525466919,1,1
S/S2758.jpg,S,S,0.9833725094795227,2,1
S/S2762.jpg,S,S,0.9807763695716858,2,1
S/S2766.jpg,S,S,0.9827889800071716,2,1
S/S2777.jpg,S,S,0.9847829937934875,1,1
S/S2779.jpg,S,S,0.9830355644226074,1,1
S/S2788.jpg,S,S,0.983871579170227,1,1
S/S2794.jpg,S,S,0.9842891097068787,1,1
S/S2802.jpg,S,S,0.9856590628623962,1,1
S/S2804.jpg,S,S,0.9824601411819458,1,1
S/S2809.jpg,S,S,0.9851395487785339,2,1
S/S2811.jpg,S,S,0.9853079915046692,2,1
S/S2813.jpg,S,S,0.982397735118866,2,1
S/S2815.jpg,S,S,0.9841113090515137,3,1
S/S2817.jpg,S,S,0.9835756421089172,1,1
S/S2818.jpg,S,S,0.9849180579185486,1,1
S/S2821.jpg,S,S,0.9858786463737488,2,1
S/S2843.jpg,S,S,0.9783675074577332,3,1
S/S2849.jpg,S,S,0.9785338044166565,2,1
S/S285.jpg,S,S,0.9847691059112549,2,1
S/S2850.jpg,S,S,0.977670431137085,2,1
S/S2854.jpg,S,S,0.9769028425216675,2,1
S/S2855.jpg,S,S,0.9770613312721252,2,1
S/S2858.jpg,S,S,0.973425030708313,2,1
S/S2860.jpg,S,S,0.9732266068458557,2,1
S/S2863.jpg,S,S,0.9767155051231384,3,1
S/S2864.jpg,S,S,0.9766353368759155,3,1
S/S2872.jpg,S,S,0.9795516729354858,3,1
S/S2874.jpg,S,S,0.9759098887443542,4,1
S/S2877.jpg,S,S,0.9782016277313232,4,1
S/S2880.jpg,S,S,0.9767716526985168,3,1
S/S2887.jpg,S,S,0.97764652967453,3,1
S/S2888.jpg,S,S,0.9780047535896301,3,1
S/S289.jpg,S,S,0.9845906496047974,1,1
S/S2895.jpg,S,S,0.9795455932617188,3,1
S/S2898.jpg,S,S,0.9803141355514526,4,1
S/S2905.jpg,S,S,0.9798583984375,3,1
S/S2908.jpg,S,S,0.9826968908309937,2,1
S/S2915.jpg,S,S,0.9851511120796204,3,1
S/S2922.jpg,S,S,0.986527144908905,2,1
S/S2927.jpg,S,S,0.9870163798332214,1,1
S/S2929.jpg,S,S,0.9873130917549133,1,1
S/S2932.jpg,S,S,0.9864648580551147,2,1
S/S2934.jpg,S,S,0.9874235987663269,2,1
S/S2936.jpg,S,S,0.9867039918899536,2,1
S/S2944.jpg,S,S,0.9881244897842407,1,1
S/S2960.jpg,S,S,0.9792962074279785,1,1
S/S2964.jpg,S,S,0.9761161804199219,1,1
S/S2966.jpg,S,S,0.9757099747657776,1,1
S/S2979.jpg,S,S,0.9699234366416931,1,1
S/S2982.jpg,S,S,0.9683434367179871,1,1
S/S2984.jpg,S,S,0.9659477472305298,1,1
S/S299.jpg,S,S,0.9802418947219849,2,1
S/S2992.jpg,S,S,0.9730282425880432,1,1
S/S2995.jpg,S,S,0.9734005331993103,1,1
S/S3.jpg,S,S,0.9835755228996277,2,1
S/S305.jpg,S,S,0.9800305962562561,2,1
S/S309.jpg,S,S,0.9809041619300842,2,1
S/S317.jpg,S,S,0.9801902174949646,2,1
S/S318.jpg,S,S,0.9818289279937744,2,1
S/S319.jpg,S,S,0.980536699295044,2,1
S/S32.jpg,S,S,0.9810609817504883,1,1
S/S321.jpg,S,S,0.9815525412559509,2,1
S/S328.jpg,S,S,0.9835572242736816,1,1
S/S331.jpg,S,S,0.983433723449707,1,1
S/S334.jpg,S,S,0.9830799102783203,2,1
S/S335.jpg,S,S,0.9839755296707153,2,1
S/S336.jpg,S,S,0.9841601252555847,2,1
S/S342.jpg,S,S,0.9852761626243591,2,1
S/S344.jpg,S,S,0.9864098429679871,1,1
S/S347.jpg,S,S,0.987345278263092,1,1
S/S349.jpg,S,S,0.986974835395813,1,1
S/S355.jpg,S,S,0.9847204685211182,1,1
S/S36.jpg,S,S,0.9820170998573303,1,1
S/S362.jpg,S,S,0.986949622631073,1,1
S/S364.jpg,S,S,0.9859722852706909,2,1
S/S369.jpg,S,S,0.9840356707572937,2,1
S/S375.jpg,S,S,0.9845348596572876,2,1
S/S38.jpg,S,S,0.9823505878448486,1,1
S/S381.jpg,S,S,0.9835663437843323,2,1
S/S387.jpg,S,S,0.982971727848053,2,1
S/S39.jpg,S,S,0.9831721782684326,1,1
S/S390.jpg,S,S,0.981860876083374,2,1
S/S394.jpg,S,S,0.983734130859375,3,1
S/S396.jpg,S,S,0.984035313129425,2,1
S/S402.jpg,S,S,0.9834809899330139,3,1
S/S408.jpg,S,S,0.983666181564331,2,1
S/S412.jpg,S,S,0.9825536608695984,3,1
S/S417.jpg,S,S,0.9840335845947266,2,1
S/S423.jpg,S,S,0.9864299297332764,1,1
S/S424.jpg,S,S,0.9851043820381165,2,1
S/S43.jpg,S,S,0.9853816032409668,1,1
S/S430.jpg,S,S,0.9860617518424988,1,1
S/S433.jpg,S,S,0.982280433177948,1,1
S/S434.jpg,S,S,0.9814629554748535,2,1
S/S435.jpg,S,S,0.9840233325958252,2,1
S/S44.jpg,S,S,0.9841678738594055,1,1
S/S454.jpg,S,S,0.9841647744178772,1,1
S/S456.jpg,S,S,0.9849697351455688,2,1
S/S46.jpg,S,S,0.9842109680175781,1,1
S/S47.jpg,S,S,0.9867009520530701,1,1
S/S473.jpg,S,S,0.9780595898628235,2,1
S/S475.jpg,S,S,0.9793208837509155,2,1
S/S48.jpg,S,S,0.9866732358932495,1,1
S/S490.jpg,S,S,0.9827410578727722,1,1
S/S495.jpg,S,S,0.9814064502716064,1,1
S/S497.jpg,S,S,0.984733521938324,1,1
S/S499.jpg,S,S,0.9847105145454407,1,1
S/S5.jpg,S,S,0.9858093857765198,2,1
S/S503.jpg,S,S,0.9888661503791809,1,1
S/S508.jpg,S,S,0.9885886907577515,1,1
S/S512.jpg,S,S,0.9907287359237671,1,1
S/S517.jpg,S,S,0.9902072548866272,1,1
S/S519.jpg,S,S,0.9906260967254639,1,1
S/S525.jpg,S,S,0.9901086091995239,1,1
S/S526.jpg,S,S,0.990617573261261,1,1
S/S533.jpg,S,S,0.9878403544425964,2,1
S/S534.jpg,S,S,0.9875556826591492,1,1
S/S535.jpg,S,S,0.9877443909645081,1,1
S/S545.jpg,S,S,0.9885552525520325,1,1
S/S546.jpg,S,S,0.9868331551551819,1,1
S/S552.jpg,S,S,0.9843542575836182,1,1
S/S553.jpg,S,S,0.9844394326210022,1,1
S/S557.jpg,S,S,0.985054075717926,1,1
S/S565.jpg,S,S,0.9839263558387756,1,1
S/S567.jpg,S,S,0.9852414727210999,2,1
S/S570.jpg,S,S,0.9830596446990967,2,1
S/S578.jpg,S,S,0.9867855906486511,2,1
S/S580.jpg,S,S,0.9879894256591797,2,1
S/S59.jpg,S,S,0.9813269972801208,1,1
S/S594.jpg,S,S,0.983653724193573,2,1
S/S595.jpg,S,S,0.9826847910881042,2,1
S/S60.jpg,S,S,0.9824891090393066,1,1
S/S601.jpg,S,S,0.980583667755127,2,1
S/S603.jpg,S,S,0.9791669249534607,2,1
S/S606.jpg,S,S,0.9789839386940002,2,1
S/S613.jpg,S,S,0.9787200093269348,2,1
S/S614.jpg,S,S,0.9836554527282715,2,1
S/S624.jpg,S,S,0.9858257174491882,2,1
S/S635.jpg,S,S,0.9827691912651062,4,1
S/S642.jpg,S,S,0.9820564389228821,2,1
S/S646.jpg,S,S,0.982548177242279,2,1
S/S652.jpg,S,S,0.9829855561256409,1,1
S/S66.jpg,S,S,0.9802066087722778,1,1
S/S664.jpg,S,S,0.9811826348304749,3,1
S/S670.jpg,S,S,0.9803357124328613,2,1
S/S675.jpg,S,S,0.9792183041572571,2,1
S/S677.jpg,S,S,0.9805698990821838,2,1
S/S678.jpg,S,S,0.9791550040245056,2,1
S/S681.jpg,S,S,0.9805837869644165,2,1
S/S686.jpg,S,S,0.9812549352645874,2,1
S/S69.jpg,S,S,0.9814695119857788,2,1
S/S696.jpg,S,S,0.9838151335716248,2,1
S/S700.jpg,S,S,0.9833469986915588,2,1
S/S703.jpg,S,S,0.983283281326294,3,1
S/S707.jpg,S,S,0.9812796115875244,3,1
S/S709.jpg,S,S,0.983073890209198,3,1
S/S715.jpg,S,S,0.9844270348548889,3,1
S/S716.jpg,S,S,0.9835017323493958,3,1
S/S723.jpg,S,S,0.9845422506332397,4,1
S/S725.jpg,S,S,0.9830606579780579,4,1
S/S733.jpg,S,S,0.9871297478675842,3,1
S/S736.jpg,S,S,0.9846532940864563,3,1
S/S749.jpg,S,S,0.9732465744018555,2,1
S/S751.jpg,S,S,0.985230028629303,3,1
S/S753.jpg,S,S,0.9855524897575378,2,1
S/S755.jpg,S,S,0.9830867052078247,3,1
S/S775.jpg,S,S,0.9801424741744995,2,1
S/S785.jpg,S,S,0.9791404008865356,2,1
S/S786.jpg,S,S,0.9792807698249817,2,1
S/S794.jpg,S,S,0.979796826839447,2,1
S/S798.jpg,S,S,0.9818853735923767,2,1
S/S800.jpg,S,S,0.9815654158592224,2,1
S/S802.jpg,S,S,0.9812687039375305,3,1
S/S803.jpg,S,S,0.9832625389099121,2,1
S/S805.jpg,S,S,0.9826367497444153,3,1
S/S81.jpg,S,S,0.9819183349609375,2,1
S/S813.jpg,S,S,0.9827967882156372,2,1
S/S827.jpg,S,S,0.9807707667350769,2,1
S/S83.jpg,S,S,0.9789349436759949,1,1
S/S841.jpg,S,S,0.983424961566925,2,1
S/S844.jpg,S,S,0.9822837710380554,2,1
S/S85.jpg,S,S,0.9777236580848694,1,1
S/S850.jpg,S,S,0.9869505763053894,2,1
S/S866.jpg,S,S,0.9803444147109985,2,1
S/S871.jpg,S,S,0.9787240028381348,2,1
S/S875.jpg,S,S,0.9804603457450867,2,1
S/S881.jpg,S,S,0.9796285033226013,2,1
S/S884.jpg,S,S,0.9781112670898438,2,1
S/S887.jpg,S,S,0.978226363658905,2,1
S/S891.jpg,S,S,0.9780784249305725,2,1
S/S892.jpg,S,S,0.9772000908851624,2,1
S/S893.jpg,S,S,0.9784784317016602,2,1
S/S912.jpg,S,S,0.9767706394195557,2,1
S/S921.jpg,S,S,0.9785928130149841,2,1
S/S93.jpg,S,S,0.9696875810623169,1,1
S/S930.jpg,S,S,0.9768859148025513,2,1
S/S932.jpg,S,S,0.9760736227035522,2,1
S/S934.jpg,S,S,0.9755100607872009,2,1
S/S94.jpg,S,S,0.9702109694480896,1,1
S/S943.jpg,S,S,0.9791457653045654,1,1
S/S961.jpg,S,S,0.9795569181442261,2,1
S/S963.jpg,S,S,0.9802557229995728,2,1
S/S969.jpg,S,S,0.9792511463165283,1,1
S/S97.jpg,S,S,0.9746502637863159,1,1
S/S977.jpg,S,S,0.976563036441803,2,1
S/S979.jpg,S,S,0.9746314287185669,2,1
S/S995.jpg,S,S,0.9842846393585205,2,1
S/S997.jpg,S,S,0.9859927892684937,1,1
T/T10.jpg,T,T,0.9808655977249146,2,1
T/T1004.jpg,T,T,0.9816091656684875,3,1
T/T1006.jpg,T,T,0.9807852506637573,3,1
T/T1009.jpg,T,T,0.9805106520652771,4,1
T/T1012.jpg,T,T,0.9789741039276123,4,1
T/T1015.jpg,T,T,0.9798430800437927,3,1
T/T1017.jpg,T,T,0.978105902671814,4,1
T/T1023.jpg,T,T,0.9812114238739014,4,1
T/T1025.jpg,T,T,0.9819949269294739,3,1
T/T1033.jpg,T,T,0.9825639128684998,3,1
T/T1038.jpg,T,T,0.9788995385169983,3,1
T/T1039.jpg,T,T,0.9792256355285645,3,1
T/T104.jpg,T,T,0.9689971208572388,2,1
T/T1043.jpg,T,T,0.9803667664527893,4,1
T/T1044.jpg,T,T,0.9784814715385437,4,1
T/T1049.jpg,T,T,0.9787359833717346,1,1
T/T1055.jpg,T,T,0.9802834391593933,3,1
T/T1066.jpg,T,T,0.9754941463470459,3,1
T/T1067.jpg,T,T,0.9765568971633911,2,1
T/T1075.jpg,T,T,0.970940113067627,3,1
T/T1078.jpg,T,T,0.971498966217041,3,1
T/T1082.jpg,T,T,0.9794235825538635,3,1
T/T1089.jpg,T,T,0.981563925743103,2,1
T/T1090.jpg,T,T,0.9792813062667847,2,1
T/T1092.jpg,T,T,0.981765627861023,2,1
T/T1094.jpg,T,T,0.9776251316070557,2,1
T/T1096.jpg,T,T,0.9774079918861389,2,1
T/T1116.jpg,T,T,0.9739423394203186,2,1
T/T1127.jpg,T,T,0.9754413962364197,2,1
T/T1128.jpg,T,T,0.9763385653495789,2,1
T/T1129.jpg,T,T,0.9768253564834595,3,1
T/T1132.jpg,T,T,0.9759209752082825,2,1
T/T1133.jpg,T,T,0.9766358137130737,2,1
T/T1135.jpg,T,T,0.9798889756202698,2,1
T/T1139.jpg,T,T,0.978164792060852,2,1
T/T1142.jpg,T,T,0.9803504943847656,4,1
T/T1145.jpg,T,T,0.9805173277854919,4,1
T/T1151.jpg,T,T,0.9786004424095154,4,1
T/T1158.jpg,T,T,0.9767846465110779,4,1
T/T116.jpg,T,T,0.971863329410553,1,1
T/T1176.jpg,T,T,0.9784606099128723,2,1
T/T1180.jpg,T,T,0.9722074270248413,2,1
T/T1196.jpg,T,T,0.9784796833992004,5,1
T/T12.jpg,T,T,0.9801107048988342,2,1
T/T1201.jpg,T,T,0.9758787751197815,3,1
T/T1205.jpg,T,T,0.9816868305206299,4,1
T/T1209.jpg,T,T,0.9822752475738525,3,1
T/T121.jpg,T,T,0.9666096568107605,1,1
T/T1210.jpg,T,T,0.980863094329834,2,1
T/T1214.jpg,T,T,0.9748484492301941,2,1
T/T1217.jpg,T,T,0.9768192172050476,2,1
T/T122.jpg,T,T,0.9661186337471008,1,1
T/T1223.jpg,T,T,0.9717909097671509,2,1
T/T1232.jpg,T,T,0.9748697280883789,2,1
T/T1239.jpg,T,T,0.9712203741073608,3,1
T/T1243.jpg,T,T,0.9720386266708374,2,1
T/T1253.jpg,T,T,0.9800628423690796,2,1
T/T1271.jpg,T,T,0.9741305112838745,2,1
T/T1274.jpg,T,T,0.9694664478302002,3,1
T/T1276.jpg,T,T,0.9682657122612,3,1
T/T1277.jpg,T,T,0.9746248722076416,2,1
T/T1295.jpg,T,T,0.9658443331718445,3,1
T/T1296.jpg,T,T,0.96844482421875,3,1
T/T1299.jpg,T,T,0.9735141396522522,3,1
T/T1304.jpg,T,T,0.973189115524292,2,1
T/T1306.jpg,T,T,0.9792072176933289,2,1
T/T1308.jpg,T,T,0.9837087392807007,1,1
T/T1310.jpg,T,T,0.9817898869514465,1,1
T/T1312.jpg,T,T,0.9781219959259033,1,1
T/T1315.jpg,T,T,0.9699957966804504,4,1
T/T1316.jpg,T,T,0.9670287370681763,2,1
T/T1325.jpg,T,T,0.9701687693595886,1,1
T/T133.jpg,T,T,0.9697101712226868,1,1
T/T1330.jpg,T,T,0.9835540056228638,3,1
T/T1333.jpg,T,T,0.978320837020874,4,1
T/T1334.jpg,T,T,0.9780101180076599,3,1
T/T1337.jpg,T,T,0.9768165946006775,2,1
T/T1345.jpg,T,T,0.9737130403518677,1,1
T/T1349.jpg,T,T,0.9726665616035461,2,1
T/T135.jpg,T,T,0.9686387181282043,1,1
T/T1353.jpg,T,T,0.9686855673789978,3,1
T/T136.jpg,T,T,0.968124508857727,1,1
T/T1362.jpg,T,T,0.9678242802619934,4,1
T/T1363.jpg,T,T,0.9702901840209961,3,1
T/T1376.jpg,T,T,0.9700556993484497,3,1
T/T1379.jpg,T,T,0.9719840288162231,2,1
T/T138.jpg,T,T,0.9688330292701721,1,1
T/T1388.jpg,T,T,0.9731684327125549,1,1
T/T1390.jpg,T,T,0.9718337059020996,1,1
T/T1393.jpg,T,T,0.9707425832748413,2,1
T/T1395.jpg,T,T,0.9672355055809021,2,1
T/T1399.jpg,T,T,0.9732611775398254,2,1
T/T14.jpg,T,T,0.9807316660881042,1,1
T/T140.jpg,T,T,0.970704972743988,1,1
T/T1412.jpg,T,T,0.974040687084198,2,1
T/T1415.jpg,T,T,0.9683842062950134,3,1
T/T1418.jpg,T,T,0.9667460322380066,3,1
T/T142.jpg,T,T,0.9693599343299866,1,1
T/T143.jpg,T,T,0.9680055379867554,1,1
T/T1440.jpg,T,T,0.9752401113510132,1,1
T/T1445.jpg,T,T,0.9727407693862915,1,1
T/T1447.jpg,T,T,0.9741618633270264,1,1
T/T1448.jpg,T,T,0.9733327627182007,1,1
T/T1455.jpg,T,T,0.9706457853317261,2,1
T/T1456.jpg,T,T,0.9696369767189026,2,1
T/T1457.jpg,T,T,0.9685510396957397,2,1
T/T1465.jpg,T,T,0.9734476208686829,1,1
T/T1469.jpg,T,T,0.9725499749183655,1,1
T/T1480.jpg,T,T,0.9734802842140198,2,1
T/T1482.jpg,T,T,0.9734936952590942,2,1
T/T1485.jpg,T,T,0.9695315361022949,2,1
T/T1486.jpg,T,T,0.9703578948974609,1,1
T/T1490.jpg,T,T,0.9705114364624023,2,1
T/T1492.jpg,T,T,0.9692245125770569,3,1
T/T1495.jpg,T,T,0.9704299569129944,3,1
T/T1498.jpg,T,T,0.971057116985321,4,1
T/T1501.jpg,T,T,0.9700400829315186,4,1
T/T1507.jpg,T,T,0.9721064567565918,4,1
T/T1509.jpg,T,T,0.9717958569526672,2,1
T/T151.jpg,T,T,0.9671152830123901,1,1
T/T1517.jpg,T,T,0.9700509905815125,3,1
T/T1518.jpg,T,T,0.9692063331604004,2,1
T/T1519.jpg,T,T,0.9730311036109924,1,1
T/T1521.jpg,T,T,0.9718981981277466,2,1
T/T1522.jpg,T,T,0.9723948240280151,2,1
T/T1524.jpg,T,T,0.9710612893104553,3,1
T/T153.jpg,T,T,0.9755810499191284,1,1
T/T1535.jpg,T,T,0.970560610294342,1,1
T/T154.jpg,T,T,0.9757861495018005,1,1
T/T1542.jpg,T,T,0.9698696136474609,3,1
T/T1548.jpg,T,T,0.9712569117546082,3,1
T/T155.jpg,T,T,0.975691020488739,1,1
T/T1551.jpg,T,T,0.9692122936248779,1,1
T/T1552.jpg,T,T,0.9703200459480286,4,1
T/T1553.jpg,T,T,0.9694594144821167,3,1
T/T1555.jpg,T,T,0.9709667563438416,2,1
T/T1556.jpg,T,T,0.9709186553955078,2,1
T/T1557.jpg,T,T,0.9720786213874817,2,1
T/T1559.jpg,T,T,0.9698596596717834,2,1
T/T1561.jpg,T,T,0.9694837927818298,2,1
T/T1564.jpg,T,T,0.968936026096344,4,1
T/T157.jpg,T,T,0.9760193228721619,2,1
T/T1570.jpg,T,T,0.9724631309509277,4,1
T/T1579.jpg,T,T,0.9734343886375427,1,1
T/T1582.jpg,T,T,0.9773654937744141,1,1
T/T1585.jpg,T,T,0.9726517796516418,1,1
T/T1597.jpg,T,T,0.9726292490959167,4,1
T/T1598.jpg,T,T,0.9729089736938477,3,1
T/T1606.jpg,T,T,0.9749031662940979,2,1
T/T1612.jpg,T,T,0.9693586826324463,4,1
T/T1613.jpg,T,T,0.96904057264328,3,1
T/T1614.jpg,T,T,0.9672048091888428,2,1
T/T1617.jpg,T,T,0.9710984826087952,1,1
T/T1618.jpg,T,T,0.9706436395645142,2,1
T/T162.jpg,T,T,0.9689846634864807,2,1
T/T1632.jpg,T,T,0.9705795049667358,2,1
T/T1633.jpg,T,T,0.9714095592498779,2,1
T/T1636.jpg,T,T,0.9735745191574097,2,1
T/T1638.jpg,T,T,0.9748124480247498,2,1
T/T1659.jpg,T,T,0.9829353094100952,3,1
T/T1666.jpg,T,T,0.9807177782058716,3,1
T/T1672.jpg,T,T,0.9802584648132324,5,1
T/T1674.jpg,T,T,0.979745090007782,3,1
T/T1676.jpg,T,T,0.9793853759765625,3,1
T/T1678.jpg,T,T,0.9785736203193665,4,1
T/T1679.jpg,T,T,0.9784538745880127,3,1
T/T1682.jpg,T,T,0.9797210693359375,5,1
T/T1683.jpg,T,T,0.9797806739807129,4,1
T/T1684.jpg,T,T,0.9775726795196533,5,1
T/T1688.jpg,T,T,0.9776411652565002,5,1
T/T1692.jpg,T,T,0.9784846901893616,5,1
T/T1693.jpg,T,T,0.9792114496231079,4,1
T/T1702.jpg,T,T,0.9795467257499695,4,1
T/T1719.jpg,T,T,0.973732054233551,6,1
T/T1736.jpg,T,T,0.9763630628585815,5,1
T/T1737.jpg,T,T,0.9775221347808838,6,1
T/T174.jpg,T,T,0.9651079177856445,1,1
T/T1745.jpg,T,T,0.9760960936546326,3,1
T/T1746.jpg,T,T,0.9768800735473633,3,1
T/T1755.jpg,T,T,0.9760297536849976,4,1
T/T1758.jpg,T,T,0.9743751287460327,4,1
T/T1759.jpg,T,T,0.9763144254684448,3,1
T/T176.jpg,T,T,0.9682890772819519,1,1
T/T1761.jpg,T,T,0.9746354222297668,3,1
T/T1766.jpg,T,T,0.9750482439994812,3,1
T/T1768.jpg,T,T,0.9759849309921265,3,1
T/T1779.jpg,T,T,0.9794856309890747,3,1
T/T1784.jpg,T,T,0.9787023067474365,3,1
T/T1796.jpg,T,T,0.9789698719978333,4,1
T/T180.jpg,T,T,0.9673513770103455,1,1
T/T1801.jpg,T,T,0.9806632399559021,7,1
T/T1803.jpg,T,T,0.9808681607246399,5,1
T/T1805.jpg,T,T,0.9772254824638367,4,1
T/T1812.jpg,T,T,0.9730801582336426,4,1
T/T1815.jpg,T,T,0.9742066264152527,3,1
T/T1818.jpg,T,T,0.9744709134101868,3,1
T/T1826.jpg,T,T,0.9747852683067322,3,1
T/T1827.jpg,T,T,0.9764207005500793,5,1
T/T1828.jpg,T,T,0.9755800366401672,6,1
T/T1833.jpg,T,T,0.9758484363555908,6,1
T/T1838.jpg,T,T,0.9851352572441101,2,1
T/T1839.jpg,T,T,0.9834973812103271,2,1
T/T1840.jpg,T,T,0.9832521677017212,3,1
T/T1845.jpg,T,T,0.9754015207290649,2,1
T/T1846.jpg,T,T,0.9759051203727722,2,1
T/T1850.jpg,T,T,0.9674253463745117,2,1
T/T1856.jpg,T,T,0.9698493480682373,2,1
T/T1860.jpg,T,T,0.9701395034790039,3,1
T/T1864.jpg,T,T,0.9750707745552063,2,1
T/T187.jpg,T,T,0.973170816898346,1,1
T/T1873.jpg,T,T,0.9792113304138184,2,1
T/T1874.jpg,T,T,0.977566659450531,2,1
T/T188.jpg,T,T,0.9786012172698975,1,1
T/T189.jpg,T,T,0.9756053686141968,1,1
T/T1897.jpg,T,T,0.9820924997329712,2,1
T/T191.jpg,T,T,0.9783388376235962,1,1
T/T1919.jpg,T,T,0.974152684211731,3,1
T/T1921.jpg,T,T,0.9678250551223755,3,1
T/T1924.jpg,T,T,0.97030109167099,3,1
T/T1928.jpg,T,T,0.973081648349762,3,1
T/T1930.jpg,T,T,0.9718117117881775,4,1
T/T1933.jpg,T,T,0.9805774688720703,2,1
T/T1937.jpg,T,T,0.9798634648323059,3,1
T/T1945.jpg,T,T,0.9752591848373413,2,1
T/T1947.jpg,T,T,0.9710037112236023,2,1
T/T1950.jpg,T,T,0.9765174388885498,3,1
T/T1952.jpg,T,T,0.977886438369751,2,1
T/T1956.jpg,T,T,0.9750909805297852,3,1
T/T196.jpg,T,T,0.9743492007255554,1,1
T/T1962.jpg,T,T,0.9825677275657654,4,1
T/T197.jpg,T,T,0.9740568995475769,1,1
T/T198.jpg,T,T,0.9735774397850037,1,1
T/T1981.jpg,T,T,0.9764236807823181,4,1
T/T1986.jpg,T,T,0.9810006022453308,4,1
T/T199.jpg,T,T,0.9716330766677856,1,1
T/T1992.jpg,T,T,0.9776140451431274,4,1
T/T1994.jpg,T,T,0.9792603850364685,3,1
T/T2000.jpg,T,T,0.9794950485229492,3,1
T/T2002.jpg,T,T,0.9756372570991516,3,1
T/T2007.jpg,T,T,0.9759857058525085,2,1
T/T2010.jpg,T,T,0.9792177677154541,2,1
T/T2016.jpg,T,T,0.9795182347297668,2,1
T/T202.jpg,T,T,0.9702032208442688,1,1
T/T2037.jpg,T,T,0.9720370769500732,4,1
T/T204.jpg,T,T,0.9688916802406311,1,1
T/T2052.jpg,T,T,0.971191942691803,2,1
T/T2059.jpg,T,T,0.9729049205780029,3,1
T/T2062.jpg,T,T,0.9641860723495483,3,1
T/T2063.jpg,T,T,0.9646907448768616,4,1
T/T2064.jpg,T,T,0.961306095123291,2,1
T/T2069.jpg,T,T,0.965820848941803,2,1
T/T2075.jpg,T,T,0.9706765413284302,3,1
T/T2078.jpg,T,T,0.9690502882003784,3,1
T/T2079.jpg,T,T,0.9678386449813843,3,1
T/T2092.jpg,T,T,0.9713213443756104,3,1
T/T2093.jpg,T,T,0.9714241623878479,3,1
T/T2094.jpg,T,T,0.9698087573051453,3,1
T/T21.jpg,T,T,0.9780505895614624,1,1
T/T210.jpg,T,T,0.9716731905937195,1,1
T/T2103.jpg,T,T,0.9670397043228149,3,1
T/T2105.jpg,T,T,0.9672099351882935,3,1
T/T2111.jpg,T,T,0.9658982753753662,3,1
T/T2112.jpg,T,T,0.9695334434509277,3,1
T/T2114.jpg,T,T,0.96559739112854,4,1
T/T2115.jpg,T,T,0.9727001786231995,3,1
T/T2122.jpg,T,T,0.963696300983429,2,1
T/T2124.jpg,T,T,0.9594941735267639,3,1
T/T2128.jpg,T,T,0.9595378637313843,2,1
T/T2131.jpg,T,T,0.965502142906189,2,1
T/T2132.jpg,T,T,0.9661683440208435,2,1
T/T2138.jpg,T,T,0.9677205085754395,2,1
T/T2140.jpg,T,T,0.9667206406593323,1,1
T/T215.jpg,T,T,0.9729700088500977,1,1
T/T2151.jpg,T,T,0.9799872040748596,1,1
T/T2153.jpg,T,T,0.9789755940437317,1,1
T/T2156.jpg,T,T,0.9766138195991516,1,1
T/T2159.jpg,T,T,0.9774930477142334,1,1
T/T2164.jpg,T,T,0.9786058068275452,3,1
T/T2168.jpg,T,T,0.97962486743927,1,1
T/T2170.jpg,T,T,0.975014328956604,3,1
T/T2172.jpg,T,T,0.9751072525978088,2,1
T/T2185.jpg,T,T,0.9684141874313354,2,1
T/T2186.jpg,T,T,0.9650711417198181,1,1
T/T2187.jpg,T,T,0.9686036109924316,2,1
T/T2191.jpg,T,T,0.9651447534561157,2,1
T/T2193.jpg,T,T,0.9668689370155334,2,1
T/T2199.jpg,T,T,0.9569631814956665,3,1
T/T2207.jpg,T,T,0.9688831567764282,3,1
T/T2215.jpg,T,T,0.9717707633972168,3,1
T/T2216.jpg,T,T,0.9716153144836426,3,1
T/T2225.jpg,T,T,0.9684299230575562,3,1
T/T2229.jpg,T,T,0.970930814743042,3,1
T/T2232.jpg,T,T,0.972580075263977,3,1
T/T2236.jpg,T,T,0.9743261337280273,3,1
T/T2240.jpg,T,T,0.9732734560966492,3,1
T/T2248.jpg,T,T,0.9742868542671204,3,1
T/T2269.jpg,T,T,0.9749778509140015,4,1
T/T227.jpg,T,T,0.9779353141784668,1,1
T/T2270.jpg,T,T,0.9735360741615295,4,1
T/T2277.jpg,T,T,0.9708319306373596,3,1
T/T2281.jpg,T,T,0.9653756022453308,5,1
T/T2284.jpg,T,T,0.96977698802948,4,1
T/T2285.jpg,T,T,0.9709926843643188,4,1
T/T2287.jpg,T,T,0.9565057754516602,5,1
T/T229.jpg,T,T,0.978371798992157,1,1
T/T2290.jpg,T,T,0.9675828814506531,4,1
T/T2293.jpg,T,T,0.9654266834259033,4,1
T/T2296.jpg,T,T,0.970977783203125,4,1
T/T2299.jpg,T,T,0.9622336030006409,3,1
T/T230.jpg,T,T,0.9776766300201416,1,1
T/T231.jpg,T,T,0.973474383354187,1,1
T/T2312.jpg,T,T,0.9615703225135803,2,1
T/T2318.jpg,T,T,0.9628652334213257,2,1
T/T2324.jpg,T,T,0.9632037878036499,2,1
T/T2331.jpg,T,T,0.9635062217712402,2,1
T/T2332.jpg,T,T,0.960407555103302,2,1
T/T2336.jpg,T,T,0.963140606880188,3,1
T/T2338.jpg,T,T,0.9656037092208862,3,1
T/T2341.jpg,T,T,0.9643589854240417,3,1
T/T2355.jpg,T,T,0.9715718626976013,2,1
T/T2366.jpg,T,T,0.9748825430870056,3,1
T/T2367.jpg,T,T,0.9709445834159851,2,1
T/T2375.jpg,T,T,0.9647934436798096,3,1
T/T2379.jpg,T,T,0.9751757383346558,2,1
T/T2381.jpg,T,T,0.9721437692642212,3,1
T/T2389.jpg,T,T,0.9713985323905945,3,1
T/T2390.jpg,T,T,0.9728042483329773,3,1
T/T2398.jpg,T,T,0.9645107984542847,2,1
T/T241.jpg,T,T,0.9784855842590332,1,1
T/T2411.jpg,T,T,0.9635541439056396,2,1
T/T2414.jpg,T,T,0.9800015091896057,1,1
T/T2421.jpg,T,T,0.9835891723632812,3,1
T/T2433.jpg,T,T,0.9772522449493408,3,1
T/T2435.jpg,T,T,0.9781357049942017,1,1
T/T2440.jpg,T,T,0.974135160446167,3,1
T/T2441.jpg,T,T,0.9702978134155273,3,1
T/T2442.jpg,T,T,0.968499481678009,3,1
T/T2443.jpg,T,T,0.9686019420623779,3,1
T/T2448.jpg,T,T,0.9641789197921753,4,1
T/T2454.jpg,T,T,0.9667887091636658,4,1
T/T2462.jpg,T,T,0.9722865223884583,2,1
T/T2473.jpg,T,T,0.9720032811164856,1,1
T/T2474.jpg,T,T,0.969353437423706,1,1
T/T2476.jpg,T,T,0.9700099229812622,1,1
T/T248.jpg,T,T,0.9795020222663879,1,1
T/T2482.jpg,T,T,0.9695296287536621,2,1
T/T2484.jpg,T,T,0.9681729674339294,2,1
T/T2487.jpg,T,T,0.9746713042259216,2,1
T/T2497.jpg,T,T,0.9749352335929871,4,1
T/T2498.jpg,T,T,0.9811989068984985,3,1
T/T2499.jpg,T,T,0.9800634384155273,3,1
T/T2502.jpg,T,T,0.9763472080230713,2,1
T/T2503.jpg,T,T,0.9761239290237427,2,1
T/T251.jpg,T,T,0.9837913513183594,1,1
T/T2511.jpg,T,T,0.9719284772872925,3,1
T/T2514.jpg,T,T,0.9628835916519165,3,1
T/T2515.jpg,T,T,0.9631435871124268,2,1
T/T2517.jpg,T,T,0.9663127064704895,3,1
T/T2522.jpg,T,T,0.9683864712715149,3,1
T/T2533.jpg,T,T,0.9757918119430542,2,1
T/T2542.jpg,T,T,0.9682077169418335,2,1
T/T2549.jpg,T,T,0.9653943777084351,2,1
T/T2552.jpg,T,T,0.9633087515830994,1,1
T/T2554.jpg,T,T,0.9657692313194275,1,1
T/T2561.jpg,T,T,0.9655459523200989,3,1
T/T2567.jpg,T,T,0.9714890718460083,2,1
T/T2571.jpg,T,T,0.9766785502433777,2,1
T/T2572.jpg,T,T,0.9761897325515747,3,1
T/T2573.jpg,T,T,0.9784389138221741,3,1
T/T2575.jpg,T,T,0.973295271396637,3,1
T/T2577.jpg,T,T,0.973836362361908,4,1
T/T2579.jpg,T,T,0.9739200472831726,2,1
T/T2581.jpg,T,T,0.9746320247650146,2,1
T/T2582.jpg,T,T,0.9751607775688171,3,1
T/T2596.jpg,T,T,0.9704346656799316,3,1
T/T2603.jpg,T,T,0.974511981010437,1,1
T/T2607.jpg,T,T,0.9715874195098877,2,1
T/T261.jpg,T,T,0.9843276143074036,2,1
T/T2623.jpg,T,T,0.9648571610450745,2,1
T/T2626.jpg,T,T,0.9619075059890747,1,1
T/T2630.jpg,T,T,0.9592816233634949,2,1
T/T2632.jpg,T,T,0.9562971591949463,2,1
T/T2638.jpg,T,T,0.9566119909286499,1,1
T/T2641.jpg,T,T,0.9598547220230103,2,1
T/T2642.jpg,T,T,0.9627919793128967,2,1
T/T2643.jpg,T,T,0.9627113938331604,2,1
T/T2649.jpg,T,T,0.9607838988304138,2,1
T/T2652.jpg,T,T,0.9585295915603638,2,1
T/T2665.jpg,T,T,0.9644477963447571,2,1
T/T267.jpg,T,T,0.9783278703689575,2,1
T/T2674.jpg,T,T,0.9630270600318909,2,1
T/T2675.jpg,T,T,0.9616756439208984,1,1
T/T2676.jpg,T,T,0.962630569934845,1,1
T/T2678.jpg,T,T,0.9614527821540833,1,1
T/T268.jpg,T,T,0.9777555465698242,2,1
T/T2683.jpg,T,T,0.9642665386199951,1,1
T/T2686.jpg,T,T,0.9654781222343445,3,1
T/T2689.jpg,T,T,0.9638791084289551,2,1
T/T2694.jpg,T,T,0.9654284715652466,1,1
T/T2695.jpg,T,T,0.9654753804206848,1,1
T/T2699.jpg,T,T,0.9669384956359863,2,1
T/T271.jpg,T,T,0.9788699150085449,2,1
T/T2711.jpg,T,T,0.9667825698852539,2,1
T/T2717.jpg,T,T,0.9643370509147644,2,1
T/T2719.jpg,T,T,0.9628845453262329,3,1
T/T272.jpg,T,T,0.979857861995697,2,1
T/T2720.jpg,T,T,0.964441180229187,2,1
T/T2721.jpg,T,T,0.9619503021240234,1,1
T/T2726.jpg,T,T,0.9735239744186401,2,1
T/T273.jpg,T,T,0.9782161116600037,2,1
T/T2731.jpg,T,T,0.9766432046890259,4,1
T/T2735.jpg,T,T,0.9784122109413147,3,1
T/T2741.jpg,T,T,0.9788846969604492,2,1
T/T2742.jpg,T,T,0.9783999919891357,3,1
T/T275.jpg,T,T,0.978527843952179,1,1
T/T2764.jpg,T,T,0.9640527963638306,1,1
T/T2778.jpg,T,T,0.9690973162651062,3,1
T/T2779.jpg,T,T,0.9684464931488037,3,1
T/T2781.jpg,T,T,0.9678288102149963,3,1
T/T2785.jpg,T,T,0.9737922549247742,3,1
T/T2806.jpg,T,T,0.9699923396110535,1,1
T/T2807.jpg,T,T,0.9697716236114502,1,1
T/T2821.jpg,T,T,0.9753068089485168,1,1
T/T2822.jpg,T,T,0.9763656854629517,1,1
T/T2824.jpg,T,T,0.9750741720199585,3,1
T/T2826.jpg,T,T,0.980238676071167,5,1
T/T2838.jpg,T,T,0.9664729237556458,2,1
T/T2839.jpg,T,T,0.9657306671142578,1,1
T/T2842.jpg,T,T,0.9645102620124817,3,1
T/T2846.jpg,T,T,0.9643071293830872,2,1
T/T2848.jpg,T,T,0.9617652893066406,1,1
T/T285.jpg,T,T,0.9823989272117615,1,1
T/T2850.jpg,T,T,0.9632716774940491,1,1
T/T2851.jpg,T,T,0.9619954228401184,1,1
T/T2856.jpg,T,T,0.9644074440002441,4,1
T/T2858.jpg,T,T,0.9635488390922546,3,1
T/T2866.jpg,T,T,0.9647667407989502,2,1
T/T2875.jpg,T,T,0.9648920893669128,2,1
T/T2876.jpg,T,T,0.9641939401626587,2,1
T/T2880.jpg,T,T,0.9654131531715393,2,1
T/T2894.jpg,T,T,0.9679250717163086,2,1
T/T2896.jpg,T,T,0.9653503894805908,2,1
T/T2905.jpg,T,T,0.9662351608276367,2,1
T/T2907.jpg,T,T,0.9645290970802307,3,1
T/T2908.jpg,T,T,0.965728759765625,4,1
T/T2911.jpg,T,T,0.9647143483161926,3,1
T/T2913.jpg,T,T,0.9659052491188049,4,1
T/T2917.jpg,T,T,0.9672255516052246,4,1
T/T2938.jpg,T,T,0.9762356877326965,1,1
T/T2941.jpg,T,T,0.9766902327537537,1,1
T/T2945.jpg,T,T,0.9771516919136047,1,1
T/T2947.jpg,T,T,0.9765388369560242,2,1
T/T2956.jpg,T,T,0.9774984121322632,1,1
T/T2957.jpg,T,T,0.9762023091316223,1,1
T/T2959.jpg,T,T,0.976191520690918,1,1
T/T2970.jpg,T,T,0.9746768474578857,2,1
T/T2973.jpg,T,T,0.9760434031486511,3,1
T/T299.jpg,T,T,0.9766235947608948,1,1
T/T2992.jpg,T,T,0.9734829664230347,4,1
T/T3.jpg,T,T,0.9789901375770569,1,1
T/T3000.jpg,T,T,0.9684712886810303,3,1
T/T301.jpg,T,T,0.9750577211380005,1,1
T/T304.jpg,T,T,0.9761354327201843,2,1
T/T308.jpg,T,T,0.9749396443367004,2,1
T/T309.jpg,T,T,0.9768820405006409,2,1
T/T311.jpg,T,T,0.9775716662406921,1,1
T/T315.jpg,T,T,0.9759054183959961,1,1
T/T318.jpg,T,T,0.9767482280731201,1,1
T/T327.jpg,T,T,0.9757490158081055,2,1
T/T333.jpg,T,T,0.9755027890205383,1,1
T/T334.jpg,T,T,0.9757866859436035,1,1
T/T335.jpg,T,T,0.9749698042869568,1,1
T/T339.jpg,T,T,0.9752957224845886,2,1
T/T341.jpg,T,T,0.9782888889312744,3,1
T/T342.jpg,T,T,0.9774544835090637,1,1
T/T35.jpg,T,T,0.9720808863639832,1,1
T/T350.jpg,T,T,0.9751144051551819,1,1
T/T361.jpg,T,T,0.9738979935646057,1,1
T/T376.jpg,T,T,0.9757425785064697,1,1
T/T380.jpg,T,T,0.9733128547668457,1,1
T/T383.jpg,T,T,0.9746614694595337,1,1
T/T386.jpg,T,T,0.9747833013534546,1,1
T/T387.jpg,T,T,0.9757968187332153,1,1
T/T389.jpg,T,T,0.9761448502540588,1,1
T/T391.jpg,T,T,0.9751833081245422,1,1
T/T398.jpg,T,T,0.9750074148178101,2,1
T/T399.jpg,T,T,0.9755757451057434,1,1
T/T4.jpg,T,T,0.9794222712516785,1,1
T/T411.jpg,T,T,0.9761627912521362,2,1
T/T414.jpg,T,T,0.9748778939247131,2,1
T/T421.jpg,T,T,0.9758453965187073,1,1
T/T434.jpg,T,T,0.9751477241516113,3,1
T/T455.jpg,T,T,0.9756432771682739,1,1
T/T461.jpg,T,T,0.9773573279380798,1,1
T/T465.jpg,T,T,0.9777106642723083,1,1
T/T469.jpg,T,T,0.978245198726654,1,1
T/T478.jpg,T,T,0.9769541621208191,1,1
T/T484.jpg,T,T,0.9765926003456116,1,1
T/T485.jpg,T,T,0.9724642634391785,1,1
T/T491.jpg,T,T,0.9774171113967896,1,1
T/T494.jpg,T,T,0.975520133972168,1,1
T/T496.jpg,T,T,0.9735021591186523,1,1
T/T497.jpg,T,T,0.9729369878768921,1,1
T/T500.jpg,T,T,0.9702896475791931,1,1
T/T503.jpg,T,T,0.9727928638458252,1,1
T/T510.jpg,T,T,0.9781118631362915,1,1
T/T511.jpg,T,T,0.9788931012153625,1,1
T/T512.jpg,T,T,0.9781423807144165,1,1
T/T522.jpg,T,T,0.9800440669059753,1,1
T/T528.jpg,T,T,0.9771384000778198,1,1
T/T531.jpg,T,T,0.9735537171363831,1,1
T/T537.jpg,T,T,0.978918731212616,1,1
T/T542.jpg,T,T,0.9780874252319336,2,1
T/T545.jpg,T,T,0.9781920313835144,1,1
T/T549.jpg,T,T,0.978450357913971,1,1
T/T551.jpg,T,T,0.9800201654434204,1,1
T/T553.jpg,T,T,0.9732766151428223,1,1
T/T554.jpg,T,T,0.9772043824195862,1,1
T/T557.jpg,T,T,0.977495551109314,1,1
T/T560.jpg,T,T,0.9758663773536682,1,1
T/T561.jpg,T,T,0.97639000415802,1,1
T/T569.jpg,T,T,0.9757569432258606,1,1
T/T572.jpg,T,T,0.975276529788971,1,1
T/T576.jpg,T,T,0.9741499423980713,1,1
T/T577.jpg,T,T,0.9734228849411011,1,1
T/T578.jpg,T,T,0.9742335677146912,1,1
T/T583.jpg,T,T,0.9769502878189087,1,1
T/T588.jpg,T,T,0.9768975973129272,1,1
T/T596.jpg,T,T,0.9764126539230347,2,1
T/T6.jpg,T,T,0.9817979335784912,2,1
T/T607.jpg,T,T,0.9798473119735718,2,1
T/T613.jpg,T,T,0.9811580777168274,1,1
T/T617.jpg,T,T,0.9807432889938354,1,1
T/T619.jpg,T,T,0.9793030619621277,1,1
T/T624.jpg,T,T,0.9803805947303772,1,1
T/T636.jpg,T,T,0.983863115310669,2,1
T/T641.jpg,T,T,0.981939971446991,2,1
T/T644.jpg,T,T,0.9808125495910645,2,1
T/T649.jpg,T,T,0.9805770516395569,2,1
T/T653.jpg,T,T,0.9788978099822998,2,1
T/T654.jpg,T,T,0.9795675277709961,1,1
T/T66.jpg,T,T,0.9711839556694031,1,1
T/T668.jpg,T,T,0.981151282787323,2,1
T/T671.jpg,T,T,0.9797826409339905,2,1
T/T676.jpg,T,T,0.982242226600647,2,1
T/T698.jpg,T,T,0.9803429245948792,1,1
T/T699.jpg,T,T,0.9810863137245178,1,1
T/T707.jpg,T,T,0.9784932732582092,1,1
T/T711.jpg,T,T,0.9780136346817017,1,1
T/T720.jpg,T,T,0.9787375926971436,1,1
T/T721.jpg,T,T,0.9806616306304932,1,1
T/T730.jpg,T,T,0.9785096645355225,2,1
T/T736.jpg,T,T,0.9812049865722656,2,1
T/T739.jpg,T,T,0.9798530340194702,2,1
T/T74.jpg,T,T,0.970225989818573,1,1
T/T743.jpg,T,T,0.9829741716384888,1,1
T/T744.jpg,T,T,0.9820921421051025,2,1
T/T747.jpg,T,T,0.9827151894569397,1,1
T/T748.jpg,T,T,0.9824388027191162,1,1
T/T749.jpg,T,T,0.9842237830162048,1,1
T/T754.jpg,T,T,0.9838247299194336,1,1
T/T76.jpg,T,T,0.9669668674468994,1,1
T/T763.jpg,T,T,0.9810082912445068,1,1
T/T77.jpg,T,T,0.9686688184738159,1,1
T/T772.jpg,T,T,0.9794327020645142,1,1
T/T773.jpg,T,T,0.9795414805412292,1,1
T/T778.jpg,T,T,0.9788772463798523,1,1
T/T779.jpg,T,T,0.9771146178245544,1,1
T/T78.jpg,T,T,0.9696654677391052,1,1
T/T783.jpg,T,T,0.9770982265472412,1,1
T/T796.jpg,T,T,0.974383533000946,1,1
T/T808.jpg,T,T,0.9743022322654724,1,1
T/T826.jpg,T,T,0.977403998374939,1,1
T/T827.jpg,T,T,0.9785869717597961,1,1
T/T837.jpg,T,T,0.977167546749115,2,1
T/T848.jpg,T,T,0.9697402119636536,1,1
T/T859.jpg,T,T,0.9748991131782532,1,1
T/T863.jpg,T,T,0.9753988981246948,1,1
T/T867.jpg,T,T,0.9743006825447083,1,1
T/T878.jpg,T,T,0.9713079929351807,2,1
T/T883.jpg,T,T,0.9785215854644775,2,1
T/T886.jpg,T,T,0.9797139763832092,1,1
T/T887.jpg,T,T,0.9809895157814026,1,1
T/T891.jpg,T,T,0.9797881245613098,1,1
T/T899.jpg,T,T,0.9817423224449158,1,1
T/T902.jpg,T,T,0.9822927117347717,1,1
T/T903.jpg,T,T,0.9814870357513428,1,1
T/T919.jpg,T,T,0.965368390083313,1,1
T/T933.jpg,T,T,0.974694550037384,1,1
T/T934.jpg,T,T,0.9730203747749329,1,1
T/T939.jpg,T,T,0.9731911420822144,1,1
T/T945.jpg,T,T,0.9673604369163513,1,1
T/T946.jpg,T,T,0.9697895646095276,1,1
T/T948.jpg,T,T,0.9679409265518188,1,1
T/T958.jpg,T,T,0.9718123078346252,1,1
T/T959.jpg,T,T,0.9737063646316528,1,1
T/T966.jpg,T,T,0.9722816944122314,1,1
T/T967.jpg,T,T,0.970403790473938,2,1
T/T974.jpg,T,T,0.9673096537590027,2,1
T/T977.jpg,T,T,0.9699195027351379,2,1
U/U1000.jpg,U,U,0.9878609776496887,1,1
U/U1004.jpg,U,U,0.9812139272689819,3,1
U/U1006.jpg,U,U,0.9801878929138184,2,1
U/U101.jpg,U,U,0.9867138266563416,3,1
U/U1012.jpg,U,U,0.9822480082511902,3,1
U/U1019.jpg,U,U,0.9832372069358826,5,1
U/U103.jpg,U,U,0.9869174957275391,3,1
U/U1034.jpg,U,U,0.9855591058731079,3,1
U/U1042.jpg,U,U,0.9866377115249634,3,1
U/U1049.jpg,U,U,0.9813910722732544,3,1
U/U105.jpg,U,U,0.9846429824829102,2,1
U/U1051.jpg,U,U,0.9786362648010254,2,1
U/U1052.jpg,U,U,0.9786585569381714,2,1
U/U1058.jpg,U,U,0.9775879383087158,1,1
U/U1065.jpg,U,U,0.9734362363815308,2,1
U/U1068.jpg,U,U,0.9731627106666565,2,1
U/U1071.jpg,U,U,0.9793078303337097,2,1
U/U1072.jpg,U,U,0.9807310104370117,3,1
U/U1073.jpg,U,U,0.9773358106613159,3,1
U/U1075.jpg,U,U,0.9780779480934143,3,1
U/U1077.jpg,U,U,0.9792288541793823,2,1
U/U1080.jpg,U,U,0.9834895133972168,2,1
U/U1087.jpg,U,U,0.9841296672821045,2,1
U/U1089.jpg,U,U,0.9828739762306213,2,1
U/U109.jpg,U,U,0.9850786924362183,2,1
U/U1092.jpg,U,U,0.9842635989189148,3,1
U/U1099.jpg,U,U,0.9873948097229004,2,1
U/U1102.jpg,U,U,0.9881539940834045,3,1
U/U1116.jpg,U,U,0.9802249073982239,3,1
U/U112.jpg,U,U,0.9800004959106445,2,1
U/U1125.jpg,U,U,0.9829288721084595,2,1
U/U1126.jpg,U,U,0.9820787310600281,5,1
U/U1128.jpg,U,U,0.979570746421814,4,1
U/U114.jpg,U,U,0.9761358499526978,1,1
U/U1144.jpg,U,U,0.977882444858551,3,1
U/U1152.jpg,U,U,0.9759737849235535,3,1
U/U1156.jpg,U,U,0.9769102334976196,3,1
U/U1158.jpg,U,U,0.9778822064399719,3,1
U/U116.jpg,U,U,0.9766004085540771,1,1
U/U1160.jpg,U,U,0.9800952672958374,4,1
U/U1165.jpg,U,U,0.9787209033966064,3,1
U/U1170.jpg,U,U,0.9788885712623596,5,1
U/U1175.jpg,U,U,0.9800817370414734,4,1
U/U1179.jpg,U,U,0.9813085198402405,4,1
U/U1183.jpg,U,U,0.9762468338012695,3,1
U/U1186.jpg,U,U,0.9755423665046692,3,1
U/U1192.jpg,U,U,0.9595330357551575,4,1
U/U1194.jpg,U,U,0.9812476634979248,3,1
U/U1196.jpg,U,U,0.9837070107460022,2,1
U/U1199.jpg,U,U,0.9855787754058838,3,1
U/U1204.jpg,U,U,0.9853395223617554,3,1
U/U122.jpg,U,U,0.9578899145126343,1,1
U/U1223.jpg,U,U,0.9872534871101379,2,1
U/U123.jpg,U,U,0.9721336960792542,1,1
U/U1233.jpg,U,U,0.9872089624404907,2,1
U/U1239.jpg,U,U,0.9831495881080627,2,1
U/U1243.jpg,U,U,0.9851700663566589,2,1
U/U1258.jpg,U,U,0.9715325236320496,3,1
U/U126.jpg,U,U,0.9613446593284607,1,1
U/U1261.jpg,U,U,0.9803822040557861,4,1
U/U1269.jpg,U,U,0.9852060675621033,3,1
U/U1272.jpg,U,U,0.9795113801956177,3,1
U/U1273.jpg,U,U,0.9757510423660278,3,1
U/U1274.jpg,U,U,0.9695727825164795,3,1
U/U1276.jpg,U,U,0.9778559803962708,4,1
U/U1279.jpg,U,U,0.982115626335144,2,1
U/U1280.jpg,U,U,0.9803213477134705,4,1
U/U1288.jpg,U,U,0.984667181968689,3,1
U/U1290.jpg,U,U,0.98487389087677,2,1
U/U1296.jpg,U,U,0.9852963089942932,3,1
U/U1300.jpg,U,U,0.9848788380622864,3,1
U/U1308.jpg,U,U,0.9862978458404541,2,1
U/U1313.jpg,U,U,0.9873020648956299,2,1
U/U132.jpg,U,U,0.9451857805252075,1,1
U/U1338.jpg,U,U,0.9870342016220093,3,1
U/U1342.jpg,U,U,0.9856418967247009,2,1
U/U1345.jpg,U,U,0.9827137589454651,3,1
U/U1348.jpg,U,U,0.9815295338630676,3,1
U/U1355.jpg,U,U,0.9769065976142883,2,1
U/U1357.jpg,U,U,0.976244330406189,2,1
U/U1360.jpg,U,U,0.9774094820022583,2,1
U/U1362.jpg,U,U,0.9771164059638977,2,1
U/U1373.jpg,U,U,0.9837558269500732,3,1
U/U1377.jpg,U,U,0.9867647886276245,3,1
U/U1379.jpg,U,U,0.9864981174468994,3,1
U/U1384.jpg,U,U,0.9847589135169983,3,1
U/U1386.jpg,U,U,0.9853375554084778,2,1
U/U1389.jpg,U,U,0.9836302399635315,3,1
U/U1393.jpg,U,U,0.9816312193870544,3,1
U/U1398.jpg,U,U,0.9800232648849487,2,1
U/U1403.jpg,U,U,0.9746342897415161,2,1
U/U1405.jpg,U,U,0.9761960506439209,2,1
U/U1406.jpg,U,U,0.9783863425254822,2,1
U/U1408.jpg,U,U,0.9773518443107605,2,1
U/U1409.jpg,U,U,0.976975679397583,2,1
U/U142.jpg,U,U,0.9800026416778564,1,1
U/U1421.jpg,U,U,0.977101743221283,2,1
U/U1430.jpg,U,U,0.9781201481819153,3,1
U/U144.jpg,U,U,0.9845882058143616,1,1
U/U1447.jpg,U,U,0.9845294952392578,3,1
U/U1452.jpg,U,U,0.9844629764556885,3,1
U/U1454.jpg,U,U,0.9819905161857605,3,1
U/U1456.jpg,U,U,0.9849136471748352,4,1
U/U1458.jpg,U,U,0.9838242530822754,3,1
U/U1467.jpg,U,U,0.9835342764854431,3,1
U/U1469.jpg,U,U,0.9839962124824524,3,1
U/U1476.jpg,U,U,0.9829972982406616,3,1
U/U1479.jpg,U,U,0.9801929593086243,3,1
U/U1480.jpg,U,U,0.9807705283164978,3,1
U/U1490.jpg,U,U,0.9796823859214783,3,1
U/U1496.jpg,U,U,0.9802886247634888,4,1
U/U1499.jpg,U,U,0.9790495038032532,4,1
U/U1507.jpg,U,U,0.97552889585495,6,1
U/U1510.jpg,U,U,0.9781514406204224,5,1
U/U1511.jpg,U,U,0.9828282594680786,4,1
U/U1519.jpg,U,U,0.9792613983154297,3,1
U/U1520.jpg,U,U,0.9802976846694946,5,1
U/U1522.jpg,U,U,0.9816402792930603,4,1
U/U1528.jpg,U,U,0.9790952205657959,3,1
U/U1529.jpg,U,U,0.9797987937927246,3,1
U/U1547.jpg,U,U,0.9796475172042847,2,1
U/U1554.jpg,U,U,0.9761720895767212,3,1
U/U1557.jpg,U,U,0.978812575340271,2,1
U/U1558.jpg,U,U,0.9788815975189209,2,1
U/U156.jpg,U,U,0.9880272150039673,1,1
U/U1566.jpg,U,U,0.9751039743423462,2,1
U/U1568.jpg,U,U,0.9754744172096252,2,1
U/U1574.jpg,U,U,0.975482702255249,2,1
U/U1580.jpg,U,U,0.975167453289032,2,1
U/U1585.jpg,U,U,0.9780789017677307,3,1
U/U1588.jpg,U,U,0.9779093265533447,3,1
U/U159.jpg,U,U,0.9886283874511719,2,1
U/U1590.jpg,U,U,0.9766868352890015,2,1
U/U1622.jpg,U,U,0.9758491516113281,2,1
U/U1629.jpg,U,U,0.9702224135398865,3,1
U/U1635.jpg,U,U,0.9753484129905701,2,1
U/U1637.jpg,U,U,0.9786302447319031,2,1
U/U1638.jpg,U,U,0.9780166149139404,2,1
U/U1639.jpg,U,U,0.9745149612426758,2,1
U/U1644.jpg,U,U,0.9815054535865784,2,1
U/U1645.jpg,U,U,0.9760891795158386,2,1
U/U1653.jpg,U,U,0.9835004806518555,3,1
U/U1667.jpg,U,U,0.9785904884338379,3,1
U/U1675.jpg,U,U,0.9838576912879944,4,1
U/U1676.jpg,U,U,0.9844768643379211,3,1
U/U1679.jpg,U,U,0.9830619096755981,3,1
U/U1681.jpg,U,U,0.9813184142112732,3,1
U/U1682.jpg,U,U,0.9820346832275391,3,1
U/U1687.jpg,U,U,0.9842489361763,3,1
U/U1693.jpg,U,U,0.9811961650848389,5,1
U/U1697.jpg,U,U,0.9798912405967712,4,1
U/U1704.jpg,U,U,0.9794173836708069,5,1
U/U1707.jpg,U,U,0.9791725873947144,4,1
U/U1710.jpg,U,U,0.9802230596542358,3,1
U/U1711.jpg,U,U,0.9787442088127136,3,1
U/U1713.jpg,U,U,0.9813024401664734,4,1
U/U1721.jpg,U,U,0.9778249859809875,3,1
U/U1723.jpg,U,U,0.9807605743408203,3,1
U/U1724.jpg,U,U,0.9807900190353394,4,1
U/U1730.jpg,U,U,0.9805693626403809,3,1
U/U1734.jpg,U,U,0.9798789024353027,2,1
U/U1736.jpg,U,U,0.9790427684783936,2,1
U/U1738.jpg,U,U,0.9790613055229187,2,1
U/U174.jpg,U,U,0.990348219871521,2,1
U/U1741.jpg,U,U,0.9790747761726379,2,1
U/U1742.jpg,U,U,0.9794166088104248,3,1
U/U1745.jpg,U,U,0.9809123277664185,3,1
U/U1751.jpg,U,U,0.9788050651550293,4,1
U/U1754.jpg,U,U,0.9796497821807861,3,1
U/U176.jpg,U,U,0.9909552931785583,2,1
U/U1761.jpg,U,U,0.9821065664291382,2,1
U/U1763.jpg,U,U,0.9803386926651001,2,1
U/U1778.jpg,U,U,0.9775285124778748,4,1
U/U1780.jpg,U,U,0.9792267680168152,5,1
U/U179.jpg,U,U,0.9450377821922302,1,1
U/U1791.jpg,U,U,0.9835657477378845,3,1
U/U1799.jpg,U,U,0.9815917015075684,3,1
U/U181.jpg,U,U,0.9894824028015137,2,1
U/U1816.jpg,U,U,0.9845438599586487,3,1
U/U1820.jpg,U,U,0.9861410856246948,3,1
U/U1822.jpg,U,U,0.9815104007720947,3,1
U/U1837.jpg,U,U,0.9754484295845032,2,1
U/U1840.jpg,U,U,0.9753885865211487,3,1
U/U1848.jpg,U,U,0.969348132610321,3,1
U/U1852.jpg,U,U,0.9707460403442383,3,1
U/U1856.jpg,U,U,0.9702481031417847,3,1
U/U1858.jpg,U,U,0.971492350101471,4,1
U/U1864.jpg,U,U,0.9731751084327698,3,1
U/U188.jpg,U,U,0.9731451869010925,2,1
U/U1889.jpg,U,U,0.9805852770805359,3,1
U/U189.jpg,U,U,0.9770132303237915,2,1
U/U1892.jpg,U,U,0.9802610278129578,3,1
U/U1896.jpg,U,U,0.9792259931564331,4,1
U/U1898.jpg,U,U,0.9801121950149536,4,1
U/U1902.jpg,U,U,0.9796112179756165,3,1
U/U1906.jpg,U,U,0.9794747829437256,4,1
U/U193.jpg,U,U,0.9850991368293762,2,1
U/U1931.jpg,U,U,0.9776365160942078,5,1
U/U1938.jpg,U,U,0.9805944561958313,3,1
U/U1942.jpg,U,U,0.9812011122703552,3,1
U/U1951.jpg,U,U,0.9799839854240417,3,1
U/U1956.jpg,U,U,0.9726518988609314,2,1
U/U1958.jpg,U,U,0.9718835949897766,2,1
U/U1962.jpg,U,U,0.9762573838233948,2,1
U/U1973.jpg,U,U,0.9729368686676025,2,1
U/U1974.jpg,U,U,0.9721558094024658,3,1
U/U1977.jpg,U,U,0.9744055867195129,3,1
U/U1979.jpg,U,U,0.9701151251792908,3,1
U/U199.jpg,U,U,0.9834179282188416,2,1
U/U1991.jpg,U,U,0.9744628667831421,3,1
U/U1998.jpg,U,U,0.9801249504089355,3,1
U/U20.jpg,U,U,0.9844154715538025,2,1
U/U2010.jpg,U,U,0.9436589479446411,2,1
U/U2011.jpg,U,U,0.935069739818573,3,1
U/U202.jpg,U,U,0.988861620426178,2,1
U/U2026.jpg,U,U,0.9809128642082214,7,1
U/U2033.jpg,U,U,0.9828121066093445,5,1
U/U2036.jpg,U,U,0.983032763004303,6,1
U/U2037.jpg,U,U,0.9819784760475159,6,1
U/U2039.jpg,U,U,0.981512188911438,6,1
U/U2040.jpg,U,U,0.9810216426849365,6,1
U/U2044.jpg,U,U,0.9820533990859985,5,1
U/U2045.jpg,U,U,0.9826021194458008,6,1
U/U2053.jpg,U,U,0.9755693674087524,5,1
U/U206.jpg,U,U,0.9870702028274536,1,1
U/U2061.jpg,U,U,0.972014307975769,4,1
U/U2064.jpg,U,U,0.9672941565513611,4,1
U/U2065.jpg,U,U,0.9720588326454163,5,1
U/U2068.jpg,U,U,0.9665253758430481,4,1
U/U2071.jpg,U,U,0.9702816605567932,4,1
U/U2078.jpg,U,U,0.9666156768798828,2,1
U/U2080.jpg,U,U,0.970085620880127,3,1
U/U2090.jpg,U,U,0.9635047912597656,3,1
U/U2096.jpg,U,U,0.9664221405982971,3,1
U/U2101.jpg,U,U,0.9609363079071045,2,1
U/U2106.jpg,U,U,0.9611762166023254,2,1
U/U2109.jpg,U,U,0.9673625230789185,1,1
U/U2113.jpg,U,U,0.9592805504798889,2,1
U/U2114.jpg,U,U,0.9557594656944275,1,1
U/U2116.jpg,U,U,0.9696592092514038,3,1
U/U2118.jpg,U,U,0.9722540378570557,1,1
U/U213.jpg,U,U,0.9861319065093994,1,1
U/U2137.jpg,U,U,0.9446166753768921,3,1
U/U2139.jpg,U,U,0.9689441919326782,3,1
U/U2140.jpg,U,U,0.9630908370018005,3,1
U/U2143.jpg,U,U,0.9692427515983582,2,1
U/U2150.jpg,U,U,0.971275806427002,3,1
U/U2151.jpg,U,U,0.9748439192771912,2,1
U/U2157.jpg,U,U,0.9732789993286133,3,1
U/U2161.jpg,U,U,0.9774343967437744,4,1
U/U2169.jpg,U,U,0.9806556701660156,4,1
U/U2173.jpg,U,U,0.9825931787490845,3,1
U/U2174.jpg,U,U,0.982108473777771,3,1
U/U2180.jpg,U,U,0.9824700355529785,6,1
U/U2181.jpg,U,U,0.9818790555000305,4,1
U/U2184.jpg,U,U,0.9807908535003662,5,1
U/U2186.jpg,U,U,0.9820298552513123,4,1
U/U2188.jpg,U,U,0.9811730980873108,4,1
U/U2190.jpg,U,U,0.9842711091041565,5,1
U/U2191.jpg,U,U,0.983307957649231,5,1
U/U2197.jpg,U,U,0.9815998673439026,4,1
U/U2201.jpg,U,U,0.9813884496688843,3,1
U/U2214.jpg,U,U,0.9781597256660461,3,1
U/U2218.jpg,U,U,0.981084406375885,3,1
U/U2224.jpg,U,U,0.9802492260932922,4,1
U/U2232.jpg,U,U,0.9811381101608276,5,1
U/U2235.jpg,U,U,0.9838430881500244,7,1
U/U2237.jpg,U,U,0.9836717247962952,3,1
U/U2241.jpg,U,U,0.9830170273780823,4,1
U/U2243.jpg,U,U,0.982275128364563,4,1
U/U2265.jpg,U,U,0.9762994647026062,7,1
U/U227.jpg,U,U,0.9857282042503357,1,1
U/U2278.jpg,U,U,0.9843325614929199,4,1
U/U228.jpg,U,U,0.9851481914520264,1,1
U/U2286.jpg,U,U,0.9811561107635498,3,1
U/U2289.jpg,U,U,0.9809176921844482,4,1
U/U2296.jpg,U,U,0.9789574146270752,4,1
U/U2302.jpg,U,U,0.9766934514045715,2,1
U/U2308.jpg,U,U,0.9831392168998718,2,1
U/U2311.jpg,U,U,0.9836010336875916,4,1
U/U2320.jpg,U,U,0.9823765754699707,3,1
U/U2321.jpg,U,U,0.9839464426040649,4,1
U/U2322.jpg,U,U,0.9832082390785217,3,1
U/U2325.jpg,U,U,0.9769279956817627,3,1
U/U233.jpg,U,U,0.9880779385566711,1,1
U/U2339.jpg,U,U,0.9625905752182007,3,1
U/U234.jpg,U,U,0.9889988303184509,1,1
U/U2349.jpg,U,U,0.9647822380065918,1,1
U/U235.jpg,U,U,0.9875714778900146,1,1
U/U2353.jpg,U,U,0.9650105237960815,1,1
U/U2357.jpg,U,U,0.9707832336425781,2,1
U/U2363.jpg,U,U,0.9689537882804871,1,1
U/U2364.jpg,U,U,0.9745195508003235,1,1
U/U2370.jpg,U,U,0.9715067148208618,1,1
U/U2372.jpg,U,U,0.9730321168899536,1,1
U/U2378.jpg,U,U,0.9750047326087952,1,1
U/U2379.jpg,U,U,0.9721235632896423,3,1
U/U2395.jpg,U,U,0.9718760251998901,2,1
U/U24.jpg,U,U,0.9872176051139832,2,1
U/U2401.jpg,U,U,0.9801135063171387,3,1
U/U2409.jpg,U,U,0.9758232235908508,3,1
U/U2412.jpg,U,U,0.9792313575744629,3,1
U/U2414.jpg,U,U,0.9829431772232056,4,1
U/U2415.jpg,U,U,0.9841687679290771,3,1
U/U2417.jpg,U,U,0.9830717444419861,3,1
U/U2420.jpg,U,U,0.9812828302383423,2,1
U/U2422.jpg,U,U,0.9839604496955872,2,1
U/U2424.jpg,U,U,0.9836809635162354,3,1
U/U2425.jpg,U,U,0.9840153455734253,3,1
U/U2427.jpg,U,U,0.9820240139961243,3,1
U/U2430.jpg,U,U,0.9740262031555176,3,1
U/U2434.jpg,U,U,0.9796060919761658,4,1
U/U2442.jpg,U,U,0.9765541553497314,3,1
U/U2447.jpg,U,U,0.9831279516220093,3,1
U/U2448.jpg,U,U,0.9834149479866028,4,1
U/U2449.jpg,U,U,0.9844421744346619,5,1
U/U2451.jpg,U,U,0.9803072810173035,5,1
U/U2455.jpg,U,U,0.9656054973602295,2,1
U/U2461.jpg,U,U,0.9570755362510681,3,1
U/U2464.jpg,U,U,0.9689295291900635,3,1
U/U2466.jpg,U,U,0.9692323207855225,4,1
U/U2476.jpg,U,U,0.9737511277198792,4,1
U/U2477.jpg,U,U,0.9597699046134949,3,1
U/U248.jpg,U,U,0.9877439141273499,1,1
U/U2485.jpg,U,U,0.954628586769104,3,1
U/U2489.jpg,U,U,0.9814957976341248,4,1
U/U250.jpg,U,U,0.9879986047744751,1,1
U/U2500.jpg,U,U,0.970687747001648,3,1
U/U2502.jpg,U,U,0.979718804359436,2,1
U/U2505.jpg,U,U,0.9821273684501648,2,1
U/U2507.jpg,U,U,0.982463002204895,2,1
U/U2511.jpg,U,U,0.9801510572433472,3,1
U/U2513.jpg,U,U,0.981507420539856,2,1
U/U2536.jpg,U,U,0.9834551811218262,3,1
U/U2538.jpg,U,U,0.9836606383323669,2,1
U/U254.jpg,U,U,0.9848325848579407,1,1
U/U2542.jpg,U,U,0.9842442870140076,3,1
U/U2544.jpg,U,U,0.9828211069107056,3,1
U/U2554.jpg,U,U,0.984932005405426,2,1
U/U2565.jpg,U,U,0.9846328496932983,4,1
U/U2577.jpg,U,U,0.9855761528015137,3,1
U/U2581.jpg,U,U,0.9846333861351013,2,1
U/U2592.jpg,U,U,0.9820153713226318,2,1
U/U2595.jpg,U,U,0.9845409393310547,3,1
U/U2596.jpg,U,U,0.9828500151634216,3,1
U/U2597.jpg,U,U,0.9814953207969666,2,1
U/U2603.jpg,U,U,0.9825872778892517,2,1
U/U2612.jpg,U,U,0.9842621088027954,1,1
U/U2625.jpg,U,U,0.9842156767845154,3,1
U/U2629.jpg,U,U,0.9827358722686768,3,1
U/U263.jpg,U,U,0.9851753115653992,1,1
U/U2630.jpg,U,U,0.9847570061683655,1,1
U/U2633.jpg,U,U,0.9846320152282715,2,1
U/U2639.jpg,U,U,0.9857000708580017,1,1
U/U2646.jpg,U,U,0.9845873117446899,1,1
U/U2655.jpg,U,U,0.9766792058944702,1,1
U/U266.jpg,U,U,0.984715461730957,1,1
U/U2670.jpg,U,U,0.982584536075592,2,1
U/U2673.jpg,U,U,0.9813275933265686,2,1
U/U2676.jpg,U,U,0.9826191663742065,2,1
U/U268.jpg,U,U,0.9845125675201416,1,1
U/U2692.jpg,U,U,0.9819199442863464,1,1
U/U2693.jpg,U,U,0.9832977056503296,1,1
U/U27.jpg,U,U,0.9851678609848022,2,1
U/U2701.jpg,U,U,0.9848196506500244,1,1
U/U2704.jpg,U,U,0.986664891242981,1,1
U/U2706.jpg,U,U,0.9859404563903809,1,1
U/U271.jpg,U,U,0.9795374870300293,1,1
U/U2716.jpg,U,U,0.9890040755271912,3,1
U/U2718.jpg,U,U,0.98804771900177,3,1
U/U2719.jpg,U,U,0.987562894821167,3,1
U/U272.jpg,U,U,0.9846335053443909,1,1
U/U2720.jpg,U,U,0.9887054562568665,3,1
U/U2721.jpg,U,U,0.9875127673149109,3,1
U/U2723.jpg,U,U,0.9861758351325989,2,1
U/U2725.jpg,U,U,0.9862269759178162,3,1
U/U2726.jpg,U,U,0.9854875802993774,2,1
U/U2729.jpg,U,U,0.9851539731025696,1,1
U/U2730.jpg,U,U,0.9852641820907593,1,1
U/U2731.jpg,U,U,0.9858947992324829,1,1
U/U2732.jpg,U,U,0.9855603575706482,1,1
U/U2733.jpg,U,U,0.985645592212677,1,1
U/U2736.jpg,U,U,0.9849648475646973,1,1
U/U2739.jpg,U,U,0.98671954870224,1,1
U/U2740.jpg,U,U,0.9856669306755066,2,1
U/U2752.jpg,U,U,0.9782323837280273,3,1
U/U2755.jpg,U,U,0.9788903594017029,3,1
U/U2759.jpg,U,U,0.9869865775108337,2,1
U/U276.jpg,U,U,0.9841933846473694,1,1
U/U2762.jpg,U,U,0.9862987399101257,3,1
U/U2766.jpg,U,U,0.9862431883811951,3,1
U/U2767.jpg,U,U,0.9873782992362976,3,1
U/U2771.jpg,U,U,0.9857202172279358,2,1
U/U2774.jpg,U,U,0.9854979515075684,3,1
U/U2775.jpg,U,U,0.9857096672058105,2,1
U/U2778.jpg,U,U,0.9870419502258301,2,1
U/U278.jpg,U,U,0.9848499298095703,1,1
U/U2782.jpg,U,U,0.9874202609062195,2,1
U/U2783.jpg,U,U,0.9862359166145325,2,1
U/U2785.jpg,U,U,0.9852921366691589,2,1
U/U280.jpg,U,U,0.9851201176643372,1,1
U/U2800.jpg,U,U,0.9837291836738586,2,1
U/U2803.jpg,U,U,0.9842966198921204,2,1
U/U2809.jpg,U,U,0.9854977130889893,2,1
U/U2811.jpg,U,U,0.9834381937980652,2,1
U/U2812.jpg,U,U,0.9854702949523926,2,1
U/U2815.jpg,U,U,0.9855388402938843,2,1
U/U2816.jpg,U,U,0.9853591918945312,2,1
U/U2824.jpg,U,U,0.9857359528541565,2,1
U/U283.jpg,U,U,0.987008273601532,1,1
U/U2831.jpg,U,U,0.9875619411468506,3,1
U/U2833.jpg,U,U,0.987851083278656,4,1
U/U2839.jpg,U,U,0.9866113662719727,4,1
U/U2849.jpg,U,U,0.9870206713676453,2,1
U/U2853.jpg,U,U,0.9860739707946777,4,1
U/U2858.jpg,U,U,0.9851292371749878,3,1
U/U2864.jpg,U,U,0.9849085807800293,2,1
U/U2866.jpg,U,U,0.9829246401786804,2,1
U/U287.jpg,U,U,0.9852815270423889,1,1
U/U2870.jpg,U,U,0.9841666221618652,2,1
U/U2872.jpg,U,U,0.9830464720726013,1,1
U/U2875.jpg,U,U,0.9859068393707275,1,1
U/U2878.jpg,U,U,0.9855471849441528,2,1
U/U2883.jpg,U,U,0.9825384616851807,2,1
U/U2890.jpg,U,U,0.9838655591011047,2,1
U/U2902.jpg,U,U,0.9869116544723511,2,1
U/U2910.jpg,U,U,0.9862108826637268,2,1
U/U2916.jpg,U,U,0.9842495322227478,2,1
U/U292.jpg,U,U,0.9874255061149597,1,1
U/U2926.jpg,U,U,0.9792634844779968,3,1
U/U2930.jpg,U,U,0.9841556549072266,2,1
U/U2941.jpg,U,U,0.9800710082054138,2,1
U/U2944.jpg,U,U,0.9790001511573792,1,1
U/U2946.jpg,U,U,0.9781181216239929,3,1
U/U2949.jpg,U,U,0.9750609397888184,2,1
U/U2955.jpg,U,U,0.9774238467216492,3,1
U/U2963.jpg,U,U,0.9757848978042603,3,1
U/U2968.jpg,U,U,0.9784291386604309,3,1
U/U2970.jpg,U,U,0.9784537553787231,2,1
U/U2978.jpg,U,U,0.9770206212997437,2,1
U/U2981.jpg,U,U,0.9759876728057861,4,1
U/U299.jpg,U,U,0.9827725887298584,1,1
U/U307.jpg,U,U,0.9833071231842041,1,1
U/U312.jpg,U,U,0.9818856120109558,1,1
U/U314.jpg,U,U,0.9777688980102539,1,1
U/U316.jpg,U,U,0.9818182587623596,2,1
U/U317.jpg,U,U,0.983237087726593,2,1
U/U318.jpg,U,U,0.9830495715141296,1,1
U/U322.jpg,U,U,0.9840075373649597,1,1
U/U325.jpg,U,U,0.9836279153823853,1,1
U/U326.jpg,U,U,0.9821565747261047,1,1
U/U329.jpg,U,U,0.9856508374214172,1,1
U/U33.jpg,U,U,0.9837291836738586,2,1
U/U330.jpg,U,U,0.9869440793991089,1,1
U/U333.jpg,U,U,0.95599764585495,1,1
U/U336.jpg,U,U,0.9729294180870056,1,1
U/U339.jpg,U,U,0.9721449613571167,1,1
U/U343.jpg,U,U,0.9868004322052002,1,1
U/U357.jpg,U,U,0.9856723546981812,1,1
U/U361.jpg,U,U,0.9851067066192627,1,1
U/U362.jpg,U,U,0.9845788478851318,1,1
U/U369.jpg,U,U,0.9844529032707214,1,1
U/U371.jpg,U,U,0.9830586910247803,2,1
U/U377.jpg,U,U,0.980995237827301,1,1
U/U380.jpg,U,U,0.9820461869239807,1,1
U/U383.jpg,U,U,0.9819505214691162,2,1
U/U388.jpg,U,U,0.9822231531143188,2,1
U/U393.jpg,U,U,0.9823786616325378,2,1
U/U396.jpg,U,U,0.9820807576179504,1,1
U/U399.jpg,U,U,0.9817743301391602,1,1
U/U402.jpg,U,U,0.9829619526863098,2,1
U/U403.jpg,U,U,0.9805362224578857,1,1
U/U410.jpg,U,U,0.9829334616661072,2,1
U/U416.jpg,U,U,0.9836258292198181,2,1
U/U418.jpg,U,U,0.983626663684845,2,1
U/U42.jpg,U,U,0.9861148595809937,2,1
U/U423.jpg,U,U,0.9854959845542908,1,1
U/U437.jpg,U,U,0.9831851124763489,2,1
U/U444.jpg,U,U,0.981747031211853,1,1
U/U449.jpg,U,U,0.9825500845909119,1,1
U/U452.jpg,U,U,0.9808370471000671,1,1
U/U453.jpg,U,U,0.9813088774681091,2,1
U/U46.jpg,U,U,0.9855933785438538,2,1
U/U469.jpg,U,U,0.983974277973175,1,1
U/U477.jpg,U,U,0.9830127358436584,1,1
U/U48.jpg,U,U,0.9866014122962952,1,1
U/U481.jpg,U,U,0.982981264591217,1,1
U/U490.jpg,U,U,0.9836395382881165,1,1
U/U492.jpg,U,U,0.984193742275238,1,1
U/U493.jpg,U,U,0.9843846559524536,1,1
U/U498.jpg,U,U,0.9820161461830139,1,1
U/U50.jpg,U,U,0.9869754314422607,2,1
U/U506.jpg,U,U,0.9889839291572571,2,1
U/U518.jpg,U,U,0.9845514893531799,2,1
U/U52.jpg,U,U,0.9869825839996338,1,1
U/U521.jpg,U,U,0.9851527214050293,2,1
U/U529.jpg,U,U,0.9814336895942688,2,1
U/U532.jpg,U,U,0.9830008745193481,2,1
U/U534.jpg,U,U,0.981342613697052,2,1
U/U552.jpg,U,U,0.9836289286613464,2,1
U/U567.jpg,U,U,0.9876113533973694,1,1
U/U574.jpg,U,U,0.9867908954620361,1,1
U/U588.jpg,U,U,0.9895176291465759,2,1
U/U591.jpg,U,U,0.9873194694519043,2,1
U/U598.jpg,U,U,0.9880422353744507,2,1
U/U603.jpg,U,U,0.9883217215538025,2,1
U/U61.jpg,U,U,0.9864308834075928,1,1
U/U618.jpg,U,U,0.9872422218322754,1,1
U/U622.jpg,U,U,0.985896646976471,2,1
U/U626.jpg,U,U,0.9861582517623901,2,1
U/U632.jpg,U,U,0.9864712357521057,2,1
U/U633.jpg,U,U,0.9871554374694824,1,1
U/U636.jpg,U,U,0.9856071472167969,1,1
U/U646.jpg,U,U,0.98615962266922,2,1
U/U657.jpg,U,U,0.9870287179946899,2,1
U/U658.jpg,U,U,0.9887909889221191,2,1
U/U66.jpg,U,U,0.9854587316513062,1,1
U/U664.jpg,U,U,0.9879257678985596,2,1
U/U670.jpg,U,U,0.9854789972305298,2,1
U/U671.jpg,U,U,0.98639315366745,2,1
U/U676.jpg,U,U,0.9846125245094299,2,1
U/U683.jpg,U,U,0.9823702573776245,1,1
U/U685.jpg,U,U,0.9814422726631165,1,1
U/U687.jpg,U,U,0.9800414443016052,1,1
U/U702.jpg,U,U,0.9875083565711975,2,1
U/U705.jpg,U,U,0.6328469514846802,3,1
U/U71.jpg,U,U,0.9864799380302429,1,1
U/U712.jpg,U,U,0.9878333806991577,2,1
U/U716.jpg,U,U,0.9875199794769287,2,1
U/U72.jpg,U,U,0.9862619042396545,1,1
U/U729.jpg,U,U,0.9893771409988403,3,1
U/U732.jpg,U,U,0.9855567812919617,2,1
U/U742.jpg,U,U,0.9893200397491455,1,1
U/U752.jpg,U,U,0.9866809844970703,1,1
U/U753.jpg,U,U,0.9870549440383911,2,1
U/U754.jpg,U,U,0.9850661754608154,1,1
U/U755.jpg,U,U,0.9844880700111389,2,1
U/U756.jpg,U,U,0.9844945073127747,1,1
U/U772.jpg,U,U,0.9884745478630066,1,1
U/U774.jpg,U,U,0.9893041849136353,1,1
U/U776.jpg,U,U,0.9889591932296753,1,1
U/U779.jpg,U,U,0.9891824126243591,2,1
U/U787.jpg,U,U,0.9896000623703003,2,1
U/U79.jpg,U,U,0.9860891103744507,1,1
U/U792.jpg,U,U,0.9895573258399963,2,1
U/U795.jpg,U,U,0.9900588393211365,2,1
U/U797.jpg,U,U,0.9893500208854675,3,1
U/U80.jpg,U,U,0.9852094054222107,1,1
U/U803.jpg,U,U,0.9889830946922302,2,1
U/U808.jpg,U,U,0.9895497560501099,2,1
U/U812.jpg,U,U,0.9897040724754333,2,1
U/U819.jpg,U,U,0.9886931777000427,2,1
U/U826.jpg,U,U,0.987908661365509,4,1
U/U828.jpg,U,U,0.9883342981338501,2,1
U/U834.jpg,U,U,0.9905784726142883,3,1
U/U835.jpg,U,U,0.9902340173721313,2,1
U/U836.jpg,U,U,0.9897075891494751,2,1
U/U840.jpg,U,U,0.9879584312438965,2,1
U/U842.jpg,U,U,0.9875747561454773,2,1
U/U845.jpg,U,U,0.9866411089897156,1,1
U/U849.jpg,U,U,0.9870109558105469,1,1
U/U85.jpg,U,U,0.9866677522659302,3,1
U/U855.jpg,U,U,0.9863018989562988,1,1
U/U861.jpg,U,U,0.9874275922775269,1,1
U/U864.jpg,U,U,0.984636664390564,2,1
U/U87.jpg,U,U,0.9847919940948486,1,1
U/U872.jpg,U,U,0.9885066747665405,2,1
U/U875.jpg,U,U,0.9896907806396484,2,1
U/U878.jpg,U,U,0.9902105331420898,2,1
U/U880.jpg,U,U,0.9899157881736755,2,1
U/U887.jpg,U,U,0.9894669651985168,2,1
U/U898.jpg,U,U,0.9866824150085449,2,1
U/U899.jpg,U,U,0.9873346090316772,2,1
U/U9.jpg,U,U,0.9841424822807312,2,1
U/U906.jpg,U,U,0.9869446158409119,2,1
U/U916.jpg,U,U,0.9874905943870544,2,1
U/U917.jpg,U,U,0.9881006479263306,2,1
U/U92.jpg,U,U,0.9836771488189697,2,1
U/U921.jpg,U,U,0.9869531393051147,2,1
U/U930.jpg,U,U,0.9520041346549988,1,1
U/U935.jpg,U,U,0.9600293636322021,1,1
U/U938.jpg,U,U,0.9558499455451965,1,1
U/U941.jpg,U,U,0.8475645184516907,2,1
U/U944.jpg,U,U,0.7393592000007629,2,1
U/U946.jpg,U,U,0.8845865726470947,1,1
U/U951.jpg,U,U,0.8999403119087219,1,1
U/U954.jpg,U,U,0.9770480394363403,1,1
U/U959.jpg,U,U,0.96849524974823,1,1
U/U961.jpg,U,U,0.9783948659896851,1,1
U/U963.jpg,U,U,0.9848775863647461,1,1
U/U964.jpg,U,U,0.9835168719291687,1,1
U/U965.jpg,U,U,0.9859110116958618,1,1
U/U966.jpg,U,U,0.9848535060882568,1,1
U/U971.jpg,U,U,0.9855764508247375,1,1
U/U973.jpg,U,U,0.9848878383636475,1,1
U/U975.jpg,U,U,0.9849227666854858,1,1
U/U98.jpg,U,U,0.9858684539794922,3,1
U/U987.jpg,U,U,0.9856568574905396,1,1
U/U988.jpg,U,U,0.9855585098266602,1,1
U/U992.jpg,U,U,0.9867643117904663,1,1
V/V1003.jpg,V,V,0.9871129393577576,2,1
V/V1006.jpg,V,V,0.9843837022781372,3,1
V/V101.jpg,V,V,0.9650189876556396,3,1
V/V1011.jpg,V,V,0.9819530844688416,4,1
V/V1014.jpg,V,V,0.985127866268158,4,1
V/V1032.jpg,V,V,0.9841394424438477,4,1
V/V104.jpg,V,V,0.9675657153129578,2,1
V/V1043.jpg,V,V,0.9829593896865845,4,1
V/V105.jpg,V,V,0.9704388380050659,3,1
V/V1050.jpg,V,V,0.9845502972602844,4,1
V/V1065.jpg,V,V,0.9857730269432068,5,1
V/V1072.jpg,V,V,0.9845758676528931,2,1
V/V1073.jpg,V,V,0.9850882887840271,3,1
V/V1088.jpg,V,V,0.975243866443634,2,1
V/V109.jpg,V,V,0.9636887311935425,2,1
V/V1090.jpg,V,V,0.9731887578964233,2,1
V/V1092.jpg,V,V,0.9748604893684387,3,1
V/V1095.jpg,V,V,0.97423255443573,3,1
V/V1096.jpg,V,V,0.9779564142227173,1,1
V/V11.jpg,V,V,0.9630885124206543,1,1
V/V1109.jpg,V,V,0.984978199005127,1,1
V/V1110.jpg,V,V,0.9829624891281128,1,1
V/V1111.jpg,V,V,0.984483540058136,2,1
V/V1117.jpg,V,V,0.9815834164619446,3,1
V/V112.jpg,V,V,0.9553369283676147,2,1
V/V1120.jpg,V,V,0.9800378084182739,3,1
V/V1124.jpg,V,V,0.980465292930603,2,1
V/V1128.jpg,V,V,0.9816345572471619,4,1
V/V1131.jpg,V,V,0.9776173830032349,3,1
V/V1133.jpg,V,V,0.9793047308921814,3,1
V/V1134.jpg,V,V,0.981620192527771,4,1
V/V1138.jpg,V,V,0.981360673904419,6,1
V/V1143.jpg,V,V,0.9835578799247742,4,1
V/V1144.jpg,V,V,0.9835065007209778,3,1
V/V1145.jpg,V,V,0.9807295203208923,3,1
V/V115.jpg,V,V,0.9498076438903809,2,1
V/V1153.jpg,V,V,0.984882652759552,5,1
V/V1154.jpg,V,V,0.9862181544303894,3,1
V/V1168.jpg,V,V,0.9887291193008423,3,1
V/V1174.jpg,V,V,0.9812114238739014,3,1
V/V1176.jpg,V,V,0.9740428328514099,3,1
V/V1179.jpg,V,V,0.9674652814865112,3,1
V/V1180.jpg,V,V,0.9268385171890259,4,1
V/V1189.jpg,V,V,0.9686866998672485,2,1
V/V119.jpg,V,V,0.9544311761856079,2,1
V/V1190.jpg,V,V,0.9695284366607666,2,1
V/V1192.jpg,V,V,0.9661371111869812,2,1
V/V12.jpg,V,V,0.9354332685470581,2,1
V/V1203.jpg,V,V,0.9691106081008911,2,1
V/V1205.jpg,V,V,0.9673953056335449,2,1
V/V1214.jpg,V,V,0.9699673056602478,2,1
V/V1217.jpg,V,V,0.9696338772773743,2,1
V/V1218.jpg,V,V,0.9672008156776428,2,1
V/V122.jpg,V,V,0.9519741535186768,2,1
V/V1230.jpg,V,V,0.9809530377388,2,1
V/V1236.jpg,V,V,0.9789974093437195,4,1
V/V1238.jpg,V,V,0.9800123572349548,3,1
V/V1244.jpg,V,V,0.9815911054611206,3,1
V/V1246.jpg,V,V,0.9793784022331238,4,1
V/V1252.jpg,V,V,0.9801480770111084,4,1
V/V1270.jpg,V,V,0.9836582541465759,3,1
V/V1274.jpg,V,V,0.9797719717025757,4,1
V/V1279.jpg,V,V,0.9835752248764038,4,1
V/V1284.jpg,V,V,0.9808050394058228,4,1
V/V1288.jpg,V,V,0.9805110096931458,5,1
V/V13.jpg,V,V,0.9561024904251099,2,1
V/V1301.jpg,V,V,0.9806384444236755,4,1
V/V1303.jpg,V,V,0.9783353209495544,5,1
V/V131.jpg,V,V,0.9030587077140808,4,1
V/V1311.jpg,V,V,0.9793469309806824,5,1
V/V1318.jpg,V,V,0.9830101132392883,3,1
V/V1321.jpg,V,V,0.9784038662910461,3,1
V/V1328.jpg,V,V,0.9826292991638184,3,1
V/V1329.jpg,V,V,0.9828518629074097,4,1
V/V1339.jpg,V,V,0.9853496551513672,3,1
V/V1340.jpg,V,V,0.9819790124893188,3,1
V/V1342.jpg,V,V,0.9773210883140564,3,1
V/V1357.jpg,V,V,0.986166775226593,3,1
V/V1365.jpg,V,V,0.9856967926025391,5,1
V/V1366.jpg,V,V,0.9866423606872559,3,1
V/V1371.jpg,V,V,0.9850344061851501,3,1
V/V1378.jpg,V,V,0.9848353862762451,3,1
V/V1382.jpg,V,V,0.9838647842407227,4,1
V/V1389.jpg,V,V,0.9843916893005371,2,1
V/V1394.jpg,V,V,0.9852334856987,2,1
V/V1403.jpg,V,V,0.9850761294364929,2,1
V/V1418.jpg,V,V,0.9869935512542725,3,1
V/V1419.jpg,V,V,0.986992359161377,3,1
V/V142.jpg,V,V,0.9755163192749023,2,1
V/V1423.jpg,V,V,0.9863794445991516,3,1
V/V1424.jpg,V,V,0.987036406993866,2,1
V/V1432.jpg,V,V,0.9846534132957458,3,1
V/V1437.jpg,V,V,0.983627438545227,3,1
V/V1440.jpg,V,V,0.9868116974830627,2,1
V/V145.jpg,V,V,0.9793345928192139,2,1
V/V1457.jpg,V,V,0.987068772315979,1,1
V/V1463.jpg,V,V,0.9881430268287659,3,1
V/V1464.jpg,V,V,0.9872906804084778,4,1
V/V1469.jpg,V,V,0.9855056405067444,3,1
V/V1470.jpg,V,V,0.9849843978881836,5,1
V/V1475.jpg,V,V,0.9841316342353821,3,1
V/V1477.jpg,V,V,0.9862143397331238,3,1
V/V1478.jpg,V,V,0.9871463775634766,5,1
V/V1483.jpg,V,V,0.9859563112258911,5,1
V/V1489.jpg,V,V,0.9863646030426025,4,1
V/V1497.jpg,V,V,0.9861255288124084,4,1
V/V15.jpg,V,V,0.9641132950782776,2,1
V/V1500.jpg,V,V,0.9858801960945129,3,1
V/V1501.jpg,V,V,0.986699104309082,6,1
V/V1502.jpg,V,V,0.9859316349029541,3,1
V/V1512.jpg,V,V,0.9868517518043518,4,1
V/V1518.jpg,V,V,0.9867428541183472,4,1
V/V1523.jpg,V,V,0.9870089888572693,6,1
V/V1524.jpg,V,V,0.9873676896095276,3,1
V/V1532.jpg,V,V,0.9866922497749329,3,1
V/V1533.jpg,V,V,0.9866303205490112,4,1
V/V1538.jpg,V,V,0.9867004156112671,6,1
V/V154.jpg,V,V,0.977503776550293,1,1
V/V1544.jpg,V,V,0.9878342151641846,6,1
V/V1545.jpg,V,V,0.9867332577705383,5,1
V/V156.jpg,V,V,0.9772464036941528,1,1
V/V1565.jpg,V,V,0.9863525629043579,3,1
V/V1567.jpg,V,V,0.9863359928131104,3,1
V/V1569.jpg,V,V,0.9882941246032715,5,1
V/V157.jpg,V,V,0.9744880199432373,1,1
V/V1578.jpg,V,V,0.9890066385269165,3,1
V/V1580.jpg,V,V,0.9880353808403015,5,1
V/V1585.jpg,V,V,0.9881116151809692,5,1
V/V159.jpg,V,V,0.9762063026428223,1,1
V/V1592.jpg,V,V,0.9889322519302368,6,1
V/V1595.jpg,V,V,0.9879140257835388,4,1
V/V16.jpg,V,V,0.9319923520088196,3,1
V/V1600.jpg,V,V,0.9886289834976196,5,1
V/V1607.jpg,V,V,0.9816769361495972,2,1
V/V1608.jpg,V,V,0.9814821481704712,2,1
V/V161.jpg,V,V,0.9775751829147339,1,1
V/V1617.jpg,V,V,0.9836552739143372,3,1
V/V162.jpg,V,V,0.9773887395858765,2,1
V/V1625.jpg,V,V,0.9870299696922302,6,1
V/V1636.jpg,V,V,0.9867784976959229,4,1
V/V164.jpg,V,V,0.9816994667053223,3,1
V/V1655.jpg,V,V,0.9878880381584167,2,1
V/V1662.jpg,V,V,0.9865946769714355,4,1
V/V1664.jpg,V,V,0.9855684638023376,6,1
V/V1673.jpg,V,V,0.9847758412361145,5,1
V/V1684.jpg,V,V,0.9837157130241394,3,1
V/V169.jpg,V,V,0.969456672668457,4,1
V/V1692.jpg,V,V,0.982326090335846,2,1
V/V1695.jpg,V,V,0.986735999584198,3,1
V/V1697.jpg,V,V,0.9861873388290405,2,1
V/V17.jpg,V,V,0.9649197459220886,3,1
V/V1703.jpg,V,V,0.9841252565383911,3,1
V/V1708.jpg,V,V,0.9850414395332336,4,1
V/V1713.jpg,V,V,0.9855988025665283,4,1
V/V1716.jpg,V,V,0.9854692816734314,3,1
V/V1729.jpg,V,V,0.9829334020614624,4,1
V/V1734.jpg,V,V,0.9854815602302551,2,1
V/V1739.jpg,V,V,0.9862333536148071,3,1
V/V174.jpg,V,V,0.9544950127601624,3,1
V/V1740.jpg,V,V,0.9853911399841309,3,1
V/V1741.jpg,V,V,0.9846383929252625,3,1
V/V1742.jpg,V,V,0.9850314855575562,3,1
V/V1744.jpg,V,V,0.9841417670249939,3,1
V/V1752.jpg,V,V,0.9793145656585693,2,1
V/V1756.jpg,V,V,0.9803467988967896,2,1
V/V176.jpg,V,V,0.9629384875297546,3,1
V/V1762.jpg,V,V,0.976972222328186,6,1
V/V1767.jpg,V,V,0.9743425250053406,4,1
V/V177.jpg,V,V,0.9625627398490906,3,1
V/V1772.jpg,V,V,0.9760158061981201,3,1
V/V1773.jpg,V,V,0.9727884531021118,3,1
V/V1774.jpg,V,V,0.9725823998451233,3,1
V/V1778.jpg,V,V,0.9754237532615662,3,1
V/V1780.jpg,V,V,0.9768500328063965,3,1
V/V1784.jpg,V,V,0.9779404401779175,3,1
V/V1793.jpg,V,V,0.9825451374053955,3,1
V/V1798.jpg,V,V,0.9816391468048096,3,1
V/V180.jpg,V,V,0.9778357148170471,1,1
V/V1804.jpg,V,V,0.9798290133476257,3,1
V/V1810.jpg,V,V,0.9774194955825806,4,1
V/V1814.jpg,V,V,0.9822843074798584,3,1
V/V1821.jpg,V,V,0.9847787022590637,3,1
V/V1824.jpg,V,V,0.9862334728240967,3,1
V/V1835.jpg,V,V,0.9860236644744873,3,1
V/V184.jpg,V,V,0.9788174033164978,1,1
V/V1841.jpg,V,V,0.9843584299087524,4,1
V/V1850.jpg,V,V,0.9801980257034302,3,1
V/V1853.jpg,V,V,0.9804984927177429,3,1
V/V186.jpg,V,V,0.9781051278114319,2,1
V/V1869.jpg,V,V,0.9822996258735657,4,1
V/V1874.jpg,V,V,0.9852957725524902,3,1
V/V1882.jpg,V,V,0.9819521307945251,3,1
V/V1890.jpg,V,V,0.9802981019020081,2,1
V/V1892.jpg,V,V,0.9777770042419434,2,1
V/V1900.jpg,V,V,0.9762670993804932,2,1
V/V1903.jpg,V,V,0.9792779088020325,2,1
V/V1910.jpg,V,V,0.9779195785522461,3,1
V/V1911.jpg,V,V,0.9795603156089783,2,1
V/V1915.jpg,V,V,0.9590508937835693,3,1
V/V1916.jpg,V,V,0.9679770469665527,4,1
V/V192.jpg,V,V,0.9773061871528625,1,1
V/V1934.jpg,V,V,0.9692042469978333,3,1
V/V1940.jpg,V,V,0.9817824959754944,3,1
V/V1942.jpg,V,V,0.980459451675415,5,1
V/V1946.jpg,V,V,0.9829148054122925,4,1
V/V1947.jpg,V,V,0.9838404059410095,5,1
V/V1968.jpg,V,V,0.9837093353271484,3,1
V/V1969.jpg,V,V,0.9832127690315247,4,1
V/V197.jpg,V,V,0.9764387607574463,2,1
V/V1973.jpg,V,V,0.9818140268325806,2,1
V/V1981.jpg,V,V,0.9789795875549316,2,1
V/V1990.jpg,V,V,0.9741616249084473,2,1
V/V1994.jpg,V,V,0.9783750176429749,2,1
V/V1999.jpg,V,V,0.976909875869751,2,1
V/V20.jpg,V,V,0.9608974456787109,4,1
V/V2007.jpg,V,V,0.96173095703125,3,1
V/V2009.jpg,V,V,0.9650762677192688,3,1
V/V201.jpg,V,V,0.9752006530761719,2,1
V/V2018.jpg,V,V,0.9595864415168762,5,1
V/V2019.jpg,V,V,0.9703116416931152,3,1
V/V2020.jpg,V,V,0.9640028476715088,3,1
V/V2021.jpg,V,V,0.9552443027496338,4,1
V/V2022.jpg,V,V,0.9335119128227234,3,1
V/V2023.jpg,V,V,0.9332002401351929,3,1
V/V2028.jpg,V,V,0.9441499710083008,3,1
V/V2029.jpg,V,V,0.9626626968383789,2,1
V/V2047.jpg,V,V,0.9539865851402283,3,1
V/V2052.jpg,V,V,0.9581025242805481,3,1
V/V2054.jpg,V,V,0.9647966623306274,2,1
V/V2055.jpg,V,V,0.9594044089317322,2,1
V/V2061.jpg,V,V,0.951731264591217,3,1
V/V2065.jpg,V,V,0.9579395055770874,2,1
V/V207.jpg,V,V,0.9815731048583984,1,1
V/V2078.jpg,V,V,0.9587425589561462,2,1
V/V2082.jpg,V,V,0.9658555388450623,1,1
V/V2083.jpg,V,V,0.9718957543373108,1,1
V/V2085.jpg,V,V,0.9655441641807556,1,1
V/V210.jpg,V,V,0.9817700982093811,1,1
V/V2103.jpg,V,V,0.9670230746269226,2,1
V/V2104.jpg,V,V,0.9667084813117981,2,1
V/V2106.jpg,V,V,0.9632250070571899,2,1
V/V211.jpg,V,V,0.9800440669059753,1,1
V/V2115.jpg,V,V,0.9661860466003418,3,1
V/V2119.jpg,V,V,0.9721170663833618,3,1
V/V2122.jpg,V,V,0.9682775735855103,2,1
V/V2123.jpg,V,V,0.9769735932350159,2,1
V/V2126.jpg,V,V,0.9727293848991394,4,1
V/V213.jpg,V,V,0.978874146938324,1,1
V/V2133.jpg,V,V,0.9758800268173218,3,1
V/V2136.jpg,V,V,0.9818629622459412,3,1
V/V2143.jpg,V,V,0.9785866141319275,3,1
V/V2144.jpg,V,V,0.9761046171188354,3,1
V/V2148.jpg,V,V,0.9744129180908203,4,1
V/V2156.jpg,V,V,0.9782260060310364,3,1
V/V2164.jpg,V,V,0.9830846190452576,3,1
V/V2169.jpg,V,V,0.9793693423271179,3,1
V/V2176.jpg,V,V,0.9721763134002686,3,1
V/V2182.jpg,V,V,0.9766033887863159,3,1
V/V2186.jpg,V,V,0.9741845726966858,3,1
V/V2195.jpg,V,V,0.9736931324005127,3,1
V/V2196.jpg,V,V,0.9685657024383545,3,1
V/V2197.jpg,V,V,0.9480191469192505,3,1
V/V2219.jpg,V,V,0.9712778329849243,2,1
V/V2220.jpg,V,V,0.9635362029075623,2,1
V/V2226.jpg,V,V,0.9653670191764832,2,1
V/V2247.jpg,V,V,0.9656069278717041,2,1
V/V2251.jpg,V,V,0.9600357413291931,2,1
V/V2253.jpg,V,V,0.9699622392654419,2,1
V/V2263.jpg,V,V,0.9400435090065002,3,1
V/V2265.jpg,V,V,0.9514052867889404,3,1
V/V2267.jpg,V,V,0.9679861068725586,3,1
V/V2269.jpg,V,V,0.9646307229995728,3,1
V/V2273.jpg,V,V,0.8650892972946167,4,1
V/V2275.jpg,V,V,0.7389107346534729,3,1
V/V2276.jpg,V,V,0.9514281749725342,5,1
V/V2279.jpg,V,V,0.9054111242294312,3,1
V/V2283.jpg,V,V,0.9236012101173401,3,1
V/V2284.jpg,V,V,0.9481623768806458,3,1
V/V2287.jpg,V,V,0.7565685510635376,5,1
V/V2290.jpg,V,V,0.9490805864334106,3,1
V/V2293.jpg,V,V,0.9248433709144592,3,1
V/V2294.jpg,V,V,0.945677638053894,2,1
V/V2300.jpg,V,V,0.930562436580658,3,1
V/V2301.jpg,V,V,0.955314576625824,2,1
V/V2304.jpg,V,V,0.9498612284660339,2,1
V/V2308.jpg,V,V,0.935494065284729,2,1
V/V2310.jpg,V,V,0.8914010524749756,3,1
V/V2317.jpg,V,V,0.860821008682251,4,1
V/V2324.jpg,V,V,0.9016395211219788,3,1
V/V2325.jpg,V,V,0.9280375242233276,3,1
V/V2329.jpg,V,V,0.9437775015830994,1,1
V/V2337.jpg,V,V,0.949975848197937,1,1
V/V2342.jpg,V,V,0.9449439644813538,1,1
V/V235.jpg,V,V,0.9708158373832703,3,1
V/V2354.jpg,V,V,0.9277933239936829,2,1
V/V2357.jpg,V,V,0.9385299682617188,1,1
V/V236.jpg,V,V,0.9723618030548096,3,1
V/V2363.jpg,V,V,0.9574229717254639,1,1
V/V237.jpg,V,V,0.965155303478241,2,1
V/V2374.jpg,V,V,0.9605307579040527,2,1
V/V2377.jpg,V,V,0.9541113376617432,3,1
V/V2381.jpg,V,V,0.9642642140388489,1,1
V/V2382.jpg,V,V,0.9598402976989746,1,1
V/V2385.jpg,V,V,0.9602778553962708,1,1
V/V2388.jpg,V,V,0.9628088474273682,1,1
V/V2391.jpg,V,V,0.9647072553634644,1,1
V/V2392.jpg,V,V,0.9696599841117859,1,1
V/V2394.jpg,V,V,0.9750300049781799,1,1
V/V2396.jpg,V,V,0.9534410834312439,2,1
V/V2401.jpg,V,V,0.9512013792991638,2,1
V/V2410.jpg,V,V,0.9674732089042664,2,1
V/V2433.jpg,V,V,0.9387878179550171,3,1
V/V2434.jpg,V,V,0.9586513042449951,2,1
V/V2435.jpg,V,V,0.9634935259819031,2,1
V/V2437.jpg,V,V,0.957705557346344,2,1
V/V244.jpg,V,V,0.9797868728637695,2,1
V/V2440.jpg,V,V,0.9615647196769714,3,1
V/V2446.jpg,V,K,0.8592183589935303,5,0
V/V2452.jpg,V,K,0.4629574120044708,5,0
V/V2467.jpg,V,V,0.5513656735420227,4,1
V/V2470.jpg,V,V,0.753317654132843,4,1
V/V2475.jpg,V,V,0.7588591575622559,4,1
V/V2484.jpg,V,V,0.752418041229248,3,1
V/V2487.jpg,V,V,0.9184352159500122,2,1
V/V2496.jpg,V,V,0.8665837645530701,2,1
V/V2497.jpg,V,V,0.8075832724571228,3,1
V/V250.jpg,V,V,0.9822032451629639,1,1
V/V2502.jpg,V,V,0.979656994342804,4,1
V/V2505.jpg,V,V,0.9793906211853027,4,1
V/V2507.jpg,V,V,0.9758983850479126,4,1
V/V2510.jpg,V,V,0.9777447581291199,4,1
V/V2513.jpg,V,V,0.9813745617866516,5,1
V/V2518.jpg,V,V,0.9826599955558777,4,1
V/V2520.jpg,V,V,0.9805530905723572,5,1
V/V2528.jpg,V,V,0.9742391109466553,3,1
V/V2531.jpg,V,V,0.9766701459884644,2,1
V/V2534.jpg,V,V,0.97865891456604,3,1
V/V2535.jpg,V,V,0.9749886989593506,4,1
V/V2536.jpg,V,V,0.9797558784484863,3,1
V/V2540.jpg,V,V,0.9804115295410156,5,1
V/V2556.jpg,V,V,0.984092116355896,5,1
V/V2558.jpg,V,V,0.9860798716545105,4,1
V/V2562.jpg,V,V,0.9848557114601135,6,1
V/V2571.jpg,V,V,0.9837464690208435,5,1
V/V2572.jpg,V,V,0.9827545285224915,5,1
V/V2580.jpg,V,V,0.985771656036377,5,1
V/V2581.jpg,V,V,0.9857341051101685,5,1
V/V2589.jpg,V,V,0.9846663475036621,6,1
V/V260.jpg,V,V,0.9739149212837219,2,1
V/V2607.jpg,V,V,0.9714064002037048,3,1
V/V2611.jpg,V,V,0.9803617000579834,3,1
V/V262.jpg,V,V,0.9729411602020264,4,1
V/V2621.jpg,V,V,0.9815658330917358,2,1
V/V2623.jpg,V,V,0.9692623615264893,4,1
V/V2624.jpg,V,V,0.9729400277137756,4,1
V/V2625.jpg,V,V,0.9784296751022339,3,1
V/V2627.jpg,V,V,0.9748789072036743,2,1
V/V2633.jpg,V,V,0.9802029132843018,2,1
V/V2642.jpg,V,V,0.9793658256530762,2,1
V/V2643.jpg,V,V,0.9718734622001648,2,1
V/V2644.jpg,V,V,0.9769040942192078,3,1
V/V265.jpg,V,V,0.9713205695152283,3,1
V/V2662.jpg,V,V,0.9748845100402832,4,1
V/V2673.jpg,V,V,0.9537837505340576,2,1
V/V2677.jpg,V,V,0.9523818492889404,4,1
V/V268.jpg,V,V,0.9707441329956055,3,1
V/V2682.jpg,V,V,0.9610288143157959,4,1
V/V2687.jpg,V,V,0.966038167476654,3,1
V/V2688.jpg,V,V,0.9790839552879333,4,1
V/V2698.jpg,V,V,0.9758176803588867,2,1
V/V2700.jpg,V,V,0.9581258893013,3,1
V/V2706.jpg,V,V,0.9794346690177917,4,1
V/V271.jpg,V,V,0.9731989502906799,3,1
V/V2712.jpg,V,V,0.9847796559333801,6,1
V/V2718.jpg,V,V,0.9817408919334412,7,1
V/V272.jpg,V,V,0.9757206439971924,4,1
V/V2722.jpg,V,V,0.9815990328788757,3,1
V/V273.jpg,V,V,0.9766353368759155,3,1
V/V2731.jpg,V,V,0.9844046235084534,4,1
V/V2742.jpg,V,V,0.9825469851493835,7,1
V/V2743.jpg,V,V,0.9823907613754272,7,1
V/V2748.jpg,V,V,0.9821285009384155,7,1
V/V276.jpg,V,V,0.9779437780380249,1,1
V/V2760.jpg,V,V,0.9826558828353882,4,1
V/V277.jpg,V,V,0.9768849611282349,2,1
V/V2770.jpg,V,V,0.9843302369117737,2,1
V/V2774.jpg,V,V,0.9851335287094116,3,1
V/V2788.jpg,V,V,0.9827607870101929,2,1
V/V2795.jpg,V,V,0.985507607460022,2,1
V/V2804.jpg,V,V,0.9856030941009521,2,1
V/V2808.jpg,V,V,0.9854153990745544,2,1
V/V281.jpg,V,V,0.971210241317749,1,1
V/V2810.jpg,V,V,0.9844599962234497,2,1
V/V2818.jpg,V,V,0.9839406609535217,3,1
V/V2822.jpg,V,V,0.9851906895637512,2,1
V/V2825.jpg,V,V,0.9860063791275024,2,1
V/V2829.jpg,V,V,0.9850034117698669,2,1
V/V283.jpg,V,V,0.9757987260818481,1,1
V/V2837.jpg,V,V,0.9823148250579834,4,1
V/V2839.jpg,V,V,0.983025848865509,4,1
V/V284.jpg,V,V,0.9739828109741211,2,1
V/V2840.jpg,V,V,0.9755707383155823,4,1
V/V2854.jpg,V,V,0.978988766670227,4,1
V/V2856.jpg,V,V,0.9810689091682434,3,1
V/V2861.jpg,V,V,0.9842049479484558,4,1
V/V2863.jpg,V,V,0.9858261942863464,2,1
V/V288.jpg,V,V,0.9715454578399658,1,1
V/V2882.jpg,V,V,0.9828879833221436,3,1
V/V2883.jpg,V,V,0.97513347864151,2,1
V/V2892.jpg,V,V,0.9803512692451477,2,1
V/V2904.jpg,V,V,0.9810166954994202,2,1
V/V2906.jpg,V,V,0.982851505279541,2,1
V/V2908.jpg,V,V,0.9802093505859375,2,1
V/V2919.jpg,V,V,0.9796232581138611,3,1
V/V292.jpg,V,V,0.9673153162002563,1,1
V/V2924.jpg,V,V,0.9726961255073547,4,1
V/V2929.jpg,V,V,0.9835342764854431,4,1
V/V293.jpg,V,V,0.9694426655769348,1,1
V/V2942.jpg,V,V,0.9774855375289917,4,1
V/V2944.jpg,V,V,0.9717739224433899,2,1
V/V2946.jpg,V,V,0.9778775572776794,1,1
V/V295.jpg,V,V,0.967670738697052,2,1
V/V2952.jpg,V,V,0.979550838470459,4,1
V/V2955.jpg,V,V,0.9808748960494995,3,1
V/V2960.jpg,V,V,0.9817474484443665,3,1
V/V2968.jpg,V,V,0.984193742275238,2,1
V/V2970.jpg,V,V,0.9854722619056702,2,1
V/V2971.jpg,V,V,0.9851204752922058,2,1
V/V2972.jpg,V,V,0.9855785369873047,2,1
V/V2987.jpg,V,V,0.9779727458953857,3,1
V/V2988.jpg,V,V,0.9780277013778687,2,1
V/V2990.jpg,V,V,0.9767587184906006,1,1
V/V2994.jpg,V,V,0.9832894206047058,1,1
V/V301.jpg,V,V,0.9733698964118958,1,1
V/V303.jpg,V,V,0.9750038981437683,1,1
V/V320.jpg,V,V,0.9654428958892822,2,1
V/V323.jpg,V,V,0.964888334274292,3,1
V/V324.jpg,V,V,0.9745532870292664,3,1
V/V328.jpg,V,V,0.9707276225090027,1,1
V/V329.jpg,V,V,0.9626180529594421,1,1
V/V33.jpg,V,V,0.9749235510826111,3,1
V/V341.jpg,V,V,0.9681777954101562,1,1
V/V342.jpg,V,V,0.9722381830215454,2,1
V/V35.jpg,V,V,0.9751972556114197,2,1
V/V351.jpg,V,V,0.9789068102836609,1,1
V/V353.jpg,V,V,0.9756487011909485,1,1
V/V358.jpg,V,V,0.9748095870018005,1,1
V/V365.jpg,V,V,0.9784848093986511,2,1
V/V366.jpg,V,V,0.9800217747688293,1,1
V/V377.jpg,V,V,0.9800191521644592,2,1
V/V38.jpg,V,V,0.9719334840774536,2,1
V/V382.jpg,V,V,0.9833750128746033,3,1
V/V385.jpg,V,V,0.9768814444541931,3,1
V/V402.jpg,V,V,0.9207842946052551,3,1
V/V403.jpg,V,V,0.9720959663391113,2,1
V/V405.jpg,V,V,0.9755143523216248,3,1
V/V410.jpg,V,V,0.9711560606956482,2,1
V/V416.jpg,V,V,0.9766978621482849,2,1
V/V418.jpg,V,V,0.9764154553413391,2,1
V/V421.jpg,V,V,0.9781755805015564,2,1
V/V422.jpg,V,V,0.9770859479904175,2,1
V/V424.jpg,V,V,0.980018675327301,1,1
V/V438.jpg,V,V,0.9738406538963318,1,1
V/V441.jpg,V,V,0.9641343355178833,1,1
V/V443.jpg,V,V,0.9705829620361328,1,1
V/V45.jpg,V,V,0.9605951905250549,1,1
V/V451.jpg,V,V,0.9752497673034668,1,1
V/V455.jpg,V,V,0.974170982837677,1,1
V/V461.jpg,V,V,0.9718210697174072,1,1
V/V477.jpg,V,V,0.9601372480392456,1,1
V/V479.jpg,V,V,0.9632942080497742,1,1
V/V481.jpg,V,V,0.9560496211051941,1,1
V/V483.jpg,V,V,0.9512670040130615,1,1
V/V493.jpg,V,V,0.9744423627853394,1,1
V/V495.jpg,V,V,0.9748228788375854,1,1
V/V499.jpg,V,V,0.9706066846847534,1,1
V/V503.jpg,V,V,0.97002112865448,1,1
V/V509.jpg,V,V,0.9108661413192749,1,1
V/V514.jpg,V,V,0.9309389591217041,1,1
V/V516.jpg,V,V,0.9215250015258789,2,1
V/V518.jpg,V,V,0.9525054693222046,1,1
V/V519.jpg,V,V,0.9681352376937866,1,1
V/V522.jpg,V,V,0.967376708984375,1,1
V/V523.jpg,V,V,0.9753329157829285,2,1
V/V524.jpg,V,V,0.9592857956886292,1,1
V/V541.jpg,V,V,0.9760442972183228,1,1
V/V542.jpg,V,V,0.9748457074165344,1,1
V/V56.jpg,V,V,0.9478223919868469,3,1
V/V563.jpg,V,V,0.9788880944252014,1,1
V/V583.jpg,V,V,0.9765396118164062,1,1
V/V588.jpg,V,V,0.9572730660438538,1,1
V/V595.jpg,V,V,0.9602832198143005,1,1
V/V596.jpg,V,V,0.9478768706321716,1,1
V/V606.jpg,V,V,0.9648522734642029,2,1
V/V608.jpg,V,V,0.9768268465995789,2,1
V/V610.jpg,V,V,0.9659696817398071,2,1
V/V611.jpg,V,V,0.9677915573120117,1,1
V/V613.jpg,V,V,0.9592694640159607,2,1
V/V616.jpg,V,V,0.9826143383979797,2,1
V/V618.jpg,V,V,0.9781516194343567,2,1
V/V62.jpg,V,V,0.966159462928772,5,1
V/V620.jpg,V,V,0.9768079519271851,2,1
V/V623.jpg,V,V,0.9783318042755127,2,1
V/V625.jpg,V,V,0.9755734801292419,2,1
V/V632.jpg,V,V,0.9749565720558167,2,1
V/V646.jpg,V,V,0.9818856120109558,2,1
V/V649.jpg,V,V,0.9781008958816528,2,1
V/V656.jpg,V,V,0.9814932942390442,1,1
V/V660.jpg,V,V,0.9824566841125488,1,1
V/V662.jpg,V,V,0.984557032585144,1,1
V/V668.jpg,V,V,0.9850925803184509,1,1
V/V669.jpg,V,V,0.9837963581085205,1,1
V/V678.jpg,V,V,0.9842483401298523,2,1
V/V68.jpg,V,V,0.9462724924087524,5,1
V/V681.jpg,V,V,0.9823073148727417,2,1
V/V689.jpg,V,V,0.9817914962768555,1,1
V/V7.jpg,V,V,0.9715906977653503,2,1
V/V710.jpg,V,V,0.9817216396331787,1,1
V/V711.jpg,V,V,0.9820857048034668,1,1
V/V716.jpg,V,V,0.9747860431671143,1,1
V/V719.jpg,V,V,0.9564645290374756,1,1
V/V721.jpg,V,V,0.9764519333839417,1,1
V/V722.jpg,V,V,0.9660364985466003,1,1
V/V73.jpg,V,V,0.9424900412559509,4,1
V/V730.jpg,V,V,0.9562866687774658,1,1
V/V731.jpg,V,V,0.9385760426521301,1,1
V/V738.jpg,V,V,0.9630134701728821,1,1
V/V745.jpg,V,V,0.9741486310958862,1,1
V/V746.jpg,V,V,0.9737845063209534,1,1
V/V749.jpg,V,V,0.9589444398880005,1,1
V/V754.jpg,V,V,0.9784072041511536,2,1
V/V760.jpg,V,V,0.9784274101257324,2,1
V/V764.jpg,V,V,0.9806104898452759,1,1
V/V766.jpg,V,V,0.9803805947303772,2,1
V/V767.jpg,V,V,0.9750277996063232,1,1
V/V768.jpg,V,V,0.9674333930015564,2,1
V/V778.jpg,V,V,0.9703807830810547,3,1
V/V786.jpg,V,V,0.9558883905410767,3,1
V/V789.jpg,V,V,0.9656639695167542,2,1
V/V79.jpg,V,V,0.9652589559555054,3,1
V/V793.jpg,V,V,0.9467448592185974,2,1
V/V8.jpg,V,V,0.966331422328949,2,1
V/V801.jpg,V,V,0.9401963949203491,4,1
V/V81.jpg,V,V,0.9676195383071899,3,1
V/V812.jpg,V,V,0.9619534015655518,2,1
V/V814.jpg,V,V,0.9655240178108215,3,1
V/V821.jpg,V,V,0.9677984714508057,2,1
V/V824.jpg,V,V,0.9556325078010559,2,1
V/V827.jpg,V,V,0.9618745446205139,3,1
V/V828.jpg,V,V,0.9526376724243164,2,1
V/V83.jpg,V,V,0.9719518423080444,3,1
V/V830.jpg,V,V,0.960600733757019,3,1
V/V832.jpg,V,V,0.963455855846405,3,1
V/V834.jpg,V,V,0.9580869674682617,3,1
V/V835.jpg,V,V,0.9655800461769104,2,1
V/V839.jpg,V,V,0.960962176322937,2,1
V/V843.jpg,V,V,0.9607835412025452,2,1
V/V852.jpg,V,V,0.959632933139801,3,1
V/V853.jpg,V,V,0.9669764637947083,2,1
V/V858.jpg,V,V,0.964597225189209,3,1
V/V859.jpg,V,V,0.9412137269973755,2,1
V/V860.jpg,V,V,0.9402971267700195,2,1
V/V865.jpg,V,V,0.9235770106315613,2,1
V/V866.jpg,V,V,0.9430657029151917,3,1
V/V87.jpg,V,V,0.9774162769317627,2,1
V/V872.jpg,V,V,0.9623268246650696,3,1
V/V873.jpg,V,V,0.9575732350349426,3,1
V/V875.jpg,V,V,0.9572449326515198,2,1
V/V876.jpg,V,V,0.9519678950309753,2,1
V/V883.jpg,V,V,0.9662971496582031,2,1
V/V884.jpg,V,V,0.9600878357887268,2,1
V/V89.jpg,V,V,0.9756944179534912,4,1
V/V890.jpg,V,V,0.9691230654716492,2,1
V/V897.jpg,V,V,0.9651892185211182,2,1
V/V904.jpg,V,V,0.946793258190155,2,1
V/V905.jpg,V,V,0.9309947490692139,4,1
V/V91.jpg,V,V,0.9745708703994751,3,1
V/V912.jpg,V,V,0.9230169653892517,3,1
V/V913.jpg,V,V,0.9231307506561279,3,1
V/V921.jpg,V,V,0.9070451259613037,2,1
V/V923.jpg,V,V,0.8155659437179565,3,1
V/V925.jpg,V,V,0.8950150012969971,3,1
V/V93.jpg,V,V,0.9755066633224487,3,1
V/V930.jpg,V,V,0.9233559966087341,2,1
V/V934.jpg,V,K,0.8859394192695618,3,0
V/V937.jpg,V,K,0.7947237491607666,3,0
V/V944.jpg,V,K,0.7926849722862244,3,0
V/V945.jpg,V,V,0.7954215407371521,3,1
V/V952.jpg,V,V,0.8661103844642639,2,1
V/V96.jpg,V,V,0.9703744053840637,3,1
V/V960.jpg,V,V,0.9515835046768188,2,1
V/V965.jpg,V,V,0.956785261631012,2,1
V/V969.jpg,V,V,0.9419581294059753,2,1
V/V970.jpg,V,V,0.9408484101295471,2,1
V/V972.jpg,V,V,0.9425679445266724,2,1
V/V981.jpg,V,V,0.9281002283096313,2,1
V/V982.jpg,V,V,0.8845700621604919,2,1
V/V983.jpg,V,V,0.8875166773796082,2,1
V/V993.jpg,V,V,0.9059785008430481,3,1
V/V997.jpg,V,V,0.93858802318573,2,1
W/W1004.jpg,W,W,0.9793494343757629,2,1
W/W1008.jpg,W,W,0.9804555177688599,3,1
W/W1009.jpg,W,W,0.9788942933082581,3,1
W/W1014.jpg,W,W,0.9784477353096008,3,1
W/W102.jpg,W,W,0.9679064154624939,1,1
W/W1020.jpg,W,W,0.9779702425003052,3,1
W/W1024.jpg,W,W,0.9784881472587585,3,1
W/W104.jpg,W,W,0.9752013683319092,1,1
W/W1049.jpg,W,W,0.979651153087616,2,1
W/W1054.jpg,W,W,0.9792104363441467,3,1
W/W1056.jpg,W,W,0.9808517694473267,2,1
W/W1059.jpg,W,W,0.9802802205085754,3,1
W/W1060.jpg,W,W,0.9798261523246765,2,1
W/W1062.jpg,W,W,0.9803423285484314,3,1
W/W1063.jpg,W,W,0.9785292148590088,4,1
W/W1065.jpg,W,W,0.9813201427459717,6,1
W/W1071.jpg,W,W,0.9804240465164185,2,1
W/W1074.jpg,W,W,0.9795228242874146,3,1
W/W1080.jpg,W,W,0.9786931276321411,2,1
W/W1090.jpg,W,W,0.9791847467422485,6,1
W/W1094.jpg,W,W,0.980164110660553,4,1
W/W1097.jpg,W,W,0.9796559810638428,3,1
W/W110.jpg,W,W,0.9703513383865356,1,1
W/W1100.jpg,W,W,0.978569746017456,3,1
W/W1102.jpg,W,W,0.978129506111145,3,1
W/W1106.jpg,W,W,0.9790962934494019,4,1
W/W1107.jpg,W,W,0.979680597782135,3,1
W/W1114.jpg,W,W,0.9800424575805664,2,1
W/W1116.jpg,W,W,0.9796655774116516,3,1
W/W1118.jpg,W,W,0.9775819182395935,3,1
W/W1123.jpg,W,W,0.9766630530357361,3,1
W/W1131.jpg,W,W,0.9782927632331848,5,1
W/W1136.jpg,W,W,0.9776637554168701,2,1
W/W1139.jpg,W,W,0.980071485042572,5,1
W/W1144.jpg,W,W,0.9772999286651611,2,1
W/W1145.jpg,W,W,0.9750800728797913,2,1
W/W1149.jpg,W,W,0.973217785358429,2,1
W/W1154.jpg,W,W,0.978509247303009,4,1
W/W1155.jpg,W,W,0.976129412651062,3,1
W/W1158.jpg,W,W,0.9781112670898438,2,1
W/W1161.jpg,W,W,0.9774069786071777,4,1
W/W1163.jpg,W,W,0.9763435125350952,2,1
W/W1165.jpg,W,W,0.9808660745620728,4,1
W/W1169.jpg,W,W,0.9799384474754333,3,1
W/W1171.jpg,W,W,0.9800752401351929,3,1
W/W1173.jpg,W,W,0.9803577065467834,2,1
W/W1177.jpg,W,W,0.979998767375946,2,1
W/W118.jpg,W,W,0.8748549818992615,1,1
W/W1186.jpg,W,W,0.9811341762542725,2,1
W/W1188.jpg,W,W,0.9795442223548889,2,1
W/W1191.jpg,W,W,0.9804258346557617,2,1
W/W1192.jpg,W,W,0.9793638586997986,2,1
W/W1198.jpg,W,W,0.9790560603141785,2,1
W/W1214.jpg,W,W,0.9805088043212891,2,1
W/W1227.jpg,W,W,0.980705201625824,2,1
W/W1229.jpg,W,W,0.9798770546913147,2,1
W/W1230.jpg,W,W,0.979830801486969,2,1
W/W1233.jpg,W,W,0.9794648289680481,2,1
W/W1238.jpg,W,W,0.9804810881614685,2,1
W/W1241.jpg,W,W,0.9782646894454956,2,1
W/W1243.jpg,W,W,0.9791824221611023,2,1
W/W1244.jpg,W,W,0.9789406657218933,3,1
W/W1245.jpg,W,W,0.979219913482666,2,1
W/W1252.jpg,W,W,0.9789807200431824,2,1
W/W1262.jpg,W,W,0.9796984195709229,2,1
W/W1271.jpg,W,W,0.9800648093223572,2,1
W/W1272.jpg,W,W,0.9802618026733398,2,1
W/W1276.jpg,W,W,0.9791600108146667,2,1
W/W1277.jpg,W,W,0.9802534580230713,2,1
W/W1279.jpg,W,W,0.9798884987831116,2,1
W/W1284.jpg,W,W,0.9771865606307983,2,1
W/W1288.jpg,W,W,0.9799461960792542,2,1
W/W1291.jpg,W,W,0.9808611273765564,2,1
W/W1292.jpg,W,W,0.9789880514144897,2,1
W/W13.jpg,W,W,0.9784478545188904,2,1
W/W1309.jpg,W,W,0.9797806739807129,3,1
W/W1315.jpg,W,W,0.9812834858894348,2,1
W/W1330.jpg,W,W,0.9765428900718689,1,1
W/W1333.jpg,W,W,0.9776772856712341,1,1
W/W1335.jpg,W,W,0.9769437909126282,2,1
W/W1344.jpg,W,W,0.9783679246902466,2,1
W/W1345.jpg,W,W,0.9800612926483154,4,1
W/W1367.jpg,W,W,0.973581850528717,3,1
W/W1372.jpg,W,W,0.9780942797660828,1,1
W/W1373.jpg,W,W,0.9772526621818542,1,1
W/W1377.jpg,W,W,0.9796436429023743,1,1
W/W1380.jpg,W,W,0.9800518751144409,1,1
W/W1383.jpg,W,W,0.978289008140564,1,1
W/W1384.jpg,W,W,0.9795291423797607,2,1
W/W1389.jpg,W,W,0.9760797619819641,1,1
W/W1391.jpg,W,W,0.9759560823440552,2,1
W/W1399.jpg,W,W,0.9749252796173096,3,1
W/W14.jpg,W,W,0.9799598455429077,3,1
W/W1401.jpg,W,W,0.9766443371772766,3,1
W/W1402.jpg,W,W,0.9750612378120422,2,1
W/W1411.jpg,W,W,0.9771379232406616,2,1
W/W1412.jpg,W,W,0.9778458476066589,2,1
W/W1416.jpg,W,W,0.977348804473877,2,1
W/W1418.jpg,W,W,0.9768516421318054,2,1
W/W1419.jpg,W,W,0.9782916307449341,2,1
W/W1424.jpg,W,W,0.9776615500450134,2,1
W/W143.jpg,W,W,0.976921021938324,1,1
W/W1448.jpg,W,W,0.9721058011054993,2,1
W/W1452.jpg,W,W,0.976355254650116,3,1
W/W1455.jpg,W,W,0.9772088527679443,3,1
W/W146.jpg,W,W,0.9758564233779907,1,1
W/W147.jpg,W,W,0.9760119318962097,1,1
W/W1477.jpg,W,W,0.9746422171592712,2,1
W/W1487.jpg,W,W,0.9751763939857483,2,1
W/W1493.jpg,W,W,0.9729371666908264,2,1
W/W1500.jpg,W,W,0.975191056728363,2,1
W/W1504.jpg,W,W,0.9718025326728821,2,1
W/W1517.jpg,W,W,0.9721889495849609,2,1
W/W152.jpg,W,W,0.977380633354187,1,1
W/W1524.jpg,W,W,0.9718867540359497,1,1
W/W1526.jpg,W,W,0.9742431044578552,3,1
W/W1535.jpg,W,W,0.9754692316055298,2,1
W/W1538.jpg,W,W,0.9750818610191345,2,1
W/W154.jpg,W,W,0.9767027497291565,1,1
W/W1542.jpg,W,W,0.9787803888320923,2,1
W/W1543.jpg,W,W,0.978615939617157,2,1
W/W1544.jpg,W,W,0.9791569709777832,2,1
W/W1563.jpg,W,W,0.9741805195808411,2,1
W/W1567.jpg,W,W,0.9755537509918213,3,1
W/W1569.jpg,W,W,0.9773524403572083,2,1
W/W1574.jpg,W,W,0.9767458438873291,3,1
W/W1576.jpg,W,W,0.9768150448799133,3,1
W/W1585.jpg,W,W,0.9776195287704468,3,1
W/W1589.jpg,W,W,0.9741170406341553,3,1
W/W159.jpg,W,W,0.9790297746658325,1,1
W/W1616.jpg,W,W,0.9797662496566772,2,1
W/W1618.jpg,W,W,0.9804312586784363,2,1
W/W162.jpg,W,W,0.9765602946281433,1,1
W/W1620.jpg,W,W,0.9802830219268799,2,1
W/W1626.jpg,W,W,0.978821873664856,2,1
W/W1629.jpg,W,W,0.9778413772583008,2,1
W/W1633.jpg,W,W,0.9766731858253479,2,1
W/W1635.jpg,W,W,0.9786599278450012,2,1
W/W1636.jpg,W,W,0.9768508672714233,2,1
W/W1638.jpg,W,W,0.977676272392273,3,1
W/W1640.jpg,W,W,0.975965142250061,3,1
W/W1644.jpg,W,W,0.9784498810768127,3,1
W/W1658.jpg,W,W,0.9766859412193298,2,1
W/W1662.jpg,W,W,0.9782829284667969,3,1
W/W1666.jpg,W,W,0.9744974970817566,3,1
W/W1673.jpg,W,W,0.9800108671188354,1,1
W/W1676.jpg,W,W,0.9770970940589905,2,1
W/W168.jpg,W,W,0.9827799797058105,2,1
W/W1684.jpg,W,W,0.9799118638038635,2,1
W/W1685.jpg,W,W,0.9777325391769409,2,1
W/W1686.jpg,W,W,0.9760783910751343,2,1
W/W169.jpg,W,W,0.9828112125396729,2,1
W/W1695.jpg,W,W,0.9799455404281616,2,1
W/W1697.jpg,W,W,0.9785512685775757,2,1
W/W1698.jpg,W,W,0.9783400893211365,2,1
W/W1699.jpg,W,W,0.9772046208381653,2,1
W/W1700.jpg,W,W,0.9810390472412109,2,1
W/W1702.jpg,W,W,0.9717329144477844,2,1
W/W1703.jpg,W,W,0.9530104994773865,2,1
W/W1705.jpg,W,W,0.976287305355072,1,1
W/W1711.jpg,W,W,0.9590567946434021,2,1
W/W1720.jpg,W,W,0.9736467003822327,2,1
W/W1731.jpg,W,W,0.9766286015510559,2,1
W/W1734.jpg,W,W,0.9769223928451538,2,1
W/W1737.jpg,W,W,0.9794225096702576,2,1
W/W1738.jpg,W,W,0.9757416248321533,2,1
W/W1744.jpg,W,W,0.978415310382843,2,1
W/W175.jpg,W,W,0.9776934385299683,1,1
W/W1750.jpg,W,W,0.9795045256614685,2,1
W/W1762.jpg,W,W,0.9799069166183472,3,1
W/W1771.jpg,W,W,0.9751306176185608,5,1
W/W1772.jpg,W,W,0.9776663780212402,3,1
W/W1779.jpg,W,W,0.9799864888191223,3,1
W/W1780.jpg,W,W,0.9780477285385132,3,1
W/W1782.jpg,W,W,0.978435754776001,3,1
W/W1786.jpg,W,W,0.9776924252510071,3,1
W/W179.jpg,W,W,0.9769448041915894,1,1
W/W1797.jpg,W,W,0.9795610308647156,3,1
W/W1799.jpg,W,W,0.9776071906089783,3,1
W/W1801.jpg,W,W,0.9751586318016052,4,1
W/W1812.jpg,W,W,0.9767482280731201,2,1
W/W1815.jpg,W,W,0.9737629890441895,2,1
W/W1816.jpg,W,W,0.9743398427963257,2,1
W/W1817.jpg,W,W,0.9752986431121826,2,1
W/W1818.jpg,W,W,0.9729199409484863,3,1
W/W1824.jpg,W,W,0.9725659489631653,2,1
W/W1826.jpg,W,W,0.973373532295227,2,1
W/W1836.jpg,W,W,0.9725009202957153,2,1
W/W184.jpg,W,W,0.9747841954231262,1,1
W/W1843.jpg,W,W,0.9755218625068665,3,1
W/W1850.jpg,W,W,0.9733116626739502,2,1
W/W1857.jpg,W,W,0.9774162173271179,2,1
W/W1859.jpg,W,W,0.9773113131523132,2,1
W/W1862.jpg,W,W,0.9782103896141052,2,1
W/W1863.jpg,W,W,0.979422390460968,2,1
W/W1864.jpg,W,W,0.9777672290802002,2,1
W/W1865.jpg,W,W,0.9786387085914612,2,1
W/W1868.jpg,W,W,0.9759581089019775,2,1
W/W1873.jpg,W,W,0.9763982892036438,2,1
W/W1875.jpg,W,W,0.9753019213676453,3,1
W/W1882.jpg,W,W,0.9748191237449646,2,1
W/W1883.jpg,W,W,0.9748586416244507,2,1
W/W1888.jpg,W,W,0.9784365296363831,2,1
W/W1889.jpg,W,W,0.9766728281974792,3,1
W/W1905.jpg,W,W,0.9767976403236389,3,1
W/W1907.jpg,W,W,0.9772112369537354,3,1
W/W1911.jpg,W,W,0.9776173830032349,3,1
W/W1919.jpg,W,W,0.9786049127578735,2,1
W/W1921.jpg,W,W,0.9805919528007507,2,1
W/W1923.jpg,W,W,0.9781493544578552,2,1
W/W193.jpg,W,W,0.9757483601570129,2,1
W/W1931.jpg,W,W,0.9802835583686829,2,1
W/W1932.jpg,W,W,0.9792364835739136,2,1
W/W1935.jpg,W,W,0.9772392511367798,2,1
W/W1940.jpg,W,W,0.9779701232910156,2,1
W/W1946.jpg,W,W,0.9758508205413818,3,1
W/W1951.jpg,W,W,0.9784243106842041,2,1
W/W1953.jpg,W,W,0.9761257767677307,2,1
W/W1954.jpg,W,W,0.9746530652046204,3,1
W/W1959.jpg,W,W,0.9793973565101624,3,1
W/W1968.jpg,W,W,0.9780927896499634,3,1
W/W1969.jpg,W,W,0.9793483018875122,3,1
W/W1970.jpg,W,W,0.9764440059661865,4,1
W/W1971.jpg,W,W,0.9768475294113159,5,1
W/W1973.jpg,W,W,0.9779989719390869,3,1
W/W1975.jpg,W,W,0.9804824590682983,4,1
W/W1981.jpg,W,W,0.982892632484436,3,1
W/W1984.jpg,W,W,0.9763957262039185,2,1
W/W1996.jpg,W,W,0.9781800508499146,2,1
W/W2006.jpg,W,W,0.9834217429161072,5,1
W/W2009.jpg,W,W,0.9826539158821106,6,1
W/W2011.jpg,W,W,0.9853432178497314,4,1
W/W202.jpg,W,W,0.9689682126045227,1,1
W/W2020.jpg,W,W,0.9835141897201538,3,1
W/W203.jpg,W,W,0.9675506353378296,1,1
W/W2035.jpg,W,W,0.9801779389381409,5,1
W/W204.jpg,W,W,0.9703566431999207,1,1
W/W2041.jpg,W,W,0.9766903519630432,4,1
W/W2042.jpg,W,W,0.9752734899520874,4,1
W/W2043.jpg,W,W,0.97764652967453,4,1
W/W2045.jpg,W,W,0.973357617855072,4,1
W/W2056.jpg,W,W,0.9785606265068054,4,1
W/W2063.jpg,W,W,0.9792836308479309,3,1
W/W2064.jpg,W,W,0.9776790142059326,2,1
W/W2069.jpg,W,W,0.9786296486854553,3,1
W/W2073.jpg,W,W,0.9772391319274902,2,1
W/W2078.jpg,W,W,0.9779690504074097,3,1
W/W2079.jpg,W,W,0.9787755012512207,3,1
W/W2082.jpg,W,W,0.980255126953125,2,1
W/W2083.jpg,W,W,0.9810371398925781,2,1
W/W2092.jpg,W,W,0.9792309999465942,2,1
W/W2095.jpg,W,W,0.9774582386016846,2,1
W/W2097.jpg,W,W,0.973334789276123,2,1
W/W2098.jpg,W,W,0.9759416580200195,2,1
W/W2106.jpg,W,W,0.9764828681945801,2,1
W/W211.jpg,W,W,0.9730675220489502,1,1
W/W2112.jpg,W,W,0.9749972224235535,2,1
W/W2118.jpg,W,W,0.9796292185783386,2,1
W/W2119.jpg,W,W,0.9767093658447266,2,1
W/W2124.jpg,W,W,0.9774814248085022,2,1
W/W2128.jpg,W,W,0.9740400314331055,3,1
W/W213.jpg,W,W,0.9772078394889832,1,1
W/W2132.jpg,W,W,0.9751437902450562,2,1
W/W2133.jpg,W,W,0.973800778388977,3,1
W/W2134.jpg,W,W,0.9761883616447449,3,1
W/W214.jpg,W,W,0.9779537916183472,1,1
W/W2157.jpg,W,W,0.9802968502044678,3,1
W/W2162.jpg,W,W,0.9784889221191406,3,1
W/W2164.jpg,W,W,0.9801101684570312,3,1
W/W2167.jpg,W,W,0.9792360663414001,2,1
W/W217.jpg,W,W,0.9799385070800781,1,1
W/W2174.jpg,W,W,0.9793862700462341,2,1
W/W218.jpg,W,W,0.9789296984672546,1,1
W/W2182.jpg,W,W,0.9823071360588074,2,1
W/W2192.jpg,W,W,0.981349766254425,2,1
W/W2200.jpg,W,W,0.9813623428344727,3,1
W/W2208.jpg,W,W,0.9823607206344604,2,1
W/W2211.jpg,W,W,0.9824870228767395,2,1
W/W2214.jpg,W,W,0.9834965467453003,2,1
W/W2219.jpg,W,W,0.9828833937644958,3,1
W/W2224.jpg,W,W,0.9819797277450562,3,1
W/W2226.jpg,W,W,0.9831036329269409,3,1
W/W2229.jpg,W,W,0.9828698039054871,2,1
W/W2238.jpg,W,W,0.9789384603500366,3,1
W/W2239.jpg,W,W,0.9772992730140686,2,1
W/W225.jpg,W,W,0.9820095300674438,1,1
W/W2250.jpg,W,W,0.9754108190536499,2,1
W/W2261.jpg,W,W,0.978143572807312,2,1
W/W2263.jpg,W,W,0.9756414294242859,2,1
W/W2265.jpg,W,W,0.977749764919281,2,1
W/W2275.jpg,W,W,0.9749107956886292,2,1
W/W2279.jpg,W,W,0.9756981730461121,2,1
W/W2294.jpg,W,W,0.9743202328681946,2,1
W/W2296.jpg,W,W,0.9735084176063538,3,1
W/W2302.jpg,W,W,0.9735144972801208,3,1
W/W2303.jpg,W,W,0.9709327816963196,3,1
W/W2306.jpg,W,W,0.9751884341239929,4,1
W/W2307.jpg,W,W,0.9726575016975403,3,1
W/W2309.jpg,W,W,0.972348153591156,5,1
W/W231.jpg,W,W,0.9725751876831055,1,1
W/W2310.jpg,W,W,0.9662571549415588,3,1
W/W2314.jpg,W,W,0.9736719131469727,4,1
W/W233.jpg,W,W,0.9791881442070007,1,1
W/W2340.jpg,W,W,0.9767444133758545,2,1
W/W2345.jpg,W,W,0.976106584072113,1,1
W/W2353.jpg,W,W,0.977833092212677,2,1
W/W2356.jpg,W,W,0.9775524139404297,1,1
W/W2358.jpg,W,W,0.9756086468696594,1,1
W/W2362.jpg,W,W,0.9785526990890503,1,1
W/W2363.jpg,W,W,0.9786746501922607,2,1
W/W2365.jpg,W,W,0.9787630438804626,2,1
W/W2367.jpg,W,W,0.979655385017395,1,1
W/W2370.jpg,W,W,0.9812883138656616,1,1
W/W2375.jpg,W,W,0.981730580329895,1,1
W/W2380.jpg,W,W,0.9809951186180115,2,1
W/W2398.jpg,W,W,0.977816104888916,2,1
W/W2399.jpg,W,W,0.9794015884399414,2,1
W/W2413.jpg,W,W,0.9813465476036072,2,1
W/W2425.jpg,W,W,0.9836506247520447,1,1
W/W243.jpg,W,W,0.9801512956619263,1,1
W/W2437.jpg,W,W,0.9733257293701172,2,1
W/W244.jpg,W,W,0.980374276638031,1,1
W/W2441.jpg,W,W,0.9803192019462585,2,1
W/W2444.jpg,W,W,0.9778870940208435,2,1
W/W2446.jpg,W,W,0.9752503633499146,2,1
W/W2450.jpg,W,W,0.9768641591072083,3,1
W/W2454.jpg,W,W,0.9800886511802673,3,1
W/W2460.jpg,W,W,0.9778209924697876,2,1
W/W247.jpg,W,W,0.9799418449401855,1,1
W/W2474.jpg,W,W,0.9452099800109863,3,1
W/W2481.jpg,W,W,0.9496564865112305,3,1
W/W2490.jpg,W,W,0.9850422739982605,4,1
W/W2497.jpg,W,W,0.9807204604148865,2,1
W/W250.jpg,W,W,0.9806898236274719,1,1
W/W2503.jpg,W,W,0.982599139213562,7,1
W/W2506.jpg,W,W,0.9818634390830994,4,1
W/W2508.jpg,W,W,0.9819433093070984,2,1
W/W2511.jpg,W,W,0.9819580316543579,2,1
W/W2518.jpg,W,W,0.9791110157966614,1,1
W/W252.jpg,W,W,0.9812158942222595,1,1
W/W2520.jpg,W,W,0.9771654605865479,2,1
W/W2522.jpg,W,W,0.9729746580123901,2,1
W/W2524.jpg,W,W,0.974894106388092,3,1
W/W2525.jpg,W,W,0.9765921235084534,2,1
W/W2531.jpg,W,W,0.9776120185852051,2,1
W/W2532.jpg,W,W,0.9782060384750366,2,1
W/W2538.jpg,W,W,0.9772517681121826,2,1
W/W2540.jpg,W,W,0.9711487293243408,1,1
W/W2542.jpg,W,W,0.9779753684997559,3,1
W/W2544.jpg,W,W,0.968731701374054,2,1
W/W2562.jpg,W,W,0.9824449419975281,1,1
W/W2563.jpg,W,W,0.9774489998817444,2,1
W/W257.jpg,W,W,0.9778841733932495,1,1
W/W2581.jpg,W,W,0.9818603992462158,3,1
W/W2585.jpg,W,W,0.9807569980621338,4,1
W/W2587.jpg,W,W,0.9804656505584717,4,1
W/W2588.jpg,W,W,0.9810935854911804,5,1
W/W259.jpg,W,W,0.9729781746864319,1,1
W/W2595.jpg,W,W,0.978323221206665,4,1
W/W260.jpg,W,W,0.9752441048622131,1,1
W/W2605.jpg,W,W,0.9800775051116943,5,1
W/W2613.jpg,W,W,0.9781004190444946,4,1
W/W2615.jpg,W,W,0.9792408347129822,4,1
W/W262.jpg,W,W,0.9717374444007874,1,1
W/W2626.jpg,W,W,0.9827094078063965,3,1
W/W2627.jpg,W,W,0.9775331616401672,1,1
W/W2628.jpg,W,W,0.9789148569107056,2,1
W/W263.jpg,W,W,0.9740381836891174,1,1
W/W2633.jpg,W,W,0.9778784513473511,1,1
W/W2635.jpg,W,W,0.9771797060966492,1,1
W/W2637.jpg,W,W,0.9801234602928162,1,1
W/W2638.jpg,W,W,0.9768873453140259,1,1
W/W2639.jpg,W,W,0.9817535281181335,2,1
W/W2643.jpg,W,W,0.9815928339958191,1,1
W/W2644.jpg,W,W,0.982146680355072,1,1
W/W2645.jpg,W,W,0.9822737574577332,1,1
W/W2648.jpg,W,W,0.9814506769180298,1,1
W/W2653.jpg,W,W,0.9813863635063171,1,1
W/W2666.jpg,W,W,0.9793160557746887,2,1
W/W2667.jpg,W,W,0.9819763898849487,2,1
W/W2668.jpg,W,W,0.9796158075332642,3,1
W/W2670.jpg,W,W,0.979730486869812,3,1
W/W2676.jpg,W,W,0.9783977270126343,3,1
W/W268.jpg,W,W,0.9763182997703552,1,1
W/W2684.jpg,W,W,0.9844425320625305,7,1
W/W2687.jpg,W,W,0.9834988713264465,6,1
W/W2688.jpg,W,W,0.9838948845863342,5,1
W/W2689.jpg,W,W,0.9841383099555969,6,1
W/W271.jpg,W,W,0.9738749265670776,1,1
W/W2715.jpg,W,W,0.9825419187545776,5,1
W/W2719.jpg,W,W,0.9814551472663879,3,1
W/W2727.jpg,W,W,0.9808680415153503,3,1
W/W2729.jpg,W,W,0.9777519106864929,4,1
W/W2735.jpg,W,W,0.9827350974082947,7,1
W/W2743.jpg,W,W,0.9819029569625854,5,1
W/W2744.jpg,W,W,0.9827684760093689,6,1
W/W2746.jpg,W,W,0.9824237823486328,8,1
W/W2751.jpg,W,W,0.9832793474197388,6,1
W/W2754.jpg,W,W,0.9833226799964905,6,1
W/W2765.jpg,W,W,0.9811282157897949,2,1
W/W2777.jpg,W,W,0.9826436638832092,2,1
W/W2783.jpg,W,W,0.9803676605224609,2,1
W/W2786.jpg,W,W,0.9829645752906799,3,1
W/W2788.jpg,W,W,0.9812362194061279,4,1
W/W2789.jpg,W,W,0.9822298288345337,4,1
W/W2794.jpg,W,W,0.9813618063926697,4,1
W/W2797.jpg,W,W,0.9808239936828613,3,1
W/W2799.jpg,W,W,0.9827743172645569,3,1
W/W2807.jpg,W,W,0.982111930847168,7,1
W/W281.jpg,W,W,0.9755620360374451,2,1
W/W2815.jpg,W,W,0.9814474582672119,4,1
W/W2818.jpg,W,W,0.979769229888916,3,1
W/W2819.jpg,W,W,0.9804403185844421,3,1
W/W2822.jpg,W,W,0.9797372221946716,4,1
W/W2824.jpg,W,W,0.9821317195892334,4,1
W/W2827.jpg,W,W,0.9832287430763245,4,1
W/W2829.jpg,W,W,0.9842730760574341,3,1
W/W2832.jpg,W,W,0.9842793345451355,3,1
W/W2838.jpg,W,W,0.9828928112983704,3,1
W/W284.jpg,W,W,0.9812412858009338,2,1
W/W2842.jpg,W,W,0.9827837944030762,2,1
W/W2843.jpg,W,W,0.9815472364425659,2,1
W/W287.jpg,W,W,0.9789083003997803,2,1
W/W2874.jpg,W,W,0.9775694012641907,3,1
W/W2875.jpg,W,W,0.9761438369750977,3,1
W/W2881.jpg,W,W,0.9758307337760925,3,1
W/W2887.jpg,W,W,0.9772077202796936,3,1
W/W2888.jpg,W,W,0.9767444133758545,3,1
W/W2896.jpg,W,W,0.9771192669868469,1,1
W/W2899.jpg,W,W,0.9765393733978271,1,1
W/W2904.jpg,W,W,0.9779148101806641,1,1
W/W2909.jpg,W,W,0.9762459397315979,1,1
W/W2914.jpg,W,W,0.9759421348571777,2,1
W/W2916.jpg,W,W,0.9686287641525269,3,1
W/W2922.jpg,W,W,0.977108895778656,2,1
W/W2925.jpg,W,W,0.9630895256996155,2,1
W/W2933.jpg,W,W,0.9756594896316528,1,1
W/W2937.jpg,W,W,0.9759959578514099,1,1
W/W2943.jpg,W,W,0.9801643490791321,1,1
W/W2944.jpg,W,W,0.9786529541015625,1,1
W/W2946.jpg,W,W,0.9764976501464844,1,1
W/W2957.jpg,W,W,0.9772225022315979,1,1
W/W2963.jpg,W,W,0.97504723072052,1,1
W/W2970.jpg,W,W,0.9775132536888123,1,1
W/W2974.jpg,W,W,0.9778292179107666,1,1
W/W2978.jpg,W,W,0.9771459102630615,2,1
W/W2979.jpg,W,W,0.9804957509040833,2,1
W/W2980.jpg,W,W,0.9788584113121033,2,1
W/W2990.jpg,W,W,0.9790007472038269,2,1
W/W2999.jpg,W,W,0.9430236220359802,2,1
W/W309.jpg,W,W,0.9768111705780029,1,1
W/W312.jpg,W,W,0.9785287380218506,1,1
W/W316.jpg,W,W,0.9776617884635925,1,1
W/W32.jpg,W,W,0.9815393090248108,2,1
W/W323.jpg,W,W,0.9751743674278259,1,1
W/W335.jpg,W,W,0.9789227247238159,1,1
W/W34.jpg,W,W,0.9806334376335144,2,1
W/W340.jpg,W,W,0.9799699187278748,1,1
W/W342.jpg,W,W,0.9825137257575989,1,1
W/W344.jpg,W,W,0.9809253811836243,2,1
W/W367.jpg,W,W,0.9822776317596436,2,1
W/W372.jpg,W,W,0.9825263023376465,2,1
W/W38.jpg,W,W,0.9821167588233948,2,1
W/W383.jpg,W,W,0.9795200824737549,2,1
W/W389.jpg,W,W,0.9824311137199402,1,1
W/W39.jpg,W,W,0.9820521473884583,2,1
W/W390.jpg,W,W,0.9818301796913147,1,1
W/W393.jpg,W,W,0.9820359349250793,1,1
W/W395.jpg,W,W,0.9819825887680054,2,1
W/W400.jpg,W,W,0.977286696434021,1,1
W/W402.jpg,W,W,0.9789139032363892,1,1
W/W412.jpg,W,W,0.9687663912773132,1,1
W/W420.jpg,W,W,0.975131630897522,1,1
W/W425.jpg,W,W,0.9722609519958496,1,1
W/W43.jpg,W,W,0.9823181629180908,2,1
W/W433.jpg,W,W,0.9751549959182739,2,1
W/W434.jpg,W,W,0.9715606570243835,2,1
W/W446.jpg,W,W,0.9815548062324524,2,1
W/W454.jpg,W,W,0.9750882387161255,1,1
W/W457.jpg,W,W,0.9772645235061646,2,1
W/W461.jpg,W,W,0.9787997007369995,2,1
W/W464.jpg,W,W,0.9776957631111145,2,1
W/W465.jpg,W,W,0.9784941673278809,1,1
W/W466.jpg,W,W,0.9782417416572571,1,1
W/W471.jpg,W,W,0.9748725891113281,1,1
W/W474.jpg,W,W,0.9783132672309875,1,1
W/W486.jpg,W,W,0.9790240526199341,2,1
W/W487.jpg,W,W,0.9786535501480103,2,1
W/W49.jpg,W,W,0.9786213040351868,2,1
W/W490.jpg,W,W,0.9755142331123352,2,1
W/W492.jpg,W,W,0.9776173830032349,1,1
W/W495.jpg,W,W,0.9779056906700134,1,1
W/W5.jpg,W,W,0.9780707955360413,2,1
W/W502.jpg,W,W,0.9780118465423584,1,1
W/W504.jpg,W,W,0.9785460829734802,1,1
W/W513.jpg,W,W,0.9744199514389038,1,1
W/W519.jpg,W,W,0.9776476621627808,1,1
W/W526.jpg,W,W,0.9784510135650635,2,1
W/W535.jpg,W,W,0.9785265922546387,2,1
W/W536.jpg,W,W,0.9798893332481384,1,1
W/W54.jpg,W,W,0.9794697761535645,3,1
W/W550.jpg,W,W,0.9836945533752441,2,1
W/W556.jpg,W,W,0.9786018133163452,2,1
W/W558.jpg,W,W,0.9749338626861572,1,1
W/W559.jpg,W,W,0.9752416014671326,1,1
W/W567.jpg,W,W,0.9795296788215637,1,1
W/W569.jpg,W,W,0.9777090549468994,2,1
W/W576.jpg,W,W,0.9776442646980286,1,1
W/W582.jpg,W,W,0.9844247102737427,2,1
W/W587.jpg,W,W,0.9809499382972717,2,1
W/W593.jpg,W,W,0.9769908785820007,3,1
W/W594.jpg,W,W,0.9811899662017822,2,1
W/W609.jpg,W,W,0.9765979051589966,2,1
W/W61.jpg,W,W,0.9793890118598938,2,1
W/W611.jpg,W,W,0.9751983880996704,2,1
W/W612.jpg,W,W,0.9765205979347229,3,1
W/W62.jpg,W,W,0.9789806604385376,2,1
W/W626.jpg,W,W,0.9711347818374634,1,1
W/W63.jpg,W,W,0.9789130091667175,2,1
W/W634.jpg,W,W,0.9775277972221375,2,1
W/W637.jpg,W,W,0.973806619644165,2,1
W/W640.jpg,W,W,0.9764467477798462,1,1
W/W643.jpg,W,W,0.9774982929229736,1,1
W/W645.jpg,W,W,0.976780891418457,1,1
W/W648.jpg,W,W,0.9726715087890625,1,1
W/W65.jpg,W,W,0.9796410799026489,2,1
W/W651.jpg,W,W,0.9764511585235596,1,1
W/W654.jpg,W,W,0.9761714339256287,1,1
W/W655.jpg,W,W,0.9759871959686279,1,1
W/W66.jpg,W,W,0.9801071882247925,2,1
W/W660.jpg,W,W,0.9782462120056152,3,1
W/W665.jpg,W,W,0.9794629216194153,3,1
W/W667.jpg,W,W,0.9805245399475098,2,1
W/W674.jpg,W,W,0.9838460683822632,1,1
W/W677.jpg,W,W,0.9840770959854126,1,1
W/W679.jpg,W,W,0.9837725758552551,1,1
W/W698.jpg,W,W,0.9835470914840698,1,1
W/W705.jpg,W,W,0.9831552505493164,1,1
W/W71.jpg,W,W,0.9759356379508972,2,1
W/W711.jpg,W,W,0.9818570017814636,2,1
W/W716.jpg,W,W,0.9802360534667969,2,1
W/W719.jpg,W,W,0.9810423851013184,2,1
W/W722.jpg,W,W,0.9797256588935852,2,1
W/W727.jpg,W,W,0.9837425947189331,2,1
W/W73.jpg,W,W,0.9780083894729614,2,1
W/W735.jpg,W,W,0.984057605266571,1,1
W/W736.jpg,W,W,0.9836469292640686,1,1
W/W739.jpg,W,W,0.9816468358039856,2,1
W/W740.jpg,W,W,0.9842253923416138,1,1
W/W742.jpg,W,W,0.985176682472229,1,1
W/W744.jpg,W,W,0.9844875931739807,1,1
W/W748.jpg,W,W,0.9853827953338623,1,1
W/W75.jpg,W,W,0.9794507622718811,2,1
W/W754.jpg,W,W,0.9840855598449707,1,1
W/W760.jpg,W,W,0.9819732904434204,1,1
W/W761.jpg,W,W,0.9831674695014954,1,1
W/W763.jpg,W,W,0.9831069707870483,1,1
W/W774.jpg,W,W,0.9838886260986328,1,1
W/W778.jpg,W,W,0.9842249155044556,1,1
W/W787.jpg,W,W,0.9848227500915527,1,1
W/W793.jpg,W,W,0.982316792011261,1,1
W/W798.jpg,W,W,0.9852225184440613,1,1
W/W8.jpg,W,W,0.9804039597511292,2,1
W/W80.jpg,W,W,0.9782911539077759,2,1
W/W806.jpg,W,W,0.978776752948761,2,1
W/W81.jpg,W,W,0.979111909866333,2,1
W/W810.jpg,W,W,0.9780499339103699,2,1
W/W814.jpg,W,W,0.980672299861908,2,1
W/W815.jpg,W,W,0.9816307425498962,2,1
W/W834.jpg,W,W,0.9824886322021484,3,1
W/W844.jpg,W,W,0.9819206595420837,2,1
W/W846.jpg,W,W,0.9794421792030334,2,1
W/W847.jpg,W,W,0.9807960987091064,2,1
W/W848.jpg,W,W,0.9810925126075745,2,1
W/W851.jpg,W,W,0.9800773859024048,2,1
W/W852.jpg,W,W,0.981444239616394,2,1
W/W856.jpg,W,W,0.9774121046066284,2,1
W/W859.jpg,W,W,0.9779988527297974,2,1
W/W873.jpg,W,W,0.980653703212738,2,1
W/W877.jpg,W,W,0.9818620085716248,2,1
W/W878.jpg,W,W,0.9834842085838318,2,1
W/W888.jpg,W,W,0.9803019165992737,2,1
W/W89.jpg,W,W,0.9776483178138733,1,1
W/W891.jpg,W,W,0.9808964729309082,2,1
W/W904.jpg,W,W,0.982481837272644,2,1
W/W906.jpg,W,W,0.9810796976089478,2,1
W/W909.jpg,W,W,0.9814921021461487,2,1
W/W921.jpg,W,W,0.9792638421058655,2,1
W/W926.jpg,W,W,0.9811826348304749,2,1
W/W932.jpg,W,W,0.9770530462265015,2,1
W/W935.jpg,W,W,0.9784292578697205,1,1
W/W937.jpg,W,W,0.978967010974884,1,1
W/W940.jpg,W,W,0.9849222302436829,1,1
W/W953.jpg,W,W,0.9815812110900879,2,1
W/W958.jpg,W,W,0.9853633642196655,3,1
W/W963.jpg,W,W,0.9844226241111755,2,1
W/W979.jpg,W,W,0.9830910563468933,2,1
W/W980.jpg,W,W,0.9822861552238464,2,1
W/W986.jpg,W,W,0.979690670967102,3,1
W/W987.jpg,W,W,0.9786363840103149,2,1
X/X1000.jpg,X,X,0.9637554883956909,2,1
X/X1006.jpg,X,X,0.9526021480560303,2,1
X/X1008.jpg,X,X,0.9542968273162842,2,1
X/X1016.jpg,X,X,0.9459916949272156,2,1
X/X1017.jpg,X,X,0.9475324153900146,2,1
X/X1021.jpg,X,X,0.9478529691696167,2,1
X/X1025.jpg,X,X,0.9454620480537415,2,1
X/X1032.jpg,X,X,0.9409387111663818,1,1
X/X1034.jpg,X,X,0.944386899471283,3,1
X/X1035.jpg,X,X,0.9351173043251038,3,1
X/X1041.jpg,X,X,0.9498358368873596,3,1
X/X1047.jpg,X,X,0.9635785222053528,2,1
X/X1048.jpg,X,X,0.9592770338058472,3,1
X/X1050.jpg,X,X,0.9544672966003418,4,1
X/X1052.jpg,X,X,0.9552792310714722,3,1
X/X1056.jpg,X,X,0.9603928327560425,2,1
X/X1065.jpg,X,X,0.9577575922012329,3,1
X/X1069.jpg,X,X,0.9618915319442749,2,1
X/X1076.jpg,X,X,0.9636245369911194,2,1
X/X1092.jpg,X,X,0.9572765827178955,2,1
X/X1093.jpg,X,X,0.9562587738037109,2,1
X/X1104.jpg,X,X,0.9590003490447998,2,1
X/X1108.jpg,X,X,0.9597539901733398,2,1
X/X1111.jpg,X,X,0.9595856070518494,2,1
X/X1116.jpg,X,X,0.95728999376297,2,1
X/X1121.jpg,X,X,0.9592095613479614,2,1
X/X1123.jpg,X,X,0.9579563140869141,2,1
X/X1124.jpg,X,X,0.9546664357185364,2,1
X/X1127.jpg,X,X,0.9572504758834839,2,1
X/X1131.jpg,X,X,0.9571468234062195,2,1
X/X1139.jpg,X,X,0.9573213458061218,2,1
X/X114.jpg,X,X,0.971276581287384,1,1
X/X1144.jpg,X,X,0.952381432056427,2,1
X/X1146.jpg,X,X,0.9518184065818787,2,1
X/X1148.jpg,X,X,0.9525864720344543,2,1
X/X1155.jpg,X,X,0.950762152671814,2,1
X/X116.jpg,X,X,0.9718514680862427,2,1
X/X1162.jpg,X,X,0.9478749632835388,2,1
X/X1167.jpg,X,X,0.9464516043663025,2,1
X/X1169.jpg,X,X,0.9503398537635803,3,1
X/X117.jpg,X,X,0.9720342755317688,1,1
X/X1172.jpg,X,X,0.9587284326553345,3,1
X/X1173.jpg,X,X,0.958216667175293,3,1
X/X1178.jpg,X,X,0.964893639087677,5,1
X/X1180.jpg,X,X,0.9645431041717529,4,1
X/X1185.jpg,X,X,0.9596312642097473,3,1
X/X1192.jpg,X,X,0.9566239714622498,5,1
X/X1202.jpg,X,X,0.9565005302429199,3,1
X/X1203.jpg,X,X,0.9578725099563599,4,1
X/X1234.jpg,X,X,0.9781916737556458,4,1
X/X1235.jpg,X,X,0.9787186980247498,4,1
X/X1241.jpg,X,X,0.9795118570327759,4,1
X/X1244.jpg,X,X,0.976047158241272,4,1
X/X1247.jpg,X,X,0.9709038138389587,4,1
X/X1251.jpg,X,X,0.9672788977622986,3,1
X/X1252.jpg,X,X,0.9664999842643738,3,1
X/X1254.jpg,X,X,0.9630109071731567,3,1
X/X1255.jpg,X,X,0.9581766128540039,4,1
X/X1258.jpg,X,X,0.959912896156311,2,1
X/X1260.jpg,X,X,0.953045129776001,2,1
X/X1262.jpg,X,X,0.9600522518157959,3,1
X/X1263.jpg,X,X,0.9605385661125183,2,1
X/X127.jpg,X,X,0.9660769104957581,2,1
X/X1275.jpg,X,X,0.961421549320221,2,1
X/X1276.jpg,X,X,0.9651982188224792,4,1
X/X128.jpg,X,X,0.9615147113800049,2,1
X/X1283.jpg,X,X,0.9631429314613342,3,1
X/X1285.jpg,X,X,0.9617823362350464,3,1
X/X1288.jpg,X,X,0.9582534432411194,3,1
X/X1291.jpg,X,X,0.9564420580863953,2,1
X/X1292.jpg,X,X,0.9583317041397095,4,1
X/X1297.jpg,X,X,0.959185779094696,3,1
X/X1298.jpg,X,X,0.9626094698905945,3,1
X/X1300.jpg,X,X,0.962573230266571,3,1
X/X1302.jpg,X,X,0.9573795795440674,3,1
X/X1306.jpg,X,X,0.953927218914032,2,1
X/X1311.jpg,X,X,0.9528828859329224,4,1
X/X1316.jpg,X,X,0.9583551287651062,3,1
X/X1328.jpg,X,X,0.9599803686141968,3,1
X/X1330.jpg,X,X,0.9594889879226685,4,1
X/X1338.jpg,X,X,0.9575168490409851,3,1
X/X1339.jpg,X,X,0.9612506031990051,3,1
X/X1342.jpg,X,X,0.9608477354049683,3,1
X/X1350.jpg,X,X,0.9603673219680786,4,1
X/X1357.jpg,X,X,0.9651709794998169,3,1
X/X1360.jpg,X,X,0.972679853439331,4,1
X/X1361.jpg,X,X,0.9673964381217957,3,1
X/X1362.jpg,X,X,0.9635677337646484,3,1
X/X1373.jpg,X,X,0.9592265486717224,4,1
X/X1377.jpg,X,X,0.960548996925354,6,1
X/X1381.jpg,X,X,0.9593328833580017,4,1
X/X1384.jpg,X,X,0.957904040813446,3,1
X/X1403.jpg,X,X,0.9598221778869629,4,1
X/X1410.jpg,X,X,0.9649208784103394,6,1
X/X1411.jpg,X,X,0.9683924913406372,6,1
X/X1412.jpg,X,X,0.9634141325950623,4,1
X/X1417.jpg,X,X,0.9637458920478821,5,1
X/X1419.jpg,X,X,0.9635798335075378,5,1
X/X1430.jpg,X,X,0.9623756408691406,4,1
X/X1433.jpg,X,X,0.9603058695793152,4,1
X/X1436.jpg,X,X,0.9650348424911499,5,1
X/X1455.jpg,X,X,0.9579954743385315,4,1
X/X1460.jpg,X,X,0.9594470858573914,4,1
X/X1469.jpg,X,X,0.9594294428825378,4,1
X/X1472.jpg,X,X,0.959583044052124,3,1
X/X1474.jpg,X,X,0.9593212604522705,4,1
X/X1482.jpg,X,X,0.9601218700408936,4,1
X/X1483.jpg,X,X,0.9611413478851318,4,1
X/X1497.jpg,X,X,0.961138129234314,4,1
X/X1499.jpg,X,X,0.959433913230896,4,1
X/X1501.jpg,X,X,0.9585148096084595,4,1
X/X1507.jpg,X,X,0.9575422406196594,5,1
X/X1512.jpg,X,X,0.9674266576766968,5,1
X/X1513.jpg,X,X,0.9612843990325928,4,1
X/X1517.jpg,X,X,0.9663477540016174,3,1
X/X1518.jpg,X,X,0.9632698893547058,5,1
X/X1520.jpg,X,X,0.9645588397979736,4,1
X/X1528.jpg,X,X,0.9605194330215454,4,1
X/X1529.jpg,X,X,0.9634109735488892,4,1
X/X1536.jpg,X,X,0.9606024622917175,6,1
X/X1537.jpg,X,X,0.9595299363136292,3,1
X/X1544.jpg,X,X,0.9595447778701782,4,1
X/X1546.jpg,X,X,0.9601030945777893,3,1
X/X1547.jpg,X,X,0.9598444104194641,3,1
X/X1548.jpg,X,X,0.9602735638618469,3,1
X/X1550.jpg,X,X,0.9596366286277771,3,1
X/X1557.jpg,X,X,0.9604902863502502,3,1
X/X1563.jpg,X,X,0.9652485251426697,3,1
X/X1568.jpg,X,X,0.9619593620300293,3,1
X/X1574.jpg,X,X,0.9593002796173096,3,1
X/X1577.jpg,X,X,0.9585492014884949,4,1
X/X1584.jpg,X,X,0.9582647085189819,3,1
X/X1585.jpg,X,X,0.9575000405311584,4,1
X/X1592.jpg,X,X,0.9579158425331116,3,1
X/X1599.jpg,X,X,0.9691475629806519,4,1
X/X1601.jpg,X,X,0.9785647392272949,3,1
X/X1607.jpg,X,X,0.966566264629364,3,1
X/X1609.jpg,X,X,0.9678281545639038,3,1
X/X1611.jpg,X,X,0.9679918885231018,3,1
X/X1613.jpg,X,X,0.9635170698165894,2,1
X/X1618.jpg,X,X,0.9628604650497437,4,1
X/X1627.jpg,X,X,0.9702306985855103,4,1
X/X1628.jpg,X,X,0.9758877158164978,2,1
X/X1629.jpg,X,X,0.976211428642273,2,1
X/X1633.jpg,X,X,0.9753069281578064,3,1
X/X1635.jpg,X,X,0.9817970991134644,5,1
X/X1636.jpg,X,X,0.9780304431915283,4,1
X/X1639.jpg,X,X,0.9696792364120483,4,1
X/X1645.jpg,X,X,0.9654003381729126,3,1
X/X1662.jpg,X,X,0.9653882384300232,4,1
X/X1666.jpg,X,X,0.966350793838501,3,1
X/X1669.jpg,X,X,0.9649587273597717,4,1
X/X167.jpg,X,X,0.969321608543396,2,1
X/X1670.jpg,X,X,0.9657226800918579,3,1
X/X1677.jpg,X,X,0.9640092253684998,4,1
X/X1684.jpg,X,X,0.9627891778945923,4,1
X/X169.jpg,X,X,0.9698793888092041,1,1
X/X1695.jpg,X,X,0.9634395837783813,2,1
X/X170.jpg,X,X,0.9702784419059753,1,1
X/X1700.jpg,X,X,0.9626505374908447,3,1
X/X1707.jpg,X,X,0.97016441822052,4,1
X/X1710.jpg,X,X,0.9700232744216919,4,1
X/X1711.jpg,X,X,0.9701455235481262,5,1
X/X1713.jpg,X,X,0.9705703854560852,2,1
X/X1716.jpg,X,X,0.9701159596443176,4,1
X/X1717.jpg,X,X,0.973889946937561,3,1
X/X1722.jpg,X,X,0.967395544052124,4,1
X/X1732.jpg,X,X,0.9667646288871765,4,1
X/X1737.jpg,X,X,0.9639849662780762,3,1
X/X1743.jpg,X,X,0.9745202660560608,4,1
X/X1746.jpg,X,X,0.9719786047935486,3,1
X/X1749.jpg,X,X,0.971721887588501,4,1
X/X175.jpg,X,X,0.9657837152481079,2,1
X/X1756.jpg,X,X,0.9725469946861267,5,1
X/X1757.jpg,X,X,0.9706363081932068,5,1
X/X1761.jpg,X,X,0.9700415730476379,2,1
X/X1763.jpg,X,X,0.9704081416130066,2,1
X/X1768.jpg,X,X,0.9743363261222839,4,1
X/X1769.jpg,X,X,0.9770192503929138,4,1
X/X1774.jpg,X,X,0.9650601744651794,4,1
X/X1777.jpg,X,X,0.9699908494949341,3,1
X/X1779.jpg,X,X,0.9605008363723755,3,1
X/X1780.jpg,X,X,0.9618960618972778,3,1
X/X1784.jpg,X,X,0.9620192646980286,3,1
X/X1786.jpg,X,X,0.9569191932678223,2,1
X/X1793.jpg,X,X,0.9613255858421326,2,1
X/X1795.jpg,X,X,0.9576311111450195,4,1
X/X1801.jpg,X,X,0.9660472869873047,2,1
X/X1822.jpg,X,X,0.9587288498878479,4,1
X/X1829.jpg,X,X,0.9555862545967102,2,1
X/X1835.jpg,X,X,0.9541431665420532,2,1
X/X1836.jpg,X,X,0.9558113813400269,2,1
X/X1842.jpg,X,X,0.9591798186302185,2,1
X/X1846.jpg,X,X,0.9643727540969849,4,1
X/X1848.jpg,X,X,0.9579052329063416,3,1
X/X1849.jpg,X,X,0.9652022123336792,4,1
X/X1855.jpg,X,X,0.9582576751708984,3,1
X/X1870.jpg,X,X,0.9636180996894836,3,1
X/X1875.jpg,X,X,0.9648301601409912,4,1
X/X1881.jpg,X,X,0.9622149467468262,3,1
X/X1894.jpg,X,X,0.9724542498588562,3,1
X/X1895.jpg,X,X,0.9717398285865784,4,1
X/X1896.jpg,X,X,0.9736131429672241,3,1
X/X1901.jpg,X,X,0.9672999382019043,4,1
X/X1907.jpg,X,X,0.9615755081176758,4,1
X/X191.jpg,X,X,0.9689273834228516,2,1
X/X1915.jpg,X,X,0.9622074365615845,4,1
X/X1921.jpg,X,X,0.959618866443634,4,1
X/X1926.jpg,X,X,0.9579418897628784,4,1
X/X1928.jpg,X,X,0.9514227509498596,4,1
X/X1931.jpg,X,X,0.958643913269043,5,1
X/X1937.jpg,X,X,0.9529765248298645,5,1
X/X1940.jpg,X,X,0.9530574679374695,3,1
X/X1942.jpg,X,X,0.9516040086746216,4,1
X/X1946.jpg,X,X,0.9537820816040039,5,1
X/X1964.jpg,X,X,0.9685468077659607,3,1
X/X1967.jpg,X,X,0.9720146656036377,3,1
X/X1976.jpg,X,X,0.9693424105644226,5,1
X/X1981.jpg,X,X,0.9659433960914612,5,1
X/X1987.jpg,X,X,0.9650115370750427,3,1
X/X1997.jpg,X,X,0.9626662135124207,3,1
X/X1999.jpg,X,X,0.9695050120353699,4,1
X/X2004.jpg,X,X,0.9642223119735718,4,1
X/X2009.jpg,X,X,0.9685199856758118,3,1
X/X2015.jpg,X,X,0.9689038991928101,3,1
X/X2017.jpg,X,X,0.9701427221298218,5,1
X/X2019.jpg,X,X,0.9684537649154663,4,1
X/X202.jpg,X,X,0.968996524810791,2,1
X/X2021.jpg,X,X,0.963406503200531,3,1
X/X2025.jpg,X,X,0.9599154591560364,3,1
X/X2030.jpg,X,X,0.9629987478256226,3,1
X/X2031.jpg,X,X,0.9610742926597595,3,1
X/X2032.jpg,X,X,0.9702327251434326,3,1
X/X2033.jpg,X,X,0.9558940529823303,3,1
X/X2037.jpg,X,X,0.9541978240013123,3,1
X/X2039.jpg,X,X,0.9594820737838745,3,1
X/X2043.jpg,X,X,0.9534704089164734,3,1
X/X2047.jpg,X,X,0.9495486617088318,3,1
X/X2050.jpg,X,X,0.9518605470657349,3,1
X/X2055.jpg,X,X,0.9575624465942383,3,1
X/X2060.jpg,X,X,0.9574868083000183,4,1
X/X2066.jpg,X,X,0.9620648622512817,4,1
X/X2068.jpg,X,X,0.9616876244544983,4,1
X/X2069.jpg,X,X,0.9604068994522095,4,1
X/X2071.jpg,X,X,0.9607179760932922,4,1
X/X2077.jpg,X,X,0.9596651792526245,4,1
X/X2080.jpg,X,X,0.9625172019004822,3,1
X/X2085.jpg,X,X,0.9603837132453918,4,1
X/X2087.jpg,X,X,0.9593936204910278,4,1
X/X209.jpg,X,X,0.9722288250923157,2,1
X/X2090.jpg,X,X,0.9566800594329834,4,1
X/X2092.jpg,X,X,0.9535490870475769,5,1
X/X2114.jpg,X,X,0.9593531489372253,4,1
X/X2116.jpg,X,X,0.9577243328094482,5,1
X/X2117.jpg,X,X,0.9618675112724304,5,1
X/X2126.jpg,X,X,0.9658162593841553,3,1
X/X2134.jpg,X,X,0.9626132249832153,3,1
X/X2138.jpg,X,X,0.9625450372695923,3,1
X/X2144.jpg,X,X,0.9691271781921387,2,1
X/X2146.jpg,X,X,0.9663013815879822,4,1
X/X2148.jpg,X,X,0.9617014527320862,3,1
X/X2149.jpg,X,X,0.9670363664627075,4,1
X/X2150.jpg,X,X,0.9656923413276672,5,1
X/X2152.jpg,X,X,0.9687018394470215,3,1
X/X2157.jpg,X,X,0.9672845602035522,3,1
X/X2160.jpg,X,X,0.9634110927581787,3,1
X/X2164.jpg,X,X,0.9641330242156982,4,1
X/X2166.jpg,X,X,0.9598239660263062,3,1
X/X2167.jpg,X,X,0.9625951647758484,4,1
X/X2169.jpg,X,X,0.9654080271720886,3,1
X/X2188.jpg,X,X,0.9655593633651733,1,1
X/X2195.jpg,X,X,0.9656414985656738,3,1
X/X2196.jpg,X,X,0.9593715071678162,2,1
X/X2202.jpg,X,X,0.962883710861206,1,1
X/X2203.jpg,X,X,0.9606356024742126,1,1
X/X2204.jpg,X,X,0.9558756351470947,1,1
X/X2219.jpg,X,X,0.9688292145729065,3,1
X/X2225.jpg,X,X,0.9714829921722412,2,1
X/X2228.jpg,X,X,0.9706265330314636,3,1
X/X2239.jpg,X,X,0.9693441987037659,3,1
X/X2241.jpg,X,X,0.9701172709465027,3,1
X/X2257.jpg,X,X,0.9635051488876343,3,1
X/X2258.jpg,X,X,0.9566218256950378,6,1
X/X2268.jpg,X,X,0.9648331999778748,3,1
X/X227.jpg,X,X,0.9739064574241638,2,1
X/X2277.jpg,X,X,0.9592240452766418,4,1
X/X2280.jpg,X,X,0.9619954228401184,3,1
X/X2282.jpg,X,X,0.9640752673149109,3,1
X/X2283.jpg,X,X,0.9646580815315247,5,1
X/X2289.jpg,X,X,0.9637995958328247,4,1
X/X2295.jpg,X,X,0.9601435661315918,3,1
X/X2296.jpg,X,X,0.9621341228485107,4,1
X/X230.jpg,X,X,0.971465528011322,1,1
X/X2312.jpg,X,X,0.959955096244812,4,1
X/X2313.jpg,X,X,0.9585942029953003,4,1
X/X2316.jpg,X,X,0.9534834027290344,3,1
X/X2319.jpg,X,X,0.956903338432312,4,1
X/X2326.jpg,X,X,0.9554359316825867,5,1
X/X2334.jpg,X,X,0.9603325128555298,6,1
X/X2337.jpg,X,X,0.9584500789642334,5,1
X/X2343.jpg,X,X,0.9523284435272217,3,1
X/X2346.jpg,X,X,0.957066535949707,5,1
X/X2352.jpg,X,X,0.9568281173706055,4,1
X/X2356.jpg,X,X,0.9632177948951721,3,1
X/X2358.jpg,X,X,0.9599045515060425,3,1
X/X2359.jpg,X,X,0.962125301361084,4,1
X/X2362.jpg,X,X,0.9566468000411987,3,1
X/X2364.jpg,X,X,0.9584457874298096,3,1
X/X2368.jpg,X,X,0.9635259509086609,4,1
X/X2377.jpg,X,X,0.9659731984138489,5,1
X/X2378.jpg,X,X,0.96708083152771,5,1
X/X2382.jpg,X,X,0.9700837135314941,4,1
X/X239.jpg,X,X,0.967315673828125,2,1
X/X2393.jpg,X,X,0.9721639156341553,3,1
X/X2400.jpg,X,X,0.9733657240867615,4,1
X/X2409.jpg,X,X,0.9704437255859375,3,1
X/X2413.jpg,X,X,0.9673892855644226,3,1
X/X2416.jpg,X,X,0.9649806618690491,3,1
X/X2419.jpg,X,X,0.9648122191429138,3,1
X/X2424.jpg,X,X,0.957740306854248,4,1
X/X2429.jpg,X,X,0.9645395278930664,3,1
X/X2433.jpg,X,X,0.9662192463874817,3,1
X/X2439.jpg,X,X,0.9727827310562134,3,1
X/X2445.jpg,X,X,0.9640357494354248,4,1
X/X2449.jpg,X,X,0.9688239693641663,3,1
X/X2450.jpg,X,X,0.9662811160087585,2,1
X/X2451.jpg,X,X,0.9648629426956177,5,1
X/X2456.jpg,X,X,0.9646034240722656,4,1
X/X2460.jpg,X,X,0.9604642391204834,4,1
X/X2462.jpg,X,X,0.9643312096595764,3,1
X/X2467.jpg,X,X,0.9572116136550903,3,1
X/X2475.jpg,X,X,0.9681611657142639,2,1
X/X2481.jpg,X,X,0.9658891558647156,3,1
X/X2485.jpg,X,X,0.9669733643531799,2,1
X/X2486.jpg,X,X,0.9612947702407837,3,1
X/X249.jpg,X,X,0.9598734974861145,2,1
X/X2492.jpg,X,X,0.9653840065002441,3,1
X/X2493.jpg,X,X,0.9689415693283081,3,1
X/X2495.jpg,X,X,0.9731272459030151,4,1
X/X2498.jpg,X,X,0.9717750549316406,4,1
X/X250.jpg,X,X,0.9597213864326477,2,1
X/X2506.jpg,X,X,0.963229775428772,2,1
X/X2514.jpg,X,X,0.9640917778015137,2,1
X/X2523.jpg,X,X,0.9660277366638184,2,1
X/X2529.jpg,X,X,0.9663416743278503,2,1
X/X2539.jpg,X,X,0.9647089242935181,2,1
X/X2550.jpg,X,X,0.9659092426300049,2,1
X/X2552.jpg,X,X,0.9671186208724976,2,1
X/X2557.jpg,X,X,0.9662450551986694,1,1
X/X256.jpg,X,X,0.957761287689209,2,1
X/X2562.jpg,X,X,0.9619147181510925,1,1
X/X2567.jpg,X,X,0.964181661605835,3,1
X/X2573.jpg,X,X,0.9606446027755737,2,1
X/X2578.jpg,X,X,0.9588425755500793,3,1
X/X2583.jpg,X,X,0.9597527980804443,2,1
X/X2584.jpg,X,X,0.9601036310195923,3,1
X/X2589.jpg,X,X,0.964127779006958,2,1
X/X2591.jpg,X,X,0.9615400433540344,3,1
X/X2596.jpg,X,X,0.953380823135376,1,1
X/X2601.jpg,X,X,0.9627939462661743,1,1
X/X2612.jpg,X,X,0.9525420069694519,1,1
X/X2624.jpg,X,X,0.9614054560661316,1,1
X/X2626.jpg,X,X,0.9635838270187378,1,1
X/X263.jpg,X,X,0.956437885761261,2,1
X/X2631.jpg,X,X,0.9647980332374573,1,1
X/X2632.jpg,X,X,0.9653208255767822,1,1
X/X2637.jpg,X,X,0.9655948281288147,1,1
X/X2645.jpg,X,X,0.9690208435058594,3,1
X/X2646.jpg,X,X,0.9696592092514038,4,1
X/X2653.jpg,X,X,0.9632046222686768,4,1
X/X2667.jpg,X,X,0.9640552401542664,2,1
X/X2669.jpg,X,X,0.9633305072784424,2,1
X/X2671.jpg,X,X,0.964709460735321,2,1
X/X2674.jpg,X,X,0.961522102355957,2,1
X/X2688.jpg,X,X,0.9652215242385864,2,1
X/X2689.jpg,X,X,0.9618313312530518,2,1
X/X2692.jpg,X,X,0.9641700387001038,2,1
X/X271.jpg,X,X,0.9715369939804077,2,1
X/X2711.jpg,X,X,0.9644388556480408,2,1
X/X2712.jpg,X,X,0.9655291438102722,2,1
X/X2715.jpg,X,X,0.9620205760002136,2,1
X/X2721.jpg,X,X,0.961254358291626,2,1
X/X2722.jpg,X,X,0.958930253982544,1,1
X/X2723.jpg,X,X,0.9626088738441467,1,1
X/X2726.jpg,X,X,0.962140679359436,3,1
X/X2731.jpg,X,X,0.9605928063392639,4,1
X/X2739.jpg,X,X,0.9622718691825867,3,1
X/X2749.jpg,X,X,0.9596851468086243,3,1
X/X2751.jpg,X,X,0.9591370820999146,3,1
X/X2754.jpg,X,X,0.9586802124977112,4,1
X/X2757.jpg,X,X,0.9580568671226501,3,1
X/X276.jpg,X,X,0.969786524772644,2,1
X/X2761.jpg,X,X,0.9585760235786438,3,1
X/X2763.jpg,X,X,0.9618993401527405,4,1
X/X2765.jpg,X,X,0.9630063772201538,4,1
X/X277.jpg,X,X,0.9717368483543396,2,1
X/X2772.jpg,X,X,0.9692715406417847,2,1
X/X2778.jpg,X,X,0.9643090963363647,2,1
X/X2781.jpg,X,X,0.9626281261444092,1,1
X/X2788.jpg,X,X,0.9602882862091064,1,1
X/X279.jpg,X,X,0.9744909405708313,2,1
X/X2802.jpg,X,X,0.9729083180427551,2,1
X/X2804.jpg,X,X,0.9648305177688599,1,1
X/X2808.jpg,X,X,0.9631050229072571,1,1
X/X2812.jpg,X,X,0.9625687003135681,2,1
X/X2813.jpg,X,X,0.9649277329444885,2,1
X/X2815.jpg,X,X,0.9616538882255554,3,1
X/X2820.jpg,X,X,0.9642314314842224,3,1
X/X2821.jpg,X,X,0.9647766947746277,2,1
X/X2824.jpg,X,X,0.9685847163200378,2,1
X/X2829.jpg,X,X,0.9710561037063599,2,1
X/X2833.jpg,X,X,0.9736109972000122,2,1
X/X2836.jpg,X,X,0.9704711437225342,3,1
X/X2843.jpg,X,X,0.9727084040641785,2,1
X/X2845.jpg,X,X,0.9653617143630981,2,1
X/X2848.jpg,X,X,0.9680651426315308,3,1
X/X2851.jpg,X,X,0.9663957357406616,3,1
X/X2858.jpg,X,X,0.9651727676391602,3,1
X/X2863.jpg,X,X,0.9664562344551086,4,1
X/X2873.jpg,X,X,0.9623103141784668,3,1
X/X2883.jpg,X,X,0.9637666940689087,4,1
X/X2893.jpg,X,X,0.9590425491333008,5,1
X/X2906.jpg,X,X,0.9607932567596436,2,1
X/X2907.jpg,X,X,0.9625469446182251,4,1
X/X2913.jpg,X,X,0.9600246548652649,2,1
X/X2925.jpg,X,X,0.9626442193984985,3,1
X/X2929.jpg,X,X,0.9609271883964539,3,1
X/X293.jpg,X,X,0.9717575907707214,3,1
X/X2931.jpg,X,X,0.959275484085083,4,1
X/X2935.jpg,X,X,0.95909583568573,6,1
X/X2940.jpg,X,X,0.9594141840934753,6,1
X/X295.jpg,X,X,0.972165048122406,2,1
X/X2951.jpg,X,X,0.9544482231140137,3,1
X/X2956.jpg,X,X,0.9579195976257324,3,1
X/X2960.jpg,X,X,0.956446647644043,3,1
X/X2963.jpg,X,X,0.959330141544342,2,1
X/X2971.jpg,X,X,0.962247908115387,2,1
X/X298.jpg,X,X,0.976574182510376,2,1
X/X2982.jpg,X,X,0.9697713851928711,2,1
X/X2995.jpg,X,X,0.9612729549407959,2,1
X/X2997.jpg,X,X,0.9623548984527588,2,1
X/X30.jpg,X,X,0.9639138579368591,2,1
X/X302.jpg,X,X,0.9758577346801758,1,1
X/X313.jpg,X,X,0.9711923599243164,1,1
X/X316.jpg,X,X,0.971095085144043,1,1
X/X332.jpg,X,X,0.9681353569030762,1,1
X/X338.jpg,X,X,0.9713338613510132,1,1
X/X345.jpg,X,X,0.9679090976715088,2,1
X/X346.jpg,X,X,0.9685745239257812,2,1
X/X347.jpg,X,X,0.9700246453285217,2,1
X/X351.jpg,X,X,0.9688666462898254,2,1
X/X353.jpg,X,X,0.971623420715332,3,1
X/X355.jpg,X,X,0.971554696559906,2,1
X/X357.jpg,X,X,0.9679052233695984,2,1
X/X358.jpg,X,X,0.9693813323974609,2,1
X/X36.jpg,X,X,0.9662086367607117,3,1
X/X364.jpg,X,X,0.9630441665649414,1,1
X/X366.jpg,X,X,0.9663523435592651,1,1
X/X368.jpg,X,X,0.9624465107917786,1,1
X/X369.jpg,X,X,0.965560793876648,1,1
X/X371.jpg,X,X,0.9691457748413086,1,1
X/X372.jpg,X,X,0.9695429801940918,1,1
X/X376.jpg,X,X,0.9688684344291687,1,1
X/X383.jpg,X,X,0.9656471610069275,1,1
X/X388.jpg,X,X,0.9680366516113281,1,1
X/X395.jpg,X,X,0.9676093459129333,1,1
X/X399.jpg,X,X,0.9699636101722717,1,1
X/X405.jpg,X,X,0.9694255590438843,1,1
X/X406.jpg,X,X,0.9674116373062134,1,1
X/X412.jpg,X,X,0.9659968018531799,1,1
X/X415.jpg,X,X,0.9635315537452698,1,1
X/X424.jpg,X,X,0.960324227809906,2,1
X/X425.jpg,X,X,0.9581331610679626,2,1
X/X429.jpg,X,X,0.9542960524559021,2,1
X/X435.jpg,X,X,0.9613834619522095,3,1
X/X436.jpg,X,X,0.9626805782318115,2,1
X/X44.jpg,X,X,0.9710039496421814,3,1
X/X440.jpg,X,X,0.9669540524482727,2,1
X/X445.jpg,X,X,0.9613833427429199,2,1
X/X447.jpg,X,X,0.9636910557746887,2,1
X/X454.jpg,X,X,0.962996780872345,1,1
X/X466.jpg,X,X,0.9648017883300781,1,1
X/X47.jpg,X,X,0.9722017645835876,3,1
X/X474.jpg,X,X,0.9657623767852783,1,1
X/X475.jpg,X,X,0.967387318611145,1,1
X/X488.jpg,X,X,0.9694892168045044,1,1
X/X49.jpg,X,X,0.9642294049263,3,1
X/X494.jpg,X,X,0.9666253924369812,2,1
X/X498.jpg,X,X,0.9692478775978088,1,1
X/X499.jpg,X,X,0.9686337113380432,1,1
X/X502.jpg,X,X,0.9678990840911865,1,1
X/X512.jpg,X,X,0.967864990234375,1,1
X/X515.jpg,X,X,0.9647687077522278,1,1
X/X529.jpg,X,X,0.9683559536933899,1,1
X/X530.jpg,X,X,0.9628982543945312,1,1
X/X532.jpg,X,X,0.96037358045578,1,1
X/X550.jpg,X,X,0.967559814453125,1,1
X/X552.jpg,X,X,0.9685701727867126,1,1
X/X555.jpg,X,X,0.9683831930160522,1,1
X/X556.jpg,X,X,0.9679779410362244,1,1
X/X561.jpg,X,X,0.964837372303009,1,1
X/X562.jpg,X,X,0.9657248854637146,1,1
X/X571.jpg,X,X,0.9636804461479187,1,1
X/X575.jpg,X,X,0.9677872657775879,1,1
X/X577.jpg,X,X,0.9633732438087463,1,1
X/X58.jpg,X,X,0.9709063768386841,3,1
X/X581.jpg,X,X,0.9560134410858154,1,1
X/X582.jpg,X,X,0.9556719064712524,1,1
X/X583.jpg,X,X,0.955001950263977,1,1
X/X584.jpg,X,X,0.9569605588912964,2,1
X/X59.jpg,X,X,0.9732955098152161,3,1
X/X590.jpg,X,X,0.9556258320808411,2,1
X/X592.jpg,X,X,0.9586778879165649,1,1
X/X594.jpg,X,X,0.9610020518302917,2,1
X/X600.jpg,X,X,0.974997341632843,2,1
X/X612.jpg,X,X,0.9756661653518677,1,1
X/X613.jpg,X,X,0.97165447473526,1,1
X/X632.jpg,X,X,0.9627996683120728,1,1
X/X634.jpg,X,X,0.962904691696167,1,1
X/X642.jpg,X,X,0.9691658020019531,1,1
X/X645.jpg,X,X,0.9659613370895386,1,1
X/X653.jpg,X,X,0.9690887928009033,1,1
X/X66.jpg,X,X,0.9711331129074097,3,1
X/X662.jpg,X,X,0.9682440757751465,1,1
X/X666.jpg,X,X,0.9694669246673584,1,1
X/X672.jpg,X,X,0.9715827107429504,1,1
X/X677.jpg,X,X,0.9695825576782227,1,1
X/X68.jpg,X,X,0.9702447652816772,4,1
X/X680.jpg,X,X,0.9694769978523254,1,1
X/X686.jpg,X,X,0.9677113890647888,1,1
X/X687.jpg,X,X,0.9685230851173401,2,1
X/X690.jpg,X,X,0.9726401567459106,2,1
X/X692.jpg,X,X,0.9690964221954346,2,1
X/X703.jpg,X,X,0.9534605741500854,2,1
X/X706.jpg,X,X,0.9583413600921631,2,1
X/X71.jpg,X,X,0.9723451137542725,2,1
X/X712.jpg,X,X,0.9645540714263916,2,1
X/X713.jpg,X,X,0.9641096591949463,2,1
X/X716.jpg,X,X,0.9637576341629028,2,1
X/X718.jpg,X,X,0.9640815854072571,2,1
X/X727.jpg,X,X,0.960182249546051,2,1
X/X732.jpg,X,X,0.953884482383728,2,1
X/X736.jpg,X,X,0.957850456237793,2,1
X/X744.jpg,X,X,0.9671226143836975,1,1
X/X747.jpg,X,X,0.9669538736343384,1,1
X/X75.jpg,X,X,0.9717797636985779,1,1
X/X750.jpg,X,X,0.9685927629470825,1,1
X/X753.jpg,X,X,0.9683817625045776,1,1
X/X762.jpg,X,X,0.9666460752487183,1,1
X/X764.jpg,X,X,0.9654958248138428,1,1
X/X765.jpg,X,X,0.9670608639717102,1,1
X/X770.jpg,X,X,0.9687929749488831,1,1
X/X771.jpg,X,X,0.9680119752883911,1,1
X/X777.jpg,X,X,0.9704487919807434,1,1
X/X780.jpg,X,X,0.9721434116363525,1,1
X/X784.jpg,X,X,0.9706451892852783,1,1
X/X796.jpg,X,X,0.9704952836036682,1,1
X/X801.jpg,X,X,0.9686519503593445,1,1
X/X812.jpg,X,X,0.9695832133293152,2,1
X/X82.jpg,X,X,0.9702671766281128,2,1
X/X825.jpg,X,X,0.9702516198158264,1,1
X/X830.jpg,X,X,0.9722796082496643,1,1
X/X839.jpg,X,X,0.9730282425880432,1,1
X/X854.jpg,X,X,0.9679499864578247,2,1
X/X855.jpg,X,X,0.9701946973800659,2,1
X/X856.jpg,X,X,0.9690467119216919,2,1
X/X863.jpg,X,X,0.9739302396774292,2,1
X/X867.jpg,X,X,0.9745228886604309,1,1
X/X879.jpg,X,X,0.9756221175193787,1,1
X/X88.jpg,X,X,0.9688155055046082,2,1
X/X880.jpg,X,X,0.9722236394882202,1,1
X/X883.jpg,X,X,0.9775925278663635,1,1
X/X885.jpg,X,X,0.9782376289367676,1,1
X/X889.jpg,X,X,0.9782347083091736,1,1
X/X890.jpg,X,X,0.9801098108291626,1,1
X/X892.jpg,X,X,0.9786922335624695,2,1
X/X895.jpg,X,X,0.976947009563446,2,1
X/X897.jpg,X,X,0.977916419506073,2,1
X/X90.jpg,X,X,0.9713221192359924,1,1
X/X908.jpg,X,X,0.9759348630905151,1,1
X/X919.jpg,X,X,0.9750790596008301,1,1
X/X92.jpg,X,X,0.9690057039260864,1,1
X/X921.jpg,X,X,0.9736836552619934,1,1
X/X922.jpg,X,X,0.9766457080841064,1,1
X/X934.jpg,X,X,0.9706041216850281,1,1
X/X937.jpg,X,X,0.96952885389328,1,1
X/X945.jpg,X,X,0.9616987705230713,3,1
X/X946.jpg,X,X,0.9658508896827698,1,1
X/X950.jpg,X,X,0.9704138040542603,1,1
X/X951.jpg,X,X,0.9698533415794373,1,1
X/X958.jpg,X,X,0.9628150463104248,1,1
X/X970.jpg,X,X,0.9585576057434082,1,1
X/X975.jpg,X,X,0.9575673341751099,2,1
X/X982.jpg,X,X,0.9642035961151123,3,1
X/X983.jpg,X,X,0.9617770910263062,2,1
X/X985.jpg,X,X,0.9665150046348572,3,1
X/X987.jpg,X,X,0.9669481515884399,3,1
X/X99.jpg,X,X,0.9742683172225952,1,1
X/X995.jpg,X,X,0.963793158531189,2,1
X/X999.jpg,X,X,0.9658597707748413,2,1
Y/Y10.jpg,Y,Y,0.9899582266807556,1,1
Y/Y1000.jpg,Y,Y,0.9915763735771179,1,1
Y/Y1006.jpg,Y,Y,0.9934176206588745,3,1
Y/Y1010.jpg,Y,Y,0.9933280944824219,3,1
Y/Y1017.jpg,Y,Y,0.9922703504562378,2,1
Y/Y1018.jpg,Y,Y,0.9924572706222534,2,1
Y/Y1025.jpg,Y,Y,0.9924458861351013,3,1
Y/Y1029.jpg,Y,Y,0.9896200299263,2,1
Y/Y1033.jpg,Y,Y,0.992042601108551,2,1
Y/Y1034.jpg,Y,Y,0.9920837879180908,2,1
Y/Y1035.jpg,Y,Y,0.9921878576278687,2,1
Y/Y1036.jpg,Y,Y,0.992407500743866,2,1
Y/Y1037.jpg,Y,Y,0.9914553761482239,2,1
Y/Y1039.jpg,Y,Y,0.9914003610610962,3,1
Y/Y1044.jpg,Y,Y,0.993722140789032,2,1
Y/Y1046.jpg,Y,Y,0.9939466118812561,2,1
Y/Y1049.jpg,Y,Y,0.992807149887085,2,1
Y/Y105.jpg,Y,Y,0.9921765923500061,2,1
Y/Y1051.jpg,Y,Y,0.9920822381973267,2,1
Y/Y1058.jpg,Y,Y,0.9910716414451599,3,1
Y/Y1060.jpg,Y,Y,0.9912469983100891,2,1
Y/Y1061.jpg,Y,Y,0.9909262657165527,3,1
Y/Y1063.jpg,Y,Y,0.9904864430427551,3,1
Y/Y1072.jpg,Y,Y,0.9891483187675476,3,1
Y/Y1074.jpg,Y,Y,0.9883269667625427,4,1
Y/Y1075.jpg,Y,Y,0.988681435585022,3,1
Y/Y1102.jpg,Y,Y,0.9918609857559204,4,1
Y/Y1109.jpg,Y,Y,0.991744339466095,3,1
Y/Y1113.jpg,Y,Y,0.9891756176948547,4,1
Y/Y1121.jpg,Y,Y,0.9908241033554077,4,1
Y/Y1126.jpg,Y,Y,0.9886333346366882,4,1
Y/Y1127.jpg,Y,Y,0.989504337310791,5,1
Y/Y1129.jpg,Y,Y,0.9877259135246277,4,1
Y/Y1130.jpg,Y,Y,0.9900373220443726,4,1
Y/Y1132.jpg,Y,Y,0.9884772300720215,3,1
Y/Y1133.jpg,Y,Y,0.9891130924224854,3,1
Y/Y1149.jpg,Y,Y,0.9939331412315369,3,1
Y/Y1153.jpg,Y,Y,0.994472324848175,2,1
Y/Y1157.jpg,Y,Y,0.9927805066108704,4,1
Y/Y1163.jpg,Y,Y,0.9939804077148438,2,1
Y/Y1165.jpg,Y,Y,0.9935594797134399,2,1
Y/Y117.jpg,Y,Y,0.9940875768661499,2,1
Y/Y1176.jpg,Y,Y,0.9857761263847351,4,1
Y/Y1177.jpg,Y,Y,0.988121747970581,4,1
Y/Y1178.jpg,Y,Y,0.9866622090339661,4,1
Y/Y1180.jpg,Y,Y,0.9795154929161072,4,1
Y/Y1182.jpg,Y,Y,0.9811826348304749,3,1
Y/Y1188.jpg,Y,Y,0.9897915124893188,3,1
Y/Y1190.jpg,Y,Y,0.9847608804702759,4,1
Y/Y1195.jpg,Y,Y,0.9883014559745789,4,1
Y/Y1198.jpg,Y,Y,0.9771268963813782,4,1
Y/Y12.jpg,Y,Y,0.9908055663108826,1,1
Y/Y120.jpg,Y,Y,0.9940345883369446,1,1
Y/Y1203.jpg,Y,Y,0.9858239889144897,4,1
Y/Y121.jpg,Y,Y,0.994222104549408,1,1
Y/Y1221.jpg,Y,Y,0.988955020904541,3,1
Y/Y1224.jpg,Y,Y,0.9893293976783752,4,1
Y/Y1228.jpg,Y,Y,0.9891637563705444,3,1
Y/Y1234.jpg,Y,Y,0.9901025295257568,3,1
Y/Y1247.jpg,Y,Y,0.9918198585510254,3,1
Y/Y1248.jpg,Y,Y,0.9903271794319153,4,1
Y/Y1249.jpg,Y,Y,0.9920728802680969,4,1
Y/Y1251.jpg,Y,Y,0.9892947673797607,4,1
Y/Y1253.jpg,Y,Y,0.9905300736427307,3,1
Y/Y126.jpg,Y,Y,0.9940614104270935,1,1
Y/Y1263.jpg,Y,Y,0.9923535585403442,3,1
Y/Y1272.jpg,Y,Y,0.9903278946876526,3,1
Y/Y1277.jpg,Y,Y,0.9918224215507507,3,1
Y/Y1291.jpg,Y,Y,0.9917925596237183,3,1
Y/Y13.jpg,Y,Y,0.991702139377594,1,1
Y/Y1303.jpg,Y,Y,0.988303005695343,2,1
Y/Y1309.jpg,Y,Y,0.9908061623573303,4,1
Y/Y131.jpg,Y,Y,0.993614673614502,1,1
Y/Y1315.jpg,Y,Y,0.9915772676467896,3,1
Y/Y1322.jpg,Y,Y,0.9917606115341187,2,1
Y/Y1324.jpg,Y,Y,0.990368664264679,3,1
Y/Y1326.jpg,Y,Y,0.9905647039413452,3,1
Y/Y1330.jpg,Y,Y,0.9903324246406555,3,1
Y/Y1336.jpg,Y,Y,0.9904972314834595,2,1
Y/Y1337.jpg,Y,Y,0.9913530945777893,2,1
Y/Y1347.jpg,Y,Y,0.9898093938827515,2,1
Y/Y1348.jpg,Y,Y,0.9902442097663879,2,1
Y/Y1353.jpg,Y,Y,0.9901633858680725,3,1
Y/Y1356.jpg,Y,Y,0.989625871181488,4,1
Y/Y1358.jpg,Y,Y,0.9897388815879822,2,1
Y/Y1362.jpg,Y,Y,0.9878447651863098,3,1
Y/Y1372.jpg,Y,Y,0.990097165107727,3,1
Y/Y1373.jpg,Y,Y,0.990645170211792,3,1
Y/Y1381.jpg,Y,Y,0.98944491147995,3,1
Y/Y14.jpg,Y,Y,0.9921501874923706,1,1
Y/Y1400.jpg,Y,Y,0.9897385239601135,3,1
Y/Y141.jpg,Y,Y,0.9943600296974182,1,1
Y/Y1417.jpg,Y,Y,0.9858241081237793,4,1
Y/Y1418.jpg,Y,Y,0.9877732396125793,3,1
Y/Y142.jpg,Y,Y,0.9944321513175964,1,1
Y/Y1422.jpg,Y,Y,0.9910552501678467,3,1
Y/Y1429.jpg,Y,Y,0.9924862384796143,4,1
Y/Y1430.jpg,Y,Y,0.9933642148971558,4,1
Y/Y1435.jpg,Y,Y,0.9931081533432007,4,1
Y/Y1437.jpg,Y,Y,0.9923924207687378,5,1
Y/Y1438.jpg,Y,Y,0.9929236173629761,4,1
Y/Y1443.jpg,Y,Y,0.9935484528541565,4,1
Y/Y1448.jpg,Y,Y,0.9907904863357544,3,1
Y/Y145.jpg,Y,Y,0.9945025444030762,1,1
Y/Y1451.jpg,Y,Y,0.9885551333427429,6,1
Y/Y1452.jpg,Y,Y,0.989015519618988,3,1
Y/Y1455.jpg,Y,Y,0.9902102947235107,6,1
Y/Y1464.jpg,Y,Y,0.9883393049240112,5,1
Y/Y1468.jpg,Y,Y,0.9917920827865601,5,1
Y/Y1469.jpg,Y,Y,0.9904548525810242,5,1
Y/Y1474.jpg,Y,Y,0.9928654432296753,4,1
Y/Y148.jpg,Y,Y,0.9940882921218872,1,1
Y/Y1483.jpg,Y,Y,0.9935623407363892,2,1
Y/Y1488.jpg,Y,Y,0.9927812218666077,4,1
Y/Y1489.jpg,Y,Y,0.9926794767379761,4,1
Y/Y1497.jpg,Y,Y,0.984836757183075,4,1
Y/Y1499.jpg,Y,Y,0.9767374396324158,3,1
Y/Y1502.jpg,Y,Y,0.9467380046844482,3,1
Y/Y1503.jpg,Y,Y,0.9718409180641174,3,1
Y/Y1505.jpg,Y,Y,0.9839650392532349,4,1
Y/Y1509.jpg,Y,Y,0.9861160516738892,4,1
Y/Y1512.jpg,Y,Y,0.9876528978347778,2,1
Y/Y1516.jpg,Y,Y,0.9855546951293945,3,1
Y/Y1518.jpg,Y,Y,0.9882410168647766,3,1
Y/Y1520.jpg,Y,Y,0.9842447638511658,3,1
Y/Y1521.jpg,Y,Y,0.9875307679176331,3,1
Y/Y1531.jpg,Y,Y,0.9793365597724915,2,1
Y/Y1547.jpg,Y,Y,0.9903693795204163,2,1
Y/Y1549.jpg,Y,Y,0.9917052984237671,1,1
Y/Y1556.jpg,Y,Y,0.9925230145454407,1,1
Y/Y1562.jpg,Y,Y,0.9919204711914062,1,1
Y/Y1572.jpg,Y,Y,0.9906932711601257,1,1
Y/Y1573.jpg,Y,Y,0.9920769929885864,1,1
Y/Y1578.jpg,Y,Y,0.9892298579216003,1,1
Y/Y1585.jpg,Y,Y,0.9893115162849426,1,1
Y/Y159.jpg,Y,Y,0.9939210414886475,1,1
Y/Y1594.jpg,Y,Y,0.9923083782196045,3,1
Y/Y1599.jpg,Y,Y,0.9888928532600403,3,1
Y/Y16.jpg,Y,Y,0.992587149143219,1,1
Y/Y1600.jpg,Y,Y,0.9892879724502563,3,1
Y/Y1607.jpg,Y,Y,0.9900231957435608,3,1
Y/Y1614.jpg,Y,Y,0.9908202290534973,4,1
Y/Y1618.jpg,Y,Y,0.9887641668319702,3,1
Y/Y1622.jpg,Y,Y,0.9922894835472107,3,1
Y/Y1623.jpg,Y,Y,0.9897554516792297,3,1
Y/Y1625.jpg,Y,Y,0.9915862083435059,3,1
Y/Y1646.jpg,Y,Y,0.9919641017913818,5,1
Y/Y1648.jpg,Y,Y,0.9934768080711365,5,1
Y/Y1651.jpg,Y,Y,0.9930278658866882,4,1
Y/Y1660.jpg,Y,Y,0.9932159781455994,5,1
Y/Y1668.jpg,Y,Y,0.9929624199867249,6,1
Y/Y1671.jpg,Y,Y,0.9922739863395691,5,1
Y/Y168.jpg,Y,Y,0.9934055805206299,1,1
Y/Y1681.jpg,Y,Y,0.9913378953933716,3,1
Y/Y1693.jpg,Y,Y,0.992300271987915,3,1
Y/Y1697.jpg,Y,Y,0.9942470788955688,3,1
Y/Y17.jpg,Y,Y,0.9928656816482544,1,1
Y/Y171.jpg,Y,Y,0.9930979609489441,3,1
Y/Y1712.jpg,Y,Y,0.9934638142585754,4,1
Y/Y1714.jpg,Y,Y,0.9925425052642822,3,1
Y/Y172.jpg,Y,Y,0.993312418460846,2,1
Y/Y1721.jpg,Y,Y,0.9923589825630188,5,1
Y/Y1722.jpg,Y,Y,0.9936729669570923,3,1
Y/Y1729.jpg,Y,Y,0.9944907426834106,5,1
Y/Y1730.jpg,Y,Y,0.9946005344390869,4,1
Y/Y174.jpg,Y,Y,0.9922947883605957,3,1
Y/Y1746.jpg,Y,Y,0.9940827488899231,4,1
Y/Y1750.jpg,Y,Y,0.9937664270401001,4,1
Y/Y1753.jpg,Y,Y,0.9952364563941956,3,1
Y/Y1754.jpg,Y,Y,0.9951483607292175,2,1
Y/Y1766.jpg,Y,Y,0.9932431578636169,2,1
Y/Y1770.jpg,Y,Y,0.9927347898483276,1,1
Y/Y1775.jpg,Y,Y,0.9948398470878601,3,1
Y/Y1776.jpg,Y,Y,0.9946138262748718,3,1
Y/Y1781.jpg,Y,Y,0.994271993637085,3,1
Y/Y1784.jpg,Y,Y,0.9942512512207031,3,1
Y/Y1789.jpg,Y,Y,0.993100643157959,3,1
Y/Y1790.jpg,Y,Y,0.9937261939048767,3,1
Y/Y1796.jpg,Y,Y,0.9927642941474915,2,1
Y/Y1798.jpg,Y,Y,0.992961585521698,2,1
Y/Y180.jpg,Y,Y,0.9933416247367859,1,1
Y/Y1800.jpg,Y,Y,0.9930711388587952,4,1
Y/Y1801.jpg,Y,Y,0.9924136996269226,4,1
Y/Y1805.jpg,Y,Y,0.9924722909927368,3,1
Y/Y1809.jpg,Y,Y,0.9931479096412659,3,1
Y/Y1813.jpg,Y,Y,0.9934280514717102,3,1
Y/Y1816.jpg,Y,Y,0.9929722547531128,3,1
Y/Y1819.jpg,Y,Y,0.9938805103302002,4,1
Y/Y1822.jpg,Y,Y,0.992484986782074,3,1
Y/Y1842.jpg,Y,Y,0.9752830862998962,2,1
Y/Y1843.jpg,Y,Y,0.9800505042076111,2,1
Y/Y1846.jpg,Y,Y,0.9846269488334656,3,1
Y/Y185.jpg,Y,Y,0.9922167062759399,2,1
Y/Y1853.jpg,Y,Y,0.9824938178062439,4,1
Y/Y1854.jpg,Y,Y,0.9646958112716675,4,1
Y/Y1869.jpg,Y,Y,0.9944130778312683,1,1
Y/Y1872.jpg,Y,Y,0.9933210015296936,2,1
Y/Y1877.jpg,Y,Y,0.9925742149353027,3,1
Y/Y1880.jpg,Y,Y,0.9936999082565308,3,1
Y/Y1881.jpg,Y,Y,0.9937704205513,2,1
Y/Y1882.jpg,Y,Y,0.9935325384140015,2,1
Y/Y1883.jpg,Y,Y,0.9936836957931519,2,1
Y/Y1886.jpg,Y,Y,0.9942955374717712,3,1
Y/Y1896.jpg,Y,Y,0.9941766262054443,4,1
Y/Y19.jpg,Y,Y,0.9928998947143555,1,1
Y/Y1900.jpg,Y,Y,0.9950056672096252,3,1
Y/Y1915.jpg,Y,Y,0.9944513440132141,2,1
Y/Y1916.jpg,Y,Y,0.9948585033416748,2,1
Y/Y1919.jpg,Y,Y,0.994654655456543,3,1
Y/Y192.jpg,Y,Y,0.992649257183075,2,1
Y/Y1922.jpg,Y,Y,0.9937230944633484,3,1
Y/Y1924.jpg,Y,Y,0.994111955165863,3,1
Y/Y1932.jpg,Y,Y,0.9957996010780334,3,1
Y/Y1937.jpg,Y,Y,0.9951263666152954,4,1
Y/Y1939.jpg,Y,Y,0.992953360080719,2,1
Y/Y1947.jpg,Y,Y,0.99395352602005,3,1
Y/Y1952.jpg,Y,Y,0.9941051006317139,2,1
Y/Y1955.jpg,Y,Y,0.9943311214447021,2,1
Y/Y1957.jpg,Y,Y,0.9937904477119446,3,1
Y/Y1958.jpg,Y,Y,0.9936566948890686,3,1
Y/Y1961.jpg,Y,Y,0.9939420819282532,3,1
Y/Y1963.jpg,Y,Y,0.9931675791740417,3,1
Y/Y1973.jpg,Y,Y,0.9937800765037537,2,1
Y/Y1975.jpg,Y,Y,0.9938275218009949,2,1
Y/Y1976.jpg,Y,Y,0.993614137172699,4,1
Y/Y198.jpg,Y,Y,0.9932449460029602,2,1
Y/Y1980.jpg,Y,Y,0.99327552318573,3,1
Y/Y1981.jpg,Y,Y,0.9932200908660889,2,1
Y/Y1990.jpg,Y,Y,0.9937397241592407,3,1
Y/Y2.jpg,Y,Y,0.9900027513504028,1,1
Y/Y20.jpg,Y,Y,0.9933823347091675,1,1
Y/Y2003.jpg,Y,Y,0.9876928925514221,4,1
Y/Y2006.jpg,Y,Y,0.9898495674133301,5,1
Y/Y2008.jpg,Y,Y,0.9881802797317505,5,1
Y/Y201.jpg,Y,Y,0.9928380846977234,3,1
Y/Y2011.jpg,Y,Y,0.984233021736145,5,1
Y/Y2012.jpg,Y,Y,0.9874255061149597,5,1
Y/Y2015.jpg,Y,Y,0.9875791668891907,3,1
Y/Y2016.jpg,Y,Y,0.9881167411804199,4,1
Y/Y202.jpg,Y,Y,0.9928889274597168,2,1
Y/Y2024.jpg,Y,Y,0.9886589646339417,2,1
Y/Y2028.jpg,Y,Y,0.9843742251396179,2,1
Y/Y203.jpg,Y,Y,0.9923513531684875,2,1
Y/Y2031.jpg,Y,Y,0.9879692792892456,2,1
Y/Y2036.jpg,Y,Y,0.9891001582145691,2,1
Y/Y2038.jpg,Y,Y,0.9885528087615967,1,1
Y/Y2042.jpg,Y,Y,0.989646852016449,3,1
Y/Y2044.jpg,Y,Y,0.9896684885025024,3,1
Y/Y2045.jpg,Y,Y,0.9891877770423889,3,1
Y/Y2046.jpg,Y,Y,0.9907492995262146,2,1
Y/Y2049.jpg,Y,Y,0.9913955330848694,3,1
Y/Y2058.jpg,Y,Y,0.9916819930076599,4,1
Y/Y2060.jpg,Y,Y,0.992198646068573,4,1
Y/Y2065.jpg,Y,Y,0.9928547739982605,1,1
Y/Y2066.jpg,Y,Y,0.9915972352027893,2,1
Y/Y2067.jpg,Y,Y,0.9913091659545898,2,1
Y/Y207.jpg,Y,Y,0.9922434687614441,2,1
Y/Y2086.jpg,Y,Y,0.9906688332557678,4,1
Y/Y2088.jpg,Y,Y,0.9899582266807556,1,1
Y/Y2117.jpg,Y,Y,0.990838348865509,2,1
Y/Y2119.jpg,Y,Y,0.9908917546272278,3,1
Y/Y2128.jpg,Y,Y,0.9906483292579651,4,1
Y/Y213.jpg,Y,Y,0.9931932091712952,3,1
Y/Y2137.jpg,Y,Y,0.9938457608222961,3,1
Y/Y2138.jpg,Y,Y,0.9923128485679626,4,1
Y/Y2139.jpg,Y,Y,0.9920733571052551,3,1
Y/Y2143.jpg,Y,Y,0.9931894540786743,4,1
Y/Y2144.jpg,Y,Y,0.9924117922782898,3,1
Y/Y2147.jpg,Y,Y,0.9925461411476135,4,1
Y/Y2153.jpg,Y,Y,0.9947332143783569,5,1
Y/Y2157.jpg,Y,Y,0.9935877323150635,3,1
Y/Y2163.jpg,Y,Y,0.9937134385108948,5,1
Y/Y2167.jpg,Y,Y,0.9931051135063171,4,1
Y/Y217.jpg,Y,Y,0.9928492307662964,2,1
Y/Y2170.jpg,Y,Y,0.9940053820610046,4,1
Y/Y2176.jpg,Y,Y,0.9915589094161987,3,1
Y/Y218.jpg,Y,Y,0.993057131767273,1,1
Y/Y2192.jpg,Y,Y,0.9862288236618042,3,1
Y/Y22.jpg,Y,Y,0.9931625127792358,1,1
Y/Y2202.jpg,Y,Y,0.992466390132904,3,1
Y/Y2220.jpg,Y,Y,0.9885032773017883,4,1
Y/Y2231.jpg,Y,Y,0.9916452765464783,5,1
Y/Y2234.jpg,Y,Y,0.9902486205101013,3,1
Y/Y2238.jpg,Y,Y,0.9915130734443665,3,1
Y/Y2240.jpg,Y,Y,0.9890717267990112,3,1
Y/Y2241.jpg,Y,Y,0.9881669878959656,3,1
Y/Y2242.jpg,Y,Y,0.9860470294952393,3,1
Y/Y2246.jpg,Y,Y,0.9870544075965881,4,1
Y/Y2249.jpg,Y,Y,0.9845625758171082,5,1
Y/Y2256.jpg,Y,Y,0.9912682771682739,2,1
Y/Y2260.jpg,Y,Y,0.9920069575309753,2,1
Y/Y2265.jpg,Y,Y,0.9933516383171082,2,1
Y/Y2267.jpg,Y,Y,0.993057370185852,2,1
Y/Y2274.jpg,Y,Y,0.9914870262145996,2,1
Y/Y2275.jpg,Y,Y,0.9919009804725647,4,1
Y/Y2278.jpg,Y,Y,0.9904407262802124,4,1
Y/Y2287.jpg,Y,Y,0.9922336339950562,4,1
Y/Y2291.jpg,Y,Y,0.9905768632888794,4,1
Y/Y2296.jpg,Y,Y,0.9921196699142456,3,1
Y/Y2300.jpg,Y,Y,0.9922520518302917,3,1
Y/Y2303.jpg,Y,Y,0.9919487237930298,3,1
Y/Y2306.jpg,Y,Y,0.9916356801986694,2,1
Y/Y2307.jpg,Y,Y,0.9922515749931335,2,1
Y/Y2308.jpg,Y,Y,0.9929042458534241,2,1
Y/Y2309.jpg,Y,Y,0.9932904243469238,2,1
Y/Y2311.jpg,Y,Y,0.9885367155075073,2,1
Y/Y2319.jpg,Y,Y,0.9845978021621704,1,1
Y/Y2329.jpg,Y,Y,0.9839226603507996,1,1
Y/Y2330.jpg,Y,Y,0.9872713685035706,2,1
Y/Y2332.jpg,Y,Y,0.989109992980957,1,1
Y/Y2343.jpg,Y,Y,0.9838504195213318,2,1
Y/Y2344.jpg,Y,Y,0.9792055487632751,2,1
Y/Y2353.jpg,Y,Y,0.9803040623664856,3,1
Y/Y2364.jpg,Y,Y,0.9814651608467102,5,1
Y/Y2367.jpg,Y,Y,0.9714568853378296,4,1
Y/Y2370.jpg,Y,Y,0.9624295234680176,4,1
Y/Y2373.jpg,Y,Y,0.9612759351730347,4,1
Y/Y2379.jpg,Y,Y,0.978586733341217,6,1
Y/Y2380.jpg,Y,Y,0.9809482097625732,3,1
Y/Y2401.jpg,Y,Y,0.9745101928710938,5,1
Y/Y2403.jpg,Y,Y,0.9823170900344849,5,1
Y/Y2404.jpg,Y,Y,0.9712387919425964,4,1
Y/Y2407.jpg,Y,Y,0.9817613959312439,5,1
Y/Y2417.jpg,Y,Y,0.9687300324440002,4,1
Y/Y2419.jpg,Y,Y,0.9797464609146118,4,1
Y/Y2431.jpg,Y,Y,0.9912025928497314,2,1
Y/Y2433.jpg,Y,Y,0.9923763871192932,2,1
Y/Y2436.jpg,Y,Y,0.9907000660896301,2,1
Y/Y2442.jpg,Y,Y,0.9905114769935608,2,1
Y/Y2443.jpg,Y,Y,0.9921543002128601,2,1
Y/Y2450.jpg,Y,Y,0.9899978041648865,2,1
Y/Y2451.jpg,Y,Y,0.9896105527877808,2,1
Y/Y246.jpg,Y,Y,0.9922271966934204,2,1
Y/Y2470.jpg,Y,Y,0.9918400049209595,3,1
Y/Y2474.jpg,Y,Y,0.9922194480895996,3,1
Y/Y2478.jpg,Y,Y,0.9919453263282776,4,1
Y/Y2479.jpg,Y,Y,0.9920114874839783,4,1
Y/Y248.jpg,Y,Y,0.9930229187011719,2,1
Y/Y2480.jpg,Y,Y,0.9921166300773621,4,1
Y/Y2485.jpg,Y,Y,0.9930167198181152,3,1
Y/Y2490.jpg,Y,Y,0.9915432929992676,3,1
Y/Y2492.jpg,Y,Y,0.9814013838768005,3,1
Y/Y2496.jpg,Y,Y,0.9774123430252075,2,1
Y/Y2500.jpg,Y,Y,0.9861684441566467,2,1
Y/Y2501.jpg,Y,Y,0.9894382357597351,2,1
Y/Y2502.jpg,Y,Y,0.9912787079811096,2,1
Y/Y2503.jpg,Y,Y,0.9904475212097168,2,1
Y/Y2520.jpg,Y,Y,0.9922113418579102,4,1
Y/Y2528.jpg,Y,Y,0.9910406470298767,2,1
Y/Y2534.jpg,Y,Y,0.9898978471755981,3,1
Y/Y2546.jpg,Y,Y,0.9916831254959106,4,1
Y/Y2547.jpg,Y,Y,0.9919580221176147,4,1
Y/Y255.jpg,Y,Y,0.9935356378555298,2,1
Y/Y2555.jpg,Y,Y,0.9932130575180054,4,1
Y/Y2564.jpg,Y,Y,0.9924412965774536,4,1
Y/Y2566.jpg,Y,Y,0.9915361404418945,3,1
Y/Y2574.jpg,Y,Y,0.9930230379104614,4,1
Y/Y258.jpg,Y,Y,0.9936329126358032,2,1
Y/Y2581.jpg,Y,Y,0.9923442006111145,4,1
Y/Y2590.jpg,Y,Y,0.9919251799583435,4,1
Y/Y2593.jpg,Y,Y,0.990149974822998,4,1
Y/Y26.jpg,Y,Y,0.9920691251754761,1,1
Y/Y2602.jpg,Y,Y,0.9896518588066101,6,1
Y/Y2614.jpg,Y,Y,0.9874995350837708,7,1
Y/Y263.jpg,Y,Y,0.9927218556404114,2,1
Y/Y2637.jpg,Y,Y,0.9931687116622925,3,1
Y/Y2638.jpg,Y,Y,0.9928136467933655,4,1
Y/Y2639.jpg,Y,Y,0.9932327270507812,4,1
Y/Y2642.jpg,Y,Y,0.9931190013885498,4,1
Y/Y2649.jpg,Y,Y,0.9924395084381104,3,1
Y/Y2651.jpg,Y,Y,0.9925872683525085,3,1
Y/Y2653.jpg,Y,Y,0.9929728507995605,3,1
Y/Y2655.jpg,Y,Y,0.993378221988678,3,1
Y/Y2659.jpg,Y,Y,0.9939438700675964,2,1
Y/Y266.jpg,Y,Y,0.9921448826789856,2,1
Y/Y2660.jpg,Y,Y,0.9938557744026184,1,1
Y/Y2669.jpg,Y,Y,0.9929620623588562,2,1
Y/Y2670.jpg,Y,Y,0.9930295348167419,3,1
Y/Y2671.jpg,Y,Y,0.9927704930305481,3,1
Y/Y2672.jpg,Y,Y,0.9929295182228088,4,1
Y/Y2679.jpg,Y,Y,0.993248462677002,3,1
Y/Y2681.jpg,Y,Y,0.9923276305198669,3,1
Y/Y2687.jpg,Y,Y,0.9869036674499512,1,1
Y/Y2688.jpg,Y,Y,0.9837194085121155,3,1
Y/Y2693.jpg,Y,Y,0.9863744974136353,2,1
Y/Y2697.jpg,Y,Y,0.9915517568588257,2,1
Y/Y2698.jpg,Y,Y,0.9917870163917542,2,1
Y/Y2700.jpg,Y,Y,0.9925228953361511,2,1
Y/Y2702.jpg,Y,Y,0.9914622902870178,4,1
Y/Y2705.jpg,Y,Y,0.9904552102088928,3,1
Y/Y2717.jpg,Y,Y,0.9887608885765076,5,1
Y/Y2723.jpg,Y,Y,0.9889571070671082,4,1
Y/Y2724.jpg,Y,Y,0.9857974648475647,4,1
Y/Y2732.jpg,Y,Y,0.9885725975036621,5,1
Y/Y2743.jpg,Y,Y,0.9903587698936462,7,1
Y/Y2748.jpg,Y,Y,0.9920063614845276,6,1
Y/Y275.jpg,Y,Y,0.9928159713745117,2,1
Y/Y2750.jpg,Y,Y,0.9923408031463623,6,1
Y/Y276.jpg,Y,Y,0.9927791953086853,2,1
Y/Y2763.jpg,Y,Y,0.9913415312767029,6,1
Y/Y2775.jpg,Y,Y,0.9924962520599365,8,1
Y/Y278.jpg,Y,Y,0.9928190112113953,2,1
Y/Y2785.jpg,Y,Y,0.9915635585784912,5,1
Y/Y2786.jpg,Y,Y,0.9877112507820129,5,1
Y/Y2799.jpg,Y,Y,0.9895393252372742,2,1
Y/Y2800.jpg,Y,Y,0.9916336536407471,4,1
Y/Y2803.jpg,Y,Y,0.9887366890907288,4,1
Y/Y2809.jpg,Y,Y,0.9900256395339966,4,1
Y/Y2821.jpg,Y,Y,0.9932664632797241,3,1
Y/Y2825.jpg,Y,Y,0.9923769235610962,3,1
Y/Y2829.jpg,Y,Y,0.9928901195526123,3,1
Y/Y2834.jpg,Y,Y,0.9932340979576111,1,1
Y/Y2835.jpg,Y,Y,0.9930889010429382,1,1
Y/Y2836.jpg,Y,Y,0.9927678108215332,1,1
Y/Y2839.jpg,Y,Y,0.9933465719223022,1,1
Y/Y2840.jpg,Y,Y,0.9932123422622681,1,1
Y/Y2852.jpg,Y,Y,0.9936912059783936,1,1
Y/Y2853.jpg,Y,Y,0.9930859804153442,1,1
Y/Y2854.jpg,Y,Y,0.9932155609130859,1,1
Y/Y2862.jpg,Y,Y,0.992792010307312,1,1
Y/Y2863.jpg,Y,Y,0.9931589961051941,1,1
Y/Y2866.jpg,Y,Y,0.9926153421401978,1,1
Y/Y2868.jpg,Y,Y,0.9923783540725708,1,1
Y/Y287.jpg,Y,Y,0.9923531413078308,2,1
Y/Y2873.jpg,Y,Y,0.9922642707824707,2,1
Y/Y2879.jpg,Y,Y,0.9921433925628662,3,1
Y/Y2881.jpg,Y,Y,0.9915384650230408,2,1
Y/Y2883.jpg,Y,Y,0.9911389946937561,3,1
Y/Y2886.jpg,Y,Y,0.9913267493247986,3,1
Y/Y2893.jpg,Y,Y,0.9913312196731567,2,1
Y/Y2899.jpg,Y,Y,0.9914724230766296,3,1
Y/Y2909.jpg,Y,Y,0.9917661547660828,2,1
Y/Y2912.jpg,Y,Y,0.9913620352745056,2,1
Y/Y2915.jpg,Y,Y,0.9925432205200195,3,1
Y/Y2920.jpg,Y,Y,0.9920107126235962,3,1
Y/Y2924.jpg,Y,Y,0.9919947385787964,2,1
Y/Y2926.jpg,Y,Y,0.992902934551239,1,1
Y/Y2938.jpg,Y,Y,0.9935888051986694,1,1
Y/Y2945.jpg,Y,Y,0.9915796518325806,1,1
Y/Y2946.jpg,Y,Y,0.9898272752761841,1,1
Y/Y2948.jpg,Y,Y,0.990190863609314,3,1
Y/Y2954.jpg,Y,Y,0.9921785593032837,3,1
Y/Y2958.jpg,Y,Y,0.9918310046195984,3,1
Y/Y2959.jpg,Y,Y,0.9917902946472168,3,1
Y/Y2962.jpg,Y,Y,0.9906152486801147,3,1
Y/Y2965.jpg,Y,Y,0.9902716279029846,3,1
Y/Y2966.jpg,Y,Y,0.9915207028388977,3,1
Y/Y2972.jpg,Y,Y,0.9900643229484558,1,1
Y/Y2977.jpg,Y,Y,0.9885908961296082,2,1
Y/Y2978.jpg,Y,Y,0.9866241216659546,3,1
Y/Y2986.jpg,Y,Y,0.9846234917640686,2,1
Y/Y2992.jpg,Y,Y,0.9813949465751648,3,1
Y/Y301.jpg,Y,Y,0.9926841855049133,1,1
Y/Y311.jpg,Y,Y,0.9907944798469543,1,1
Y/Y312.jpg,Y,Y,0.992405116558075,1,1
Y/Y316.jpg,Y,Y,0.9914610385894775,1,1
Y/Y319.jpg,Y,Y,0.9913560152053833,1,1
Y/Y321.jpg,Y,Y,0.9915165901184082,1,1
Y/Y324.jpg,Y,Y,0.9909250736236572,1,1
Y/Y325.jpg,Y,Y,0.9916731715202332,1,1
Y/Y33.jpg,Y,Y,0.9915512800216675,1,1
Y/Y335.jpg,Y,Y,0.9930144548416138,1,1
Y/Y34.jpg,Y,Y,0.992055356502533,1,1
Y/Y340.jpg,Y,Y,0.9924535155296326,1,1
Y/Y344.jpg,Y,Y,0.9925107955932617,1,1
Y/Y345.jpg,Y,Y,0.9925680160522461,1,1
Y/Y349.jpg,Y,Y,0.9924027919769287,1,1
Y/Y350.jpg,Y,Y,0.9921756386756897,1,1
Y/Y351.jpg,Y,Y,0.9920758008956909,1,1
Y/Y352.jpg,Y,Y,0.9926803708076477,1,1
Y/Y353.jpg,Y,Y,0.9931235909461975,1,1
Y/Y357.jpg,Y,Y,0.9942928552627563,1,1
Y/Y360.jpg,Y,Y,0.994507372379303,1,1
Y/Y364.jpg,Y,Y,0.9945260882377625,2,1
Y/Y368.jpg,Y,Y,0.9947425127029419,1,1
Y/Y369.jpg,Y,Y,0.9948118925094604,1,1
Y/Y38.jpg,Y,Y,0.9923266172409058,1,1
Y/Y381.jpg,Y,Y,0.9941615462303162,1,1
Y/Y394.jpg,Y,Y,0.9937955141067505,1,1
Y/Y397.jpg,Y,Y,0.9939686059951782,1,1
Y/Y399.jpg,Y,Y,0.9939680099487305,1,1
Y/Y4.jpg,Y,Y,0.988532304763794,1,1
Y/Y40.jpg,Y,Y,0.99207603931427,1,1
Y/Y404.jpg,Y,Y,0.993740975856781,1,1
Y/Y405.jpg,Y,Y,0.9943311214447021,1,1
Y/Y411.jpg,Y,Y,0.9928801655769348,1,1
Y/Y412.jpg,Y,Y,0.994026780128479,1,1
Y/Y413.jpg,Y,Y,0.9936720132827759,1,1
Y/Y415.jpg,Y,Y,0.9930902123451233,1,1
Y/Y417.jpg,Y,Y,0.9928532242774963,1,1
Y/Y422.jpg,Y,Y,0.9939356446266174,1,1
Y/Y423.jpg,Y,Y,0.9933217167854309,1,1
Y/Y429.jpg,Y,Y,0.993461012840271,1,1
Y/Y435.jpg,Y,Y,0.9939326643943787,1,1
Y/Y437.jpg,Y,Y,0.9941552877426147,1,1
Y/Y445.jpg,Y,Y,0.9943456053733826,1,1
Y/Y447.jpg,Y,Y,0.9943827390670776,1,1
Y/Y453.jpg,Y,Y,0.9924694895744324,2,1
Y/Y458.jpg,Y,Y,0.9921162724494934,3,1
Y/Y46.jpg,Y,Y,0.9927575588226318,1,1
Y/Y461.jpg,Y,Y,0.9921371340751648,3,1
Y/Y468.jpg,Y,Y,0.9922125935554504,4,1
Y/Y475.jpg,Y,Y,0.9920738935470581,2,1
Y/Y477.jpg,Y,Y,0.9924706220626831,3,1
Y/Y485.jpg,Y,Y,0.9934020638465881,1,1
Y/Y489.jpg,Y,Y,0.9936593174934387,1,1
Y/Y495.jpg,Y,Y,0.9938303828239441,1,1
Y/Y501.jpg,Y,Y,0.9938662648200989,1,1
Y/Y508.jpg,Y,Y,0.9926199316978455,2,1
Y/Y513.jpg,Y,Y,0.9919196367263794,2,1
Y/Y519.jpg,Y,Y,0.9904680848121643,1,1
Y/Y52.jpg,Y,Y,0.9929389953613281,1,1
Y/Y538.jpg,Y,Y,0.9937362670898438,2,1
Y/Y540.jpg,Y,Y,0.9935717582702637,2,1
Y/Y548.jpg,Y,Y,0.9920879006385803,1,1
Y/Y557.jpg,Y,Y,0.9926854372024536,1,1
Y/Y572.jpg,Y,Y,0.9926419854164124,1,1
Y/Y573.jpg,Y,Y,0.9927841424942017,1,1
Y/Y574.jpg,Y,Y,0.9922723770141602,1,1
Y/Y577.jpg,Y,Y,0.9926437735557556,1,1
Y/Y579.jpg,Y,Y,0.9928271174430847,1,1
Y/Y584.jpg,Y,Y,0.9926533699035645,1,1
Y/Y589.jpg,Y,Y,0.9925008416175842,1,1
Y/Y591.jpg,Y,Y,0.9930890202522278,1,1
Y/Y596.jpg,Y,Y,0.992712140083313,1,1
Y/Y60.jpg,Y,Y,0.9926589131355286,1,1
Y/Y600.jpg,Y,Y,0.9933839440345764,1,1
Y/Y601.jpg,Y,Y,0.9936659932136536,1,1
Y/Y603.jpg,Y,Y,0.9939641356468201,1,1
Y/Y605.jpg,Y,Y,0.9941521286964417,1,1
Y/Y607.jpg,Y,Y,0.9941607117652893,1,1
Y/Y609.jpg,Y,Y,0.9944196343421936,1,1
Y/Y611.jpg,Y,Y,0.9940298795700073,1,1
Y/Y62.jpg,Y,Y,0.9921736717224121,1,1
Y/Y622.jpg,Y,Y,0.9937258362770081,1,1
Y/Y632.jpg,Y,Y,0.9941858053207397,1,1
Y/Y64.jpg,Y,Y,0.9916302561759949,1,1
Y/Y645.jpg,Y,Y,0.9937188625335693,1,1
Y/Y648.jpg,Y,Y,0.9933575987815857,1,1
Y/Y653.jpg,Y,Y,0.9939325451850891,1,1
Y/Y658.jpg,Y,Y,0.9921397566795349,1,1
Y/Y66.jpg,Y,Y,0.9910949468612671,1,1
Y/Y661.jpg,Y,Y,0.9932311773300171,1,1
Y/Y663.jpg,Y,Y,0.9927005767822266,1,1
Y/Y666.jpg,Y,Y,0.9921448826789856,1,1
Y/Y670.jpg,Y,Y,0.9925671815872192,1,1
Y/Y672.jpg,Y,Y,0.9928960204124451,1,1
Y/Y689.jpg,Y,Y,0.9913328289985657,1,1
Y/Y693.jpg,Y,Y,0.9908520579338074,1,1
Y/Y7.jpg,Y,Y,0.9906210899353027,1,1
Y/Y700.jpg,Y,Y,0.9916244149208069,1,1
Y/Y702.jpg,Y,Y,0.9911524653434753,1,1
Y/Y706.jpg,Y,Y,0.9921537041664124,1,1
Y/Y711.jpg,Y,Y,0.9920978546142578,2,1
Y/Y74.jpg,Y,Y,0.9916096329689026,1,1
Y/Y754.jpg,Y,Y,0.9902535080909729,1,1
Y/Y759.jpg,Y,Y,0.9907962083816528,1,1
Y/Y769.jpg,Y,Y,0.992459237575531,1,1
Y/Y784.jpg,Y,Y,0.9893023371696472,4,1
Y/Y791.jpg,Y,Y,0.9869076013565063,2,1
Y/Y796.jpg,Y,Y,0.9913691878318787,1,1
Y/Y799.jpg,Y,Y,0.9923481941223145,1,1
Y/Y800.jpg,Y,Y,0.9912871718406677,1,1
Y/Y815.jpg,Y,Y,0.9933021068572998,1,1
Y/Y82.jpg,Y,Y,0.9925087094306946,1,1
Y/Y821.jpg,Y,Y,0.9936582446098328,1,1
Y/Y824.jpg,Y,Y,0.9940916895866394,1,1
Y/Y832.jpg,Y,Y,0.994155764579773,1,1
Y/Y836.jpg,Y,Y,0.9942822456359863,1,1
Y/Y843.jpg,Y,Y,0.9931129813194275,1,1
Y/Y845.jpg,Y,Y,0.992387056350708,1,1
Y/Y847.jpg,Y,Y,0.9923449158668518,1,1
Y/Y848.jpg,Y,Y,0.9927200078964233,1,1
Y/Y852.jpg,Y,Y,0.9927968382835388,1,1
Y/Y856.jpg,Y,Y,0.9925047159194946,1,1
Y/Y868.jpg,Y,Y,0.9925013780593872,1,1
Y/Y871.jpg,Y,Y,0.99189692735672,1,1
Y/Y876.jpg,Y,Y,0.9927557110786438,1,1
Y/Y884.jpg,Y,Y,0.9910609126091003,2,1
Y/Y890.jpg,Y,Y,0.9899905920028687,2,1
Y/Y896.jpg,Y,Y,0.9915474057197571,2,1
Y/Y898.jpg,Y,Y,0.991041362285614,2,1
Y/Y9.jpg,Y,Y,0.9912732243537903,1,1
Y/Y90.jpg,Y,Y,0.9923629760742188,1,1
Y/Y905.jpg,Y,Y,0.9917967319488525,2,1
Y/Y908.jpg,Y,Y,0.991419792175293,2,1
Y/Y910.jpg,Y,Y,0.9914942979812622,2,1
Y/Y921.jpg,Y,Y,0.9895896315574646,1,1
Y/Y925.jpg,Y,Y,0.9919113516807556,1,1
Y/Y932.jpg,Y,Y,0.9913794994354248,1,1
Y/Y945.jpg,Y,Y,0.991630494594574,1,1
Y/Y948.jpg,Y,Y,0.9916664958000183,1,1
Y/Y952.jpg,Y,Y,0.9910709857940674,1,1
Y/Y953.jpg,Y,Y,0.9909130334854126,1,1
Y/Y965.jpg,Y,Y,0.9894117712974548,1,1
Y/Y970.jpg,Y,Y,0.9925845265388489,1,1
Y/Y98.jpg,Y,Y,0.9924814701080322,1,1
Y/Y984.jpg,Y,Y,0.9924659729003906,1,1
Y/Y995.jpg,Y,Y,0.992651641368866,1,1
Y/Y996.jpg,Y,Y,0.9935438632965088,1,1
Z/Z1.jpg,Z,Z,0.9280105233192444,1,1
Z/Z1003.jpg,Z,Z,0.9825640320777893,3,1
Z/Z101.jpg,Z,Z,0.976493775844574,3,1
Z/Z1015.jpg,Z,Z,0.9840143322944641,2,1
Z/Z1031.jpg,Z,Z,0.9824697971343994,2,1
Z/Z1033.jpg,Z,Z,0.9854360222816467,3,1
Z/Z1042.jpg,Z,Z,0.9780310988426208,2,1
Z/Z1054.jpg,Z,Z,0.9755411148071289,2,1
Z/Z1060.jpg,Z,Z,0.977776288986206,2,1
Z/Z1063.jpg,Z,Z,0.979945957660675,2,1
Z/Z1071.jpg,Z,Z,0.9868884682655334,4,1
Z/Z1072.jpg,Z,Z,0.9894766807556152,4,1
Z/Z1078.jpg,Z,Z,0.9880902767181396,4,1
Z/Z1084.jpg,Z,Z,0.986747145652771,3,1
Z/Z1087.jpg,Z,Z,0.9853362441062927,3,1
Z/Z1091.jpg,Z,Z,0.9853665828704834,2,1
Z/Z1095.jpg,Z,Z,0.9826835989952087,3,1
Z/Z1096.jpg,Z,Z,0.9833343625068665,2,1
Z/Z1099.jpg,Z,Z,0.9843065738677979,3,1
Z/Z1100.jpg,Z,Z,0.9818476438522339,2,1
Z/Z1109.jpg,Z,Z,0.9857537746429443,4,1
Z/Z112.jpg,Z,Z,0.9718884229660034,4,1
Z/Z1126.jpg,Z,Z,0.9765520095825195,4,1
Z/Z113.jpg,Z,Z,0.9728115200996399,5,1
Z/Z1130.jpg,Z,Z,0.9730368256568909,4,1
Z/Z1135.jpg,Z,Z,0.977146327495575,4,1
Z/Z1136.jpg,Z,Z,0.9786102771759033,5,1
Z/Z1139.jpg,Z,Z,0.9774969220161438,4,1
Z/Z1140.jpg,Z,Z,0.9759523272514343,4,1
Z/Z1142.jpg,Z,Z,0.9643256664276123,4,1
Z/Z1143.jpg,Z,Z,0.968417763710022,4,1
Z/Z1148.jpg,Z,Z,0.9653775691986084,4,1
Z/Z1154.jpg,Z,Z,0.9769130945205688,5,1
Z/Z116.jpg,Z,Z,0.9775661826133728,3,1
Z/Z1164.jpg,Z,Z,0.9491022825241089,4,1
Z/Z1168.jpg,Z,Z,0.9554586410522461,3,1
Z/Z1171.jpg,Z,Z,0.965362012386322,3,1
Z/Z1173.jpg,Z,Z,0.9535515904426575,3,1
Z/Z1174.jpg,Z,Z,0.94734787940979,3,1
Z/Z1175.jpg,Z,Z,0.8817686438560486,3,1
Z/Z1177.jpg,Z,Z,0.96427983045578,5,1
Z/Z1188.jpg,Z,Z,0.9817795157432556,5,1
Z/Z1189.jpg,Z,Z,0.9803910255432129,5,1
Z/Z1197.jpg,Z,Z,0.9833758473396301,3,1
Z/Z1198.jpg,Z,Z,0.9855204224586487,3,1
Z/Z1199.jpg,Z,Z,0.9839252233505249,3,1
Z/Z1204.jpg,Z,Z,0.9814436435699463,3,1
Z/Z1205.jpg,Z,Z,0.9821151494979858,3,1
Z/Z1207.jpg,Z,Z,0.9812315106391907,3,1
Z/Z121.jpg,Z,Z,0.9840927124023438,4,1
Z/Z1214.jpg,Z,Z,0.9830995798110962,4,1
Z/Z1215.jpg,Z,Z,0.9771414399147034,3,1
Z/Z1219.jpg,Z,Z,0.9797518849372864,4,1
Z/Z1220.jpg,Z,Z,0.9792314767837524,3,1
Z/Z1224.jpg,Z,Z,0.9782955050468445,3,1
Z/Z1238.jpg,Z,Z,0.9760165810585022,4,1
Z/Z124.jpg,Z,Z,0.9774770140647888,3,1
Z/Z1242.jpg,Z,Z,0.9787505865097046,4,1
Z/Z1243.jpg,Z,Z,0.9764109253883362,4,1
Z/Z1247.jpg,Z,Z,0.9783646464347839,4,1
Z/Z1253.jpg,Z,Z,0.9758877158164978,4,1
Z/Z1255.jpg,Z,Z,0.9763500094413757,3,1
Z/Z126.jpg,Z,Z,0.9780122637748718,2,1
Z/Z1260.jpg,Z,Z,0.9747292995452881,3,1
Z/Z1261.jpg,Z,Z,0.9733601808547974,3,1
Z/Z1263.jpg,Z,Z,0.9744700789451599,3,1
Z/Z1266.jpg,Z,Z,0.9736617207527161,3,1
Z/Z1272.jpg,Z,Z,0.9750622510910034,3,1
Z/Z1279.jpg,Z,Z,0.9751476049423218,2,1
Z/Z1285.jpg,Z,Z,0.9755399823188782,3,1
Z/Z1288.jpg,Z,Z,0.9762250185012817,3,1
Z/Z1299.jpg,Z,Z,0.9780148863792419,3,1
Z/Z1325.jpg,Z,Z,0.9873291254043579,3,1
Z/Z1329.jpg,Z,Z,0.9826876521110535,3,1
Z/Z133.jpg,Z,Z,0.9795621633529663,1,1
Z/Z1330.jpg,Z,Z,0.9805428981781006,3,1
Z/Z1333.jpg,Z,Z,0.9806503057479858,3,1
Z/Z1337.jpg,Z,Z,0.9796090722084045,3,1
Z/Z1345.jpg,Z,Z,0.9816409945487976,3,1
Z/Z1349.jpg,Z,Z,0.9872038960456848,3,1
Z/Z1357.jpg,Z,Z,0.9886283874511719,2,1
Z/Z137.jpg,Z,Z,0.9751038551330566,1,1
Z/Z1377.jpg,Z,Z,0.986721396446228,3,1
Z/Z1390.jpg,Z,Z,0.9881425499916077,3,1
Z/Z1391.jpg,Z,Z,0.9888128638267517,3,1
Z/Z140.jpg,Z,Z,0.9509714841842651,1,1
Z/Z1400.jpg,Z,Z,0.9895534515380859,3,1
Z/Z1401.jpg,Z,Z,0.9888344407081604,4,1
Z/Z1409.jpg,Z,Z,0.9880549311637878,2,1
Z/Z1410.jpg,Z,Z,0.9895471334457397,2,1
Z/Z1412.jpg,Z,Z,0.9901198148727417,2,1
Z/Z1422.jpg,Z,Z,0.987006425857544,3,1
Z/Z1423.jpg,Z,Z,0.9882138967514038,3,1
Z/Z1425.jpg,Z,Z,0.9866729974746704,2,1
Z/Z1429.jpg,Z,Z,0.9848139882087708,2,1
Z/Z1436.jpg,Z,Z,0.9872554540634155,2,1
Z/Z1446.jpg,Z,Z,0.9884703159332275,2,1
Z/Z1447.jpg,Z,Z,0.9886810779571533,2,1
Z/Z1455.jpg,Z,Z,0.9845459461212158,2,1
Z/Z1463.jpg,Z,Z,0.9859637022018433,3,1
Z/Z1476.jpg,Z,Z,0.979730486869812,5,1
Z/Z148.jpg,Z,Z,0.9619998335838318,1,1
Z/Z1484.jpg,Z,Z,0.9829958081245422,5,1
Z/Z1486.jpg,Z,Z,0.9828903079032898,5,1
Z/Z1488.jpg,Z,Z,0.9798371195793152,3,1
Z/Z1496.jpg,Z,Z,0.9792181253433228,3,1
Z/Z1503.jpg,Z,Z,0.9797542691230774,2,1
Z/Z1504.jpg,Z,Z,0.9771728515625,3,1
Z/Z1505.jpg,Z,Z,0.9794807434082031,2,1
Z/Z1508.jpg,Z,Z,0.9779174327850342,3,1
Z/Z1513.jpg,Z,Z,0.9817567467689514,3,1
Z/Z1517.jpg,Z,Z,0.9794167876243591,3,1
Z/Z1518.jpg,Z,Z,0.9791865348815918,3,1
Z/Z1519.jpg,Z,Z,0.9823265671730042,3,1
Z/Z1527.jpg,Z,Z,0.9832746386528015,3,1
Z/Z1529.jpg,Z,Z,0.9872837066650391,4,1
Z/Z153.jpg,Z,Z,0.8505581617355347,2,1
Z/Z1533.jpg,Z,Z,0.9868353605270386,4,1
Z/Z1536.jpg,Z,Z,0.987883985042572,3,1
Z/Z1543.jpg,Z,Z,0.9818244576454163,2,1
Z/Z1546.jpg,Z,Z,0.9828837513923645,2,1
Z/Z1557.jpg,Z,Z,0.9777477383613586,3,1
Z/Z1559.jpg,Z,Z,0.983069896697998,4,1
Z/Z156.jpg,Z,Z,0.8001655340194702,2,1
Z/Z1569.jpg,Z,Z,0.9806622266769409,2,1
Z/Z1578.jpg,Z,Z,0.9822503924369812,2,1
Z/Z158.jpg,Z,Z,0.8912931680679321,1,1
Z/Z1583.jpg,Z,Z,0.9870298504829407,2,1
Z/Z1584.jpg,Z,Z,0.9849867224693298,2,1
Z/Z1588.jpg,Z,Z,0.9849880933761597,2,1
Z/Z1589.jpg,Z,Z,0.9826797246932983,2,1
Z/Z1595.jpg,Z,Z,0.987713098526001,2,1
Z/Z1599.jpg,Z,Z,0.9870448708534241,2,1
Z/Z1602.jpg,Z,Z,0.9866657853126526,2,1
Z/Z1615.jpg,Z,Z,0.9874109625816345,3,1
Z/Z1620.jpg,Z,Z,0.9854651093482971,3,1
Z/Z1629.jpg,Z,Z,0.9813762903213501,2,1
Z/Z1630.jpg,Z,Z,0.9843394756317139,2,1
Z/Z1632.jpg,Z,Z,0.9803491830825806,2,1
Z/Z1635.jpg,Z,Z,0.9729703664779663,3,1
Z/Z164.jpg,Z,Z,0.9171933531761169,1,1
Z/Z1645.jpg,Z,Z,0.9809364080429077,3,1
Z/Z1654.jpg,Z,Z,0.980177640914917,3,1
Z/Z1655.jpg,Z,Z,0.9823344945907593,3,1
Z/Z1659.jpg,Z,Z,0.9847065806388855,3,1
Z/Z1660.jpg,Z,Z,0.9852821826934814,3,1
Z/Z1670.jpg,Z,Z,0.9876648783683777,5,1
Z/Z1671.jpg,Z,Z,0.9875109195709229,4,1
Z/Z1673.jpg,Z,Z,0.9841155409812927,4,1
Z/Z1674.jpg,Z,Z,0.9816392660140991,3,1
Z/Z1678.jpg,Z,Z,0.9784254431724548,4,1
Z/Z1680.jpg,Z,Z,0.9785721302032471,5,1
Z/Z1684.jpg,Z,Z,0.9780900478363037,4,1
Z/Z1686.jpg,Z,Z,0.9783604145050049,4,1
Z/Z1688.jpg,Z,Z,0.9794236421585083,3,1
Z/Z1690.jpg,Z,Z,0.9789798259735107,3,1
Z/Z1694.jpg,Z,Z,0.9759499430656433,5,1
Z/Z1695.jpg,Z,Z,0.975326418876648,5,1
Z/Z1698.jpg,Z,Z,0.9744459986686707,5,1
Z/Z1718.jpg,Z,Z,0.9781258702278137,5,1
Z/Z1719.jpg,Z,Z,0.9776176810264587,5,1
Z/Z1724.jpg,Z,Z,0.9790793657302856,5,1
Z/Z1737.jpg,Z,Z,0.9821531176567078,4,1
Z/Z174.jpg,Z,Z,0.9424774050712585,1,1
Z/Z1742.jpg,Z,Z,0.9866459369659424,5,1
Z/Z1744.jpg,Z,Z,0.985734224319458,4,1
Z/Z1747.jpg,Z,Z,0.9851611852645874,3,1
Z/Z1752.jpg,Z,Z,0.9859068393707275,4,1
Z/Z1755.jpg,Z,Z,0.9862517714500427,4,1
Z/Z1758.jpg,Z,Z,0.9857845902442932,6,1
Z/Z1759.jpg,Z,Z,0.9850719571113586,5,1
Z/Z1761.jpg,Z,Z,0.984892725944519,5,1
Z/Z1767.jpg,Z,Z,0.9834432005882263,4,1
Z/Z1771.jpg,Z,Z,0.9821880459785461,4,1
Z/Z1775.jpg,Z,Z,0.9869967699050903,3,1
Z/Z1776.jpg,Z,Z,0.9862686991691589,3,1
Z/Z1777.jpg,Z,Z,0.9873621463775635,5,1
Z/Z1784.jpg,Z,Z,0.9875246286392212,3,1
Z/Z1786.jpg,Z,Z,0.9897177219390869,4,1
Z/Z1787.jpg,Z,Z,0.9890105128288269,3,1
Z/Z1791.jpg,Z,Z,0.9891027212142944,5,1
Z/Z1792.jpg,Z,Z,0.987299382686615,3,1
Z/Z1793.jpg,Z,Z,0.9898005127906799,3,1
Z/Z1795.jpg,Z,Z,0.9883952140808105,5,1
Z/Z1799.jpg,Z,Z,0.9832210540771484,3,1
Z/Z1805.jpg,Z,Z,0.9839140176773071,4,1
Z/Z1806.jpg,Z,Z,0.9857471585273743,5,1
Z/Z1810.jpg,Z,Z,0.9850330948829651,4,1
Z/Z1821.jpg,Z,Z,0.988620400428772,3,1
Z/Z1830.jpg,Z,Z,0.9869899153709412,3,1
Z/Z1836.jpg,Z,Z,0.9888912439346313,3,1
Z/Z1841.jpg,Z,Z,0.9880586266517639,3,1
Z/Z1843.jpg,Z,Z,0.986497700214386,4,1
Z/Z1847.jpg,Z,Z,0.98642897605896,3,1
Z/Z1850.jpg,Z,Z,0.9853844046592712,4,1
Z/Z1853.jpg,Z,Z,0.9859656095504761,3,1
Z/Z1860.jpg,Z,Z,0.9839073419570923,3,1
Z/Z1869.jpg,Z,Z,0.9812071919441223,4,1
Z/Z1887.jpg,Z,Z,0.9780579209327698,4,1
Z/Z1888.jpg,Z,Z,0.9791269898414612,4,1
Z/Z1897.jpg,Z,Z,0.9795406460762024,3,1
Z/Z1898.jpg,Z,Z,0.9798365235328674,3,1
Z/Z1903.jpg,Z,Z,0.9833880662918091,7,1
Z/Z1909.jpg,Z,Z,0.9820882678031921,5,1
Z/Z1913.jpg,Z,Z,0.9785987138748169,4,1
Z/Z1915.jpg,Z,Z,0.9806424975395203,5,1
Z/Z1917.jpg,Z,Z,0.9813576340675354,5,1
Z/Z1922.jpg,Z,Z,0.9777881503105164,4,1
Z/Z1927.jpg,Z,Z,0.982607901096344,4,1
Z/Z1932.jpg,Z,Z,0.9874199032783508,5,1
Z/Z1933.jpg,Z,Z,0.9876298308372498,5,1
Z/Z1942.jpg,Z,Z,0.9859738349914551,4,1
Z/Z1946.jpg,Z,Z,0.9878854751586914,4,1
Z/Z1947.jpg,Z,Z,0.9870567917823792,5,1
Z/Z1949.jpg,Z,Z,0.9866010546684265,5,1
Z/Z1952.jpg,Z,Z,0.986873209476471,5,1
Z/Z196.jpg,Z,Z,0.9847884178161621,1,1
Z/Z1966.jpg,Z,Z,0.987569272518158,3,1
Z/Z1967.jpg,Z,Z,0.9866834282875061,3,1
Z/Z1968.jpg,Z,Z,0.9881453514099121,3,1
Z/Z1969.jpg,Z,Z,0.9840428233146667,3,1
Z/Z197.jpg,Z,Z,0.9860737323760986,1,1
Z/Z1974.jpg,Z,Z,0.9826055765151978,4,1
Z/Z1984.jpg,Z,Z,0.9868003129959106,2,1
Z/Z1989.jpg,Z,Z,0.9823197722434998,2,1
Z/Z1990.jpg,Z,Z,0.9811123609542847,2,1
Z/Z2002.jpg,Z,Z,0.9642763137817383,1,1
Z/Z2004.jpg,Z,Z,0.9789620041847229,2,1
Z/Z2005.jpg,Z,Z,0.9783155918121338,2,1
Z/Z2010.jpg,Z,Z,0.9776020646095276,2,1
Z/Z2019.jpg,Z,Z,0.9841959476470947,1,1
Z/Z2025.jpg,Z,Z,0.9834209084510803,3,1
Z/Z2032.jpg,Z,Z,0.985981822013855,3,1
Z/Z2042.jpg,Z,Z,0.9836562871932983,3,1
Z/Z2047.jpg,Z,Z,0.9792814254760742,3,1
Z/Z2051.jpg,Z,Z,0.9772407412528992,3,1
Z/Z2053.jpg,Z,Z,0.9797757863998413,3,1
Z/Z2055.jpg,Z,Z,0.9794115424156189,3,1
Z/Z2056.jpg,Z,Z,0.9826095104217529,3,1
Z/Z2059.jpg,Z,Z,0.985080897808075,4,1
Z/Z2063.jpg,Z,Z,0.9861944913864136,4,1
Z/Z2064.jpg,Z,Z,0.9852433204650879,3,1
Z/Z2073.jpg,Z,Z,0.9832190871238708,2,1
Z/Z208.jpg,Z,Z,0.9814034700393677,1,1
Z/Z2081.jpg,Z,Z,0.9813879728317261,2,1
Z/Z2099.jpg,Z,Z,0.982464611530304,3,1
Z/Z2113.jpg,Z,Z,0.9778022766113281,2,1
Z/Z2119.jpg,Z,Z,0.9729889631271362,2,1
Z/Z212.jpg,Z,Z,0.976617693901062,1,1
Z/Z2123.jpg,Z,Z,0.9460650086402893,2,1
Z/Z2125.jpg,Z,Z,0.9804020524024963,2,1
Z/Z2131.jpg,Z,Z,0.9806006550788879,2,1
Z/Z2138.jpg,Z,Z,0.9790804982185364,3,1
Z/Z2141.jpg,Z,Z,0.9834893941879272,3,1
Z/Z2143.jpg,Z,Z,0.982694685459137,3,1
Z/Z215.jpg,Z,Z,0.9844030141830444,1,1
Z/Z2163.jpg,Z,Z,0.9807525277137756,1,1
Z/Z2167.jpg,Z,Z,0.981393039226532,1,1
Z/Z217.jpg,Z,Z,0.9846909642219543,1,1
Z/Z2170.jpg,Z,Z,0.985572099685669,4,1
Z/Z2172.jpg,Z,Z,0.9871352314949036,4,1
Z/Z2182.jpg,Z,Z,0.9835492372512817,4,1
Z/Z2188.jpg,Z,Z,0.975074827671051,6,1
Z/Z2191.jpg,Z,Z,0.9779632687568665,4,1
Z/Z2195.jpg,Z,Z,0.9791432619094849,3,1
Z/Z2198.jpg,Z,Z,0.9775452613830566,3,1
Z/Z2200.jpg,Z,Z,0.9777241349220276,3,1
Z/Z2206.jpg,Z,Z,0.9774746298789978,4,1
Z/Z2214.jpg,Z,Z,0.9780642986297607,4,1
Z/Z2216.jpg,Z,Z,0.9780318140983582,4,1
Z/Z2218.jpg,Z,Z,0.9790412187576294,4,1
Z/Z2222.jpg,Z,Z,0.9795362949371338,3,1
Z/Z2224.jpg,Z,Z,0.9777922630310059,4,1
Z/Z2227.jpg,Z,Z,0.9818913340568542,5,1
Z/Z2228.jpg,Z,Z,0.9822762608528137,5,1
Z/Z2235.jpg,Z,Z,0.9816489815711975,2,1
Z/Z2245.jpg,Z,Z,0.9826565980911255,3,1
Z/Z2251.jpg,Z,Z,0.9836118817329407,3,1
Z/Z2270.jpg,Z,Z,0.9816660284996033,3,1
Z/Z2274.jpg,Z,Z,0.979255735874176,3,1
Z/Z228.jpg,Z,Z,0.981185257434845,1,1
Z/Z229.jpg,Z,Z,0.982635498046875,1,1
Z/Z2292.jpg,Z,Z,0.9817096590995789,2,1
Z/Z2294.jpg,Z,Z,0.9836534261703491,1,1
Z/Z2296.jpg,Z,Z,0.9824537634849548,1,1
Z/Z2299.jpg,Z,Z,0.9810267686843872,2,1
Z/Z2301.jpg,Z,Z,0.98017817735672,2,1
Z/Z2311.jpg,Z,Z,0.9816934466362,1,1
Z/Z2314.jpg,Z,Z,0.9823196530342102,1,1
Z/Z2317.jpg,Z,Z,0.9792519211769104,1,1
Z/Z2318.jpg,Z,Z,0.9801889657974243,2,1
Z/Z2319.jpg,Z,Z,0.9828764796257019,1,1
Z/Z2320.jpg,Z,Z,0.984752357006073,2,1
Z/Z2329.jpg,Z,Z,0.9832903146743774,2,1
Z/Z2334.jpg,Z,Z,0.9839097857475281,3,1
Z/Z2336.jpg,Z,Z,0.9848781228065491,3,1
Z/Z2353.jpg,Z,Z,0.9818443655967712,3,1
Z/Z2354.jpg,Z,Z,0.9831758737564087,3,1
Z/Z2355.jpg,Z,Z,0.9833977222442627,3,1
Z/Z2358.jpg,Z,Z,0.9826065897941589,3,1
Z/Z2360.jpg,Z,Z,0.9799587726593018,3,1
Z/Z2367.jpg,Z,Z,0.9758750200271606,3,1
Z/Z2375.jpg,Z,Z,0.9744232296943665,3,1
Z/Z2380.jpg,Z,Z,0.9299384951591492,3,1
Z/Z2383.jpg,Z,Z,0.9423778057098389,3,1
Z/Z2386.jpg,Z,Z,0.7886760234832764,3,1
Z/Z2390.jpg,Z,Z,0.9628407955169678,3,1
Z/Z2395.jpg,Z,Z,0.978667140007019,3,1
Z/Z2403.jpg,Z,Z,0.9842730760574341,3,1
Z/Z2404.jpg,Z,Z,0.9850897789001465,3,1
Z/Z2405.jpg,Z,Z,0.9864526391029358,2,1
Z/Z2414.jpg,Z,Z,0.9805573225021362,2,1
Z/Z2419.jpg,Z,Z,0.9839085936546326,2,1
Z/Z2435.jpg,Z,Z,0.984521210193634,2,1
Z/Z2437.jpg,Z,Z,0.9838690161705017,2,1
Z/Z244.jpg,Z,Z,0.9768575429916382,1,1
Z/Z2443.jpg,Z,Z,0.9834021329879761,2,1
Z/Z2445.jpg,Z,Z,0.9851480722427368,2,1
Z/Z2451.jpg,Z,Z,0.9844831824302673,3,1
Z/Z2459.jpg,Z,Z,0.9870041012763977,4,1
Z/Z246.jpg,Z,Z,0.9684805870056152,1,1
Z/Z2465.jpg,Z,Z,0.9875348806381226,2,1
Z/Z2466.jpg,Z,Z,0.9877008199691772,1,1
Z/Z2467.jpg,Z,Z,0.9864650964736938,2,1
Z/Z247.jpg,Z,Z,0.9684444665908813,1,1
Z/Z2473.jpg,Z,Z,0.9808493256568909,2,1
Z/Z2474.jpg,Z,Z,0.9829902648925781,2,1
Z/Z2475.jpg,Z,Z,0.9830581545829773,2,1
Z/Z2476.jpg,Z,Z,0.9832863807678223,2,1
Z/Z2485.jpg,Z,Z,0.9839597344398499,2,1
Z/Z2495.jpg,Z,Z,0.9834074378013611,2,1
Z/Z2498.jpg,Z,Z,0.9852008819580078,2,1
Z/Z2502.jpg,Z,Z,0.9854598641395569,1,1
Z/Z2505.jpg,Z,Z,0.9836836457252502,1,1
Z/Z2506.jpg,Z,Z,0.9837616086006165,1,1
Z/Z2515.jpg,Z,Z,0.9812340140342712,1,1
Z/Z2519.jpg,Z,Z,0.9819886684417725,1,1
Z/Z2526.jpg,Z,Z,0.9800068736076355,1,1
Z/Z2531.jpg,Z,Z,0.9803850650787354,1,1
Z/Z2534.jpg,Z,Z,0.9810757637023926,1,1
Z/Z2536.jpg,Z,Z,0.9801737070083618,1,1
Z/Z2545.jpg,Z,Z,0.9817168116569519,1,1
Z/Z2547.jpg,Z,Z,0.9817773699760437,1,1
Z/Z2548.jpg,Z,Z,0.9822530746459961,1,1
Z/Z2551.jpg,Z,Z,0.9838341474533081,1,1
Z/Z2558.jpg,Z,Z,0.9827802181243896,1,1
Z/Z2560.jpg,Z,Z,0.9831721782684326,1,1
Z/Z2572.jpg,Z,Z,0.9797705411911011,1,1
Z/Z2583.jpg,Z,Z,0.9827142357826233,1,1
Z/Z2600.jpg,Z,Z,0.9816496968269348,1,1
Z/Z2605.jpg,Z,Z,0.9815133810043335,1,1
Z/Z2614.jpg,Z,Z,0.9835867285728455,1,1
Z/Z2615.jpg,Z,Z,0.9837045073509216,1,1
Z/Z262.jpg,Z,Z,0.9810086488723755,1,1
Z/Z2620.jpg,Z,Z,0.9806061387062073,1,1
Z/Z2621.jpg,Z,Z,0.9811561107635498,1,1
Z/Z2625.jpg,Z,Z,0.9797573685646057,1,1
Z/Z2627.jpg,Z,Z,0.9820082187652588,1,1
Z/Z2635.jpg,Z,Z,0.9794408082962036,1,1
Z/Z2639.jpg,Z,Z,0.9772965312004089,1,1
Z/Z2644.jpg,Z,Z,0.9802529811859131,1,1
Z/Z2647.jpg,Z,Z,0.9789937734603882,1,1
Z/Z2649.jpg,Z,Z,0.9815236926078796,1,1
Z/Z2659.jpg,Z,Z,0.9815621972084045,1,1
Z/Z2663.jpg,Z,Z,0.9835683107376099,2,1
Z/Z2665.jpg,Z,Z,0.9838911890983582,1,1
Z/Z2666.jpg,Z,Z,0.9838222861289978,1,1
Z/Z2668.jpg,Z,Z,0.9834180474281311,2,1
Z/Z2679.jpg,Z,Z,0.983599066734314,4,1
Z/Z2680.jpg,Z,Z,0.9824641346931458,4,1
Z/Z2681.jpg,Z,Z,0.9817980527877808,3,1
Z/Z2690.jpg,Z,Z,0.9829050302505493,1,1
Z/Z2692.jpg,Z,Z,0.9829375147819519,1,1
Z/Z2699.jpg,Z,Z,0.9832626581192017,1,1
Z/Z2706.jpg,Z,Z,0.9838460683822632,3,1
Z/Z2707.jpg,Z,Z,0.9839228987693787,3,1
Z/Z2723.jpg,Z,Z,0.9837844371795654,3,1
Z/Z2730.jpg,Z,Z,0.9863840937614441,3,1
Z/Z2736.jpg,Z,Z,0.9834122657775879,3,1
Z/Z2739.jpg,Z,Z,0.9808305501937866,3,1
Z/Z274.jpg,Z,Z,0.9803081750869751,1,1
Z/Z2746.jpg,Z,Z,0.980609118938446,3,1
Z/Z275.jpg,Z,Z,0.9763312935829163,1,1
Z/Z2755.jpg,Z,Z,0.9790024757385254,3,1
Z/Z2759.jpg,Z,Z,0.9804317951202393,3,1
Z/Z2763.jpg,Z,Z,0.9821410179138184,4,1
Z/Z2765.jpg,Z,Z,0.984283447265625,3,1
Z/Z2767.jpg,Z,Z,0.9828019738197327,3,1
Z/Z2769.jpg,Z,Z,0.9805723428726196,2,1
Z/Z2770.jpg,Z,Z,0.9819604158401489,2,1
Z/Z2777.jpg,Z,Z,0.9769338965415955,2,1
Z/Z278.jpg,Z,Z,0.9788796305656433,1,1
Z/Z2782.jpg,Z,Z,0.9793603420257568,2,1
Z/Z2785.jpg,Z,Z,0.9800410866737366,2,1
Z/Z2787.jpg,Z,Z,0.9793053269386292,1,1
Z/Z2792.jpg,Z,Z,0.9835451245307922,1,1
Z/Z2795.jpg,Z,Z,0.985709547996521,1,1
Z/Z2801.jpg,Z,Z,0.9853294491767883,1,1
Z/Z2803.jpg,Z,Z,0.9863348007202148,1,1
Z/Z2809.jpg,Z,Z,0.9830471873283386,1,1
Z/Z2814.jpg,Z,Z,0.9828745126724243,3,1
Z/Z283.jpg,Z,Z,0.9782698154449463,1,1
Z/Z2838.jpg,Z,Z,0.9723157286643982,2,1
Z/Z2844.jpg,Z,Z,0.9812918901443481,1,1
Z/Z2851.jpg,Z,Z,0.9809346795082092,1,1
Z/Z2853.jpg,Z,Z,0.9822401404380798,1,1
Z/Z2854.jpg,Z,Z,0.9804285168647766,2,1
Z/Z2858.jpg,Z,Z,0.9752718806266785,3,1
Z/Z2861.jpg,Z,Z,0.9692006707191467,2,1
Z/Z287.jpg,Z,Z,0.9775670170783997,1,1
Z/Z2875.jpg,Z,Z,0.980394721031189,1,1
Z/Z2876.jpg,Z,Z,0.9801878333091736,2,1
Z/Z2882.jpg,Z,Z,0.9815297722816467,2,1
Z/Z2884.jpg,Z,Z,0.9845634698867798,1,1
Z/Z2895.jpg,Z,Z,0.9842284917831421,3,1
Z/Z2902.jpg,Z,Z,0.9802778363227844,5,1
Z/Z2903.jpg,Z,Z,0.9808216094970703,4,1
Z/Z2904.jpg,Z,Z,0.9821984171867371,5,1
Z/Z2910.jpg,Z,Z,0.9820950627326965,4,1
Z/Z2914.jpg,Z,Z,0.9823090434074402,3,1
Z/Z2919.jpg,Z,Z,0.9834324717521667,4,1
Z/Z2922.jpg,Z,Z,0.9838027954101562,4,1
Z/Z2925.jpg,Z,Z,0.9831902980804443,4,1
Z/Z2937.jpg,Z,Z,0.9847598671913147,4,1
Z/Z2941.jpg,Z,Z,0.9852538704872131,4,1
Z/Z2946.jpg,Z,Z,0.9857649207115173,4,1
Z/Z2947.jpg,Z,Z,0.986444890499115,3,1
Z/Z2949.jpg,Z,Z,0.9855452179908752,3,1
Z/Z2952.jpg,Z,Z,0.9852601289749146,3,1
Z/Z2953.jpg,Z,Z,0.9848183393478394,4,1
Z/Z2954.jpg,Z,Z,0.9843206405639648,4,1
Z/Z2959.jpg,Z,Z,0.9829952120780945,5,1
Z/Z2966.jpg,Z,Z,0.9826232194900513,3,1
Z/Z2970.jpg,Z,Z,0.9864686727523804,3,1
Z/Z2987.jpg,Z,Z,0.9576329588890076,2,1
Z/Z299.jpg,Z,Z,0.9824433326721191,1,1
Z/Z2991.jpg,Z,Z,0.8764714002609253,2,1
Z/Z2994.jpg,Z,Z,0.9546034336090088,1,1
Z/Z2995.jpg,Z,Z,0.9653187990188599,1,1
Z/Z2997.jpg,Z,Z,0.977006733417511,1,1
Z/Z300.jpg,Z,Z,0.9813350439071655,1,1
Z/Z307.jpg,Z,Z,0.9737705588340759,1,1
Z/Z308.jpg,Z,Z,0.9755141139030457,1,1
Z/Z309.jpg,Z,Z,0.9773622155189514,2,1
Z/Z31.jpg,Z,Z,0.9763849973678589,1,1
Z/Z314.jpg,Z,Z,0.9774764180183411,3,1
Z/Z320.jpg,Z,Z,0.975913405418396,3,1
Z/Z325.jpg,Z,Z,0.9779331684112549,3,1
Z/Z339.jpg,Z,Z,0.9750155806541443,3,1
Z/Z348.jpg,Z,Z,0.9571284651756287,3,1
Z/Z349.jpg,Z,Z,0.9420731067657471,3,1
Z/Z35.jpg,Z,Z,0.9876598715782166,1,1
Z/Z355.jpg,Z,Z,0.9642608761787415,2,1
Z/Z366.jpg,Z,Z,0.9527312517166138,3,1
Z/Z372.jpg,Z,Z,0.9298313856124878,3,1
Z/Z373.jpg,Z,Z,0.9198763370513916,3,1
Z/Z378.jpg,Z,Z,0.9345935583114624,3,1
Z/Z383.jpg,Z,Z,0.9430531859397888,3,1
Z/Z39.jpg,Z,Z,0.9822931885719299,1,1
Z/Z398.jpg,Z,Z,0.9536899328231812,3,1
Z/Z404.jpg,Z,Z,0.9739833474159241,2,1
Z/Z409.jpg,Z,Z,0.9840267896652222,2,1
Z/Z412.jpg,Z,Z,0.9843575954437256,2,1
Z/Z419.jpg,Z,Z,0.9797717928886414,2,1
Z/Z42.jpg,Z,Z,0.9833682179450989,1,1
Z/Z430.jpg,Z,Z,0.9817505478858948,2,1
Z/Z435.jpg,Z,Z,0.9762173295021057,2,1
Z/Z436.jpg,Z,Z,0.9768933057785034,2,1
Z/Z444.jpg,Z,Z,0.9784106016159058,2,1
Z/Z445.jpg,Z,Z,0.980246901512146,2,1
Z/Z45.jpg,Z,Z,0.9845665097236633,2,1
Z/Z466.jpg,Z,Z,0.9799984097480774,2,1
Z/Z467.jpg,Z,Z,0.9854806065559387,2,1
Z/Z469.jpg,Z,Z,0.982251763343811,1,1
Z/Z472.jpg,Z,Z,0.9852225184440613,2,1
Z/Z474.jpg,Z,Z,0.9853654503822327,2,1
Z/Z475.jpg,Z,Z,0.9851847887039185,2,1
Z/Z476.jpg,Z,Z,0.9846159815788269,2,1
Z/Z479.jpg,Z,Z,0.9836222529411316,2,1
Z/Z493.jpg,Z,Z,0.9829027652740479,2,1
Z/Z496.jpg,Z,Z,0.9846506118774414,2,1
Z/Z499.jpg,Z,Z,0.9834623336791992,2,1
Z/Z50.jpg,Z,Z,0.9839285612106323,1,1
Z/Z506.jpg,Z,Z,0.9797102212905884,2,1
Z/Z508.jpg,Z,Z,0.9795407652854919,2,1
Z/Z510.jpg,Z,Z,0.9752368330955505,2,1
Z/Z511.jpg,Z,Z,0.9799010157585144,2,1
Z/Z513.jpg,Z,Z,0.9764418601989746,1,1
Z/Z514.jpg,Z,Z,0.9797964692115784,1,1
Z/Z516.jpg,Z,Z,0.9759033918380737,1,1
Z/Z519.jpg,Z,Z,0.9764989018440247,1,1
Z/Z521.jpg,Z,Z,0.9773968458175659,1,1
Z/Z527.jpg,Z,Z,0.9440526366233826,2,1
Z/Z535.jpg,Z,Z,0.9548974633216858,1,1
Z/Z554.jpg,Z,Z,0.9872376918792725,2,1
Z/Z556.jpg,Z,Z,0.9843058586120605,2,1
Z/Z568.jpg,Z,Z,0.9756283760070801,2,1
Z/Z572.jpg,Z,Z,0.9793257713317871,2,1
Z/Z576.jpg,Z,Z,0.9805946946144104,2,1
Z/Z577.jpg,Z,Z,0.9835418462753296,2,1
Z/Z579.jpg,Z,Z,0.9846370220184326,2,1
Z/Z584.jpg,Z,Z,0.9786498546600342,2,1
Z/Z589.jpg,Z,Z,0.9456613063812256,2,1
Z/Z592.jpg,Z,Z,0.919734001159668,2,1
Z/Z610.jpg,Z,Z,0.9760575890541077,1,1
Z/Z62.jpg,Z,Z,0.9800376892089844,1,1
Z/Z620.jpg,Z,Z,0.9782045483589172,1,1
Z/Z621.jpg,Z,Z,0.9732431769371033,1,1
Z/Z624.jpg,Z,Z,0.9797480702400208,1,1
Z/Z628.jpg,Z,Z,0.9604949951171875,1,1
Z/Z631.jpg,Z,Z,0.9411190152168274,1,1
Z/Z634.jpg,Z,Z,0.952502429485321,1,1
Z/Z647.jpg,Z,Z,0.9717397093772888,1,1
Z/Z652.jpg,Z,Z,0.9740262031555176,2,1
Z/Z658.jpg,Z,Z,0.9699113368988037,2,1
Z/Z663.jpg,Z,Z,0.9759484529495239,1,1
Z/Z670.jpg,Z,Z,0.9639267325401306,1,1
Z/Z680.jpg,Z,Z,0.9352737665176392,1,1
Z/Z682.jpg,Z,Z,0.952522337436676,1,1
Z/Z69.jpg,Z,Z,0.9825426340103149,1,1
Z/Z693.jpg,Z,Z,0.9448567032814026,1,1
Z/Z698.jpg,Z,Z,0.9206392765045166,1,1
Z/Z701.jpg,Z,Z,0.9537182450294495,2,1
Z/Z702.jpg,Z,Z,0.9514647722244263,2,1
Z/Z704.jpg,Z,Z,0.9523866176605225,2,1
Z/Z707.jpg,Z,Z,0.903394341468811,2,1
Z/Z709.jpg,Z,Z,0.9373859763145447,2,1
Z/Z71.jpg,Z,Z,0.9839232563972473,1,1
Z/Z713.jpg,Z,Z,0.9473495483398438,2,1
Z/Z714.jpg,Z,Z,0.9615380764007568,2,1
Z/Z718.jpg,Z,Z,0.9696957468986511,2,1
Z/Z72.jpg,Z,Z,0.980215311050415,1,1
Z/Z723.jpg,Z,Z,0.9564116597175598,2,1
Z/Z725.jpg,Z,Z,0.9714106321334839,2,1
Z/Z726.jpg,Z,Z,0.9695814251899719,2,1
Z/Z729.jpg,Z,Z,0.9651719927787781,2,1
Z/Z733.jpg,Z,Z,0.9720216393470764,2,1
Z/Z738.jpg,Z,Z,0.9739567637443542,2,1
Z/Z739.jpg,Z,Z,0.9700208902359009,2,1
Z/Z743.jpg,Z,Z,0.9770191311836243,2,1
Z/Z745.jpg,Z,Z,0.9729358553886414,2,1
Z/Z746.jpg,Z,Z,0.9755222797393799,2,1
Z/Z753.jpg,Z,Z,0.9641305804252625,2,1
Z/Z756.jpg,Z,Z,0.9497411847114563,1,1
Z/Z758.jpg,Z,Z,0.9365746378898621,2,1
Z/Z760.jpg,Z,Z,0.9631674885749817,1,1
Z/Z761.jpg,Z,Z,0.9701350331306458,1,1
Z/Z767.jpg,Z,Z,0.9753615856170654,2,1
Z/Z768.jpg,Z,Z,0.9761782288551331,2,1
Z/Z770.jpg,Z,Z,0.9804248213768005,2,1
Z/Z776.jpg,Z,Z,0.9818046689033508,2,1
Z/Z778.jpg,Z,Z,0.9816691279411316,2,1
Z/Z78.jpg,Z,Z,0.9839414954185486,1,1
Z/Z780.jpg,Z,Z,0.983942449092865,2,1
Z/Z785.jpg,Z,Z,0.9856729507446289,2,1
Z/Z788.jpg,Z,Z,0.9809769988059998,2,1
Z/Z8.jpg,Z,Z,0.9671335816383362,1,1
Z/Z80.jpg,Z,Z,0.9809868931770325,1,1
Z/Z808.jpg,Z,Z,0.9777228832244873,2,1
Z/Z811.jpg,Z,Z,0.9798381328582764,2,1
Z/Z821.jpg,Z,Z,0.9839900732040405,2,1
Z/Z823.jpg,Z,Z,0.9816966652870178,1,1
Z/Z830.jpg,Z,Z,0.986035943031311,1,1
Z/Z833.jpg,Z,Z,0.9820912480354309,1,1
Z/Z835.jpg,Z,Z,0.9798152446746826,1,1
Z/Z836.jpg,Z,Z,0.9801406264305115,1,1
Z/Z837.jpg,Z,Z,0.9765281081199646,1,1
Z/Z838.jpg,Z,Z,0.9700012803077698,1,1
Z/Z839.jpg,Z,Z,0.9644490480422974,1,1
Z/Z84.jpg,Z,Z,0.9773564338684082,3,1
Z/Z842.jpg,Z,Z,0.9514843821525574,1,1
Z/Z854.jpg,Z,Z,0.9631117582321167,1,1
Z/Z855.jpg,Z,Z,0.9695863723754883,1,1
Z/Z86.jpg,Z,Z,0.9773795008659363,3,1
Z/Z870.jpg,Z,Z,0.9663541316986084,1,1
Z/Z877.jpg,Z,Z,0.9708700180053711,1,1
Z/Z884.jpg,Z,Z,0.9329036474227905,1,1
Z/Z885.jpg,Z,Z,0.9514957070350647,1,1
Z/Z887.jpg,Z,Z,0.9522673487663269,1,1
Z/Z896.jpg,Z,Z,0.9836106300354004,1,1
Z/Z9.jpg,Z,Z,0.975152850151062,1,1
Z/Z901.jpg,Z,Z,0.9793258905410767,1,1
Z/Z913.jpg,Z,Z,0.9791633486747742,1,1
Z/Z922.jpg,Z,Z,0.968860924243927,1,1
Z/Z926.jpg,Z,Z,0.9267877340316772,1,1
Z/Z927.jpg,Z,Z,0.8856751322746277,1,1
Z/Z930.jpg,Z,Z,0.9264716506004333,1,1
Z/Z938.jpg,Z,Z,0.9494021534919739,1,1
Z/Z939.jpg,Z,Z,0.9748364686965942,1,1
Z/Z941.jpg,Z,Z,0.9724630117416382,1,1
Z/Z950.jpg,Z,Z,0.9797974228858948,1,1
Z/Z952.jpg,Z,Z,0.9822774529457092,1,1
Z/Z955.jpg,Z,Z,0.981541633605957,1,1
Z/Z969.jpg,Z,Z,0.9787826538085938,1,1
Z/Z972.jpg,Z,Z,0.9833956956863403,1,1
Z/Z976.jpg,Z,Z,0.9871613383293152,2,1
Z/Z979.jpg,Z,Z,0.9837117791175842,1,1
Z/Z986.jpg,Z,Z,0.9789703488349915,2,1
Z/Z99.jpg,Z,Z,0.9728992581367493,3,1
Z/Z990.jpg,Z,Z,0.9708881974220276,1,1
del/del1001.jpg,delete,delete,0.9883117079734802,4,1
del/del1004.jpg,delete,delete,0.9875791668891907,3,1
del/del1010.jpg,delete,delete,0.9896445274353027,3,1
del/del1012.jpg,delete,delete,0.9893003106117249,3,1
del/del1016.jpg,delete,delete,0.9895867109298706,2,1
del/del1018.jpg,delete,delete,0.9891185760498047,2,1
del/del1020.jpg,delete,delete,0.9901531338691711,3,1
del/del1021.jpg,delete,delete,0.9887529611587524,2,1
del/del1026.jpg,delete,delete,0.9899685978889465,3,1
del/del103.jpg,delete,delete,0.9912722706794739,1,1
del/del1031.jpg,delete,delete,0.9868714809417725,2,1
del/del1033.jpg,delete,delete,0.9926234483718872,3,1
del/del1039.jpg,delete,delete,0.9892521500587463,2,1
del/del1043.jpg,delete,delete,0.9876713752746582,5,1
del/del1047.jpg,delete,delete,0.9897947907447815,2,1
del/del1050.jpg,delete,delete,0.9899095296859741,5,1
del/del1052.jpg,delete,delete,0.9879928827285767,3,1
del/del1054.jpg,delete,delete,0.9887251257896423,2,1
del/del1056.jpg,delete,delete,0.9899064898490906,2,1
del/del106.jpg,delete,delete,0.989050030708313,1,1
del/del1066.jpg,delete,delete,0.9885025024414062,2,1
del/del1067.jpg,delete,delete,0.9884613752365112,3,1
del/del1071.jpg,delete,delete,0.9883508682250977,3,1
del/del1075.jpg,delete,delete,0.9895301461219788,3,1
del/del1077.jpg,delete,delete,0.9894010424613953,4,1
del/del1078.jpg,delete,delete,0.9895824193954468,2,1
del/del1082.jpg,delete,delete,0.975262463092804,2,1
del/del1086.jpg,delete,delete,0.9865173101425171,2,1
del/del1088.jpg,delete,delete,0.9864925742149353,4,1
del/del1105.jpg,delete,delete,0.9875016212463379,4,1
del/del1108.jpg,delete,delete,0.9856658577919006,2,1
del/del111.jpg,delete,delete,0.9795002937316895,3,1
del/del1119.jpg,delete,delete,0.9884588122367859,2,1
del/del1120.jpg,delete,delete,0.987409234046936,5,1
del/del1125.jpg,delete,delete,0.9868167042732239,4,1
del/del1128.jpg,delete,delete,0.9902740120887756,5,1
del/del1136.jpg,delete,delete,0.9868272542953491,4,1
del/del1139.jpg,delete,delete,0.9786911010742188,4,1
del/del1140.jpg,delete,delete,0.9815003871917725,4,1
del/del1142.jpg,delete,delete,0.9839944839477539,4,1
del/del1150.jpg,delete,delete,0.9886043071746826,4,1
del/del1154.jpg,delete,delete,0.9010905623435974,5,1
del/del1155.jpg,delete,delete,0.9665254950523376,5,1
del/del1158.jpg,delete,delete,0.9831962585449219,4,1
del/del1164.jpg,delete,delete,0.9355142116546631,3,1
del/del1168.jpg,delete,delete,0.9686574339866638,4,1
del/del1175.jpg,delete,delete,0.9886309504508972,6,1
del/del1178.jpg,delete,delete,0.9890640377998352,5,1
del/del1181.jpg,delete,delete,0.9896636605262756,3,1
del/del1182.jpg,delete,delete,0.9881753921508789,4,1
del/del1195.jpg,delete,delete,0.9866999387741089,3,1
del/del1197.jpg,delete,delete,0.9857936501502991,2,1
del/del120.jpg,delete,delete,0.9688571095466614,2,1
del/del1209.jpg,delete,delete,0.9840970039367676,4,1
del/del1211.jpg,delete,delete,0.9839328527450562,4,1
del/del1212.jpg,delete,delete,0.9856172204017639,4,1
del/del1218.jpg,delete,delete,0.9851797819137573,4,1
del/del1219.jpg,delete,delete,0.9864565134048462,4,1
del/del1221.jpg,delete,delete,0.9849253296852112,4,1
del/del1226.jpg,delete,delete,0.9848035573959351,3,1
del/del1227.jpg,delete,delete,0.9855257868766785,3,1
del/del1229.jpg,delete,delete,0.9870581030845642,3,1
del/del1237.jpg,delete,delete,0.9851265549659729,3,1
del/del1238.jpg,delete,delete,0.9858188033103943,3,1
del/del1240.jpg,delete,delete,0.9856598377227783,4,1
del/del1244.jpg,delete,delete,0.9868321418762207,3,1
del/del1245.jpg,delete,delete,0.9882765412330627,4,1
del/del1247.jpg,delete,delete,0.9874769449234009,3,1
del/del1248.jpg,delete,delete,0.9876623153686523,5,1
del/del1249.jpg,delete,delete,0.9873290061950684,4,1
del/del1253.jpg,delete,delete,0.9876958131790161,4,1
del/del1257.jpg,delete,delete,0.9884874820709229,3,1
del/del1261.jpg,delete,delete,0.9880661964416504,4,1
del/del1274.jpg,delete,delete,0.9887841939926147,4,1
del/del1275.jpg,delete,delete,0.9887634515762329,4,1
del/del1279.jpg,delete,delete,0.9891942739486694,5,1
del/del1287.jpg,delete,delete,0.988030731678009,5,1
del/del1297.jpg,delete,delete,0.987986147403717,5,1
del/del1299.jpg,delete,delete,0.9885014295578003,4,1
del/del13.jpg,delete,delete,0.9825640320777893,1,1
del/del1300.jpg,delete,delete,0.9881728291511536,5,1
del/del1303.jpg,delete,delete,0.9835737943649292,3,1
del/del1305.jpg,delete,delete,0.9835135340690613,3,1
del/del1310.jpg,delete,delete,0.9695003032684326,4,1
del/del1316.jpg,delete,delete,0.9841198325157166,4,1
del/del1318.jpg,delete,delete,0.9827187061309814,4,1
del/del132.jpg,delete,delete,0.9793162941932678,1,1
del/del1329.jpg,delete,delete,0.9831960201263428,3,1
del/del1331.jpg,delete,delete,0.9799601435661316,3,1
del/del1332.jpg,delete,delete,0.9803849458694458,2,1
del/del1339.jpg,delete,delete,0.9808643460273743,2,1
del/del1340.jpg,delete,delete,0.9787396192550659,3,1
del/del1345.jpg,delete,delete,0.984119176864624,3,1
del/del1355.jpg,delete,delete,0.9890921115875244,3,1
del/del137.jpg,delete,delete,0.9761208891868591,1,1
del/del1377.jpg,delete,delete,0.9862070083618164,3,1
del/del1384.jpg,delete,delete,0.98497074842453,6,1
del/del1387.jpg,delete,delete,0.9849938750267029,4,1
del/del1389.jpg,delete,delete,0.9852681159973145,4,1
del/del139.jpg,delete,delete,0.9762606024742126,1,1
del/del1395.jpg,delete,delete,0.9866940975189209,5,1
del/del1407.jpg,delete,delete,0.9789758324623108,3,1
del/del1412.jpg,delete,delete,0.9855571389198303,3,1
del/del1414.jpg,delete,delete,0.981236457824707,4,1
del/del142.jpg,delete,delete,0.975326418876648,1,1
del/del1423.jpg,delete,delete,0.9818052649497986,3,1
del/del1425.jpg,delete,delete,0.9810577630996704,3,1
del/del1427.jpg,delete,delete,0.9840402007102966,3,1
del/del1430.jpg,delete,delete,0.9867339134216309,1,1
del/del1432.jpg,delete,delete,0.987055778503418,3,1
del/del1436.jpg,delete,delete,0.9882431626319885,4,1
del/del1444.jpg,delete,delete,0.9876246452331543,1,1
del/del1446.jpg,delete,delete,0.9868500232696533,2,1
del/del1450.jpg,delete,delete,0.9798580408096313,3,1
del/del1453.jpg,delete,delete,0.985318660736084,3,1
del/del1457.jpg,delete,delete,0.985056459903717,2,1
del/del1463.jpg,delete,delete,0.9868379235267639,2,1
del/del1465.jpg,delete,delete,0.988154411315918,3,1
del/del149.jpg,delete,delete,0.9834303855895996,1,1
del/del1494.jpg,delete,delete,0.9877267479896545,4,1
del/del1500.jpg,delete,delete,0.9890083074569702,5,1
del/del1511.jpg,delete,delete,0.9584363698959351,4,1
del/del1513.jpg,delete,delete,0.9673347473144531,3,1
del/del1517.jpg,delete,delete,0.9728142023086548,3,1
del/del1533.jpg,delete,delete,0.9740918278694153,4,1
del/del1534.jpg,delete,delete,0.9755840301513672,3,1
del/del1536.jpg,delete,delete,0.9762393236160278,3,1
del/del154.jpg,delete,delete,0.9789835810661316,1,1
del/del1541.jpg,delete,delete,0.9792718291282654,3,1
del/del1547.jpg,delete,delete,0.9701448678970337,3,1
del/del1553.jpg,delete,delete,0.9832444190979004,3,1
del/del1560.jpg,delete,delete,0.9784209132194519,5,1
del/del1565.jpg,delete,delete,0.9695214629173279,3,1
del/del1579.jpg,delete,delete,0.9766975045204163,4,1
del/del1580.jpg,delete,delete,0.9795715808868408,3,1
del/del1587.jpg,delete,delete,0.9832645058631897,3,1
del/del1591.jpg,delete,delete,0.9837430119514465,3,1
del/del1594.jpg,delete,delete,0.9843445420265198,3,1
del/del1596.jpg,delete,delete,0.9860529899597168,3,1
del/del1598.jpg,delete,delete,0.9851112961769104,3,1
del/del160.jpg,delete,delete,0.9784345626831055,1,1
del/del1603.jpg,delete,delete,0.9877066016197205,3,1
del/del1607.jpg,delete,delete,0.987857460975647,4,1
del/del1608.jpg,delete,delete,0.9894472360610962,5,1
del/del161.jpg,delete,delete,0.9805119037628174,1,1
del/del1626.jpg,delete,delete,0.9906498789787292,3,1
del/del163.jpg,delete,delete,0.9787392616271973,1,1
del/del1636.jpg,delete,delete,0.9865041971206665,3,1
del/del1641.jpg,delete,delete,0.9867408871650696,2,1
del/del1642.jpg,delete,delete,0.9874132871627808,2,1
del/del1643.jpg,delete,delete,0.987027645111084,2,1
del/del165.jpg,delete,delete,0.9777207970619202,1,1
del/del1653.jpg,delete,delete,0.9876418113708496,2,1
del/del1665.jpg,delete,delete,0.9846614003181458,2,1
del/del1677.jpg,delete,delete,0.9828447103500366,3,1
del/del1679.jpg,delete,delete,0.9827119708061218,3,1
del/del1681.jpg,delete,delete,0.9821309447288513,4,1
del/del1688.jpg,delete,delete,0.980787992477417,4,1
del/del169.jpg,delete,delete,0.9721164703369141,2,1
del/del1692.jpg,delete,delete,0.9751700758934021,2,1
del/del1693.jpg,delete,delete,0.9811128377914429,3,1
del/del1703.jpg,delete,delete,0.9850122928619385,3,1
del/del1704.jpg,delete,delete,0.9844152331352234,3,1
del/del1720.jpg,delete,delete,0.9824695587158203,2,1
del/del1721.jpg,delete,delete,0.9780339598655701,1,1
del/del1722.jpg,delete,delete,0.9856473207473755,4,1
del/del1724.jpg,delete,delete,0.9858232736587524,2,1
del/del1731.jpg,delete,delete,0.9854071140289307,3,1
del/del1733.jpg,delete,delete,0.9863264560699463,3,1
del/del1736.jpg,delete,delete,0.9864822626113892,2,1
del/del1737.jpg,delete,delete,0.9883925318717957,2,1
del/del1743.jpg,delete,delete,0.9855679273605347,2,1
del/del1746.jpg,delete,delete,0.9861428141593933,3,1
del/del1758.jpg,delete,delete,0.9845495223999023,2,1
del/del1761.jpg,delete,delete,0.9853126406669617,2,1
del/del1762.jpg,delete,delete,0.9847887754440308,4,1
del/del1769.jpg,delete,delete,0.9809569120407104,2,1
del/del1770.jpg,delete,delete,0.9824292659759521,3,1
del/del1774.jpg,delete,delete,0.9830480813980103,2,1
del/del1779.jpg,delete,delete,0.981234610080719,2,1
del/del1788.jpg,delete,delete,0.983796238899231,2,1
del/del1789.jpg,delete,delete,0.9842313528060913,3,1
del/del1799.jpg,delete,delete,0.985482931137085,5,1
del/del18.jpg,delete,delete,0.9851083159446716,2,1
del/del1800.jpg,delete,delete,0.9839646816253662,4,1
del/del1804.jpg,delete,delete,0.9835914373397827,4,1
del/del1805.jpg,delete,delete,0.9853711128234863,4,1
del/del1807.jpg,delete,delete,0.983829915523529,3,1
del/del1809.jpg,delete,delete,0.9865651726722717,5,1
del/del181.jpg,delete,delete,0.9781209826469421,2,1
del/del1813.jpg,delete,delete,0.9891383051872253,3,1
del/del1817.jpg,delete,delete,0.98997962474823,2,1
del/del1818.jpg,delete,delete,0.9903682470321655,5,1
del/del182.jpg,delete,delete,0.9808632135391235,2,1
del/del1821.jpg,delete,delete,0.9924659729003906,2,1
del/del1822.jpg,delete,delete,0.9926413893699646,2,1
del/del184.jpg,delete,delete,0.9750898480415344,2,1
del/del1841.jpg,delete,delete,0.9901902675628662,2,1
del/del1844.jpg,delete,delete,0.9898977279663086,4,1
del/del185.jpg,delete,delete,0.9774165153503418,1,1
del/del1851.jpg,delete,delete,0.9889739751815796,2,1
del/del1852.jpg,delete,delete,0.9895261526107788,3,1
del/del1853.jpg,delete,delete,0.9887441396713257,2,1
del/del1856.jpg,delete,delete,0.9897601008415222,2,1
del/del1857.jpg,delete,delete,0.9902808666229248,4,1
del/del1862.jpg,delete,delete,0.9891998767852783,5,1
del/del1867.jpg,delete,delete,0.9905226826667786,5,1
del/del1874.jpg,delete,delete,0.9885330200195312,5,1
del/del190.jpg,delete,delete,0.9619233012199402,2,1
del/del1903.jpg,delete,delete,0.9855551719665527,3,1
del/del1905.jpg,delete,delete,0.986397922039032,3,1
del/del1907.jpg,delete,delete,0.9851881265640259,3,1
del/del1917.jpg,delete,delete,0.9847427606582642,3,1
del/del1918.jpg,delete,delete,0.9844666719436646,4,1
del/del1919.jpg,delete,delete,0.9830070734024048,3,1
del/del1920.jpg,delete,delete,0.9841554164886475,3,1
del/del1922.jpg,delete,delete,0.9837989807128906,2,1
del/del1925.jpg,delete,delete,0.9842808246612549,3,1
del/del193.jpg,delete,delete,0.963401198387146,1,1
del/del1932.jpg,delete,delete,0.9884805679321289,3,1
del/del1935.jpg,delete,delete,0.9880903959274292,2,1
del/del194.jpg,delete,delete,0.9764208197593689,1,1
del/del1946.jpg,delete,delete,0.9871816635131836,3,1
del/del1953.jpg,delete,delete,0.9840810298919678,2,1
del/del197.jpg,delete,delete,0.9820340871810913,1,1
del/del1974.jpg,delete,delete,0.7355481386184692,4,1
del/del1975.jpg,delete,delete,0.9829677939414978,4,1
del/del1979.jpg,delete,delete,0.9844691157341003,2,1
del/del1986.jpg,delete,delete,0.9865509271621704,3,1
del/del1992.jpg,delete,delete,0.9872409701347351,3,1
del/del2017.jpg,delete,delete,0.9292676448822021,2,1
del/del2019.jpg,delete,delete,0.9562954902648926,3,1
del/del202.jpg,delete,delete,0.9808331727981567,2,1
del/del2023.jpg,delete,delete,0.9489128589630127,2,1
del/del2024.jpg,delete,delete,0.9189261198043823,4,1
del/del2030.jpg,delete,delete,0.9870693683624268,2,1
del/del2031.jpg,delete,delete,0.9901729822158813,3,1
del/del2039.jpg,delete,delete,0.9869149327278137,1,1
del/del2040.jpg,delete,delete,0.98897784948349,2,1
del/del2046.jpg,delete,delete,0.9843331575393677,2,1
del/del2049.jpg,delete,delete,0.9862724542617798,3,1
del/del2051.jpg,delete,delete,0.9852187037467957,2,1
del/del2061.jpg,delete,delete,0.9768149256706238,3,1
del/del2067.jpg,delete,delete,0.980412483215332,2,1
del/del2074.jpg,delete,delete,0.9323619604110718,2,1
del/del2075.jpg,delete,delete,0.9551103115081787,2,1
del/del2085.jpg,delete,delete,0.986644446849823,2,1
del/del2087.jpg,delete,delete,0.9868977069854736,2,1
del/del2094.jpg,delete,delete,0.9420524835586548,1,1
del/del21.jpg,delete,delete,0.9903994202613831,1,1
del/del2108.jpg,delete,delete,0.8645407557487488,1,1
del/del2115.jpg,delete,delete,0.9828330874443054,2,1
del/del2120.jpg,delete,delete,0.9861173033714294,3,1
del/del2121.jpg,delete,delete,0.9794274568557739,4,1
del/del2129.jpg,delete,delete,0.9805591702461243,5,1
del/del213.jpg,delete,delete,0.9871512651443481,2,1
del/del2133.jpg,delete,delete,0.9861040711402893,3,1
del/del2134.jpg,delete,delete,0.9836974740028381,4,1
del/del2139.jpg,delete,delete,0.985268235206604,4,1
del/del214.jpg,delete,delete,0.9857164025306702,2,1
del/del2169.jpg,delete,delete,0.9873815178871155,4,1
del/del2171.jpg,delete,delete,0.9869548678398132,5,1
del/del2173.jpg,delete,delete,0.9870941042900085,4,1
del/del2176.jpg,delete,delete,0.9882886409759521,4,1
del/del218.jpg,delete,delete,0.9839999079704285,2,1
del/del2185.jpg,delete,delete,0.9869697093963623,3,1
del/del2191.jpg,delete,delete,0.9891905784606934,3,1
del/del2198.jpg,delete,delete,0.9905704259872437,4,1
del/del2203.jpg,delete,delete,0.989296019077301,4,1
del/del2211.jpg,delete,delete,0.9883257150650024,3,1
del/del2215.jpg,delete,delete,0.9876277446746826,3,1
del/del2229.jpg,delete,delete,0.9905071258544922,4,1
del/del2235.jpg,delete,delete,0.9884422421455383,3,1
del/del2236.jpg,delete,delete,0.9888659119606018,4,1
del/del2242.jpg,delete,delete,0.988831639289856,3,1
del/del2246.jpg,delete,delete,0.9844968318939209,2,1
del/del2248.jpg,delete,delete,0.984701931476593,3,1
del/del2255.jpg,delete,delete,0.9389408230781555,4,1
del/del2256.jpg,delete,delete,0.9178141355514526,4,1
del/del2257.jpg,delete,delete,0.9635432958602905,5,1
del/del2268.jpg,delete,delete,0.9827494621276855,9,1
del/del2271.jpg,delete,delete,0.9868597388267517,5,1
del/del2272.jpg,delete,delete,0.9830581545829773,6,1
del/del2282.jpg,delete,delete,0.9868735671043396,4,1
del/del229.jpg,delete,delete,0.980694055557251,1,1
del/del2294.jpg,delete,delete,0.9762852787971497,5,1
del/del2305.jpg,delete,delete,0.980751633644104,5,1
del/del2307.jpg,delete,delete,0.9816996455192566,5,1
del/del2308.jpg,delete,delete,0.9864934682846069,3,1
del/del2309.jpg,delete,delete,0.9793761968612671,4,1
del/del2315.jpg,delete,delete,0.9489952325820923,5,1
del/del2322.jpg,delete,delete,0.9788925647735596,7,1
del/del2325.jpg,delete,delete,0.9862832427024841,5,1
del/del2343.jpg,delete,delete,0.988564133644104,4,1
del/del2349.jpg,delete,delete,0.9904085397720337,3,1
del/del2350.jpg,delete,delete,0.9918379187583923,4,1
del/del2364.jpg,delete,delete,0.9887694120407104,4,1
del/del2369.jpg,delete,delete,0.9873139262199402,5,1
del/del2379.jpg,delete,delete,0.98788982629776,4,1
del/del2380.jpg,delete,delete,0.9854474663734436,4,1
del/del2384.jpg,delete,delete,0.9797155857086182,5,1
del/del2390.jpg,delete,delete,0.8488335609436035,4,1
del/del2394.jpg,delete,delete,0.9846254587173462,4,1
del/del240.jpg,delete,delete,0.9790290594100952,2,1
del/del2400.jpg,delete,delete,0.983604371547699,3,1
del/del2406.jpg,delete,delete,0.9802048802375793,3,1
del/del2407.jpg,delete,delete,0.9845181107521057,3,1
del/del2408.jpg,delete,delete,0.9826815724372864,4,1
del/del2416.jpg,delete,delete,0.9835530519485474,4,1
del/del2417.jpg,delete,delete,0.9856066703796387,5,1
del/del242.jpg,delete,delete,0.986523449420929,1,1
del/del2421.jpg,delete,delete,0.9829856753349304,5,1
del/del2423.jpg,delete,delete,0.9862920045852661,4,1
del/del2425.jpg,delete,delete,0.9881529211997986,4,1
del/del2428.jpg,delete,delete,0.9877206683158875,3,1
del/del243.jpg,delete,delete,0.9836623072624207,1,1
del/del2432.jpg,delete,delete,0.9874359369277954,4,1
del/del2440.jpg,delete,delete,0.9898352026939392,2,1
del/del2441.jpg,delete,delete,0.990349292755127,3,1
del/del2448.jpg,delete,delete,0.9892793297767639,2,1
del/del2450.jpg,delete,delete,0.989840030670166,1,1
del/del2456.jpg,delete,delete,0.9867632985115051,3,1
del/del2459.jpg,delete,delete,0.9878908395767212,4,1
del/del246.jpg,delete,delete,0.976691722869873,1,1
del/del2473.jpg,delete,delete,0.9885077476501465,3,1
del/del2474.jpg,delete,delete,0.9888327121734619,4,1
del/del2478.jpg,delete,delete,0.9897940158843994,3,1
del/del2479.jpg,delete,delete,0.989361584186554,4,1
del/del2485.jpg,delete,delete,0.9882450103759766,4,1
del/del2497.jpg,delete,delete,0.9871730804443359,3,1
del/del2499.jpg,delete,delete,0.989600419998169,4,1
del/del2508.jpg,delete,delete,0.9890640377998352,4,1
del/del2509.jpg,delete,delete,0.9889601469039917,4,1
del/del2512.jpg,delete,delete,0.9883154630661011,4,1
del/del252.jpg,delete,delete,0.9860621094703674,2,1
del/del2521.jpg,delete,delete,0.9862108826637268,3,1
del/del2523.jpg,delete,delete,0.987190306186676,2,1
del/del2533.jpg,delete,delete,0.9852971434593201,3,1
del/del254.jpg,delete,delete,0.9867201447486877,2,1
del/del2547.jpg,delete,delete,0.9833479523658752,3,1
del/del2554.jpg,delete,delete,0.9829786419868469,3,1
del/del2555.jpg,delete,delete,0.9821617603302002,4,1
del/del2556.jpg,delete,delete,0.9828109741210938,3,1
del/del2574.jpg,delete,delete,0.9840388894081116,4,1
del/del2578.jpg,delete,delete,0.9844846725463867,4,1
del/del2581.jpg,delete,delete,0.9830070734024048,4,1
del/del2583.jpg,delete,delete,0.9847888946533203,4,1
del/del2584.jpg,delete,delete,0.9861846566200256,3,1
del/del2592.jpg,delete,delete,0.9862491488456726,3,1
del/del260.jpg,delete,delete,0.9877533316612244,2,1
del/del2600.jpg,delete,delete,0.9865723848342896,4,1
del/del2602.jpg,delete,delete,0.9859558343887329,4,1
del/del2606.jpg,delete,delete,0.986242949962616,4,1
del/del2607.jpg,delete,delete,0.9864585995674133,4,1
del/del2614.jpg,delete,delete,0.9859370589256287,4,1
del/del2623.jpg,delete,delete,0.9859259724617004,2,1
del/del2630.jpg,delete,delete,0.9866785407066345,2,1
del/del2632.jpg,delete,delete,0.9875041842460632,2,1
del/del2636.jpg,delete,delete,0.989672064781189,2,1
del/del2639.jpg,delete,delete,0.9897951483726501,2,1
del/del2647.jpg,delete,delete,0.9891011118888855,2,1
del/del2649.jpg,delete,delete,0.9891045093536377,3,1
del/del265.jpg,delete,delete,0.9880560636520386,1,1
del/del2667.jpg,delete,delete,0.9785051345825195,5,1
del/del2668.jpg,delete,delete,0.9760776162147522,6,1
del/del2670.jpg,delete,delete,0.9754899740219116,5,1
del/del2671.jpg,delete,delete,0.9758839011192322,5,1
del/del2680.jpg,delete,delete,0.9759530425071716,5,1
del/del2683.jpg,delete,delete,0.980038046836853,5,1
del/del2684.jpg,delete,delete,0.9803956151008606,5,1
del/del2689.jpg,delete,delete,0.9814281463623047,5,1
del/del2694.jpg,delete,delete,0.9833870530128479,4,1
del/del2695.jpg,delete,delete,0.9809069037437439,3,1
del/del2697.jpg,delete,delete,0.981859028339386,3,1
del/del2698.jpg,delete,delete,0.982461154460907,4,1
del/del270.jpg,delete,delete,0.9925463795661926,1,1
del/del2703.jpg,delete,delete,0.9815707802772522,5,1
del/del2704.jpg,delete,delete,0.9805373549461365,5,1
del/del2708.jpg,delete,delete,0.9823881983757019,4,1
del/del2719.jpg,delete,delete,0.9858179688453674,3,1
del/del2728.jpg,delete,delete,0.9879339933395386,3,1
del/del2731.jpg,delete,delete,0.9879949688911438,4,1
del/del2737.jpg,delete,delete,0.9882175326347351,4,1
del/del2747.jpg,delete,delete,0.9868143796920776,3,1
del/del2748.jpg,delete,delete,0.9846269488334656,3,1
del/del2754.jpg,delete,delete,0.977108895778656,2,1
del/del2759.jpg,delete,delete,0.9857043027877808,2,1
del/del2762.jpg,delete,delete,0.9858059287071228,2,1
del/del2766.jpg,delete,delete,0.983808696269989,3,1
del/del2767.jpg,delete,delete,0.9845260381698608,3,1
del/del2768.jpg,delete,delete,0.9856812953948975,3,1
del/del277.jpg,delete,delete,0.9913963675498962,1,1
del/del2770.jpg,delete,delete,0.9861811995506287,4,1
del/del2780.jpg,delete,delete,0.9851651191711426,2,1
del/del2787.jpg,delete,delete,0.9849148988723755,5,1
del/del2790.jpg,delete,delete,0.9830729961395264,3,1
del/del2791.jpg,delete,delete,0.982958972454071,3,1
del/del2793.jpg,delete,delete,0.9836905598640442,3,1
del/del2796.jpg,delete,delete,0.9854572415351868,3,1
del/del2797.jpg,delete,delete,0.9850978851318359,3,1
del/del2798.jpg,delete,delete,0.9877633452415466,2,1
del/del280.jpg,delete,delete,0.9897716641426086,1,1
del/del2800.jpg,delete,delete,0.9856094717979431,2,1
del/del2801.jpg,delete,delete,0.9873110055923462,2,1
del/del2803.jpg,delete,delete,0.9869345426559448,2,1
del/del2814.jpg,delete,delete,0.9878646731376648,1,1
del/del2819.jpg,delete,delete,0.9882879853248596,1,1
del/del2820.jpg,delete,delete,0.988495945930481,1,1
del/del2821.jpg,delete,delete,0.9888250231742859,1,1
del/del2824.jpg,delete,delete,0.9878566265106201,1,1
del/del2847.jpg,delete,delete,0.9899955987930298,2,1
del/del2850.jpg,delete,delete,0.9905973076820374,2,1
del/del2851.jpg,delete,delete,0.990633487701416,2,1
del/del2859.jpg,delete,delete,0.9907676577568054,1,1
del/del2860.jpg,delete,delete,0.9900853633880615,1,1
del/del2870.jpg,delete,delete,0.9889910221099854,1,1
del/del2879.jpg,delete,delete,0.986153244972229,1,1
del/del288.jpg,delete,delete,0.9872915148735046,1,1
del/del2880.jpg,delete,delete,0.984533429145813,3,1
del/del2889.jpg,delete,delete,0.9683558344841003,5,1
del/del2896.jpg,delete,delete,0.9673530459403992,6,1
del/del2905.jpg,delete,delete,0.9799652099609375,2,1
del/del2912.jpg,delete,delete,0.9896367192268372,1,1
del/del2915.jpg,delete,delete,0.9899780750274658,2,1
del/del2918.jpg,delete,delete,0.9907467365264893,2,1
del/del2925.jpg,delete,delete,0.9911438226699829,3,1
del/del2934.jpg,delete,delete,0.9885664582252502,3,1
del/del2945.jpg,delete,delete,0.9885529279708862,3,1
del/del2974.jpg,delete,delete,0.9862929582595825,2,1
del/del2975.jpg,delete,delete,0.9867165088653564,2,1
del/del2978.jpg,delete,delete,0.9860731363296509,2,1
del/del2983.jpg,delete,delete,0.9874930381774902,2,1
del/del2984.jpg,delete,delete,0.9902021288871765,2,1
del/del2985.jpg,delete,delete,0.9896397590637207,1,1
del/del3000.jpg,delete,delete,0.988493025302887,2,1
del/del306.jpg,delete,delete,0.9839038848876953,3,1
del/del308.jpg,delete,delete,0.9848906397819519,3,1
del/del320.jpg,delete,delete,0.9827970266342163,4,1
del/del321.jpg,delete,delete,0.9821301102638245,4,1
del/del322.jpg,delete,delete,0.9831942915916443,4,1
del/del330.jpg,delete,delete,0.9852058291435242,3,1
del/del333.jpg,delete,delete,0.9851357340812683,3,1
del/del343.jpg,delete,delete,0.9883055686950684,3,1
del/del349.jpg,delete,delete,0.9864146113395691,1,1
del/del363.jpg,delete,delete,0.9861885905265808,1,1
del/del365.jpg,delete,delete,0.9799299240112305,1,1
del/del369.jpg,delete,delete,0.981648325920105,1,1
del/del373.jpg,delete,delete,0.9774851202964783,2,1
del/del377.jpg,delete,delete,0.9780141115188599,2,1
del/del38.jpg,delete,delete,0.990199089050293,1,1
del/del390.jpg,delete,delete,0.9823029637336731,1,1
del/del398.jpg,delete,delete,0.9873235821723938,1,1
del/del40.jpg,delete,delete,0.9885286688804626,1,1
del/del402.jpg,delete,delete,0.984315812587738,1,1
del/del403.jpg,delete,delete,0.9851491451263428,1,1
del/del405.jpg,delete,delete,0.9868128895759583,1,1
del/del41.jpg,delete,delete,0.987837016582489,1,1
del/del427.jpg,delete,delete,0.9898386001586914,4,1
del/del435.jpg,delete,delete,0.9889168739318848,1,1
del/del436.jpg,delete,delete,0.9897045493125916,2,1
del/del438.jpg,delete,delete,0.9878925085067749,2,1
del/del440.jpg,delete,delete,0.9857266545295715,2,1
del/del446.jpg,delete,delete,0.9868181943893433,2,1
del/del447.jpg,delete,delete,0.9879395961761475,2,1
del/del45.jpg,delete,delete,0.9888681173324585,2,1
del/del451.jpg,delete,delete,0.9863036274909973,3,1
del/del456.jpg,delete,delete,0.9874783754348755,2,1
del/del459.jpg,delete,delete,0.9845404028892517,2,1
del/del460.jpg,delete,delete,0.9860082268714905,3,1
del/del464.jpg,delete,delete,0.9867183566093445,3,1
del/del466.jpg,delete,delete,0.9878931641578674,2,1
del/del474.jpg,delete,delete,0.987622857093811,4,1
del/del477.jpg,delete,delete,0.9884139895439148,4,1
del/del478.jpg,delete,delete,0.9909188747406006,5,1
del/del486.jpg,delete,delete,0.9906630516052246,5,1
del/del499.jpg,delete,delete,0.9905023574829102,3,1
del/del5.jpg,delete,delete,0.9837628602981567,1,1
del/del501.jpg,delete,delete,0.9907674193382263,3,1
del/del503.jpg,delete,delete,0.9906861186027527,3,1
del/del510.jpg,delete,delete,0.9888038039207458,4,1
del/del511.jpg,delete,delete,0.9881899356842041,2,1
del/del517.jpg,delete,delete,0.9878630638122559,2,1
del/del518.jpg,delete,delete,0.9877235889434814,2,1
del/del524.jpg,delete,delete,0.9879627823829651,3,1
del/del53.jpg,delete,delete,0.9884247779846191,1,1
del/del533.jpg,delete,delete,0.9851787686347961,3,1
del/del535.jpg,delete,delete,0.9863243699073792,2,1
del/del537.jpg,delete,delete,0.9882341623306274,3,1
del/del539.jpg,delete,delete,0.9875097274780273,3,1
del/del543.jpg,delete,delete,0.9884089231491089,3,1
del/del544.jpg,delete,delete,0.9889956712722778,3,1
del/del554.jpg,delete,delete,0.9873846769332886,3,1
del/del566.jpg,delete,delete,0.988239049911499,2,1
del/del567.jpg,delete,delete,0.987827479839325,2,1
del/del571.jpg,delete,delete,0.9825543761253357,2,1
del/del574.jpg,delete,delete,0.9861232042312622,3,1
del/del578.jpg,delete,delete,0.988003134727478,2,1
del/del591.jpg,delete,delete,0.9861008524894714,2,1
del/del594.jpg,delete,delete,0.967082142829895,3,1
del/del595.jpg,delete,delete,0.9658267498016357,4,1
del/del6.jpg,delete,delete,0.9825786352157593,1,1
del/del604.jpg,delete,delete,0.9877069592475891,2,1
del/del605.jpg,delete,delete,0.9879081845283508,3,1
del/del610.jpg,delete,delete,0.9876433610916138,3,1
del/del611.jpg,delete,delete,0.9887887835502625,2,1
del/del626.jpg,delete,delete,0.9887614846229553,4,1
del/del628.jpg,delete,delete,0.988115668296814,4,1
del/del63.jpg,delete,delete,0.9888289570808411,1,1
del/del637.jpg,delete,delete,0.9842948913574219,4,1
del/del638.jpg,delete,delete,0.9811074733734131,3,1
del/del642.jpg,delete,delete,0.9858933687210083,3,1
del/del644.jpg,delete,delete,0.9859256148338318,3,1
del/del645.jpg,delete,delete,0.985704779624939,4,1
del/del647.jpg,delete,delete,0.9849438071250916,3,1
del/del648.jpg,delete,delete,0.9875245094299316,2,1
del/del651.jpg,delete,delete,0.9847143292427063,1,1
del/del653.jpg,delete,delete,0.9865027666091919,1,1
del/del665.jpg,delete,delete,0.9892311692237854,1,1
del/del667.jpg,delete,delete,0.989302933216095,3,1
del/del67.jpg,delete,delete,0.9915476441383362,1,1
del/del670.jpg,delete,delete,0.9892983436584473,4,1
del/del677.jpg,delete,delete,0.9813473224639893,4,1
del/del682.jpg,delete,delete,0.9794929623603821,3,1
del/del685.jpg,delete,delete,0.9793277382850647,3,1
del/del687.jpg,delete,delete,0.9816369414329529,3,1
del/del689.jpg,delete,delete,0.9807326197624207,3,1
del/del691.jpg,delete,delete,0.980983316898346,3,1
del/del692.jpg,delete,delete,0.9785852432250977,4,1
del/del694.jpg,delete,delete,0.9821943640708923,3,1
del/del696.jpg,delete,delete,0.9822445511817932,3,1
del/del700.jpg,delete,delete,0.9824441075325012,3,1
del/del701.jpg,delete,delete,0.9809819459915161,3,1
del/del704.jpg,delete,delete,0.9781789183616638,2,1
del/del707.jpg,delete,delete,0.9837893843650818,3,1
del/del711.jpg,delete,delete,0.9793140292167664,3,1
del/del718.jpg,delete,delete,0.9840567111968994,4,1
del/del724.jpg,delete,delete,0.9887748956680298,2,1
del/del730.jpg,delete,delete,0.9376174211502075,2,1
del/del733.jpg,delete,delete,0.9646096229553223,3,1
del/del735.jpg,delete,delete,0.9710219502449036,2,1
del/del736.jpg,delete,delete,0.9708507657051086,2,1
del/del743.jpg,delete,delete,0.972468912601471,2,1
del/del746.jpg,delete,delete,0.9636751413345337,2,1
del/del75.jpg,delete,delete,0.9896962642669678,3,1
del/del76.jpg,delete,delete,0.9890245795249939,1,1
del/del760.jpg,delete,delete,0.9756871461868286,2,1
del/del764.jpg,delete,delete,0.9815707802772522,2,1
del/del767.jpg,delete,delete,0.9851683378219604,2,1
del/del772.jpg,delete,delete,0.9887865781784058,2,1
del/del779.jpg,delete,delete,0.9703051447868347,3,1
del/del78.jpg,delete,delete,0.990330696105957,2,1
del/del782.jpg,delete,delete,0.9685255289077759,1,1
del/del786.jpg,delete,delete,0.977747917175293,2,1
del/del788.jpg,delete,delete,0.9884137511253357,1,1
del/del792.jpg,delete,delete,0.9879651069641113,2,1
del/del793.jpg,delete,delete,0.9883962869644165,2,1
del/del795.jpg,delete,delete,0.9844714999198914,2,1
del/del797.jpg,delete,delete,0.9720037579536438,2,1
del/del800.jpg,delete,delete,0.9384241104125977,2,1
del/del803.jpg,delete,delete,0.9056500196456909,2,1
del/del808.jpg,delete,delete,0.9661661386489868,2,1
del/del809.jpg,delete,delete,0.9776266813278198,2,1
del/del817.jpg,delete,delete,0.9798506498336792,3,1
del/del818.jpg,delete,delete,0.9778531193733215,2,1
del/del82.jpg,delete,delete,0.9900587201118469,1,1
del/del824.jpg,delete,delete,0.9797168374061584,4,1
del/del827.jpg,delete,delete,0.9562387466430664,1,1
del/del833.jpg,delete,delete,0.9695664048194885,1,1
del/del838.jpg,delete,delete,0.9863811135292053,1,1
del/del843.jpg,delete,delete,0.9845539331436157,2,1
del/del854.jpg,delete,delete,0.972190260887146,1,1
del/del865.jpg,delete,delete,0.9675058722496033,1,1
del/del871.jpg,delete,delete,0.9661058187484741,1,1
del/del874.jpg,delete,delete,0.9514957070350647,1,1
del/del878.jpg,delete,delete,0.9634341597557068,1,1
del/del884.jpg,delete,delete,0.9787195324897766,1,1
del/del889.jpg,delete,delete,0.9832026362419128,2,1
del/del898.jpg,delete,delete,0.9846051931381226,2,1
del/del904.jpg,delete,delete,0.9688142538070679,2,1
del/del919.jpg,delete,delete,0.9680442810058594,1,1
del/del920.jpg,delete,delete,0.9678266048431396,2,1
del/del921.jpg,delete,delete,0.9689670205116272,1,1
del/del925.jpg,delete,delete,0.9683117866516113,1,1
del/del930.jpg,delete,delete,0.9703270196914673,1,1
del/del935.jpg,delete,delete,0.9767707586288452,1,1
del/del937.jpg,delete,delete,0.9738845229148865,1,1
del/del944.jpg,delete,delete,0.9807897210121155,1,1
del/del945.jpg,delete,delete,0.9789140224456787,1,1
del/del947.jpg,delete,delete,0.9751911759376526,1,1
del/del950.jpg,delete,delete,0.9758551716804504,1,1
del/del952.jpg,delete,delete,0.9732763171195984,1,1
del/del961.jpg,delete,delete,0.9809466004371643,1,1
del/del963.jpg,delete,delete,0.9806056618690491,1,1
del/del965.jpg,delete,delete,0.9821493029594421,1,1
del/del972.jpg,delete,delete,0.9856340289115906,1,1
del/del977.jpg,delete,delete,0.9850890040397644,2,1
del/del982.jpg,delete,delete,0.9866660237312317,2,1
del/del986.jpg,delete,delete,0.9884761571884155,1,1
del/del989.jpg,delete,delete,0.986663818359375,1,1
del/del99.jpg,delete,delete,0.9893580675125122,1,1
nothing/nothing1009.jpg,nothing,nothing,0.9761991500854492,3,1
nothing/nothing1011.jpg,nothing,nothing,0.972190260887146,3,1
nothing/nothing1013.jpg,nothing,nothing,0.969645619392395,3,1
nothing/nothing1014.jpg,nothing,nothing,0.9677903056144714,3,1
nothing/nothing1019.jpg,nothing,nothing,0.9386088252067566,3,1
nothing/nothing102.jpg,nothing,nothing,0.984119176864624,3,1
nothing/nothing1022.jpg,nothing,nothing,0.9352133870124817,3,1
nothing/nothing1027.jpg,nothing,nothing,0.9179673790931702,3,1
nothing/nothing1028.jpg,nothing,nothing,0.9077507257461548,4,1
nothing/nothing1033.jpg,nothing,nothing,0.8355435132980347,4,1
nothing/nothing1036.jpg,nothing,nothing,0.9158908128738403,3,1
nothing/nothing1041.jpg,nothing,nothing,0.8670928478240967,4,1
nothing/nothing1042.jpg,nothing,nothing,0.9004360437393188,4,1
nothing/nothing1045.jpg,nothing,nothing,0.9164971113204956,4,1
nothing/nothing1049.jpg,nothing,nothing,0.8870491981506348,4,1
nothing/nothing1057.jpg,nothing,nothing,0.9733524322509766,4,1
nothing/nothing1059.jpg,nothing,nothing,0.9751830101013184,4,1
nothing/nothing106.jpg,nothing,nothing,0.9832041263580322,3,1
nothing/nothing1064.jpg,nothing,nothing,0.9769189953804016,4,1
nothing/nothing1075.jpg,nothing,nothing,0.9843424558639526,4,1
nothing/nothing1076.jpg,nothing,nothing,0.9837971329689026,4,1
nothing/nothing1078.jpg,nothing,nothing,0.9847556948661804,4,1
nothing/nothing1079.jpg,nothing,nothing,0.9852269887924194,4,1
nothing/nothing1083.jpg,nothing,nothing,0.9838137626647949,3,1
nothing/nothing1094.jpg,nothing,nothing,0.9816468358039856,3,1
nothing/nothing110.jpg,nothing,nothing,0.9844726920127869,4,1
nothing/nothing1105.jpg,nothing,nothing,0.9830270409584045,3,1
nothing/nothing1106.jpg,nothing,nothing,0.9821505546569824,3,1
nothing/nothing1113.jpg,nothing,nothing,0.9831922650337219,3,1
nothing/nothing1115.jpg,nothing,nothing,0.9839681386947632,3,1
nothing/nothing1116.jpg,nothing,nothing,0.9835145473480225,3,1
nothing/nothing112.jpg,nothing,nothing,0.9828632473945618,3,1
nothing/nothing1126.jpg,nothing,nothing,0.9821233153343201,2,1
nothing/nothing1130.jpg,nothing,nothing,0.9819048047065735,3,1
nothing/nothing1135.jpg,nothing,nothing,0.9803254008293152,2,1
nothing/nothing1136.jpg,nothing,nothing,0.9798699617385864,3,1
nothing/nothing1139.jpg,nothing,nothing,0.9811029434204102,3,1
nothing/nothing1143.jpg,nothing,nothing,0.9795447587966919,3,1
nothing/nothing1148.jpg,nothing,nothing,0.9798561334609985,3,1
nothing/nothing1159.jpg,nothing,nothing,0.9842812418937683,3,1
nothing/nothing1160.jpg,nothing,nothing,0.9840087890625,3,1
nothing/nothing1166.jpg,nothing,nothing,0.9841087460517883,4,1
nothing/nothing1169.jpg,nothing,nothing,0.9837949275970459,4,1
nothing/nothing1173.jpg,nothing,nothing,0.9832753539085388,4,1
nothing/nothing1175.jpg,nothing,nothing,0.9817314743995667,4,1
nothing/nothing1183.jpg,nothing,nothing,0.9773688316345215,4,1
nothing/nothing1185.jpg,nothing,nothing,0.975866973400116,4,1
nothing/nothing1186.jpg,nothing,nothing,0.9771058559417725,4,1
nothing/nothing1187.jpg,nothing,nothing,0.9679844975471497,5,1
nothing/nothing1188.jpg,nothing,nothing,0.9680348634719849,4,1
nothing/nothing1189.jpg,nothing,nothing,0.949587345123291,4,1
nothing/nothing1191.jpg,nothing,nothing,0.9227281212806702,5,1
nothing/nothing1193.jpg,nothing,nothing,0.8754149079322815,4,1
nothing/nothing1195.jpg,nothing,nothing,0.8345682621002197,3,1
nothing/nothing12.jpg,nothing,nothing,0.9822790622711182,3,1
nothing/nothing1203.jpg,nothing,nothing,0.8848512768745422,4,1
nothing/nothing1211.jpg,nothing,nothing,0.8023523092269897,4,1
nothing/nothing1214.jpg,nothing,nothing,0.7387956976890564,4,1
nothing/nothing1228.jpg,nothing,nothing,0.959465742111206,3,1
nothing/nothing1232.jpg,nothing,nothing,0.9770533442497253,3,1
nothing/nothing1237.jpg,nothing,nothing,0.9823423027992249,3,1
nothing/nothing1248.jpg,nothing,nothing,0.9831169843673706,3,1
nothing/nothing1249.jpg,nothing,nothing,0.9830049276351929,3,1
nothing/nothing1256.jpg,nothing,nothing,0.982670247554779,3,1
nothing/nothing1261.jpg,nothing,nothing,0.984391450881958,3,1
nothing/nothing1265.jpg,nothing,nothing,0.9844276309013367,3,1
nothing/nothing1267.jpg,nothing,nothing,0.98501056432724,3,1
nothing/nothing1273.jpg,nothing,nothing,0.9849559664726257,3,1
nothing/nothing1277.jpg,nothing,nothing,0.9843901991844177,3,1
nothing/nothing1284.jpg,nothing,nothing,0.9845937490463257,3,1
nothing/nothing1295.jpg,nothing,nothing,0.98405522108078,2,1
nothing/nothing1302.jpg,nothing,nothing,0.9837734699249268,3,1
nothing/nothing1305.jpg,nothing,nothing,0.9845182299613953,4,1
nothing/nothing1306.jpg,nothing,nothing,0.9835441708564758,4,1
nothing/nothing1308.jpg,nothing,nothing,0.9837195873260498,3,1
nothing/nothing1310.jpg,nothing,nothing,0.9837158918380737,3,1
nothing/nothing1317.jpg,nothing,nothing,0.9824636578559875,4,1
nothing/nothing1320.jpg,nothing,nothing,0.9836562871932983,3,1
nothing/nothing1321.jpg,nothing,nothing,0.9821595549583435,3,1
nothing/nothing1323.jpg,nothing,nothing,0.9835198521614075,4,1
nothing/nothing1329.jpg,nothing,nothing,0.9829329252243042,3,1
nothing/nothing1335.jpg,nothing,nothing,0.9815888404846191,4,1
nothing/nothing1341.jpg,nothing,nothing,0.9823307991027832,3,1
nothing/nothing1344.jpg,nothing,nothing,0.9821661114692688,4,1
nothing/nothing135.jpg,nothing,nothing,0.9847787022590637,4,1
nothing/nothing1350.jpg,nothing,nothing,0.9828917980194092,3,1
nothing/nothing1358.jpg,nothing,nothing,0.9812914133071899,5,1
nothing/nothing1363.jpg,nothing,nothing,0.9818697571754456,6,1
nothing/nothing1364.jpg,nothing,nothing,0.9832699298858643,3,1
nothing/nothing1366.jpg,nothing,nothing,0.9832342863082886,6,1
nothing/nothing1379.jpg,nothing,nothing,0.9850854873657227,3,1
nothing/nothing1380.jpg,nothing,nothing,0.9838369488716125,3,1
nothing/nothing1383.jpg,nothing,nothing,0.9848461151123047,3,1
nothing/nothing1384.jpg,nothing,nothing,0.9844704866409302,3,1
nothing/nothing1386.jpg,nothing,nothing,0.9843649864196777,3,1
nothing/nothing1387.jpg,nothing,nothing,0.9840547442436218,3,1
nothing/nothing1390.jpg,nothing,nothing,0.9837679266929626,4,1
nothing/nothing1391.jpg,nothing,nothing,0.9837137460708618,3,1
nothing/nothing1393.jpg,nothing,nothing,0.9839322566986084,4,1
nothing/nothing1394.jpg,nothing,nothing,0.9826418161392212,5,1
nothing/nothing1395.jpg,nothing,nothing,0.983765184879303,5,1
nothing/nothing1398.jpg,nothing,nothing,0.9825802445411682,3,1
nothing/nothing1400.jpg,nothing,nothing,0.9845216870307922,3,1
nothing/nothing1403.jpg,nothing,nothing,0.9846866726875305,3,1
nothing/nothing1404.jpg,nothing,nothing,0.9851288795471191,3,1
nothing/nothing141.jpg,nothing,nothing,0.9849261045455933,4,1
nothing/nothing1415.jpg,nothing,nothing,0.9838886260986328,3,1
nothing/nothing1419.jpg,nothing,nothing,0.9835882186889648,3,1
nothing/nothing1421.jpg,nothing,nothing,0.9842347502708435,3,1
nothing/nothing1433.jpg,nothing,nothing,0.9798254370689392,3,1
nothing/nothing1434.jpg,nothing,nothing,0.9836784601211548,3,1
nothing/nothing1436.jpg,nothing,nothing,0.9821560978889465,3,1
nothing/nothing1441.jpg,nothing,nothing,0.9825202822685242,3,1
nothing/nothing1443.jpg,nothing,nothing,0.979393720626831,3,1
nothing/nothing1446.jpg,nothing,nothing,0.9801111817359924,3,1
nothing/nothing1451.jpg,nothing,nothing,0.9794303178787231,3,1
nothing/nothing1452.jpg,nothing,nothing,0.9815504550933838,3,1
nothing/nothing1459.jpg,nothing,nothing,0.9818384647369385,3,1
nothing/nothing146.jpg,nothing,nothing,0.9845960736274719,4,1
nothing/nothing1463.jpg,nothing,nothing,0.9809819459915161,3,1
nothing/nothing1466.jpg,nothing,nothing,0.9788351058959961,3,1
nothing/nothing1477.jpg,nothing,nothing,0.9807219505310059,3,1
nothing/nothing1482.jpg,nothing,nothing,0.9806680679321289,3,1
nothing/nothing1486.jpg,nothing,nothing,0.9801912307739258,3,1
nothing/nothing1495.jpg,nothing,nothing,0.9801821708679199,3,1
nothing/nothing1500.jpg,nothing,nothing,0.9833479523658752,3,1
nothing/nothing1503.jpg,nothing,nothing,0.9836327433586121,3,1
nothing/nothing1512.jpg,nothing,nothing,0.982602596282959,3,1
nothing/nothing1514.jpg,nothing,nothing,0.98244309425354,3,1
nothing/nothing1516.jpg,nothing,nothing,0.982975423336029,3,1
nothing/nothing1517.jpg,nothing,nothing,0.9813224077224731,3,1
nothing/nothing1519.jpg,nothing,nothing,0.9811332821846008,3,1
nothing/nothing152.jpg,nothing,nothing,0.9847248196601868,4,1
nothing/nothing1522.jpg,nothing,nothing,0.9820271134376526,3,1
nothing/nothing1524.jpg,nothing,nothing,0.9817923903465271,3,1
nothing/nothing1525.jpg,nothing,nothing,0.9831448793411255,3,1
nothing/nothing1527.jpg,nothing,nothing,0.9822039604187012,3,1
nothing/nothing153.jpg,nothing,nothing,0.9848121404647827,4,1
nothing/nothing154.jpg,nothing,nothing,0.9846704006195068,4,1
nothing/nothing1546.jpg,nothing,nothing,0.981483519077301,3,1
nothing/nothing155.jpg,nothing,nothing,0.984968900680542,4,1
nothing/nothing1552.jpg,nothing,nothing,0.9823135733604431,3,1
nothing/nothing1554.jpg,nothing,nothing,0.9802609086036682,3,1
nothing/nothing1558.jpg,nothing,nothing,0.981979250907898,3,1
nothing/nothing1567.jpg,nothing,nothing,0.981754720211029,3,1
nothing/nothing1568.jpg,nothing,nothing,0.9825939536094666,3,1
nothing/nothing1569.jpg,nothing,nothing,0.979754626750946,3,1
nothing/nothing157.jpg,nothing,nothing,0.9852999448776245,5,1
nothing/nothing1574.jpg,nothing,nothing,0.9805466532707214,3,1
nothing/nothing1575.jpg,nothing,nothing,0.981795608997345,3,1
nothing/nothing1577.jpg,nothing,nothing,0.9830528497695923,3,1
nothing/nothing1583.jpg,nothing,nothing,0.9803440570831299,3,1
nothing/nothing1588.jpg,nothing,nothing,0.9794421792030334,3,1
nothing/nothing1589.jpg,nothing,nothing,0.9815990328788757,3,1
nothing/nothing1590.jpg,nothing,nothing,0.979526698589325,3,1
nothing/nothing1599.jpg,nothing,nothing,0.9826967716217041,3,1
nothing/nothing1603.jpg,nothing,nothing,0.981107771396637,3,1
nothing/nothing1609.jpg,nothing,nothing,0.9792017340660095,3,1
nothing/nothing1619.jpg,nothing,nothing,0.9815903306007385,3,1
nothing/nothing1625.jpg,nothing,nothing,0.9814465045928955,3,1
nothing/nothing1628.jpg,nothing,nothing,0.9821144938468933,3,1
nothing/nothing1630.jpg,nothing,nothing,0.9800330996513367,3,1
nothing/nothing1631.jpg,nothing,nothing,0.979227602481842,3,1
nothing/nothing1635.jpg,nothing,nothing,0.9817121028900146,3,1
nothing/nothing1651.jpg,nothing,nothing,0.9816280007362366,3,1
nothing/nothing1660.jpg,nothing,nothing,0.9824934005737305,3,1
nothing/nothing1663.jpg,nothing,nothing,0.9796665906906128,3,1
nothing/nothing1668.jpg,nothing,nothing,0.9813915491104126,3,1
nothing/nothing1670.jpg,nothing,nothing,0.9820193648338318,3,1
nothing/nothing1672.jpg,nothing,nothing,0.9800573587417603,3,1
nothing/nothing1676.jpg,nothing,nothing,0.9821375608444214,3,1
nothing/nothing168.jpg,nothing,nothing,0.9848583936691284,5,1
nothing/nothing1683.jpg,nothing,nothing,0.9805759787559509,3,1
nothing/nothing1689.jpg,nothing,nothing,0.9801565408706665,3,1
nothing/nothing169.jpg,nothing,nothing,0.9841499924659729,4,1
nothing/nothing1690.jpg,nothing,nothing,0.982428252696991,3,1
nothing/nothing1692.jpg,nothing,nothing,0.9820734262466431,3,1
nothing/nothing1699.jpg,nothing,nothing,0.9820138812065125,3,1
nothing/nothing1701.jpg,nothing,nothing,0.9792650938034058,3,1
nothing/nothing1705.jpg,nothing,nothing,0.9787281155586243,3,1
nothing/nothing1723.jpg,nothing,nothing,0.9813060164451599,3,1
nothing/nothing1732.jpg,nothing,nothing,0.9805300235748291,3,1
nothing/nothing1735.jpg,nothing,nothing,0.9819149971008301,3,1
nothing/nothing1737.jpg,nothing,nothing,0.9831039905548096,3,1
nothing/nothing1740.jpg,nothing,nothing,0.9813018441200256,3,1
nothing/nothing1743.jpg,nothing,nothing,0.9812501072883606,3,1
nothing/nothing1746.jpg,nothing,nothing,0.9816727042198181,3,1
nothing/nothing176.jpg,nothing,nothing,0.9850215315818787,5,1
nothing/nothing1765.jpg,nothing,nothing,0.981519341468811,3,1
nothing/nothing1767.jpg,nothing,nothing,0.9774378538131714,3,1
nothing/nothing177.jpg,nothing,nothing,0.9850019812583923,5,1
nothing/nothing1771.jpg,nothing,nothing,0.9784916639328003,3,1
nothing/nothing1783.jpg,nothing,nothing,0.9712259769439697,3,1
nothing/nothing1788.jpg,nothing,nothing,0.9702062606811523,3,1
nothing/nothing1794.jpg,nothing,nothing,0.9701567888259888,3,1
nothing/nothing1813.jpg,nothing,nothing,0.9793046116828918,3,1
nothing/nothing1820.jpg,nothing,nothing,0.9830668568611145,3,1
nothing/nothing1822.jpg,nothing,nothing,0.9815696477890015,3,1
nothing/nothing1823.jpg,nothing,nothing,0.9825927019119263,3,1
nothing/nothing1824.jpg,nothing,nothing,0.980989396572113,3,1
nothing/nothing1826.jpg,nothing,nothing,0.9803918600082397,3,1
nothing/nothing1829.jpg,nothing,nothing,0.9794179797172546,3,1
nothing/nothing1833.jpg,nothing,nothing,0.9821476936340332,3,1
nothing/nothing1834.jpg,nothing,nothing,0.98164302110672,3,1
nothing/nothing1836.jpg,nothing,nothing,0.9826837182044983,3,1
nothing/nothing1839.jpg,nothing,nothing,0.9825953245162964,3,1
nothing/nothing1845.jpg,nothing,nothing,0.981622040271759,3,1
nothing/nothing1846.jpg,nothing,nothing,0.9813922047615051,3,1
nothing/nothing1851.jpg,nothing,nothing,0.9822795987129211,3,1
nothing/nothing1861.jpg,nothing,nothing,0.9812102913856506,3,1
nothing/nothing1870.jpg,nothing,nothing,0.9793514013290405,3,1
nothing/nothing1873.jpg,nothing,nothing,0.9800552129745483,3,1
nothing/nothing1886.jpg,nothing,nothing,0.9794266223907471,3,1
nothing/nothing1887.jpg,nothing,nothing,0.9783863425254822,3,1
nothing/nothing1889.jpg,nothing,nothing,0.981669008731842,3,1
nothing/nothing1893.jpg,nothing,nothing,0.9807342290878296,3,1
nothing/nothing1895.jpg,nothing,nothing,0.9791416525840759,3,1
nothing/nothing1896.jpg,nothing,nothing,0.9809916615486145,3,1
nothing/nothing190.jpg,nothing,nothing,0.9855985641479492,6,1
nothing/nothing1900.jpg,nothing,nothing,0.9797595143318176,3,1
nothing/nothing1908.jpg,nothing,nothing,0.979077160358429,3,1
nothing/nothing1913.jpg,nothing,nothing,0.9794953465461731,3,1
nothing/nothing1915.jpg,nothing,nothing,0.9788662791252136,3,1
nothing/nothing1918.jpg,nothing,nothing,0.980880081653595,3,1
nothing/nothing1919.jpg,nothing,nothing,0.9798113703727722,3,1
nothing/nothing192.jpg,nothing,nothing,0.9854996204376221,5,1
nothing/nothing1924.jpg,nothing,nothing,0.9812198281288147,3,1
nothing/nothing1936.jpg,nothing,nothing,0.9782102704048157,3,1
nothing/nothing1937.jpg,nothing,nothing,0.9785084128379822,3,1
nothing/nothing194.jpg,nothing,nothing,0.9856410622596741,6,1
nothing/nothing1948.jpg,nothing,nothing,0.9814161062240601,3,1
nothing/nothing1956.jpg,nothing,nothing,0.9827998876571655,3,1
nothing/nothing1957.jpg,nothing,nothing,0.9838285446166992,3,1
nothing/nothing1965.jpg,nothing,nothing,0.9826489686965942,3,1
nothing/nothing1966.jpg,nothing,nothing,0.9824690818786621,3,1
nothing/nothing1968.jpg,nothing,nothing,0.9836958646774292,3,1
nothing/nothing1970.jpg,nothing,nothing,0.9828890562057495,3,1
nothing/nothing1973.jpg,nothing,nothing,0.981687605381012,4,1
nothing/nothing1978.jpg,nothing,nothing,0.9819685816764832,3,1
nothing/nothing1987.jpg,nothing,nothing,0.9813241362571716,4,1
nothing/nothing1992.jpg,nothing,nothing,0.9791824221611023,3,1
nothing/nothing20.jpg,nothing,nothing,0.9811060428619385,3,1
nothing/nothing2000.jpg,nothing,nothing,0.9812843203544617,3,1
nothing/nothing2009.jpg,nothing,nothing,0.98041832447052,4,1
nothing/nothing2016.jpg,nothing,nothing,0.9797579050064087,5,1
nothing/nothing202.jpg,nothing,nothing,0.9854122996330261,6,1
nothing/nothing2021.jpg,nothing,nothing,0.9814627170562744,4,1
nothing/nothing2028.jpg,nothing,nothing,0.9812989830970764,4,1
nothing/nothing2036.jpg,nothing,nothing,0.9806346893310547,5,1
nothing/nothing2045.jpg,nothing,nothing,0.9805068969726562,5,1
nothing/nothing2048.jpg,nothing,nothing,0.9805384278297424,5,1
nothing/nothing2049.jpg,nothing,nothing,0.9792720675468445,5,1
nothing/nothing2055.jpg,nothing,nothing,0.9786859750747681,4,1
nothing/nothing2058.jpg,nothing,nothing,0.9811912178993225,3,1
nothing/nothing2059.jpg,nothing,nothing,0.9813918471336365,3,1
nothing/nothing2061.jpg,nothing,nothing,0.9806206822395325,2,1
nothing/nothing2063.jpg,nothing,nothing,0.9798490405082703,3,1
nothing/nothing2066.jpg,nothing,nothing,0.9796931743621826,4,1
nothing/nothing2073.jpg,nothing,nothing,0.9814677834510803,3,1
nothing/nothing2080.jpg,nothing,nothing,0.9843955039978027,2,1
nothing/nothing2082.jpg,nothing,nothing,0.9827325344085693,2,1
nothing/nothing2088.jpg,nothing,nothing,0.9832120537757874,3,1
nothing/nothing2093.jpg,nothing,nothing,0.9818316698074341,3,1
nothing/nothing2095.jpg,nothing,nothing,0.9826486110687256,3,1
nothing/nothing2099.jpg,nothing,nothing,0.9836471676826477,3,1
nothing/nothing210.jpg,nothing,nothing,0.9849923849105835,6,1
nothing/nothing2112.jpg,nothing,nothing,0.9838745594024658,3,1
nothing/nothing2120.jpg,nothing,nothing,0.9841455817222595,3,1
nothing/nothing2121.jpg,nothing,nothing,0.9842499494552612,3,1
nothing/nothing2124.jpg,nothing,nothing,0.9845244288444519,3,1
nothing/nothing2128.jpg,nothing,nothing,0.9840880036354065,3,1
nothing/nothing2138.jpg,nothing,nothing,0.9840317368507385,3,1
nothing/nothing2139.jpg,nothing,nothing,0.984135091304779,3,1
nothing/nothing2143.jpg,nothing,nothing,0.9837893843650818,3,1
nothing/nothing2165.jpg,nothing,nothing,0.9764024019241333,3,1
nothing/nothing2166.jpg,nothing,nothing,0.9759337306022644,4,1
nothing/nothing2168.jpg,nothing,nothing,0.975309431552887,4,1
nothing/nothing2170.jpg,nothing,nothing,0.9771338105201721,4,1
nothing/nothing2174.jpg,nothing,nothing,0.9767501950263977,4,1
nothing/nothing2175.jpg,nothing,nothing,0.9762744307518005,4,1
nothing/nothing218.jpg,nothing,nothing,0.9855886101722717,6,1
nothing/nothing2181.jpg,nothing,nothing,0.9789172410964966,4,1
nothing/nothing2199.jpg,nothing,nothing,0.9799195528030396,4,1
nothing/nothing220.jpg,nothing,nothing,0.9851653575897217,7,1
nothing/nothing2201.jpg,nothing,nothing,0.9796921610832214,4,1
nothing/nothing2202.jpg,nothing,nothing,0.9800667762756348,5,1
nothing/nothing221.jpg,nothing,nothing,0.9852079153060913,5,1
nothing/nothing2216.jpg,nothing,nothing,0.9799503087997437,5,1
nothing/nothing2217.jpg,nothing,nothing,0.9797815084457397,5,1
nothing/nothing2220.jpg,nothing,nothing,0.9802693724632263,3,1
nothing/nothing2222.jpg,nothing,nothing,0.9801303148269653,4,1
nothing/nothing2224.jpg,nothing,nothing,0.9803388714790344,4,1
nothing/nothing223.jpg,nothing,nothing,0.985304057598114,5,1
nothing/nothing2232.jpg,nothing,nothing,0.9819170832633972,4,1
nothing/nothing2243.jpg,nothing,nothing,0.9831200838088989,4,1
nothing/nothing2251.jpg,nothing,nothing,0.9832208156585693,4,1
nothing/nothing2257.jpg,nothing,nothing,0.9814038276672363,4,1
nothing/nothing2260.jpg,nothing,nothing,0.982471764087677,4,1
nothing/nothing2277.jpg,nothing,nothing,0.9818622469902039,5,1
nothing/nothing228.jpg,nothing,nothing,0.9853009581565857,4,1
nothing/nothing2284.jpg,nothing,nothing,0.9821445941925049,4,1
nothing/nothing2285.jpg,nothing,nothing,0.9830436110496521,4,1
nothing/nothing2287.jpg,nothing,nothing,0.9838354587554932,3,1
nothing/nothing2289.jpg,nothing,nothing,0.9844319224357605,4,1
nothing/nothing2294.jpg,nothing,nothing,0.9824880957603455,3,1
nothing/nothing2296.jpg,nothing,nothing,0.9836252331733704,3,1
nothing/nothing2297.jpg,nothing,nothing,0.9828861355781555,3,1
nothing/nothing2298.jpg,nothing,nothing,0.9838385581970215,3,1
nothing/nothing2299.jpg,nothing,nothing,0.9838488101959229,3,1
nothing/nothing2301.jpg,nothing,nothing,0.9840342998504639,3,1
nothing/nothing2302.jpg,nothing,nothing,0.9828426241874695,3,1
nothing/nothing2312.jpg,nothing,nothing,0.9826627969741821,4,1
nothing/nothing2314.jpg,nothing,nothing,0.9817376732826233,3,1
nothing/nothing2317.jpg,nothing,nothing,0.9843520522117615,3,1
nothing/nothing2318.jpg,nothing,nothing,0.9838336110115051,3,1
nothing/nothing2326.jpg,nothing,nothing,0.9840754866600037,3,1
nothing/nothing2337.jpg,nothing,nothing,0.9831199049949646,3,1
nothing/nothing2338.jpg,nothing,nothing,0.9836392998695374,4,1
nothing/nothing2339.jpg,nothing,nothing,0.9826837182044983,3,1
nothing/nothing2340.jpg,nothing,nothing,0.9838749170303345,3,1
nothing/nothing2350.jpg,nothing,nothing,0.9837862849235535,3,1
nothing/nothing2356.jpg,nothing,nothing,0.9826304316520691,3,1
nothing/nothing2365.jpg,nothing,nothing,0.9832637906074524,3,1
nothing/nothing2374.jpg,nothing,nothing,0.9842457175254822,3,1
nothing/nothing2403.jpg,nothing,nothing,0.983234167098999,3,1
nothing/nothing2407.jpg,nothing,nothing,0.9832817912101746,3,1
nothing/nothing2409.jpg,nothing,nothing,0.982346773147583,3,1
nothing/nothing241.jpg,nothing,nothing,0.9856725931167603,5,1
nothing/nothing2413.jpg,nothing,nothing,0.9825171828269958,3,1
nothing/nothing2425.jpg,nothing,nothing,0.9841915369033813,3,1
nothing/nothing2427.jpg,nothing,nothing,0.9835042953491211,3,1
nothing/nothing2439.jpg,nothing,nothing,0.9834917187690735,3,1
nothing/nothing2444.jpg,nothing,nothing,0.9841102361679077,3,1
nothing/nothing2445.jpg,nothing,nothing,0.9839878678321838,3,1
nothing/nothing2452.jpg,nothing,nothing,0.9833457469940186,3,1
nothing/nothing2458.jpg,nothing,nothing,0.981999397277832,3,1
nothing/nothing2463.jpg,nothing,nothing,0.9825847744941711,3,1
nothing/nothing2466.jpg,nothing,nothing,0.9834875464439392,3,1
nothing/nothing2482.jpg,nothing,nothing,0.9834979176521301,3,1
nothing/nothing2492.jpg,nothing,nothing,0.9853724837303162,3,1
nothing/nothing25.jpg,nothing,nothing,0.9808737635612488,3,1
nothing/nothing2501.jpg,nothing,nothing,0.9862210750579834,4,1
nothing/nothing2515.jpg,nothing,nothing,0.987296462059021,4,1
nothing/nothing2517.jpg,nothing,nothing,0.987138569355011,4,1
nothing/nothing2519.jpg,nothing,nothing,0.9874879121780396,5,1
nothing/nothing252.jpg,nothing,nothing,0.9842360019683838,4,1
nothing/nothing2528.jpg,nothing,nothing,0.9869459271430969,4,1
nothing/nothing2534.jpg,nothing,nothing,0.9872257113456726,4,1
nothing/nothing2539.jpg,nothing,nothing,0.987105131149292,5,1
nothing/nothing2549.jpg,nothing,nothing,0.9864316582679749,5,1
nothing/nothing2551.jpg,nothing,nothing,0.985714316368103,5,1
nothing/nothing2556.jpg,nothing,nothing,0.9861219525337219,5,1
nothing/nothing2559.jpg,nothing,nothing,0.9859317541122437,4,1
nothing/nothing2561.jpg,nothing,nothing,0.9853093028068542,6,1
nothing/nothing2568.jpg,nothing,nothing,0.9850965142250061,6,1
nothing/nothing2569.jpg,nothing,nothing,0.9855759143829346,6,1
nothing/nothing2573.jpg,nothing,nothing,0.9849216341972351,5,1
nothing/nothing2575.jpg,nothing,nothing,0.9858044385910034,6,1
nothing/nothing2578.jpg,nothing,nothing,0.9865179657936096,5,1
nothing/nothing2579.jpg,nothing,nothing,0.9868906736373901,5,1
nothing/nothing258.jpg,nothing,nothing,0.9842507839202881,4,1
nothing/nothing2583.jpg,nothing,nothing,0.9851020574569702,4,1
nothing/nothing2584.jpg,nothing,nothing,0.9848204255104065,4,1
nothing/nothing2592.jpg,nothing,nothing,0.9840758442878723,4,1
nothing/nothing2596.jpg,nothing,nothing,0.9847411513328552,4,1
nothing/nothing2598.jpg,nothing,nothing,0.9850387573242188,5,1
nothing/nothing2602.jpg,nothing,nothing,0.9830628633499146,4,1
nothing/nothing2607.jpg,nothing,nothing,0.9832171201705933,5,1
nothing/nothing261.jpg,nothing,nothing,0.9844909310340881,5,1
nothing/nothing2622.jpg,nothing,nothing,0.9846881031990051,4,1
nothing/nothing2625.jpg,nothing,nothing,0.9851064682006836,5,1
nothing/nothing2627.jpg,nothing,nothing,0.9845154285430908,6,1
nothing/nothing2629.jpg,nothing,nothing,0.9834514856338501,5,1
nothing/nothing2631.jpg,nothing,nothing,0.983711302280426,5,1
nothing/nothing2634.jpg,nothing,nothing,0.9849808216094971,4,1
nothing/nothing2636.jpg,nothing,nothing,0.9845280051231384,4,1
nothing/nothing264.jpg,nothing,nothing,0.9828412532806396,4,1
nothing/nothing2644.jpg,nothing,nothing,0.9836503863334656,5,1
nothing/nothing2645.jpg,nothing,nothing,0.9840707778930664,6,1
nothing/nothing265.jpg,nothing,nothing,0.9836807250976562,5,1
nothing/nothing2654.jpg,nothing,nothing,0.9857828617095947,4,1
nothing/nothing2661.jpg,nothing,nothing,0.9858464598655701,5,1
nothing/nothing2679.jpg,nothing,nothing,0.9860302805900574,4,1
nothing/nothing2680.jpg,nothing,nothing,0.9861038327217102,5,1
nothing/nothing2685.jpg,nothing,nothing,0.9863955974578857,5,1
nothing/nothing2687.jpg,nothing,nothing,0.9870071411132812,5,1
nothing/nothing2688.jpg,nothing,nothing,0.9864956736564636,5,1
nothing/nothing2695.jpg,nothing,nothing,0.9866538643836975,5,1
nothing/nothing27.jpg,nothing,nothing,0.9824585318565369,3,1
nothing/nothing2704.jpg,nothing,nothing,0.9852728247642517,4,1
nothing/nothing2705.jpg,nothing,nothing,0.9847962856292725,5,1
nothing/nothing2710.jpg,nothing,nothing,0.9836692214012146,4,1
nothing/nothing2711.jpg,nothing,nothing,0.9844598770141602,4,1
nothing/nothing2715.jpg,nothing,nothing,0.9846938848495483,4,1
nothing/nothing2716.jpg,nothing,nothing,0.9840056896209717,4,1
nothing/nothing2718.jpg,nothing,nothing,0.985548198223114,4,1
nothing/nothing2719.jpg,nothing,nothing,0.9870128035545349,3,1
nothing/nothing2721.jpg,nothing,nothing,0.9873796701431274,3,1
nothing/nothing2728.jpg,nothing,nothing,0.9891394972801208,3,1
nothing/nothing2738.jpg,nothing,nothing,0.983997106552124,4,1
nothing/nothing2743.jpg,nothing,nothing,0.9878289699554443,4,1
nothing/nothing275.jpg,nothing,nothing,0.9834266901016235,5,1
nothing/nothing2752.jpg,nothing,nothing,0.9838729500770569,4,1
nothing/nothing2766.jpg,nothing,nothing,0.9813791513442993,3,1
nothing/nothing2772.jpg,nothing,nothing,0.9813253879547119,3,1
nothing/nothing2774.jpg,nothing,nothing,0.9811540246009827,3,1
nothing/nothing2779.jpg,nothing,nothing,0.9821649789810181,3,1
nothing/nothing2780.jpg,nothing,nothing,0.9814701676368713,3,1
nothing/nothing2785.jpg,nothing,nothing,0.9818469882011414,3,1
nothing/nothing2786.jpg,nothing,nothing,0.9821453094482422,3,1
nothing/nothing2797.jpg,nothing,nothing,0.9841166138648987,3,1
nothing/nothing280.jpg,nothing,nothing,0.9819636344909668,4,1
nothing/nothing2804.jpg,nothing,nothing,0.9829816222190857,3,1
nothing/nothing2808.jpg,nothing,nothing,0.9826182126998901,3,1
nothing/nothing2811.jpg,nothing,nothing,0.9831364750862122,4,1
nothing/nothing2813.jpg,nothing,nothing,0.9834064245223999,4,1
nothing/nothing2814.jpg,nothing,nothing,0.9832748770713806,3,1
nothing/nothing2819.jpg,nothing,nothing,0.9830583333969116,5,1
nothing/nothing282.jpg,nothing,nothing,0.9825655221939087,5,1
nothing/nothing2821.jpg,nothing,nothing,0.9848633408546448,6,1
nothing/nothing2826.jpg,nothing,nothing,0.9843435287475586,6,1
nothing/nothing2830.jpg,nothing,nothing,0.9866704344749451,6,1
nothing/nothing2853.jpg,nothing,nothing,0.9844143390655518,3,1
nothing/nothing2877.jpg,nothing,nothing,0.9817103743553162,3,1
nothing/nothing288.jpg,nothing,nothing,0.9812775254249573,4,1
nothing/nothing289.jpg,nothing,nothing,0.9809195399284363,3,1
nothing/nothing2896.jpg,nothing,nothing,0.9845223426818848,4,1
nothing/nothing2899.jpg,nothing,nothing,0.9857361912727356,3,1
nothing/nothing29.jpg,nothing,nothing,0.982065737247467,3,1
nothing/nothing2907.jpg,nothing,nothing,0.9866321682929993,2,1
nothing/nothing2909.jpg,nothing,nothing,0.9891284108161926,3,1
nothing/nothing2914.jpg,nothing,nothing,0.9880878329277039,5,1
nothing/nothing2922.jpg,nothing,nothing,0.9836764931678772,2,1
nothing/nothing2925.jpg,nothing,nothing,0.9829687476158142,4,1
nothing/nothing2926.jpg,nothing,nothing,0.9821727871894836,3,1
nothing/nothing2929.jpg,nothing,nothing,0.9838424921035767,4,1
nothing/nothing294.jpg,nothing,nothing,0.9810093641281128,3,1
nothing/nothing2941.jpg,nothing,nothing,0.9831342697143555,5,1
nothing/nothing2943.jpg,nothing,nothing,0.9840685725212097,5,1
nothing/nothing2944.jpg,nothing,nothing,0.9835537672042847,5,1
nothing/nothing2946.jpg,nothing,nothing,0.9844591617584229,5,1
nothing/nothing2962.jpg,nothing,nothing,0.9865024089813232,5,1
nothing/nothing2969.jpg,nothing,nothing,0.9869621992111206,5,1
nothing/nothing297.jpg,nothing,nothing,0.9816925525665283,3,1
nothing/nothing2971.jpg,nothing,nothing,0.9869203567504883,5,1
nothing/nothing2974.jpg,nothing,nothing,0.9861916303634644,5,1
nothing/nothing2980.jpg,nothing,nothing,0.9851335287094116,5,1
nothing/nothing2982.jpg,nothing,nothing,0.9850274324417114,5,1
nothing/nothing2983.jpg,nothing,nothing,0.9839896559715271,5,1
nothing/nothing2986.jpg,nothing,nothing,0.9837039113044739,5,1
nothing/nothing2992.jpg,nothing,nothing,0.9842283725738525,5,1
nothing/nothing2996.jpg,nothing,nothing,0.9841892123222351,5,1
nothing/nothing300.jpg,nothing,nothing,0.9825527667999268,4,1
nothing/nothing305.jpg,nothing,nothing,0.9824685454368591,5,1
nothing/nothing311.jpg,nothing,nothing,0.9815768599510193,4,1
nothing/nothing313.jpg,nothing,nothing,0.9823845028877258,5,1
nothing/nothing318.jpg,nothing,nothing,0.982218861579895,5,1
nothing/nothing324.jpg,nothing,nothing,0.9820482730865479,3,1
nothing/nothing332.jpg,nothing,nothing,0.9840583205223083,5,1
nothing/nothing333.jpg,nothing,nothing,0.9842830300331116,5,1
nothing/nothing337.jpg,nothing,nothing,0.9843733310699463,5,1
nothing/nothing342.jpg,nothing,nothing,0.9826986789703369,5,1
nothing/nothing350.jpg,nothing,nothing,0.9827200174331665,4,1
nothing/nothing358.jpg,nothing,nothing,0.9800400733947754,4,1
nothing/nothing37.jpg,nothing,nothing,0.9812803864479065,3,1
nothing/nothing383.jpg,nothing,nothing,0.9827319979667664,5,1
nothing/nothing385.jpg,nothing,nothing,0.9836411476135254,4,1
nothing/nothing397.jpg,nothing,nothing,0.9834010004997253,4,1
nothing/nothing399.jpg,nothing,nothing,0.9820303320884705,3,1
nothing/nothing4.jpg,nothing,nothing,0.9815859198570251,3,1
nothing/nothing400.jpg,nothing,nothing,0.9815623760223389,4,1
nothing/nothing408.jpg,nothing,nothing,0.9837766289710999,4,1
nothing/nothing409.jpg,nothing,nothing,0.9834950566291809,3,1
nothing/nothing41.jpg,nothing,nothing,0.9820038676261902,3,1
nothing/nothing411.jpg,nothing,nothing,0.9837434887886047,3,1
nothing/nothing416.jpg,nothing,nothing,0.9838131666183472,3,1
nothing/nothing439.jpg,nothing,nothing,0.983386218547821,3,1
nothing/nothing440.jpg,nothing,nothing,0.9837514758110046,3,1
nothing/nothing444.jpg,nothing,nothing,0.9834026098251343,3,1
nothing/nothing445.jpg,nothing,nothing,0.9830858707427979,3,1
nothing/nothing449.jpg,nothing,nothing,0.9834297895431519,3,1
nothing/nothing459.jpg,nothing,nothing,0.9830286502838135,3,1
nothing/nothing465.jpg,nothing,nothing,0.9815526604652405,3,1
nothing/nothing474.jpg,nothing,nothing,0.9824879765510559,3,1
nothing/nothing478.jpg,nothing,nothing,0.9824416041374207,3,1
nothing/nothing488.jpg,nothing,nothing,0.9824072122573853,3,1
nothing/nothing489.jpg,nothing,nothing,0.982509970664978,3,1
nothing/nothing494.jpg,nothing,nothing,0.9831320643424988,3,1
nothing/nothing503.jpg,nothing,nothing,0.98272705078125,3,1
nothing/nothing511.jpg,nothing,nothing,0.981515109539032,3,1
nothing/nothing514.jpg,nothing,nothing,0.9823365807533264,3,1
nothing/nothing518.jpg,nothing,nothing,0.9808958768844604,3,1
nothing/nothing520.jpg,nothing,nothing,0.9814360737800598,3,1
nothing/nothing523.jpg,nothing,nothing,0.9798636436462402,3,1
nothing/nothing526.jpg,nothing,nothing,0.9790215492248535,3,1
nothing/nothing532.jpg,nothing,nothing,0.979597270488739,3,1
nothing/nothing535.jpg,nothing,nothing,0.9792101979255676,3,1
nothing/nothing539.jpg,nothing,nothing,0.9802948832511902,3,1
nothing/nothing547.jpg,nothing,nothing,0.9804312586784363,3,1
nothing/nothing558.jpg,nothing,nothing,0.9810299873352051,3,1
nothing/nothing568.jpg,nothing,nothing,0.9812131524085999,3,1
nothing/nothing575.jpg,nothing,nothing,0.9819116592407227,3,1
nothing/nothing580.jpg,nothing,nothing,0.9822525978088379,3,1
nothing/nothing582.jpg,nothing,nothing,0.9810696840286255,3,1
nothing/nothing591.jpg,nothing,nothing,0.9819961786270142,3,1
nothing/nothing602.jpg,nothing,nothing,0.9818525910377502,3,1
nothing/nothing606.jpg,nothing,nothing,0.9830979704856873,3,1
nothing/nothing611.jpg,nothing,nothing,0.9835714101791382,3,1
nothing/nothing624.jpg,nothing,nothing,0.9823932647705078,3,1
nothing/nothing625.jpg,nothing,nothing,0.981674075126648,3,1
nothing/nothing626.jpg,nothing,nothing,0.9822156429290771,3,1
nothing/nothing633.jpg,nothing,nothing,0.9816381931304932,3,1
nothing/nothing642.jpg,nothing,nothing,0.9776499271392822,3,1
nothing/nothing646.jpg,nothing,nothing,0.9759141802787781,3,1
nothing/nothing652.jpg,nothing,nothing,0.9767124056816101,3,1
nothing/nothing655.jpg,nothing,nothing,0.9771178960800171,3,1
nothing/nothing657.jpg,nothing,nothing,0.9785140156745911,3,1
nothing/nothing658.jpg,nothing,nothing,0.978174090385437,4,1
nothing/nothing659.jpg,nothing,nothing,0.9782370924949646,3,1
nothing/nothing674.jpg,nothing,nothing,0.9780035018920898,3,1
nothing/nothing675.jpg,nothing,nothing,0.977698028087616,3,1
nothing/nothing68.jpg,nothing,nothing,0.9818609952926636,3,1
nothing/nothing69.jpg,nothing,nothing,0.9819186925888062,3,1
nothing/nothing690.jpg,nothing,nothing,0.9799403548240662,3,1
nothing/nothing693.jpg,nothing,nothing,0.9810739159584045,3,1
nothing/nothing697.jpg,nothing,nothing,0.9808567762374878,3,1
nothing/nothing702.jpg,nothing,nothing,0.9811317920684814,3,1
nothing/nothing71.jpg,nothing,nothing,0.9812029004096985,3,1
nothing/nothing711.jpg,nothing,nothing,0.9817681312561035,3,1
nothing/nothing712.jpg,nothing,nothing,0.980523407459259,3,1
nothing/nothing714.jpg,nothing,nothing,0.9812465310096741,3,1
nothing/nothing718.jpg,nothing,nothing,0.9801599979400635,3,1
nothing/nothing72.jpg,nothing,nothing,0.9830021262168884,3,1
nothing/nothing720.jpg,nothing,nothing,0.9807242155075073,3,1
nothing/nothing723.jpg,nothing,nothing,0.9817272424697876,3,1
nothing/nothing725.jpg,nothing,nothing,0.9818757176399231,3,1
nothing/nothing729.jpg,nothing,nothing,0.9817011952400208,3,1
nothing/nothing732.jpg,nothing,nothing,0.9823871850967407,3,1
nothing/nothing734.jpg,nothing,nothing,0.9817599654197693,3,1
nothing/nothing739.jpg,nothing,nothing,0.9825244545936584,3,1
nothing/nothing74.jpg,nothing,nothing,0.9817221760749817,3,1
nothing/nothing750.jpg,nothing,nothing,0.9833946228027344,3,1
nothing/nothing751.jpg,nothing,nothing,0.9830065369606018,3,1
nothing/nothing759.jpg,nothing,nothing,0.9833498001098633,4,1
nothing/nothing760.jpg,nothing,nothing,0.982984721660614,4,1
nothing/nothing764.jpg,nothing,nothing,0.9825822114944458,4,1
nothing/nothing766.jpg,nothing,nothing,0.9821548461914062,4,1
nothing/nothing771.jpg,nothing,nothing,0.9818997383117676,4,1
nothing/nothing780.jpg,nothing,nothing,0.9817361831665039,4,1
nothing/nothing786.jpg,nothing,nothing,0.9817345142364502,3,1
nothing/nothing787.jpg,nothing,nothing,0.9800395965576172,3,1
nothing/nothing788.jpg,nothing,nothing,0.9797707200050354,3,1
nothing/nothing790.jpg,nothing,nothing,0.9802539944648743,3,1
nothing/nothing792.jpg,nothing,nothing,0.9807344079017639,3,1
nothing/nothing796.jpg,nothing,nothing,0.9805682301521301,3,1
nothing/nothing799.jpg,nothing,nothing,0.9813662767410278,3,1
nothing/nothing800.jpg,nothing,nothing,0.9789589047431946,3,1
nothing/nothing809.jpg,nothing,nothing,0.9764389991760254,3,1
nothing/nothing816.jpg,nothing,nothing,0.9752713441848755,3,1
nothing/nothing820.jpg,nothing,nothing,0.9789634943008423,3,1
nothing/nothing823.jpg,nothing,nothing,0.9777768850326538,3,1
nothing/nothing83.jpg,nothing,nothing,0.9824857711791992,3,1
nothing/nothing831.jpg,nothing,nothing,0.9824485182762146,3,1
nothing/nothing846.jpg,nothing,nothing,0.9814866185188293,3,1
nothing/nothing850.jpg,nothing,nothing,0.9815974235534668,3,1
nothing/nothing861.jpg,nothing,nothing,0.9801411032676697,3,1
nothing/nothing864.jpg,nothing,nothing,0.9778099656105042,3,1
nothing/nothing865.jpg,nothing,nothing,0.979019045829773,3,1
nothing/nothing873.jpg,nothing,nothing,0.9759294986724854,3,1
nothing/nothing882.jpg,nothing,nothing,0.9796804785728455,3,1
nothing/nothing89.jpg,nothing,nothing,0.9822419881820679,3,1
nothing/nothing892.jpg,nothing,nothing,0.9841306805610657,3,1
nothing/nothing898.jpg,nothing,nothing,0.9843452572822571,3,1
nothing/nothing900.jpg,nothing,nothing,0.9846085906028748,3,1
nothing/nothing906.jpg,nothing,nothing,0.9840264320373535,3,1
nothing/nothing91.jpg,nothing,nothing,0.9819455742835999,3,1
nothing/nothing914.jpg,nothing,nothing,0.9844116568565369,3,1
nothing/nothing919.jpg,nothing,nothing,0.9840494394302368,4,1
nothing/nothing921.jpg,nothing,nothing,0.9840003848075867,4,1
nothing/nothing922.jpg,nothing,nothing,0.9842970967292786,4,1
nothing/nothing924.jpg,nothing,nothing,0.9843387603759766,3,1
nothing/nothing925.jpg,nothing,nothing,0.9846359491348267,4,1
nothing/nothing933.jpg,nothing,nothing,0.9849848747253418,3,1
nothing/nothing941.jpg,nothing,nothing,0.985958993434906,3,1
nothing/nothing946.jpg,nothing,nothing,0.9857519268989563,3,1
nothing/nothing949.jpg,nothing,nothing,0.9859752058982849,3,1
nothing/nothing952.jpg,nothing,nothing,0.9859783053398132,3,1
nothing/nothing956.jpg,nothing,nothing,0.985663115978241,5,1
nothing/nothing959.jpg,nothing,nothing,0.9860571622848511,4,1
nothing/nothing965.jpg,nothing,nothing,0.9852882027626038,4,1
nothing/nothing966.jpg,nothing,nothing,0.985428512096405,4,1
nothing/nothing968.jpg,nothing,nothing,0.9851571321487427,5,1
nothing/nothing97.jpg,nothing,nothing,0.9835589528083801,3,1
nothing/nothing971.jpg,nothing,nothing,0.985575795173645,4,1
nothing/nothing973.jpg,nothing,nothing,0.9854733347892761,5,1
nothing/nothing980.jpg,nothing,nothing,0.9857498407363892,4,1
nothing/nothing981.jpg,nothing,nothing,0.9851382970809937,5,1
nothing/nothing987.jpg,nothing,nothing,0.9856525659561157,5,1
nothing/nothing99.jpg,nothing,nothing,0.9831387996673584,3,1
nothing/nothing990.jpg,nothing,nothing,0.985345721244812,4,1
space/space1002.jpg,space,space,0.9855395555496216,4,1
space/space101.jpg,space,space,0.9865012764930725,1,1
space/space1010.jpg,space,space,0.987556517124176,4,1
space/space1013.jpg,space,space,0.9857394099235535,5,1
space/space1016.jpg,space,space,0.982559323310852,3,1
space/space1017.jpg,space,space,0.9831441640853882,3,1
space/space1022.jpg,space,space,0.9838571548461914,4,1
space/space1026.jpg,space,space,0.9844558238983154,3,1
space/space1036.jpg,space,space,0.9849197864532471,3,1
space/space1037.jpg,space,space,0.9845421314239502,3,1
space/space104.jpg,space,space,0.985507607460022,1,1
space/space1043.jpg,space,space,0.9819447994232178,2,1
space/space1044.jpg,space,space,0.9817574620246887,2,1
space/space105.jpg,space,space,0.987210750579834,1,1
space/space106.jpg,space,space,0.987761378288269,1,1
space/space1068.jpg,space,space,0.9880589842796326,4,1
space/space108.jpg,space,space,0.987475574016571,1,1
space/space1083.jpg,space,space,0.986107349395752,3,1
space/space1088.jpg,space,space,0.9842410683631897,3,1
space/space1092.jpg,space,space,0.9866580367088318,5,1
space/space1098.jpg,space,space,0.9863862991333008,4,1
space/space1101.jpg,space,space,0.9851213693618774,4,1
space/space1109.jpg,space,space,0.9850607514381409,3,1
space/space1114.jpg,space,space,0.986681342124939,4,1
space/space1117.jpg,space,space,0.9855251908302307,3,1
space/space1118.jpg,space,space,0.9860164523124695,3,1
space/space1119.jpg,space,space,0.985272228717804,3,1
space/space112.jpg,space,space,0.9864097237586975,2,1
space/space1122.jpg,space,space,0.9857433438301086,3,1
space/space1129.jpg,space,space,0.9840547442436218,4,1
space/space1130.jpg,space,space,0.9839614629745483,3,1
space/space1132.jpg,space,space,0.9839478731155396,4,1
space/space1135.jpg,space,space,0.9833950996398926,3,1
space/space1139.jpg,space,space,0.9869326949119568,3,1
space/space1142.jpg,space,space,0.9863564968109131,5,1
space/space1144.jpg,space,space,0.9842144250869751,5,1
space/space1145.jpg,space,space,0.9851524829864502,6,1
space/space1153.jpg,space,space,0.9869548678398132,6,1
space/space1159.jpg,space,space,0.9839439392089844,4,1
space/space1162.jpg,space,space,0.98764568567276,4,1
space/space1168.jpg,space,space,0.9868516325950623,6,1
space/space1173.jpg,space,space,0.9824408888816833,4,1
space/space1174.jpg,space,space,0.9830139875411987,3,1
space/space1176.jpg,space,space,0.9847820401191711,4,1
space/space1177.jpg,space,space,0.9834771752357483,4,1
space/space1179.jpg,space,space,0.985630989074707,4,1
space/space1185.jpg,space,space,0.9871907234191895,4,1
space/space1189.jpg,space,space,0.9872174859046936,4,1
space/space1193.jpg,space,space,0.9853160977363586,5,1
space/space1199.jpg,space,space,0.9803876876831055,4,1
space/space1218.jpg,space,space,0.979444682598114,5,1
space/space1219.jpg,space,space,0.9808334112167358,4,1
space/space1223.jpg,space,space,0.9821433424949646,5,1
space/space1224.jpg,space,space,0.9824013113975525,3,1
space/space1227.jpg,space,space,0.9821797609329224,2,1
space/space123.jpg,space,space,0.9878172278404236,1,1
space/space1236.jpg,space,space,0.978996753692627,2,1
space/space1241.jpg,space,space,0.9790189266204834,2,1
space/space1243.jpg,space,space,0.9789061546325684,4,1
space/space1245.jpg,space,space,0.9836455583572388,2,1
space/space1247.jpg,space,space,0.981415867805481,2,1
space/space1252.jpg,space,space,0.9865281581878662,5,1
space/space1256.jpg,space,space,0.987585186958313,4,1
space/space1265.jpg,space,space,0.9851084351539612,3,1
space/space127.jpg,space,space,0.9839801788330078,1,1
space/space1271.jpg,space,space,0.9841886758804321,3,1
space/space1275.jpg,space,space,0.9808390140533447,5,1
space/space1279.jpg,space,space,0.9776611924171448,4,1
space/space1282.jpg,space,space,0.9788752794265747,5,1
space/space1283.jpg,space,space,0.975788414478302,4,1
space/space1297.jpg,space,space,0.9712918996810913,3,1
space/space1301.jpg,space,space,0.9794409275054932,3,1
space/space1303.jpg,space,space,0.9767124056816101,2,1
space/space1314.jpg,space,space,0.9766811728477478,4,1
space/space1320.jpg,space,space,0.9782575964927673,4,1
space/space1329.jpg,space,space,0.988289475440979,5,1
space/space1331.jpg,space,space,0.9869431257247925,3,1
space/space1334.jpg,space,space,0.9856240749359131,4,1
space/space1339.jpg,space,space,0.9821122884750366,3,1
space/space1346.jpg,space,space,0.9862457513809204,3,1
space/space1348.jpg,space,space,0.9893801212310791,5,1
space/space1354.jpg,space,space,0.9877177476882935,4,1
space/space1356.jpg,space,space,0.9880251288414001,3,1
space/space1363.jpg,space,space,0.984725296497345,5,1
space/space1375.jpg,space,space,0.9868147373199463,5,1
space/space1384.jpg,space,space,0.9887809753417969,6,1
space/space1385.jpg,space,space,0.9878230094909668,5,1
space/space1390.jpg,space,space,0.9874228239059448,4,1
space/space1393.jpg,space,space,0.9871814846992493,6,1
space/space14.jpg,space,space,0.9894026517868042,2,1
space/space1400.jpg,space,space,0.9866846203804016,4,1
space/space1401.jpg,space,space,0.985471248626709,4,1
space/space1403.jpg,space,space,0.9867717623710632,2,1
space/space1408.jpg,space,space,0.9883262515068054,5,1
space/space1411.jpg,space,space,0.9873305559158325,3,1
space/space1414.jpg,space,space,0.9875195026397705,3,1
space/space1427.jpg,space,space,0.9880478382110596,6,1
space/space1435.jpg,space,space,0.9890292882919312,5,1
space/space1444.jpg,space,space,0.9892706871032715,4,1
space/space1446.jpg,space,space,0.9886873960494995,3,1
space/space1453.jpg,space,space,0.9895967841148376,4,1
space/space1455.jpg,space,space,0.9878971576690674,4,1
space/space1457.jpg,space,space,0.9877035617828369,3,1
space/space1458.jpg,space,space,0.9883238077163696,3,1
space/space1459.jpg,space,space,0.987463116645813,2,1
space/space146.jpg,space,space,0.9857885241508484,3,1
space/space1464.jpg,space,space,0.9881304502487183,2,1
space/space148.jpg,space,space,0.9852094054222107,2,1
space/space1480.jpg,space,space,0.987811267375946,3,1
space/space1484.jpg,space,space,0.9885193705558777,3,1
space/space1486.jpg,space,space,0.9881721138954163,2,1
space/space149.jpg,space,space,0.985148549079895,2,1
space/space1492.jpg,space,space,0.9870115518569946,3,1
space/space1494.jpg,space,space,0.9873377084732056,3,1
space/space150.jpg,space,space,0.985173225402832,1,1
space/space1503.jpg,space,space,0.9853531718254089,6,1
space/space1511.jpg,space,space,0.9875504374504089,4,1
space/space1518.jpg,space,space,0.9922106266021729,7,1
space/space1519.jpg,space,space,0.9918151497840881,8,1
space/space1521.jpg,space,space,0.9913017749786377,5,1
space/space1523.jpg,space,space,0.9902145862579346,4,1
space/space1525.jpg,space,space,0.9907784461975098,5,1
space/space1526.jpg,space,space,0.9907476902008057,4,1
space/space153.jpg,space,space,0.9859399795532227,1,1
space/space1534.jpg,space,space,0.9884517192840576,5,1
space/space1536.jpg,space,space,0.9895525574684143,6,1
space/space1537.jpg,space,space,0.989534318447113,6,1
space/space1540.jpg,space,space,0.9886287450790405,6,1
space/space1546.jpg,space,space,0.9886379837989807,4,1
space/space156.jpg,space,space,0.9868131875991821,1,1
space/space1560.jpg,space,space,0.9851203560829163,2,1
space/space1561.jpg,space,space,0.9850755929946899,2,1
space/space1565.jpg,space,space,0.9865458011627197,2,1
space/space1566.jpg,space,space,0.9850334525108337,2,1
space/space1572.jpg,space,space,0.9842628836631775,2,1
space/space1573.jpg,space,space,0.9845209717750549,2,1
space/space1584.jpg,space,space,0.9910460114479065,3,1
space/space1586.jpg,space,space,0.9917747974395752,5,1
space/space1596.jpg,space,space,0.9926257729530334,5,1
space/space1597.jpg,space,space,0.9922310709953308,4,1
space/space1599.jpg,space,space,0.9925941824913025,4,1
space/space1604.jpg,space,space,0.9914730787277222,4,1
space/space1620.jpg,space,space,0.9892856478691101,3,1
space/space1632.jpg,space,space,0.9904565215110779,5,1
space/space1636.jpg,space,space,0.9902258515357971,5,1
space/space1642.jpg,space,space,0.9910485744476318,5,1
space/space1644.jpg,space,space,0.9909802079200745,4,1
space/space1649.jpg,space,space,0.9897947907447815,6,1
space/space165.jpg,space,space,0.9874775409698486,1,1
space/space1652.jpg,space,space,0.9890774488449097,7,1
space/space1653.jpg,space,space,0.9889718890190125,7,1
space/space1654.jpg,space,space,0.9885136485099792,4,1
space/space1657.jpg,space,space,0.9890462756156921,7,1
space/space1660.jpg,space,space,0.9896831512451172,5,1
space/space1663.jpg,space,space,0.9911079406738281,3,1
space/space1673.jpg,space,space,0.9901212453842163,5,1
space/space1679.jpg,space,space,0.9907568097114563,7,1
space/space1681.jpg,space,space,0.9895560145378113,7,1
space/space1685.jpg,space,space,0.9904869198799133,6,1
space/space1687.jpg,space,space,0.9913752675056458,4,1
space/space1688.jpg,space,space,0.9912770986557007,3,1
space/space169.jpg,space,space,0.9865962862968445,1,1
space/space1694.jpg,space,space,0.9916577935218811,4,1
space/space1695.jpg,space,space,0.9915363788604736,5,1
space/space1700.jpg,space,space,0.9922433495521545,3,1
space/space1706.jpg,space,space,0.9920288920402527,2,1
space/space1707.jpg,space,space,0.992474377155304,4,1
space/space1711.jpg,space,space,0.9912121891975403,5,1
space/space1712.jpg,space,space,0.9917473793029785,4,1
space/space1715.jpg,space,space,0.9905357956886292,8,1
space/space1721.jpg,space,space,0.9881893396377563,6,1
space/space1723.jpg,space,space,0.9871289730072021,4,1
space/space1727.jpg,space,space,0.9878079295158386,4,1
space/space173.jpg,space,space,0.9857690930366516,1,1
space/space1734.jpg,space,space,0.9880838990211487,5,1
space/space1735.jpg,space,space,0.9878324270248413,4,1
space/space1744.jpg,space,space,0.987464189529419,5,1
space/space1747.jpg,space,space,0.9881563186645508,5,1
space/space1750.jpg,space,space,0.9888741970062256,5,1
space/space1755.jpg,space,space,0.9877635836601257,5,1
space/space1759.jpg,space,space,0.9876326322555542,6,1
space/space1768.jpg,space,space,0.9898292422294617,4,1
space/space1769.jpg,space,space,0.9899250268936157,3,1
space/space1775.jpg,space,space,0.986905038356781,3,1
space/space1799.jpg,space,space,0.9754239320755005,3,1
space/space1816.jpg,space,space,0.991575300693512,3,1
space/space1822.jpg,space,space,0.9912119507789612,3,1
space/space1830.jpg,space,space,0.9867940545082092,3,1
space/space1832.jpg,space,space,0.9862483143806458,3,1
space/space184.jpg,space,space,0.986793041229248,3,1
space/space1847.jpg,space,space,0.9859626889228821,3,1
space/space1850.jpg,space,space,0.9851293563842773,4,1
space/space1856.jpg,space,space,0.9839372038841248,3,1
space/space1858.jpg,space,space,0.9871587157249451,3,1
space/space1863.jpg,space,space,0.9852317571640015,2,1
space/space1866.jpg,space,space,0.9858762621879578,3,1
space/space1868.jpg,space,space,0.9897626042366028,4,1
space/space1869.jpg,space,space,0.9911081790924072,3,1
space/space187.jpg,space,space,0.9870140552520752,3,1
space/space188.jpg,space,space,0.9882411360740662,3,1
space/space1882.jpg,space,space,0.9856182932853699,6,1
space/space1884.jpg,space,space,0.9885603785514832,6,1
space/space1889.jpg,space,space,0.9873552918434143,6,1
space/space1890.jpg,space,space,0.987454891204834,5,1
space/space1895.jpg,space,space,0.9883584976196289,6,1
space/space1900.jpg,space,space,0.987128496170044,6,1
space/space1907.jpg,space,space,0.9882689714431763,6,1
space/space1911.jpg,space,space,0.9877633452415466,5,1
space/space1912.jpg,space,space,0.9864535927772522,5,1
space/space1916.jpg,space,space,0.9890211224555969,6,1
space/space1917.jpg,space,space,0.9863944053649902,6,1
space/space192.jpg,space,space,0.9905481934547424,3,1
space/space1921.jpg,space,space,0.9873417019844055,5,1
space/space1922.jpg,space,space,0.9878016114234924,4,1
space/space1924.jpg,space,space,0.9874405860900879,5,1
space/space1927.jpg,space,space,0.9874761700630188,3,1
space/space1929.jpg,space,space,0.9874140024185181,3,1
space/space193.jpg,space,space,0.9891799688339233,3,1
space/space1931.jpg,space,space,0.9893720746040344,3,1
space/space194.jpg,space,space,0.9884821176528931,3,1
space/space1940.jpg,space,space,0.987890362739563,6,1
space/space1942.jpg,space,space,0.9906002283096313,8,1
space/space1943.jpg,space,space,0.9916682243347168,7,1
space/space1944.jpg,space,space,0.9914729595184326,9,1
space/space1949.jpg,space,space,0.991273820400238,5,1
space/space1951.jpg,space,space,0.9920720458030701,4,1
space/space1953.jpg,space,space,0.9923917651176453,3,1
space/space1955.jpg,space,space,0.9922949075698853,3,1
space/space1960.jpg,space,space,0.9924933314323425,4,1
space/space1961.jpg,space,space,0.9918872714042664,6,1
space/space1979.jpg,space,space,0.9922972321510315,6,1
space/space1981.jpg,space,space,0.9927312731742859,7,1
space/space1985.jpg,space,space,0.9922152161598206,7,1
space/space1995.jpg,space,space,0.9916689395904541,9,1
space/space1998.jpg,space,space,0.9919044375419617,7,1
space/space2007.jpg,space,space,0.9910680651664734,1,1
space/space2009.jpg,space,space,0.9904064536094666,1,1
space/space2014.jpg,space,space,0.9885854125022888,2,1
space/space2015.jpg,space,space,0.9881254434585571,4,1
space/space2023.jpg,space,space,0.9731194376945496,4,1
space/space2029.jpg,space,space,0.9787471890449524,3,1
space/space2042.jpg,space,space,0.987036943435669,3,1
space/space2046.jpg,space,space,0.9884157180786133,2,1
space/space205.jpg,space,space,0.989572286605835,3,1
space/space2057.jpg,space,space,0.9880514144897461,3,1
space/space2062.jpg,space,space,0.9886018633842468,3,1
space/space2070.jpg,space,space,0.9898926615715027,3,1
space/space2072.jpg,space,space,0.9853389263153076,3,1
space/space2073.jpg,space,space,0.9878255724906921,3,1
space/space2077.jpg,space,space,0.9901171326637268,3,1
space/space2084.jpg,space,space,0.9885827302932739,4,1
space/space2085.jpg,space,space,0.9861055016517639,4,1
space/space2087.jpg,space,space,0.9870293140411377,3,1
space/space2088.jpg,space,space,0.9885890483856201,3,1
space/space2092.jpg,space,space,0.9890327453613281,3,1
space/space2109.jpg,space,space,0.9909247159957886,4,1
space/space2120.jpg,space,space,0.9910893440246582,3,1
space/space2123.jpg,space,space,0.9923732876777649,4,1
space/space2125.jpg,space,space,0.9919357299804688,8,1
space/space2130.jpg,space,space,0.9907118678092957,4,1
space/space2134.jpg,space,space,0.990419328212738,4,1
space/space2135.jpg,space,space,0.9902378916740417,3,1
space/space2138.jpg,space,space,0.9907004237174988,4,1
space/space2153.jpg,space,space,0.9871422052383423,3,1
space/space2158.jpg,space,space,0.9854280352592468,3,1
space/space2159.jpg,space,space,0.9837357401847839,4,1
space/space2168.jpg,space,space,0.9895436763763428,4,1
space/space217.jpg,space,space,0.9915926456451416,2,1
space/space2172.jpg,space,space,0.9855130314826965,3,1
space/space2179.jpg,space,space,0.9893605709075928,4,1
space/space2183.jpg,space,space,0.9892186522483826,3,1
space/space2186.jpg,space,space,0.9819294810295105,4,1
space/space2192.jpg,space,space,0.9816044569015503,3,1
space/space2193.jpg,space,space,0.9867801070213318,5,1
space/space220.jpg,space,space,0.9901031255722046,2,1
space/space2203.jpg,space,space,0.989688515663147,4,1
space/space2208.jpg,space,space,0.9321105480194092,5,1
space/space2210.jpg,space,space,0.9641130566596985,3,1
space/space2212.jpg,space,space,0.965638279914856,5,1
space/space2213.jpg,space,space,0.9514278173446655,6,1
space/space223.jpg,space,space,0.9893682599067688,2,1
space/space2230.jpg,space,space,0.9847747683525085,4,1
space/space224.jpg,space,space,0.9901926517486572,2,1
space/space2241.jpg,space,space,0.9893381595611572,3,1
space/space2242.jpg,space,space,0.9898192286491394,3,1
space/space2243.jpg,space,space,0.9900564551353455,3,1
space/space2245.jpg,space,space,0.9898396730422974,5,1
space/space2248.jpg,space,space,0.9907592535018921,3,1
space/space2263.jpg,space,space,0.9898562431335449,3,1
space/space2273.jpg,space,space,0.9899448156356812,3,1
space/space2277.jpg,space,space,0.9904416799545288,2,1
space/space2279.jpg,space,space,0.9899898767471313,1,1
space/space2282.jpg,space,space,0.9907538890838623,2,1
space/space2285.jpg,space,space,0.989922821521759,2,1
space/space2286.jpg,space,space,0.9898080229759216,1,1
space/space2287.jpg,space,space,0.9904451370239258,1,1
space/space2288.jpg,space,space,0.9907733201980591,3,1
space/space2294.jpg,space,space,0.9897142052650452,3,1
space/space2299.jpg,space,space,0.9902361035346985,4,1
space/space2306.jpg,space,space,0.9895173907279968,3,1
space/space2307.jpg,space,space,0.9890202879905701,3,1
space/space2308.jpg,space,space,0.9890102744102478,4,1
space/space2310.jpg,space,space,0.9890598058700562,3,1
space/space2312.jpg,space,space,0.9895155429840088,4,1
space/space2318.jpg,space,space,0.9870041012763977,2,1
space/space2337.jpg,space,space,0.9862238168716431,2,1
space/space2341.jpg,space,space,0.9878736138343811,2,1
space/space2345.jpg,space,space,0.9696048498153687,3,1
space/space2347.jpg,space,space,0.9810318350791931,4,1
space/space2352.jpg,space,space,0.9819793701171875,3,1
space/space2355.jpg,space,space,0.9843114018440247,3,1
space/space2360.jpg,space,space,0.9845127463340759,3,1
space/space2364.jpg,space,space,0.9639653563499451,3,1
space/space2369.jpg,space,space,0.9397426247596741,4,1
space/space2370.jpg,space,space,0.9785265922546387,4,1
space/space2380.jpg,space,space,0.986244261264801,4,1
space/space2389.jpg,space,space,0.9885510802268982,3,1
space/space2393.jpg,space,space,0.9896178841590881,3,1
space/space2398.jpg,space,space,0.9908422231674194,3,1
space/space2402.jpg,space,space,0.9905433058738708,3,1
space/space2407.jpg,space,space,0.9908183217048645,3,1
space/space2413.jpg,space,space,0.9904382824897766,4,1
space/space2421.jpg,space,space,0.9898837804794312,4,1
space/space243.jpg,space,space,0.9887235164642334,3,1
space/space2430.jpg,space,space,0.9906784892082214,3,1
space/space2441.jpg,space,space,0.9910898208618164,3,1
space/space2453.jpg,space,space,0.9903022646903992,3,1
space/space2461.jpg,space,space,0.989920973777771,4,1
space/space2466.jpg,space,space,0.9887427091598511,3,1
space/space2475.jpg,space,space,0.9881613254547119,3,1
space/space2476.jpg,space,space,0.9894040822982788,4,1
space/space2477.jpg,space,space,0.9877524375915527,4,1
space/space2481.jpg,space,space,0.9861282110214233,3,1
space/space2482.jpg,space,space,0.9883783459663391,4,1
space/space2483.jpg,space,space,0.9879289865493774,3,1
space/space2486.jpg,space,space,0.989452600479126,3,1
space/space2489.jpg,space,space,0.9900128841400146,3,1
space/space2492.jpg,space,space,0.990128219127655,3,1
space/space25.jpg,space,space,0.9858049750328064,3,1
space/space2504.jpg,space,space,0.9914133548736572,4,1
space/space2513.jpg,space,space,0.99167400598526,4,1
space/space2542.jpg,space,space,0.9903497695922852,3,1
space/space2548.jpg,space,space,0.9912135004997253,3,1
space/space2549.jpg,space,space,0.9916589856147766,3,1
space/space2552.jpg,space,space,0.991445779800415,4,1
space/space2554.jpg,space,space,0.9914016127586365,3,1
space/space2563.jpg,space,space,0.9900776147842407,3,1
space/space2565.jpg,space,space,0.9888951778411865,4,1
space/space2566.jpg,space,space,0.9882826209068298,4,1
space/space2571.jpg,space,space,0.9852456450462341,4,1
space/space2575.jpg,space,space,0.9837816953659058,7,1
space/space258.jpg,space,space,0.9864091873168945,4,1
space/space2580.jpg,space,space,0.9843547344207764,4,1
space/space2585.jpg,space,space,0.9878548979759216,4,1
space/space2587.jpg,space,space,0.9876673221588135,4,1
space/space259.jpg,space,space,0.9867196679115295,5,1
space/space2591.jpg,space,space,0.992460310459137,4,1
space/space2593.jpg,space,space,0.9915392994880676,3,1
space/space2603.jpg,space,space,0.986505925655365,4,1
space/space2606.jpg,space,space,0.9881482720375061,4,1
space/space2609.jpg,space,space,0.9883881211280823,4,1
space/space2615.jpg,space,space,0.9913091659545898,4,1
space/space2616.jpg,space,space,0.991115927696228,4,1
space/space2621.jpg,space,space,0.9917830228805542,3,1
space/space2631.jpg,space,space,0.990281343460083,2,1
space/space2633.jpg,space,space,0.9896626472473145,5,1
space/space2636.jpg,space,space,0.9901408553123474,4,1
space/space2637.jpg,space,space,0.9898825287818909,4,1
space/space2646.jpg,space,space,0.9910236597061157,2,1
space/space265.jpg,space,space,0.9878155589103699,4,1
space/space2665.jpg,space,space,0.9912574291229248,5,1
space/space2673.jpg,space,space,0.9916297793388367,3,1
space/space2675.jpg,space,space,0.9906696081161499,3,1
space/space2678.jpg,space,space,0.9770230054855347,3,1
space/space2680.jpg,space,space,0.9867955446243286,4,1
space/space2682.jpg,space,space,0.9900141954421997,3,1
space/space2684.jpg,space,space,0.9902785420417786,5,1
space/space2686.jpg,space,space,0.991139829158783,4,1
space/space269.jpg,space,space,0.9883208274841309,4,1
space/space2692.jpg,space,space,0.9926285743713379,5,1
space/space2693.jpg,space,space,0.9925059676170349,4,1
space/space2697.jpg,space,space,0.9892454147338867,4,1
space/space2708.jpg,space,space,0.9913267493247986,6,1
space/space2712.jpg,space,space,0.9921371340751648,4,1
space/space2716.jpg,space,space,0.9919849038124084,7,1
space/space272.jpg,space,space,0.9874874353408813,5,1
space/space2721.jpg,space,space,0.990922749042511,5,1
space/space2722.jpg,space,space,0.9913470149040222,6,1
space/space2724.jpg,space,space,0.9911527037620544,4,1
space/space2725.jpg,space,space,0.9917933344841003,6,1
space/space2727.jpg,space,space,0.9914275407791138,4,1
space/space2745.jpg,space,space,0.9931974411010742,5,1
space/space2747.jpg,space,space,0.9928513765335083,5,1
space/space2749.jpg,space,space,0.9924782514572144,6,1
space/space2750.jpg,space,space,0.9926579594612122,5,1
space/space2760.jpg,space,space,0.9915223121643066,6,1
space/space2776.jpg,space,space,0.9918239712715149,8,1
space/space2779.jpg,space,space,0.9914833903312683,5,1
space/space2781.jpg,space,space,0.9915613532066345,4,1
space/space2789.jpg,space,space,0.9914447665214539,4,1
space/space279.jpg,space,space,0.9888437986373901,3,1
space/space2795.jpg,space,space,0.9920308589935303,6,1
space/space2798.jpg,space,space,0.9912960529327393,5,1
space/space2803.jpg,space,space,0.9912737011909485,4,1
space/space2804.jpg,space,space,0.9913806319236755,3,1
space/space2805.jpg,space,space,0.9900245666503906,3,1
space/space281.jpg,space,space,0.989403247833252,4,1
space/space2815.jpg,space,space,0.9894065260887146,4,1
space/space2822.jpg,space,space,0.9903574585914612,3,1
space/space2824.jpg,space,space,0.9901617765426636,3,1
space/space2828.jpg,space,space,0.9900867342948914,3,1
space/space283.jpg,space,space,0.9905722737312317,4,1
space/space2830.jpg,space,space,0.9900597333908081,3,1
space/space2835.jpg,space,space,0.989355742931366,3,1
space/space2837.jpg,space,space,0.9906186461448669,2,1
space/space2848.jpg,space,space,0.9893268346786499,3,1
space/space2851.jpg,space,space,0.9887056946754456,2,1
space/space2853.jpg,space,space,0.9883772730827332,2,1
space/space2865.jpg,space,space,0.9903334975242615,3,1
space/space2870.jpg,space,space,0.9895333647727966,3,1
space/space2872.jpg,space,space,0.9897493720054626,3,1
space/space2887.jpg,space,space,0.9868561625480652,6,1
space/space2894.jpg,space,space,0.9855484366416931,3,1
space/space2903.jpg,space,space,0.9677199721336365,2,1
space/space2914.jpg,space,space,0.9745815992355347,2,1
space/space2921.jpg,space,space,0.9735638499259949,2,1
space/space2930.jpg,space,space,0.9807816743850708,2,1
space/space2933.jpg,space,space,0.9816040992736816,3,1
space/space2934.jpg,space,space,0.979156494140625,3,1
space/space2939.jpg,space,space,0.9891353845596313,3,1
space/space2947.jpg,space,space,0.9919739365577698,3,1
space/space2953.jpg,space,space,0.9919637441635132,3,1
space/space2958.jpg,space,space,0.9916954636573792,2,1
space/space2959.jpg,space,space,0.9913217425346375,2,1
space/space296.jpg,space,space,0.9904610514640808,2,1
space/space2961.jpg,space,space,0.9897012710571289,2,1
space/space2962.jpg,space,space,0.9906180500984192,2,1
space/space2963.jpg,space,space,0.9906876683235168,2,1
space/space2966.jpg,space,space,0.9890022277832031,2,1
space/space2968.jpg,space,space,0.9889872670173645,2,1
space/space2971.jpg,space,space,0.9882385730743408,2,1
space/space2984.jpg,space,space,0.9865248203277588,3,1
space/space2985.jpg,space,space,0.985901415348053,3,1
space/space2990.jpg,space,space,0.9877386093139648,3,1
space/space2996.jpg,space,space,0.9882878661155701,3,1
space/space300.jpg,space,space,0.9907360672950745,4,1
space/space3000.jpg,space,space,0.9878618717193604,3,1
space/space306.jpg,space,space,0.9908735752105713,3,1
space/space312.jpg,space,space,0.9900769591331482,2,1
space/space326.jpg,space,space,0.9866107702255249,1,1
space/space33.jpg,space,space,0.9905638694763184,1,1
space/space330.jpg,space,space,0.9875593781471252,1,1
space/space334.jpg,space,space,0.9851034283638,1,1
space/space335.jpg,space,space,0.9850562214851379,1,1
space/space340.jpg,space,space,0.9846357107162476,1,1
space/space351.jpg,space,space,0.9873164892196655,1,1
space/space359.jpg,space,space,0.9880460500717163,1,1
space/space363.jpg,space,space,0.9882610440254211,1,1
space/space371.jpg,space,space,0.9877447485923767,1,1
space/space372.jpg,space,space,0.9885029196739197,1,1
space/space373.jpg,space,space,0.9876959323883057,1,1
space/space374.jpg,space,space,0.986929178237915,1,1
space/space380.jpg,space,space,0.9879578948020935,1,1
space/space381.jpg,space,space,0.985959529876709,1,1
space/space389.jpg,space,space,0.9879158735275269,1,1
space/space39.jpg,space,space,0.9912132620811462,1,1
space/space392.jpg,space,space,0.9886215329170227,1,1
space/space396.jpg,space,space,0.9895293116569519,1,1
space/space399.jpg,space,space,0.9889860153198242,1,1
space/space4.jpg,space,space,0.9891959428787231,2,1
space/space407.jpg,space,space,0.9902248978614807,1,1
space/space41.jpg,space,space,0.9910237789154053,1,1
space/space415.jpg,space,space,0.9903359413146973,3,1
space/space429.jpg,space,space,0.9907410144805908,2,1
space/space431.jpg,space,space,0.9897255301475525,2,1
space/space433.jpg,space,space,0.9886258244514465,1,1
space/space439.jpg,space,space,0.9880304932594299,1,1
space/space44.jpg,space,space,0.9917687177658081,1,1
space/space440.jpg,space,space,0.9885469675064087,1,1
space/space443.jpg,space,space,0.9889134764671326,1,1
space/space449.jpg,space,space,0.9894652366638184,1,1
space/space453.jpg,space,space,0.9894397854804993,1,1
space/space458.jpg,space,space,0.9883827567100525,1,1
space/space46.jpg,space,space,0.9914892911911011,1,1
space/space460.jpg,space,space,0.9885144829750061,1,1
space/space466.jpg,space,space,0.9885974526405334,1,1
space/space468.jpg,space,space,0.9876614809036255,2,1
space/space47.jpg,space,space,0.9910893440246582,1,1
space/space473.jpg,space,space,0.9888802766799927,1,1
space/space483.jpg,space,space,0.9862257242202759,1,1
space/space488.jpg,space,space,0.9858456254005432,1,1
space/space494.jpg,space,space,0.9860314130783081,1,1
space/space495.jpg,space,space,0.9851797819137573,2,1
space/space497.jpg,space,space,0.9866112470626831,1,1
space/space498.jpg,space,space,0.9881550073623657,1,1
space/space499.jpg,space,space,0.9879228472709656,1,1
space/space501.jpg,space,space,0.9884347915649414,1,1
space/space509.jpg,space,space,0.9872181415557861,1,1
space/space511.jpg,space,space,0.9879263639450073,1,1
space/space52.jpg,space,space,0.987676739692688,1,1
space/space534.jpg,space,space,0.9841931462287903,1,1
space/space537.jpg,space,space,0.9853866100311279,1,1
space/space541.jpg,space,space,0.9852027297019958,1,1
space/space546.jpg,space,space,0.9861022233963013,1,1
space/space560.jpg,space,space,0.9872670769691467,3,1
space/space563.jpg,space,space,0.9869993329048157,4,1
space/space568.jpg,space,space,0.9885141253471375,2,1
space/space575.jpg,space,space,0.9889351725578308,3,1
space/space577.jpg,space,space,0.9883991479873657,3,1
space/space602.jpg,space,space,0.9888718724250793,3,1
space/space606.jpg,space,space,0.990108847618103,3,1
space/space610.jpg,space,space,0.990157425403595,3,1
space/space612.jpg,space,space,0.9904996752738953,3,1
space/space616.jpg,space,space,0.9903274178504944,3,1
space/space624.jpg,space,space,0.9896277189254761,3,1
space/space629.jpg,space,space,0.989062488079071,3,1
space/space630.jpg,space,space,0.9890826940536499,3,1
space/space639.jpg,space,space,0.9914830327033997,2,1
space/space642.jpg,space,space,0.9900124073028564,2,1
space/space650.jpg,space,space,0.9916063547134399,1,1
space/space655.jpg,space,space,0.9916794896125793,2,1
space/space656.jpg,space,space,0.9917820692062378,1,1
space/space659.jpg,space,space,0.9917948842048645,1,1
space/space664.jpg,space,space,0.9908106327056885,1,1
space/space668.jpg,space,space,0.9916017651557922,1,1
space/space671.jpg,space,space,0.9904663562774658,2,1
space/space674.jpg,space,space,0.9922271966934204,2,1
space/space68.jpg,space,space,0.9911309480667114,1,1
space/space680.jpg,space,space,0.9917241930961609,3,1
space/space682.jpg,space,space,0.9919765591621399,2,1
space/space684.jpg,space,space,0.9924013614654541,3,1
space/space69.jpg,space,space,0.9913559556007385,1,1
space/space695.jpg,space,space,0.9924384951591492,2,1
space/space70.jpg,space,space,0.9914706349372864,1,1
space/space709.jpg,space,space,0.9894739985466003,3,1
space/space724.jpg,space,space,0.9899507164955139,2,1
space/space731.jpg,space,space,0.9888349175453186,3,1
space/space733.jpg,space,space,0.9881494045257568,3,1
space/space736.jpg,space,space,0.9890029430389404,3,1
space/space740.jpg,space,space,0.9890400171279907,2,1
space/space741.jpg,space,space,0.9890291690826416,3,1
space/space747.jpg,space,space,0.9872099161148071,2,1
space/space749.jpg,space,space,0.9885733127593994,3,1
space/space751.jpg,space,space,0.9885137677192688,3,1
space/space753.jpg,space,space,0.9885701537132263,3,1
space/space760.jpg,space,space,0.9904041290283203,2,1
space/space769.jpg,space,space,0.9878738522529602,4,1
space/space770.jpg,space,space,0.9882073998451233,4,1
space/space774.jpg,space,space,0.9871529936790466,3,1
space/space78.jpg,space,space,0.9927785992622375,1,1
space/space780.jpg,space,space,0.9870187044143677,3,1
space/space783.jpg,space,space,0.9888138175010681,3,1
space/space786.jpg,space,space,0.9871945977210999,3,1
space/space791.jpg,space,space,0.9893211126327515,2,1
space/space794.jpg,space,space,0.9897648096084595,2,1
space/space801.jpg,space,space,0.989841878414154,3,1
space/space804.jpg,space,space,0.9913619160652161,3,1
space/space818.jpg,space,space,0.9901841282844543,3,1
space/space827.jpg,space,space,0.9910813570022583,2,1
space/space832.jpg,space,space,0.9914780259132385,3,1
space/space838.jpg,space,space,0.991313636302948,3,1
space/space839.jpg,space,space,0.9913075566291809,3,1
space/space843.jpg,space,space,0.9917895793914795,3,1
space/space846.jpg,space,space,0.9917085766792297,3,1
space/space85.jpg,space,space,0.9894166588783264,2,1
space/space851.jpg,space,space,0.9907066226005554,3,1
space/space858.jpg,space,space,0.989831805229187,3,1
space/space86.jpg,space,space,0.9894542694091797,2,1
space/space868.jpg,space,space,0.989861011505127,3,1
space/space87.jpg,space,space,0.9892463088035583,2,1
space/space871.jpg,space,space,0.9902541041374207,3,1
space/space872.jpg,space,space,0.9913442134857178,3,1
space/space874.jpg,space,space,0.9921581745147705,3,1
space/space88.jpg,space,space,0.9896622896194458,2,1
space/space881.jpg,space,space,0.9920988082885742,1,1
space/space886.jpg,space,space,0.9927588701248169,1,1
space/space89.jpg,space,space,0.9895648956298828,2,1
space/space892.jpg,space,space,0.992622971534729,1,1
space/space894.jpg,space,space,0.9919472336769104,3,1
space/space9.jpg,space,space,0.9893128275871277,3,1
space/space908.jpg,space,space,0.9917980432510376,3,1
space/space910.jpg,space,space,0.9922492504119873,3,1
space/space911.jpg,space,space,0.9918698072433472,3,1
space/space914.jpg,space,space,0.9920122027397156,3,1
space/space917.jpg,space,space,0.9913012385368347,3,1
space/space918.jpg,space,space,0.9913627505302429,3,1
space/space923.jpg,space,space,0.98850017786026,3,1
space/space928.jpg,space,space,0.9890307784080505,3,1
space/space929.jpg,space,space,0.9891253709793091,3,1
space/space939.jpg,space,space,0.992155909538269,4,1
space/space94.jpg,space,space,0.9894769191741943,2,1
space/space956.jpg,space,space,0.9924558401107788,3,1
space/space966.jpg,space,space,0.9914310574531555,2,1
space/space967.jpg,space,space,0.9926093220710754,1,1
space/space97.jpg,space,space,0.9873570203781128,1,1
space/space978.jpg,space,space,0.9885843992233276,1,1
space/space988.jpg,space,space,0.9910538792610168,1,1
space/space989.jpg,space,space,0.9912269711494446,1,1
space/space995.jpg,space,space,0.9922301173210144,3,1
space/space999.jpg,space,space,0.9915477633476257,3,1
