relative_path,sha256,true_label,true_index,pred_label,pred_index,confidence,n_boxes,correct,batch_elapsed_ms,batch_mean_inference_ms_per_image
A/ASL_A_001.jpg,4c22cf21532007e15036d69e6d511ed050cea28eeb6bbb65488fe19dd70bba71,A,0,Y,24,0.5683879852294922,8,0,2280.409163999991,570.1022909999978
A/ASL_A_002.jpg,933b67da7cf17aa61f7e03ab3ba17d5b716d661a2f22b081097d4e9dc2621e40,A,0,M,12,0.7013320922851562,15,0,2280.409163999991,570.1022909999978
A/ASL_A_003.jpg,3fdf32c4cac9ad0da5197c3e60e2601f8705c6c866875b748cfed55f96aea83d,A,0,X,23,0.4534402787685394,10,0,2280.409163999991,570.1022909999978
A/ASL_A_004.jpg,c7818535bf2044cd23b0f5dd35a7582bd85054b493e34ee801cbe1bdc3feacc9,A,0,X,23,0.4923838675022125,19,0,2280.409163999991,570.1022909999978
A/ASL_A_005.jpg,78ed23875740a490f29f23f2b9de37e747abf04222a5a11da803d50cb9842884,A,0,M,12,0.2909582257270813,8,0,40.07329400002391,10.018323500005977
A/ASL_A_006.jpg,46cc66c3917738a4a92434ae5957949b94396ff314fca14ecafa0841a3dc2a86,A,0,N,13,0.4873803257942199,32,0,40.07329400002391,10.018323500005977
A/ASL_A_007.jpg,18044e3310f4481cac7389f7dd9d018aebed9427678e2be9a4daa51c2ec690b0,A,0,F,5,0.413312017917633,39,0,40.07329400002391,10.018323500005977
A/ASL_A_008.jpg,d1a75fc4c160ffbb43f3cbcd0535294f51fc0d188083ed5641ff8f93369a08bf,A,0,Y,24,0.8995631337165833,35,0,40.07329400002391,10.018323500005977
A/ASL_A_009.jpg,edb18db664a5caafd3a392e84bff525f9db725368f257a186c8f7f7fa24cf795,A,0,M,12,0.4042853116989136,28,0,37.06644400000414,9.266611000001037
A/ASL_A_010.jpg,eba49b0ddc79eea96ebe235a4016791821713b1cf97a681a962bf740c6d4cfe9,A,0,Y,24,0.8053164482116699,24,0,37.06644400000414,9.266611000001037
A/ASL_A_011.jpg,53f4a127eed06b577d298a6d217314dd66a9c706cc64a607ff36609e06850a23,A,0,G,6,0.6885645985603333,31,0,37.06644400000414,9.266611000001037
A/ASL_A_012.jpg,1e1ba8380b1cdbb8d2a056642013fc40fda5879a09d3c36f1ebb6dfeea1100e7,A,0,F,5,0.534896731376648,29,0,37.06644400000414,9.266611000001037
A/ASL_A_013.jpg,54f1fd2558332fd8e74e3428a29bc8d186ae2f1132f939eebd2a098a8c988f43,A,0,F,5,0.6410017609596252,30,0,37.192546999961,9.298136749990247
A/ASL_A_014.jpg,aae8c61e18af84f7d75a23c52b2bdb0300c13376af8185fba7b06d79a00309a2,A,0,F,5,0.8630642294883728,21,0,37.192546999961,9.298136749990247
A/ASL_A_015.jpg,89b842ffe2d4f810a5201ba7e2caea1d1db17edd7f35dd68319ad80048ff5e86,A,0,N,13,0.261863112449646,26,0,37.192546999961,9.298136749990247
A/ASL_A_016.jpg,4de06c5bf53047e6fb3907e785cfca486d53a598e48e01cbaf34298d7e0bbc3f,A,0,Y,24,0.7055056691169739,9,0,37.192546999961,9.298136749990247
A/ASL_A_017.jpg,4a6002e77458fc74a8d41e549d0df86309d95ad2fabc2a6ff514f301d1e0dc6c,A,0,Z,25,0.244967520236969,18,0,36.74950200002058,9.187375500005146
A/ASL_A_018.jpg,d0f5f73ac0f4a26fa76a6bc1d40a1c79776e73c6d7925f67c6dcc68629f5c922,A,0,A,0,0.0639953017234802,10,1,36.74950200002058,9.187375500005146
A/ASL_A_019.jpg,1f8d127446031b44d8768ca25b1c71d3df1f4b2069da5d2e9cefe78780a33b7f,A,0,A,0,0.2963308095932007,4,1,36.74950200002058,9.187375500005146
A/ASL_A_020.jpg,e796e6c3e2b221582c0c6956063cf9fd7f7210b4a60d68f5641f3c30fe885600,A,0,Y,24,0.7964151501655579,7,0,36.74950200002058,9.187375500005146
A/ASL_A_021.png,12e255a04b1428c81d18263302c26f8b17d303595c95f8237c162dab62f87e1f,A,0,A,0,0.8512805700302124,40,1,74.39555299998801,18.598888249997003
A/ASL_A_022.png,82ccfb903afa97278f9757dd10b7c74858ad26afafe82049dc629be3bbcd45d1,A,0,Y,24,0.8730086088180542,4,0,74.39555299998801,18.598888249997003
A/ASL_A_023.png,f18b87449c3840d7b21dfc54d78e780922be6604733e8be6a1ee7f248a225539,A,0,A,0,0.261486142873764,5,1,74.39555299998801,18.598888249997003
A/ASL_A_024.png,cdee7a8b316d14fe32db73897d8c2c8703cb8e4bf291c4ad76858a3038292343,A,0,D,3,0.419694185256958,57,0,74.39555299998801,18.598888249997003
A/ASL_A_025.png,4f92a4fae98ba243487b1cf35afae660a5c672f493263aaa7e977696dd59d369,A,0,delete,26,0.214980199933052,63,0,75.90601200001856,18.97650300000464
A/ASL_A_026.png,ea867d33f7259d012ffdcd0a2933f8134f321f748d0a5d4d18366f370b4a0e64,A,0,A,0,0.8981685042381287,4,1,75.90601200001856,18.97650300000464
A/ASL_A_027.png,adc0d90fcbab4e90d3df2525971456278805563d3692a4bc23612327cb91eeb3,A,0,Y,24,0.2016628831624984,25,0,75.90601200001856,18.97650300000464
A/ASL_A_028.png,0c94c2c25b6b69438a2e95b01d4d7c6ea7ad95ed3539686227b75fe76d2027c0,A,0,A,0,0.5579890012741089,16,1,75.90601200001856,18.97650300000464
A/ASL_A_029.png,6f4541f783c86e1e9225af6a9629b3e425cb8834dd0df85189b6f95bd6db075b,A,0,A,0,0.7659710049629211,11,1,56.08689399997502,14.021723499993756
A/ASL_A_030.png,c1735501801d4d408fca47af35ddcf40b3cb5c9a9390a70ea7935bf252c3c8ad,A,0,A,0,0.6691102385520935,29,1,56.08689399997502,14.021723499993756
B/ASL_B_001.jpg,b418b4d3b0297cbf2cd3bf4827eba4e60b5102ec80415a9666eb7f3a468a9a7e,B,1,W,22,0.2692379653453827,11,0,56.08689399997502,14.021723499993756
B/ASL_B_002.jpg,0baf3e101494bd60855442750a2fb82fddd50150c749bcf0f8b3683ce3b5fb8f,B,1,E,4,0.7140089869499207,16,0,56.08689399997502,14.021723499993756
B/ASL_B_003.jpg,0114429b0d99756d9f89eaf7be3df9435f37da83e88df92136e8b50ad320be6d,B,1,B,1,0.8400533199310303,2,1,35.931349999998474,8.982837499999619
B/ASL_B_004.jpg,1085e355695d54bd2ef6ccc9a2c394f05d30bb384982cf33c7f306778ea452bd,B,1,B,1,0.7488344311714172,1,1,35.931349999998474,8.982837499999619
B/ASL_B_005.jpg,a72d4dc3228dce2ef90fdec959648dd0edec8f48d5c6570f78bc44d290519367,B,1,M,12,0.6853085160255432,1,0,35.931349999998474,8.982837499999619
B/ASL_B_006.jpg,50135618e5767b4974a598592bcbeb5894165890a94d66fcb9a1fdc33ced45c9,B,1,G,6,0.7305364012718201,30,0,35.931349999998474,8.982837499999619
B/ASL_B_007.jpg,c934012f69b37ddeed774ac15587534cf37d91a72137ee4d47bfa44a76a4e53c,B,1,G,6,0.9205496311187744,28,0,36.85854900004415,9.214637250011036
B/ASL_B_008.jpg,2e221c7017c2607f1c72cee54da43a554e5a6e5ca9b0b1b8c7a2544eb48fcf12,B,1,G,6,0.8780035972595215,31,0,36.85854900004415,9.214637250011036
B/ASL_B_009.jpg,90f8030fc7c115d910bfd52032545168fa2c17da7c54b4df8d5de0c9fe557dbc,B,1,G,6,0.7104719877243042,24,0,36.85854900004415,9.214637250011036
B/ASL_B_010.jpg,c65e71d7799e0b9ac094c509bc5fb89cebade97912ccf281f911de212c78713e,B,1,Y,24,0.6493664979934692,28,0,36.85854900004415,9.214637250011036
B/ASL_B_011.jpg,dac7224ef5a75dd772d04743b08867cfd5137444b01dd35460403a666d09f64f,B,1,N,13,0.7694901823997498,30,0,36.4536560000488,9.1134140000122
B/ASL_B_012.jpg,25e700b48ff8070fe443f7ca2a7fdfef2749d9464ee64c6776574b0f924123dc,B,1,G,6,0.901822030544281,30,0,36.4536560000488,9.1134140000122
B/ASL_B_013.jpg,24cbba9e61b1638b65e150b4fc51f43bbbf3d89017bc64cad6cd39cb0b2ea761,B,1,G,6,0.9078549742698668,40,0,36.4536560000488,9.1134140000122
B/ASL_B_014.jpg,b460d8dd711d5709599bcb1279088e34efc3c13326f1dab2fbfd2cfbeee63214,B,1,F,5,0.756196141242981,25,0,36.4536560000488,9.1134140000122
B/ASL_B_015.jpg,5f15eec369f4599635552a0e53a0aa02ebece210a02b985f3cb73b47584d0231,B,1,B,1,0.9096052646636964,5,1,35.35280699998111,8.838201749995278
B/ASL_B_016.jpg,eb3d6da5c11776fd7da75a73dc5b7dac039d28d8e9b34ed9781c5647f5534c6b,B,1,M,12,0.6506382822990417,4,0,35.35280699998111,8.838201749995278
B/ASL_B_017.jpg,1c877891994306e015515316e6ac5769313c34a568125542a116614ca144d526,B,1,B,1,0.9124711155891418,3,1,35.35280699998111,8.838201749995278
B/ASL_B_018.jpg,b27c5316f60c7a8b1a3d67dffd70db7373c2f86800b556e1170c556b2078636e,B,1,B,1,0.7449179291725159,9,1,35.35280699998111,8.838201749995278
B/ASL_B_019.jpg,b8fc8517449de7cd8075aca568afdd0a28ad681a2c4fd8717bee0b45e380e22f,B,1,B,1,0.5840339660644531,4,1,53.21828500001402,13.304571250003503
B/ASL_B_020.jpg,2a64fabb48cfab282f2dba93a9d1535905d6ced7e10e493bb59a2abba07d73e8,B,1,E,4,0.3636890351772308,16,0,53.21828500001402,13.304571250003503
B/ASL_B_021.png,762b16156f967eaaa2a76aba092e01e9dfdc32ad3d012efec6180ac544b751fd,B,1,E,4,0.7889559268951416,8,0,53.21828500001402,13.304571250003503
B/ASL_B_022.png,6c0ad97fb610cf04a0ca086f7200f8401803ebce7549c81f70a45c2f69122965,B,1,B,1,0.6341577172279358,12,1,53.21828500001402,13.304571250003503
B/ASL_B_023.png,ba5c60eeb5e9a4ca67aa663439c55b9c5e4e94e2a7c5ac660c6e927cf9eb521f,B,1,B,1,0.4323760867118835,26,1,67.66549100001384,16.91637275000346
B/ASL_B_024.png,ce5ded61c33aaac5c784758cff7f3d7556007abbb544e1cbdd9e4d0473016517,B,1,B,1,0.8907928466796875,3,1,67.66549100001384,16.91637275000346
B/ASL_B_025.png,84d611b0737f12560071d4de57781987214371520db0b02a2edd3d56c0d0547a,B,1,nothing,27,0.9116733074188232,9,0,67.66549100001384,16.91637275000346
B/ASL_B_026.png,1eeac6917b0c830ad29a9d1c737b356fff2a3d9e2c097272b8b63a9ac28f0ee0,B,1,N,13,0.699602484703064,9,0,67.66549100001384,16.91637275000346
B/ASL_B_027.png,6f2c28dc08dc2dbad0cb584b65061c833792162699daa4a0f21a62200bcad957,B,1,N,13,0.8831398487091064,15,0,67.53680500003156,16.88420125000789
B/ASL_B_028.png,2f6884817e46d2a5c34477edbdd1a694f14bebe57f9d1468bf3c36e76f78558c,B,1,B,1,0.823307454586029,6,1,67.53680500003156,16.88420125000789
B/ASL_B_029.png,433b9b1947fd2afd842c5a1b07467e065876ce5e2e92e5175a6494ea0d1a37d5,B,1,G,6,0.2175163328647613,53,0,67.53680500003156,16.88420125000789
B/ASL_B_030.png,3a185caf0f939a922da6ab7ab76f3560aa01ec5475b8fe083ce4a507fff80e3f,B,1,E,4,0.8584378361701965,15,0,67.53680500003156,16.88420125000789
C/ASL_C_001.jpg,1af7c090815dfeb2b6919436f329a8d2f5c11c1acdc9b048d1a7cb732dd3f314,C,2,N,13,0.9094868302345276,13,0,34.72849000002043,8.682122500005107
C/ASL_C_002.jpg,cce807f3f0d771f57b79e362f1fd90a0092ba30cc65a6ce49dbf0afb705eb896,C,2,N,13,0.8083139657974243,11,0,34.72849000002043,8.682122500005107
C/ASL_C_003.jpg,f3fe0fb4685bc67ec66d97b5e58cb7378a4345bedab45dd99a37918944827837,C,2,N,13,0.2426207065582275,12,0,34.72849000002043,8.682122500005107
C/ASL_C_004.jpg,f1f953eabe1f3a2f53570753d1d34dfc3fefa748372077f15491962f476153f5,C,2,N,13,0.5713368654251099,16,0,34.72849000002043,8.682122500005107
C/ASL_C_005.jpg,270f0af5cac20bff25aebceac5f022fc1f01a682b964766c253f0b967204fc45,C,2,F,5,0.3605517148971557,42,0,35.43756800002029,8.859392000005073
C/ASL_C_006.jpg,039516bee03f14eec0cde52843dfe405cab7ce3b7c33b68e08d2f6cbd72e85a0,C,2,M,12,0.6714730858802795,37,0,35.43756800002029,8.859392000005073
C/ASL_C_007.jpg,136fb390cfdbe89d942ce585aaad232661fdce63eeea45811f7bf241894d80c2,C,2,N,13,0.6429808139801025,33,0,35.43756800002029,8.859392000005073
C/ASL_C_008.jpg,2a8ecaf3bce0ad733297140a13f9d741744da305bcbf895606000db2b0967cfa,C,2,Y,24,0.3810310661792755,30,0,35.43756800002029,8.859392000005073
C/ASL_C_009.jpg,fe0ed91513edc36d416dad190b19205604992363d376955732c594ff0185db1e,C,2,Y,24,0.642756462097168,39,0,36.26598699997885,9.066496749994712
C/ASL_C_010.jpg,650dd0c9b727519bcc90350e97c27547e432bcf026badf8bab6b6a71f4853004,C,2,Q,16,0.3408422768115997,39,0,36.26598699997885,9.066496749994712
C/ASL_C_011.jpg,75adee28f63f4d4d16ab3dd677cc69487f8860fd17fa07b568394de1be14445b,C,2,G,6,0.5360686182975769,39,0,36.26598699997885,9.066496749994712
C/ASL_C_012.jpg,d56f47da4ac0774d333dfd5b9c92d085eccd3142f8d1c45b0b5dbd1955d85352,C,2,N,13,0.6088627576828003,27,0,36.26598699997885,9.066496749994712
C/ASL_C_013.jpg,fe02a1aa135a27fa7d657322eab3262432590aaf7f3d452d914acca1f785ddf0,C,2,N,13,0.6072542667388916,28,0,35.694198999976834,8.923549749994208
C/ASL_C_014.jpg,54629adc0b94d81c765417e8a63f203a795fad41fa2786a24c56255d6664e84d,C,2,N,13,0.7845736145973206,29,0,35.694198999976834,8.923549749994208
C/ASL_C_015.jpg,f5d173921ef09cece3096db9475bb1903a74640107babd51bc91a04df6b46b4f,C,2,Y,24,0.3253953754901886,29,0,35.694198999976834,8.923549749994208
C/ASL_C_016.jpg,75972516f2da32b2faeab8ed29a44bbf51585fce41f536ac1b0d472b830744b4,C,2,M,12,0.4781625866889953,9,0,35.694198999976834,8.923549749994208
C/ASL_C_017.jpg,8a364509e5f488945bc5b9acdce89ba1d1753dc199cd4e099cf3f9aa6e12a860,C,2,Z,25,0.4162667989730835,7,0,35.42054900003677,8.855137250009193
C/ASL_C_018.jpg,f531ade19485f557f4258ac0728f36317a9c0e3bb62f26c34d81d76d4da00138,C,2,N,13,0.4087567329406738,8,0,35.42054900003677,8.855137250009193
C/ASL_C_019.jpg,1e33b1ae09f53716a4a7fa92fe78bb0b6a018b1bb9b5b6000c6d721b4e0b5552,C,2,N,13,0.8719993829727173,7,0,35.42054900003677,8.855137250009193
C/ASL_C_020.jpg,78f8555d781d06bf54e9d3d86c276396845382e0ee2567d36fd1a11349f46f31,C,2,N,13,0.7867066860198975,4,0,35.42054900003677,8.855137250009193
C/ASL_C_021.png,cd53d73bc0e0e1924e9f66794688b8607c63fcd74ec770200b5d5bdd3a89e21e,C,2,J,9,0.4145522713661194,2,0,71.8063169999823,17.951579249995575
C/ASL_C_022.png,93ab0509367c960d1961f7ebe559e2c0753e1da684374bbf468990f5b4963ae3,C,2,Z,25,0.8070483803749084,1,0,71.8063169999823,17.951579249995575
C/ASL_C_023.png,384c7c8d02aab0074e61ce0dbffbe96fad55a1e280f03ec5dfaefb8875d25201,C,2,P,15,0.7623088359832764,30,0,71.8063169999823,17.951579249995575
C/ASL_C_024.png,ec68a4b903790196560474a91962f0284f30e02c3864c402726a909ddb0d3e67,C,2,Z,25,0.5929341316223145,17,0,71.8063169999823,17.951579249995575
C/ASL_C_025.png,fbe020c97f1a2d4ee21e97a8525b465bb17cbd414eefc7640835ed3430d8c2be,C,2,N,13,0.9818716645240784,21,0,75.98094200000105,18.995235500000263
C/ASL_C_026.png,2f40d10de29771c2de44df1de28b04bb68b7eccf8f8067d35fab8b47e62b5fb7,C,2,H,7,0.7163331508636475,9,0,75.98094200000105,18.995235500000263
C/ASL_C_027.png,332284392061bc4de7fa779ba5e51283fc45ae3986937bda74917cc48ba0e2dc,C,2,P,15,0.9052538275718688,34,0,75.98094200000105,18.995235500000263
C/ASL_C_028.png,f49f65fe7f4cd333988b86a75faf3e0f301cbf5aea9428c04ac492b55a1aa283,C,2,Q,16,0.3826736807823181,16,0,75.98094200000105,18.995235500000263
C/ASL_C_029.png,ebab16614dc50fca9c5f3a5aef13a6779079c95a9478772fced58463b5b84e92,C,2,G,6,0.9536778926849364,2,0,55.44238800001722,13.860597000004304
C/ASL_C_030.png,60124c721ef87de0594bbb9bdb29ca8cd2b534c37a717f45668a4a22acf3106b,C,2,C,2,0.7535971403121948,50,1,55.44238800001722,13.860597000004304
D/ASL_D_001.jpg,b9694a484f19b1f1743f134857a883479f54d497740287dcd435ef41534e00c3,D,3,N,13,0.7050216197967529,23,0,55.44238800001722,13.860597000004304
D/ASL_D_002.jpg,c2c581e63acc4295238ba042fabf96f78520789bd559d01dca98505d687cb2ee,D,3,N,13,0.509395182132721,21,0,55.44238800001722,13.860597000004304
D/ASL_D_003.jpg,b20d8fc67ad1c5f0529093ca12b30472f2758b11e365adcd03868d8d7203a47d,D,3,M,12,0.4677455723285675,19,0,35.86305200002471,8.965763000006177
D/ASL_D_004.jpg,19cfbba26a2f6f6f88159bfa4c0b18495f693e76c0f733572e51a5660ba9dbcf,D,3,Y,24,0.896213710308075,30,0,35.86305200002471,8.965763000006177
D/ASL_D_005.jpg,81ce8c8543c54163075ed0b9e0e6284182d173b5bc2a304618c430038f25ec4c,D,3,G,6,0.4809279143810272,31,0,35.86305200002471,8.965763000006177
D/ASL_D_006.jpg,8899ec6ecbc5f3bb7916ef88828363cb58496a581f632a18777cc668ba144b25,D,3,G,6,0.8722498416900635,18,0,35.86305200002471,8.965763000006177
D/ASL_D_007.jpg,4e352fe008b020fca4a1e300b27c81fb3a9c422c26ac5ed9ff7e730cb91f2435,D,3,N,13,0.8529481887817383,17,0,35.2023589999817,8.800589749995424
D/ASL_D_008.jpg,6978d1787a7ed05c0e4e4d0a95300b161fbd750cd048d509361297290798d924,D,3,N,13,0.6368810534477234,22,0,35.2023589999817,8.800589749995424
D/ASL_D_009.jpg,049de9d1c774aa88914e4048bd58dd89c7fdddab1875dc94766a9b04d6f315a7,D,3,N,13,0.7207580804824829,23,0,35.2023589999817,8.800589749995424
D/ASL_D_010.jpg,5728738401fb8fa43d821ac2a580de44bcc70604026a2a73b9495f97e5f1ce68,D,3,Y,24,0.5920121073722839,29,0,35.2023589999817,8.800589749995424
D/ASL_D_011.jpg,804bfbd9354f0c6bab697ae536b5f547a3c4482ac37094abc3217951dccf775d,D,3,N,13,0.58740234375,34,0,35.21586799996612,8.80396699999153
D/ASL_D_012.jpg,a710a1afc1dcb19675632fe62820db16dd87b59c599d73ccbc05b9c3c26ab22a,D,3,Y,24,0.6441816091537476,30,0,35.21586799996612,8.80396699999153
D/ASL_D_013.jpg,58bf26cb12ecef96e1efff8f3084ce42ca29295bc269a321e966f54b2be2a2ed,D,3,N,13,0.6165379285812378,29,0,35.21586799996612,8.80396699999153
D/ASL_D_014.jpg,06d3f7e9fc1f010e02a9e5fed45e7c7dbf230dcd4bf77ca867bb63eba7f28a01,D,3,Y,24,0.6534979939460754,31,0,35.21586799996612,8.80396699999153
D/ASL_D_015.jpg,ba474909f8e546064ffde981e323d55eb3573135a770dc38b777610bd39d790c,D,3,D,3,0.5973592400550842,7,1,34.80186800004503,8.700467000011258
D/ASL_D_016.jpg,4a22afb520cf1354779809109205ffe4ee965371c4b1aef6e80c3872656f4cb6,D,3,D,3,0.5256677269935608,8,1,34.80186800004503,8.700467000011258
D/ASL_D_017.jpg,a2b787f2e9be4891fe9fd5b938e0506a3dbd46d690952720be11787beee42097,D,3,D,3,0.3818557262420654,8,1,34.80186800004503,8.700467000011258
D/ASL_D_018.jpg,51dcb3b51f3dbcc413009afd373f13c4abea6bfbd254d8912d2084c73cf01b90,D,3,C,2,0.4514408111572265,10,0,34.80186800004503,8.700467000011258
D/ASL_D_019.jpg,e3be73914b8550580b2575e2bb7b83a6debaeab591324f5bb3c74aa2e7522ae9,D,3,I,8,0.5927619338035583,10,0,34.77901799999472,8.69475449999868
D/ASL_D_020.jpg,b81303430c3ed387b6ece13aa08475225d0a5a651f43baa87a308ab3525088c9,D,3,K,10,0.1941910684108734,12,0,34.77901799999472,8.69475449999868
D/ASL_D_021.jpg,2386a3f1f7895bd3a0b7f229ce737897dd4399cf33848a4c6cdfda2ba11e4e13,D,3,D,3,0.3558170795440674,4,1,34.77901799999472,8.69475449999868
D/ASL_D_022.jpg,f0464911387b1f94d3f3e69c114261e9634e0c4f582fe24e3c6586e1a1c3b49c,D,3,D,3,0.8040081858634949,3,1,34.77901799999472,8.69475449999868
D/ASL_D_023.jpg,c2d063adbf69a4136a6f6c0c3dae39a08f78c8d9c3105feb681d437afc5a5a92,D,3,O,14,0.788871705532074,10,0,49.93216000002576,12.48304000000644
D/ASL_D_024.jpg,415f7349bd92947d328766d07df187d36178046f255950141c84c314b7d81cc8,D,3,D,3,0.9576125144958496,9,1,49.93216000002576,12.48304000000644
D/ASL_D_025.png,0c35c7bdd7c3e96e755f7b3cca1b9abc4a03f0e2e0a11fd87fff60f9fbc48c0d,D,3,C,2,0.9159727096557616,2,0,49.93216000002576,12.48304000000644
D/ASL_D_026.png,b43a47147b45b6999aa83a2bdece1068c31d8adf853f4c77de566d00caa1efcb,D,3,N,13,0.3711116015911102,9,0,49.93216000002576,12.48304000000644
D/ASL_D_027.png,f865ea4a51d92e15344813ea469a6b189d72bdbd626d95dd1f1a6840b02cfe35,D,3,C,2,0.9221067428588868,3,0,65.70252299997037,16.425630749992592
D/ASL_D_028.png,48b533cfbc71713ffe81f83e39c882166ddf09008d239f657b6f465beafd2041,D,3,H,7,0.9377185702323914,1,0,65.70252299997037,16.425630749992592
D/ASL_D_029.png,6a54a7f95a84287e62f57ddfc7cae49d5c7d5ad3e058c8ffe091bd6a54ea86e0,D,3,H,7,0.3922488391399383,3,0,65.70252299997037,16.425630749992592
D/ASL_D_030.png,d8f9895f91aee4435ed78daeee1039b11dbd57c66b9301b49fb29621105bae2c,D,3,C,2,0.9406519532203674,1,0,65.70252299997037,16.425630749992592
E/ASL_E_001.jpg,4e2939d3e6a235b7b1e9c9db49ab44bd8644819edc84f3b814342b8996a2ebd2,E,4,X,23,0.3686471879482269,5,0,35.401075999971,8.85026899999275
E/ASL_E_002.jpg,b29695cd99e3a9c6e6932901545b5447a7080373a18d17a4a8524dbbc07d665d,E,4,Y,24,0.5682531595230103,10,0,35.401075999971,8.85026899999275
E/ASL_E_003.jpg,ede07477a509968d9beaf05f50575192ae1af81dbd756ecbeac06bedf55a5dd5,E,4,Y,24,0.5977275967597961,14,0,35.401075999971,8.85026899999275
E/ASL_E_004.jpg,72bca3822a268dc087b661f5b0d84a0b35bc116a08a62fc2194066a0fd9c8713,E,4,E,4,0.8897848129272461,19,1,35.401075999971,8.85026899999275
E/ASL_E_005.jpg,c8f6a2a207f45f72ed56d252cb375724b4a9969e5f299de9969e1b3fb15c219f,E,4,Y,24,0.643092691898346,17,0,36.48193499998342,9.120483749995856
E/ASL_E_006.jpg,b9950796aabc0f857b82ba252acb2ed7faf3cf422920df0b780897e73d55f3a2,E,4,N,13,0.6539772748947144,20,0,36.48193499998342,9.120483749995856
E/ASL_E_007.jpg,eef563fae607776b600331e5dd328317668fd79dde3c2f2cb08b40f7670b1599,E,4,N,13,0.7004662156105042,28,0,36.48193499998342,9.120483749995856
E/ASL_E_008.jpg,3e913ce60e89b3171c2a6c4ab0caaf42cff0204fc1428a6d51a0df66c182f098,E,4,M,12,0.5210849046707153,26,0,36.48193499998342,9.120483749995856
E/ASL_E_009.jpg,5f337b45556f5009c1dc520d8ee3e04356d9da8186401aef679e286d9948bf10,E,4,Y,24,0.5796887874603271,14,0,35.6325120000065,8.908128000001625
E/ASL_E_010.jpg,7733d40968234f4d114cf2c1cee39d2b6e10f8664f70c0b19b093ee36e1c20c3,E,4,Y,24,0.6454259753227234,19,0,35.6325120000065,8.908128000001625
E/ASL_E_011.jpg,707208c2208115a9641d9a6d5d89a2920ebb6815f300005bc2b772b3cbf04b3f,E,4,Y,24,0.7689074277877808,19,0,35.6325120000065,8.908128000001625
E/ASL_E_012.jpg,16e11b958477068669b2852bf326367555f105f16e604dd48861ac76c619dd46,E,4,Y,24,0.6875662207603455,15,0,35.6325120000065,8.908128000001625
E/ASL_E_013.jpg,e449e20a2c31a55c0e85ba457e26cb77c619a020cf7c8b928da3ebcfa9f1b8a9,E,4,G,6,0.745992124080658,21,0,36.11208199998828,9.02802049999707
E/ASL_E_014.jpg,45562414bcf7cdbfa88ae3f07f9918f1947ce3d9dea36fb0b1cd1dd01f0225b5,E,4,Y,24,0.6406828761100769,21,0,36.11208199998828,9.02802049999707
E/ASL_E_015.jpg,b3894188dbd6e495f659ca10e4b805d4ddb49124f5bdc00bac30b9ae1a82672c,E,4,N,13,0.8613842725753784,15,0,36.11208199998828,9.02802049999707
E/ASL_E_016.jpg,0c0f459283aa96fa1a910a1fd434ef8cfbe1a0635f98ba04413d6bb1c84f6548,E,4,E,4,0.6071805953979492,27,1,36.11208199998828,9.02802049999707
E/ASL_E_017.jpg,d15bee940f36f4bd6a4ee6727124a2702151b85fffe293e86caa5f10c2be5551,E,4,K,10,0.6741393208503723,4,0,37.49326999997038,9.373317499992597
E/ASL_E_018.jpg,173bd6eb3aac493ae3b6dce8c5da4f1cee8ff62274342fb913729a01e21dec91,E,4,E,4,0.8118685483932495,8,1,37.49326999997038,9.373317499992597
E/ASL_E_019.jpg,1c107845d7332a06191bc992311cd8b96df0478f7f897a3e0bcb3485184db6d6,E,4,E,4,0.962513029575348,10,1,37.49326999997038,9.373317499992597
E/ASL_E_020.jpg,df0685bd3121e179ddb31fb2c41635413d98b91e581202bca7439be62dbbaa5d,E,4,E,4,0.8765056729316711,6,1,37.49326999997038,9.373317499992597
E/ASL_E_021.png,e61a1f573f02f992ecca819d37da862908b87c8cd1f59c4098d477c997632462,E,4,E,4,0.8363035321235657,6,1,67.20040799996241,16.800101999990602
E/ASL_E_022.png,482db448ae9b11a11709ab94b0b1ee54ecf4f8ef88fe3365fbf1fdaf695dd933,E,4,E,4,0.9094061851501464,59,1,67.20040799996241,16.800101999990602
E/ASL_E_023.png,55b7374145ed65f7410091a4386deb119a30a8800aa33534a341cece43a63fe8,E,4,E,4,0.9493091106414796,3,1,67.20040799996241,16.800101999990602
E/ASL_E_024.png,8e32309eeccad8d9a00493ed0ca4ae68a100ba6b80642607c6880759a0617571,E,4,E,4,0.9066469073295592,9,1,67.20040799996241,16.800101999990602
E/ASL_E_025.png,64e1cef387683e4d7b9cb47d8dbd2edc3f4680849bff19a6149970e10ce17e4a,E,4,N,13,0.4094522893428802,39,0,73.26212599997461,18.315531499993654
E/ASL_E_026.png,247f9d478ad211ed441a61f11ff64c52303c722e8f4c30a94ca59a1423f81974,E,4,E,4,0.9767208695411682,1,1,73.26212599997461,18.315531499993654
E/ASL_E_027.png,35e546aeca71bf6a8cee3e341f96c3f6409ef0824272420f652044451f1bd834,E,4,E,4,0.3188431560993194,6,1,73.26212599997461,18.315531499993654
E/ASL_E_028.png,a03fb2cdafffca0c9356acf6ea2934463e4ef5d2b7508616fa85be4601c572bd,E,4,E,4,0.7538236379623413,2,1,73.26212599997461,18.315531499993654
E/ASL_E_029.png,691247e750965a5491f42a7999e92db5aa2e1b6d95fd11c4110e88f39fec6b71,E,4,E,4,0.967322587966919,4,1,54.22003300003553,13.555008250008882
E/ASL_E_030.png,0528d433712db1e5b48c54fa040ac8db066a3508893713128c019e1be6b23561,E,4,E,4,0.9697664976119996,3,1,54.22003300003553,13.555008250008882
F/ASL_F_001.jpg,2f2e177fff3da4c822abd213fdaa5e33011d543362de31d38f741f55184d6647,F,5,G,6,0.2805773019790649,6,0,54.22003300003553,13.555008250008882
F/ASL_F_002.jpg,18a4ab085a969465d97d0ce896d13b4d695f88bb9bad38cd526840599fe62718,F,5,G,6,0.8273658156394958,7,0,54.22003300003553,13.555008250008882
F/ASL_F_003.jpg,363d4fb53ca67bc1be1233c42b5696e9fede3a6952204ee703a8a76c67e5b715,F,5,G,6,0.8123762011528015,8,0,36.10676200003127,9.026690500007817
F/ASL_F_004.jpg,909580540b00c7efae04f8ff2d6fd3d493b785c95fe652693207ff105b18e6c4,F,5,G,6,0.6106131076812744,9,0,36.10676200003127,9.026690500007817
F/ASL_F_005.jpg,ab5187525096e87c34722eb232cf7d906809fbb5c53f54d99b6c62f314aa22b3,F,5,N,13,0.8391023874282837,26,0,36.10676200003127,9.026690500007817
F/ASL_F_006.jpg,dceb688853be4e9ac980d3e446cff1b6912759f0ddb45b713a98260d548013c7,F,5,N,13,0.8238884210586548,34,0,36.10676200003127,9.026690500007817
F/ASL_F_007.jpg,409de33ff9ca57f5b022c060b33a9c6c3599451c168613f6fd28e21a82ab2b64,F,5,N,13,0.9839984178543092,22,0,36.14505400003054,9.036263500007635
F/ASL_F_008.jpg,c09b951f438d65fe9b6752b5ba3c50c1b52eac3df1c0a5d57d22c7899a216bb5,F,5,Y,24,0.4754250049591064,21,0,36.14505400003054,9.036263500007635
F/ASL_F_009.jpg,ccfc9ab9c102ac7a74530a741d0b74cd8412fdb6435d311283f0763452357604,F,5,N,13,0.8071322441101074,25,0,36.14505400003054,9.036263500007635
F/ASL_F_010.jpg,ca4befaea3eab9dd02d57f854f05be9f9fc6df89d15de25f6d8a018e9cecf650,F,5,G,6,0.8342368006706238,32,0,36.14505400003054,9.036263500007635
F/ASL_F_011.jpg,6d4eb78b02130cc81196e62e15e379cd56c4901f080c8476e9032caf28a6a5aa,F,5,N,13,0.8024693727493286,35,0,35.513438999998925,8.878359749999731
F/ASL_F_012.jpg,22c0e146ae37744aa2de920c9ce38bc7ccc3c922be61efeb6d0435636d26c33f,F,5,G,6,0.7317937016487122,22,0,35.513438999998925,8.878359749999731
F/ASL_F_013.jpg,d916389644cfddeebb2e5e7833180d89b57be1939f59faf10709050f9d60e3f6,F,5,G,6,0.9094198942184448,35,0,35.513438999998925,8.878359749999731
F/ASL_F_014.jpg,2651255b95c4bc9bbbaee3c4b033fad65243ba176a8aeb9babed185b6350dc2c,F,5,Y,24,0.610198974609375,28,0,35.513438999998925,8.878359749999731
F/ASL_F_015.jpg,84362d3eef64f71f0b7af85cddaf6683b23e5e47eba23f45e918921c71d4f38b,F,5,N,13,0.4809426665306091,33,0,37.41258600001629,9.353146500004073
F/ASL_F_016.jpg,6bd67519747bb12cc70778264948eada43534e3fd4f7bcc461facd7748a82f99,F,5,N,13,0.4609546661376953,29,0,37.41258600001629,9.353146500004073
F/ASL_F_017.jpg,4f037b6901475da321df7bcead09f98b9ffdbd8394187005563212b10df83f28,F,5,G,6,0.5680391192436218,28,0,37.41258600001629,9.353146500004073
F/ASL_F_018.jpg,3a5db7825c9f690bf3080f889c7644bb8fcc250bfe1c971a827e7e17ebe1829b,F,5,K,10,0.9472616314888,3,0,37.41258600001629,9.353146500004073
F/ASL_F_019.jpg,28544020d501540835bd148986f96044916caa5a5343d39f89d6177537461f44,F,5,K,10,0.8941781520843506,4,0,56.63205000001881,14.158012500004702
F/ASL_F_020.jpg,d8edd33f5c1cce8f7f3d7f030c735940003b688b898ac933a4c0fee0743f7c3e,F,5,K,10,0.8308022022247314,4,0,56.63205000001881,14.158012500004702
F/ASL_F_021.png,6df21702f3f287892e15446786ee109c4a009faf31d2283e8af43c9248d25990,F,5,W,22,0.4437663555145263,5,0,56.63205000001881,14.158012500004702
F/ASL_F_022.png,d0aa553a9307d1aa626156fa373a3ab8ea6fe45c033009e4781055c52251ac22,F,5,W,22,0.7717496156692505,5,0,56.63205000001881,14.158012500004702
F/ASL_F_023.png,e5652963a24c897609560f57bb989052fb366aab832733f3ebdce7685083eeb1,F,5,W,22,0.6936579942703247,8,0,68.58111799999733,17.145279499999333
F/ASL_F_024.png,95197b082b525689ba50d9dc520fec941b11fe0be86f759a9c8e14143cbe471c,F,5,E,4,0.8693562746047974,6,0,68.58111799999733,17.145279499999333
F/ASL_F_025.png,518b1a6d3d7915432f5544807f9b3fdc19931cfc3f0dd6bcc56f6ce4ff4ae956,F,5,N,13,0.4857266545295715,80,0,68.58111799999733,17.145279499999333
F/ASL_F_026.png,ba281e8cdaa9dff789bdd0971a1c83e719a4761fcbdbd26122c69786d081fd75,F,5,Y,24,0.3011769354343414,11,0,68.58111799999733,17.145279499999333
F/ASL_F_027.png,310c016cc1248f1d1f2d15a7e69ce22aab786f3f513e7d341373242e85dba2f8,F,5,N,13,0.6584256887435913,19,0,72.33641200002694,18.08410300000673
F/ASL_F_028.png,efca1bc8eeb282db65338065de8d8a0b350fbc81410ade31f6d92eda3a7e169b,F,5,G,6,0.5893577337265015,22,0,72.33641200002694,18.08410300000673
F/ASL_F_029.png,77e27dd211c91c9351db4693a048b47c10e744f11fe7e403d048a9fbf27e3b59,F,5,M,12,0.355098009109497,11,0,72.33641200002694,18.08410300000673
F/ASL_F_030.png,9d06241f3638f6e3c05a75f13220ad7c4fd9fa15a13a378466c574cfeec20367,F,5,F,5,0.6996437311172485,4,1,72.33641200002694,18.08410300000673
G/ASL_G_001.jpg,3e74d3fbf4dfdffeabf234af90e1ca1a2c9e629a0c5213b0705dd393636106a4,G,6,R,17,0.806171178817749,2,0,35.43440699996836,8.85860174999209
G/ASL_G_002.jpg,f863a155cd07e195703a00b5d334ad28c9bf643248ddedea76e541189515377c,G,6,R,17,0.8687949776649475,2,0,35.43440699996836,8.85860174999209
G/ASL_G_003.jpg,713c7a413bc223bc5904e07373eed3b3b097819d1eb2d1fc42f2f72bee0c6ca8,G,6,R,17,0.8638763427734375,1,0,35.43440699996836,8.85860174999209
G/ASL_G_004.jpg,85d6d67e66ff5587daff93f4bc9f76ec2d20438a95899d83be5e2c6a6d0ba2ef,G,6,R,17,0.6095266342163086,1,0,35.43440699996836,8.85860174999209
G/ASL_G_005.jpg,f9f7b2ac44aacba5d0c646260831878030bae3f8ac858133a007c469f2be448c,G,6,R,17,0.2754124402999878,1,0,35.230239999975765,8.807559999993941
G/ASL_G_006.jpg,e55809fa4943d8b4e7a1c46ec91554253c008c6e564bb0bc020e98a172ac9a54,G,6,G,6,0.9119182229042052,4,1,35.230239999975765,8.807559999993941
G/ASL_G_007.jpg,84f6bf57c605c707c31212e66be522199a8bb77a77e5c43a8f39e5a27be21c66,G,6,G,6,0.8870645761489868,1,1,35.230239999975765,8.807559999993941
G/ASL_G_008.jpg,e1fd5fd60fdedd0873106f08dc491b362b92d7db5becfaa493367b7600dd7d42,G,6,G,6,0.9364598393440248,2,1,35.230239999975765,8.807559999993941
G/ASL_G_009.jpg,40282b0babd3a3ec6cb94cabc44119ff778b0d63bf5db5940fe8aa3151b1c8b7,G,6,G,6,0.93069589138031,3,1,35.16246199995976,8.79061549998994
G/ASL_G_010.jpg,ace378a5c51282300c66fc8afdfa69f435bf37faac2bb1ea13c46e2085253845,G,6,G,6,0.812231719493866,4,1,35.16246199995976,8.79061549998994
G/ASL_G_011.jpg,54db88db7abf5af7005de35e133447c2fc94a414ee4603fce6fe63a54714db3d,G,6,G,6,0.979870080947876,2,1,35.16246199995976,8.79061549998994
G/ASL_G_012.jpg,fa9f620c438560593db2f1b539f003d8f33e347821ea0a83ed24137ca5dd4ecc,G,6,G,6,0.872597336769104,2,1,35.16246199995976,8.79061549998994
G/ASL_G_013.jpg,96e56f6ca6bb7ef3a2432c47672e5fd33cf815c5f81899bb68ffa31647c6a66c,G,6,K,10,0.4240129590034485,3,0,35.07044500003076,8.76761125000769
G/ASL_G_014.jpg,2a1e6ea74e6f910f88c2aae9c0868fa88ecdab6d5af2ca89fae402d024915487,G,6,G,6,0.7443373799324036,6,1,35.07044500003076,8.76761125000769
G/ASL_G_015.jpg,b2b084839225cb320f73c5f2ba81a4ad65aa92aa873b5da239019b8043dc5b88,G,6,A,0,0.1911008358001709,4,0,35.07044500003076,8.76761125000769
G/ASL_G_016.jpg,34ab9b5fb9fccdb4ebda41440b1e42465d3441f91f492e9856a8b79dd6849848,G,6,G,6,0.7575201988220215,4,1,35.07044500003076,8.76761125000769
G/ASL_G_017.jpg,23974cee47b324312901cccecc3a7ff250ea0865e987d255fd153b28c801f8aa,G,6,K,10,0.6981526017189026,1,0,36.09625900003266,9.024064750008163
G/ASL_G_018.jpg,f1af7d3209356a2f4593fcf78426b0fdbc79feecb67f26c1dc5cbea1022cc4eb,G,6,nothing,27,0.5847644805908203,31,0,36.09625900003266,9.024064750008163
G/ASL_G_019.jpg,6986a27bc96ac05e5065375b7b14ade757306ec5f636435ceb33f34964e59ceb,G,6,G,6,0.9228635430336,24,1,36.09625900003266,9.024064750008163
G/ASL_G_020.jpg,e1300dd38368e1503fbacdc59c1ffe7de0afd9edcf603b1fc9a626e29840ae4e,G,6,G,6,0.8701321482658386,16,1,36.09625900003266,9.024064750008163
G/ASL_G_021.jpg,a8c3ac907f85b6140d7384af5b9531ce573d0a189be1078661f3757746f5b32d,G,6,K,10,0.6704559326171875,2,0,35.03611000002138,8.759027500005345
G/ASL_G_022.jpg,a1fda245483e11d1e23e8c90b93bced39252e1d28a16bb909ee3f4fb467a948d,G,6,G,6,0.2947003841400146,1,1,35.03611000002138,8.759027500005345
G/ASL_G_023.jpg,11baa3d90273025d042e1ee90e04b00d2a2da213d50011c974b9068b262ea18a,G,6,G,6,0.9850268959999084,1,1,35.03611000002138,8.759027500005345
G/ASL_G_024.jpg,7277e64805214bcb5b65f8e81b9bfd11b7bce9d19158f8ee439d60e87b28923c,G,6,G,6,0.9259764552116394,1,1,35.03611000002138,8.759027500005345
G/ASL_G_025.jpg,e8f431dd2b53fe00efc329fde6af6f5b13f2167d707f1a55e1992f2aeda56810,G,6,G,6,0.7423623204231262,14,1,36.1597919999781,9.039947999994524
G/ASL_G_026.jpg,7de1535e623687503d3807565c4bca9f131073bcf555764236edeaa56a07cfa4,G,6,N,13,0.8976153135299683,9,0,36.1597919999781,9.039947999994524
G/ASL_G_027.jpg,ae2af6bc3ba192e8b724279dc0c35559e76ba33320ae2feee5f9f4a85ad9177d,G,6,G,6,0.8381044864654541,17,1,36.1597919999781,9.039947999994524
G/ASL_G_028.jpg,dab71679d3ae330db9c3e920dd06a2e4ee816f124dc57d9ddad4406397745752,G,6,H,7,0.3339326381683349,3,0,36.1597919999781,9.039947999994524
G/ASL_G_029.jpg,64888c5df1201e394049b5a3e9ec079a057d7f2c7f09f840eeae1010a7ea81e2,G,6,Z,25,0.7655755281448364,3,0,35.32391499999221,8.830978749998053
G/ASL_G_030.jpg,2d97b847623fef4b1c3477e03d00cff5bca3a5d075b66cee6f925b89485e40bb,G,6,H,7,0.262591153383255,3,0,35.32391499999221,8.830978749998053
H/ASL_H_001.jpg,44c95dbbed122d5a270cb7da6399a17e2c8d6ea20b813421852126154bf997aa,H,7,H,7,0.9801203608512878,3,1,35.32391499999221,8.830978749998053
H/ASL_H_002.jpg,523c47d323741707ff9cbad063e9c2132f2939aab295a662bd396fe9f721daa6,H,7,H,7,0.9837534427642822,2,1,35.32391499999221,8.830978749998053
H/ASL_H_003.jpg,2a918463a35894cffa004553701f99ca18065f8f6195ddf65eb40c418eafaa6d,H,7,H,7,0.9830557107925416,1,1,34.93921599999794,8.734803999999485
H/ASL_H_004.jpg,5b73e0df4a169a0a69f17c8505a4a3df603ed068e1dd0309fbc2844c7a91c9a3,H,7,H,7,0.9793927669525146,1,1,34.93921599999794,8.734803999999485
H/ASL_H_005.jpg,7dfabc323a8a4c85da35eca2d57a8c3e4e7c2a86d5e55323566a83fc3734bc8c,H,7,H,7,0.9490178823471068,2,1,34.93921599999794,8.734803999999485
H/ASL_H_006.jpg,6656a78a593f4b59716bef50f1a22e5d734a44fb78c0a043b78f03bcd600c95d,H,7,H,7,0.9760225415229796,1,1,34.93921599999794,8.734803999999485
H/ASL_H_007.jpg,d553218b138081f6b512550b571a0a80cad90cf7ba8967e64a66433fa213b36c,H,7,delete,26,0.3725029826164245,16,0,35.21366899997247,8.803417249993117
H/ASL_H_008.jpg,bbc733abf0bac32482fe380b8ab8aab08903ff669ce911b4792f45043179a3a0,H,7,H,7,0.6957055926322937,9,1,35.21366899997247,8.803417249993117
H/ASL_H_009.jpg,cfd65cd5e36522d4357db0b5bcc14099aa09c3ab709a81a2adc51bb90a710b00,H,7,H,7,0.8984847068786621,5,1,35.21366899997247,8.803417249993117
H/ASL_H_010.jpg,879e283a9a107e60890c7c79e2a2488347f877874d2daaa93d37e68229aae945,H,7,H,7,0.889127254486084,7,1,35.21366899997247,8.803417249993117
H/ASL_H_011.jpg,e37d7dfdad2288a4daa101ce818becc9fdb1b662b15f78b8a78260dd637404f3,H,7,H,7,0.9422098398208618,4,1,35.73918400002185,8.934796000005463
H/ASL_H_012.jpg,f438445117fe7a7538bb8f57ca66c5a8020c40f2c22f32235f1de928c4bdc887,H,7,H,7,0.9618650674819946,2,1,35.73918400002185,8.934796000005463
H/ASL_H_013.jpg,95edb15340a7103f6b70818965502c6c5b630a367dd79416e8d9a9afa398f693,H,7,H,7,0.8550719618797302,3,1,35.73918400002185,8.934796000005463
H/ASL_H_014.jpg,d293832bfb2af6b354832638a2eb689ddb536a62a54e10b04068b9388a44aeda,H,7,H,7,0.974918007850647,2,1,35.73918400002185,8.934796000005463
H/ASL_H_015.jpg,04c1d9ccb8d050feaa1f91bb0bd3e2e00b5be516e5a734bf02b08b6d0efba3c3,H,7,H,7,0.9691134095191956,2,1,35.83666299999777,8.959165749999443
H/ASL_H_016.jpg,05b450be002a85741a0373edf919c011e17fddcab4eb29f3c5d30f3bb3a98f1f,H,7,H,7,0.9706719517707824,2,1,35.83666299999777,8.959165749999443
H/ASL_H_017.jpg,46a82474a7616a4f7c86a785959c043afaf619bf9b03b2553df6247d02b75524,H,7,H,7,0.9793599843978882,1,1,35.83666299999777,8.959165749999443
H/ASL_H_018.jpg,69049c3b0b0b25678228ffe18d95cdb1d857aa900ea2bb76bb410897187d46a1,H,7,H,7,0.9420523643493652,1,1,35.83666299999777,8.959165749999443
H/ASL_H_019.jpg,812118a24f6e06748a59162cdd1165efa22f634291fca0d05129684ee5e1a588,H,7,H,7,0.9400057196617126,1,1,34.65774800002919,8.664437000007297
H/ASL_H_020.jpg,7da230be94cb2a859494c9e38f704034ddd01fe2ebf6bc26dd3c9023fd4baac6,H,7,H,7,0.9634918570518494,4,1,34.65774800002919,8.664437000007297
H/ASL_H_021.jpg,8279e9d6f5926a99e834e043086cb00e959b87824e0b9266a08cbb6746595f45,H,7,H,7,0.9558855891227722,1,1,34.65774800002919,8.664437000007297
H/ASL_H_022.jpg,b5c909c121a698876b22664f9243e91fe0472d3366d70b398a452f5befafb0e3,H,7,H,7,0.8235378861427307,1,1,34.65774800002919,8.664437000007297
H/ASL_H_023.jpg,fcc3d1acdf0b7e08aa72f8c6cdedbd4e0171727f52d235453e15ab72ad62a880,H,7,H,7,0.8861900568008423,4,1,34.91956299995991,8.729890749989977
H/ASL_H_024.jpg,6a1795f46de6bef3f2d2f34bd867909835bd739010e2f3286eed72786c29f733,H,7,H,7,0.9756725430488586,1,1,34.91956299995991,8.729890749989977
H/ASL_H_025.jpg,4514a6e6d25d2b40380361d198e1b3f758bf8ad12e2105f581fafbcc1a1665bb,H,7,H,7,0.9812142848968506,1,1,34.91956299995991,8.729890749989977
H/ASL_H_026.jpg,bf70b0b717157a85dcf85bbedcfd686acfaf6bf323730a178fe30ae4bcddd277,H,7,H,7,0.9828139543533324,1,1,34.91956299995991,8.729890749989977
H/ASL_H_027.jpg,ea5e6b583917e5c41849819e31e0783176ff032569a6f7655ad5bdc3c5d35ddf,H,7,H,7,0.9623754024505616,16,1,34.809426000038,8.7023565000095
H/ASL_H_028.jpg,4d1e97dae04f9fd0d26a13bb66a498864d489caf4089c21a898101035e919e61,H,7,H,7,0.5106237530708313,3,1,34.809426000038,8.7023565000095
H/ASL_H_029.jpg,a88ed6f0c1cbb2543b056adbb77ef947d193bb74b9794cb5066668766266ae13,H,7,H,7,0.976198673248291,2,1,34.809426000038,8.7023565000095
H/ASL_H_030.jpg,6a065362e20120ed66267727cfbb3e7c94709a9685ac727d423edef42b57282a,H,7,P,15,0.914257824420929,19,0,34.809426000038,8.7023565000095
I/ASL_I_001.jpg,c05491405c5fafebcf3631cc8ef89dfc953080fb72e009f8e4e62233e8f5878a,I,8,J,9,0.4062931537628174,17,0,35.1231440000106,8.78078600000265
I/ASL_I_002.jpg,d60171d98f3fb5bf8c5f25ff01740bb12eb5f5cb7ef19adc1a4d224655f930d0,I,8,I,8,0.7670729160308838,15,1,35.1231440000106,8.78078600000265
I/ASL_I_003.jpg,fb4ae4242e9dbd062191da05189d7525a22cf2bcd4016a0b6c07e01c8f50114e,I,8,I,8,0.8669272065162659,28,1,35.1231440000106,8.78078600000265
I/ASL_I_004.jpg,ba51ebb4a0fe461a9c1a9787ed9024425901427cc71236de19777038f7cfc414,I,8,R,17,0.321794182062149,41,0,35.1231440000106,8.78078600000265
I/ASL_I_005.jpg,34235c75f1957b96c7fdad4ec783dd042c6d707bc00ca86ec2b3860ba9178999,I,8,A,0,0.607820451259613,4,0,34.98427899995704,8.74606974998926
I/ASL_I_006.jpg,9ae989d453d15c52cbcc6f2c056d63367a0778a8122534759a8361a5acb64a8f,I,8,A,0,0.7163939476013184,4,0,34.98427899995704,8.74606974998926
I/ASL_I_007.jpg,b0a42678615237cea3fa8fdb8fe96933ce542b56a0c6137274ce21b936ecfaa6,I,8,L,11,0.521241307258606,6,0,34.98427899995704,8.74606974998926
I/ASL_I_008.jpg,a6cc9370417aea07188570b7efcdae41bfd92b5e23bf6a34d6baa0da7c8adafa,I,8,E,4,0.3230060636997223,8,0,34.98427899995704,8.74606974998926
I/ASL_I_009.jpg,82d767ece7742543ba3f056ed17a4e800b762447414068806c90f1f856ee9b5b,I,8,A,0,0.651548445224762,8,0,34.84143299999687,8.710358249999217
I/ASL_I_010.jpg,1f556b162756904cd0ae81fdc611370b9b687ed83a7bee59541cf061d6828809,I,8,A,0,0.4713886380195617,5,0,34.84143299999687,8.710358249999217
I/ASL_I_011.jpg,e7bdd0deb68a8e66f2327d380b9e5ec06d35418904266bde1a7e54b3593932bc,I,8,S,18,0.5273754596710205,11,0,34.84143299999687,8.710358249999217
I/ASL_I_012.jpg,93348b527e42d41b55f50908c1cc7f07d2b3bd3c8f068c3ad6ccdaa25d22573f,I,8,Y,24,0.2467667311429977,9,0,34.84143299999687,8.710358249999217
I/ASL_I_013.jpg,c88de22cfd1844cec7627b80093b9e9d90c42afa1d3839e963df941cece7ff5a,I,8,S,18,0.7050670385360718,13,0,34.69565800003238,8.673914500008095
I/ASL_I_014.jpg,712bbc180092f78a5930cc07259fd0ae5b2214f77e7643951a383be4d4721822,I,8,delete,26,0.2209888100624084,20,0,34.69565800003238,8.673914500008095
I/ASL_I_015.jpg,87afba3ad605b9ea21f1c28fd9cb972993fc96ff680e7028b6947d41cb1e4131,I,8,Z,25,0.3154166936874389,26,0,34.69565800003238,8.673914500008095
I/ASL_I_016.jpg,a4a9321f72f78799a67ebb87c06bacdf6521c165e86702e4622ee2bad4a22a86,I,8,Q,16,0.1533849537372589,27,0,34.69565800003238,8.673914500008095
I/ASL_I_017.jpg,06af8bb0b095714ecebccb6f3fdecd186b233718b09a9b3e4df99060a5d599f5,I,8,P,15,0.1967980116605758,26,0,35.720534999995834,8.930133749998959
I/ASL_I_018.jpg,9ddc1b332150083110854d4d16e01acac257c8b7d6c3b76a9cbb2f70735be3dc,I,8,N,13,0.2459944039583206,36,0,35.720534999995834,8.930133749998959
I/ASL_I_019.jpg,187b489ed608ba03c99a69d07ad4bc969b8fbd22dc26ae9c05783f0e9d4119a3,I,8,I,8,0.9506184458732604,3,1,35.720534999995834,8.930133749998959
I/ASL_I_020.jpg,2374e08439b81a789cc030eb07c48a0d7a27e52b3089a878f430d8118a77178d,I,8,I,8,0.81744784116745,6,1,35.720534999995834,8.930133749998959
I/ASL_I_021.jpg,4c34efa52dcec5c67ab4870b76e1b7816cafaf523447fcd680529e42f6e9d678,I,8,I,8,0.6296433806419373,3,1,34.705841999993936,8.676460499998484
I/ASL_I_022.jpg,ffda9ad21ae683b38287051636a880d0e3022cfc3368259d27b1b333e8e75601,I,8,I,8,0.5468182563781738,7,1,34.705841999993936,8.676460499998484
I/ASL_I_023.jpg,5c6dbd80171d16cb6832643926c7fba7e0155fb91b4d8876619370dcdfe697b6,I,8,I,8,0.7648192644119263,7,1,34.705841999993936,8.676460499998484
I/ASL_I_024.jpg,ac391a59d0f5297d3b0439372e10234dbaed1c27efd161a9e21c539c92b0b615,I,8,K,10,0.9482701420783995,1,0,34.705841999993936,8.676460499998484
I/ASL_I_025.jpg,f54d2581104dc3de5350ab140047def1b3d10b39207278d47d75329af592beae,I,8,I,8,0.7934392690658569,3,1,34.91643700004943,8.729109250012357
I/ASL_I_026.jpg,88f65088bd7f7cf70c7dfcf17a374513bc2b26afc623d8bd048fe7d5d847c6b5,I,8,I,8,0.5863403677940369,1,1,34.91643700004943,8.729109250012357
I/ASL_I_027.jpg,57e839481ae82c5514263e34dba90c7b8f3583ad687f453622e62dfcc2811670,I,8,I,8,0.7401039004325867,1,1,34.91643700004943,8.729109250012357
I/ASL_I_028.jpg,672a9a2a4417f83457cd8328bb76898fea8f0a374ebd90760495df0a2a9d0122,I,8,Y,24,0.5380051136016846,36,0,34.91643700004943,8.729109250012357
I/ASL_I_029.jpg,838516fd4813ce77bea4215e8615451697d30d68041cb8ce9a88a05cb87c1c62,I,8,K,10,0.9779688715934752,1,0,36.93504499995015,9.233761249987538
I/ASL_I_030.jpg,9c24e1dce752b90c3dc37e9a10fe69e4e2a4d646c373bdd4c056b9910fa2c158,I,8,E,4,0.4053786098957062,52,0,36.93504499995015,9.233761249987538
J/ASL_J_001.jpg,6245bef3fe5a7ec9bacaf155844aa5e2dad2c97424049fe3e7da5f1e911f1228,J,9,Y,24,0.6886058449745178,3,0,36.93504499995015,9.233761249987538
J/ASL_J_002.jpg,0450c366ee8dfb207c240225df327dc0cc4a7a91dd5a974db451fd0ac58de16b,J,9,Y,24,0.9093555808067322,4,0,36.93504499995015,9.233761249987538
J/ASL_J_003.jpg,8a3f00b8be68b6145bb7c7defa297d419face07a3d5af8767d1c0e72a1aa1bc4,J,9,Y,24,0.923608660697937,6,0,35.33842599995296,8.83460649998824
J/ASL_J_004.jpg,4a6183cfde7c031a27c069c2a4da17db4d08411dd7ff9dc481e052e5c8f2e257,J,9,G,6,0.6783972382545471,3,0,35.33842599995296,8.83460649998824
J/ASL_J_005.jpg,a5ad090bc40ddf66febddd45c994568adab316294ce6f1610c161e94731a6588,J,9,Y,24,0.7490580081939697,4,0,35.33842599995296,8.83460649998824
J/ASL_J_006.jpg,9dd916c4e2b289921d5027427ab32bcbd32e2164ff4b9b911e06f9d4a75f78ef,J,9,G,6,0.409013569355011,3,0,35.33842599995296,8.83460649998824
J/ASL_J_007.jpg,3f09300d53d1953ba207b2db206e001f6761a598e922867c124e198a2a33c6ed,J,9,J,9,0.7900627851486206,11,1,34.84448699998666,8.711121749996664
J/ASL_J_008.jpg,bdbe7a939a1dbb9198b997b42bad85f77ef8d80cbd20d9ee3810dc55bb468b50,J,9,J,9,0.8884830474853516,6,1,34.84448699998666,8.711121749996664
J/ASL_J_009.jpg,53bfe67d568481dd2ce893ed64a1f3ef8db73a647cfa948357ac5686e4cb62bd,J,9,J,9,0.896902859210968,6,1,34.84448699998666,8.711121749996664
J/ASL_J_010.jpg,d4a886fd0bc222dabddd9d0b0ec301930332ce368a46f9ea9a0ec166a4417ae1,J,9,J,9,0.867651641368866,8,1,34.84448699998666,8.711121749996664
J/ASL_J_011.jpg,446026377f7993eafab4f03f24179e86390aa6ccded035cc1a736feb7becaad0,J,9,J,9,0.9215456247329712,3,1,34.64948200002027,8.662370500005068
J/ASL_J_012.jpg,a6fb95cb6260fbbc8422e2778e4e66e54fb0358bfdcf4b464d4b07a783bda2de,J,9,J,9,0.9386796355247498,3,1,34.64948200002027,8.662370500005068
J/ASL_J_013.jpg,20315939ae3422c8c902323dfbb6dbe352acf28ed633cb9d4f2f878bbcae8d33,J,9,J,9,0.9438042044639589,3,1,34.64948200002027,8.662370500005068
J/ASL_J_014.jpg,59f2639e4cc735464b7020355d4a8037a5a2f3b0cda2be1c738e1c35c8218bdc,J,9,J,9,0.9425843954086304,2,1,34.64948200002027,8.662370500005068
J/ASL_J_015.jpg,9057f9bd566daa3ea21524addd1fd96b12495285f4fa84399e077eac9ca78e58,J,9,J,9,0.968923270702362,1,1,35.51478299999644,8.87869574999911
J/ASL_J_016.jpg,20470a3fedec44ea085705b5715725cc2e3ceb4042d5c6625119aad089166ce3,J,9,J,9,0.9459653496742249,1,1,35.51478299999644,8.87869574999911
J/ASL_J_017.jpg,1ab77517da304b021ef4de6dd481f1de9db0737794a34e10f25e6806f63d5cc5,J,9,J,9,0.9693410992622375,1,1,35.51478299999644,8.87869574999911
J/ASL_J_018.jpg,251ef5593ec5fcdc0d710a6cbbe167e1bb28c0682fbc9513809c676d33744eaf,J,9,J,9,0.3783013820648193,52,1,35.51478299999644,8.87869574999911
J/ASL_J_019.jpg,48efc7f54fff5165c2e0c3ba84dc12b4ab1fc3454eb655fd4a3050fe9c81b609,J,9,J,9,0.9735758304595948,6,1,35.92255000000932,8.98063750000233
J/ASL_J_020.jpg,01f8da7d6fccd4eee0bf25d9562330987b6c7df50c857dbe9350af011a2ce356,J,9,Y,24,0.5695330500602722,18,0,35.92255000000932,8.98063750000233
J/ASL_J_021.jpg,eb3084d14c076d6ad639c4139e47131b72cade0e1ea13c34382eee39e2995ea6,J,9,J,9,0.9619153738021852,5,1,35.92255000000932,8.98063750000233
J/ASL_J_022.jpg,fd229e194e52429b234941089dbdb8f2dd069bcfbb02a83c150ac4e97e1d514a,J,9,J,9,0.5861162543296814,39,1,35.92255000000932,8.98063750000233
J/ASL_J_023.jpg,385c8f49e823e124f189f4fc938c5b47212a91a60bd04130a01c6d94e11074d9,J,9,J,9,0.7970372438430786,2,1,36.08692399996016,9.02173099999004
J/ASL_J_024.jpg,b9f2d489458f6affa5bd21b935d665f1130ab8782ff7cb72f183376d7dc3b563,J,9,Z,25,0.2533779144287109,7,0,36.08692399996016,9.02173099999004
J/ASL_J_025.jpg,5194ffb7183b784ebdaad9ff67afe75d2754c4a5cbff261c6fbd1f29e7da822d,J,9,J,9,0.9483480453491212,2,1,36.08692399996016,9.02173099999004
J/ASL_J_026.jpg,7acb8c5b9edff8265229868132b613077278b80b42628ce8f7373b41867d4497,J,9,J,9,0.9591273069381714,1,1,36.08692399996016,9.02173099999004
J/ASL_J_027.jpg,a27f589a3519f3b4a05736488d9e22318420e9f3e285f0e66d7288194daa7d7e,J,9,J,9,0.8865759372711182,1,1,35.26487200002748,8.81621800000687
J/ASL_J_028.jpg,877639821648ad087dad0abe96c633152a87bed187d415160e0de65d6df5a58d,J,9,H,7,0.4969538152217865,5,0,35.26487200002748,8.81621800000687
J/ASL_J_029.jpg,254e14557c7da4b0fbee423c27d9ebf9cb7332187e873d4e0474cbdfc522a753,J,9,J,9,0.9545831084251404,2,1,35.26487200002748,8.81621800000687
J/ASL_J_030.jpg,8cd2436b08cd1c11cf126b66d529b22088fdeca54a16f62e0b7f9b940b5893c6,J,9,J,9,0.9695371389389038,1,1,35.26487200002748,8.81621800000687
K/ASL_K_001.jpg,2a1f967588da1eb9ecfaaa850e9d3fbdbb934f974be2f2a8e8b957e118b04373,K,10,G,6,0.763454020023346,2,0,35.03362700001844,8.75840675000461
K/ASL_K_002.jpg,27bfbe562c2d89040ab266a95ca59577286c7b97688bf17e3f00b57dd549e957,K,10,K,10,0.9582212567329408,2,1,35.03362700001844,8.75840675000461
K/ASL_K_003.jpg,26143e3e97d52bdea297b04954cdc3e725e4483250fe38578075c5736efb9a2b,K,10,K,10,0.9169127345085144,4,1,35.03362700001844,8.75840675000461
K/ASL_K_004.jpg,d3a516113e6c8e364d07c514ec2ad98aa4a3a0f615b69369652ad2c36a1efa70,K,10,K,10,0.9712669253349304,3,1,35.03362700001844,8.75840675000461
K/ASL_K_005.jpg,a7ab21a7bd4da9b2e831dea792d4e4be54a58b37e3e659861ecec15b7ebc7e5d,K,10,K,10,0.5445291996002197,3,1,35.85338999999976,8.96334749999994
K/ASL_K_006.jpg,777d8f04620b527e96ddefb02d8d782f3a52e49752ffc46febfa8ced82ceb46b,K,10,K,10,0.8246201872825623,1,1,35.85338999999976,8.96334749999994
K/ASL_K_007.jpg,f0b2f620c4c0b7358731fac5f6d727362c4b0f925193b5a72a56d02c17283701,K,10,K,10,0.7885101437568665,2,1,35.85338999999976,8.96334749999994
K/ASL_K_008.jpg,92e3d732df2f384caae0d74e26e0e39af0518c9650b04543ca59f6790407066d,K,10,K,10,0.8496126532554626,5,1,35.85338999999976,8.96334749999994
K/ASL_K_009.jpg,21946224218987ee8e5c7e66e442f09bbcd886c66e44a8f4142b49f186cab793,K,10,K,10,0.4652712047100067,11,1,34.81075799999189,8.702689499997973
K/ASL_K_010.jpg,35c7c3959b8fb585b61f4811780b5fe6a9bdcd0e5decb71a08676718653374ce,K,10,E,4,0.5944953560829163,10,0,34.81075799999189,8.702689499997973
K/ASL_K_011.jpg,29daa1724fb63b4e8896b9a1c3e21124fa265674716789197f7766f765188aa4,K,10,G,6,0.6978550553321838,5,0,34.81075799999189,8.702689499997973
K/ASL_K_012.jpg,58728b2ff637af76b10bdb02bf793d0e8e83e99e0c2fef0978bbcceccba502ca,K,10,Y,24,0.7432076930999756,6,0,34.81075799999189,8.702689499997973
K/ASL_K_013.jpg,f971b6d9ffcc2de36a44835db0fa8d1d3e305279a3759ddac931838c5a8b296b,K,10,E,4,0.3217958509922027,13,0,35.35746500000414,8.839366250001035
K/ASL_K_014.jpg,34f878760cda088f1fb70688d5ff0f85cac7a73eed15bedf5512eb38845afaf5,K,10,K,10,0.8278496265411377,6,1,35.35746500000414,8.839366250001035
K/ASL_K_015.jpg,11f27cb02101f4e5bef249fd83b4a474fc78ec9b64dc1ded682891865a3804f0,K,10,H,7,0.5784667730331421,4,0,35.35746500000414,8.839366250001035
K/ASL_K_016.jpg,66b71458de46dc2a3666662ce6972b8776a31343cd4ee57fa15dbb68d9ece4b5,K,10,K,10,0.979887843132019,6,1,35.35746500000414,8.839366250001035
K/ASL_K_017.jpg,e6a7792fd70040770836df80ac9a8d0e7c73d38cb87458e908bf1d11b686c850,K,10,K,10,0.9787443280220032,1,1,35.21241000004238,8.803102500010596
K/ASL_K_018.jpg,a73420e01bdedf026e4a9f85e486c0add09995b5b51349243a3b058e7e8d9875,K,10,K,10,0.9475336074829102,3,1,35.21241000004238,8.803102500010596
K/ASL_K_019.jpg,6354c2f77a3b94e2ef585e7f8288a5102db1ea546e849501923bb3a9f9edf8f6,K,10,K,10,0.9649470448493958,2,1,35.21241000004238,8.803102500010596
K/ASL_K_020.jpg,89acf5efa22ec53dbc3f708c7cb8923252722a38681aaacd3e4084adb1a33ada,K,10,K,10,0.979994535446167,1,1,35.21241000004238,8.803102500010596
K/ASL_K_021.png,d04c8f834873869381cfaa7a8c9731dc7e2ea4a3aeffda9e0766977cc7f8e7dc,K,10,Y,24,0.3317534923553467,5,0,71.81106799998815,17.95276699999704
K/ASL_K_022.png,5d13e76f3348b824ae08233f60aace659cea998a1fb1bbff846d11068b8f99bb,K,10,delete,26,0.8475162982940674,9,0,71.81106799998815,17.95276699999704
K/ASL_K_023.png,fc3b6ed977c6c9de50f2d5ec590e5a6a634dca72942e6a92b254bda49aa3351e,K,10,Y,24,0.7331394553184509,17,0,71.81106799998815,17.95276699999704
K/ASL_K_024.png,9834388e37dc385d2d6d0cc2252afc5134aa8a092724a9a01dab2c1b742bc50e,K,10,M,12,0.2819961011409759,19,0,71.81106799998815,17.95276699999704
K/ASL_K_025.png,aa8c99fd22992fbb11d312f7ed73e08a7f3c69399fd62c4039b08dbf74479d19,K,10,A,0,0.6924630999565125,33,0,67.13390200002323,16.783475500005807
K/ASL_K_026.png,9fb012330c108b4a50f4553fdd5076df76bc4f3c859d17b7a87d1dcc14602f84,K,10,I,8,0.5618771910667419,4,0,67.13390200002323,16.783475500005807
K/ASL_K_027.png,9f775ff9a49b6c0b0c9141503b1c095890caec35e6d8b151711f8535c7e185e3,K,10,S,18,0.2768514454364776,5,0,67.13390200002323,16.783475500005807
K/ASL_K_028.png,2378dd0a6fe1f743b6bc44425b4879b7ab09e9e496390e30bfff70111336494a,K,10,G,6,0.8177120089530945,4,0,67.13390200002323,16.783475500005807
K/ASL_K_029.png,5058631c153f00f1d787968a02c623c9f096091bed883bd4d4f2b58aa391d77f,K,10,E,4,0.739651083946228,14,0,52.15753099997755,13.039382749994388
K/ASL_K_030.png,2439ad9dde507efee5a0975bd53ca4adf84dc2c9cb9bde41222a98f0afc1cd02,K,10,delete,26,0.3852052688598633,29,0,52.15753099997755,13.039382749994388
L/ASL_L_001.jpg,c0a2c8488131c604e871cd37929f585a44b8e0b786886a687e2c15a63a6d849f,L,11,L,11,0.2382776290178299,2,1,52.15753099997755,13.039382749994388
L/ASL_L_002.jpg,8076ce36943a56fc56cf3953455e624a8916c6e2b07b717afd7548b09ba2fa10,L,11,L,11,0.7661176919937134,1,1,52.15753099997755,13.039382749994388
L/ASL_L_003.jpg,b81b1cd4de43242ddcf40b6af85b97f765e3ca17c5a6c5706829cac3c0c9d15a,L,11,L,11,0.8649866580963135,3,1,35.18579300003921,8.796448250009803
L/ASL_L_004.jpg,d578542f6c141d695568e96fa30ed63314918fab4975ffee188a0fc4fa9e7cc3,L,11,L,11,0.7235344052314758,5,1,35.18579300003921,8.796448250009803
L/ASL_L_005.jpg,ee3ca6f1c96bcf5a5fb03429d7a4bc0e5a4559e40bc1f513c594c6dee43d7706,L,11,L,11,0.2655592858791351,5,1,35.18579300003921,8.796448250009803
L/ASL_L_006.jpg,b1a6f2d3a29251d7aea656f7fadb61d8abdb1561b8a42bccf6d3495cf89b65f9,L,11,L,11,0.9426808953285216,12,1,35.18579300003921,8.796448250009803
L/ASL_L_007.jpg,3224e92cb7a25bb546542746b686027bfe1e1797a21ef5e1a37eb416fa7c1650,L,11,M,12,0.5889353156089783,7,0,34.760769999991226,8.690192499997806
L/ASL_L_008.jpg,9d9fd11b8bce2031248495b4c6ed1dc2705bc63049ac7d3e777576adaff78cdf,L,11,E,4,0.716228723526001,25,0,34.760769999991226,8.690192499997806
L/ASL_L_009.jpg,b842f32060280815828b307863d40d693ecade23c939233207030fa67112aa53,L,11,L,11,0.4483745992183685,3,1,34.760769999991226,8.690192499997806
L/ASL_L_010.jpg,2430322644f2645620278ced850ee0f65a25cd158eee278a90721d9658451ec6,L,11,L,11,0.9523608684539796,5,1,34.760769999991226,8.690192499997806
L/ASL_L_011.jpg,d0d7280bc2a91ed7943ed134cdee4eb85ef45d19ce85ea978e7a263201aa490b,L,11,A,0,0.3724514842033386,78,0,34.59634799997957,8.649086999994893
L/ASL_L_012.jpg,189f347fe3a72526f8c4b19820dc413c9db0f2ae6ee7ece6b9531295105501cd,L,11,A,0,0.525915265083313,62,0,34.59634799997957,8.649086999994893
L/ASL_L_013.jpg,67ac1be557f7eac6e48c5d8b5c7ae87a59b87551f14742940678a3ceb241d1a9,L,11,E,4,0.6672158241271973,4,0,34.59634799997957,8.649086999994893
L/ASL_L_014.jpg,f80c07efc01d15d492ac61acf0759f96f1d5e823dc45a548c96d4cd774f1eda3,L,11,L,11,0.6655523777008057,1,1,34.59634799997957,8.649086999994893
L/ASL_L_015.jpg,5ca56429f1046a145760d81ed9ca96346c3a3ebc8efab72c45af8892c7313833,L,11,X,23,0.4113002419471741,5,0,34.614868999995,8.65371724999875
L/ASL_L_016.jpg,3ad147cdd6f58ee659e0f0d6e7754d5734f67b345ddc4e6c42f8c3475a92be1c,L,11,L,11,0.5208038091659546,6,1,34.614868999995,8.65371724999875
L/ASL_L_017.jpg,1e4bf20a4999317192726978ea6cd0bc6ecc8ece6bee9d03269f3d34ef51fde0,L,11,L,11,0.5711145401000977,8,1,34.614868999995,8.65371724999875
L/ASL_L_018.jpg,ee7e98fe24769b8a8f040819ec7b68f3eb1ccbe90a5d66e49215c6f889d94203,L,11,Y,24,0.4898531138896942,13,0,34.614868999995,8.65371724999875
L/ASL_L_019.jpg,a8bae190922b5c5579d46094f03bf252714679fcdb1fc875b159fefce26cf869,L,11,L,11,0.3720127046108246,2,1,52.24966800000175,13.062417000000435
L/ASL_L_020.jpg,d3ec6ed2415330726d8209f313b36e7d6db2b25a860d3459d11d7365e635c087,L,11,X,23,0.5207607746124268,11,0,52.24966800000175,13.062417000000435
L/ASL_L_021.png,44eb03e751d7fff2eb4ec34210768b7e0613e527dd261b21234eeb22486cc997,L,11,S,18,0.4058184325695038,6,0,52.24966800000175,13.062417000000435
L/ASL_L_022.png,7f76ae5ed87ee85d31aaead8dfded80f373e7c55b0f1be18f7cf14700225d6cc,L,11,L,11,0.3167098760604858,12,1,52.24966800000175,13.062417000000435
L/ASL_L_023.png,39124217abd65ac80d34f5908d5d699516f2118809ac1ef303face76888e4250,L,11,L,11,0.1982789039611816,15,1,69.49565999997276,17.37391499999319
L/ASL_L_024.png,36ca60bb04c95d0c8ad09e920f9c21d2d6f936b2f6b14a2c1188bfd044d5ab87,L,11,A,0,0.278422862291336,8,0,69.49565999997276,17.37391499999319
L/ASL_L_025.png,192d45bc00fdc30b4894877c980e6249d3d3d880bba9cc4bba668dbe1d79b012,L,11,S,18,0.8303001523017883,9,0,69.49565999997276,17.37391499999319
L/ASL_L_026.png,c31e225f96572e2df185b4321e4bc3b2cd3c5bb61d84df745cc3e9d4a0162baf,L,11,X,23,0.5854368209838867,6,0,69.49565999997276,17.37391499999319
L/ASL_L_027.png,08807645894a860378d098c1d285952f6e3da9a1c1d0f6ad87f5e5fc764b0740,L,11,E,4,0.4554221332073211,17,0,70.56029100004935,17.640072750012337
L/ASL_L_028.png,2e3dc6e2abda111b299ae7b13d0f69467a485d5bb5b86f697d8ee76fbdcba602,L,11,Y,24,0.4355905950069427,3,0,70.56029100004935,17.640072750012337
L/ASL_L_029.png,9315d4e93247151f30dcb206db60db5bb16595e488e60c4773f03ee943d10ae8,L,11,nothing,27,0.5084547400474548,102,0,70.56029100004935,17.640072750012337
L/ASL_L_030.png,82d7ffcf9fcde33bf7c9f36191c4f58996afd50832b66151a947c94386cf46fd,L,11,T,19,0.0886490494012832,14,0,70.56029100004935,17.640072750012337
M/ASL_M_001.jpg,77ebf856202aad8bcbfa4745f319dd1dc026c1fa028485e93ca6395c42f9209f,M,12,M,12,0.8236997127532959,1,1,37.83672999998089,9.459182499995222
M/ASL_M_002.jpg,3da2ee3ade41cd51252598a8c298ba0516bd7091ea27b694c13966ca855b08ff,M,12,M,12,0.9765098094940186,1,1,37.83672999998089,9.459182499995222
M/ASL_M_003.jpg,e5ed5ad84e9af8f42b903439efe3ed1e0cc4e25aa027381e805c76900d340fda,M,12,M,12,0.8408918976783752,2,1,37.83672999998089,9.459182499995222
M/ASL_M_004.jpg,7570f63d89003d790c0589a3c474528de6f1f1222bbeed27e235e29400d6aafc,M,12,M,12,0.7889482975006104,5,1,37.83672999998089,9.459182499995222
M/ASL_M_005.jpg,b82dbd8698d6e556e1e87fa57da8605857bfcd19185a1efe6d4ecb67aeeec257,M,12,M,12,0.7520419359207153,1,1,36.17412199997716,9.04353049999429
M/ASL_M_006.jpg,d1830a5b37bd803e5992fa3d3bbe8d6bf337627d61a57f541157524fc41e1654,M,12,M,12,0.8829302191734314,1,1,36.17412199997716,9.04353049999429
M/ASL_M_007.jpg,e7176cd632d92ef1b8f1a1daf57e393c477fc44d5869ae17f9a83d8eb849469a,M,12,M,12,0.985358715057373,2,1,36.17412199997716,9.04353049999429
M/ASL_M_008.jpg,e6c9acb23633af7accdbecbc95380aff53283594f4881ac9bcd101b40c03d6c7,M,12,M,12,0.9422777891159058,2,1,36.17412199997716,9.04353049999429
M/ASL_M_009.jpg,baf0b38129f09659b7fefb7d169e67d77cd4628ea337f6b5e001d6b39bbc9bd1,M,12,M,12,0.969848334789276,1,1,35.795797000048424,8.948949250012106
M/ASL_M_010.jpg,2e82b1ba461f546e2acaf6bc6c26da356e4d08ddfb02e74c874ca3b90e2af6c4,M,12,G,6,0.666217565536499,2,0,35.795797000048424,8.948949250012106
M/ASL_M_011.jpg,d0d5b2667e46c469ddde98b221dd6605432ac07542ff360771a334cd150331e5,M,12,G,6,0.7167432308197021,2,0,35.795797000048424,8.948949250012106
M/ASL_M_012.jpg,2f11a2635631305e6bb0ef9373d6b371c9fc9c93c0b2aa053674ad2205554625,M,12,G,6,0.7059295773506165,3,0,35.795797000048424,8.948949250012106
M/ASL_M_013.jpg,7db030b6bac9709abdf0961901202cc1c12e3b5405c22126cb2aefab5db3276e,M,12,E,4,0.1479761749505996,6,0,34.84029600002714,8.710074000006784
M/ASL_M_014.jpg,08012701bd74ddd799f9c3ef2354b3c181fefcda4006ed7366e0c1f7abb718bd,M,12,M,12,0.3287002742290497,8,1,34.84029600002714,8.710074000006784
M/ASL_M_015.jpg,7f22aba9a8967f015e53bea03758ac668f577ad657b470b4f607e2e8899debbf,M,12,M,12,0.4964841306209564,9,1,34.84029600002714,8.710074000006784
M/ASL_M_016.jpg,85c742b2876a4f81e3e0b02a33b60e7f482d58531f7f4cd6143f313f104e0caa,M,12,M,12,0.9680697321891784,3,1,34.84029600002714,8.710074000006784
M/ASL_M_017.jpg,8e9d4b874a82ee84ff4dd27eaa9539ee952d416bcd3792e9cddfc0b7fa7c98af,M,12,H,7,0.3505418598651886,6,0,34.215462000020125,8.553865500005031
M/ASL_M_018.jpg,2f3ef9ef442c6202f803814d255f323317dd6401db0db0673e4bdc6ebcf0f4b4,M,12,M,12,0.9418176412582396,2,1,34.215462000020125,8.553865500005031
M/ASL_M_019.jpg,f40890361c73c571fb512a121bb40a2d40825df84e6bceb25e704c61d1abee27,M,12,M,12,0.9037225246429444,2,1,34.215462000020125,8.553865500005031
M/ASL_M_020.jpg,20543956c18ccac5942c8a4b0534ef3a21e59768aa5ce758b31a16d4d9886d14,M,12,M,12,0.9713677763938904,1,1,34.215462000020125,8.553865500005031
M/ASL_M_021.jpg,4f34ee8c33fcd6d9389710ff447db120e9eeb83e8963817be35c7a7adcd40b41,M,12,M,12,0.7676483392715454,2,1,34.25985399996989,8.564963499992473
M/ASL_M_022.jpg,6d7b99c1a474900b8d9ba1decce3c0c4add98f0f6bd34a87f571b4126d29aec6,M,12,M,12,0.5429702401161194,3,1,34.25985399996989,8.564963499992473
M/ASL_M_023.jpg,a4cdc08d193225ada220f112c45afe56a1d2ffff7e494403d4266878b77f9f2e,M,12,G,6,0.3351604044437408,2,0,34.25985399996989,8.564963499992473
M/ASL_M_024.jpg,f9e0d2fe0427bbc84a9f796eca4b781a2a785083e191826b01adb2174b94eac7,M,12,M,12,0.424970269203186,2,1,34.25985399996989,8.564963499992473
M/ASL_M_025.jpg,5c7e798b795a492e744bec6a494a8b516cc48d8649f7c21cb087bd381ee34045,M,12,A,0,0.7411342263221741,3,0,36.09443699997428,9.02360924999357
M/ASL_M_026.jpg,da2963d7b00c6904719fe86b2b00bd0d107d256782b46c2b63a970fd3b7c17a6,M,12,A,0,0.516562819480896,37,0,36.09443699997428,9.02360924999357
M/ASL_M_027.jpg,e7643bc3683796c0a182edb74ac069cd14a915865990f3044c240461695558e9,M,12,Y,24,0.7701485753059387,61,0,36.09443699997428,9.02360924999357
M/ASL_M_028.jpg,33eb53186eef3766ca0b330d0074a2e50a4135fcd68382f5990a19713210170a,M,12,Y,24,0.5054566860198975,63,0,36.09443699997428,9.02360924999357
M/ASL_M_029.jpg,156a9b6e564591b7aafed13175d2f27114c9ce3acce56451189033c515358336,M,12,E,4,0.581889271736145,24,0,36.05592299999216,9.01398074999804
M/ASL_M_030.jpg,b4e024035d8a5e9f1b38b82faf5c8c6e0c73d82832977a8e70895ebce95259fe,M,12,E,4,0.3393352627754211,20,0,36.05592299999216,9.01398074999804
N/ASL_N_001.jpg,96a4860a11877be08659a142f3f507808bfcdd794cef257263ba8aa89fa4221f,N,13,N,13,0.975016176700592,2,1,36.05592299999216,9.01398074999804
N/ASL_N_002.jpg,d6a12a23e011a1df2aee2df4051c5ebac59297d5bd91e9b04e02e7430443dcdf,N,13,N,13,0.9534903764724731,3,1,36.05592299999216,9.01398074999804
N/ASL_N_003.jpg,e72a34fd22ae99826cfa496c315b19792e55a41809a0238a4a976b78361182f3,N,13,N,13,0.9639525413513184,3,1,36.20089100002133,9.050222750005332
N/ASL_N_004.jpg,3c346d517210ff37ceecb2307700c1c373a06c29ae79b055e292cb78aac3a289,N,13,N,13,0.965833067893982,3,1,36.20089100002133,9.050222750005332
N/ASL_N_005.jpg,a4a78a23f492a77ade52f07f06324e41bed6a59f777742e4e47a735d896b66de,N,13,N,13,0.9636246562004088,2,1,36.20089100002133,9.050222750005332
N/ASL_N_006.jpg,f60f17b5a926fa0dcffc2225cb2d7835add748def8ddc9decddd535c0b33c14a,N,13,delete,26,0.4226703345775604,6,0,36.20089100002133,9.050222750005332
N/ASL_N_007.jpg,eb5cd87a2acb14ab878d3f55ee4152b2c25099441c32bb4d332a5e0c2aa3f78c,N,13,E,4,0.3751827478408813,11,0,35.031075999995664,8.757768999998916
N/ASL_N_008.jpg,85f90d80772ff530659f521f7fdcdd331a08e6bc7d6e2fb7272438178451ba08,N,13,M,12,0.406414657831192,9,0,35.031075999995664,8.757768999998916
N/ASL_N_009.jpg,8fa36a4d71b16330c29272fd4856b0291e25caea10a820bd4b0d823bc11c946e,N,13,M,12,0.6889957189559937,4,0,35.031075999995664,8.757768999998916
N/ASL_N_010.jpg,4903bd2891b7794a1dc2ff2d572a19587317a4def5b5d0cc9e8aa400dccc2910,N,13,M,12,0.9573706388473512,3,0,35.031075999995664,8.757768999998916
N/ASL_N_011.jpg,be7704008021afe2d6159bb0abe29d1ddeacfd00aa300eb85033fdbef96962eb,N,13,M,12,0.8514355421066284,6,0,35.09708900003261,8.774272250008153
N/ASL_N_012.jpg,2e9e3f91ad47dcfd83e93ce04ec518401db1bc34ff37758e27298640b6246817,N,13,H,7,0.4395521283149719,7,0,35.09708900003261,8.774272250008153
N/ASL_N_013.jpg,9de24440cfb406a154fe73e3a6df0a1a10396266cc52a6f429a86fb979d67ecf,N,13,M,12,0.8713955879211426,2,0,35.09708900003261,8.774272250008153
N/ASL_N_014.jpg,c890c3a29c49641d936fec920945ed59eb58615fe1fabcfec68858f30fee7470,N,13,M,12,0.7425196170806885,3,0,35.09708900003261,8.774272250008153
N/ASL_N_015.jpg,c8b59483c7e0e86161e94c8aeaab6d79ec3579c956fef4ac8bbbc01a64f04b9e,N,13,M,12,0.9665539860725404,1,0,34.768442000029154,8.692110500007288
N/ASL_N_016.jpg,2ff9e2456c91e5e1506531ba4f20a70a5f7d64011ae05024d6d16bf4a735b633,N,13,M,12,0.946499228477478,2,0,34.768442000029154,8.692110500007288
N/ASL_N_017.jpg,5cf8b3faf0602cbc13e1491fc55bdeb0e2a10c732696e9c76a9669a5eb1744d3,N,13,N,13,0.5684003829956055,4,1,34.768442000029154,8.692110500007288
N/ASL_N_018.jpg,c4328fa7f2f4edd7bf2ac2b29874cd20ffd543ff48f2ad617a5df3722224da93,N,13,G,6,0.7414441108703613,6,0,34.768442000029154,8.692110500007288
N/ASL_N_019.jpg,77cd58a906b838b52c1e393dc9c5adb1f3b9ce77d3ca6aff5ee3643fc760bb57,N,13,M,12,0.9539938569068908,4,0,36.45584800000279,9.113962000000695
N/ASL_N_020.jpg,8544d625c71950bf9c19ea9e17332820106b7bd7496a9b9ae02b66662ebf948c,N,13,M,12,0.9749863743782043,6,0,36.45584800000279,9.113962000000695
N/ASL_N_021.jpg,9d994145e7c7057cb7a7031dddfb231e1eaef605b589e63ae1ad64a964da8be6,N,13,nothing,27,0.5940316319465637,19,0,36.45584800000279,9.113962000000695
N/ASL_N_022.jpg,7ffe9784460069b070b45e3727d9b4e53dac695a21f2ae0742efab663a88dbd8,N,13,P,15,0.6667551398277283,29,0,36.45584800000279,9.113962000000695
N/ASL_N_023.jpg,521551d48c0d9cdd2c48465adab70fd8706240cf3486464cc2f56c17e8ab756e,N,13,P,15,0.6714046597480774,15,0,35.71158300002253,8.927895750005632
N/ASL_N_024.jpg,f9ac0de2e0adec50674f749a3836766e61dfab471182cbecf6071833237a43a7,N,13,A,0,0.6672461628913879,26,0,35.71158300002253,8.927895750005632
N/ASL_N_025.jpg,f95935708e6e2d4fe9cfe5ba5013008dab3de4973cde92e3235333de9a97dbbe,N,13,C,2,0.6340352296829224,38,0,35.71158300002253,8.927895750005632
N/ASL_N_026.jpg,51872924b772db4ab19341d808cc9243cd798897b88613cd4502c517afe19e26,N,13,E,4,0.9214064478874208,27,0,35.71158300002253,8.927895750005632
N/ASL_N_027.jpg,a8a4a9fb97dc954f6a685cdaa5fa72b59a076ce7154ae800d0f14109573ffa7d,N,13,P,15,0.9491133093833924,15,0,35.666888000037034,8.916722000009258
N/ASL_N_028.jpg,110e01dc8d01b0011d4637c7b25ec73c0e4439ef93a0cd08bd64cda422e96aba,N,13,A,0,0.2343632727861404,27,0,35.666888000037034,8.916722000009258
N/ASL_N_029.jpg,9ce6bd3c7b648f37aa26de6fba88d6d876bf7f60275e553e4793c297059cb8fd,N,13,N,13,0.621307373046875,15,1,35.666888000037034,8.916722000009258
N/ASL_N_030.jpg,c8490542b79c6868672605fdc78a1399bac9fdd3232413ebaf09e347811b68c3,N,13,A,0,0.8776471614837646,24,0,35.666888000037034,8.916722000009258
O/ASL_O_001.jpg,e71485b2147c7284eb2d67bfbac096b088cdfa5f54f34fca019eed6e8a66fec9,O,14,C,2,0.95100998878479,3,0,35.55433999997604,8.88858499999401
O/ASL_O_002.jpg,0d874638ac31e08a975cd0950562985f91c9b1be8040d921f82cdce350758426,O,14,C,2,0.9341641068458556,3,0,35.55433999997604,8.88858499999401
O/ASL_O_003.jpg,131f91a6a42d03fd575e4b874b37f77f17b75f1e00e700d3eba754e2305f77e4,O,14,O,14,0.8538463115692139,5,1,35.55433999997604,8.88858499999401
O/ASL_O_004.jpg,e29f9481c082d98845328370a2e4b4429816fba850baf06031caa1110caa4799,O,14,delete,26,0.8685126304626465,10,0,35.55433999997604,8.88858499999401
O/ASL_O_005.jpg,595fac219e12b63d4c66ee6ec8d6517f346bceeefba99c176292fba86979232f,O,14,C,2,0.8001366853713989,10,0,35.12134699997205,8.780336749993012
O/ASL_O_006.jpg,5947856adb0b31528ffae4b5e72e6dfb334b31a8a8ca3aaaa5ce4c1587f0de5c,O,14,O,14,0.8353471755981445,6,1,35.12134699997205,8.780336749993012
O/ASL_O_007.jpg,e89ea803fba736a9b6670379a42f6eadcd0793cb8660b802a2cff3252e873060,O,14,delete,26,0.7440353035926819,11,0,35.12134699997205,8.780336749993012
O/ASL_O_008.jpg,efa5fd44d4915b29ea5109bc3f8819765c5d794cca5e15266b7c7700c65697de,O,14,D,3,0.8128026127815247,12,0,35.12134699997205,8.780336749993012
O/ASL_O_009.jpg,f9b6298a3565b9d8b7f5484d375319e76e91e90babf54135d550a390eac124b1,O,14,B,1,0.5473244190216064,14,0,35.98300900000595,8.995752250001487
O/ASL_O_010.jpg,c47f55250f1ff86929707aecb137b29d914b943df2f22a2a174bc338b9f3c7db,O,14,Z,25,0.7460377812385559,12,0,35.98300900000595,8.995752250001487
O/ASL_O_011.jpg,df6911968de51642a60026ff5a45c98be0bfd497ca077ad504f4b32ff348619a,O,14,delete,26,0.4269015192985534,14,0,35.98300900000595,8.995752250001487
O/ASL_O_012.jpg,96752c9935ea9edfb4cac5fd0a3026219c8c1ee4ab4d59237a84a5aca2d5c6ab,O,14,H,7,0.5750357508659363,4,0,35.98300900000595,8.995752250001487
O/ASL_O_013.jpg,561c1c39159e865b651b2c0e7336314c983430b1e22f12ed0188c9d9ed4aabd2,O,14,J,9,0.4822771847248077,22,0,36.4424149999536,9.1106037499884
O/ASL_O_014.jpg,1b9f28701ad9fe3f2a9e8a4665ee6f826e5fd52cc5cd48e821feed9955965982,O,14,Y,24,0.2024069279432296,16,0,36.4424149999536,9.1106037499884
O/ASL_O_015.jpg,30ac265c27c3b0761c58266e2cb834d308504c915235ca7d6649c5004007a22e,O,14,Z,25,0.5857642292976379,21,0,36.4424149999536,9.1106037499884
O/ASL_O_016.jpg,8154a2f343850cf0aa95408c7a3ca0cc600aacd3ed8187b66ce0f8b0c24f30c4,O,14,P,15,0.2643036544322967,14,0,36.4424149999536,9.1106037499884
O/ASL_O_017.jpg,5c7e953c4abdf68da37dcbd3104b284145d7f5c717bb927db4974edd00c98ad2,O,14,E,4,0.3132287561893463,33,0,34.84671000001072,8.71167750000268
O/ASL_O_018.jpg,466b648fdf85a17c8305ca46ca9fe07ce60f0b9d4d92fc39ce8b519ab33daae4,O,14,P,15,0.5634694695472717,34,0,34.84671000001072,8.71167750000268
O/ASL_O_019.jpg,610c7ffdc12fb29a3b3bb08df4d70374103b55ff7aafa43d088c475f23f1c969,O,14,nothing,27,0.2264948934316635,6,0,34.84671000001072,8.71167750000268
O/ASL_O_020.jpg,7034e4d1a673ffca24a1f1ac1afb77e23a2410add6d43f48128b5abc030a98d0,O,14,O,14,0.882959246635437,8,1,34.84671000001072,8.71167750000268
O/ASL_O_021.png,1534ea2b352affcc87206b22d92567b0bc3edcdbbfb6bc655501cc2705be350d,O,14,delete,26,0.6253612041473389,39,0,69.48750300000484,17.37187575000121
O/ASL_O_022.png,26557430cdff0ad05b9c894648b2a0aea6468e3cab3d2ff3d33cb6e5a0195306,O,14,N,13,0.8065675497055054,75,0,69.48750300000484,17.37187575000121
O/ASL_O_023.png,cf8d8a9b950256e0691a25f3a0ca98b493c4b0dc92b831a7b7aedc5b9a8b772e,O,14,X,23,0.3513399660587311,4,0,69.48750300000484,17.37187575000121
O/ASL_O_024.png,1bacda77025b7682994fd2496b9d70bcc8c103fd1b36ed0115b5147e482ec89c,O,14,O,14,0.983098804950714,3,1,69.48750300000484,17.37187575000121
O/ASL_O_025.png,4114c442b306ebeccb7cd3d3f61a937eafcca150ad36079f68d9476fd2b7b9a8,O,14,O,14,0.892488956451416,19,1,72.80778199998394,18.201945499995983
O/ASL_O_026.png,d5414426ad978dcd5d4a3e73375e75d33cb3adb74ba9efd4b802dee626b396fd,O,14,O,14,0.4496550559997558,10,1,72.80778199998394,18.201945499995983
O/ASL_O_027.png,c1bf8f70731c7f376347d15f258927cc07e833d0a834b88ae7f7b6666bd91933,O,14,O,14,0.9501417875289916,6,1,72.80778199998394,18.201945499995983
O/ASL_O_028.png,1719776c075f23d6144a39ac051bd87c5d84667a0c2cb9c692c273409a3a71a6,O,14,X,23,0.3565055429935455,7,0,72.80778199998394,18.201945499995983
O/ASL_O_029.png,37ebac0a6275b83a52b6cbb0865b69c77458503f08f8004b730f02925e716314,O,14,delete,26,0.2680006325244903,19,0,51.67052599995259,12.917631499988149
O/ASL_O_030.png,8698729af769b46a037ce8359ae3e903d3255f79da779409092ff1b0d13e2dd2,O,14,O,14,0.9735004901885986,3,1,51.67052599995259,12.917631499988149
P/ASL_P_001.jpg,591689b6579183bf3ab2782fc9860655c342a0c4c8fefbe2a26ebfcff07415e5,P,15,P,15,0.940310537815094,2,1,51.67052599995259,12.917631499988149
P/ASL_P_002.jpg,4531deaea81ed03ee2aeee10dbf80f4dcf39dac5bd95464ede27a3974c20d5af,P,15,P,15,0.9664424061775208,2,1,51.67052599995259,12.917631499988149
P/ASL_P_003.jpg,8ad4b39dff8aa2eb965442502e429b1bad5dd718ab911564fe99a5df0c1c8f4d,P,15,P,15,0.8235186338424683,3,1,35.56169300003376,8.890423250008439
P/ASL_P_004.jpg,ce52ad7cb014070c074e41eca0fd4c008b720503840d40fd6eef870715fc4bb3,P,15,P,15,0.6562108993530273,10,1,35.56169300003376,8.890423250008439
P/ASL_P_005.jpg,2c2dfe2f37f08549eab48ab94481437b129a4c1abdd7c0be111490048e6c0a6f,P,15,P,15,0.6480003595352173,23,1,35.56169300003376,8.890423250008439
P/ASL_P_006.jpg,09f8d75042f5ac4a55e2bdbb61cbc6606c64c3e0e09564042bdd6e995740fafd,P,15,P,15,0.6709504723548889,47,1,35.56169300003376,8.890423250008439
P/ASL_P_007.jpg,69d77e9528cbe27446ffff0b37e26a647120300493554b87f3ec922da5d0dfed,P,15,P,15,0.8095365762710571,45,1,34.49768899997707,8.624422249994268
P/ASL_P_008.jpg,9a714550e882a832ac502db3ad815502cce20e0a1da46c545e3614bd36e7d6c6,P,15,P,15,0.801920473575592,14,1,34.49768899997707,8.624422249994268
P/ASL_P_009.jpg,8da8bb940fe12fb89db0a3aa54df6b8efb799cf1c5720401ba896277777001df,P,15,P,15,0.978834867477417,1,1,34.49768899997707,8.624422249994268
P/ASL_P_010.jpg,0e79b5010966a0b8b01d2d9dce4008aab5294885ff74746b2a01e5c927e3c515,P,15,P,15,0.9714422821998596,2,1,34.49768899997707,8.624422249994268
P/ASL_P_011.jpg,02e7355c56c79e4cb9c817f9e0aaeff22ff5d1678b4c20a783e4ad4b55997d6c,P,15,P,15,0.6026506423950195,22,1,34.743703000003734,8.685925750000933
P/ASL_P_012.jpg,db1d980b569678463a4e43da156f2fee935bbabc808d5d5f56bc10f8a68db86c,P,15,P,15,0.4056459963321686,50,1,34.743703000003734,8.685925750000933
P/ASL_P_013.jpg,8e9acf52bd3c2bf628933576e757b463a44c8475b2cdbe38b95bc7dfb310c618,P,15,P,15,0.3283112943172455,3,1,34.743703000003734,8.685925750000933
P/ASL_P_014.jpg,8ea8856e946adc3a1d74f1cfc05ba88b140db7d2218b7c68c4fa1f224c4df87c,P,15,P,15,0.5112454891204834,6,1,34.743703000003734,8.685925750000933
P/ASL_P_015.jpg,80c8687c6db289a37265ac7e3be16264258dd50eae5d54cd36770d20b3e10cea,P,15,P,15,0.968820095062256,1,1,34.83134200001814,8.707835500004535
P/ASL_P_016.jpg,f914f630e6726cdef59ccf28a4dfe49bbd8129287dae7685c3c8cac809873725,P,15,P,15,0.9578514099121094,1,1,34.83134200001814,8.707835500004535
P/ASL_P_017.jpg,3668af996d8356bf9581ec981e170e315a85b73926addf0dd877bfac947af0ee,P,15,P,15,0.9777531623840332,1,1,34.83134200001814,8.707835500004535
P/ASL_P_018.jpg,4bc75eeda6379defac2368634ef1db2f9aaf992cdde4e6af23b2f9c149a646ac,P,15,P,15,0.9797592759132384,1,1,34.83134200001814,8.707835500004535
P/ASL_P_019.jpg,ce802e42ef9a802ec644f775ed04718f0f1b4ecc07aa5b9c5483377492f05535,P,15,P,15,0.8443223834037781,5,1,35.23777099997005,8.809442749992513
P/ASL_P_020.jpg,4546e1fad61813a4c2c71ca59e5c93f555bdaed0da3582c7ab6de342d74f82a7,P,15,P,15,0.9660151600837708,2,1,35.23777099997005,8.809442749992513
P/ASL_P_021.jpg,435855a4a650685d4a5cfe44478f39e9f9d2181512e818744f8b600c8ba6eaf7,P,15,P,15,0.9713725447654724,2,1,35.23777099997005,8.809442749992513
P/ASL_P_022.jpg,bfb89577cf77693319218abc1b1c4e5b487c259774f8891823c7c31150d9c46e,P,15,P,15,0.9761427044868468,2,1,35.23777099997005,8.809442749992513
P/ASL_P_023.jpg,a8a2efb21dbf0b8bfaf78a289e9079d11724d086bb1e40922b18b830d2e6d812,P,15,P,15,0.9762738943099976,1,1,35.04164399998899,8.760410999997248
P/ASL_P_024.jpg,5bb3a95651ce4240c25c5d0dc856b720018c9a69ddeb58c493cc2806f194440f,P,15,P,15,0.9736602902412416,3,1,35.04164399998899,8.760410999997248
P/ASL_P_025.jpg,81886e54e31645964173165beede0511a4a311558806d518653b244f0c030dda,P,15,P,15,0.9742041826248168,1,1,35.04164399998899,8.760410999997248
P/ASL_P_026.jpg,b2bbc7d3dba87f584e9ca24641cd4fd4978969d37029ec2dceeff612325f6b70,P,15,P,15,0.9643651247024536,1,1,35.04164399998899,8.760410999997248
P/ASL_P_027.jpg,20d556a0de00a36761923de533815160a88e0448ccad17a6d76066c911dd8569,P,15,P,15,0.9491455554962158,3,1,36.7327690000252,9.1831922500063
P/ASL_P_028.jpg,234f0862e191cb4c644f9a252af40348568f7437a16319bfc6a9b9b96423a5f9,P,15,P,15,0.9697994589805604,1,1,36.7327690000252,9.1831922500063
P/ASL_P_029.jpg,abe8ad763a9552253ce2efa04c8a451c727edcb860ac18054bba170a3d0d5e62,P,15,P,15,0.9411565065383912,10,1,36.7327690000252,9.1831922500063
P/ASL_P_030.jpg,d1a3e0452a2945527eb70fd58abddb2832e277f64ccd4fd23fd5e58eeb1647b8,P,15,P,15,0.7671681642532349,12,1,36.7327690000252,9.1831922500063
Q/ASL_Q_001.jpg,c7e7f4de0235cf9ad9b3a82d4b2359211cbca6fdcad29b1df53ab562b0909da6,Q,16,P,15,0.9421437978744508,2,0,36.26636599994981,9.066591499987451
Q/ASL_Q_002.jpg,3b136ea1a1a41c540a210fab9cc1682db047a36a3b55349a9e83f84a14b41177,Q,16,Q,16,0.5621004104614258,3,1,36.26636599994981,9.066591499987451
Q/ASL_Q_003.jpg,2739b9d1c4fb8147a0bd7e85c52e0d2e1cdceb31f27fb7ce75b50394e5c6e404,Q,16,Q,16,0.9135103821754456,7,1,36.26636599994981,9.066591499987451
Q/ASL_Q_004.jpg,269693542cb93494902fa29bfa0b816e65d1a04780c82913168f5d26b86d46cc,Q,16,Q,16,0.4375676810741424,11,1,36.26636599994981,9.066591499987451
Q/ASL_Q_005.jpg,c4aaed4808a04c92c6f88aa560b37d7fd4d6cb9aecd8bfd9823b81bc7c277982,Q,16,Q,16,0.763336181640625,37,1,35.756454000022586,8.939113500005647
Q/ASL_Q_006.jpg,9589612a3c47805a12c861689a775c0ae36806174f69c5d4611b0d797f5d23b6,Q,16,Y,24,0.8956598043441772,24,0,35.756454000022586,8.939113500005647
Q/ASL_Q_007.jpg,7f89bf4ec4f3bef3c2f8c4a7967d72f2d9caa551d628bc3d2700f438f1ccfe59,Q,16,Q,16,0.8739814162254333,19,1,35.756454000022586,8.939113500005647
Q/ASL_Q_008.jpg,5418136cafeca08fdd72d25486b5243d74a812c26715b6b288d63083e8a943af,Q,16,Q,16,0.9368554353713988,20,1,35.756454000022586,8.939113500005647
Q/ASL_Q_009.jpg,f5e250ec0c3c613b60b1514177bbbd61d1fb7481621e3ab642d400b9a5ca0247,Q,16,P,15,0.7369160056114197,56,0,37.630049000028976,9.407512250007244
Q/ASL_Q_010.jpg,bbff1f944fe12f2fe04ace8c48c7078b94c89a08bcfbf0d854e4e32a6f1241a9,Q,16,Q,16,0.9199775457382202,8,1,37.630049000028976,9.407512250007244
Q/ASL_Q_011.jpg,c9b7fd0a4652ce772a080c93f5883429ca55a8302137916a7e40652dc8384fec,Q,16,Q,16,0.941994309425354,4,1,37.630049000028976,9.407512250007244
Q/ASL_Q_012.jpg,0a4a0e204519ff094ee090a8af81b55a6522c998590e72abe92e1fe7b02d0680,Q,16,nothing,27,0.6306067109107971,26,0,37.630049000028976,9.407512250007244
Q/ASL_Q_013.jpg,8fb9b8730727c165a5156b466ac38e6f1f82708d7a5d859106bf15313ca3193e,Q,16,P,15,0.6119652390480042,4,0,36.11407800002553,9.028519500006382
Q/ASL_Q_014.jpg,cc3a0211e5710f4a65ede1ccf1eec033fde9574a63935f8f175f4685cb099812,Q,16,Q,16,0.966651976108551,5,1,36.11407800002553,9.028519500006382
Q/ASL_Q_015.jpg,e1144596ba7c8fbed7f3d7a875ca0651b485efff8e84ccc3b6066368e9594f61,Q,16,Q,16,0.9595013856887816,3,1,36.11407800002553,9.028519500006382
Q/ASL_Q_016.jpg,2ae2ad99c7f9b348ea6428488a648a57890357caf3c54a93d59ff54064a2e788,Q,16,P,15,0.9233999252319336,1,0,36.11407800002553,9.028519500006382
Q/ASL_Q_017.jpg,e8ed26cbefcf18997d2d5a695379da5295d41db7becef7786fcc4642932a91fc,Q,16,Q,16,0.5623100996017456,3,1,35.01029099999187,8.752572749997967
Q/ASL_Q_018.jpg,81f3751b5682d44b097736a42b1885e91184a78dd5719ec110cf1905cf1b3c6f,Q,16,Q,16,0.7774749398231506,2,1,35.01029099999187,8.752572749997967
Q/ASL_Q_019.jpg,6fd5cbb521d343ceaeb56065f3c6bf1fcbe7b88bf66f284d2993c0c2f841a1f6,Q,16,Q,16,0.9743990302085876,2,1,35.01029099999187,8.752572749997967
Q/ASL_Q_020.jpg,41928823050c30d1026d73cc71037e57f2de18be2b224058487ca5cbf4f31c29,Q,16,Q,16,0.9745745062828064,1,1,35.01029099999187,8.752572749997967
Q/ASL_Q_021.jpg,6101364a24f72ecc2c52e9c6f16fe178cf9889e0b95c2bf01d6ca9e216f9e348,Q,16,Q,16,0.9611269235610962,1,1,35.13716100002284,8.78429025000571
Q/ASL_Q_022.jpg,c87b0fce28fe9d5685b6d42d34f20c75252d5b0a29ceca95286366af51cbb3cd,Q,16,Q,16,0.9501156210899352,1,1,35.13716100002284,8.78429025000571
Q/ASL_Q_023.jpg,1b2d49e89b53276a0a5dfed7582328d60226a214edeed9d394e8732d34546c81,Q,16,Q,16,0.9670591950416564,1,1,35.13716100002284,8.78429025000571
Q/ASL_Q_024.jpg,20d259002e673b2f3fba49ea3cc1636388ab3defe85afbd57cce1040f1970366,Q,16,Q,16,0.981793224811554,1,1,35.13716100002284,8.78429025000571
Q/ASL_Q_025.jpg,c310ca496b36bde70ba8981aa9398eafe4f20c2f9e1068b594539cd464756c19,Q,16,Q,16,0.9753667712211608,2,1,35.4816089999872,8.8704022499968
Q/ASL_Q_026.jpg,b7dfe1215ba24546ab6553c0cf154db4ca2c3a4fd27e5d29053b80896cdde02b,Q,16,Q,16,0.976594626903534,1,1,35.4816089999872,8.8704022499968
Q/ASL_Q_027.jpg,cf6f253fa9d3fc3bc82d0162905d597dd8c88c086257dae1b511dbe8a92de200,Q,16,Q,16,0.9799187183380128,1,1,35.4816089999872,8.8704022499968
Q/ASL_Q_028.jpg,ac0e707272f667e3854da9a694eec3c54beed598347d3716ca318c7c2cfefff7,Q,16,Q,16,0.3562836647033691,50,1,35.4816089999872,8.8704022499968
Q/ASL_Q_029.jpg,3aa57d546f39e13479111f8f2b4d05b88cef17fc5d9ea46b0818ed93ea86666a,Q,16,P,15,0.654891312122345,57,0,35.961091999979544,8.990272999994886
Q/ASL_Q_030.jpg,69c3f47e8f471079578f493457b526f0be90577e9d9452ffc8b6a27f4369fff3,Q,16,P,15,0.8771161437034607,18,0,35.961091999979544,8.990272999994886
R/ASL_R_001.jpg,43d94a4b6d9fa49bc78d7261a33efdb5861d2c137efdf3db9f8218469ea933b2,R,17,K,10,0.7716825604438782,9,0,35.961091999979544,8.990272999994886
R/ASL_R_002.jpg,3432f08b4e2ca89e158b03274f5a975b470bf21d9c9b13c61a4d101fc84cf291,R,17,K,10,0.3739772140979767,6,0,35.961091999979544,8.990272999994886
R/ASL_R_003.jpg,127d54a0eb0bf6c92470dacfa7ccc4f6c813b7c0985b08c87deb2a140155c522,R,17,K,10,0.5803143978118896,7,0,34.63673499999231,8.659183749998078
R/ASL_R_004.jpg,653e6b564fe1c66f965bc9f7883ca42712dfa4a7275d90168bed8f8524612e7c,R,17,K,10,0.6912360787391663,6,0,34.63673499999231,8.659183749998078
R/ASL_R_005.jpg,cfee45a88e4ba467c6f1cdd0102a13b363bd05d0f4f16074764d66341edd829c,R,17,K,10,0.683605968952179,4,0,34.63673499999231,8.659183749998078
R/ASL_R_006.jpg,30fca63d67d001253e85f71cb7965654ab2665aa002d6fe7344a80656ce53f3b,R,17,K,10,0.4484628140926361,3,0,34.63673499999231,8.659183749998078
R/ASL_R_007.jpg,e5f6a0ba4901e55c9cfc19f8505ab1f5d9c5cf52bcab1e6c97e7b4ef79eed0d4,R,17,R,17,0.7540431618690491,4,1,35.12281799999073,8.780704499997682
R/ASL_R_008.jpg,fd6d4b45e8c0e8d284271836f43a6edc2de423c8ea5057d7fdeeecc4a60f8d1c,R,17,L,11,0.5322981476783752,7,0,35.12281799999073,8.780704499997682
R/ASL_R_009.jpg,7999a90b859f8b08c39489ad4e20650546964b331dbc4fde1fa071b867fcfa76,R,17,K,10,0.3119741678237915,10,0,35.12281799999073,8.780704499997682
R/ASL_R_010.jpg,1bedefb350a42cf3034a0ed94420f2f599b018e954555216e8ea2189a22b14ca,R,17,R,17,0.9217249751091005,7,1,35.12281799999073,8.780704499997682
R/ASL_R_011.jpg,b3a2a6c5aedfb8320099ceb6923880cd7d63f5ae1468f0ce98d57da7f9641251,R,17,R,17,0.6383061408996582,11,1,34.917629000005945,8.729407250001486
R/ASL_R_012.jpg,30ac238556172a339f11bd90fe4de707db9c09f3ce0691459dd020a9714836d8,R,17,C,2,0.5653322339057922,15,0,34.917629000005945,8.729407250001486
R/ASL_R_013.jpg,7708838d762d503b99a78b78ba05dffd9a90c1be450a92afb68cadf084034ba9,R,17,R,17,0.8699702620506287,1,1,34.917629000005945,8.729407250001486
R/ASL_R_014.jpg,a5ca63ff96cb0faef84d545258d0f8a6e6cb5b65a545a075ec14367f210a7dd3,R,17,R,17,0.5993168354034424,17,1,34.917629000005945,8.729407250001486
R/ASL_R_015.jpg,fffaa300c8bf483365fe79847bc3e8e3cae015117f4994944af122fd0904cee4,R,17,E,4,0.3141781389713287,30,0,35.208701999977166,8.802175499994291
R/ASL_R_016.jpg,7507b181dd933b47380d32df098cebd386ded61bcdc1dce731ec6f208915cad2,R,17,P,15,0.7479825019836426,29,0,35.208701999977166,8.802175499994291
R/ASL_R_017.jpg,3cecfb4d8eabe02a7c6348c7d0ca4728f067135e81525d44a4322059ef549a57,R,17,P,15,0.8855734467506409,36,0,35.208701999977166,8.802175499994291
R/ASL_R_018.jpg,6eeecdc293525be7cecf1a04315feb040888b66324709e994a722a7e5820d4c5,R,17,R,17,0.4211386144161224,3,1,35.208701999977166,8.802175499994291
R/ASL_R_019.jpg,ee8ee4a565acefc7219ad5b98e42afbfa7d5e400cefbf92df7c9d5219a265173,R,17,R,17,0.8482856750488281,9,1,34.76617299997997,8.691543249994993
R/ASL_R_020.jpg,034c96231431f5369e816ecd7055f818dd1dd1f4fb7c6a3b1570d8f7e0163dfa,R,17,R,17,0.9581402540206908,12,1,34.76617299997997,8.691543249994993
R/ASL_R_021.jpg,b9a383af351fb616b912e171601ffb8fb47953b50580fb7017ca615fc53296ce,R,17,R,17,0.7248088121414185,3,1,34.76617299997997,8.691543249994993
R/ASL_R_022.jpg,740b1c6959fb5cee1ed498b218364d777bb9e0434ad6795b525555ec757c5e79,R,17,K,10,0.8518947958946228,2,0,34.76617299997997,8.691543249994993
R/ASL_R_023.jpg,664575c510002220230ab4ae7882ea7a1425d29a0a5f6831fb62fa32319f101f,R,17,K,10,0.9593241810798644,5,0,60.6800860000476,15.1700215000119
R/ASL_R_024.png,90a83d44597203f34d5d6e43fd70efedd7ae7e22bf56db27a214559ab76713bc,R,17,A,0,0.6518892049789429,6,0,60.6800860000476,15.1700215000119
R/ASL_R_025.png,148779269e1cb3fc486436c2c5d009bd232b5c535bcad4a3f519005192ca5099,R,17,Q,16,0.2336700707674026,27,0,60.6800860000476,15.1700215000119
R/ASL_R_026.png,51db763057c0766a2c146629257041c7e919bf01d97b79c0fcafb120820fccc3,R,17,K,10,0.6468289494514465,2,0,60.6800860000476,15.1700215000119
R/ASL_R_027.png,b5247113bec281f705018e8673ebaca1811f12f6c2efb092420399a841130c51,R,17,delete,26,0.6500612497329712,20,0,68.97394200001372,17.24348550000343
R/ASL_R_028.png,6629ce05abb1765cc7c895c3717cc2fdc25aec30d37e72f01d2a0bc213195abb,R,17,nothing,27,0.4865081012248993,7,0,68.97394200001372,17.24348550000343
R/ASL_R_029.png,844b565b9b9892848f0cd162088ec772ac1693fde78a53012ba19278b0c82fc1,R,17,N,13,0.2989014983177185,8,0,68.97394200001372,17.24348550000343
R/ASL_R_030.png,7bc593e3667685873e63b0082271e58c90b9f36b030f9b7b620c00db5b88b092,R,17,E,4,0.4746530652046203,25,0,68.97394200001372,17.24348550000343
S/ASL_S_001.jpg,77da1652636aeff80d299878521fbb041c56675ec5d83e172fd617980faf7c6a,S,18,E,4,0.8740083575248718,10,0,35.308978999978535,8.827244749994634
S/ASL_S_002.jpg,abe48ca4097a3a6a59bc2dfa8abcaab7b20c58f43bc3a29c75c63122b537d241,S,18,E,4,0.9537274241447448,15,0,35.308978999978535,8.827244749994634
S/ASL_S_003.jpg,52efae618217d5ca980f30a07cfcbca939904815e47973779d54c24fb6df09f7,S,18,E,4,0.6640200614929199,6,0,35.308978999978535,8.827244749994634
S/ASL_S_004.jpg,b2ada4b5ea4afe56c34a946d42a4d2e52190a7423094c707d94ef00837eee728,S,18,F,5,0.6230685114860535,12,0,35.308978999978535,8.827244749994634
S/ASL_S_005.jpg,9126c8ec7bcdd03853b1f9088a06158dff5490bb889cf7d8e473feaa61d3e4c9,S,18,E,4,0.9652493000030518,9,0,35.40282900002012,8.85070725000503
S/ASL_S_006.jpg,ca1f0a96d2d088cbcbfc71a2e391ea3f350a3d3fe78eb31885d4d48f44dbd424,S,18,E,4,0.9673509001731871,10,0,35.40282900002012,8.85070725000503
S/ASL_S_007.jpg,c8a1543179d31fa32adf5e07c0a39ee2f4cbc79731827543749efb344bec792f,S,18,S,18,0.7129876017570496,2,1,35.40282900002012,8.85070725000503
S/ASL_S_008.jpg,affe8b3ae25a6ea9bc4c8b61666956630312bc52f56dd7da05461f35860498c0,S,18,G,6,0.6825410723686218,4,0,35.40282900002012,8.85070725000503
S/ASL_S_009.jpg,c02f871c007fa8bfef4d53458616d3c48e9d2bde362c298dd1ab4ab3bc56b589,S,18,S,18,0.6007784605026245,4,1,34.73086000002468,8.68271500000617
S/ASL_S_010.jpg,0ba2605f2106754c43f5de61ae61f361fe4449758d9aea54a14362d27be7de07,S,18,G,6,0.8274684548377991,5,0,34.73086000002468,8.68271500000617
S/ASL_S_011.jpg,2ecf52d1490c0635d560c2a1dc02a6787624fca4b5b3e7eae10e11f05d1d8d69,S,18,G,6,0.3957627713680267,8,0,34.73086000002468,8.68271500000617
S/ASL_S_012.jpg,1f7f6d6714573e0c4c6da933ce9ccf5655c59c304687c041a4b145a6892b3c56,S,18,Z,25,0.4047642946243286,4,0,34.73086000002468,8.68271500000617
S/ASL_S_013.jpg,dbaf47982a90de0de8fffeb9bc70faac2db07d3cb2ab9b37194f26a838db3d28,S,18,G,6,0.3710075318813324,6,0,36.15138999998635,9.037847499996587
S/ASL_S_014.jpg,278e91740509ea3cd37ef6c04dc5938e26eb2b80f263424c39270e761de89922,S,18,X,23,0.5044838190078735,18,0,36.15138999998635,9.037847499996587
S/ASL_S_015.jpg,cb3725405b98f32d561a9b371e659c1ee91e5099e9e3e1661b3db8dce1e47446,S,18,S,18,0.3921826779842376,23,1,36.15138999998635,9.037847499996587
S/ASL_S_016.jpg,b9d50eb9b81673456993788c6e4a01b6193958064c2f58575196f9699e42c60a,S,18,Y,24,0.7725727558135986,19,0,36.15138999998635,9.037847499996587
S/ASL_S_017.jpg,e2fb49dcbb39781366b44494585d85b3df9698f45dcc358443f5b0e84a3cbea6,S,18,Y,24,0.3671335577964782,19,0,34.886335999999574,8.721583999999893
S/ASL_S_018.jpg,507311cfd33e9f1847b7ef1de86e1fced63aa7486e7c6dda7a49d81724ddfebc,S,18,G,6,0.466640293598175,8,0,34.886335999999574,8.721583999999893
S/ASL_S_019.jpg,7e7aadec026b9a309416072f3fefcf8560deb557c92771ef53e85a89fe915860,S,18,S,18,0.2508444786071777,5,1,34.886335999999574,8.721583999999893
S/ASL_S_020.jpg,47561ddcae1df589f610ae6b411a07060d52341fed3fab9883b3be943c1c71dc,S,18,G,6,0.5798372626304626,2,0,34.886335999999574,8.721583999999893
S/ASL_S_021.jpg,f11f427d72f6de204654f1b98760520d5fba09913f662202f2c748d5ac89e3e3,S,18,Y,24,0.2374834269285202,7,0,35.17828099995768,8.79457024998942
S/ASL_S_022.jpg,1707d53a95e10619e5e4e952de9c190824c8aff3a7c94939a2f22a475275f0ab,S,18,E,4,0.8717708587646484,1,0,35.17828099995768,8.79457024998942
S/ASL_S_023.jpg,eb27752122d1149253f7e356af9037948a33b4cbbecf7a6b7e37af5b87a785ca,S,18,G,6,0.339939534664154,4,0,35.17828099995768,8.79457024998942
S/ASL_S_024.jpg,07866d130c9788523bf2a0e131e07e8af6628885d7ad4eebbb18da30d45a7929,S,18,I,8,0.5066829323768616,3,0,35.17828099995768,8.79457024998942
S/ASL_S_025.jpg,1a46c32eb25f61e622bba328f79d26bcf7f176b108a79d96b4b457a4ed794a14,S,18,I,8,0.947955846786499,1,0,35.14300199998388,8.78575049999597
S/ASL_S_026.jpg,9c4eb2d546b4bf02d5ac3e6b1981241fa831a183e9cc23bf3c0f6583a167b299,S,18,S,18,0.745313823223114,18,1,35.14300199998388,8.78575049999597
S/ASL_S_027.jpg,df869dc700ce4e5bce56e06c032db722d537349403f6311acfd203854fa78952,S,18,E,4,0.4955760538578033,38,0,35.14300199998388,8.78575049999597
S/ASL_S_028.jpg,d8e579ba32feb43e7d0ffdd6b5060717ea1f50150f01a85773b8965432f27bf9,S,18,E,4,0.8640254735946655,12,0,35.14300199998388,8.78575049999597
S/ASL_S_029.jpg,b42255a72be94dbcf2549206afb66beae961f9784dc5ad3c11ad6adacf99793f,S,18,E,4,0.5619325637817383,12,0,35.79709899997852,8.949274749994629
S/ASL_S_030.jpg,409bf0dd3ab540fd69c9fb4842d9c94e15f1c363ce21a2e7f7b7356b6b306bfe,S,18,S,18,0.7085281610488892,37,1,35.79709899997852,8.949274749994629
T/ASL_T_001.jpg,4412873383e78146de645965b554c2355c987d3b868c935ba23d2b78a8819bc4,T,19,E,4,0.3181163966655731,12,0,35.79709899997852,8.949274749994629
T/ASL_T_002.jpg,c106e3c2aa5de1dc0597d6d628f8cded028c2009b470ea227b8a8b3f00e1f3a9,T,19,J,9,0.3439153730869293,14,0,35.79709899997852,8.949274749994629
T/ASL_T_003.jpg,d0267a9cc74eec37be17e852d95f24a82cb920e6508ba3d76711ceeea573aa86,T,19,E,4,0.5670133829116821,6,0,35.53269700000783,8.883174250001957
T/ASL_T_004.jpg,2a5d3211f5bfd7dce1da6263f6683af9983c8fb65758b60bc0ff6062acc6d21b,T,19,E,4,0.3573200404644012,9,0,35.53269700000783,8.883174250001957
T/ASL_T_005.jpg,0378a2394f97794318a814d44ba48516d58408a7ce0e74380dfc8b581823a151,T,19,L,11,0.9434193968772888,6,0,35.53269700000783,8.883174250001957
T/ASL_T_006.jpg,01b2d9b4d959ea5f25291fdce15444ce294e71b8240a18ab9b0598cbdbd19ea1,T,19,P,15,0.6217156648635864,9,0,35.53269700000783,8.883174250001957
T/ASL_T_007.jpg,f3fde920e9a96cf25a724004f763a370976224339e6edc589d4a06808a3a6600,T,19,G,6,0.7601391077041626,6,0,36.22925899998109,9.057314749995273
T/ASL_T_008.jpg,00af04c9c7380b0649f5077331eee900e9352995312c6a8492734aedf68b5851,T,19,L,11,0.652398407459259,8,0,36.22925899998109,9.057314749995273
T/ASL_T_009.jpg,cd826ac42d92cd37dd27c6f8fd3d7ee29af938be61b6f4c446ebac9275ca6836,T,19,G,6,0.8178218603134155,4,0,36.22925899998109,9.057314749995273
T/ASL_T_010.jpg,c0c4d90ba34b3732bd919e1d3d8f24095acf349b3a972ab9014c49d50b874d4f,T,19,L,11,0.7031620740890503,5,0,36.22925899998109,9.057314749995273
T/ASL_T_011.jpg,9e8e872cebe1603805e05477bd13a543857bcd47dbaa12540b648943513ea961,T,19,G,6,0.405058205127716,3,0,35.19233100001884,8.79808275000471
T/ASL_T_012.jpg,fcb5a4d9f1b1ae768d582ac5bc1c3849b5c97336ce2510e128c103d3fb1a68ee,T,19,N,13,0.3948458731174469,4,0,35.19233100001884,8.79808275000471
T/ASL_T_013.jpg,1b218d05b6bb3ed2403f4898dfc331cace243af7f656f9285374ae57a0b9748e,T,19,L,11,0.8030454516410828,4,0,35.19233100001884,8.79808275000471
T/ASL_T_014.jpg,0ea96b3947826c0bca934a803fe49b76d45c7f5d5abf2793d26ae0d441daf700,T,19,L,11,0.8210381865501404,3,0,35.19233100001884,8.79808275000471
T/ASL_T_015.jpg,f1d111cf77135bda352cbe4b87c8658c8c5601f22f4c56ea2fe992de3deddee6,T,19,L,11,0.7433425188064575,7,0,35.61664900001915,8.904162250004788
T/ASL_T_016.jpg,2ffad7fed9114bbb44de5f4bb4d19b764bcb00027194b8a1649125de0286fa69,T,19,L,11,0.9185080528259276,7,0,35.61664900001915,8.904162250004788
T/ASL_T_017.jpg,cff62f04c421684d315ea45720d762785bb2e6c7c270e700061831ef70d00cfa,T,19,L,11,0.8556050062179565,12,0,35.61664900001915,8.904162250004788
T/ASL_T_018.jpg,82fa8d8258e5bb9403a91621a408b937b3dadf500b6ba89a6877818afe26687e,T,19,E,4,0.5530732274055481,5,0,35.61664900001915,8.904162250004788
T/ASL_T_019.jpg,2a438ee3c4d31926c182fb7d69a85354540dc0f456b0cdec29d0661f4490c204,T,19,E,4,0.9433244466781616,13,0,35.105504000000565,8.776376000000141
T/ASL_T_020.jpg,9b5a8dc58e42c4e03e422fdb712375b12938aba55053e923c9d30e46c741ba62,T,19,E,4,0.7065858244895935,8,0,35.105504000000565,8.776376000000141
T/ASL_T_021.jpg,f5b841327e404b3f8ad8da693217dbec28e82fad90bcccccce2915ca947ef5d8,T,19,P,15,0.7965584397315979,23,0,35.105504000000565,8.776376000000141
T/ASL_T_022.jpg,1a38c0238bdf67b5de563545fe99f5a4bc368478b0835216f320d362f26787a5,T,19,T,19,0.9408469200134276,9,1,35.105504000000565,8.776376000000141
T/ASL_T_023.jpg,1d23839ecb9d686532de0b209466fa316f55df7585493439ed8e59c0e809d13c,T,19,E,4,0.7218548655509949,21,0,35.86551099999724,8.96637774999931
T/ASL_T_024.jpg,511c0b24f6eff512f328961cebd81254c97599e7944ebe425b8c0897a737b0f9,T,19,Y,24,0.296632170677185,14,0,35.86551099999724,8.96637774999931
T/ASL_T_025.jpg,46aba7c5a5276f2230feedf92a800b29e8e97961bda96b28bcd341e875c32741,T,19,T,19,0.5717771053314209,2,1,35.86551099999724,8.96637774999931
T/ASL_T_026.jpg,b7928be37bca26f7e89372cbba280921edd0ee099eb91a959e9d7e8e5a6c643b,T,19,E,4,0.9222039580345154,2,0,35.86551099999724,8.96637774999931
T/ASL_T_027.jpg,b088da371d08f7ca9296460a73bd34dab24f627436275975b33e88c86c4e0070,T,19,L,11,0.881476879119873,1,0,37.92463000002044,9.48115750000511
T/ASL_T_028.jpg,c02240f1100a7e9bbfb1e5d774e1e1124153d106477092232ff8a53d2a875c29,T,19,K,10,0.6968843936920166,2,0,37.92463000002044,9.48115750000511
T/ASL_T_029.jpg,e35a125e3673ff6feb3e82c4681506f3246e5980d2ceebe6498715e5aeebd3bf,T,19,I,8,0.4582341313362121,8,0,37.92463000002044,9.48115750000511
T/ASL_T_030.jpg,d18139b1c2b6267c0fe3880bbaaeb7edb55bb4cf4637eafebcc48bb7760ff503,T,19,L,11,0.7763593196868896,3,0,37.92463000002044,9.48115750000511
U/ASL_U_001.jpg,0fa25f901f77462c28a1785bc8ab2eacf045e32d39a5acb1586916a678dd3f84,U,20,U,20,0.5054481029510498,6,1,34.99989199997344,8.74997299999336
U/ASL_U_002.jpg,4bc60fc00ee4eb4199c7531b1ae473aba947c43d6f1331f210b84acb0ee532ad,U,20,M,12,0.5213590860366821,6,0,34.99989199997344,8.74997299999336
U/ASL_U_003.jpg,ac9a620389a9e467159bcdf9757b43bd8ccbd1b42dd32d8abf06c773de5b1f44,U,20,K,10,0.6820039749145508,4,0,34.99989199997344,8.74997299999336
U/ASL_U_004.jpg,73298c670b0a54ff30dd951fc18c58806292f9c4904cb263b1f381c58f5a55bb,U,20,K,10,0.7664432525634766,3,0,34.99989199997344,8.74997299999336
U/ASL_U_005.jpg,afee836ec46885bc0184b3c97d073aac19fa35ddec20c87534ca7e1acb52d9be,U,20,Q,16,0.383649617433548,9,0,35.2534499999706,8.81336249999265
U/ASL_U_006.jpg,c5217e65bd3e1279c01b577649df87224be3a4005cb555281ae1a973d969d148,U,20,M,12,0.4956034719944,4,0,35.2534499999706,8.81336249999265
U/ASL_U_007.jpg,d18384ae5e7d0f0329fa2b47b3571dae1d001c85e0534e1e981c2810974198ee,U,20,M,12,0.2157985121011734,10,0,35.2534499999706,8.81336249999265
U/ASL_U_008.jpg,b124078788387a6ee4c00a347c24326a8cf4d09c851842730a5babc43315df2a,U,20,U,20,0.246453657746315,9,1,35.2534499999706,8.81336249999265
U/ASL_U_009.jpg,78dac8431cba6268d7003c19f47a34fdb4962befaba9aedaee4ccbe1655430e1,U,20,G,6,0.6222768425941467,3,0,35.043690000009065,8.760922500002266
U/ASL_U_010.jpg,54166fcdfb6b1b99f1cfc43810766387dedf388501162ed22b37778b867c905e,U,20,E,4,0.9209918975830078,5,0,35.043690000009065,8.760922500002266
U/ASL_U_011.jpg,15ae9edb9a4671632c2ce8f3b681dd9c110c947d6f942ad6fdf415c3e2901589,U,20,X,23,0.4863224923610687,8,0,35.043690000009065,8.760922500002266
U/ASL_U_012.jpg,7dc71c265a64e60bf771362a70ef4d501b4c6bef21d70f514451f39a9b304006,U,20,X,23,0.8600470423698425,3,0,35.043690000009065,8.760922500002266
U/ASL_U_013.jpg,3165b0d03d282fac9d2792472946fa34af948f66c1af72015e77bea2456cec0b,U,20,X,23,0.5221043825149536,9,0,34.608796999975766,8.652199249993942
U/ASL_U_014.jpg,93d629030c8085c16e6b8ed8edab8ac845e60a8155bbe02fe004ad9201acbaa5,U,20,U,20,0.333517849445343,6,1,34.608796999975766,8.652199249993942
U/ASL_U_015.jpg,63bb5df802260ffaf6d9f169d29f67b5cba3f59aeff42fa10dc06d6c76c4e6f4,U,20,U,20,0.5657519102096558,2,1,34.608796999975766,8.652199249993942
U/ASL_U_016.jpg,b712893ae058790df03b504f88a78e3bd6377c6a0ec4fb13a322037dd0c7c55d,U,20,U,20,0.3586228191852569,12,1,34.608796999975766,8.652199249993942
U/ASL_U_017.jpg,4fce64234526670bd4ea7b160b403e7eb4424e5ce759d38b4491f1eba59510fd,U,20,U,20,0.6779045462608337,14,1,35.250840000003336,8.812710000000834
U/ASL_U_018.jpg,f795eea6e067dae4c7231d175594dd9509ba39b137d5b120b3fa5a8a6b17ae4b,U,20,U,20,0.8132510185241699,23,1,35.250840000003336,8.812710000000834
U/ASL_U_019.jpg,ffa57bfac3b5d14a8fc1a985a80f461b6e287e8718f2a754bc6f3e5b227b275f,U,20,U,20,0.4799781143665313,8,1,35.250840000003336,8.812710000000834
U/ASL_U_020.jpg,46c57b6f978c67842567951877f956a081053fca59bf0dbaa0319f4038c47039,U,20,E,4,0.6111025214195251,15,0,35.250840000003336,8.812710000000834
U/ASL_U_021.png,ae0489ac9b282bba6ed3486d5be6c414ca3f18c9900e2c9a530154c13401663e,U,20,A,0,0.633298397064209,5,0,68.83390900003405,17.208477250008514
U/ASL_U_022.png,6737428cdfb94142d8ee873d839628dce9df5026288a9ea6667bad29c3892b10,U,20,E,4,0.411938339471817,16,0,68.83390900003405,17.208477250008514
U/ASL_U_023.png,a132f0bac6d396f804d67b98a4a87ed51ebbc5a6b66a74e7baf34bf3289a0247,U,20,C,2,0.7601768970489502,22,0,68.83390900003405,17.208477250008514
U/ASL_U_024.png,51033d8cfeabff78741102496c326915791718695e7771094a75b07d21d873b5,U,20,A,0,0.2951406240463257,37,0,68.83390900003405,17.208477250008514
U/ASL_U_025.png,6fac742093256535ca126ed601c75a3d89353d09f1784dc7e40515f11b5aae35,U,20,U,20,0.2511575520038605,10,1,68.68233900001997,17.17058475000499
U/ASL_U_026.png,c77bdfb9971de60b7992ba9f0fb63006192d502135584029b116dd1e94fe1056,U,20,U,20,0.9476959109306335,19,1,68.68233900001997,17.17058475000499
U/ASL_U_027.png,5521a8aea887fd36f07a06df71bb18b945980c5a7831b8b20f43433f7990fedd,U,20,A,0,0.8991227149963379,6,0,68.68233900001997,17.17058475000499
U/ASL_U_028.png,cd64d2217424dc80f1cfbe5aadb42003afff6c00331e894949f1a527af350046,U,20,S,18,0.2886740565299988,6,0,68.68233900001997,17.17058475000499
U/ASL_U_029.png,73bd22c1d239c178793cfaf676c3d86631e24ba4b8f8a32f59cc51ddbf4c23e2,U,20,A,0,0.8670129776000977,2,0,48.62988700000415,12.157471750001037
U/ASL_U_030.png,94c95d74a25c595e1f3f10fee649fac17c5bd68035ddd1c7a53856a613dd4afa,U,20,N,13,0.4146138727664947,16,0,48.62988700000415,12.157471750001037
V/ASL_V_001.jpg,cb7f4d79effe87246cfab1891c3f91548a266b4ea08bb98223240d09e9e6fa07,V,21,K,10,0.861732542514801,8,0,48.62988700000415,12.157471750001037
V/ASL_V_002.jpg,6b38b096b3c9115a80680d1b673b9a0667490a83cfc6e1133eea67a57e3eae33,V,21,K,10,0.9211804270744324,5,0,48.62988700000415,12.157471750001037
V/ASL_V_003.jpg,15b304616e9003e537aef3f028033c959a464b202705779f6862d251b8b06a8f,V,21,K,10,0.7929599285125732,6,0,35.74102900000753,8.935257250001882
V/ASL_V_004.jpg,a04418358f9b38bb0ac2759299f1080002f77cde58265940b1ff5b1fbcc3e3b6,V,21,K,10,0.5066391229629517,13,0,35.74102900000753,8.935257250001882
V/ASL_V_005.jpg,e3fdf19c73a78d3373773a33f6468ae18c574d843a97ff102a285215baaa5b38,V,21,K,10,0.5460212230682373,18,0,35.74102900000753,8.935257250001882
V/ASL_V_006.jpg,0192ff8c2aee6c93014c9bab197b03f99bb91374b1d8708f10e501e72506921f,V,21,Q,16,0.4306651949882507,13,0,35.74102900000753,8.935257250001882
V/ASL_V_007.jpg,9873681694a2228ce30bbf8e9992512ab0c35bb9cfdda5fa644f9658ae2266ec,V,21,K,10,0.7200273275375366,14,0,34.89513199997418,8.723782999993546
V/ASL_V_008.jpg,a34de884bff731bbb437efb6dca4734316f440473635f269e9687e28c6c5b6d2,V,21,L,11,0.7108071446418762,11,0,34.89513199997418,8.723782999993546
V/ASL_V_009.jpg,5f8d8aa852a7b9aa071c2ac5bbd9200213c5f95c8023fbdc77eb91ecffe4fff4,V,21,L,11,0.1616241335868835,11,0,34.89513199997418,8.723782999993546
V/ASL_V_010.jpg,3bc35ba42b44ecf406c674f6fcfc422caa7a211a9616c0c0f720cb0e019df669,V,21,R,17,0.4534428715705871,7,0,34.89513199997418,8.723782999993546
V/ASL_V_011.jpg,8709e53a00b9508b4911353a8f409765287d8fcabcb760cdaabfd566f033e50f,V,21,L,11,0.7452088594436646,7,0,35.087096999973255,8.771774249993314
V/ASL_V_012.jpg,9dd45321cd9269e05b92751a00abf8f5cb8a1c1886140e79c00cd2439edfc579,V,21,K,10,0.8583350777626038,6,0,35.087096999973255,8.771774249993314
V/ASL_V_013.jpg,e86baae839abb4cbff21936901bfbf1405861ef7709e47e3e3c180496fabba6f,V,21,E,4,0.6563840508460999,10,0,35.087096999973255,8.771774249993314
V/ASL_V_014.jpg,dee5cff3f281f3cdcc8f80d566c74b178a1b4a2431becd80c20a6e831654d144,V,21,E,4,0.1519813537597656,22,0,35.087096999973255,8.771774249993314
V/ASL_V_015.jpg,713295f4a81e2b19c098d2e63e0a74b0a60c2d0f173a20f76f81c2adb3f9aedf,V,21,E,4,0.8311688303947449,11,0,35.05397899999707,8.763494749999268
V/ASL_V_016.jpg,46268f515dd5cd8e66d9fe0022c56d77e7cd1c336d75a84b4d58addc7710fddc,V,21,K,10,0.9805364608764648,2,0,35.05397899999707,8.763494749999268
V/ASL_V_017.jpg,6a5cc954bb649751b783242dad7167e070451155d8a566fe959eb140084a8ddf,V,21,K,10,0.9851213693618774,1,0,35.05397899999707,8.763494749999268
V/ASL_V_018.jpg,be1a90eb4472fc7e8b7698a2b44eb536c8922d6371bddc88d132513784944b89,V,21,K,10,0.9853647351264954,1,0,35.05397899999707,8.763494749999268
V/ASL_V_019.jpg,fdf7cd12354cfb8e34a0b59b179f79b9f9207daeeae2ffc00d7ef2e2a24e29a4,V,21,K,10,0.9585379958152772,5,0,52.50672699997949,13.126681749994871
V/ASL_V_020.jpg,ad891ca8711cff801e59c0aa15ba0599788925371d4a0c187d8e1dafcc52c347,V,21,nothing,27,0.8451696634292603,26,0,52.50672699997949,13.126681749994871
V/ASL_V_021.png,1b03df784b2d8d40120305b363f1a33f28b2cef653f03b880dbb47dea538ac93,V,21,K,10,0.9561503529548644,4,0,52.50672699997949,13.126681749994871
V/ASL_V_022.png,0ac3c76f67461d26aea33caf2888474e313ee17067c9611b70c01c2886bd5c1e,V,21,K,10,0.981639802455902,1,0,52.50672699997949,13.126681749994871
V/ASL_V_023.png,689a998cc2c72a9902834db4f71fa039a1f9fd57ec8ea174af84ba560e46b91d,V,21,O,14,0.5184502005577087,4,0,67.24623100001281,16.811557750003203
V/ASL_V_024.png,313d8c8dad0ae46141be597b2010c32eb207ac107f2f9754187a4bdd92689453,V,21,K,10,0.9770057797431946,1,0,67.24623100001281,16.811557750003203
V/ASL_V_025.png,ecbe98e9ef9317c20ced2f0a64f0eaa439374aaa2769553573db61be4fdf5e77,V,21,G,6,0.6618947386741638,16,0,67.24623100001281,16.811557750003203
V/ASL_V_026.png,38669cb936c92fc806e86ce7980c81bb5f3f43b847feadd8b11629bc103bf0b4,V,21,nothing,27,0.8823947310447693,57,0,67.24623100001281,16.811557750003203
V/ASL_V_027.png,6abcf90e20f5f6d03b664ffd3538cd0a7095842cac8a57fc9739cb64a66dcb1a,V,21,K,10,0.752669632434845,7,0,68.01808000000165,17.00452000000041
V/ASL_V_028.png,c260dc85fd87e62ebf24f2f19f5fb3f8b5ab75b5c0b3940759c39e3f8726fda7,V,21,Y,24,0.8277978897094727,19,0,68.01808000000165,17.00452000000041
V/ASL_V_029.png,13107c518f80692b36b478e61f54df787eb0f42dec5f5f0447a52b7f90977423,V,21,W,22,0.5543988347053528,12,0,68.01808000000165,17.00452000000041
V/ASL_V_030.png,429d72e532c1aa32d285fb4f3bbb206722c6cbc0d17247a08b3d4ae03c852884,V,21,G,6,0.6653804183006287,19,0,68.01808000000165,17.00452000000041
W/ASL_W_001.jpg,2439530964da92a2076ad7fa3dc051c1924a2c6e2e65447f534ddc387736afb3,W,22,W,22,0.3566105365753174,7,1,35.78338299996631,8.945845749991577
W/ASL_W_002.jpg,f786389ed62a8780fd2b51b59991af32ec8133136db35536fc62f89989d3d502,W,22,W,22,0.5239430069923401,6,1,35.78338299996631,8.945845749991577
W/ASL_W_003.jpg,fab269b21d27853baaa91419f162f8fea428f783b50bf78037427b2237132153,W,22,K,10,0.4396663010120392,8,0,35.78338299996631,8.945845749991577
W/ASL_W_004.jpg,2814e29f5b9e453e1fa767b4f11253c734a654627137d3489c770850097c3199,W,22,W,22,0.8485057353973389,3,1,35.78338299996631,8.945845749991577
W/ASL_W_005.jpg,a5a3669e63483114e29c0d42e22d38fb9a7919bbf3dc5f4c217e113b2544e4a9,W,22,W,22,0.5542742013931274,10,1,35.02961200001664,8.75740300000416
W/ASL_W_006.jpg,75a043bd01063c566e9fc9d27e58e4fa3ad627191679f64dbb6ce940e01eca9f,W,22,K,10,0.7395368814468384,4,0,35.02961200001664,8.75740300000416
W/ASL_W_007.jpg,f9df299ebbac9ac04007f37a0f0a505809d322c0a6ca749a1852e0594bf16d8b,W,22,W,22,0.8213373422622681,7,1,35.02961200001664,8.75740300000416
W/ASL_W_008.jpg,ea84177182164df86f796489697e869130851d42179e0fb06e5cffe0b2b8f305,W,22,N,13,0.6531729102134705,11,0,35.02961200001664,8.75740300000416
W/ASL_W_009.jpg,39db15acbded1649227de881eceae191c047e4b9cbada293e2c1854eb259fe2e,W,22,W,22,0.9249202609062196,9,1,35.71141200001193,8.927853000002983
W/ASL_W_010.jpg,c7bfa60124e953732df64b6248d1d7b24244cff4ff296f8a11285b3f17ce3fbd,W,22,W,22,0.6355628967285156,12,1,35.71141200001193,8.927853000002983
W/ASL_W_011.jpg,4105ebbee39397e72a1cf0514e76c0b4ad8e2130cfe8883fa1d294bf18a76ede,W,22,W,22,0.88262939453125,7,1,35.71141200001193,8.927853000002983
W/ASL_W_012.jpg,491e658c809b08c70834b4f873db2933f1ab670a56d417607aa81508ba56c9eb,W,22,W,22,0.938010573387146,12,1,35.71141200001193,8.927853000002983
W/ASL_W_013.jpg,4ea08fa30b49d51600b711ca7f243a9d90cb3734cb9a1d2329ac965802d75b96,W,22,W,22,0.9216939806938172,15,1,35.18963499999472,8.79740874999868
W/ASL_W_014.jpg,84466830ce27eddf5ff1dd574cb05ce84f4ff5798c58decf3a3981be82375c71,W,22,W,22,0.7209178805351257,17,1,35.18963499999472,8.79740874999868
W/ASL_W_015.jpg,f6657a04331aec1e92253f9673f7a0e28e07fa57e109b442c455ba5894f64cb3,W,22,K,10,0.9478092193603516,5,0,35.18963499999472,8.79740874999868
W/ASL_W_016.jpg,eebb45a723526adf9da3455290f756dc29a54033583db75bd915583ae5903b84,W,22,W,22,0.8227652311325073,37,1,35.18963499999472,8.79740874999868
W/ASL_W_017.jpg,dd5bbdf2f77503aa94e9a81784f2826c514842abc85a6a03edb93f1e5db56aa6,W,22,H,7,0.5788366794586182,40,0,34.73661200001743,8.684153000004358
W/ASL_W_018.jpg,2e0ff969562039a9c606eed016cd107f690584655989c6433ead240411e2c3e4,W,22,W,22,0.5474413633346558,19,1,34.73661200001743,8.684153000004358
W/ASL_W_019.jpg,15010a6b7b16adbf5ba8ef3c5866e41b4eb87d38ca2d0b18a394a90c3ba2cc8c,W,22,P,15,0.39991495013237,18,0,34.73661200001743,8.684153000004358
W/ASL_W_020.jpg,1742213401552d8dc701974bc95ef9ac2ffd99e60de774b334308c3427386977,W,22,K,10,0.6707658171653748,6,0,34.73661200001743,8.684153000004358
W/ASL_W_021.png,d9291ea14d1bffaf6073b33a7346feb019a7b5b031666ecc32dbb1f7e72a1fd9,W,22,W,22,0.8514595031738281,9,1,69.80920399996648,17.45230099999162
W/ASL_W_022.png,e9f00438cce1d66a7c63e992d1104fbcb015dc885eb6909659336da0325d1bb1,W,22,I,8,0.4449627697467804,17,0,69.80920399996648,17.45230099999162
W/ASL_W_023.png,9abf9f3ba61c72a13b512a148c2ef5b222a8c7c30fc00089255ec16117be0625,W,22,nothing,27,0.1569414734840393,15,0,69.80920399996648,17.45230099999162
W/ASL_W_024.png,8786d38b0cebbdc59456669ff9d231739ecf317e953b1faa5c6bc08116ce1057,W,22,W,22,0.923349380493164,7,1,69.80920399996648,17.45230099999162
W/ASL_W_025.png,236ee7d700c0c1ff6b73d455954cbb34d9c797acacdebec81ede0c6ebee01e14,W,22,E,4,0.4716137051582336,67,0,67.85261800001763,16.963154500004407
W/ASL_W_026.png,a7de396f559d3db6cea516cf4e1044d75f10385aa81a4295e68ea8f090d413a6,W,22,N,13,0.6299211382865906,9,0,67.85261800001763,16.963154500004407
W/ASL_W_027.png,e60771ad4b03f2e230544eb040393fa130db8876c0a7b0e48c1b3e74815ec902,W,22,W,22,0.9485337734222412,4,1,67.85261800001763,16.963154500004407
W/ASL_W_028.png,290a293f412882dab54375c5e66af3a547b7d8a2ab24b6bdc0c5f000a642b6e1,W,22,W,22,0.758643388748169,10,1,67.85261800001763,16.963154500004407
W/ASL_W_029.png,d9b5d86f4491055142d6e23ad292e1ee2a330cf64e979b18c73703fab88be677,W,22,W,22,0.9470332860946656,10,1,53.013753000016095,13.253438250004024
W/ASL_W_030.png,5d683de008af55654ab25138c1586de40d5b711ac9bd1175231cb364c6b0ac24,W,22,W,22,0.9567193388938904,2,1,53.013753000016095,13.253438250004024
X/ASL_X_001.jpg,d7b9d9693250e92afc32da6e1fb0253fb2c347a9b4c840ed9c5b73f120191be0,X,23,P,15,0.6625590324401855,65,0,53.013753000016095,13.253438250004024
X/ASL_X_002.jpg,22dd557b9d8f54acfd505ec6cde06f4ab9c7bfe113bc877e21cce41141d0b484,X,23,P,15,0.7342886924743652,89,0,53.013753000016095,13.253438250004024
X/ASL_X_003.jpg,478d25a3ac86dbe7a154930973a1451b88da57cbcda5973adcd5da30d3b7042a,X,23,P,15,0.7213573455810547,91,0,36.862542999983816,9.215635749995954
X/ASL_X_004.jpg,764392cddd5b48b6e4619556f37dcbc149ef19b593afeb92069fad9052b4ec6c,X,23,P,15,0.6674290299415588,85,0,36.862542999983816,9.215635749995954
X/ASL_X_005.jpg,e275d866cdabb0d31d786a2949fc095b3ffc7552bbb4cc2d73466336696b60d5,X,23,X,23,0.3857921659946441,5,1,36.862542999983816,9.215635749995954
X/ASL_X_006.jpg,3fbde952d571a97c5764619fddf74e7c9c8586b4d3edcb6e7614f7840e9efe83,X,23,X,23,0.3475451469421386,3,1,36.862542999983816,9.215635749995954
X/ASL_X_007.jpg,6e1b74b53e243097682d466ed9bd311b2304faaaed8e47be622a96aa46beb27b,X,23,X,23,0.7957514524459839,1,1,34.84904300000835,8.712260750002088
X/ASL_X_008.jpg,56a6511c999e97428e4c500fff3f3cc3e6ad03d188da77ac003586640b8bcfa8,X,23,X,23,0.5812534093856812,4,1,34.84904300000835,8.712260750002088
X/ASL_X_009.jpg,bdd50e68bee9a4ee3766aeb2747bcfff0e3b24a875a59072952b8a9142561ead,X,23,F,5,0.6486465334892273,3,0,34.84904300000835,8.712260750002088
X/ASL_X_010.jpg,898ce52195a9139cb4ff59fb80e898d9b9409bcb6a3d7cfe8e97f1a47686ada1,X,23,X,23,0.7726368308067322,6,1,34.84904300000835,8.712260750002088
X/ASL_X_011.jpg,9d4dcacad2ec2da4e3721357f70f52efbabf376f1b12796473205f5794d8833d,X,23,Z,25,0.2640224397182464,41,0,35.08602800002336,8.77150700000584
X/ASL_X_012.jpg,20af31acc1aa3581e0558bbc9d5f4e6d5545349b064518c6efdb5b5a669f21a3,X,23,X,23,0.6806251406669617,30,1,35.08602800002336,8.77150700000584
X/ASL_X_013.jpg,c8ae83f41389b57de11d8f165ba0c96871387f16a80397b562cb84f33bed084c,X,23,X,23,0.9016370177268982,1,1,35.08602800002336,8.77150700000584
X/ASL_X_014.jpg,800ae21dcb2ed0f8d01d3a5886a915a9ec0c442d9911782b3ad4259ccbaf668b,X,23,R,17,0.5832557678222656,1,0,35.08602800002336,8.77150700000584
X/ASL_X_015.jpg,3034241759913dab92c43543325cc8a047705805251a418f424d6dd55b549ea4,X,23,I,8,0.3386332988739013,2,0,35.79208399997924,8.94802099999481
X/ASL_X_016.jpg,e31c1c94fccbb2460d06d9f7c47cac992bc6c926ce9f7857830cc3ec0250af5a,X,23,X,23,0.7612648010253906,1,1,35.79208399997924,8.94802099999481
X/ASL_X_017.jpg,86f97c0ff41284c915a42b5f3741837ca78b0cb345723d10c698a3023aada972,X,23,I,8,0.5962224006652832,2,0,35.79208399997924,8.94802099999481
X/ASL_X_018.jpg,fc1b12e0e60126af3aca6797c53295f0d913560211b6be3a99d57f7f5680c0a2,X,23,I,8,0.5758188366889954,1,0,35.79208399997924,8.94802099999481
X/ASL_X_019.jpg,0a9d3ff26508daab2ab0a49ef2aec1c31d67bdf6b0bf3ad69d4b1047f74bd95c,X,23,I,8,0.368152767419815,3,0,50.27700599998752,12.56925149999688
X/ASL_X_020.jpg,2d9bb9e054fb075749d252dc85c4f6f079e280bfdfb374ee5b43e4127a389cf1,X,23,J,9,0.4629726111888885,2,0,50.27700599998752,12.56925149999688
X/ASL_X_021.png,471f8b10d6f8cdaabdccd2be5c1023a3a3b9437c543fbce97c8ce33bfdbcbda0,X,23,I,8,0.3344317078590393,9,0,50.27700599998752,12.56925149999688
X/ASL_X_022.png,1e0330e54b1e66897221da6f6346e1acde325338e609df2c3b7c5d9e62c59d01,X,23,E,4,0.2509866654872894,9,0,50.27700599998752,12.56925149999688
X/ASL_X_023.png,bdf6d3683844493c5ce5bdd6c3b22cc7d66dc8fca7a18e14ed13938dc17ab8b0,X,23,U,20,0.5168164968490601,5,0,69.80774099997689,17.45193524999422
X/ASL_X_024.png,ad25a4e9a9ae4366b28ffbb7c2b669b86d6ac83e3dd6efd4586dc9ae3c0896c6,X,23,I,8,0.8616642355918884,6,0,69.80774099997689,17.45193524999422
X/ASL_X_025.png,f6076eed9212505fe151610e72f2579a1eac2f71b8992897b559146a5cd28afe,X,23,E,4,0.722857654094696,14,0,69.80774099997689,17.45193524999422
X/ASL_X_026.png,2977082d48db3253ab57010780387bd93472a771db17b841e71d3fe02f24c1de,X,23,P,15,0.2791101634502411,34,0,69.80774099997689,17.45193524999422
X/ASL_X_027.png,b73a1b870b9d2fd2d3dc17b4626325be1d06fd20e8f286fb617070517de68aff,X,23,E,4,0.567783534526825,20,0,69.91402200003449,17.478505500008623
X/ASL_X_028.png,fb78f3bc2df9e2515c9ee948397571ea0f6d4f22900514f69695adec9635c795,X,23,delete,26,0.5264840126037598,22,0,69.91402200003449,17.478505500008623
X/ASL_X_029.png,81098a140b110edd46692cbbc36cc0f243cdb8ea92483161d8189e9a44e97b2c,X,23,A,0,0.7253516316413879,2,0,69.91402200003449,17.478505500008623
X/ASL_X_030.png,30c9c9c457ad8d1ce19963305acde202bbb824a1d0fe5c6a8c446f7ecf3f3314,X,23,E,4,0.4375241994857788,18,0,69.91402200003449,17.478505500008623
Y/ASL_Y_001.jpg,af1cff57ccdf3b634247063f38803491cea2563a31e8f43b26b7a72cc162764d,Y,24,Y,24,0.9550616145133972,57,1,36.2262010000336,9.0565502500084
Y/ASL_Y_002.jpg,c7010209c8da4a0ed067185bde286f53cb97b78ad4ee651bf024fc886afca283,Y,24,Y,24,0.7549352645874023,51,1,36.2262010000336,9.0565502500084
Y/ASL_Y_003.jpg,e8985a0147e6c6e8b4c8dcd9c862dc7efa5fcf0ac7bd963538cfd1f53319adbe,Y,24,Y,24,0.8473659753799438,51,1,36.2262010000336,9.0565502500084
Y/ASL_Y_004.jpg,147058a920f61ed888756844c96149f35fbc8ec4cbbec8cdd1f29ca1d9eb154f,Y,24,Y,24,0.9473294615745544,48,1,36.2262010000336,9.0565502500084
Y/ASL_Y_005.jpg,3d02fcae521ba2352849f7c88fa6eb86827655ddbed6b39027f9c244e3cb01d0,Y,24,Y,24,0.5279020667076111,85,1,35.54871000000048,8.88717750000012
Y/ASL_Y_006.jpg,27a0657fabe3d78b9f1d773da558c156d8ff6b611a5a0169b641b06329dc4d5f,Y,24,Y,24,0.576478123664856,39,1,35.54871000000048,8.88717750000012
Y/ASL_Y_007.jpg,d9e36c29561416261db20448d6a4728a12e854cbf8cd785c837edb9a4be3dde3,Y,24,Y,24,0.7538089156150818,59,1,35.54871000000048,8.88717750000012
Y/ASL_Y_008.jpg,69d4e1c320404c98e33760cc09176c3c0040d0f07b6deb956dc5a3f1edcc1d0e,Y,24,O,14,0.5694708824157715,73,0,35.54871000000048,8.88717750000012
Y/ASL_Y_009.jpg,4a51dcb46f8bd608fc9ee56ab3d059ac6062d001b41e0fff75115a5b9ea50871,Y,24,L,11,0.5024778842926025,50,0,35.54366299999856,8.88591574999964
Y/ASL_Y_010.jpg,f650c5e1409e8eb0f3da27be56960485ddb7250ced3410435981d4cb86a6bbca,Y,24,Q,16,0.4155867099761963,73,0,35.54366299999856,8.88591574999964
Y/ASL_Y_011.jpg,b990afa80b6c930cfb2021a525efca24e935f4e161ae9792fb6daa392834cfde,Y,24,L,11,0.8159338235855103,6,0,35.54366299999856,8.88591574999964
Y/ASL_Y_012.jpg,d8b14407dde9844b0669d966dfa42d52ad72edbe6929c53926cf3035a1a4d8d3,Y,24,C,2,0.4122911691665649,12,0,35.54366299999856,8.88591574999964
Y/ASL_Y_013.jpg,6a2a1e81c650f2c1bb7d44731d8a91df8bb2a0a97234b40ea629676f4f0af945,Y,24,L,11,0.7640273571014404,6,0,36.34095699999307,9.085239249998269
Y/ASL_Y_014.jpg,d6a7216d82ea6bf454722a6c58e12924eb9291a9c340145e0e7be22992f23732,Y,24,L,11,0.5512698888778687,6,0,36.34095699999307,9.085239249998269
Y/ASL_Y_015.jpg,1f9bc670f5bff1070ed614ec53515107dda7696e6d88a360e802bc307ed93be2,Y,24,Y,24,0.9535378217697144,1,1,36.34095699999307,9.085239249998269
Y/ASL_Y_016.jpg,a3520968c8225656d85f4e8cd8c4675fcf4284380e0d467c0f5141fc99c1abf6,Y,24,Y,24,0.7507148385047913,4,1,36.34095699999307,9.085239249998269
Y/ASL_Y_017.jpg,e7658b01ea6e300dce855a2c3acd7d8186941fb07c53ce1275e849eacdad832e,Y,24,Y,24,0.7076359987258911,6,1,35.719843999970635,8.929960999992659
Y/ASL_Y_018.jpg,b5d0ac6234a88f0d9616c0a1cd6ef2358da8f95723be8bff56aba20bd94db4e0,Y,24,Y,24,0.8593565225601196,6,1,35.719843999970635,8.929960999992659
Y/ASL_Y_019.jpg,c7d9c191bf4e49ea3083e231cf03e1e495604876a941b34574c66f9f4b941bd5,Y,24,G,6,0.5304498672485352,9,0,35.719843999970635,8.929960999992659
Y/ASL_Y_020.jpg,f0c0b9c88137453176727265e052f3af844a3b1ff58afd6aaa5ba822200fea9a,Y,24,Y,24,0.9235038161277772,11,1,35.719843999970635,8.929960999992659
Y/ASL_Y_021.png,02ef350ff483b9dde0897a210c8bd54e4f597b83a56e601eee8d22249ae71459,Y,24,Y,24,0.9696609973907472,5,1,69.34191099998088,17.33547774999522
Y/ASL_Y_022.png,622b76c46f19e95dc5d70d31ac7ac06f2e759192957e2bcbcd4905fcaac1b0cc,Y,24,Y,24,0.8757143616676331,2,1,69.34191099998088,17.33547774999522
Y/ASL_Y_023.png,55efdbf563b78081098ac39807eeed380cf1969a1c4d284cc84c8e7f9aecef20,Y,24,Y,24,0.9208460450172424,2,1,69.34191099998088,17.33547774999522
Y/ASL_Y_024.png,c6c7b1008fc83c1791ce64894cf6d55c17c4f79605b554a32f1c3550d624bccf,Y,24,M,12,0.4376126825809479,40,0,69.34191099998088,17.33547774999522
Y/ASL_Y_025.png,21976db6de7d46da93c2793138f7d2692c80bff6bc16e4f0e0aa346c6bc00c65,Y,24,Y,24,0.9101425409317015,4,1,69.45265799998879,17.363164499997197
Y/ASL_Y_026.png,08a1bfff729b998af237b2c74dac6c85f8cd2f30da06a057d672ca75256198ae,Y,24,Y,24,0.957324206829071,19,1,69.45265799998879,17.363164499997197
Y/ASL_Y_027.png,97cd31d28d71a1f7ca24917f82111243043e5ecf0776fbc8f4216319c3265528,Y,24,Y,24,0.8985118269920349,1,1,69.45265799998879,17.363164499997197
Y/ASL_Y_028.png,d78e748db1a66313d2bf5eb7a4fa400fba7b63f56b2ed47e0965ee074a03626a,Y,24,E,4,0.3801252841949463,22,0,69.45265799998879,17.363164499997197
Y/ASL_Y_029.png,fa09274ebe5679457fdcf0b43904fe83ee77a2085e2f235d406fe7c662a19f6a,Y,24,P,15,0.6410946249961853,55,0,54.26209400002335,13.565523500005838
Y/ASL_Y_030.png,3b5c1b1324aad213bb0f13a6b08b328b01c5913f2d66bbf27f54f1a0bd308cf7,Y,24,Y,24,0.8831639885902405,14,1,54.26209400002335,13.565523500005838
Z/ASL_Z_001.jpg,0624821ed6edfaa4726f0f3d899d80c8ea7d3991f73655cdb7b73cadd5c84897,Z,25,L,11,0.6050882339477539,66,0,54.26209400002335,13.565523500005838
Z/ASL_Z_002.jpg,f17bc12e9749c7f8ea9467151c2650c6b5249de874e730a77851527d8aafb7bb,Z,25,A,0,0.2576256990432739,52,0,54.26209400002335,13.565523500005838
Z/ASL_Z_003.jpg,44aff75ca36db2dd00237138f99b1e87f6556b3e2824cf9b51cb76a8f535641f,Z,25,P,15,0.1663197129964828,53,0,35.83661699997265,8.959154249993162
Z/ASL_Z_004.jpg,2fc4b2d7cf33adeb34c3e7d9dc58628d023886113ccb948331fb028128992a6c,Z,25,delete,26,0.3903215229511261,55,0,35.83661699997265,8.959154249993162
Z/ASL_Z_005.jpg,4e7c2144aa0455dc26c3983cd58122abf6d3ccb8a54e32854cfa0fd402bddcdb,Z,25,A,0,0.2689493000507355,51,0,35.83661699997265,8.959154249993162
Z/ASL_Z_006.jpg,1de9246c509d2436cdd94dd3fb58b7888655b574108aa3bc073c9e2148069a05,Z,25,L,11,0.1980035901069641,30,0,35.83661699997265,8.959154249993162
Z/ASL_Z_007.jpg,a17d12d96d44452363aa404c587e9152b22cc1cdb41c959a9a588d28f32441ad,Z,25,J,9,0.4857354164123535,8,0,34.775870999965264,8.693967749991316
Z/ASL_Z_008.jpg,dd62a835d307e7ca64882c768813b69bfe97cc21f50e9b1c7e2dc489563cffe4,Z,25,P,15,0.4749284386634826,9,0,34.775870999965264,8.693967749991316
Z/ASL_Z_009.jpg,7843f0e4d304d4497d29e592dd5a384a1389852cc22520cf233d0177b79b1e4d,Z,25,Z,25,0.6388821601867676,10,1,34.775870999965264,8.693967749991316
Z/ASL_Z_010.jpg,e54afd2ad4e17a7898f6d2c3ac34c02a7942a274539c852f4cf1da481f7b3d25,Z,25,J,9,0.8226783871650696,6,0,34.775870999965264,8.693967749991316
Z/ASL_Z_011.jpg,47f71b33a82b90efa3e5fbbde347a274f10a3c64d6c77d280fed41c7eced742e,Z,25,Z,25,0.392835795879364,8,1,35.239326000009896,8.809831500002474
Z/ASL_Z_012.jpg,4a6837143c315dedac889aa3bc74fa99e141da817f131b0bc416e0256d9faf26,Z,25,J,9,0.6985385417938232,4,0,35.239326000009896,8.809831500002474
Z/ASL_Z_013.jpg,c1199dd5db6fe528c9c8937a94c09e64da83f2eb3d214fb4607087daf14ef51a,Z,25,J,9,0.5788022875785828,5,0,35.239326000009896,8.809831500002474
Z/ASL_Z_014.jpg,9be98ea485dc2634b99e69cf96d9a888a4f3382c57d977102c0304076f7086fe,Z,25,J,9,0.629818856716156,5,0,35.239326000009896,8.809831500002474
Z/ASL_Z_015.jpg,df024cddc26d87325dd2e82520b6675ca3e9b0e7c2abb00132195c3c9755191f,Z,25,J,9,0.6613085865974426,16,0,35.440838999988955,8.860209749997239
Z/ASL_Z_016.jpg,7df4cdbab795327e9d550e6c5bac3d71440ba1d6f034c726fa4a104e8a3ce59d,Z,25,G,6,0.8064085841178894,7,0,35.440838999988955,8.860209749997239
Z/ASL_Z_017.jpg,4deb4052ba1f950b6ef7082942ee6138a177d89ed580d0de26b2b2bdd8f6b90f,Z,25,Y,24,0.7731882929801941,8,0,35.440838999988955,8.860209749997239
Z/ASL_Z_018.jpg,5b77c3af093ebd2d5011eeac8aa2c520ff599e9c618efdf01d34743dae0761ea,Z,25,Z,25,0.521222710609436,7,1,35.440838999988955,8.860209749997239
Z/ASL_Z_019.jpg,4d8f1244403327edbd0b93ce0d883695f62b20bebdabfeb83ac4cc55381e7316,Z,25,J,9,0.61504065990448,2,0,48.91299399997706,12.228248499994264
Z/ASL_Z_020.jpg,0d226f89d076271fed1df15fc5aa4c72532cf08916256e5a3ee2a3bda1169078,Z,25,J,9,0.4652797281742096,9,0,48.91299399997706,12.228248499994264
Z/ASL_Z_021.png,c4ba9762020e63383fa82ac8fef4e0912dc39187a9d8dd6e3b459e93dbba09c3,Z,25,Y,24,0.7678333520889282,7,0,48.91299399997706,12.228248499994264
Z/ASL_Z_022.png,810ed83803c69f117e396e57d89ac9399813f5feb3583ae0daff326938d08416,Z,25,Y,24,0.7074994444847107,4,0,48.91299399997706,12.228248499994264
Z/ASL_Z_023.png,68f0362c318cfa527bfbf0c07b882aa462bc0095828ec4a4960b19d58de34ae2,Z,25,S,18,0.6130992770195007,13,0,69.44325199998502,17.360812999996256
Z/ASL_Z_024.png,20ad394336cf72738ba6f68dd975ff6f22a5c3442196a0bae1d38d34cc206b71,Z,25,Z,25,0.6631374359130859,37,1,69.44325199998502,17.360812999996256
Z/ASL_Z_025.png,0462795b7d12f5c25975af0764adc1c5df233afdff0b0a78d2151ed581293e0c,Z,25,space,28,0.2283743172883987,10,0,69.44325199998502,17.360812999996256
Z/ASL_Z_026.png,0de1b6a70772c2f1bf109ce6cb9d3756dfbbc135f45011ce5f031dadc9358485,Z,25,G,6,0.5848633646965027,14,0,69.44325199998502,17.360812999996256
Z/ASL_Z_027.png,4434822b21bf0ddb919bc020371f98a8cb85678c4771bc7b0ec7d64ed4129bc0,Z,25,E,4,0.8366721272468567,5,0,69.38141500000938,17.345353750002346
Z/ASL_Z_028.png,4ecade11a820d0e3f59df984683d150b50e781af0634316e68e0b0bd60e0f41e,Z,25,M,12,0.4466047883033752,37,0,69.38141500000938,17.345353750002346
Z/ASL_Z_029.png,8b5268b8eb3691f67fc6056886fb3800043ea9e0ea5482079bfc5b770d6b8c63,Z,25,C,2,0.6762005686759949,35,0,69.38141500000938,17.345353750002346
Z/ASL_Z_030.png,6003e02ad6a91601cce9f430fcb8bed43420e16524a8069cc1a83ddf645085ab,Z,25,L,11,0.6253029108047485,2,0,69.38141500000938,17.345353750002346
del/ASL_DEL_001.jpg,1f66bd14cfac50e743221356eb5389740c63ea53319df5053613a93b93de47ab,delete,26,P,15,0.6492761969566345,4,0,36.08909600001198,9.022274000002994
del/ASL_DEL_002.jpg,afcde3db73a3337a1f42057298993a798d585d924109127c58ac0782677f8f4a,delete,26,G,6,0.9314830899238586,3,0,36.08909600001198,9.022274000002994
del/ASL_DEL_003.jpg,c62c4b903d9c1d65086e257b5993be68cdb159928c46cf1202bf803f367fa251,delete,26,G,6,0.797951340675354,6,0,36.08909600001198,9.022274000002994
del/ASL_DEL_004.jpg,ca952ca1df28a99342df1d8e7cff9f8731d6b031fa5f4f7a4462f5697e61c4f7,delete,26,delete,26,0.4466003179550171,7,1,36.08909600001198,9.022274000002994
del/ASL_DEL_005.jpg,dd423527ef8abe4d7f5b975a684a6bc4d705db400e2d3e18b02a279f7282cc7a,delete,26,G,6,0.904712736606598,9,0,35.29458800005614,8.823647000014034
del/ASL_DEL_006.jpg,a3c1b8730cd75780a6fad475544d99586fb3f25cb679f07323766723e07021f4,delete,26,delete,26,0.8664200901985168,4,1,35.29458800005614,8.823647000014034
del/ASL_DEL_007.jpg,8cd08310cb083123b0d37077cbc99d7969661a5804a6ac40b25d7ea0785d3c6b,delete,26,G,6,0.7489317655563354,6,0,35.29458800005614,8.823647000014034
del/ASL_DEL_008.jpg,81cff8003662b95afb5be2ef146915f0b0aea29b407dafccb8b5f6fbaa49aa3d,delete,26,G,6,0.3212004601955414,5,0,35.29458800005614,8.823647000014034
del/ASL_DEL_009.jpg,a13c943905d9255912e52d22c34049530940616fe8a63b81df79c19db88ca628,delete,26,G,6,0.5932420492172241,3,0,35.367245000031744,8.841811250007936
del/ASL_DEL_010.jpg,e996b474e96872217b2a620de491bc3f486f33ac02048df221a08e8e00568d2d,delete,26,M,12,0.6082571148872375,55,0,35.367245000031744,8.841811250007936
del/ASL_DEL_011.jpg,d4935731cbcafc406b7a89cb65991ee4149bd055015374f28854d20b147cc776,delete,26,nothing,27,0.5581334233283997,54,0,35.367245000031744,8.841811250007936
del/ASL_DEL_012.jpg,87ae08ba5334a668606749cdc6d45fb26b300323b49159e8b60e657a7c025623,delete,26,L,11,0.7689120173454285,16,0,35.367245000031744,8.841811250007936
del/ASL_DEL_013.jpg,b6428b4ac846fe04fe56fbbead03b799fec9f6cf5376d7187ae25d91ebbd57e6,delete,26,delete,26,0.8426791429519653,22,1,34.82770300001903,8.706925750004757
del/ASL_DEL_014.jpg,252c20d7207ae0dba11754ae67b49d5c8528e5da0d548cbcf6f04dfdd53b83b9,delete,26,F,5,0.4945938289165497,29,0,34.82770300001903,8.706925750004757
del/ASL_DEL_015.jpg,a97d99161669ce498d9c09b2ce7be2e0da5cd134044f8212df19ec8347320591,delete,26,P,15,0.8168632984161377,26,0,34.82770300001903,8.706925750004757
del/ASL_DEL_016.jpg,2081b9ffb7c50f85fc7f2bf6be42b2bf11f69d055cab161419de0ed82b2208b5,delete,26,E,4,0.4919242858886719,27,0,34.82770300001903,8.706925750004757
del/ASL_DEL_017.jpg,b96eb1ac0a03aa1b2aafc61ca7eb5bdef9fa909a266878e41669b148ca758533,delete,26,P,15,0.8496549725532532,36,0,35.2898290000212,8.8224572500053
del/ASL_DEL_018.jpg,57117df39ae29f1e71bd318187561f48f0ce4835564d424946e6835a878ddffa,delete,26,delete,26,0.7202702760696411,17,1,35.2898290000212,8.8224572500053
del/ASL_DEL_019.jpg,b25ab634db3a9313b5428c477b62933e3598aa89d59fe118d7bd11da0dcc4b9c,delete,26,delete,26,0.9872952103614808,2,1,35.2898290000212,8.8224572500053
del/ASL_DEL_020.jpg,f08992ccd10ab95de42de1c96ca40a572a342364568835e980dd4b6b2e2bd0b7,delete,26,delete,26,0.9689337611198424,1,1,35.2898290000212,8.8224572500053
del/ASL_DEL_021.jpg,fae36b19a46930cf49911fc38f147f9edf26e2da7d8b08bd35da2081bf40f5fa,delete,26,delete,26,0.972065806388855,2,1,34.991873999956624,8.747968499989156
del/ASL_DEL_022.jpg,27493ef901bd8e4ed827383611951a42e2c3ea758c647e8dbda5331f9cc62579,delete,26,delete,26,0.9192498326301576,19,1,34.991873999956624,8.747968499989156
del/ASL_DEL_023.jpg,2ada6ac6075027a40f225f6206df312931d4ce612098c0661f7268e7038f1100,delete,26,nothing,27,0.2631431519985199,37,0,34.991873999956624,8.747968499989156
del/ASL_DEL_024.jpg,073cf81e709bc611d8f2ad081b1959b21efbcbb7c9d1584b62efd06e6ba42561,delete,26,delete,26,0.9594324827194214,1,1,34.991873999956624,8.747968499989156
del/ASL_DEL_025.jpg,2559fde0e22b3eadecf36f08fb2d07c5a7c15871e595460a3178526addbb4ca6,delete,26,delete,26,0.9627652168273926,3,1,34.4753009999863,8.618825249996576
del/ASL_DEL_026.jpg,648a8c6f9ca6a6a021144dde299cca4a9ddd7613b1667569a53bc4884ed2f4ff,delete,26,delete,26,0.9441737532615662,7,1,34.4753009999863,8.618825249996576
del/ASL_DEL_027.jpg,14f973be3f5ee28476ab08f79c1fa1891aed7d0d3641ffee6906f026b2afdc8b,delete,26,delete,26,0.9090733528137208,3,1,34.4753009999863,8.618825249996576
del/ASL_DEL_028.jpg,1bfd1ee7855302adcc83a9bbd71491b4a0db36901ceb4a2a11fd35e048758cad,delete,26,delete,26,0.9833661913871764,2,1,34.4753009999863,8.618825249996576
del/ASL_DEL_029.jpg,4851a54ee88d57105d5b433090aa146ae2d0ff020acfcb6935f097ccb4b72509,delete,26,delete,26,0.9789571166038512,1,1,35.275451000018165,8.818862750004541
del/ASL_DEL_030.jpg,d71073d7dccece2ccf606310581bee270b8a05f0d9b35f2d00113adc845777ec,delete,26,delete,26,0.978842318058014,2,1,35.275451000018165,8.818862750004541
nothing/ASL_NOTHING_001.jpg,bb3cbaa0609fdf120cea7f66f2b54c3164a0366327f1f4233a135181ba34be86,nothing,27,Y,24,0.8220186829566956,10,0,35.275451000018165,8.818862750004541
nothing/ASL_NOTHING_002.jpg,7e428a3c400c8ac2fc229880e86e42abcb7756c27f91f4881c8665e94d395c03,nothing,27,Y,24,0.7609047293663025,12,0,35.275451000018165,8.818862750004541
nothing/ASL_NOTHING_003.jpg,0e08d1ee7fa98f502e34801e8a95c8ce6c12fe64d612f049599b2f155c2ab015,nothing,27,Y,24,0.6768102049827576,13,0,35.92057200000909,8.980143000002272
nothing/ASL_NOTHING_004.jpg,870c0bdbbf090d7facd0520d3e43576eeb299723687be1880dcfc44466ddbf05,nothing,27,Y,24,0.6643702387809753,14,0,35.92057200000909,8.980143000002272
nothing/ASL_NOTHING_005.jpg,59088f9a5a4efd5ca88d462afc3c53f62cd9c81fa876150d3d23a62786e8fe3b,nothing,27,Y,24,0.3862833380699157,26,0,35.92057200000909,8.980143000002272
nothing/ASL_NOTHING_006.jpg,fe2a972ca055f6641c2436a718d805ac29a4d814cb2d6b50679e82b5f14fbc42,nothing,27,Y,24,0.8573660850524902,12,0,35.92057200000909,8.980143000002272
nothing/ASL_NOTHING_007.jpg,7e1788aa31807c06220ca90bfb7b574fb96ea5b455f24964f85d75a1c7e22e5c,nothing,27,Y,24,0.4138086438179016,10,0,34.8592290000056,8.7148072500014
nothing/ASL_NOTHING_008.jpg,2894358b6b315d5cbddb612d448f723a272563c5f9eb8ed1c0aa787fca780087,nothing,27,I,8,0.4803867638111114,6,0,34.8592290000056,8.7148072500014
nothing/ASL_NOTHING_009.jpg,ee6e24ae43470506ae626062179d484ad74ed5eb9d20e729c9611ec3efec7253,nothing,27,G,6,0.812713086605072,8,0,34.8592290000056,8.7148072500014
nothing/ASL_NOTHING_010.jpg,9f6bd2848c756cb05751b5f8c8bd17c10a6200e84f5afdd3aeab9bda6dbf0143,nothing,27,P,15,0.974809229373932,9,0,34.8592290000056,8.7148072500014
nothing/ASL_NOTHING_011.jpg,9c881123bde5da7fd10580fb0036796d366365199ecd4bf6bd6b27bdb71fd55d,nothing,27,P,15,0.9700067639350892,9,0,35.17717500000117,8.794293750000293
nothing/ASL_NOTHING_012.jpg,7011cb378d477a919b2aa7f1c41dcbb5b3e0453a2ce59791347cd7e614af95f6,nothing,27,P,15,0.7052603960037231,15,0,35.17717500000117,8.794293750000293
nothing/ASL_NOTHING_013.jpg,a618c3f6ddb8f7ff2f4dd6d85516e0702251bcb55780a0611c570803af2b62e9,nothing,27,P,15,0.9448043704032898,18,0,35.17717500000117,8.794293750000293
nothing/ASL_NOTHING_014.jpg,e4ff67e886abea0e5cd14b9dd11b2f9c6748e2c733d4fef9b53d174d6aed286a,nothing,27,Q,16,0.2149650305509567,55,0,35.17717500000117,8.794293750000293
nothing/ASL_NOTHING_015.jpg,6005eb4c996a366b676455a62ad97ec51915bdcf1cbe3ffbbb13d1280dbeed1a,nothing,27,delete,26,0.9425418972969056,7,0,35.32079300003943,8.830198250009857
nothing/ASL_NOTHING_016.jpg,58d11862acb5c9405481cf32a284da11934dbe5d41ecbac10b956387ca2184ef,nothing,27,delete,26,0.936065673828125,6,0,35.32079300003943,8.830198250009857
nothing/ASL_NOTHING_017.jpg,a8d884fbe2beaeee6b0b96c70446253c8ea8baa663a9c8eff40c766680dffd7a,nothing,27,Q,16,0.3154051601886749,10,0,35.32079300003943,8.830198250009857
nothing/ASL_NOTHING_018.jpg,07b87fda6fa827f90db9225f581d66b023e617e78e9b50a1907d2e5681b604dd,nothing,27,Q,16,0.8273110389709473,3,0,35.32079300003943,8.830198250009857
nothing/ASL_NOTHING_019.jpg,1c06aca52f0f2cd94ef2a0d7ca0aea19a1e595b6a46869e9f3c671f1f1eae2c0,nothing,27,P,15,0.9043241739273072,31,0,35.17532300003268,8.79383075000817
nothing/ASL_NOTHING_020.jpg,ae30d691f176f22ef637fa93e465125d7819eb3ea487e71faa8bc6b2e8b65eef,nothing,27,O,14,0.8322016000747681,6,0,35.17532300003268,8.79383075000817
nothing/ASL_NOTHING_021.jpg,2f218195aa02bc2a58d0e906231e2e6b90a3157776e9633eba0c0865d3271cd1,nothing,27,O,14,0.973522961139679,1,0,35.17532300003268,8.79383075000817
nothing/ASL_NOTHING_022.jpg,680b3a6a8da87fbea9cbfa10ed54cc8b3785e0f8a3c0c6709c7314c6c92b21f4,nothing,27,nothing,27,0.7533397674560547,5,1,35.17532300003268,8.79383075000817
nothing/ASL_NOTHING_023.jpg,7e36d16c7d3ddbac9459056de3da7b7bfbcd4dea5d967d395c1cb138dd6b4fad,nothing,27,Q,16,0.6501341462135315,8,0,34.39282199997251,8.598205499993128
nothing/ASL_NOTHING_024.jpg,a15806f2126b5cef81523a7aa63a25dbc29a2391d637d2f0331359491615c09e,nothing,27,Q,16,0.1957820951938629,33,0,34.39282199997251,8.598205499993128
nothing/ASL_NOTHING_025.jpg,45035ccb7da7ca1e0d163913c5d1bab287d7cb399923a6ba4e1a0f54a89592e0,nothing,27,H,7,0.915942370891571,1,0,34.39282199997251,8.598205499993128
nothing/ASL_NOTHING_026.jpg,9f56adf8069078e2b7a09f8e2dd1d1259caa8670817f16295b229ba6087613b5,nothing,27,P,15,0.6171485781669617,3,0,34.39282199997251,8.598205499993128
nothing/ASL_NOTHING_027.jpg,7834f15a82d1f1d21fbdb77efb9d3278d02e68216b83c453e2ee03f0f5206256,nothing,27,H,7,0.9280282855033876,2,0,33.890355999972144,8.472588999993036
nothing/ASL_NOTHING_028.jpg,add65715d2818835d5fd27219b56208e048f3c612e2d0a3442baded132f192c3,nothing,27,H,7,0.8427155613899231,1,0,33.890355999972144,8.472588999993036
nothing/ASL_NOTHING_029.jpg,197deda8b649ac9d9eec98f5626fc5c0d9ad15681ec78bbddf1b125b26e24f2f,nothing,27,nothing,27,0.6806883811950684,28,1,33.890355999972144,8.472588999993036
nothing/ASL_NOTHING_030.jpg,ba38f8eaec85587929d4715be098e72c769f46384e9055d7a56129473bfca380,nothing,27,nothing,27,0.985008716583252,1,1,33.890355999972144,8.472588999993036
space/ASL_SPACE_001.jpg,b7ecaa2cb5a6258948cb517f51c22ca232b246a363161c13b6fa87d727527780,space,28,G,6,0.4209582209587097,10,0,35.64370500004088,8.91092625001022
space/ASL_SPACE_002.jpg,b58d96236147e80d6b4da65c33216a2c458b427a3e12c540f007e6952b0f6bfe,space,28,G,6,0.7296906113624573,11,0,35.64370500004088,8.91092625001022
space/ASL_SPACE_003.jpg,56d70cf01a745ab7d45b911cee790bf1f6b87775ae668d8a3c568874d89d3f8e,space,28,G,6,0.9178860187530518,5,0,35.64370500004088,8.91092625001022
space/ASL_SPACE_004.jpg,83bc001c241b0f23c22996f1abc09b3a0b0d60868deff770ef75330b27f3070a,space,28,G,6,0.9418172240257264,4,0,35.64370500004088,8.91092625001022
space/ASL_SPACE_005.jpg,58425cd4bef577d9c59fc142fe310c89cef3d983803cd5d061ff61a2ffe4ded1,space,28,G,6,0.3034513294696808,7,0,35.08672899999965,8.771682249999913
space/ASL_SPACE_006.jpg,2c858fa5e53e64bda38b796e56fedc67c511c5c22a23b5919ead27d9748756c5,space,28,G,6,0.5121795535087585,3,0,35.08672899999965,8.771682249999913
space/ASL_SPACE_007.jpg,5be50bf32cfa3defdaddc9f9aef74accb58d3aec9a8438cec62caa60c6ccf1d1,space,28,G,6,0.5402460098266602,5,0,35.08672899999965,8.771682249999913
space/ASL_SPACE_008.jpg,c45b810c45ea3d914a9550c77cd56029e5297599a2e8aadb6e5ff6a6298fa01a,space,28,G,6,0.9133898615837096,6,0,35.08672899999965,8.771682249999913
space/ASL_SPACE_009.jpg,3a775d4ba0f9235b0ec28d93a6b924f6d83c63ff6af2f6aceba7004a9363929d,space,28,space,28,0.4127335548400879,8,1,34.99521500003766,8.748803750009415
space/ASL_SPACE_010.jpg,de01201a054c1f6f899a9e45d8e13f0fc0b11d54ffd35107bdf1f7aaaa3ae231,space,28,Y,24,0.7797014117240906,1,0,34.99521500003766,8.748803750009415
space/ASL_SPACE_011.jpg,a3dfd599a102f5e7e5f97d6a61b2541211f483469103b2992bd928dcf265152e,space,28,Y,24,0.5808102488517761,14,0,34.99521500003766,8.748803750009415
space/ASL_SPACE_012.jpg,a947ecc6396338bcad2236216f4f8ef902e151049987672816bafe506df36596,space,28,Y,24,0.8867315053939819,7,0,34.99521500003766,8.748803750009415
space/ASL_SPACE_013.jpg,d26abd7c611fdae1af2eeae6bef7759ee3ce213b32c0ddb522500d012464423e,space,28,Y,24,0.8337868452072144,3,0,34.71401699999888,8.678504249999719
space/ASL_SPACE_014.jpg,03d2bc812b1b609353c5bf9b90e83a85835dd52643e126497e3b1217883f5d3d,space,28,Y,24,0.6552016139030457,9,0,34.71401699999888,8.678504249999719
space/ASL_SPACE_015.jpg,fb9c910ed558edaf1f28c61c630898642fd0e79d30ffb0d75a996886e5c77ab7,space,28,G,6,0.791319727897644,7,0,34.71401699999888,8.678504249999719
space/ASL_SPACE_016.jpg,611a6bd45f40408a27ba746a6775e5c262ec3988a8387943824062f4ddfcc369,space,28,space,28,0.9789775609970092,7,1,34.71401699999888,8.678504249999719
space/ASL_SPACE_017.jpg,334470904191bcf912ac789afd91304259a434e6bddb82a28f88c163932f9fb6,space,28,space,28,0.986520290374756,2,1,34.69265500001484,8.67316375000371
space/ASL_SPACE_018.jpg,e6d29717288e5a6bc7eb1bdd81a07cae568cccf558ec452a29fcd94bcadf5034,space,28,space,28,0.9774816632270812,1,1,34.69265500001484,8.67316375000371
space/ASL_SPACE_019.jpg,0dd764e13669066dec17b8171c84e039a2c66d8ca2e8d3debdd6e4bdd5b5fd8d,space,28,space,28,0.9447262287139891,5,1,34.69265500001484,8.67316375000371
space/ASL_SPACE_020.jpg,daa5b6142f70b4cd1620140645cc1a85d47ef61b2a462e6f559f4370d8c2c6af,space,28,space,28,0.9700220227241516,1,1,34.69265500001484,8.67316375000371
space/ASL_SPACE_021.jpg,857782b5527cf5b821f000133a437dc00ae05ec0e7d268750d619f4501ed125c,space,28,space,28,0.9789713621139526,3,1,34.86606899997469,8.716517249993672
space/ASL_SPACE_022.jpg,d4f9f6d62fefe936dbe4bd7873236136736a952e518a1ade3ac11feab4f7e341,space,28,space,28,0.984252393245697,2,1,34.86606899997469,8.716517249993672
space/ASL_SPACE_023.jpg,fb5378840a19ef5bc7acddb234a00cff5161b0f4f8ed3c6e0e32ea07e0779320,space,28,F,5,0.9298165440559388,12,0,34.86606899997469,8.716517249993672
space/ASL_SPACE_024.jpg,22dfaa04babb5235f823890cf6050dea5d788c6d34019fffbc733f12be6cf661,space,28,space,28,0.6869599223136902,18,1,34.86606899997469,8.716517249993672
space/ASL_SPACE_025.jpg,e2608dc71efc2164a2a25ec0357a26c7e30a7761bd1a679a64b79eb9f4fc617a,space,28,space,28,0.945377230644226,15,1,35.13864699999658,8.784661749999145
space/ASL_SPACE_026.jpg,40a10962b2fd1aee623e8cfb7a6974438eb3ef5a96da56d631f97069c59ad70a,space,28,space,28,0.9007361531257628,18,1,35.13864699999658,8.784661749999145
space/ASL_SPACE_027.jpg,362feb0a188e44256552ba58acd777853a9b72600c96365efa288d006a9024a8,space,28,space,28,0.977314591407776,6,1,35.13864699999658,8.784661749999145
space/ASL_SPACE_028.jpg,c57b3d7636f9d4ab2fd545f4ef3d4984eaa6fafc90cc4fa1f725247f84bedf13,space,28,space,28,0.9621447324752808,1,1,35.13864699999658,8.784661749999145
space/ASL_SPACE_029.jpg,6a1bf0f51b805a872ada156f66713d3eda06dc3504b9882d678a0330b596141e,space,28,space,28,0.9734367728233336,2,1,56.36336399999209,28.181681999996044
space/ASL_SPACE_030.jpg,c342fd2cc37e03d381a7762643b22be65d8a76e61475bc6162973eb896bbd15f,space,28,space,28,0.9815942049026488,1,1,56.36336399999209,28.181681999996044
