video,frame_idx,true_label,stage1_detected,pred_label,pred_conf,correct_strict,pred_label_operational,correct_operational,operational_nothing_policy_applied,localization_failure,recognition_failure,stage1_latency_ms,roi_crop_ms,preprocess_ms,model_call_ms,postprocess_ms,component_sum_e2e_ms
A.MOV,0,A,True,A,0.9439789056777954,True,A,True,False,False,False,2314.646152000023,0.0077830000009271,11.4694920000602,313.08496899987404,13.328588999911515,2652.5369849998697
A.MOV,1,A,True,A,0.9646763801574708,True,A,True,False,False,False,15.75530599996,0.01100199983739,2.498676999948657,22.079148000102577,0.0972689999798603,40.441401999828486
A.MOV,2,A,True,A,0.9849534034729004,True,A,True,False,False,False,14.265251000097123,0.007968000090841,2.147476999880382,21.957329000088063,0.1101389998439117,38.48816400000032
A.MOV,3,A,True,A,0.9489231705665588,True,A,True,False,False,False,15.576817999999548,0.0078969999321998,2.191442000139432,21.985178000022643,0.1187919999665609,39.880127000060384
A.MOV,4,A,True,A,0.7040159702301025,True,A,True,False,False,False,15.259453999988182,0.0090580001597118,2.2301070000594336,22.01411700002609,0.0983879999694181,39.61112400020284
A.MOV,5,A,True,A,0.8531245589256287,True,A,True,False,False,False,14.34440800005632,0.0082799999745475,1.559975999953167,22.097516000030737,0.1164589998552401,38.12663899987001
A.MOV,6,A,True,A,0.870454728603363,True,A,True,False,False,False,14.118871000050603,0.0087890000486368,1.7034340000918746,22.057295999957205,0.0948720000906178,37.98326200023894
A.MOV,7,A,True,A,0.7012717723846436,True,A,True,False,False,False,14.18527400005587,0.0071239999215322,2.226368000037837,21.98996199990688,0.0984670000434562,38.50719499996558
A.MOV,8,A,True,A,0.6335986852645874,True,A,True,False,False,False,13.990977000048588,0.0081770001543191,2.249597999934849,22.01308600001539,0.0932329999159264,38.355071000069074
A.MOV,9,A,True,A,0.6573783159255981,True,A,True,False,False,False,14.177203000031112,0.0080410000009578,2.2287100000539795,22.00083599996105,0.0943180000376742,38.50910800008478
A.MOV,10,A,True,A,0.8305246829986572,True,A,True,False,False,False,14.358916999981377,0.0080299998899135,2.576726999905077,22.13111600008233,0.1127399998495093,39.18752999970821
A.MOV,11,A,True,A,0.8636061549186707,True,A,True,False,False,False,14.44177700000182,0.0093810001544625,2.393214999983684,22.04445699999269,0.1086739998754637,38.99750400000812
A.MOV,12,A,True,A,0.8647891879081726,True,A,True,False,False,False,14.126335000014478,0.0068199999532225,1.4767259999644011,21.97228099998938,0.0966490001701458,37.67881100009163
A.MOV,13,A,True,A,0.7415862083435059,True,A,True,False,False,False,14.28153899996687,0.0081209998370468,2.332075000140321,22.0207610000216,0.1023919999170175,38.74488799988285
A.MOV,14,A,True,A,0.7530862092971802,True,A,True,False,False,False,14.289427000107937,0.0074270001277909,2.2105129999090423,21.96808500002589,0.0993440000911505,38.57479600026181
A.MOV,15,A,True,A,0.6597962975502014,True,A,True,False,False,False,14.483447999964485,0.0075489999744604,2.3677060000864003,22.394038999891563,0.0970840001173201,39.34982600003423
A.MOV,16,A,True,A,0.7060953974723816,True,A,True,False,False,False,14.056929000048513,0.0080099998740479,1.542528000072707,21.97244199987836,0.0934180000058404,37.67332699987946
A.MOV,17,A,True,A,0.5655304789543152,True,A,True,False,False,False,14.197462999959498,0.0078129999110387,2.201029999923776,22.0556280000892,0.0998709999748825,38.5618049998584
A.MOV,18,A,True,A,0.5412594079971313,True,A,True,False,False,False,14.020765999930518,0.0071749998369341,2.203307999934623,22.11592600019685,0.0969709999480983,38.444145999847024
A.MOV,19,A,True,A,0.5951553583145142,True,A,True,False,False,False,14.262819000009586,0.0064460000430699,1.5095109999947454,22.0009619999928,0.0985280000804778,37.87826600012068
A.MOV,20,A,True,A,0.6761706471443176,True,A,True,False,False,False,14.504838999982894,0.0071540000590175,1.600655999936862,22.001150000050984,0.108619999991788,38.222419000021546
A.MOV,21,A,True,A,0.9558730721473694,True,A,True,False,False,False,14.23502800003007,0.0086590000591968,1.551937000158432,22.02348599985271,0.094609000143464,37.91371900024387
A.MOV,22,A,True,A,0.9451343417167664,True,A,True,False,False,False,14.342306000003193,0.007369999821094,1.5558799998416362,21.98156599979484,0.0947880000694567,37.98190999953022
A.MOV,23,A,True,A,0.6351564526557922,True,A,True,False,False,False,13.942770999960883,0.0069409998104674,1.4997980001680844,22.03405900013422,0.0923150000744499,37.57588400014811
A.MOV,24,A,True,X,0.8020055890083313,False,X,False,False,False,True,14.000928999962523,0.0081419998423371,2.452734000144119,22.06685600003766,0.1198639999984152,38.64852499998506
A.MOV,25,A,True,A,0.7867491245269775,True,A,True,False,False,False,14.040380999972513,0.0098099999377154,2.303009000115708,22.060370999952283,0.0976559999799064,38.511226999958126
A.MOV,26,A,True,A,0.5550923943519592,True,A,True,False,False,False,13.940348999994969,0.0086790000750625,2.308387000084622,22.066795999990063,0.105690999816943,38.42990199996166
A.MOV,27,A,True,A,0.5758964419364929,True,A,True,False,False,False,14.0104470000324,0.0078799998846079,1.9011399999726564,22.01190300002054,0.0924019998365111,38.02377199974672
A.MOV,28,A,True,A,0.8924495577812195,True,A,True,False,False,False,14.139451000005463,0.0084409998635237,2.2738509999271628,22.00855599994611,0.1628869999876769,38.59318599972994
A.MOV,29,A,True,A,0.7871201038360596,True,A,True,False,False,False,14.012523000019428,0.0144699999964359,2.9340160001538607,22.97732600004565,0.1208760002100461,40.05921100042542
A.MOV,30,A,True,A,0.7682287096977234,True,A,True,False,False,False,14.238675999990846,0.008420999847658,2.3012609999568667,21.992255999975896,0.094195999963631,38.6348099997349
A.MOV,31,A,True,A,0.7418442368507385,True,A,True,False,False,False,13.98914000003515,0.0071389999902748,2.7597989999321726,22.167699999954493,0.1088849999177909,39.03266299982988
A.MOV,32,A,True,A,0.7391225099563599,True,A,True,False,False,False,14.036094000061894,0.0085669998952653,2.4162520001027588,21.97567700000036,0.096423000059076,38.53301300011936
A.MOV,33,A,True,X,0.6597111225128174,False,X,False,False,False,True,14.112737000004929,0.0081090001913253,2.436837999994168,22.069826999995712,0.1133210000716644,38.7408320002578
A.MOV,34,A,True,X,0.6143109202384949,False,X,False,False,False,True,13.885663999985807,0.0075680000009015,2.249045000098704,21.98960900000202,0.0945330000376998,38.226419000125134
A.MOV,35,A,True,X,0.835093080997467,False,X,False,False,False,True,13.993137999932516,0.0067040000431006,2.250385000024835,21.992991999923102,0.0923919999422651,38.33561099986582
A.MOV,36,A,True,X,0.8253737688064575,False,X,False,False,False,True,13.854974999958358,0.0072829998316592,1.536359000056109,22.032540000054723,0.1035840000440657,37.53474099994492
A.MOV,37,A,True,A,0.6167612075805664,True,A,True,False,False,False,13.9572020000287,0.0079110000115178,2.305871999851661,22.026293000180885,0.0949379998473887,38.39221599992016
A.MOV,38,A,True,A,0.9770416617393494,True,A,True,False,False,False,13.970519000054082,0.0094209999588201,1.6830839999784075,22.04894099986632,0.0938000000587635,37.80576499991639
A.MOV,39,A,True,A,0.9904953241348268,True,A,True,False,False,False,14.0070969999897,0.0071619999744143,1.512671999989834,22.04504600013024,0.0945740000588557,37.666551000143045
A.MOV,40,A,True,A,0.9760593175888062,True,A,True,False,False,False,13.887522999993962,0.009288999990531,1.5532889999576582,22.01570800002628,0.0959869998951035,37.561795999863534
A.MOV,41,A,True,A,0.9748868346214294,True,A,True,False,False,False,13.963716000034765,0.007396000000881,1.5634789999694476,22.00635400004103,0.1148769999872456,37.65582200003337
A.MOV,42,A,True,A,0.9494900703430176,True,A,True,False,False,False,13.950170000043729,0.0070610001330351,1.491301999976713,22.011243000179093,0.1095650000024761,37.56934100033504
A.MOV,43,A,True,A,0.8626277446746826,True,A,True,False,False,False,14.284270000075594,0.0071879999268276,1.5475689999675524,21.99562500004504,0.1021089999539981,37.93676099996901
A.MOV,44,A,True,A,0.7071325182914734,True,A,True,False,False,False,14.00071900002331,0.0083639999957085,2.3281619999124814,22.03225800008113,0.0957359998210449,38.46523899983367
A.MOV,45,A,True,A,0.9698064923286438,True,A,True,False,False,False,14.1731209999989,0.007480000022042,2.2388239999600046,21.99159499991765,0.1006649999908404,38.51168499988944
A.MOV,46,A,True,A,0.9753366112709044,True,A,True,False,False,False,13.992311000038171,0.0074940001013601,1.5180480002072727,22.003820999998425,0.1136749999659514,37.63534900031118
A.MOV,47,A,True,A,0.9697157144546508,True,A,True,False,False,False,13.875300999984574,0.0075719999585999,2.333021999902485,22.07060900013857,0.0956280000536935,38.38213200003793
A.MOV,48,A,True,A,0.9658749103546144,True,A,True,False,False,False,13.943111000003228,0.0066369998421578,1.461282999798641,22.001007999961075,0.1097879999178985,37.521826999523
A.MOV,49,A,True,A,0.812414288520813,True,A,True,False,False,False,14.026105999960237,0.0091079998583154,1.5488120000100023,22.07882600009725,0.0922059998629265,37.75505799978873
A.MOV,50,A,True,G,0.4588412344455719,False,G,False,False,False,True,14.175212000054673,0.00718199999028,2.2537610000199493,22.009652000178903,0.0931310000851226,38.538938000328926
A.MOV,51,A,True,G,0.5232443809509277,False,G,False,False,False,True,14.125237999905949,0.0068819999796687,2.2337709999646904,22.00455599995621,0.0922489998629316,38.46269599966945
A.MOV,52,A,True,A,0.7756707072257996,True,A,True,False,False,False,13.932361000001949,0.0069990001065889,2.2546319999037223,21.98976899990157,0.0932170000851329,38.27697799999896
A.MOV,53,A,True,G,0.8584852814674377,False,G,False,False,False,True,14.834250999911092,0.0076939998052694,2.259177000041745,22.03921299997092,0.0953969999955006,39.23573199972452
A.MOV,54,A,True,G,0.7789949774742126,False,G,False,False,False,True,13.94489300002988,0.0065020001329685,2.2114080002211267,21.99561700012964,0.104451000197514,38.26287100071113
A.MOV,55,A,True,A,0.4994490146636963,True,A,True,False,False,False,14.190776000077676,0.0075590000960801,2.308612999968318,21.992923999960112,0.0975619998371257,38.59743399993931
A.MOV,56,A,True,A,0.5265002250671387,True,A,True,False,False,False,14.108672000020306,0.006982000058997,2.196867000066049,21.98827899997013,0.1011839999591757,38.40198400007466
A.MOV,57,A,True,A,0.5291741490364075,True,A,True,False,False,False,14.020995999999286,0.0080560000697005,2.290913999786426,22.020590000011,0.1137629999448108,38.45431899981122
A.MOV,58,A,True,A,0.5699210166931152,True,A,True,False,False,False,14.095849000000271,0.0071130000378616,2.295658000093681,22.00941700016301,0.0944519999848125,38.50248900027964
A.MOV,59,A,True,G,0.6485311985015869,False,G,False,False,False,True,13.885626000046614,0.0070380001488956,2.263081999899441,21.995385000082024,0.0960319998739578,38.24716300005093
A.MOV,60,A,True,G,0.8577836751937866,False,G,False,False,False,True,14.013151999961336,0.00728099985281,2.4024399999689194,22.03456699999151,0.1164059999609889,38.57384599973557
A.MOV,61,A,True,G,0.7788137793540955,False,G,False,False,False,True,14.40493199993398,0.0077530000908154,2.235683999970206,22.00971799993568,0.1121850000345148,38.77027199996519
A.MOV,62,A,True,G,0.5607528686523438,False,G,False,False,False,True,13.853365000045414,0.0069010000061098,2.287123000087377,22.018957000000228,0.0969899999745393,38.26333600011367
A.MOV,63,A,True,A,0.7465811967849731,True,A,True,False,False,False,13.912141999981031,0.0073520000114513,2.22826599997461,21.973997000031886,0.0935380001010344,38.215295000100014
A.MOV,64,A,True,A,0.5556115508079529,True,A,True,False,False,False,13.911487999962446,0.0072120001277653,2.269278000085251,22.074490000022703,0.0968859999375126,38.35935400013568
A.MOV,65,A,True,A,0.6398614645004272,True,A,True,False,False,False,13.94603799997185,0.0092919999588048,2.28727099988646,22.06405199990513,0.1133149999077431,38.41996799962999
A.MOV,66,A,True,A,0.7253967523574829,True,A,True,False,False,False,14.000087999988864,0.0076999999691906,2.2481159999188094,22.09487200002513,0.1087359999019099,38.45951199980391
A.MOV,67,A,True,A,0.7236890196800232,True,A,True,False,False,False,13.88387600002261,0.0076870001066708,2.274802999863823,22.01138300006278,0.0999510000383452,38.27770000009423
A.MOV,68,A,True,A,0.8080959320068359,True,A,True,False,False,False,14.03014200002417,0.0074239999321434,1.5864320000673615,22.023387999979605,0.0989150000805239,37.74630100008381
A.MOV,69,A,True,A,0.7977126240730286,True,A,True,False,False,False,13.945225000043138,0.0085390001913765,2.2928739999770187,22.60310799988474,0.0942179999583459,38.94396400005462
A.MOV,70,A,True,A,0.9080861806869508,True,A,True,False,False,False,14.02482199989663,0.0065660001382639,2.5408770000012737,22.72124899991468,0.1214310000250407,39.41494499997589
A.MOV,71,A,True,A,0.9466400146484376,True,A,True,False,False,False,14.05889099999058,0.0074229999427188,2.2811229998751514,21.99257500001295,0.1113429998440551,38.451354999665455
A.MOV,72,A,True,A,0.9439973831176758,True,A,True,False,False,False,13.86189499999091,0.0070559999585384,2.316371999995681,21.990870999843537,0.0947599999108206,38.270953999699486
A.MOV,73,A,True,A,0.9018386006355286,True,A,True,False,False,False,14.227961000074174,0.0073440000960545,1.8920520001302064,22.7458580000075,0.0971110000591579,38.970326000367095
A.MOV,74,A,True,A,0.8014740943908691,True,A,True,False,False,False,13.902076000022134,0.007210999910967,2.3238100000071427,21.99065700006031,0.093553999931828,38.31730799993238
A.MOV,75,A,True,A,0.9431564807891846,True,A,True,False,False,False,14.140223000026708,0.0086279999322869,2.325843999869903,22.06752400002188,0.1070700000127544,38.64928899986353
A.MOV,76,A,True,A,0.909235656261444,True,A,True,False,False,False,13.875945999984651,0.0065020001329685,2.27422300008584,21.97268999998414,0.0940369998261303,38.22339800001373
A.MOV,77,A,True,A,0.9319218397140504,True,A,True,False,False,False,13.9775400000417,0.0078920002124505,2.3184059998584416,22.05200599996715,0.0999679998585634,38.45581199993831
A.MOV,78,A,True,A,0.9257445931434632,True,A,True,False,False,False,14.352863999988584,0.0081409998529125,2.311578999979247,22.006137999824205,0.0962939998316869,38.77501599947664
A.MOV,79,A,True,A,0.9177729487419128,True,A,True,False,False,False,14.136874000087118,0.0109499999325635,2.48199099996782,22.101646999999502,0.1189429999612912,38.850404999948296
A.MOV,80,A,True,A,0.8896648287773132,True,A,True,False,False,False,14.042392999954243,0.0257389999660517,2.4526340000647906,22.042526999939582,0.0953830001435562,38.65867600006823
A.MOV,81,A,True,A,0.9089885354042052,True,A,True,False,False,False,14.13646499997867,0.0076820001595478,2.2832370000287483,22.01265600001534,0.1280430001315835,38.56808300031389
A.MOV,82,A,True,A,0.8963568210601807,True,A,True,False,False,False,14.034136999953262,0.0080840000009629,2.308680999931312,21.97782999996889,0.09615300018595,38.424885000040376
A.MOV,83,A,True,A,0.8837292194366455,True,A,True,False,False,False,14.181629999939103,0.0071990000378718,1.5949340001952803,21.96459200013124,0.0934720001168898,37.84182700042038
A.MOV,84,A,True,A,0.8759594559669495,True,A,True,False,False,False,14.06642299991745,0.0070700000378565,1.6671959999712271,22.04740299998776,0.1207919999615114,37.9088839998758
A.MOV,85,A,True,A,0.7444806098937988,True,A,True,False,False,False,14.037339000083191,0.0066879999849334,2.625275000127658,22.21180100013953,0.096567000127834,38.97767000046315
A.MOV,86,A,True,G,0.4904896914958954,False,G,False,False,False,True,13.883444999919448,0.0066459999743528,2.5357279998843296,22.837231000039537,0.107828000182053,39.37087799999972
A.MOV,87,A,True,A,0.7049460411071777,True,A,True,False,False,False,13.984431000039876,0.0080100001014216,1.7231570000149077,21.999766999897474,0.121057999876939,37.83642299993062
A.MOV,88,A,True,A,0.8072517514228821,True,A,True,False,False,False,14.050770000039847,0.0070539999796892,1.6059530000802624,22.014702000205943,0.1373830000375164,37.81586200034326
A.MOV,89,A,True,A,0.6097981929779053,True,A,True,False,False,False,13.95142699993812,0.0075419998211145,2.321903999927599,22.06253800000013,0.0972409998212242,38.44065199950819
A.MOV,90,A,True,A,0.6121450066566467,True,A,True,False,False,False,13.952097000014874,0.0076730000273528,2.280917999996745,21.979751999879227,0.0951839999743242,38.31562399989252
A.MOV,91,A,True,A,0.6306319832801819,True,A,True,False,False,False,14.21948200004408,0.0096290000328735,2.3520509998888883,22.04125200000817,0.1091219999125314,38.73153599988655
A.MOV,92,A,True,A,0.6074151396751404,True,A,True,False,False,False,14.005808999968394,0.0071220001700567,2.304870999978448,22.003598999845053,0.1075210000180959,38.42892199998005
A.MOV,93,A,True,A,0.532902181148529,True,A,True,False,False,False,14.01486700001442,0.0087539999640284,2.3510930000156804,22.0874270000877,0.1122459998441627,38.57438699992599
A.MOV,94,A,True,A,0.7909884452819824,True,A,True,False,False,False,14.112083999975766,0.0074409999797353,2.332613000135097,22.03610100013975,0.0986600000487669,38.58689900027912
A.MOV,95,A,True,A,0.8876979351043701,True,A,True,False,False,False,14.026803999968251,0.0065469998844491,2.257927000073323,22.12243300004957,0.0906880000002274,38.50439899997582
A.MOV,96,A,True,A,0.8398876190185547,True,A,True,False,False,False,13.919334999968669,0.0072349998845311,2.243521999844233,22.02114500005337,0.1326189999417693,38.32385599969257
A.MOV,97,A,True,A,0.9209825992584229,True,A,True,False,False,False,14.428271000042514,0.0071550000484421,2.288302000124532,21.974982000074306,0.1106959998651291,38.80940600015492
A.MOV,98,A,True,A,0.7719025611877441,True,A,True,False,False,False,14.21992100006264,0.0073779999638645,2.2934999999506545,22.03350800004955,0.1409819999480532,38.69528899997477
A.MOV,99,A,True,A,0.6913080811500549,True,A,True,False,False,False,14.14543999999296,0.0072309999268327,2.2007549998761533,22.00081799992404,0.1055089999226766,38.45975299964266
A.MOV,100,A,True,A,0.8690334558486938,True,A,True,False,False,False,13.994417000048998,0.0077469999268942,1.6030179999688698,22.06700600004297,0.092279000000417,37.764466999988144
A.MOV,101,A,True,A,0.7139449715614319,True,A,True,False,False,False,14.211241999987578,0.0077370000326482,2.2655850000319333,22.19908200004284,0.1073769999493379,38.79102300004433
A.MOV,102,A,True,A,0.5712712407112122,True,A,True,False,False,False,14.02757699997892,0.0069899999743938,2.57866400011153,22.679714000105378,0.0956219998897722,39.38856700005999
A.MOV,103,A,True,A,0.7087425589561462,True,A,True,False,False,False,15.904208999927503,0.0089489999481884,1.7061900000499008,22.67190699990352,0.1573960000769148,40.44865099990602
A.MOV,104,A,True,A,0.8024067878723145,True,A,True,False,False,False,14.270366000005197,0.0074409999797353,2.5105110000822606,22.10370099987813,0.1178789998448337,39.00989799979016
A.MOV,105,A,True,A,0.7630339860916138,True,A,True,False,False,False,14.057350000030056,0.0153820001287385,2.338350000172796,22.03340700020817,0.1177379999717231,38.56222700051149
A.MOV,106,A,True,A,0.7578394412994385,True,A,True,False,False,False,14.126619999956349,0.0078049999956419,2.216742000200611,22.09220000008827,0.1193980001517047,38.562765000392574
A.MOV,107,A,True,A,0.6303530931472778,True,A,True,False,False,False,14.044438000041737,0.0092149998636159,2.3126930000216817,22.041846000092846,0.0969909999639639,38.505182999983845
A.MOV,108,A,True,A,0.6350136399269104,True,A,True,False,False,False,14.088369000091916,0.0069819998316233,2.284618000203409,22.07357099996443,0.106512999991537,38.56005300008292
A.MOV,109,A,True,A,0.6143934726715088,True,A,True,False,False,False,13.916562999952475,0.0079939998158806,2.320848000181286,22.05348999996204,0.0960029999532707,38.39489799986495
A.MOV,110,A,True,A,0.4740332067012787,True,A,True,False,False,False,14.150548999964483,0.007698999979766,2.250092000167569,21.98398099994847,0.1087140001345687,38.50103500019486
A.MOV,111,A,True,A,0.4477399289608001,True,A,True,False,False,False,13.949986999932662,0.0066249999690626,2.21099200007302,21.96375600010469,0.0983679999535525,38.22972800003299
A.MOV,112,A,True,A,0.5278846025466919,True,A,True,False,False,False,14.043693999951756,0.0089889999799197,2.449115999979768,22.03998799996043,0.0961559999268502,38.63794299979872
A.MOV,113,A,True,A,0.6342252492904663,True,A,True,False,False,False,14.040281000006871,0.0066760001118382,2.4006549999739946,22.02203299998473,0.0941499999953521,38.56379500007279
A.MOV,114,A,True,A,0.4742036759853363,True,A,True,False,False,False,13.927362000003995,0.0070229998527793,2.273136999974668,22.029785999848173,0.1073149999228917,38.34462299960251
A.MOV,115,A,True,A,0.6200851202011108,True,A,True,False,False,False,13.95082999999886,0.0076629999057331,2.37217799985956,22.025752999979886,0.1094680001187953,38.46589199986283
A.MOV,116,A,True,A,0.4248779416084289,True,A,True,False,False,False,14.12251199997172,0.0083689999428315,2.2926240001197584,21.998725000003105,0.1169530000879603,38.53918300012538
A.MOV,117,A,True,G,0.5619718432426453,False,G,False,False,False,True,14.107984000020224,0.0092180000592634,2.2730450000381097,22.029404000022623,0.0960519998898234,38.51570300003005
A.MOV,118,A,True,G,0.559640645980835,False,G,False,False,False,True,13.90392600001178,0.0074590000167518,2.2950049999508337,22.015675999909945,0.0924999999369902,38.3145659998263
A.MOV,119,A,True,G,0.540559709072113,False,G,False,False,False,True,13.854174000016428,0.0074780000431928,1.6101359999538545,21.974411999963195,0.0968689998899208,37.54306899986659
A.MOV,120,A,True,G,0.5334540009498596,False,G,False,False,False,True,14.042281000001822,0.0089719999323278,1.8311660001018024,22.123503999864624,0.0995200000488694,38.105442999949446
A.MOV,121,A,True,G,0.5179169178009033,False,G,False,False,False,True,13.994440000033135,0.0075919999744655,1.6086299999642506,22.03146800002287,0.1000800000383606,37.74221000003308
A.MOV,122,A,True,G,0.5175740122795105,False,G,False,False,False,True,13.929160999964552,0.0068399999690882,1.581594000072073,21.99092199998632,0.1366139999845472,37.64513099997657
A.MOV,123,A,True,G,0.7244787812232971,False,G,False,False,False,True,13.896875999989788,0.008196999942811,1.6049790001488873,22.108818999868163,0.113197000018772,37.73206799996842
A.MOV,124,A,True,G,0.7272300720214844,False,G,False,False,False,True,14.029653000079634,0.0070259998210531,1.6398509999362432,22.0142550001583,0.0922469998840824,37.78303199987931
A.MOV,125,A,True,G,0.6251925230026245,False,G,False,False,False,True,14.279634999979862,0.0064690000272094,1.594643000089491,22.04275700000835,0.0960229999691364,38.01952700007405
A.MOV,126,A,True,G,0.8108880519866943,False,G,False,False,False,True,14.254836999953111,0.0086270001702359,1.7231070000889304,22.04979099997217,0.1045559999965917,38.140918000181045
A.MOV,127,A,True,G,0.7257590293884277,False,G,False,False,False,True,15.07771700005378,0.0073559999691497,1.6988639999908628,22.05482800013669,0.0931580000269605,38.93192300017745
A.MOV,128,A,True,G,0.6939887404441833,False,G,False,False,False,True,13.854415999958292,0.0061949999690114,1.581012000087867,21.965893000015058,0.0949600000694772,37.502476000099705
A.MOV,129,A,True,G,0.4920098185539245,False,G,False,False,False,True,13.777887000060218,0.0075289999585947,1.6016729998682422,21.98330900000656,0.1011080000807851,37.4715059999744
A.MOV,130,A,True,G,0.5217360854148865,False,G,False,False,False,True,13.740140999971118,0.0065450001329736,1.6047199999320585,22.021092000159115,0.1145569999607687,37.48705500015603
A.MOV,131,A,True,G,0.5640695095062256,False,G,False,False,False,True,13.799325000036331,0.0069879999955446,1.603164000016477,22.001005999982223,0.1099149999390647,37.520397999969646
A.MOV,132,A,True,G,0.7187964916229248,False,G,False,False,False,True,13.794464999932645,0.0060569998368009,1.5008899999884306,21.91991000017879,0.0923170000532991,37.31363899998996
B.MOV,0,B,True,B,0.7136206030845642,True,B,True,False,False,False,14.962545000003049,0.0095109999165288,3.2598369998595444,21.15095099998144,0.0966989998687495,39.4795429996293
B.MOV,1,B,True,B,0.7342071533203125,True,B,True,False,False,False,14.02096899994376,0.0087460000486316,2.4071109999113105,21.039159999872936,0.1044919999912963,37.580477999767936
B.MOV,2,B,True,B,0.8202921748161316,True,B,True,False,False,False,13.916188000052898,0.0081289999798173,2.489991999937047,21.02177599999777,0.0995440000224334,37.53562899998997
B.MOV,3,B,True,B,0.7443826794624329,True,B,True,False,False,False,13.903656000024966,0.0079599999480706,2.363536000075328,21.02720900006716,0.1163079998605098,37.41866899997604
B.MOV,4,B,True,E,0.3996076285839081,False,E,False,False,False,True,14.060362999998688,0.0068780000219703,2.384314999972048,21.105951999970785,0.1166020001619472,37.67411000012544
B.MOV,5,B,True,E,0.4291033744812011,False,E,False,False,False,True,14.030322999929012,0.0079300000379589,2.381294000088019,22.046503999945344,0.096516999974483,38.56256799997482
B.MOV,6,B,True,E,0.4552716016769409,False,E,False,False,False,True,13.876576000029672,0.0069879999955446,2.372149999928297,22.007782999935444,0.0956339999902411,38.3591309998792
B.MOV,7,B,True,E,0.5204157829284668,False,E,False,False,False,True,14.0789390000009,0.0074550000590534,2.297863999956462,22.024755999837,0.0946699999531119,38.503683999806526
B.MOV,8,B,True,E,0.5044294595718384,False,E,False,False,False,True,14.07759400001396,0.0068540000484063,2.309233999994831,22.07820400008132,0.1066550000814459,38.57854100021996
B.MOV,9,B,True,E,0.493526428937912,False,E,False,False,False,True,13.914401999954862,0.0069430000166903,2.277734000017517,22.04947100017307,0.1010070000120322,38.34955700017417
B.MOV,10,B,True,T,0.4836019575595855,False,T,False,False,False,True,13.857888999950774,0.0089069999376079,2.3865340001520963,22.072852000064813,0.1166189999821654,38.44280100008746
B.MOV,11,B,True,T,0.5975755453109741,False,T,False,False,False,True,14.038508999988151,0.0118279999696824,2.990045999922586,22.94030500002009,0.112903999934133,40.09359199983464
B.MOV,12,B,True,T,0.5996395349502563,False,T,False,False,False,True,13.944497000011324,0.0069660000008298,1.9290509999336791,22.376685000153884,0.1225229998453869,38.379721999945104
B.MOV,13,B,True,T,0.5931711196899414,False,T,False,False,False,True,13.905840999996144,0.0075439997999637,2.3115269998470467,21.97560600006909,0.0927779999528866,38.29329599966513
B.MOV,14,B,True,T,0.426056295633316,False,T,False,False,False,True,14.102460000003704,0.023034999912852,2.644782000061241,22.603948000096352,0.1162979999662638,39.49052300004041
B.MOV,15,B,True,T,0.3463968932628631,False,T,False,False,False,True,13.881121000054009,0.013642000112668,2.671456999905786,24.2355199998201,0.1603350001460057,40.96207500003857
B.MOV,16,B,True,E,0.524746835231781,False,E,False,False,False,True,13.958095000020876,0.008745000059207,2.321906000133822,22.424626999963948,0.0900070001534913,38.803380000331344
B.MOV,17,B,True,E,0.653419017791748,False,E,False,False,False,True,14.022260999922764,0.0080150000485446,2.573882999968191,22.97808200000873,0.0949830000536167,39.67722400000184
B.MOV,18,B,True,E,0.5062547326087952,False,E,False,False,False,True,13.917794999997568,0.0077560000590892,2.4483550000695686,22.02771200018105,0.0972999998793966,38.49891800018668
B.MOV,19,B,True,E,0.649587869644165,False,E,False,False,False,True,13.8667290000285,0.0076349999744707,2.367108999806078,22.577237999939825,0.0997209999695769,38.91843199971845
B.MOV,20,B,True,E,0.3382177054882049,False,E,False,False,False,True,14.23561600006451,0.0074910001330863,2.374131999886231,21.97984199983693,0.0989449999906355,38.6960259999114
B.MOV,21,B,True,T,0.2371946722269058,False,T,False,False,False,True,14.037987999927282,0.0076150001859787,2.468618999955652,22.0667170001434,0.0993430001017259,38.68028200031404
B.MOV,22,B,True,E,0.3872203230857849,False,E,False,False,False,True,14.149876000033146,0.007405999895127,2.348452999967776,21.97796599989488,0.09946599993782,38.583166999728746
B.MOV,23,B,True,E,0.3032435178756714,False,E,False,False,False,True,14.2293650000056,0.0075989999004377,2.364262999890343,22.01850400001604,0.0988020001386758,38.71853299995109
B.MOV,24,B,True,E,0.319242388010025,False,E,False,False,False,True,14.3266569999696,0.0071089998527895,2.4283609998292377,22.02812500013352,0.0951709998844307,38.88542299966957
B.MOV,25,B,True,I,0.3723030984401703,False,I,False,False,False,True,14.181925000002591,0.007237000090754,2.3112669998681667,22.04712900015693,0.0967169999057659,38.64427500002421
B.MOV,26,B,True,B,0.5384613871574402,True,B,True,False,False,False,14.38819199995578,0.0074280001172155,2.3912770000151795,22.06392900006904,0.1182419998713157,38.96906800002853
B.MOV,27,B,True,B,0.6128182411193848,True,B,True,False,False,False,14.181500000063352,0.0078049999956419,2.316265999979805,22.025549000090905,0.1004850000754231,38.63160500020513
B.MOV,28,B,True,B,0.3718746900558471,True,B,True,False,False,False,15.033655000024735,0.00698700000612,2.3340460002145846,22.02838499988502,0.0974340000539086,39.50050700018437
B.MOV,29,B,True,I,0.4276534020900726,False,I,False,False,False,True,13.935237999930903,0.0083009999798377,2.66383300004236,22.026680999942982,0.0993050000488438,38.73335799994493
B.MOV,30,B,True,E,0.3477808535099029,False,E,False,False,False,True,13.9618559999235,0.0075150001066504,2.4824680001529487,22.00323900001422,0.0979399999323504,38.55301800012967
B.MOV,31,B,True,H,0.4904745519161224,False,H,False,False,False,True,13.891227000044635,0.0068750000536965,2.353744000174629,22.02946499983227,0.130955000031463,38.4122660001367
B.MOV,32,B,True,H,0.3583409786224365,False,H,False,False,False,True,14.074004999997667,0.0071929998739506,2.354223000111233,22.02102000001105,0.097074999985125,38.55351599997903
B.MOV,33,B,True,E,0.3061181306838989,False,E,False,False,False,True,14.025619999983974,0.0081400000908615,2.426056000103926,22.06792000015412,0.130904999878112,38.65864100021099
B.MOV,34,B,True,H,0.2986564636230469,False,H,False,False,False,True,14.192375999982689,0.0082700000803015,2.425946999892404,22.058077000110643,0.1156570001512591,38.800327000217294
B.MOV,35,B,True,H,0.5467549562454224,False,H,False,False,False,True,13.847027999986494,0.0084910000168747,2.3765720000028523,22.05692300003648,0.1027119999434944,38.39172599998619
B.MOV,36,B,True,H,0.5102444291114807,False,H,False,False,False,True,13.9208600000984,0.0074399999903107,2.394593999952121,22.044570999923963,0.0993520000065473,38.46681699997134
B.MOV,37,B,True,H,0.6338496804237366,False,H,False,False,False,True,13.973836999980447,0.0098380000963516,2.4903760001961928,22.04378100009308,0.112983000008171,38.63081500037424
B.MOV,38,B,True,H,0.5532714128494263,False,H,False,False,False,True,13.898901000061414,0.0221070001771295,2.3483840000153577,22.026299999879484,0.094837999995434,38.39053000012882
B.MOV,39,B,True,H,0.5066478252410889,False,H,False,False,False,True,14.026212999965535,0.0072200000431621,2.344452999977875,22.06008100006329,0.0955699999849457,38.53353700003481
B.MOV,40,B,True,H,0.4916020035743713,False,H,False,False,False,True,13.868049000052451,0.0075269999797455,2.392495000094641,21.998789999997825,0.1158849997864308,38.38274599991109
B.MOV,41,B,True,H,0.418009340763092,False,H,False,False,False,True,13.968419999969228,0.007824000022083,2.388418000009551,22.278867000068203,0.1191200001358083,38.76264900020488
B.MOV,42,B,True,H,0.5550400018692017,False,H,False,False,False,True,13.913860000002389,0.006470000016634,2.7723450000394223,22.72115699997812,0.0935320001644868,39.50736400020105
B.MOV,43,B,True,H,0.6532602906227112,False,H,False,False,False,True,13.934517999928175,0.0077899999268993,2.4668930000189,22.08130999997593,0.1060960000813793,38.59660699993128
B.MOV,44,B,True,H,0.7414299249649048,False,H,False,False,False,True,13.883521000025212,0.0084529999639926,2.691572999992786,22.033278999970207,0.1915380000809818,38.80836400003318
B.MOV,45,B,True,H,0.5304217338562012,False,H,False,False,False,True,14.204030000087188,0.0097150000328838,2.447973000016645,22.03814600011356,0.1056999999491381,38.80556400019941
B.MOV,46,B,True,B,0.3704209923744201,True,B,True,False,False,False,14.206571000045187,0.0069390000589919,2.37390500001311,22.00980499992511,0.0954980000642535,38.69271800010665
B.MOV,47,B,True,I,0.5494494438171387,False,I,False,False,False,True,13.915794000013191,0.0072719999479886,2.332888999944771,22.03947699990749,0.1137089998337614,38.40914099964721
B.MOV,48,B,True,I,0.532950758934021,False,I,False,False,False,True,13.998560000004543,0.0083200000062788,2.426933999913672,22.06202299998949,0.109620999865001,38.60545799977899
B.MOV,49,B,True,I,0.6672835946083069,False,I,False,False,False,True,14.08890599998358,0.007689999847571,2.3469889999887528,21.99073199994928,0.0967749999745137,38.531091999743694
B.MOV,50,B,True,I,0.6098429560661316,False,I,False,False,False,True,13.994168999943213,0.0079799999639362,2.3411839999880613,22.01793099993665,0.0991179999800806,38.46038199981194
B.MOV,51,B,True,I,0.528702437877655,False,I,False,False,False,True,14.260039999953731,0.0089870000010705,2.47737000017878,22.329535000153555,0.1044840000758995,39.18041600036304
B.MOV,52,B,True,I,0.4909124672412872,False,I,False,False,False,True,14.201433000039287,0.0074889999268634,2.363055999921926,22.002598999961265,0.1186509998660767,38.69322799971542
B.MOV,53,B,True,I,0.4978441298007965,False,I,False,False,False,True,13.880485999948178,0.0078000000485189,2.3354009999820846,21.99532700001328,0.0918359999104723,38.31084999990253
B.MOV,54,B,True,I,0.4496677219867706,False,I,False,False,False,True,13.941513999952804,0.0067070000113744,2.36452800004372,21.998483999823293,0.0953969999955006,38.40662999982669
B.MOV,55,B,True,I,0.3764600455760956,False,I,False,False,False,True,13.932814999975562,0.0073000001066247,2.3122800000692223,21.95134900011908,0.0936890000957646,38.297433000366254
B.MOV,56,B,True,B,0.4000842571258545,True,B,True,False,False,False,14.084807000017465,0.007220999805213,2.45167399998536,22.270425999977306,0.1043610000124317,38.91848899979777
B.MOV,57,B,True,I,0.3266271352767944,False,I,False,False,False,True,13.991035999993072,0.0080990000697056,2.4020790001486603,22.037793999970745,0.0941280000006372,38.53313600018282
B.MOV,58,B,True,I,0.5519359707832336,False,I,False,False,False,True,14.03451999999561,0.0064230000589304,2.3667699999805336,22.025482000117336,0.1147759999184927,38.5479710000709
B.MOV,59,B,True,I,0.5394115447998047,False,I,False,False,False,True,13.97644600001513,0.0085140000010142,2.4602130001767364,22.08117200007109,0.1338639999630686,38.66020900022704
B.MOV,60,B,True,I,0.5004506707191467,False,I,False,False,False,True,14.101396000000932,0.0082050000855815,2.429505000009158,22.02891900014947,0.1012099999115889,38.66923500015673
B.MOV,61,B,True,I,0.4877470433712005,False,I,False,False,False,True,14.082875999974933,0.0078049999956419,2.560135000067021,22.061807000000044,0.094852999836803,38.80747599987444
B.MOV,62,B,True,B,0.2695325911045074,True,B,True,False,False,False,13.973990999943451,0.007545000016762,2.3804899999504414,22.03596200001812,0.0989359998584404,38.496923999787214
B.MOV,63,B,True,E,0.3346642255783081,False,E,False,False,False,True,13.859089999982643,0.0079599999480706,1.5957119999256977,22.04115500012449,0.0976659998741524,37.601582999855054
B.MOV,64,B,True,B,0.3627481162548065,True,B,True,False,False,False,13.89229400001568,0.0084929999957239,2.6825400000234367,22.105594999857203,0.0989390000540879,38.78786099994613
B.MOV,65,B,True,E,0.5870380997657776,False,E,False,False,False,True,14.03858699995908,0.0073169999268429,2.420787999881213,22.195333000127,0.1039260000652575,38.76595099995939
B.MOV,66,B,True,E,0.5281355381011963,False,E,False,False,False,True,13.96467200004281,0.0087089999851741,2.7908069998829887,22.51184100009596,0.0983719999112509,39.37440099991818
B.MOV,67,B,True,E,0.3502095341682434,False,E,False,False,False,True,13.949489000083304,0.0078719999692111,1.763482999876942,22.045172999924034,0.0914440001906768,37.85746100004417
B.MOV,68,B,True,B,0.2156365513801574,True,B,True,False,False,False,13.922608000029868,0.0076490000537887,2.3739159998967807,22.48307500008196,0.0909930001853354,38.878241000247726
B.MOV,69,B,True,B,0.2380775660276413,True,B,True,False,False,False,14.06521600006272,0.0075389998528407,2.3230269998748554,22.030380999922272,0.1203530000566388,38.546515999769326
B.MOV,70,B,True,B,0.2302547544240951,True,B,True,False,False,False,14.016778999916824,0.0079970000115281,2.618583999947077,22.06888799992157,0.0905590000002121,38.80280699979721
B.MOV,71,B,True,B,0.2911911308765411,True,B,True,False,False,False,14.047809999965466,0.0064799999108799,2.3369180000827328,22.09638599993013,0.1123729998653289,38.59996699975454
B.MOV,72,B,True,E,0.3211955428123474,False,E,False,False,False,True,14.203337000026297,0.0067690000378206,2.26310699986243,22.00302599999304,0.0937639999847306,38.57000299990432
B.MOV,73,B,True,B,0.2170592248439788,True,B,True,False,False,False,14.116209999997409,0.0076320000061969,2.458170999943832,22.02400199985277,0.105149000091842,38.71116399989205
B.MOV,74,B,True,E,0.4084015190601349,False,E,False,False,False,True,14.028571000039848,0.0076200001331017,2.2896360001141147,22.043218999897363,0.095148000127665,38.46419400031209
B.MOV,75,B,True,E,0.3490226864814758,False,E,False,False,False,True,14.144902999987607,0.007660000164833,2.326534000076208,22.01639600002636,0.0933810001697565,38.58887400042477
B.MOV,76,B,True,E,0.2086469680070877,False,E,False,False,False,True,14.09016899992821,0.0063769998632778,2.28383900002882,22.00295400007235,0.1034029999118502,38.48674199980451
B.MOV,77,B,True,E,0.3267056047916412,False,E,False,False,False,True,14.112009999962538,0.0089459999799146,2.418892999912714,22.0818610000606,0.0981059999958233,38.71981599991159
B.MOV,78,B,True,T,0.2937887907028198,False,T,False,False,False,True,14.044769999941307,0.0085490000856225,2.3656299999856856,22.052973000199927,0.0939419999212987,38.56586400013384
B.MOV,79,B,True,E,0.3356503546237945,False,E,False,False,False,True,14.007146000039938,0.009168999895337,2.3799509999662405,22.039226000060808,0.0938769999265787,38.5293689998889
B.MOV,80,B,True,E,0.373357743024826,False,E,False,False,False,True,14.195513000004212,0.0085959998159523,2.2903430001406377,22.042445000124644,0.0910960000055638,38.62799300009101
B.MOV,81,B,True,E,0.5414541959762573,False,E,False,False,False,True,14.050391999944624,0.0077409999903466,2.274280999927214,22.037877999991903,0.0979619999270653,38.46825399978116
B.MOV,82,B,True,T,0.2295723408460617,False,T,False,False,False,True,13.99863999995432,0.0084799999058304,2.285970000002635,22.031482000102187,0.0950539999848842,38.41962599994986
B.MOV,83,B,True,E,0.3218031227588653,False,E,False,False,False,True,14.04577200003132,0.0069699999585282,2.344826999888028,22.071097999969425,0.102532999790128,38.57119999963743
B.MOV,84,B,True,E,0.4052211940288543,False,E,False,False,False,True,14.264034000007086,0.0073530000008759,2.7284469999813155,21.99764400006643,0.0933019998683448,39.09077999992405
B.MOV,85,B,True,E,0.4972122311592102,False,E,False,False,False,True,14.160031999949751,0.0091100000645383,2.3582819999319327,22.009789000094315,0.0975830000697897,38.63479600011033
B.MOV,86,B,True,E,0.3516348004341125,False,E,False,False,False,True,14.484111000001576,0.0070749999849795,2.3070629999892844,22.020151999868176,0.0941289999900618,38.91252999983408
B.MOV,87,B,True,E,0.4725476801395416,False,E,False,False,False,True,14.17525499994099,0.0068940000801376,2.381316000082734,22.007104999829608,0.1035740001498197,38.67414400008329
B.MOV,88,B,True,E,0.638887882232666,False,E,False,False,False,True,14.054750000013884,0.0088330000380665,2.6499789998979395,22.076596000033533,0.1296010000260139,38.91975900000944
B.MOV,89,B,True,E,0.6668540835380554,False,E,False,False,False,True,13.995456999964516,0.0102860001334192,2.432061000035901,22.08585799985485,0.1252340000519325,38.64889600004062
B.MOV,90,B,True,E,0.6493887901306152,False,E,False,False,False,True,13.97731700001259,0.007242000037877,2.535546999979488,22.20473900001707,0.1303110000208107,38.85515600006784
B.MOV,91,B,True,T,0.3685204088687897,False,T,False,False,False,True,13.863563999962023,0.0092620000486931,2.530710000200997,22.06474600006913,0.0979920000645506,38.5662740003454
B.MOV,92,B,True,E,0.5085977911949158,False,E,False,False,False,True,13.950185999988207,0.0075069999638799,2.39061699994636,22.05996899988349,0.1191840001411037,38.527462999923046
B.MOV,93,B,True,E,0.3383359014987945,False,E,False,False,False,True,14.013413999919068,0.0097229999482806,2.361416999974608,22.089375999939875,0.098005999916495,38.571935999698326
B.MOV,94,B,True,E,0.4571426212787628,False,E,False,False,False,True,13.960719000010611,0.00711699999556,2.338996999924348,22.04501699998218,0.0970379999216675,38.44888799983437
B.MOV,95,B,True,E,0.503653347492218,False,E,False,False,False,True,13.876292999952966,0.0074329998369648,2.348061000020607,22.01299900002596,0.0980679999429412,38.34285399977944
B.MOV,96,B,True,E,0.3955511450767517,False,E,False,False,False,True,14.078544999961196,0.0073399999109824,2.350093999893943,22.01925600002141,0.1402979999056697,38.595532999693205
B.MOV,97,B,True,E,0.3572630286216736,False,E,False,False,False,True,13.965446000042904,0.0073589999374235,2.3104200001853314,21.98129999987941,0.0973920000433281,38.3619170000884
B.MOV,98,B,True,E,0.3379216194152832,False,E,False,False,False,True,13.91941199995017,0.0063830000271991,2.332049999949959,21.981581000090955,0.0985149999905843,38.33794100000887
B.MOV,99,B,True,E,0.4454246759414673,False,E,False,False,False,True,14.070967999941786,0.00741099984225,2.405394999868804,22.01635599999463,0.1185450000775745,38.61867499972504
B.MOV,100,B,True,E,0.5763171315193176,False,E,False,False,False,True,14.175158999933046,0.0077349998264253,2.282244000070932,22.02219800005878,0.1106730001083633,38.598008999997546
B.MOV,101,B,True,E,0.4183955490589142,False,E,False,False,False,True,13.9925469999298,0.0081880000379896,2.3572600000534294,22.03019399985351,0.0927109999793174,38.480899999854046
B.MOV,102,B,True,E,0.5300315618515015,False,E,False,False,False,True,14.113800000018273,0.006484000095952,2.5433840000914643,21.98375400007535,0.0967900000432564,38.744212000324296
B.MOV,103,B,True,B,0.4401341378688812,True,B,True,False,False,False,14.06096300001991,0.0077770000643795,2.297351999914099,22.0521670000835,0.0950810001540958,38.51334000023599
B.MOV,104,B,True,B,0.9296270608901978,True,B,True,False,False,False,15.330058000017743,0.007201000016721,2.387360000057015,22.02527800000098,0.1109579998228582,39.86085499991532
B.MOV,105,B,True,B,0.7379710078239441,True,B,True,False,False,False,14.035458999956065,0.0070769999638287,2.3239140000441694,22.038858000087203,0.0988189999588939,38.50412700001016
B.MOV,106,B,True,B,0.672163724899292,True,B,True,False,False,False,14.924915000051442,0.0062680001065018,2.3980139999366656,22.032151000075828,0.0944299999900977,39.455778000160535
B.MOV,107,B,True,B,0.809315025806427,True,B,True,False,False,False,14.19298100006472,0.009308000016972,2.390284000057364,22.0633110000108,0.0989370000752387,38.75482100022509
B.MOV,108,B,True,B,0.5186665058135986,True,B,True,False,False,False,13.99527000000944,0.0093060000381228,2.3993899999368296,22.07424199991692,0.1058140001077845,38.5840220000091
B.MOV,109,B,True,H,0.347241073846817,False,H,False,False,False,True,14.037549000022407,0.0069259999690984,2.358694999884392,22.140580000041155,0.0956169999426492,38.6393669998597
B.MOV,110,B,True,B,0.4455363750457763,True,B,True,False,False,False,13.882900999988124,0.0086290001490851,2.34326300005705,22.0020909998766,0.105656999949133,38.34254100001999
B.MOV,111,B,True,B,0.4888064563274383,True,B,True,False,False,False,13.936809000028916,0.0070700000378565,2.437665999877936,22.1556200001487,0.0952620000589377,38.63242700015235
B.MOV,112,B,True,H,0.5018821954727173,False,H,False,False,False,True,14.058032999969328,0.0075739999374491,2.2511199999826204,21.97711700000582,0.1011099998322606,38.39495399972748
B.MOV,113,B,True,H,0.7740475535392761,False,H,False,False,False,True,13.926385999980084,0.0081570001384534,2.343646000099397,22.004560999903333,0.0941950002015801,38.37694500032285
B.MOV,114,B,True,H,0.5946786403656006,False,H,False,False,False,True,13.97235499996441,0.0076520000220625,2.3970519998783857,22.06662899993717,0.1177020001250639,38.56138999992709
B.MOV,115,B,True,H,0.5614885687828064,False,H,False,False,False,True,14.012065999963852,0.0094740000804449,2.458064999927956,22.091864000003625,0.1227719999405962,38.69424099991648
B.MOV,116,B,True,B,0.5048159956932068,True,B,True,False,False,False,13.978515999951924,0.0092100001438666,2.322353000181465,22.07840300002317,0.1035110001339489,38.49199300043438
B.MOV,117,B,True,H,0.6743669509887695,False,H,False,False,False,True,13.936442000044735,0.0072959999215527,2.36277300018628,22.030727999890587,0.1006480001706222,38.43788700021378
B.MOV,118,B,True,H,0.6169248223304749,False,H,False,False,False,True,14.880522999987988,0.0081639998370519,2.350816999978633,22.02019600008498,0.1123160000133793,39.37201599990203
B.MOV,119,B,True,H,0.7167974710464478,False,H,False,False,False,True,13.876221000032274,0.0075769999057229,2.389640000046711,22.01435500001025,0.0915299999633134,38.37932299995828
B.MOV,120,B,True,B,0.7123870253562927,True,B,True,False,False,False,13.843577999978152,0.0070749999849795,2.3433389999354404,22.001037000109136,0.0955030000113765,38.29053200001909
B.MOV,121,B,True,B,0.5531619191169739,True,B,True,False,False,False,13.830729999995128,0.0088809999851946,2.809680999916964,22.006314000009297,0.1129109998601052,38.76851699976669
B.MOV,122,B,True,B,0.6460185647010803,True,B,True,False,False,False,13.868910000041978,0.0069749999056512,2.8499159998318646,21.97225999998409,0.0911360000372951,38.78919699980088
B.MOV,123,B,True,B,0.8620808720588684,True,B,True,False,False,False,14.161360999992212,0.0073559999691497,2.575041000000056,22.65780100015036,0.0921289999951113,39.493688000106886
B.MOV,124,B,True,B,0.483134925365448,True,B,True,False,False,False,13.99801800005207,0.007605000064359,2.3429660000147123,22.0532529999673,0.108615000044665,38.51045700014311
B.MOV,125,B,True,B,0.6672899723052979,True,B,True,False,False,False,14.06546399994113,0.0067880000642617,2.3427730000094016,22.03158600013921,0.0948909998896851,38.54150200004369
B.MOV,126,B,True,B,0.924125611782074,True,B,True,False,False,False,13.853627000003144,0.0070769999638287,1.646234999952867,22.573399000066274,0.0901930000054562,38.17053099999157
B.MOV,127,B,True,B,0.7401293516159058,True,B,True,False,False,False,13.977675999967689,0.0085149999904388,2.2971890000462736,22.07595599998058,0.1109380000343662,38.470274000019344
B.MOV,128,B,True,E,0.5019747018814087,False,E,False,False,False,True,14.416798999945968,0.0077269999110285,2.2931920000246464,22.649021999995966,0.093498999831354,39.46023899970896
B.MOV,129,B,True,E,0.502335786819458,False,E,False,False,False,True,14.096431999973902,0.0078440000379487,2.3081669999100995,22.077889999991385,0.0984579999112611,38.5887909998246
B.MOV,130,B,True,E,0.4834019243717193,False,E,False,False,False,True,14.114388999928453,0.007549999963885,2.293448000045828,22.02953100004379,0.0904710000213526,38.535389000003306
B.MOV,131,B,True,E,0.3579332232475281,False,E,False,False,False,True,14.22294700000748,0.007893999963926,2.351731000089785,22.093233000077817,0.1057320000654726,38.78153700020448
B.MOV,132,B,True,E,0.3091124892234802,False,E,False,False,False,True,14.190967999979875,0.0072929999532789,2.3183240000435035,22.02403899991623,0.0929410000480857,38.63356499994097
B.MOV,133,B,True,T,0.2897497117519378,False,T,False,False,False,True,14.051797000092847,0.007136000022001,2.295838999998523,22.049212999945667,0.0889750001533684,38.492960000212406
B.MOV,134,B,True,E,0.2730008065700531,False,E,False,False,False,True,13.814012000011644,0.0077879999480501,2.5321489999896585,21.991041999854133,0.0944420000905665,38.43943299989405
B.MOV,135,B,True,T,0.3968183398246765,False,T,False,False,False,True,13.868544000047224,0.0072919999638543,2.4359139999887702,21.982190000017,0.1123199999710777,38.40625999998792
B.MOV,136,B,True,T,0.4610470533370971,False,T,False,False,False,True,14.068244999975832,0.0057939998896472,2.3137369998949,21.967728999925384,0.0970049998159083,38.45250999950167
B.MOV,137,B,True,E,0.3414872288703918,False,E,False,False,False,True,13.842437999983304,0.0069800000801478,2.2579819999464235,21.96804300001532,0.0971749998370796,38.17261799986227
C.MOV,0,C,True,C,0.9989272952079772,True,C,True,False,False,False,14.860053999996126,0.0093020000804244,2.4366850000205886,22.11676900014936,0.1119800001561088,39.53479000040261
C.MOV,1,C,True,C,0.9983614087104796,True,C,True,False,False,False,14.086528999996515,0.0088189999587484,2.6078100001996063,22.05873799994152,0.1036609999118809,38.865557000008266
C.MOV,2,C,True,C,0.9981611371040344,True,C,True,False,False,False,13.9007479999691,0.007191999884526,2.302460999999312,22.09879800011549,0.0970119999692542,38.40621099993768
C.MOV,3,C,True,C,0.9977105855941772,True,C,True,False,False,False,13.929774999951404,0.0089879999904951,2.3940139999467647,22.11732699993263,0.124220000088826,38.57432399991012
C.MOV,4,C,True,C,0.9977887868881226,True,C,True,False,False,False,13.93250400008128,0.0076090000220574,2.6186070001585904,22.053013000004285,0.1131199999235832,38.7248530001898
C.MOV,5,C,True,C,0.9990354776382446,True,C,True,False,False,False,13.82669800000258,0.007689999847571,2.549495999801365,22.08299199992325,0.1142569999501574,38.581132999524925
C.MOV,6,C,True,C,0.9984148740768432,True,C,True,False,False,False,13.853238999899986,0.0085830001808062,2.376139000034528,22.03000700001212,0.1101479999761068,38.378116000103546
C.MOV,7,C,True,C,0.9989381432533264,True,C,True,False,False,False,14.002822000065862,0.0073610001436463,2.3434449999513163,21.98702200007574,0.0941539999530505,38.434804000189615
C.MOV,8,C,True,C,0.999460518360138,True,C,True,False,False,False,13.881351999998516,0.0081549999322305,2.2792659999595344,22.038696999970853,0.0975440000274829,38.305013999888615
C.MOV,9,C,True,C,0.9994431138038636,True,C,True,False,False,False,13.894938000021284,0.0074040001436515,2.2710530001859297,22.051660999977685,0.1075849997960176,38.33264100012457
C.MOV,10,C,True,C,0.9998168349266052,True,C,True,False,False,False,14.077008000072055,0.007112000048437,2.4708830001145543,22.10703100013233,0.1138430000082735,38.77587700037566
C.MOV,11,C,True,C,0.9992833733558656,True,C,True,False,False,False,14.018903999954093,0.0076449998687166,2.235571000028358,22.03731000008701,0.1084570001239626,38.40788700006215
C.MOV,12,C,True,C,0.9977198243141174,True,C,True,False,False,False,14.111029999980929,0.0068540000484063,2.415474999907019,22.00762099982967,0.1124799998706294,38.65345999963665
C.MOV,13,C,True,C,0.9948686361312866,True,C,True,False,False,False,13.95483700002842,0.0070980001964926,2.257744999951683,22.837286999902062,0.1332790000105888,39.190246000089246
C.MOV,14,C,True,C,0.996986448764801,True,C,True,False,False,False,14.083417999927406,0.0081979999322356,2.591814999959752,22.69197800001166,0.0976559999799064,39.47306499981096
C.MOV,15,C,True,C,0.9986454844474792,True,C,True,False,False,False,14.10291700005928,0.0134490001073572,2.653002999977616,22.742502000028253,0.1060649999544693,39.617936000126974
C.MOV,16,C,True,C,0.9971851706504822,True,C,True,False,False,False,14.197089000049344,0.0073700000484677,2.6025689999187307,22.7455369999916,0.1114059998599259,39.66397099986807
C.MOV,17,C,True,C,0.997225284576416,True,C,True,False,False,False,14.04564700010269,0.0075580001066555,1.8193079999946349,22.443583000040235,0.111383999865211,38.42748000010943
C.MOV,18,C,True,C,0.9968979358673096,True,C,True,False,False,False,14.076875000000657,0.0075170000854996,2.332693999960611,22.039464000044973,0.1179279997813864,38.574477999873125
C.MOV,19,C,True,C,0.9959059953689576,True,C,True,False,False,False,15.181532000042353,0.0070229998527793,2.261319000126605,22.069978000217816,0.1325249997989885,39.65237700003854
C.MOV,20,C,True,C,0.9960814118385316,True,C,True,False,False,False,15.148318000001382,0.0079100000220933,2.40572699999575,22.04544000005626,0.1394710000113264,39.74686600008681
C.MOV,21,C,True,C,0.9966710209846495,True,C,True,False,False,False,14.455226999984916,0.0071150000167108,2.297405000035724,22.05474100014726,0.1360220001060952,38.95051000029071
C.MOV,22,C,True,C,0.9961206316947936,True,C,True,False,False,False,14.292165999904682,0.008372000138479,2.3352869998234382,22.65306899994357,0.0952980001329706,39.38419199994314
C.MOV,23,C,True,C,0.99410218000412,True,C,True,False,False,False,14.692702999923313,0.0076040000749344,2.294987999903242,22.06607600010102,0.0961270000061631,39.15749800000867
C.MOV,24,C,True,C,0.9950504899024964,True,C,True,False,False,False,13.995830999988357,0.0065579999954934,2.3567119999370334,22.58793200007858,0.1042970000071363,39.0513300000066
C.MOV,25,C,True,C,0.993449866771698,True,C,True,False,False,False,14.822627000057764,0.0071890001436258,2.3145550001117954,22.039814999970982,0.0979250000909814,39.28211100037515
C.MOV,26,C,True,C,0.99740332365036,True,C,True,False,False,False,14.296029999968596,0.0075069999638799,2.344549000099505,22.048241999982565,0.1207990001148573,38.8171270001294
C.MOV,27,C,True,C,0.9919924736022948,True,C,True,False,False,False,13.936252000007698,0.0083639999957085,2.371364000055109,22.531372999992527,0.0947430000906024,38.942096000141646
C.MOV,28,C,True,C,0.9953437447547911,True,C,True,False,False,False,13.858563999974647,0.0081390001014369,2.5582480000139185,22.10363399990456,0.1128880001033394,38.6414730000979
C.MOV,29,C,True,C,0.9965567588806152,True,C,True,False,False,False,13.935411000034035,0.0105309998161828,2.4656929999764543,22.047829000030102,0.099610000006578,38.55907399986336
C.MOV,30,C,True,C,0.9951490759849548,True,C,True,False,False,False,13.85971900003824,0.0083499999163905,2.2431949998917844,22.0139929999732,0.1086029999441962,38.23385999976381
C.MOV,31,C,True,C,0.9982150793075562,True,C,True,False,False,False,14.016804999982924,0.008187000048565,2.3255830001289723,22.03152099991712,0.1104760001453541,38.492572000222935
C.MOV,32,C,True,C,0.9982436895370485,True,C,True,False,False,False,13.928358000043772,0.0068730000748473,2.261263000036706,22.021770000037577,0.0929650000216497,38.31122900021455
C.MOV,33,C,True,C,0.9978772401809692,True,C,True,False,False,False,13.941311000053249,0.0070090000008349,2.296221000051446,22.02363400010654,0.1101270001981902,38.37830200041026
C.MOV,34,C,True,C,0.9913142323493958,True,C,True,False,False,False,13.882482999974854,0.0083960001120431,2.3526759998730995,21.98341200005416,0.092019000021537,38.31898600003569
C.MOV,35,C,True,C,0.9985768795013428,True,C,True,False,False,False,15.16828599994824,0.0085200001649354,2.331075000029159,22.56834100012384,0.0962199999321455,40.17244200019832
C.MOV,36,C,True,C,0.9992063641548156,True,C,True,False,False,False,13.978380000025936,0.0074080001013498,2.4531349999961094,22.04479200008791,0.0933809999423829,38.57709600015369
C.MOV,37,C,True,C,0.9983829259872437,True,C,True,False,False,False,13.86189499999091,0.0077509998845926,2.438822999920376,22.00485899993509,0.1016219998746237,38.4149499996056
C.MOV,38,C,True,C,0.9966578483581544,True,C,True,False,False,False,13.972699999953877,0.0075309999374439,2.271523999979763,22.03423900004964,0.0942149999900721,38.38020899991079
C.MOV,39,C,True,C,0.996004045009613,True,C,True,False,False,False,13.950359999967077,0.0066249999690626,2.23079600004894,21.99574299993401,0.1129320000927691,38.29645600001186
C.MOV,40,C,True,C,0.9962469935417176,True,C,True,False,False,False,13.994966000041131,0.0080499999057792,2.2731019998900592,22.019877000047927,0.1135640000029525,38.40955899988785
C.MOV,41,C,True,C,0.9907211065292358,True,C,True,False,False,False,14.274415000045336,0.0073349999638594,2.2828129999652447,22.15710899986334,0.0998569998955645,38.82152899973335
C.MOV,42,C,True,C,0.9908526539802552,True,C,True,False,False,False,14.001043000007485,0.0065720000748115,2.335645999892222,22.03410700008135,0.0987579999218724,38.47612599997774
C.MOV,43,C,True,C,0.9846792817115784,True,C,True,False,False,False,14.03824400006215,0.0090030000592378,2.29239400005099,22.07417099998565,0.1129610000134562,38.52677300017149
C.MOV,44,C,True,C,0.9943031072616576,True,C,True,False,False,False,14.250605000029282,0.0076010001066606,2.3331620000135445,22.64785900001698,0.1119910000397794,39.351218000206245
C.MOV,45,C,True,C,0.99783056974411,True,C,True,False,False,False,14.01468599999589,0.0068320000536914,2.25436499999887,21.996427999965817,0.1068659998963994,38.37917699991067
C.MOV,46,C,True,C,0.998335301876068,True,C,True,False,False,False,14.144373999897653,0.0063929999214451,2.2993179998138658,22.00270100001944,0.0938759999371541,38.54666199958956
C.MOV,47,C,True,C,0.9985997080802916,True,C,True,False,False,False,13.96517800003494,0.0088369999957649,2.2442599999976665,22.060880000026373,0.1321729998835508,38.41132799993829
C.MOV,48,C,True,C,0.9975021481513976,True,C,True,False,False,False,13.926087999948322,0.0078860000485292,2.396134000036909,22.039162000055512,0.0962139999955979,38.46548400008487
C.MOV,49,C,True,C,0.988174557685852,True,C,True,False,False,False,13.954186999967533,0.0073140001859428,2.266031000090152,22.02747399996952,0.0951140000324812,38.35012000024562
C.MOV,50,C,True,C,0.9894320964813232,True,C,True,False,False,False,14.14450200002193,0.0078149998898879,2.2841029999653983,22.05112999990888,0.1052400000389752,38.59278999982507
C.MOV,51,C,True,C,0.9799895882606506,True,C,True,False,False,False,13.989423999987594,0.0071890001436258,2.215186000057656,22.005299999818817,0.111513999854651,38.32861299986234
C.MOV,52,C,True,C,0.9938971400260924,True,C,True,False,False,False,13.846320999959971,0.0073139999585691,2.0253339998816955,22.13673300002484,0.0914580000426212,38.10715999986769
C.MOV,53,C,True,C,0.9938908815383912,True,C,True,False,False,False,13.951529999985723,0.0076729997999791,2.2853939999549766,22.082050999870265,0.1097489998755918,38.43639699948653
C.MOV,54,C,True,C,0.9921157956123352,True,C,True,False,False,False,13.95604899994396,0.006214999984877,2.2983079998084577,22.04762399992433,0.1108629999180266,38.41905899957965
C.MOV,55,C,True,C,0.98543381690979,True,C,True,False,False,False,13.95127200009938,0.0090649998583103,2.3250940000707487,22.051692000104595,0.0971550000485876,38.43427800018162
C.MOV,56,C,True,C,0.981663942337036,True,C,True,False,False,False,14.246877999994467,0.00775400008024,2.3232519999965007,22.04114300002402,0.1105290000396053,38.72955600013484
C.MOV,57,C,True,C,0.9875752329826356,True,C,True,False,False,False,14.37079899994842,0.0086190000274655,2.33966399991914,22.08413400012432,0.1051849999385012,38.90840099995785
C.MOV,58,C,True,C,0.9717815518379213,True,C,True,False,False,False,14.04568800001016,0.008004000164874,2.2914260000561626,21.999892999929216,0.105856000118365,38.45086700027878
C.MOV,59,C,True,C,0.9839969873428344,True,C,True,False,False,False,13.90873900004408,0.0073169999268429,2.2521509999933187,22.017433999963032,0.0914570000531966,38.27709799998047
C.MOV,60,C,True,C,0.9768437743186952,True,C,True,False,False,False,13.883454000051644,0.0060279999161139,2.360758999884638,22.07747900001777,0.1052530001288687,38.43297299999904
C.MOV,61,C,True,C,0.9592676162719728,True,C,True,False,False,False,13.938499999994749,0.0075319999268685,2.4839129998781573,22.0233030001964,0.1274399999147135,38.58068799991088
C.MOV,62,C,True,C,0.946482479572296,True,C,True,False,False,False,13.958983000065928,0.0068179999743733,2.3140769999372424,21.99157999984891,0.0958769999215292,38.36733499974798
C.MOV,63,C,True,C,0.9891576766967772,True,C,True,False,False,False,14.004619999923309,0.0089659999957802,2.581380000037825,22.02965800006496,0.1255570000466832,38.75018100006855
C.MOV,64,C,True,C,0.97365802526474,True,C,True,False,False,False,13.847965999957523,0.008321999985128,2.37241299987545,22.08277900012945,0.109824999981356,38.42130499992891
C.MOV,65,C,True,C,0.9840450286865234,True,C,True,False,False,False,14.200470999981007,0.0072089999321178,2.2541979999459727,22.03160699991713,0.0916940000479371,38.585178999824166
C.MOV,66,C,True,C,0.9853054881095886,True,C,True,False,False,False,14.002566999920418,0.0068629999532277,2.280643000176497,22.00229599998238,0.0950579999425826,38.38742699997511
C.MOV,67,C,True,C,0.9894089698791504,True,C,True,False,False,False,14.097045000085018,0.0072450000061508,2.2973170000568643,22.034173999827544,0.1052580000759917,38.54103900005157
C.MOV,68,C,True,C,0.9875199794769288,True,C,True,False,False,False,13.97118899990346,0.0075079999533045,2.3336280000876286,22.05368400018415,0.0929010000163543,38.4589100001449
C.MOV,69,C,True,C,0.9112483859062196,True,C,True,False,False,False,14.085351999938212,0.0084289999904285,2.369561000023168,22.033934000091904,0.1016760002130467,38.59895200025676
C.MOV,70,C,True,C,0.9585203528404236,True,C,True,False,False,False,14.08195000010437,0.0076610001542576,2.450867000106882,22.029018000012,0.0936349999847152,38.66313100036223
C.MOV,71,C,True,C,0.9811273217201232,True,C,True,False,False,False,13.888322999946467,0.0071749998369341,2.30557999998382,22.026377000202046,0.1004409998586197,38.32789599982789
C.MOV,72,C,True,C,0.9881396293640136,True,C,True,False,False,False,14.042285000073209,0.0071370000114256,2.4806790002003254,22.11072500017508,0.1085189999230351,38.74934500038307
C.MOV,73,C,True,C,0.9849206805229188,True,C,True,False,False,False,13.938867000092614,0.0068849999479425,2.3082150000846013,21.977765999963594,0.1027890000386833,38.33452200012744
C.MOV,74,C,True,C,0.9801150560379028,True,C,True,False,False,False,14.201367000055145,0.0077610000062122,2.3276809999970283,22.07442400003856,0.094479999916075,38.70571300001302
C.MOV,75,C,True,C,0.9919845461845398,True,C,True,False,False,False,14.003860000002533,0.0070760002017777,2.37640399996053,22.5887540000258,0.0951619999796093,39.07125600017025
C.MOV,76,C,True,C,0.992418646812439,True,C,True,False,False,False,13.943756000003305,0.0066800000695366,2.246086000013748,21.983807999959023,0.1176929999928688,38.29802300003848
C.MOV,77,C,True,C,0.9887452721595764,True,C,True,False,False,False,13.921550000077332,0.0071880001542012,2.3036640000100306,22.02246199999536,0.1048809999701916,38.35974500020711
C.MOV,78,C,True,C,0.9922768473625184,True,C,True,False,False,False,14.107291999948757,0.0067029998263024,2.31163800003742,22.03802199983329,0.090939000074286,38.554593999720055
C.MOV,79,C,True,C,0.993000626564026,True,C,True,False,False,False,13.904369999977462,0.0078269999903568,2.314942000111841,22.055665000152658,0.0932440000269707,38.37604800025929
C.MOV,80,C,True,C,0.994762361049652,True,C,True,False,False,False,13.853982000000542,0.0078160001066862,2.330348999976195,22.05430799995156,0.1025090000439377,38.34896400007892
C.MOV,81,C,True,C,0.9927818775177002,True,C,True,False,False,False,13.826758000050177,0.0082869999005197,2.325860999917495,22.026696000011725,0.0935959999424085,38.281197999822325
C.MOV,82,C,True,C,0.9940189123153688,True,C,True,False,False,False,13.90847200002554,0.0080869999692367,2.2729800000433897,22.044902000061484,0.092247999873507,38.32668899997316
C.MOV,83,C,True,C,0.998068869113922,True,C,True,False,False,False,13.888526000073398,0.0093570001808984,2.3314469999604626,22.066737999921315,0.1145539999924949,38.41062200012857
C.MOV,84,C,True,C,0.9977147579193116,True,C,True,False,False,False,13.898473000040212,0.0076300000273477,2.429250999966825,22.044324000034976,0.0958589998845127,38.475536999953874
C.MOV,85,C,True,C,0.9962949156761168,True,C,True,False,False,False,13.907024999980422,0.0074670001595222,2.477327999940826,22.02851699985331,0.0957649999691057,38.51610199990319
C.MOV,86,C,True,C,0.9959964752197266,True,C,True,False,False,False,13.955846000044405,0.007331000006161,2.3462560000098165,22.047110000130488,0.1023519998852862,38.45889500007616
C.MOV,87,C,True,C,0.99921977519989,True,C,True,False,False,False,13.857304999987718,0.0072599998475197,2.31047900001613,21.999910999966232,0.0899739998203585,38.26492899963796
C.MOV,88,C,True,C,0.9992532134056092,True,C,True,False,False,False,14.492127999915285,0.006149999990157,2.3073030001796724,21.9974970000294,0.0959349999902769,38.89901300010479
C.MOV,89,C,True,C,0.9991218447685242,True,C,True,False,False,False,14.084720000028028,0.0083259999428264,2.4346339998828626,22.062320000031832,0.1057430001765169,38.69574300006207
C.MOV,90,C,True,C,0.9992343187332152,True,C,True,False,False,False,13.946862000011606,0.0136450000809418,2.3133409999900323,21.99754999992365,0.1181509999241825,38.38954899993041
C.MOV,91,C,True,C,0.9990997314453124,True,C,True,False,False,False,14.047769999933736,0.0084389998846745,2.2399740000764723,22.143364999919868,0.1203029999032878,38.55985099971804
C.MOV,92,C,True,C,0.9979446530342102,True,C,True,False,False,False,14.1448639999453,0.0072299999374081,2.3458209998352686,22.01532699996278,0.1177869999082759,38.63102899958904
C.MOV,93,C,True,C,0.9987792372703552,True,C,True,False,False,False,13.916390999952457,0.0066760001118382,2.262736999909976,22.04871599997205,0.0921119999475195,38.32663199989384
C.MOV,94,C,True,C,0.9990070462226868,True,C,True,False,False,False,13.99928999990152,0.0077869999586255,2.4847279998994054,22.03787099983856,0.1205670000672398,38.65024299966535
C.MOV,95,C,True,C,0.9981670379638672,True,C,True,False,False,False,14.070149999952264,0.0070050000431365,2.257712000073297,22.036995000007664,0.0917410000056406,38.463603000082
C.MOV,96,C,True,C,0.9987995624542236,True,C,True,False,False,False,14.29657899996073,0.0067999999373569,2.468049000071914,22.00774500010993,0.0956300000325427,38.87480300011248
C.MOV,97,C,True,C,0.9990083575248718,True,C,True,False,False,False,14.026966999949764,0.0079970000115281,2.425485999992816,22.10569699991538,0.1029249999646708,38.66907199983416
C.MOV,98,C,True,C,0.9991968274116516,True,C,True,False,False,False,13.975759000004471,0.0075000000379077,2.28535499991267,22.015797999983988,0.1157399999556219,38.40015199989466
C.MOV,99,C,True,C,0.9985231757164,True,C,True,False,False,False,14.034950999985083,0.0075240000114717,2.31747600014387,22.09862800009432,0.102847999869482,38.56142700010423
C.MOV,100,C,True,C,0.999121367931366,True,C,True,False,False,False,15.340504999926452,0.0072289999479835,2.378253999950175,22.027268000101685,0.0936700000693235,39.84692599999562
C.MOV,101,C,True,C,0.9993507266044616,True,C,True,False,False,False,14.054485999963616,0.0075529999321588,2.4317479999353964,22.068075000106543,0.1122070000292296,38.67406899996695
C.MOV,102,C,True,C,0.9994919300079346,True,C,True,False,False,False,14.189196999950582,0.0065379999796277,2.344706000030783,22.06299600015882,0.1101760001347429,38.71361300025456
C.MOV,103,C,True,C,0.9993972778320312,True,C,True,False,False,False,14.107362999993711,0.0081450000379845,2.3723280000922387,22.016857999915374,0.0962520000484801,38.60094600008779
C.MOV,104,C,True,C,0.9995535016059875,True,C,True,False,False,False,13.868849000004955,0.0070950000008451,2.3710420000497834,22.02768899996954,0.0931810000110999,38.36785600003623
C.MOV,105,C,True,C,0.9991797804832458,True,C,True,False,False,False,14.47837500006699,0.0083639999957085,2.3302539998439897,22.05073100003574,0.1109760000872484,38.97870000002968
C.MOV,106,C,True,C,0.99850594997406,True,C,True,False,False,False,13.814912999919216,0.0067500000113795,2.5564370000665804,22.086427000203912,0.094907999937277,38.559435000138365
C.MOV,107,C,True,C,0.9992689490318298,True,C,True,False,False,False,13.95296100008636,0.0074390000008861,2.300148999893281,21.991303999811866,0.0976450000962358,38.34949799988863
C.MOV,108,C,True,C,0.9994181394577026,True,C,True,False,False,False,13.81681700001991,0.0075769999057229,2.423012999997809,22.02968899996449,0.0993989999642508,38.37649499985218
C.MOV,109,C,True,C,0.99943345785141,True,C,True,False,False,False,14.02745899997626,0.0082650001331785,2.315266000096017,22.09663400003592,0.1062929998170147,38.55391700005839
C.MOV,110,C,True,C,0.999040186405182,True,C,True,False,False,False,13.864766999972744,0.0073989999691548,2.3488410001846205,22.115235999990546,0.1097520000712393,38.445995000188304
C.MOV,111,C,True,C,0.9990845918655396,True,C,True,False,False,False,13.88068200003545,0.0078380001014011,2.292920999934722,21.98952700018708,0.0945770000271295,38.26554500028578
C.MOV,112,C,True,C,0.9987815022468568,True,C,True,False,False,False,13.93939299998692,0.0070050000431365,2.3112889998628816,22.04432700000325,0.093200000037541,38.39521399993373
C.MOV,113,C,True,C,0.9986026883125304,True,C,True,False,False,False,13.918613999976516,0.0081589998899289,2.426580000019385,22.054988000036246,0.098693999916577,38.50703499983865
C.MOV,114,C,True,C,0.9989643096923828,True,C,True,False,False,False,13.95880000006855,0.006643000006079,2.4252580001302704,22.02995900006499,0.1136000000769854,38.53426000034688
C.MOV,115,C,True,C,0.9992783665657043,True,C,True,False,False,False,13.949432999993403,0.0078929999745014,2.280625999901531,22.13006600004519,0.0926079999317153,38.46062599984634
C.MOV,116,C,True,C,0.9992926120758056,True,C,True,False,False,False,14.108521000025576,0.0073779999638645,2.5509729998702824,22.0549299999675,0.1257829999303794,38.8475849997576
C.MOV,117,C,True,C,0.999372661113739,True,C,True,False,False,False,13.910113000065394,0.0070920000325713,2.2808240000813385,22.07465099991168,0.1084860000446497,38.38116600013564
C.MOV,118,C,True,C,0.9994877576828004,True,C,True,False,False,False,13.950381999961792,0.0070819999109517,2.4344480000308977,22.092367000141166,0.1084989999071694,38.59277799995198
C.MOV,119,C,True,C,0.9991751313209534,True,C,True,False,False,False,14.063865000025544,0.0075030000061815,2.27231900021252,22.04605499991885,0.0965579999956389,38.486300000158735
C.MOV,120,C,True,C,0.999408483505249,True,C,True,False,False,False,14.13629600006061,0.0075989999004377,2.326450000055047,22.043495000161784,0.1027809998959128,38.61662100007379
C.MOV,121,C,True,C,0.9992306232452391,True,C,True,False,False,False,14.150187000041116,0.0069989998792152,2.268218000153865,22.002934000056484,0.094530000069426,38.522868000200106
C.MOV,122,C,True,C,0.9994128942489624,True,C,True,False,False,False,13.937392999991973,0.0078569999004685,2.292063000140842,22.039860999939265,0.1328200000898505,38.4099940000624
C.MOV,123,C,True,C,0.9994957447052002,True,C,True,False,False,False,13.978954000094744,0.0067430000854074,1.9694689999596449,22.13451599982364,0.1015610000649758,38.19124300002841
C.MOV,124,C,True,C,0.9993600249290466,True,C,True,False,False,False,14.004739000029076,0.0073779999638645,2.342875000067579,22.054217000004428,0.1064000000496889,38.51560900011464
C.MOV,125,C,True,C,0.9993520379066468,True,C,True,False,False,False,13.939118999928723,0.0097970000751956,2.387848999887865,22.089321999828822,0.0974070001120708,38.52349399983268
C.MOV,126,C,True,C,0.9995220899581908,True,C,True,False,False,False,13.983177000000069,0.0085540000327455,2.3391709999032173,22.673043999930087,0.1120009999340254,39.115946999800144
C.MOV,127,C,True,C,0.999472677707672,True,C,True,False,False,False,13.940191000074265,0.0099800001862604,2.468128999908004,22.042613999929017,0.1108999999814841,38.57181400007903
C.MOV,128,C,True,C,0.999219536781311,True,C,True,False,False,False,13.88049799993496,0.0066099999003199,2.26687999997921,22.015027999941594,0.1890510000066569,38.35806699976274
C.MOV,129,C,True,C,0.9989770650863647,True,C,True,False,False,False,14.07601899995825,0.0116379999326454,2.7460079998036235,22.37587399986296,0.1113060000079713,39.32084499956545
C.MOV,130,C,True,C,0.9992278814315796,True,C,True,False,False,False,14.116195000042351,0.0071979998210736,2.265927000053125,21.980626999948072,0.1181960001304105,38.48814299999504
C.MOV,131,C,True,C,0.998844027519226,True,C,True,False,False,False,13.86472500007585,0.0071080000907386,2.297665000014604,21.968282999978328,0.0907329999790818,38.2285140001386
C.MOV,132,C,True,C,0.9986672401428224,True,C,True,False,False,False,13.783792000026551,0.0067379999109107,2.2589949999201053,22.002592000035293,0.1044499999807158,38.156566999873576
D.MOV,0,D,True,D,0.9997468590736388,True,D,True,False,False,False,14.960956000095392,0.0107130001651967,2.763031000085902,22.18173200003548,0.0919379999686498,40.008370000350624
D.MOV,1,D,True,D,0.9997183680534364,True,D,True,False,False,False,14.098511999918628,0.0073690000590431,2.407199000117544,22.03375099998084,0.1050280000072234,38.65185900008328
D.MOV,2,D,True,D,0.9998185038566588,True,D,True,False,False,False,14.212812999971902,0.0082859999110951,2.3288419999971666,22.02031399997395,0.1058969999121473,38.67615199976626
D.MOV,3,D,True,D,0.9995123147964478,True,D,True,False,False,False,14.26674100002856,0.0071980000484472,2.361973000006401,22.02275900003769,0.0944720000006782,38.75314300012178
D.MOV,4,D,True,D,0.9998080134391784,True,D,True,False,False,False,13.937040999962846,0.0083209999957034,2.3566129998471297,22.0188569999209,0.1165169999239879,38.43734899965057
D.MOV,5,D,True,D,0.9998453855514526,True,D,True,False,False,False,14.028766000024008,0.0096849998953985,2.663100000063423,22.12125300002299,0.1165769999715848,38.9393809999774
D.MOV,6,D,True,D,0.9998376369476318,True,D,True,False,False,False,14.07156700008727,0.0070710000272811,2.2541199998613592,21.986119000075632,0.1018739999381068,38.42075099998965
D.MOV,7,D,True,D,0.9999310970306396,True,D,True,False,False,False,14.203245999965477,0.0069589998474839,2.3210209999433573,22.05825900000491,0.1070630000867822,38.69654799984801
D.MOV,8,D,True,D,0.9999672174453736,True,D,True,False,False,False,13.91055899989624,0.0085609999587177,2.290872000003219,22.096768999972483,0.1005149999855348,38.40727599981619
D.MOV,9,D,True,D,0.9999654293060304,True,D,True,False,False,False,13.982418999944455,0.0070109999796841,2.351022000084413,21.99738400008755,0.1053749999755382,38.44321100007164
D.MOV,10,D,True,D,0.9999529123306274,True,D,True,False,False,False,13.929539000059776,0.0082909998582181,2.338237000003573,22.07522499998049,0.0949290001699409,38.446221000072
D.MOV,11,D,True,D,0.999950647354126,True,D,True,False,False,False,14.036589000056663,0.0073349999638594,2.33063099994979,22.06544299997404,0.0964010000643611,38.53639900000872
D.MOV,12,D,True,D,0.9999340772628784,True,D,True,False,False,False,14.700226000059049,0.008735999927012,2.375120000124298,22.01793800009,0.097493000112081,39.19951300031244
D.MOV,13,D,True,D,0.999931812286377,True,D,True,False,False,False,14.090406000036635,0.0076999999691906,2.424076000124842,22.08090399994944,0.1061919999756355,38.70927800005575
D.MOV,14,D,True,D,0.999925136566162,True,D,True,False,False,False,14.33552299999974,0.0093349999588099,2.460435000102734,22.039714999891657,0.0988390002021333,38.943847000155074
D.MOV,15,D,True,D,0.999842643737793,True,D,True,False,False,False,14.308072000062566,0.0063259999478759,2.3142139998526545,22.005921000072703,0.110089000145308,38.74462200008111
D.MOV,16,D,True,D,0.9998695850372314,True,D,True,False,False,False,14.280603999964114,0.0083360000644461,2.306933999989269,22.03852200000256,0.0952949999373231,38.72969099995771
D.MOV,17,D,True,D,0.9998675584793092,True,D,True,False,False,False,14.150015000041094,0.0062159999743016,2.345722999962163,22.034202999975605,0.0951660001646814,38.631323000117845
D.MOV,18,D,True,D,0.9998779296875,True,D,True,False,False,False,14.13749700009248,0.0073239998528151,2.366076000043904,22.02921099978994,0.0920479999422241,38.63215599972136
D.MOV,19,D,True,D,0.9998914003372192,True,D,True,False,False,False,14.1694459999826,0.0083429999904183,2.345239000078436,21.997890000193365,0.0977760000751004,38.61869400031992
D.MOV,20,D,True,D,0.9998631477355956,True,D,True,False,False,False,14.100062000011349,0.0068740000642719,2.3305429999709304,22.00858299988795,0.1101999998809333,38.55626199981543
D.MOV,21,D,True,D,0.9998537302017212,True,D,True,False,False,False,14.0692580000632,0.0077349998264253,2.388438000025417,22.649751000017204,0.096925000207193,39.21210700013944
D.MOV,22,D,True,D,0.9997705817222596,True,D,True,False,False,False,14.250621000087447,0.0080559998423268,2.5051459999758663,22.10546000014801,0.1161179998234729,38.98540099987713
D.MOV,23,D,True,D,0.9997852444648744,True,D,True,False,False,False,14.078145999974367,0.0073740000061661,2.399306000143042,22.08376999988104,0.0913520000267453,38.65994800003136
D.MOV,24,D,True,D,0.99980229139328,True,D,True,False,False,False,14.049713000076736,0.0076549999903363,2.442334999841478,22.08356599999206,0.1102700000501499,38.69353899995076
D.MOV,25,D,True,D,0.9998249411582948,True,D,True,False,False,False,14.108853000038836,0.0066909999532072,2.448443000048428,22.020061000148416,0.1103120000607305,38.69436000024962
D.MOV,26,D,True,D,0.9998559951782228,True,D,True,False,False,False,13.952960999972674,0.0086039999587228,2.3604830000749644,22.07183299992721,0.095032999979594,38.488913999913166
D.MOV,27,D,True,D,0.9998101592063904,True,D,True,False,False,False,14.061083999990842,0.0081419998423371,2.3494550000577874,22.075118999964616,0.1024499999857653,38.59624999984135
D.MOV,28,D,True,D,0.999868392944336,True,D,True,False,False,False,14.026101000013114,0.0076769999850512,2.4155670000709506,22.051255999940626,0.1054189999649679,38.60601999997471
D.MOV,29,D,True,D,0.999819815158844,True,D,True,False,False,False,14.582068999970945,0.007266000011441,2.358550000053583,22.022743999968952,0.0935900000058609,39.06421900001078
D.MOV,30,D,True,D,0.9998014569282532,True,D,True,False,False,False,13.954734999970242,0.0082149999798275,2.3792629999661585,22.055790999957026,0.1253809998615906,38.52338499973485
D.MOV,31,D,True,D,0.9997742772102356,True,D,True,False,False,False,13.837705000014466,0.0075630000537785,2.455225999938193,21.99480700005552,0.0919819999580795,38.387283000020034
D.MOV,32,D,True,D,0.999861478805542,True,D,True,False,False,False,14.171196999996027,0.0069839998104725,2.314064999836773,22.01229100001001,0.0939430001380969,38.59847999979138
D.MOV,33,D,True,D,0.9998722076416016,True,D,True,False,False,False,14.005997000026582,0.00718199999028,1.6970260001016868,22.088235000182976,0.0919859999157779,37.8904260002173
D.MOV,34,D,True,D,0.9998928308486938,True,D,True,False,False,False,13.944554000090648,0.0076419999004428,2.37672899993413,22.04200899996067,0.1299409998409828,38.50087499972688
D.MOV,35,D,True,D,0.999907374382019,True,D,True,False,False,False,13.972964999993565,0.0083130000803066,2.631040999858669,22.08569200001876,0.098749000017051,38.79675999996834
D.MOV,36,D,True,D,0.9998950958251952,True,D,True,False,False,False,13.94079800002146,0.0089299999217473,2.4122539998643333,22.09281299997201,0.1161769998816453,38.5709719996612
D.MOV,37,D,True,D,0.9999147653579712,True,D,True,False,False,False,14.308558000038827,0.0074259999109926,2.289450000034776,22.0041489999403,0.0981830000910122,38.70776600001591
D.MOV,38,D,True,D,0.999903917312622,True,D,True,False,False,False,14.143185999955676,0.0082259998634981,2.423084999918501,21.99661599979663,0.0955470000008062,38.66665999953511
D.MOV,39,D,True,D,0.999901294708252,True,D,True,False,False,False,14.114417000087087,0.007703999926889,2.3876830000517657,22.042859000066528,0.1384509998842986,38.69111400001657
D.MOV,40,D,True,D,0.9999032020568848,True,D,True,False,False,False,14.077086000042982,0.0091760000486829,2.335467999955654,22.101544999941325,0.1037760000599519,38.6270510000486
D.MOV,41,D,True,D,0.9998939037322998,True,D,True,False,False,False,14.074263999987124,0.0076119999903312,2.3867570000675187,22.08826300011424,0.0965189999533322,38.65341500011255
D.MOV,42,D,True,D,0.9999105930328368,True,D,True,False,False,False,13.920684000026997,0.0080199999956676,2.4481939999532187,22.12489700013976,0.1199749999614141,38.62177000007705
D.MOV,43,D,True,D,0.9999103546142578,True,D,True,False,False,False,13.885336999919671,0.0065879999056051,2.2873189998335874,22.016067000095063,0.1546749999761232,38.34998599973005
D.MOV,44,D,True,D,0.9999171495437622,True,D,True,False,False,False,13.947701000006418,0.0074469999162829,2.2613709998040576,21.96848400012641,0.1006469999538239,38.28564999980699
D.MOV,45,D,True,D,0.9998989105224608,True,D,True,False,False,False,13.927835999993476,0.00747599983697,2.4064399999588204,21.98070200006441,0.0924820001273474,38.41493599998103
D.MOV,46,D,True,D,0.999897003173828,True,D,True,False,False,False,14.125150000040776,0.0082760000168491,2.342182000120374,22.03130299994882,0.0937239999529992,38.60063500007982
D.MOV,47,D,True,D,0.999915361404419,True,D,True,False,False,False,13.83785899997747,0.0079960000221035,2.296803000035652,21.99875099995552,0.1107409998439834,38.25214999983473
D.MOV,48,D,True,D,0.9999300241470336,True,D,True,False,False,False,14.176478999956998,0.0072269999691343,2.2912770000402816,22.014082999930903,0.0939779999953316,38.58304399989265
D.MOV,49,D,True,D,0.999929904937744,True,D,True,False,False,False,13.939826000068932,0.0076880000960954,2.432534000035957,22.099088000004485,0.104995000128838,38.58413100033431
D.MOV,50,D,True,D,0.99992573261261,True,D,True,False,False,False,14.002759999925727,0.0068809999902441,2.3249389998909464,22.047772999940207,0.0926509999317204,38.47500399967885
D.MOV,51,D,True,D,0.9999213218688964,True,D,True,False,False,False,13.973470999985691,0.0081519999639567,2.410868999959348,22.012246000031155,0.1020790000438864,38.50681699998404
D.MOV,52,D,True,D,0.9999241828918456,True,D,True,False,False,False,13.853442000026917,0.0079869998899084,2.3227619999488525,22.02153700000053,0.0970819999110972,38.30280999977731
D.MOV,53,D,True,D,0.9999425411224364,True,D,True,False,False,False,13.966894999953183,0.0069460002123378,2.3913039999570174,22.02458800002205,0.0935880000270117,38.4833210001716
D.MOV,54,D,True,D,0.9999353885650636,True,D,True,False,False,False,14.03660599999057,0.0073339999744348,2.6003919999766367,22.00543000003563,0.0963619997946807,38.74612399977195
D.MOV,55,D,True,D,0.9999306201934814,True,D,True,False,False,False,13.966847000006055,0.0068069998633291,2.348676000110572,22.027582999953665,0.0949120001223491,38.44482500005597
D.MOV,56,D,True,D,0.9999204874038696,True,D,True,False,False,False,13.87458199997127,0.0077079998845874,2.654850999988412,21.99342499989143,0.0928500001009524,38.62341599983665
D.MOV,57,D,True,D,0.9999185800552368,True,D,True,False,False,False,13.979302999928224,0.0069739999162266,2.344345999972574,22.043336000024283,0.0925690001167822,38.46652799995809
D.MOV,58,D,True,D,0.9999252557754515,True,D,True,False,False,False,13.97647400006008,0.0079270000696851,2.368494999927861,22.03438700007609,0.09362300011162,38.48090600024534
D.MOV,59,D,True,D,0.9999316930770874,True,D,True,False,False,False,13.96954899996672,0.0067990001753059,2.3202980000860407,22.02489100000093,0.0919489998523204,38.41348600008132
D.MOV,60,D,True,D,0.9998859167099,True,D,True,False,False,False,13.96771399993213,0.0071879999268276,2.331143999981577,22.08101899987014,0.118880999934845,38.50594599964552
D.MOV,61,D,True,D,0.9999483823776244,True,D,True,False,False,False,13.970865000032973,0.007246999985,2.321976000075665,22.00645900006748,0.0930190001326991,38.39956600029382
D.MOV,62,D,True,D,0.9999525547027588,True,D,True,False,False,False,14.231613999982072,0.0070029998369136,2.3205129998586926,21.98866999992788,0.091381999936857,38.639181999542416
D.MOV,63,D,True,D,0.9999405145645142,True,D,True,False,False,False,14.11600999995244,0.0067880000642617,2.389180999898599,22.086730999944848,0.102424000033352,38.7011339998935
D.MOV,64,D,True,D,0.9999250173568726,True,D,True,False,False,False,14.15832700001829,0.0077009999586152,2.294614999982514,21.995410999807063,0.0924700000268785,38.54852399979336
D.MOV,65,D,True,D,0.9999487400054932,True,D,True,False,False,False,13.965538999968883,0.0066029999743477,2.364649999890389,22.049275999961537,0.1025880001179757,38.488655999913135
D.MOV,66,D,True,D,0.999945878982544,True,D,True,False,False,False,14.263883000012356,0.0077510001119662,2.355281000063769,22.05280800012588,0.0918789999104774,38.77160200022445
D.MOV,67,D,True,D,0.9999433755874634,True,D,True,False,False,False,13.950934000035886,0.0072410000484524,2.442163000068831,22.03623999980664,0.1154139999925973,38.551991999952406
D.MOV,68,D,True,D,0.9999274015426636,True,D,True,False,False,False,14.036870000040835,0.0086420000116049,2.460029000076247,21.993265999981304,0.0911370000267197,38.58994400013671
D.MOV,69,D,True,D,0.9998313188552856,True,D,True,False,False,False,13.907810999967296,0.0077380000220728,2.292766999971718,22.03199300015513,0.1010500000120373,38.34135900012825
D.MOV,70,D,True,D,0.9998238682746888,True,D,True,False,False,False,14.035007000074984,0.009522999789624,2.560921999929633,22.05708799988315,0.097697999990487,38.76023799966788
D.MOV,71,D,True,D,0.9998412132263184,True,D,True,False,False,False,14.232290999984798,0.0081199998476222,2.412279000054696,22.06549599986829,0.1047349999225844,38.82292099967799
D.MOV,72,D,True,D,0.999829888343811,True,D,True,False,False,False,13.870633000010455,0.007545000016762,2.3351079998974456,21.992599999975937,0.1009319998956925,38.30681799979629
D.MOV,73,D,True,D,0.9997144341468812,True,D,True,False,False,False,13.978837000081512,0.0076480000643641,2.3401469998134417,22.03046499994344,0.0924290000057226,38.44952599990848
D.MOV,74,D,True,D,0.9996720552444458,True,D,True,False,False,False,14.070623000066009,0.0078059999850665,2.3472519999359065,22.05610200007868,0.1391769999372627,38.62096000000293
D.MOV,75,D,True,D,0.99976247549057,True,D,True,False,False,False,13.860291000014511,0.0073090000114461,2.368036000007123,22.055029999819453,0.0993430001017259,38.39000899995426
D.MOV,76,D,True,D,0.9997994303703308,True,D,True,False,False,False,13.960726000050272,0.0083469999481167,2.640601999928549,22.02307400011705,0.0947790001646353,38.72752800020862
D.MOV,77,D,True,D,0.9998677968978882,True,D,True,False,False,False,14.03376100006426,0.007266000011441,2.5481589998435084,22.030215000086173,0.0925189999634312,38.71191999996881
D.MOV,78,D,True,D,0.999912977218628,True,D,True,False,False,False,14.166972999987593,0.0070510000114154,2.325776999896334,22.03421799981697,0.0965509998422931,38.63056999955461
D.MOV,79,D,True,D,0.9999263286590576,True,D,True,False,False,False,14.2329069999505,0.0071679999109619,2.360395999858156,22.01082800002041,0.0987199998689902,38.71001899960902
D.MOV,80,D,True,D,0.99990975856781,True,D,True,False,False,False,14.062772999977824,0.0071990000378718,2.296435000062047,21.97489500008487,0.0942570000006526,38.43555900016327
D.MOV,81,D,True,D,0.99990975856781,True,D,True,False,False,False,14.0130989999534,0.0079300000379589,2.513853999971616,22.076098000070488,0.1138919999448262,38.72487299997829
D.MOV,82,D,True,D,0.9999349117279052,True,D,True,False,False,False,14.060749999998734,0.0085510000644717,2.441316000158622,22.03576300007626,0.0978040000063629,38.64418400030445
D.MOV,83,D,True,D,0.9999394416809082,True,D,True,False,False,False,14.007206999963271,0.0079060000643949,2.320414999985587,21.996295000008104,0.0962819999585917,38.42810499997995
D.MOV,84,D,True,D,0.9999136924743652,True,D,True,False,False,False,14.173609999943436,0.0072829998316592,2.347300999872459,21.997541000018828,0.0923169998259254,38.61805199949231
D.MOV,85,D,True,D,0.9999172687530518,True,D,True,False,False,False,14.120316000003186,0.0084959999639977,2.471158000162177,22.57056799999191,0.0948459999108308,39.2653840000321
D.MOV,86,D,True,D,0.9999386072158812,True,D,True,False,False,False,14.316871000005449,0.0086590000591968,2.6524460001837724,22.68119700011084,0.0957070001277315,39.75488000048699
D.MOV,87,D,True,D,0.9999420642852784,True,D,True,False,False,False,14.1932410000436,0.0070490000325662,2.212761000009777,22.06607800007987,0.0917009999739093,38.57083000013972
D.MOV,88,D,True,D,0.9999560117721558,True,D,True,False,False,False,13.936956999941684,0.0071950000801734,2.44586500002697,22.05114600019442,0.1258639999832667,38.56702700022652
D.MOV,89,D,True,D,0.999958634376526,True,D,True,False,False,False,14.418064999972556,0.0067519999902287,2.9559409999819763,22.034489999896323,0.0926870000057533,39.50793499984684
D.MOV,90,D,True,D,0.99996018409729,True,D,True,False,False,False,14.001478000068346,0.0075689999903261,2.977543999804766,22.673317999988285,0.1033060000281693,39.76321499987989
D.MOV,91,D,True,D,0.9999473094940186,True,D,True,False,False,False,14.018931000009616,0.0089970001226902,2.7168799999799376,22.74219799983257,0.0993510000171227,39.586356999961936
D.MOV,92,D,True,D,0.9999500513076782,True,D,True,False,False,False,14.10991800003103,0.0076500000432133,2.414403999864589,21.99320899990198,0.0955809998686163,38.62076199970943
D.MOV,93,D,True,D,0.9999549388885498,True,D,True,False,False,False,14.216159999932644,0.0069259999690984,2.3709600000074715,22.0293950001178,0.1096650000818044,38.73310600010882
D.MOV,94,D,True,D,0.9999542236328124,True,D,True,False,False,False,14.068488000020809,0.0085340000168798,2.3636270000224613,21.99567100001332,0.0945379999848228,38.53085800005829
D.MOV,95,D,True,D,0.9999569654464722,True,D,True,False,False,False,14.015873000062127,0.006409999969037,2.4590809998699115,22.05533000005744,0.1484750000599888,38.6851690000185
D.MOV,96,D,True,D,0.999951958656311,True,D,True,False,False,False,14.010725999924034,0.0081600001067272,2.318965000085882,22.00088099993991,0.0984370001333445,38.4371690001899
D.MOV,97,D,True,D,0.9999467134475708,True,D,True,False,False,False,14.040899999940848,0.0068310000642668,2.610559000004286,22.065165999947567,0.0896259998626192,38.81308199981959
D.MOV,98,D,True,D,0.999941110610962,True,D,True,False,False,False,14.017824999996265,0.006455000175265,2.337759000056394,22.04490999997688,0.0933999999688239,38.50034900017363
D.MOV,99,D,True,D,0.9999130964279176,True,D,True,False,False,False,14.5497419999856,0.0063480001699645,2.299591000110013,21.99398699985977,0.1025770000069314,38.95224500013228
D.MOV,100,D,True,D,0.999911904335022,True,D,True,False,False,False,14.136682000071232,0.007186000175352,2.300740999999107,22.035106999965137,0.1059510000231966,38.585667000234025
D.MOV,101,D,True,D,0.9999024868011476,True,D,True,False,False,False,15.028970999992453,0.0066039999637723,2.407917000027737,22.116456000048856,0.1070309999704477,39.66697900000327
D.MOV,102,D,True,D,0.9999431371688844,True,D,True,False,False,False,13.919929999929082,0.0187480000022333,2.28667599981236,21.9966250001562,0.1172449999558011,38.33922399985568
D.MOV,103,D,True,D,0.9999459981918336,True,D,True,False,False,False,13.927029999990737,0.0083570000697363,2.422965000050681,22.57244899988109,0.0926590000744909,39.023460000066734
D.MOV,104,D,True,D,0.999935746192932,True,D,True,False,False,False,14.999428000010084,0.0074160000167466,2.658469000152764,22.672970000030546,0.0960219999797118,40.43430500018985
D.MOV,105,D,True,D,0.9999498128890992,True,D,True,False,False,False,14.090285000065704,0.0074310000854893,2.6868949998970493,22.02589599983185,0.0966160000643867,38.90712299994448
D.MOV,106,D,True,D,0.9999547004699708,True,D,True,False,False,False,13.828996000029292,0.0093470000592787,2.3201200001494726,22.151323000116463,0.1066649999756919,38.4164510003302
D.MOV,107,D,True,D,0.999948024749756,True,D,True,False,False,False,13.942307999968762,0.0068750000536965,1.8562320001365151,22.047985000199333,0.0963519999004347,37.94975200025874
D.MOV,108,D,True,D,0.999944806098938,True,D,True,False,False,False,13.89018199995462,0.0068109998210275,2.3631910000858625,22.03403699991213,0.0973619999058428,38.391582999679486
D.MOV,109,D,True,D,0.9998940229415894,True,D,True,False,False,False,13.897619999966082,0.0091260001227055,2.4079669999537145,22.069544000032693,0.0928469999053049,38.4771039999805
D.MOV,110,D,True,D,0.9998693466186525,True,D,True,False,False,False,14.192195999953585,0.0115289999484957,2.7293800001189084,22.73856900001192,0.1758199998675991,39.84749399990051
D.MOV,111,D,True,D,0.9998918771743774,True,D,True,False,False,False,13.93888400002652,0.0077150000379333,1.7433030000120198,22.06467700011672,0.1034120000440452,37.857991000237234
D.MOV,112,D,True,D,0.9999135732650756,True,D,True,False,False,False,14.038599999935286,0.0071130000378616,2.454492999959257,22.01063499978773,0.1258540000890207,38.63669499980915
D.MOV,113,D,True,D,0.9999359846115112,True,D,True,False,False,False,14.251112000010837,0.0079849999110592,2.3260689999915485,22.01422799998909,0.1046239999595854,38.70401799986212
D.MOV,114,D,True,D,0.9999276399612428,True,D,True,False,False,False,14.038199999959032,0.0108890001229156,2.6289979998637136,22.72837099985736,0.1123050001297087,39.51876299993273
D.MOV,115,D,True,D,0.9999419450759888,True,D,True,False,False,False,14.177211999935937,0.007833999916329,2.342515000009371,22.049987999935183,0.0969880002230638,38.67453700001988
D.MOV,116,D,True,D,0.9999021291732788,True,D,True,False,False,False,14.075742000045466,0.0073559999691497,2.35190400007923,22.010311000030924,0.1229609999882086,38.56827400011298
D.MOV,117,D,True,D,0.9998327493667604,True,D,True,False,False,False,14.119543999981945,0.0074309998581156,2.3595689999638125,22.03351899993322,0.1305650000631431,38.65062799980024
D.MOV,118,D,True,D,0.9998470544815063,True,D,True,False,False,False,14.06403099997533,0.0083340000855969,2.6005419999819424,22.077865999790447,0.0914799998099624,38.84225299964328
D.MOV,119,D,True,D,0.9999005794525146,True,D,True,False,False,False,14.06118099998821,0.0067470000431058,2.385024999966845,22.058769000068423,0.0967000000855478,38.60842200015213
D.MOV,120,D,True,D,0.9998815059661864,True,D,True,False,False,False,14.160960000026536,0.0074629999744502,2.3274080001556285,22.08919100007733,0.1101220000236935,38.69514400025764
D.MOV,121,D,True,D,0.9998681545257568,True,D,True,False,False,False,13.974508999922364,0.0075420000484882,2.448551000043153,22.081116000208567,0.1146810000136611,38.62639900023623
D.MOV,122,D,True,D,0.9998565912246704,True,D,True,False,False,False,13.950488000091354,0.0084840000909025,2.4362400001791684,22.003640000093583,0.1024129999223077,38.50126500037732
D.MOV,123,D,True,D,0.99981290102005,True,D,True,False,False,False,14.017962000025364,0.0073009998686757,2.356189000011,22.16176899992206,0.0960170000325888,38.63923799985969
D.MOV,124,D,True,D,0.9997339844703674,True,D,True,False,False,False,13.988709000045674,0.0082839999322459,2.2961950000990328,22.01390400000492,0.0935919999847101,38.400684000066576
D.MOV,125,D,True,D,0.9996395111083984,True,D,True,False,False,False,13.977500000009968,0.0064219998421322,2.3477759998513648,22.13790499990864,0.097185000186073,38.56678799979818
D.MOV,126,D,True,D,0.999664068222046,True,D,True,False,False,False,14.286902999970152,0.0080629999956727,2.386515999887706,22.022977000005994,0.1175040001726301,38.82196300003216
D.MOV,127,D,True,D,0.999728262424469,True,D,True,False,False,False,14.01029600003767,0.0065809999796329,2.3184300000593794,21.96408200006772,0.1112429999921005,38.4106320001365
D.MOV,128,D,True,D,0.9997181296348572,True,D,True,False,False,False,14.1214760000139,0.0215779998598009,2.396978000206218,22.04554200011444,0.0933230001010088,38.678897000295365
D.MOV,129,D,True,D,0.9997164607048036,True,D,True,False,False,False,13.9933820000806,0.0073599999268481,2.51677699998254,22.07322399999612,0.1040219999595137,38.69476499994562
D.MOV,130,D,True,D,0.9997370839118958,True,D,True,False,False,False,13.960733999965669,0.0085830001808062,2.3681090001446137,22.05050599991409,0.0933960000111255,38.48132800021631
D.MOV,131,D,True,D,0.9997697472572328,True,D,True,False,False,False,13.98900800006686,0.0072369998633803,2.3666939998747694,22.062075999883746,0.1245230000677111,38.54953799975647
D.MOV,132,D,True,D,0.9997244477272034,True,D,True,False,False,False,14.028452000047764,0.0067849998686142,2.4506620000011026,21.97825899997952,0.0914509998892754,38.55560899978627
D.MOV,133,D,True,D,0.999714195728302,True,D,True,False,False,False,14.063468000017563,0.0064719999954832,2.4834430000737484,22.02829899988501,0.1060269999015872,38.687708999873394
D.MOV,134,D,True,D,0.9996789693832396,True,D,True,False,False,False,13.991536000048654,0.0103509999007656,2.5163360000988177,22.06448899983116,0.1196700000036798,38.70238199988307
D.MOV,135,D,True,D,0.9997718930244446,True,D,True,False,False,False,13.897315000008348,0.0064369999108748,2.338251000082892,21.9606659998135,0.0968100000591221,38.29947899987474
D.MOV,136,D,True,D,0.999649167060852,True,D,True,False,False,False,13.95990800006075,0.0194790000023203,2.387922000025356,22.00677000018913,0.0989539998954569,38.47303300017302
D.MOV,137,D,True,D,0.9997972846031188,True,D,True,False,False,False,14.01737799994862,0.0077009999586152,2.429669000093781,22.05242100012584,0.094195999963631,38.60136500009048
D.MOV,138,D,True,D,0.9996211528778076,True,D,True,False,False,False,13.882698999964305,0.0086879999798838,2.44495500010089,22.041500999876007,0.1063080001131311,38.48415100003422
D.MOV,139,D,True,D,0.9996697902679444,True,D,True,False,False,False,13.988055000027089,0.0072390000696032,2.5327840000954893,22.090591000051063,0.0932479999846691,38.71191700022791
D.MOV,140,D,True,D,0.9997410178184508,True,D,True,False,False,False,14.182696000034412,0.0084430000697466,2.39484500002618,22.028308000017205,0.1010110001971043,38.71530300034465
D.MOV,141,D,True,D,0.999815046787262,True,D,True,False,False,False,14.027102999989438,0.007470999889847,2.4196680001296045,22.011958999883063,0.1165429998764011,38.582743999768354
D.MOV,142,D,True,D,0.9998100399971008,True,D,True,False,False,False,14.195878000009545,0.0070280000272759,2.366328000107387,22.00012599996625,0.09022700010064,38.659587000211104
D.MOV,143,D,True,D,0.9998490810394288,True,D,True,False,False,False,14.012825000008888,0.0073189999056921,2.326469000081488,22.060652000163827,0.0901970001905283,38.49746200035042
D.MOV,144,D,True,D,0.9998490810394288,True,D,True,False,False,False,14.076921999958358,0.0084739999692828,2.368540000134089,22.144367999999304,0.0952929999584739,38.69359700001951
D.MOV,145,D,True,D,0.9998675584793092,True,D,True,False,False,False,14.05904900002497,0.0076459998581412,2.312997999979416,22.04376399981811,0.1022809999540186,38.52573799963466
D.MOV,146,D,True,D,0.9998664855957032,True,D,True,False,False,False,14.007667999976547,0.0083620000168593,2.322564999985844,22.066807000101107,0.1237160001892334,38.52911800026959
D.MOV,147,D,True,D,0.9999037981033324,True,D,True,False,False,False,14.1016000000036,0.0074429999585845,2.4421590001111326,22.13510599995061,0.1075329998911911,38.79384099991512
D.MOV,148,D,True,D,0.9999105930328368,True,D,True,False,False,False,13.977375000081338,0.0080859999798121,2.38821400012057,22.046020000061617,0.1089219999812485,38.528617000224585
D.MOV,149,D,True,D,0.9998703002929688,True,D,True,False,False,False,14.076766000016503,0.0065100000483653,2.3540560000583355,21.98116499994285,0.1021349999064114,38.52063199997247
D.MOV,150,D,True,D,0.9998382329940796,True,D,True,False,False,False,13.867602999994231,0.0081950001913355,2.380864000087968,22.03155300003345,0.0964060000114841,38.38462100031848
D.MOV,151,D,True,D,0.9998284578323364,True,D,True,False,False,False,15.661838000028183,0.0073090000114461,2.358904999937294,22.05216100014696,0.105149000091842,40.18536200021572
D.MOV,152,D,True,D,0.999842643737793,True,D,True,False,False,False,14.029299999947398,0.0072940001700771,2.326528999901712,22.00207300006696,0.0967920000221056,38.46198800010825
D.MOV,153,D,True,D,0.9998225569725036,True,D,True,False,False,False,13.809597000090434,0.0065450001329736,2.491631999873789,22.07697199992253,0.0913270000637567,38.47607300008349
D.MOV,154,D,True,D,0.9997718930244446,True,D,True,False,False,False,13.897050999958084,0.0063899999531713,2.3033249999571126,21.993453000050067,0.0942189999477705,38.29443799986621
D.MOV,155,D,True,D,0.9999161958694458,True,D,True,False,False,False,13.746557999979814,0.0055219998102984,2.3075730000527983,22.00044400001389,0.0941360001434077,38.15423300000021
E.MOV,0,E,True,E,0.994797945022583,True,E,True,False,False,False,14.172720000033223,0.00875000000633,1.8424980000872893,22.13998599995648,0.0984820001121988,38.26243600019552
E.MOV,1,E,True,E,0.9927052855491638,True,E,True,False,False,False,14.09088499997324,0.0077370000326482,1.66742700002942,22.04054200001337,0.1112920001560269,37.91788300020471
E.MOV,2,E,True,E,0.995466947555542,True,E,True,False,False,False,13.962885999944774,0.0070969999796943,1.6250789999503468,22.018483000010747,0.1013450000755256,37.71488999996109
E.MOV,3,E,True,E,0.9947896003723145,True,E,True,False,False,False,13.87731900001654,0.0075159998687013,2.369662000091921,22.061204999999973,0.0990730000012263,38.41477499997836
E.MOV,4,E,True,E,0.994310975074768,True,E,True,False,False,False,13.912028999925496,0.007675000006202,2.3045030000048428,22.022585000058825,0.1035819998378428,38.35037399983321
E.MOV,5,E,True,E,0.994173228740692,True,E,True,False,False,False,14.03118199993969,0.0075180000749242,2.2786909999013005,22.05852900010541,0.1003109998691798,38.4762309998905
E.MOV,6,E,True,E,0.9960408210754396,True,E,True,False,False,False,14.01721100000941,0.00608999994256,2.2031669998341386,22.00487900017833,0.1198370000565773,38.35118400002102
E.MOV,7,E,True,E,0.9949278831481934,True,E,True,False,False,False,13.987023000026966,0.0064200000906566,1.597461000073963,21.998781000093004,0.0978419998318713,37.68752700011646
E.MOV,8,E,True,E,0.995669722557068,True,E,True,False,False,False,13.93517899998642,0.0067290000060893,2.2716450000643817,21.988298999986,0.0911419999738427,38.29299400001673
E.MOV,9,E,True,E,0.9966170191764832,True,E,True,False,False,False,14.102130999958716,0.0068770000325457,2.309151999952519,22.059650999835867,0.1072889999704784,38.58509999975013
E.MOV,10,E,True,E,0.9964080452919006,True,E,True,False,False,False,13.894396999944547,0.0079789999745116,1.5787370000452938,22.07205500008058,0.1120859999446111,37.665253999989545
E.MOV,11,E,True,E,0.995486319065094,True,E,True,False,False,False,14.738074999968376,0.0082839999322459,2.281682000102592,22.0665529998314,0.1471319999382103,39.241725999772825
E.MOV,12,E,True,E,0.9957356452941896,True,E,True,False,False,False,14.45828700002494,0.0077930001225468,1.591809000046851,21.989827999959743,0.0933410001380252,38.141058000292105
E.MOV,13,E,True,E,0.9976211190223694,True,E,True,False,False,False,14.083468999956494,0.0085149999904388,1.7110740000134683,22.07339899996441,0.1079220000974601,37.98437900002227
E.MOV,14,E,True,E,0.9956865310668944,True,E,True,False,False,False,13.96665300001132,0.0077749998581566,2.3592179998104257,22.02810600010708,0.0970780001807725,38.45882999996775
E.MOV,15,E,True,E,0.9963619112968444,True,E,True,False,False,False,14.047451999999794,0.0067720000060944,2.255743999967308,22.01358899992556,0.1102839999020943,38.43384099980085
E.MOV,16,E,True,E,0.9959718585014344,True,E,True,False,False,False,13.846229000023412,0.0073999999585794,2.2817070000655804,22.008120000009512,0.0950000001012085,38.23845600015829
E.MOV,17,E,True,E,0.9966639876365662,True,E,True,False,False,False,13.918617999934211,0.0066439999955036,1.654030000054263,22.00576900008855,0.1032739999118348,37.68833499998436
E.MOV,18,E,True,E,0.9971686005592346,True,E,True,False,False,False,14.061522000019975,0.0082299998211965,1.5749440001400217,22.08610499997121,0.1036200001180986,37.834421000070506
E.MOV,19,E,True,E,0.997267723083496,True,E,True,False,False,False,13.910890999909498,0.0071939998633752,1.6506239999216632,22.05861900006312,0.0953080000272166,37.72263599978487
E.MOV,20,E,True,E,0.9922726154327391,True,E,True,False,False,False,13.863032000017483,0.0076039998475607,2.374055000018416,22.16775300007612,0.1038350001181243,38.5162790000777
E.MOV,21,E,True,E,0.9963072538375854,True,E,True,False,False,False,13.89022599994405,0.0068950000695622,2.2410750000290136,22.003984999855675,0.0991980000435432,38.24137899994184
E.MOV,22,E,True,E,0.9952089190483092,True,E,True,False,False,False,13.912533000052465,0.0073280000378872,1.681353000094532,22.01195900011044,0.0960679999479907,37.70924100024331
E.MOV,23,E,True,E,0.995294988155365,True,E,True,False,False,False,13.980362999973297,0.0067670000589714,2.28149100007613,22.010319999935746,0.0913879998734046,38.37032899991755
E.MOV,24,E,True,E,0.9946718811988832,True,E,True,False,False,False,13.877968000088003,0.0073950000114564,2.270643999963795,22.046350999971764,0.1147140001194202,38.31707200015444
E.MOV,25,E,True,E,0.9943049550056458,True,E,True,False,False,False,13.929538000070352,0.0077340000643744,1.661762000139788,21.991601000081573,0.1051660001394338,37.69580100049552
E.MOV,26,E,True,E,0.9975010752677916,True,E,True,False,False,False,13.85629499998231,0.0073849998898367,2.303220999920086,22.006999000041105,0.0920449999739503,38.26594499980729
E.MOV,27,E,True,E,0.9956329464912416,True,E,True,False,False,False,13.8997430000245,0.0066949999109056,2.221352000105981,22.02105000014853,0.0960350000696053,38.244875000259526
E.MOV,28,E,True,E,0.9952394962310792,True,E,True,False,False,False,13.839045000054284,0.007992999826456,2.425084999913452,22.02665699996942,0.0976050000645045,38.39638499982812
E.MOV,29,E,True,E,0.9941650032997132,True,E,True,False,False,False,14.013603999956104,0.0071029999162419,2.317698000069868,22.019847999899863,0.0957740001013007,38.45402699994338
E.MOV,30,E,True,E,0.988922119140625,True,E,True,False,False,False,13.964430999976685,0.0084179998793842,2.2250329998314555,22.017757999947207,0.0984410000910429,38.314080999725775
E.MOV,31,E,True,E,0.9968151450157166,True,E,True,False,False,False,13.94575300002998,0.0072240000008605,2.25193300002502,22.02762799993252,0.1048059998538519,38.33734399984223
E.MOV,32,E,True,E,0.9950621724128724,True,E,True,False,False,False,13.866096000015204,0.0071419999585486,2.299044999972466,22.01421199993092,0.0954679999267682,38.28196299980391
E.MOV,33,E,True,E,0.9932863116264344,True,E,True,False,False,False,13.8548609999134,0.0066929999320564,1.6414680001162196,22.065054999984568,0.0957779998316255,37.66385499977787
E.MOV,34,E,True,E,0.9936622381210328,True,E,True,False,False,False,14.00874900002691,0.0075890000061917,1.6211470001508133,22.099716999946395,0.1198350000777281,37.85703700020804
E.MOV,35,E,True,E,0.9909634590148926,True,E,True,False,False,False,13.820386000020337,0.0070240000695775,1.6206370000872994,22.00805200004652,0.0951459999214421,37.55124500014517
E.MOV,36,E,True,E,0.9943124055862428,True,E,True,False,False,False,13.854232999960914,0.0069620000431314,1.6764990000410762,21.99419599992325,0.0931199999740783,37.62500999994245
E.MOV,37,E,True,E,0.9884964227676392,True,E,True,False,False,False,14.109518000054775,0.0089010000010603,2.5067429999126034,22.016318999931173,0.1129530000980594,38.75443399999767
E.MOV,38,E,True,E,0.9888019561767578,True,E,True,False,False,False,13.885436000009577,0.006996999900366,1.7070619999230985,22.02505100012786,0.095172000101229,37.71971800006213
E.MOV,39,E,True,E,0.9948002099990844,True,E,True,False,False,False,14.027100000021164,0.0074970000696339,1.6407559999152,21.994693000124244,0.1218419999986508,37.79188800012889
E.MOV,40,E,True,E,0.99635648727417,True,E,True,False,False,False,13.901979000024768,0.0070529999902646,1.6203820000555424,22.07599200005461,0.0934229999529634,37.69882900007815
E.MOV,41,E,True,E,0.9957178235054016,True,E,True,False,False,False,14.11476099997344,0.0067529999796533,1.6535669999484526,22.03014700012318,0.0977499998953135,37.90297799992004
E.MOV,42,E,True,E,0.9971103072166444,True,E,True,False,False,False,13.886261999914495,0.0080199999956676,1.672676999987743,21.98869700009709,0.1442780001070787,37.69993400010208
E.MOV,43,E,True,E,0.9963304400444032,True,E,True,False,False,False,14.390190999961304,0.0076520000220625,1.603674000079991,22.023419999868565,0.1028960000439838,38.12783299997591
E.MOV,44,E,True,E,0.9870332479476928,True,E,True,False,False,False,14.105522000022576,0.0072819998422346,2.337276000162092,22.04587999995056,0.115349999987302,38.61130999996476
E.MOV,45,E,True,E,0.967381477355957,True,E,True,False,False,False,14.229234000026736,0.0064860000748012,2.262676000100328,21.991671000023416,0.1042380001763376,38.59430500040162
E.MOV,46,E,True,E,0.9701613783836364,True,E,True,False,False,False,13.94780099997206,0.0070959999902697,2.2698249999848485,22.01007999997273,0.1182930000140913,38.353094999934
E.MOV,47,E,True,E,0.9834954142570496,True,E,True,False,False,False,13.885232999996331,0.0077180000062071,1.7823519999637938,22.04224799993426,0.1271509997877729,37.84470199968837
E.MOV,48,E,True,E,0.9891589283943176,True,E,True,False,False,False,13.840049999998882,0.0080699999216449,1.6082629999800702,22.073633999980306,0.1288539999677596,37.65887099984866
E.MOV,49,E,True,E,0.9886252880096436,True,E,True,False,False,False,13.866015000076004,0.0063469999531662,1.6937399998369074,21.98346600016521,0.108485999817276,37.65805399984856
E.MOV,50,E,True,E,0.9910759925842284,True,E,True,False,False,False,13.932074999956969,0.0071209999532584,1.6413760001796618,22.018325000090044,0.0938700000006065,37.69276700018054
E.MOV,51,E,True,E,0.9960252046585084,True,E,True,False,False,False,14.031450999937078,0.0065850001647049,1.6868690001956566,22.01796000008472,0.0935529999424034,37.83641800032456
E.MOV,52,E,True,E,0.9969894289970398,True,E,True,False,False,False,13.913725999941562,0.0080509998952038,1.8662400000266643,22.042327999997724,0.0948439999319816,37.925188999793136
E.MOV,53,E,True,E,0.9900447726249696,True,E,True,False,False,False,14.022598999986258,0.0068190001911716,1.630369999929826,22.01080399981948,0.1133779999236139,37.78396999985034
E.MOV,54,E,True,E,0.9943469166755676,True,E,True,False,False,False,13.920768999923894,0.0073020000854739,1.7492659999334137,21.99579399984941,0.1182170001357008,37.79134799992789
E.MOV,55,E,True,E,0.9942164421081544,True,E,True,False,False,False,13.856491000069582,0.0069470002017624,1.6375989998778095,22.071376999974746,0.0974100000803446,37.66982400020424
E.MOV,56,E,True,E,0.9936230778694152,True,E,True,False,False,False,13.84659100006047,0.0064539999584667,1.6781649999302315,22.03860699978577,0.0923089999105286,37.66212599964547
E.MOV,57,E,True,E,0.997574746608734,True,E,True,False,False,False,14.011389999950552,0.0076620001436822,1.6194350000660052,22.05218700009937,0.1492000001235283,37.83987400038313
E.MOV,58,E,True,E,0.9980429410934448,True,E,True,False,False,False,13.961187000063546,0.0077950001013959,2.553863999992245,22.0611470001586,0.1087470000129542,38.69274000032874
E.MOV,59,E,True,E,0.9978907704353333,True,E,True,False,False,False,14.00393400001576,0.006712999947922,2.3288929999125685,22.067534999905547,0.0928279998788639,38.49990299966066
E.MOV,60,E,True,E,0.997967541217804,True,E,True,False,False,False,14.087977999906798,0.0074309998581156,2.261397999973269,21.971435999830646,0.1093349999337078,38.43757799950254
E.MOV,61,E,True,E,0.9981379508972168,True,E,True,False,False,False,14.141199999926355,0.0081020000379794,1.7152749999240768,22.143184000015022,0.0968319998264632,38.1045929997299
E.MOV,62,E,True,E,0.9973914623260498,True,E,True,False,False,False,13.920049000034853,0.0138070001867163,2.3290340000130527,22.01975000002676,0.1064599998699122,38.38910000013129
E.MOV,63,E,True,E,0.9976757168769836,True,E,True,False,False,False,14.048669999965568,0.0064960001964209,2.3310860001402034,22.00861400001486,0.094195999963631,38.48906200028068
E.MOV,64,E,True,E,0.9960697889328004,True,E,True,False,False,False,14.192784999977448,0.007191999884526,1.6410629998517834,22.1171799998956,0.1195649999772285,38.07778499958658
E.MOV,65,E,True,E,0.994429647922516,True,E,True,False,False,False,14.020932999983415,0.0072230000114359,2.2495109999454144,22.040103000108505,0.0911560000531608,38.40892600010193
E.MOV,66,E,True,E,0.9968275427818298,True,E,True,False,False,False,14.089130000002116,0.0086550001014984,2.225625000164655,22.0365390000552,0.0947099999848433,38.45465900030831
E.MOV,67,E,True,E,0.9980649352073668,True,E,True,False,False,False,14.171809999993457,0.0080229999639414,1.7200309998770535,22.188210999956937,0.1070369999069953,38.19511199969838
E.MOV,68,E,True,E,0.99756121635437,True,E,True,False,False,False,13.901481000061722,0.0079740000273886,1.7951319998701365,22.06929800013313,0.095102000159386,37.86898700025176
E.MOV,69,E,True,E,0.9985820055007936,True,E,True,False,False,False,14.24517600003128,0.0079629999163444,1.6877139998996429,22.010279000141963,0.0973510000221722,38.0484830000114
E.MOV,70,E,True,E,0.9940921664237976,True,E,True,False,False,False,14.169683999966765,0.0072749999162624,1.6508190001331968,21.9956649998494,0.1293010000154026,37.95274399988102
E.MOV,71,E,True,E,0.9967492818832396,True,E,True,False,False,False,14.066474999935965,0.0069400000484165,2.283086000034018,22.00346199992964,0.1099680000606895,38.46993100000873
E.MOV,72,E,True,E,0.9963241815567015,True,E,True,False,False,False,13.890258000060385,0.0081349999163649,2.309147000005396,22.04799699984505,0.0977529998635873,38.35328999969079
E.MOV,73,E,True,E,0.9956976175308228,True,E,True,False,False,False,13.94632200003798,0.0098259999958827,2.6817420000497805,22.07641399991189,0.1051389999702223,38.81944299996576
E.MOV,74,E,True,E,0.9961275458335876,True,E,True,False,False,False,13.977697999962402,0.0089980001121148,1.795515000139858,22.082879999970828,0.1088809999600926,37.973972000145295
E.MOV,75,E,True,E,0.9952024221420288,True,E,True,False,False,False,13.994656000022587,0.0072850000378821,1.6217439999763883,22.03453600009197,0.0936610001645021,37.751882000293335
E.MOV,76,E,True,E,0.9952021837234496,True,E,True,False,False,False,13.906761000043844,0.0069799998527741,1.6012639998734812,22.038814999859824,0.0909170000795711,37.64473699970949
E.MOV,77,E,True,E,0.9973588585853576,True,E,True,False,False,False,13.969943000006424,0.0111279998691316,2.6154249999308377,23.091169000053924,0.179906000084884,39.8675709999452
E.MOV,78,E,True,E,0.9928089380264282,True,E,True,False,False,False,14.273521000063738,0.0090559999534889,2.4869540000054258,22.03795400009767,0.0918230000479525,38.89930800016828
E.MOV,79,E,True,E,0.9938808679580688,True,E,True,False,False,False,14.008343000000425,0.0070819999109517,2.2859519999656186,21.973845999809782,0.1160040001195739,38.39122699980635
E.MOV,80,E,True,E,0.9929654598236084,True,E,True,False,False,False,14.152749000004404,0.0087249998159677,1.8132870000044927,22.08040000004985,0.1061979999121831,38.1613589997869
E.MOV,81,E,True,E,0.9925106763839722,True,E,True,False,False,False,14.056448000019373,0.0073010000960493,2.2470230001090385,22.04160399992361,0.0930389999211911,38.44541500006926
E.MOV,82,E,True,E,0.9957102537155152,True,E,True,False,False,False,13.893870000060817,0.0073040000643231,2.367005999985849,22.075582000070423,0.1078970001344714,38.451659000315885
E.MOV,83,E,True,E,0.993131458759308,True,E,True,False,False,False,14.09873099999004,0.0075170000854996,2.299345999972502,22.00952800012601,0.0942809999742166,38.50940300014827
E.MOV,84,E,True,E,0.9922263622283936,True,E,True,False,False,False,15.755263000073684,0.0080910001543088,2.339685000151804,22.098465999988548,0.0917639999897801,40.29326900035812
E.MOV,85,E,True,E,0.9968993663787842,True,E,True,False,False,False,14.268863999973291,0.0063659999796072,2.243183000018689,22.092057000008936,0.101582000070266,38.71205200005079
E.MOV,86,E,True,E,0.9977315068244934,True,E,True,False,False,False,13.777689000107785,0.0068159999955241,2.3958879999099736,21.99967999990804,0.0938070002121094,38.27388000013343
E.MOV,87,E,True,E,0.987269639968872,True,E,True,False,False,False,13.993767999977536,0.0067869998474634,2.2830660000181524,22.00745699997242,0.0925179999740066,38.38359599978958
E.MOV,88,E,True,E,0.9332784414291382,True,E,True,False,False,False,14.024976999962746,0.0076390001595427,2.369684000086636,22.09661500000948,0.0979050000751158,38.59682000029352
E.MOV,89,E,True,E,0.9500982165336608,True,E,True,False,False,False,13.928544000009424,0.0069400000484165,2.28881300017747,22.014837000142503,0.0936649998948269,38.33279900027264
E.MOV,90,E,True,E,0.9333730340003968,True,E,True,False,False,False,13.99664699999903,0.0072529999215475,2.2645980000106647,21.983262999810904,0.0934419999794045,38.34520299972155
E.MOV,91,E,True,E,0.9243084192276,True,E,True,False,False,False,14.052023999965968,0.006902999984959,2.2377279999545863,21.99155699986477,0.0984399998742446,38.38665199964453
E.MOV,92,E,True,E,0.9376447796821594,True,E,True,False,False,False,14.00443099998938,0.0085389999640028,1.6597840001395523,22.03392499995971,0.0996230000964715,37.80630200014912
E.MOV,93,E,True,E,0.9464569687843324,True,E,True,False,False,False,14.26636700000472,0.0096450000910408,2.3186710000118183,22.005655999919327,0.1148540000031062,38.71519300003001
E.MOV,94,E,True,E,0.9454041719436646,True,E,True,False,False,False,14.045669999973144,0.0077360000432236,1.6570259999753034,22.0143179999468,0.091781000037372,37.81653099997584
E.MOV,95,E,True,E,0.9031718969345092,True,E,True,False,False,False,13.923165999926823,0.0065320000430801,1.5918209999199462,22.06810400002724,0.0985079998372384,37.68813099975432
E.MOV,96,E,True,E,0.8835618495941162,True,E,True,False,False,False,14.040281999996296,0.0064470000324945,1.6331480001099408,22.044007000204147,0.090316000068924,37.8142000004118
E.MOV,97,E,True,E,0.9446295499801636,True,E,True,False,False,False,13.929728999983126,0.0075999998898623,1.624508000077185,22.033249999822143,0.1025669998853118,37.69765399965763
E.MOV,98,E,True,E,0.996248424053192,True,E,True,False,False,False,14.089263999949251,0.0074069998845516,1.7141490000085469,22.017654000137554,0.0906569998733175,37.91913099985322
E.MOV,99,E,True,E,0.9512141346931458,True,E,True,False,False,False,13.889628000015364,0.0065809999796329,1.6272920001938471,22.0344849999492,0.095949000069595,37.65393500020764
E.MOV,100,E,True,E,0.9969505071640016,True,E,True,False,False,False,13.92726999995375,0.0077729998793074,1.7208590002155688,22.02723699997477,0.0932079999529378,37.77634699997634
E.MOV,101,E,True,E,0.996684730052948,True,E,True,False,False,False,13.939949000018714,0.0069609998263331,1.6089989999272802,22.11169199995311,0.1447249999273481,37.81232599965279
E.MOV,102,E,True,E,0.9977462887763976,True,E,True,False,False,False,13.868059000060384,0.0077029999374644,1.653272000112338,22.083914999939225,0.1099209998756123,37.722869999925024
E.MOV,103,E,True,E,0.994847297668457,True,E,True,False,False,False,13.812408000035248,0.006679000080112,1.618363000034151,21.964898999840443,0.0928640001802705,37.495213000170224
E.MOV,104,E,True,E,0.9971641898155212,True,E,True,False,False,False,13.934577999975772,0.0078739999480603,1.7075839998597075,22.091287999955966,0.1018339999063755,37.84315799964588
E.MOV,105,E,True,E,0.9975946545600892,True,E,True,False,False,False,14.46587600003113,0.0065570000060688,1.5790580000611951,21.998677000055977,0.0924450000638898,38.14261300021826
E.MOV,106,E,True,E,0.9962419271469116,True,E,True,False,False,False,13.97631800000454,0.0082920000750164,2.2854470000766014,22.22504899987144,0.0968089998423238,38.59191499986992
E.MOV,107,E,True,E,0.9923210740089417,True,E,True,False,False,False,14.012914999966595,0.0072830000590329,2.612148000025627,22.857380000004923,0.1281039999412314,39.61782999999741
E.MOV,108,E,True,E,0.993693232536316,True,E,True,False,False,False,13.999528999988796,0.0091550000433926,2.9602360000353656,22.01528299997335,0.0985030001174891,39.0827060001584
E.MOV,109,E,True,E,0.996015727519989,True,E,True,False,False,False,14.053398999976707,0.0071310000748781,2.2953499999403,22.00193700014097,0.1004010000542621,38.45821800018712
E.MOV,110,E,True,E,0.9878657460212708,True,E,True,False,False,False,13.996957000017574,0.0093629998900723,2.293794000024718,22.01871400006894,0.0960539998686726,38.414881999869976
E.MOV,111,E,True,E,0.9930688142776488,True,E,True,False,False,False,13.880564000032791,0.0075319999268685,2.344489999813959,22.020167999926343,0.0945640001646097,38.34731799986457
E.MOV,112,E,True,E,0.9924492835998536,True,E,True,False,False,False,14.188406000016585,0.0081799998952192,2.2126230001049407,22.001219999992827,0.1010220000807748,38.51145100009035
E.MOV,113,E,True,E,0.9966932535171508,True,E,True,False,False,False,14.019855000015014,0.0076809999427496,2.264602999957788,22.055146999946373,0.0994580000224232,38.44674399988435
E.MOV,114,E,True,E,0.99461030960083,True,E,True,False,False,False,14.184198000066315,0.0094030001491773,2.273063999837177,22.03083999984301,0.1037029999224614,38.60120799981814
E.MOV,115,E,True,E,0.9914132356643676,True,E,True,False,False,False,14.09936100003506,0.007237000090754,2.26274800002102,22.02823800007536,0.0941779999266145,38.49176200014881
E.MOV,116,E,True,E,0.9969300627708436,True,E,True,False,False,False,13.908787000104894,0.006777999942642,2.380302000119628,22.02716900001178,0.1059730000179115,38.42900900019686
E.MOV,117,E,True,E,0.9963167905807496,True,E,True,False,False,False,13.998752000020431,0.0068560000272555,2.216378999946756,22.00878100006776,0.1038749999224819,38.33464299998468
E.MOV,118,E,True,E,0.9859822988510132,True,E,True,False,False,False,14.052567000021554,0.0209930001346947,2.271222999979728,22.050514000056864,0.096377999852848,38.49167500004569
E.MOV,119,E,True,E,0.9893835186958312,True,E,True,False,False,False,13.963874999944892,0.0080990000697056,2.249057999961224,22.039263000124265,0.1034409999647323,38.36373600006482
E.MOV,120,E,True,E,0.9913312196731568,True,E,True,False,False,False,14.012056999945344,0.0072679999902902,2.1934730000339187,22.00792499979798,0.1092490001610713,38.3299719999286
E.MOV,121,E,True,E,0.955316126346588,True,E,True,False,False,False,13.897335000024214,0.0070410001171694,1.683499999899141,21.99569899994458,0.1141060001828009,37.697681000167904
E.MOV,122,E,True,E,0.9430115222930908,True,E,True,False,False,False,13.92527500001961,0.0074839999797404,2.349611999989065,22.04932299991924,0.1283259998672292,38.460019999774886
E.MOV,123,E,True,E,0.9459894895553588,True,E,True,False,False,False,13.921151000090504,0.0071399999796994,1.6706159999557713,22.013470000047164,0.1005510000595677,37.71292800013271
E.MOV,124,E,True,E,0.9608092308044434,True,E,True,False,False,False,14.139378999971086,0.0141689999964,2.310108000074252,21.99872999995023,0.0917560000743833,38.55414200006635
E.MOV,125,E,True,E,0.9610710740089417,True,E,True,False,False,False,14.12498100000903,0.0079849999110592,2.2741370000858296,22.04893099997207,0.111215000060838,38.56724900003883
E.MOV,126,E,True,E,0.9604144096374512,True,E,True,False,False,False,14.085217999991071,0.0073999999585794,2.240766000113581,22.00232099994537,0.1092420000077254,38.44494700001633
E.MOV,127,E,True,E,0.9917885661125184,True,E,True,False,False,False,13.980292999917763,0.0067239998315926,2.3708329999863054,22.08594500007166,0.0941200000852404,38.53791499989256
E.MOV,128,E,True,E,0.9886310696601868,True,E,True,False,False,False,14.177556000049664,0.0070219998633547,2.2964459999457176,22.00610899990352,0.0946329998896544,38.58176599965191
E.MOV,129,E,True,E,0.9863414168357848,True,E,True,False,False,False,13.98880299996108,0.0072760001330607,1.827902000059112,22.052691999988383,0.1173900000139838,37.99406300015562
E.MOV,130,E,True,E,0.9958810806274414,True,E,True,False,False,False,13.87978299999304,0.0072760001330607,2.27500300002248,22.00584900015201,0.0967410001067037,38.264652000407295
E.MOV,131,E,True,E,0.9977898597717284,True,E,True,False,False,False,13.922900000011396,0.008266999884654,2.233011999805967,22.029974999895785,0.1248510000095848,38.31900499960739
E.MOV,132,E,True,E,0.9934095144271852,True,E,True,False,False,False,13.958387000002404,0.0070900000537221,1.5892229998826224,22.04700600009346,0.0941060000059224,37.69581200003813
E.MOV,133,E,True,E,0.9978063702583312,True,E,True,False,False,False,13.943805000053544,0.0076520000220625,1.6345950000413725,22.009642000057283,0.0957380000272678,37.69143200020153
E.MOV,134,E,True,E,0.9965873956680298,True,E,True,False,False,False,13.84933400004229,0.0084529999639926,1.7417120000118302,22.18960400000469,0.1058099999227124,37.89491299994552
E.MOV,135,E,True,E,0.9982346296310424,True,E,True,False,False,False,13.95328499995685,0.0068959998316131,1.64078999978301,22.042071999976542,0.0952779998897312,37.73832099943775
E.MOV,136,E,True,E,0.9958457350730896,True,E,True,False,False,False,14.009052000005797,0.0084819998846796,2.2953709999455896,22.03120699982719,0.1080489998912526,38.45216099955451
E.MOV,137,E,True,E,0.9909881949424744,True,E,True,False,False,False,14.13915300008739,0.0072730001647869,2.4041449999003817,22.013042999788013,0.100382000027821,38.66399599996839
E.MOV,138,E,True,E,0.9914345741271972,True,E,True,False,False,False,13.702160999969236,0.0069320001330197,2.2491309998713405,21.95254600019325,0.0974849999693105,38.00825500013616
E.MOV,139,E,True,E,0.9925204515457152,True,E,True,False,False,False,14.097537999987251,0.0069310001435951,1.6402410001319367,22.02579400000104,0.1033559999541466,37.87386000021797
E.MOV,140,E,True,E,0.9900723695755004,True,E,True,False,False,False,13.913972999944235,0.0072679999902902,1.6595720001078007,21.998377999807417,0.1013940000120783,37.68058499986182
E.MOV,141,E,True,E,0.9938532114028932,True,E,True,False,False,False,13.923890000000938,0.007456000048478,1.8957590000354685,22.07152000005408,0.1678520000041317,38.066477000143095
E.MOV,142,E,True,E,0.9899489879608154,True,E,True,False,False,False,13.92178900005092,0.0090579999323381,1.6505629998846416,22.0999750001738,0.115164999897388,37.79654999993909
F.MOV,0,F,True,F,0.9998657703399658,True,F,True,False,False,False,14.22810799999752,0.0077800000326533,2.49536900014391,22.09342200012543,0.1036480000493611,38.92832700034887
F.MOV,1,F,True,F,0.9998350143432616,True,F,True,False,False,False,14.107588999991094,0.0079079998158704,2.4130799999966257,22.03770899996016,0.1089750001028733,38.67526099986662
F.MOV,2,F,True,F,0.99983549118042,True,F,True,False,False,False,14.034347000006164,0.0078119999216141,2.455564999991111,21.971767999957592,0.0941440000588045,38.563635999935286
F.MOV,3,F,True,F,0.999800980091095,True,F,True,False,False,False,13.818439000033322,0.0080879999586613,2.3777330000029906,21.99930000006134,0.0909419998151861,38.2945019998715
F.MOV,4,F,True,F,0.9997281432151794,True,F,True,False,False,False,14.168863999998392,0.0076999999691906,1.825287999963621,22.12482300001284,0.0962489998528326,38.22292399979688
F.MOV,5,F,True,F,0.999657154083252,True,F,True,False,False,False,14.345632999948066,0.0072319999162573,1.703118000023096,22.03586600012386,0.1124640000398358,38.20431300005112
F.MOV,6,F,True,F,0.9995276927947998,True,F,True,False,False,False,14.127638999980263,0.0082929998370673,2.403404999995473,22.057463000010102,0.0986019999800191,38.695401999802925
F.MOV,7,F,True,F,0.9996379613876344,True,F,True,False,False,False,14.015950999919369,0.0082440001278882,2.3969620001480507,21.99448400006077,0.0935299999582639,38.50917100021434
F.MOV,8,F,True,F,0.9996206760406494,True,F,True,False,False,False,14.018949000046632,0.0069340001118689,2.301849999867045,22.00971799993568,0.11289899998701,38.45034999994823
F.MOV,9,F,True,F,0.9994827508926392,True,F,True,False,False,False,14.052332000005665,0.0075029997788078,2.3473720000311005,22.037962000013067,0.094075999868437,38.53924499969708
F.MOV,10,F,True,F,0.9995030164718628,True,F,True,False,False,False,13.940063000063674,0.0081349999163649,2.35730200006401,22.00503800008846,0.1082679998489766,38.41880599998149
F.MOV,11,F,True,F,0.9995176792144777,True,F,True,False,False,False,13.908554000067852,0.0080629999956727,2.428777999966769,22.02380299991092,0.0961780001489387,38.46537600009015
F.MOV,12,F,True,F,0.9994089603424072,True,F,True,False,False,False,14.003417000026277,0.0077730001066811,2.474003000088487,22.55546800006414,0.0958979999268194,39.1365590002124
F.MOV,13,F,True,F,0.9996957778930664,True,F,True,False,False,False,13.949984999953813,0.0082839999322459,2.41338499995436,22.06658399995831,0.0964339999427466,38.53467199974148
F.MOV,14,F,True,F,0.9996415376663208,True,F,True,False,False,False,14.087925999888284,0.0072289999479835,2.4342199999409786,22.144601000036342,0.1233569998930761,38.79733299970667
F.MOV,15,F,True,F,0.9996201992034912,True,F,True,False,False,False,13.988400000016554,0.0081050000062532,2.382117000024664,22.042591999934302,0.1136719999976776,38.53488599997945
F.MOV,16,F,True,F,0.9996440410614014,True,F,True,False,False,False,13.876573999937136,0.0065310000536555,2.368246000060026,22.04879800001436,0.0944660000641306,38.394615000129306
F.MOV,17,F,True,F,0.9996427297592164,True,F,True,False,False,False,14.0054420000979,0.0084099999639875,1.694680999889897,22.6447319998897,0.09321499987891,38.4464799997204
F.MOV,18,F,True,F,0.9995664954185486,True,F,True,False,False,False,13.999778000084008,0.0073779999638645,2.4095420001231105,22.28957099987383,0.1342440000371425,38.84051300008196
F.MOV,19,F,True,F,0.9995760321617126,True,F,True,False,False,False,13.895575999981702,0.0087999999323074,3.0346590001499862,22.02952800007552,0.0946220000059838,39.063185000145495
F.MOV,20,F,True,F,0.9996217489242554,True,F,True,False,False,False,13.934832000018105,0.0068159999955241,2.4689440001566254,22.016114000052767,0.1089029999548074,38.53560900017783
F.MOV,21,F,True,F,0.9996821880340576,True,F,True,False,False,False,13.925362000009043,0.0090200001068296,3.100138000036168,22.01757199986787,0.0952840000536525,39.14737600007357
F.MOV,22,F,True,F,0.9997673630714417,True,F,True,False,False,False,13.960859000007986,0.0077859999692009,2.3499650001213013,22.004033000030176,0.1036839998960204,38.426327000024685
F.MOV,23,F,True,F,0.9997590184211732,True,F,True,False,False,False,13.951894999991056,0.007465999942724,2.364216000160013,22.054270000126053,0.0977699999111791,38.475617000131024
F.MOV,24,F,True,F,0.9998464584350586,True,F,True,False,False,False,14.031196000019008,0.0074010001753777,2.48928199994225,22.001559000045745,0.1086990000658261,38.63813700024821
F.MOV,25,F,True,F,0.9998031258583068,True,F,True,False,False,False,14.043302000004587,0.0076930000432184,2.334152000003087,21.997062000082224,0.0905550000425137,38.47276400017563
F.MOV,26,F,True,F,0.9998387098312378,True,F,True,False,False,False,14.141873999960808,0.0069739999162266,2.402245999974184,22.090195999908246,0.1274199998988479,38.76870999965831
F.MOV,27,F,True,F,0.9999227523803712,True,F,True,False,False,False,13.94569900003262,0.0077009999586152,2.4499959999957355,22.089637999897604,0.1086020001821452,38.60163600006672
F.MOV,28,F,True,F,0.9998973608016968,True,F,True,False,False,False,13.97477600005459,0.0071909998951014,2.6276240000697726,22.022669000079983,0.0963339998634182,38.72859399996287
F.MOV,29,F,True,F,0.9998871088027954,True,F,True,False,False,False,13.92257600002722,0.0082799999745475,2.472495999882085,22.13551299996652,0.0962320000326144,38.63509699988299
F.MOV,30,F,True,F,0.9999152421951294,True,F,True,False,False,False,14.190348999932212,0.0067920000219601,2.4199739998493897,22.16107200001716,0.1115009999921312,38.88968799981285
F.MOV,31,F,True,F,0.9998923540115356,True,F,True,False,False,False,13.887842000031014,0.0068839999585179,2.3579699998208525,22.033209000028364,0.0956720000431232,38.38157699988187
F.MOV,32,F,True,F,0.9999080896377563,True,F,True,False,False,False,13.90729399997781,0.0083039999481115,2.4454449999211647,22.05569100010507,0.0978079999640613,38.51454199991622
F.MOV,33,F,True,F,0.9999104738235474,True,F,True,False,False,False,14.167907999990348,0.0077679999321844,2.402847999974256,22.08743400001368,0.0968599999850994,38.76281799989556
F.MOV,34,F,True,F,0.9999207258224488,True,F,True,False,False,False,14.040054000020064,0.0081120001595991,2.428955999903337,22.04143600010866,0.1184140000987099,38.63697200029037
F.MOV,35,F,True,F,0.999915599822998,True,F,True,False,False,False,13.927202999980182,0.007186999937403,2.298201000030531,22.042483999939577,0.1068860001396387,38.38196100002733
F.MOV,36,F,True,F,0.999922513961792,True,F,True,False,False,False,13.885545999983153,0.0073870000960596,2.3706749998382293,22.044020000066663,0.1078749999123829,38.41550299989649
F.MOV,37,F,True,F,0.9999098777770996,True,F,True,False,False,False,13.993194000022411,0.0069669999902544,2.429885000083232,22.029707999990933,0.097986999890054,38.557740999976886
F.MOV,38,F,True,F,0.999868631362915,True,F,True,False,False,False,13.879154999926868,0.0065909998738789,2.380779000077382,22.020216000100845,0.0936809999529941,38.38042199993197
F.MOV,39,F,True,F,0.9998918771743774,True,F,True,False,False,False,14.210828000045694,0.0073100000008707,2.628186000038113,22.037237999938952,0.0941629998578719,38.9777249998815
F.MOV,40,F,True,F,0.9998723268508912,True,F,True,False,False,False,13.948639999966872,0.0072850000378821,2.4410459998307488,22.007959000120536,0.1061610000760993,38.51109100003214
F.MOV,41,F,True,F,0.9998623132705688,True,F,True,False,False,False,13.937359000010474,0.0073239998528151,2.4140830000760616,21.9891799999914,0.1110640000661078,38.45900999999685
F.MOV,42,F,True,F,0.9998025298118592,True,F,True,False,False,False,13.999741000020547,0.0082250001014472,2.4639380001190148,22.03720600004999,0.1017529998534882,38.61086300014449
F.MOV,43,F,True,F,0.99988055229187,True,F,True,False,False,False,13.925863999929788,0.0070430000960186,2.4558699999488454,22.33754799999588,0.1082169999335747,38.8345419999041
F.MOV,44,F,True,F,0.9999091625213624,True,F,True,False,False,False,13.940409000042564,0.0065360000007785,2.432176999946023,22.25935800015577,0.0947189998896647,38.7331990000348
F.MOV,45,F,True,F,0.99984872341156,True,F,True,False,False,False,14.003809999962868,0.0075399998422653,2.442234999989523,22.064255000032063,0.0939870001275267,38.611826999954246
F.MOV,46,F,True,F,0.9997826218605042,True,F,True,False,False,False,13.904006000075242,0.012103000017305,2.365195000038512,22.03873100006604,0.1159979999556526,38.43603300015275
F.MOV,47,F,True,F,0.999745786190033,True,F,True,False,False,False,13.890381000010166,0.0083929999163956,2.294928999845069,22.01828299985209,0.1076449998436146,38.319630999467336
F.MOV,48,F,True,F,0.9996522665023804,True,F,True,False,False,False,13.885469999991074,0.0125040000966691,3.0284819999906176,24.3399999999383,0.1059399999121524,41.37239599992881
F.MOV,49,F,True,F,0.9997591376304626,True,F,True,False,False,False,13.944353999931993,0.0075670000114769,2.370685999949273,22.07244700002775,0.1182640000934043,38.513318000013896
F.MOV,50,F,True,F,0.999767005443573,True,F,True,False,False,False,13.98708900001111,0.0078020000273681,2.49537399986366,22.08433900000273,0.1129219999711494,38.687525999876016
F.MOV,51,F,True,F,0.999811351299286,True,F,True,False,False,False,14.053806999982044,0.0081169998793484,2.6691169998684927,22.68046699987281,0.093325000079858,39.50483299968255
F.MOV,52,F,True,F,0.9998557567596436,True,F,True,False,False,False,13.895041000068886,0.0131669999063888,2.493656000069677,22.36840000000484,0.1619069998923805,38.93217099994217
F.MOV,53,F,True,F,0.99981027841568,True,F,True,False,False,False,14.177431000007346,0.008884999942893,2.390739000020403,22.08505499993408,0.1623099999505939,38.82441999985531
F.MOV,54,F,True,F,0.9998737573623656,True,F,True,False,False,False,13.967551999940042,0.0060810000377387,2.4734820001413027,22.073008000006663,0.09102800004257,38.61115100016832
F.MOV,55,F,True,F,0.9998316764831544,True,F,True,False,False,False,14.35136500003864,0.007261000064318,2.4277780000829807,22.14405299991995,0.1031299998430768,39.033586999948966
F.MOV,56,F,True,F,0.9998525381088256,True,F,True,False,False,False,13.991794999924425,0.0068950000695622,2.410180999959266,22.037679000050048,0.0919750000321073,38.538525000035406
F.MOV,57,F,True,F,0.9998338222503662,True,F,True,False,False,False,13.96612799999275,0.0069200000325508,2.4094800000966643,22.00786799994603,0.0961819998792634,38.48657799994726
F.MOV,58,F,True,F,0.999862790107727,True,F,True,False,False,False,13.953041000036135,0.0072450000061508,2.441911000005348,22.038236000071265,0.0968829999692388,38.53731600008814
F.MOV,59,F,True,F,0.9998700618743896,True,F,True,False,False,False,14.098304999947686,0.0067870000748371,2.451947000054133,22.04237699993428,0.0959110000167129,38.695327000027646
F.MOV,60,F,True,F,0.9999244213104248,True,F,True,False,False,False,13.921786000082648,0.0069949999215168,2.6872260000345705,22.022113999810244,0.0951489998897159,38.733269999738695
F.MOV,61,F,True,F,0.9999356269836426,True,F,True,False,False,False,14.007023999965895,0.0080600000273989,2.498472000070251,21.989188000134163,0.0954999998157291,38.59824400001344
F.MOV,62,F,True,F,0.9999456405639648,True,F,True,False,False,False,14.02731300004234,0.0070029998369136,2.493267999852833,22.08292399996025,0.0953420001224003,38.705849999814745
F.MOV,63,F,True,F,0.9999312162399292,True,F,True,False,False,False,13.879324000072302,0.007703999926889,2.383249999866166,22.028735000048982,0.1086889999442064,38.40770199985855
F.MOV,64,F,True,F,0.999902606010437,True,F,True,False,False,False,14.217351999946004,0.0067510000008041,2.396081999904709,22.008116999813865,0.1126689999182417,38.74097099958362
F.MOV,65,F,True,F,0.9998878240585328,True,F,True,False,False,False,13.99263799999062,0.007242000037877,2.328114999954778,22.05394499992508,0.0995600000806007,38.48149999998896
F.MOV,66,F,True,F,0.9998918771743774,True,F,True,False,False,False,13.889391000020623,0.0069309999162214,2.426096000135658,22.04025999981241,0.1108269998439936,38.4735049997289
F.MOV,67,F,True,F,0.9998974800109864,True,F,True,False,False,False,14.013789999921755,0.0063410000166186,2.340638000077888,22.05134300015743,0.1014689999010443,38.51358100007474
F.MOV,68,F,True,F,0.9998981952667236,True,F,True,False,False,False,13.91754700000547,0.0075250000008963,2.4506090001068515,22.085858000082226,0.1889929999379092,38.65053200013335
F.MOV,69,F,True,F,0.999942421913147,True,F,True,False,False,False,13.968750000003638,0.0091339998107287,2.3500029999468097,22.018402999947284,0.0948199999584176,38.44110999966688
F.MOV,70,F,True,F,0.9999290704727172,True,F,True,False,False,False,13.950483999906282,0.0067060000219498,2.3515180000686087,22.03380199989624,0.0983880001967918,38.440898000089874
F.MOV,71,F,True,F,0.999907612800598,True,F,True,False,False,False,14.123985999958675,0.0076520000220625,2.310931000010896,22.0785149999756,0.1166259999081376,38.63770999987537
F.MOV,72,F,True,F,0.9998576641082764,True,F,True,False,False,False,14.9477710000383,0.0073250000696134,2.389108999977907,22.03195099991717,0.0957369998104695,39.47189299981346
F.MOV,73,F,True,F,0.999857783317566,True,F,True,False,False,False,14.119821000008416,0.0076259998422756,2.552226000034352,22.090520000119795,0.1234700000622979,38.893663000067136
F.MOV,74,F,True,F,0.9998319149017334,True,F,True,False,False,False,13.98180199998933,0.0071320000643027,2.4655820000134554,22.05963000005795,0.1020120000703173,38.61615800019536
F.MOV,75,F,True,F,0.9998243451118468,True,F,True,False,False,False,13.903040000059264,0.0123629999961849,2.354255000000194,21.98026399992159,0.0938319999477244,38.34375399992496
F.MOV,76,F,True,F,0.9998249411582948,True,F,True,False,False,False,16.138824999984536,0.0080119998528971,2.3958730000686046,22.015223000153128,0.123239000004105,40.68117200006327
F.MOV,77,F,True,F,0.99971741437912,True,F,True,False,False,False,15.36243399993964,0.0069550001171592,2.4903680000534223,22.129343999949924,0.1249790000201755,40.11408000008032
F.MOV,78,F,True,F,0.999728262424469,True,F,True,False,False,False,13.897906000011062,0.0067519999902287,2.436254000031113,21.98336899982678,0.0918529999580641,38.41613399981725
F.MOV,79,F,True,F,0.999736487865448,True,F,True,False,False,False,13.875822000045446,0.0066260001858609,2.3256770000443794,21.9964660000187,0.103340999885404,38.30793200017979
F.MOV,80,F,True,F,0.9998475313186646,True,F,True,False,False,False,13.91675899992606,0.0075240000114717,2.67224799995347,22.293297000032908,0.096079000059035,38.985906999982944
F.MOV,81,F,True,F,0.9998130202293396,True,F,True,False,False,False,13.954939999962336,0.006912999879205,2.450050999868836,22.05476900007852,0.0953940000272268,38.562066999816125
F.MOV,82,F,True,F,0.9998206496238708,True,F,True,False,False,False,14.252242999987176,0.0080950001120072,2.2791670000970043,21.99173500002871,0.1139569999395462,38.64519700016445
F.MOV,83,F,True,F,0.9997900128364564,True,F,True,False,False,False,13.89243500000248,0.0070830001277499,2.289609999934328,22.03738899993368,0.1162220000878733,38.34273900008611
F.MOV,84,F,True,F,0.9997914433479308,True,F,True,False,False,False,13.946024999995643,0.0075039999956061,2.4227490000612306,21.98622799983241,0.0987979999536037,38.46130399983849
F.MOV,85,F,True,F,0.9997001886367798,True,F,True,False,False,False,14.16541900005086,0.0229099998705351,2.433862000088993,22.040712000034542,0.0910470000690111,38.753950000113946
F.MOV,86,F,True,F,0.9995194673538208,True,F,True,False,False,False,14.111964999983684,0.0080350000644102,2.4172480000288488,22.00922700012597,0.0935870000375871,38.640062000240505
F.MOV,87,F,True,F,0.9995850920677184,True,F,True,False,False,False,13.970845000017109,0.0073100000008707,2.537955999969199,22.021921000032307,0.1388759999372268,38.67690799995671
F.MOV,88,F,True,F,0.9995263814926147,True,F,True,False,False,False,14.3768689999888,0.0070609999056614,2.4560690001180774,22.05558200012092,0.1084020000234886,39.00398300015695
F.MOV,89,F,True,F,0.9996036887168884,True,F,True,False,False,False,14.307557999927669,0.0104620000911381,2.414258000044356,22.08698499998718,0.1167939999504596,38.9360570000008
F.MOV,90,F,True,F,0.9996616840362548,True,F,True,False,False,False,14.091149000023506,0.0080779998370417,2.4240820000613894,22.03238500010229,0.0936070000534528,38.649301000077685
F.MOV,91,F,True,F,0.9997240900993348,True,F,True,False,False,False,13.94891600000392,0.008382000032725,2.40903700000672,22.021964000032312,0.0920909999422292,38.48039000001791
F.MOV,92,F,True,F,0.9997988343238832,True,F,True,False,False,False,13.954080999951657,0.0065000001541193,2.395362000015666,22.00179400006164,0.1028869999117887,38.46062400009487
F.MOV,93,F,True,F,0.9998323917388916,True,F,True,False,False,False,14.34808500005147,0.006558999984918,2.4671029998444283,22.016771000153312,0.1372310000533616,38.97574900008749
F.MOV,94,F,True,F,0.9998397827148438,True,F,True,False,False,False,14.188936999971702,0.0076470000749395,2.576457000031951,22.03628600000229,0.1122389999181905,38.92156599999908
F.MOV,95,F,True,F,0.9997579455375672,True,F,True,False,False,False,14.084490999948684,0.0068439999267866,2.3323270002038043,22.004936000030284,0.0988179999694693,38.52741600007903
F.MOV,96,F,True,F,0.9997276663780212,True,F,True,False,False,False,13.934859999949367,0.0147239998113946,2.3676890000388084,22.041753999928915,0.0954710001224157,38.4544979998509
F.MOV,97,F,True,F,0.9998351335525512,True,F,True,False,False,False,14.124552999987827,0.009209000154442,2.399388000185354,22.0281619999696,0.1182150001568516,38.67952700045407
F.MOV,98,F,True,F,0.999857783317566,True,F,True,False,False,False,14.0009579999969,0.0078210000538092,2.40427899984752,22.06552200004808,0.1007939999908558,38.57937399993716
F.MOV,99,F,True,F,0.9998481273651124,True,F,True,False,False,False,13.95088999993277,0.0073829999109875,2.4222510000981856,22.584090999998807,0.1113760001771879,39.07599100011794
F.MOV,100,F,True,F,0.9998615980148317,True,F,True,False,False,False,14.07822099997702,0.0078560001384175,2.4561630000334844,22.01278600000478,0.1057340000443218,38.66076000019802
F.MOV,101,F,True,F,0.9998929500579834,True,F,True,False,False,False,13.983004000010624,0.0085550000221701,2.636756000129026,22.08899600009317,0.1412369999798102,38.858548000234805
F.MOV,102,F,True,F,0.9999029636383056,True,F,True,False,False,False,14.036948000011762,0.0084690000221598,2.4563280001075327,22.127129999944373,0.1001060002181475,38.728981000303975
F.MOV,103,F,True,F,0.999857783317566,True,F,True,False,False,False,13.923119000082806,0.0065770000219345,2.357278000090446,22.0294539999486,0.1044639998326601,38.42089199997645
F.MOV,104,F,True,F,0.9998973608016968,True,F,True,False,False,False,13.939418999939337,0.0073689998316694,2.34062599997742,22.00223099998766,0.1184990001092956,38.40814399984538
F.MOV,105,F,True,F,0.999907374382019,True,F,True,False,False,False,14.065454000046884,0.0073670000801939,2.530867999894326,22.029981000059703,0.0962200001595192,38.72989000024063
F.MOV,106,F,True,F,0.9998682737350464,True,F,True,False,False,False,13.92793700006223,0.0071669999215373,2.3937440000736387,22.021964000032312,0.1023260001602466,38.453138000249965
F.MOV,107,F,True,F,0.9998434782028198,True,F,True,False,False,False,13.86657299997296,0.007494999863411,2.366607000112708,22.009374000163007,0.1036440000916627,38.35369300020375
F.MOV,108,F,True,F,0.9998226761817932,True,F,True,False,False,False,13.80728200001613,0.0071119998210633,2.426322000019354,21.98904700003368,0.1021660000333213,38.33192899992355
F.MOV,109,F,True,F,0.9998431205749512,True,F,True,False,False,False,13.89756599996872,0.00775400008024,2.757095999868397,22.68887500008532,0.122531999977582,39.47382299998026
F.MOV,110,F,True,F,0.9998934268951416,True,F,True,False,False,False,13.947527000027549,0.0068780000219703,2.342447000046377,21.99490799989689,0.0947670000641665,38.38652700005696
F.MOV,111,F,True,F,0.999897837638855,True,F,True,False,False,False,13.850504000060935,0.0071209999532584,2.350118999856932,21.995437999976275,0.1220669998929224,38.325248999740325
F.MOV,112,F,True,F,0.9999390840530396,True,F,True,False,False,False,14.004621999902156,0.0071520000801683,2.4666889999025443,22.02664900005402,0.1023879999593191,38.60749999989821
F.MOV,113,F,True,F,0.9998557567596436,True,F,True,False,False,False,13.932056000044213,0.0076779999744758,2.362756999900739,22.048598000083075,0.0917720001325506,38.44286100013505
F.MOV,114,F,True,F,0.9998971223831176,True,F,True,False,False,False,14.0431139999464,0.0069750001330248,2.324559000044246,22.12749100021938,0.1088950000394106,38.61103400038246
F.MOV,115,F,True,F,0.9998420476913452,True,F,True,False,False,False,13.948551999988013,0.0080490001437283,2.3614540000380657,22.63115599998855,0.1022430001285101,39.05145400028687
F.MOV,116,F,True,F,0.9998182654380798,True,F,True,False,False,False,14.14707100002488,0.0092640000275423,2.4491069998475723,22.048996999956216,0.0946570000905921,38.7490959999468
F.MOV,117,F,True,F,0.9998781681060792,True,F,True,False,False,False,13.868947999981174,0.0084200000856071,2.364308999858622,22.71646400004101,0.1072830000339308,39.06542400000035
F.MOV,118,F,True,F,0.9998743534088136,True,F,True,False,False,False,14.100137000014,0.0078600000961159,2.424171000029673,22.039493999955084,0.1045720000547589,38.676234000149634
F.MOV,119,F,True,F,0.9998452663421632,True,F,True,False,False,False,14.09955900010118,0.0086150000697671,2.387119999866627,21.97174000002633,0.0943539998843334,38.56138799994824
F.MOV,120,F,True,F,0.999824583530426,True,F,True,False,False,False,14.146335999953408,0.0065680001171131,2.341098999977476,22.03702799988605,0.1153900000190333,38.64642099995308
F.MOV,121,F,True,F,0.9997101426124572,True,F,True,False,False,False,14.110257999959686,0.0070080000114103,2.836746000184576,22.12626300001829,0.0955570001224259,39.1758320002964
F.MOV,122,F,True,F,0.9997441172599792,True,F,True,False,False,False,13.938821000010648,0.0068010001541551,2.570234999893728,22.257802000012816,0.0945290000800014,38.86818800015135
F.MOV,123,F,True,F,0.9997484087944032,True,F,True,False,False,False,14.032186999997975,0.0066929999320564,2.93343799989998,22.011579000036363,0.1159160001407144,39.09981300000709
F.MOV,124,F,True,F,0.999714195728302,True,F,True,False,False,False,15.118741000037517,0.0075909999850409,2.3500079998939327,22.04364700014594,0.0943139998526021,39.61430099991503
F.MOV,125,F,True,F,0.999705970287323,True,F,True,False,False,False,13.920385000005808,0.0078909999956522,2.3388719998820307,22.0148660000632,0.114806000055978,38.39682000000266
F.MOV,126,F,True,F,0.9996991157531738,True,F,True,False,False,False,13.860904000011942,0.0065579999954934,2.370904999906997,22.0491969998875,0.0964250000379252,38.38398899983986
F.MOV,127,F,True,F,0.9996471405029296,True,F,True,False,False,False,13.922185999945214,0.0068270001065684,2.3742629998650955,22.25759699990704,0.0974209999640152,38.65829399978793
F.MOV,128,F,True,F,0.9997161030769348,True,F,True,False,False,False,14.026139000065996,0.0068919998739147,2.3719900000287453,22.030940999911763,0.0966099999004654,38.532571999780885
F.MOV,129,F,True,F,0.9998058676719666,True,F,True,False,False,False,13.788333999968929,0.0082320000274194,2.358314000048267,22.08655300000828,0.094539999963672,38.335973000016565
F.MOV,130,F,True,F,0.9998010993003844,True,F,True,False,False,False,13.904802000070047,0.0066959999003302,2.3544270000002143,22.03569300013441,0.1032000000122934,38.4048180001173
F.MOV,131,F,True,F,0.9997528195381165,True,F,True,False,False,False,13.86658699993859,0.0065860001541295,2.352790000031746,21.9890089999808,0.1105440001083479,38.32551600021361
F.MOV,132,F,True,F,0.9998138546943665,True,F,True,False,False,False,13.870793000023696,0.0072259999797097,2.471889999924315,22.028388000080668,0.1020859999698586,38.48038299997825
F.MOV,133,F,True,F,0.9998067021369934,True,F,True,False,False,False,15.294964999952754,0.0072269999691343,2.683629000102883,22.037676999843825,0.0916730000426468,40.11517099991124
G.MOV,0,G,True,G,0.920910120010376,True,G,True,False,False,False,14.679846000035468,0.007670000059079,2.459864999991624,22.112450000122408,0.0926140000956365,39.352445000304215
G.MOV,1,G,True,G,0.8708488941192627,True,G,True,False,False,False,14.060966999977609,0.008233000016844,2.370980000023337,22.08125199990718,0.1290420000259473,38.65047399995092
G.MOV,2,G,True,G,0.8173556923866272,True,G,True,False,False,False,14.113554000005024,0.0070300000061251,2.3412520001784287,22.036783999965337,0.1076420001027145,38.60626200025763
G.MOV,3,G,True,G,0.784940242767334,True,G,True,False,False,False,14.08622799999648,0.0071810000008554,2.3451060001207225,22.03644499991242,0.0944430000799911,38.56940300011047
G.MOV,4,G,True,G,0.780976414680481,True,G,True,False,False,False,14.048602999992,0.0074859999585896,2.3708030000761937,22.005145999855813,0.1053790001606103,38.537417000043206
G.MOV,5,G,True,G,0.8078380227088928,True,G,True,False,False,False,14.39511000000948,0.0073129999691445,2.3236609999912616,22.057819999872663,0.1031340000281488,38.8870379998707
G.MOV,6,G,True,G,0.8927424550056458,True,G,True,False,False,False,14.011385000003427,0.0068740000642719,2.3660730000756303,22.0331850000548,0.1017250001495995,38.51924200034773
G.MOV,7,G,True,G,0.908578872680664,True,G,True,False,False,False,13.991476000001056,0.0075580001066555,2.3183119999430346,22.04431799987105,0.1032779998695332,38.464941999791336
G.MOV,8,G,True,G,0.9202193021774292,True,G,True,False,False,False,14.068962999999712,0.0081700000009732,2.748810000184676,22.17762100008258,0.1504510000813752,39.15401500034932
G.MOV,9,G,True,G,0.8898541331291199,True,G,True,False,False,False,14.135412999962682,0.0076720000379282,2.7112259999739763,22.068500000159474,0.1068550000127288,39.02966600014679
G.MOV,10,G,True,G,0.9046084880828856,True,G,True,False,False,False,14.086837000036212,0.0076119999903312,2.345326999829922,21.976210000048013,0.0978089999534859,38.51379499985797
G.MOV,11,G,True,G,0.9172029495239258,True,G,True,False,False,False,13.994500000080734,0.0079020001066965,2.342941000051724,22.34008900018125,0.0940259999424597,38.77945800036287
G.MOV,12,G,True,G,0.928631603717804,True,G,True,False,False,False,14.067492999970456,0.0078380001014011,2.487372000132382,22.089769000103843,0.1191060000564903,38.77157800036457
G.MOV,13,G,True,G,0.8824843168258667,True,G,True,False,False,False,14.14271800001643,0.0085010001384944,2.4677770002199395,22.0813729999918,0.09385199996359,38.79422100033025
G.MOV,14,G,True,G,0.9129654765129088,True,G,True,False,False,False,14.06579599995439,0.0067759999637928,2.451366000059352,22.006110999882367,0.1127750001614913,38.64282400002139
G.MOV,15,G,True,G,0.919182538986206,True,G,True,False,False,False,14.113078000036694,0.0096720000328787,2.668889999995372,22.08346900010838,0.1032199998007854,38.97832899997411
G.MOV,16,G,True,G,0.8778895735740662,True,G,True,False,False,False,14.086127000041415,0.0078359998951782,2.7196969999749854,22.11729500004367,0.1314640001055522,39.0624190000608
G.MOV,17,G,True,G,0.9462496042251588,True,G,True,False,False,False,14.008154999942237,0.0080079998951987,2.337841000098706,22.04039899993404,0.112554999986969,38.50695799985715
G.MOV,18,G,True,G,0.9290512204170228,True,G,True,False,False,False,14.098129999979392,0.0072140001066145,2.431703999945966,22.01874799993675,0.0915350001378101,38.64733100010653
G.MOV,19,G,True,G,0.8790654540061951,True,G,True,False,False,False,14.09240899999986,0.0085149999904388,2.405664999969304,21.98832199997014,0.096697000117274,38.59160800004702
G.MOV,20,G,True,G,0.9061666131019592,True,G,True,False,False,False,13.98307899989959,0.0071449999268224,2.443411000058404,22.103908999952186,0.1033510000070236,38.64089499984402
G.MOV,21,G,True,G,0.912506639957428,True,G,True,False,False,False,14.13100700005998,0.0069089999215066,2.2743609999906766,21.977281999852494,0.092730999995183,38.48228999981984
G.MOV,22,G,True,G,0.9162550568580629,True,G,True,False,False,False,14.083260000006703,0.0072749999162624,2.355846000000384,22.00477399992451,0.0969080001596012,38.54806300000746
G.MOV,23,G,True,G,0.899597704410553,True,G,True,False,False,False,14.058181999985209,0.0078080001912894,2.3210300000755524,22.10064299993064,0.1222519999828364,38.60991500016553
G.MOV,24,G,True,G,0.8976894617080688,True,G,True,False,False,False,14.041078999980527,0.0063899999531713,2.4078800001916534,22.02217900003233,0.1229320000675215,38.60046000022521
G.MOV,25,G,True,G,0.8888163566589355,True,G,True,False,False,False,13.975368000046728,0.0087089999851741,3.003313999897728,22.566487999938545,0.1049249999596213,39.6588039998278
G.MOV,26,G,True,G,0.907725989818573,True,G,True,False,False,False,13.87155299994447,0.0071719998686603,2.388394000035987,21.97748800017507,0.0949979998949857,38.339604999919175
G.MOV,27,G,True,G,0.8951828479766846,True,G,True,False,False,False,13.935448000097496,0.0072990001172001,2.3276490001080674,22.018929000068965,0.1034169999911682,38.392742000382896
G.MOV,28,G,True,G,0.8844286799430847,True,G,True,False,False,False,14.005698000005395,0.0068770000325457,2.562990000114951,22.029828000086127,0.093553999931828,38.69894700017085
G.MOV,29,G,True,G,0.8350367546081543,True,G,True,False,False,False,13.90469000000394,0.0068949998421885,2.5058719998014567,22.05309999999372,0.0946200000271346,38.56517699966844
G.MOV,30,G,True,G,0.910542130470276,True,G,True,False,False,False,13.899333000040317,0.0072780001119099,2.3509729999204865,22.03418099998089,0.1264469999568973,38.4182120000105
G.MOV,31,G,True,G,0.8143046498298645,True,G,True,False,False,False,13.866033999988758,0.0091890001385763,2.3852639999404346,22.11001199998464,0.1842530000430997,38.55475200009551
G.MOV,32,G,True,G,0.8172211647033691,True,G,True,False,False,False,14.17702300000201,0.0090280000222264,2.5190169999405043,22.104582999872942,0.1146910001352807,38.92434199997297
G.MOV,33,G,True,G,0.8833363652229309,True,G,True,False,False,False,13.973161999956574,0.0078299999586306,2.375858000050357,22.01488000014251,0.0953239998580102,38.46705399996608
G.MOV,34,G,True,G,0.9385043382644652,True,G,True,False,False,False,13.962832999936836,0.0072430000273016,2.318437999974776,22.03503700002329,0.1157850001618499,38.43933600012406
G.MOV,35,G,True,G,0.889743447303772,True,G,True,False,False,False,14.114303000042128,0.0108720000753237,3.548243000068396,23.549862999971083,0.181534000148531,41.40481500030546
G.MOV,36,G,True,G,0.9259005188941956,True,G,True,False,False,False,14.244354999959796,0.0080149998211709,2.447873000164691,22.03945500014015,0.1033770001868106,38.84307500027262
G.MOV,37,G,True,G,0.8852479457855225,True,G,True,False,False,False,14.033708000056322,0.0067500000113795,2.3627410000699456,21.99657999994997,0.1100219999443652,38.50980100003199
G.MOV,38,G,True,G,0.8475493788719177,True,G,True,False,False,False,14.004212000031655,0.0081570001384534,2.361611999958768,22.01224899999943,0.0935150001168949,38.4797450002452
G.MOV,39,G,True,G,0.7860321998596191,True,G,True,False,False,False,14.041727999938304,0.0073379999321332,2.372038999965298,22.0185450000372,0.0933850001274549,38.53303500000038
G.MOV,40,G,True,G,0.783844530582428,True,G,True,False,False,False,14.157446000012897,0.0064030000430648,2.423794999913298,22.02871500003312,0.0949919999584381,38.711350999960814
G.MOV,41,G,True,G,0.69026780128479,True,G,True,False,False,False,14.076850999913404,0.0069560001065838,2.3451669999303704,22.054912999919907,0.1022230001126445,38.58610999998291
G.MOV,42,G,True,G,0.963270366191864,True,G,True,False,False,False,14.011466999932054,0.0068849999479425,2.3706230001607764,22.055715000078635,0.1136630000928562,38.55835300021226
G.MOV,43,G,True,G,0.9916833639144896,True,G,True,False,False,False,13.935650999997051,0.0088409999534633,2.343271999961871,22.03385800021352,0.0967450000644021,38.4183670001903
G.MOV,44,G,True,G,0.9962964653968812,True,G,True,False,False,False,14.24672300004204,0.0071490001118945,2.644077000013567,22.022421999963623,0.0900410000213014,39.01041200015243
G.MOV,45,G,True,G,0.9951570630073548,True,G,True,False,False,False,13.981829000044854,0.0085919998582539,2.4579159999120748,22.38594799996463,0.1019560002077923,38.9362409999876
G.MOV,46,G,True,G,0.9591056108474731,True,G,True,False,False,False,14.038647000006677,0.0077090001013857,2.664811999920857,22.73925600002258,0.0945110000429849,39.54493500009448
G.MOV,47,G,True,G,0.9541741013526917,True,G,True,False,False,False,13.900328999966405,0.0083799998265021,2.386564000062208,22.0415270000558,0.113425999870742,38.45022599978165
G.MOV,48,G,True,G,0.9518201351165771,True,G,True,False,False,False,13.998226000012435,0.0064810001276782,2.3265529998752754,22.00158900018323,0.1118530001349427,38.44470200033357
G.MOV,49,G,True,G,0.9744488000869752,True,G,True,False,False,False,13.939499000002796,0.0067910000325355,2.294008000035319,22.00550999987172,0.1090970001769164,38.35490500011929
G.MOV,50,G,True,G,0.9794735312461852,True,G,True,False,False,False,14.18435400000817,0.0071489998845208,2.357439000206796,22.0289699998375,0.0995660000171483,38.677477999954135
G.MOV,51,G,True,G,0.9833251237869264,True,G,True,False,False,False,13.940681000008226,0.0069620000431314,2.347106999877724,22.043118999818034,0.0933119999899645,38.43118099973708
G.MOV,52,G,True,G,0.9945141077041626,True,G,True,False,False,False,14.053327000056017,0.0077939998845977,2.5754190000952804,22.145837999914875,0.095595999937359,38.87797399988813
G.MOV,53,G,True,G,0.9928866028785706,True,G,True,False,False,False,14.05504399997426,0.0084110001807857,2.4364880000575795,22.034305000033783,0.1136599998972087,38.647908000143616
G.MOV,54,G,True,G,0.9721864461898804,True,G,True,False,False,False,14.053332999992564,0.006693999921481,2.33564700010902,22.05364799988274,0.0951760000589274,38.54449799996473
G.MOV,55,G,True,G,0.9942184686660768,True,G,True,False,False,False,13.921458000027089,0.0078779999057587,2.3942169998463214,22.081336999917767,0.0933910000640025,38.49828099976094
G.MOV,56,G,True,G,0.9324991106987,True,G,True,False,False,False,13.99196399995617,0.0074380000114615,2.3981750000530155,22.03470700010257,0.0969410000379866,38.529225000161205
G.MOV,57,G,True,G,0.8635169863700867,True,G,True,False,False,False,14.025852000031591,0.0079090000326687,2.3933799998303584,21.995160999949803,0.094311000111702,38.51661299995612
G.MOV,58,G,True,G,0.923620104789734,True,G,True,False,False,False,14.077625000027185,0.0085330000274552,2.395661000036853,22.601071000053707,0.0971209999534039,39.1800110000986
G.MOV,59,G,True,G,0.9379193186759948,True,G,True,False,False,False,13.968290999969213,0.0078950001807243,2.4192850000872568,22.01874399997905,0.093265000032261,38.507480000248506
G.MOV,60,G,True,G,0.8757147192955017,True,G,True,False,False,False,14.120284999989964,0.0090400001226953,2.63067199989564,22.11844199996449,0.0920310001220059,38.97047000009479
G.MOV,61,G,True,G,0.9030124545097352,True,G,True,False,False,False,13.886655000078465,0.0080539998634776,2.3902599998564256,22.01978599987342,0.0942880001275625,38.39904299979935
G.MOV,62,G,True,G,0.7557139992713928,True,G,True,False,False,False,13.902144999974553,0.0066879999849334,2.356590000090364,22.05748899996252,0.1150990001406171,38.43801100015298
G.MOV,63,G,True,G,0.9421043395996094,True,G,True,False,False,False,14.03414799995062,0.0073490000431775,2.370487000007415,22.011405000057493,0.093284999820753,38.51667399987946
G.MOV,64,G,True,G,0.8737402558326721,True,G,True,False,False,False,14.216094000062183,0.0078900000062276,2.381245999913517,22.03269899996485,0.1145990001987229,38.7525280001455
G.MOV,65,G,True,G,0.7790770530700684,True,G,True,False,False,False,13.930813000001764,0.0071419999585486,2.3262289998911,22.024650000048496,0.0928850001855607,38.38171900008547
G.MOV,66,G,True,H,0.5141811370849609,False,H,False,False,False,True,14.172356000017317,0.0083610000274347,2.4310169999353093,22.064091999936863,0.1043629999912809,38.780188999908205
G.MOV,67,G,True,G,0.7390272617340088,True,G,True,False,False,False,13.958396000020912,0.0076040000749344,2.439147000131925,22.064049999926283,0.1318310000897327,38.60102800024379
G.MOV,68,G,True,G,0.7008600831031799,True,G,True,False,False,False,13.970713000048818,0.0074320000749139,2.330769999844051,22.028389999832143,0.1084810000975267,38.44578599989745
G.MOV,69,G,True,G,0.8738626837730408,True,G,True,False,False,False,14.07157999994979,0.0071249999109568,2.386256999898251,22.037219999901936,0.1004179998744803,38.60259999953541
G.MOV,70,G,True,G,0.8654373288154602,True,G,True,False,False,False,13.998164999975415,0.0082100000327045,2.4052419998952246,22.063354000010804,0.1085700000658107,38.58354099997996
G.MOV,71,G,True,G,0.9545448422431946,True,G,True,False,False,False,14.100512000027264,0.0084789999164058,2.225471999963702,22.181350999971983,0.1449999999749707,38.66081399985433
G.MOV,72,G,True,G,0.9196033477783204,True,G,True,False,False,False,14.15990899999997,0.0099189999218651,2.484432000073866,22.08749500005069,0.1051619999543618,38.84691700000076
G.MOV,73,G,True,G,0.9241211414337158,True,G,True,False,False,False,14.069230999893987,0.0083510001331887,2.371021999806544,22.02850200001194,0.0975190000644943,38.57462499991016
G.MOV,74,G,True,G,0.7974884510040283,True,G,True,False,False,False,14.181205999989288,0.0081250000221189,2.365205999922182,22.03377999990153,0.0923990000956109,38.680715999930726
G.MOV,75,G,True,G,0.7507355809211731,True,G,True,False,False,False,14.02988200004529,0.0091599999905156,2.390888000036284,21.995764999928724,0.0936639999054023,38.51935899990622
G.MOV,76,G,True,G,0.71905916929245,True,G,True,False,False,False,13.98299599998154,0.0075309999374439,2.426012999876548,22.047623000162275,0.0953900000695284,38.559553000027336
G.MOV,77,G,True,G,0.5971020460128784,True,G,True,False,False,False,14.104965999990782,0.0084549999428418,2.430924000009327,22.025296000038,0.1186989998132048,38.68833999979415
G.MOV,78,G,True,G,0.8501914739608765,True,G,True,False,False,False,15.135610000015731,0.0066590000642463,2.3838289998820983,22.03316500003893,0.1066129998434917,39.6658759998445
G.MOV,79,G,True,G,0.8192025423049927,True,G,True,False,False,False,13.933546000089336,0.0066080001488444,2.041728999984116,22.09413499986113,0.0944429998526175,38.17046099993604
G.MOV,80,G,True,G,0.863212525844574,True,G,True,False,False,False,14.237450999985413,0.007465999942724,2.4275210000723746,21.991371000012805,0.0928859999476117,38.75669499996093
G.MOV,81,G,True,G,0.8594369888305664,True,G,True,False,False,False,13.996825999925022,0.0088580000010551,2.3875879999195604,22.06310599990502,0.0952790001065295,38.55165699985719
G.MOV,82,G,True,G,0.871620774269104,True,G,True,False,False,False,13.988077000021804,0.0059330000112822,2.342266999903586,21.9721789999312,0.094102000048224,38.4025579999161
G.MOV,83,G,True,G,0.9044803977012634,True,G,True,False,False,False,13.926814999990713,0.0094130000434233,2.3402909998822,22.60406400000648,0.0974960000803548,38.97807900000316
G.MOV,84,G,True,G,0.8640337586402893,True,G,True,False,False,False,13.903137999932367,0.0068820002070424,3.05800499995712,22.108146999926248,0.1403850001224782,39.21655700014526
G.MOV,85,G,True,G,0.94331032037735,True,G,True,False,False,False,14.156554000010146,0.0088330000380665,4.40728500007026,22.812788000010187,0.1041059999806748,41.489566000109335
G.MOV,86,G,True,G,0.8797687888145447,True,G,True,False,False,False,13.940038000100683,0.0077820000115025,2.379593000114255,22.029860999964512,0.0946780000958824,38.45195200028684
G.MOV,87,G,True,G,0.8144088387489319,True,G,True,False,False,False,14.056479000032596,0.0074499998845567,2.4083089999749063,22.017619000052942,0.0929779998841695,38.58283499982917
G.MOV,88,G,True,G,0.7929706573486328,True,G,True,False,False,False,13.973125999996228,0.0092739999217883,2.489769999783676,22.00439099988216,0.0944720000006782,38.57103299958453
G.MOV,89,G,True,G,0.8745110034942627,True,G,True,False,False,False,14.39798499995959,0.0083479999375413,2.379233999818098,22.092696000072465,0.1180529998237034,38.9963159996114
G.MOV,90,G,True,G,0.9274439215660096,True,G,True,False,False,False,13.876777999939804,0.0072980001277755,2.5986010000451643,22.02622999993764,0.103674999991199,38.612582000041584
G.MOV,91,G,True,G,0.9742408394813538,True,G,True,False,False,False,14.223961000084271,0.0068770000325457,2.3329979999289208,21.9794259999162,0.0943289999213448,38.63759099988329
G.MOV,92,G,True,G,0.9714036583900452,True,G,True,False,False,False,13.961183999981586,0.0094000001809035,2.419176999865158,21.9959739999922,0.1102009998703579,38.49593599989021
G.MOV,93,G,True,G,0.9576650857925416,True,G,True,False,False,False,14.279944999998406,0.0083580000591609,2.3225880001973565,22.08221699993373,0.0931460001538653,38.78625400034253
G.MOV,94,G,True,G,0.979780912399292,True,G,True,False,False,False,14.834086000064415,0.0068730000748473,2.3868490000040765,21.98111300003802,0.1080399999864312,39.316961000167794
G.MOV,95,G,True,G,0.9464806914329528,True,G,True,False,False,False,14.173399000014795,0.0066539998897496,2.371551999885924,21.99651099999756,0.1071390001925465,38.65525499998057
G.MOV,96,G,True,G,0.919456422328949,True,G,True,False,False,False,13.835643999982494,0.0072899999850051,2.6827520000551885,22.382423999943057,0.1133569999183237,39.02146699988407
G.MOV,97,G,True,G,0.8384191989898682,True,G,True,False,False,False,14.091575999941597,0.0078849998317309,2.423991999876307,22.070202000122663,0.111898000113797,38.705552999886095
G.MOV,98,G,True,G,0.8640018701553345,True,G,True,False,False,False,13.802639999994426,0.0083620000168593,2.4157380000815465,22.04574000006687,0.1074399999652087,38.37992000012491
G.MOV,99,G,True,G,0.7627039551734924,True,G,True,False,False,False,14.101430999971852,0.0099880001016572,2.3679050000282587,22.04538800015144,0.0959220001277572,38.62063400038096
G.MOV,100,G,True,G,0.8876416087150574,True,G,True,False,False,False,13.846183999930872,0.0078400000802503,2.3814030000721687,22.064175999958024,0.0939970000217726,38.39360000006309
G.MOV,101,G,True,G,0.8425320386886597,True,G,True,False,False,False,14.069628000015657,0.0065479998738737,2.3192830001335096,22.03724900005,0.0924449998365162,38.52515299990955
G.MOV,102,G,True,G,0.7783530354499817,True,G,True,False,False,False,13.86533499999132,0.0094919998900877,2.683686999944257,22.73387700006424,0.1096360001611174,39.40202700005102
G.MOV,103,G,True,G,0.8734754920005798,True,G,True,False,False,False,13.997625999991214,0.0080460001754545,2.538594000043304,22.656006000033813,0.0926430000163236,39.29291500026011
G.MOV,104,G,True,G,0.9180865287780762,True,G,True,False,False,False,13.901987999929588,0.0068480001118587,2.414707000070848,22.00068199999805,0.1080589997854986,38.43228399989584
G.MOV,105,G,True,G,0.9506911635398864,True,G,True,False,False,False,13.868719000015515,0.0079300000379589,2.3185640000065177,21.971800000073927,0.0933850001274549,38.260398000261375
G.MOV,106,G,True,G,0.8201261758804321,True,G,True,False,False,False,14.07254399998692,0.0063590000536351,2.3494049999044364,22.03925000003437,0.1144069999554631,38.581964999934826
G.MOV,107,G,True,G,0.8213252425193787,True,G,True,False,False,False,14.114841000036904,0.0079189999269146,2.336591000130284,22.08897200011961,0.1192570000512205,38.66758000026493
G.MOV,108,G,True,G,0.783098042011261,True,G,True,False,False,False,13.878953000016736,0.0061949999690114,2.405786000053922,21.96324999999888,0.0965360000009241,38.35072000003947
G.MOV,109,G,True,G,0.705207347869873,True,G,True,False,False,False,13.995460999922216,0.0078929999745014,2.3660260001179267,22.016463999989355,0.0939750000270578,38.47981900003106
G.MOV,110,G,True,G,0.7625523209571838,True,G,True,False,False,False,14.226069999949686,0.0066519999109004,2.6334960000440333,22.04933599978176,0.0946130001011624,39.01016699978754
G.MOV,111,G,True,G,0.5888471603393555,True,G,True,False,False,False,13.888625999925353,0.0070379999215219,2.301947999967524,22.03991400006089,0.1127489999817044,38.35027499985699
G.MOV,112,G,True,G,0.8046006560325623,True,G,True,False,False,False,13.80282200000238,0.0070250000590021,2.676305000022694,22.02881600010187,0.0944410001011419,38.60940900028709
G.MOV,113,G,True,G,0.8000302910804749,True,G,True,False,False,False,13.98064600005,0.0067320002017368,2.3576470000534755,22.010089999866977,0.0933240000904334,38.448439000262624
G.MOV,114,G,True,G,0.9406284093856812,True,G,True,False,False,False,13.933174000044346,0.0060039999425498,2.347238000083962,22.05722999997306,0.1115629997912037,38.45520899983512
G.MOV,115,G,True,G,0.8949413299560547,True,G,True,False,False,False,14.122552000003452,0.0077960000908205,2.6061840001148084,22.70143299983829,0.0998670000171841,39.53783200006456
G.MOV,116,G,True,G,0.8725898265838623,True,G,True,False,False,False,13.883195000062187,0.0076450000960903,2.496290999943085,22.06651599999532,0.0912980001430696,38.54494500023975
G.MOV,117,G,True,G,0.957629919052124,True,G,True,False,False,False,13.935464999917713,0.007874000175434,2.329884000118909,22.044606999997995,0.0953480000589479,38.413178000269
G.MOV,118,G,True,G,0.9587560296058656,True,G,True,False,False,False,13.851433000013458,0.0076320000061969,2.438664000010249,22.513050000043226,0.1017839999803982,38.91256300005352
G.MOV,119,G,True,G,0.9478205442428588,True,G,True,False,False,False,14.007259999971213,0.0067899998157372,2.2981399999935093,21.95873400000892,0.0977970000803907,38.368720999869765
G.MOV,120,G,True,G,0.9357025623321532,True,G,True,False,False,False,14.040991000001668,0.0064460000430699,2.403032000074745,22.001584000008734,0.0931529998524638,38.54520599998068
G.MOV,121,G,True,G,0.9661959409713744,True,G,True,False,False,False,14.420044999951642,0.0095990001227619,2.76224899994304,22.34423800018704,0.1093579999178473,39.645489000122325
G.MOV,122,G,True,G,0.958441436290741,True,G,True,False,False,False,13.894983999989565,0.0070050000431365,2.67460600002778,22.721994999983508,0.1046840000071824,39.40327400005117
G.MOV,123,G,True,G,0.985054850578308,True,G,True,False,False,False,14.153701000054753,0.0075640000432031,2.611885000078473,22.725633999925776,0.1102799999443959,39.6090640000466
G.MOV,124,G,True,G,0.9722436666488647,True,G,True,False,False,False,14.134043000012753,0.0080310001067118,2.95701499999268,22.00711099999353,0.0929320001432643,39.19913200024894
G.MOV,125,G,True,G,0.9384873509407043,True,G,True,False,False,False,13.916516999984196,0.0084450000485958,2.4139770000601857,22.060287999920547,0.098270000080447,38.49749700009397
G.MOV,126,G,True,G,0.899134635925293,True,G,True,False,False,False,14.097929000058684,0.0075980001383868,2.4615330000870017,22.08646700000827,0.1419410000380594,38.7954680003304
G.MOV,127,G,True,G,0.6581956148147583,True,G,True,False,False,False,14.034504000051127,0.0080039999375003,2.4081330000171874,22.23029700007828,0.1036210001075232,38.78455900019162
G.MOV,128,G,True,G,0.6016886234283447,True,G,True,False,False,False,13.89662999997654,0.007201000016721,2.3912210001526546,22.01294099995721,0.09551600010127,38.4035090002044
G.MOV,129,G,True,H,0.7054504752159119,False,H,False,False,False,True,14.2753630000243,0.008949999937613,2.4594459998752427,22.09148600013577,0.1130339999235729,38.9482789998965
G.MOV,130,G,True,G,0.6588457226753235,True,G,True,False,False,False,14.273185999968518,0.0079490000644,2.3396730000513344,22.006311000041023,0.1019149999592627,38.72903400008454
G.MOV,131,G,True,G,0.7432442903518677,True,G,True,False,False,False,13.968292999948062,0.0099309997949603,2.403500999889729,22.0284790000278,0.1126039999235217,38.52280799958408
G.MOV,132,G,True,G,0.7528034448623657,True,G,True,False,False,False,14.27002699995228,0.0069390000589919,2.402537000079974,22.02792799994313,0.0955949999479344,38.80302599998231
G.MOV,133,G,True,G,0.8016899824142456,True,G,True,False,False,False,13.778522000052362,0.0062950000483397,2.3421719999987545,21.981836999884763,0.0952279999637539,38.20405399994797
G.MOV,134,G,True,G,0.7859205603599548,True,G,True,False,False,False,13.785880999989786,0.0069400000484165,2.3558640000374,21.986943000001705,0.0928230001591146,38.22845100023642
G.MOV,135,G,True,G,0.8256574869155884,True,G,True,False,False,False,13.891395999962697,0.0067510000008041,2.2947960001147294,22.024299000122483,0.1099830001294321,38.32722500033015
G.MOV,136,G,True,G,0.7645769715309143,True,G,True,False,False,False,13.860912000041026,0.0060180000218679,2.366338000001633,21.98307300000124,0.1024010000492126,38.31874200011498
G.MOV,137,G,True,G,0.8135534524917603,True,G,True,False,False,False,13.778081000054954,0.0084369999058253,2.4014749999423657,22.079020000091987,0.1167750001513923,38.38378800014653
H.MOV,0,H,True,H,0.8350138068199158,True,H,True,False,False,False,14.197173000070508,0.009442999953535,2.350269000089611,22.15764599986869,0.1060319998487102,38.820562999831054
H.MOV,1,H,True,H,0.864022970199585,True,H,True,False,False,False,14.227694000055635,0.0087460000486316,2.437435999809168,22.052196000004187,0.0942990000112331,38.820370999928855
H.MOV,2,H,True,H,0.7767712473869324,True,H,True,False,False,False,13.858745999982602,0.0072830000590329,2.270643999963795,22.142163000125947,0.0962990000061836,38.37513500013756
H.MOV,3,H,True,H,0.7522101998329163,True,H,True,False,False,False,13.89312499998141,0.0073630001224955,2.3708730000180367,22.08121400008168,0.1082810001662437,38.46085600036986
H.MOV,4,H,True,H,0.7107388973236084,True,H,True,False,False,False,13.851144000000204,0.0077669999427598,2.542713999901025,22.159098999964044,0.1021719999698689,38.6628959997779
H.MOV,5,H,True,H,0.7633758783340454,True,H,True,False,False,False,14.04019500000686,0.0062919998526922,2.232189000096696,21.99810999991314,0.1049249999596213,38.38171099982901
H.MOV,6,H,True,H,0.8027755618095398,True,H,True,False,False,False,14.022787999920183,0.0079809999533608,2.2983199999089265,22.041033000050447,0.1154530000349041,38.48557499986782
H.MOV,7,H,True,H,0.6536431908607483,True,H,True,False,False,False,13.924645999964014,0.0068049998844799,2.390203000004476,22.03962099997625,0.0938229998155293,38.45509799964475
H.MOV,8,H,True,H,0.6763728857040405,True,H,True,False,False,False,13.849931999970975,0.0080789998264663,2.5289879999945697,22.706672999902366,0.098205000085727,39.191876999780106
H.MOV,9,H,True,H,0.7680342793464661,True,H,True,False,False,False,13.971918000038386,0.0103759998637542,2.383844000178214,22.10358100001031,0.097916999948211,38.56763600003888
H.MOV,10,H,True,H,0.6093549728393555,True,H,True,False,False,False,14.10758299994086,0.0106630000118457,2.414513999838164,22.08585099992888,0.1167350001196609,38.73534599983941
H.MOV,11,H,True,H,0.560787558555603,True,H,True,False,False,False,13.981326000021,0.0075200000537734,2.5450509999700444,22.467134999942573,0.0923360000797401,39.09336800006713
H.MOV,12,H,True,H,0.5422646403312683,True,H,True,False,False,False,13.903614000014386,0.0066509999214758,2.5310250000529777,22.73648100003811,0.092098999857626,39.26986999988458
H.MOV,13,H,True,H,0.7141892313957214,True,H,True,False,False,False,13.9593110000078,0.0077650001912843,2.6788899999701243,22.8226030001224,0.1618270000562915,39.6303960003479
H.MOV,14,H,True,H,0.6063239574432373,True,H,True,False,False,False,13.901155999974437,0.0132519999169744,2.613766999957079,22.78780700021344,0.1112929999180778,39.42727499998
H.MOV,15,H,True,H,0.4904390573501587,True,H,True,False,False,False,13.803096000060576,0.0073329999850102,2.247568000029787,21.97042200009492,0.0939890001063759,38.12240800027666
H.MOV,16,H,True,H,0.4428432583808899,True,H,True,False,False,False,13.920337999934418,0.0075790001119457,2.190079000001788,22.01140200008922,0.1059880000866542,38.235386000224025
H.MOV,17,H,True,G,0.5375880002975464,False,G,False,False,False,True,14.02602600001046,0.0071299998580798,2.2364980000020296,21.99859400002424,0.106265000113126,38.37451300000794
H.MOV,18,H,True,H,0.4610030949115753,True,H,True,False,False,False,13.932992000036393,0.0070189998950809,2.8014729998631083,22.03623099990181,0.1124339999023504,38.89014899959875
H.MOV,19,H,True,H,0.4634361565113067,True,H,True,False,False,False,13.978513999973076,0.0073539999903005,2.2451080001246737,22.020243000042683,0.1076210000974242,38.35884000022816
H.MOV,20,H,True,H,0.6066166758537292,True,H,True,False,False,False,13.868604999970556,0.0087099999745987,2.831634000131089,22.0183150001958,0.0947290000112843,38.82199300028333
H.MOV,21,H,True,H,0.617178201675415,True,H,True,False,False,False,13.892143000020951,0.0077129998317104,2.2906110000349145,22.00537399994573,0.0942580002174509,38.29009900005076
H.MOV,22,H,True,H,0.7877297401428223,True,H,True,False,False,False,13.903521000088404,0.0087700000221957,2.34822999982498,22.71457400001964,0.0982649999059503,39.07335999986117
H.MOV,23,H,True,H,0.8264314532279968,True,H,True,False,False,False,14.238461999980244,0.0077429999691958,2.291579999791793,21.99718600013512,0.0926860000163287,38.62765699989268
H.MOV,24,H,True,H,0.8687471151351929,True,H,True,False,False,False,13.861370000086026,0.0063770000906515,2.287966000039887,22.014404999936232,0.0993850001123064,38.269503000265104
H.MOV,25,H,True,H,0.8771708011627197,True,H,True,False,False,False,13.98124300010295,0.006592999852728,2.257470999893485,22.047122000003583,0.1175540000986075,38.40998299995135
H.MOV,26,H,True,H,0.8818721771240234,True,H,True,False,False,False,13.900426999953195,0.0074189999850204,1.6098979999696894,22.61945200007176,0.1178979998712748,38.25509399985094
H.MOV,27,H,True,H,0.9142829179763794,True,H,True,False,False,False,14.10356500002763,0.0075320001542422,2.2402500001135195,22.03733999999713,0.1039450000916986,38.49263200038422
H.MOV,28,H,True,H,0.8914382457733154,True,H,True,False,False,False,15.149193999945965,0.0070060000325611,2.335929000082615,21.97419300000547,0.0931280001168488,39.55945000018346
H.MOV,29,H,True,H,0.918407142162323,True,H,True,False,False,False,14.106132999927468,0.0077560000590892,2.3334369998337934,22.01105400013148,0.0929390000692365,38.55131900002107
H.MOV,30,H,True,H,0.9191901087760924,True,H,True,False,False,False,14.04182299995682,0.0073149999479937,2.2764759999063244,22.016958999984126,0.103470000112793,38.44604299990806
H.MOV,31,H,True,H,0.8555809855461121,True,H,True,False,False,False,13.862176999964504,0.0074450001648074,2.317979999816089,22.62571200003549,0.1025919998483004,38.91590599982919
H.MOV,32,H,True,H,0.8729457259178162,True,H,True,False,False,False,13.995422000107284,0.0073300000167364,2.239227000018218,22.027944999990723,0.0985149999905843,38.36843900012354
H.MOV,33,H,True,H,0.8457443118095398,True,H,True,False,False,False,13.89721499992902,0.006917000064277,2.3187229999166448,22.448320999956195,0.1199099999666941,38.79108599983283
H.MOV,34,H,True,H,0.7292853593826294,True,H,True,False,False,False,13.862077999988289,0.0079320000168081,2.2717589999956544,22.55121199982568,0.0967609998951957,38.78974199972163
H.MOV,35,H,True,H,0.7525935769081116,True,H,True,False,False,False,13.87398999997913,0.0071080000907386,2.233240999885311,22.05453900000976,0.1310850000209029,38.29996299998584
H.MOV,36,H,True,H,0.6691757440567017,True,H,True,False,False,False,14.019091000022854,0.0073609999162727,2.5724500001160777,22.12879100011378,0.1008030001230508,38.828496000292034
H.MOV,37,H,True,H,0.6322029829025269,True,H,True,False,False,False,14.005698000005395,0.0080059999163495,2.3631459998796345,22.04260199982855,0.1259620000837458,38.54541399971367
H.MOV,38,H,True,H,0.6753866076469421,True,H,True,False,False,False,14.562615999921036,0.0083140000697312,2.293080000072223,22.018849999994927,0.1645790000566194,39.04743900011454
H.MOV,39,H,True,H,0.5642141699790955,True,H,True,False,False,False,13.869176000071093,0.0082399999428162,2.277530999890587,22.01912399982575,0.0933159999476629,38.26738699967791
H.MOV,40,H,True,H,0.448619931936264,True,H,True,False,False,False,13.936627000020962,0.007201000016721,2.5697400001263304,22.03780200011352,0.0946860000112792,38.64605600028881
H.MOV,41,H,True,G,0.4254830181598663,False,G,False,False,False,True,13.888542000017878,0.007480000022042,2.2440760001245508,22.042415999976583,0.1024560001496865,38.28497000029074
H.MOV,42,H,True,H,0.351058691740036,True,H,True,False,False,False,13.955097999996724,0.0067250000483909,2.2519110000303044,22.02846199998021,0.0944619998790585,38.33665799993469
H.MOV,43,H,True,H,0.538334310054779,True,H,True,False,False,False,13.917597999920872,0.0072650000220164,2.276465000022654,21.99000900009196,0.0989769998795964,38.2903139999371
H.MOV,44,H,True,H,0.3781792819499969,True,H,True,False,False,False,14.404146999936527,0.0095500001862092,2.3623970000699046,22.05049300005157,0.0981949999641074,38.92478200020832
H.MOV,45,H,True,H,0.3935266733169555,True,H,True,False,False,False,13.893083999960254,0.0090319999799248,2.4206730001878896,22.098054999787564,0.1140179999765678,38.5348619998922
H.MOV,46,H,True,H,0.4902168810367584,True,H,True,False,False,False,13.841622999962055,0.0081550001596042,2.240758999960235,22.0363250000446,0.102080000033311,38.228942000159805
H.MOV,47,H,True,H,0.7770661115646362,True,H,True,False,False,False,13.883706999990864,0.0081519999639567,2.45141400000648,22.060844999941764,0.1010609998957079,38.50517899979877
H.MOV,48,H,True,H,0.90225088596344,True,H,True,False,False,False,13.89001699999426,0.007824000022083,2.2765620001337084,22.05666800000472,0.1245030000518454,38.355574000206616
H.MOV,49,H,True,H,0.9509097337722778,True,H,True,False,False,False,14.04605300001549,0.0075000000379077,2.530356999841388,22.04704399991897,0.0954780000483879,38.72643199986214
H.MOV,50,H,True,H,0.9813767075538636,True,H,True,False,False,False,14.1256130000329,0.0080810000326891,2.287346999992224,22.06338499991034,0.0996010001017566,38.58402700006991
H.MOV,51,H,True,H,0.9994437098503112,True,H,True,False,False,False,13.911935999999514,0.0080629999956727,2.297842999951172,22.008858999925,0.0977769998371513,38.324477999708506
H.MOV,52,H,True,H,0.9998393058776855,True,H,True,False,False,False,14.199232000009944,0.007665000111956,2.350591000094937,22.053200000073048,0.1536180000130116,38.764306000302895
H.MOV,53,H,True,H,0.999883770942688,True,H,True,False,False,False,13.921574000050896,0.0072169998475146,2.282380999986344,22.790862999954697,0.1126099998600693,39.11464499969952
H.MOV,54,H,True,H,0.9999432563781738,True,H,True,False,False,False,13.998294000089118,0.0073420001172053,2.2452030000295053,21.99746500014044,0.1515829999334528,38.39988700030972
H.MOV,55,H,True,H,0.9999524354934692,True,H,True,False,False,False,13.997095999911837,0.0074619999850256,2.2952090000671888,22.02434199989512,0.0990730000012263,38.42318199986039
H.MOV,56,H,True,H,0.9999793767929076,True,H,True,False,False,False,13.939735000008111,0.0072630000431672,2.227926999921692,22.00217000017801,0.1204779998715821,38.29757300002257
H.MOV,57,H,True,H,0.9999837875366212,True,H,True,False,False,False,14.195647000065035,0.013312999953996,2.0574669999859907,22.103523999930985,0.0922490000903053,38.46220000002632
H.MOV,58,H,True,H,0.9999830722808838,True,H,True,False,False,False,13.81403400000636,0.0077669999427598,2.3131400000693247,22.024007000027268,0.0977439999587659,38.25669200000448
H.MOV,59,H,True,H,0.9999712705612184,True,H,True,False,False,False,13.882099000056767,0.0082530000327096,2.319715999874461,22.07387499993274,0.0951539998368389,38.37909699973352
H.MOV,60,H,True,H,0.9999712705612184,True,H,True,False,False,False,13.988610999945196,0.0074380000114615,2.311823999889384,22.056445000089298,0.0943929999266401,38.45871099986198
H.MOV,61,H,True,H,0.999940037727356,True,H,True,False,False,False,14.319170000021586,0.008451999974568,2.3272549999546754,22.047134999866103,0.0980520001121476,38.80006399992908
H.MOV,62,H,True,H,0.9996125102043152,True,H,True,False,False,False,13.880961999916508,0.0082209999163751,2.370229999996809,22.092042999929618,0.0980170000275393,38.44947299978685
H.MOV,63,H,True,H,0.9926487803459167,True,H,True,False,False,False,13.882079000040903,0.0410390000524785,2.3993580000478687,22.04901499999324,0.0936499998260842,38.46514099996057
H.MOV,64,H,True,H,0.8292396068572998,True,H,True,False,False,False,13.987886999984768,0.0088319998212682,2.276861999916946,22.045975999844813,0.1358109998363943,38.45536799940419
H.MOV,65,H,True,H,0.8627018928527832,True,H,True,False,False,False,13.936122000018258,0.0070399999003711,2.270274000011341,22.050648000004003,0.0977320000856707,38.36181600001965
H.MOV,66,H,True,H,0.7596834301948547,True,H,True,False,False,False,14.079022999908377,0.0081289999798173,2.3025460000098974,22.01736400002119,0.1052820000495557,38.512343999968834
H.MOV,67,H,True,H,0.7009302377700806,True,H,True,False,False,False,13.866976000031173,0.0082799999745475,2.4228269999184704,22.038752000071327,0.0958779999109538,38.43271299990647
H.MOV,68,H,True,G,0.4773562550544739,False,G,False,False,False,True,14.305556000067554,0.0069749999056512,2.8439190000426606,22.07137799996417,0.1287420000153361,39.35656999999537
H.MOV,69,H,True,N,0.2745226919651031,False,N,False,False,False,True,13.935328999991723,0.0072959999215527,2.387901000020065,21.979804000011427,0.095246999990195,38.405576999934965
H.MOV,70,H,True,N,0.2906888723373413,False,N,False,False,False,True,13.918946999979198,0.0078370001119765,2.243685999928857,22.07403400007024,0.1174669998817989,38.36197099997207
H.MOV,71,H,True,N,0.2628299295902252,False,N,False,False,False,True,14.249349000010625,0.0075789998845721,2.3614010001438146,22.044919999871126,0.1025670001126854,38.76581600002282
H.MOV,72,H,True,T,0.264746218919754,False,T,False,False,False,True,14.039098000012018,0.0079699998423166,2.341801000056876,21.98301199996422,0.0984680000328808,38.47034899990831
H.MOV,73,H,True,N,0.3215736150741577,False,N,False,False,False,True,13.9512849999619,0.0075810000907949,2.274006999869016,22.18053199999304,0.0977669999429053,38.51117199985765
H.MOV,74,H,True,H,0.4310943484306335,True,H,True,False,False,False,14.06377600005726,0.0088229999164468,2.2655829998257104,22.02516799980004,0.1165300000138813,38.47987999961333
H.MOV,75,H,True,G,0.4602900743484497,False,G,False,False,False,True,15.009668999937276,0.0072099999215424,2.2438689998125483,22.00866799989853,0.1047329999437352,39.37414899951364
H.MOV,76,H,True,H,0.5132527947425842,True,H,True,False,False,False,16.30276599996705,0.0094750000698695,2.264755999931367,22.147023999878,0.124174999882598,40.84819599972889
H.MOV,77,H,True,H,0.6988104581832886,True,H,True,False,False,False,14.010717000019213,0.0098630000593402,2.392370000052324,22.073296000144182,0.1037289998748747,38.589975000149934
H.MOV,78,H,True,H,0.8277348279953003,True,H,True,False,False,False,13.931135999996512,0.0076630001331068,2.427520999845001,22.044371999982104,0.094549999857918,38.50524199981464
H.MOV,79,H,True,H,0.5898091793060303,True,H,True,False,False,False,13.969010999971944,0.0077820000115025,2.373210999849107,22.03034200010734,0.1045559999965917,38.48490199993648
H.MOV,80,H,True,H,0.6229594945907593,True,H,True,False,False,False,13.812264999955914,0.0079020001066965,2.260000999967815,22.70817699991312,0.0954500001171254,38.88379500006067
H.MOV,81,H,True,H,0.9021636247634888,True,H,True,False,False,False,13.915038000050115,0.0083680001807806,2.3377659999823663,22.03196499999649,0.1198820000354317,38.41301900024519
H.MOV,82,H,True,H,0.806483805179596,True,H,True,False,False,False,13.842583999917224,0.0073549999797251,2.3125279999476334,22.03337299988561,0.0988649999271729,38.29470499965737
H.MOV,83,H,True,H,0.872255802154541,True,H,True,False,False,False,13.920142999950258,0.0068800000008195,2.2352759999648697,22.01419700008956,0.0952430000324966,38.271739000038
H.MOV,84,H,True,H,0.9091129302978516,True,H,True,False,False,False,13.874178000037318,0.0079599999480706,2.314922000095976,22.09291900021526,0.1398889999109087,38.429868000207534
H.MOV,85,H,True,H,0.9216733574867249,True,H,True,False,False,False,13.97923100000753,0.0086069999269966,2.373510000097667,22.048659999882148,0.1024549999328883,38.51246299984723
H.MOV,86,H,True,H,0.9633156061172484,True,H,True,False,False,False,13.923933999990368,0.0076979999903414,2.2860419999233272,22.02818799992201,0.0954399999955057,38.34130199982155
H.MOV,87,H,True,H,0.9753128290176392,True,H,True,False,False,False,13.894980000031865,0.0079110000115178,2.5063909999971656,22.045941999977003,0.0956310000219673,38.55085500003952
H.MOV,88,H,True,H,0.9874994158744812,True,H,True,False,False,False,13.835032999963914,0.0122319997899467,2.261717000010321,22.01427800014244,0.1095710001663974,38.23283100007302
H.MOV,89,H,True,H,0.9845585227012634,True,H,True,False,False,False,13.946139000040604,0.0075030000061815,2.339922999908594,22.06454099996336,0.0923969998893881,38.45050299980812
H.MOV,90,H,True,H,0.9506809115409852,True,H,True,False,False,False,13.835381999911078,0.0082609999481064,2.266283000153635,22.048777000009068,0.1380230000904703,38.29672600011236
H.MOV,91,H,True,H,0.9345546960830688,True,H,True,False,False,False,13.93593399996007,0.0072670000008656,2.315085999953226,22.02634799982661,0.1387160000376752,38.42335099977845
H.MOV,92,H,True,H,0.8348987102508545,True,H,True,False,False,False,14.250801000002866,0.0079250000908359,2.22244899987345,22.007002999998804,0.0974249999217136,38.58560299988767
H.MOV,93,H,True,H,0.8391827344894409,True,H,True,False,False,False,13.986942999963505,0.0072359998739557,2.3146199998791417,22.1242570000868,0.1103179999972781,38.54337399980068
H.MOV,94,H,True,H,0.807784378528595,True,H,True,False,False,False,14.238801000033163,0.0092039999799453,2.224595999905432,21.995574999891687,0.095172000101229,38.56334799991146
H.MOV,95,H,True,H,0.6422415971755981,True,H,True,False,False,False,13.81468399995356,0.0083110001014574,2.276837999943382,22.023038000043016,0.1022159999592986,38.22508700000071
H.MOV,96,H,True,H,0.7503493428230286,True,H,True,False,False,False,13.952043000017513,0.0064880000536504,2.237225999806469,22.02521200001684,0.09321499987891,38.31418399977338
H.MOV,97,H,True,H,0.4984563589096069,True,H,True,False,False,False,13.955531000078736,0.006703000053676,2.289797000003091,21.986647999938214,0.1077399999758199,38.346419000049536
H.MOV,98,H,True,G,0.4568023979663849,False,G,False,False,False,True,13.819255000043997,0.007545000016762,2.2473840001566714,22.021314999847164,0.0997160000224539,38.195215000087046
H.MOV,99,H,True,G,0.5709249973297119,False,G,False,False,False,True,13.932647999922663,0.0070529999902646,2.3072219998994115,22.02201000000059,0.1060030001553968,38.37493599996833
H.MOV,100,H,True,H,0.3921280205249786,True,H,True,False,False,False,13.835955999979888,0.0070260000484267,2.254925999977786,22.051633000046422,0.0937659999635798,38.2433070000161
H.MOV,101,H,True,G,0.3075835108757019,False,G,False,False,False,True,14.260825999940607,0.0063859999954729,2.323481999837896,22.045153000135542,0.0953530000060709,38.73119999991559
H.MOV,102,H,True,N,0.3061321377754211,False,N,False,False,False,True,13.91007899997021,0.0077150000379333,2.261268999973254,22.072475000186387,0.1114030001190258,38.36294100028681
H.MOV,103,H,True,N,0.334020584821701,False,N,False,False,False,True,13.8787329999559,0.0085780000063095,2.285384999822781,22.027597999795034,0.0982490000751568,38.29854299965518
H.MOV,104,H,True,H,0.2973192036151886,True,H,True,False,False,False,13.930202999972607,0.009163999948214,2.512186999865662,22.14361699998335,0.0940719999107386,38.68924299968057
H.MOV,105,H,True,G,0.4280337989330292,False,G,False,False,False,True,13.967505999971763,0.0076369999533199,2.300880999882793,22.033821999912107,0.1319180000791675,38.44176399979915
H.MOV,106,H,True,G,0.5887064933776855,False,G,False,False,False,True,13.88045599992438,0.0075969999215885,2.292598999929396,22.07379900005435,0.0990260000435228,38.35347699987324
H.MOV,107,H,True,H,0.5254771709442139,True,H,True,False,False,False,14.258376999919165,0.0075170000854996,2.470800000082818,22.046196000019336,0.1035369998589885,38.886426999965806
H.MOV,108,H,True,H,0.6999768018722534,True,H,True,False,False,False,13.902767999979917,0.0077199999850563,2.312336999921172,22.00396000012006,0.0946809998367825,38.321465999842985
H.MOV,109,H,True,H,0.7377251982688904,True,H,True,False,False,False,13.913089000084256,0.0072130001171899,2.3766249998971034,22.01209100007873,0.0951419999637437,38.40416000014102
H.MOV,110,H,True,H,0.7375596165657043,True,H,True,False,False,False,13.879341999995631,0.0079880001067067,2.317594999794892,22.03192800016041,0.0956070000484032,38.33246000010604
H.MOV,111,H,True,H,0.8274259567260742,True,H,True,False,False,False,13.918504999992363,0.0073219998739659,2.2362219999649824,21.996758999875965,0.0911300001007475,38.249937999808026
H.MOV,112,H,True,H,0.8871961236000061,True,H,True,False,False,False,13.986116999944898,0.0069970001277397,2.224682000132816,22.02638800008572,0.0943580000694055,38.338542000360576
H.MOV,113,H,True,H,0.9515587687492372,True,H,True,False,False,False,14.196394000009604,0.0077820000115025,2.270626999916203,22.02880999993795,0.1002829999379173,38.603895999813176
H.MOV,114,H,True,H,0.9979541301727296,True,H,True,False,False,False,13.85078800001338,0.0080710001384431,2.293673999929524,21.99960100006137,0.092423000069175,38.2445570002119
H.MOV,115,H,True,H,0.9991742968559264,True,H,True,False,False,False,13.99591100005182,0.0082439999005146,2.3433249998561223,22.023410999963744,0.0962500000696309,38.46714099984183
H.MOV,116,H,True,H,0.999143123626709,True,H,True,False,False,False,13.991752000038105,0.0074330000643385,2.3117559999263904,22.045026000114376,0.1027480000175273,38.45871500016074
H.MOV,117,H,True,H,0.999337375164032,True,H,True,False,False,False,14.287507999938498,0.0069299999267968,2.2751699998480035,21.99902600000314,0.0917510001272603,38.6603849998437
H.MOV,118,H,True,H,0.997940957546234,True,H,True,False,False,False,14.01311999995869,0.0077150000379333,2.288204000024052,22.034649999795874,0.1069530001132079,38.45064199992976
H.MOV,119,H,True,H,0.9979737401008606,True,H,True,False,False,False,14.02562400005536,0.0069230000008246,2.2964960000990686,22.043451999934405,0.12639700003092,38.49889200012058
H.MOV,120,H,True,H,0.9972163438796996,True,H,True,False,False,False,13.8988229999768,0.0193700000181706,2.337624000119831,22.01036299993575,0.1176340001620701,38.383814000212624
H.MOV,121,H,True,H,0.9658055901527404,True,H,True,False,False,False,13.977329999988797,0.0080390000221086,2.3084299998572533,22.072351999895545,0.0954670001647173,38.46161799992842
H.MOV,122,H,True,H,0.9018884897232056,True,H,True,False,False,False,13.92054799998732,0.0066580000748217,2.3093330000847345,22.037495999938983,0.1014310000755358,38.3754660001614
H.MOV,123,H,True,H,0.9594083428382874,True,H,True,False,False,False,14.2276880000054,0.0076009998792869,2.3132829999212845,22.04452900014076,0.1154319998022401,38.70853299974897
H.MOV,124,H,True,H,0.6950769424438477,True,H,True,False,False,False,14.045968000004905,0.0071599999955651,2.2429979999287752,22.015602000010404,0.1053650000812922,38.41709300002094
H.MOV,125,H,True,H,0.5755036473274231,True,H,True,False,False,False,13.954326999964906,0.0080259999322152,2.321611000070334,22.039735999896948,0.0934800000322866,38.41717999989669
H.MOV,126,H,True,H,0.564261794090271,True,H,True,False,False,False,14.01877900002546,0.0079999999798019,2.2829600000022765,22.03412800008664,0.1075999998647603,38.45146699995894
H.MOV,127,H,True,G,0.5611573457717896,False,G,False,False,False,True,13.913551999962692,0.0086039999587228,2.417250000007698,22.17104399983328,0.1252140000360668,38.63566399979845
H.MOV,128,H,True,G,0.6212755441665649,False,G,False,False,False,True,14.035451999916404,0.0077150000379333,2.1978600000238657,21.968938999862075,0.0936530000217317,38.30361899986201
H.MOV,129,H,True,N,0.6409854888916016,False,N,False,False,False,True,14.170072000069922,0.0080790000538399,2.423012999997809,22.08532899999227,0.0959819999479805,38.78247500006182
H.MOV,130,H,True,N,0.665565013885498,False,N,False,False,False,True,13.85333299992908,0.0085909998688293,2.217087999952128,22.21756599988112,0.1024570001391111,38.399034999770265
H.MOV,131,H,True,N,0.4094676077365875,False,N,False,False,False,True,14.319797999974073,0.0087139999322971,2.4330559999725665,22.08944700009852,0.1203020001412369,38.97131700011869
H.MOV,132,H,True,N,0.4872967004776001,False,N,False,False,False,True,13.971448999996028,0.0068820002070424,2.434372999914558,22.052832000099443,0.097418999985166,38.56295500020224
H.MOV,133,H,True,N,0.4931257665157318,False,N,False,False,False,True,14.099654999995437,0.0081999999110848,2.2733340001650504,21.99104900000748,0.1123550000556861,38.48459300013474
H.MOV,134,H,True,N,0.5388580560684204,False,N,False,False,False,True,14.069138999957431,0.0070609999056614,2.358613000069454,22.007260999998834,0.0957139998263301,38.53778799975771
H.MOV,135,H,True,N,0.466137558221817,False,N,False,False,False,True,14.006964999907725,0.0150739999753568,2.277722999906473,21.968841999978395,0.0948460001382045,38.36344999990615
H.MOV,136,H,True,G,0.500400185585022,False,G,False,False,False,True,13.97631800000454,0.0075949999427393,2.2234279999793216,22.03402100008134,0.1003920001494407,38.34175400015738
H.MOV,137,H,True,G,0.5846865177154541,False,G,False,False,False,True,14.420514999983425,0.0074909999057126,2.3149090000060824,22.01285399996777,0.0964480000220646,38.85221699988506
H.MOV,138,H,True,H,0.5241956114768982,True,H,True,False,False,False,13.752608999993754,0.0058879998050542,2.167750999888085,21.96497099998851,0.1178649999928893,38.00908399966829
H.MOV,139,H,True,H,0.6571051478385925,True,H,True,False,False,False,14.227255000037076,0.0063620000219088,2.3558959999263607,21.991568000203188,0.0913619999209913,38.67244300010952
H.MOV,140,H,True,H,0.8710597157478333,True,H,True,False,False,False,13.781813000036893,0.0062619999425805,2.1954020000976016,21.995704999881127,0.1003209999907994,38.079502999949
H.MOV,141,H,True,H,0.8417859077453613,True,H,True,False,False,False,14.02655300000788,0.0066220000007888,2.2522930000832275,22.00005600002441,0.0989489999483339,38.384473000064645
H.MOV,142,H,True,H,0.8624261021614075,True,H,True,False,False,False,13.915750000023763,0.0073489998158038,2.223859999958222,21.97766200015394,0.0979100000222388,38.22253099997397
I.MOV,0,I,True,I,0.9998290538787842,True,I,True,False,False,False,14.27771099997699,0.0096239998583769,2.5176019998980337,20.65169200000128,0.1096360001611174,37.56626499989579
I.MOV,1,I,True,I,0.9996453523635864,True,I,True,False,False,False,13.948075000030258,0.008122999815896,2.2917579999557347,20.59186699989368,0.1050060000125086,36.94482899970808
I.MOV,2,I,True,I,0.9992479681968688,True,I,True,False,False,False,14.1194740000401,0.0075949999427393,2.354978000084884,20.60753399996429,0.0913430001219239,37.18092400015394
I.MOV,3,I,True,I,0.999200165271759,True,I,True,False,False,False,13.918902999989768,0.007595000170113,2.263103999894156,20.52371900003891,0.1044910000018717,36.81781200009482
I.MOV,4,I,True,I,0.9994063377380372,True,I,True,False,False,False,13.861399999996138,0.0119329999961337,2.4561269999594515,22.115801000154534,0.1050319999649218,38.55029300007118
I.MOV,5,I,True,I,0.9996198415756226,True,I,True,False,False,False,13.83348800004569,0.008163000075001,2.3004809997928533,22.04345399991325,0.0951619999796093,38.28074799980641
I.MOV,6,I,True,I,0.9995833039283752,True,I,True,False,False,False,13.884656999948676,0.0074980000590585,2.369792999843412,22.013192000031268,0.105038999890894,38.38017899977331
I.MOV,7,I,True,I,0.9993754029273988,True,I,True,False,False,False,14.11559199993917,0.0069839998104725,2.407109000159835,22.007515999803218,0.1060270001289609,38.643227999841656
I.MOV,8,I,True,I,0.9995238780975342,True,I,True,False,False,False,13.856583999995564,0.0078830000802554,2.383029999919017,22.05275400001483,0.1163259998975263,38.41657699990719
I.MOV,9,I,True,I,0.9987189769744872,True,I,True,False,False,False,13.980792999973346,0.0076169999374542,2.534581999952934,22.15474399986305,0.1317799999469571,38.80951599967375
I.MOV,10,I,True,I,0.9969725608825684,True,I,True,False,False,False,14.006517999973768,0.0185660001079668,2.349621999883311,22.030011999959243,0.0942910000958363,38.49900900002012
I.MOV,11,I,True,I,0.997907280921936,True,I,True,False,False,False,13.86959299998125,0.0065179999637621,2.267964000111533,22.00206199995592,0.0923820000480191,38.23851900006048
I.MOV,12,I,True,I,0.9991950392723083,True,I,True,False,False,False,13.8339250000854,0.0081170001067221,2.4285609999878943,22.007535999819083,0.1028210001550178,38.38096000015412
I.MOV,13,I,True,I,0.999589502811432,True,I,True,False,False,False,14.044008000041686,0.0073109999902953,2.3927180000100634,22.05023499982417,0.1160670001354446,38.61033900000166
I.MOV,14,I,True,I,0.9993526339530944,True,I,True,False,False,False,13.896682999984478,0.0076339999850461,2.412114999970072,22.02062200012733,0.0902849999420141,38.42733900000894
I.MOV,15,I,True,I,0.999874472618103,True,I,True,False,False,False,13.923102000035216,0.0074079998739762,2.3123040000427864,22.05731799995192,0.1078189998224843,38.40795099972638
I.MOV,16,I,True,I,0.9998736381530762,True,I,True,False,False,False,13.92352999994273,0.0068500000907079,2.352960000052917,22.00743299999885,0.0923360000797401,38.38310900016495
I.MOV,17,I,True,I,0.9999499320983888,True,I,True,False,False,False,13.928179999993516,0.0078730001860094,2.3457150000467664,22.0456260001356,0.0960400000167283,38.42343400037862
I.MOV,18,I,True,I,0.9999493360519408,True,I,True,False,False,False,13.962900000024092,0.0077100000908103,2.4429899999631743,22.00885599995672,0.0958729999638308,38.51832899999863
I.MOV,19,I,True,I,0.99992835521698,True,I,True,False,False,False,14.03077800000574,0.0082239998846489,2.3146229998474155,22.263191999854826,0.0962530000379047,38.71306999963053
I.MOV,20,I,True,I,0.9999219179153442,True,I,True,False,False,False,14.225978000013129,0.0082409999322408,2.428842000199438,21.99009500009197,0.1233240000146906,38.77648000025147
I.MOV,21,I,True,I,0.9998946189880372,True,I,True,False,False,False,13.93161200007853,0.0075259999903209,2.4258769999505603,22.07140500013338,0.0953609999214677,38.53178100007426
I.MOV,22,I,True,I,0.999815046787262,True,I,True,False,False,False,13.985681999997723,0.0071130000378616,2.3130739998578065,22.04192399995009,0.094883999963713,38.44267699980719
I.MOV,23,I,True,I,0.9995408058166504,True,I,True,False,False,False,14.413866999916536,0.0083400000221445,2.319658000033087,22.05046999984006,0.119717999950808,38.91205299976264
I.MOV,24,I,True,I,0.9996067881584167,True,I,True,False,False,False,14.259940999977516,0.0075200000537734,2.3662989999593265,22.078787000054945,0.1068379999651369,38.8193850000107
I.MOV,25,I,True,I,0.9994858503341676,True,I,True,False,False,False,14.051151000103346,0.0084439998317975,2.499667999927624,22.08466199999748,0.0967190001119888,38.74064399997224
I.MOV,26,I,True,I,0.99969744682312,True,I,True,False,False,False,13.943306999976812,0.0065750000430853,2.364281999916784,22.02547100000629,0.0958809998792276,38.4355159998222
I.MOV,27,I,True,I,0.999464213848114,True,I,True,False,False,False,13.844109000046956,0.0082809999639721,2.3438289999830886,22.04664300006698,0.1079079997907683,38.35076999985176
I.MOV,28,I,True,I,0.9993492960929872,True,I,True,False,False,False,13.799027000004571,0.0067949999902339,2.3756749999392923,22.06390400010605,0.0939149999794608,38.33931600001961
I.MOV,29,I,True,I,0.9992617964744568,True,I,True,False,False,False,13.889060999986214,0.0071590000061405,2.2936299999400944,22.01732799994716,0.1078789998700813,38.315056999749686
I.MOV,30,I,True,I,0.9989790916442872,True,I,True,False,False,False,13.933147999978246,0.0077960000908205,2.357018999873617,22.05900300009489,0.1165849998869816,38.47355099992456
I.MOV,31,I,True,I,0.998256504535675,True,I,True,False,False,False,14.24462099998891,0.0068730000748473,2.6773960000809893,22.105928999963,0.1152960001036262,39.15011500021137
I.MOV,32,I,True,I,0.9993777275085448,True,I,True,False,False,False,14.139881000005516,0.0076349999744707,2.37481499993919,22.02971599990633,0.1057150000178808,38.65776199984339
I.MOV,33,I,True,I,0.9994879961013794,True,I,True,False,False,False,13.915954000026431,0.00711699999556,1.7015989999435988,22.63673699985702,0.0968779997947422,38.35828499961736
I.MOV,34,I,True,I,0.9996621608734132,True,I,True,False,False,False,13.835825999990448,0.0079310000273835,2.381832000082796,22.03283999983796,0.0955709999743703,38.35399999991296
I.MOV,35,I,True,I,0.9996720552444458,True,I,True,False,False,False,13.824968999983868,0.0080970000908564,2.360904000170194,21.9881359998908,0.0980370000434049,38.28014300017912
I.MOV,36,I,True,I,0.9996639490127563,True,I,True,False,False,False,13.887572000044202,0.0078260000009322,2.1002809999117744,22.307320999971125,0.1000499999008752,38.40304999982891
I.MOV,37,I,True,I,0.99887877702713,True,I,True,False,False,False,13.941434999992453,0.007675000006202,2.411857999959466,22.01589499986767,0.092990999974063,38.46985399979985
I.MOV,38,I,True,I,0.9993098974227904,True,I,True,False,False,False,14.171387999908802,0.0101159998848743,2.4984659999063297,22.08579800003463,0.093228999958228,38.85899699969286
I.MOV,39,I,True,I,0.9989487528800964,True,I,True,False,False,False,13.86584399995172,0.0086190000274655,2.37730100002409,22.05884199997854,0.1024159998905815,38.4130219998724
I.MOV,40,I,True,I,0.9980789422988892,True,I,True,False,False,False,13.869804000023578,0.0093920000381331,2.764497999805826,22.05820499989386,0.0958029997946141,38.79770199955601
I.MOV,41,I,True,I,0.9987775683403016,True,I,True,False,False,False,13.855917000000773,0.008187000048565,2.285882000023776,22.6884290000271,0.0980760000857117,38.93649100018592
I.MOV,42,I,True,I,0.9988172054290771,True,I,True,False,False,False,13.981566999973438,0.0259959999766579,2.5483719998646848,22.04772699997193,0.1079710000340128,38.71163299982072
I.MOV,43,I,True,I,0.9973932504653932,True,I,True,False,False,False,13.887519000036264,0.0081549999322305,2.42905899995094,22.14540999989368,0.1006029999643942,38.5707459997775
I.MOV,44,I,True,I,0.9953403472900392,True,I,True,False,False,False,13.884242000017366,0.0068080000801273,2.372955000055299,22.0117690000734,0.1164540001354907,38.39222800036168
I.MOV,45,I,True,I,0.9900304079055786,True,I,True,False,False,False,13.99683499994353,0.0095389998477912,2.2731859999112203,22.25088299996969,0.108870000076422,38.639312999748654
I.MOV,46,I,True,I,0.9854139089584352,True,I,True,False,False,False,13.843122000025687,0.0084010000591661,2.4151139998593862,22.047748999966643,0.0920340000902797,38.40642000000116
I.MOV,47,I,True,I,0.9865761995315552,True,I,True,False,False,False,14.077064000048267,0.0076399999215936,2.301705000036236,22.04915499987692,0.0936169999476987,38.52918099983072
I.MOV,48,I,True,I,0.9736183285713196,True,I,True,False,False,False,13.82430099999965,0.0071229999321076,2.32164199996987,22.000298999955703,0.0925229999211296,38.24588799977846
I.MOV,49,I,True,I,0.9943337440490724,True,I,True,False,False,False,13.923632999990332,0.007155999810493,2.450178000117376,22.00756799993541,0.0919859999157779,38.4805209997694
I.MOV,50,I,True,I,0.9980124235153198,True,I,True,False,False,False,14.06927599998653,0.0081910000062634,2.381535000040458,22.03149699994356,0.164236000046003,38.65473500002281
I.MOV,51,I,True,I,0.9991687536239624,True,I,True,False,False,False,13.912097000002175,0.0074140000378974,2.394279999862192,22.088571000040247,0.0980239999535115,38.500385999896025
I.MOV,52,I,True,I,0.9995865225791932,True,I,True,False,False,False,13.93076600004406,0.0088540000433567,2.414058999875124,22.062968000000183,0.1192689999243157,38.53591599988704
I.MOV,53,I,True,I,0.9992606043815612,True,I,True,False,False,False,13.886593000052017,0.007460999995601,2.382123999950636,22.128893999934007,0.1183900001251458,38.52346200005741
I.MOV,54,I,True,I,0.9997605681419371,True,I,True,False,False,False,14.287824000007276,0.0077669999427598,2.4949139999534964,22.065557999894736,0.0944779999372258,38.950540999735495
I.MOV,55,I,True,I,0.999349057674408,True,I,True,False,False,False,13.93888400002652,0.0199990001874539,2.355074999968565,22.107541999957903,0.1274779999675956,38.54897800010804
I.MOV,56,I,True,I,0.998543381690979,True,I,True,False,False,False,14.049999999997452,0.0082270000802964,2.542155000128332,22.08480000012969,0.098712999943018,38.78389500027879
I.MOV,57,I,True,I,0.9992031455039978,True,I,True,False,False,False,14.002132999962669,0.0081570001384534,2.4765900000147667,22.10053099997822,0.1501790000020264,38.73759000009613
I.MOV,58,I,True,I,0.9963339567184448,True,I,True,False,False,False,14.068524999970576,0.0088780000169208,2.3471360000257846,22.01948199990511,0.0934160000269912,38.537436999945385
I.MOV,59,I,True,I,0.996892511844635,True,I,True,False,False,False,14.151010000091446,0.0077839999903517,2.3827129998608143,22.066396000127497,0.110378000044875,38.718281000114985
I.MOV,60,I,True,I,0.9975630044937134,True,I,True,False,False,False,13.95816499996272,0.0087800001438154,2.466811999966012,22.069165999937468,0.0926579998576926,38.59558099986771
I.MOV,61,I,True,I,0.9977145195007324,True,I,True,False,False,False,13.894619999973656,0.0075719999585999,2.3615949999111763,22.03531700001804,0.1003329998638946,38.39943699972537
I.MOV,62,I,True,I,0.97104150056839,True,I,True,False,False,False,13.874522999913095,0.0078750001648586,2.37551700001859,22.06936199991105,0.0951709998844307,38.42244799989203
I.MOV,63,I,True,I,0.9529073238372804,True,I,True,False,False,False,14.22960399997919,0.0073629998951219,2.2947269999349373,22.006939999982933,0.0892059999841876,38.62783999977637
I.MOV,64,I,True,I,0.9721170663833618,True,I,True,False,False,False,14.437356000030375,0.008317000038005,2.3730640000394487,22.05774999993082,0.1157619999503367,38.99224899998899
I.MOV,65,I,True,I,0.956199586391449,True,I,True,False,False,False,13.95280700000967,0.0080299998899135,2.353276000121696,22.014929999841115,0.1117290000820503,38.440771999944445
I.MOV,66,I,True,I,0.938454806804657,True,I,True,False,False,False,13.811183000029814,0.0073919998158089,2.320898000107263,22.000038999976823,0.0919960000373976,38.23150799996711
I.MOV,67,I,True,I,0.9548012614250184,True,I,True,False,False,False,14.025006999986545,0.0077809997947042,2.2865140001613327,22.023012000090603,0.1299479999943287,38.47226200002751
I.MOV,68,I,True,I,0.9587399959564208,True,I,True,False,False,False,16.524075999996057,0.0072430000273016,2.304760000015449,21.98540600011256,0.0971779998053534,40.91866299995672
I.MOV,69,I,True,I,0.976518213748932,True,I,True,False,False,False,14.312822000078995,0.0078909999956522,2.304826999989018,22.05920699998387,0.1040459999330778,38.788792999980615
I.MOV,70,I,True,I,0.9757574200630188,True,I,True,False,False,False,13.91593499999999,0.0075800001013703,2.3439660001258744,22.047954000072423,0.0953789999584842,38.41081400025814
I.MOV,71,I,True,I,0.9820520281791688,True,I,True,False,False,False,13.846179999973174,0.0081999999110848,2.2587129999465105,21.990331000097285,0.122690999887709,38.22611499981576
I.MOV,72,I,True,I,0.98111492395401,True,I,True,False,False,False,13.948743000014474,0.0072819998422346,2.3770139998759987,22.03186600013396,0.0935160001063195,38.45842099997299
I.MOV,73,I,True,I,0.9788597822189332,True,I,True,False,False,False,13.907106999909049,0.0083749998793791,2.384163999977318,22.01906000004783,0.0960409997787792,38.41474699959235
I.MOV,74,I,True,I,0.9697105288505554,True,I,True,False,False,False,14.068103999989034,0.007554999911008,2.4291130000619887,22.04250900012994,0.1428800001121999,38.69016100020417
I.MOV,75,I,True,I,0.977918028831482,True,I,True,False,False,False,14.069198000015604,0.0080219999745168,2.5513880000289646,22.01175699997293,0.0969430000168358,38.73730800000885
I.MOV,76,I,True,I,0.9777299165725708,True,I,True,False,False,False,13.903451000032874,0.0074080001013498,2.353271999936624,22.041171000182658,0.0923000000057072,38.39760200025921
I.MOV,77,I,True,I,0.9718623757362366,True,I,True,False,False,False,13.866516999996747,0.0070549999691138,2.2931129999506084,22.039554999992102,0.1019329999962792,38.308172999904855
I.MOV,78,I,True,I,0.9850412011146544,True,I,True,False,False,False,13.959956000007878,0.0078450000273733,2.375672999960443,22.05337299983512,0.1354309999896941,38.53227799982051
I.MOV,79,I,True,I,0.9910455346107484,True,I,True,False,False,False,13.791444999924352,0.0072120001277653,2.2837639999124804,22.031600999980583,0.1041849998273392,38.21820699977252
I.MOV,80,I,True,I,0.993837296962738,True,I,True,False,False,False,14.025929000013091,0.0085259998741094,2.357833000132814,22.003713999993124,0.0987949999853299,38.49479699999847
I.MOV,81,I,True,I,0.997153639793396,True,I,True,False,False,False,13.936529999909908,0.0070639998739352,2.4675209999713843,22.055906000105097,0.0944290000006731,38.561449999861
I.MOV,82,I,True,I,0.9876695275306702,True,I,True,False,False,False,13.97368400000687,0.0081000000591302,2.5156639999295294,22.048034999897936,0.0937330000851943,38.63921599997866
I.MOV,83,I,True,I,0.9921044111251832,True,I,True,False,False,False,14.02089700002307,0.0076060000537836,2.245129000129964,22.01536400002624,0.0947169999108155,38.38371300014387
I.MOV,84,I,True,I,0.9961147308349608,True,I,True,False,False,False,13.931076000062603,0.0075790001119457,2.383880000024874,22.006735000104527,0.1051869999173504,38.4344570002213
I.MOV,85,I,True,I,0.9935824275016784,True,I,True,False,False,False,13.91398200007643,0.0070910000431467,2.3075179999523243,22.04115900008219,0.0936490000640333,38.36339900021812
I.MOV,86,I,True,I,0.9930005073547364,True,I,True,False,False,False,14.13462499999696,0.0104979999377974,2.5821629999427387,22.08556699997644,0.1156209998498525,38.92847399970378
I.MOV,87,I,True,I,0.9967504739761353,True,I,True,False,False,False,13.993148999929872,0.0086439999904541,2.4251529998764454,22.06434300001092,0.1052850000178295,38.59657399982552
I.MOV,88,I,True,I,0.9964752793312072,True,I,True,False,False,False,14.15116400005445,0.008336999826497,2.52858799990463,22.57292400008737,0.0905309998415759,39.35154399971452
I.MOV,89,I,True,I,0.9939071536064148,True,I,True,False,False,False,13.950588000056996,0.0078269999903568,2.32600200001798,21.99553799982823,0.1337480000529467,38.41370299994651
I.MOV,90,I,True,I,0.9831120371818542,True,I,True,False,False,False,14.024081999991722,0.0079090000326687,2.393640000036612,21.99999899994509,0.1029299999117938,38.52855999991789
I.MOV,91,I,True,I,0.977955162525177,True,I,True,False,False,False,13.952259999996386,0.0078619998475915,2.295476999961465,22.20047200012232,0.0943039999583561,38.55037499988612
I.MOV,92,I,True,I,0.990854024887085,True,I,True,False,False,False,13.917832000061026,0.0079040000855457,2.3489389998303523,22.01784899989434,0.1117669999075587,38.40429099977882
I.MOV,93,I,True,I,0.988580882549286,True,I,True,False,False,False,14.026307999984056,0.0080520001120021,2.3740050000924384,22.610074000112945,0.1190640000459097,39.13750300034735
I.MOV,94,I,True,I,0.9882611632347108,True,I,True,False,False,False,13.82904599995527,0.0084559999322664,2.334122999855026,21.968369999967763,0.0949059999584278,38.23490099966875
I.MOV,95,I,True,I,0.9884522557258606,True,I,True,False,False,False,13.947506000022258,0.0071980000484472,2.7226380000229256,22.43799799998669,0.1032359998589527,39.21857599993928
I.MOV,96,I,True,I,0.9909919500350952,True,I,True,False,False,False,13.993117000040913,0.0071790000220062,2.562015999956202,22.68807299992659,0.0958109999373846,39.34619599988309
I.MOV,97,I,True,I,0.9953715205192566,True,I,True,False,False,False,14.098720999982106,0.0069210000219754,2.362153999911243,21.999477000008483,0.0949969999055611,38.56226999982937
I.MOV,98,I,True,I,0.9890301823616028,True,I,True,False,False,False,13.998585999956958,0.0075699999797507,2.6325869998800044,22.09409800002504,0.099804999990738,38.83264599983249
I.MOV,99,I,True,I,0.9894723296165466,True,I,True,False,False,False,14.017624999951297,0.0084910000168747,2.8072210000118503,22.05084199999873,0.0960520001171971,38.98023100009596
I.MOV,100,I,True,I,0.9994786381721495,True,I,True,False,False,False,14.207241999997676,0.0082289998317719,1.9816230001197253,22.24874000012278,0.0942500000746804,38.54008400014664
I.MOV,101,I,True,I,0.9983370304107666,True,I,True,False,False,False,14.127778999977636,0.0075899999956163,2.3442319998139283,22.0498469998347,0.1113749999603896,38.64082299958227
I.MOV,102,I,True,I,0.9882563948631288,True,I,True,False,False,False,14.548115000025064,0.0082149999798275,2.317961000017021,21.990886999901704,0.1037409999753435,38.96891899989896
I.MOV,103,I,True,I,0.9714762568473816,True,I,True,False,False,False,13.969708999979956,0.007424999921568,2.275514000075418,22.0232379999743,0.1106950001030782,38.38658100005432
I.MOV,104,I,True,I,0.967144250869751,True,I,True,False,False,False,13.964285000042764,0.008191999995688,2.329235000161134,22.06502100011676,0.1071299998329777,38.47386300014932
I.MOV,105,I,True,I,0.9948943853378296,True,I,True,False,False,False,13.99589000004653,0.0068869999267917,2.3679240000547,22.16972200017153,0.1057599999967351,38.64618300019629
I.MOV,106,I,True,I,0.996256947517395,True,I,True,False,False,False,13.958430000002409,0.0082970000221394,2.4092749999908847,22.15242499983105,0.1395630001752579,38.66799000002175
I.MOV,107,I,True,I,0.9934749007225036,True,I,True,False,False,False,13.98040399999445,0.0079080000432441,2.5570980001248245,22.03718800001297,0.1001380001071083,38.6827360002826
I.MOV,108,I,True,I,0.995405912399292,True,I,True,False,False,False,14.125285000091026,0.0084839998635288,2.6185369999893737,22.11179200003244,0.0970379999216675,38.96113599989803
I.MOV,109,I,True,I,0.9948348999023438,True,I,True,False,False,False,14.00021199992807,0.0072450000061508,2.409887999874627,21.997499000008247,0.0925660001485084,38.5074099999656
I.MOV,110,I,True,I,0.994201362133026,True,I,True,False,False,False,14.037616999985405,0.0070910000431467,2.327940999975908,21.98155700011739,0.0962149999850225,38.45042100010687
I.MOV,111,I,True,I,0.9932401180267334,True,I,True,False,False,False,14.115706999973554,0.006643000006079,2.3460679999516287,22.045086999924024,0.1073690000339411,38.62087399988923
I.MOV,112,I,True,I,0.9960522055625916,True,I,True,False,False,False,13.96828299994013,0.0065180001911357,2.297751000014614,22.007255000062287,0.1074740000603924,38.38728100026856
I.MOV,113,I,True,I,0.9951818585395812,True,I,True,False,False,False,13.822484000002078,0.0070099999902595,2.2840619999442424,22.02121300001636,0.0959879998845281,38.23075699983747
I.MOV,114,I,True,I,0.9981867671012878,True,I,True,False,False,False,14.123971999993046,0.0090579999323381,2.3910200000045734,22.05063699989296,0.1030139999329549,38.67770099975587
I.MOV,115,I,True,I,0.999044954776764,True,I,True,False,False,False,14.028002000031847,0.0077269999110285,2.2498390001146618,21.98253299980024,0.1211569999668427,38.38925799982462
I.MOV,116,I,True,I,0.9993265867233276,True,I,True,False,False,False,14.046560999986468,0.0080450001860299,2.3689560000548227,22.045043000161968,0.0937749998684012,38.56238000025769
I.MOV,117,I,True,I,0.9980623126029968,True,I,True,False,False,False,13.965013999950315,0.0071090000801632,2.311217999931614,21.986989999959405,0.0912380000954726,38.36156900001697
I.MOV,118,I,True,I,0.9988497495651244,True,I,True,False,False,False,13.927522000017234,0.008004000164874,2.285673999949722,22.01734200002648,0.1175029999558319,38.356045000114136
I.MOV,119,I,True,I,0.9977370500564576,True,I,True,False,False,False,13.966700999958448,0.0094829999852663,2.3325919999024336,22.074294999811173,0.100391999922067,38.48346299957939
I.MOV,120,I,True,I,0.9956334233283995,True,I,True,False,False,False,13.992327000096338,0.0088930000856635,2.3790059999555524,22.12150799982737,0.1164160000826086,38.618150000047535
I.MOV,121,I,True,I,0.994964838027954,True,I,True,False,False,False,14.114803999973446,0.0072860000273067,2.308184000185065,22.043370000119467,0.0952509999478934,38.56889500025318
I.MOV,122,I,True,I,0.9965466856956482,True,I,True,False,False,False,14.036614999895392,0.0095950001650635,2.2847379998438555,21.979981999947995,0.10212600000159,38.413055999853896
I.MOV,123,I,True,I,0.9984230995178224,True,I,True,False,False,False,14.050305999944612,0.0108689998796762,3.265249999913067,23.28530799991313,0.1780239999789046,40.78975699962939
I.MOV,124,I,True,I,0.998468816280365,True,I,True,False,False,False,14.710284999978285,0.012735000154862,2.815392000002248,23.580560000027617,0.1542030001928651,41.27317500035588
I.MOV,125,I,True,I,0.9983938336372375,True,I,True,False,False,False,14.466534999996838,0.0071839999691292,2.254897000057099,22.03013999996984,0.1168100000086269,38.87556600000153
I.MOV,126,I,True,I,0.9986479878425598,True,I,True,False,False,False,13.957984999933617,0.00811299992165,2.27462599991668,22.22083899982863,0.1058779998857062,38.56744099948628
I.MOV,127,I,True,I,0.9987277388572692,True,I,True,False,False,False,14.262220999967212,0.0074820000008912,2.43380500000967,22.556043999884423,0.095297000143546,39.35484900000574
I.MOV,128,I,True,I,0.9923200011253356,True,I,True,False,False,False,14.06967999992048,0.0078329999269044,2.3948000000473257,22.041747000002943,0.0995610000700253,38.61362099996768
I.MOV,129,I,True,I,0.9883162379264832,True,I,True,False,False,False,14.18328299996574,0.0077489999057434,2.4002109998946253,22.109639000063908,0.0966149998475884,38.797496999677605
I.MOV,130,I,True,I,0.99574077129364,True,I,True,False,False,False,14.407602999995106,0.0080449999586562,2.3716309999599616,22.0246930000485,0.0967080000009446,38.90867999996317
I.MOV,131,I,True,I,0.9956786036491394,True,I,True,False,False,False,14.051506999976482,0.0071680001383356,2.274370999884922,22.001020000061544,0.1039999999647989,38.43806600002608
I.MOV,132,I,True,I,0.9984772801399232,True,I,True,False,False,False,13.814670999977352,0.0064490000113437,2.299285999924905,22.01543599994693,0.0965009999163157,38.23234299977685
I.MOV,133,I,True,I,0.998934805393219,True,I,True,False,False,False,13.901976000056491,0.0071709998792357,2.298024000083388,21.995177999997395,0.0987840001016593,38.30113300011817
I.MOV,134,I,True,I,0.998768985271454,True,I,True,False,False,False,13.857925000024808,0.0071599999955651,2.282072000070912,21.976835000032224,0.0933720000375615,38.21736400016107
I.MOV,135,I,True,I,0.9982498288154602,True,I,True,False,False,False,13.874483999984475,0.0070389999109465,2.305592000084289,21.987784999964788,0.0940089998948678,38.26890899983937
I.MOV,136,I,True,I,0.9990400671958924,True,I,True,False,False,False,13.93939499996577,0.0068409999585128,2.2823589999916294,22.010313000009774,0.0944260000323993,38.333333999958086
J.MOV,0,J,True,G,0.702273964881897,False,G,False,False,False,True,14.301536999937523,0.0105209999219368,2.491252000027089,22.11702499994317,0.119513000072402,39.03984799990212
J.MOV,1,J,True,G,0.7754389643669128,False,G,False,False,False,True,14.456351000035284,0.0074940001013601,2.3911420000786165,22.040471000082107,0.1052309999067802,39.00068900020415
J.MOV,2,J,True,G,0.5430679321289062,False,G,False,False,False,True,14.135069999952066,0.007679000191274,2.3572579998472065,22.21400199982781,0.0991940000858448,38.813202999904206
J.MOV,3,J,True,G,0.5996910333633423,False,G,False,False,False,True,14.173423999977786,0.0065270000959571,2.2509850000460574,21.9913829998859,0.1051019999067648,38.52742099991247
J.MOV,4,J,True,G,0.6719725131988525,False,G,False,False,False,True,14.172722000012072,0.008968999964054,2.4179940000976785,22.06943000010142,0.0941060000059224,38.76322100018115
J.MOV,5,J,True,G,0.6746846437454224,False,G,False,False,False,True,14.59077399999842,0.0077709999004582,2.3798479999186384,22.68905200003246,0.0963619997946807,39.76380699964466
J.MOV,6,J,True,G,0.6279531121253967,False,G,False,False,False,True,13.96771399993213,0.0082209999163751,2.4720619999243354,21.98327100018105,0.1092289999178319,38.54049699987172
J.MOV,7,J,True,G,0.5561346411705017,False,G,False,False,False,True,14.02744500001063,0.0077060001331119,2.3864810000304715,22.041423000018767,0.0945790000059787,38.55763400019896
J.MOV,8,J,True,G,0.6035982370376587,False,G,False,False,False,True,13.899103999960971,0.0075570001172309,2.4510850000751816,22.63158399978238,0.0954930001171305,39.08482300005289
J.MOV,9,J,True,G,0.6509677767753601,False,G,False,False,False,True,14.046029999917664,0.0071659999321127,2.330918999859932,22.02370100008011,0.1110190000872535,38.51883499987707
J.MOV,10,J,True,N,0.551777720451355,False,N,False,False,False,True,13.920845000029658,0.0078639998264407,2.399149999973816,22.018441000000166,0.1024179998694307,38.44871799969951
J.MOV,11,J,True,N,0.5798987150192261,False,N,False,False,False,True,14.070933999960287,0.0072959999215527,2.307761000110986,21.98713199982194,0.0959359999797015,38.46905899979447
J.MOV,12,J,True,N,0.7056253552436829,False,N,False,False,False,True,14.021486999922672,0.0073070000325969,2.3573099999794067,22.02630300007513,0.1100609999866719,38.52246799999648
J.MOV,13,J,True,N,0.765321671962738,False,N,False,False,False,True,14.540310000029422,0.0078539999321947,2.3442500000783184,22.028051999996023,0.0971730000856041,39.01763900012156
J.MOV,14,J,True,N,0.80283123254776,False,N,False,False,False,True,13.899527999910788,0.0085460001173487,2.3660059998746874,22.03648199997588,0.0934530000904487,38.40401499996915
J.MOV,15,J,True,N,0.6396124958992004,False,N,False,False,False,True,14.198713000041607,0.0072670000008656,2.362606000133382,22.093858000062028,0.0929519999317562,38.75539600016964
J.MOV,16,J,True,H,0.522896945476532,False,H,False,False,False,True,13.92420900003799,0.0075960001595376,2.3298640001030435,21.9942449998598,0.0945629999478114,38.350477000108185
J.MOV,17,J,True,G,0.4192862212657928,False,G,False,False,False,True,14.14676399997461,0.0091290000909793,2.463420999902155,22.124996000002284,0.1006250001864828,38.84493500015651
J.MOV,18,J,True,G,0.7862555384635925,False,G,False,False,False,True,13.957531000073686,0.0080869999692367,2.409356999805823,22.09136600004058,0.0967519999903743,38.5630929998797
J.MOV,19,J,True,G,0.8249282836914062,False,G,False,False,False,True,13.87942999997449,0.0069180000537016,2.519376999998713,22.06719399987378,0.0928200001908408,38.565739000091526
J.MOV,20,J,True,G,0.6829595565795898,False,G,False,False,False,True,14.016019999985474,0.0069550001171592,2.321745000017472,22.033288999864453,0.1019930000438762,38.48000200002844
J.MOV,21,J,True,G,0.6022853255271912,False,G,False,False,False,True,13.967047000051023,0.0077130000590841,2.430520999951113,21.97284099997887,0.08962399988377,38.46774599992386
J.MOV,22,J,True,G,0.4663052856922149,False,G,False,False,False,True,13.964708000003156,0.0071859999479784,2.339337999956115,21.985298999879888,0.0925409999581461,38.38907199974528
J.MOV,23,J,True,H,0.4115808010101318,False,H,False,False,False,True,14.003279999997176,0.007386000106635,2.383990999987873,22.07171100008054,0.1178350000827777,38.584203000255
J.MOV,24,J,True,N,0.6547101140022278,False,N,False,False,False,True,13.92241299993202,0.0076279998211248,2.478039999914472,22.02957500003322,0.0928539998312771,38.530509999532114
J.MOV,25,J,True,N,0.8291176557540894,False,N,False,False,False,True,13.920038999913231,0.0067099999796482,2.293559000008827,21.96373300012056,0.098958000080529,38.28299900010279
J.MOV,26,J,True,N,0.6607006192207336,False,N,False,False,False,True,14.126435999969544,0.0083920001543447,2.4203979999128933,22.03657500012924,0.096596999810572,38.68839799997659
J.MOV,27,J,True,N,0.7606510519981384,False,N,False,False,False,True,14.343346000032398,0.0078409998423012,2.262757000153215,21.98907299998609,0.1154239998868433,38.71844099990085
J.MOV,28,J,True,N,0.6340722441673279,False,N,False,False,False,True,13.906109999993532,0.0079880001067067,2.367122999885396,22.0549299999675,0.1182570001674321,38.454408000120566
J.MOV,29,J,True,N,0.7683842182159424,False,N,False,False,False,True,13.930967000078454,0.0075140001172258,2.333747999955449,22.045122000008632,0.0950099999954545,38.412361000155215
J.MOV,30,J,True,N,0.7637045979499817,False,N,False,False,False,True,13.904819000003954,0.0073549999797251,2.5537020001138444,22.085054000172025,0.1073230000656622,38.65825300033521
J.MOV,31,J,True,H,0.5161561965942383,False,H,False,False,False,True,13.859643000046162,0.0073189999056921,2.4350210001102823,22.11563900004876,0.1649519999773474,38.58257400008824
J.MOV,32,J,True,H,0.6631532311439514,False,H,False,False,False,True,13.951239999983043,0.0077390000114974,2.4299239998981648,22.074768000038603,0.1013419998798781,38.56501299981119
J.MOV,33,J,True,G,0.6405200362205505,False,G,False,False,False,True,13.898065000034876,0.0068829999690933,2.4146940002083284,22.06826299993736,0.0942980000218085,38.48220300017147
J.MOV,34,J,True,G,0.3795566260814667,False,G,False,False,False,True,13.967248999961155,0.0080089998846233,2.4113960000704537,22.066456999937145,0.1044840000758995,38.55759499992928
J.MOV,35,J,True,G,0.4213471412658691,False,G,False,False,False,True,13.892281000039477,0.0065489998632983,2.2979089999353164,21.98588400005974,0.1071920000867976,38.28981499998463
J.MOV,36,J,True,G,0.4056885838508606,False,G,False,False,False,True,13.985249000029398,0.006638000058956,2.3593190001065523,22.074988999975176,0.096028999905684,38.52222400007577
J.MOV,37,J,True,H,0.4821192622184753,False,H,False,False,False,True,14.033806000043114,0.0067450000642566,2.300002999845674,22.0198319998417,0.1075770001079945,38.46796299990274
J.MOV,38,J,True,G,0.5837612152099609,False,G,False,False,False,True,13.95755399994414,0.0189600000339851,2.294409000114684,22.01233799996772,0.1165339999715797,38.3997950000321
J.MOV,39,J,True,H,0.6208511590957642,False,H,False,False,False,True,13.833586000032485,0.0073549999797251,2.4036760000853974,22.104826000031608,0.1058029999967402,38.45524600012595
J.MOV,40,J,True,N,0.5710911750793457,False,N,False,False,False,True,13.967626999942697,0.0077330000749498,2.321312000049147,22.00211900003524,0.0923310001326171,38.391122000234645
J.MOV,41,J,True,N,0.7786014676094055,False,N,False,False,False,True,13.96321100003206,0.0106249999589635,2.39205499997297,22.001769000098648,0.1029459999699611,38.4706060000326
J.MOV,42,J,True,N,0.933749258518219,False,N,False,False,False,True,13.85508100008792,0.0076970000009168,2.288517000124557,22.02284400004828,0.1527259998965746,38.32686500015825
J.MOV,43,J,True,N,0.932966411113739,False,N,False,False,False,True,14.044148999914796,0.0084749999587074,2.3034339999412623,22.023304999947868,0.1119109999763168,38.49127399973895
J.MOV,44,J,True,N,0.9371390342712402,False,N,False,False,False,True,14.117049999981646,0.0064430000747961,2.3117419998470723,21.97590399987348,0.091381999936857,38.50252099971385
J.MOV,45,J,True,N,0.915877401828766,False,N,False,False,False,True,13.989065000032497,0.0077959998634469,2.362058000016986,22.097102999850904,0.0945560000218392,38.55057799978567
J.MOV,46,J,True,N,0.922537326812744,False,N,False,False,False,True,13.938381999992089,0.0073010000960493,2.3400529998980346,22.025519999942844,0.0979530000222439,38.40920899995126
J.MOV,47,J,True,N,0.8059793710708618,False,N,False,False,False,True,13.932299000089188,0.0064410000959469,2.270617000021957,21.994122000023708,0.0946830000430054,38.298162000273805
J.MOV,48,J,True,N,0.6036721467971802,False,N,False,False,False,True,13.866757999949186,0.0065769997945608,2.306231999909869,22.0266440001069,0.1171979999980976,38.32340899975861
J.MOV,49,J,True,H,0.3862888514995575,False,H,False,False,False,True,14.213139999924351,0.0073300000167364,2.3226799999065406,22.031578999985868,0.1461530000597122,38.72088199989321
J.MOV,50,J,True,H,0.6772406697273254,False,H,False,False,False,True,13.880359000040698,0.0077679999321844,2.302488999930574,22.036393999997017,0.0940219999847613,38.32103199988524
J.MOV,51,J,True,G,0.3433924615383148,False,G,False,False,False,True,14.099910000027194,0.006744000074832,2.345790999925157,22.00591900009385,0.1018540001496148,38.56021800027065
J.MOV,52,J,True,G,0.5635189414024353,False,G,False,False,False,True,14.04363699998612,0.00634999992144,2.314933999969071,21.975510999936887,0.0913690000743372,38.431800999887855
J.MOV,53,J,True,G,0.5330047011375427,False,G,False,False,False,True,13.920898000037596,0.0072180000643129,2.294513999913761,21.996490999981688,0.1043780000600236,38.32349900005738
J.MOV,54,J,True,G,0.5360041856765747,False,G,False,False,False,True,14.044957999999497,0.0084000000697415,2.312392000021646,22.076921000007133,0.1043339998432202,38.54700499994124
J.MOV,55,J,True,G,0.5700477361679077,False,G,False,False,False,True,13.873341000021355,0.0072919999638543,2.2792469999330933,21.99414999995497,0.1196489999983896,38.27367899987166
J.MOV,56,J,True,G,0.3417622148990631,False,G,False,False,False,True,13.827377999973578,0.0086810000539117,2.3272329999599606,22.035428999970463,0.1135479999447852,38.3122689999027
J.MOV,57,J,True,H,0.6789328455924988,False,H,False,False,False,True,13.8623479999751,0.007424999921568,2.377883999997721,22.07389099999091,0.103215999843087,38.424763999728384
J.MOV,58,J,True,H,0.4840168952941894,False,H,False,False,False,True,13.958725000065895,0.0077849999797763,2.451602000064668,22.043948999908025,0.1071100000444857,38.56917100006285
J.MOV,59,J,True,H,0.7851294279098511,False,H,False,False,False,True,13.920831000064029,0.0073989999691548,2.4030500001117616,22.06520599997929,0.0953129999743396,38.49179900009858
J.MOV,60,J,True,N,0.5818396210670471,False,N,False,False,False,True,13.81933699997262,0.0075980001383868,2.279973999975482,22.03830799999196,0.1377480000428477,38.282965000121294
J.MOV,61,J,True,N,0.640742838382721,False,N,False,False,False,True,13.948263999964183,0.0069299999267968,2.362493999953585,21.971065999878192,0.093274999926507,38.38202899964927
J.MOV,62,J,True,N,0.411754846572876,False,N,False,False,False,True,14.385096000069096,0.0081440000485599,3.432644999975309,22.01835999994728,0.1061030000073515,39.9503480000476
J.MOV,63,J,True,N,0.3544905185699463,False,N,False,False,False,True,14.0506310000319,0.007391000053758,2.33210000010331,22.040113000002748,0.1074580000022251,38.53769300019394
J.MOV,64,J,True,N,0.884233295917511,False,N,False,False,False,True,14.1026270000566,0.0078000000485189,2.387279000004128,21.9954899998811,0.0935399998525099,38.58673599984286
J.MOV,65,J,True,G,0.3604981899261474,False,G,False,False,False,True,14.024985999981254,0.0067070000113744,2.4612879999494908,22.075504000213183,0.0967930000115302,38.66527800016684
J.MOV,66,J,True,H,0.5922329425811768,False,H,False,False,False,True,14.940804000048049,0.0071059998845157,2.384127999903285,21.997984999870823,0.0953470000695233,39.425369999776194
J.MOV,67,J,True,H,0.589957058429718,False,H,False,False,False,True,14.941534999934447,0.0074959998528356,2.3746250001295266,22.04390500014597,0.1657499999510037,39.53331100001378
J.MOV,68,J,True,H,0.6590346693992615,False,H,False,False,False,True,13.98097800006326,0.0081089999639516,2.368183999806206,22.09438699992461,0.0951590000113355,38.54681699976936
J.MOV,69,J,True,H,0.5067898631095886,False,H,False,False,False,True,13.962199000047804,0.0080969998634827,2.3275359999388456,22.026631000017005,0.1100399999813817,38.43450299984852
J.MOV,70,J,True,H,0.5440659523010254,False,H,False,False,False,True,13.951411999983064,0.0070579999373876,2.3928450000312296,22.10181600003125,0.0940360000640794,38.54716700004701
J.MOV,71,J,True,H,0.6835004687309265,False,H,False,False,False,True,13.842437999983304,0.0073149999479937,2.304853999930856,21.99064800015549,0.1160430001618806,38.26129800017952
J.MOV,72,J,True,H,0.6427046656608582,False,H,False,False,False,True,13.874162000092838,0.0080240001807396,2.488098000185346,22.04397900004551,0.1249199999620032,38.53918300046644
J.MOV,73,J,True,H,0.5541068315505981,False,H,False,False,False,True,13.988720999918767,0.0075250000008963,2.3634560000118654,22.009636000120736,0.0936819999424187,38.463019999994685
J.MOV,74,J,True,H,0.5004898309707642,False,H,False,False,False,True,13.848332000065966,0.0076300000273477,2.267512999878818,22.0276190000277,0.1525860000128887,38.30368000001272
J.MOV,75,J,True,H,0.4821926951408386,False,H,False,False,False,True,14.110340999991422,0.0082169999586767,2.3865770001521014,22.03310899994904,0.0943500001540087,38.632594000205245
J.MOV,76,J,True,N,0.6064738631248474,False,N,False,False,False,True,13.843219000023057,0.0075119999110029,2.260533000026044,22.01178599989362,0.0957570000537089,38.21880699990743
J.MOV,77,J,True,N,0.7695441246032715,False,N,False,False,False,True,13.94297199999528,0.0077969998528715,2.3184489998584468,22.03173499992772,0.0971380000009958,38.39809099963532
J.MOV,78,J,True,N,0.7019510269165039,False,N,False,False,False,True,13.907024999980422,0.007740000000922,2.3053410000102303,21.99600799986001,0.1140639999448467,38.33017799979643
J.MOV,79,J,True,N,0.5890571475028992,False,N,False,False,False,True,13.94897799991668,0.0068439999267866,2.406337000138592,21.990271000049688,0.1057160000073054,38.45814600003905
J.MOV,80,J,True,N,0.5362973213195801,False,N,False,False,False,True,13.820177000070544,0.0071970000590226,2.877564000073108,21.993898999880912,0.1118509999287198,38.81068800001231
J.MOV,81,J,True,N,0.3112435042858124,False,N,False,False,False,True,13.913450000018202,0.0079389999427803,2.6124560001790087,22.10951999995813,0.097712000069805,38.741077000167934
J.MOV,82,J,True,H,0.3441880643367767,False,H,False,False,False,True,13.831820000064,0.0081529999533813,2.471583999977156,22.063431999868044,0.1513519998752599,38.52634099973784
J.MOV,83,J,True,H,0.6390535235404968,False,H,False,False,False,True,14.025410000044758,0.0077750000855303,2.327385000171489,22.588605999999345,0.0925209999422804,39.0416970002434
J.MOV,84,J,True,H,0.5322660803794861,False,H,False,False,False,True,13.884166999901026,0.0192439999864291,2.607320999914009,22.76769000013701,0.1027000000703992,39.38112200000887
J.MOV,85,J,True,H,0.7552235722541809,False,H,False,False,False,True,13.986430000045402,0.0077289998898777,2.706681000063327,22.69066699977884,0.0948270001117634,39.48633399988921
J.MOV,86,J,True,H,0.6434364914894104,False,H,False,False,False,True,13.894193000055566,0.0103299998954753,2.4296210001466534,22.12852899992868,0.1189370000247436,38.58161000005112
J.MOV,87,J,True,H,0.6789933443069458,False,H,False,False,False,True,13.866385000028458,0.0080390000221086,2.2990289999142988,22.07731499993315,0.0973710000380378,38.34813899993605
J.MOV,88,J,True,H,0.6089662909507751,False,H,False,False,False,True,13.858831000106877,0.0080400000115332,2.3430159999406897,22.1858519998932,0.1088980000076844,38.50463699995999
J.MOV,89,J,True,H,0.7353011965751648,False,H,False,False,False,True,14.023658999917645,0.007749999895168,2.3980389998996543,21.985524000001533,0.1111379999656492,38.52610999967965
J.MOV,90,J,True,H,0.5552466511726379,False,H,False,False,False,True,13.91889599995011,0.0078859998211555,2.3815760000616137,22.033428000213465,0.1319639998200727,38.47374999986641
J.MOV,91,J,True,H,0.5732278823852539,False,H,False,False,False,True,13.879205999955955,0.0070030000642873,2.2866660001454875,22.0264260001386,0.0963150000643509,38.29561600036868
J.MOV,92,J,True,N,0.3171384334564209,False,N,False,False,False,True,13.947744999995848,0.0078549999216193,2.3063099999944825,22.036731999833137,0.0928810000004887,38.391522999745575
J.MOV,93,J,True,N,0.6413194537162781,False,N,False,False,False,True,13.961790000053044,0.0066280001647101,2.342499999940628,22.021331999894755,0.0978409998424467,38.43009099989558
J.MOV,94,J,True,N,0.6318408846855164,False,N,False,False,False,True,13.886456000022918,0.0082110000221291,2.329455999870333,21.98141000008036,0.0980180000169639,38.3035510000127
J.MOV,95,J,True,N,0.8204982876777649,False,N,False,False,False,True,13.988681000000724,0.0078450000273733,2.357689999826107,22.022811999931942,0.0990580001598573,38.47608599994601
J.MOV,96,J,True,N,0.8103259801864624,False,N,False,False,False,True,14.015834000019822,0.0087600001279497,2.419204000034369,22.140627999988283,0.1591039999766508,38.74353000014708
J.MOV,97,J,True,N,0.8043445348739624,False,N,False,False,False,True,14.191087999961384,0.0067839998791896,2.309606999915559,22.01451299993096,0.1074809999863646,38.62947299967345
J.MOV,98,J,True,N,0.6852114796638489,False,N,False,False,False,True,13.93464000000222,0.0075620000643539,2.342644000009386,22.031412999922395,0.0944349999372207,38.410693999935575
J.MOV,99,J,True,N,0.2957695722579956,False,N,False,False,False,True,14.008649000061268,0.0088350000169157,2.4001839999527874,22.0083120000254,0.0966620000326656,38.52264200008904
J.MOV,100,J,True,G,0.4516325294971466,False,G,False,False,False,True,13.999234000038996,0.0088330000380665,2.3776850000558625,22.067601000117065,0.1241320001099666,38.57748500035996
J.MOV,101,J,True,H,0.5097968578338623,False,H,False,False,False,True,14.01629600002252,0.0084499999957188,2.32818400013457,22.06384299984165,0.1003639999908045,38.51713699998527
J.MOV,102,J,True,H,0.5880480408668518,False,H,False,False,False,True,13.974025000038637,0.0079120000009424,2.3532580000846792,22.050287999945795,0.1086449999547767,38.49412800002483
J.MOV,103,J,True,H,0.5055431127548218,False,H,False,False,False,True,14.111221999996816,0.007521000043198,2.3945369998727983,22.02027600014844,0.1153240000348887,38.64888000009614
J.MOV,104,J,True,H,0.432940661907196,False,H,False,False,False,True,14.016511999898285,0.0100600000223494,3.1233830000019225,24.129065000124683,0.1758969999627879,41.45491700001003
J.MOV,105,J,True,H,0.3696047961711883,False,H,False,False,False,True,14.205195000045023,0.0082960000327148,2.394183999967936,22.133687999939863,0.0955660000272473,38.83692900001279
J.MOV,106,J,True,H,0.601826548576355,False,H,False,False,False,True,13.883617999908893,0.007874000175434,2.3688009998750204,22.564695000028223,0.1038020000123651,38.928789999999935
J.MOV,107,J,True,H,0.5440725684165955,False,H,False,False,False,True,13.926510999908714,0.0076540000009117,2.394386000105442,22.0688249999057,0.0974419999693054,38.49481799989008
J.MOV,108,J,True,H,0.4147657752037048,False,H,False,False,False,True,14.069066000047314,0.0068440001541603,2.5463209999543324,21.960256000056688,0.1017810000121244,38.68426800022462
J.MOV,109,J,True,Z,0.3024428784847259,False,Z,False,False,False,True,14.056569999979727,0.0086900001861067,2.429579999898124,22.06344500018531,0.0983229999746981,38.65660800022397
J.MOV,110,J,True,G,0.5765449404716492,False,G,False,False,False,True,14.016448000006676,0.0080699999216449,2.4040779999268125,22.010061999935715,0.0973199998952623,38.53597799968611
J.MOV,111,J,True,N,0.3803873658180237,False,N,False,False,False,True,13.848370999994586,0.0079419999110541,2.376551999986986,22.089930999982244,0.1342199998362048,38.45701599971108
J.MOV,112,J,True,N,0.5836560130119324,False,N,False,False,False,True,13.996405999932904,0.0079020001066965,2.4233290000665875,22.01557300008972,0.1057240001500758,38.54893400034598
J.MOV,113,J,True,N,0.6391321420669556,False,N,False,False,False,True,13.934771999970508,0.0077049999163136,2.3740149999866844,22.10319599998911,0.0945009999213652,38.51418899978398
J.MOV,114,J,True,N,0.3806324303150177,False,N,False,False,False,True,14.12751999998818,0.0080569998317514,2.2914139999556937,22.632770999962304,0.0982139999905484,39.15797599972848
J.MOV,115,J,True,G,0.4168587028980255,False,G,False,False,False,True,13.878712000064295,0.0077170000167825,2.6593700001740217,22.692161000122724,0.0930599999264814,39.33102000030431
J.MOV,116,J,True,Z,0.3334821164608001,False,Z,False,False,False,True,13.880663000009008,0.0063909999425959,2.3356220001460315,22.01207000007344,0.1079880000816047,38.34273400025268
J.MOV,117,J,True,H,0.2988465130329132,False,H,False,False,False,True,14.753587999962292,0.0092609998318948,2.405876000011631,22.07286600014413,0.1312790000156383,39.37286999996559
J.MOV,118,J,True,H,0.5265607833862305,False,H,False,False,False,True,13.888050999980804,0.0094879999323893,1.8262640001012187,22.482950999801687,0.1111019998916162,38.31785599970772
J.MOV,119,J,True,H,0.3422088623046875,False,H,False,False,False,True,13.910106999901473,0.0068179999743733,2.4285070001042186,22.035581999944043,0.1110969999444932,38.4921109998686
J.MOV,120,J,True,Z,0.3238564729690552,False,Z,False,False,False,True,14.029918000005637,0.0078299999586306,2.333495000129915,21.97217299999465,0.0972960001490719,38.44071200023791
J.MOV,121,J,True,H,0.3560140430927276,False,H,False,False,False,True,14.012376000096085,0.0070490000325662,2.349394000020766,22.03519799991227,0.0925049998841132,38.4965219999458
J.MOV,122,J,True,H,0.4677066206932068,False,H,False,False,False,True,14.17567200007852,0.0085889998899801,2.272994000122708,21.99159799988593,0.1158960001248488,38.56474900010198
J.MOV,123,J,True,H,0.2465742826461792,False,H,False,False,False,True,13.881835999995928,0.0066170000536658,2.443077999942034,21.984216999953787,0.1109840000026451,38.42673199994806
J.MOV,124,J,True,Z,0.2821281850337982,False,Z,False,False,False,True,14.04254299995955,0.0078670000220881,2.3464550001790485,22.086195999918345,0.1206560000355239,38.60371700011456
J.MOV,125,J,True,N,0.3082487881183624,False,N,False,False,False,True,13.986072999955468,0.0076079998052591,2.3534140000265324,22.01268099997833,0.0963059999321558,38.456081999697744
J.MOV,126,J,True,N,0.6135538220405579,False,N,False,False,False,True,13.78631900001892,0.0075000000379077,2.3792720000983536,22.164277000001675,0.0961410000854812,38.43350900024234
J.MOV,127,J,True,N,0.834031343460083,False,N,False,False,False,True,13.785961000053248,0.0075529999321588,2.2833590001027915,22.001427999839507,0.0980389997948805,38.176339999722586
J.MOV,128,J,True,N,0.8677555918693542,False,N,False,False,False,True,13.803097000050002,0.0065330000325047,2.290597999945021,21.95075999998153,0.0932709999688086,38.144258999977865
J.MOV,129,J,True,N,0.8940529227256775,False,N,False,False,False,True,13.756689999922855,0.006833000043116,2.3428120000517083,22.03294800006006,0.1104799998756789,38.24976299995342
J.MOV,130,J,True,N,0.8586509823799133,False,N,False,False,False,True,13.750097999945863,0.0076510000326379,2.359978999947998,21.9663989998935,0.0943959998949139,38.178522999714914
J.MOV,131,J,True,N,0.7143795490264893,False,N,False,False,False,True,13.684381000075518,0.0068130000272503,2.2418180001295696,22.047477000114668,0.1120770000397897,38.0925660003868
K.MOV,0,K,True,K,0.6978950500488281,True,K,True,False,False,False,14.28641199993308,0.0109509999219881,2.4398989999099285,22.158317000048555,0.1033789999382861,38.99895799975184
K.MOV,1,K,True,K,0.6089305281639099,True,K,True,False,False,False,13.916164999955072,0.0071290000960289,2.535545999990063,22.106050000047617,0.0972349998846766,38.66212499997346
K.MOV,2,K,True,K,0.5583992004394531,True,K,True,False,False,False,14.012748999903124,0.0076379999427445,2.328398000145171,22.0515720000094,0.0961460000326042,38.49650300003304
K.MOV,3,K,True,K,0.5767156481742859,True,K,True,False,False,False,13.856485000019347,0.0067780001700157,2.3593169999003294,22.01763100015341,0.1066139998329163,38.34682500007602
K.MOV,4,K,True,K,0.7858796119689941,True,K,True,False,False,False,13.781344999983958,0.0073660000907693,2.363591999937853,22.098086000141848,0.1072729999123112,38.35766200006674
K.MOV,5,K,True,K,0.8822077512741089,True,K,True,False,False,False,13.995933000046534,0.0067700000272452,2.3963710000316496,21.99239500009753,0.0922859999263892,38.48375500012935
K.MOV,6,K,True,K,0.8903276920318604,True,K,True,False,False,False,13.880889999995816,0.0070910000431467,2.378108000129941,22.040401999902315,0.1156440000613656,38.422135000132585
K.MOV,7,K,True,K,0.9171547293663024,True,K,True,False,False,False,13.89843699996618,0.0077280001278268,2.4775450001470745,22.107399000105943,0.1156539999556116,38.60676300030264
K.MOV,8,K,True,K,0.9107071161270142,True,K,True,False,False,False,13.844423000023198,0.0068589999955293,2.400029000000359,21.98141000008036,0.0946650000059889,38.32738600010544
K.MOV,9,K,True,K,0.9199699759483336,True,K,True,False,False,False,13.890369000023384,0.0069039999743836,2.4450480000268726,22.2490740000012,0.0961429998369567,38.6875379998628
K.MOV,10,K,True,K,0.9280717968940736,True,K,True,False,False,False,14.121983999984876,0.0071479998950962,2.380608999828837,22.033535999980813,0.0939779999953316,38.63725499968496
K.MOV,11,K,True,K,0.9236504435539246,True,K,True,False,False,False,13.896090000002914,0.006787999836888,2.56408699988242,22.022725999931936,0.0921409998682065,38.581831999522365
K.MOV,12,K,True,K,0.9287254810333252,True,K,True,False,False,False,13.928275000012036,0.007261000064318,2.310065999836297,21.994622999955027,0.0969299999269424,38.33715499979462
K.MOV,13,K,True,K,0.9161129593849182,True,K,True,False,False,False,14.003002000094966,0.0065809999796329,2.3294430000078137,22.027503999879627,0.11841699983961,38.48494699980165
K.MOV,14,K,True,K,0.9010931849479676,True,K,True,False,False,False,13.90746399999898,0.0105690000964386,2.591902999938611,22.00625800014677,0.0946489999478217,38.61084300012863
K.MOV,15,K,True,K,0.8824410438537598,True,K,True,False,False,False,13.96795900006964,0.0079120000009424,2.3702099999809434,22.027058000048783,0.1043749998643761,38.477513999964685
K.MOV,16,K,True,K,0.9182057976722716,True,K,True,False,False,False,13.87031299998398,0.0058599998737918,2.280199999859178,22.00647600011507,0.1115380000555887,38.27438699988761
K.MOV,17,K,True,K,0.9425134062767028,True,K,True,False,False,False,13.93905600002654,0.0097849999747268,2.4204130002090096,22.06952899996395,0.0993859998743573,38.53816900004858
K.MOV,18,K,True,K,0.9381822347640992,True,K,True,False,False,False,14.040377000014814,0.0077980000696697,2.380162000008568,22.07339999995384,0.0983820000328705,38.60011900007976
K.MOV,19,K,True,K,0.9433384537696838,True,K,True,False,False,False,13.891213000079006,0.0084359999164007,2.374833999965631,22.128762999955143,0.1192590000300697,38.52250499994625
K.MOV,20,K,True,K,0.8878355622291565,True,K,True,False,False,False,13.71292099997845,0.0079019998793228,2.3718239999652724,22.017405000042345,0.0941779999266145,38.204229999792005
K.MOV,21,K,True,K,0.9195619225502014,True,K,True,False,False,False,13.930596000022888,0.0080019999586511,2.324345000033645,22.014646000116045,0.1069059999281307,38.38449500005936
K.MOV,22,K,True,K,0.8985978960990906,True,K,True,False,False,False,13.863639999954104,0.0086000000010244,2.358829000058904,22.03992099998686,0.1145859998814557,38.38557599988235
K.MOV,23,K,True,K,0.9077141880989076,True,K,True,False,False,False,13.758165000012925,0.0067190001118433,2.474193000125524,22.04656200001409,0.0938499999847408,38.37948900024912
K.MOV,24,K,True,K,0.8612992763519287,True,K,True,False,False,False,13.848223999957554,0.0067490000219549,2.3107209999579936,22.01303100014229,0.0950190001276496,38.27374400020744
K.MOV,25,K,True,K,0.857430100440979,True,K,True,False,False,False,14.036810999982665,0.0068680001277243,2.3067459999310813,22.02511400014373,0.1227970001309586,38.49833600031616
K.MOV,26,K,True,K,0.8561669588088989,True,K,True,False,False,False,14.986767999971562,0.0073149999479937,2.309568000100626,22.03322700006538,0.105731999838099,39.44260999992366
K.MOV,27,K,True,K,0.8840169906616211,True,K,True,False,False,False,13.98356300001069,0.0066830000378104,2.3003930000413675,22.017187000074045,0.1530560000446712,38.460882000208585
K.MOV,28,K,True,K,0.8677364587783813,True,K,True,False,False,False,13.935799000023508,0.0072630000431672,2.3904090000996803,22.026310000001104,0.0921299999845359,38.451911000152
K.MOV,29,K,True,K,0.8683772087097168,True,K,True,False,False,False,13.93247999999403,0.0073229998633905,2.4342950000573182,21.99078800003917,0.0936030000957544,38.45848900004967
K.MOV,30,K,True,K,0.8780749440193176,True,K,True,False,False,False,13.809813999955622,0.0262220000877277,2.403957000069568,22.61418699981732,0.0954909999109077,38.949670999841146
K.MOV,31,K,True,K,0.9246326684951782,True,K,True,False,False,False,13.869901000020946,0.0074399999903107,2.379666000024372,21.969787999978507,0.091740000016216,38.31853500003035
K.MOV,32,K,True,K,0.8939661383628845,True,K,True,False,False,False,13.89935500003503,0.0067099999796482,2.307530999814844,21.995507000156067,0.0944920000165439,38.30359500000213
K.MOV,33,K,True,K,0.9428182244300842,True,K,True,False,False,False,13.907598999935544,0.0073240000801888,1.8201000000317435,22.01873900003193,0.090604999968491,37.844367000047896
K.MOV,34,K,True,K,0.920487105846405,True,K,True,False,False,False,13.886650000017651,0.0076070000432082,2.011346000017511,22.170775999939,0.0974649999534449,38.17384399997081
K.MOV,35,K,True,K,0.8507372736930847,True,K,True,False,False,False,13.799635000054876,0.0064340001699747,2.33425300007184,22.01062099993578,0.0944630000958568,38.24540600032833
K.MOV,36,K,True,K,0.8206494450569153,True,K,True,False,False,False,13.80392800001573,0.0083060001543344,2.388033999977779,22.076490000017657,0.1244610000412649,38.401219000206765
K.MOV,37,K,True,K,0.8196825981140137,True,K,True,False,False,False,14.06829099994411,0.00781900007496,2.346987000009904,22.02569399992172,0.0958629998422111,38.5446539997929
K.MOV,38,K,True,K,0.8271665573120117,True,K,True,False,False,False,14.186973000050784,0.007386000106635,2.622531000042727,21.9951139999921,0.106782999864663,38.91878700005691
K.MOV,39,K,True,K,0.827686071395874,True,K,True,False,False,False,13.944471000058911,0.007968999852892,2.353975000005448,21.99888099994496,0.0932929999635234,38.39858899982573
K.MOV,40,K,True,K,0.8790395855903625,True,K,True,False,False,False,14.101543999913702,0.0076349999744707,2.5337029999263905,22.14201099991442,0.0989640000170766,38.88385699974606
K.MOV,41,K,True,K,0.8877078294754028,True,K,True,False,False,False,14.064869999970142,0.0071590000061405,2.360693999889918,22.553728000048068,0.0945879999108001,39.08103899982507
K.MOV,42,K,True,K,0.8814379572868347,True,K,True,False,False,False,14.000940999949307,0.0069019999955344,2.373191999822666,21.98286500015456,0.1055150000865978,38.46941500000867
K.MOV,43,K,True,K,0.9073551297187804,True,K,True,False,False,False,14.037534999943093,0.0061640000694751,2.324664000070697,21.996064000177284,0.0897889999578183,38.454216000218366
K.MOV,44,K,True,K,0.9593609571456908,True,K,True,False,False,False,13.896228000021438,0.0073129999691445,2.361912999958804,22.03950200009785,0.093907000064064,38.398863000111305
K.MOV,45,K,True,K,0.9777957797050476,True,K,True,False,False,False,14.066256999967663,0.006470000016634,2.346401000067999,21.98025799998504,0.0904739999896264,38.489860000026965
K.MOV,46,K,True,K,0.9839106798171996,True,K,True,False,False,False,13.887564999890856,0.0071290000960289,2.3015310000573663,22.01880500001608,0.0956070000484032,38.31063700010873
K.MOV,47,K,True,K,0.9714014530181884,True,K,True,False,False,False,14.03910800001995,0.0070720000167057,2.328601000044728,22.03435199999149,0.1028030001180013,38.51193600019087
K.MOV,48,K,True,K,0.8676471710205078,True,K,True,False,False,False,13.976149999962216,0.0073070000325969,2.28079900011835,22.029716999895754,0.1125179999235115,38.40649099993243
K.MOV,49,K,True,K,0.8720458745956421,True,K,True,False,False,False,14.11517700000786,0.0066699999479169,2.3616180001226894,22.02818399996432,0.1082869998754176,38.6199359999182
K.MOV,50,K,True,K,0.8835886716842651,True,K,True,False,False,False,13.946141000019452,0.0088540000433567,2.441362999888952,22.063834999926257,0.1699510000889859,38.63014399996701
K.MOV,51,K,True,K,0.8682366609573364,True,K,True,False,False,False,13.964799000063977,0.0076779999744758,2.358942000000752,21.98688899989065,0.1008889998956874,38.41919699982554
K.MOV,52,K,True,K,0.8121045827865601,True,K,True,False,False,False,13.95349200004148,0.008293000064441,2.425751999908244,22.03530499991757,0.105712000049607,38.52855399998134
K.MOV,53,K,True,K,0.8787193298339844,True,K,True,False,False,False,14.048888000047556,0.0071400002070731,2.3763160002090444,22.015236000015648,0.105372999996689,38.55295300047601
K.MOV,54,K,True,K,0.9206951260566713,True,K,True,False,False,False,13.889193999943927,0.007694000032643,2.2786710001128085,22.07150599997476,0.1246749998244922,38.37173999988863
K.MOV,55,K,True,K,0.9445088505744934,True,K,True,False,False,False,13.792957999953614,0.0072410000484524,2.370988000166108,22.00090399992405,0.0955470000008062,38.26763800009303
K.MOV,56,K,True,K,0.5938156247138977,True,K,True,False,False,False,13.797480999983236,0.0064789999214553,2.32137100010732,22.00487899995096,0.0926640000216139,38.222873999984586
K.MOV,57,K,True,K,0.8331689238548279,True,K,True,False,False,False,14.045265000049769,0.0064680000377848,2.398332999973718,22.079596999901696,0.0977759998477267,38.62743899981069
K.MOV,58,K,True,K,0.9584684371948242,True,K,True,False,False,False,14.867999999978563,0.0079429999004787,2.425134999839429,22.066712999958327,0.095610000016677,39.46340099969348
K.MOV,59,K,True,K,0.967232584953308,True,K,True,False,False,False,13.871207000079266,0.0072899999850051,2.469513000050938,22.10053500016329,0.1111290000608278,38.55967400033933
K.MOV,60,K,True,K,0.9282142519950868,True,K,True,False,False,False,13.863182000022787,0.0070950000008451,2.41031399991698,22.03154500011805,0.1036870000916678,38.41582300015034
K.MOV,61,K,True,K,0.9589627385139464,True,K,True,False,False,False,13.888942999983556,0.0072900002123788,2.524142999845936,22.12034399985896,0.0962410001648095,38.63696100006564
K.MOV,62,K,True,K,0.9458067417144777,True,K,True,False,False,False,13.927837000096588,0.007396000000881,2.476742999988346,22.004669999887483,0.1123399999869434,38.52898599996024
K.MOV,63,K,True,K,0.961230456829071,True,K,True,False,False,False,13.93828699997357,0.0075819998528459,2.391396000120949,22.05410200008373,0.0926160000744857,38.48398300010558
K.MOV,64,K,True,K,0.9502358436584472,True,K,True,False,False,False,13.796959000046629,0.0065320000430801,2.3837129999719764,22.55313999989994,0.0919939998311747,38.8323379997928
K.MOV,65,K,True,K,0.9688177108764648,True,K,True,False,False,False,14.087909999943804,0.0069469999743887,2.661965000015698,22.673231999988275,0.1034469999012799,39.533500999823445
K.MOV,66,K,True,K,0.9674509167671204,True,K,True,False,False,False,14.693130000068775,0.0084299999798531,2.725356000155444,22.709171000087736,0.0991349998002988,40.23522200009211
K.MOV,67,K,True,K,0.9581173658370972,True,K,True,False,False,False,14.217157999951269,0.007708999874012,2.729251999880944,22.744653000017934,0.0954499998897517,39.79422199961391
K.MOV,68,K,True,K,0.8753575086593628,True,K,True,False,False,False,14.247844000010446,0.0064850000853766,2.402034999931857,22.00079700014612,0.0982589999694028,38.7554200001432
K.MOV,69,K,True,K,0.8750974535942078,True,K,True,False,False,False,14.224187999957394,0.0078450000273733,2.4660750000293774,22.13806999998269,0.1000810000277852,38.93625900002462
K.MOV,70,K,True,K,0.8395720720291138,True,K,True,False,False,False,14.859856000043692,0.0085130000115896,2.4324400001205504,22.03108699995937,0.1039930000388267,39.43588900017403
K.MOV,71,K,True,K,0.7372475266456604,True,K,True,False,False,False,15.00097099994946,0.0079939998158806,2.5518989998545294,22.06868600001144,0.0956669998686265,39.725216999499935
K.MOV,72,K,True,K,0.77238929271698,True,K,True,False,False,False,13.811237000027177,0.007242000037877,2.3637689998849964,21.978615000080023,0.0951710001118044,38.25603400014188
K.MOV,73,K,True,K,0.8299961090087891,True,K,True,False,False,False,13.877481999998054,0.0069090001488802,2.381786999876568,22.018386000127062,0.0910439998733636,38.37560800002393
K.MOV,74,K,True,K,0.7487232089042664,True,K,True,False,False,False,13.803917000018371,0.0074550000590534,2.3684970001340844,22.070345999964047,0.1002369999696384,38.3504520001452
K.MOV,75,K,True,K,0.7870512008666992,True,K,True,False,False,False,13.87436900006378,0.0068179999743733,2.241790999960358,22.03688700001294,0.105437999991409,38.26530300000286
K.MOV,76,K,True,K,0.7742400169372559,True,K,True,False,False,False,14.243093999994016,0.0070759999744041,2.337429999897722,22.00461699999323,0.0905070000953855,38.68272399995476
K.MOV,77,K,True,K,0.897842526435852,True,K,True,False,False,False,13.905073000046286,0.0082730000485753,2.391888999909497,22.092160000056538,0.1045219999014079,38.50191699996231
K.MOV,78,K,True,K,0.9458279609680176,True,K,True,False,False,False,13.88281200001984,0.0078440000379487,2.3625779999747465,22.046122000119794,0.0926929999423009,38.39204900009463
K.MOV,79,K,True,K,0.9752445816993712,True,K,True,False,False,False,14.034902000048532,0.0064480000219191,2.328476999991836,22.037275999991834,0.0969969999005115,38.50409999995463
K.MOV,80,K,True,K,0.6173708438873291,True,K,True,False,False,False,13.974541000038698,0.0082770000062737,2.3550880000584584,22.037106999960088,0.1012919999539008,38.47630500001742
K.MOV,81,K,True,K,0.8867766261100769,True,K,True,False,False,False,13.838096999961635,0.0078230000326584,2.370939999991606,21.981629000038083,0.0952650000272115,38.2937540000512
K.MOV,82,K,True,K,0.8627797961235046,True,K,True,False,False,False,13.918497000076968,0.0064980001752701,2.311667999947531,22.75677700004053,0.0950999999531632,39.08854000019346
K.MOV,83,K,True,K,0.9301245212554932,True,K,True,False,False,False,15.545183000085672,0.0072479999744246,2.3640160000013566,21.973305000074102,0.096841000186032,39.98659300032159
K.MOV,84,K,True,K,0.8950480818748474,True,K,True,False,False,False,13.898659000005864,0.0072820000696083,2.362271999800214,22.022386000116967,0.0943039999583561,38.38490299995101
K.MOV,85,K,True,K,0.905880093574524,True,K,True,False,False,False,13.80529999994451,0.0085579999904439,2.46868799990807,22.10819500010075,0.0989309999113174,38.48967199985509
K.MOV,86,K,True,K,0.9153537154197692,True,K,True,False,False,False,14.02982600006908,0.0082110000221291,2.4786019998828124,22.16230599992741,0.0955070001964486,38.77445200009788
K.MOV,87,K,True,K,0.9088722467422484,True,K,True,False,False,False,14.02833700001338,0.0065960000483755,2.6511860000937304,22.035360000018045,0.1001989999167562,38.82167800009029
K.MOV,88,K,True,K,0.9552731513977052,True,K,True,False,False,False,13.880851999942934,0.0069230000008246,1.7874399998163426,22.090310999828944,0.1057679999121319,37.87129399950118
K.MOV,89,K,True,K,0.9613429307937622,True,K,True,False,False,False,14.896077999992483,0.0114869999379152,2.7686610001183,23.66657400011718,0.1666329999352456,41.509433000101126
K.MOV,90,K,True,K,0.8391363620758057,True,K,True,False,False,False,14.057321999985106,0.0122510000437614,1.9632879998425776,22.07965200000217,0.1066419999915524,38.21915499986517
K.MOV,91,K,True,K,0.8610621094703674,True,K,True,False,False,False,13.779239999962556,0.0078089999533403,2.407400000038251,22.109153999963382,0.1074570000128005,38.41105999993033
K.MOV,92,K,True,K,0.8587364554405212,True,K,True,False,False,False,13.81807099994603,0.0065809999796329,2.325156000097195,22.026379999942947,0.0923309999052435,38.26851899987105
K.MOV,93,K,True,K,0.7802826166152954,True,K,True,False,False,False,13.87739300002977,0.0073740000061661,2.4885249999897496,22.168069999906947,0.0943360000746906,38.63569800000733
K.MOV,94,K,True,K,0.5927099585533142,True,K,True,False,False,False,13.906172000019978,0.0067670000589714,2.38016899993454,22.03409499998088,0.099451000096451,38.42665400009082
K.MOV,95,K,True,G,0.4891992509365082,False,G,False,False,False,True,13.737900000023728,0.0062739998156757,2.346127000009801,22.013306999951965,0.0901430000794789,38.19375099988065
K.MOV,96,K,True,G,0.5277469158172607,False,G,False,False,False,True,13.922039000021869,0.0078630000643897,2.3997920000056183,22.04882000000908,0.0895289999789383,38.46804300007989
K.MOV,97,K,True,K,0.5296474099159241,True,K,True,False,False,False,13.905051000051571,0.0074039999162778,2.402881999842066,21.995016000118994,0.0922809999792662,38.402633999908176
K.MOV,98,K,True,K,0.4858024716377258,True,K,True,False,False,False,13.83350599996902,0.0076829999215988,2.449567999974533,22.031930999901306,0.0987570001598214,38.42144499992628
K.MOV,99,K,True,K,0.4750068187713623,True,K,True,False,False,False,13.888177000012549,0.0071740000748832,2.323985999964861,22.048541000003752,0.1027760001761635,38.37065400023221
K.MOV,100,K,True,G,0.4669356942176819,False,G,False,False,False,True,13.921073999995317,0.006443999836847,2.328309000176887,21.98505500018655,0.0936029998683807,38.33448500006398
K.MOV,101,K,True,K,0.7246348261833191,True,K,True,False,False,False,13.884660000030635,0.0076809999427496,2.327423999986422,22.04521099997692,0.0963979998687136,38.36137399980544
K.MOV,102,K,True,K,0.8751536011695862,True,K,True,False,False,False,13.95189599998048,0.0084529999639926,2.478145000168297,22.01912100008485,0.0944349999372207,38.55205000013484
K.MOV,103,K,True,K,0.9124742150306702,True,K,True,False,False,False,13.803635000044778,0.0067999999373569,2.3178379999535537,22.011948999988817,0.1182700000299519,38.25849199995446
K.MOV,104,K,True,K,0.9226033687591552,True,K,True,False,False,False,14.026865000005271,0.0062520000483345,2.312790999894787,21.993989000065994,0.0983639999958541,38.43826100001024
K.MOV,105,K,True,K,0.8830552697181702,True,K,True,False,False,False,13.912346999973124,0.0071510000907437,2.447858999857999,22.000720000050933,0.0975309999375895,38.46560799991039
K.MOV,106,K,True,K,0.6404318809509277,True,K,True,False,False,False,13.910688999999364,0.0065189999531867,2.7386250001200096,22.078889999875173,0.0977060001332574,38.83242900008099
K.MOV,107,K,True,K,0.7802272439002991,True,K,True,False,False,False,13.848344000052748,0.006837999990239,2.3674879998907272,22.053941999956805,0.0898559999313874,38.36646799982191
K.MOV,108,K,True,K,0.8376656174659729,True,K,True,False,False,False,13.921779000042989,0.0072190000537375,2.38664600010452,22.07645099997535,0.1030599999012338,38.49515500007783
K.MOV,109,K,True,K,0.9154161214828492,True,K,True,False,False,False,13.911565000057635,0.0066179998157167,2.312677999952939,22.0286969999961,0.09192500010613,38.35148299992852
K.MOV,110,K,True,K,0.905930757522583,True,K,True,False,False,False,13.918774999979178,0.0088780000169208,2.440450999984023,22.095242999967013,0.1407219999691733,38.60406899991631
K.MOV,111,K,True,K,0.8872235417366028,True,K,True,False,False,False,13.8159480000013,0.0064220000695058,2.34754799998882,21.984965000001463,0.0976310000169178,38.25251400007801
K.MOV,112,K,True,K,0.8588612079620361,True,K,True,False,False,False,14.0771589999531,0.0071259999003814,2.4281259998133464,22.0729399998163,0.0962009999057045,38.68155199938883
K.MOV,113,K,True,K,0.8723522424697876,True,K,True,False,False,False,14.041948999988564,0.0063939999108697,2.333800000087649,21.98527199993805,0.1132909999341791,38.48070599985931
K.MOV,114,K,True,K,0.8578324317932129,True,K,True,False,False,False,14.022313999930702,0.0064260000272042,2.374452000140081,22.015991999978723,0.1083240001662488,38.52750800024296
K.MOV,115,K,True,K,0.6313514709472656,True,K,True,False,False,False,13.844882000057623,0.0066810000589612,2.311813999995138,22.456331000057617,0.0988089998372743,38.71851700000661
K.MOV,116,K,True,G,0.6332616209983826,False,G,False,False,False,True,14.108486999930392,0.0076190001436771,2.473473000009108,22.05582700003106,0.0973190001332113,38.74272500024745
K.MOV,117,K,True,K,0.5437891483306885,True,K,True,False,False,False,13.890259999925547,0.0072600000748934,2.45535099998051,22.05682799990427,0.0931890001538704,38.50288800003909
K.MOV,118,K,True,K,0.6012592315673828,True,K,True,False,False,False,13.935386000071048,0.0066009999954985,2.074096000114878,22.19048799997836,0.092502999905264,38.29907400006505
K.MOV,119,K,True,K,0.5812540054321289,True,K,True,False,False,False,13.944487000003392,0.0067569999373517,2.290744999982053,22.05376699998851,0.0979710000592604,38.39372699997057
K.MOV,120,K,True,K,0.4868136346340179,True,K,True,False,False,False,13.907572999983133,0.006982000058997,2.301683000041521,21.997617999886643,0.1291399998990527,38.34299599986935
K.MOV,121,K,True,G,0.6149662137031555,False,G,False,False,False,True,13.859135999950922,0.0070329999743989,2.39903100009542,22.06172699993658,0.0903820000530686,38.41730900001039
K.MOV,122,K,True,G,0.7318577766418457,False,G,False,False,False,True,13.950253000075463,0.0076230001013755,2.27514100015469,22.05841800014241,0.0934780000534374,38.384913000527376
K.MOV,123,K,True,G,0.7497323155403137,False,G,False,False,False,True,13.97860600002332,0.0073549999797251,2.2937670000828803,21.99892699991324,0.0996020000911812,38.37825700009034
K.MOV,124,K,True,G,0.8459723591804504,False,G,False,False,False,True,13.992275000077823,0.0073869998686859,2.349608000031367,22.01633300001049,0.090414999931454,38.45601799991982
K.MOV,125,K,True,G,0.7351120710372925,False,G,False,False,False,True,13.91611099995771,0.0065350000113539,2.398322000090048,22.04814199990324,0.0949909999690135,38.46410099993136
K.MOV,126,K,True,G,0.6608059406280518,False,G,False,False,False,True,13.961175999952502,0.0075770001330965,2.4276480000935408,22.143286000073203,0.0953730000219366,38.63506000027428
K.MOV,127,K,True,G,0.4703013002872467,False,G,False,False,False,True,13.847858000076483,0.0074089998634008,2.3567590001221106,22.01293899997836,0.1057019999279873,38.33066699996834
K.MOV,128,K,True,K,0.6801679730415344,True,K,True,False,False,False,14.01164100002461,0.0068279998686193,2.461283000002368,22.033790000023146,0.1045789999807311,38.61812099989948
K.MOV,129,K,True,K,0.5202333331108093,True,K,True,False,False,False,14.033128000050963,0.0060930001382075,2.2715059999427467,21.9509860000926,0.1052150000759866,38.3669280003005
K.MOV,130,K,True,K,0.6664608120918274,True,K,True,False,False,False,13.72002200002953,0.007460999995601,2.3372740001832426,21.9532540002092,0.0996569999642815,38.117668000381855
K.MOV,131,K,True,K,0.8770569562911987,True,K,True,False,False,False,13.730391000081,0.0071160000061354,2.354500999899756,21.970144999841068,0.1062819999333442,38.1684349997613
K.MOV,132,K,True,K,0.749687135219574,True,K,True,False,False,False,14.845714999978554,0.0072909999744297,2.3544680000213702,21.995880000076795,0.0949749999108462,39.298328999962
K.MOV,133,K,True,K,0.5967578291893005,True,K,True,False,False,False,13.899448999950437,0.0062269998579722,2.3005689999990864,21.97657300007449,0.0909020000108284,38.27371999989282
L.MOV,0,L,True,L,0.9252793192863464,True,L,True,False,False,False,14.269870000021,0.0092160000804142,2.5816059999215213,21.095275000106994,0.0953329999902052,38.051300000120136
L.MOV,1,L,True,L,0.9188379049301147,True,L,True,False,False,False,13.896221000095466,0.0074530000802042,2.538410999932239,21.04511800007458,0.0957899999320943,37.58299300011458
L.MOV,2,L,True,L,0.8995221257209778,True,L,True,False,False,False,13.921793999998044,0.0082540000221342,2.580066000064108,21.068068999966272,0.0951209999584534,37.67330400000901
L.MOV,3,L,True,L,0.9004572033882141,True,L,True,False,False,False,14.393986999948538,0.0132570000914711,2.4102850002236664,21.034731000099782,0.0949340001170639,37.94719400048052
L.MOV,4,L,True,L,0.9197572469711304,True,L,True,False,False,False,14.373580000096808,0.0069689999691036,2.526918999819827,21.16429400007292,0.0925740000639052,38.16433600002256
L.MOV,5,L,True,L,0.929429531097412,True,L,True,False,False,False,14.067147999980987,0.0067959999796585,2.325570000039079,22.013787000105367,0.1034680001339438,38.51676900023904
L.MOV,6,L,True,L,0.8885932564735413,True,L,True,False,False,False,13.897108000037406,0.008168000022124,2.444392000143125,21.99156799997581,0.0961460000326042,38.43738200021107
L.MOV,7,L,True,L,0.8755687475204468,True,L,True,False,False,False,14.274648999958115,0.0077110000802349,2.3208850000173697,22.021371999926487,0.0972020000062912,38.7218189999885
L.MOV,8,L,True,L,0.9184498190879822,True,L,True,False,False,False,14.522916999908375,0.0069899999743938,2.42874200012011,22.019763999878705,0.0982900000963127,39.0767029999779
L.MOV,9,L,True,L,0.9226534962654114,True,L,True,False,False,False,14.356335000002218,0.0073149999479937,2.3950610000156303,21.98960099985925,0.0959009998950932,38.844212999720185
L.MOV,10,L,True,L,0.9282363057136536,True,L,True,False,False,False,14.426878000108443,0.0083600000380101,2.392925000094692,22.02116700004808,0.103908000028241,38.95323800031747
L.MOV,11,L,True,L,0.937960147857666,True,L,True,False,False,False,14.526439000064784,0.0066869999955088,2.3822149998977693,22.029790000033245,0.1067619998593727,39.05189299985068
L.MOV,12,L,True,L,0.9130916595458984,True,L,True,False,False,False,14.342761999955655,0.0070500000219908,2.4020409998684045,21.9953290002195,0.09564600009071,38.84282800015626
L.MOV,13,L,True,L,0.971256673336029,True,L,True,False,False,False,14.334817000076328,0.0069809998421987,2.467978999902698,21.98916099996495,0.0936349999847152,38.89257299977089
L.MOV,14,L,True,L,0.9744508862495422,True,L,True,False,False,False,13.929174999930185,0.0083080001331836,2.5102229999447445,22.015476999968087,0.0920760001008602,38.55525900007706
L.MOV,15,L,True,L,0.9554924368858336,True,L,True,False,False,False,14.0010089999123,0.0072550001277704,2.3156449999532924,21.988444000044183,0.0925470001220674,38.404900000159614
L.MOV,16,L,True,L,0.9566593170166016,True,L,True,False,False,False,14.0337840000484,0.0077999998211453,2.4111990001074446,22.0164779998413,0.0968770000326912,38.56613799985098
L.MOV,17,L,True,L,0.9833565950393676,True,L,True,False,False,False,13.923268999974423,0.0080369998158857,2.375790000087364,22.09880599980352,0.1188450000881857,38.52474699976938
L.MOV,18,L,True,L,0.9852216839790344,True,L,True,False,False,False,14.020103000007111,0.0077899999268993,2.352815999984159,21.988998000097126,0.0933710000481369,38.46307800006343
L.MOV,19,L,True,L,0.9210315346717834,True,L,True,False,False,False,13.920568000003186,0.0065249998897343,2.3680589999912627,22.005762000162576,0.0951940000959439,38.3961080001427
L.MOV,20,L,True,L,0.9130526185035706,True,L,True,False,False,False,13.860002999990684,0.0079070000538195,2.414307999970333,22.065141999974003,0.0972809998529555,38.4446409998418
L.MOV,21,L,True,L,0.9042810797691344,True,L,True,False,False,False,13.900462000037804,0.0072319999162573,2.3736639998332976,22.05717500009996,0.0957620000008319,38.43429499988815
L.MOV,22,L,True,L,0.8905416131019592,True,L,True,False,False,False,13.978950999899098,0.0067880000642617,2.3211860000174056,22.023417000127665,0.0958549999268143,38.426197000035245
L.MOV,23,L,True,L,0.9215887784957886,True,L,True,False,False,False,13.924695000014252,0.0065750000430853,2.262081000026228,22.04547700011972,0.1035880000017641,38.34241600020505
L.MOV,24,L,True,L,0.8636891841888428,True,L,True,False,False,False,13.84566999990966,0.0067849998686142,2.3531259998890164,21.969393999825115,0.0899660001323354,38.26494099962474
L.MOV,25,L,True,L,0.9733051061630248,True,L,True,False,False,False,13.869630999920446,0.0070950000008451,2.396028000021033,22.038460999965537,0.1025189999381837,38.413733999846045
L.MOV,26,L,True,L,0.9932431578636168,True,L,True,False,False,False,13.977140999941184,0.0074430001859582,2.377082000066366,21.99869400010357,0.1019159999486873,38.462276000245765
L.MOV,27,L,True,L,0.9959762692451476,True,L,True,False,False,False,13.876284000048145,0.0076850001278216,2.391056999840657,22.036049999996976,0.13015199988331,38.44122799989691
L.MOV,28,L,True,L,0.9953557252883912,True,L,True,False,False,False,14.15120299998307,0.0064880000536504,2.341372000046249,21.989228999927946,0.0952049999796145,38.58349699999053
L.MOV,29,L,True,L,0.9949861764907836,True,L,True,False,False,False,14.04875399998673,0.0079699998423166,2.522041000020181,22.04235499993956,0.0949189998209476,38.71603899960974
L.MOV,30,L,True,L,0.99685800075531,True,L,True,False,False,False,14.055622000000769,0.0074649999532994,2.444205000074362,22.05618900006812,0.0996619999114045,38.66314300000795
L.MOV,31,L,True,L,0.9954019784927368,True,L,True,False,False,False,13.883371000019906,0.0074090000907744,2.980393000143522,22.047448999956032,0.092437999910544,39.01106000012078
L.MOV,32,L,True,L,0.9950940608978271,True,L,True,False,False,False,13.971347999927277,0.0074969998422602,2.600802000188196,22.68167300007917,0.1160550000349758,39.37737500007188
L.MOV,33,L,True,L,0.9898129105567932,True,L,True,False,False,False,14.082865999966998,0.0073029998475249,2.75858000009066,22.68186500009506,0.1225450000674754,39.65315900006772
L.MOV,34,L,True,L,0.9863852858543396,True,L,True,False,False,False,14.04653600002348,0.0070050000431365,2.3972760000106064,22.07351700008076,0.0918450000426673,38.616179000200646
L.MOV,35,L,True,L,0.9929486513137816,True,L,True,False,False,False,13.868897000065772,0.0076180001542525,2.4679919999925914,22.021348999942347,0.1052800000707065,38.47113600022567
L.MOV,36,L,True,L,0.9917329549789428,True,L,True,False,False,False,14.32836200001475,0.008372000138479,2.500542999996469,22.035085999959847,0.0966439999956492,38.9690070001052
L.MOV,37,L,True,L,0.9930505752563475,True,L,True,False,False,False,14.043238999988716,0.0072959999215527,2.4192480000237992,22.031492999985858,0.1050969999596418,38.60637299987957
L.MOV,38,L,True,L,0.9950607419013976,True,L,True,False,False,False,14.243135000015172,0.0071570000272913,2.308771000116394,22.03337399987504,0.095357000191143,38.68779400022504
L.MOV,39,L,True,L,0.996377408504486,True,L,True,False,False,False,14.104889999998704,0.0067089999902236,2.377882000018872,22.014931999819964,0.1145650001035392,38.6189779999313
L.MOV,40,L,True,L,0.9938480257987976,True,L,True,False,False,False,14.081888000077925,0.0072969999109773,2.3489920001793507,21.98189399996409,0.0934160000269912,38.51348700015933
L.MOV,41,L,True,L,0.9952228665351868,True,L,True,False,False,False,13.955915999986246,0.0073329999850102,2.428901000030237,22.05788600008418,0.0984509999852889,38.54848700007096
L.MOV,42,L,True,L,0.992695450782776,True,L,True,False,False,False,14.185556000029464,0.0068689998897752,2.503408999928069,21.983748000138803,0.0899789999948552,38.76956099998097
L.MOV,43,L,True,L,0.9921837449073792,True,L,True,False,False,False,13.95876699996279,0.0077759998475812,2.480912000009994,22.04036200009796,0.1142269998126721,38.602043999731
L.MOV,44,L,True,L,0.989481806755066,True,L,True,False,False,False,14.05321400000048,0.0077019999480398,2.4328970000624395,22.22390700012511,0.1252210001894127,38.84294100032548
L.MOV,45,L,True,L,0.9946203231811525,True,L,True,False,False,False,14.005237999981546,0.0072430000273016,2.7260179999757383,22.12630100007118,0.1475349999964237,39.01233500005219
L.MOV,46,L,True,L,0.9942771792411804,True,L,True,False,False,False,13.75678700003391,0.0076129999797558,2.336396000146124,22.171381999896767,0.0913040000796172,38.36348200013617
L.MOV,47,L,True,L,0.9903240203857422,True,L,True,False,False,False,13.933873000041784,0.0067419998686091,2.385229999845251,22.0164229999682,0.0947999999425519,38.4370679996664
L.MOV,48,L,True,L,0.9842835664749146,True,L,True,False,False,False,13.96301800002675,0.0080959998740581,2.327945999923031,22.0243199999004,0.1104959999338461,38.433875999658085
L.MOV,49,L,True,L,0.9812791347503662,True,L,True,False,False,False,13.887431999933142,0.0066630000219447,2.364490999980262,22.09003600000869,0.1087459997961559,38.4573679997402
L.MOV,50,L,True,L,0.9697611927986144,True,L,True,False,False,False,13.947203999919113,0.008451999974568,2.767112000128691,22.107897000068988,0.0999500000489206,38.93061500014028
L.MOV,51,L,True,L,0.9656121730804444,True,L,True,False,False,False,13.931703000025664,0.0076139999691804,2.6306239999485115,21.9946219999656,0.0955580001118505,38.66012100002081
L.MOV,52,L,True,L,0.9641687870025636,True,L,True,False,False,False,13.825803999907292,0.0084270000115793,2.401435999900059,22.04879400005666,0.0937270001486467,38.37818800002424
L.MOV,53,L,True,L,0.9700199365615844,True,L,True,False,False,False,14.180705999933709,0.0133609999011241,2.4349390000679705,22.00198500008809,0.1036090000070544,38.734599999997954
L.MOV,54,L,True,L,0.9578579664230348,True,L,True,False,False,False,13.913928999954804,0.0095719999535504,2.5593560001198057,22.080316000028688,0.1375509998524648,38.700723999909314
L.MOV,55,L,True,L,0.9625911116600036,True,L,True,False,False,False,13.818796999998996,0.006777999942642,2.431387999877188,22.059197000089625,0.0950169999214267,38.41117699982988
L.MOV,56,L,True,L,0.973344385623932,True,L,True,False,False,False,13.841567999975268,0.0062909998632676,2.366591000054541,21.99626900005569,0.0928150000163441,38.30353399996511
L.MOV,57,L,True,L,0.9722105860710144,True,L,True,False,False,False,14.332555999999386,0.0062809999690216,2.3669340000651573,22.00311699994017,0.0965649999216111,38.80545299989535
L.MOV,58,L,True,L,0.948919415473938,True,L,True,False,False,False,13.90345899994827,0.0067959999796585,2.2918640001989843,21.98990500005493,0.0911109998469328,38.28313500002878
L.MOV,59,L,True,L,0.9731735587120056,True,L,True,False,False,False,14.884778000009646,0.0074900001436617,2.428316999839808,22.03234299986434,0.1067979999334056,39.45972599979086
L.MOV,60,L,True,L,0.9791439175605774,True,L,True,False,False,False,13.93722099999195,0.0069310001435951,2.4881090000690165,22.03107800005455,0.1385959999424812,38.60193500020159
L.MOV,61,L,True,L,0.9829148054122924,True,L,True,False,False,False,13.85704300002999,0.0075830000696441,2.4027930001011555,22.062026000185146,0.1188269998237956,38.44827200020973
L.MOV,62,L,True,L,0.9820960760116576,True,L,True,False,False,False,13.996631999930289,0.0067400001171336,2.388004000067667,21.99952699993446,0.0995620000594499,38.490465000109
L.MOV,63,L,True,L,0.9825201630592346,True,L,True,False,False,False,13.924095999982455,0.0066299999161856,2.332644000034634,21.993682999891465,0.0947290000112843,38.35178199983602
L.MOV,64,L,True,L,0.9820364117622375,True,L,True,False,False,False,13.794770999993489,0.0072249999902851,2.3949330000050395,22.03121000002284,0.098130999958812,38.326269999970464
L.MOV,65,L,True,L,0.9848645925521852,True,L,True,False,False,False,13.87871399992946,0.0067949999902339,2.410944000075688,22.35728100004053,0.0946909999584022,38.74842499999431
L.MOV,66,L,True,L,0.98682701587677,True,L,True,False,False,False,14.10642199994072,0.0080150000485446,2.6847700000871555,22.710447999998,0.0957519998792122,39.60540699995363
L.MOV,67,L,True,L,0.9868682622909546,True,L,True,False,False,False,14.051243000039904,0.0073159999374183,2.644046999876082,22.665888999881645,0.109392000013031,39.47788699974808
L.MOV,68,L,True,L,0.9913621544837952,True,L,True,False,False,False,13.977841000041735,0.0076789999639004,2.396089000058055,22.07213499991667,0.0989239999853452,38.552667999965706
L.MOV,69,L,True,L,0.9920743703842164,True,L,True,False,False,False,13.972831000046426,0.0111240001388068,2.521586000057141,22.92869999996583,0.1182920000246667,39.55253300023287
L.MOV,70,L,True,L,0.9946494698524476,True,L,True,False,False,False,13.869635999981256,0.0082050000855815,2.481373999899006,22.074191999990944,0.1236059999882854,38.55701299994507
L.MOV,71,L,True,L,0.9884745478630066,True,L,True,False,False,False,16.597122999996827,0.0063149998368317,2.328469999838489,21.98898899996493,0.0918250000268017,41.01272199966388
L.MOV,72,L,True,L,0.9909624457359314,True,L,True,False,False,False,14.214597999966829,0.0093139999535196,2.540586000122857,22.841905999939627,0.1565439999922091,39.76294799997504
L.MOV,73,L,True,L,0.9839925169944764,True,L,True,False,False,False,13.883163999935276,0.0095200000487238,2.4254049999399285,22.08370299990748,0.1081929999600106,38.50998499979141
L.MOV,74,L,True,L,0.9886046648025512,True,L,True,False,False,False,13.81631499998548,0.0067280000166647,2.3515789998782566,21.981252999921708,0.0966499999321968,38.25252499973431
L.MOV,75,L,True,L,0.9883862137794496,True,L,True,False,False,False,13.9213769999742,0.0081220000538451,2.420063000045048,22.589081999967675,0.0952410000536474,39.033885000094415
L.MOV,76,L,True,L,0.9872794151306152,True,L,True,False,False,False,13.804708000066055,0.0067290000060893,2.616023999962636,22.713590000194017,0.0969509999322326,39.23800200016103
L.MOV,77,L,True,L,0.9896824955940248,True,L,True,False,False,False,13.943220999976802,0.0063049999425857,2.809018000107244,22.68390400013232,0.1186589997814735,39.56110699994042
L.MOV,78,L,True,L,0.9847650527954102,True,L,True,False,False,False,13.827029000026414,0.0080600000273989,2.653600000030565,22.735667000006288,0.0962160002018208,39.320572000292486
L.MOV,79,L,True,L,0.974661350250244,True,L,True,False,False,False,13.938054000050217,0.0078459997894242,2.5683409999146534,22.10399000000507,0.1058959999227227,38.724126999682085
L.MOV,80,L,True,L,0.9774748682975768,True,L,True,False,False,False,13.856304999990243,0.0074049999057024,2.350031000105446,22.066309000138062,0.0964999999268911,38.376550000066345
L.MOV,81,L,True,L,0.972037434577942,True,L,True,False,False,False,13.941415000090274,0.0075079999533045,2.486640999904921,22.009447000073123,0.1027870000598341,38.54779800008146
L.MOV,82,L,True,L,0.9765007495880128,True,L,True,False,False,False,13.950682999961828,0.0084239998159318,2.4661249999553547,22.63141199978236,0.1148779999766702,39.17152199949214
L.MOV,83,L,True,L,0.9795714616775512,True,L,True,False,False,False,13.80552600005558,0.008033000085561,2.409077000038451,22.04623900001934,0.1126710001244646,38.3815460003234
L.MOV,84,L,True,L,0.9692471027374268,True,L,True,False,False,False,14.083327999969695,0.0069830000484216,2.463798000007955,22.024117999990267,0.1177470001039182,38.69597400012026
L.MOV,85,L,True,L,0.9748277068138124,True,L,True,False,False,False,14.405197000087355,0.0067029998263024,2.762838999842643,22.130340000103388,0.1017099998534831,39.40678899971317
L.MOV,86,L,True,L,0.972706377506256,True,L,True,False,False,False,13.833771999998136,0.0085849999322817,2.910375000055865,22.23857999979373,0.1193359998978849,39.11064799967789
L.MOV,87,L,True,L,0.9715365767478944,True,L,True,False,False,False,13.859652999940408,0.0063869999848975,2.507474000140064,22.11707500009652,0.1045540000177425,38.59514300017963
L.MOV,88,L,True,L,0.9726210832595824,True,L,True,False,False,False,13.914586000055351,0.0083800000538758,2.6491050000458927,22.04814600008831,0.0941949999742064,38.71441200021764
L.MOV,89,L,True,L,0.9740588068962096,True,L,True,False,False,False,14.063424000028135,0.0071550000484421,2.6001109999924665,22.07868999994389,0.1089140000658517,38.85829400007879
L.MOV,90,L,True,L,0.9798914790153505,True,L,True,False,False,False,13.902400999995734,0.0068990000272606,2.470922000156861,22.033494999959657,0.1033779999488615,38.517095000088375
L.MOV,91,L,True,L,0.9791566133499146,True,L,True,False,False,False,13.93054199991184,0.0074070001119252,2.4615120000817114,22.02195900008519,0.1036899998325679,38.52511000002323
L.MOV,92,L,True,L,0.9783873558044434,True,L,True,False,False,False,13.941175000013573,0.0074810000114666,2.4674079998021625,22.110523999799625,0.1160090000666969,38.64259699969352
L.MOV,93,L,True,L,0.9815593957901,True,L,True,False,False,False,13.812896999979785,0.0140730001021438,2.362209000011717,22.038309999970807,0.107503999970504,38.33499300003496
L.MOV,94,L,True,L,0.9808613657951356,True,L,True,False,False,False,13.815219000093748,0.008531000048606,2.476877999924909,22.1262029999707,0.0935989999106823,38.52042999994865
L.MOV,95,L,True,L,0.9831522703170776,True,L,True,False,False,False,13.966729000003395,0.0074490001225058,2.36894099998608,22.00988899994627,0.0932039999952394,38.44621200005349
L.MOV,96,L,True,L,0.985136330127716,True,L,True,False,False,False,13.854290000040235,0.0070989999585435,2.3475840000628523,22.026664000122764,0.0931110000692569,38.32874800025365
L.MOV,97,L,True,L,0.9891074299812316,True,L,True,False,False,False,13.96283599990511,0.0081109999428008,2.514616000098613,22.119615999827147,0.0975460000063321,38.70272499978
L.MOV,98,L,True,L,0.9878750443458556,True,L,True,False,False,False,13.897605000011026,0.0082300000485702,2.4183829998492,22.0616260000952,0.0969379998423392,38.48278199984634
L.MOV,99,L,True,L,0.9912577867507936,True,L,True,False,False,False,13.817666000022657,0.0074509998739813,2.344140999866795,22.00450600003024,0.0969959999110869,38.27075999970475
L.MOV,100,L,True,L,0.9898743629455566,True,L,True,False,False,False,13.897411000016293,0.0076119999903312,2.666875999921104,21.98627600000691,0.0934580000375717,38.65163299997221
L.MOV,101,L,True,L,0.9927313923835754,True,L,True,False,False,False,13.958217999970657,0.0076589999480347,2.4200459999974555,22.053330000062488,0.1073519999863492,38.54660499996498
L.MOV,102,L,True,L,0.991205632686615,True,L,True,False,False,False,13.78190600007656,0.0086030001966719,2.4564999998801795,22.023319000027183,0.1137759998073306,38.38410399998793
L.MOV,103,L,True,L,0.990757167339325,True,L,True,False,False,False,13.96170299994992,0.0074530000802042,2.374134000092454,22.084883000161422,0.1129319998653954,38.5411050001494
L.MOV,104,L,True,L,0.9925469756126404,True,L,True,False,False,False,13.778000999991493,0.0061709999954473,2.475710999988223,22.0614120000846,0.0944459998208913,38.415740999880654
L.MOV,105,L,True,L,0.992864727973938,True,L,True,False,False,False,13.913375000015549,0.0062239998896984,2.389021999988472,22.00516599987168,0.0947679998262174,38.408554999591615
L.MOV,106,L,True,L,0.9917516112327576,True,L,True,False,False,False,13.99408300005689,0.0086309999005607,2.3700100000496604,22.043066999913208,0.0976950000222132,38.51348599994253
L.MOV,107,L,True,L,0.9912426471710204,True,L,True,False,False,False,15.17825200005518,0.0078160001066862,2.389400000083697,22.033232000012504,0.1242610001099819,39.73296100036805
L.MOV,108,L,True,L,0.9880250096321106,True,L,True,False,False,False,13.792657000067264,0.0073829999109875,2.46718499988674,22.08726200001365,0.0961579999056994,38.450644999784345
L.MOV,109,L,True,L,0.9894230961799622,True,L,True,False,False,False,14.118674000087594,0.0077170000167825,2.4418059999788966,22.08711499997662,0.0991210001757281,38.75443300023562
L.MOV,110,L,True,L,0.9844675660133362,True,L,True,False,False,False,13.840264000009483,0.0078950001807243,2.3727110001345864,21.99494399997093,0.1019789999645581,38.31779300026028
L.MOV,111,L,True,L,0.9822869896888732,True,L,True,False,False,False,13.84984899993924,0.0063079999108595,2.4627699999655306,22.024880000117264,0.091999999995096,38.43580699992799
L.MOV,112,L,True,L,0.9842236638069152,True,L,True,False,False,False,13.795039999990877,0.0068260001171438,2.671071999884589,22.69389600019167,0.0945609999689622,39.26139500015324
L.MOV,113,L,True,L,0.976428210735321,True,L,True,False,False,False,13.958302999981242,0.0089180000486521,2.678892999938398,22.715881000067384,0.1019439998799498,39.46393899991563
L.MOV,114,L,True,L,0.9778069853782654,True,L,True,False,False,False,14.050591999989592,0.0077879999480501,2.374142999997275,21.98282200015456,0.093135000042821,38.508480000132295
L.MOV,115,L,True,L,0.9793540239334106,True,L,True,False,False,False,13.91670400005296,0.0080419999903824,2.320408000059615,22.02024200005326,0.0926430000163236,38.35803900017254
L.MOV,116,L,True,L,0.9817835688591005,True,L,True,False,False,False,13.847186000020884,0.0079369999639311,2.870255999823712,22.69590200012317,0.0958980001541931,39.51717900008589
L.MOV,117,L,True,L,0.9714795351028442,True,L,True,False,False,False,13.928713999916909,0.0068059998739045,2.409392999879856,22.59107199984101,0.0926900002014008,39.02867499971308
L.MOV,118,L,True,L,0.97333961725235,True,L,True,False,False,False,13.779731999989052,0.00887999999577,2.435765999962314,22.044956000172533,0.0997729998744034,38.36910699999408
L.MOV,119,L,True,L,0.9750674962997437,True,L,True,False,False,False,13.865664000036304,0.0069970001277397,2.481951999925513,22.005589999935182,0.0934360000428569,38.4536390000676
L.MOV,120,L,True,L,0.9776856899261476,True,L,True,False,False,False,13.975097999946229,0.0078680000115127,2.397820999931355,22.05298900003072,0.0985259998742549,38.53230199979407
L.MOV,121,L,True,L,0.9757274389266968,True,L,True,False,False,False,13.818199999946046,0.0068469998950604,2.6817079999545967,22.69025100008548,0.1161739999133715,39.31317999979456
L.MOV,122,L,True,L,0.9744000434875488,True,L,True,False,False,False,13.789825000003477,0.007066999842209,2.7337520000401128,22.72725099987838,0.0933179999265121,39.35121299969069
L.MOV,123,L,True,L,0.97129088640213,True,L,True,False,False,False,13.971415000014533,0.0064309999743272,2.6096169999618724,22.83614799989664,0.0937410000005911,39.51735199984796
L.MOV,124,L,True,L,0.9673783779144288,True,L,True,False,False,False,13.898748999963573,0.0087759999587433,2.4249500002042623,22.0784470000126,0.1081920001979597,38.51911400033714
L.MOV,125,L,True,L,0.973970592021942,True,L,True,False,False,False,13.949963000072785,0.0067820001277141,2.3639710000225023,22.034262000033777,0.0961210000696155,38.4510990003264
L.MOV,126,L,True,L,0.9690027236938475,True,L,True,False,False,False,14.268215000015516,0.0068300000748422,2.3893920001683,22.0311909999964,0.0978919999852223,38.79352000024028
L.MOV,127,L,True,L,0.9781224727630616,True,L,True,False,False,False,13.858011999900556,0.0062560000060329,2.551067000013063,21.95191599980717,0.0951089998579846,38.462359999584805
L.MOV,128,L,True,L,0.97806578874588,True,L,True,False,False,False,13.713434000010238,0.0073710000378923,2.356858999974065,21.999683000103687,0.0922279998576414,38.16957499998352
L.MOV,129,L,True,L,0.9870440363883972,True,L,True,False,False,False,14.464939999925264,0.0064109999584616,2.354201999878569,22.00145900019379,0.0929749999158957,38.91998699987198
L.MOV,130,L,True,L,0.9883108139038086,True,L,True,False,False,False,14.1009540000141,0.0076549999903363,2.4336839999250515,22.07102700003816,0.0950840001223696,38.70840400009001
L.MOV,131,L,True,L,0.988636076450348,True,L,True,False,False,False,14.010514999995394,0.0054150000323716,2.5536420000662474,21.97703199999524,0.1106099998651188,38.657213999954365
M.MOV,0,M,True,N,0.6835923790931702,False,N,False,False,False,True,14.376758000025802,0.0105020001228695,2.518824999924618,22.121504000097048,0.0955900000008114,39.12317900017115
M.MOV,1,M,True,N,0.7681706547737122,False,N,False,False,False,True,13.976139999954285,0.0082270000802964,2.3409130001255107,22.04482299998745,0.098130999958812,38.46823400010635
M.MOV,2,M,True,N,0.817563533782959,False,N,False,False,False,True,13.892876999989312,0.0073490000431775,2.344948999962071,21.99348700014525,0.1054049998856498,38.34406700002546
M.MOV,3,M,True,N,0.7526127099990845,False,N,False,False,False,True,13.86379100006252,0.0071580000167159,2.290833999950337,22.04487699987112,0.0990319999800704,38.30569199988077
M.MOV,4,M,True,N,0.7310387492179871,False,N,False,False,False,True,14.14023699999234,0.0087880000592122,2.3095019998891075,22.0531980000942,0.1114809999762656,38.62320600001112
M.MOV,5,M,True,N,0.727559506893158,False,N,False,False,False,True,13.9830839999604,0.0082060000750061,2.329446999965512,22.05133300003581,0.1089279999177961,38.480997999954525
M.MOV,6,M,True,M,0.53908371925354,True,M,True,False,False,False,13.836783999977342,0.0082020001173077,2.251079999950889,21.99547700001858,0.1077350000286969,38.19927800009282
M.MOV,7,M,True,M,0.5076838135719299,True,M,True,False,False,False,14.00593799996841,0.0070409998897957,2.264685999989524,22.035490000007485,0.0921430000744294,38.40529799992965
M.MOV,8,M,True,M,0.4873629510402679,True,M,True,False,False,False,14.056599000014105,0.0072819998422346,2.268768000021737,22.03341300014472,0.1009060001706529,38.46696800019345
M.MOV,9,M,True,N,0.6080799698829651,False,N,False,False,False,True,14.056117999984965,0.0073479998263792,2.2730629998477525,22.01360599997315,0.0917750001008244,38.44190999973307
M.MOV,10,M,True,N,0.5911893248558044,False,N,False,False,False,True,14.0412999999171,0.0076630001331068,2.603209999961109,22.060644000021057,0.1165180001407861,38.82933500017316
M.MOV,11,M,True,N,0.6389404535293579,False,N,False,False,False,True,13.961436000045069,0.0070169999162317,2.2743469999113586,21.996526000066297,0.0961010000537498,38.33542699999271
M.MOV,12,M,True,N,0.8824371099472046,False,N,False,False,False,True,13.95197699991968,0.0080840000009629,2.240665000044828,22.011766999867177,0.1089050001610303,38.32139799999368
M.MOV,13,M,True,N,0.7647184133529663,False,N,False,False,False,True,13.973474999943392,0.0079030000961211,2.308374999984153,22.07601500003875,0.0953730000219366,38.46114100008435
M.MOV,14,M,True,N,0.8078525066375732,False,N,False,False,False,True,14.810401999966416,0.0070999999479681,2.296217000093748,22.01672900014273,0.0932759999159316,39.2237240000668
M.MOV,15,M,True,N,0.8359692692756653,False,N,False,False,False,True,14.208259000042744,0.0070770001912023,2.3462389999622246,22.287743000106275,0.0935109999318228,38.94282900023427
M.MOV,16,M,True,N,0.5576181411743164,False,N,False,False,False,True,14.45575499997176,0.0085500000750471,2.286716000071465,22.049143999993248,0.1130639998336846,38.9132289999452
M.MOV,17,M,True,M,0.5739978551864624,True,M,True,False,False,False,14.248050999981388,0.0071590000061405,2.3912709998512582,22.17366599984416,0.1030119999541057,38.92315899963705
M.MOV,18,M,True,M,0.5599954128265381,True,M,True,False,False,False,14.035245999934888,0.0206610000077489,2.315956000074948,22.032869999975446,0.093977000005907,38.49870999999894
M.MOV,19,M,True,M,0.5495705008506775,True,M,True,False,False,False,14.052678999973978,0.0076310000167723,2.302351000025737,22.014878000163662,0.0978160001068317,38.47535500028698
M.MOV,20,M,True,N,0.6367326974868774,False,N,False,False,False,True,13.965328000040245,0.0076129999797558,2.274615000033009,22.453842999993867,0.0937040001645073,38.79510300021138
M.MOV,21,M,True,M,0.6450310349464417,True,M,True,False,False,False,14.065103000007184,0.0068570000166801,2.4901199999476376,22.560505000001285,0.1026209999963612,39.22520599996915
M.MOV,22,M,True,N,0.5331993103027344,False,N,False,False,False,True,14.202479999994466,0.0068609999743785,2.445597999894744,22.002590000056443,0.0955739999426441,38.75310299986268
M.MOV,23,M,True,M,0.5076616406440735,True,M,True,False,False,False,13.910173999988729,0.0080919999163597,2.360359000022072,22.08608199998708,0.1152269999238342,38.47993399983807
M.MOV,24,M,True,N,0.6853017807006836,False,N,False,False,False,True,13.826072000028944,0.0101279999853431,2.372570000034102,22.07859300006021,0.110936000055517,38.39829900016412
M.MOV,25,M,True,N,0.7087719440460205,False,N,False,False,False,True,13.84369400000196,0.006405000021914,2.2871549999763374,22.00632700009919,0.098958000080529,38.24253900017993
M.MOV,26,M,True,N,0.8267963528633118,False,N,False,False,False,True,14.06501099995694,0.0080800000432645,2.37618799997108,22.06919300010668,0.090953000153604,38.60942500023157
M.MOV,27,M,True,N,0.8184065222740173,False,N,False,False,False,True,14.007621000018844,0.007220999805213,2.3753109999233857,21.986195999943448,0.0949540001329296,38.47130299982382
M.MOV,28,M,True,N,0.8767328262329102,False,N,False,False,False,True,13.813325999990411,0.007893999963926,2.814809000028617,22.04584400010389,0.1035909999700379,38.78546400005689
M.MOV,29,M,True,N,0.8495972156524658,False,N,False,False,False,True,14.069391000020914,0.0070999999479681,2.6695789999848785,22.781410999868967,0.1053340001817559,39.63281500000448
M.MOV,30,M,True,N,0.8059428930282593,False,N,False,False,False,True,14.038679000009324,0.0064959999690472,2.3316290000821027,22.029515999975047,0.104131999933088,38.51045199996861
M.MOV,31,M,True,N,0.81183922290802,False,N,False,False,False,True,13.9243759999772,0.0070390001383202,2.303030000120998,22.03307599984328,0.0948780000271654,38.36239900010696
M.MOV,32,M,True,N,0.8461213707923889,False,N,False,False,False,True,13.89277399994171,0.0081069999851024,2.6008060001458944,21.98958600001788,0.0963620000220544,38.58763500011264
M.MOV,33,M,True,N,0.8283483982086182,False,N,False,False,False,True,13.869709999994484,0.0072069999532686,2.2535369998877286,22.540433000131088,0.093269999979384,38.76415699994595
M.MOV,34,M,True,N,0.8177316188812256,False,N,False,False,False,True,13.883186999919417,0.0084959999639977,2.6440500000717293,22.76837699992029,0.0894699999207659,39.3935799997962
M.MOV,35,M,True,N,0.8429197669029236,False,N,False,False,False,True,13.82521200002884,0.0084880000486009,2.590320000081192,22.744252999928,0.124020999919594,39.29229400000622
M.MOV,36,M,True,N,0.8754266500473022,False,N,False,False,False,True,13.913468000055218,0.0071309998475044,2.3110330000690738,22.015821999957552,0.0959439998950983,38.34339799982445
M.MOV,37,M,True,N,0.7824983596801758,False,N,False,False,False,True,13.872252000055596,0.0077730001066811,2.310301000079562,22.089635000156704,0.0926580000850663,38.37261900048361
M.MOV,38,M,True,N,0.8879234790802002,False,N,False,False,False,True,14.211721000037867,0.0078119999216141,2.260028999899077,22.09847099993567,0.0946110001223132,38.67264399991655
M.MOV,39,M,True,N,0.8528679609298706,False,N,False,False,False,True,13.84772000005796,0.0082950000432902,2.3246959999596584,22.031158999880063,0.1041900000018358,38.31605999994281
M.MOV,40,M,True,N,0.8164926767349243,False,N,False,False,False,True,13.796578999972551,0.0072959999215527,2.3383650000141643,22.01934799995797,0.1049410000177886,38.26652899988403
M.MOV,41,M,True,N,0.9332134127616882,False,N,False,False,False,True,13.96619100000862,0.0069370000801427,2.378743999997824,22.034144999906857,0.1135979998707625,38.49961499986421
M.MOV,42,M,True,N,0.7870221734046936,False,N,False,False,False,True,13.902446999964011,0.0076020000960852,2.341882000109763,22.05383599994093,0.0954549998368747,38.40122199994767
M.MOV,43,M,True,N,0.8608623743057251,False,N,False,False,False,True,14.607119000061177,0.0080029999480757,2.3156460001700907,22.09122999988722,0.0933470000745728,39.11534500014113
M.MOV,44,M,True,N,0.8322665691375732,False,N,False,False,False,True,13.879352000003564,0.0076759999956266,2.5630720001572627,22.753845000124784,0.1081939999494352,39.31213900023067
M.MOV,45,M,True,N,0.8204779624938965,False,N,False,False,False,True,13.900500999966424,0.0083699999322561,2.442235999978948,22.148232000063217,0.1607020001301862,38.66004100007103
M.MOV,46,M,True,N,0.8780480027198792,False,N,False,False,False,True,13.961042000005364,0.0071900001330504,2.2993129998667428,21.994842999902176,0.1171159999557858,38.37950399986312
M.MOV,47,M,True,N,0.8628019094467163,False,N,False,False,False,True,13.972494999961782,0.0077340000643744,2.361605000032796,21.99047599992809,0.1029069999276544,38.4352169999147
M.MOV,48,M,True,N,0.8946688175201416,False,N,False,False,False,True,14.032693999979529,0.0074730000960698,2.441189999899507,22.02824800019698,0.0958880000325734,38.60549300020466
M.MOV,49,M,True,N,0.8239420056343079,False,N,False,False,False,True,14.085071999943466,0.0074689999109978,2.290023000114161,21.989016000134143,0.0956320000113919,38.46721200011416
M.MOV,50,M,True,N,0.85009765625,False,N,False,False,False,True,13.888275999988764,0.007066999842209,2.312132000042766,22.020504000010988,0.1184210000246821,38.34639999990941
M.MOV,51,M,True,N,0.8966604471206665,False,N,False,False,False,True,13.996857000051932,0.0066489999426266,2.282242000092083,21.98828699988553,0.0934270001380355,38.36746200011021
M.MOV,52,M,True,N,0.8962957859039307,False,N,False,False,False,True,13.949701000001369,0.0071780000325816,2.2757799999908457,22.022388000095816,0.1028849999329395,38.35793200005355
M.MOV,53,M,True,N,0.8625179529190063,False,N,False,False,False,True,14.035365000040656,0.0082819999533967,2.630770999985544,22.960717999922053,0.1137859999289503,39.7489219998306
M.MOV,54,M,True,N,0.8931090235710144,False,N,False,False,False,True,14.206377000050452,0.0092420000328274,2.39825399989968,22.06942199995865,0.1054629999543976,38.788757999896006
M.MOV,55,M,True,N,0.9349495768547058,False,N,False,False,False,True,14.02106199998343,0.0072140001066145,2.2899540001617424,22.02165900007457,0.1160889999027858,38.45597800022915
M.MOV,56,M,True,N,0.9194536805152892,False,N,False,False,False,True,13.9395720000266,0.0063979998685681,2.320294999890393,21.949771999970835,0.0991580000118119,38.31519499976821
M.MOV,57,M,True,N,0.9073389172554016,False,N,False,False,False,True,13.892704999989292,0.0063529998897138,2.2457630000189965,22.04052000001866,0.1582790000611567,38.34361999997782
M.MOV,58,M,True,N,0.9435743689537048,False,N,False,False,False,True,13.823563000073593,0.0117719998797838,2.274367000154598,23.98989299990717,0.1052100001288636,40.204805000144006
M.MOV,59,M,True,N,0.9219406247138976,False,N,False,False,False,True,13.826597999923251,0.0069560001065838,1.6156690001025709,21.97179200015853,0.0896080000529764,37.51062300034391
M.MOV,60,M,True,N,0.8985896110534668,False,N,False,False,False,True,13.967211000021962,0.0074919998951372,1.6514849999111902,21.97200600016913,0.1203379999878961,37.71853199998532
M.MOV,61,M,True,N,0.9197795987129213,False,N,False,False,False,True,13.909368999975412,0.0068459999056358,2.2803650001606,22.609466999938377,0.0979940000433998,38.90404100002343
M.MOV,62,M,True,N,0.9121861457824708,False,N,False,False,False,True,13.830633999987183,0.0072479999744246,1.7047290000391513,21.99817499990786,0.0953060000483674,37.63609199995699
M.MOV,63,M,True,N,0.912811279296875,False,N,False,False,False,True,13.804945999936535,0.0081110001701745,1.6494069998316263,22.01035600000978,0.1255719998880522,37.59839199983617
M.MOV,64,M,True,N,0.9165390133857728,False,N,False,False,False,True,14.051145999928847,0.0074070001119252,1.6347920000043814,22.05667199996242,0.0956950000272627,37.84571200003484
M.MOV,65,M,True,N,0.9397143125534058,False,N,False,False,False,True,13.963923000005709,0.0069590000748576,2.912904999902821,22.05297299997256,0.0983750001068983,39.03513500006284
M.MOV,66,M,True,N,0.915729522705078,False,N,False,False,False,True,13.956766000092102,0.0087980001808318,2.820722000024034,22.738478000064788,0.0969879999956901,39.621752000357446
M.MOV,67,M,True,N,0.9040935039520264,False,N,False,False,False,True,13.9322180000363,0.0083190000168542,2.314331999969,22.20428800001173,0.0895169998784695,38.54867399991235
M.MOV,68,M,True,N,0.8592503666877747,False,N,False,False,False,True,13.923378999948,0.0068450001435849,1.661125000055108,22.034798000049705,0.096321999990323,37.72246900018672
M.MOV,69,M,True,N,0.893235981464386,False,N,False,False,False,True,13.922285000035115,0.0075569998898572,1.6954990001067929,22.064082000042617,0.098493999985294,37.78791700005968
M.MOV,70,M,True,N,0.886540949344635,False,N,False,False,False,True,14.163584000016272,0.0073300000167364,1.6680569999607542,22.02949000002264,0.1154569999926025,37.983918000009
M.MOV,71,M,True,N,0.8657084703445435,False,N,False,False,False,True,15.116563999981736,0.0074120000590482,1.598618000116403,21.98821499996484,0.0993009998637717,38.8101099999858
M.MOV,72,M,True,N,0.835262656211853,False,N,False,False,False,True,14.136410999981308,0.0073630001224955,1.6073320000487,22.06178699998418,0.0965409999480471,37.90943400008473
M.MOV,73,M,True,N,0.6985688805580139,False,N,False,False,False,True,14.725577999911366,0.0068500000907079,2.3111829998470057,22.670587999982672,0.0972570001067651,39.81145599993852
M.MOV,74,M,True,N,0.5964934825897217,False,N,False,False,False,True,13.830679000079726,0.0072180000643129,2.580883999826256,22.670731000062005,0.0901139999314182,39.17962599996372
M.MOV,75,M,True,N,0.6697309017181396,False,N,False,False,False,True,14.253904000042894,0.0075629998264048,2.347828999972989,22.065657999974064,0.1009229999908711,38.77587699980722
M.MOV,76,M,True,N,0.747643232345581,False,N,False,False,False,True,18.051309000043148,0.0068760000431211,1.592609999988781,22.00880599980337,0.107908000018142,41.76750899989656
M.MOV,77,M,True,N,0.775244414806366,False,N,False,False,False,True,13.900363999937326,0.0080919999163597,1.6000509999685164,22.042589999955453,0.1215700001466757,37.67266699992433
M.MOV,78,M,True,N,0.8392760753631592,False,N,False,False,False,True,13.86047099992993,0.0069339998844952,1.6345129999990604,22.04113099992356,0.0941339999371848,37.63718299967422
M.MOV,79,M,True,N,0.9244179129600524,False,N,False,False,False,True,13.804246999939096,0.0078699999903619,1.5922869999940303,22.02186700014863,0.0920739998946373,37.51834499996676
M.MOV,80,M,True,N,0.8902257680892944,False,N,False,False,False,True,14.051333999987037,0.0085629999375669,2.2642210001322383,22.023947000207045,0.1021529999434278,38.45021800020732
M.MOV,81,M,True,N,0.8788176774978638,False,N,False,False,False,True,13.820653999914612,0.0079919998370314,2.338638999844989,22.04006900001332,0.1143409999713185,38.32169499958127
M.MOV,82,M,True,N,0.8730255365371704,False,N,False,False,False,True,14.083433999985573,0.007246999985,2.2188079999523325,22.05810499981453,0.1009150000754743,38.46850899981291
M.MOV,83,M,True,N,0.7843798398971558,False,N,False,False,False,True,13.87727700000596,0.0072240000008605,2.344963000041389,22.02044599994224,0.0945140000112587,38.34442400000171
M.MOV,84,M,True,N,0.878904402256012,False,N,False,False,False,True,13.85660599999028,0.0087670000539219,2.447496000058891,22.029536999980337,0.1021559999117016,38.44456199999513
M.MOV,85,M,True,N,0.8801457285881042,False,N,False,False,False,True,14.180148000036752,0.0076789999639004,2.302520000057484,22.01636600011625,0.1150499999766907,38.62176300015108
M.MOV,86,M,True,N,0.8877865672111511,False,N,False,False,False,True,13.895681000008151,0.0082149999798275,1.7697979999411473,22.039351000103125,0.110284000129468,37.82332900016172
M.MOV,87,M,True,N,0.8920673727989197,False,N,False,False,False,True,13.805302999912785,0.0078349999057536,1.642160000074,22.010743000009825,0.0967549999586481,37.56279599986101
M.MOV,88,M,True,N,0.8264347910881042,False,N,False,False,False,True,13.877115000013871,0.0072339998951065,2.26405600005819,22.023945999990246,0.1098479999654955,38.28219899992291
M.MOV,89,M,True,N,0.7710076570510864,False,N,False,False,False,True,13.940152000031958,0.0083330000961723,2.2961859999668377,22.11459299996932,0.1111100000343867,38.47037400009867
M.MOV,90,M,True,N,0.775566816329956,False,N,False,False,False,True,13.864530999967428,0.0067519999902287,2.285576999838668,22.656010999980936,0.1004069999908097,38.91327799976807
M.MOV,91,M,True,N,0.8776813745498657,False,N,False,False,False,True,13.943206000021746,0.0068900001224392,2.2457179998127685,21.99147200008156,0.0929289999476168,38.28021499998613
M.MOV,92,M,True,N,0.8888711929321289,False,N,False,False,False,True,13.85863400003018,0.0080849999903875,2.307045999941693,22.031974000128685,0.0939200001539575,38.2996590002449
M.MOV,93,M,True,N,0.8824848532676697,False,N,False,False,False,True,13.934272000028614,0.0072080001700669,2.2584210000786697,22.015124000063224,0.0923400000374385,38.30736500037801
M.MOV,94,M,True,N,0.8876897692680359,False,N,False,False,False,True,13.892637000026298,0.0091719998636108,2.4521390000700194,22.16359499993814,0.1058699999703094,38.62341299986838
M.MOV,95,M,True,N,0.8357247710227966,False,N,False,False,False,True,13.942261000011058,0.0092660000063915,2.355269999952725,22.067716000037763,0.1199149999138171,38.49442799992176
M.MOV,96,M,True,N,0.8959794640541077,False,N,False,False,False,True,14.260630999956447,0.006465000069511,2.2582670001156657,21.99837700004537,0.0948870001593604,38.61862700034635
M.MOV,97,M,True,N,0.905993103981018,False,N,False,False,False,True,14.027839000050337,0.0063319998844235,2.274890000080632,22.00199899994004,0.0908240001535887,38.40188400010902
M.MOV,98,M,True,N,0.8755480051040649,False,N,False,False,False,True,14.02563800002099,0.0074219999532942,2.270172000180537,22.047338999982458,0.0953500000377971,38.44592100017508
M.MOV,99,M,True,N,0.9163948893547058,False,N,False,False,False,True,13.9723759999697,0.007968999852892,2.253460000019913,22.00225299998237,0.1177659999029856,38.353823999727865
M.MOV,100,M,True,N,0.9247905015945436,False,N,False,False,False,True,13.859117000038168,0.0069449999955395,2.3335559999395628,22.01203300000998,0.1100560000395489,38.3217070000228
M.MOV,101,M,True,N,0.9386146068572998,False,N,False,False,False,True,14.011380000056306,0.007256000117195,2.285435999965557,22.016402999952334,0.0976290000380686,38.41810400012946
M.MOV,102,M,True,N,0.9503036737442015,False,N,False,False,False,True,13.917141999968408,0.0078220000432338,2.2924759998659283,22.017109999978857,0.1044400000864698,38.338989999942896
M.MOV,103,M,True,N,0.965698540210724,False,N,False,False,False,True,14.020965999975488,0.0084250000327301,2.331738999828304,22.0218830002068,0.1025070000650885,38.48552000010841
M.MOV,104,M,True,N,0.944138765335083,False,N,False,False,False,True,13.857658000006268,0.0073999999585794,2.328963999843836,21.993668000050093,0.0924070000110077,38.28009699986978
M.MOV,105,M,True,N,0.9611515998840332,False,N,False,False,False,True,14.076727999963625,0.0078070002018648,2.463531000103103,22.545457999967766,0.1095400000394875,39.203064000275845
M.MOV,106,M,True,N,0.95704984664917,False,N,False,False,False,True,13.88205199998538,0.0068679999003506,2.324408999811567,22.097263000205203,0.1620720001938025,38.4726640000963
M.MOV,107,M,True,N,0.9689962267875672,False,N,False,False,False,True,13.938717999963046,0.0070979999691189,2.277667000043948,22.02901600003316,0.1075059999493532,38.36000499995862
M.MOV,108,M,True,N,0.9872424602508544,False,N,False,False,False,True,13.829011999973773,0.0089070001649815,2.3376869999083283,22.049147999950947,0.1035919999594625,38.32834599995749
M.MOV,109,M,True,N,0.9901582598686218,False,N,False,False,False,True,13.897660999987238,0.0077930001225468,2.3074470000210567,22.06497799988938,0.1021919999857345,38.38007100000596
M.MOV,110,M,True,N,0.9923376441001892,False,N,False,False,False,True,13.893513999960303,0.0071370000114256,2.387466999834942,22.02002000012726,0.0990670000646787,38.40720499999861
M.MOV,111,M,True,N,0.9865689277648926,False,N,False,False,False,True,13.774298000043927,0.0070940000114205,2.3473740000099497,22.04516300002979,0.1151829999344045,38.28911200002949
M.MOV,112,M,True,N,0.9834461808204652,False,N,False,False,False,True,14.35809600002358,0.0072960001489263,2.654696999798034,22.068978999868705,0.0976460000856604,39.186713999924905
M.MOV,113,M,True,N,0.9860022068023682,False,N,False,False,False,True,14.037929000096485,0.0073049998263741,2.261230999920372,22.025814000016908,0.0977760000751004,38.43005499993524
M.MOV,114,M,True,N,0.9778164625167848,False,N,False,False,False,True,13.967645999969136,0.0064670000483602,2.360173000170107,22.01221699988309,0.0975240000116173,38.44402700008232
M.MOV,115,M,True,N,0.9741629958152772,False,N,False,False,False,True,13.793845000009242,0.0076280000484985,2.288349000082235,22.077768000144715,0.1088049998543283,38.27639500013902
M.MOV,116,M,True,N,0.9598488807678224,False,N,False,False,False,True,14.217262000101982,0.0072049999744194,2.338283999961277,22.01722599988898,0.0927389999105798,38.67271599983724
M.MOV,117,M,True,N,0.9673526883125304,False,N,False,False,False,True,13.910606999957054,0.0074900001436617,2.30477900004189,22.06399400006376,0.0915380001060839,38.37840800031245
M.MOV,118,M,True,N,0.9267794489860536,False,N,False,False,False,True,13.99892799997815,0.0070150001647562,2.269308999984787,22.005264999961582,0.0996639998902537,38.38018099997953
M.MOV,119,M,True,N,0.9459217190742492,False,N,False,False,False,True,13.985492999950113,0.0075010000273323,2.350408999973297,22.009848000152488,0.0937280001380713,38.4469790002413
M.MOV,120,M,True,N,0.9529188871383668,False,N,False,False,False,True,13.864247000014984,0.0074879999374388,1.8137500001103035,22.11947099999633,0.1153220000560395,37.920278000115104
M.MOV,121,M,True,N,0.9332360625267028,False,N,False,False,False,True,13.930273000028135,0.0073460000749037,1.611488000207828,21.99042600000212,0.0952249999954801,37.63475800030847
M.MOV,122,M,True,N,0.9018134474754332,False,N,False,False,False,True,13.821710000001984,0.0079530000220984,2.352826000105779,22.07909999992808,0.0990959999853657,38.3606850000433
M.MOV,123,M,True,N,0.8711763620376587,False,N,False,False,False,True,14.650911000103406,0.0084149999111104,2.385972999945807,22.09019899987652,0.1094730000659183,39.24497099990276
M.MOV,124,M,True,N,0.9042848944664,False,N,False,False,False,True,13.930391000030795,0.0072240000008605,2.418976999933875,22.127533000002582,0.0963030001912557,38.58042800015937
M.MOV,125,M,True,N,0.913147747516632,False,N,False,False,False,True,14.012690999948065,0.0068340000325406,2.3258159999386407,22.011149000036312,0.089385000137554,38.44587500009311
M.MOV,126,M,True,N,0.942095935344696,False,N,False,False,False,True,13.875155999926392,0.0079980000009527,2.205384000035337,22.00996899978236,0.0963200000114739,38.19482699975652
M.MOV,127,M,True,N,0.9408095479011536,False,N,False,False,False,True,13.7851239999236,0.0070399999003711,2.346531000057439,22.05807099994672,0.114731999929063,38.3114979997572
M.MOV,128,M,True,N,0.9611353874206544,False,N,False,False,False,True,14.027650999992147,0.006424000048355,2.2863760000291222,22.005520999982764,0.0914030001695209,38.41737500022191
M.MOV,129,M,True,N,0.8926844000816345,False,N,False,False,False,True,14.110843000025852,0.0075739999374491,1.6482099999848288,22.10608499990485,0.0991189999695052,37.97183099982249
M.MOV,130,M,True,N,0.8871861696243286,False,N,False,False,False,True,13.842174999922465,0.0069180000537016,2.2358799999437906,22.02937100014424,0.1254389999303384,38.23978299999453
M.MOV,131,M,True,N,0.9357028603553772,False,N,False,False,False,True,14.051210000047831,0.0081089999639516,2.3177059999852645,22.0522259999143,0.0948079998579487,38.524058999769295
M.MOV,132,M,True,N,0.9216312170028688,False,N,False,False,False,True,14.014037000038115,0.0080899999375105,2.271606000022075,22.013624000010168,0.0968629999533732,38.40421999996124
M.MOV,133,M,True,N,0.8831799030303955,False,N,False,False,False,True,14.001513000039267,0.0078329999269044,2.3294319998967694,22.195981000095344,0.1052420000178244,38.64000099997611
M.MOV,134,M,True,N,0.8384699821472168,False,N,False,False,False,True,14.007083000024068,0.0070809999215271,2.2429729999657866,22.024480000027324,0.105996000002051,38.38761299994076
M.MOV,135,M,True,N,0.8828667402267456,False,N,False,False,False,True,13.880154999924343,0.0067270000272401,2.3717080000551505,22.052088000009466,0.0943479999477858,38.40502599996398
M.MOV,136,M,True,N,0.8503394722938538,False,N,False,False,False,True,13.858431000016935,0.0073730000167415,2.2948280000036902,22.09638499994071,0.0944459998208913,38.35146299979897
M.MOV,137,M,True,N,0.9398206472396852,False,N,False,False,False,True,13.944713000000776,0.0079249998634622,2.2664969999368623,22.046282000019342,0.1208830001360183,38.386299999956464
M.MOV,138,M,True,N,0.9093124866485596,False,N,False,False,False,True,13.895032999926116,0.0078959999427752,2.350848000105543,22.046220999982324,0.098164999826622,38.39816299978338
M.MOV,139,M,True,N,0.9073068499565125,False,N,False,False,False,True,13.706442999932731,0.0079690000802656,2.253898999924786,21.98277900015455,0.0939949998155498,38.045084999907886
M.MOV,140,M,True,N,0.8914179801940918,False,N,False,False,False,True,13.691813000036746,0.0065740000536607,2.2458089999872755,21.998473000167,0.1158739999027602,38.05854300014744
M.MOV,141,M,True,N,0.7913839817047119,False,N,False,False,False,True,13.705460000096537,0.0065730000642361,2.2613109999838343,21.96757100000468,0.0988809999853401,38.03979600013463
M.MOV,142,M,True,N,0.7972185611724854,False,N,False,False,False,True,13.743900999998004,0.0137029999223159,2.577237999958016,21.45178399996439,0.0974810000116122,37.88410699985434
M.MOV,143,M,True,N,0.8515770435333252,False,N,False,False,False,True,13.722451000035107,0.0073389999215578,2.3609659999692667,21.49702700012313,0.0919780000003811,37.67976100004944
N.MOV,0,N,True,N,0.9999847412109376,True,N,True,False,False,False,14.103501000022334,0.0086129998635442,2.337434999844845,21.602446000088094,0.0953979999849252,38.14739299980374
N.MOV,1,N,True,N,0.9999819993972778,True,N,True,False,False,False,14.000280999994176,0.0070680000590073,2.3550630000954698,21.518808000109857,0.0990319999800704,37.98025200023858
N.MOV,2,N,True,N,0.9999794960021972,True,N,True,False,False,False,13.879581000082908,0.0083739998899545,2.306059999909849,21.53447299997424,0.1070369999069953,37.83552499976395
N.MOV,3,N,True,N,0.999971866607666,True,N,True,False,False,False,13.958641000044736,0.0075909999850409,2.28439299985439,22.019813999804683,0.1138909999554016,38.38432999964425
N.MOV,4,N,True,N,0.9999711513519288,True,N,True,False,False,False,13.865123000073254,0.0071619999744143,2.32964799988622,22.07693699983793,0.1053560001764708,38.384225999948285
N.MOV,5,N,True,N,0.99997079372406,True,N,True,False,False,False,13.902750000056583,0.0070250000590021,2.2352880000653386,22.01379400003134,0.0979520000328193,38.256809000245084
N.MOV,6,N,True,N,0.999959111213684,True,N,True,False,False,False,13.867779999941376,0.0076520000220625,2.225873000043066,22.104928000089785,0.114438000082373,38.32067100017866
N.MOV,7,N,True,N,0.999947190284729,True,N,True,False,False,False,13.839544000006754,0.0082070000644307,1.7384560001119098,22.63077499992505,0.09587499994268,38.312857000050826
N.MOV,8,N,True,N,0.999947190284729,True,N,True,False,False,False,13.82795899996836,0.0073999999585794,1.6406790000473848,22.01182800013157,0.1162890000614425,37.60415500016734
N.MOV,9,N,True,N,0.9999310970306396,True,N,True,False,False,False,14.029739999955382,0.0098359998901287,2.3629389997950057,22.121634000086488,0.1008780000120168,38.62502699973902
N.MOV,10,N,True,N,0.9997326731681824,True,N,True,False,False,False,14.241976999983308,0.0089630000275064,2.4608029998489656,22.04601299990827,0.0966249999692081,38.85438099973726
N.MOV,11,N,True,N,0.9997676014900208,True,N,True,False,False,False,14.619745999993938,0.0065430001541244,2.299153999956616,22.028576999900903,0.0950639998791302,39.04908399988472
N.MOV,12,N,True,N,0.9994933605194092,True,N,True,False,False,False,13.963223000018845,0.0079459998687525,2.303277999999409,22.02822699996432,0.096028999905684,38.398702999757006
N.MOV,13,N,True,N,0.9996498823165894,True,N,True,False,False,False,13.846599999965292,0.0081519999639567,2.3539199999049742,22.039941999992152,0.0996379999378405,38.348251999764216
N.MOV,14,N,True,N,0.9995447993278505,True,N,True,False,False,False,13.96767500000351,0.00894499999049,2.3114880000321136,22.04691199995068,0.0979579999693669,38.43297799994616
N.MOV,15,N,True,N,0.9996460676193236,True,N,True,False,False,False,13.969070000030117,0.0079670001014164,2.262577000010424,22.052998999924966,0.0929010000163543,38.38551400008328
N.MOV,16,N,True,N,0.9994811415672302,True,N,True,False,False,False,13.941783999939616,0.0067010000748268,2.3532919999524893,22.121185000059995,0.0957340000695694,38.5186960000965
N.MOV,17,N,True,N,0.9997010231018066,True,N,True,False,False,False,13.986767999995209,0.0080770000749907,2.347863999830224,22.10676999993666,0.1037869999436225,38.55326599978071
N.MOV,18,N,True,N,0.999870538711548,True,N,True,False,False,False,13.891547000071114,0.007419999974445,2.2739610001281108,22.01965399990513,0.0963429999956133,38.288925000074414
N.MOV,19,N,True,N,0.9998719692230223,True,N,True,False,False,False,13.928984000017408,0.0065879999056051,2.307037000036871,22.05253099987204,0.0923449999845615,38.38748499981648
N.MOV,20,N,True,N,0.9998623132705688,True,N,True,False,False,False,13.811753000027238,0.0080009999692265,2.4325599999883707,22.06270500005303,0.0974000001860986,38.41241900022396
N.MOV,21,N,True,N,0.9999279975891112,True,N,True,False,False,False,13.909256000033563,0.0082209999163751,2.379384999812828,22.04249700002947,0.0934749998577899,38.43283399965003
N.MOV,22,N,True,N,0.9999269247055054,True,N,True,False,False,False,13.924223000003622,0.0079569999797968,1.6067520000433433,22.05906399990453,0.1120809999974881,37.71007699992879
N.MOV,23,N,True,N,0.9999574422836304,True,N,True,False,False,False,13.939896000010776,0.0073470000643283,1.631514999871797,22.03735100010817,0.0975080001808237,37.7136170002359
N.MOV,24,N,True,N,0.9999606609344482,True,N,True,False,False,False,13.96677900004306,0.0080089998846233,1.700598999832437,22.0053310001731,0.0938430000587686,37.77456099999199
N.MOV,25,N,True,N,0.9999600648880004,True,N,True,False,False,False,13.946666000038022,0.0074050001330761,1.6692579999926238,22.003026999982467,0.1111799999762297,37.73753600012242
N.MOV,26,N,True,N,0.9999723434448242,True,N,True,False,False,False,13.96242999999231,0.0196150001556816,1.6222589999870252,22.053298999935578,0.1281160000417003,37.78571900011229
N.MOV,27,N,True,N,0.999964475631714,True,N,True,False,False,False,14.02132700002312,0.0077320000855252,2.555905999997776,22.042503999955443,0.1144319999184517,38.74190099998032
N.MOV,28,N,True,N,0.9999451637268066,True,N,True,False,False,False,13.916850999976305,0.0086860000010347,2.3538779998943937,22.06937799996922,0.1215300001149444,38.4703229999559
N.MOV,29,N,True,N,0.9999287128448486,True,N,True,False,False,False,13.82913199995528,0.0085039998793945,1.7008390000228246,22.04534599991348,0.1023259999328729,37.68614699970385
N.MOV,30,N,True,N,0.9999358654022216,True,N,True,False,False,False,13.876771000013832,0.0074980000590585,1.5895349999937023,22.021642000026983,0.0943800000641204,37.5898260001577
N.MOV,31,N,True,N,0.9999371767044068,True,N,True,False,False,False,13.86173499997767,0.0091219999376335,1.722196999935477,22.08562900000288,0.1076070000181061,37.78628999987177
N.MOV,32,N,True,N,0.999951958656311,True,N,True,False,False,False,14.096654000013586,0.0120310000966128,3.111485999852448,22.967537000113225,0.1721870000892522,40.359895000165125
N.MOV,33,N,True,N,0.9999327659606934,True,N,True,False,False,False,13.904399000011836,0.0088540000433567,1.664607999828149,22.07425400001739,0.1094970000394823,37.76161199994021
N.MOV,34,N,True,N,0.9999227523803712,True,N,True,False,False,False,13.83170200006134,0.007136000022001,1.583600000003571,22.017208000079336,0.0955880000219622,37.53523400018821
N.MOV,35,N,True,N,0.9997779726982116,True,N,True,False,False,False,13.983306000000084,0.0078949999533506,2.3009020001154568,22.046870999929524,0.1199529999666992,38.45892699996512
N.MOV,36,N,True,N,0.9997767806053162,True,N,True,False,False,False,13.876061000019035,0.0068279998686193,2.2797350000018923,22.010082000178954,0.1065649998963635,38.27927099996487
N.MOV,37,N,True,N,0.9996538162231444,True,N,True,False,False,False,13.918157000034626,0.0079690000802656,2.3631180001757457,22.06409799987341,0.1068859999122651,38.46022800007631
N.MOV,38,N,True,N,0.9991408586502076,True,N,True,False,False,False,13.835979999953452,0.0075939999533147,2.312468999889461,22.04965800001446,0.09032599996317,38.29602699977386
N.MOV,39,N,True,N,0.9975202679634094,True,N,True,False,False,False,13.801453000041874,0.006669000185866,2.2075639999457053,21.99365799992848,0.0971610002125089,38.10650500031443
N.MOV,40,N,True,N,0.9962283372879028,True,N,True,False,False,False,13.92693100001452,0.0072689999797148,2.2239600000375503,22.01467299983051,0.1040660001763171,38.27689900003861
N.MOV,41,N,True,N,0.9954879879951476,True,N,True,False,False,False,13.857731999905807,0.008228000069721,2.308246999973562,22.068152999963782,0.1276689999940572,38.370028999906935
N.MOV,42,N,True,N,0.9899216294288636,True,N,True,False,False,False,13.800343999946564,0.006837999990239,2.230103999863786,22.021821999942404,0.1021550001496507,38.16126299989264
N.MOV,43,N,True,N,0.9872561693191528,True,N,True,False,False,False,14.09391599997889,0.0072800000907591,2.3666399999910936,21.99942399988685,0.1132400000187772,38.58049999996638
N.MOV,44,N,True,N,0.9841894507408142,True,N,True,False,False,False,13.939608999976372,0.0070920000325713,2.461521999975957,22.024384000133068,0.1151320000190025,38.54773900013697
N.MOV,45,N,True,N,0.9634462594985962,True,N,True,False,False,False,13.826268999991951,0.0071239999215322,2.2598670000206766,21.997945000066466,0.0940630000059172,38.18526800000655
N.MOV,46,N,True,N,0.9893890023231506,True,N,True,False,False,False,14.029286999971193,0.0064350001593993,2.28148299993336,22.046072999955868,0.1242480000200885,38.48752600003991
N.MOV,47,N,True,N,0.9939560294151306,True,N,True,False,False,False,13.78235399999994,0.0082609999481064,2.263480999999956,22.025630000143792,0.1191559999824676,38.19888200007426
N.MOV,48,N,True,N,0.9856169819831848,True,N,True,False,False,False,14.004528999976174,0.0066659999902185,2.207511999813505,21.973588000037125,0.0923990000956109,38.28469399991263
N.MOV,49,N,True,N,0.9910502433776855,True,N,True,False,False,False,13.937667000050167,0.0088269998741452,2.549113999975816,22.111791000043013,0.105981000160682,38.71338000010383
N.MOV,50,N,True,N,0.9940201044082642,True,N,True,False,False,False,13.848914000050172,0.0094259999059431,1.7355859999952372,22.094010000046183,0.0981539999429514,37.78608999994049
N.MOV,51,N,True,N,0.9836677312850952,True,N,True,False,False,False,13.80897499996081,0.0070510000114154,2.254450000009456,22.00346600011472,0.1044480000018666,38.17839000009826
N.MOV,52,N,True,N,0.9872776865959167,True,N,True,False,False,False,13.943616999995356,0.0068059998739045,1.5853819998028484,22.06581399991592,0.1069350000761915,37.70855399966422
N.MOV,53,N,True,N,0.9950652718544006,True,N,True,False,False,False,13.848460999952296,0.007535000122516,2.3608009998952184,22.053818999893338,0.1001860000542365,38.3708019999176
N.MOV,54,N,True,N,0.993731677532196,True,N,True,False,False,False,13.83831399994051,0.0082239998846489,2.2522839999510325,22.02634200011744,0.1051910001024225,38.23035499999605
N.MOV,55,N,True,N,0.9941377639770508,True,N,True,False,False,False,13.759696000079202,0.0080100001014216,2.2199960001216823,22.044712000024447,0.0976359999640408,38.1300500002908
N.MOV,56,N,True,N,0.9952784776687622,True,N,True,False,False,False,13.845435000007456,0.0069449999955395,2.187940000112576,22.039184000050227,0.0949299999319919,38.17443400009779
N.MOV,57,N,True,N,0.9860551953315736,True,N,True,False,False,False,13.894169000082002,0.0071220001700567,2.439842000057979,22.033540999927936,0.09432500019102,38.468999000428994
N.MOV,58,N,True,N,0.9740639925003052,True,N,True,False,False,False,13.832028999900103,0.0070280000272759,2.275582000038412,22.04154700007166,0.0990300000012212,38.25521600003867
N.MOV,59,N,True,N,0.9919694066047668,True,N,True,False,False,False,13.79099700000097,0.0137140000333602,2.2447819999342755,22.04566800014618,0.1135520001298573,38.20871300024464
N.MOV,60,N,True,N,0.9980131387710572,True,N,True,False,False,False,13.783737999915502,0.0066949999109056,2.2128279999833467,22.018780000053084,0.103177000028154,38.12521799989099
N.MOV,61,N,True,N,0.99586284160614,True,N,True,False,False,False,14.203940000015791,0.0067359999320615,2.2937130001992045,22.105920000058177,0.094409999974232,38.704719000179466
N.MOV,62,N,True,N,0.9978942275047302,True,N,True,False,False,False,13.862731000017448,0.007619999905728,2.278357000022879,21.990186000039103,0.0910200001271732,38.22991400011233
N.MOV,63,N,True,N,0.9996706247329712,True,N,True,False,False,False,13.817012999993494,0.0083320001067477,2.429323000114892,22.021149000011064,0.1108159999603231,38.38663300018652
N.MOV,64,N,True,N,0.9997631907463074,True,N,True,False,False,False,13.827046000074006,0.0085589999798685,2.2679639998841594,22.017073999904824,0.0971110000591579,38.217753999902015
N.MOV,65,N,True,N,0.999470055103302,True,N,True,False,False,False,14.02588400003424,0.0073809999321383,2.3000979999778792,22.114372000032745,0.0996349999695667,38.54736999994657
N.MOV,66,N,True,N,0.9998447895050048,True,N,True,False,False,False,14.65388700000858,0.0136620001285336,2.2180959999786865,21.97259499985193,0.1082129999758763,38.96645299994361
N.MOV,67,N,True,N,0.9999170303344728,True,N,True,False,False,False,13.877862999947864,0.0074479999057075,2.201584999966144,22.019064000005528,0.0932329999159264,38.19919299974117
N.MOV,68,N,True,N,0.999947428703308,True,N,True,False,False,False,13.821967000012592,0.0081430000591353,2.289267000151085,22.02457199996388,0.101373000006788,38.24532200019348
N.MOV,69,N,True,N,0.99998676776886,True,N,True,False,False,False,14.023537999946711,0.0084220000644563,2.3254570000972308,22.034942000118463,0.100122999810992,38.49248200003785
N.MOV,70,N,True,N,0.9999730587005616,True,N,True,False,False,False,15.060208000022612,0.0093510000169771,2.377776000002996,22.0901339998818,0.0969600000644277,39.63442899998881
N.MOV,71,N,True,N,0.999986171722412,True,N,True,False,False,False,16.303721999975096,0.0086569998529739,2.2898709999026323,22.005261000003884,0.0930169999264762,40.70052799966106
N.MOV,72,N,True,N,0.9999947547912598,True,N,True,False,False,False,13.877204999971582,0.0075820000802195,2.271319000101357,22.012057999972967,0.0918969999474939,38.26006100007362
N.MOV,73,N,True,N,0.9999942779541016,True,N,True,False,False,False,13.814756999977362,0.0073329999850102,2.281785000150194,21.99561900010849,0.0953929998104285,38.194887000031486
N.MOV,74,N,True,N,0.9999946355819702,True,N,True,False,False,False,13.946991000011622,0.0092170000698388,2.31099899997389,21.988023999938378,0.0969660000009753,38.3521969999947
N.MOV,75,N,True,N,0.9999949932098388,True,N,True,False,False,False,13.85541000001922,0.007126999889806,2.2773900000174763,22.054264000189505,0.1064139999016333,38.30060500001764
N.MOV,76,N,True,N,0.9999940395355223,True,N,True,False,False,False,13.806698999928813,0.007112000048437,2.267783999968742,22.01526599992576,0.1126170000134152,38.209477999885166
N.MOV,77,N,True,N,0.9999933242797852,True,N,True,False,False,False,13.839071000006696,0.0073939997946581,2.27515400001721,22.036275999880672,0.0998410000647709,38.25773599976401
N.MOV,78,N,True,N,0.9999922513961792,True,N,True,False,False,False,13.868150000007518,0.0076569999691855,2.285392999965552,22.022801000048275,0.0931780000428261,38.27717900003336
N.MOV,79,N,True,N,0.9999890327453612,True,N,True,False,False,False,13.803287999962777,0.0079919998370314,2.271021999831646,22.030812999901173,0.1277750000099331,38.24088999954256
N.MOV,80,N,True,N,0.9999769926071168,True,N,True,False,False,False,13.8558619999003,0.006991999953243,2.223718000095687,21.97502900003201,0.097074999985125,38.15867599996636
N.MOV,81,N,True,N,0.9999839067459106,True,N,True,False,False,False,13.937908000002608,0.0074300000960647,2.2683429999688087,22.004475000130697,0.0914729998839902,38.30962900008217
N.MOV,82,N,True,N,0.9999760389328004,True,N,True,False,False,False,13.788605999934587,0.0111589999960415,2.2228220000215515,22.387518999948952,0.1421810000010737,38.55228699990221
N.MOV,83,N,True,N,0.9999270439147948,True,N,True,False,False,False,13.795500999890464,0.0076659998740069,2.308065000079296,21.996918000013466,0.1190309999401506,38.22718099979738
N.MOV,84,N,True,N,0.9998606443405152,True,N,True,False,False,False,14.037927999993371,0.0079189999269146,2.328148000060537,22.051763000035866,0.1067539999439759,38.53251199996066
N.MOV,85,N,True,N,0.9997645020484924,True,N,True,False,False,False,13.893765000034364,0.0081880000379896,2.252222999914011,22.023610999895027,0.1087780001398641,38.286565000021255
N.MOV,86,N,True,N,0.9998667240142822,True,N,True,False,False,False,13.846423000018149,0.0081360001331631,2.4045990001013706,22.05908299993098,0.1004560001547361,38.4186970003384
N.MOV,87,N,True,N,0.9998387098312378,True,N,True,False,False,False,13.833453999950509,0.0080899999375105,2.380151000124897,22.00513500019952,0.1107769999180163,38.33760700013045
N.MOV,88,N,True,N,0.9996706247329712,True,N,True,False,False,False,13.89182700006586,0.006698000106553,2.303556000015305,21.97886799990556,0.0900779998573853,38.27102699995066
N.MOV,89,N,True,N,0.9994049072265624,True,N,True,False,False,False,13.92726300002778,0.0071030001436156,2.2316950000913494,22.023566000143543,0.0967170001331396,38.28634400053943
N.MOV,90,N,True,N,0.9993500113487244,True,N,True,False,False,False,13.936860999933742,0.0072589998580951,2.2905729999820323,22.018757000068945,0.1093250000394618,38.36277499988228
N.MOV,91,N,True,N,0.9982775449752808,True,N,True,False,False,False,13.827953000031812,0.0075420000484882,2.26611299990509,22.032941000134088,0.0971419999586942,38.23169100007817
N.MOV,92,N,True,N,0.9985584616661072,True,N,True,False,False,False,14.097019000018918,0.0080180000168184,2.352266000116288,22.045065000156683,0.1060160000179166,38.60838400032662
N.MOV,93,N,True,N,0.9946394562721252,True,N,True,False,False,False,14.122073999942586,0.0205929998173814,2.2669290001431364,22.0016719999876,0.0964690000273549,38.50773699991805
N.MOV,94,N,True,N,0.9898985028266908,True,N,True,False,False,False,14.21458499999062,0.0086269999428623,2.2554730001047574,22.039441999822884,0.0935809998736658,38.61170799973479
N.MOV,95,N,True,N,0.9850873947143556,True,N,True,False,False,False,13.87880499999028,0.0081480000062583,2.2800379999807774,22.027490000027683,0.0965149999956338,38.29099600000063
N.MOV,96,N,True,N,0.979797065258026,True,N,True,False,False,False,13.851649999992333,0.0070309999955497,2.224554999884276,22.028075999969587,0.1023019999593088,38.213613999801055
N.MOV,97,N,True,N,0.9702377915382384,True,N,True,False,False,False,13.906437000059668,0.0095210000381484,2.3007949998827826,22.05761899995196,0.1022860001285153,38.37665800006107
N.MOV,98,N,True,N,0.9825043082237244,True,N,True,False,False,False,13.900949000003491,0.0088599999799043,2.5153750000299624,22.06161100002646,0.0989810000646684,38.58577600010449
N.MOV,99,N,True,N,0.966257631778717,True,N,True,False,False,False,13.838545999988128,0.0076349999744707,2.3089729997991526,21.99766599983377,0.0965230001384043,38.249342999733926
N.MOV,100,N,True,N,0.9829166531562804,True,N,True,False,False,False,13.93784100002904,0.0074520000907796,2.276522000101977,21.96885199987264,0.0942500000746804,38.28491700016912
N.MOV,101,N,True,N,0.9804983139038086,True,N,True,False,False,False,14.145938999945429,0.0069130001065786,2.291281999987405,21.98885899997549,0.0933930000428517,38.52638600005776
N.MOV,102,N,True,N,0.9837487936019896,True,N,True,False,False,False,13.824465999960012,0.0076460000855149,2.342043999988164,22.06809099993734,0.0914959998681297,38.33374299983916
N.MOV,103,N,True,N,0.9801799058914183,True,N,True,False,False,False,13.867601000015384,0.0072300001647818,2.3734540000077686,22.15279400002146,0.0925340000321739,38.49361300024157
N.MOV,104,N,True,N,0.9641383290290833,True,N,True,False,False,False,13.832927999942513,0.0079020001066965,2.262481999878218,22.05634300003112,0.1032060001762147,38.26286100013476
N.MOV,105,N,True,N,0.9232500195503236,True,N,True,False,False,False,13.881513999990602,0.0080720001278677,2.290087999881507,22.032353999975385,0.0969610000538523,38.308989000029214
N.MOV,106,N,True,N,0.957342803478241,True,N,True,False,False,False,13.843558000075973,0.0064570001541142,2.3095379999631405,22.0288130001336,0.0958910000008472,38.28425700032767
N.MOV,107,N,True,N,0.9836621880531312,True,N,True,False,False,False,13.867432999973062,0.0074760000643436,2.332522999950015,22.072012999842627,0.1118320001296524,38.3912769999597
N.MOV,108,N,True,N,0.961395263671875,True,N,True,False,False,False,14.355367999996815,0.0074000001859531,2.301577000025645,21.97306200014281,0.0933530000111204,38.73076000036235
N.MOV,109,N,True,N,0.994462788105011,True,N,True,False,False,False,13.928200000009385,0.0078929999745014,2.346353000120871,22.77587200001108,0.0939310000376281,39.15224900015346
N.MOV,110,N,True,N,0.9868692755699158,True,N,True,False,False,False,13.910853999959729,0.006898000037836,2.3047530000894767,22.030699999959324,0.099201000011817,38.35240600005818
N.MOV,111,N,True,N,0.9916895627975464,True,N,True,False,False,False,13.919968999971388,0.007614999958605,2.3157400000854977,22.036445999901844,0.0936190001539216,38.373389000071256
N.MOV,112,N,True,N,0.9939576387405396,True,N,True,False,False,False,13.812131000008776,0.0063889999637467,2.2990140000729298,21.96277400003055,0.0953080000272166,38.17561600010322
N.MOV,113,N,True,N,0.9970200657844543,True,N,True,False,False,False,14.091439000026185,0.0074470001436566,2.420228000119096,21.992993999901955,0.0914909999210067,38.6035990001119
N.MOV,114,N,True,N,0.9995144605636596,True,N,True,False,False,False,13.960446000055526,0.0069609998263331,2.2858460001771164,22.032262000038827,0.1803150000796449,38.46583000017745
N.MOV,115,N,True,N,0.9998605251312256,True,N,True,False,False,False,13.95048000006227,0.006768000048396,2.2464240000772406,21.98582500000157,0.0945629999478114,38.28406000013729
N.MOV,116,N,True,N,0.999864935874939,True,N,True,False,False,False,13.830337000058536,0.0077839999903517,2.3520069998994586,22.0544419998987,0.0958250000167026,38.34039499986375
N.MOV,117,N,True,N,0.9999063014984132,True,N,True,False,False,False,13.8482050000448,0.0071619999744143,2.3518649998095498,22.049139000046125,0.0948719998632441,38.35124299973813
N.MOV,118,N,True,N,0.9998186230659484,True,N,True,False,False,False,13.94003200005045,0.0071780000325816,2.37903200013534,21.983990000080667,0.0925519998418167,38.402784000140855
N.MOV,119,N,True,N,0.999854564666748,True,N,True,False,False,False,13.82784999998421,0.0074499998845567,2.273006999985228,22.04840600006719,0.0928350000322097,38.24954799995339
N.MOV,120,N,True,N,0.999902606010437,True,N,True,False,False,False,14.242770999999266,0.0066109998897445,2.447349000021859,22.063465999963228,0.0952189998315589,38.855415999705656
N.MOV,121,N,True,N,0.9998689889907836,True,N,True,False,False,False,13.899608999963675,0.0071080000907386,2.327395000065735,22.00428900005136,0.1076359999387932,38.3460370001103
N.MOV,122,N,True,N,0.9998419284820556,True,N,True,False,False,False,13.812745999985054,0.0088369999957649,2.384680999966804,22.05187200002001,0.0982540000222798,38.35638999998992
N.MOV,123,N,True,N,0.9996403455734252,True,N,True,False,False,False,13.84106199998314,0.0067149999267712,2.400091000026805,21.99579700004506,0.0918839998576004,38.335548999839375
N.MOV,124,N,True,N,0.9983859062194824,True,N,True,False,False,False,13.847856000097636,0.0071039999056665,3.0047529999137623,22.202691000074992,0.1109199999973498,39.17332399998941
N.MOV,125,N,True,N,0.9970834851264954,True,N,True,False,False,False,14.17843299998367,0.0074649999532994,2.297863000194411,22.043768999992608,0.0911270001324737,38.61865700025646
N.MOV,126,N,True,N,0.9977349042892456,True,N,True,False,False,False,13.765022000029605,0.0075240000114717,2.412289000176316,22.01436399991508,0.0935240000217163,38.29272300015418
N.MOV,127,N,True,N,0.9983905553817748,True,N,True,False,False,False,14.154939000036393,0.0079529997947247,2.30988599992088,21.99017200018716,0.0992190000488335,38.56216899998799
N.MOV,128,N,True,N,0.9946306943893432,True,N,True,False,False,False,13.783456000055594,0.0068080000801273,2.366457999869453,22.124381999901743,0.1649379998980293,38.44604199980495
N.MOV,129,N,True,N,0.991908073425293,True,N,True,False,False,False,13.891935000060585,0.0076910000643692,2.268275000005815,21.96578100006264,0.0919659998999122,38.22564800009332
N.MOV,130,N,True,N,0.9856428503990172,True,N,True,False,False,False,14.099089000069398,0.0059889998738071,2.6657200000954617,21.984009000107108,0.1134590002038749,38.86826600034965
N.MOV,131,N,True,N,0.9773042798042296,True,N,True,False,False,False,13.879187000043204,0.0071939998633752,2.313383000000613,22.027645999969536,0.0915480000003299,38.31895799987706
N.MOV,132,N,True,N,0.9772815704345704,True,N,True,False,False,False,13.684162999993532,0.007698999979766,2.2351370000706083,21.972385000026406,0.0918929999897955,37.99127700006011
N.MOV,133,N,True,N,0.9769530296325684,True,N,True,False,False,False,13.878463000082776,0.006409999969037,2.260912000110693,21.993887000007817,0.1131599999553145,38.25283200012564
N.MOV,134,N,True,N,0.9672910571098328,True,N,True,False,False,False,13.790956000093502,0.0079569999797968,2.2456300000612828,22.125046000155635,0.0977800000327988,38.267369000323015
O.MOV,0,O,True,O,0.5719617009162903,True,O,True,False,False,False,14.238557999988188,0.0092200000381126,2.3858700001255784,22.08085300003404,0.1108559999920544,38.82535700017797
O.MOV,1,O,True,C,0.4226754009723663,False,C,False,False,False,True,14.076591999923949,0.0085149999904388,2.692174999992858,22.311534999971627,0.1028780000069673,39.19169499988584
O.MOV,2,O,True,O,0.418944388628006,True,O,True,False,False,False,13.811242999963724,0.0083800000538758,2.68756100012979,22.13289700011956,0.10276300008627,38.742844000353216
O.MOV,3,O,True,C,0.5669007301330566,False,C,False,False,False,True,13.829571000087526,0.0063859999954729,2.5902760000917624,22.04665499994008,0.1026059999276185,38.57549400004245
O.MOV,4,O,True,C,0.5508580207824707,False,C,False,False,False,True,13.805132000015874,0.0075000000379077,2.6731729999482923,22.14522000008401,0.1180839999506133,38.7491090000367
O.MOV,5,O,True,O,0.4982058107852936,True,O,True,False,False,False,13.898665999931836,0.0082499998370622,2.371995999965293,22.09670100000949,0.0977950001015415,38.47340799984522
O.MOV,6,O,True,O,0.6057679653167725,True,O,True,False,False,False,13.868040000033943,0.0076819999321742,2.684522999970796,22.10034600011568,0.1145879998603049,38.775178999912896
O.MOV,7,O,True,O,0.6269022822380066,True,O,True,False,False,False,13.7756309999304,0.0080249999427906,2.788330999919708,22.53155099992909,0.1224720001573587,39.22600999987935
O.MOV,8,O,True,C,0.5950576663017273,False,C,False,False,False,True,13.862101999961853,0.0090659998477349,1.9528880000052595,22.13686899995082,0.1213349999034107,38.08225999966908
O.MOV,9,O,True,C,0.4952338635921478,False,C,False,False,False,True,13.894410999910178,0.0073470000643283,2.872555000067223,22.17953700005637,0.1164220000191562,39.07027200011726
O.MOV,10,O,True,C,0.3977983593940735,False,C,False,False,False,True,13.875279000103546,0.0071130000378616,2.5823609998951724,22.07455600000685,0.1526949999970384,38.69200400004047
O.MOV,11,O,True,C,0.4101848304271698,False,C,False,False,False,True,13.856211000074836,0.0088029999005811,1.671352999892406,22.0350210001925,0.0975150001067959,37.66890300016712
O.MOV,12,O,True,O,0.4495973587036133,True,O,True,False,False,False,13.88455200003591,0.00900999998521,2.5456639998537867,22.156903000222883,0.1211639998928149,38.717292999990605
O.MOV,13,O,True,O,0.5024315118789673,True,O,True,False,False,False,13.81676999994852,0.0070999999479681,2.315266999858068,22.0486030000302,0.1075170000603975,38.29525699984515
O.MOV,14,O,True,O,0.8969897031784058,True,O,True,False,False,False,13.90258599997196,0.007605000064359,2.3222830000122485,22.02245800003766,0.1072710001608356,38.36220300024706
O.MOV,15,O,True,O,0.8933605551719666,True,O,True,False,False,False,13.946986999940236,0.0091630001861631,2.276856999969823,21.98183300015444,0.11678399982884,38.3316240000795
O.MOV,16,O,True,O,0.8829841613769531,True,O,True,False,False,False,13.882637000051544,0.0126670001918682,2.637099999901693,22.480632999986483,0.1410269999269076,39.1540640000585
O.MOV,17,O,True,O,0.8990211486816406,True,O,True,False,False,False,14.25333299994236,0.0075780001225211,2.338651999934882,22.070376999863583,0.0933149999582383,38.763254999821584
O.MOV,18,O,True,O,0.8232619762420654,True,O,True,False,False,False,13.958623999997144,0.0068679999003506,2.373541999986628,22.01418799995736,0.0934129998313437,38.44663499967282
O.MOV,19,O,True,O,0.8949962258338928,True,O,True,False,False,False,13.99693500002286,0.0079159999586408,2.7439680000043154,23.16003400005684,0.1068240001131926,40.01567700015585
O.MOV,20,O,True,O,0.8354889154434204,True,O,True,False,False,False,13.90512000000399,0.007600000117236,2.311370999905193,21.995202999960384,0.0935900000058609,38.31288399999266
O.MOV,21,O,True,O,0.830045223236084,True,O,True,False,False,False,13.931959000046843,0.0077520001013908,2.316608000000997,22.00910700003078,0.1047389998802827,38.3701650000603
O.MOV,22,O,True,O,0.8541133999824524,True,O,True,False,False,False,13.940006000098036,0.0075779998951475,2.387656000109928,22.093492999829323,0.1501870001447969,38.57892000007723
O.MOV,23,O,True,O,0.6843656301498413,True,O,True,False,False,False,13.782305000063388,0.0066000000060739,2.268723000042882,22.00269600007232,0.0929789998735941,38.15330300005826
O.MOV,24,O,True,O,0.6666703820228577,True,O,True,False,False,False,13.97972799998115,0.0071370000114256,2.3930760000894225,22.089476000019204,0.096730999985084,38.56614800008629
O.MOV,25,O,True,O,0.6305027008056641,True,O,True,False,False,False,13.945720000037907,0.0084529999639926,2.3303140001189604,22.04276099996605,0.0947300000007089,38.42197800008762
O.MOV,26,O,True,O,0.7997485995292664,True,O,True,False,False,False,13.840501999993648,0.0087379999058612,2.349686999878031,21.98678200011273,0.0981289999799628,38.28383799987023
O.MOV,27,O,True,O,0.4471549391746521,True,O,True,False,False,False,13.971482999977525,0.0074970000696339,2.5416089999907854,22.10655199996836,0.0956010001118556,38.72274200011816
O.MOV,28,O,True,C,0.3864961266517639,False,C,False,False,False,True,13.8191100000995,0.0080029999480757,2.337300999897707,22.027556000011828,0.091131999852223,38.28310199980933
O.MOV,29,O,True,C,0.4510412216186523,False,C,False,False,False,True,14.005139999994752,0.0082950000432902,2.5845379998372664,22.18982800013692,0.1572249998389452,38.94502599985117
O.MOV,30,O,True,C,0.6709256768226624,False,C,False,False,False,True,13.973045000057027,0.0080710001384431,2.3630969999430818,22.046461000172712,0.1026800000545336,38.4933540003658
O.MOV,31,O,True,C,0.3457138240337372,False,C,False,False,False,True,13.905224999916754,0.0074869999480142,2.3090959998626204,22.04471499999272,0.1157949998287222,38.38231799954883
O.MOV,32,O,True,X,0.466164618730545,False,X,False,False,False,True,13.941465000016253,0.0077230001807038,2.4815710000893887,21.99811800005591,0.0994060001175967,38.52828300045985
O.MOV,33,O,True,X,0.5751181840896606,False,X,False,False,False,True,13.94110700005058,0.0074329998369648,2.3093360000530083,22.01151700000992,0.0952670000060607,38.36465999995653
O.MOV,34,O,True,X,0.5578208565711975,False,X,False,False,False,True,13.9467380000724,0.0069499999426625,2.940000000080545,22.031519000165645,0.09670700001152,39.02191400027277
O.MOV,35,O,True,X,0.3413388431072235,False,X,False,False,False,True,13.909216000001834,0.0077429999691958,2.2782869998536626,22.01626999999462,0.1122429998758889,38.3237589996952
O.MOV,36,O,True,X,0.5527698993682861,False,X,False,False,False,True,13.899928000000727,0.0076629999057331,2.346072000136701,22.04905200005669,0.0931450001644407,38.39586000026429
O.MOV,37,O,True,X,0.5716056823730469,False,X,False,False,False,True,13.931458999991264,0.0090210000962542,2.309358000047723,22.13160699989203,0.124020999919594,38.505465999946864
O.MOV,38,O,True,X,0.4073191285133362,False,X,False,False,False,True,13.985813999966012,0.0076320000061969,2.333763000024192,22.01380699989386,0.1049890001922904,38.44600500008255
O.MOV,39,O,True,O,0.2262648493051529,True,O,True,False,False,False,13.891865000005057,0.0062680001065018,2.230445999884978,22.004137000067203,0.0951099998474092,38.22782599991115
O.MOV,40,O,True,P,0.2730391025543213,False,P,False,False,False,True,13.910404999933236,0.0064920000113488,2.3561159998735093,22.061903000121674,0.1197010001305898,38.45461700007036
O.MOV,41,O,True,P,0.2735233604907989,False,P,False,False,False,True,13.97642300003099,0.0070789999426779,2.286326000103145,22.575911000103588,0.1102979999814124,38.95603700016181
O.MOV,42,O,True,P,0.2290941327810287,False,P,False,False,False,True,13.870977999999925,0.0071130000378616,2.327184000023408,22.013317000073584,0.0937150000481779,38.31230700018296
O.MOV,43,O,True,P,0.2778106331825256,False,P,False,False,False,True,14.413439999998443,0.0068499998633342,2.21618499995202,21.977614000206813,0.0971960000697436,38.71128500009036
O.MOV,44,O,True,O,0.2555520832538605,True,O,True,False,False,False,13.976310000089144,0.0074270001277909,2.333007000061116,22.539906000019982,0.0950820001435204,38.95173200044155
O.MOV,45,O,True,O,0.3013280034065246,True,O,True,False,False,False,13.916548999986844,0.0071520000801683,2.512980000119569,22.796094999876004,0.0955689999955211,39.32834500005811
O.MOV,46,O,True,O,0.3787080943584442,True,O,True,False,False,False,14.025363999962792,0.0076879998687218,2.6579549999041774,22.72906199982572,0.1322719999734545,39.55234099953486
O.MOV,47,O,True,O,0.4319303035736084,True,O,True,False,False,False,13.809047999984614,0.0076339999850461,2.5493059999917023,22.75751100000889,0.1152390000243031,39.23873799999456
O.MOV,48,O,True,O,0.2831739783287048,True,O,True,False,False,False,14.01184300004843,0.0074439999480091,2.4218889998337545,21.97902000011709,0.1044379998802469,38.52463399982753
O.MOV,49,O,True,O,0.3837972581386566,True,O,True,False,False,False,14.03812699993523,0.0075650000326277,2.5583849999293307,22.08271600011357,0.0896220001322944,38.77641500014306
O.MOV,50,O,True,C,0.2610606253147125,False,C,False,False,False,True,13.965183999971488,0.0064999999267456,2.355921999878774,21.974260000206414,0.0940850000006321,38.39595099998405
O.MOV,51,O,True,O,0.4466122090816498,True,O,True,False,False,False,14.363577000040095,0.0075620000643539,2.352450999978828,22.046355999918887,0.0946449999901233,38.86459099999229
O.MOV,52,O,True,O,0.6069630980491638,True,O,True,False,False,False,13.840952000009564,0.0075479999850358,2.3949349999838887,22.095033000141484,0.1058029999967402,38.44427100011672
O.MOV,53,O,True,O,0.7637767195701599,True,O,True,False,False,False,14.044763000015337,0.012680000054388,2.29878799996186,22.05869299996266,0.1168260000667942,38.53175000006104
O.MOV,54,O,True,O,0.6218532919883728,True,O,True,False,False,False,13.92544899999848,0.0069849997998971,2.3382829999718524,22.027126000011776,0.1057370000125956,38.4035799997946
O.MOV,55,O,True,O,0.5622271299362183,True,O,True,False,False,False,13.807611000061115,0.0060150000535941,2.264072000116357,22.007452000025296,0.0956029998633312,38.180753000119694
O.MOV,56,O,True,O,0.5454761981964111,True,O,True,False,False,False,13.941401000010956,0.0061859998368163,2.369267999938529,21.987040999874807,0.1048599999649013,38.40875599962601
O.MOV,57,O,True,O,0.6223739385604858,True,O,True,False,False,False,13.830251999934262,0.0070709997999074,2.27771799995935,22.098993000099654,0.1090790001399,38.32311299993307
O.MOV,58,O,True,O,0.4248862862586975,True,O,True,False,False,False,13.922058999924047,0.006871999858049,2.310936999947444,22.05278299993552,0.1187140001093212,38.41136499977438
O.MOV,59,O,True,O,0.4653249979019165,True,O,True,False,False,False,13.989308000077472,0.0063059999320103,2.844720999974016,22.054457999956867,0.0986630000170407,38.993455999957405
O.MOV,60,O,True,O,0.3977722823619842,True,O,True,False,False,False,13.929275999998936,0.0094049999006529,3.009467999845583,22.03241600000183,0.1149419999819656,39.09550699972897
O.MOV,61,O,True,O,0.2910158336162567,True,O,True,False,False,False,13.939133999997466,0.0082320000274194,2.306795999857058,22.11562899992714,0.0925790000110282,38.46236999982011
O.MOV,62,O,True,O,0.2476724982261657,True,O,True,False,False,False,14.072947000045133,0.007954000011523,2.298827999993591,21.99736899979144,0.1282230000470008,38.50532099988868
O.MOV,63,O,True,X,0.3120089769363403,False,X,False,False,False,True,14.107324000065091,0.0073030000748985,2.302618999920014,22.062348000190468,0.1040629999806697,38.58365700023114
O.MOV,64,O,True,O,0.405345618724823,True,O,True,False,False,False,13.976200000001882,0.0081339999269403,2.5243610000416083,22.03110699997524,0.0934059999053715,38.63320799985104
O.MOV,65,O,True,O,0.4376946985721588,True,O,True,False,False,False,13.821782000036364,0.0079950000326789,2.367921999848477,22.0842429998811,0.0969620000432769,38.378903999841896
O.MOV,66,O,True,O,0.4745166599750519,True,O,True,False,False,False,13.883758000019952,0.0068600002123275,2.3715669999546662,22.02194500000587,0.1144630000453617,38.39859300023818
O.MOV,67,O,True,O,0.3378824293613434,True,O,True,False,False,False,13.8036399999919,0.0062470001012115,2.2405029999390536,22.04247899999245,0.1787319999948522,38.27160100001947
O.MOV,68,O,True,O,0.3869000971317291,True,O,True,False,False,False,13.906550000001516,0.0069230000008246,2.3306030000185274,22.15083900000536,0.1113630000872945,38.506278000113525
O.MOV,69,O,True,G,0.3861106932163238,False,G,False,False,False,True,14.077865999979622,0.0065809999796329,2.277262000006885,22.049829999787107,0.1027069999963714,38.51424599974962
O.MOV,70,O,True,G,0.378810316324234,False,G,False,False,False,True,16.972367999983362,0.0081820001014421,2.3575170000640355,22.03746699979092,0.1060070001130952,41.48154100005286
O.MOV,71,O,True,G,0.3745904862880707,False,G,False,False,False,True,14.05181799998445,0.0062660001276526,2.2177779999310587,22.01351500002602,0.1028839999435149,38.392261000012695
O.MOV,72,O,True,P,0.2610207200050354,False,P,False,False,False,True,13.83586600002218,0.007386000106635,2.3342389999925217,22.03957999995509,0.1497379998909309,38.36680899996736
O.MOV,73,O,True,X,0.2736050486564636,False,X,False,False,False,True,13.936655000065912,0.0088080000750778,2.341429000125572,22.32867399993665,0.1576510001086717,38.77321700031189
O.MOV,74,O,True,X,0.3963091671466827,False,X,False,False,False,True,14.28012199994555,0.0065599999743426,2.3103280000214,22.01621399990472,0.0996759999907226,38.712899999836736
O.MOV,75,O,True,G,0.2575700879096985,False,G,False,False,False,True,14.472741000076894,0.0065960000483755,2.265004999799203,22.022081999921284,0.0960730001224874,38.86249699996824
O.MOV,76,O,True,X,0.6138576865196228,False,X,False,False,False,True,13.926007000009122,0.0068009999267815,2.279226999917228,22.0019969999612,0.1176410000880423,38.331672999902366
O.MOV,77,O,True,X,0.3273053467273712,False,X,False,False,False,True,14.18046100002357,0.0072769998951116,2.327874000002339,22.023888999910923,0.0908199999685166,38.63032099980046
O.MOV,78,O,True,G,0.3062514960765838,False,G,False,False,False,True,14.05454700000064,0.0080480001543037,2.874128000030396,22.23035399993023,0.0978939999640715,39.26497100007964
O.MOV,79,O,True,O,0.2943008542060852,True,O,True,False,False,False,13.795882999943387,0.0083940001331939,2.6306269999167853,22.80051599996113,0.092781999910585,39.32820199986509
O.MOV,80,O,True,O,0.502109169960022,True,O,True,False,False,False,13.88883499998883,0.0072820000696083,2.4126140001499152,22.047378000024764,0.094787999842083,38.4508970000752
O.MOV,81,O,True,O,0.3332103490829468,True,O,True,False,False,False,13.99777999995422,0.0093860001015855,2.264969999941968,22.004486000014367,0.0946550001117429,38.37127700012388
O.MOV,82,O,True,X,0.3116604089736938,False,X,False,False,False,True,13.906338999959187,0.0064349999320256,2.321356000038577,22.01381200006836,0.0942479998684575,38.342189999866605
O.MOV,83,O,True,O,0.3124452531337738,True,O,True,False,False,False,13.938793999955124,0.007177000043157,1.89501900013056,22.29284000009102,0.1180129997919721,38.25184300001183
O.MOV,84,O,True,O,0.3468010425567627,True,O,True,False,False,False,13.984285999981694,0.0075519999427342,2.376511999955256,22.01782900010585,0.1112720001401612,38.49745100012569
O.MOV,85,O,True,O,0.3446702063083648,True,O,True,False,False,False,13.93441499999426,0.0073319999955856,2.27970999981153,22.0622239999102,0.1160320000508363,38.399712999762414
O.MOV,86,O,True,O,0.6147536039352417,True,O,True,False,False,False,14.408510999942337,0.0067040000431006,2.415534999954616,22.06231899981504,0.0995529999272548,38.99262199968234
O.MOV,87,O,True,O,0.3296659886837005,True,O,True,False,False,False,14.197557999978017,0.0068659999215014,2.2525690001202747,22.012154999856648,0.0938030000270373,38.56295099990348
O.MOV,88,O,True,O,0.6052873730659485,True,O,True,False,False,False,13.836480999998455,0.006638000058956,2.443888000016159,22.06339899998966,0.0944959999742423,38.44490200003747
O.MOV,89,O,True,O,0.5076896548271179,True,O,True,False,False,False,13.98370200001864,0.0069620000431314,2.305301999967924,22.005945000046268,0.0915040000109002,38.39341500008686
O.MOV,90,O,True,O,0.4418892562389374,True,O,True,False,False,False,13.893198000005214,0.0084900000274501,2.4024639999424835,22.04875500001436,0.0931790000322507,38.44608600002175
O.MOV,91,O,True,O,0.5624743103981018,True,O,True,False,False,False,13.910539999983484,0.0076129999797558,2.8197609999551787,22.02144000011685,0.0925599999845872,38.85191400001986
O.MOV,92,O,True,X,0.3153509497642517,False,X,False,False,False,True,13.8346820000379,0.0068080000801273,2.3995270000796154,22.027598000022408,0.0954189999902155,38.36403400021027
O.MOV,93,O,True,O,0.5968221426010132,True,O,True,False,False,False,13.895452000042496,0.0067690000378206,2.340124000056676,22.045640999976968,0.1157800002147269,38.40376600032869
O.MOV,94,O,True,O,0.4870854616165161,True,O,True,False,False,False,13.897941999971408,0.0078630000643897,2.418671999976141,22.030341000117915,0.1166869999451591,38.47150500007501
O.MOV,95,O,True,O,0.3169625699520111,True,O,True,False,False,False,14.06731999998101,0.0074749998475454,2.2811029998592858,22.579199999881894,0.1064599998699122,39.04155799943965
O.MOV,96,O,True,O,0.5269702672958374,True,O,True,False,False,False,13.908618999948883,0.0065189999531867,2.6275579998582543,22.64326799991068,0.1025920000756741,39.28855599974668
O.MOV,97,O,True,O,0.4440454244613647,True,O,True,False,False,False,14.019007999991118,0.0072960001489263,2.312448999873596,22.029212000006737,0.1047540001763991,38.472719000196776
O.MOV,98,O,True,G,0.4315365552902221,False,G,False,False,False,True,13.906957000017428,0.0069119998897804,2.3000080000201706,21.9981560001088,0.0962850001542392,38.30831800019041
O.MOV,99,O,True,G,0.399815022945404,False,G,False,False,False,True,13.840564000020096,0.006558999984918,2.442699000084758,21.96457099989857,0.1078679999864107,38.36226099997475
O.MOV,100,O,True,O,0.3995409309864044,True,O,True,False,False,False,13.82469600002878,0.0062139999954524,1.6654250000556203,22.036826999965346,0.1030020000598597,37.636164000105055
O.MOV,101,O,True,O,0.3979268968105316,True,O,True,False,False,False,13.96885300005124,0.0069300001541705,2.3250799999914307,22.03132399995411,0.0970349999533937,38.429222000104346
O.MOV,102,O,True,O,0.4262040555477142,True,O,True,False,False,False,14.104725000038345,0.0067460000536812,2.342223999903581,21.998500999870885,0.1214260000779177,38.57362199994441
O.MOV,103,O,True,O,0.3913941383361816,True,O,True,False,False,False,14.096019000021442,0.0062740000430494,2.270643000201744,21.98174799991648,0.0955360001171357,38.45022000029985
O.MOV,104,O,True,O,0.3549679815769195,True,O,True,False,False,False,13.890094999965186,0.0077760000749549,2.396119999957591,22.01945499996328,0.1020320000861829,38.41547800004719
O.MOV,105,O,True,O,0.3323454558849334,True,O,True,False,False,False,13.885641999991094,0.0076869998792972,2.3337609998179687,22.127063999960228,0.1313200000367942,38.48547399968538
O.MOV,106,O,True,G,0.3913813233375549,False,G,False,False,False,True,14.09695899997132,0.0071330000537273,2.3537729998679424,22.044721999918693,0.093842000069344,38.59642899988103
O.MOV,107,O,True,G,0.384070485830307,False,G,False,False,False,True,13.772160000030452,0.0074310000854893,2.279406000070594,22.00562699999864,0.1123849999657977,38.177009000150974
O.MOV,108,O,True,G,0.3872703015804291,False,G,False,False,False,True,13.924046999932216,0.0074429999585845,2.3328160000346543,22.0458469998448,0.1040070001181447,38.4141599998884
O.MOV,109,O,True,G,0.3504915833473205,False,G,False,False,False,True,13.917442999968443,0.0071150000167108,1.5590120001434116,22.003087000030064,0.102176000154941,37.58883300031357
O.MOV,110,O,True,O,0.3802572190761566,True,O,True,False,False,False,13.853721000032236,0.0066000000060739,1.6794830000890215,21.98930500003371,0.1094670001293707,37.63857600029041
O.MOV,111,O,True,G,0.3881858885288238,False,G,False,False,False,True,13.959047000071225,0.0070779999532533,1.5925320001315413,22.063543999820467,0.0987220000752131,37.7209230000517
O.MOV,112,O,True,O,0.4996738135814667,True,O,True,False,False,False,13.909132999970096,0.0067529999796533,1.7027000001235135,22.008799999866824,0.1082320000023173,37.735617999942406
O.MOV,113,O,True,O,0.5733054876327515,True,O,True,False,False,False,13.941044999910446,0.0072810000801837,2.4244359999556764,22.08160600002884,0.095884000074875,38.55025200005002
O.MOV,114,O,True,O,0.4459531009197235,True,O,True,False,False,False,14.029961000005642,0.0067709997892961,1.740809000011723,22.05928600005791,0.1083800000287737,37.945206999893344
O.MOV,115,O,True,O,0.5854676365852356,True,O,True,False,False,False,13.984188999984326,0.0074350000431877,2.2441300000082265,22.60118100002728,0.1108159999603231,38.94775100002335
O.MOV,116,O,True,O,0.6665337085723877,True,O,True,False,False,False,14.074617000005674,0.0068249999003455,1.7156680000880442,21.98451599997497,0.0960800000484596,37.8777060000175
O.MOV,117,O,True,O,0.8292258381843567,True,O,True,False,False,False,13.98786899994775,0.0070149999373825,1.675191000003906,22.01756700014812,0.0904010000795096,37.77804300011667
O.MOV,118,O,True,O,0.8712660670280457,True,O,True,False,False,False,13.85568900002454,0.0074710001172206,1.9055910001952725,22.06461900004797,0.1107619998492737,37.94413200023428
O.MOV,119,O,True,O,0.868537425994873,True,O,True,False,False,False,14.057492999995702,0.008187999810616,1.8933250000827684,22.033970999927988,0.0952679999954853,38.08824499981256
O.MOV,120,O,True,O,0.9044941663742064,True,O,True,False,False,False,13.879574000043249,0.0083530001120379,1.6632060001029458,21.97871699991083,0.0905849999526253,37.62043500012169
O.MOV,121,O,True,O,0.8286881446838379,True,O,True,False,False,False,13.970030999985283,0.008023999953366,2.2928329999558628,22.009596000089005,0.0946800000747316,38.37516400005825
O.MOV,122,O,True,O,0.7657464146614075,True,O,True,False,False,False,13.972909000017353,0.0078250000115076,2.494285000011587,22.121818000186977,0.1036420001128135,38.70047900034024
O.MOV,123,O,True,O,0.8098445534706116,True,O,True,False,False,False,13.941585999987185,0.0080049999269249,2.5417260001177056,22.037651000118785,0.0926679999793123,38.62163600012991
O.MOV,124,O,True,O,0.8413307070732117,True,O,True,False,False,False,13.893494999933864,0.00615499993728,2.351361000137331,22.013559000015448,0.0914239999474375,38.35599399997136
O.MOV,125,O,True,O,0.82140052318573,True,O,True,False,False,False,13.889587999983632,0.0062029998844082,2.245601000140596,21.986729000218475,0.1128470000821835,38.240968000309294
O.MOV,126,O,True,O,0.7928970456123352,True,O,True,False,False,False,14.166239000019232,0.0079950000326789,2.4776129998826946,22.041381000008187,0.121992999993381,38.81522099993617
O.MOV,127,O,True,O,0.8109954595565796,True,O,True,False,False,False,14.01094799996372,0.0067190001118433,2.248747000066942,22.007871999903728,0.0920919999316538,38.366377999977885
O.MOV,128,O,True,O,0.7848234176635742,True,O,True,False,False,False,14.033326999992823,0.007177000043157,2.369594000128928,22.07930200006558,0.0953290000325068,38.584729000263
O.MOV,129,O,True,O,0.8085871934890747,True,O,True,False,False,False,13.91576299999997,0.008117999868773,2.402743999937229,22.04997099988759,0.0945169999795325,38.471112999673096
O.MOV,130,O,True,O,0.8568692207336426,True,O,True,False,False,False,13.889353000081428,0.0069999998686398,2.4200200000450423,22.1145279999746,0.0918959999580693,38.52279699992778
O.MOV,131,O,True,O,0.8703845739364624,True,O,True,False,False,False,14.800132999994275,0.006364000000758,2.315184000053705,22.02723699997477,0.1012899999750516,39.250207999998565
O.MOV,132,O,True,O,0.9027329683303832,True,O,True,False,False,False,14.084757999967223,0.0063899999531713,2.440041999989262,22.069991000080336,0.11742099991352,38.71860199990351
O.MOV,133,O,True,O,0.9321995377540588,True,O,True,False,False,False,14.029325000024071,0.0090710000222316,2.4541300001601485,22.195777999968413,0.0968790000115404,38.78518300018641
O.MOV,134,O,True,O,0.9037614464759828,True,O,True,False,False,False,14.042277000044123,0.0071110000590124,2.34528600003614,22.052626999993663,0.1035880000017641,38.5508890001347
O.MOV,135,O,True,O,0.8657398819923401,True,O,True,False,False,False,14.036207000003742,0.0073899998369597,2.270150999947873,21.992828000065856,0.1021579998905508,38.40873399974498
O.MOV,136,O,True,O,0.8636502623558044,True,O,True,False,False,False,14.039878000062345,0.0081759999375208,2.3692479999226634,22.02148300011686,0.1186459999189537,38.55743099995834
O.MOV,137,O,True,O,0.8242183923721313,True,O,True,False,False,False,13.989195000021937,0.0070049998157628,2.311937000058606,22.05509100008385,0.0954110000748187,38.45863900005497
O.MOV,138,O,True,O,0.7317919135093689,True,O,True,False,False,False,14.109183999948982,0.0080209999850922,2.3748909998175805,22.080447999996977,0.1063049999174836,38.67884899966612
O.MOV,139,O,True,O,0.7208777070045471,True,O,True,False,False,False,13.921031999984734,0.0071380000008502,2.255594999951427,22.10758999990503,0.10841099992831,38.39976599977035
O.MOV,140,O,True,O,0.5103598237037659,True,O,True,False,False,False,14.067582999928163,0.007167000148911,2.34579300013138,22.37545599996338,0.1015149998693232,38.89751400004116
O.MOV,141,O,True,O,0.4599931538105011,True,O,True,False,False,False,14.258389999895371,0.007037000159471,2.334320000045409,22.05226499995661,0.0932499999635183,38.745262000020375
O.MOV,142,O,True,O,0.3893206119537353,True,O,True,False,False,False,14.52677899999344,0.0074820000008912,2.345701999956873,22.06192099993132,0.121978999914063,39.06386299979658
O.MOV,143,O,True,O,0.4160486757755279,True,O,True,False,False,False,13.998065000009774,0.0082369999745424,2.3239540000759007,22.28400099988903,0.1153339999291347,38.72959099987838
O.MOV,144,O,True,O,0.5587460994720459,True,O,True,False,False,False,14.090449000036642,0.0067280000166647,2.3467850000997714,22.001984999860724,0.0956439998844871,38.54159099989829
O.MOV,145,O,True,O,0.4115353524684906,True,O,True,False,False,False,13.97461999999905,0.006991999953243,2.238880000049903,22.034840000060285,0.1071199999387317,38.36245200000121
O.MOV,146,O,True,O,0.4335706233978271,True,O,True,False,False,False,14.12130000005618,0.0093500000275525,2.931440999873302,22.14748699998381,0.0992850000329781,39.30886299997383
O.MOV,147,O,True,O,0.3954730033874511,True,O,True,False,False,False,14.046096000015496,0.008256999990408,2.407729000196923,22.07677299998068,0.1209120000567054,38.65976700024021
O.MOV,148,O,True,G,0.3837613761425018,False,G,False,False,False,True,14.105850999953873,0.0087089999851741,2.4387700000261248,22.106638999957795,0.1070319999598723,38.76700099988284
O.MOV,149,O,True,O,0.429135113954544,True,O,True,False,False,False,13.933071999986169,0.0079460000961262,2.276303999906304,22.01523200005795,0.0993329999801062,38.331887000026654
O.MOV,150,O,True,G,0.3481105864048004,False,G,False,False,False,True,13.900057999990167,0.0069119998897804,2.282995000086885,22.0046489998822,0.0968300000749877,38.29144399992401
O.MOV,151,O,True,P,0.3450687229633331,False,P,False,False,False,True,14.10758299994086,0.0069909999638184,2.2123420001207705,21.953692000124647,0.1013060000332188,38.38191400018332
P.MOV,0,P,True,P,0.999625563621521,True,P,True,False,False,False,14.298268000061398,0.0085140000010142,2.365460000191888,22.107368999968458,0.1022440001179347,38.88185500034069
P.MOV,1,P,True,P,0.9996854066848756,True,P,True,False,False,False,14.167498000006162,0.01702400004433,2.295887999935076,22.031863999927737,0.0917790000585228,38.60405299997183
P.MOV,2,P,True,P,0.999723494052887,True,P,True,False,False,False,14.145393000035256,0.0091700001121353,2.3292270000183635,22.06816200009598,0.1175550000880321,38.66950700034977
P.MOV,3,P,True,P,0.9997112154960632,True,P,True,False,False,False,14.02583600008711,0.0091989998054486,2.260842999930901,22.13417000007212,0.1003490001494356,38.53039700004501
P.MOV,4,P,True,P,0.9998262524604796,True,P,True,False,False,False,14.041668000004393,0.0070369999320973,2.283542999975907,22.031066999943505,0.1049239999701967,38.4682389998261
P.MOV,5,P,True,P,0.9998478889465332,True,P,True,False,False,False,13.95159200001217,0.007121999942683,2.269604000048276,22.191046999978425,0.098126000011689,38.51749099999324
P.MOV,6,P,True,P,0.9998854398727416,True,P,True,False,False,False,13.841425000009622,0.0089290001596964,2.3406039999827044,22.0963120000306,0.1195239999560726,38.40679400013869
P.MOV,7,P,True,P,0.999893307685852,True,P,True,False,False,False,13.912092999930792,0.0079609999374952,2.3084990000370453,22.023173999969003,0.0947189998896647,38.346445999764
P.MOV,8,P,True,P,0.999903678894043,True,P,True,False,False,False,14.18625200005863,0.0075119999110029,2.259461999983614,22.01220400002057,0.0954269999056123,38.56085699987944
P.MOV,9,P,True,P,0.9997902512550354,True,P,True,False,False,False,13.98547899998448,0.0076080000326328,2.231573000017306,22.045630000093297,0.0978529999429156,38.36814300007063
P.MOV,10,P,True,P,0.9997867941856384,True,P,True,False,False,False,13.922597999908248,0.0074950000907847,2.4548189999222814,21.97212300006868,0.1251809999303077,38.4822159999203
P.MOV,11,P,True,P,0.9998658895492554,True,P,True,False,False,False,13.96480200003225,0.0065329998051311,2.2026880001249083,21.98830599991197,0.0989089999166026,38.26123799979087
P.MOV,12,P,True,P,0.999794065952301,True,P,True,False,False,False,14.045172000010098,0.007391000053758,2.3537390000001324,22.06540599991058,0.1087779999124904,38.58048599988706
P.MOV,13,P,True,P,0.9997640252113342,True,P,True,False,False,False,13.98895900001662,0.0081050000062532,2.340398000114874,22.097507999887966,0.1096700000289274,38.54464000005464
P.MOV,14,P,True,P,0.9996272325515748,True,P,True,False,False,False,13.896735999992416,0.007624999852851,2.3327029998654325,22.10406700010025,0.0958210000590042,38.43695199986996
P.MOV,15,P,True,P,0.9996906518936156,True,P,True,False,False,False,13.822997000033864,0.0078529999427701,2.2536010001203977,22.036879000097542,0.105986000107805,38.22731600030238
P.MOV,16,P,True,P,0.999648094177246,True,P,True,False,False,False,14.000526000018,0.0075360001119406,2.3935579999943,22.19728400018539,0.162473000045793,38.761377000355424
P.MOV,17,P,True,P,0.9994400143623352,True,P,True,False,False,False,14.063808000059907,0.0092210000275372,2.330138000161241,22.087799000019004,0.1006160000542877,38.59158200032198
P.MOV,18,P,True,P,0.9993599057197572,True,P,True,False,False,False,14.1011419999586,0.0092110001332912,2.3022020000098564,22.045369000124992,0.0946370000747265,38.552561000301466
P.MOV,19,P,True,P,0.9995589852333068,True,P,True,False,False,False,13.929745000041294,0.0070969999796943,2.216939999925671,22.06747200011705,0.1265409998723043,38.34779499993601
P.MOV,20,P,True,P,0.9995794892311096,True,P,True,False,False,False,13.912904999983766,0.0076469998475658,2.252864999945814,22.02866500010714,0.1070230000550509,38.309104999939336
P.MOV,21,P,True,P,0.9996719360351562,True,P,True,False,False,False,13.881738000009136,0.0073400001383561,2.2932780000246566,22.051397000041103,0.0919970000268222,38.32575000024008
P.MOV,22,P,True,P,0.9996631145477296,True,P,True,False,False,False,13.884031999964463,0.0073080000220215,2.3386729999401723,22.03659800011337,0.0928370000110589,38.35944800005109
P.MOV,23,P,True,P,0.999744474887848,True,P,True,False,False,False,13.954746999957024,0.0061470000218832,2.278791999970053,22.07574600015505,0.1078170000710088,38.42324900017502
P.MOV,24,P,True,P,0.9996919631958008,True,P,True,False,False,False,13.958927999965454,0.0077980000696697,2.479908999930558,22.01474100002088,0.1025369999752001,38.56391299996176
P.MOV,25,P,True,P,0.9997029900550842,True,P,True,False,False,False,13.881913999966857,0.0072719999479886,2.243510999960563,22.110059999931764,0.09661099988989,38.33936799969706
P.MOV,26,P,True,P,0.999668836593628,True,P,True,False,False,False,13.968687999977192,0.0068360000113898,2.2797920000812155,22.064890999899944,0.1243509998403169,38.44455799981006
P.MOV,27,P,True,P,0.999528169631958,True,P,True,False,False,False,13.833420999958436,0.0076739997894037,2.360248000059073,22.13623300008294,0.1133320001827087,38.45090800007256
P.MOV,28,P,True,P,0.999637246131897,True,P,True,False,False,False,14.107597000020178,0.007773999868732,2.2328259999540023,21.99619399993935,0.0942890001169871,38.43867999989925
P.MOV,29,P,True,P,0.999599277973175,True,P,True,False,False,False,13.857484000027398,0.0070159999268071,2.2756149999167974,22.07205299987436,0.1253999998880317,38.33756799963339
P.MOV,30,P,True,P,0.999742329120636,True,P,True,False,False,False,14.288405000002058,0.0072049999744194,2.463735999981509,22.071058000165067,0.1291350001793034,38.95953900030236
P.MOV,31,P,True,P,0.9997889399528505,True,P,True,False,False,False,14.009582000085176,0.0084450000485958,2.327616999991733,22.037616000034177,0.0956349999796657,38.47889500013935
P.MOV,32,P,True,P,0.9997629523277284,True,P,True,False,False,False,14.16234299995267,0.0076850001278216,2.271030999963841,22.013952999941463,0.0958870000431488,38.55089900002895
P.MOV,33,P,True,P,0.9997972846031188,True,P,True,False,False,False,14.05933399996684,0.0076019998687115,2.297673999919425,22.05063700012033,0.0958800001171766,38.51112699999248
P.MOV,34,P,True,P,0.999727189540863,True,P,True,False,False,False,14.011546000006092,0.0076369999533199,2.267748000122083,22.00045899985525,0.0927250000586354,38.380114999995385
P.MOV,35,P,True,P,0.999648928642273,True,P,True,False,False,False,13.855231999968964,0.0068049998844799,2.050666000059209,22.07778000001781,0.0914670001748163,38.08195000010528
P.MOV,36,P,True,P,0.9997552037239076,True,P,True,False,False,False,14.05210400002943,0.0073189999056921,2.276043999927424,22.02115599993704,0.120764000030249,38.47738699982983
P.MOV,37,P,True,P,0.9997630715370178,True,P,True,False,False,False,13.991666000038094,0.0073819999215629,2.3518220000369183,22.02725500001179,0.1055769998856703,38.48370199989404
P.MOV,38,P,True,P,0.9995861649513244,True,P,True,False,False,False,13.966108999966307,0.0085170001966616,2.363846000207559,22.083096999949703,0.1664730000356939,38.58804200035593
P.MOV,39,P,True,P,0.9994226694107056,True,P,True,False,False,False,14.212677999921652,0.0066490001700003,1.6774109999460052,22.01927999999498,0.1443139999537379,38.06033199998637
P.MOV,40,P,True,P,0.9993459582328796,True,P,True,False,False,False,14.18269800001326,0.0200699998913478,4.460050000034244,22.082713999907355,0.094210999805,40.83974299965121
P.MOV,41,P,True,P,0.9992995262145996,True,P,True,False,False,False,13.95210499993027,0.0075930001912638,1.645277000079659,22.00808800012055,0.0964509999903384,37.70951400031208
P.MOV,42,P,True,P,0.9993675351142884,True,P,True,False,False,False,13.968363000003592,0.0072329999056819,2.2923029998764832,22.05765300004714,0.0950789999478729,38.42063099978077
P.MOV,43,P,True,P,0.9995731711387634,True,P,True,False,False,False,13.97940800006836,0.0083150000591558,2.2580130000733334,22.05170399997769,0.1024010000492126,38.39984100022775
P.MOV,44,P,True,P,0.9994500279426576,True,P,True,False,False,False,14.0548489999901,0.008665999985169,2.381110999976954,22.235506000015448,0.1184770001145807,38.79860900008225
P.MOV,45,P,True,P,0.999367654323578,True,P,True,False,False,False,13.907111999969857,0.0082489998476376,2.3170299998582777,22.12749599993913,0.1133430000663793,38.47322999968128
P.MOV,46,P,True,P,0.9994966983795166,True,P,True,False,False,False,13.884581000070284,0.0079650001225672,2.341281000099116,22.016784000015832,0.1104870000290247,38.36109800033682
P.MOV,47,P,True,P,0.9991984963417052,True,P,True,False,False,False,13.979102000007517,0.0068790000113949,2.5188369997977134,22.05208500004119,0.0996129999748518,38.65651599983266
P.MOV,48,P,True,P,0.9992125034332277,True,P,True,False,False,False,13.996153999983107,0.0060859999848617,2.257869000004576,21.98950899992269,0.0944470000376895,38.344064999932925
P.MOV,49,P,True,P,0.9993662238121032,True,P,True,False,False,False,13.99106799999572,0.0068290000854176,2.3033879999729834,22.077022000075885,0.1271579999411187,38.505465000071126
P.MOV,50,P,True,P,0.9994438290596008,True,P,True,False,False,False,14.21328200001426,0.0078210000538092,2.3446709999461746,22.110389999852487,0.1043140000547282,38.78047799992146
P.MOV,51,P,True,P,0.9995749592781068,True,P,True,False,False,False,14.067980999925568,0.0073450000854791,2.36541499998566,22.077212999874973,0.099785000202246,38.617739000073925
P.MOV,52,P,True,P,0.9997001886367798,True,P,True,False,False,False,14.131871000017782,0.0079459998687525,2.3107170000002952,21.991822000018143,0.0947789999372616,38.53713499984224
P.MOV,53,P,True,P,0.999645471572876,True,P,True,False,False,False,14.300370999990264,0.0088080000750778,2.2575740001684608,22.024462999979733,0.0931620002120325,38.68437800042557
P.MOV,54,P,True,P,0.9996490478515624,True,P,True,False,False,False,13.956364000023314,0.0077469999268942,2.32258300002286,22.024373000022024,0.1143239999237266,38.42539099991882
P.MOV,55,P,True,P,0.9996709823608398,True,P,True,False,False,False,13.917539999965811,0.0072789998739608,2.229202000080477,22.0310370000334,0.0957570000537089,38.28081500000735
P.MOV,56,P,True,P,0.9998297691345216,True,P,True,False,False,False,14.012697999987722,0.0166300001183117,2.233851000028153,21.99086099994929,0.1147600000876991,38.36880000017118
P.MOV,57,P,True,P,0.9998770952224731,True,P,True,False,False,False,15.749394999943434,0.0082600001860555,2.3209110001971567,22.08427999994456,0.09298600002694,40.25583200029814
P.MOV,58,P,True,P,0.9997511506080629,True,P,True,False,False,False,14.47041000005811,0.0090089999957854,2.2934709998025937,22.05563799998345,0.100995000138937,38.92952299997887
P.MOV,59,P,True,P,0.9997627139091492,True,P,True,False,False,False,13.922589000003429,0.0065780000113591,2.236249000134194,22.014723999973285,0.1016379999327909,38.281778000055056
P.MOV,60,P,True,P,0.9996790885925292,True,P,True,False,False,False,13.940363999950025,0.0066659999902185,2.3701610000443907,22.043177999876207,0.0965429999268963,38.456911999787735
P.MOV,61,P,True,P,0.999486804008484,True,P,True,False,False,False,14.039316999969742,0.0077130000590841,2.233320999948773,22.05917600008433,0.1042040000811539,38.44373100014309
P.MOV,62,P,True,P,0.9997242093086244,True,P,True,False,False,False,13.927108999951088,0.0085720000697619,2.233930000102191,21.99386400002368,0.0998499999695923,38.26332500011631
P.MOV,63,P,True,P,0.9996497631072998,True,P,True,False,False,False,13.809530000003178,0.0065619999531918,2.228086000059193,22.01877899983629,0.1028359999963868,38.16579299984824
P.MOV,64,P,True,P,0.9995321035385132,True,P,True,False,False,False,13.880655999969347,0.0067989999479323,2.242267000156062,21.998779000114155,0.101074999975026,38.22957600016253
P.MOV,65,P,True,P,0.9985982775688172,True,P,True,False,False,False,14.027642000087326,0.0075730001753981,2.2463089999291697,22.043499999881533,0.0980269999217853,38.42305099999521
P.MOV,66,P,True,P,0.9984015822410583,True,P,True,False,False,False,13.927696999985528,0.0085149999904388,2.710868999884042,22.078694999891013,0.1101919999655365,38.83596799971656
P.MOV,67,P,True,P,0.9960325360298156,True,P,True,False,False,False,14.099977000000765,0.0079250000908359,2.4189379998915683,22.02623400012272,0.0931249999212013,38.64619900002708
P.MOV,68,P,True,P,0.9938679337501526,True,P,True,False,False,False,14.05317000001105,0.0078220000432338,2.2866209999392595,22.018880999894463,0.1073610001185443,38.47385500000655
P.MOV,69,P,True,P,0.9942767024040222,True,P,True,False,False,False,13.901820000000953,0.0079819999427854,2.320891999943342,22.07662899991192,0.1025599999593396,38.40988299975834
P.MOV,70,P,True,P,0.9935649037361144,True,P,True,False,False,False,13.931462000073225,0.0084379998952499,2.2976319999088446,22.02937499987456,0.1158780000878323,38.382784999839714
P.MOV,71,P,True,P,0.9961789846420288,True,P,True,False,False,False,13.93812000003436,0.0084169998899596,2.2993539998878987,22.04845600022054,0.0960150000537396,38.3903620000865
P.MOV,72,P,True,P,0.997908353805542,True,P,True,False,False,False,14.173307999953977,0.0076150001859787,2.325800000107847,22.04937500005144,0.0951660001646814,38.651264000463925
P.MOV,73,P,True,P,0.998522937297821,True,P,True,False,False,False,14.276213000016469,0.0073680000696185,2.623959999937142,22.051361000194447,0.1520029998118843,39.11090500002956
P.MOV,74,P,True,P,0.999419331550598,True,P,True,False,False,False,13.88459400004649,0.0077419999797712,2.321066999911636,21.991025000033915,0.09744299995873,38.30187099993054
P.MOV,75,P,True,P,0.9992423057556152,True,P,True,False,False,False,13.887361000001874,0.0064579999161651,2.26676299985229,21.979179000027216,0.093986999900153,38.2337479996977
P.MOV,76,P,True,P,0.999283730983734,True,P,True,False,False,False,14.017047000038474,0.0063530001170875,2.284118000034141,22.02667999995356,0.1158200000190845,38.450018000162345
P.MOV,77,P,True,P,0.99964439868927,True,P,True,False,False,False,13.91402100000505,0.0075299999480193,2.295106000019586,22.0082690000254,0.0952780001171049,38.320204000115154
P.MOV,78,P,True,P,0.9998358488082886,True,P,True,False,False,False,13.906797999993614,0.0075030000061815,2.3237289999542554,22.04230100005589,0.09674099987933,38.37707199988927
P.MOV,79,P,True,P,0.9998263716697692,True,P,True,False,False,False,13.956947999986369,0.0069069999426574,2.2480699999505305,22.02120000015384,0.1061990001289814,38.33932400016238
P.MOV,80,P,True,P,0.9997816681861876,True,P,True,False,False,False,13.844914000060273,0.0071140000272862,2.251720000003843,22.020671000063885,0.1168979999874864,38.24131700014277
P.MOV,81,P,True,P,0.9994937181472778,True,P,True,False,False,False,14.097568000011051,0.0069750001330248,2.266535999979169,22.051336000004085,0.1166749998446903,38.53908999997202
P.MOV,82,P,True,P,0.998840034008026,True,P,True,False,False,False,14.055224000003363,0.0072200000431621,2.3193079998691246,22.04377200018825,0.0925550000374642,38.51807900014137
P.MOV,83,P,True,P,0.9977076053619384,True,P,True,False,False,False,13.873472999989644,0.0076300000273477,2.2736279997843667,22.06597600002169,0.1082129999758763,38.32891999979893
P.MOV,84,P,True,P,0.9952486157417296,True,P,True,False,False,False,13.969578999990516,0.0073629998951219,2.2775069999170228,22.04434600002969,0.0961060000008728,38.394900999833226
P.MOV,85,P,True,P,0.99740332365036,True,P,True,False,False,False,14.118267000071684,0.0075190000643488,2.234954999948968,22.06576300000052,0.1208070000302541,38.54731100011577
P.MOV,86,P,True,P,0.9959290623664856,True,P,True,False,False,False,13.937348000013117,0.0065340000219293,2.26906400007465,22.06624099994769,0.1117530000556144,38.390940000113005
P.MOV,87,P,True,P,0.9968138337135316,True,P,True,False,False,False,13.98612499997398,0.0079029998687474,2.321711999911713,22.00253099999827,0.0995640000382991,38.41783499979101
P.MOV,88,P,True,P,0.9984343647956848,True,P,True,False,False,False,13.85943100001441,0.0082149999798275,2.368146000208071,22.00684800004637,0.0949909999690135,38.3376310002177
P.MOV,89,P,True,P,0.9988303780555724,True,P,True,False,False,False,14.006515999994916,0.0069810000695724,2.233403000218459,22.05977399989933,0.0957580000431335,38.40243200022542
P.MOV,90,P,True,P,0.999119222164154,True,P,True,False,False,False,13.917921999905047,0.007261000064318,2.3616779999429127,21.987899999885485,0.1054200001817662,38.38018099997953
P.MOV,91,P,True,P,0.9992104768753052,True,P,True,False,False,False,13.976200999991306,0.0063819998104008,2.665490000026693,21.96454499994616,0.0980689999323658,38.71068699970692
P.MOV,92,P,True,P,0.999140739440918,True,P,True,False,False,False,13.892257999941648,0.0074580000273272,2.309749000005468,22.030385000107344,0.0963990000855119,38.3362490001673
P.MOV,93,P,True,P,0.9989792108535768,True,P,True,False,False,False,14.202961000023606,0.0075190000643488,2.210253999919587,22.00131900008273,0.0980669999535166,38.52012000004379
P.MOV,94,P,True,P,0.999634861946106,True,P,True,False,False,False,13.937370999997256,0.0092640000275423,2.322424999874784,22.099870000147348,0.1112769998599105,38.48020699990684
P.MOV,95,P,True,P,0.9994159936904908,True,P,True,False,False,False,14.045939999959955,0.007684000138397,4.016582999838647,22.26554099979694,0.0988760000382171,40.43462399977216
P.MOV,96,P,True,P,0.9994031190872192,True,P,True,False,False,False,13.859536000040862,0.0072299999374081,2.543736000006902,22.6755039998352,0.095381999926758,39.18138799974713
P.MOV,97,P,True,P,0.9991636276245116,True,P,True,False,False,False,14.161772999955248,0.0157640001816616,2.518110999972123,22.724021999920296,0.0935670000217214,39.51323700005105
P.MOV,98,P,True,P,0.9990009665489196,True,P,True,False,False,False,13.972665999972378,0.0072909999744297,2.55710999999792,22.78475699995397,0.0942340000165131,39.41605799991521
P.MOV,99,P,True,P,0.9980200529098512,True,P,True,False,False,False,13.974070000017493,0.0091259998953319,1.6506350000327077,23.876282000173887,0.1068990000021585,39.617012000121576
P.MOV,100,P,True,P,0.9972100853919984,True,P,True,False,False,False,14.036933999932444,0.0087290000010398,2.3809110000456712,22.57038900006592,0.0957680001647531,39.092731000209824
P.MOV,101,P,True,P,0.9963567852973938,True,P,True,False,False,False,14.151405999996314,0.0082550000115588,2.354704000026686,22.09870899991984,0.108336000039344,38.72140999999374
P.MOV,102,P,True,P,0.9975199103355408,True,P,True,False,False,False,13.891338000007636,0.007489999916288,2.61894699997356,22.95026699994196,0.1008880001336365,39.56892999997308
P.MOV,103,P,True,P,0.998216450214386,True,P,True,False,False,False,13.855895000006058,0.0068879999162163,2.522320000025502,22.68116300001566,0.1073390001238294,39.173605000087264
P.MOV,104,P,True,P,0.9989870190620422,True,P,True,False,False,False,13.765861000024415,0.006544000143549,2.243221000071572,22.00568700004624,0.0933819999318075,38.11469500021758
P.MOV,105,P,True,P,0.9994184970855712,True,P,True,False,False,False,14.383780999992268,0.0088930000856635,2.292661999945267,22.02043200009029,0.1081129998965479,38.81388100001004
P.MOV,106,P,True,P,0.999398708343506,True,P,True,False,False,False,13.911185999972986,0.0072919999638543,2.3026759999993374,22.07857899998089,0.0945539998156164,38.394286999732685
P.MOV,107,P,True,P,0.999581515789032,True,P,True,False,False,False,13.888515999951778,0.007415000027322,2.478909000046769,22.020784000005733,0.1068929998382373,38.50251699986984
P.MOV,108,P,True,P,0.9992581009864808,True,P,True,False,False,False,13.942893000034928,0.007614999958605,2.5897290001921647,22.656794000113223,0.0966499999321968,39.29368100023112
P.MOV,109,P,True,P,0.9997360110282898,True,P,True,False,False,False,14.085128999909102,0.006708000000799,2.2434390000398707,22.01459699995212,0.1075339998806157,38.457406999782506
P.MOV,110,P,True,P,0.9998339414596558,True,P,True,False,False,False,14.059277999990629,0.0079080000432441,2.3302449999391683,22.02110600001106,0.1122119999763526,38.53074899996045
P.MOV,111,P,True,P,0.999743640422821,True,P,True,False,False,False,13.95150600001216,0.0070749999849795,2.23128699985864,22.001116999945225,0.0956499998210347,38.28663499962204
P.MOV,112,P,True,P,0.9998955726623536,True,P,True,False,False,False,13.96750300000349,0.0086049999481474,2.835852000089289,22.11190399998486,0.1394270000218966,39.06329100004768
P.MOV,113,P,True,P,0.9998488426208496,True,P,True,False,False,False,14.261695000072905,0.0101470000117842,3.252910000128395,22.23828399996819,0.1106060001347941,39.87364200031607
P.MOV,114,P,True,P,0.9998468160629272,True,P,True,False,False,False,14.184198999942057,0.0078990001384227,2.3587179998685315,22.0111700000416,0.0957330000801448,38.65771900007076
P.MOV,115,P,True,P,0.9998458623886108,True,P,True,False,False,False,13.98143600010826,0.0061319999531406,2.2727979999217496,22.024344000101337,0.0917299998945964,38.37643999997909
P.MOV,116,P,True,P,0.999778687953949,True,P,True,False,False,False,14.022139000076097,0.0071229999321076,2.2688020001169207,22.05338199996732,0.1079559999652701,38.45940200005771
P.MOV,117,P,True,P,0.9997209906578064,True,P,True,False,False,False,13.998227000001862,0.0090459998318692,2.4929460000748804,23.286783999992625,0.1125659998706396,39.89956899977187
P.MOV,118,P,True,P,0.9997805953025818,True,P,True,False,False,False,14.184076999981698,0.0089249999746243,2.294970000093599,22.60742999987997,0.1044939999701455,39.19989599990004
P.MOV,119,P,True,P,0.9997549653053284,True,P,True,False,False,False,14.005564999933997,0.0065060000906669,2.5041779999810387,22.727307999957706,0.0947429998632287,39.33829999982663
P.MOV,120,P,True,P,0.9996427297592164,True,P,True,False,False,False,13.885743999935585,0.0076690000696544,2.345138000009684,22.011311999904137,0.0958640000590094,38.34572699997807
P.MOV,121,P,True,P,0.9997383952140808,True,P,True,False,False,False,14.359860000013214,0.0075580001066555,2.279526999927839,22.02357800001664,0.107963000118616,38.778486000182966
P.MOV,122,P,True,P,0.9995081424713136,True,P,True,False,False,False,13.937836999957652,0.00718199999028,4.922099999930651,22.059155000079045,0.1288959999783401,41.05516999993597
P.MOV,123,P,True,P,0.9995800852775574,True,P,True,False,False,False,13.963632000013604,0.0070359999426727,2.2413090000554803,22.57061000000249,0.0959850001436279,38.878572000157874
P.MOV,124,P,True,P,0.99979430437088,True,P,True,False,False,False,14.033380999990186,0.0070080000114103,2.565173999983017,22.70373900000777,0.0926279999475809,39.401929999939966
P.MOV,125,P,True,P,0.9997883439064026,True,P,True,False,False,False,13.944198000103825,0.0072220000220113,2.2810460000073363,22.06973299985293,0.1194020001094031,38.42160100009551
P.MOV,126,P,True,P,0.9998291730880736,True,P,True,False,False,False,13.916393999920729,0.0081230000432697,2.387699000109933,22.13053800005582,0.0976010001068061,38.54035500023656
P.MOV,127,P,True,P,0.9998220801353456,True,P,True,False,False,False,13.913708000018232,0.006837999990239,2.266319999989719,22.038380000140023,0.1074560000233759,38.33270200016159
P.MOV,128,P,True,P,0.999826967716217,True,P,True,False,False,False,14.065720000076,0.0072369998633803,2.3135739997997007,22.06114899991008,0.0929520001591299,38.54063199980829
P.MOV,129,P,True,P,0.9998675584793092,True,P,True,False,False,False,14.068394999981138,0.0071350000325764,2.306438999994498,21.998472999939622,0.09651200002736,38.4769539999752
P.MOV,130,P,True,P,0.9997113347053528,True,P,True,False,False,False,14.070230000015728,0.0080129998423217,2.2781359998589323,22.03392499995971,0.1344299998891074,38.5247339995658
P.MOV,131,P,True,P,0.9998770952224731,True,P,True,False,False,False,14.09519599997111,0.0084079999851383,2.361359000133234,22.024364999879253,0.1028970000334084,38.59222500000215
P.MOV,132,P,True,P,0.9997959733009338,True,P,True,False,False,False,14.025153000034152,0.0076110000009066,2.309402000037153,21.96933499999432,0.0952360001065244,38.40673700017305
P.MOV,133,P,True,P,0.9995231628417968,True,P,True,False,False,False,14.18270300007407,0.0074670001595222,2.318183999932444,22.04446400014604,0.0927759999740374,38.64559400028611
P.MOV,134,P,True,P,0.9996070265769958,True,P,True,False,False,False,13.948162000019693,0.0080739998793433,2.2925539999505418,22.052420000136408,0.0948770000377408,38.396087000023726
P.MOV,135,P,True,P,0.9994716048240662,True,P,True,False,False,False,13.95942900001046,0.0070319999849743,2.3303189998387097,22.042394999971293,0.0958579998950881,38.435032999700525
P.MOV,136,P,True,P,0.998752236366272,True,P,True,False,False,False,13.990110999998253,0.0068300000748422,2.2669150000638183,21.976332000122056,0.1068500000656058,38.347038000324574
P.MOV,137,P,True,P,0.9979785084724426,True,P,True,False,False,False,13.896749000082307,0.0075460000061866,2.298967999877277,22.12178800004949,0.0993039998320455,38.42435499984731
P.MOV,138,P,True,P,0.9933993816375732,True,P,True,False,False,False,13.773162999996202,0.0070139999479579,2.253388000099221,21.97469599991564,0.0929560001168283,38.10121700007585
P.MOV,139,P,True,P,0.9889833331108092,True,P,True,False,False,False,14.67297699991832,0.0058369998896523,2.2058049999031937,21.964207999872087,0.1091429999178217,38.957969999501074
P.MOV,140,P,True,P,0.9916812777519226,True,P,True,False,False,False,13.84902199993121,0.0079120000009424,2.2524999999404827,22.021717999905377,0.1154829999450157,38.24663499972303
P.MOV,141,P,True,P,0.9838426113128662,True,P,True,False,False,False,13.905980999993515,0.006419000101232,2.2269250000590546,21.94363500007057,0.0949160000800475,38.17787600030442
P.MOV,142,P,True,P,0.9986717700958252,True,P,True,False,False,False,13.783435000050304,0.0187590001132775,2.227948000154356,21.94821300008698,0.0944640000852814,38.0728190004902
Q.MOV,0,Q,True,Q,0.9987941980361938,True,Q,True,False,False,False,14.914324999949711,0.021242999991955,2.458721000039077,22.111384999789152,0.0958680000167078,39.601541999786605
Q.MOV,1,Q,True,Q,0.9990602135658264,True,Q,True,False,False,False,14.08808799999406,0.0074220001806679,2.39881300012712,22.120072000006985,0.09763799994289,38.71203300025172
Q.MOV,2,Q,True,Q,0.998396098613739,True,Q,True,False,False,False,14.059087000077852,0.0083569998423627,2.3596510000061244,22.054239999988567,0.0962909998634131,38.57762599977832
Q.MOV,3,Q,True,Q,0.99830162525177,True,Q,True,False,False,False,13.89280199998666,0.0078109999321895,2.396098999952301,22.04165899979671,0.1000270001441094,38.43839799981197
Q.MOV,4,Q,True,Q,0.994434416294098,True,Q,True,False,False,False,14.01310200003536,0.0083689999428315,2.366355000049225,21.98302200008584,0.0935629998366494,38.46441099994991
Q.MOV,5,Q,True,Q,0.9957284331321716,True,Q,True,False,False,False,14.026873000034357,0.0091209999482089,2.509192999923471,22.111594000080004,0.1007850000860344,38.75756600007208
Q.MOV,6,Q,True,Q,0.9925290942192078,True,Q,True,False,False,False,13.873218000071574,0.0082359999851178,2.399877000016204,22.116439000001265,0.1161029999821039,38.513873000056265
Q.MOV,7,Q,True,Q,0.9806499481201172,True,Q,True,False,False,False,13.965478999921288,0.0076270000590739,2.4209819998759485,21.97412500004248,0.0955220000378176,38.463734999936605
Q.MOV,8,Q,True,Q,0.9901278614997864,True,Q,True,False,False,False,13.844075999941197,0.0068839999585179,2.3209989999486424,22.032411000054708,0.0957689999268041,38.30013899982987
Q.MOV,9,Q,True,Q,0.988838791847229,True,Q,True,False,False,False,13.87734200000068,0.0075880000167671,2.38252500003,21.998266000082367,0.1075680002031731,38.37328900033299
Q.MOV,10,Q,True,Q,0.9889651536941528,True,Q,True,False,False,False,14.416767000057009,0.0068960000589868,2.4660270000822493,22.05818800007364,0.1026800000545336,39.05055800032642
Q.MOV,11,Q,True,Q,0.989414930343628,True,Q,True,False,False,False,13.924997000003714,0.006428999995478,2.3052449998886004,22.075154000049224,0.0936080000428773,38.40543299997989
Q.MOV,12,Q,True,Q,0.9913232326507568,True,Q,True,False,False,False,13.876280999966184,0.006126000016593,2.4734589999297896,22.020408999878786,0.0968809999903896,38.47315599978174
Q.MOV,13,Q,True,Q,0.9951347708702089,True,Q,True,False,False,False,14.0133390000301,0.0074649999532994,2.2742369999377843,22.05256000002009,0.1164039999821398,38.46400499992342
Q.MOV,14,Q,True,Q,0.9908753633499146,True,Q,True,False,False,False,13.880559000085668,0.0072210000325867,2.2800200001711346,22.054258000025584,0.1087000000552507,38.330758000370224
Q.MOV,15,Q,True,Q,0.9940674304962158,True,Q,True,False,False,False,13.897052999936932,0.0066770001012628,2.403610999863304,22.00026900004559,0.093743000206814,38.401353000153904
Q.MOV,16,Q,True,Q,0.994718372821808,True,Q,True,False,False,False,14.088425000068128,0.0067940000008093,2.680507999912152,21.9984159998603,0.0959270000748802,38.87006999991627
Q.MOV,17,Q,True,Q,0.9954568147659302,True,Q,True,False,False,False,14.007000999981756,0.0086530001226492,2.330437999944479,22.052065000025323,0.1064369998857728,38.50459399995998
Q.MOV,18,Q,True,Q,0.997119665145874,True,Q,True,False,False,False,13.920565000034912,0.0068679999003506,2.374917999986792,22.051817999908963,0.1250350001100741,38.47920399994109
Q.MOV,19,Q,True,Q,0.9981141090393066,True,Q,True,False,False,False,14.011781000021983,0.0076619999163085,2.423902999908023,22.06673000000592,0.1119389999075792,38.62201499975981
Q.MOV,20,Q,True,Q,0.9989675283432008,True,Q,True,False,False,False,14.125541999987943,0.0068680001277243,2.327306000097451,22.068058000058954,0.1251390001471009,38.652913000419176
Q.MOV,21,Q,True,Q,0.9951543807983398,True,Q,True,False,False,False,13.931834000004528,0.0075610000749293,2.370637000012721,22.01309599990964,0.0921959999686805,38.4153239999705
Q.MOV,22,Q,True,Q,0.9948350191116332,True,Q,True,False,False,False,13.899851000019224,0.0092489999587996,2.520842999956585,22.05791699998372,0.1066279999122343,38.59448799983056
Q.MOV,23,Q,True,Q,0.9944790601730348,True,Q,True,False,False,False,13.941765000026862,0.0069850000272708,2.4139059999015444,22.178047999886985,0.1082500000393338,38.648953999882
Q.MOV,24,Q,True,Q,0.996754825115204,True,Q,True,False,False,False,13.944359999982224,0.0075379998634161,2.327577999949426,22.049959000014496,0.0925619999634363,38.421996999773
Q.MOV,25,Q,True,Q,0.984544575214386,True,Q,True,False,False,False,13.981371999989278,0.0083150000591558,2.430774000004021,22.11528900011217,0.0966780000908329,38.63242800025546
Q.MOV,26,Q,True,Q,0.9946343898773192,True,Q,True,False,False,False,14.650881000079607,0.0076839999110234,2.418902000044909,22.0177670000794,0.0941939999847818,39.18942800009973
Q.MOV,27,Q,True,Q,0.9964672327041626,True,Q,True,False,False,False,14.089226000010058,0.0076440001066657,2.3752070001137326,21.98554899996452,0.1165700000456126,38.57419600024059
Q.MOV,28,Q,True,Q,0.9938787817955016,True,Q,True,False,False,False,13.968851999948129,0.0076820001595478,2.404442999932144,22.10504699996818,0.123578000057023,38.609602000065024
Q.MOV,29,Q,True,Q,0.9902486205101012,True,Q,True,False,False,False,14.402365000023565,0.0080600000273989,2.567323999983273,22.695555999916905,0.1001190000806673,39.77342400003181
Q.MOV,30,Q,True,Q,0.9905044436454772,True,Q,True,False,False,False,13.864501000057317,0.0078600000961159,2.386032000003979,22.07251799995901,0.0998010000330396,38.43071200014947
Q.MOV,31,Q,True,Q,0.9892975091934204,True,Q,True,False,False,False,13.840052999967156,0.0071920001118996,2.4072130001968617,22.004150999919148,0.0903620000372029,38.34897100023227
Q.MOV,32,Q,True,Q,0.9895082712173462,True,Q,True,False,False,False,13.79596300000685,0.0073060000431723,2.36323099989022,21.97924500001136,0.0975840000592143,38.24332900001082
Q.MOV,33,Q,True,Q,0.9975789189338684,True,Q,True,False,False,False,13.907528000004277,0.008042999979807,2.4576789999173343,22.080232000007527,0.1202640000883548,38.5737459999973
Q.MOV,34,Q,True,Q,0.9865875840187072,True,Q,True,False,False,False,13.790125000014086,0.0079380001807294,2.31896099990081,21.98516099997505,0.1143289998708496,38.216513999941526
Q.MOV,35,Q,True,Q,0.9877796173095704,True,Q,True,False,False,False,13.965238999958274,0.007446000154232,2.6141549999465497,22.02684700000645,0.1130180000927794,38.72670500015829
Q.MOV,36,Q,True,Q,0.9917901754379272,True,Q,True,False,False,False,13.920413000050758,0.0090009998530149,2.319806000059544,22.0454789998712,0.0996510000277339,38.39434999986224
Q.MOV,37,Q,True,Q,0.9917640089988708,True,Q,True,False,False,False,14.071519000026456,0.0078979999216244,2.320284000006722,22.102232999941407,0.1012019999961921,38.6031359998924
Q.MOV,38,Q,True,Q,0.9974383115768432,True,Q,True,False,False,False,13.876781000021763,0.0069119998897804,2.3245410000072297,22.008667000136484,0.1046180000230379,38.3215190000783
Q.MOV,39,Q,True,Q,0.99322247505188,True,Q,True,False,False,False,13.933324000049652,0.0070400001277448,2.34655000008388,21.992845000113448,0.0922220001484674,38.37198100052319
Q.MOV,40,Q,True,Q,0.9852588176727296,True,Q,True,False,False,False,13.884117000088736,0.0079240001014113,2.3111750001589826,22.046680999892487,0.1060390000020561,38.35593600024367
Q.MOV,41,Q,True,Q,0.989691197872162,True,Q,True,False,False,False,13.983583000026556,0.007903999858172,2.441590999978871,22.05912799990984,0.1085999999759224,38.60080599974936
Q.MOV,42,Q,True,Q,0.9927818775177002,True,Q,True,False,False,False,14.580416000057994,0.0069349998739198,2.315934999842284,22.099800000205505,0.1141469999765831,39.117232999956286
Q.MOV,43,Q,True,Q,0.9970851540565492,True,Q,True,False,False,False,13.958502000036788,0.0061680000271735,2.363235000075292,21.993193000071187,0.105238000060126,38.42633600027057
Q.MOV,44,Q,True,Q,0.9986883997917176,True,Q,True,False,False,False,13.825579000013022,0.0080449999586562,2.6354469998750574,22.70878200010884,0.0943039999583561,39.27215699991393
Q.MOV,45,Q,True,Q,0.9958378076553344,True,Q,True,False,False,False,14.07532399991851,0.0069290001647459,2.4456619999000395,22.04340000002957,0.1123419999657926,38.683656999978666
Q.MOV,46,Q,True,Q,0.9969893097877502,True,Q,True,False,False,False,14.247525999962818,0.007540000069639,2.40393299986863,22.18211199988218,0.1190469999983179,38.96015799978159
Q.MOV,47,Q,True,Q,0.9941214919090272,True,Q,True,False,False,False,14.086778999967464,0.007670000059079,2.3753979999128205,22.007399999893096,0.0963539998792839,38.57360099971174
Q.MOV,48,Q,True,Q,0.9940401315689088,True,Q,True,False,False,False,13.98154200001045,0.0074730000960698,2.3386149998714245,22.08920899988697,0.0976389999323146,38.51447799979724
Q.MOV,49,Q,True,Q,0.9942083358764648,True,Q,True,False,False,False,14.124562000006335,0.0085189999481372,2.3849040001096,22.026800000048752,0.0950420001117891,38.63982700022461
Q.MOV,50,Q,True,Q,0.9936869740486144,True,Q,True,False,False,False,14.371892999974987,0.0063669999690318,2.7321990000928054,22.69666899996992,0.0960750001013366,39.90320300010808
Q.MOV,51,Q,True,Q,0.992494821548462,True,Q,True,False,False,False,14.290889999983849,0.0064849998580029,2.6012250000349013,22.754672000019127,0.0972969999111228,39.750568999807
Q.MOV,52,Q,True,Q,0.9936738014221193,True,Q,True,False,False,False,13.950145999956476,0.007470000127796,2.319434999890291,21.995283000023846,0.1153349999185593,38.38766899991697
Q.MOV,53,Q,True,Q,0.9938561320304872,True,Q,True,False,False,False,13.90526799991676,0.0076610001542576,2.486483999973643,22.42219400000068,0.1014189999750669,38.9230260000204
Q.MOV,54,Q,True,Q,0.9964562058448792,True,Q,True,False,False,False,13.976679000052172,0.0072479999744246,2.344600000014907,22.06106399989949,0.096363000011479,38.48595399995247
Q.MOV,55,Q,True,Q,0.9955780506134032,True,Q,True,False,False,False,13.925645999961487,0.008591000096203,2.936259000080099,22.06604299999526,0.1020900001549307,39.03862900028798
Q.MOV,56,Q,True,Q,0.9955774545669556,True,Q,True,False,False,False,13.95835799996803,0.0072830000590329,2.375677999907566,22.03756800008705,0.0982859999112406,38.47717299993292
Q.MOV,57,Q,True,Q,0.9963204860687256,True,Q,True,False,False,False,13.967534000016713,0.0071840001965028,2.65152399992985,21.99126200002865,0.0937429999794403,38.71124700015116
Q.MOV,58,Q,True,Q,0.9978551268577576,True,Q,True,False,False,False,14.781867000010608,0.0075340001330914,2.32367500007058,22.05421300004673,0.1084129999071592,39.27570200016817
Q.MOV,59,Q,True,Q,0.9984747767448424,True,Q,True,False,False,False,13.8625920000095,0.00612100006947,2.3087590000159253,21.97795600000063,0.1016060000438301,38.25703400013936
Q.MOV,60,Q,True,Q,0.9941112399101256,True,Q,True,False,False,False,14.077583000016602,0.0075140001172258,2.3354270001618715,21.9978729999184,0.0922829999581154,38.510680000172215
Q.MOV,61,Q,True,Q,0.9903980493545532,True,Q,True,False,False,False,14.041871000017636,0.0072440000167262,2.314866999995502,22.034074000202963,0.1010629998745571,38.499119000107385
Q.MOV,62,Q,True,Q,0.9863161444664,True,Q,True,False,False,False,13.880150999966643,0.0090250000539526,2.325036999991425,21.991994000018167,0.0959210001383326,38.30212800016852
Q.MOV,63,Q,True,Q,0.9968061447143556,True,Q,True,False,False,False,13.898951999976816,0.0078820000908308,2.3188949999166653,22.017928999957803,0.1048980000177834,38.3485559999599
Q.MOV,64,Q,True,Q,0.9834368228912354,True,Q,True,False,False,False,13.972066000064842,0.0078279999797814,2.4342519998299395,22.00324499995077,0.1052580000759917,38.52264899990132
Q.MOV,65,Q,True,Q,0.9768820405006408,True,Q,True,False,False,False,14.231570999982068,0.0064040000324894,1.980479000167179,22.702427000012904,0.1046669999595906,39.02554800015423
Q.MOV,66,Q,True,Q,0.9515258073806764,True,Q,True,False,False,False,13.912557000026029,0.0066320001224084,2.2745809999378253,21.994889000097828,0.1124069999605126,38.3010660001446
Q.MOV,67,Q,True,Q,0.94605553150177,True,Q,True,False,False,False,13.935588999970603,0.007675000006202,2.277157999969859,22.00710300007813,0.0942649999160494,38.32178999994085
Q.MOV,68,Q,True,Q,0.9747028946876526,True,Q,True,False,False,False,13.883415000009336,0.0069200000325508,2.234243000202696,22.02795199991669,0.0926000000163185,38.2451300001776
Q.MOV,69,Q,True,Q,0.9911795258522034,True,Q,True,False,False,False,13.952047999964634,0.0073830001383612,2.499379999790108,22.04732499990314,0.0967720000062399,38.60290799980248
Q.MOV,70,Q,True,Q,0.9943016767501832,True,Q,True,False,False,False,14.031902000056109,0.0076649998845823,2.36076300006971,22.02746600005412,0.0929139998788741,38.52070999994339
Q.MOV,71,Q,True,Q,0.9951287508010864,True,Q,True,False,False,False,13.90858100000969,0.0093769999693904,3.0335459998696024,21.983825999996043,0.1049049999437556,39.04023499978848
Q.MOV,72,Q,True,Q,0.995015561580658,True,Q,True,False,False,False,14.163378000034754,0.0063140000747807,1.7398889999640232,22.033613999838053,0.1062880000972654,38.04948300000888
Q.MOV,73,Q,True,Q,0.9659410715103148,True,Q,True,False,False,False,13.949011000022438,0.0070829999003763,1.68102399993586,22.012400999983583,0.1102650001030269,37.75978399994528
Q.MOV,74,Q,True,Q,0.9622730016708374,True,Q,True,False,False,False,14.05299600003218,0.0072699999691394,2.3996039999474306,22.01751699999477,0.0980199999958131,38.57540699993933
Q.MOV,75,Q,True,Q,0.9595112800598145,True,Q,True,False,False,False,14.021708999962357,0.0069549998897855,2.2673339999528253,22.008520999861503,0.1031940000757458,38.407712999742216
Q.MOV,76,Q,True,Q,0.9773923754692078,True,Q,True,False,False,False,14.00903000001108,0.0062280000747705,2.2112409999408555,22.00711999989835,0.102279999964594,38.33589899988965
Q.MOV,77,Q,True,Q,0.98694509267807,True,Q,True,False,False,False,13.971847999982856,0.0070779999532533,2.448768000022028,22.01175000004696,0.1051280000865517,38.54457200009165
Q.MOV,78,Q,True,Q,0.99094557762146,True,Q,True,False,False,False,13.8079949999792,0.0067620001118484,2.335840000114331,22.04587999995056,0.099266000006537,38.29574300016248
Q.MOV,79,Q,True,Q,0.9950633645057678,True,Q,True,False,False,False,14.139808999971136,0.0069449999955395,2.9113970001617417,21.992995999880804,0.0941600001169717,39.1453070001262
Q.MOV,80,Q,True,Q,0.996004045009613,True,Q,True,False,False,False,13.879246999977113,0.0063580000642105,2.582530000154293,22.69308500012812,0.1303020001159893,39.29152200043973
Q.MOV,81,Q,True,Q,0.9931673407554626,True,Q,True,False,False,False,13.935367000044607,0.0072820000696083,2.859740000076272,22.135651999860784,0.1037449999330419,39.04178599998431
Q.MOV,82,Q,True,Q,0.9949842691421508,True,Q,True,False,False,False,13.831140999968738,0.008223000122598,2.3184520000540942,22.00909500015769,0.1093359999231324,38.27624700022625
Q.MOV,83,Q,True,Q,0.9949446320533752,True,Q,True,False,False,False,13.925243000016962,0.0061440000536094,2.260826000110683,21.96179499992468,0.0906729999314848,38.24468100003742
Q.MOV,84,Q,True,Q,0.9962437152862548,True,Q,True,False,False,False,13.838314999929937,0.0083900001754955,2.284792999944329,21.98690499994882,0.093572999958269,38.21197599995685
Q.MOV,85,Q,True,Q,0.9971530437469482,True,Q,True,False,False,False,14.068769999994402,0.0065419999373261,2.3618949999217875,22.084059000007983,0.0956179999320738,38.61688399979357
Q.MOV,86,Q,True,Q,0.9985467791557312,True,Q,True,False,False,False,13.934714000015449,0.0073900000643334,2.300122000178817,22.04520999998749,0.0935750001644919,38.38101100041058
Q.MOV,87,Q,True,Q,0.9982454776763916,True,Q,True,False,False,False,14.193166000040948,0.0075870000273425,2.419666000150756,22.031680999816672,0.1152880001882294,38.767388000223946
Q.MOV,88,Q,True,Q,0.9950531125068665,True,Q,True,False,False,False,13.999830999978258,0.0088550000327813,2.360941000006278,22.101969999994253,0.1377099999899655,38.609307000001536
Q.MOV,89,Q,True,Q,0.9947287440299988,True,Q,True,False,False,False,13.964221000037467,0.0108609999642794,3.057552999962354,22.35703399992417,0.0968259998899156,39.48649499977819
Q.MOV,90,Q,True,Q,0.9957298636436462,True,Q,True,False,False,False,14.18813999998747,0.0075460000061866,2.2819970001819456,21.98153399990588,0.0952699999743345,38.554487000055815
Q.MOV,91,Q,True,Q,0.979778289794922,True,Q,True,False,False,False,13.85289699999248,0.0077489999057434,2.669534000006024,22.00917899995148,0.0964660000590811,38.6358249999148
Q.MOV,92,Q,True,Q,0.9751051068305968,True,Q,True,False,False,False,14.001031000020705,0.0138269999752083,3.1194959999538696,25.032346999978472,0.1171500000509695,42.28385099997922
Q.MOV,93,Q,True,Q,0.9869511127471924,True,Q,True,False,False,False,14.05286800002159,0.0069330001224443,2.328884999997172,22.03060099986942,0.092437999910544,38.51172499992117
Q.MOV,94,Q,True,Q,0.993564784526825,True,Q,True,False,False,False,14.035048999971876,0.007600000117236,2.6184969999576424,22.01392200004193,0.1042709998273494,38.77933899991604
Q.MOV,95,Q,True,Q,0.995961368083954,True,Q,True,False,False,False,14.04100299998845,0.0072480002017982,2.335929000082615,22.025220999921657,0.1054150000072695,38.51481600020179
Q.MOV,96,Q,True,Q,0.9970778226852416,True,Q,True,False,False,False,13.94277300005342,0.0072000000272964,2.533329000016238,22.036392000018168,0.1125399999182263,38.63223400003335
Q.MOV,97,Q,True,Q,0.9927825927734376,True,Q,True,False,False,False,13.902933000053965,0.0072380000801786,2.387087999977666,22.02958199995919,0.1058880000073259,38.432729000078325
Q.MOV,98,Q,True,Q,0.9925779700279236,True,Q,True,False,False,False,13.821599000038988,0.0081120001595991,2.3993030001747684,22.037278999960108,0.1094970000394823,38.37579000037295
Q.MOV,99,Q,True,Q,0.9911276698112488,True,Q,True,False,False,False,13.870285000052718,0.0077029999374644,2.3016799998458737,22.143831999983377,0.1225649998559674,38.4460649996754
Q.MOV,100,Q,True,Q,0.9965452551841736,True,Q,True,False,False,False,13.964525999995203,0.0073990001965285,2.3191720001705107,21.993898999880912,0.096194000207106,38.38119000045026
Q.MOV,101,Q,True,Q,0.996606945991516,True,Q,True,False,False,False,13.869752000005064,0.0074470001436566,2.347111000062796,22.045707999950537,0.1032340001074771,38.37325200026953
Q.MOV,102,Q,True,Q,0.9968602657318116,True,Q,True,False,False,False,13.985531000002991,0.007564999805254,2.3324119999870163,22.029666999969777,0.0933139999688137,38.448488999733854
Q.MOV,103,Q,True,Q,0.995708703994751,True,Q,True,False,False,False,14.061006000019916,0.0070999999479681,2.31899200002772,22.051459999829603,0.1206700001148419,38.55922799994005
Q.MOV,104,Q,True,Q,0.9955883026123048,True,Q,True,False,False,False,13.920744000074592,0.0072889999955805,2.332367000008162,22.01118600009977,0.0922910001008858,38.36387700027899
Q.MOV,105,Q,True,Q,0.9967206120491028,True,Q,True,False,False,False,13.867709999999532,0.0068220001594454,2.2828969999864057,22.029393999901004,0.1031799999964278,38.290003000042816
Q.MOV,106,Q,True,Q,0.9943095445632936,True,Q,True,False,False,False,13.900007999950503,0.0077119998422858,2.370470999949248,22.03233299997009,0.096581999969203,38.407105999681335
Q.MOV,107,Q,True,Q,0.9946765899658204,True,Q,True,False,False,False,13.873495999973784,0.0061030000324535,2.3052110000207904,22.034542000028523,0.1268439998511894,38.34619599990674
Q.MOV,108,Q,True,Q,0.997458517551422,True,Q,True,False,False,False,14.165097999921272,0.0074060001225007,2.2847200000342127,22.00405000007777,0.0962770000114687,38.55755100016722
Q.MOV,109,Q,True,Q,0.9975357055664062,True,Q,True,False,False,False,13.993325000001278,0.0080629999956727,2.3210950000702724,22.02704699993774,0.0940230002015596,38.44355300020652
Q.MOV,110,Q,True,Q,0.9989921450614928,True,Q,True,False,False,False,13.879751999979815,0.0082430001384636,2.3108460000003106,22.016539999867742,0.113786000156324,38.32916700014266
Q.MOV,111,Q,True,Q,0.9976999163627625,True,Q,True,False,False,False,13.869440000007671,0.0070080000114103,2.291506999881676,22.06569099985245,0.1140520000717515,38.34769799982496
Q.MOV,112,Q,True,Q,0.9977967739105223,True,Q,True,False,False,False,13.960901000018566,0.0065280000853817,2.373042000044734,22.024850999969203,0.1060219999544642,38.47134400007235
Q.MOV,113,Q,True,Q,0.997619926929474,True,Q,True,False,False,False,14.021148999972866,0.0164470000072469,2.411195000149746,22.00817800007826,0.0928710001062427,38.54984000031436
Q.MOV,114,Q,True,Q,0.9959595799446106,True,Q,True,False,False,False,13.819788999967386,0.0067799999214912,2.376916999992318,22.00659999994059,0.1047830000970861,38.31486899991887
Q.MOV,115,Q,True,Q,0.9981359243392944,True,Q,True,False,False,False,13.941800999987208,0.0069699999585282,2.281333000155428,22.01194100007342,0.0916680000955239,38.33371300027011
Q.MOV,116,Q,True,Q,0.9992263317108154,True,Q,True,False,False,False,13.938797999912822,0.0070080000114103,2.3807460001989966,21.99938700005077,0.0951690001329552,38.42110800030696
Q.MOV,117,Q,True,Q,0.9977419376373292,True,Q,True,False,False,False,14.107258999956684,0.0077309998687269,2.33058699996036,22.067446999926688,0.1068409999334107,38.61986499964587
Q.MOV,118,Q,True,Q,0.9914058446884156,True,Q,True,False,False,False,13.961752999989583,0.0075190000643488,2.2884130000875302,22.000669999897585,0.0966029999744932,38.35495800001354
Q.MOV,119,Q,True,Q,0.997283101081848,True,Q,True,False,False,False,13.990067999998246,0.0059369999689806,2.285249000124168,22.01808099994196,0.0929009997889807,38.39223599982233
Q.MOV,120,Q,True,Q,0.9952057003974916,True,Q,True,False,False,False,13.953136000054656,0.006195000196385,2.394593999952121,22.00624199986123,0.1082930000393389,38.46846000010373
Q.MOV,121,Q,True,Q,0.9920361638069152,True,Q,True,False,False,False,14.285400999938249,0.0067370001488598,2.298684000152207,22.000020999939807,0.1108799999656184,38.70172300014474
Q.MOV,122,Q,True,Q,0.9896251559257508,True,Q,True,False,False,False,14.014712999937728,0.0067010000748268,2.2683389997837367,22.05506499990406,0.1174609999452513,38.462278999645605
Q.MOV,123,Q,True,Q,0.9922635555267334,True,Q,True,False,False,False,13.856348999979671,0.0069059999532328,2.3357710001619125,22.023507999847425,0.096363000011479,38.31889699995372
Q.MOV,124,Q,True,Q,0.992900013923645,True,Q,True,False,False,False,13.920295999923836,0.0063749998844286,2.303292999840778,22.047351999844977,0.1222309999775461,38.39954699947157
Q.MOV,125,Q,True,Q,0.9964906573295592,True,Q,True,False,False,False,14.131693999956951,0.0076060000537836,2.338623000014195,22.01959299986811,0.1056720000178756,38.60318799991092
Q.MOV,126,Q,True,Q,0.9857104420661926,True,Q,True,False,False,False,14.045423999959894,0.0075389998528407,2.3575349998736783,22.032766999927844,0.0930759999846486,38.536340999598906
Q.MOV,127,Q,True,Q,0.9898974895477296,True,Q,True,False,False,False,14.224751999904583,0.0066810000589612,2.382162000003518,22.019270999862783,0.1101860000289889,38.74305199985884
Q.MOV,128,Q,True,Q,0.997114896774292,True,Q,True,False,False,False,13.901744000008875,0.0092220000169618,2.3602660000960896,22.20971799988547,0.315010000122129,38.795960000129526
Q.MOV,129,Q,True,Q,0.9973381161689758,True,Q,True,False,False,False,13.940157999968504,0.0118560001283185,2.535911999984819,22.092541999882087,0.1101909999761119,38.69065899993984
Q.MOV,130,Q,True,Q,0.9965503215789796,True,Q,True,False,False,False,13.814419000027556,0.0074239999321434,2.3535140001058608,22.014283000089563,0.0895100001798709,38.279150000334994
Q.MOV,131,Q,True,Q,0.9966509938240052,True,Q,True,False,False,False,13.942554999971437,0.0066800000695366,2.390824000030989,22.03601600012917,0.0942120000217983,38.470287000222925
Q.MOV,132,Q,True,Q,0.9972814321517944,True,Q,True,False,False,False,13.88847300006546,0.0080089998846233,2.2406850000606937,22.042779000003065,0.1197249998767802,38.29967099989062
Q.MOV,133,Q,True,Q,0.9994925260543824,True,Q,True,False,False,False,13.875483000106216,0.0066919999426318,2.3792220001723763,22.136831999887363,0.0945710000905819,38.49280000019917
Q.MOV,134,Q,True,Q,0.9995468258857728,True,Q,True,False,False,False,14.208216999918475,0.006963000032556,2.3349489999873185,22.03204099987488,0.09538600011183,38.67755599992506
Q.MOV,135,Q,True,Q,0.9995194673538208,True,Q,True,False,False,False,13.900943999942683,0.0068920001012884,2.2708080000484188,22.01160299978256,0.1143720000982284,38.30461899997317
Q.MOV,136,Q,True,Q,0.9996905326843262,True,Q,True,False,False,False,13.94151299996338,0.0076190001436771,2.388940000173534,21.991049999996903,0.1023840000016207,38.43150600027912
Q.MOV,137,Q,True,Q,0.9996641874313354,True,Q,True,False,False,False,14.171761999932642,0.0077979998422961,2.2502179999719374,22.08549900001344,0.0994570000329986,38.61473399979332
Q.MOV,138,Q,True,Q,0.9995686411857604,True,Q,True,False,False,False,13.956994999944072,0.0084799999058304,2.311456999905204,22.02990000000682,0.1007299999855604,38.407561999747486
Q.MOV,139,Q,True,Q,0.9995649456977844,True,Q,True,False,False,False,13.786783999989892,0.0063019999743119,2.248980000103984,21.994293000034304,0.0913890000902029,38.127748000192696
Q.MOV,140,Q,True,Q,0.999366581439972,True,Q,True,False,False,False,13.814973999956235,0.0080820000221137,2.336669999976948,22.01189900006284,0.0931409999793686,38.26476599999751
Q.MOV,141,Q,True,Q,0.999701201915741,True,Q,True,False,False,False,14.045622000026016,0.0070989999585435,2.246670999966227,21.968358000094668,0.1087019998067262,38.37645199985218
Q.MOV,142,Q,True,Q,0.999868631362915,True,Q,True,False,False,False,13.874416000021483,0.0066009999954985,2.262740999867674,22.04099300001872,0.0899259998732304,38.2746769997766
Q.MOV,143,Q,True,Q,0.9998533725738524,True,Q,True,False,False,False,13.76337399995009,0.007968000090841,2.3411979998400057,22.03122300011273,0.1070190000973525,38.25078200009102
R.MOV,0,R,True,X,0.7491381764411926,False,X,False,False,False,True,14.494411000100628,0.0091609999799402,2.4997009998060093,22.14900699982536,0.1029340000968659,39.2552139998088
R.MOV,1,R,True,X,0.5029469728469849,False,X,False,False,False,True,14.134853999962615,0.0083769998582283,2.2955580000143527,22.159981000186235,0.0924649998523818,38.69123499987381
R.MOV,2,R,True,H,0.5261048674583435,False,H,False,False,False,True,13.810291000027064,0.0082080000538553,2.6520419999087608,22.057566000057705,0.1095500001611071,38.63765700020849
R.MOV,3,R,True,H,0.4712497293949127,False,H,False,False,False,True,13.879873000064435,0.0083290001384739,2.3851700000250275,22.06371000011132,0.0987420000910788,38.43582400043033
R.MOV,4,R,True,H,0.6072190403938293,False,H,False,False,False,True,14.034320999940064,0.0101460000223596,3.42457400006424,22.029126000006727,0.0996589999431307,39.59782599997652
R.MOV,5,R,True,H,0.7539635896682739,False,H,False,False,False,True,13.9864340000031,0.0084579999111156,2.4274439999771857,22.085596999886548,0.1013409998904535,38.6092739996684
R.MOV,6,R,True,H,0.5705433487892151,False,H,False,False,False,True,14.148944999988087,0.0081610000961518,2.2831670000869053,22.04545699987648,0.1090570001451851,38.59478700019281
R.MOV,7,R,True,H,0.6615729928016663,False,H,False,False,False,True,13.95402399998602,0.0069570000960084,2.235681999991357,22.051488999977664,0.1164170000720332,38.36456900012308
R.MOV,8,R,True,H,0.8772554397583008,False,H,False,False,False,True,13.985660999992431,0.0074539998422551,2.275972000006732,22.021377999863034,0.1180329998078377,38.40849799951229
R.MOV,9,R,True,H,0.9045210480690002,False,H,False,False,False,True,13.929734000043936,0.0074699999004224,2.340105000030235,22.03247800002828,0.0967990001754515,38.40658600017832
R.MOV,10,R,True,X,0.4616168737411499,False,X,False,False,False,True,13.858163000008972,0.0071719998686603,2.354504000095403,22.01556399995752,0.1100670001505932,38.34547000008115
R.MOV,11,R,True,H,0.4849890470504761,False,H,False,False,False,True,13.850284000000102,0.0076900000749446,2.3469010000098933,22.053121999988434,0.0944440000694157,38.35244100014279
R.MOV,12,R,True,H,0.5151310563087463,False,H,False,False,False,True,13.981843000010484,0.0077760000749549,2.5067110000236426,22.66909700006181,0.1058180000654829,39.27124500023638
R.MOV,13,R,True,H,0.5291954874992371,False,H,False,False,False,True,14.170743000022412,0.0073809999321383,2.34143500006212,21.97500600004787,0.0957470001594629,38.590312000224
R.MOV,14,R,True,H,0.6437755823135376,False,H,False,False,False,True,13.805962999981602,0.0072689999797148,1.6952639998635275,22.078179999880376,0.1108349999867641,37.69751099969199
R.MOV,15,R,True,X,0.4368847906589508,False,X,False,False,False,True,13.811791999955858,0.0065350000113539,1.6292969999085471,22.046345000035217,0.1043780000600236,37.598346999971
R.MOV,16,R,True,X,0.8594413995742798,False,X,False,False,False,True,13.823784999999589,0.0070090000008349,1.7431429998850945,22.000621999950454,0.0934080001115944,37.667966999947566
R.MOV,17,R,True,H,0.5859552621841431,False,H,False,False,False,True,14.06002900000658,0.0072359998739557,1.6933450001488382,21.968385000036506,0.0925700001062068,37.821565000172086
R.MOV,18,R,True,H,0.7363491654396057,False,H,False,False,False,True,13.869175999957406,0.0096519997896393,1.790317000086361,22.11543799990068,0.093228999958228,37.87781199969231
R.MOV,19,R,True,H,0.5089357495307922,False,H,False,False,False,True,13.849019000076623,0.007595000170113,2.621059999910358,22.691262000080314,0.0956310000219673,39.264567000259376
R.MOV,20,R,True,H,0.6882428526878357,False,H,False,False,False,True,14.052191000018864,0.0077700001384073,2.3393960000248626,22.0144369998252,0.0943770000958466,38.508171000103175
R.MOV,21,R,True,H,0.6182609796524048,False,H,False,False,False,True,13.929630999996334,0.0083200000062788,2.3376020001251163,22.052822999967248,0.124234999930195,38.45261100002517
R.MOV,22,R,True,H,0.5611947774887085,False,H,False,False,False,True,13.979314000039269,0.008247000096162,2.362545000096361,22.054033999893363,0.1139779999448364,38.51811800006999
R.MOV,23,R,True,H,0.6300600171089172,False,H,False,False,False,True,13.846353000076306,0.0079310000273835,2.40646299994296,22.05589100003636,0.1107479999973293,38.42738600008033
R.MOV,24,R,True,X,0.70949387550354,False,X,False,False,False,True,13.817330000051696,0.0065360000007785,2.340649999950984,22.012682000195127,0.0958789999003784,38.273077000098965
R.MOV,25,R,True,H,0.4896976053714752,False,H,False,False,False,True,14.055631000019275,0.0074099998528254,2.644611000050645,22.093384000072547,0.0982819999535422,38.89931799994884
R.MOV,26,R,True,X,0.5281550288200378,False,X,False,False,False,True,13.924548999966646,0.0084509999851434,2.3166430000856053,22.05106499991416,0.1117890001296473,38.4124970000812
R.MOV,27,R,True,X,0.8385148048400879,False,X,False,False,False,True,13.84772200003681,0.0075359998845669,2.3105790000954585,22.026680999942982,0.0934530000904487,38.28597100005027
R.MOV,28,R,True,X,0.9766435027122498,False,X,False,False,False,True,13.94653299996662,0.0086029999692982,2.235770999959641,22.11344900001677,0.1113990001613274,38.41575500007366
R.MOV,29,R,True,X,0.9819197058677672,False,X,False,False,False,True,14.017517000070256,0.0083200000062788,2.323473000160448,22.05460799996217,0.0954110000748187,38.49932900027397
R.MOV,30,R,True,X,0.990723192691803,False,X,False,False,False,True,13.87473099998715,0.0076779999744758,2.4025699999583594,22.036284000023443,0.1007350001600571,38.421998000103486
R.MOV,31,R,True,X,0.9962552785873412,False,X,False,False,False,True,13.880794999977295,0.0089519999164622,2.3513380001531914,22.04864800000905,0.104824999880293,38.394557999936296
R.MOV,32,R,True,X,0.9946395754814148,False,X,False,False,False,True,13.93639900004473,0.0082450001173128,2.389291000099547,22.08415499990224,0.0945219999266555,38.512612000090485
R.MOV,33,R,True,X,0.9955405592918396,False,X,False,False,False,True,13.848506999920572,0.0072149998686654,2.3356639999292383,21.999750000077256,0.1084189998437068,38.29955499963944
R.MOV,34,R,True,X,0.9826849102973938,False,X,False,False,False,True,13.986661999979331,0.0074360000326123,2.331186999981582,22.02286900001127,0.09032599996317,38.43847999996797
R.MOV,35,R,True,X,0.9420316219329834,False,X,False,False,False,True,13.937808000036966,0.0070410001171694,2.273070999990523,22.035158999869964,0.1700420000361191,38.42312100005074
R.MOV,36,R,True,X,0.9353804588317872,False,X,False,False,False,True,13.880929000038122,0.0071839999691292,2.333076000013534,22.029947999953947,0.0935570001274754,38.34469400010221
R.MOV,37,R,True,X,0.7546641230583191,False,X,False,False,False,True,13.884078999922169,0.0076639998951577,2.342789000067569,22.068605999947977,0.1116910000291682,38.41482899986204
R.MOV,38,R,True,X,0.6688623428344727,False,X,False,False,False,True,14.16059400003178,0.006195999958436,2.327977000049941,22.051427999940643,0.1125460000821476,38.65874100006295
R.MOV,39,R,True,H,0.4052285254001617,False,H,False,False,False,True,15.465880000078869,0.0067890000536863,2.248687000019345,22.00814399998308,0.0996530000065831,39.82915300014156
R.MOV,40,R,True,H,0.5295311808586121,False,H,False,False,False,True,14.0480039999602,0.0076239998634264,2.369261000012557,22.03343499991206,0.0978049999957875,38.55612899974403
R.MOV,41,R,True,H,0.7916062474250793,False,H,False,False,False,True,14.061349000030532,0.0070599999162368,2.460986000187404,22.55970900000648,0.1016479998270369,39.19075199996769
R.MOV,42,R,True,H,0.7840273976325989,False,H,False,False,False,True,13.832395000008546,0.0078769999163341,2.2996189998139016,22.01252500003648,0.099061999890182,38.25147799966544
R.MOV,43,R,True,H,0.7301971912384033,False,H,False,False,False,True,15.00926599999275,0.0083489999269659,2.444036000042616,22.059172999888688,0.0968350000221107,39.61765899987313
R.MOV,44,R,True,H,0.9061916470527648,False,H,False,False,False,True,16.34532200000649,0.0072410000484524,2.280010999811566,21.970015000079,0.1047250000283384,40.70731399997385
R.MOV,45,R,True,H,0.9774059653282166,False,H,False,False,False,True,14.015733999940494,0.008591000096203,2.597877999960474,22.08565000000817,0.1211340002100769,38.82898700021542
R.MOV,46,R,True,H,0.9912799000740052,False,H,False,False,False,True,13.808690000018942,0.0073440000960545,2.263541000047553,22.025897000048644,0.1060439999491791,38.21151600016037
R.MOV,47,R,True,H,0.9943873286247252,False,H,False,False,False,True,13.870459000031587,0.008028000138438,2.33495500015124,22.03896400010308,0.1080539998383756,38.36046000026272
R.MOV,48,R,True,H,0.9954643845558168,False,H,False,False,False,True,13.851541000008185,0.0064280000060534,2.232874999890555,21.9971159999659,0.143969000191646,38.23192900006234
R.MOV,49,R,True,H,0.9892102479934692,False,H,False,False,False,True,13.931668000054742,0.0075850000484933,2.550467999981265,22.01767599990489,0.0925300000744755,38.59992700006387
R.MOV,50,R,True,H,0.9896605014801024,False,H,False,False,False,True,13.847172000055252,0.0088179999693238,2.429218999850491,22.033316000033665,0.1054249999015155,38.42394999981025
R.MOV,51,R,True,H,0.970779538154602,False,H,False,False,False,True,13.97146299996166,0.0078040000062173,2.313127999968856,21.99092800015024,0.101303000064945,38.38462600015191
R.MOV,52,R,True,H,0.9633272886276244,False,H,False,False,False,True,13.86523299993314,0.0066950001382792,2.2794419999172533,22.632788000009896,0.096781000138435,38.880939000137005
R.MOV,53,R,True,H,0.9873265624046326,False,H,False,False,False,True,13.911575000065568,0.0071629999638389,2.3804969998764136,22.620966999966186,0.1068870001290633,39.02708900000107
R.MOV,54,R,True,H,0.9833444952964784,False,H,False,False,False,True,13.950069999964398,0.0069810000695724,2.2716480000326555,21.99923300008777,0.0956689998474757,38.32360100000187
R.MOV,55,R,True,H,0.9873385429382324,False,H,False,False,False,True,13.812034000011408,0.008038000032684,2.3187760000382696,21.997843000008288,0.1368820001061976,38.27357300019685
R.MOV,56,R,True,H,0.9919405579566956,False,H,False,False,False,True,13.866502000041692,0.0071690001277602,2.323477000118146,21.99940400009837,0.0905990000319434,38.28715100041791
R.MOV,57,R,True,H,0.995591938495636,False,H,False,False,False,True,13.92412500001683,0.0073520000114513,2.288050000061048,22.082422000039514,0.1089509999019355,38.41090000003078
R.MOV,58,R,True,H,0.9970383644104004,False,H,False,False,False,True,13.870194999981322,0.0083679999534069,2.6766339999539923,22.016210999936447,0.0948639999478473,38.666271999773016
R.MOV,59,R,True,H,0.9880494475364684,False,H,False,False,False,True,13.885346000051868,0.0095320001491927,2.621475999831091,21.98907399997552,0.0910270000531454,38.596455000060814
R.MOV,60,R,True,H,0.9052947759628296,False,H,False,False,False,True,13.886497000044074,0.0075779998951475,2.2770169998693746,21.97960199987392,0.1079579999441193,38.25865199962664
R.MOV,61,R,True,H,0.827883780002594,False,H,False,False,False,True,13.98663400004807,0.0090120001914328,2.407862999916688,22.04461899987109,0.0939239998842822,38.54205199991157
R.MOV,62,R,True,H,0.6508998274803162,False,H,False,False,False,True,13.899306999974216,0.0092309999217832,1.7173109999930602,22.70739200002936,0.0943649999953777,38.427605999913794
R.MOV,63,R,True,H,0.7430352568626404,False,H,False,False,False,True,13.827524000021183,0.0099149999641667,2.8297940000356903,22.665741999844613,0.0921599998946476,39.4251349997603
R.MOV,64,R,True,H,0.5082884430885315,False,H,False,False,False,True,13.8480419999496,0.0072220000220113,2.3300640000343265,22.07408599997507,0.0965369999903487,38.35595099997136
R.MOV,65,R,True,X,0.5621753334999084,False,X,False,False,False,True,13.913908000063202,0.0119119999908434,3.117229000054067,23.51944499991987,0.138699999979508,40.70119400000749
R.MOV,66,R,True,X,0.510699450969696,False,X,False,False,False,True,13.980128999946828,0.0083029999586869,2.448753000180659,22.10253500015824,0.0963410000167641,38.63606100026118
R.MOV,67,R,True,X,0.6167623996734619,False,X,False,False,False,True,13.897366000037437,0.0065770000219345,2.3335900000347465,21.988778000149978,0.0957849999849713,38.32209600022907
R.MOV,68,R,True,X,0.6514561772346497,False,X,False,False,False,True,13.894974999971057,0.0088390002019878,2.053057000011904,22.290745999953288,0.0927990001855505,38.340416000323785
R.MOV,69,R,True,R,0.6161985397338867,True,R,True,False,False,False,14.133653000044433,0.0076490000537887,2.4725499999931344,22.060391999957574,0.1042359999701147,38.77848000001904
R.MOV,70,R,True,R,0.7522693872451782,True,R,True,False,False,False,13.96501299996089,0.008535999995729,2.4538970001231064,22.06104000015329,0.1059829999121575,38.59446900014518
R.MOV,71,R,True,R,0.6074920296669006,True,R,True,False,False,False,13.899828999910824,0.0081700000009732,2.406107000069824,21.991922000097475,0.1041109999277978,38.41013900000689
R.MOV,72,R,True,X,0.7001293301582336,False,X,False,False,False,True,13.939686999947298,0.0078479999956471,2.355908000026829,22.01651499990476,0.109824999981356,38.42978299985589
R.MOV,73,R,True,X,0.5269649028778076,False,X,False,False,False,True,14.074599999958082,0.0072039999849948,2.378456000087681,22.58303899998282,0.0929069999529019,39.13620599996648
R.MOV,74,R,True,X,0.4990300834178924,False,X,False,False,False,True,13.8517730000558,0.0099840001439588,2.447933999974339,22.09105199995065,0.1254680000783992,38.52621100020315
R.MOV,75,R,True,H,0.6633328199386597,False,H,False,False,False,True,13.800172000060227,0.0084630000856122,2.95806599979187,21.989492999864524,0.1165910000509029,38.87278499985314
R.MOV,76,R,True,H,0.6797379851341248,False,H,False,False,False,True,13.799760999972932,0.0072139998792408,2.355428000100801,22.064389999968625,0.1191989999824727,38.34599199990407
R.MOV,77,R,True,H,0.7871397137641907,False,H,False,False,False,True,14.11809399996855,0.007145999916247,2.5186719999510387,22.095233000072767,0.1234960000147111,38.86264099992332
R.MOV,78,R,True,H,0.6902356743812561,False,H,False,False,False,True,13.819840000110162,0.0072349998845311,2.420691999986957,22.0664979999583,0.1149069998973573,38.42917199983731
R.MOV,79,R,True,H,0.7614638209342957,False,H,False,False,False,True,13.819890999911877,0.0079120000009424,2.3038449999148725,21.996963999981745,0.0978949999534961,38.22650699976293
R.MOV,80,R,True,H,0.8109627962112427,False,H,False,False,False,True,13.915458000042236,0.0077459999374696,2.35849299997426,22.0213990000957,0.1119720000133384,38.415068000063
R.MOV,81,R,True,H,0.8381047248840332,False,H,False,False,False,True,13.900731000035194,0.0070799999321025,2.287263999960487,22.02499500003796,0.0937929999054176,38.31386299987116
R.MOV,82,R,True,H,0.9614564180374146,False,H,False,False,False,True,13.948647999995956,0.0075049999850307,2.30683300014789,22.55599299996902,0.0930549999793584,38.912034000077256
R.MOV,83,R,True,H,0.98480486869812,False,H,False,False,False,True,13.95855600003415,0.007456000048478,2.379152999992584,22.03589999999167,0.0968850001754617,38.477950000242345
R.MOV,84,R,True,H,0.9758319854736328,False,H,False,False,False,True,14.107170999977823,0.006688999974358,2.3406299999351177,22.010957000020426,0.1040540000758483,38.569500999983575
R.MOV,85,R,True,H,0.995959222316742,False,H,False,False,False,True,13.998756999967554,0.0075760001436719,2.412015999880168,22.01860799982569,0.0926230000004579,38.52957999981754
R.MOV,86,R,True,H,0.9945353269577026,False,H,False,False,False,True,14.047473999994509,0.0073569999585743,2.470730000140975,22.05517499987764,0.103670000044076,38.68440600001577
R.MOV,87,R,True,H,0.9908879995346068,False,H,False,False,False,True,14.083894999998847,0.0076300000273477,2.3650020000332006,22.0268620000752,0.0957919999109435,38.57918100004554
R.MOV,88,R,True,H,0.9857921600341796,False,H,False,False,False,True,13.926768000033007,0.0066730001435644,2.380102999950396,22.008217999882618,0.0971649999428336,38.41892699995242
R.MOV,89,R,True,H,0.9967269897460938,False,H,False,False,False,True,13.974925999946208,0.0077880001754238,2.409790000001521,22.031921999996484,0.1110589998916111,38.53548500001125
R.MOV,90,R,True,H,0.9951735138893129,False,H,False,False,False,True,14.328095999985637,0.0112589998479961,2.464455999870552,22.05944599995746,0.0937529998736863,38.95700999953533
R.MOV,91,R,True,H,0.9975511431694032,False,H,False,False,False,True,13.795134999895708,0.0072539999109721,2.4032919998262514,22.03484100004971,0.1099240000712598,38.3504459997539
R.MOV,92,R,True,H,0.9844181537628174,False,H,False,False,False,True,13.82214099999146,0.0070369999320973,2.3137739999583573,22.0139850000578,0.0900610000371671,38.24699799997688
R.MOV,93,R,True,H,0.9933740496635436,False,H,False,False,False,True,13.934138999957211,0.0067749999743682,2.422246999913113,22.06721499987907,0.1481680001234053,38.57854399984717
R.MOV,94,R,True,H,0.9942863583564758,False,H,False,False,False,True,13.844070000004647,0.0077319998581515,2.3632320001070184,22.000219999881665,0.1035539999065804,38.318807999758064
R.MOV,95,R,True,H,0.9914895296096802,False,H,False,False,False,True,14.021389000049568,0.0066300001435593,2.310491000116599,21.99418500003958,0.0952259999849047,38.42792100033421
R.MOV,96,R,True,H,0.988062858581543,False,H,False,False,False,True,14.017634999959228,0.0083730001279036,2.343282000083491,22.057257999904323,0.1163519998499396,38.54289999992488
R.MOV,97,R,True,H,0.7659731507301331,False,H,False,False,False,True,13.999022999996669,0.0084820001120533,2.327376000039294,22.014832000195383,0.1080370000181574,38.45775000036156
R.MOV,98,R,True,H,0.53899747133255,False,H,False,False,False,True,13.90148899997712,0.0081499999851075,2.3946129999785626,22.044801999982155,0.1112180000291118,38.460271999952056
R.MOV,99,R,True,H,0.6142433881759644,False,H,False,False,False,True,13.975193000078434,0.0066549998791742,2.3836780001147417,22.06338899986804,0.1226229999247152,38.551537999865104
R.MOV,100,R,True,R,0.6764125823974609,True,R,True,False,False,False,13.99146199992174,0.0070220000907283,2.310622000095464,21.98035800006437,0.0942550000218034,38.383719000194105
R.MOV,101,R,True,R,0.6514075398445129,True,R,True,False,False,False,13.993272999982764,0.0096829999165493,2.416511000092214,22.13116099983381,0.1064919999862468,38.657119999811584
R.MOV,102,R,True,R,0.6465197205543518,True,R,True,False,False,False,14.553155000044171,0.0087800001438154,2.36396600007538,22.068878000027325,0.1007609998850966,39.09554000017579
R.MOV,103,R,True,X,0.4156926870346069,False,X,False,False,False,True,14.18446499997117,0.0093060000381228,2.6177899999311194,22.162997999885192,0.1013060000332188,39.07586499985882
R.MOV,104,R,True,R,0.5001185536384583,True,R,True,False,False,False,14.441836000059991,0.0096129999747063,2.380440000024464,22.096746999977768,0.1111010001295653,39.0397370001665
R.MOV,105,R,True,X,0.4653156399726867,False,X,False,False,False,True,14.129585999967276,0.0065780000113591,2.307484999846565,22.03209499998593,0.1147840000612632,38.59052799987239
R.MOV,106,R,True,R,0.5848983526229858,True,R,True,False,False,False,14.410637999958452,0.0078719999692111,2.536626000164688,22.605399999974907,0.1009319998956925,39.66146799996295
R.MOV,107,R,True,X,0.4586321711540222,False,X,False,False,False,True,14.166953000085414,0.0080049999269249,2.3873150000781607,22.00459900018359,0.1015509999433561,38.66842300021744
R.MOV,108,R,True,R,0.5785908102989197,True,R,True,False,False,False,13.956066999980976,0.0064160001329582,2.3857819999193453,21.99422500007131,0.1004680000278313,38.44295800013242
R.MOV,109,R,True,X,0.5314842462539673,False,X,False,False,False,True,14.106552000043848,0.0070940000114205,2.272125999979835,22.05909499980408,0.0976900000750902,38.54255699991427
R.MOV,110,R,True,H,0.448294997215271,False,H,False,False,False,True,13.996205000012196,0.0081499999851075,2.412422000134029,22.11529100009102,0.0962530000379047,38.62832100026026
R.MOV,111,R,True,R,0.4498614966869354,True,R,True,False,False,False,14.00496500002646,0.0074229999427188,2.4109530002078827,22.024503000011464,0.1011110000490589,38.548955000237584
R.MOV,112,R,True,R,0.3976129293441772,True,R,True,False,False,False,14.052600000013626,0.0076649998845823,2.422808999881454,22.06350899996324,0.0938339999265736,38.64041699966947
R.MOV,113,R,True,H,0.922770619392395,False,H,False,False,False,True,14.023801999996977,0.0080029999480757,2.3394259999349742,22.03953799994452,0.1100730000871408,38.52084199991168
R.MOV,114,R,True,H,0.8389812111854553,False,H,False,False,False,True,13.901555999950688,0.0087620001067989,2.4151320001237764,22.104328000068563,0.112136999860013,38.54191500010984
R.MOV,115,R,True,H,0.9873331785202026,False,H,False,False,False,True,14.05600099997173,0.0082290000591456,2.3879679999936343,22.046721000151592,0.0935670000217214,38.59248600019782
R.MOV,116,R,True,H,0.9986578226089478,False,H,False,False,False,True,14.010525000003328,0.0080659999639465,2.3876840000411903,22.04416600011428,0.1015180000649706,38.55195900018771
R.MOV,117,R,True,H,0.994088053703308,False,H,False,False,False,True,14.312995999944178,0.0093670000751444,2.3982359998626634,22.1660070001235,0.1043309998749464,38.99093699988043
R.MOV,118,R,True,H,0.9965792298316956,False,H,False,False,False,True,14.200994000020728,0.0082419999216654,2.4659519999659096,22.19643800003724,0.0973300000168819,38.96895599996242
R.MOV,119,R,True,H,0.9962027668952942,False,H,False,False,False,True,14.104309999993347,0.0071149997893371,2.3116039999422355,22.039639000013267,0.1023990000703634,38.56506699980855
R.MOV,120,R,True,H,0.9868096113204956,False,H,False,False,False,True,14.045121999970434,0.0075030000061815,2.5601339998502226,22.05042400009916,0.0939430001380969,38.75712600006409
R.MOV,121,R,True,H,0.996458113193512,False,H,False,False,False,True,14.062751999972534,0.0070930000219959,2.571891000116011,21.98962600004961,0.0946590000694413,38.72602100022959
R.MOV,122,R,True,H,0.9983421564102172,False,H,False,False,False,True,14.024653999967995,0.0066520001382741,2.260707999994338,21.98364999981095,0.0990359999377687,38.37469999984933
R.MOV,123,R,True,H,0.9995878338813782,False,H,False,False,False,True,13.929926000059822,0.0068080000801273,2.3403099999086407,22.035275999996884,0.1125060000504163,38.42482600009589
R.MOV,124,R,True,H,0.9997380375862122,False,H,False,False,False,True,14.004214000010506,0.0075600000855047,2.3949470000843576,22.025429999985136,0.0946659999954135,38.52681700016092
R.MOV,125,R,True,H,0.999821126461029,False,H,False,False,False,True,14.008714000055988,0.0080459999480808,2.378532999955496,22.12304699992273,0.106731999949261,38.62507199983156
R.MOV,126,R,True,H,0.9997164607048036,False,H,False,False,False,True,14.045315999965169,0.0441829999999754,2.531298000121751,22.02936599996974,0.0920739998946373,38.74223699995128
R.MOV,127,R,True,H,0.9997947812080384,False,H,False,False,False,True,13.996031000033328,0.007610000011482,2.295501999924454,22.02198400004817,0.0955030000113765,38.41663000002882
R.MOV,128,R,True,H,0.9998846054077148,False,H,False,False,False,True,13.72103899996091,0.0077170000167825,2.3618299999270675,22.00686699984544,0.1111470000978442,38.20859999984805
R.MOV,129,R,True,H,0.9999105930328368,False,H,False,False,False,True,13.802876999989168,0.0079930000538297,2.346060000036232,22.12826000004497,0.0937489999159879,38.37893900004019
R.MOV,130,R,True,H,0.999723732471466,False,H,False,False,False,True,13.63877100004629,0.0076369999533199,2.3315559999446123,22.03291699993315,0.0932870000269758,38.10416799990435
R.MOV,131,R,True,H,0.999334990978241,False,H,False,False,False,True,13.77371600005972,0.0073090000114461,2.3790749999079708,21.996949999902423,0.0913999999738734,38.24844999985544
R.MOV,132,R,True,H,0.9974753260612488,False,H,False,False,False,True,13.785785999971267,0.0072000000272964,2.235173999906692,21.991820000039297,0.1104049999867129,38.13038499993127
S.MOV,0,S,True,S,0.9736140370368958,True,S,True,False,False,False,14.139400000090063,0.0092650000169669,2.423188999955528,21.58516100007546,0.0969889999851147,38.25400400012313
S.MOV,1,S,True,S,0.9669727087020874,True,S,True,False,False,False,13.976171999956932,0.007494999863411,2.3490459998356528,21.617548999984137,0.0920350000797043,38.04229699971984
S.MOV,2,S,True,S,0.9478577971458436,True,S,True,False,False,False,13.89868100000058,0.0072539999109721,2.9431590000967844,21.87183199998799,0.1041990001340309,38.82512500013036
S.MOV,3,S,True,S,0.9301947355270386,True,S,True,False,False,False,13.941587999966032,0.0088620001861272,2.317399000048681,21.59043999995447,0.0952840000536525,37.95357300020896
S.MOV,4,S,True,S,0.9497549533843994,True,S,True,False,False,False,13.916774999984227,0.0070929997946223,2.326991000018097,21.51448700010405,0.0932170000851329,37.85856299998613
S.MOV,5,S,True,S,0.9382018446922302,True,S,True,False,False,False,13.841895999917142,0.0079740000273886,2.274851000038325,22.012116000041715,0.0959389999479753,38.23277599997255
S.MOV,6,S,True,S,0.8935337066650391,True,S,True,False,False,False,13.90786499996466,0.0078110001595632,2.3487569999360858,22.04784000014115,0.1052130000971374,38.4174860002986
S.MOV,7,S,True,S,0.9420310258865356,True,S,True,False,False,False,14.349668000022575,0.0081659998159011,2.366135999864128,22.035581999944043,0.0922320000427134,38.85178399968936
S.MOV,8,S,True,S,0.950947105884552,True,S,True,False,False,False,14.0597129999378,0.0072210000325867,2.4862370000846568,22.10008199995173,0.0938559999212884,38.74710899992806
S.MOV,9,S,True,S,0.9557024836540222,True,S,True,False,False,False,13.97191900002781,0.0070859998686501,2.308002000063425,22.04325799993967,0.0935869998102134,38.42385199970977
S.MOV,10,S,True,S,0.9438793659210204,True,S,True,False,False,False,13.811541999984913,0.0082859999110951,2.3014490000150545,21.97844600004828,0.0970539999798347,38.196776999939175
S.MOV,11,S,True,S,0.8835867047309875,True,S,True,False,False,False,13.862794999909056,0.0076119999903312,2.350201000126617,22.041999000066426,0.0924590001432079,38.35506600023564
S.MOV,12,S,True,S,0.8695080280303955,True,S,True,False,False,False,14.038625000011962,0.0068050001118535,2.30009599999903,21.98823200001243,0.097851999953491,38.43161000008877
S.MOV,13,S,True,S,0.7096155285835266,True,S,True,False,False,False,14.061078000054296,0.0086599998212477,2.5378729999374627,22.06766700010121,0.1097159999972063,38.78499399991142
S.MOV,14,S,True,S,0.7198817729949951,True,S,True,False,False,False,13.896054000042568,0.0067959999796585,2.348410999957196,21.98912000017117,0.1095989998702862,38.34998000002088
S.MOV,15,S,True,S,0.8080040216445923,True,S,True,False,False,False,13.87908900005641,0.007694000032643,2.2526309999193472,22.046661999866046,0.0921800001378869,38.278256000012334
S.MOV,16,S,True,S,0.8730093240737915,True,S,True,False,False,False,13.950460000046403,0.0084319999587023,1.782493000064278,22.07730200007063,0.0958169998739322,37.91450400001395
S.MOV,17,S,True,S,0.8111348152160645,True,S,True,False,False,False,13.935088999915024,0.0076900000749446,2.3589059999267192,22.050952999961737,0.0938889997996739,38.4465269996781
S.MOV,18,S,True,S,0.8842443823814392,True,S,True,False,False,False,13.865679999980784,0.0068540000484063,2.348200000142242,22.03033099999629,0.0917370000479422,38.34280200021567
S.MOV,19,S,True,S,0.9194729328155518,True,S,True,False,False,False,13.89001500001541,0.0086939999164314,2.2420239999974,22.093411000014385,0.1258810000308585,38.360024999974485
S.MOV,20,S,True,S,0.9360150694847108,True,S,True,False,False,False,14.347203000056652,0.0071350000325764,2.290217000108896,22.023705000037808,0.1492840001446893,38.81754400038062
S.MOV,21,S,True,S,0.8585992455482483,True,S,True,False,False,False,13.937198999997236,0.0078970001595735,2.35947800001668,22.055232999946384,0.112903999934133,38.472711000054005
S.MOV,22,S,True,S,0.8076333999633789,True,S,True,False,False,False,13.926545000003898,0.0077910001436976,2.375088999997388,21.99851399996077,0.1000229999590374,38.4079620000648
S.MOV,23,S,True,S,0.7153136730194092,True,S,True,False,False,False,14.055729999995492,0.0073989999691548,2.2491019999506534,22.004129000151806,0.0939489998472709,38.41030899991438
S.MOV,24,S,True,S,0.8124071359634399,True,S,True,False,False,False,13.89875999996093,0.0061789999108441,2.286832999971012,21.967523999819605,0.141076000090834,38.30037199975322
S.MOV,25,S,True,S,0.7265260815620422,True,S,True,False,False,False,14.099184999963654,0.0073239998528151,2.26957399991079,22.00221499992949,0.093452999863075,38.47175099951983
S.MOV,26,S,True,S,0.6967138648033142,True,S,True,False,False,False,13.965141999960906,0.0087040000380511,2.3450440000942763,22.06443299996863,0.1505230000020674,38.53384600006393
S.MOV,27,S,True,S,0.8139728307723999,True,S,True,False,False,False,14.173018000064983,0.0101850000646663,2.2738420000223414,22.03959100006614,0.0978570001279877,38.59449300034612
S.MOV,28,S,True,S,0.6550680994987488,True,S,True,False,False,False,13.96484400004283,0.0072889999955805,2.321280999922237,22.04577599991353,0.1092079999125417,38.44839799978672
S.MOV,29,S,True,S,0.7437021732330322,True,S,True,False,False,False,14.082283999982792,0.0080599998000252,2.2541989999353973,22.0259459999852,0.0924559999475604,38.46294499965097
S.MOV,30,S,True,S,0.860657811164856,True,S,True,False,False,False,13.849800000002688,0.0074399999903107,1.7046899999968446,22.0763929999066,0.098987000001216,37.73730999989766
S.MOV,31,S,True,S,0.8721258640289307,True,S,True,False,False,False,13.885580999954072,0.0087470000380562,1.6623550000076648,22.08325300011893,0.1122890000715415,37.752225000190265
S.MOV,32,S,True,S,0.8662344813346863,True,S,True,False,False,False,13.933585000017956,0.007246999985,1.681365000195001,22.02547199999572,0.093572999958269,37.74124200015194
S.MOV,33,S,True,S,0.9066951870918274,True,S,True,False,False,False,13.94578300005378,0.0073009998686757,1.6846639998675528,22.135196000135693,0.0948609999795735,37.86780499990528
S.MOV,34,S,True,S,0.9374260902404784,True,S,True,False,False,False,13.840998999967267,0.0075919999744655,1.7078580001452792,22.057144999962475,0.0971790000221517,37.71077300007164
S.MOV,35,S,True,S,0.7903445363044739,True,S,True,False,False,False,13.982847999955084,0.0089959999058919,1.591241000141963,22.054881000030942,0.1040150000335415,37.74198100006743
S.MOV,36,S,True,S,0.7725291848182678,True,S,True,False,False,False,14.619446999972752,0.0072649997946427,1.6561649999857764,22.03065100002277,0.0908929998786334,38.404420999654576
S.MOV,37,S,True,S,0.7366183400154114,True,S,True,False,False,False,13.939710000045125,0.0081739999586716,2.2912539998287684,22.592748000079155,0.095521000048393,38.92740699996011
S.MOV,38,S,True,S,0.6926271319389343,True,S,True,False,False,False,13.925864000043475,0.0075979999110131,1.6916509998736728,22.033052999859137,0.0984800001333496,37.75664599982065
S.MOV,39,S,True,S,0.6075657606124878,True,S,True,False,False,False,14.171025999985432,0.0080680001701693,1.6845249999732914,22.01208299993596,0.1154710000719205,37.99117300013677
S.MOV,40,S,True,S,0.6384508013725281,True,S,True,False,False,False,14.079291000030024,0.0129919999380945,1.660291000007419,22.0274010000594,0.0920240001960337,37.87199900023097
S.MOV,41,S,True,S,0.7222968339920044,True,S,True,False,False,False,14.064544000007118,0.0082430001384636,1.6368169999623206,22.05523499992524,0.1085199999124597,37.8733589999456
S.MOV,42,S,True,S,0.8256879448890686,True,S,True,False,False,False,14.068511000004946,0.0067710000166698,1.7386460001489468,22.292497999842453,0.1071990000127698,38.213625000025786
S.MOV,43,S,True,S,0.7446413040161133,True,S,True,False,False,False,14.19478299999355,0.0075630000537785,2.2489740001674363,22.00594999999339,0.0950800001646712,38.552350000372826
S.MOV,44,S,True,S,0.7651293873786926,True,S,True,False,False,False,13.987807999910729,0.0072410000484524,2.333465999981854,22.03695800017158,0.1037160000123549,38.46918900012497
S.MOV,45,S,True,S,0.6891877055168152,True,S,True,False,False,False,13.991318999956093,0.0087689998053974,2.760199000022112,22.18532500000947,0.1092400000288762,39.05485199982195
S.MOV,46,S,True,S,0.7755777835845947,True,S,True,False,False,False,16.259338000054413,0.0076169999374542,2.362393999874257,22.038761999965573,0.0939789999847562,40.76208999981645
S.MOV,47,S,True,S,0.8556719422340393,True,S,True,False,False,False,14.021714000023168,0.008312000090882,2.4948699999640667,22.010374000046795,0.0927739999951882,38.6280440001201
S.MOV,48,S,True,S,0.5592293739318848,True,S,True,False,False,False,13.8179460000174,0.0089990001015394,2.47034399990298,22.17111000004479,0.1274639998882776,38.59586299995499
S.MOV,49,S,True,S,0.8535879254341125,True,S,True,False,False,False,13.968283000053816,0.0098450000223238,2.8435030001219275,23.20199399991907,0.1947539999491709,40.21837900006631
S.MOV,50,S,True,S,0.8490328192710876,True,S,True,False,False,False,13.981242999989265,0.0078900000062276,2.357773999847268,22.00774400012051,0.0911170000108541,38.44576799997412
S.MOV,51,S,True,S,0.6708943247795105,True,S,True,False,False,False,13.909231000070577,0.00718199999028,2.3220850000598148,21.96639900012088,0.0922009999158035,38.29709800015735
S.MOV,52,S,True,S,0.7523398399353027,True,S,True,False,False,False,13.791921999995791,0.0075709999691753,2.311598000005688,22.00645600009921,0.1048579999860521,38.22240500005592
S.MOV,53,S,True,S,0.8297344446182251,True,S,True,False,False,False,13.957093000044551,0.0086259999534377,2.3015660001419747,22.049831000003906,0.0936910000746138,38.41080700021848
S.MOV,54,S,True,S,0.9090061783790588,True,S,True,False,False,False,13.912862999973186,0.0075660000220523,1.6022120000798168,22.577776999924023,0.1119450000715005,38.21236300007058
S.MOV,55,S,True,S,0.8789419531822205,True,S,True,False,False,False,13.977094000097168,0.0077949998740223,2.350762000105533,22.061272999962966,0.1333620000423252,38.530286000082015
S.MOV,56,S,True,S,0.8135191798210144,True,S,True,False,False,False,13.885167000012189,0.0072210000325867,2.41510399996514,22.02027399994222,0.0935049999952752,38.42127099994741
S.MOV,57,S,True,S,0.8344206213951111,True,S,True,False,False,False,13.909875000081229,0.0071320000643027,2.215645999967819,22.03268400012348,0.0949109999055508,38.26024800014238
S.MOV,58,S,True,S,0.827113151550293,True,S,True,False,False,False,13.96183800000017,0.0086190000274655,2.361741999948208,22.034413000028508,0.1024640000650833,38.46907600006944
S.MOV,59,S,True,S,0.8713344931602478,True,S,True,False,False,False,13.957275000052505,0.0067579999267763,2.244224000151007,21.988798000165843,0.0917580000532325,38.28881300034936
S.MOV,60,S,True,S,0.8220967054367065,True,S,True,False,False,False,14.020619999996596,0.0077120000696595,2.3427730000094016,22.023386000000755,0.0945890001275984,38.48908000020401
S.MOV,61,S,True,S,0.8227644562721252,True,S,True,False,False,False,13.980240000023514,0.0066920001700054,2.2734230001333344,22.0474220000142,0.1148950000242621,38.42267200036531
S.MOV,62,S,True,S,0.8479025959968567,True,S,True,False,False,False,14.141788999950222,0.0085950000539014,2.3759199998494296,22.01983800000562,0.0926740001432335,38.63881600000241
S.MOV,63,S,True,S,0.8633331656455994,True,S,True,False,False,False,13.986199999976634,0.0079720000485394,2.2589459999835526,22.02142099986304,0.0918339999316231,38.36637299980339
S.MOV,64,S,True,S,0.8017198443412781,True,S,True,False,False,False,13.91513400005806,0.0066229999902134,2.2873860000345303,22.033215999954336,0.0938560001486621,38.3362150001858
S.MOV,65,S,True,S,0.80600506067276,True,S,True,False,False,False,14.045695000049818,0.0074319998475402,2.234823999970104,21.954734000019016,0.0911350000478705,38.33381999993435
S.MOV,66,S,True,S,0.8156170845031738,True,S,True,False,False,False,13.874742999973932,0.0076670000908052,2.307723000058104,22.009761999925104,0.0942869999107642,38.29418199995871
S.MOV,67,S,True,T,0.5410275459289551,False,T,False,False,False,True,13.983359999997448,0.0068730000748473,2.209729000014704,21.96937100006835,0.0934830000005604,38.26281600015591
S.MOV,68,S,True,S,0.7695187926292419,True,S,True,False,False,False,13.926302999948348,0.0081579999005043,2.435323000099743,22.08614899996064,0.1109579998228582,38.566890999732095
S.MOV,69,S,True,S,0.7428638935089111,True,S,True,False,False,False,14.102088999948135,0.0083390000327199,2.285874000108379,22.027405000017097,0.0980339998477575,38.52174099995409
S.MOV,70,S,True,S,0.5402781963348389,True,S,True,False,False,False,14.26684299997305,0.0085520000538963,2.4526469999273104,22.038766000150645,0.0946860000112792,38.86149400011618
S.MOV,71,S,True,S,0.5888989567756653,True,S,True,False,False,False,13.990270000022065,0.008336999826497,2.4011650000375084,22.06040100008977,0.152236999838351,38.61240999981419
S.MOV,72,S,True,S,0.6953414678573608,True,S,True,False,False,False,13.940189000095415,0.0082480000855866,2.286127999923337,21.998666000172307,0.0945099998261866,38.32774100010283
S.MOV,73,S,True,S,0.6099732518196106,True,S,True,False,False,False,14.046700000108103,0.0071659999321127,2.3314499999287364,22.00210499995592,0.0919500000691186,38.47937099999399
S.MOV,74,S,True,S,0.5547316670417786,True,S,True,False,False,False,13.968324000074972,0.0078299999586306,2.444294000042646,22.04433099996095,0.0964800001383991,38.5612590001756
S.MOV,75,S,True,S,0.5460821986198425,True,S,True,False,False,False,13.983177999989492,0.0077949998740223,2.311153999926318,22.047476000125243,0.1021339999169868,38.45173699983207
S.MOV,76,S,True,S,0.4103798866271972,True,S,True,False,False,False,13.836236999964058,0.0079989999903773,2.3285290001240355,22.02836999981628,0.1080480001292016,38.30918300002395
S.MOV,77,S,True,T,0.6926496624946594,False,T,False,False,False,True,13.977365000073403,0.0082090000432799,2.4756739999247657,22.03667999992831,0.0915639998311235,38.589491999800885
S.MOV,78,S,True,T,0.6391370296478271,False,T,False,False,False,True,13.978933999965191,0.0071150000167108,2.2802660000706965,22.000003000130164,0.1005370002076233,38.36685500039039
S.MOV,79,S,True,T,0.6095086336135864,False,T,False,False,False,True,13.96227899999758,0.0075200000537734,2.2242479999476927,22.014379999973244,0.1089559998490585,38.31738299982135
S.MOV,80,S,True,S,0.4951096475124359,True,S,True,False,False,False,13.913763999994444,0.0072549999003967,2.26874199984195,21.98990700003378,0.0904690000425034,38.27013699981308
S.MOV,81,S,True,T,0.5635371804237366,False,T,False,False,False,True,13.89143400001558,0.006628999926761,2.222412999799417,22.068307000154164,0.1647770000090531,38.353559999904974
S.MOV,82,S,True,T,0.5544454455375671,False,T,False,False,False,True,14.025080000010348,0.0097299998742528,2.471934999903169,22.20596600000136,0.0955829998474655,38.80829399963659
S.MOV,83,S,True,T,0.5179270505905151,False,T,False,False,False,True,14.155519999917487,0.0083370000538707,2.286891000039759,22.03255599988552,0.0936850001380662,38.5769890000347
S.MOV,84,S,True,T,0.5730384588241577,False,T,False,False,False,True,13.931638000030944,0.0078980001489981,2.380118000019138,21.987413000033484,0.0935150001168949,38.40058200034946
S.MOV,85,S,True,S,0.5186793804168701,True,S,True,False,False,False,13.97511199991186,0.0090779999482037,2.324701999896206,22.061155999836046,0.0966099999004654,38.46665799949278
S.MOV,86,S,True,S,0.6989619135856628,True,S,True,False,False,False,14.205528999923445,0.0076329999956215,2.406529000154478,22.0808889998807,0.1209120000567054,38.82149200001095
S.MOV,87,S,True,S,0.6749415397644043,True,S,True,False,False,False,13.981084999954874,0.0068150000060995,2.289404000066497,22.81104500002584,0.1010359999327192,39.18938499998603
S.MOV,88,S,True,S,0.7267200350761414,True,S,True,False,False,False,14.149256999985482,0.0085920000856276,2.3598609998316533,22.01608799987298,0.1045870001235016,38.638384999899245
S.MOV,89,S,True,S,0.5943249464035034,True,S,True,False,False,False,14.066351999986182,0.0064910000219242,2.2235860001273977,22.08452399986527,0.0972320001437765,38.47818500014455
S.MOV,90,S,True,S,0.7103495597839355,True,S,True,False,False,False,14.102851000075134,0.0086780000856379,2.388933000020188,21.98352599998543,0.1131609999447391,38.59714900011113
S.MOV,91,S,True,S,0.4731207489967346,True,S,True,False,False,False,14.058408999972016,0.0088309998318436,2.2933539999030472,22.04533200006153,0.0939229998948576,38.4998489996633
S.MOV,92,S,True,S,0.6447831988334656,True,S,True,False,False,False,13.873818999968536,0.0068300000748422,2.332259000013437,22.00763699988784,0.1030189998800779,38.32356399982473
S.MOV,93,S,True,S,0.647266685962677,True,S,True,False,False,False,13.90919700008908,0.0068159999955241,2.537294999910955,21.97049699998388,0.096158000133073,38.51996300011251
S.MOV,94,S,True,S,0.7758815884590149,True,S,True,False,False,False,14.037002000009124,0.0073640001119201,2.349949999825185,22.04649300006168,0.108112000134497,38.5489210001424
S.MOV,95,S,True,S,0.8296033143997192,True,S,True,False,False,False,14.001617999952032,0.0076920000537938,2.336325999976907,22.01297200008412,0.0995899999907123,38.45819800005757
S.MOV,96,S,True,S,0.8714757561683655,True,S,True,False,False,False,13.9482780000435,0.0072340001224802,2.322362999848337,22.011060000068028,0.0948819999848638,38.38381700006721
S.MOV,97,S,True,S,0.888130247592926,True,S,True,False,False,False,13.884553000025337,0.0079520000326738,2.272045999916372,22.062555000047723,0.1149560000612837,38.34206200008339
S.MOV,98,S,True,S,0.8293510675430298,True,S,True,False,False,False,13.986103999968693,0.0088360000063403,2.378383999939615,22.097899000073085,0.1201170000513229,38.591340000039054
S.MOV,99,S,True,S,0.8076410889625549,True,S,True,False,False,False,14.150837000102,0.008312000090882,2.313661000016509,22.092656000040733,0.0951920001170947,38.66065800036722
S.MOV,100,S,True,S,0.8522545099258423,True,S,True,False,False,False,14.048269999989316,0.0123320000966486,2.292626000098608,22.015631999920515,0.0967420000961283,38.465602000201216
S.MOV,101,S,True,S,0.8730391263961792,True,S,True,False,False,False,14.05049900006361,0.0078300001860043,2.362535999964166,22.017877000052977,0.0950240000747726,38.53376600034153
S.MOV,102,S,True,S,0.7071373462677002,True,S,True,False,False,False,13.858884000001126,0.0077990000590943,2.371030999938739,22.06524700000045,0.1321879999522934,38.43514899995171
S.MOV,103,S,True,S,0.7427548766136169,True,S,True,False,False,False,13.89141100003144,0.0076929998158448,2.4488469998686924,22.08282200012945,0.115070999981981,38.54584399982741
S.MOV,104,S,True,S,0.6164396405220032,True,S,True,False,False,False,14.105663000009372,0.0075360001119406,2.322452000043995,22.004204999802823,0.1160799999979644,38.555935999966096
S.MOV,105,S,True,S,0.7242391109466553,True,S,True,False,False,False,13.935159999959978,0.0088679998953011,2.3359879999134137,22.065961000180323,0.1212109998505184,38.467187999799535
S.MOV,106,S,True,S,0.4723106324672699,True,S,True,False,False,False,13.8562390000061,0.0072600000748934,2.4015500000587053,22.041293000029327,0.0941749999583407,38.400517000127365
S.MOV,107,S,True,S,0.6118418574333191,True,S,True,False,False,False,13.875583999947594,0.0074829999903158,2.240222999944308,22.00684099989303,0.0956060000589786,38.22573699983423
S.MOV,108,S,True,S,0.6316927671432495,True,S,True,False,False,False,13.811034000013931,0.0077479999163188,2.3999000000003434,22.045942999966428,0.1094179999654443,38.37404299986247
S.MOV,109,S,True,S,0.468252569437027,True,S,True,False,False,False,13.943483000048218,0.0073100000008707,2.309002999936638,22.02866499987977,0.0928770000427903,38.38133799990828
S.MOV,110,S,True,T,0.475386381149292,False,T,False,False,False,True,13.929523000001607,0.0079469998581771,2.680235000070752,22.732262000090486,0.0956950000272627,39.44566200004829
S.MOV,111,S,True,T,0.5113809108734131,False,T,False,False,False,True,13.899812999966343,0.007744999948045,2.2335730000122567,22.068232000037824,0.1224229999934323,38.3317859999579
S.MOV,112,S,True,T,0.4798283576965332,False,T,False,False,False,True,13.935729999957402,0.0075949999427393,3.074148999985482,22.040266999965752,0.1264420000097743,39.18418299986115
S.MOV,113,S,True,T,0.505427360534668,False,T,False,False,False,True,13.986471999942296,0.0081130001490237,2.371223000181999,22.094392000099106,0.1050599998961843,38.56526000026861
S.MOV,114,S,True,T,0.4974291920661926,False,T,False,False,False,True,13.94355499996891,0.0084729999798582,2.826824000067063,22.13599400010935,0.0978400000803958,39.012686000205576
S.MOV,115,S,True,T,0.4844013154506683,False,T,False,False,False,True,14.108791000012388,0.0080869999692367,2.287178999949901,22.12802199983344,0.1142670000717771,38.64634599983674
S.MOV,116,S,True,T,0.4882920980453491,False,T,False,False,False,True,13.90016300001662,0.0075150001066504,2.345498000067892,22.018729999899733,0.0930150001750007,38.364921000265895
S.MOV,117,S,True,T,0.5989425778388977,False,T,False,False,False,True,13.987583000016455,0.0079950000326789,2.2754970000278263,22.04462500003501,0.096187999815811,38.411887999927785
S.MOV,118,S,True,T,0.5547760128974915,False,T,False,False,False,True,13.904749999937849,0.0077959998634469,2.3430910000570293,22.01942900001086,0.1116859998546715,38.386751999723856
S.MOV,119,S,True,T,0.4912723004817962,False,T,False,False,False,True,14.215487999990728,0.0074990000484831,2.366158000086216,22.004944999935105,0.0990309999906458,38.69312100005118
S.MOV,120,S,True,T,0.4346242547035217,False,T,False,False,False,True,14.078391999987616,0.0069560001065838,2.3684159998538235,22.00415999982397,0.1318500001161737,38.589773999888166
S.MOV,121,S,True,T,0.4581388235092163,False,T,False,False,False,True,14.105180999990807,0.0074629999744502,2.3014079999938986,22.036911999975928,0.0945530000535654,38.54551699998865
S.MOV,122,S,True,S,0.695307731628418,True,S,True,False,False,False,13.965874999939842,0.0077800000326533,2.2925379998923745,22.04153399998177,0.09048999982042,38.398216999667056
S.MOV,123,S,True,S,0.4526677131652832,True,S,True,False,False,False,13.957892000007632,0.0076379999427445,2.240473000028942,21.983879000117668,0.0985980000223207,38.28848000011931
S.MOV,124,S,True,S,0.7142024040222168,True,S,True,False,False,False,13.81905099992764,0.0075790001119457,2.3806310000509256,22.0150669999839,0.0914699999157164,38.31379799999013
S.MOV,125,S,True,S,0.4904403686523437,True,S,True,False,False,False,13.859002999993209,0.0069199998051772,2.283523999949466,22.02871100007542,0.09863399986898,38.27679199969225
S.MOV,126,S,True,S,0.60052889585495,True,S,True,False,False,False,13.92502200008039,0.0081749999480962,2.404335999926843,22.0739629999116,0.1198300001306051,38.531325999997534
S.MOV,127,S,True,S,0.5346735715866089,True,S,True,False,False,False,14.114868999968166,0.0067119999584974,2.2702290000324865,22.031205000075715,0.1065659998857881,38.529580999920654
S.MOV,128,S,True,S,0.4605607688426971,True,S,True,False,False,False,14.127029999940532,0.0071659999321127,2.351878999888868,21.99090299995987,0.1194750000195199,38.5964529997409
S.MOV,129,S,True,S,0.8308743238449097,True,S,True,False,False,False,14.002665000020896,0.0080009999692265,2.250421000098868,22.02409100004843,0.097399000196674,38.382577000334095
S.MOV,130,S,True,S,0.8726997375488281,True,S,True,False,False,False,14.028181000071529,0.0076950000220676,2.308864000042377,22.00833899996724,0.1007440000648784,38.453823000168086
S.MOV,131,S,True,S,0.876176655292511,True,S,True,False,False,False,13.959370000065974,0.0068659999215014,2.3009940000520146,22.023129999979574,0.1044800001182011,38.39484000013727
S.MOV,132,S,True,S,0.8207472562789917,True,S,True,False,False,False,13.943480999955682,0.0073349999638594,2.321334000043862,22.02078499999516,0.0974619999851711,38.39039699994373
S.MOV,133,S,True,S,0.7464993000030518,True,S,True,False,False,False,14.014638000048762,0.0069560001065838,2.256721999856381,22.01553400004741,0.1151229998868075,38.408972999945945
S.MOV,134,S,True,S,0.5894507765769958,True,S,True,False,False,False,13.95956000010301,0.0074600000061764,2.348004000168657,22.023588999900312,0.0996829999166948,38.43829600009485
S.MOV,135,S,True,S,0.5962140560150146,True,S,True,False,False,False,13.991474000022208,0.0095110001439024,2.2181469998940884,22.018371000058323,0.0917439999739144,38.32924700009244
S.MOV,136,S,True,S,0.5073968172073364,True,S,True,False,False,False,13.84113400001752,0.0061490000007324,2.217452999957459,21.95677700001397,0.0989499999377585,38.12046299992744
S.MOV,137,S,True,T,0.5606106519699097,False,T,False,False,False,True,13.730635000001712,0.0063709999267302,2.21201900012602,21.968890999914947,0.0944999999319406,38.01241599990135
S.MOV,138,S,True,S,0.4596783220767975,True,S,True,False,False,False,13.76849600001151,0.0179950000074313,2.317592000053992,21.992555999986507,0.0950070000271807,38.19164600008662
S.MOV,139,S,True,T,0.5077577233314514,False,T,False,False,False,True,13.838745000043671,0.0063059999320103,2.1865149999484856,21.982863000175712,0.0893169999471865,38.10374600004707
S.MOV,140,S,True,S,0.5490398406982422,True,S,True,False,False,False,13.871736000055536,0.0061969999478606,2.2956239999984973,21.955691999892224,0.0933060000534169,38.22255499994753
T.MOV,0,T,True,T,0.9792256355285645,True,T,True,False,False,False,14.174237000020184,0.0102710000646766,2.4574540000230627,22.14830399998391,0.0974299998688366,38.88769599996067
T.MOV,1,T,True,T,0.9825573563575744,True,T,True,False,False,False,14.049337999949785,0.0081499999851075,2.415652000081536,22.052814000062423,0.1145149999501882,38.64046900002904
T.MOV,2,T,True,T,0.9599955081939696,True,T,True,False,False,False,13.913258000002315,0.0067940000008093,2.3128230000111216,21.98227799999586,0.1114879999022377,38.32664099991234
T.MOV,3,T,True,T,0.955001175403595,True,T,True,False,False,False,13.876907000053508,0.0068790000113949,2.393260000189912,22.08663900000829,0.0930579999476322,38.456743000210736
T.MOV,4,T,True,T,0.948482096195221,True,T,True,False,False,False,14.174159000049258,0.0082369999745424,2.3893239999779325,22.01452999997855,0.0943930001540138,38.680643000134296
T.MOV,5,T,True,T,0.9461514353752136,True,T,True,False,False,False,14.160673999981556,0.0071679999109619,2.3520429999734915,22.021088999963467,0.0948869999319867,38.63586099976146
T.MOV,6,T,True,T,0.9555890560150146,True,T,True,False,False,False,13.902254999948129,0.006842999937362,2.3687069999596133,22.03950799980703,0.1060419999703299,38.42335499962246
T.MOV,7,T,True,T,0.9736042022705078,True,T,True,False,False,False,13.919146000034743,0.0084270000115793,2.369018000081269,22.06229099988377,0.1181840000299416,38.477066000041305
T.MOV,8,T,True,T,0.9672225713729858,True,T,True,False,False,False,14.0420320000203,0.0078640000538143,2.398612999968464,22.10232799984624,0.1207420000355341,38.67157899992435
T.MOV,9,T,True,T,0.9539787769317628,True,T,True,False,False,False,13.934838999944075,0.0083400000221445,2.268768000021737,22.00587300012557,0.1002650001282745,38.31808500024181
T.MOV,10,T,True,T,0.9129459857940674,True,T,True,False,False,False,13.8969359999237,0.0516129998686665,2.4756719999459165,22.038046000034228,0.0989600000593782,38.56122699983189
T.MOV,11,T,True,T,0.8823390007019043,True,T,True,False,False,False,13.827166000055511,0.0072679999902902,2.403641000000789,22.138450000056764,0.1061289999597647,38.48265400006312
T.MOV,12,T,True,T,0.5419995784759521,True,T,True,False,False,False,13.931885999909356,0.0074790000326174,2.3768709997966653,22.04386699986572,0.1027860000704095,38.46288899967476
T.MOV,13,T,True,T,0.5808631777763367,True,T,True,False,False,False,13.98223399996823,0.0072590000854688,2.365722999911668,22.080437000113307,0.1150499999766907,38.55070300005536
T.MOV,14,T,True,X,0.6214737892150879,False,X,False,False,False,True,13.97246500005167,0.0082999999904131,2.443517999836331,22.10033500000464,0.0943860000006679,38.61900399988372
T.MOV,15,T,True,X,0.5201694965362549,False,X,False,False,False,True,13.989637999998196,0.0068310000642668,2.59341800006041,22.0077129999936,0.095554999916203,38.69315500003268
T.MOV,16,T,True,X,0.4701806008815765,False,X,False,False,False,True,13.981107999939011,0.0079899998581822,2.617105999888736,22.735396000143737,0.1087919999918085,39.45039199982148
T.MOV,17,T,True,X,0.487517774105072,False,X,False,False,False,True,13.945206000016697,0.0063780000800761,2.6060180000513355,22.86268799980462,0.1221090001308766,39.542399000083606
T.MOV,18,T,True,X,0.6761540174484253,False,X,False,False,False,True,13.956952999933492,0.0073599999268481,2.4527279999801976,22.0749379998324,0.0934170000164158,38.58539599968936
T.MOV,19,T,True,X,0.4875504672527313,False,X,False,False,False,True,13.961597000047732,0.0072960001489263,2.301373999898715,22.06417799993688,0.1137809999818273,38.44822600001408
T.MOV,20,T,True,X,0.5883663296699524,False,X,False,False,False,True,13.897029999952792,0.0074079998739762,2.359141999932035,22.04516100005094,0.0972949999322736,38.406035999742016
T.MOV,21,T,True,X,0.7443192601203918,False,X,False,False,False,True,13.963932000024217,0.0082820001807704,2.365490000102,22.013173000004823,0.1069450001978111,38.45782200050962
T.MOV,22,T,True,X,0.701352596282959,False,X,False,False,False,True,13.858631999937645,0.0111950000700744,2.44598400013274,22.1529800001008,0.1062920000549638,38.57508300029622
T.MOV,23,T,True,X,0.592649519443512,False,X,False,False,False,True,13.838046000046234,0.0087150001490954,2.446112999905381,22.51490300000114,0.0991220001651527,38.906899000267
T.MOV,24,T,True,X,0.5710461735725403,False,X,False,False,False,True,14.013452999961372,0.0071330000537273,2.375339000082022,22.601483000016746,0.0902849999420141,39.08769300005588
T.MOV,25,T,True,X,0.6990153193473816,False,X,False,False,False,True,13.88169899996683,0.0066490001700003,2.3052069998357183,22.03647100009221,0.095819000080155,38.32584500014491
T.MOV,26,T,True,X,0.6811683773994446,False,X,False,False,False,True,13.908752000020286,0.0086439999904541,2.593896999997014,24.838811999870813,0.1132170000346377,41.463321999913205
T.MOV,27,T,True,X,0.7416322827339172,False,X,False,False,False,True,13.945527000032598,0.0085090000538912,2.388504000009561,22.02086300007977,0.1020239999434124,38.465427000119234
T.MOV,28,T,True,X,0.8476239442825317,False,X,False,False,False,True,14.199910000002092,0.0067099999796482,2.2582779999993363,21.968100999856688,0.0932689999899594,38.52626799982772
T.MOV,29,T,True,X,0.7793328166007996,False,X,False,False,False,True,13.864763999890783,0.0085209999269864,2.388913999993747,22.023779000164723,0.0950149999425775,38.38099299991882
T.MOV,30,T,True,X,0.626850962638855,False,X,False,False,False,True,13.893060000100377,0.0073759999850153,2.2980930000358057,22.01287100001537,0.0919100000373873,38.30331000017395
T.MOV,31,T,True,X,0.540152370929718,False,X,False,False,False,True,13.9632379999739,0.0066600000536709,2.394343999867488,22.025152999958664,0.0935649998154986,38.48295999966922
T.MOV,32,T,True,T,0.7947089076042175,True,T,True,False,False,False,13.985638999997718,0.0070959999902697,2.4481779998950515,22.09417900007793,0.1077090000762837,38.64280100003725
T.MOV,33,T,True,T,0.6260529160499573,True,T,True,False,False,False,13.951210000072932,0.0065149999954883,2.314209000132905,22.019445000069027,0.0940190000164875,38.38539800028684
T.MOV,34,T,True,X,0.5127739310264587,False,X,False,False,False,True,13.941274000103476,0.0074919998951372,2.384641999924497,21.99327700009235,0.0939050000852148,38.420590000100674
T.MOV,35,T,True,T,0.8509138822555542,True,T,True,False,False,False,14.278490000037891,0.0085389999640028,2.3039820000576583,22.15144699994198,0.0888829999894369,38.83134099999097
T.MOV,36,T,True,T,0.9137214422225952,True,T,True,False,False,False,14.101773000106732,0.0068770000325457,2.6207720000002155,22.653327999933023,0.0935900000058609,39.47634000007838
T.MOV,37,T,True,T,0.9170610904693604,True,T,True,False,False,False,14.446582000005035,0.0070819999109517,3.565973999911876,22.11311500013835,0.0939990000006218,40.22675199996684
T.MOV,38,T,True,T,0.9439648985862732,True,T,True,False,False,False,14.130435999959444,0.0082010001278831,2.6312449999750243,22.723826999936136,0.1216660000409319,39.61537500003942
T.MOV,39,T,True,T,0.93919175863266,True,T,True,False,False,False,14.265652999938538,0.0068720000854227,2.416841000012937,22.0186990000002,0.09186000011141,38.799925000148505
T.MOV,40,T,True,T,0.9319792985916138,True,T,True,False,False,False,14.119571000037467,0.0068130000272503,2.404116999969119,22.031993999917177,0.0960439999744267,38.65853899992544
T.MOV,41,T,True,T,0.813342809677124,True,T,True,False,False,False,15.442553000070802,0.0064109999584616,2.4124330000177,22.02062800006388,0.0941799999054637,39.97620500001631
T.MOV,42,T,True,T,0.8125035166740417,True,T,True,False,False,False,15.87239100001625,0.0079909998476068,2.287650999960533,22.58031399992433,0.1091709998490841,40.8575179995978
T.MOV,43,T,True,T,0.8361635804176331,True,T,True,False,False,False,14.090069999951991,0.0081690000115486,2.684799999997267,22.67772599998352,0.0951750000695028,39.55594000001384
T.MOV,44,T,True,T,0.8713538646697998,True,T,True,False,False,False,13.877111000056177,0.0079020001066965,2.4024470001222653,22.02418799993211,0.1032689999647118,38.41491700018196
T.MOV,45,T,True,T,0.8724627494812012,True,T,True,False,False,False,13.905150999903526,0.0071970000590226,2.329021999912584,22.020457000053284,0.1023770000756485,38.36420400000407
T.MOV,46,T,True,T,0.9021439552307128,True,T,True,False,False,False,13.97923100000753,0.0075289999585947,2.350920000026236,22.474398999975165,0.0946830000430054,38.90676200001053
T.MOV,47,T,True,T,0.8928552269935608,True,T,True,False,False,False,13.869746999944256,0.0073740000061661,2.6902970000719506,22.672931999977664,0.0993829999060835,39.33973299990612
T.MOV,48,T,True,T,0.9058682322502136,True,T,True,False,False,False,13.88100199994824,0.0073659998633957,2.3693009998169146,22.63503999984096,0.1051140000072337,38.99782299947674
T.MOV,49,T,True,T,0.8769500851631165,True,T,True,False,False,False,13.908499000081065,0.0071209999532584,2.7182870001070114,22.704858999986754,0.1035340001180884,39.44230000024618
T.MOV,50,T,True,T,0.7304854393005371,True,T,True,False,False,False,13.9468750001015,0.0073530000008759,2.3483990000841004,22.023748000037813,0.1032229999964329,38.42959800022072
T.MOV,51,T,True,T,0.6602498888969421,True,T,True,False,False,False,13.971647000062148,0.0080729998899187,3.037124999991647,22.098724999978003,0.1090170001134538,39.22458700003517
T.MOV,52,T,True,T,0.5869239568710327,True,T,True,False,False,False,14.014641000017036,0.0072599998475197,2.954799000008279,22.544441000036382,0.1085669998701632,39.62970799977938
T.MOV,53,T,True,T,0.5426160097122192,True,T,True,False,False,False,13.99373200001719,0.0073740000061661,2.290821000087817,22.007260999998834,0.0946600000588659,38.39384800016887
T.MOV,54,T,True,X,0.5738279819488525,False,X,False,False,False,True,13.912009000023318,0.0065000001541193,2.4834570001530665,21.9747810001536,0.0925940000797709,38.46934100056387
T.MOV,55,T,True,T,0.4941546320915222,True,T,True,False,False,False,14.039224999919496,0.0069640000219806,2.4402409999311203,22.0477299999402,0.1017039999169355,38.635863999729736
T.MOV,56,T,True,T,0.6729188561439514,True,T,True,False,False,False,14.006646999973782,0.0073880000854842,2.3224920000757265,22.00690800009397,0.1190329999189998,38.462468000147965
T.MOV,57,T,True,T,0.5863341093063354,True,T,True,False,False,False,13.87734200000068,0.0073000001066247,2.514560999998139,22.004864000109592,0.0917349998417194,38.49580200005676
T.MOV,58,T,True,T,0.5334630012512207,True,T,True,False,False,False,14.010019000011198,0.007759000027363,2.452271000038309,22.02494299990576,0.0943360000746906,38.58932800005732
T.MOV,59,T,True,T,0.5987152457237244,True,T,True,False,False,False,13.894843000002766,0.0072919999638543,2.259613999967769,22.021521999931792,0.0946719999319611,38.27794299979814
T.MOV,60,T,True,T,0.5655232071876526,True,T,True,False,False,False,13.933334999933322,0.0079599999480706,2.387754999972458,22.09316599987688,0.0948809999954392,38.51709699972616
T.MOV,61,T,True,X,0.5885149836540222,False,X,False,False,False,True,13.858132999985171,0.0078759999269095,2.3083429998678184,22.03409000003376,0.103085999853647,38.311527999667305
T.MOV,62,T,True,X,0.6724179983139038,False,X,False,False,False,True,13.938733000031789,0.0083499999163905,2.40293699994254,22.106075000010605,0.1206280001042614,38.57672300000559
T.MOV,63,T,True,X,0.6209406852722168,False,X,False,False,False,True,13.988433999998051,0.0077600000167876,2.4282599999878585,22.038047000023653,0.0951160000113304,38.55761700003768
T.MOV,64,T,True,X,0.526305615901947,False,X,False,False,False,True,14.31020500001523,0.0083180000274296,2.3050970000895177,22.02060700005859,0.1851689999057271,38.829396000096494
T.MOV,65,T,True,X,0.4997058510780334,False,X,False,False,False,True,13.920094000013703,0.0072039999849948,2.3579219998737244,22.00394800001959,0.1103900001453439,38.39955800003736
T.MOV,66,T,True,T,0.4812400639057159,True,T,True,False,False,False,14.029758999981825,0.0064779999320307,2.578631999995196,22.03649500006577,0.0922649999210989,38.74362899989592
T.MOV,67,T,True,X,0.6119434237480164,False,X,False,False,False,True,14.004213000021082,0.0075899999956163,2.3682739999912883,22.07405600006496,0.092512000037459,38.5466450001104
T.MOV,68,T,True,X,0.6367223858833313,False,X,False,False,False,True,13.935361999983796,0.0072999998792511,2.325338999980886,21.981404999905862,0.0899930000741733,38.33939899982397
T.MOV,69,T,True,X,0.5780870318412781,False,X,False,False,False,True,14.216856999951233,0.0072100001489161,2.350418000105492,21.998335000034785,0.102400000059788,38.67522000030021
T.MOV,70,T,True,T,0.4402177333831787,True,T,True,False,False,False,14.019051999980547,0.0081769999269454,2.3547779999262275,22.065527999984624,0.1005130000066856,38.54804799982503
T.MOV,71,T,True,T,0.4037585258483886,True,T,True,False,False,False,13.98182299999462,0.0079769999956624,2.517660000194155,22.008760000062463,0.0938539999424392,38.61007400018934
T.MOV,72,T,True,T,0.6827738285064697,True,T,True,False,False,False,14.031892000048174,0.0074890001542371,2.350147000015568,22.00828199988792,0.0966600000538164,38.49447000015971
T.MOV,73,T,True,T,0.6730925440788269,True,T,True,False,False,False,14.08375400001205,0.0073339999744348,2.5100540001403715,22.00264199996127,0.0958950001859193,38.699679000274045
T.MOV,74,T,True,T,0.756274402141571,True,T,True,False,False,False,13.89968199998748,0.0070390001383202,2.4123100001816056,22.02540100006445,0.119573000119999,38.46400500049185
T.MOV,75,T,True,T,0.8340887427330017,True,T,True,False,False,False,13.888627999904202,0.0086640000063198,2.3629140000593907,22.026694999794927,0.1004969999485183,38.38739799971336
T.MOV,76,T,True,T,0.5694940686225891,True,T,True,False,False,False,13.908818999993857,0.0080920001437334,2.364931999863984,22.06030299998929,0.1162419998763653,38.45838799986723
T.MOV,77,T,True,T,0.671705424785614,True,T,True,False,False,False,13.965619999908084,0.0060050001593481,2.450009000085629,22.048350999966715,0.1245890000518556,38.59457400017163
T.MOV,78,T,True,T,0.6163373589515686,True,T,True,False,False,False,13.983327000005374,0.007126999889806,2.2975599999881524,22.08668299999772,0.1135819998125953,38.48827899969365
T.MOV,79,T,True,T,0.843098521232605,True,T,True,False,False,False,13.923333000093407,0.0085009999111207,2.581632999863359,22.070829000085723,0.114019999955417,38.69831599990903
T.MOV,80,T,True,T,0.9004068374633789,True,T,True,False,False,False,14.131317999954264,0.0066860000060842,3.440802999875814,21.97276300012163,0.1016720000279747,39.65324199998577
T.MOV,81,T,True,T,0.5100465416908264,True,T,True,False,False,False,14.036736999969436,0.0067389999003353,2.602064000029713,22.067749999905573,0.1017680001496046,38.81505799995466
T.MOV,82,T,True,T,0.8699281811714172,True,T,True,False,False,False,14.024296999991748,0.0075629998264048,2.342819999967105,21.9905670001026,0.0910889998522179,38.45633599974008
T.MOV,83,T,True,T,0.6462779641151428,True,T,True,False,False,False,14.029328999981772,0.0078870000379538,2.831517999993593,22.717990000046484,0.0963939999110152,39.68311799997082
T.MOV,84,T,True,T,0.651978611946106,True,T,True,False,False,False,14.032204999921303,0.0085700000909128,2.446033000069292,22.045715000103883,0.1227440000093338,38.655267000194726
T.MOV,85,T,True,T,0.5335360765457153,True,T,True,False,False,False,13.98236199997882,0.0069160000748524,2.2746140000435844,22.00439500006724,0.0923009999951318,38.36058800015962
T.MOV,86,T,True,X,0.6590360999107361,False,X,False,False,False,True,14.197989999956915,0.0306229999296192,2.475607999940621,22.03668199990716,0.0939349999953265,38.83483799972964
T.MOV,87,T,True,X,0.6715636253356934,False,X,False,False,False,True,13.879389000067022,0.0069180000537016,2.701870000009876,22.699750999890966,0.14820299998064,39.436131000002206
T.MOV,88,T,True,X,0.6734366416931152,False,X,False,False,False,True,13.967568999987634,0.0076419999004428,2.6454390001617867,22.73555400006444,0.1108009998915804,39.46700500000589
T.MOV,89,T,True,X,0.5108704566955566,False,X,False,False,False,True,13.949108000019804,0.0078709999797865,2.614016999814339,22.82165399992664,0.1102310000078432,39.50288099974841
T.MOV,90,T,True,T,0.511824905872345,True,T,True,False,False,False,14.07239100001334,0.0096849998953985,2.6398400000289257,22.76094899980308,0.0960919999215548,39.578956999662296
T.MOV,91,T,True,T,0.5285387635231018,True,T,True,False,False,False,13.892535999957545,0.0076860001172462,2.349460999994335,22.045613000045705,0.0919489998523204,38.38724499996715
T.MOV,92,T,True,T,0.5070458054542542,True,T,True,False,False,False,13.922234999995451,0.0074110000696236,2.344369000184088,22.03661199996532,0.093000999868309,38.40362800008279
T.MOV,93,T,True,X,0.5105094313621521,False,X,False,False,False,True,13.92347700004848,0.0069100001383048,2.3925109999254346,22.000483000056192,0.0954010001805727,38.41878200034898
T.MOV,94,T,True,T,0.6091532111167908,True,T,True,False,False,False,13.998178999941048,0.0076280000484985,2.30791500007399,22.00859499998841,0.092646999974022,38.414964000025975
T.MOV,95,T,True,X,0.9058758616447448,False,X,False,False,False,True,13.9169710000715,0.0072269999691343,2.3630329999377864,22.04225099990253,0.1011309998375509,38.430612999718505
T.MOV,96,T,True,X,0.9624599814414978,False,X,False,False,False,True,13.912292000100024,0.0076819999321742,2.3539339999842923,22.07255799999075,0.0916960000267863,38.438162000034026
T.MOV,97,T,True,X,0.9583072662353516,False,X,False,False,False,True,14.157405999981163,0.0068889999056409,2.2990099998878577,22.579052999844865,0.0939859999107284,39.136343999530254
T.MOV,98,T,True,X,0.9704654216766356,False,X,False,False,False,True,14.466610999988916,0.0077030001648381,2.3452259999885428,22.00692199994592,0.1008990000173071,38.92736100010552
T.MOV,99,T,True,X,0.9794334769248962,False,X,False,False,False,True,14.43326599996908,0.0081640000644256,2.422819999992498,22.080632000097467,0.1124499999605177,39.05733200008399
T.MOV,100,T,True,X,0.9534164667129515,False,X,False,False,False,True,14.001839000002292,0.0064910000219242,2.320973999985654,22.010468999951627,0.0946539998949447,38.43442699985644
T.MOV,101,T,True,X,0.9232693910598756,False,X,False,False,False,True,13.894613000047684,0.0076470000749395,2.374061999944388,22.044789999881687,0.1033559999541466,38.424467999902845
T.MOV,102,T,True,X,0.7347598671913147,False,X,False,False,False,True,13.897415999963414,0.007759000027363,2.401990999942427,22.00065200008794,0.0941009998314257,38.40191899985257
T.MOV,103,T,True,X,0.6179031729698181,False,X,False,False,False,True,13.914816999999855,0.0077209999744809,2.399682000032044,22.048099999892656,0.0948029999108257,38.46512299980986
T.MOV,104,T,True,T,0.55145663022995,True,T,True,False,False,False,13.823473000002195,0.0066810000589612,2.2729710001385683,21.9859199999064,0.0927920000322046,38.18183700013833
T.MOV,105,T,True,X,0.6159842610359192,False,X,False,False,False,True,13.946746999977222,0.0075999998898623,2.4051599998529127,22.570518999827986,0.0955939999585098,39.02561999950649
T.MOV,106,T,True,T,0.5142530202865601,True,T,True,False,False,False,13.971135000019784,0.008600999990449,3.081988000076308,22.09387700008847,0.1159180001195636,39.271519000294575
T.MOV,107,T,True,T,0.7122452855110168,True,T,True,False,False,False,13.917082000034496,0.0068520000695571,2.3639290000119217,22.04270999982328,0.0964430000749416,38.42701600001419
T.MOV,108,T,True,T,0.8917697668075562,True,T,True,False,False,False,13.957097999991674,0.008088000186035,2.378206000003047,22.05802999992557,0.095251999937318,38.49667400004364
T.MOV,109,T,True,T,0.8540695309638977,True,T,True,False,False,False,13.92224599999281,0.018168999986301,2.332475000002887,22.032183999954214,0.1089610000235552,38.41403499995977
T.MOV,110,T,True,T,0.9493578672409058,True,T,True,False,False,False,13.987103999966166,0.0072579998686705,2.2857310000290454,22.02841200005423,0.0933520000216958,38.40185699993981
T.MOV,111,T,True,T,0.9753064513206482,True,T,True,False,False,False,13.965106999989985,0.0077729998793074,2.333921000172268,22.030634999964605,0.0957239999479497,38.433159999954114
T.MOV,112,T,True,T,0.9869864583015442,True,T,True,False,False,False,14.052337000066473,0.007191999884526,2.319092000107048,22.010913000031,0.0940190000164875,38.48355300010553
T.MOV,113,T,True,T,0.9840503334999084,True,T,True,False,False,False,14.016211000011936,0.0074900001436617,2.2927469999558525,22.01486199987812,0.0964270000167744,38.427737000006346
T.MOV,114,T,True,T,0.9565469622612,True,T,True,False,False,False,14.039420000017344,0.0081010000485548,2.539811999895392,22.05103699998289,0.0960109998686675,38.734380999812856
T.MOV,115,T,True,T,0.9885846972465516,True,T,True,False,False,False,14.255795000053697,0.0069850000272708,2.362908999884894,22.645908000185955,0.0960869999744318,39.367684000126246
T.MOV,116,T,True,T,0.9839062094688416,True,T,True,False,False,False,14.069636000044738,0.0068599999849539,2.405124999995678,22.01121600000988,0.0938350001433718,38.58667200017862
T.MOV,117,T,True,T,0.9843223690986632,True,T,True,False,False,False,14.070758999991996,0.0079769999956624,2.478751000126067,22.002309999834324,0.1051189999543567,38.664915999902405
T.MOV,118,T,True,T,0.98200124502182,True,T,True,False,False,False,13.824730000010277,0.0073520000114513,2.3385110000617715,22.03128500013917,0.0917879999633441,38.29366600018602
T.MOV,119,T,True,T,0.9823130965232848,True,T,True,False,False,False,14.084185000001526,0.0067949999902339,2.578953000011097,22.038826999960293,0.1155290001406683,38.82428900010382
T.MOV,120,T,True,T,0.9750968217849731,True,T,True,False,False,False,13.939086000050338,0.0080649999745219,2.3946750000050088,22.01347800018993,0.1006190000225615,38.455923000242365
T.MOV,121,T,True,T,0.9607589244842528,True,T,True,False,False,False,14.464321999980712,0.0084010000591661,2.734025000108886,22.09025100000872,0.1276980001421179,39.4246970002996
T.MOV,122,T,True,T,0.9000597596168518,True,T,True,False,False,False,13.973953000004258,0.0087930000063352,2.547956999933376,22.759784000072614,0.1095909999548894,39.40007799997147
T.MOV,123,T,True,T,0.8728732466697693,True,T,True,False,False,False,13.865211000052112,0.0080449999586562,2.443198000037228,22.04380799980754,0.0963009999850328,38.45656299984057
T.MOV,124,T,True,T,0.8945214152336121,True,T,True,False,False,False,14.113395999970637,0.008117999868773,2.960973999961425,22.05886199999441,0.0972279999587044,39.23857799975394
T.MOV,125,T,True,T,0.8571887612342834,True,T,True,False,False,False,13.996147000057135,0.008122999815896,2.3512059999575285,22.00852500004657,0.1093070000024454,38.47330799987958
T.MOV,126,T,True,T,0.8875484466552734,True,T,True,False,False,False,13.967997000008836,0.0075949999427393,2.395491000015681,22.59105300004194,0.0939730000482086,39.05610900005741
T.MOV,127,T,True,T,0.8535626530647278,True,T,True,False,False,False,13.98609700004272,0.007056999947963,2.288583000108701,21.98644800000693,0.095456000053673,38.36364100015999
T.MOV,128,T,True,T,0.8163551092147827,True,T,True,False,False,False,14.011331999995493,0.0081350001437385,2.390825000020413,22.60868100006519,0.112987999955294,39.13196100018013
T.MOV,129,T,True,T,0.7257242798805237,True,T,True,False,False,False,13.937001000044802,0.0064990001646947,2.342250999845419,22.02254200005882,0.1394879998315445,38.44778099994528
T.MOV,130,T,True,T,0.4922308623790741,True,T,True,False,False,False,14.067651000004844,0.0071659999321127,2.583260999927006,22.4992129999464,0.1299509999626025,39.28724199977296
T.MOV,131,T,True,T,0.5265135169029236,True,T,True,False,False,False,14.017610999985664,0.0075919999744655,2.451184999927136,22.002667999913683,0.0981600001068727,38.57721599990782
T.MOV,132,T,True,T,0.4528610110282898,True,T,True,False,False,False,13.850015000002712,0.0072269999691343,2.3310379999657016,22.01031899994632,0.0913149999632878,38.28991399984716
T.MOV,133,T,True,X,0.4049160182476043,False,X,False,False,False,True,14.116872000045078,0.007675000006202,2.629823000006581,22.665261000156534,0.0973319999957311,39.516963000210126
T.MOV,134,T,True,T,0.4651122987270355,True,T,True,False,False,False,13.89826299998731,0.0084410000908974,2.3255970002082904,22.032014000160416,0.0931159997890063,38.35743100023592
T.MOV,135,T,True,T,0.3769208490848541,True,T,True,False,False,False,14.195748000020105,0.0073920000431826,2.394299000116007,21.992643999965367,0.0965389999691979,38.68662200011386
T.MOV,136,T,True,X,0.5098750591278076,False,X,False,False,False,True,13.889328999994175,0.0087220000750676,2.381546999913553,22.09019899987652,0.1031429999329702,38.47293999979229
T.MOV,137,T,True,X,0.4329177439212799,False,X,False,False,False,True,13.98613399999249,0.0077259999216039,2.435570999978154,22.034473000076105,0.1097589999972115,38.57366299996556
T.MOV,138,T,True,T,0.5034991502761841,True,T,True,False,False,False,13.911771000039153,0.0079520000326738,2.290085999902658,22.03164699994886,0.1120710001032421,38.35352700002659
T.MOV,139,T,True,T,0.8459630012512207,True,T,True,False,False,False,13.747003999924344,0.0079139999797916,2.380586000072072,22.04283499986559,0.1250150000942085,38.30335399993601
T.MOV,140,T,True,T,0.8661954402923584,True,T,True,False,False,False,13.848413999994593,0.0067759999637928,2.335629000072004,21.993939999902068,0.0956330000008165,38.28039199993327
T.MOV,141,T,True,T,0.949716567993164,True,T,True,False,False,False,13.780133999944155,0.006140000095911,2.236148000065441,22.02153700000053,0.1023059999170072,38.14626500002305
T.MOV,142,T,True,T,0.972649097442627,True,T,True,False,False,False,13.748149999969428,0.0077820000115025,2.2713610001119378,22.0065749999776,0.0985669998954108,38.13243499996588
T.MOV,143,T,True,T,0.8774777054786682,True,T,True,False,False,False,13.801728000089495,0.0066749998950399,2.3637730000700685,22.00892499990914,0.0948649999372719,38.27596599990102
U.MOV,0,U,True,H,0.5352856516838074,False,H,False,False,False,True,14.394531999982974,0.0089830000433721,2.497712999911528,22.162996999895768,0.1159890000508312,39.18021399988447
U.MOV,1,U,True,U,0.7090126872062683,True,U,True,False,False,False,13.892237999925785,0.0073289997999381,2.3606240001754486,22.03083300014441,0.0969440000062604,38.38796800005184
U.MOV,2,U,True,H,0.6850053071975708,False,H,False,False,False,True,13.914882999984002,0.0067889998263126,2.397546000111106,22.103539999989152,0.1047650000600697,38.52752299997064
U.MOV,3,U,True,H,0.9029291272163392,False,H,False,False,False,True,13.912199999936092,0.0069610000537068,2.506344000039462,22.135751999940112,0.1399269999637908,38.70118399993317
U.MOV,4,U,True,H,0.9932350516319276,False,H,False,False,False,True,14.448967000021185,0.0069940001594659,2.324535999832733,22.00841000012588,0.0904629998785822,38.87937000001784
U.MOV,5,U,True,H,0.9954293966293336,False,H,False,False,False,True,14.020251999909306,0.0073329999850102,2.42143299988129,22.014504000026136,0.0944850000905717,38.55800699989232
U.MOV,6,U,True,H,0.9922460913658142,False,H,False,False,False,True,13.968722000072376,0.0068689998897752,2.28656699982821,21.9997090000561,0.1150320001670479,38.37689900001351
U.MOV,7,U,True,H,0.9746979475021362,False,H,False,False,False,True,13.811574999976983,0.0069449999955395,2.3196319998533,22.04269699996076,0.1178779998554091,38.29872699964199
U.MOV,8,U,True,H,0.993627429008484,False,H,False,False,False,True,13.893983999992088,0.0080970000908564,2.4534090000543074,22.005148999824087,0.1058569998804159,38.46649599984176
U.MOV,9,U,True,H,0.9977250695228576,False,H,False,False,False,True,14.022334999935993,0.0076189999163034,2.382474999876649,22.093128000051365,0.0912639998205122,38.59682099960082
U.MOV,10,U,True,H,0.9974561333656312,False,H,False,False,False,True,13.966552000056254,0.0072129998898162,2.6290460000382154,22.031609999885404,0.1105020000977674,38.74492299996746
U.MOV,11,U,True,H,0.9987047910690308,False,H,False,False,False,True,13.92127500002971,0.00711699999556,2.3461400000996946,21.991863000039302,0.0927520000004733,38.35914700016474
U.MOV,12,U,True,H,0.9962489008903505,False,H,False,False,False,True,13.803553999991893,0.007470999889847,2.3564690000057453,22.04213000004529,0.1036010000916576,38.31322500002443
U.MOV,13,U,True,H,0.9982143640518188,False,H,False,False,False,True,13.884828000072956,0.0063630000113334,2.3759870000503724,21.985289999975063,0.0934300001063093,38.34589800021604
U.MOV,14,U,True,H,0.9985427856445312,False,H,False,False,False,True,13.92433599994547,0.0082389999533916,2.3594360000060988,22.03762700014522,0.1426869998795155,38.4723249999297
U.MOV,15,U,True,H,0.9991994500160216,False,H,False,False,False,True,13.967901000000891,0.0068580000061047,2.3026829999253096,21.977802000037627,0.0944900000376947,38.34973400000763
U.MOV,16,U,True,H,0.9987910389900208,False,H,False,False,False,True,13.930871999946248,0.0068770000325457,2.315056000043114,22.02935400009665,0.0954120000642433,38.3775710001828
U.MOV,17,U,True,H,0.99867045879364,False,H,False,False,False,True,13.88420099999621,0.0066249999690626,2.3685280000336206,21.981184000196663,0.09580999994796,38.33634800014352
U.MOV,18,U,True,H,0.9987578392028807,False,H,False,False,False,True,14.1262069998902,0.0077719998898828,2.348251000057644,22.01121100006276,0.0935380001010344,38.58697900000152
U.MOV,19,U,True,H,0.9992185831069946,False,H,False,False,False,True,13.906295999959184,0.0078530001701437,2.3763160002090444,22.100153000110367,0.1101999998809333,38.50081800032967
U.MOV,20,U,True,H,0.9997238516807556,False,H,False,False,False,True,13.96295100005318,0.0064820001171028,2.359305000027234,21.98214800000642,0.0961379998898337,38.40702400009377
U.MOV,21,U,True,H,0.9998114705085754,False,H,False,False,False,True,13.91055999999935,0.0070549999691138,2.306193000094936,22.037811000018337,0.0907920000372541,38.35241100011899
U.MOV,22,U,True,H,0.9998776912689208,False,H,False,False,False,True,13.89105800001289,0.0070030000642873,2.4653079999552574,22.01616000002105,0.0942930000746855,38.473822000128166
U.MOV,23,U,True,H,0.9998898506164552,False,H,False,False,False,True,13.869478000060552,0.0070860000960237,2.432987000020148,22.08081999992828,0.1183140000193816,38.50868500012439
U.MOV,24,U,True,H,0.9997745156288148,False,H,False,False,False,True,13.929987000096844,0.025141999913103,2.2510589999455988,22.140792000072903,0.1020110000808927,38.44899100010935
U.MOV,25,U,True,H,0.9994955062866212,False,H,False,False,False,True,14.015587000017147,0.0072399998316541,2.454049000107261,22.04429700009313,0.0937540000904846,38.61492700013969
U.MOV,26,U,True,H,0.9997190833091736,False,H,False,False,False,True,13.998241999956916,0.0062099998103803,2.4432539998997527,22.03871699998672,0.0915369998892856,38.577959999543054
U.MOV,27,U,True,H,0.9997177720069884,False,H,False,False,False,True,14.051968000103445,0.0067109999690728,2.340470000035566,22.00583400008327,0.0932610000745626,38.49824400026591
U.MOV,28,U,True,H,0.9997413754463196,False,H,False,False,False,True,15.207209999971385,0.0071570000272913,2.3181179999483,22.027855999795065,0.0965179999639076,39.656858999705946
U.MOV,29,U,True,H,0.9993590712547302,False,H,False,False,False,True,14.057564999916394,0.0078870000379538,2.456784000059997,22.02677000013864,0.1146049999078968,38.66361100006088
U.MOV,30,U,True,H,0.9995273351669312,False,H,False,False,False,True,13.877148000005946,0.00711699999556,2.3996929999157146,22.115021999979945,0.09179500011669,38.490775000013855
U.MOV,31,U,True,H,0.9991807341575624,False,H,False,False,False,True,14.010282999947776,0.0079889998687576,2.3677060000864003,22.0214500000111,0.0959559999955672,38.5033839999096
U.MOV,32,U,True,H,0.9988058805465698,False,H,False,False,False,True,14.525815000069995,0.0070099999902595,2.3328859999764973,22.545540999999503,0.0900649999948655,39.50131700003112
U.MOV,33,U,True,H,0.9980121850967408,False,H,False,False,False,True,13.952131999985795,0.0082750000274245,2.435541000068042,22.093930999972144,0.0943860000006679,38.58426500005408
U.MOV,34,U,True,H,0.9961698651313782,False,H,False,False,False,True,13.834255999995548,0.0066310001329839,2.4886260000585025,21.99493100010841,0.0942450001275574,38.418689000423
U.MOV,35,U,True,H,0.9915183186531068,False,H,False,False,False,True,13.92743800010976,0.0067219998527434,2.396300000100382,22.035921999986385,0.1045950000388984,38.47097700008817
U.MOV,36,U,True,H,0.9934816360473632,False,H,False,False,False,True,13.859063000040804,0.0084819998846796,2.507395000066026,22.21107099990149,0.0988760000382171,38.68488699993122
U.MOV,37,U,True,H,0.9898542761802672,False,H,False,False,False,True,13.886040999977922,0.007350999794653,2.3533990001851635,22.10226400006832,0.1715859998512314,38.52064099987729
U.MOV,38,U,True,H,0.9871938824653624,False,H,False,False,False,True,13.794196000048942,0.0074619999850256,2.4681319998762774,22.073731999853408,0.1155910001671145,38.45911299993077
U.MOV,39,U,True,H,0.9814000129699708,False,H,False,False,False,True,13.87157199997091,0.0072039999849948,2.346484000099736,22.00807100007296,0.1092959998914011,38.34262700002
U.MOV,40,U,True,H,0.9486681818962096,False,H,False,False,False,True,13.970802000017102,0.0068660001488751,2.332648999981757,22.05090600000404,0.092745999836552,38.45396899998832
U.MOV,41,U,True,H,0.972754180431366,False,H,False,False,False,True,15.128295000067736,0.0073480000537529,2.297075000115001,22.00905399990916,0.106005999896297,39.54777800004194
U.MOV,42,U,True,H,0.9813618063926696,False,H,False,False,False,True,13.966982000056303,0.0066319998950348,2.355101999910403,21.976734999952896,0.0922159999845462,38.39766699979919
U.MOV,43,U,True,H,0.9857659339904784,False,H,False,False,False,True,13.862879000043904,0.006181000117067,2.423378999992565,21.97798399993189,0.1146140000400919,38.38503700012552
U.MOV,44,U,True,H,0.989966630935669,False,H,False,False,False,True,13.877764999961071,0.0067190001118433,2.3421529999723134,22.07972599990171,0.0954180000007909,38.40178099994773
U.MOV,45,U,True,H,0.981994926929474,False,H,False,False,False,True,14.022977000081482,0.0071790000220062,2.3236370000176976,22.037978999833285,0.0958460000219929,38.487617999976464
U.MOV,46,U,True,H,0.9868766069412231,False,H,False,False,False,True,13.880051999990428,0.0083040001754852,2.342886000178624,22.0117679998566,0.0948679999055457,38.33787800010669
U.MOV,47,U,True,H,0.9983572363853456,False,H,False,False,False,True,13.892745000021025,0.0072549999003967,2.378787999987253,22.00089100006153,0.0928399999793327,38.372518999949534
U.MOV,48,U,True,H,0.99972265958786,False,H,False,False,False,True,13.76278700001876,0.0065510000695212,2.4114180000651686,21.984843999916848,0.0974810000116122,38.26308100008191
U.MOV,49,U,True,H,0.9998595714569092,False,H,False,False,False,True,14.10921700005474,0.0069090001488802,2.320898000107263,22.659322999970755,0.0949949999267119,39.19134200020835
U.MOV,50,U,True,H,0.9999450445175172,False,H,False,False,False,True,13.937119999923198,0.0087870000697876,2.4217310001404257,22.02979700018659,0.1152690001617884,38.51270400048179
U.MOV,51,U,True,H,0.9999184608459472,False,H,False,False,False,True,14.067607000015414,0.0079159999586408,2.4293690000831702,22.03943700010313,0.1297829999202804,38.67411200008064
U.MOV,52,U,True,H,0.9999408721923828,False,H,False,False,False,True,13.98131899998134,0.0078950001807243,2.37455499996031,22.01667500003168,0.1158989998657489,38.496343000019806
U.MOV,53,U,True,H,0.999923586845398,False,H,False,False,False,True,13.978610000094704,0.0071539998316438,2.309489000026588,21.99312600009761,0.095884000074875,38.38426300012543
U.MOV,54,U,True,H,0.9999326467514038,False,H,False,False,False,True,13.92579699995622,0.0067940000008093,2.327143000002252,22.019377999868084,0.1216660000409319,38.400777999868296
U.MOV,55,U,True,H,0.9999364614486694,False,H,False,False,False,True,13.877709999974286,0.0076630001331068,2.487511000026643,22.02717999989545,0.0981250000222644,38.49818900005175
U.MOV,56,U,True,H,0.9999690055847168,False,H,False,False,False,True,14.16182699995261,0.006414000154109,2.548852000018087,22.19386000001577,0.1294740000048477,39.04042700014543
U.MOV,57,U,True,H,0.9999784231185912,False,H,False,False,False,True,15.275158999997984,0.0067610001224238,2.355518999820561,22.068860999979734,0.0963420000061887,39.80264199992689
U.MOV,58,U,True,H,0.9999748468399048,False,H,False,False,False,True,13.949796000019887,0.0065820001964311,2.414257999816982,22.038501999986693,0.1097899998967477,38.51892799991674
U.MOV,59,U,True,H,0.9999675750732422,False,H,False,False,False,True,13.86731399998098,0.0068049998844799,2.309267999862641,22.01161200014212,0.0928240001485392,38.28782300001876
U.MOV,60,U,True,H,0.999901533126831,False,H,False,False,False,True,13.998865999951704,0.0079450001067016,2.412400999901365,22.01812700013761,0.0937249999424238,38.531064000039805
U.MOV,61,U,True,H,0.9999247789382936,False,H,False,False,False,True,14.091581000002408,0.0072389998422295,2.4718859999666165,22.0312379999541,0.098335000075167,38.70027899984052
U.MOV,62,U,True,H,0.999832272529602,False,H,False,False,False,True,13.844937999920148,0.0085880001279292,2.465784999913012,22.08944100016197,0.1073220000762376,38.516074000199296
U.MOV,63,U,True,H,0.9998564720153807,False,H,False,False,False,True,13.97511499999382,0.0072299999374081,2.3649560000649217,22.05744200000481,0.0940410000112024,38.498784000012165
U.MOV,64,U,True,H,0.9990969896316528,False,H,False,False,False,True,13.835847999985162,0.0075259999903209,2.8680969999186345,22.527066000066043,0.0905849999526253,39.32912199991279
U.MOV,65,U,True,H,0.9911406636238098,False,H,False,False,False,True,13.852918999987196,0.0083400000221445,2.396208000163824,22.09831599998324,0.1110549999339127,38.46683800009032
U.MOV,66,U,True,H,0.995069146156311,False,H,False,False,False,True,14.167603000032614,0.0068609999743785,2.3616560001755715,21.9999429998552,0.094460000127583,38.63052300016534
U.MOV,67,U,True,H,0.980087161064148,False,H,False,False,False,True,13.885072999983096,0.0121009998110821,2.28544099991268,21.97463900006369,0.0903220000054716,38.24757599977602
U.MOV,68,U,True,H,0.9455639123916626,False,H,False,False,False,True,13.896483000053196,0.0071909998951014,2.4188869999761664,22.083128000076613,0.1103019999391108,38.515990999940186
U.MOV,69,U,True,H,0.556682825088501,False,H,False,False,False,True,13.985192000063762,0.0074690001383714,2.269397999953071,22.06258199998956,0.1179339999453077,38.44257500009007
U.MOV,70,U,True,U,0.5535681843757629,True,U,True,False,False,False,13.818917999969926,0.0070850001065991,2.272210000000996,22.02733000012813,0.0932780001221544,38.21882100032781
U.MOV,71,U,True,U,0.5262864828109741,True,U,True,False,False,False,13.958219999949506,0.0071690001277602,2.3198660001071403,22.030087000075586,0.0932379998630494,38.40858000012304
U.MOV,72,U,True,U,0.6246734261512756,True,U,True,False,False,False,13.751110999919549,0.0070870000854483,2.3599759999797243,22.02136000005339,0.1145700000506622,38.25410400008877
U.MOV,73,U,True,U,0.9091914892196656,True,U,True,False,False,False,13.973144000033244,0.0065280000853817,2.315418000080172,22.04203299993424,0.0927009998576977,38.42982399999073
U.MOV,74,U,True,U,0.9049367308616638,True,U,True,False,False,False,13.988473000040358,0.0072450000061508,2.622206999831178,22.00154199999816,0.0923200000215729,38.71178699989741
U.MOV,75,U,True,U,0.9635663032531738,True,U,True,False,False,False,13.936470999965422,0.007321000111915,2.3805470000297646,22.065615999963484,0.0942199999371951,38.48417500000778
U.MOV,76,U,True,U,0.9506310820579528,True,U,True,False,False,False,13.759386000060658,0.0064299999849026,2.292910000051052,21.973539000100573,0.0911659999474068,38.12343100014459
U.MOV,77,U,True,U,0.9640135765075684,True,U,True,False,False,False,14.00524099994982,0.006996999900366,2.494356999932279,23.24943600001461,0.091182000005574,39.84721299980265
U.MOV,78,U,True,U,0.9112582802772522,True,U,True,False,False,False,13.827798000079383,0.0064999999267456,2.4360710001474217,22.04086599999755,0.1006129998586402,38.41184800000974
U.MOV,79,U,True,U,0.8926085233688354,True,U,True,False,False,False,14.039748000072905,0.0072310001542064,2.3880759999883594,21.990543999891088,0.1030720000017026,38.52867100010826
U.MOV,80,U,True,U,0.540104329586029,True,U,True,False,False,False,13.84597499998108,0.0061360001382126,2.256696000131342,22.03789800000777,0.0900180000371619,38.23672300029557
U.MOV,81,U,True,U,0.8045974969863892,True,U,True,False,False,False,13.878452999961157,0.0072080001700669,2.3504559999310004,22.01133799985655,0.1020029999381222,38.349457999856895
U.MOV,82,U,True,H,0.6422708034515381,False,H,False,False,False,True,13.875746999929106,0.0076110000009066,2.37433899997086,22.039014000029056,0.0943540001117071,38.39106500004164
U.MOV,83,U,True,H,0.972909450531006,False,H,False,False,False,True,13.99677199992766,0.0068419999479374,2.283077999891248,22.010499000089112,0.0939779999953316,38.39116899985129
U.MOV,84,U,True,H,0.9963424801826476,False,H,False,False,False,True,13.983983000002809,0.0079320000168081,2.6562709999780054,22.04717200015693,0.0986500001545209,38.79400800030908
U.MOV,85,U,True,H,0.9996671676635742,False,H,False,False,False,True,14.056255000014062,0.0069010000061098,2.342002999967008,22.041962000002968,0.1091459998860955,38.55626699987624
U.MOV,86,U,True,H,0.99973863363266,False,H,False,False,False,True,13.778116000025877,0.0066730001435644,2.3540919999049947,22.306060999881083,0.0932539999212167,38.538195999876734
U.MOV,87,U,True,H,0.9996731281280518,False,H,False,False,False,True,13.957489999938844,0.0073319999955856,2.364823000107208,22.053437000067788,0.1000679999378917,38.48315000004732
U.MOV,88,U,True,H,0.9999016523361206,False,H,False,False,False,True,13.887724000028356,0.0071530000695929,2.334071999939624,22.058626999978515,0.1068299998223665,38.394405999838455
U.MOV,89,U,True,H,0.9999682903289796,False,H,False,False,False,True,14.080141000022197,0.0074600000061764,2.402907000032428,22.060459999920567,0.1256699999885313,38.6766379999699
U.MOV,90,U,True,H,0.9999732971191406,False,H,False,False,False,True,14.583377000008111,0.0066480001805757,2.519936999988204,22.02057599993168,0.0956740000219724,39.22621200013055
U.MOV,91,U,True,H,0.9999551773071288,False,H,False,False,False,True,13.94296499995562,0.0083759998688037,2.365496000038547,22.01351000007889,0.1052400000389752,38.43558699998084
U.MOV,92,U,True,H,0.999980330467224,False,H,False,False,False,True,14.13668999998663,0.0076839999110234,2.335545000050842,22.07064399999581,0.1243809999778022,38.67494399992211
U.MOV,93,U,True,H,0.9999896287918092,False,H,False,False,False,True,14.145095999992918,0.0068059998739045,2.3825620000934578,22.04916400000912,0.0933950000217009,38.677022999991095
U.MOV,94,U,True,H,0.9999827146530152,False,H,False,False,False,True,13.93069799996738,0.0064500000007683,2.400292999936937,22.03484999995453,0.0939099998049641,38.46620099966458
U.MOV,95,U,True,H,0.9999880790710448,False,H,False,False,False,True,14.11444500001835,0.0076470000749395,2.3629509998954745,22.03223599985904,0.0983319998795195,38.61561099972732
U.MOV,96,U,True,H,0.9999891519546508,False,H,False,False,False,True,14.260363999937908,0.0086669999745936,2.455906999784929,22.71139600020433,0.1339299999472132,39.570263999848976
U.MOV,97,U,True,H,0.9999774694442748,False,H,False,False,False,True,13.967870999977094,0.0075489999744604,2.477923000014925,22.063096000010773,0.1042000001234555,38.62063900010071
U.MOV,98,U,True,H,0.9999667406082152,False,H,False,False,False,True,13.99553500004913,0.0073530000008759,2.5869409998904302,22.73506799997449,0.1474189998589281,39.472315999773855
U.MOV,99,U,True,H,0.9998506307601928,False,H,False,False,False,True,14.012293000064346,0.0068520000695571,2.89620500007004,22.05960700007381,0.1151040000877401,39.090061000365495
U.MOV,100,U,True,H,0.999914526939392,False,H,False,False,False,True,13.94661399990582,0.0064500000007683,2.405664999969304,22.02391600008013,0.0954090000959695,38.478054000052
U.MOV,101,U,True,H,0.9998175501823424,False,H,False,False,False,True,14.036898999961522,0.0067569999373517,2.3471219999464665,22.01981899997918,0.0966929999322019,38.50728999975672
U.MOV,102,U,True,H,0.9998776912689208,False,H,False,False,False,True,13.995870000030664,0.0064470000324945,2.444206000063786,22.06139499980964,0.0923249999686959,38.60024299990528
U.MOV,103,U,True,H,0.9998071789741516,False,H,False,False,False,True,14.778922999994393,0.0069929999426676,2.8587809999862657,22.074756000165507,0.0969430000168358,39.81639600010567
U.MOV,104,U,True,H,0.9996854066848756,False,H,False,False,False,True,13.957487999959994,0.0071949998527998,2.3700649999227608,22.002208999992945,0.1382009997996647,38.475157999528165
U.MOV,105,U,True,H,0.9994798302650452,False,H,False,False,False,True,14.181992999965589,0.0072170000748883,2.3222999998324667,22.046827000167468,0.1156189998710033,38.67395599991141
U.MOV,106,U,True,H,0.998059332370758,False,H,False,False,False,True,14.184102999934112,0.0081400000908615,2.349321000110649,22.0545070001208,0.1064779999069287,38.702549000163344
U.MOV,107,U,True,H,0.9989652633666992,False,H,False,False,False,True,14.090959999975894,0.006592999852728,2.329901999928552,21.988257999964844,0.0961860000643355,38.511898999786354
U.MOV,108,U,True,H,0.965474009513855,False,H,False,False,False,True,13.89770999992379,0.0069420000272657,2.4124789999859786,22.051648999877216,0.1274860001103661,38.49626599992462
U.MOV,109,U,True,H,0.5192703008651733,False,H,False,False,False,True,13.96140099996046,0.0079970000115281,2.3776019997967524,22.0505540000886,0.1118620000397641,38.5094159998971
U.MOV,110,U,True,U,0.9578856825828552,True,U,True,False,False,False,13.906838000025346,0.0083109998740837,2.452691000144114,22.05069799992998,0.119522999966648,38.53806099994017
U.MOV,111,U,True,U,0.9624544978141784,True,U,True,False,False,False,14.044127000033768,0.0067799999214912,2.313765000053536,22.009238000009645,0.0946539998949447,38.468563999913385
U.MOV,112,U,True,U,0.9558603167533876,True,U,True,False,False,False,13.971008999988044,0.0074549998316797,2.4473110001963505,22.04055800007154,0.0959260000854556,38.56225900017307
U.MOV,113,U,True,U,0.9884430766105652,True,U,True,False,False,False,14.04970900000535,0.0071079998633649,2.5318950001747,21.98731799990128,0.0944319999689469,38.67046199991364
U.MOV,114,U,True,U,0.9897547364234924,True,U,True,False,False,False,14.325857000017097,0.0086069999269966,2.4249540001619607,22.08705800012467,0.0915679997888219,38.938044000019545
U.MOV,115,U,True,U,0.9909907579421996,True,U,True,False,False,False,14.2275810000001,0.0078599998687423,2.348936999851503,22.01021300015782,0.0933880000957287,38.68797899997389
U.MOV,116,U,True,U,0.9920946955680848,True,U,True,False,False,False,14.140408000002935,0.0075799998739967,2.3765309999816964,22.25445299995954,0.1050239998221513,38.88399599964032
U.MOV,117,U,True,U,0.9461237192153932,True,U,True,False,False,False,13.9199400000507,0.0071970000590226,2.329295999970782,22.008158000062394,0.0970979999692644,38.361689000112165
U.MOV,118,U,True,U,0.7193014025688171,True,U,True,False,False,False,13.895093999963136,0.0063749998844286,3.0626269999629585,22.03302399993845,0.0929489999634824,39.09006899971246
U.MOV,119,U,True,H,0.4511004090309143,False,H,False,False,False,True,13.822521999941271,0.0073119999797199,2.317993000133356,22.02198700001645,0.1517610000973945,38.3215750001682
U.MOV,120,U,True,H,0.825045645236969,False,H,False,False,False,True,14.105587000017294,0.0072529999215475,2.2867310001402075,22.001970000019355,0.0926870000057533,38.49422800010416
U.MOV,121,U,True,H,0.930199921131134,False,H,False,False,False,True,13.934296000002178,0.0072210000325867,2.286366000134876,22.02262400010113,0.0924490000215882,38.34295600029236
U.MOV,122,U,True,H,0.995888650417328,False,H,False,False,False,True,13.959436000050118,0.0066859997787105,2.4240669999926467,22.03918100008196,0.0971619999745598,38.52653199987799
U.MOV,123,U,True,H,0.9989973902702332,False,H,False,False,False,True,13.900896000109242,0.0069280001753213,2.3256629999650613,22.02272999988964,0.1013799999327602,38.35759700007202
U.MOV,124,U,True,H,0.9998495578765868,False,H,False,False,False,True,13.840907000030713,0.0072909999744297,2.371536999817181,22.02028499982589,0.1036809999277466,38.34370099957596
U.MOV,125,U,True,H,0.9999397993087769,False,H,False,False,False,True,13.957892999997055,0.0065570000060688,2.2870660000080534,22.030563999805963,0.0950030000694823,38.37708299988663
U.MOV,126,U,True,H,0.9999610185623168,False,H,False,False,False,True,14.003187999946933,0.007506000201829,2.538141000059113,22.008185000004232,0.0930040000639564,38.65002400027606
U.MOV,127,U,True,H,0.9999784231185912,False,H,False,False,False,True,13.90929399997276,0.0068159999955241,2.348859999983688,22.01293899997836,0.0985629999377124,38.376471999868045
U.MOV,128,U,True,H,0.9999806880950928,False,H,False,False,False,True,13.837803999990683,0.0079120000009424,2.304059000152847,22.057834000179355,0.1121359998705884,38.319745000194416
U.MOV,129,U,True,H,0.999985694885254,False,H,False,False,False,True,13.911005999943882,0.0078020000273681,2.354071000127078,21.994414999880973,0.1082900000710651,38.37558400005037
U.MOV,130,U,True,H,0.9999892711639404,False,H,False,False,False,True,14.4274660000292,0.0108050001017545,2.3797660001037,22.076265000123385,0.1160649999292218,39.01036700028726
U.MOV,131,U,True,H,0.9999892711639404,False,H,False,False,False,True,13.901849000035329,0.0084090002019365,2.434516999983316,22.105973999941853,0.1169659999504801,38.56771500011291
U.MOV,132,U,True,H,0.9999892711639404,False,H,False,False,False,True,13.910106000025737,0.0083320001067477,2.4394869999468938,22.01152599991474,0.0985829999535781,38.46803399994769
U.MOV,133,U,True,H,0.9999887943267822,False,H,False,False,False,True,13.958101999946848,0.0081640000644256,1.7671960001734988,22.647796000001108,0.113168000098085,38.494426000283966
U.MOV,134,U,True,H,0.9999881982803344,False,H,False,False,False,True,14.222287000052347,0.0106879999748343,2.78128300010394,22.75904500015713,0.1610360000086075,39.93433900029686
U.MOV,135,U,True,H,0.9999754428863524,False,H,False,False,False,True,13.977485000054912,0.0089069999376079,3.1884279999303544,22.62832299993533,0.1149489999079378,39.91809199976615
U.MOV,136,U,True,H,0.999974489212036,False,H,False,False,False,True,14.0933780000978,0.00728099985281,2.3393310000301426,22.010997999814208,0.0925449999158445,38.543532999710806
U.MOV,137,U,True,H,0.9999713897705078,False,H,False,False,False,True,14.15597200002594,0.0068670001382997,2.3354420000032405,22.03212000017629,0.1064690000021073,38.63687000034588
U.MOV,138,U,True,H,0.9999284744262696,False,H,False,False,False,True,13.984211999968466,0.0066929999320564,2.699185999972542,21.981463000201984,0.0922730000638694,38.76382700013892
U.MOV,139,U,True,H,0.9995312690734864,False,H,False,False,False,True,14.016436000019894,0.0067329999637877,2.3415949999616714,22.022009000011167,0.1121760001296934,38.49894900008621
U.MOV,140,U,True,H,0.9964665174484252,False,H,False,False,False,True,13.870516999986648,0.0075939999533147,2.25466699998833,21.99651999990237,0.1039109999965148,38.233208999827184
U.MOV,141,U,True,H,0.9991311430931092,False,H,False,False,False,True,13.89564800001608,0.0061369999002636,2.330363000055513,21.97593500000039,0.1140410001880809,38.32212400016033
U.MOV,142,U,True,H,0.9995317459106444,False,H,False,False,False,True,14.223491999928228,0.0068360000113898,2.274523000096451,21.98753399989073,0.0935660000322968,38.585950999959095
U.MOV,143,U,True,H,0.9909092783927916,False,H,False,False,False,True,14.378071000010095,0.0082360002124914,2.2836839998490177,22.015820999968128,0.1325349999206082,38.81834699996034
V.MOV,0,V,True,V,0.9614869356155396,True,V,True,False,False,False,14.179915999989134,0.0092560001121455,2.4153800000021874,22.18709600015245,0.094279999984792,38.88592800024071
V.MOV,1,V,True,V,0.9407002329826356,True,V,True,False,False,False,14.755220999973062,0.0076459998581412,2.459260000023278,22.08789499991326,0.1089229999706731,39.418944999738414
V.MOV,2,V,True,V,0.9466533660888672,True,V,True,False,False,False,13.943430999916018,0.0079970000115281,2.3582659998737654,22.01567500014789,0.0989539998954569,38.42432299984466
V.MOV,3,V,True,V,0.9667747616767884,True,V,True,False,False,False,13.842925999938416,0.0072739999268378,2.498110000033193,22.045250000019223,0.1806820000638254,38.574241999981496
V.MOV,4,V,True,V,0.9687368273735046,True,V,True,False,False,False,13.930942000001778,0.0090209998688806,2.269672000011269,22.09528200000932,0.1170830000774003,38.42199999996865
V.MOV,5,V,True,V,0.9747615456581116,True,V,True,False,False,False,14.01382400001694,0.0074489998951321,2.389116000131253,21.976558999995177,0.0922080000691494,38.47915600010765
V.MOV,6,V,True,V,0.9883816838264464,True,V,True,False,False,False,13.906862999988334,0.0086339998688345,2.4683770000137883,22.054965000052107,0.109247999944273,38.54808699986734
V.MOV,7,V,True,V,0.9865620732307434,True,V,True,False,False,False,14.192474999958904,0.007121999942683,2.432975999909104,22.07535800016558,0.0956730000325478,38.80360400000882
V.MOV,8,V,True,V,0.9734011888504028,True,V,True,False,False,False,14.037647999998626,0.0086699999428674,2.495296999995844,22.107397000127094,0.1079529999969963,38.75696500006143
V.MOV,9,V,True,V,0.9500814080238342,True,V,True,False,False,False,13.871911999899568,0.0075849998211197,2.441131000068708,22.06845799992152,0.095032999979594,38.48411899969051
V.MOV,10,V,True,V,0.9648296236991882,True,V,True,False,False,False,13.927617000035752,0.0071690001277602,2.4269410000670177,22.040884000034566,0.1279640000575455,38.53057500032264
V.MOV,11,V,True,V,0.8892304301261902,True,V,True,False,False,False,13.90476899996429,0.006614000085392,2.3949379999521625,22.01684600004228,0.1177880001250741,38.4409550001692
V.MOV,12,V,True,V,0.8952040672302246,True,V,True,False,False,False,13.83369399991352,0.0072349998845311,2.355168999883972,22.577348000140773,0.091172999873379,38.86461899969618
V.MOV,13,V,True,V,0.8120970129966736,True,V,True,False,False,False,14.15448100010508,0.0064569999267405,2.607283000088501,22.68448299992088,0.0922340000215626,39.54493800006276
V.MOV,14,V,True,V,0.8658331632614136,True,V,True,False,False,False,13.894888999971045,0.007205999963844,2.641662000087308,23.244971000167425,0.0933579999582434,39.882086000147865
V.MOV,15,V,True,V,0.9308642745018004,True,V,True,False,False,False,14.00021300003118,0.0071039999056665,2.7201699999750417,22.639792000063608,0.0930709998101519,39.46034999978565
V.MOV,16,V,True,V,0.9613170027732848,True,V,True,False,False,False,13.862367999990964,0.0066879999849334,2.6966590000938595,22.6561969998329,0.0916149999738991,39.31352699987656
V.MOV,17,V,True,V,0.9186913967132568,True,V,True,False,False,False,14.529594000009638,0.0075099999321537,2.461118999917744,22.037662000002456,0.0971609999851352,39.13304599984713
V.MOV,18,V,True,V,0.9721474647521972,True,V,True,False,False,False,14.183344000002762,0.0070399999003711,2.4907450001592224,22.08330500002376,0.1087979999283561,38.87323200001447
V.MOV,19,V,True,V,0.9693302512168884,True,V,True,False,False,False,14.09300299997085,0.0070480000431416,2.359144000138258,22.025364999990416,0.0955789998897671,38.58013900003243
V.MOV,20,V,True,V,0.91226464509964,True,V,True,False,False,False,14.596363999999085,0.0067239998315926,2.342590999887761,21.976644999995187,0.0937920001433667,39.01611599985699
V.MOV,21,V,True,V,0.9641262292861938,True,V,True,False,False,False,14.169347000006384,0.0068440001541603,2.455117999943468,22.089916000140875,0.1032630000281642,38.82448800027305
V.MOV,22,V,True,V,0.9422330856323242,True,V,True,False,False,False,14.160055999923316,0.009247999969375,2.6498780000565603,22.16513200005465,0.1199549999455484,39.104268999949454
V.MOV,23,V,True,V,0.9751284718513488,True,V,True,False,False,False,16.156169000055343,0.0082159999692521,2.48370199983583,22.09006399993996,0.1073790001555607,40.84552999995594
V.MOV,24,V,True,V,0.9740281701087952,True,V,True,False,False,False,14.047409999989211,0.0072069999532686,2.618475999952352,22.03020899992225,0.1137869999183749,38.81708899973546
V.MOV,25,V,True,V,0.9740657806396484,True,V,True,False,False,False,13.831041999992522,0.0068520000695571,2.358512000000701,21.99894499995025,0.1083600000129081,38.30371100002594
V.MOV,26,V,True,V,0.980527400970459,True,V,True,False,False,False,14.255015999992793,0.0125520000437973,2.3963830001321185,21.99290600015047,0.0918539999474887,38.74871100026667
V.MOV,27,V,True,V,0.9876213669776917,True,V,True,False,False,False,13.973366000072929,0.0081489999956829,2.4201470000662084,22.000505000050907,0.1053739999861136,38.50754100017184
V.MOV,28,V,True,V,0.9802647829055786,True,V,True,False,False,False,14.076403999979448,0.0073809999321383,2.395293000063248,22.050431000025128,0.1021130001390702,38.63162200013903
V.MOV,29,V,True,V,0.9092900156974792,True,V,True,False,False,False,13.992361000077835,0.0066879999849334,2.2861780000766885,22.06644799980495,0.1381060001222067,38.48978100006661
V.MOV,30,V,True,V,0.8832101225852966,True,V,True,False,False,False,13.936599999965438,0.007963000143718,2.468676000034975,22.04161400004523,0.1043479999225382,38.5592010001119
V.MOV,31,V,True,V,0.8680048584938049,True,V,True,False,False,False,13.98179699992852,0.0076090000220574,2.343866000046546,22.04952800002502,0.0967010000749724,38.47950100009712
V.MOV,32,V,True,V,0.8873674273490906,True,V,True,False,False,False,13.924892999966689,0.0064809999003045,2.406375999953525,21.970600999793533,0.0919199999316333,38.40027099954568
V.MOV,33,V,True,V,0.926637589931488,True,V,True,False,False,False,14.037703999974838,0.0085489998582488,2.341290000003937,22.03287900010764,0.1114660001348966,38.53188800007956
V.MOV,34,V,True,V,0.8823732733726501,True,V,True,False,False,False,14.43480999989788,0.0106540001070243,2.3668690000704373,22.04029899985472,0.0940850000006321,38.946716999930686
V.MOV,35,V,True,V,0.8473030924797058,True,V,True,False,False,False,13.90668800002004,0.0073799999427137,2.4195389999022154,22.05086099979781,0.0982020001174532,38.48266999978023
V.MOV,36,V,True,V,0.9381691813468932,True,V,True,False,False,False,13.825090000068483,0.0087729999904695,2.3920759999782604,22.27559500011012,0.0946510001540446,38.596185000301375
V.MOV,37,V,True,V,0.8797802329063416,True,V,True,False,False,False,13.862099999983002,0.0069230000008246,2.3842919999879086,22.05427800004145,0.0926359998629777,38.40022899987616
V.MOV,38,V,True,V,0.9379963278770448,True,V,True,False,False,False,14.417038999908982,0.0072579998686705,2.107303000002503,22.14571599984083,0.1038829998378787,38.78119899945887
V.MOV,39,V,True,V,0.9216209053993224,True,V,True,False,False,False,14.070038999989263,0.0082720000591507,2.400343999852339,22.019124000053125,0.10023300001194,38.59801199996582
V.MOV,40,V,True,V,0.8773564696311951,True,V,True,False,False,False,14.078915000027337,0.007932999778859,2.287003999981607,22.00427000002492,0.093568000011146,38.471689999823866
V.MOV,41,V,True,V,0.9441431760787964,True,V,True,False,False,False,13.9230500000167,0.0067099999796482,1.6420439999365044,22.060071999931097,0.1038269999753538,37.735702999839305
V.MOV,42,V,True,V,0.9783112406730652,True,V,True,False,False,False,13.931214999956865,0.0079450001067016,2.352579999978844,21.98804799991194,0.0928720000956673,38.37266000005002
V.MOV,43,V,True,V,0.976207673549652,True,V,True,False,False,False,13.90737999997782,0.006948000191187,2.6174939998782065,22.04190699990249,0.1000769998427131,38.67380599979242
V.MOV,44,V,True,V,0.9761381149291992,True,V,True,False,False,False,13.973888999998962,0.005945999873802,2.304793000121208,22.01771199997893,0.1249710001047788,38.42731100007768
V.MOV,45,V,True,V,0.978050172328949,True,V,True,False,False,False,13.883385999974962,0.006623999979638,2.378799999860348,21.983138999985385,0.0920490001590224,38.34399799995936
V.MOV,46,V,True,V,0.9743337035179138,True,V,True,False,False,False,13.930160000086287,0.0068179999743733,2.302818999851297,21.984568999869225,0.1010500000120373,38.32541599979322
V.MOV,47,V,True,V,0.971166491508484,True,V,True,False,False,False,14.02151699994647,0.006866999910926,2.310292999936792,22.0138780000525,0.1011090000702097,38.4536639999169
V.MOV,48,V,True,V,0.9658218622207642,True,V,True,False,False,False,13.876802000027055,0.0070950000008451,2.34568600012608,21.99944999983927,0.1014300000861112,38.33046300007936
V.MOV,49,V,True,V,0.9816100597381592,True,V,True,False,False,False,13.99995500003115,0.0076490000537887,2.3412530001678533,22.057666999899084,0.0928169999951933,38.49934100014707
V.MOV,50,V,True,V,0.9764177799224854,True,V,True,False,False,False,13.952593999988494,0.0075310001648176,2.337562999855436,21.974325999963185,0.1032459999805723,38.375259999952505
V.MOV,51,V,True,V,0.9772063493728638,True,V,True,False,False,False,13.886587999991209,0.0070280000272759,2.366627999890625,22.0706180000434,0.1704150001842208,38.50127700013672
V.MOV,52,V,True,V,0.9766987562179564,True,V,True,False,False,False,14.04507300003388,0.0078390000908257,2.387492000025304,22.031599000001734,0.0909049999791022,38.56290800013085
V.MOV,53,V,True,V,0.9805628061294556,True,V,True,False,False,False,14.023551000036605,0.0061829998685425,2.289883000003101,21.97397899999487,0.0939690000905102,38.38756499999363
V.MOV,54,V,True,V,0.973791241645813,True,V,True,False,False,False,13.825927000084448,0.0070029998369136,2.347913999983575,21.99612000003981,0.0931960000798426,38.27016000002459
V.MOV,55,V,True,V,0.974247395992279,True,V,True,False,False,False,14.061808999940697,0.0078549999216193,2.318991000038295,22.002693000104045,0.0908469999103545,38.48219499991501
V.MOV,56,V,True,V,0.9718874096870422,True,V,True,False,False,False,13.96896400001424,0.0085900001067784,2.360863999911089,22.00319500002479,0.0978279999799269,38.43944100003682
V.MOV,57,V,True,V,0.9645209908485411,True,V,True,False,False,False,13.877897999918789,0.0069330001224443,2.4126420000811777,22.033337000038955,0.1095019999866053,38.44031200014797
V.MOV,58,V,True,V,0.9579370617866516,True,V,True,False,False,False,14.12691600000926,0.0074720001066452,2.573755999947025,22.01104599998871,0.0998880000224744,38.819078000074114
V.MOV,59,V,True,V,0.9784900546073914,True,V,True,False,False,False,14.052032999984476,0.0076250000802247,2.3424720000093657,21.97298099986256,0.0978460000169434,38.47295699995357
V.MOV,60,V,True,V,0.957076370716095,True,V,True,False,False,False,13.978909999991629,0.0070309999955497,2.3371380000298814,22.02556299994285,0.0907720000213885,38.4394139999813
V.MOV,61,V,True,V,0.9871799349784852,True,V,True,False,False,False,13.876981999942473,0.0088889999005914,2.4025289999372035,22.21514400002889,0.0955989999056328,38.59914299971479
V.MOV,62,V,True,V,0.9611870646476746,True,V,True,False,False,False,13.934429000073578,0.007954000011523,2.411369000128616,21.99993900012487,0.0922340000215626,38.44592500036015
V.MOV,63,V,True,V,0.8573405146598816,True,V,True,False,False,False,13.903958000014429,0.0075529999321588,2.323715999864362,22.02858800001195,0.0923989998682373,38.356213999691136
V.MOV,64,V,True,V,0.8622933626174927,True,V,True,False,False,False,14.246365999952104,0.0072620000537426,2.300074000004315,22.005060000083176,0.103131000059875,38.66189300015321
V.MOV,65,V,True,V,0.7773889303207397,True,V,True,False,False,False,14.134890000036648,0.0081789999057946,3.197700999862718,23.180769999953554,0.0936120000005757,40.61515199975929
V.MOV,66,V,True,V,0.8059223294258118,True,V,True,False,False,False,14.110273999904166,0.0081050000062532,2.350314000068465,22.0191949999844,0.1066780000655853,38.59456600002886
V.MOV,67,V,True,V,0.7228755354881287,True,V,True,False,False,False,14.111382999999478,0.0093290000222623,1.673250999829179,21.998465000024225,0.1069359998382424,37.89936399971339
V.MOV,68,V,True,V,0.7583014369010925,True,V,True,False,False,False,13.910270999986096,0.0067439998474583,2.369713999996748,22.00827299998309,0.1384610000059183,38.43346299981931
V.MOV,69,V,True,V,0.8195449709892273,True,V,True,False,False,False,13.946228999998311,0.0079280000591097,2.445635000185576,22.06648600008521,0.1084909999917727,38.574769000319975
V.MOV,70,V,True,V,0.8609954714775085,True,V,True,False,False,False,13.843137999970168,0.0074239999321434,2.3623510001016257,22.03785799997604,0.124141000014788,38.374911999994765
V.MOV,71,V,True,V,0.8061916828155518,True,V,True,False,False,False,13.880356000072425,0.007246999985,2.3788420000983024,22.103320000042004,0.1092889999654289,38.47905400016316
V.MOV,72,V,True,V,0.902641534805298,True,V,True,False,False,False,13.954544999933203,0.0243009999394416,2.64841900002466,22.07987699989644,0.1039569999647938,38.81109899975854
V.MOV,73,V,True,V,0.9544367790222168,True,V,True,False,False,False,13.943316999984743,0.006898000037836,2.382489000183341,22.018503999788663,0.0944910000271193,38.445699000021705
V.MOV,74,V,True,V,0.9787580370903016,True,V,True,False,False,False,13.938030999952389,0.0075689999903261,2.437354999983654,22.079582000060327,0.0959310000325786,38.55846800001928
V.MOV,75,V,True,V,0.9400161504745485,True,V,True,False,False,False,14.006817999984378,0.0074699999004224,2.363856000101805,22.031142000059845,0.104033000070558,38.51331900011701
V.MOV,76,V,True,V,0.965502679347992,True,V,True,False,False,False,14.256391999992957,0.0073470000643283,2.3147139997945487,22.04545099993993,0.0924629998735326,38.7163669996653
V.MOV,77,V,True,V,0.9530537724494934,True,V,True,False,False,False,14.200827999957257,0.0073040000643231,2.388439000014841,22.005515000046216,0.0917790000585228,38.69386500014116
V.MOV,78,V,True,V,0.9614320397377014,True,V,True,False,False,False,14.04675399999178,0.0072820000696083,1.8199270000422985,22.34265099991717,0.1001880000330857,38.31680200005394
V.MOV,79,V,True,V,0.9911571741104126,True,V,True,False,False,False,14.146115000016836,0.0069789998633496,2.350932999888755,22.030790999906458,0.1224780000939063,38.6572959997693
V.MOV,80,V,True,V,0.9926935434341432,True,V,True,False,False,False,14.27083099997617,0.0070640001013089,2.293327999950634,22.035635000065668,0.1162929997917672,38.72315099988555
V.MOV,81,V,True,V,0.9918328523635864,True,V,True,False,False,False,14.110880999965048,0.0078420000590995,2.3902259999886155,21.970745999851715,0.0972210000327322,38.57691599989721
V.MOV,82,V,True,V,0.9953709244728088,True,V,True,False,False,False,13.88701900009437,0.006842999937362,2.322269999922355,22.00511499995628,0.0951140000324812,38.316360999942845
V.MOV,83,V,True,V,0.9952306151390076,True,V,True,False,False,False,14.035888999956114,0.0068070000907027,2.355373000000327,22.11633799993251,0.0919060000796889,38.60631300005935
V.MOV,84,V,True,V,0.9959214925765992,True,V,True,False,False,False,14.129677000028096,0.0072379998528049,2.442868000116505,21.97581799987347,0.0908429999526561,38.64644399982353
V.MOV,85,V,True,V,0.9929753541946412,True,V,True,False,False,False,13.942795999923874,0.0090119999640592,2.439226999968014,22.0650469998418,0.0935020000270014,38.549583999724746
V.MOV,86,V,True,V,0.9922263622283936,True,V,True,False,False,False,13.912083000036546,0.0072230000114359,2.2946980000142503,21.9989560000613,0.1036930000282154,38.31665300015175
V.MOV,87,V,True,V,0.989871084690094,True,V,True,False,False,False,13.899014999992689,0.0084250000327301,2.317721999816058,21.99742499988133,0.1121420000345096,38.33472899975732
V.MOV,88,V,True,V,0.9817248582839966,True,V,True,False,False,False,14.184838000005584,0.0070070000219857,2.4618519998966804,22.05142499997237,0.0968690001172944,38.80199100001391
V.MOV,89,V,True,V,0.9911350011825562,True,V,True,False,False,False,13.91643900001327,0.0071160000061354,2.3726709998754814,22.05821699999433,0.0970670000697282,38.451509999958944
V.MOV,90,V,True,V,0.9919976592063904,True,V,True,False,False,False,13.955077999980858,0.0081270000009681,2.32119999986935,22.008976999813967,0.1031680001233326,38.39654999978848
V.MOV,91,V,True,V,0.9887593984603882,True,V,True,False,False,False,13.83884400001989,0.0089920001755672,2.299160999882588,22.015923000026305,0.0954049999108974,38.25832500001525
V.MOV,92,V,True,V,0.9869367480278016,True,V,True,False,False,False,13.940789000002953,0.0067720000060944,2.406918000133373,22.06494200004272,0.0968670001384452,38.516288000323584
V.MOV,93,V,True,V,0.9896665811538696,True,V,True,False,False,False,14.208431999918504,0.0075579998792818,2.3091909999948257,22.07730200007063,0.1256380000995705,38.72812099996281
V.MOV,94,V,True,V,0.9886279702186584,True,V,True,False,False,False,14.010920000032456,0.0070029998369136,2.404122999905667,22.02196000007461,0.1169770000615244,38.560982999911175
V.MOV,95,V,True,V,0.9944304823875428,True,V,True,False,False,False,15.3284990000202,0.0069459999849641,1.8613209999784883,22.30767600008221,0.0957620000008319,39.6002040000667
V.MOV,96,V,True,V,0.9915093183517456,True,V,True,False,False,False,14.089657999988958,0.0070210001013037,2.409768999996232,22.10571999989952,0.1152270001512079,38.72739500013722
V.MOV,97,V,True,V,0.9933417439460754,True,V,True,False,False,False,15.3402640000877,0.0076279998211248,1.685124999994514,21.994575999997323,0.1086760000816866,39.13626899998235
V.MOV,98,V,True,V,0.9966893196105956,True,V,True,False,False,False,13.984350999976414,0.0069239999902492,1.7110589999447257,21.980658000074985,0.0951669999267323,37.7781589999131
V.MOV,99,V,True,V,0.9962462782859802,True,V,True,False,False,False,14.165231999982096,0.0077429999691958,2.4524059999748715,22.003523999956087,0.0964190001013776,38.72532399998363
V.MOV,100,V,True,V,0.992681086063385,True,V,True,False,False,False,14.00689100000818,0.0071309998475044,2.5315190000583243,22.59020699989378,0.0960310001119069,39.2317789999197
V.MOV,101,V,True,V,0.9941133856773376,True,V,True,False,False,False,14.081012000019657,0.0071270001171797,2.39066900007856,22.657997999886,0.119178999966607,39.255985000068
V.MOV,102,V,True,V,0.992217779159546,True,V,True,False,False,False,13.84863399994174,0.007679999953325,2.3912650001420843,22.01228900003116,0.1104309999391262,38.37029900000744
V.MOV,103,V,True,V,0.993847668170929,True,V,True,False,False,False,13.861347000101889,0.0078999999004736,2.471629999945435,22.067928000069514,0.1203859999350243,38.529190999952334
V.MOV,104,V,True,V,0.9889010190963744,True,V,True,False,False,False,13.908207000099535,0.0084189998688088,2.4000589999104704,22.076598000012385,0.2664789999471395,38.65976199983834
V.MOV,105,V,True,V,0.9908587336540222,True,V,True,False,False,False,13.9711609999722,0.0161699999807751,2.426879000040572,22.09360899996682,0.1132320001033804,38.621051000063744
V.MOV,106,V,True,V,0.988846719264984,True,V,True,False,False,False,14.014730999974743,0.008694999905856,2.716084999974555,22.114181999995708,0.1227499999458814,38.976442999796745
V.MOV,107,V,True,V,0.9912462830543518,True,V,True,False,False,False,13.864890000036212,0.0093579999429493,2.7095660000213684,22.09360699998797,0.1030119999541057,38.780432999942605
V.MOV,108,V,True,V,0.9882625937461852,True,V,True,False,False,False,13.886723999917194,0.0116169999273552,2.9836430001068948,23.89492899988,0.1272120000521681,40.90412499988361
V.MOV,109,V,True,V,0.9861175417900084,True,V,True,False,False,False,13.977313000054892,0.0088090000645024,2.752615999952468,22.15118200001598,0.1005579999855399,38.99047800007338
V.MOV,110,V,True,V,0.9859558343887328,True,V,True,False,False,False,13.950285000078113,0.0085970000327506,2.499102000001585,22.00579899999866,0.1051169999755075,38.56890000008661
V.MOV,111,V,True,V,0.9940780401229858,True,V,True,False,False,False,13.884598999993614,0.0072089999321178,2.545326000017667,22.04234600003474,0.1030829998853732,38.58256299986351
V.MOV,112,V,True,V,0.992388129234314,True,V,True,False,False,False,14.023743999928229,0.0084739999692828,2.4608219998754066,22.20986900010757,0.1061810000919649,38.80908999997246
V.MOV,113,V,True,V,0.9934836030006408,True,V,True,False,False,False,14.088899000057609,0.0083659999745577,2.604376999897795,22.643225999900096,0.1024250000227766,39.447292999852834
V.MOV,114,V,True,V,0.9946855306625366,True,V,True,False,False,False,13.888587999986155,0.007763999974486,2.748173000099996,22.09925900001508,0.1055039999755536,38.84928800005128
V.MOV,115,V,True,V,0.9959756731987,True,V,True,False,False,False,13.854131000016425,0.0075479999850358,2.631555999869306,22.075797999832503,0.1190000000406144,38.68803299974388
V.MOV,116,V,True,V,0.995310604572296,True,V,True,False,False,False,13.854785000035008,0.0076209998951526,2.409998999837626,22.09052500006692,0.1036539999859087,38.46658399982061
V.MOV,117,V,True,V,0.9950737357139589,True,V,True,False,False,False,13.8902279999229,0.0064739999743324,2.425093000056222,22.11992399998053,0.1052039999649423,38.546922999898925
V.MOV,118,V,True,V,0.9922905564308168,True,V,True,False,False,False,13.859326999977384,0.0076720000379282,2.363714000011896,22.06669299994246,0.0942740000482444,38.39168000001792
V.MOV,119,V,True,V,0.993966817855835,True,V,True,False,False,False,14.26301699996202,0.0073329999850102,2.485262999925908,22.105773000021145,0.1178590000563417,38.97924499995042
V.MOV,120,V,True,V,0.9921497106552124,True,V,True,False,False,False,13.973154999916916,0.0072729999374132,2.491472999963662,22.116963000144096,0.100516999964384,38.68938099992647
V.MOV,121,V,True,V,0.990959405899048,True,V,True,False,False,False,13.88740000004418,0.0063830000271991,2.4088019999908283,22.00379700002486,0.0984559999324119,38.40483800001948
V.MOV,122,V,True,V,0.9931492209434508,True,V,True,False,False,False,14.093391999949745,0.0069549998897855,2.540279000186274,22.01971099998445,0.0936720000481727,38.75400900005843
V.MOV,123,V,True,V,0.9941277503967284,True,V,True,False,False,False,13.818747999948757,0.0078619998475915,2.396634999968228,22.049378000019715,0.1230159998613089,38.3956389996456
V.MOV,124,V,True,V,0.9926818013191224,True,V,True,False,False,False,13.95450500001516,0.017764999938663,2.412545999959548,22.41217100004178,0.1059900000655034,38.902977000020655
V.MOV,125,V,True,V,0.9922624826431274,True,V,True,False,False,False,13.959821999947051,0.0074380000114615,2.3982370000794617,22.05593200005751,0.1066790000550099,38.528108000150496
V.MOV,126,V,True,V,0.9910682439804076,True,V,True,False,False,False,13.966756000058922,0.0069270001858967,2.44059700003163,22.055267000041567,0.1019029998587939,38.57145000017681
V.MOV,127,V,True,V,0.9898401498794556,True,V,True,False,False,False,13.930146999996396,0.0072820000696083,2.3373980000087613,22.02841999996963,0.0941399998737324,38.397386999918126
V.MOV,128,V,True,V,0.9922726154327391,True,V,True,False,False,False,14.09385099998417,0.006717999895045,2.3222620000069583,22.0194010000796,0.095670000064274,38.53790200003005
V.MOV,129,V,True,V,0.9958381652832032,True,V,True,False,False,False,14.106523000009474,0.0071380000008502,2.3417949998929544,22.059740000031525,0.1302999999097664,38.64549599984457
V.MOV,130,V,True,V,0.9940726161003112,True,V,True,False,False,False,14.080194000030133,0.0075660000220523,2.307485000073939,22.02639200004341,0.0962970000273344,38.51793400019688
V.MOV,131,V,True,V,0.9933978319168092,True,V,True,False,False,False,13.89747999996871,0.0071189999744092,1.799894999976459,22.01689899993653,0.0936050000746036,37.81499799993071
V.MOV,132,V,True,V,0.9948441982269288,True,V,True,False,False,False,13.860901999919406,0.0089159998424293,1.758460000019113,22.054564999962167,0.093996000032348,37.77683899977546
V.MOV,133,V,True,V,0.9954598546028136,True,V,True,False,False,False,13.733280999986164,0.0081250000221189,1.99035599985109,22.108408999883977,0.1635009998608438,38.003671999604194
V.MOV,134,V,True,V,0.997158408164978,True,V,True,False,False,False,13.759473000050091,0.0056660001064301,1.735552999889478,21.968009999909555,0.0915589998840005,37.56026099983956
V.MOV,135,V,True,V,0.998620867729187,True,V,True,False,False,False,14.108387999954177,0.007660000164833,1.7000590000861848,21.981199000038032,0.0970620001226052,37.89436800036583
V.MOV,136,V,True,V,0.9965247511863708,True,V,True,False,False,False,14.323958999966637,0.0065660001382639,1.699688000144306,21.994515000187675,0.1090299999759736,38.13375800041285
V.MOV,137,V,True,V,0.9984482526779176,True,V,True,False,False,False,14.152221000017562,0.006763000101273,2.3693120001553325,22.000182999818207,0.0892860000476503,38.617765000140025
W.MOV,0,W,True,W,0.9993647933006288,True,W,True,False,False,False,14.51970999983132,0.0091619999693648,2.47434599987173,22.152989999995043,0.1064150001184316,39.26262299978589
W.MOV,1,W,True,W,0.9993482232093812,True,W,True,False,False,False,13.953866000065318,0.0075630000537785,2.4609760000657843,22.056575000078738,0.1102150001770496,38.58919500044067
W.MOV,2,W,True,W,0.9990198612213136,True,W,True,False,False,False,14.021419000073363,0.0075170000854996,2.29347799995594,22.00116899985005,0.1003410000066651,38.42392399997152
W.MOV,3,W,True,W,0.9987530708312988,True,W,True,False,False,False,14.010112999812918,0.008461000106763,2.472456000077728,22.071181999990586,0.1043229999595496,38.66653499994754
W.MOV,4,W,True,W,0.9985865354537964,True,W,True,False,False,False,13.899476999995386,0.0085510000644717,2.3333449998972355,22.068714999932126,0.1316329999099252,38.441720999799145
W.MOV,5,W,True,W,0.9979088306427002,True,W,True,False,False,False,13.894305000121676,0.0075339999057177,2.958434999982273,22.03651400009221,0.1028530000439786,38.99964100014586
W.MOV,6,W,True,W,0.9976907968521118,True,W,True,False,False,False,13.885000000072978,0.0066469999637774,2.330894999886368,21.98595000004389,0.1113570001507469,38.31984900011776
W.MOV,7,W,True,W,0.9983029365539552,True,W,True,False,False,False,13.960616999838749,0.008191999995688,2.429300000130752,22.02929600002789,0.0930769999740732,38.52048199996716
W.MOV,8,W,True,W,0.9987208247184752,True,W,True,False,False,False,13.885955999967337,0.0072769998951116,2.4742140001308144,22.11078200002703,0.0984850000804726,38.576714000100765
W.MOV,9,W,True,W,0.9988694787025452,True,W,True,False,False,False,14.040127000043867,0.0071130000378616,2.332508999870697,21.9995980000931,0.09378699996887,38.4731340000144
W.MOV,10,W,True,W,0.9987938404083252,True,W,True,False,False,False,14.01397899985568,0.0070930000219959,2.824811999971644,22.183020000056786,0.0932429998101724,39.12214699971628
W.MOV,11,W,True,W,0.9990783929824828,True,W,True,False,False,False,13.872610999897006,0.0138320001497049,2.345021000110137,21.993829000166443,0.1041909999912604,38.32948400031455
W.MOV,12,W,True,W,0.9991127848625184,True,W,True,False,False,False,13.879237000082869,0.0072699999691394,2.430274000062127,22.017823999931352,0.0934799998049129,38.4280849998504
W.MOV,13,W,True,W,0.9987118244171144,True,W,True,False,False,False,14.052192999997716,0.0073599999268481,2.4045360000855,22.02165799985778,0.1039690000652626,38.58971599993311
W.MOV,14,W,True,W,0.9982499480247498,True,W,True,False,False,False,13.963466999939556,0.0074980000590585,2.466275999950085,22.05583099998876,0.0939029998789919,38.58697499981645
W.MOV,15,W,True,W,0.9985186457633972,True,W,True,False,False,False,13.8525560000744,0.0079100000220933,2.371144999870012,22.05926900001032,0.0954120000642433,38.38629200004107
W.MOV,16,W,True,W,0.9975729584693908,True,W,True,False,False,False,13.96324900019863,0.0077009999586152,2.4581640000178595,22.04233900010877,0.1044799998908274,38.5759330001747
W.MOV,17,W,True,W,0.99690979719162,True,W,True,False,False,False,15.910878000113373,0.0075440000273374,2.4031179998473817,22.042564999992464,0.0958350001383223,40.45994000011888
W.MOV,18,W,True,W,0.9971079230308532,True,W,True,False,False,False,13.950819000001502,0.0082419999216654,2.3400090001359786,21.97752600000058,0.0925010001537884,38.36909700021352
W.MOV,19,W,True,W,0.9968560934066772,True,W,True,False,False,False,14.00881099993967,0.0077279999004531,2.6419139999234176,21.986851999827195,0.0955749999320687,38.7408799995228
W.MOV,20,W,True,W,0.9977982044219972,True,W,True,False,False,False,14.53926799990768,0.0070179999056563,2.2989020001205063,21.99026599987519,0.1039660000969888,38.93941999990602
W.MOV,21,W,True,W,0.9982730150222778,True,W,True,False,False,False,15.731310999854031,0.0075430000379128,2.4962099998901977,22.010613000020385,0.0934590000269963,40.33913599982952
W.MOV,22,W,True,W,0.998891055583954,True,W,True,False,False,False,14.038704000086,0.0105640001493156,2.4344870000732044,22.07876599982228,0.1307189997987734,38.69323999992957
W.MOV,23,W,True,W,0.9990572333335876,True,W,True,False,False,False,13.867953000044508,0.0071469999056716,1.7597030000615632,22.14350999997805,0.1029259999540954,37.88123899994389
W.MOV,24,W,True,W,0.998777449131012,True,W,True,False,False,False,14.008600000124716,0.0077329998475761,2.3462379999728,22.03420399996503,0.0988100000540725,38.495584999964194
W.MOV,25,W,True,W,0.9975925087928772,True,W,True,False,False,False,13.846852999904511,0.0075860000379179,2.442583999936687,22.66282499999761,0.0943469999583612,39.05419499983509
W.MOV,26,W,True,W,0.9979481101036072,True,W,True,False,False,False,13.914438000028897,0.0066669999796431,2.4009389999264386,22.008197999866752,0.1069789998382475,38.437220999639976
W.MOV,27,W,True,W,0.9990279674530028,True,W,True,False,False,False,13.933952999877874,0.0073579999479989,2.995062999843867,22.05942299997332,0.0950700000430515,39.090866999686114
W.MOV,28,W,True,W,0.9994148015975952,True,W,True,False,False,False,13.84253399987756,0.0072499999532738,2.3018830002001778,22.00912299986157,0.1023669999540288,38.263156999846615
W.MOV,29,W,True,W,0.999385952949524,True,W,True,False,False,False,13.894390999894313,0.0066819998210121,2.375593999886405,22.02761200010173,0.1100460001453029,38.41432499984876
W.MOV,30,W,True,W,0.9995334148406982,True,W,True,False,False,False,14.630829999987329,0.0084399998740991,2.4781229999462084,22.66571999984989,0.0947469998209271,39.87785999947846
W.MOV,31,W,True,W,0.9995537400245668,True,W,True,False,False,False,13.900314000011347,0.0076060000537836,2.483377000089604,22.052768000094147,0.1132730001245363,38.55733800037342
W.MOV,32,W,True,W,0.9993669390678406,True,W,True,False,False,False,14.43437900002209,0.0070020000748627,2.351550999946994,22.018493999894417,0.1079579999441193,38.91938399988248
W.MOV,33,W,True,W,0.9989835619926452,True,W,True,False,False,False,13.853632000063952,0.0081650000538502,2.37460700009251,22.03959000007672,0.0955840000642638,38.37157800035129
W.MOV,34,W,True,W,0.9993656277656556,True,W,True,False,False,False,13.923312000088115,0.0075929999638901,2.3766970000451693,22.02990899991164,0.0984859998425236,38.43599699985134
W.MOV,35,W,True,W,0.9990742206573486,True,W,True,False,False,False,13.923636999834343,0.0083600000380101,2.604285999950662,21.986410000181426,0.0954939998791815,38.61818699988362
W.MOV,36,W,True,W,0.9992720484733582,True,W,True,False,False,False,13.914560999864989,0.0074319998475402,2.3663100000703707,22.03748900001301,0.1010220000807748,38.426813999876686
W.MOV,37,W,True,W,0.999283254146576,True,W,True,False,False,False,14.048257000013107,0.0075609998475556,2.311907999910545,22.021830999847225,0.1067330001660593,38.496289999784494
W.MOV,38,W,True,W,0.9985010623931884,True,W,True,False,False,False,13.980498999899282,0.0071300000854535,2.374680000002627,21.97873799991612,0.0960630000008677,38.43710999990435
W.MOV,39,W,True,W,0.998173713684082,True,W,True,False,False,False,13.852221999968606,0.0074090000907744,2.53178600019055,22.059808999983943,0.097113999800058,38.54834000003393
W.MOV,40,W,True,W,0.998467743396759,True,W,True,False,False,False,13.897073999942222,0.0108940000700386,2.444084999979168,22.013925000010204,0.0894269999207608,38.45540499992239
W.MOV,41,W,True,W,0.9989128112792968,True,W,True,False,False,False,14.066629999888391,0.0083059999269607,2.4672879999343422,22.07187699991664,0.3194099999745958,38.93351099964093
W.MOV,42,W,True,W,0.998941957950592,True,W,True,False,False,False,13.864655999896058,0.0081220000538451,2.443788999926255,22.01426800002082,0.0916660001166747,38.42250100001365
W.MOV,43,W,True,W,0.9987780451774596,True,W,True,False,False,False,13.823747000060392,0.0075670000114769,2.301618000046801,22.0170209997832,0.107744000160892,38.25769700006276
W.MOV,44,W,True,W,0.9976267218589784,True,W,True,False,False,False,13.891924000063227,0.0082289998317719,2.469116999918697,22.0834429999286,0.099032999969495,38.55174599971178
W.MOV,45,W,True,W,0.9968807697296144,True,W,True,False,False,False,13.90174199991634,0.0084220000644563,2.365828999927544,22.085583000034603,0.1166270001249358,38.47820300006788
W.MOV,46,W,True,W,0.9982486963272096,True,W,True,False,False,False,14.005789000066216,0.0077500001225416,2.342079000072772,22.000982999998087,0.0922660001378972,38.44886700039751
W.MOV,47,W,True,W,0.998781144618988,True,W,True,False,False,False,13.890608999872711,0.0068979998104623,2.3931410000841424,22.05337700002019,0.1053930000125547,38.44941799980006
W.MOV,48,W,True,W,0.998834788799286,True,W,True,False,False,False,13.881354999966788,0.0077199999850563,2.33156199988116,22.02139599990005,0.1284689999465627,38.37050199967962
W.MOV,49,W,True,W,0.998696267604828,True,W,True,False,False,False,13.942219999989902,0.0080469999375054,2.448599999979706,22.015661000068576,0.1105329999973037,38.52506099997299
W.MOV,50,W,True,W,0.9990376234054564,True,W,True,False,False,False,13.910885000086637,0.0077109998528612,2.5368460001118365,21.99958999995033,0.1015459999962331,38.5565779999979
W.MOV,51,W,True,W,0.998902440071106,True,W,True,False,False,False,14.096347000077005,0.0145260000863345,1.6415210000104707,22.061236000126883,0.0928930001009575,37.90652300040165
W.MOV,52,W,True,W,0.9989687204360962,True,W,True,False,False,False,13.882200999887573,0.0089290001596964,1.7826260000219918,22.07242800000131,0.0938299999688752,37.840014000039446
W.MOV,53,W,True,W,0.9988883137702942,True,W,True,False,False,False,14.25249899989467,0.0101900000117893,2.449725000133185,22.678330000189817,0.1021670000227459,39.49291100025221
W.MOV,54,W,True,W,0.998458981513977,True,W,True,False,False,False,13.851960000010877,0.0068060001012781,2.457003000017721,22.01546200012672,0.1021430000491818,38.433374000305776
W.MOV,55,W,True,W,0.9976679682731628,True,W,True,False,False,False,13.810642999942502,0.0060540000959008,2.4199660001613665,21.994341999970857,0.0923840000268683,38.32338900019749
W.MOV,56,W,True,W,0.997938334941864,True,W,True,False,False,False,13.852286999963326,0.0072719999479886,2.127006000137044,22.07470899998043,0.0932530001591658,38.154527000187954
W.MOV,57,W,True,W,0.9983091354370116,True,W,True,False,False,False,13.961271999960443,0.0072800000907591,2.5653790000887966,22.045186000013928,0.0990339999589196,38.67815100011285
W.MOV,58,W,True,W,0.9979374408721924,True,W,True,False,False,False,13.906142999985605,0.0078799998846079,2.39030200009438,22.05293899987737,0.094349999926635,38.4516139997686
W.MOV,59,W,True,W,0.9977816939353944,True,W,True,False,False,False,13.89401699998416,0.0073300000167364,2.458076000039,22.077972999795747,0.09564600009071,38.533041999926354
W.MOV,60,W,True,W,0.9986578226089478,True,W,True,False,False,False,13.89514499987854,0.0081349999163649,2.359002000048349,22.078425000017887,0.0938579999001376,38.43456499976128
W.MOV,61,W,True,W,0.9980675578117372,True,W,True,False,False,False,13.973203999967154,0.0073250000696134,2.5179320000461303,22.06793599998491,0.092274000053294,38.6586710001211
W.MOV,62,W,True,W,0.9970040917396544,True,W,True,False,False,False,13.80493600004229,0.0090799999270529,1.7880639998111292,22.03050000002804,0.0929899999846384,37.72556999979315
W.MOV,63,W,True,W,0.9981362819671632,True,W,True,False,False,False,13.984389999905034,0.0079980000009527,2.8221610000400688,22.023972999932084,0.1194920000671118,38.95801399994525
W.MOV,64,W,True,W,0.9983595013618468,True,W,True,False,False,False,14.05277499998192,0.0080439999692316,1.6998129999592493,22.092176000114705,0.1120449999234551,37.96485299994856
W.MOV,65,W,True,W,0.99811989068985,True,W,True,False,False,False,13.887834999877668,0.0069549998897855,2.377125000066372,22.03882799994972,0.0979480000751209,38.40869099985866
W.MOV,66,W,True,W,0.9988107681274414,True,W,True,False,False,False,13.83886300004633,0.0092130001121404,2.408205999927304,22.10527299985188,0.1159089999873685,38.47746399992502
W.MOV,67,W,True,W,0.9983432292938232,True,W,True,False,False,False,14.029343999936827,0.0073209998845413,2.426748000061707,21.970302999989144,0.0916720000532222,38.52538799992544
W.MOV,68,W,True,W,0.99769788980484,True,W,True,False,False,False,13.9365440002166,0.0072210000325867,2.5055660000816715,22.05925699990985,0.1195300001199939,38.6281180003607
W.MOV,69,W,True,W,0.9966714382171632,True,W,True,False,False,False,13.96016800003963,0.0084670000433106,2.3758639999869047,22.034144000144806,0.0934110000798682,38.47205400029452
W.MOV,70,W,True,W,0.9955037236213684,True,W,True,False,False,False,13.919352999891998,0.0091090000751137,2.3547790001430258,22.027805999869088,0.1129400000081659,38.42398699998739
W.MOV,71,W,True,W,0.9933235049247742,True,W,True,False,False,False,13.879045999829032,0.0067409998791845,2.435271999956967,22.116244000017105,0.1125659998706396,38.54986899955293
W.MOV,72,W,True,W,0.9953150749206544,True,W,True,False,False,False,13.909443000102328,0.0081700000009732,2.513475999876391,22.016920999931244,0.0996790001863701,38.54768900009731
W.MOV,73,W,True,W,0.9972864389419556,True,W,True,False,False,False,14.111210999999455,0.0070589999268122,2.3003400001471164,22.0126330000312,0.1169959998605918,38.54823899996518
W.MOV,74,W,True,W,0.9967216849327089,True,W,True,False,False,False,14.028601000063643,0.0083310001173231,2.384865999829344,22.00474899996152,0.1011859999380249,38.52773299990986
W.MOV,75,W,True,W,0.9976407289505004,True,W,True,False,False,False,13.994383999943238,0.0066299999161856,2.5243780000892,21.98079200002212,0.1060780000443628,38.61226200001511
W.MOV,76,W,True,W,0.9976535439491272,True,W,True,False,False,False,13.846704999878057,0.0071290000960289,2.286876999960441,21.96957300020585,0.0879740000527817,38.19825800019317
W.MOV,77,W,True,W,0.997997224330902,True,W,True,False,False,False,13.973045000057027,0.0085230001332092,2.4195099999815284,22.05521299993052,0.1141149998602486,38.57040599996253
W.MOV,78,W,True,W,0.9973902106285096,True,W,True,False,False,False,13.99114500009091,0.0076310000167723,2.547583000023224,22.092258999919068,0.1015509999433561,38.74016899999333
W.MOV,79,W,True,W,0.9984270334243774,True,W,True,False,False,False,14.033580999921467,0.0065599999743426,2.3899210000308813,21.97399800002131,0.0939990000006218,38.49805899994863
W.MOV,80,W,True,W,0.9982545971870422,True,W,True,False,False,False,13.92898500012052,0.0079049998475966,2.3246309999649384,22.02940999995917,0.0952059999690391,38.386136999861264
W.MOV,81,W,True,W,0.99802964925766,True,W,True,False,False,False,13.87973700002476,0.0072520001594966,2.4495840000327007,22.045753999918816,0.1198029999613936,38.50213000009717
W.MOV,82,W,True,W,0.99508398771286,True,W,True,False,False,False,13.968722000072376,0.0095139998848026,2.480768000168609,22.0968430000994,0.0982929998372128,38.6541400000624
W.MOV,83,W,True,W,0.9990237951278688,True,W,True,False,False,False,13.928972000030626,0.0092749999112129,2.437305000057677,22.094149000167818,0.1166909999028575,38.58639200007019
W.MOV,84,W,True,W,0.9987064599990844,True,W,True,False,False,False,13.92187900000863,0.0085770000168849,2.523222000036185,22.08608500018272,0.1322519999575888,38.67201500020201
W.MOV,85,W,True,W,0.9987767338752748,True,W,True,False,False,False,13.92737199989824,0.0085589999798685,2.5515599998016114,22.140153000009377,0.0955390000854095,38.72318299977451
W.MOV,86,W,True,W,0.9987909197807312,True,W,True,False,False,False,13.924246999977186,0.0110929997845232,2.902071000107753,22.718609000094148,0.1573079998706816,39.71332799983429
W.MOV,87,W,True,W,0.9989845156669616,True,W,True,False,False,False,13.977282000041669,0.0346339998031908,2.801573999931861,22.75677500006168,0.1079789999494096,39.67824399978781
W.MOV,88,W,True,W,0.9982166886329652,True,W,True,False,False,False,13.92038600010892,0.0074580000273272,2.654126999914297,22.722455999883096,0.0974729998688417,39.40189999980248
W.MOV,89,W,True,W,0.9984768033027648,True,W,True,False,False,False,14.013859999977283,0.0075650000326277,2.6387489999706304,22.693132000085825,0.1705879999462922,39.52389400001266
W.MOV,90,W,True,W,0.9981404542922974,True,W,True,False,False,False,14.163390999783587,0.0078670000220881,2.457494000054794,22.00724899989837,0.0952670000060607,38.731267999764896
W.MOV,91,W,True,W,0.9974853992462158,True,W,True,False,False,False,13.869549999981244,0.0076520000220625,2.298578000136331,21.98605699982181,0.0966420000168,38.25847899997825
W.MOV,92,W,True,W,0.9981446266174316,True,W,True,False,False,False,13.931000999946264,0.0084240000433055,2.4191780000819563,22.05139199986661,0.0948970000536064,38.50489199999174
W.MOV,93,W,True,W,0.9978659749031068,True,W,True,False,False,False,13.919927999950232,0.0084700000115844,2.3320530001456063,22.03444699989632,0.1105320000078791,38.40543000001162
W.MOV,94,W,True,W,0.9981250166893004,True,W,True,False,False,False,14.058886000157145,0.0070630001118843,2.4375800001052994,22.028877999900946,0.157022999928813,38.68943000020408
W.MOV,95,W,True,W,0.9980804920196532,True,W,True,False,False,False,14.044345999991492,0.00804799992693,2.389878000030876,22.092509999993126,0.0977110000803804,38.632493000022805
W.MOV,96,W,True,W,0.9980071187019348,True,W,True,False,False,False,14.110038000126224,0.0072519999321229,2.401582999937091,21.998491999966063,0.0981640000645711,38.61552900002607
W.MOV,97,W,True,W,0.997620403766632,True,W,True,False,False,False,14.087705000065398,0.0072820000696083,2.3186299999906623,22.021293000079822,0.0919939998311747,38.526904000036666
W.MOV,98,W,True,W,0.9986714124679564,True,W,True,False,False,False,13.839731000189204,0.0073220001013396,2.376356000013402,22.035646999938763,0.1321499998994113,38.39120600014212
W.MOV,99,W,True,W,0.9980244636535645,True,W,True,False,False,False,13.829328999918287,0.0064579999161651,2.3276110000551853,21.994382999992013,0.1047759999437403,38.26255699982539
W.MOV,100,W,True,W,0.9981076717376708,True,W,True,False,False,False,13.946841000006316,0.0083579998317873,2.400119000185441,22.02767900007529,0.1538149999760207,38.53681200007486
W.MOV,101,W,True,W,0.9975541234016418,True,W,True,False,False,False,13.885114999993675,0.0142220001180248,2.361450000080368,22.026029000016933,0.0971330000538728,38.38394900026288
W.MOV,102,W,True,W,0.9973721504211426,True,W,True,False,False,False,13.92292900004577,0.0068399999690882,2.32843399999183,22.007582000014736,0.1107440000396309,38.376529000061055
W.MOV,103,W,True,W,0.9968984127044678,True,W,True,False,False,False,13.872075999870503,0.0069159998474788,2.4339839999356627,22.094090999871696,0.1272709998829668,38.53433799940831
W.MOV,104,W,True,W,0.997298538684845,True,W,True,False,False,False,13.859637999985353,0.0076730000273528,2.324874999885651,21.97325799988903,0.1010019998375355,38.26644599962492
W.MOV,105,W,True,W,0.9975246787071228,True,W,True,False,False,False,13.964794999992591,0.0068580000061047,2.3215690000597533,22.004812999966816,0.0983540001016081,38.39638900012688
W.MOV,106,W,True,W,0.997083842754364,True,W,True,False,False,False,14.045918999954663,0.0072089999321178,2.3469360000945017,22.038257000076555,0.0936960000217368,38.53201700007958
W.MOV,107,W,True,W,0.9934099316596984,True,W,True,False,False,False,14.054838999982168,0.0074509998739813,2.3308429999815417,22.009761999925104,0.1043190000018512,38.507213999764645
W.MOV,108,W,True,W,0.9939978122711182,True,W,True,False,False,False,14.01994899993042,0.0080019999586511,2.399258000195914,22.03793799981213,0.0960299998951086,38.561176999792224
W.MOV,109,W,True,W,0.9929816722869872,True,W,True,False,False,False,13.93286199981958,0.0083229999745526,2.3928119999254704,22.033125999996628,0.0955609998527506,38.46268399956898
W.MOV,110,W,True,W,0.9933603405952454,True,W,True,False,False,False,14.007471000013538,0.0071920001118996,2.351707999878272,22.002791999966576,0.0943640000059531,38.46352699997624
W.MOV,111,W,True,W,0.9937775135040284,True,W,True,False,False,False,13.96356400005061,0.008312000090882,2.287297999828297,21.995713000023898,0.0941030000376486,38.348990000031336
W.MOV,112,W,True,W,0.998004138469696,True,W,True,False,False,False,13.930513000104838,0.0075419998211145,2.305642999999691,21.97506500010604,0.0941970001804293,38.31296000021212
W.MOV,113,W,True,W,0.9950788021087646,True,W,True,False,False,False,13.911253999822293,0.0074689999109978,2.318616000138718,22.08984399999281,0.1211059998240671,38.44828899968888
W.MOV,114,W,True,W,0.9971392154693604,True,W,True,False,False,False,13.946525999926962,0.009098999953494,2.4721309998767538,22.05629900004169,0.1180430001568311,38.60209799995573
W.MOV,115,W,True,W,0.9980100989341736,True,W,True,False,False,False,13.910895999970307,0.0083160000485804,2.387366999982987,22.08013699987532,0.0940620000164926,38.48077799989369
W.MOV,116,W,True,W,0.997894823551178,True,W,True,False,False,False,13.838393000014548,0.0067209998633188,2.3040809999201883,22.039175999907457,0.1121380000768113,38.30050899978232
W.MOV,117,W,True,W,0.9981289505958556,True,W,True,False,False,False,13.93398100003651,0.0069590000748576,2.3774159999447875,22.16131399995902,0.098549000085768,38.578219000100944
W.MOV,118,W,True,W,0.9977089166641236,True,W,True,False,False,False,14.033186000006026,0.0077199999850563,2.3478769999201177,21.99791299995013,0.0916819999474682,38.4783779998088
W.MOV,119,W,True,W,0.9977654218673706,True,W,True,False,False,False,14.019152999935612,0.0080350000644102,2.425146999939898,22.09019600013562,0.1043999998273648,38.64693099990291
W.MOV,120,W,True,W,0.9978079199790956,True,W,True,False,False,False,13.868457999933526,0.0066600000536709,2.652248000003965,22.051378000014665,0.105214000086562,38.68395800009239
W.MOV,121,W,True,W,0.997899889945984,True,W,True,False,False,False,13.93439399998897,0.0077929998951731,2.3914500000046246,22.060558000021047,0.0998360001176479,38.49403100002746
W.MOV,122,W,True,W,0.995293915271759,True,W,True,False,False,False,14.175894000118204,0.0089719999323278,2.683536999938952,22.1076150000954,0.6351189999804774,39.61113700006536
W.MOV,123,W,True,W,0.9933637380599976,True,W,True,False,False,False,13.987226999915949,0.0085540000327455,2.57898099994236,22.181880000061938,0.1084570001239626,38.86509900007695
W.MOV,124,W,True,W,0.9902303814888,True,W,True,False,False,False,13.877828999966368,0.0078629998370161,2.412371999980678,22.006064999914088,0.0948240001434896,38.39895299984164
W.MOV,125,W,True,W,0.9932441115379332,True,W,True,False,False,False,13.92710699997224,0.0084450000485958,2.6970159999564203,22.52992599983372,0.1110739999603538,39.27356799977133
W.MOV,126,W,True,W,0.988639235496521,True,W,True,False,False,False,13.87423400001353,0.0078309999480552,2.458117000060156,22.15198500016413,0.1072219999969092,38.59938900018278
W.MOV,127,W,True,W,0.982857584953308,True,W,True,False,False,False,14.274580999881437,0.006619000032515,2.3075490000792342,22.01341299996784,0.1034060001074976,38.70556800006853
W.MOV,128,W,True,W,0.992863118648529,True,W,True,False,False,False,13.872913999875893,0.0117730000965821,2.1285029999944527,22.090190999961123,0.1116729999921517,38.2150539999202
W.MOV,129,W,True,W,0.9916871190071106,True,W,True,False,False,False,13.83494000015162,0.0117930001124477,2.507935000039652,22.18258600009904,0.1049320001129672,38.64218600051572
W.MOV,130,W,True,W,0.9881987571716307,True,W,True,False,False,False,13.942941999857794,0.0075680000009015,2.5805929999478394,22.038431000055425,0.0935049999952752,38.66303899985724
W.MOV,131,W,True,W,0.9914209246635436,True,W,True,False,False,False,13.97660999987238,0.008187999810616,2.3065210000368097,22.02769499990609,0.0994780000382888,38.41849199966418
W.MOV,132,W,True,W,0.9921140670776368,True,W,True,False,False,False,13.811815000053684,0.007266000011441,2.4039690001700365,22.04373099993973,0.0941159999001683,38.360897000075056
W.MOV,133,W,True,W,0.9958284497261048,True,W,True,False,False,False,14.114646000052744,0.0074419999691599,2.3533859998678963,22.019017000047825,0.1237799999671551,38.61827099990478
W.MOV,134,W,True,W,0.9972471594810486,True,W,True,False,False,False,14.280212999892685,0.0076889998581464,2.3739029998068872,22.025916000075085,0.0934849999794096,38.78120599961221
W.MOV,135,W,True,W,0.9987927675247192,True,W,True,False,False,False,14.698653000095874,0.0073500000326021,2.321538999922268,22.028194999847983,0.1034379999964585,39.15917499989519
W.MOV,136,W,True,W,0.9985652565956116,True,W,True,False,False,False,14.181557000028988,0.0081660000432748,2.347883000084039,22.04455200012489,0.1391529999636986,38.721311000244896
W.MOV,137,W,True,W,0.9993324875831604,True,W,True,False,False,False,13.953612000022986,0.006734000180586,2.3093980000794545,21.970586000179537,0.0914290001219342,38.3317590005845
W.MOV,138,W,True,W,0.9986758828163148,True,W,True,False,False,False,13.759638000010456,0.0058509999689704,2.225766000037765,21.96157999992465,0.0928030001432489,38.04563800008509
W.MOV,139,W,True,W,0.9986076951026917,True,W,True,False,False,False,13.678329999947891,0.0061100001857994,2.321997000080956,22.0068649998666,0.1128150001932226,38.12611700027446
W.MOV,140,W,True,W,0.9925496578216552,True,W,True,False,False,False,13.793024000051446,0.0068399999690882,2.296159000025,22.04392599992389,0.1092780000817583,38.24922700005118
X.MOV,0,X,True,X,0.9999098777770996,True,X,True,False,False,False,14.1579549999733,0.0097619999905873,2.437069000052361,22.173176000023886,0.1061769999068928,38.88413899994703
X.MOV,1,X,True,X,0.9999455213546752,True,X,True,False,False,False,13.902537999911146,0.0076280000484985,2.369431000033728,21.992640999997093,0.0985619999482878,38.370799999938754
X.MOV,2,X,True,X,0.9999393224716188,True,X,True,False,False,False,13.9536889998908,0.0082459998793638,2.3341140001775784,22.04215300002943,0.1069450001978111,38.44514700017498
X.MOV,3,X,True,X,0.999964475631714,True,X,True,False,False,False,13.904024000112258,0.007619999905728,2.2415920000185,22.0195000001695,0.0945899998896493,38.26732600009564
X.MOV,4,X,True,X,0.9999446868896484,True,X,True,False,False,False,13.82742100008727,0.0082680001014523,2.471122000088144,22.03789400005008,0.108028000113336,38.45273300044028
X.MOV,5,X,True,X,0.9999558925628662,True,X,True,False,False,False,13.975511999888113,0.0070830001277499,2.231119000043691,22.00588100004097,0.0918719999845052,38.31146700008503
X.MOV,6,X,True,X,0.9999645948410034,True,X,True,False,False,False,13.955345999875137,0.0065879999056051,2.263445999915348,22.02443600003789,0.1008730000648938,38.35068899979888
X.MOV,7,X,True,X,0.9999691247940063,True,X,True,False,False,False,14.065580999840677,0.0082630001543293,2.35235900004227,22.035277999975733,0.1082590001715289,38.56974000018454
X.MOV,8,X,True,X,0.9999674558639526,True,X,True,False,False,False,13.891297000100169,0.008605999937572,2.308783999978914,22.012762000031216,0.1157450001301185,38.33719400017799
X.MOV,9,X,True,X,0.9999597072601318,True,X,True,False,False,False,13.958532000060586,0.0088669999058765,2.3056009999891103,22.0048549999774,0.0941080002121452,38.37196300014512
X.MOV,10,X,True,X,0.9999676942825316,True,X,True,False,False,False,13.936245999957464,0.006619000032515,2.2594320000735024,21.99744100016688,0.0951750000695028,38.29491300029986
X.MOV,11,X,True,X,0.9999666213989258,True,X,True,False,False,False,14.06097500012038,0.0078919999850768,2.296322000120199,21.996947999923577,0.1031340000281488,38.46527100017738
X.MOV,12,X,True,X,0.9999597072601318,True,X,True,False,False,False,15.101528999821312,0.0065350000113539,2.35339099981502,22.03746100008175,0.0995530001546285,39.59846899988406
X.MOV,13,X,True,X,0.9999375343322754,True,X,True,False,False,False,14.029972999878735,0.0077289998898777,2.3015210001631203,21.99887999995553,0.0928880001538345,38.430991000041104
X.MOV,14,X,True,X,0.9999420642852784,True,X,True,False,False,False,14.33495099990978,0.0078360001225519,2.332533999833686,22.04549899988706,0.1033109999752923,38.82413099972837
X.MOV,15,X,True,X,0.9999587535858154,True,X,True,False,False,False,13.87869700010924,0.0072850000378821,2.276962999985699,22.075375999975225,0.1338760000635375,38.37219700017158
X.MOV,16,X,True,X,0.9999558925628662,True,X,True,False,False,False,15.175915000099849,0.0073639998845465,2.2965800001202297,22.03407599995444,0.095785000212345,39.60972000027141
X.MOV,17,X,True,X,0.9999567270278932,True,X,True,False,False,False,16.692826000053174,0.0076779999744758,2.259544000025926,22.04479200008791,0.0957649999691057,41.10060500011059
X.MOV,18,X,True,X,0.9999608993530272,True,X,True,False,False,False,13.853879999942365,0.0082699998529278,2.4563409999700525,22.040652999976373,0.0966279999374819,38.4557719996792
X.MOV,19,X,True,X,0.9999464750289916,True,X,True,False,False,False,13.8713229998757,0.007410000080199,2.266528000063772,22.01804199989965,0.1051839999490766,38.2684869998684
X.MOV,20,X,True,X,0.9999158382415771,True,X,True,False,False,False,13.816533999943204,0.0072279999585589,2.292572999976983,22.06012500005272,0.0960520001171971,38.27251200004866
X.MOV,21,X,True,X,0.999915361404419,True,X,True,False,False,False,13.969087999839758,0.0080100001014216,2.2577919999093865,22.03097300002809,0.0969689999692491,38.36283199984791
X.MOV,22,X,True,X,0.9999053478240968,True,X,True,False,False,False,13.854011999910654,0.0070080000114103,2.295670999956201,24.0135100000316,0.095869999995557,40.26607099990542
X.MOV,23,X,True,X,0.9999105930328368,True,X,True,False,False,False,13.946136999948068,0.0072499999532738,2.2699889998420986,22.04037100000278,0.0913800001853815,38.3551269999316
X.MOV,24,X,True,X,0.9998821020126344,True,X,True,False,False,False,13.994043000138843,0.006563999932041,2.3948820000896376,22.0209110000269,0.0972469999851455,38.51364700017257
X.MOV,25,X,True,X,0.9998812675476074,True,X,True,False,False,False,13.875226999971346,0.0085799999851587,2.6058959999772924,22.042599000087648,0.099619999900824,38.63192199992227
X.MOV,26,X,True,X,0.999871015548706,True,X,True,False,False,False,13.806188999978986,0.0088609999693289,2.29335899985017,21.987754999827303,0.0986949999060016,38.19485899953179
X.MOV,27,X,True,X,0.9998819828033448,True,X,True,False,False,False,13.942855000095731,0.0070129999585333,2.336905999982264,22.02957199983757,0.0964160001331038,38.412762000007206
X.MOV,28,X,True,X,0.9999165534973145,True,X,True,False,False,False,15.072076999786075,0.0070539999796892,2.229721000048812,22.08617499991305,0.1089449999653879,39.50397199969302
X.MOV,29,X,True,X,0.99992835521698,True,X,True,False,False,False,13.896850000037375,0.0079880001067067,2.3613680000380555,22.055021999904056,0.1023249999434483,38.42355300002964
X.MOV,30,X,True,X,0.9999570846557616,True,X,True,False,False,False,14.020360000131404,0.0076540000009117,2.381861999992907,21.978743000090617,0.1012689999697613,38.4898880001856
X.MOV,31,X,True,X,0.9999566078186036,True,X,True,False,False,False,13.84269300001506,0.0079939998158806,2.283387000034054,22.053509999977905,0.105517000065447,38.29310099990835
X.MOV,32,X,True,X,0.9999430179595948,True,X,True,False,False,False,13.947035999990476,0.0188679998700536,2.4966959999801475,22.01142399985656,0.0932309999370772,38.56725499963432
X.MOV,33,X,True,X,0.9999479055404664,True,X,True,False,False,False,13.92871699999887,0.0086079999164212,2.310332999968523,21.996402000013404,0.0978610000856861,38.3419209999829
X.MOV,34,X,True,X,0.9999630451202391,True,X,True,False,False,False,13.877090000050885,0.0078820000908308,2.313223000101061,22.068066999963776,0.1195869999719434,38.385849000178496
X.MOV,35,X,True,X,0.9999419450759888,True,X,True,False,False,False,13.883087000067462,0.007600000117236,2.3029589999623568,22.04727499997716,0.0960630000008677,38.336984000125085
X.MOV,36,X,True,X,0.9999799728393556,True,X,True,False,False,False,13.852030999942144,0.0069790000907232,2.280395000070712,22.01151700000992,0.0964660000590811,38.24738800017258
X.MOV,37,X,True,X,0.9999823570251464,True,X,True,False,False,False,13.95485600005486,0.0089889999799197,2.395730999978696,22.08666199999243,0.1198350000777281,38.566073000083634
X.MOV,38,X,True,X,0.9999784231185912,True,X,True,False,False,False,13.906587000064974,0.0069220000114,2.2296290001122543,22.016772999904788,0.0971919998846715,38.25710299997809
X.MOV,39,X,True,X,0.9999810457229614,True,X,True,False,False,False,13.880658999823936,0.0074919998951372,2.2560360000625224,21.99198099992828,0.1067620000867464,38.242929999796615
X.MOV,40,X,True,X,0.9999741315841676,True,X,True,False,False,False,13.91405999993367,0.0077790000432287,2.3143240000536025,22.017463999873144,0.11552799992387,38.36915499982752
X.MOV,41,X,True,X,0.9999704360961914,True,X,True,False,False,False,13.88312400013092,0.0082639999163802,2.309473999957845,22.027470000011817,0.1057989998116681,38.33413099982863
X.MOV,42,X,True,X,0.9999593496322632,True,X,True,False,False,False,13.929541999914363,0.0062739998156757,2.3879430000306456,21.99564000011378,0.0957209999796759,38.41511999985414
X.MOV,43,X,True,X,0.9999617338180542,True,X,True,False,False,False,13.886259999935646,0.0089110001226799,2.413185000023077,22.154271999852423,0.1562610000291897,38.61888899996302
X.MOV,44,X,True,X,0.9999319314956664,True,X,True,False,False,False,13.940722000143069,0.0083050001649098,2.3733489999813173,22.083338000129515,0.0947220000853121,38.50043600050412
X.MOV,45,X,True,X,0.9998928308486938,True,X,True,False,False,False,13.940459999957966,0.0084250000327301,2.358770000000732,22.08450099988113,0.1192679999348911,38.51142399980745
X.MOV,46,X,True,X,0.9998294115066528,True,X,True,False,False,False,14.003076999870244,0.0070749999849795,2.3036810000576224,22.039542000129583,0.1088919998437631,38.4622669998862
X.MOV,47,X,True,X,0.999808132648468,True,X,True,False,False,False,14.08436600013374,0.0077429999691958,2.446638000037637,22.046598000088125,0.1110940002035931,38.69643900043229
X.MOV,48,X,True,X,0.9998613595962524,True,X,True,False,False,False,13.994681999975,0.0072249999902851,2.270179000106509,21.98790700003883,0.1017959998534934,38.36178899996412
X.MOV,49,X,True,X,0.9998879432678224,True,X,True,False,False,False,13.851249000026655,0.0078570001278421,2.338014000088151,22.03828300002897,0.1033010000810463,38.33870400035266
X.MOV,50,X,True,X,0.9998703002929688,True,X,True,False,False,False,13.830623000103516,0.0086780000856379,2.366860999927667,22.05190900008347,0.1283669998883851,38.386438000088674
X.MOV,51,X,True,X,0.9998846054077148,True,X,True,False,False,False,13.886559999946256,0.0075969999215885,2.2723650001807982,22.033667999949103,0.1076690000445523,38.3078590000423
X.MOV,52,X,True,X,0.9997873902320862,True,X,True,False,False,False,13.855855999963753,0.0083240001913509,2.288959999987128,21.96834000005765,0.0974469999164284,38.21892700011631
X.MOV,53,X,True,X,0.9996660947799684,True,X,True,False,False,False,13.952818999996452,0.008252000043285,2.3135550000006333,22.01099800004158,0.0946929999372514,38.3803170000192
X.MOV,54,X,True,X,0.9995211362838744,True,X,True,False,False,False,13.851007000084792,0.0080039999375003,2.31788999985838,22.02386299995851,0.1079660000868898,38.30872999992607
X.MOV,55,X,True,X,0.999806821346283,True,X,True,False,False,False,13.81334000006973,0.006739000127709,2.2318220001125155,22.024062000127746,0.1236400000834692,38.199603000521165
X.MOV,56,X,True,X,0.9998637437820436,True,X,True,False,False,False,13.833538999961092,0.0078299999586306,2.2795499999119784,21.99487100006081,0.0964989999374665,38.21228899982998
X.MOV,57,X,True,X,0.9997290968894958,True,X,True,False,False,False,13.970080000035525,0.0071160000061354,2.3377390000405285,21.99741699996593,0.0962179999532963,38.40857000000142
X.MOV,58,X,True,X,0.9995777010917664,True,X,True,False,False,False,13.84338899993054,0.0082840001596196,2.50839399996039,22.030464000181382,0.1014800000120885,38.49201100024402
X.MOV,59,X,True,X,0.9998488426208496,True,X,True,False,False,False,14.02385599999434,0.0100649999694724,2.348888999904375,22.06101399997351,0.1322369998888461,38.576060999730544
X.MOV,60,X,True,X,0.999853491783142,True,X,True,False,False,False,14.20226899995214,0.0079379999533557,2.4000109999633423,22.07042700001693,0.0971079998635104,38.77775299974928
X.MOV,61,X,True,X,0.9998717308044434,True,X,True,False,False,False,13.901147000069614,0.0085369999851536,2.293243000167422,22.065096000005724,0.0929960001485596,38.36101900037647
X.MOV,62,X,True,X,0.999889612197876,True,X,True,False,False,False,13.885663999872122,0.0102579999747831,1.897992999829512,22.511116000032416,0.0978250000116531,38.40285599972049
X.MOV,63,X,True,X,0.9999196529388428,True,X,True,False,False,False,13.8646720001816,0.0112469999749009,3.130361000103221,27.071905999946463,0.1690039998720749,44.24719000007826
X.MOV,64,X,True,X,0.9998558759689332,True,X,True,False,False,False,13.888627999904202,0.0088280000909435,2.3734250000870816,22.128331999965667,0.0959309998052049,38.4951439998531
X.MOV,65,X,True,X,0.9999030828475952,True,X,True,False,False,False,13.878567999881852,0.0076190001436771,2.2901810000348632,21.996622999949977,0.1027470000281027,38.27573800003847
X.MOV,66,X,True,X,0.999958038330078,True,X,True,False,False,False,13.859142000001157,0.006982000058997,2.340268999887485,22.03354600010244,0.1014860001760098,38.34142500022608
X.MOV,67,X,True,X,0.9999148845672609,True,X,True,False,False,False,13.880695999887394,0.007196000069598,2.2719840001173,21.99412699997083,0.1156089999767573,38.26961200002188
X.MOV,68,X,True,X,0.999876856803894,True,X,True,False,False,False,13.815919999842665,0.0078309999480552,2.3501409998516465,22.03564199999164,0.0994689999060938,38.3090029995401
X.MOV,69,X,True,X,0.9998455047607422,True,X,True,False,False,False,14.179030000150306,0.0086640000063198,2.28660800007674,22.19070199998896,0.1039969999965251,38.76900100021885
X.MOV,70,X,True,X,0.9998100399971008,True,X,True,False,False,False,14.050477999944633,0.0070549999691138,2.318369000022358,22.015396999904624,0.1172380000298289,38.50853699987056
X.MOV,71,X,True,X,0.9998701810836792,True,X,True,False,False,False,13.9781310001581,0.007112000048437,2.319669999906182,22.07244199985325,0.1280700000734214,38.5054250000394
X.MOV,72,X,True,X,0.9998086094856262,True,X,True,False,False,False,13.98621699991054,0.0084339999375515,2.6868969998758985,22.165696000001844,0.1027339999382093,38.94997799966404
X.MOV,73,X,True,X,0.9998231530189514,True,X,True,False,False,False,14.16949399981604,0.0072479999744246,2.3151959999268,22.017220999941856,0.0958230000378534,38.604981999696975
X.MOV,74,X,True,X,0.9998051524162292,True,X,True,False,False,False,13.840168000115227,0.0073020000854739,2.3091110001587367,22.017529999857288,0.1123710001138533,38.28648200033058
X.MOV,75,X,True,X,0.9998188614845276,True,X,True,False,False,False,13.949956000033126,0.0067590001435746,2.4414260001321964,21.984073000112403,0.0936389999424136,38.47585300036371
X.MOV,76,X,True,X,0.9996497631072998,True,X,True,False,False,False,14.460026999813635,0.0068420001753111,2.3149610001382825,22.04333300005601,0.0937800000428978,38.918943000226136
X.MOV,77,X,True,X,0.9996892213821412,True,X,True,False,False,False,14.20648299995264,0.0075520001701079,2.354240999920876,22.053248000020176,0.0925310000639001,38.7140550001277
X.MOV,78,X,True,X,0.9997146725654602,True,X,True,False,False,False,14.20235499995215,0.0068800000008195,2.331956000034552,22.011927999983527,0.0930639998841798,38.64618299985523
X.MOV,79,X,True,X,0.999721109867096,True,X,True,False,False,False,13.914829999976064,0.006787999836888,2.52654399992025,22.701331000007485,0.1139080000029935,39.26340099974368
X.MOV,80,X,True,X,0.9997329115867616,True,X,True,False,False,False,13.891264999983832,0.0083429999904183,2.365564000001541,22.04808999999841,0.1108419999127363,38.42410399988694
X.MOV,81,X,True,X,0.999705135822296,True,X,True,False,False,False,14.014568999982655,0.007619999905728,2.2721079999428184,22.592894999888813,0.0911639999685576,38.978355999688574
X.MOV,82,X,True,X,0.9996161460876464,True,X,True,False,False,False,14.38000699999975,0.0080290001278626,2.591874000017924,22.75457600012487,0.1141099999131256,39.848596000183534
X.MOV,83,X,True,X,0.9994162321090698,True,X,True,False,False,False,14.112076999936107,0.0080909999269351,2.649606999966636,22.72020599980351,0.1152919999185542,39.605272999551744
X.MOV,84,X,True,X,0.9995279312133788,True,X,True,False,False,False,13.958926999976027,0.0072269999691343,2.4747749998823565,22.035236999954577,0.1360779999686201,38.61224399975072
X.MOV,85,X,True,X,0.9995352029800416,True,X,True,False,False,False,14.142816000003222,0.0076220001119509,2.4124330000177,22.03147000000172,0.0941680000323685,38.68850900016696
X.MOV,86,X,True,X,0.9993867874145508,True,X,True,False,False,False,14.036986999826697,0.0077839999903517,2.3015889998987404,21.990410000171323,0.1003150000542518,38.43708499994136
X.MOV,87,X,True,X,0.999607264995575,True,X,True,False,False,False,13.994599999932689,0.0068619999638031,2.2792229999595293,22.00325599983444,0.0987209998584148,38.38266199954887
X.MOV,88,X,True,X,0.9994988441467284,True,X,True,False,False,False,13.966137000124943,0.006898000037836,2.42942599993512,22.01687299998412,0.1088409999283612,38.52817500001038
X.MOV,89,X,True,X,0.9995582699775696,True,X,True,False,False,False,14.004218000081892,0.0073989999691548,2.324791000091864,22.040363000087385,0.1271870000891795,38.50395800031947
X.MOV,90,X,True,X,0.9998156428337096,True,X,True,False,False,False,14.219207999985883,0.0071310000748781,2.3339629999554745,21.99606199997106,0.0913679998575389,38.64773199984484
X.MOV,91,X,True,X,0.9997960925102234,True,X,True,False,False,False,14.298643000074662,0.0081379998846387,2.312078999921141,22.05676000016865,0.1083380000181932,38.78395800006729
X.MOV,92,X,True,X,0.9998050332069396,True,X,True,False,False,False,14.0912169999865,0.0080049999269249,2.4014010000428243,22.076075000086348,0.0966679999692132,38.67336600001181
X.MOV,93,X,True,X,0.9996877908706664,True,X,True,False,False,False,13.988975000074788,0.0077239999427547,2.301833000046827,22.5622119999116,0.0913549999950191,38.952098999970985
X.MOV,94,X,True,X,0.999869465827942,True,X,True,False,False,False,14.012490999903092,0.0079960000221035,2.911702000119476,22.673367999914262,0.100750000001426,39.70630699996036
X.MOV,95,X,True,X,0.9998164772987366,True,X,True,False,False,False,14.166626999895016,0.0084030000380153,2.4004330000479968,22.06545700005336,0.1035999998748593,38.74451999990925
X.MOV,96,X,True,X,0.9996386766433716,True,X,True,False,False,False,13.979512000105387,0.0074250001489417,2.3084049998942646,22.01177799997822,0.1163039999028114,38.42342400002963
X.MOV,97,X,True,X,0.9997542500495912,True,X,True,False,False,False,14.121981000016604,0.0086490001649508,2.368512999964878,22.076988999970126,0.0940609997996944,38.67019299991625
X.MOV,98,X,True,X,0.9998053908348083,True,X,True,False,False,False,13.991207999879409,0.0083790000644512,2.315881999948033,21.979535999889777,0.0998059999801626,38.39481099976183
X.MOV,99,X,True,X,0.9997298121452332,True,X,True,False,False,False,14.096708000124636,0.0470789998416876,2.3932779999995546,22.09392000008848,0.0985099998160876,38.72949499987044
X.MOV,100,X,True,X,0.999817192554474,True,X,True,False,False,False,14.031732000148622,0.0078610000855405,2.3407789999509987,22.01919200001612,0.1155729999027244,38.515137000104005
X.MOV,101,X,True,X,0.9997770190238952,True,X,True,False,False,False,14.180651000060609,0.0070560001859121,2.3381739999877027,22.07360600004904,0.0955099999373487,38.69499700022061
X.MOV,102,X,True,X,0.9996439218521118,True,X,True,False,False,False,13.871050000034302,0.0074540000696288,2.3617079998530244,22.044452000045567,0.1013150001654139,38.385979000167936
X.MOV,103,X,True,X,0.9996079802513124,True,X,True,False,False,False,14.076857999953065,0.0067400001171336,2.320340000096621,22.04250899990257,0.1158640000085142,38.5623110000779
X.MOV,104,X,True,X,0.9994052648544312,True,X,True,False,False,False,13.896130000148332,0.0079599999480706,2.2756529999696795,22.55530299999009,0.0941319999583356,38.82917800001451
X.MOV,105,X,True,X,0.9989383816719056,True,X,True,False,False,False,13.908314999980576,0.0074760000643436,2.537960999916322,22.704182999859768,0.1093760001822374,39.26731100000325
X.MOV,106,X,True,X,0.9987347722053528,True,X,True,False,False,False,13.904546000048867,0.0068780000219703,2.3408350000408973,22.038726999880964,0.0965090000590862,38.387495000051786
X.MOV,107,X,True,X,0.9993009567260742,True,X,True,False,False,False,13.850714000000153,0.0081499999851075,2.3188999998637883,22.042564999992464,0.1306629999362485,38.35099199977776
X.MOV,108,X,True,X,0.9993896484375,True,X,True,False,False,False,13.883069999792497,0.0075369998739915,2.4451059998682467,22.026413000048706,0.1143480001246644,38.476473999708105
X.MOV,109,X,True,X,0.9993058443069458,True,X,True,False,False,False,13.957130000108007,0.0088360000063403,2.3338610001246707,21.99664999989181,0.0953579999531939,38.39183500008403
X.MOV,110,X,True,X,0.99954754114151,True,X,True,False,False,False,13.90827199998057,0.0071030001436156,2.2837089998120064,22.02841400003308,0.1275290001103712,38.355027000079644
X.MOV,111,X,True,X,0.9997610449790956,True,X,True,False,False,False,13.921590999871114,0.0070450000748678,2.263308000010511,22.02156299995295,0.092558000005738,38.30606499991518
X.MOV,112,X,True,X,0.9996968507766724,True,X,True,False,False,False,14.06362700004138,0.0070969999796943,2.3260929999651125,22.04086200003985,0.0984509999852889,38.536130000011326
X.MOV,113,X,True,X,0.99970680475235,True,X,True,False,False,False,14.058746000046083,0.0085429999217012,2.313469999990048,22.113608999916323,0.0947749999795632,38.58914299985372
X.MOV,114,X,True,X,0.9998072981834412,True,X,True,False,False,False,13.924835000125311,0.0061319999531406,1.6631779999443097,22.55166600002667,0.0937959998736914,38.239606999923126
X.MOV,115,X,True,X,0.9997004270553588,True,X,True,False,False,False,13.84901999995236,0.006847999884485,2.2233869999581657,22.037841000155822,0.1208900000619905,38.237986000012825
X.MOV,116,X,True,X,0.9997151494026184,True,X,True,False,False,False,13.891768000121374,0.0079019998793228,2.3030240001844504,22.082103999991887,0.0919740000426827,38.37677200021972
X.MOV,117,X,True,X,0.9997827410697936,True,X,True,False,False,False,14.130863999980647,0.0079960000221035,2.2744360001070163,22.09877299992513,0.1158070001565647,38.62787600019146
X.MOV,118,X,True,X,0.9994539618492126,True,X,True,False,False,False,13.894518999904903,0.0083699999322561,3.367077000120844,22.096729999930176,0.1663919999828067,39.533087999870986
X.MOV,119,X,True,X,0.9996694326400756,True,X,True,False,False,False,14.078918999985037,0.0089509999270376,2.290519999860408,22.027746000048865,0.0930400001379894,38.49917599995933
X.MOV,120,X,True,X,0.999779999256134,True,X,True,False,False,False,14.41686199996184,0.0077110000802349,2.652839000120366,22.03305800003364,0.1173210000615654,39.22779100025764
X.MOV,121,X,True,X,0.999784529209137,True,X,True,False,False,False,13.98918099994262,0.0079660001119918,2.4856899999576854,21.985889000006864,0.0977879999481956,38.56651399996736
X.MOV,122,X,True,X,0.9997946619987488,True,X,True,False,False,False,14.066063999962353,0.0078979999216244,2.32733100006044,22.04576300005101,0.1004250000278261,38.54748100002325
X.MOV,123,X,True,X,0.9998290538787842,True,X,True,False,False,False,13.853980000021693,0.0085890001173538,2.331948000119155,22.04793500004598,0.106727000002138,38.34917900030632
X.MOV,124,X,True,X,0.9997244477272034,True,X,True,False,False,False,13.94231399990531,0.0072729999374132,2.4903210000957188,22.092956000051345,0.1054480001130286,38.638312000102815
X.MOV,125,X,True,X,0.999468982219696,True,X,True,False,False,False,13.99989300011839,0.0083489999269659,2.244557000040004,22.016241000073933,0.1216650000515073,38.3907050002108
X.MOV,126,X,True,X,0.9994704127311708,True,X,True,False,False,False,14.018882000073065,0.0105830001757567,2.382331000035265,22.311115999855247,0.0951990000430669,38.8181110001824
X.MOV,127,X,True,X,0.999600112438202,True,X,True,False,False,False,13.895384999841554,0.0086259999534377,2.327043999912348,22.06871599992155,0.0997489999008394,38.39951999952973
X.MOV,128,X,True,X,0.9997722506523132,True,X,True,False,False,False,14.305555999953867,0.0076129999797558,2.3512010000104056,22.044154000013805,0.0940990000799502,38.80262300003778
X.MOV,129,X,True,X,0.999864935874939,True,X,True,False,False,False,13.920553000161815,0.0074649999532994,2.340684000046167,22.05576699998346,0.0949289999425673,38.41939800008731
X.MOV,130,X,True,X,0.9998435974121094,True,X,True,False,False,False,13.832914999966306,0.0063200000113283,2.2693969999636465,21.99887599999784,0.1149899999290937,38.22249799986821
X.MOV,131,X,True,X,0.9997268319129944,True,X,True,False,False,False,13.929637000046569,0.0084939999851485,2.446383999995305,22.18045099994015,0.1919459998589445,38.75691199982612
X.MOV,132,X,True,X,0.9996464252471924,True,X,True,False,False,False,13.940849999926286,0.0067290000060893,2.409865000117861,21.98675499994352,0.0935709999794198,38.43776999997317
X.MOV,133,X,True,X,0.99982351064682,True,X,True,False,False,False,14.003110999965427,0.0075789998845721,2.3108940001748124,21.998320999955467,0.0946469999689725,38.41455199994925
X.MOV,134,X,True,X,0.9997627139091492,True,X,True,False,False,False,13.881574999913935,0.0070770001912023,2.340617000072598,22.007011999903625,0.1044449998062191,38.34072599988758
X.MOV,135,X,True,X,0.9997065663337708,True,X,True,False,False,False,13.905176999969626,0.0085340000168798,2.356834000011077,22.05077999997229,0.0957910001488926,38.41711600011877
X.MOV,136,X,True,X,0.9993637204170228,True,X,True,False,False,False,13.722667000138244,0.0060810000377387,2.309801999899719,21.9963040001403,0.0913450001007731,38.12619900031677
X.MOV,137,X,True,X,0.999629020690918,True,X,True,False,False,False,13.72694900010174,0.0072240000008605,2.416574999870136,21.98137899995345,0.0961150001330679,38.22824200005925
X.MOV,138,X,True,X,0.999502658843994,True,X,True,False,False,False,14.677552999955878,0.0076200001331017,2.350363000005018,21.99979500005611,0.1129550000769086,39.14828600022702
X.MOV,139,X,True,X,0.999808132648468,True,X,True,False,False,False,13.854167999852509,0.0062839999372954,2.286200000071404,21.980424000048515,0.0923570000850304,38.21943299999475
X.MOV,140,X,True,X,0.9994603991508484,True,X,True,False,False,False,13.649961000055557,0.0065159999849129,2.283396000166249,21.99003500004437,0.0989410000329371,38.028849000284026
Y.MOV,0,Y,True,Y,0.9960421323776244,True,Y,True,False,False,False,14.081585999974775,0.0103710001440049,2.779227000019091,22.168900999986363,0.0945550000324146,39.13464000015665
Y.MOV,1,Y,True,Y,0.9960320591926576,True,Y,True,False,False,False,13.90444399999069,0.0072550001277704,2.352341999994678,22.036582000055205,0.1123280001138482,38.41295100028219
Y.MOV,2,Y,True,Y,0.996459424495697,True,Y,True,False,False,False,13.86817599995993,0.0076609999268839,2.4701849999928527,22.05969799979357,0.0961499999903026,38.50186999966354
Y.MOV,3,Y,True,Y,0.9965555667877196,True,Y,True,False,False,False,13.886018999983207,0.0064410000959469,2.351534000126776,21.99403100007657,0.0926129998788383,38.33063800016134
Y.MOV,4,Y,True,Y,0.9964101910591124,True,Y,True,False,False,False,13.835947999950804,0.0071619999744143,2.5231729998722585,22.382680999953664,0.1050880000548204,38.85405199980596
Y.MOV,5,Y,True,Y,0.994562566280365,True,Y,True,False,False,False,13.925791000019672,0.0071009999373927,2.613109999856533,22.72728000002644,0.092935999873589,39.366217999713626
Y.MOV,6,Y,True,Y,0.9960873126983644,True,Y,True,False,False,False,13.769886999853044,0.0072609998369443,2.4867710001217347,22.14216199990915,0.0940780000746599,38.50015899979553
Y.MOV,7,Y,True,Y,0.9962844848632812,True,Y,True,False,False,False,13.888571999814303,0.0071929998739506,2.602415999945152,22.01498800013724,0.09847000001173,38.61163899978237
Y.MOV,8,Y,True,Y,0.9948312640190125,True,Y,True,False,False,False,14.016315000162647,0.0074530000802042,2.7240259998961847,22.0835329998863,0.1105689998439629,38.9418959998693
Y.MOV,9,Y,True,Y,0.9962855577468872,True,Y,True,False,False,False,15.824135999991997,0.0071130000378616,2.3903670000891,22.042793000082384,0.0895279999895137,40.35393700019085
Y.MOV,10,Y,True,Y,0.9964183568954468,True,Y,True,False,False,False,14.034048999974402,0.0068100000589765,2.368151999917245,22.081572999923083,0.111094999965644,38.60167899983935
Y.MOV,11,Y,True,Y,0.9955092668533324,True,Y,True,False,False,False,14.424717999872884,0.0067720000060944,2.5094999998600542,22.315830000025016,0.1118119998864131,39.36863199965046
Y.MOV,12,Y,True,Y,0.9962344765663148,True,Y,True,False,False,False,15.460730000086189,0.0074380000114615,2.3007029999462247,22.00336900000366,0.0920100001167156,39.86425000016425
Y.MOV,13,Y,True,Y,0.9962175488471984,True,Y,True,False,False,False,14.408121000087704,0.0070979999691189,2.9437939999752416,22.20356399993761,0.0964549999480368,39.65903199991772
Y.MOV,14,Y,True,Y,0.997101366519928,True,Y,True,False,False,False,13.952711999991152,0.0062879998949938,2.42713200009348,21.997123000119245,0.1011059998745622,38.48436099997343
Y.MOV,15,Y,True,Y,0.9967427849769592,True,Y,True,False,False,False,13.872899000034522,0.0067710000166698,2.365946999816515,21.96855500005768,0.0949939999372873,38.30916599986267
Y.MOV,16,Y,True,Y,0.9961678385734558,True,Y,True,False,False,False,13.833176000161984,0.0080120000802708,2.442512000015995,22.03022900016549,0.0910250000742962,38.40495400049804
Y.MOV,17,Y,True,Y,0.9963488578796388,True,Y,True,False,False,False,13.93489099996259,0.0082340000062686,2.3918980000416923,22.04600400000345,0.0955659997998736,38.476592999813874
Y.MOV,18,Y,True,Y,0.9958832263946532,True,Y,True,False,False,False,13.95329000001766,0.0075129999004275,2.3800010001195915,22.021986000027027,0.1102300000184186,38.473020000083125
Y.MOV,19,Y,True,Y,0.9959327578544616,True,Y,True,False,False,False,13.783135000039692,0.0067329999637877,2.3717970000234345,21.992731999944223,0.0961230000484647,38.250520000019606
Y.MOV,20,Y,True,Y,0.9965379238128662,True,Y,True,False,False,False,13.904165999974794,0.0067969999690831,2.3545399999420624,21.99082999982238,0.0933080000322661,38.349640999740586
Y.MOV,21,Y,True,Y,0.9958095550537108,True,Y,True,False,False,False,13.920373000019026,0.0088330000380665,2.463601000044946,22.09541199999876,0.1140220001616398,38.60224100026244
Y.MOV,22,Y,True,Y,0.9957939386367798,True,Y,True,False,False,False,13.780815000018263,0.0084380001226236,2.514860000019325,22.039074000076653,0.0980570000592706,38.44124400029614
Y.MOV,23,Y,True,Y,0.9965301156044006,True,Y,True,False,False,False,14.052231000050597,0.0076680000802298,2.3435909999989235,22.026890999995885,0.0969130001067242,38.52729400023236
Y.MOV,24,Y,True,Y,0.9956667423248292,True,Y,True,False,False,False,13.815569999906074,0.0077520001013908,2.4202409999816155,22.02093000005334,0.0941380001222569,38.35863100016468
Y.MOV,25,Y,True,Y,0.9952423572540284,True,Y,True,False,False,False,14.72889199999372,0.0068169999849487,2.351786000190259,21.999244999960865,0.0961549999374256,39.18289500006722
Y.MOV,26,Y,True,Y,0.9958544969558716,True,Y,True,False,False,False,13.987616999884269,0.0074660001700976,2.310407999857489,22.058716999936223,0.1115949999075383,38.475802999755615
Y.MOV,27,Y,True,Y,0.9950478672981262,True,Y,True,False,False,False,13.73067000008632,0.006753000207027,2.42057700006626,22.05161400001998,0.0945790000059787,38.30419300038557
Y.MOV,28,Y,True,Y,0.9957144856452942,True,Y,True,False,False,False,13.838341000109722,0.0070639998739352,2.3424940000040806,22.017942000047697,0.1255439999567897,38.331384999992224
Y.MOV,29,Y,True,Y,0.9961150884628296,True,Y,True,False,False,False,13.88079999992442,0.0072279999585589,2.4000920000162296,22.003057000119952,0.1298839999890333,38.421061000008194
Y.MOV,30,Y,True,Y,0.9962420463562012,True,Y,True,False,False,False,13.84605599992028,0.0082850001490442,2.364487000022564,22.00148699989768,0.0975430000380583,38.31785800002763
Y.MOV,31,Y,True,Y,0.9967663288116456,True,Y,True,False,False,False,13.787955999987387,0.0069780001012986,2.321445000006861,22.047716000088258,0.1073640000868181,38.27145900027063
Y.MOV,32,Y,True,Y,0.996719777584076,True,Y,True,False,False,False,13.94978300004368,0.0079500000538246,2.322466999885364,21.99347900000248,0.0953010001012444,38.368980000086594
Y.MOV,33,Y,True,Y,0.997553288936615,True,Y,True,False,False,False,13.887550999925224,0.0082920000750164,2.34223600000405,22.02262199989491,0.0924800001484982,38.3531810000477
Y.MOV,34,Y,True,Y,0.9972355961799622,True,Y,True,False,False,False,14.196241999798076,0.0083570000697363,2.4804049999147537,22.10077599988836,0.093046000074537,38.87882599974546
Y.MOV,35,Y,True,Y,0.9965294003486632,True,Y,True,False,False,False,13.943259000143373,0.0084050000168645,2.4303359998611995,22.05167499982963,0.1100530000712751,38.54372799992234
Y.MOV,36,Y,True,Y,0.9966576099395752,True,Y,True,False,False,False,13.956854000070962,0.0100289998954394,2.3797559999820805,22.10418300001038,0.0988450001386809,38.54966700009754
Y.MOV,37,Y,True,Y,0.9980888962745668,True,Y,True,False,False,False,14.08311899990622,0.0072390000696032,2.4395670000103564,22.10163399990961,0.0972299999375536,38.72878899983334
Y.MOV,38,Y,True,Y,0.9988223910331726,True,Y,True,False,False,False,13.880905000178243,0.0073179999162675,2.293145000066943,22.06580600000052,0.1021870000386115,38.34936100020059
Y.MOV,39,Y,True,Y,0.9982737302780152,True,Y,True,False,False,False,13.974482999856264,0.0077199999850563,2.3350859999027307,21.993671000018367,0.1740079999308363,38.48496799969325
Y.MOV,40,Y,True,Y,0.9987806677818298,True,Y,True,False,False,False,13.88153100015188,0.0117110000701359,5.232639000041672,22.216875999902182,0.1172760000827111,41.460033000248586
Y.MOV,41,Y,True,Y,0.9982865452766418,True,Y,True,False,False,False,13.97588400004679,0.0074170000061712,2.339200000051278,21.983654999985447,0.1090089999706833,38.41516500006037
Y.MOV,42,Y,True,Y,0.9966625571250916,True,Y,True,False,False,False,13.904980000006615,0.006609000138269,2.3237959999278246,21.96561699997801,0.0941010000587994,38.29510300010952
Y.MOV,43,Y,True,Y,0.995301365852356,True,Y,True,False,False,False,13.896909999857598,0.0079070000538195,2.3104710001007334,22.16760300007081,0.0921880000532837,38.47507900013625
Y.MOV,44,Y,True,Y,0.9958283305168152,True,Y,True,False,False,False,14.038936000133615,0.0069790000907232,2.294655000014245,22.019616000079623,0.0935769999159674,38.453763000234176
Y.MOV,45,Y,True,Y,0.9970422387123108,True,Y,True,False,False,False,14.056565000146293,0.0066019999849231,2.40277300008529,22.059322999894,0.1292560000365483,38.65451900014705
Y.MOV,46,Y,True,Y,0.9965903759002686,True,Y,True,False,False,False,13.873459999786064,0.0076789999639004,2.3826660001304845,21.99952899991331,0.0933209998947859,38.356654999688544
Y.MOV,47,Y,True,Y,0.9960108995437622,True,Y,True,False,False,False,13.88083300003018,0.0071280001066043,2.325360999975601,21.98674100009157,0.0980370000434049,38.29810000024736
Y.MOV,48,Y,True,Y,0.9964052438735962,True,Y,True,False,False,False,13.899820999995429,0.0070849998792255,2.573335000079169,22.129687000187914,0.1149700001406017,38.72489800028234
Y.MOV,49,Y,True,Y,0.9963253140449524,True,Y,True,False,False,False,14.007344999981797,0.0069200000325508,2.487328999905003,22.04928000014661,0.1205979999667761,38.671472000032736
Y.MOV,50,Y,True,Y,0.9972353577613832,True,Y,True,False,False,False,13.968050999892512,0.0070859998686501,2.3579290000270703,21.99714199991832,0.10023300001194,38.430440999718485
Y.MOV,51,Y,True,Y,0.9975445866584778,True,Y,True,False,False,False,14.171697999927346,0.0081480000062583,2.4817699998038734,22.44628599987664,0.1173499999822524,39.22525199959637
Y.MOV,52,Y,True,Y,0.9973679184913636,True,Y,True,False,False,False,13.932619000115665,0.0080780000644153,2.4881819999791333,22.029519999932745,0.1056300000072951,38.56402900009925
Y.MOV,53,Y,True,Y,0.9971519708633424,True,Y,True,False,False,False,13.938809000137551,0.0068629999532277,2.3566730001221003,22.00283100000888,0.0936550000005809,38.39883100022234
Y.MOV,54,Y,True,Y,0.9986318945884703,True,Y,True,False,False,False,13.986184000032154,0.0076449998687166,2.518616000088514,22.02402299985806,0.1206219999403401,38.657089999787786
Y.MOV,55,Y,True,Y,0.9991230368614196,True,Y,True,False,False,False,14.243633999967642,0.0081369998952141,2.3243030000230647,21.9793229998686,0.0964450000537908,38.65184199980831
Y.MOV,56,Y,True,Y,0.9984097480773926,True,Y,True,False,False,False,14.35213600007046,0.0083069999163853,2.330437999944479,22.022590999995373,0.099893999959022,38.81336599988572
Y.MOV,57,Y,True,Y,0.9965465664863586,True,Y,True,False,False,False,13.955741000017952,0.0065860001541295,2.313243000116927,22.008560000131183,0.0962540000273293,38.38038400044752
Y.MOV,58,Y,True,Y,0.9966617822647096,True,Y,True,False,False,False,13.939080000000104,0.0099799999588867,2.402332999963619,22.07112600012806,0.1292140000259678,38.55173300007664
Y.MOV,59,Y,True,Y,0.997445821762085,True,Y,True,False,False,False,13.904201999821453,0.0068090000695519,2.333903000135251,22.003217000019504,0.096954999889931,38.34508599993569
Y.MOV,60,Y,True,Y,0.9973695278167723,True,Y,True,False,False,False,13.895416999957888,0.0127570001495769,2.367166000112775,22.03394000002845,0.0960949998898286,38.40537500013852
Y.MOV,61,Y,True,Y,0.9969979524612428,True,Y,True,False,False,False,14.0458989999388,0.0073900000643334,2.343200000041179,22.11675800003832,0.1115069999286788,38.62475400001131
Y.MOV,62,Y,True,Y,0.9991711378097534,True,Y,True,False,False,False,13.884675000099378,0.0074520000907796,2.4249119999240065,22.042755999791552,0.1039150001815869,38.4637100000873
Y.MOV,63,Y,True,Y,0.9994778037071228,True,Y,True,False,False,False,13.872053000113738,0.0083689999428315,2.417261999880793,22.139781999840125,0.1054959998327831,38.54296199961027
Y.MOV,64,Y,True,Y,0.999630331993103,True,Y,True,False,False,False,14.079680000122607,0.0065730000642361,2.36057099982645,22.01935099992625,0.0947019998420728,38.56087699978161
Y.MOV,65,Y,True,Y,0.9992936849594116,True,Y,True,False,False,False,14.062024000168094,0.0062980000166135,2.301582999962193,22.25795000003928,0.1094670001293707,38.73732200031554
Y.MOV,66,Y,True,Y,0.9991952776908876,True,Y,True,False,False,False,14.02252699995188,0.008052999874053,2.454006000107256,22.0765209999172,0.0945060000958619,38.65561299994624
Y.MOV,67,Y,True,Y,0.9985748529434204,True,Y,True,False,False,False,13.898960999995325,0.0080700001490185,2.392723999946611,22.04163300007167,0.0936730000375973,38.43506100020022
Y.MOV,68,Y,True,Y,0.9980510473251344,True,Y,True,False,False,False,14.076447999968876,0.0072450000061508,2.5412980000965035,22.594100000105755,0.0962090000484749,39.31530000022576
Y.MOV,69,Y,True,Y,0.997018337249756,True,Y,True,False,False,False,13.932708000083949,0.0068629999532277,2.644798999881459,22.697102999927665,0.0997939998796937,39.381266999726
Y.MOV,70,Y,True,Y,0.9962430000305176,True,Y,True,False,False,False,14.006032999986928,0.0078069999744911,2.566083000147046,22.721250999893527,0.0903249999737454,39.39149899997574
Y.MOV,71,Y,True,Y,0.9978048205375672,True,Y,True,False,False,False,13.916770000150793,0.0065640001594147,2.391598000031081,22.045481999839467,0.0920050001695926,38.452419000350346
Y.MOV,72,Y,True,Y,0.994027018547058,True,Y,True,False,False,False,14.215054000032978,0.0067150001541449,2.4057089999587333,21.99080199989112,0.0913500000478961,38.70963000008487
Y.MOV,73,Y,True,Y,0.9950951337814332,True,Y,True,False,False,False,13.954179999927874,0.007475000074919,2.3718089998965297,22.030055999948672,0.0927789999423112,38.45629899979031
Y.MOV,74,Y,True,Y,0.9912564754486084,True,Y,True,False,False,False,14.002737000055276,0.0067610001224238,2.362285999879532,21.973248999984207,0.0952699999743345,38.440303000015774
Y.MOV,75,Y,True,Y,0.9980929493904114,True,Y,True,False,False,False,13.7741430000915,0.0070629998845106,2.3294079999232054,22.06769700001132,0.0958630000695848,38.27417399998012
Y.MOV,76,Y,True,Y,0.9975709319114684,True,Y,True,False,False,False,13.767590000043128,0.0086870002178329,2.3783389999607607,22.067220000053567,0.0962369999797374,38.31807300025503
Y.MOV,77,Y,True,Y,0.99928218126297,True,Y,True,False,False,False,14.080293999995774,0.0091900001280009,2.4274689999401744,22.064178000164247,0.0974000001860986,38.678531000414296
Y.MOV,78,Y,True,Y,0.9987585544586182,True,Y,True,False,False,False,14.628940999955375,0.0071500001013191,2.357237999831341,22.046243999966464,0.1089830000182701,39.14855599987277
Y.MOV,79,Y,True,Y,0.9995250701904296,True,Y,True,False,False,False,13.858479999953488,0.0084650000644614,1.7020640000282583,22.07398200016541,0.1262470000256144,37.76923800023724
Y.MOV,80,Y,True,Y,0.99950909614563,True,Y,True,False,False,False,13.893459999962944,0.0073119999797199,1.7921300000125484,22.078316000033738,0.1084959999388956,37.87971399992784
Y.MOV,81,Y,True,Y,0.9994361996650696,True,Y,True,False,False,False,13.911339000060252,0.0073880000854842,1.793489999954545,22.02195499990012,0.0930639998841798,37.82723599988458
Y.MOV,82,Y,True,Y,0.999521017074585,True,Y,True,False,False,False,13.999894000107815,0.006898000037836,2.389886999935697,22.041953000098147,0.1297989999784476,38.56843100015794
Y.MOV,83,Y,True,Y,0.999303936958313,True,Y,True,False,False,False,13.879910000014206,0.0077719998898828,2.320984000107273,22.042545999966023,0.1255309998668963,38.37674299984428
Y.MOV,84,Y,True,Y,0.9987572431564332,True,Y,True,False,False,False,13.915440999880955,0.0070930000219959,2.037324999946577,22.15067899987844,0.0943830000323942,38.20492099976036
Y.MOV,85,Y,True,Y,0.9975436329841614,True,Y,True,False,False,False,13.852966000058586,0.0072269999691343,2.4399950000315584,22.082076000060624,0.09910700009641,38.48137100021631
Y.MOV,86,Y,True,Y,0.9975783228874208,True,Y,True,False,False,False,14.199211000004652,0.0072870000167313,2.3538640000424493,22.01359000014236,0.0997340000594704,38.67368600026566
Y.MOV,87,Y,True,Y,0.996801733970642,True,Y,True,False,False,False,14.119842000127392,0.0074649999532994,2.35469400013244,21.989169999869773,0.1053440000760019,38.576515000158906
Y.MOV,88,Y,True,Y,0.9981119632720948,True,Y,True,False,False,False,14.47565700004816,0.0068009999267815,2.3237989998960984,22.01357600006304,0.1076589999229327,38.92749199985701
Y.MOV,89,Y,True,Y,0.9981592297554016,True,Y,True,False,False,False,13.895484000158833,0.0074810000114666,2.4037870000483963,22.032178000017662,0.0959430001330474,38.43487300036941
Y.MOV,90,Y,True,Y,0.997266411781311,True,Y,True,False,False,False,14.370905000077984,0.0074139998105238,2.414683999859335,22.02638099993237,0.0947410001117532,38.914124999791966
Y.MOV,91,Y,True,Y,0.9966149926185608,True,Y,True,False,False,False,14.063877999888064,0.0078660000326635,2.3546160000478267,22.022455000069385,0.129304999973101,38.57812000001104
Y.MOV,92,Y,True,Y,0.9979173541069032,True,Y,True,False,False,False,13.897413999984565,0.0081279999903927,2.5233960000150546,22.044241999992664,0.0958450000325683,38.569025000015245
Y.MOV,93,Y,True,Y,0.9987480640411376,True,Y,True,False,False,False,13.927774999956457,0.0075689999903261,2.3903990002054343,22.03445300006024,0.0945920000958722,38.454788000308326
Y.MOV,94,Y,True,Y,0.9986647367477416,True,Y,True,False,False,False,13.9397899999949,0.010243999895465,2.483837999989192,22.13976999996703,0.1179319999664585,38.691573999813045
Y.MOV,95,Y,True,Y,0.9982250332832336,True,Y,True,False,False,False,13.96719099989241,0.008168000022124,2.360580000186019,22.049321999929816,0.1567779997913021,38.54203899982167
Y.MOV,96,Y,True,Y,0.9982738494873048,True,Y,True,False,False,False,13.972491999993508,0.0063790000695007,2.4759870000252704,22.028247999969608,0.103275999890684,38.58638199994857
Y.MOV,97,Y,True,Y,0.9974002838134766,True,Y,True,False,False,False,13.910341999917364,0.0076809999427496,2.352794999978869,22.148283999968044,0.0954920001277059,38.51459399993473
Y.MOV,98,Y,True,Y,0.99776291847229,True,Y,True,False,False,False,13.885335999930248,0.0077869999586255,2.4158300000181043,22.029527999848145,0.1114359999974112,38.44991699975253
Y.MOV,99,Y,True,Y,0.9991451501846312,True,Y,True,False,False,False,13.84571399989909,0.0075720001859735,2.4299320000409352,22.060301999999865,0.0967190001119888,38.44023900023785
Y.MOV,100,Y,True,Y,0.9991206526756288,True,Y,True,False,False,False,13.83637899994028,0.0073769999744399,2.406969000048776,22.00215399989247,0.1033099999858677,38.35618899984184
Y.MOV,101,Y,True,Y,0.9988930821418762,True,Y,True,False,False,False,13.921295000045577,0.0075209998158243,2.3618689999693743,22.00005700001384,0.0918950001960183,38.38263700004063
Y.MOV,102,Y,True,Y,0.9984592199325562,True,Y,True,False,False,False,14.27518099990266,0.0063039999531611,2.3075319998042687,21.98310400012815,0.1009689999591501,38.67308999974739
Y.MOV,103,Y,True,Y,0.997201442718506,True,Y,True,False,False,False,13.81456900003286,0.0085500000750471,2.4124480000864423,22.05711999999949,0.1067859998329368,38.39947300002677
Y.MOV,104,Y,True,Y,0.9979956150054932,True,Y,True,False,False,False,13.965195000082533,0.0086820000433363,2.44139799997356,22.108838000121978,0.1210460000038438,38.64515900022525
Y.MOV,105,Y,True,Y,0.9965786337852478,True,Y,True,False,False,False,13.932648999798404,0.0074219999532942,2.4269820000881737,22.04640200011454,0.1031799999964278,38.51663499995084
Y.MOV,106,Y,True,Y,0.996627390384674,True,Y,True,False,False,False,13.896975999841745,0.0075240000114717,2.3478779999095423,22.02370200006953,0.1084799998807284,38.38455999971302
Y.MOV,107,Y,True,Y,0.993898630142212,True,Y,True,False,False,False,13.819596000075762,0.0077619999956368,2.302222000025722,21.9790019998527,0.0925700001062068,38.20115200005603
Y.MOV,108,Y,True,Y,0.9931923747062684,True,Y,True,False,False,False,13.85150800001611,0.0074310000854893,2.400146000127279,22.027779999916675,0.0970420001067395,38.38390700025229
Y.MOV,109,Y,True,Y,0.9883715510368348,True,Y,True,False,False,False,13.866665000023204,0.0077820000115025,2.357759999995324,22.042045000034705,0.1089620000129798,38.383214000077714
Y.MOV,110,Y,True,Y,0.9905706644058228,True,Y,True,False,False,False,13.79503999987719,0.0068969998210377,2.3616640000909683,21.983946999853288,0.0992839998161798,38.24683199945866
Y.MOV,111,Y,True,Y,0.9924913048744202,True,Y,True,False,False,False,13.934242000004817,0.0067460000536812,2.9801059999954305,22.0821860000342,0.0961700000061682,39.09945000009429
Y.MOV,112,Y,True,Y,0.994843363761902,True,Y,True,False,False,False,13.935210999989067,0.0065090000589407,1.7427609998321714,21.99041800008672,0.0937769998472504,37.76867599981415
Y.MOV,113,Y,True,Y,0.9973745346069336,True,Y,True,False,False,False,13.998626000102377,0.0068940000801376,1.672952000035366,22.07462299998042,0.0939880001169513,37.84708300031525
Y.MOV,114,Y,True,Y,0.998542547225952,True,Y,True,False,False,False,13.998108000123466,0.006768000048396,2.3746139997911087,21.989871999949173,0.094251000064105,38.46361299997625
Y.MOV,115,Y,True,Y,0.9988607168197632,True,Y,True,False,False,False,13.978492999967784,0.0066659999902185,2.3612410000168893,22.030278000102044,0.1062159999491996,38.482894000026135
Y.MOV,116,Y,True,Y,0.9995280504226683,True,Y,True,False,False,False,14.096195000092848,0.0070400001277448,2.336144000082641,22.02064799985237,0.0972820000697538,38.55730900022536
Y.MOV,117,Y,True,Y,0.9994268417358398,True,Y,True,False,False,False,13.90380699990601,0.0192180000340158,2.408586000001378,22.14746000004197,0.0945479998790688,38.57361899986245
Y.MOV,118,Y,True,Y,0.999414324760437,True,Y,True,False,False,False,14.161840999804554,0.0068649999320768,2.3453379999409663,22.03321700017113,0.0976770002125704,38.6449380000613
Y.MOV,119,Y,True,Y,0.9982219338417052,True,Y,True,False,False,False,13.92014700013533,0.0070700000378565,2.3550760001853632,21.98068699999567,0.0960449999638513,38.35902500031807
Y.MOV,120,Y,True,Y,0.9971280694007874,True,Y,True,False,False,False,13.854155999979412,0.0072099999215424,2.343308000035904,22.028876000149467,0.0927710000269144,38.32632100011324
Y.MOV,121,Y,True,Y,0.9993127584457396,True,Y,True,False,False,False,14.054536000003282,0.0063429999954678,2.365556000086144,22.011299000041618,0.094330999900194,38.53206500002671
Y.MOV,122,Y,True,Y,0.9968459010124208,True,Y,True,False,False,False,13.890008000089438,0.008610999884695,2.4434709998786275,22.04662300005112,0.1070749999598774,38.49578799986375
Y.MOV,123,Y,True,Y,0.9961840510368348,True,Y,True,False,False,False,13.964921000024331,0.0240800000028684,2.3607640000591346,22.037820999912583,0.0931960000798426,38.48078200007876
Y.MOV,124,Y,True,Y,0.9966579675674438,True,Y,True,False,False,False,14.170297000191567,0.0080009999692265,2.474780000056853,22.02190799994241,0.1085740000235091,38.78356000018357
Y.MOV,125,Y,True,Y,0.9974707365036012,True,Y,True,False,False,False,13.963128000114011,0.0074340000537631,2.386560000104509,21.995825999965746,0.1093930000024556,38.462341000240485
Y.MOV,126,Y,True,Y,0.9958196878433228,True,Y,True,False,False,False,13.983479999978954,0.0067450000642566,2.3357929999292537,22.021963000042888,0.1095009999971807,38.45748200001253
Y.MOV,127,Y,True,Y,0.993765950202942,True,Y,True,False,False,False,13.920652000024347,0.0075600000855047,2.2565240001313214,21.96704500011037,0.0928829999793379,38.244664000330886
Y.MOV,128,Y,True,Y,0.9948505759239196,True,Y,True,False,False,False,13.91333200012923,0.007326000059038,2.3558890000003885,22.007989000030648,0.0991329998214496,38.383669000040754
Y.MOV,129,Y,True,Y,0.9975029826164246,True,Y,True,False,False,False,13.89919899997949,0.0067659998421731,2.391307999914716,22.18669699982456,0.1068240001131926,38.59079399967413
Y.MOV,130,Y,True,Y,0.9964794516563416,True,Y,True,False,False,False,13.90233300003274,0.006703000053676,1.8613769998410128,22.69146800017552,0.1008939998428104,38.56277499994576
Y.MOV,131,Y,True,Y,0.9969574213027954,True,Y,True,False,False,False,13.909929999954327,0.0073050000537477,2.4247889998605388,22.031393000133903,0.0940639999953418,38.46748099999786
Y.MOV,132,Y,True,Y,0.9953652620315552,True,Y,True,False,False,False,13.794438000104492,0.006428999995478,2.25692800017896,22.08159900010287,0.1058139998804108,38.24520800026221
Y.MOV,133,Y,True,Y,0.9946824908256532,True,Y,True,False,False,False,13.907900000049269,0.007843999810575,2.573233000020992,22.007518999998865,0.1180360000034852,38.614531999883184
Y.MOV,134,Y,True,Y,0.9959969520568848,True,Y,True,False,False,False,13.855679000016607,0.0069610000537068,2.34373900002538,22.05777199992553,0.110582999923281,38.37473399994451
Y.MOV,135,Y,True,Y,0.9970898628234864,True,Y,True,False,False,False,13.914663999912593,0.0075329999162931,2.455247999932908,22.00214499998765,0.1017449999380915,38.48133499968753
Y.MOV,136,Y,True,Y,0.9979526996612548,True,Y,True,False,False,False,13.961010000002716,0.0086989998635544,2.420406000055664,22.020193000116706,0.1175320001038926,38.52784000014253
Y.MOV,137,Y,True,Y,0.9988991022109984,True,Y,True,False,False,False,13.870375999886164,0.0078129999110387,2.40855099991677,22.06356000010601,0.1036430001022381,38.45394299992222
Y.MOV,138,Y,True,Y,0.9988504648208618,True,Y,True,False,False,False,14.067889000216384,0.0068750000536965,1.7943049999757932,21.998983000003136,0.0938349999159982,37.96188700016501
Y.MOV,139,Y,True,Y,0.9986625909805298,True,Y,True,False,False,False,13.85237799991046,0.0072980001277755,2.627082999879349,22.729459999936807,0.0927529999898979,39.30897199984429
Y.MOV,140,Y,True,Y,0.9966579675674438,True,Y,True,False,False,False,13.887804000205506,0.0067689998104469,2.620794999984355,22.73304400000597,0.112201999854733,39.360613999861016
Y.MOV,141,Y,True,Y,0.9953729510307312,True,Y,True,False,False,False,14.186786999971446,0.0067749999743682,2.6961270000356308,22.718780999866794,0.0955859998157393,39.70405599966398
Y.MOV,142,Y,True,Y,0.9956049919128418,True,Y,True,False,False,False,13.85571799983154,0.0079240001014113,2.723539000044184,22.681583000121464,0.0938609998684114,39.36262499996701
Y.MOV,143,Y,True,Y,0.995680570602417,True,Y,True,False,False,False,14.039890000049128,0.0074439999480091,2.474112999834688,22.04469899993456,0.1174770000034186,38.6836229997698
Y.MOV,144,Y,True,Y,0.9872199296951294,True,Y,True,False,False,False,14.106341000115208,0.0078109999321895,1.8598880001263751,22.205811000048925,0.113759999976537,38.29361100019924
Y.MOV,145,Y,True,Y,0.994998574256897,True,Y,True,False,False,False,14.1813700001876,0.006972000164751,2.374115999828064,21.999876000109,0.1030790001550485,38.66541300044446
Y.MOV,146,Y,True,Y,0.9975553154945374,True,Y,True,False,False,False,13.896988999931636,0.0067109999690728,2.36562299983234,21.954284999992524,0.0896300000476912,38.313237999773264
Y.MOV,147,Y,True,Y,0.9979520440101624,True,Y,True,False,False,False,13.709936000168454,0.0066350000906822,2.32061699989572,22.02336799996374,0.100293000059537,38.16084900017813
Y.MOV,148,Y,True,Y,0.997859537601471,True,Y,True,False,False,False,13.757076000047164,0.0075929999638901,2.41052999990643,22.0319439999912,0.0916530000267812,38.29879599993546
Y.MOV,149,Y,True,Y,0.9984846711158752,True,Y,True,False,False,False,13.854401999878974,0.006335000080071,2.189661000102205,22.03204900001765,0.0954199999796401,38.17786700005854
Y.MOV,150,Y,True,Y,0.9986500144004822,True,Y,True,False,False,False,13.789514999871244,0.0072289999479835,2.6158299999679,22.644147999926645,0.091999999995096,39.14872199970887
Z.MOV,0,Z,True,I,0.5731393098831177,False,I,False,False,False,True,14.10744899999372,0.0089279999428981,2.58782999981122,22.122488999912093,0.1253090001682721,38.952004999828205
Z.MOV,1,Z,True,Z,0.8491561412811279,True,Z,True,False,False,False,14.157601000079012,0.0082359999851178,2.4184609999338136,22.00063899999805,0.0945430001593194,38.67948000015531
Z.MOV,2,Z,True,Z,0.8473185896873474,True,Z,True,False,False,False,14.089930999944045,0.0097750000804808,2.610277000030692,22.14042099990365,0.1177070000721869,38.96811100003106
Z.MOV,3,Z,True,Z,0.9977220892906188,True,Z,True,False,False,False,13.857837999921683,0.0103659999695082,2.553321000050346,22.13520200007224,0.1075380000656878,38.66426500007947
Z.MOV,4,Z,True,Z,0.9982377290725708,True,Z,True,False,False,False,13.910293999970236,0.0080419999903824,2.4867529998573445,22.021052000127384,0.1166849999663099,38.542825999911656
Z.MOV,5,Z,True,Z,0.9974340796470642,True,Z,True,False,False,False,13.907767000091551,0.0069769998845004,2.586967999832268,22.03199699988545,0.0966350000908278,38.6303439997846
Z.MOV,6,Z,True,Z,0.9979344606399536,True,Z,True,False,False,False,14.11707700003717,0.0074029999268532,2.425713999855361,22.032926000065345,0.1191320000089035,38.70225199989363
Z.MOV,7,Z,True,Z,0.9993553757667542,True,Z,True,False,False,False,13.917632000129744,0.0411680000524938,2.5622840000778524,23.19513700012976,0.108242000123937,39.82446300051379
Z.MOV,8,Z,True,Z,0.9979828596115112,True,Z,True,False,False,False,13.89081399997849,0.0073390001489315,2.421936000018832,22.0807910000076,0.1496970000971487,38.550577000251
Z.MOV,9,Z,True,Z,0.9948464632034302,True,Z,True,False,False,False,13.898233999952936,0.0085100000433158,2.4116199999753007,22.03446099997564,0.0938089999635849,38.44663399991077
Z.MOV,10,Z,True,Z,0.9925557971000672,True,Z,True,False,False,False,13.905928999975004,0.0076999999691906,2.3126810001485865,22.038894000161235,0.1135279999289196,38.378732000182936
Z.MOV,11,Z,True,Z,0.9953965544700624,True,Z,True,False,False,False,13.941896000005729,0.0070480000431416,2.3198460000912746,22.01799700014817,0.0929120001273986,38.37969900041571
Z.MOV,12,Z,True,Z,0.9957039952278136,True,Z,True,False,False,False,13.8647819999278,0.0062850001540937,2.3340549998920324,21.99108900003921,0.0892129999101598,38.285423999923296
Z.MOV,13,Z,True,Z,0.9955615997314452,True,Z,True,False,False,False,13.865220000070622,0.0083400000221445,1.7200879999563767,22.55569500016464,0.0936530000217317,38.24299600023551
Z.MOV,14,Z,True,Z,0.9932934045791626,True,Z,True,False,False,False,13.894833999984256,0.0077080001119611,2.419674000066152,22.011931999941226,0.0900310001270554,38.42417900023065
Z.MOV,15,Z,True,Z,0.995153546333313,True,Z,True,False,False,False,13.875333999976649,0.0070700000378565,2.358473999947819,22.00818200003596,0.0948659999266965,38.34392599992498
Z.MOV,16,Z,True,Z,0.9870591163635254,True,Z,True,False,False,False,13.939815999947314,0.0074580000273272,2.4415619998308102,22.03222699995422,0.0958410000748699,38.51690399983454
Z.MOV,17,Z,True,Z,0.9960014224052428,True,Z,True,False,False,False,13.842245999967416,0.0074390000008861,2.4656089999552933,22.062544000164053,0.1281209999888233,38.50595900007647
Z.MOV,18,Z,True,Z,0.9968276619911194,True,Z,True,False,False,False,14.332164999814268,0.0078209998264355,2.333459999817933,21.985394000012093,0.0928080000903719,38.7516479995611
Z.MOV,19,Z,True,Z,0.991686761379242,True,Z,True,False,False,False,13.97994900003141,0.0081809998846438,2.371802000197931,22.006260999887672,0.1068829999439913,38.47307599994565
Z.MOV,20,Z,True,Z,0.9945874214172364,True,Z,True,False,False,False,13.97100600001977,0.0083069999163853,1.7908939998960705,22.00633300003573,0.0959569999849918,37.87249699985296
Z.MOV,21,Z,True,Z,0.9949989318847656,True,Z,True,False,False,False,14.023938000036653,0.0078139999004633,1.7407299999376846,22.10586000001058,0.123113999961788,38.00145599984717
Z.MOV,22,Z,True,Z,0.9670713543891908,True,Z,True,False,False,False,13.892644999941696,0.0076859998898726,2.546717000086573,23.324268000124,0.1010119999591552,39.87232800000129
Z.MOV,23,Z,True,Z,0.9341199398040771,True,Z,True,False,False,False,13.955150999890977,0.0069059999532328,2.3909610001737747,21.984289000101853,0.0994300000911607,38.436737000211
Z.MOV,24,Z,True,Z,0.9226992726325988,True,Z,True,False,False,False,13.900143000000751,0.0066899999637826,2.2882759999447444,21.990780000123777,0.1014869999380607,38.28737599997112
Z.MOV,25,Z,True,Z,0.9171976447105408,True,Z,True,False,False,False,13.927644999967017,0.0069909999638184,2.3227690001021983,22.016195999867705,0.0942330000270885,38.36783399992783
Z.MOV,26,Z,True,Z,0.7118598222732544,True,Z,True,False,False,False,13.98243700009516,0.0072279999585589,2.435378999962268,22.05175600010989,0.0981979999323812,38.57499800005826
Z.MOV,27,Z,True,Z,0.5174264311790466,True,Z,True,False,False,False,14.538622000145551,0.0087020000592019,2.447529999926701,22.667449999971723,0.0950150001699512,39.75731900027313
Z.MOV,28,Z,True,I,0.7479796409606934,False,I,False,False,False,True,13.983610999957818,0.0078080001912894,2.384999000014432,22.02379400000609,0.1309530000526138,38.531165000222245
Z.MOV,29,Z,True,I,0.8771750926971436,False,I,False,False,False,True,13.95301799993831,0.0086340000962081,2.3551050001060503,22.067871999979616,0.128532999951858,38.51316200007204
Z.MOV,30,Z,True,I,0.8461405038833618,False,I,False,False,False,True,14.10706100000425,0.0075139998898521,2.317167000001064,22.01557700004741,0.1039230000969837,38.551242000039565
Z.MOV,31,Z,True,I,0.8365963697433472,False,I,False,False,False,True,13.951031000033254,0.0080029999480757,2.3196900001494214,22.003901000061887,0.1167990001249563,38.3994240003176
Z.MOV,32,Z,True,I,0.8630397915840149,False,I,False,False,False,True,13.976146999993944,0.0070240000695775,2.401548000079856,22.029435999911584,0.0972509999428439,38.511405999997805
Z.MOV,33,Z,True,I,0.9263465404510498,False,I,False,False,False,True,13.930221000009624,0.0078599998687423,2.443392000031963,22.03293700017639,0.0930520000110846,38.5074620000978
Z.MOV,34,Z,True,I,0.9378392100334167,False,I,False,False,False,True,14.098870999987412,0.0064919997839751,2.418396999928518,22.05104799986657,0.0906109999050386,38.66541899947151
Z.MOV,35,Z,True,I,0.8873187899589539,False,I,False,False,False,True,13.877573999934611,0.0084570001490646,2.4743989999933547,22.01693899996826,0.0946980001117481,38.47206700015704
Z.MOV,36,Z,True,I,0.8870905041694641,False,I,False,False,False,True,13.972783999861347,0.007675000006202,2.4927639999532403,21.980386999985058,0.0937840000005962,38.547393999806445
Z.MOV,37,Z,True,I,0.7845808267593384,False,I,False,False,False,True,13.975100000152452,0.0077899999268993,2.335595999966245,22.004527000035523,0.0926590000744909,38.41567200015561
Z.MOV,38,Z,True,Z,0.726759135723114,True,Z,True,False,False,False,13.872724000066228,0.0074340000537631,2.429987000141409,22.06414600004792,0.1001139999061706,38.47440500021549
Z.MOV,39,Z,True,Z,0.8843497037887573,True,Z,True,False,False,False,13.874538999971264,0.0163619999966613,2.4108249999699183,22.03648999989128,0.1079010000921698,38.44611699992129
Z.MOV,40,Z,True,Z,0.9066780805587769,True,Z,True,False,False,False,13.95643400019253,0.0069099999109312,2.36350099999072,22.00327000014113,0.0932850000481266,38.42340000028344
Z.MOV,41,Z,True,Z,0.9475284814834596,True,Z,True,False,False,False,14.0464940000129,0.0070109999796841,2.43002100000922,22.04981099998804,0.093791999915993,38.62712899990584
Z.MOV,42,Z,True,Z,0.9620425701141356,True,Z,True,False,False,False,14.090951000071072,0.0066160000642412,2.290790999950332,22.11332399997445,0.0999380001758254,38.601620000235926
Z.MOV,43,Z,True,Z,0.9464444518089294,True,Z,True,False,False,False,13.89634399993156,0.0091909998900518,2.562742000009166,22.03298399990672,0.0923769998735224,38.59363799961102
Z.MOV,44,Z,True,Z,0.9945712685585022,True,Z,True,False,False,False,13.936019000084343,0.0077820000115025,2.360748999990392,22.02978700006497,0.0913509998099471,38.42568799996116
Z.MOV,45,Z,True,Z,0.997028648853302,True,Z,True,False,False,False,13.942650000217329,0.007511000148952,2.6307900000119844,22.05639199996768,0.1152159998127899,38.752559000158726
Z.MOV,46,Z,True,Z,0.9981468915939332,True,Z,True,False,False,False,13.880727000014303,0.0086360000750573,2.9158690001622745,22.058317999835708,0.0982920000751619,38.961842000162505
Z.MOV,47,Z,True,Z,0.9907084703445436,True,Z,True,False,False,False,13.874597000040012,0.0089530001332605,2.4756549998983246,22.0631960000901,0.0929789998735941,38.51538000003529
Z.MOV,48,Z,True,Z,0.987593948841095,True,Z,True,False,False,False,13.8370390000091,0.0077110000802349,2.439709999862316,22.080308999875346,0.1204590000725147,38.48522799989951
Z.MOV,49,Z,True,Z,0.9887521862983704,True,Z,True,False,False,False,13.992484000027616,0.0064540001858404,2.3168540001279325,22.009257000036087,0.1094350000130361,38.43448400039051
Z.MOV,50,Z,True,Z,0.9756473302841188,True,Z,True,False,False,False,13.888463000057529,0.0073399999109824,2.4140330001500843,22.01509799988344,0.1228430000992375,38.44777700010127
Z.MOV,51,Z,True,Z,0.9701598286628724,True,Z,True,False,False,False,13.96690599995054,0.0073050000537477,2.521163999972486,22.065434000069217,0.11572299990803,38.67653199995402
Z.MOV,52,Z,True,Z,0.9839982986450196,True,Z,True,False,False,False,13.970875000040904,0.0071150000167108,2.384221999818692,22.04667899991364,0.0941579999107489,38.503048999700695
Z.MOV,53,Z,True,Z,0.9846580028533936,True,Z,True,False,False,False,13.892857999962873,0.00881500000105,2.36217199994826,22.013734999973167,0.1061079999544745,38.38368799983982
Z.MOV,54,Z,True,Z,0.9972118735313416,True,Z,True,False,False,False,13.912799000081575,0.0078160001066862,2.464698000039789,22.070028999905844,0.1063380000232427,38.56168000015714
Z.MOV,55,Z,True,Z,0.9978477954864502,True,Z,True,False,False,False,14.010335999955714,0.0076860001172462,2.3209529999803635,22.105188000068665,0.0894990000688267,38.533662000190816
Z.MOV,56,Z,True,Z,0.9958540201187134,True,Z,True,False,False,False,14.08438099997511,0.0076630001331068,2.4927199999638106,22.075784999969983,0.0909080001747497,38.75145700021676
Z.MOV,57,Z,True,Z,0.993847906589508,True,Z,True,False,False,False,14.142619000040211,0.0074950000907847,2.3744140000871994,21.999492000077225,0.1118870000027527,38.635907000298175
Z.MOV,58,Z,True,Z,0.9756027460098268,True,Z,True,False,False,False,13.878760999887165,0.0071759998263587,2.438949999941542,21.99184799997056,0.0901549999525741,38.4068899995782
Z.MOV,59,Z,True,Z,0.9845706820487976,True,Z,True,False,False,False,14.191185000072435,0.0079900000855559,2.531192000105875,22.039944999960426,0.105507999933252,38.875820000157546
Z.MOV,60,Z,True,Z,0.9831493496894836,True,Z,True,False,False,False,13.857582000127875,0.0075940001806884,2.4487230000431737,22.02093699997932,0.094638999826202,38.42947500015725
Z.MOV,61,Z,True,Z,0.9857036471366882,True,Z,True,False,False,False,13.851873000021442,0.0075939999533147,2.553282000008039,22.15617700016992,0.1074960000551072,38.67642200020782
Z.MOV,62,Z,True,Z,0.9192819595336914,True,Z,True,False,False,False,13.884146000009425,0.0078530001701437,2.542172999937975,22.075538000081,0.0931539998418884,38.60286400004043
Z.MOV,63,Z,True,Z,0.9631731510162354,True,Z,True,False,False,False,13.930332999962047,0.0065820001964311,2.3343790001035813,21.99991100019361,0.0936989999900106,38.36490400044568
Z.MOV,64,Z,True,Z,0.8536131381988525,True,Z,True,False,False,False,13.8870109999516,0.007559999858131,2.39494399988871,21.968578000041816,0.0976500000433588,38.355742999783615
Z.MOV,65,Z,True,Z,0.8206857442855835,True,Z,True,False,False,False,13.946278000048553,0.0074649999532994,2.307876000031684,22.0170729999154,0.106503000097291,38.385195000046224
Z.MOV,66,Z,True,Z,0.8804186582565308,True,Z,True,False,False,False,13.90428900003826,0.0066459999743528,2.3335779999342776,21.998666000172307,0.0995799998690927,38.34275899998829
Z.MOV,67,Z,True,Z,0.9299125075340272,True,Z,True,False,False,False,13.829557000008208,0.0068419999479374,2.3785449998285912,22.04745899985028,0.0944840001011471,38.35688699973616
Z.MOV,68,Z,True,Z,0.9785167574882508,True,Z,True,False,False,False,13.927186000046277,0.0082149999798275,2.3694909998539515,22.02369999986331,0.1431410000805044,38.47173299982387
Z.MOV,69,Z,True,Z,0.9860742092132568,True,Z,True,False,False,False,14.064893000067968,0.0079040000855457,2.553197999986878,22.10220799997842,0.1156159999027295,38.84381900002154
Z.MOV,70,Z,True,Z,0.9897522926330566,True,Z,True,False,False,False,13.955610999801138,0.0077879999480501,2.359135000006063,22.13715099992441,0.1044089999595598,38.564093999639226
Z.MOV,71,Z,True,Z,0.9954073429107666,True,Z,True,False,False,False,13.85626899991621,0.0102999999853636,1.9170959999428303,22.117893999848093,0.0939270000799297,37.99548599977243
Z.MOV,72,Z,True,Z,0.9988346695899964,True,Z,True,False,False,False,14.024756000026173,0.0079249998634622,1.7738540000209468,22.049975000072664,0.0983150000593013,37.95482500004255
Z.MOV,73,Z,True,Z,0.9988607168197632,True,Z,True,False,False,False,13.99176199993235,0.0086909999481576,1.69259799986321,22.011860000020533,0.0991529998373152,37.80406399960157
Z.MOV,74,Z,True,Z,0.9987249970436096,True,Z,True,False,False,False,14.156660000026022,0.0079100000220933,2.6990010001100018,22.967388999859395,0.0926489999528712,39.923608999970384
Z.MOV,75,Z,True,Z,0.9984966516494752,True,Z,True,False,False,False,13.891308999973262,0.0071590000061405,2.3762230000556883,22.008816999914416,0.1135520001298573,38.39706000007936
Z.MOV,76,Z,True,Z,0.9975428581237792,True,Z,True,False,False,False,13.766581000027143,0.0073429998792562,2.9996749999554595,22.02740400002768,0.1053769999543874,38.90637999984392
Z.MOV,77,Z,True,Z,0.9981265664100648,True,Z,True,False,False,False,13.87756500002979,0.0080600000273989,2.376548000029288,22.01125200008392,0.091251999947417,38.36467700011781
Z.MOV,78,Z,True,Z,0.997314989566803,True,Z,True,False,False,False,13.832899999897563,0.0083549998635135,2.456449000192152,22.093881000046167,0.101149000101941,38.492734000101336
Z.MOV,79,Z,True,Z,0.9975394010543824,True,Z,True,False,False,False,13.942989000042871,0.0080540000908513,2.4071329999060254,22.008736000088906,0.1144279999607533,38.4813400000894
Z.MOV,80,Z,True,Z,0.9974684715270996,True,Z,True,False,False,False,13.946868999937578,0.0075319999268685,2.441085000100429,22.026453999842488,0.0914790000479115,38.51341899985528
Z.MOV,81,Z,True,Z,0.9974457025527954,True,Z,True,False,False,False,13.922200000024532,0.0080790000538399,2.4772330000359943,22.065350000048056,0.0906899999790766,38.5635520001415
Z.MOV,82,Z,True,Z,0.9961347579956056,True,Z,True,False,False,False,13.914937000208738,0.0073380001595069,2.637946999811902,22.10900399995808,0.1194349999877886,38.78866100012601
Z.MOV,83,Z,True,Z,0.9978356957435608,True,Z,True,False,False,False,14.056670999934797,0.0073220001013396,2.385305999951015,22.057471999914924,0.1086639999812177,38.61543499988329
Z.MOV,84,Z,True,Z,0.998099148273468,True,Z,True,False,False,False,14.094757000066238,0.0079530000220984,2.411346999906528,22.047311000051195,0.0958319999426748,38.657199999988734
Z.MOV,85,Z,True,Z,0.9987719655036926,True,Z,True,False,False,False,13.98168200012151,0.0067019998368778,2.350540999941586,22.03909299987572,0.1030109999646811,38.48102899974037
Z.MOV,86,Z,True,Z,0.9982569813728333,True,Z,True,False,False,False,13.881216000072529,0.0066560000959725,2.513776999876427,22.042794000071808,0.1045500000600441,38.54899300017678
Z.MOV,87,Z,True,Z,0.9978641867637634,True,Z,True,False,False,False,13.85925599993243,0.0082159999692521,2.3159590000432217,22.0351870000286,0.105447999885655,38.32406599985916
Z.MOV,88,Z,True,Z,0.9776334166526794,True,Z,True,False,False,False,14.050488999828303,0.007047000053717,2.356936000069254,22.04089700012446,0.0985510000646172,38.55392000014035
Z.MOV,89,Z,True,Z,0.9732269644737244,True,Z,True,False,False,False,13.850206000142862,0.0100139998266968,2.660721999973248,22.14979699988362,0.0988879999113123,38.76962699973774
Z.MOV,90,Z,True,Z,0.948336899280548,True,Z,True,False,False,False,13.911231000065529,0.0069799998527741,2.3065620000579656,22.060771000042223,0.1248230000783223,38.41036700009681
Z.MOV,91,Z,True,Z,0.9524161219596864,True,Z,True,False,False,False,13.993320000054156,0.0066500001594249,1.7693869999675371,22.49592699990899,0.0892320001639745,38.35451600025408
Z.MOV,92,Z,True,Z,0.6597273349761963,True,Z,True,False,False,False,13.89658000016425,0.0069640000219806,2.3161330000220914,21.991329000002224,0.1386209999054699,38.349627000116016
Z.MOV,93,Z,True,Z,0.5922218561172485,True,Z,True,False,False,False,13.843378000046869,0.0070220000907283,2.33234999996057,22.011466000094515,0.0966040001912915,38.29082000038397
Z.MOV,94,Z,True,I,0.6961767077445984,False,I,False,False,False,True,13.814517999890086,0.007660000164833,2.386001999866494,22.06927599991104,0.0978000000486645,38.37525599988112
Z.MOV,95,Z,True,I,0.6464636325836182,False,I,False,False,False,True,13.862502999927528,0.0074160000167466,2.3449400000572496,21.99466900015068,0.0924369999211194,38.30196500007333
Z.MOV,96,Z,True,I,0.6517891883850098,False,I,False,False,False,True,13.901831000111995,0.0066279999373364,2.354865999905087,21.98421000002781,0.0996310000118683,38.3471659999941
Z.MOV,97,Z,True,I,0.510323703289032,False,I,False,False,False,True,14.001891999896545,0.0078800001119816,2.3659230000703246,22.012639999957173,0.0951140000324812,38.4834490000685
Z.MOV,98,Z,True,Z,0.7005265355110168,True,Z,True,False,False,False,13.947271000006369,0.0073049998263741,2.35864399996899,22.00451300018358,0.1042349999806901,38.421967999966
Z.MOV,99,Z,True,Z,0.9543039202690125,True,Z,True,False,False,False,13.837261999924522,0.0074889999268634,2.3279309998542885,22.04547199994522,0.1058240000020305,38.323977999652925
Z.MOV,100,Z,True,Z,0.980089783668518,True,Z,True,False,False,False,14.17036700013341,0.0075189998369751,2.384645999882196,22.05519299991465,0.104670999917289,38.72239599968452
Z.MOV,101,Z,True,Z,0.9863587021827698,True,Z,True,False,False,False,14.069601999835868,0.0065530000483704,2.3647689999961585,22.084776999918176,0.0948150000112946,38.62051599980987
Z.MOV,102,Z,True,Z,0.9982649683952332,True,Z,True,False,False,False,13.864147000049345,0.0067949999902339,2.308286000015869,22.063085000127103,0.089957999989565,38.33227100017211
Z.MOV,103,Z,True,Z,0.9973132014274596,True,Z,True,False,False,False,13.838014000157273,0.0072129998898162,2.3695980000866257,22.01677900006871,0.0934470001539011,38.325051000356325
Z.MOV,104,Z,True,Z,0.9983162879943848,True,Z,True,False,False,False,14.053605000071911,0.0071899999056768,2.4488359999850218,22.05084199999873,0.0999660001070879,38.66043900006844
Z.MOV,105,Z,True,Z,0.9973616003990172,True,Z,True,False,False,False,13.921105000008538,0.007759000027363,2.3804420000033133,22.0277809999061,0.0986159998319635,38.43570299977728
Z.MOV,106,Z,True,Z,0.9976165294647216,True,Z,True,False,False,False,13.841986999977962,0.0079800001913099,2.4762200000623125,22.02064999983122,0.0925270001062017,38.43936400016901
Z.MOV,107,Z,True,Z,0.997995138168335,True,Z,True,False,False,False,13.946899999837116,0.0061949999690114,2.259315000173956,21.991704999891223,0.0935369998842361,38.29765199975554
Z.MOV,108,Z,True,Z,0.997755229473114,True,Z,True,False,False,False,13.776626000208124,0.0066109998897445,2.3890590000519296,22.036752000076376,0.1102080000237037,38.31925600024988
Z.MOV,109,Z,True,Z,0.9977224469184875,True,Z,True,False,False,False,13.827826999886383,0.0077859999692009,2.483395999888671,22.05406899997797,0.1056690000496018,38.47874699977183
Z.MOV,110,Z,True,Z,0.9982888102531432,True,Z,True,False,False,False,13.770460999921852,0.0071690001277602,2.411994999874878,22.000810999998063,0.0941470000270783,38.28458299994964
Z.MOV,111,Z,True,Z,0.998331606388092,True,Z,True,False,False,False,13.855208999984823,0.0071380000008502,2.3982790000900422,22.059412999851705,0.1154900000983616,38.43552900002578
Z.MOV,112,Z,True,Z,0.9986880421638488,True,Z,True,False,False,False,13.875004000055924,0.0080150000485446,2.5687810000363243,22.03501899998628,0.1058739999280078,38.59269300005508
Z.MOV,113,Z,True,Z,0.998339295387268,True,Z,True,False,False,False,13.873560000092766,0.0081190000855713,2.509369000108564,22.075116999985767,0.1267590000679774,38.592924000340645
Z.MOV,114,Z,True,Z,0.9984278678894044,True,Z,True,False,False,False,14.018643999861524,0.0070090000008349,2.433727999914481,22.13778899999852,0.1064999999016436,38.70366999967701
Z.MOV,115,Z,True,Z,0.9984664916992188,True,Z,True,False,False,False,13.88921000011578,0.0066780000906874,2.356641000005766,22.036069000023417,0.1063170000179525,38.3949150002536
Z.MOV,116,Z,True,Z,0.9980328679084778,True,Z,True,False,False,False,13.956553000070926,0.0067870000748371,2.407946999937849,22.03951399997095,0.0985709998531092,38.50937199990767
Z.MOV,117,Z,True,Z,0.963135302066803,True,Z,True,False,False,False,13.889921000100005,0.0077810000220779,2.43553699988297,22.005248000141364,0.1068980000127339,38.44538500015915
Z.MOV,118,Z,True,Z,0.9765869975090028,True,Z,True,False,False,False,13.915446000055454,0.006866999910926,2.477459000147064,22.01380400015296,0.0978260000010777,38.51140200026748
Z.MOV,119,Z,True,Z,0.9326087832450868,True,Z,True,False,False,False,13.905212000054236,0.0076549999903363,2.327522000086901,22.014051000041945,0.1041780001287406,38.35861800030216
Z.MOV,120,Z,True,Z,0.5718478560447693,True,Z,True,False,False,False,13.88304299985066,0.0071990000378718,2.436604999957126,22.036806000187426,0.0947959999848535,38.458449000017936
Z.MOV,121,Z,True,I,0.7682666182518005,False,I,False,False,False,True,14.036699999905975,0.0084210000750317,2.4229369998920447,22.034111000039047,0.0963960001172381,38.59856500002934
Z.MOV,122,Z,True,I,0.8110624551773071,False,I,False,False,False,True,13.925787000061971,0.0092590000804193,2.559750000045824,22.09693899999365,0.0963099998898542,38.688045000071725
Z.MOV,123,Z,True,I,0.8232235312461853,False,I,False,False,False,True,13.8993919999848,0.0073680000696185,2.5650950001363526,22.00832700009414,0.1029459999699611,38.58312800025488
Z.MOV,124,Z,True,I,0.8297141790390015,False,I,False,False,False,True,13.962146999801917,0.0076280000484985,2.411166000001685,22.14262300003611,0.132025000084468,38.65558899997268
Z.MOV,125,Z,True,I,0.7790204882621765,False,I,False,False,False,True,13.970819999940431,0.0074770000537682,2.386597999930018,22.03568200002337,0.1073440000709524,38.50792100001854
Z.MOV,126,Z,True,Z,0.5463517904281616,True,Z,True,False,False,False,13.81232599987925,0.0074539998422551,2.43907300000501,22.05634100005227,0.0939189999371592,38.40911299971594
Z.MOV,127,Z,True,Z,0.8927034735679626,True,Z,True,False,False,False,13.91490400010298,0.0062300000536197,2.3550019998310745,22.01940200006902,0.1036709998061269,38.39920899986282
Z.MOV,128,Z,True,Z,0.9495192766189576,True,Z,True,False,False,False,13.876973999913387,0.0064560001646896,2.7229150000493973,22.00145900019379,0.0924139999369799,38.700218000258246
Z.MOV,129,Z,True,Z,0.9601007699966432,True,Z,True,False,False,False,13.855173999900217,0.0083190000168542,2.421521000087523,22.68894000008004,0.0942440001381328,39.068198000222765
Z.MOV,130,Z,True,Z,0.9975932240486144,True,Z,True,False,False,False,13.94824800013339,0.0084579999111156,2.43124599978728,22.067506999974285,0.1103869999496964,38.565845999755766
Z.MOV,131,Z,True,Z,0.9932763576507568,True,Z,True,False,False,False,14.0568730000723,0.0078319999374798,2.483186999825193,22.06360900004256,0.1170749999346298,38.728575999812165
Z.MOV,132,Z,True,Z,0.9955986738204956,True,Z,True,False,False,False,13.90825099997528,0.0086130000909179,2.404046000037852,22.03715099994952,0.0938770001539524,38.45193800020752
Z.MOV,133,Z,True,Z,0.9980137348175048,True,Z,True,False,False,False,13.914978999991945,0.0086880002072575,2.4207750000186934,22.064967999995133,0.1040580000335467,38.513468000246576
Z.MOV,134,Z,True,Z,0.9986114501953124,True,Z,True,False,False,False,14.066171999957078,0.0084440000591712,2.43816300007893,22.044353999945088,0.0969590000750031,38.65409200011527
Z.MOV,135,Z,True,Z,0.9991145730018616,True,Z,True,False,False,False,14.04060900017612,0.0064470000324945,2.369832999875144,21.99461200007136,0.0949329999002657,38.50643400005538
Z.MOV,136,Z,True,Z,0.99870502948761,True,Z,True,False,False,False,13.953360999948927,0.00791799993749,2.417440000044735,22.00112200011972,0.1124520001667406,38.492293000217614
Z.MOV,137,Z,True,Z,0.9985843896865844,True,Z,True,False,False,False,13.9053950001653,0.0077550000696646,2.3364690000562405,22.015882999994574,0.1038039999912143,38.36930600027699
Z.MOV,138,Z,True,Z,0.9984005093574524,True,Z,True,False,False,False,13.838210999892908,0.0086620000274706,2.5239369999781047,22.11999799988007,0.1242199998614523,38.615027999640006
Z.MOV,139,Z,True,Z,0.9983626008033752,True,Z,True,False,False,False,13.999493999790502,0.0083610000274347,2.427582000109396,22.06389200000558,0.0971009999375382,38.59642999987045
Z.MOV,140,Z,True,Z,0.9986201524734496,True,Z,True,False,False,False,13.81637800000135,0.0081430000591353,2.4170600001980347,22.04899100001967,0.0965049998740141,38.3870770001522
Z.MOV,141,Z,True,Z,0.9991335272789,True,Z,True,False,False,False,13.889466999899014,0.006558999984918,2.3598989998845354,22.089180999955715,0.1102060000448545,38.45531199976904
Z.MOV,142,Z,True,Z,0.9986489415168762,True,Z,True,False,False,False,13.885723000157668,0.0080019999586511,2.4511649999112706,22.084623000182543,0.1806669999950827,38.61018000020522
Z.MOV,143,Z,True,Z,0.997529923915863,True,Z,True,False,False,False,13.981440999941697,0.0119599999379715,3.422464999857766,23.93271099981576,0.1012059999538905,41.44978299950708
Z.MOV,144,Z,True,Z,0.9981502294540404,True,Z,True,False,False,False,13.98834600013288,0.0080349998370365,2.495562999911272,21.98260099999061,0.1093480000236013,38.5838929998954
Z.MOV,145,Z,True,Z,0.9951021671295166,True,Z,True,False,False,False,13.79827200003092,0.0068459999056358,2.5138959999821964,22.017712000206306,0.0956819999373692,38.43240800006242
Z.MOV,146,Z,True,Z,0.9731746912002563,True,Z,True,False,False,False,13.858230000096228,0.0069549998897855,2.4129260000336217,22.04901499999324,0.0996129999748518,38.42673899998772
Z.MOV,147,Z,True,Z,0.9798451066017152,True,Z,True,False,False,False,13.683717000049,0.0071560000378667,2.3461389998828963,21.98756699999649,0.0908270001218625,38.11540600008812
Z.MOV,148,Z,True,Z,0.8345698714256287,True,Z,True,False,False,False,13.712231999988944,0.006592999852728,2.3298660000818927,21.96530600008373,0.0894000002062966,38.10339700021359
Z.MOV,149,Z,True,I,0.5052762031555176,False,I,False,False,False,True,13.827437000145435,0.0060579998262255,2.2294049999800336,21.963722999998936,0.1155170000401994,38.14213999999083
Z.MOV,150,Z,True,I,0.7155597805976868,False,I,False,False,False,True,13.746030999982397,0.0069000000166852,2.327842999875429,22.00710900001468,0.0911800000267248,38.17906299991592
Z.MOV,151,Z,True,I,0.6757000088691711,False,I,False,False,False,True,13.75026099981369,0.0066350000906822,2.254502999903707,21.95603100017252,0.101029000006747,38.06845899998734
delete.MOV,0,delete,True,delete,0.9965794682502748,True,delete,True,False,False,False,14.146017000030042,0.009368000064569,2.474798999855921,22.109529999852384,0.1003260001652961,38.84003999996821
delete.MOV,1,delete,True,delete,0.9909207820892334,True,delete,True,False,False,False,14.0009030001238,0.009000000090964,2.433165999946141,22.079573000155506,0.0936960000217368,38.61633800033815
delete.MOV,2,delete,True,delete,0.989947497844696,True,delete,True,False,False,False,13.905787000112468,0.0090720000116562,1.7526520000501478,22.03867899993384,0.1075799998488946,37.813769999957
delete.MOV,3,delete,True,delete,0.9687485694885254,True,delete,True,False,False,False,13.882500000136131,0.0076200001331017,1.6830380000101286,22.00929200012069,0.0975929999640357,37.680043000364094
delete.MOV,4,delete,True,delete,0.9658266305923462,True,delete,True,False,False,False,14.028583000026629,0.0076829999215988,1.8614410000736823,22.014269000010245,0.105740999970294,38.01771700000245
delete.MOV,5,delete,True,delete,0.965613067150116,True,delete,True,False,False,False,13.906840999879932,0.0076769999850512,1.68583699996816,22.006632000056925,0.124044999893158,37.73103199978323
delete.MOV,6,delete,True,delete,0.9589824676513672,True,delete,True,False,False,False,13.851127000179986,0.0079519998053001,2.011920999848371,22.325126999930944,0.09610399979465,38.29223099955925
delete.MOV,7,delete,True,delete,0.9439914226531982,True,delete,True,False,False,False,13.99930200000199,0.0066949999109056,2.297365999993417,22.01195399993594,0.0965400001859961,38.41185700002825
delete.MOV,8,delete,True,delete,0.9327564239501952,True,delete,True,False,False,False,13.858153999990463,0.0091679999059124,2.707000000100379,22.0600770001056,0.0922890001220366,38.72668800022439
delete.MOV,9,delete,True,delete,0.8953663110733032,True,delete,True,False,False,False,13.878744000066945,0.0081230000432697,2.5525029998334503,22.07110300014392,0.101433000054385,38.61190600014197
delete.MOV,10,delete,True,delete,0.9534485340118408,True,delete,True,False,False,False,13.884505000078208,0.0072939999427035,2.38462599986633,22.038557999849218,0.1077599999916856,38.42274299972814
delete.MOV,11,delete,True,delete,0.9352840185165404,True,delete,True,False,False,False,13.954135999938444,0.0199840001187112,2.3500130000684294,21.99183300012919,0.0962409999374358,38.41220700019221
delete.MOV,12,delete,True,delete,0.974831223487854,True,delete,True,False,False,False,13.990311999805272,0.0064060000113386,2.356888000122126,22.00574599987704,0.1108910000766627,38.470242999892434
delete.MOV,13,delete,True,delete,0.9923604130744934,True,delete,True,False,False,False,13.900571000021955,0.0069279999479476,2.2988360001363617,22.04748299982384,0.0965329998052766,38.35035099973538
delete.MOV,14,delete,True,delete,0.9558749794960022,True,delete,True,False,False,False,13.846514000078969,0.0073060000431723,2.3613750001914013,22.06448400011141,0.1635120001992618,38.44319100062421
delete.MOV,15,delete,True,delete,0.953490138053894,True,delete,True,False,False,False,13.824454000086916,0.0077600000167876,2.3446569998668565,22.05263100017873,0.0908220001747395,38.32032400032404
delete.MOV,16,delete,True,delete,0.9307073950767516,True,delete,True,False,False,False,13.93341700008932,0.0072269999691343,2.362317000006442,22.03542400002334,0.1044319999436993,38.44281700003194
delete.MOV,17,delete,True,delete,0.9528326392173768,True,delete,True,False,False,False,13.90988399998605,0.0079939998158806,2.327620999949432,22.0576340000207,0.0920770000902848,38.395209999862345
delete.MOV,18,delete,True,delete,0.9466506838798524,True,delete,True,False,False,False,13.921217999950386,0.0082589999692572,2.4017640000693063,22.04166499996063,0.0948100000641716,38.46771600001375
delete.MOV,19,delete,True,delete,0.9344672560691832,True,delete,True,False,False,False,14.085243999943486,0.0072580000960442,2.3114929999792366,22.015158000158408,0.1016730000173993,38.520826000194575
delete.MOV,20,delete,True,delete,0.8895236849784851,True,delete,True,False,False,False,14.04069199998048,0.0072829998316592,2.3702500000126747,21.979985999905693,0.095396000006076,38.493606999736585
delete.MOV,21,delete,True,delete,0.9358705282211304,True,delete,True,False,False,False,13.870702000076562,0.0079339999956573,2.28383900002882,22.04719900009877,0.0961329999427107,38.30580700014252
delete.MOV,22,delete,True,delete,0.9409387111663818,True,delete,True,False,False,False,13.956955999901766,0.0083620000168593,2.4930179999955726,22.08654900005058,0.1136549999500857,38.65853999991487
delete.MOV,23,delete,True,delete,0.913050413131714,True,delete,True,False,False,False,13.912699999991672,0.0076410001383919,2.3646080001071823,22.03113700011272,0.0939730000482086,38.41005900039818
delete.MOV,24,delete,True,delete,0.9104805588722228,True,delete,True,False,False,False,13.972857999988264,0.0199449998490308,2.373378000129378,21.995573999902263,0.0948489998791046,38.45660399974804
delete.MOV,25,delete,True,delete,0.9177345037460328,True,delete,True,False,False,False,14.423998999973264,0.0081000000591302,2.461555000081717,22.01134199981425,0.0927610001326684,38.99775700006103
delete.MOV,26,delete,True,delete,0.944027841091156,True,delete,True,False,False,False,13.914776000092388,0.0077740000961057,2.4728690000301867,22.22996299997249,0.1027820001127111,38.72816400030388
delete.MOV,27,delete,True,delete,0.9615795016288756,True,delete,True,False,False,False,13.907832000086271,0.007480000022042,2.241945999912786,21.97397100007948,0.0929679999899235,38.2241970000905
delete.MOV,28,delete,True,delete,0.9768884181976318,True,delete,True,False,False,False,13.999245999912093,0.0081190000855713,2.3574859999371256,22.063808999973844,0.0923019999845564,38.52096199989319
delete.MOV,29,delete,True,delete,0.9758017063140868,True,delete,True,False,False,False,13.861504000033165,0.0078200000643846,2.819298000076742,21.98577700005444,0.0968400001966074,38.77123900042534
delete.MOV,30,delete,True,delete,0.9660452008247375,True,delete,True,False,False,False,14.052321000008304,0.0076219998845772,2.3305889999392093,22.03823500008184,0.114712000140571,38.5434790000545
delete.MOV,31,delete,True,delete,0.9640071392059326,True,delete,True,False,False,False,13.88819799990415,0.0086149998423934,2.342680000083419,22.04155500021443,0.0925140000163082,38.3735620000607
delete.MOV,32,delete,True,delete,0.9518175721168518,True,delete,True,False,False,False,14.033443000016632,0.0075119999110029,2.371755000012854,21.99035000012373,0.0935880000270117,38.49664800009123
delete.MOV,33,delete,True,delete,0.959998607635498,True,delete,True,False,False,False,13.834633999977086,0.0079769999956624,2.372053999806667,22.060528999872982,0.094787999842083,38.369981999494485
delete.MOV,34,delete,True,delete,0.944334864616394,True,delete,True,False,False,False,13.907014000096751,0.0077570000485138,2.360156999884566,22.01023099996746,0.0957069999003579,38.38086599989765
delete.MOV,35,delete,True,delete,0.9572474360466005,True,delete,True,False,False,False,13.916720999986865,0.0081000000591302,2.2724270002072444,22.04355599997143,0.098898000032932,38.3397020002576
delete.MOV,36,delete,True,delete,0.9662076234817504,True,delete,True,False,False,False,14.007208000066385,0.0086889999693084,2.3493999999573134,22.053945000152453,0.1085100000182137,38.52775200016367
delete.MOV,37,delete,True,delete,0.9564785957336426,True,delete,True,False,False,False,13.909951000186991,0.0103479999324918,2.5950189999548456,22.053857999935644,0.1145169999290374,38.68369299993901
delete.MOV,38,delete,True,delete,0.96555495262146,True,delete,True,False,False,False,13.867170999901646,0.0067099999796482,2.3306039997805783,22.073708999869268,0.1071149999916087,38.38530899952275
delete.MOV,39,delete,True,delete,0.9833484292030334,True,delete,True,False,False,False,14.075348999995184,0.0065859999267559,2.3032459998830745,22.032500000022992,0.0906450000002223,38.50832599982823
delete.MOV,40,delete,True,delete,0.9907666444778442,True,delete,True,False,False,False,13.959114000044792,0.0077190002230054,2.325446999975611,22.02916499982166,0.1033900000493304,38.4248350001144
delete.MOV,41,delete,True,delete,0.9939057230949402,True,delete,True,False,False,False,14.007730000002994,0.0077839999903517,2.321994000112681,22.089965000077427,0.1135659999818017,38.541039000165256
delete.MOV,42,delete,True,delete,0.9939332604408264,True,delete,True,False,False,False,14.41596099994058,0.0091179999799351,2.410914999927627,22.104802000058044,0.1089249999495223,39.04972099985571
delete.MOV,43,delete,True,delete,0.9826087951660156,True,delete,True,False,False,False,14.11067300000468,0.0064349999320256,2.2455280000031053,22.075982999922417,0.1477609998801199,38.58637999974235
delete.MOV,44,delete,True,delete,0.9889042973518372,True,delete,True,False,False,False,14.074540000137858,0.0078690000009373,2.3948850000579114,22.01771000000008,0.1030660000651551,38.59807000026194
delete.MOV,45,delete,True,delete,0.9882893562316896,True,delete,True,False,False,False,13.934529999914956,0.0073070000325969,2.3392270002204896,22.0160940000369,0.1075919999493635,38.40475000015431
delete.MOV,46,delete,True,delete,0.985629379749298,True,delete,True,False,False,False,13.93847100007406,0.0077199999850563,2.297113999929934,21.99795499996071,0.1033349999488564,38.34459499989862
delete.MOV,47,delete,True,delete,0.9856218695640564,True,delete,True,False,False,False,13.96420199989734,0.0072240000008605,2.297408999993422,22.054269000136628,0.0912600000901875,38.41436400011844
delete.MOV,48,delete,True,delete,0.9832209348678588,True,delete,True,False,False,False,13.864178999938304,0.0065129997892654,2.2984810000252764,21.991801000012856,0.1108339999973395,38.27180799976304
delete.MOV,49,delete,True,delete,0.9837851524353028,True,delete,True,False,False,False,13.92969600010474,0.0074089998634008,2.318049999985305,22.07317599982161,0.0987060000170458,38.42703699979211
delete.MOV,50,delete,True,delete,0.9934207797050476,True,delete,True,False,False,False,13.980995999872905,0.0076769999850512,2.403318999995463,22.010885000099734,0.0913760000003094,38.49425299995346
delete.MOV,51,delete,True,delete,0.988860547542572,True,delete,True,False,False,False,13.951183000017409,0.0066590000642463,2.324787999896216,22.07941200003916,0.1065190001554583,38.468561000172485
delete.MOV,52,delete,True,delete,0.9801836609840392,True,delete,True,False,False,False,13.91753100006099,0.0072729999374132,2.36140299989529,22.03695200000766,0.1181699999506236,38.441328999851976
delete.MOV,53,delete,True,delete,0.9774742722511292,True,delete,True,False,False,False,14.009548000103678,0.008168000022124,2.3378519999823766,22.08772400013004,0.096396999879289,38.53968900011751
delete.MOV,54,delete,True,delete,0.978863537311554,True,delete,True,False,False,False,14.15122399998836,0.0067280000166647,2.3447629998827324,22.00601599997753,0.096321999990323,38.605052999855616
delete.MOV,55,delete,True,delete,0.9695555567741394,True,delete,True,False,False,False,14.368144999934884,0.0070449998474941,2.2919289999663306,21.98275399996419,0.0995519999378302,38.74942499965073
delete.MOV,56,delete,True,delete,0.979832887649536,True,delete,True,False,False,False,14.28268500012564,0.0085279998529586,1.69192699991072,22.6886990001276,0.0944240000535501,38.76626300007047
delete.MOV,57,delete,True,delete,0.9847203493118286,True,delete,True,False,False,False,14.122047999990173,0.0072640000325918,2.422692999971332,21.98636999992232,0.1142710000294755,38.65264599994589
delete.MOV,58,delete,True,delete,0.9851755499839784,True,delete,True,False,False,False,14.190912999993088,0.006866999910926,2.3239090000970464,22.01110700002573,0.0917700001537014,38.624566000180494
delete.MOV,59,delete,True,delete,0.9795750975608826,True,delete,True,False,False,False,14.06485199981944,0.0075200000537734,2.337949000093431,22.023520000175267,0.1059670000813639,38.53980800022328
delete.MOV,60,delete,True,delete,0.9925026893615724,True,delete,True,False,False,False,14.100190999897675,0.0066050001805706,2.367926000033549,22.000993000119703,0.0911350000478705,38.56685000027937
delete.MOV,61,delete,True,delete,0.9842711091041564,True,delete,True,False,False,False,13.982649000126912,0.0091729998530354,2.3427060000358324,22.091729000067065,0.1061339999068877,38.53239099998973
delete.MOV,62,delete,True,delete,0.9922040700912476,True,delete,True,False,False,False,14.06352699996205,0.0074340000537631,2.315982000027361,22.027758999911384,0.0940099998842924,38.50871199983885
delete.MOV,63,delete,True,delete,0.9941852688789368,True,delete,True,False,False,False,13.91525700000784,0.007554999911008,2.4287090000143507,22.06003399987821,0.0979379999535012,38.50949299976492
delete.MOV,64,delete,True,delete,0.9972198009490968,True,delete,True,False,False,False,13.95724600001813,0.0070369999320973,2.354408999963198,21.985597000139023,0.0933239998630597,38.39761299991551
delete.MOV,65,delete,True,delete,0.9942155480384828,True,delete,True,False,False,False,14.016744000173276,0.0080150000485446,2.4832409999362426,22.12820799991277,0.1032799998483824,38.73948799991922
delete.MOV,66,delete,True,delete,0.9933106899261476,True,delete,True,False,False,False,13.99443600007544,0.0075170000854996,2.310510999905091,22.08128500001294,0.1229710001098283,38.5167200001888
delete.MOV,67,delete,True,delete,0.9917857050895692,True,delete,True,False,False,False,13.994607000086036,0.0081230000432697,2.3104309998416284,22.006140000030427,0.0913679998575389,38.4106689998589
delete.MOV,68,delete,True,delete,0.994321584701538,True,delete,True,False,False,False,13.804150999931151,0.007549999963885,2.371876000097473,21.995199000002685,0.0950529999954596,38.273828999990656
delete.MOV,69,delete,True,delete,0.9937512278556824,True,delete,True,False,False,False,13.858535000053962,0.0069249999796738,2.279623000049469,22.055784999793104,0.1519039999493543,38.35277199982556
delete.MOV,70,delete,True,delete,0.994109272956848,True,delete,True,False,False,False,13.968676999866148,0.00728099985281,2.256419999866921,22.039769000002707,0.1022840001496661,38.37443099973825
delete.MOV,71,delete,True,delete,0.9978967905044556,True,delete,True,False,False,False,13.923043999966469,0.0073189999056921,2.4258110001937894,22.17423100000815,0.1105860001189285,38.64099100019303
delete.MOV,72,delete,True,delete,0.998088538646698,True,delete,True,False,False,False,13.997282999980598,0.0075919999744655,2.3531970000476576,22.03115500014973,0.0928370000110589,38.48206400016352
delete.MOV,73,delete,True,delete,0.9936732053756714,True,delete,True,False,False,False,13.878055000077438,0.0086339998688345,2.282429999922897,22.055279999904087,0.1156170001195278,38.34001599989279
delete.MOV,74,delete,True,delete,0.9850823879241944,True,delete,True,False,False,False,13.863740999795482,0.0083539998740889,2.296286000046166,22.003576000088287,0.0951609999901847,38.26711799979421
delete.MOV,75,delete,True,delete,0.9671841859817504,True,delete,True,False,False,False,13.89060800011066,0.0068680001277243,2.2666689999368828,21.993534000102954,0.0906880000002274,38.24836700027845
delete.MOV,76,delete,True,delete,0.8998858332633972,True,delete,True,False,False,False,14.064244000110191,0.0077520001013908,2.3675859999912063,22.142725000094288,0.1038789998801803,38.68618600017726
delete.MOV,77,delete,True,delete,0.868993878364563,True,delete,True,False,False,False,13.900418000048376,0.0087530002019775,2.2974230000727403,22.0305919999646,0.0967839998793351,38.33397000016703
delete.MOV,78,delete,True,delete,0.8548896312713623,True,delete,True,False,False,False,13.9241070000935,0.0075719999585999,2.343637999956627,22.054955999919912,0.1070199998594034,38.43729299978804
delete.MOV,79,delete,True,delete,0.8958077430725098,True,delete,True,False,False,False,13.926998999977512,0.0066270001752855,2.5778290000744164,22.035883999933503,0.1058069999544386,38.65314600011516
delete.MOV,80,delete,True,delete,0.9040516018867492,True,delete,True,False,False,False,13.818645999890578,0.0077830000009271,2.428316000077757,22.014520000084303,0.1120070000979467,38.38127200015151
delete.MOV,81,delete,True,delete,0.8961257338523865,True,delete,True,False,False,False,13.82046599997011,0.0073670000801939,2.34088399997745,22.09400299989284,0.1120120000450697,38.37473199996566
delete.MOV,82,delete,True,delete,0.939164936542511,True,delete,True,False,False,False,13.83942699999352,0.0079999999798019,2.2201300000688207,22.04516999995576,0.1058410000496223,38.218568000047526
delete.MOV,83,delete,True,delete,0.9469094276428224,True,delete,True,False,False,False,13.85972799994306,0.0077280001278268,2.390263000052073,22.00718599988249,0.1228849998824443,38.3877899998879
delete.MOV,84,delete,True,delete,0.9382701516151428,True,delete,True,False,False,False,13.88476800002536,0.0074829999903158,2.3794310000084806,21.978302999968943,0.0935279999794147,38.34351299997252
delete.MOV,85,delete,True,delete,0.933454692363739,True,delete,True,False,False,False,13.943659000005937,0.0073080000220215,2.3490790001687856,22.634524000068268,0.0944850000905717,39.029055000355584
delete.MOV,86,delete,True,delete,0.9530069231987,True,delete,True,False,False,False,13.963313000203923,0.0082849999216705,2.280555999959688,22.03828999995494,0.113456999997652,38.40390100003788
delete.MOV,87,delete,True,delete,0.9670132398605348,True,delete,True,False,False,False,14.169594000122745,0.0067959999796585,2.2984839999935502,22.082028000113496,0.1256620000731345,38.68256400028258
delete.MOV,88,delete,True,delete,0.9828872084617616,True,delete,True,False,False,False,13.924940999913815,0.0080209999850922,2.357732999826112,21.991004000028624,0.1033589999224204,38.385057999676064
delete.MOV,89,delete,True,delete,0.9925098419189452,True,delete,True,False,False,False,13.946752000038032,0.0068570000166801,2.269802000000709,22.02857799989033,0.0981390001015825,38.35012800004733
delete.MOV,90,delete,True,delete,0.9910837411880492,True,delete,True,False,False,False,13.831566999897404,0.0076779999744758,2.340746000072613,22.00692499991419,0.0926830000480549,38.27959899990674
delete.MOV,91,delete,True,delete,0.9958603978157043,True,delete,True,False,False,False,13.919892000103571,0.0081549999322305,2.342100999840113,22.058579000031383,0.0914459999421524,38.420172999849456
delete.MOV,92,delete,True,delete,0.9815117716789246,True,delete,True,False,False,False,14.36191199991299,0.0070710000272811,2.2532430000410386,21.9868359999964,0.1048889998855884,38.7139509998633
delete.MOV,93,delete,True,delete,0.9916808009147644,True,delete,True,False,False,False,13.999135999938517,0.0070979999691189,2.351618000147937,22.054740000157835,0.1030309999805467,38.51562300019396
delete.MOV,94,delete,True,delete,0.99397873878479,True,delete,True,False,False,False,13.881787999935112,0.0075949999427393,2.310584000042581,22.011745999861887,0.0899469998785207,38.30165999966084
delete.MOV,95,delete,True,delete,0.9897505640983582,True,delete,True,False,False,False,13.834458000019367,0.007186999937403,2.498308999975052,22.03446199996506,0.0948419999531324,38.469257999850015
delete.MOV,96,delete,True,delete,0.9950053095817566,True,delete,True,False,False,False,13.944558000048346,0.0066469999637774,2.232904000038616,22.02697400002762,0.1045479998538212,38.31563099993218
delete.MOV,97,delete,True,delete,0.9963484406471252,True,delete,True,False,False,False,13.950437000175953,0.0069819998316233,2.2773250000227563,22.031599000001734,0.0942440001381328,38.3605870001702
delete.MOV,98,delete,True,delete,0.9955679774284364,True,delete,True,False,False,False,13.767262000101256,0.0079240001014113,2.236388000028456,21.97106700009499,0.0921219998417655,38.07476300016788
delete.MOV,99,delete,True,delete,0.9956268072128296,True,delete,True,False,False,False,13.804724999999962,0.006917000064277,2.2459869999238435,22.02335900005892,0.1080940000974806,38.18908200014448
delete.MOV,100,delete,True,delete,0.9959297776222228,True,delete,True,False,False,False,14.082095000048866,0.0079430001278524,2.261802000020907,22.011701999872457,0.0990890000593935,38.46263100012948
delete.MOV,101,delete,True,delete,0.99198180437088,True,delete,True,False,False,False,14.252147999968656,0.0074210001912433,2.579970999931902,22.02269899999009,0.1110089999656338,38.97324800004753
delete.MOV,102,delete,True,delete,0.9906544089317322,True,delete,True,False,False,False,14.045629999827725,0.007675000006202,2.294470999913756,22.07504399984828,0.0943860000006679,38.51720599959663
delete.MOV,103,delete,True,delete,0.9896059036254884,True,delete,True,False,False,False,13.977564000015263,0.0075280001965438,2.3095850001482177,22.024365000106627,0.10375900001236,38.42280100047901
delete.MOV,104,delete,True,delete,0.9700289964675904,True,delete,True,False,False,False,13.882655000088562,0.0073170001542166,2.272972999890044,22.144541999978173,0.0937610000164568,38.40124800012745
delete.MOV,105,delete,True,delete,0.9934802055358888,True,delete,True,False,False,False,13.886087000173577,0.0122799999644485,2.709668000079546,23.29726700008905,0.1177290000669017,40.02303100037352
delete.MOV,106,delete,True,delete,0.9980752468109132,True,delete,True,False,False,False,13.886028000115402,0.0083469999481167,2.5890419999541336,22.783797999863964,0.0934060001327452,39.36062100001436
delete.MOV,107,delete,True,delete,0.9978626370429992,True,delete,True,False,False,False,14.875871999947776,0.0071130000378616,2.2813479999967967,21.99419199996555,0.0973160001649375,39.25584100011292
delete.MOV,108,delete,True,delete,0.9985894560813904,True,delete,True,False,False,False,13.923304999934771,0.006991999953243,2.2913299999345327,21.98620700005449,0.0915580001219495,38.29939199999899
delete.MOV,109,delete,True,delete,0.9961345195770264,True,delete,True,False,False,False,14.097346999960791,0.0142179999329528,2.4474169999848527,23.19614399993952,0.1407259999268717,39.89585199974499
delete.MOV,110,delete,True,delete,0.9934660792350768,True,delete,True,False,False,False,13.838851999935288,0.0094439999429596,2.3246169998856203,22.024199000043154,0.0951789997998275,38.29229099960685
delete.MOV,111,delete,True,delete,0.9873741269111632,True,delete,True,False,False,False,13.883583000051658,0.0065289998474327,2.320131000033143,21.992979000060583,0.0927090000004682,38.29593099999329
delete.MOV,112,delete,True,delete,0.9668788313865662,True,delete,True,False,False,False,14.022952000004809,0.0070319999849743,2.2798620000230585,22.40719600013108,0.0929299999370414,38.80997200008096
delete.MOV,113,delete,True,delete,0.957851767539978,True,delete,True,False,False,False,13.935781999862227,0.0078350001331273,2.410177999990992,22.053399000014902,0.0954879999426339,38.50268199994389
delete.MOV,114,delete,True,delete,0.984833300113678,True,delete,True,False,False,False,13.935350999872751,0.0073569999585743,2.3848309999721096,21.984489000033136,0.0932909999846742,38.40531899982125
delete.MOV,115,delete,True,delete,0.9809743762016296,True,delete,True,False,False,False,13.947792999942976,0.0083750001067528,2.2780169999805366,21.97657600004277,0.1058489999650191,38.31661000003805
delete.MOV,116,delete,True,delete,0.9701868295669556,True,delete,True,False,False,False,14.183376000119097,0.0075049999850307,2.363726000112365,22.03662300007636,0.1016459998481877,38.69287600014104
delete.MOV,117,delete,True,delete,0.9532614350318908,True,delete,True,False,False,False,14.01331600004596,0.0081989999216602,2.4296809999668767,22.069171000111965,0.1058939999438735,38.626260999990336
delete.MOV,118,delete,True,delete,0.9731767177581788,True,delete,True,False,False,False,14.013853000051313,0.0202799999442504,2.3848789999192377,22.00634199994056,0.094563999937236,38.5199179997926
delete.MOV,119,delete,True,delete,0.9766603708267212,True,delete,True,False,False,False,13.95879500000774,0.0070219998633547,2.2886960000505496,22.01874399997905,0.1068159999704221,38.38007299987112
delete.MOV,120,delete,True,delete,0.9599221348762512,True,delete,True,False,False,False,14.09307800008719,0.0071209999532584,2.351861000079225,22.040546999960497,0.0972709999587095,38.58987800003888
delete.MOV,121,delete,True,delete,0.9413573741912842,True,delete,True,False,False,False,13.868080000065676,0.0072629998157935,2.299968999977864,22.32764699988365,0.1076500000181113,38.6106089997611
delete.MOV,122,delete,True,delete,0.645525336265564,True,delete,True,False,False,False,13.897226999915802,0.0075199998263997,2.3477110000840185,22.03877600004489,0.113480999971216,38.40471499984233
delete.MOV,123,delete,True,delete,0.6918003559112549,True,delete,True,False,False,False,14.802138000050036,0.0070609999056614,2.3738439999760885,22.00550599991402,0.107912999965265,39.29646199981107
delete.MOV,124,delete,True,delete,0.6860657930374146,True,delete,True,False,False,False,14.40522999996574,0.0068079998527537,2.3174000000381056,22.007341000062297,0.1140350000241596,38.85081399994306
delete.MOV,125,delete,True,delete,0.6602595448493958,True,delete,True,False,False,False,13.875784999981988,0.0060209999901417,2.333316999965973,22.02455899987399,0.1081389998489612,38.34782099966105
delete.MOV,126,delete,True,delete,0.7033069729804993,True,delete,True,False,False,False,14.17241599983754,0.00798299993221,2.4800710000363324,22.0107380000627,0.0949100001434999,38.76611800001229
delete.MOV,127,delete,True,delete,0.6321903467178345,True,delete,True,False,False,False,13.915461999886247,0.0075560001278063,2.2605940000630653,21.987625999827287,0.0925709998682577,38.26380899977266
delete.MOV,128,delete,True,delete,0.5661763548851013,True,delete,True,False,False,False,13.827405000029104,0.0095350001174665,2.474099999972168,22.10771099998965,0.1169369998024194,38.535687999910806
delete.MOV,129,delete,True,delete,0.628165066242218,True,delete,True,False,False,False,13.86784200008151,0.007763999974486,2.3315400001138187,22.06688100000065,0.092264000159048,38.36629100032951
delete.MOV,130,delete,True,delete,0.8206706643104553,True,delete,True,False,False,False,14.08894699989105,0.0073979999797302,2.389943000025596,22.00743399998828,0.1013900000543799,38.59511199993904
delete.MOV,131,delete,True,delete,0.6343564391136169,True,delete,True,False,False,False,13.896501000090211,0.0076720000379282,2.2947859999931097,22.04017200006092,0.0937209999847255,38.332852000166895
delete.MOV,132,delete,True,delete,0.7330273985862732,True,delete,True,False,False,False,13.754543999993984,0.0074889999268634,2.3541389998626983,22.01331800006301,0.1011360000120475,38.2306259998586
delete.MOV,133,delete,True,delete,0.7345758676528931,True,delete,True,False,False,False,14.156482000089454,0.0079740000273886,2.373965000060707,22.0306950000122,0.1071909998699993,38.67630700005975
delete.MOV,134,delete,True,delete,0.9063047170639038,True,delete,True,False,False,False,14.1299969998272,0.0076860001172462,2.3644369998692127,22.017603999984203,0.0961359999109845,38.615859999708846
delete.MOV,135,delete,True,delete,0.9413344860076904,True,delete,True,False,False,False,14.053593000198816,0.0064930000007734,2.2825580001608614,21.99947000008251,0.0925449999158445,38.434659000358806
delete.MOV,136,delete,True,delete,0.8985785245895386,True,delete,True,False,False,False,14.115568999841344,0.0196979999600444,2.284029000065857,21.97959900013302,0.0908680001430184,38.48976300014328
delete.MOV,137,delete,True,delete,0.8707030415534973,True,delete,True,False,False,False,14.044710999996823,0.008471000001009,2.425906000098621,22.06030100001044,0.0983330000963178,38.63772200020321
delete.MOV,138,delete,True,delete,0.9333901405334472,True,delete,True,False,False,False,14.09133699985432,0.0074660001700976,2.369088000023112,22.024301999863383,0.0945239999055047,38.58671699981642
delete.MOV,139,delete,True,delete,0.9603167772293092,True,delete,True,False,False,False,13.994830999990882,0.0068990000272606,2.3628449998795986,21.99411199990209,0.0976549999904818,38.45634199979031
delete.MOV,140,delete,True,delete,0.9843698740005492,True,delete,True,False,False,False,13.90179200006969,0.0072899999850051,2.409706999969785,22.043402000008427,0.1147240000136662,38.476915000046574
delete.MOV,141,delete,True,delete,0.9957008957862854,True,delete,True,False,False,False,16.8219180000051,0.0090609999006119,2.351197999814758,22.03771799986498,0.1156909997916955,41.335585999377145
delete.MOV,142,delete,True,delete,0.993821382522583,True,delete,True,False,False,False,14.287505000083913,0.0083639999957085,2.347893999967709,21.98669599988534,0.093604000085179,38.72406300001785
delete.MOV,143,delete,True,delete,0.9667078256607056,True,delete,True,False,False,False,13.828009000008024,0.0068120000378257,2.2910210000191,22.054115999935675,0.0948659999266965,38.27482399992732
delete.MOV,144,delete,True,delete,0.9783571362495422,True,delete,True,False,False,False,13.801953999973192,0.0071059998845157,2.4686579999979585,22.00298200000361,0.1017130000491306,38.38241299990841
delete.MOV,145,delete,True,delete,0.9881209135055542,True,delete,True,False,False,False,13.613177000024734,0.0075620000643539,2.300332000004346,22.00477199994566,0.1037219999489025,38.029564999988
delete.MOV,146,delete,True,delete,0.9766372442245485,True,delete,True,False,False,False,13.874750000013591,0.0081660000432748,2.4028840000482887,22.10294199994678,0.1018969999222463,38.49063899997418
delete.MOV,147,delete,True,delete,0.9829185009002686,True,delete,True,False,False,False,13.686123000070438,0.006852999831608,2.2701970001435257,22.01551999996809,0.113252000119246,38.09194500013291
delete.MOV,148,delete,True,delete,0.988155484199524,True,delete,True,False,False,False,13.790066999945338,0.0073830001383612,2.364694000107193,22.020715000053315,0.1048879998961638,38.28774700014037
delete.MOV,149,delete,True,delete,0.9585015177726746,True,delete,True,False,False,False,13.732176000075924,0.0065610001911409,2.266160000090167,22.053275000189387,0.1065599999492405,38.16473200049586
nothing.MOV,0,nothing,False,__NO_HAND__,,False,nothing,True,True,True,False,13.49352700003692,0.0,0.0,0.0,0.0,13.49352700003692
nothing.MOV,1,nothing,False,__NO_HAND__,,False,nothing,True,True,True,False,13.411636000000726,0.0,0.0,0.0,0.0,13.411636000000726
nothing.MOV,2,nothing,False,__NO_HAND__,,False,nothing,True,True,True,False,13.230835999820556,0.0,0.0,0.0,0.0,13.230835999820556
nothing.MOV,3,nothing,False,__NO_HAND__,,False,nothing,True,True,True,False,13.371422999853166,0.0,0.0,0.0,0.0,13.371422999853166
nothing.MOV,4,nothing,False,__NO_HAND__,,False,nothing,True,True,True,False,13.433901000098558,0.0,0.0,0.0,0.0,13.433901000098558
nothing.MOV,5,nothing,False,__NO_HAND__,,False,nothing,True,True,True,False,13.499810999974216,0.0,0.0,0.0,0.0,13.499810999974216
nothing.MOV,6,nothing,False,__NO_HAND__,,False,nothing,True,True,True,False,13.557132000187266,0.0,0.0,0.0,0.0,13.557132000187266
nothing.MOV,7,nothing,False,__NO_HAND__,,False,nothing,True,True,True,False,13.3730799998375,0.0,0.0,0.0,0.0,13.3730799998375
nothing.MOV,8,nothing,False,__NO_HAND__,,False,nothing,True,True,True,False,13.345841999807815,0.0,0.0,0.0,0.0,13.345841999807815
nothing.MOV,9,nothing,False,__NO_HAND__,,False,nothing,True,True,True,False,13.380587000028754,0.0,0.0,0.0,0.0,13.380587000028754
nothing.MOV,10,nothing,False,__NO_HAND__,,False,nothing,True,True,True,False,13.491585000110716,0.0,0.0,0.0,0.0,13.491585000110716
nothing.MOV,11,nothing,False,__NO_HAND__,,False,nothing,True,True,True,False,13.339280000082,0.0,0.0,0.0,0.0,13.339280000082
nothing.MOV,12,nothing,False,__NO_HAND__,,False,nothing,True,True,True,False,13.228159999925992,0.0,0.0,0.0,0.0,13.228159999925992
nothing.MOV,13,nothing,False,__NO_HAND__,,False,nothing,True,True,True,False,13.768939999863504,0.0,0.0,0.0,0.0,13.768939999863504
nothing.MOV,14,nothing,False,__NO_HAND__,,False,nothing,True,True,True,False,13.463186999842948,0.0,0.0,0.0,0.0,13.463186999842948
nothing.MOV,15,nothing,False,__NO_HAND__,,False,nothing,True,True,True,False,13.33506000014495,0.0,0.0,0.0,0.0,13.33506000014495
nothing.MOV,16,nothing,False,__NO_HAND__,,False,nothing,True,True,True,False,13.48931999996239,0.0,0.0,0.0,0.0,13.48931999996239
nothing.MOV,17,nothing,False,__NO_HAND__,,False,nothing,True,True,True,False,13.301683999998204,0.0,0.0,0.0,0.0,13.301683999998204
nothing.MOV,18,nothing,False,__NO_HAND__,,False,nothing,True,True,True,False,13.24678900004983,0.0,0.0,0.0,0.0,13.24678900004983
nothing.MOV,19,nothing,False,__NO_HAND__,,False,nothing,True,True,True,False,13.440778999893157,0.0,0.0,0.0,0.0,13.440778999893157
nothing.MOV,20,nothing,False,__NO_HAND__,,False,nothing,True,True,True,False,13.364335000005669,0.0,0.0,0.0,0.0,13.364335000005669
nothing.MOV,21,nothing,False,__NO_HAND__,,False,nothing,True,True,True,False,13.323048999836828,0.0,0.0,0.0,0.0,13.323048999836828
nothing.MOV,22,nothing,False,__NO_HAND__,,False,nothing,True,True,True,False,13.294672000029095,0.0,0.0,0.0,0.0,13.294672000029095
nothing.MOV,23,nothing,False,__NO_HAND__,,False,nothing,True,True,True,False,13.4067710000636,0.0,0.0,0.0,0.0,13.4067710000636
nothing.MOV,24,nothing,False,__NO_HAND__,,False,nothing,True,True,True,False,13.328932000149509,0.0,0.0,0.0,0.0,13.328932000149509
nothing.MOV,25,nothing,False,__NO_HAND__,,False,nothing,True,True,True,False,13.49757900015902,0.0,0.0,0.0,0.0,13.49757900015902
nothing.MOV,26,nothing,False,__NO_HAND__,,False,nothing,True,True,True,False,13.297886000145809,0.0,0.0,0.0,0.0,13.297886000145809
nothing.MOV,27,nothing,False,__NO_HAND__,,False,nothing,True,True,True,False,13.220659000126034,0.0,0.0,0.0,0.0,13.220659000126034
nothing.MOV,28,nothing,False,__NO_HAND__,,False,nothing,True,True,True,False,13.24413900010768,0.0,0.0,0.0,0.0,13.24413900010768
nothing.MOV,29,nothing,False,__NO_HAND__,,False,nothing,True,True,True,False,13.690973000166196,0.0,0.0,0.0,0.0,13.690973000166196
nothing.MOV,30,nothing,False,__NO_HAND__,,False,nothing,True,True,True,False,13.692376000108196,0.0,0.0,0.0,0.0,13.692376000108196
nothing.MOV,31,nothing,False,__NO_HAND__,,False,nothing,True,True,True,False,13.282592999985354,0.0,0.0,0.0,0.0,13.282592999985354
nothing.MOV,32,nothing,False,__NO_HAND__,,False,nothing,True,True,True,False,13.259976000199458,0.0,0.0,0.0,0.0,13.259976000199458
nothing.MOV,33,nothing,False,__NO_HAND__,,False,nothing,True,True,True,False,13.265923000062685,0.0,0.0,0.0,0.0,13.265923000062685
nothing.MOV,34,nothing,False,__NO_HAND__,,False,nothing,True,True,True,False,13.358039999957327,0.0,0.0,0.0,0.0,13.358039999957327
nothing.MOV,35,nothing,False,__NO_HAND__,,False,nothing,True,True,True,False,13.24195300003339,0.0,0.0,0.0,0.0,13.24195300003339
nothing.MOV,36,nothing,False,__NO_HAND__,,False,nothing,True,True,True,False,13.333237000097142,0.0,0.0,0.0,0.0,13.333237000097142
nothing.MOV,37,nothing,False,__NO_HAND__,,False,nothing,True,True,True,False,13.24619399997573,0.0,0.0,0.0,0.0,13.24619399997573
nothing.MOV,38,nothing,False,__NO_HAND__,,False,nothing,True,True,True,False,13.239667999869198,0.0,0.0,0.0,0.0,13.239667999869198
nothing.MOV,39,nothing,False,__NO_HAND__,,False,nothing,True,True,True,False,13.263104000088788,0.0,0.0,0.0,0.0,13.263104000088788
nothing.MOV,40,nothing,False,__NO_HAND__,,False,nothing,True,True,True,False,13.260852000030354,0.0,0.0,0.0,0.0,13.260852000030354
nothing.MOV,41,nothing,False,__NO_HAND__,,False,nothing,True,True,True,False,13.344867000114393,0.0,0.0,0.0,0.0,13.344867000114393
nothing.MOV,42,nothing,False,__NO_HAND__,,False,nothing,True,True,True,False,13.407989999905112,0.0,0.0,0.0,0.0,13.407989999905112
nothing.MOV,43,nothing,False,__NO_HAND__,,False,nothing,True,True,True,False,13.349291999929846,0.0,0.0,0.0,0.0,13.349291999929846
nothing.MOV,44,nothing,False,__NO_HAND__,,False,nothing,True,True,True,False,13.30714400000943,0.0,0.0,0.0,0.0,13.30714400000943
nothing.MOV,45,nothing,False,__NO_HAND__,,False,nothing,True,True,True,False,13.290545000018028,0.0,0.0,0.0,0.0,13.290545000018028
nothing.MOV,46,nothing,False,__NO_HAND__,,False,nothing,True,True,True,False,13.207233000002816,0.0,0.0,0.0,0.0,13.207233000002816
nothing.MOV,47,nothing,False,__NO_HAND__,,False,nothing,True,True,True,False,13.362150999910227,0.0,0.0,0.0,0.0,13.362150999910227
nothing.MOV,48,nothing,False,__NO_HAND__,,False,nothing,True,True,True,False,13.196599000139033,0.0,0.0,0.0,0.0,13.196599000139033
nothing.MOV,49,nothing,False,__NO_HAND__,,False,nothing,True,True,True,False,13.220060000094236,0.0,0.0,0.0,0.0,13.220060000094236
nothing.MOV,50,nothing,False,__NO_HAND__,,False,nothing,True,True,True,False,13.2028900000023,0.0,0.0,0.0,0.0,13.2028900000023
nothing.MOV,51,nothing,False,__NO_HAND__,,False,nothing,True,True,True,False,13.355219999994006,0.0,0.0,0.0,0.0,13.355219999994006
nothing.MOV,52,nothing,False,__NO_HAND__,,False,nothing,True,True,True,False,13.167193000072077,0.0,0.0,0.0,0.0,13.167193000072077
nothing.MOV,53,nothing,False,__NO_HAND__,,False,nothing,True,True,True,False,13.193009000133316,0.0,0.0,0.0,0.0,13.193009000133316
nothing.MOV,54,nothing,False,__NO_HAND__,,False,nothing,True,True,True,False,13.20545199996559,0.0,0.0,0.0,0.0,13.20545199996559
nothing.MOV,55,nothing,False,__NO_HAND__,,False,nothing,True,True,True,False,13.266156999861778,0.0,0.0,0.0,0.0,13.266156999861778
nothing.MOV,56,nothing,False,__NO_HAND__,,False,nothing,True,True,True,False,13.220645000046716,0.0,0.0,0.0,0.0,13.220645000046716
nothing.MOV,57,nothing,False,__NO_HAND__,,False,nothing,True,True,True,False,13.265584999999191,0.0,0.0,0.0,0.0,13.265584999999191
nothing.MOV,58,nothing,False,__NO_HAND__,,False,nothing,True,True,True,False,13.47140899997612,0.0,0.0,0.0,0.0,13.47140899997612
nothing.MOV,59,nothing,False,__NO_HAND__,,False,nothing,True,True,True,False,13.405194000142728,0.0,0.0,0.0,0.0,13.405194000142728
nothing.MOV,60,nothing,False,__NO_HAND__,,False,nothing,True,True,True,False,13.369013000101404,0.0,0.0,0.0,0.0,13.369013000101404
nothing.MOV,61,nothing,False,__NO_HAND__,,False,nothing,True,True,True,False,13.421022000102312,0.0,0.0,0.0,0.0,13.421022000102312
nothing.MOV,62,nothing,False,__NO_HAND__,,False,nothing,True,True,True,False,13.322543999947811,0.0,0.0,0.0,0.0,13.322543999947811
nothing.MOV,63,nothing,False,__NO_HAND__,,False,nothing,True,True,True,False,13.27527800003736,0.0,0.0,0.0,0.0,13.27527800003736
nothing.MOV,64,nothing,False,__NO_HAND__,,False,nothing,True,True,True,False,13.378654999996796,0.0,0.0,0.0,0.0,13.378654999996796
nothing.MOV,65,nothing,False,__NO_HAND__,,False,nothing,True,True,True,False,13.293093000129376,0.0,0.0,0.0,0.0,13.293093000129376
nothing.MOV,66,nothing,False,__NO_HAND__,,False,nothing,True,True,True,False,13.21788700010984,0.0,0.0,0.0,0.0,13.21788700010984
nothing.MOV,67,nothing,False,__NO_HAND__,,False,nothing,True,True,True,False,13.207020999971064,0.0,0.0,0.0,0.0,13.207020999971064
nothing.MOV,68,nothing,False,__NO_HAND__,,False,nothing,True,True,True,False,13.374047000070275,0.0,0.0,0.0,0.0,13.374047000070275
nothing.MOV,69,nothing,False,__NO_HAND__,,False,nothing,True,True,True,False,13.301910999871325,0.0,0.0,0.0,0.0,13.301910999871325
nothing.MOV,70,nothing,False,__NO_HAND__,,False,nothing,True,True,True,False,13.261093999972218,0.0,0.0,0.0,0.0,13.261093999972218
nothing.MOV,71,nothing,False,__NO_HAND__,,False,nothing,True,True,True,False,13.267605000010008,0.0,0.0,0.0,0.0,13.267605000010008
nothing.MOV,72,nothing,False,__NO_HAND__,,False,nothing,True,True,True,False,13.228907999973671,0.0,0.0,0.0,0.0,13.228907999973671
nothing.MOV,73,nothing,False,__NO_HAND__,,False,nothing,True,True,True,False,13.305132999903435,0.0,0.0,0.0,0.0,13.305132999903435
nothing.MOV,74,nothing,False,__NO_HAND__,,False,nothing,True,True,True,False,13.590434999969148,0.0,0.0,0.0,0.0,13.590434999969148
nothing.MOV,75,nothing,False,__NO_HAND__,,False,nothing,True,True,True,False,13.221442000030947,0.0,0.0,0.0,0.0,13.221442000030947
nothing.MOV,76,nothing,False,__NO_HAND__,,False,nothing,True,True,True,False,13.19820499998059,0.0,0.0,0.0,0.0,13.19820499998059
nothing.MOV,77,nothing,False,__NO_HAND__,,False,nothing,True,True,True,False,13.351076999924771,0.0,0.0,0.0,0.0,13.351076999924771
nothing.MOV,78,nothing,False,__NO_HAND__,,False,nothing,True,True,True,False,13.275067999984458,0.0,0.0,0.0,0.0,13.275067999984458
nothing.MOV,79,nothing,False,__NO_HAND__,,False,nothing,True,True,True,False,13.209727000003111,0.0,0.0,0.0,0.0,13.209727000003111
nothing.MOV,80,nothing,False,__NO_HAND__,,False,nothing,True,True,True,False,13.21496900004604,0.0,0.0,0.0,0.0,13.21496900004604
nothing.MOV,81,nothing,False,__NO_HAND__,,False,nothing,True,True,True,False,13.379216999965138,0.0,0.0,0.0,0.0,13.379216999965138
nothing.MOV,82,nothing,False,__NO_HAND__,,False,nothing,True,True,True,False,13.295308999886402,0.0,0.0,0.0,0.0,13.295308999886402
nothing.MOV,83,nothing,False,__NO_HAND__,,False,nothing,True,True,True,False,13.158638000049905,0.0,0.0,0.0,0.0,13.158638000049905
nothing.MOV,84,nothing,False,__NO_HAND__,,False,nothing,True,True,True,False,13.311605000126292,0.0,0.0,0.0,0.0,13.311605000126292
nothing.MOV,85,nothing,False,__NO_HAND__,,False,nothing,True,True,True,False,13.40791999996327,0.0,0.0,0.0,0.0,13.40791999996327
nothing.MOV,86,nothing,False,__NO_HAND__,,False,nothing,True,True,True,False,13.274162000016076,0.0,0.0,0.0,0.0,13.274162000016076
nothing.MOV,87,nothing,False,__NO_HAND__,,False,nothing,True,True,True,False,13.328257000011943,0.0,0.0,0.0,0.0,13.328257000011943
nothing.MOV,88,nothing,False,__NO_HAND__,,False,nothing,True,True,True,False,13.34390700003496,0.0,0.0,0.0,0.0,13.34390700003496
nothing.MOV,89,nothing,False,__NO_HAND__,,False,nothing,True,True,True,False,13.497914000026867,0.0,0.0,0.0,0.0,13.497914000026867
nothing.MOV,90,nothing,False,__NO_HAND__,,False,nothing,True,True,True,False,13.368268000022,0.0,0.0,0.0,0.0,13.368268000022
nothing.MOV,91,nothing,False,__NO_HAND__,,False,nothing,True,True,True,False,13.201754999954574,0.0,0.0,0.0,0.0,13.201754999954574
nothing.MOV,92,nothing,False,__NO_HAND__,,False,nothing,True,True,True,False,13.362422000000151,0.0,0.0,0.0,0.0,13.362422000000151
nothing.MOV,93,nothing,False,__NO_HAND__,,False,nothing,True,True,True,False,13.39543200015214,0.0,0.0,0.0,0.0,13.39543200015214
nothing.MOV,94,nothing,False,__NO_HAND__,,False,nothing,True,True,True,False,13.340652000124464,0.0,0.0,0.0,0.0,13.340652000124464
nothing.MOV,95,nothing,False,__NO_HAND__,,False,nothing,True,True,True,False,13.272729999926014,0.0,0.0,0.0,0.0,13.272729999926014
nothing.MOV,96,nothing,False,__NO_HAND__,,False,nothing,True,True,True,False,13.323967999895103,0.0,0.0,0.0,0.0,13.323967999895103
nothing.MOV,97,nothing,False,__NO_HAND__,,False,nothing,True,True,True,False,13.228267000158668,0.0,0.0,0.0,0.0,13.228267000158668
nothing.MOV,98,nothing,False,__NO_HAND__,,False,nothing,True,True,True,False,13.35739499995725,0.0,0.0,0.0,0.0,13.35739499995725
nothing.MOV,99,nothing,False,__NO_HAND__,,False,nothing,True,True,True,False,13.18021899987798,0.0,0.0,0.0,0.0,13.18021899987798
nothing.MOV,100,nothing,False,__NO_HAND__,,False,nothing,True,True,True,False,13.343034999934387,0.0,0.0,0.0,0.0,13.343034999934387
nothing.MOV,101,nothing,False,__NO_HAND__,,False,nothing,True,True,True,False,13.442220000115412,0.0,0.0,0.0,0.0,13.442220000115412
nothing.MOV,102,nothing,False,__NO_HAND__,,False,nothing,True,True,True,False,13.205171999970844,0.0,0.0,0.0,0.0,13.205171999970844
nothing.MOV,103,nothing,False,__NO_HAND__,,False,nothing,True,True,True,False,13.428207000060866,0.0,0.0,0.0,0.0,13.428207000060866
nothing.MOV,104,nothing,False,__NO_HAND__,,False,nothing,True,True,True,False,13.316287000179727,0.0,0.0,0.0,0.0,13.316287000179727
nothing.MOV,105,nothing,False,__NO_HAND__,,False,nothing,True,True,True,False,13.440216999924814,0.0,0.0,0.0,0.0,13.440216999924814
nothing.MOV,106,nothing,False,__NO_HAND__,,False,nothing,True,True,True,False,13.484337000136293,0.0,0.0,0.0,0.0,13.484337000136293
nothing.MOV,107,nothing,False,__NO_HAND__,,False,nothing,True,True,True,False,13.328594000086014,0.0,0.0,0.0,0.0,13.328594000086014
nothing.MOV,108,nothing,False,__NO_HAND__,,False,nothing,True,True,True,False,13.215115000093649,0.0,0.0,0.0,0.0,13.215115000093649
nothing.MOV,109,nothing,False,__NO_HAND__,,False,nothing,True,True,True,False,13.228025999978854,0.0,0.0,0.0,0.0,13.228025999978854
nothing.MOV,110,nothing,False,__NO_HAND__,,False,nothing,True,True,True,False,13.252967999960674,0.0,0.0,0.0,0.0,13.252967999960674
nothing.MOV,111,nothing,False,__NO_HAND__,,False,nothing,True,True,True,False,13.265285999978005,0.0,0.0,0.0,0.0,13.265285999978005
nothing.MOV,112,nothing,False,__NO_HAND__,,False,nothing,True,True,True,False,13.25068400001328,0.0,0.0,0.0,0.0,13.25068400001328
nothing.MOV,113,nothing,False,__NO_HAND__,,False,nothing,True,True,True,False,13.269086000036625,0.0,0.0,0.0,0.0,13.269086000036625
nothing.MOV,114,nothing,False,__NO_HAND__,,False,nothing,True,True,True,False,13.196147999906316,0.0,0.0,0.0,0.0,13.196147999906316
nothing.MOV,115,nothing,False,__NO_HAND__,,False,nothing,True,True,True,False,13.186630999825866,0.0,0.0,0.0,0.0,13.186630999825866
nothing.MOV,116,nothing,False,__NO_HAND__,,False,nothing,True,True,True,False,13.259278999839808,0.0,0.0,0.0,0.0,13.259278999839808
nothing.MOV,117,nothing,False,__NO_HAND__,,False,nothing,True,True,True,False,13.239845000043715,0.0,0.0,0.0,0.0,13.239845000043715
nothing.MOV,118,nothing,False,__NO_HAND__,,False,nothing,True,True,True,False,13.330737999922349,0.0,0.0,0.0,0.0,13.330737999922349
nothing.MOV,119,nothing,False,__NO_HAND__,,False,nothing,True,True,True,False,13.14385199998469,0.0,0.0,0.0,0.0,13.14385199998469
nothing.MOV,120,nothing,False,__NO_HAND__,,False,nothing,True,True,True,False,13.395377000051669,0.0,0.0,0.0,0.0,13.395377000051669
nothing.MOV,121,nothing,False,__NO_HAND__,,False,nothing,True,True,True,False,13.30941899982463,0.0,0.0,0.0,0.0,13.30941899982463
nothing.MOV,122,nothing,False,__NO_HAND__,,False,nothing,True,True,True,False,13.462655000012091,0.0,0.0,0.0,0.0,13.462655000012091
nothing.MOV,123,nothing,False,__NO_HAND__,,False,nothing,True,True,True,False,14.502376999871558,0.0,0.0,0.0,0.0,14.502376999871558
nothing.MOV,124,nothing,False,__NO_HAND__,,False,nothing,True,True,True,False,13.452053000037267,0.0,0.0,0.0,0.0,13.452053000037267
nothing.MOV,125,nothing,False,__NO_HAND__,,False,nothing,True,True,True,False,13.233602999889628,0.0,0.0,0.0,0.0,13.233602999889628
nothing.MOV,126,nothing,False,__NO_HAND__,,False,nothing,True,True,True,False,13.977529000158029,0.0,0.0,0.0,0.0,13.977529000158029
nothing.MOV,127,nothing,False,__NO_HAND__,,False,nothing,True,True,True,False,14.650815000095465,0.0,0.0,0.0,0.0,14.650815000095465
nothing.MOV,128,nothing,False,__NO_HAND__,,False,nothing,True,True,True,False,14.65870799984259,0.0,0.0,0.0,0.0,14.65870799984259
nothing.MOV,129,nothing,False,__NO_HAND__,,False,nothing,True,True,True,False,13.247707999880731,0.0,0.0,0.0,0.0,13.247707999880731
nothing.MOV,130,nothing,False,__NO_HAND__,,False,nothing,True,True,True,False,13.154095000118105,0.0,0.0,0.0,0.0,13.154095000118105
nothing.MOV,131,nothing,False,__NO_HAND__,,False,nothing,True,True,True,False,13.1105169998591,0.0,0.0,0.0,0.0,13.1105169998591
nothing.MOV,132,nothing,False,__NO_HAND__,,False,nothing,True,True,True,False,13.134834000084084,0.0,0.0,0.0,0.0,13.134834000084084
nothing.MOV,133,nothing,False,__NO_HAND__,,False,nothing,True,True,True,False,13.095499000201016,0.0,0.0,0.0,0.0,13.095499000201016
nothing.MOV,134,nothing,False,__NO_HAND__,,False,nothing,True,True,True,False,13.12072700011413,0.0,0.0,0.0,0.0,13.12072700011413
space.MOV,0,space,True,space,0.9998855590820312,True,space,True,False,False,False,14.489342000160832,0.0083930001437693,2.4607210000340274,22.13743500010424,0.1079569999546947,39.20384800039756
space.MOV,1,space,True,space,0.9999010562896729,True,space,True,False,False,False,14.113255999973262,0.0075209998158243,2.315790000011475,22.07789099998081,0.1012620000437891,38.61571999982516
space.MOV,2,space,True,space,0.9999217987060548,True,space,True,False,False,False,13.96156499981771,0.007643999879292,2.373583000007784,22.066347999952995,0.0968459999057813,38.50598599956356
space.MOV,3,space,True,space,0.9998756647109984,True,space,True,False,False,False,14.113678000057917,0.0076950000220676,2.3023589999411342,22.039326000140136,0.0936470000851841,38.55670500024644
space.MOV,4,space,True,space,0.9998873472213744,True,space,True,False,False,False,13.830067000071722,0.0077909999163239,2.280195000139429,22.002047999876595,0.1030089999858319,38.2231099999899
space.MOV,5,space,True,space,0.9998462200164796,True,space,True,False,False,False,13.86824099995465,0.0070690000484319,2.291422999860515,22.100489999957063,0.0926050001908151,38.35982800001148
space.MOV,6,space,True,space,0.9998914003372192,True,space,True,False,False,False,13.961406999897008,0.0087779999375925,2.3744049999550043,22.09453599994049,0.109089000034146,38.54821499976424
space.MOV,7,space,True,space,0.9997114539146424,True,space,True,False,False,False,13.88631500003612,0.0088190001861221,2.3654429999169224,22.01406400013184,0.1088359999812382,38.38347700025224
space.MOV,8,space,True,space,0.9996102452278136,True,space,True,False,False,False,13.807056999894485,0.0079700000696902,2.3171450000063487,21.998563000124705,0.1043050001499068,38.235040000245135
space.MOV,9,space,True,space,0.999764621257782,True,space,True,False,False,False,13.85571500009064,0.0072459999955754,2.3583039999266475,22.039682000013272,0.1240330000200629,38.3849800000462
space.MOV,10,space,True,space,0.9997320771217346,True,space,True,False,False,False,13.859506000017063,0.0078729999586357,2.366940000001705,22.015650000184905,0.0944180001170025,38.34438700027931
space.MOV,11,space,True,space,0.9996792078018188,True,space,True,False,False,False,13.889486000152829,0.0078079999639157,2.480989000105182,22.09449900010441,0.1076850001027196,38.58046700042905
space.MOV,12,space,True,space,0.9995952248573304,True,space,True,False,False,False,13.923227000077532,0.0090649998583103,2.36333999987437,22.021042000005764,0.0988029999007267,38.4154769997167
space.MOV,13,space,True,space,0.9995028972625732,True,space,True,False,False,False,14.034815999821149,0.0090220000856788,2.512918000093123,22.420149000026868,0.1127760001509159,39.08968100017773
space.MOV,14,space,True,space,0.9994612336158752,True,space,True,False,False,False,14.0225919999466,0.0089800000750983,2.873055000009117,22.09042599997701,0.0964919997841207,39.09154499979195
space.MOV,15,space,True,space,0.9994858503341676,True,space,True,False,False,False,14.110851000168624,0.0087209998582693,2.6425779999499355,22.774420999894573,0.093972000058784,39.630542999930185
space.MOV,16,space,True,space,0.9995765089988708,True,space,True,False,False,False,13.82999599991308,0.0078739999480603,2.548940999986371,22.491932999855635,0.1061030000073515,38.9848469997105
space.MOV,17,space,True,space,0.9997290968894958,True,space,True,False,False,False,13.914719000013063,0.0088970000433619,2.3579339999741933,22.09323600004609,0.1058630000443372,38.48064900012105
space.MOV,18,space,True,space,0.9994423985481262,True,space,True,False,False,False,13.840767999909076,0.0076179999268788,1.6428710000582214,22.120813999890743,0.1082969999970373,37.72036799978196
space.MOV,19,space,True,space,0.999778687953949,True,space,True,False,False,False,13.87385899988658,0.0088920000962389,2.363336000144045,22.020327000063844,0.099051999995936,38.36546600018664
space.MOV,20,space,True,space,0.9995360374450684,True,space,True,False,False,False,13.80257799996798,0.007475000074919,2.303381000047011,22.635703000105423,0.0962629999321507,38.84540000012748
space.MOV,21,space,True,space,0.9997394680976868,True,space,True,False,False,False,13.8427159999992,0.006948000191187,2.331558999912886,22.62455000004593,0.0955179998527455,38.90129100000195
space.MOV,22,space,True,space,0.9998188614845276,True,space,True,False,False,False,13.818100999969827,0.0074500001119304,2.2747440000330243,22.03605699992295,0.1057740000760532,38.242126000113785
space.MOV,23,space,True,space,0.9998278617858888,True,space,True,False,False,False,13.986373999841817,0.0084329999481269,2.333532999955424,22.05469299997276,0.127517999999327,38.51055099971745
space.MOV,24,space,True,space,0.999778926372528,True,space,True,False,False,False,13.907454999980471,0.0075080001806782,2.349071000026015,22.056340999824897,0.1104830000713263,38.43085800008339
space.MOV,25,space,True,space,0.999612033367157,True,space,True,False,False,False,13.935834999983854,0.0065769997945608,2.5478550001025724,22.161070000038308,0.139998999884483,38.79133599980378
space.MOV,26,space,True,space,0.9997454285621644,True,space,True,False,False,False,13.929194999946048,0.0066999998580286,2.3807350000879524,22.00386399999843,0.0946329998896544,38.415126999780114
space.MOV,27,space,True,space,0.9994853734970092,True,space,True,False,False,False,13.830395000013596,0.0086259999534377,2.373863999991954,22.01799799991022,0.0982080000540008,38.32909099992321
space.MOV,28,space,True,space,0.9998157620429992,True,space,True,False,False,False,14.040726000075663,0.0071570000272913,2.355455000042639,22.05223200007822,0.1410970000961242,38.59666700031994
space.MOV,29,space,True,space,0.999745786190033,True,space,True,False,False,False,13.927502000115055,0.0086390000433311,2.3774979999871,22.67093199998272,0.1032980001127725,39.08786900024097
space.MOV,30,space,True,space,0.9997321963310242,True,space,True,False,False,False,13.875233999897318,0.0106079999113717,2.703390999840849,22.694326999953773,0.0937439999688649,39.37730399957218
space.MOV,31,space,True,space,0.999579131603241,True,space,True,False,False,False,13.97642699998869,0.008461999868814,2.598084000055678,22.733477999963725,0.0971929998740961,39.413643999751
space.MOV,32,space,True,space,0.999541997909546,True,space,True,False,False,False,14.051139000002877,0.0086080001437949,2.411910999853717,22.08428900007675,0.1026039999487693,38.65855100002591
space.MOV,33,space,True,space,0.9994441866874696,True,space,True,False,False,False,13.848114999973404,0.006275000032474,2.4331479999091243,22.039918000018588,0.1052340001024276,38.43269000003602
space.MOV,34,space,True,space,0.9995946288108826,True,space,True,False,False,False,13.973365999845557,0.008233000016844,2.3868539999511995,22.10910600001625,0.1136139999289298,38.59117299975878
space.MOV,35,space,True,space,0.999614119529724,True,space,True,False,False,False,13.9258350000091,0.0076070000432082,2.364427999964392,22.029751999980363,0.105033999943771,38.43265599994084
space.MOV,36,space,True,space,0.99951171875,True,space,True,False,False,False,13.89422099987314,0.0073129999691445,2.2953400000460533,22.00924899989332,0.0976870001068164,38.30380999988847
space.MOV,37,space,True,space,0.9986886382102966,True,space,True,False,False,False,13.89508800002659,0.007242000037877,2.4137420000442944,22.077893999949083,0.1142180001352244,38.50818400019307
space.MOV,38,space,True,space,0.999428689479828,True,space,True,False,False,False,14.126296000085858,0.0085520000538963,2.350492999994458,22.0913829998608,0.1248099999884289,38.70153399998344
space.MOV,39,space,True,space,0.9996998310089112,True,space,True,False,False,False,13.970656999845232,0.0086990000909281,2.355072000000291,22.010038999951576,0.1089919999230915,38.45345899981112
space.MOV,40,space,True,space,0.9995840191841124,True,space,True,False,False,False,13.904578999927253,0.007828999969206,2.278596999985893,22.03648099998645,0.0974890001543826,38.32497500002319
space.MOV,41,space,True,space,0.9996986389160156,True,space,True,False,False,False,13.908912000033524,0.0075150001066504,2.421217000119213,22.08906200007732,0.1027799999064882,38.5294860002432
space.MOV,42,space,True,space,0.9998313188552856,True,space,True,False,False,False,14.004800000066098,0.0078779999057587,2.38150800009862,22.054143000104887,0.1122670000768266,38.56059600025219
space.MOV,43,space,True,space,0.999763548374176,True,space,True,False,False,False,13.932589999967604,0.0081440000485599,2.312297999878865,22.048818000030224,0.0977619999957823,38.39961199992104
space.MOV,44,space,True,space,0.9996778964996338,True,space,True,False,False,False,14.287466000041604,0.0087470000380562,2.498758000001544,22.031405000007,0.109411999801523,38.935787999889726
space.MOV,45,space,True,space,0.9997994303703308,True,space,True,False,False,False,14.099235999992745,0.0078880000273784,2.4064669999006583,22.098276000178885,0.1090069999918341,38.7208740000915
space.MOV,46,space,True,space,0.999752938747406,True,space,True,False,False,False,14.017555000009452,0.0086769998688396,2.3361159999240044,22.05866799999967,0.1171010001144168,38.53811699991638
space.MOV,47,space,True,space,0.999800741672516,True,space,True,False,False,False,13.930470999866884,0.0082050000855815,2.339568000024883,22.06799400005366,0.1038870000229508,38.45012500005396
space.MOV,48,space,True,space,0.9997742772102356,True,space,True,False,False,False,13.719750000063868,0.0072440000167262,2.409743000043818,22.029134999911548,0.1267160000679723,38.29258800010393
space.MOV,49,space,True,space,0.9997623562812804,True,space,True,False,False,False,13.92394599997715,0.008959000069808,2.3759030000292114,22.103605999973297,0.1317950000156997,38.544209000065166
space.MOV,50,space,True,space,0.9997017979621888,True,space,True,False,False,False,13.825248000102874,0.010698000096454,2.513341999929253,22.22628100003021,0.1418540000486245,38.71742300020742
space.MOV,51,space,True,space,0.9998698234558104,True,space,True,False,False,False,13.872604999960458,0.0090739999905054,2.3502750000261585,22.151569000016025,0.0951780000377766,38.47870100003093
space.MOV,52,space,True,space,0.9995908141136168,True,space,True,False,False,False,13.9223779999611,0.0077820000115025,2.413337000007232,22.17835199985529,0.1498130000072706,38.6716619998424
space.MOV,53,space,True,space,0.9998185038566588,True,space,True,False,False,False,13.938304000021162,0.0069409998104674,2.263190999883591,22.08747999998195,0.117596000109188,38.41351199980636
space.MOV,54,space,True,space,0.999659538269043,True,space,True,False,False,False,13.959129000113537,0.0075319999268685,2.339883999866288,22.0744589998958,0.1184149998607608,38.49941899966325
space.MOV,55,space,True,space,0.9996769428253174,True,space,True,False,False,False,13.884535999977745,0.007396000000881,2.2705609999320586,22.042208999891955,0.0914679999368672,38.296169999739504
space.MOV,56,space,True,space,0.9996252059936525,True,space,True,False,False,False,13.878828000088106,0.0083850000009988,2.3820609999347653,22.65141599991693,0.0910600001589045,39.01175000009971
space.MOV,57,space,True,space,0.9995706677436828,True,space,True,False,False,False,13.822793999906937,0.006926999958523,2.2313439999379625,22.04398199978641,0.11738700004571,38.22243399963554
space.MOV,58,space,True,space,0.9993065595626832,True,space,True,False,False,False,13.95246800007044,0.0076759999956266,2.344270000094184,22.031834000017625,0.096326999937446,38.43257500011532
space.MOV,59,space,True,space,0.9997465014457704,True,space,True,False,False,False,13.866755999970335,0.0071839999691292,2.358799999910844,22.581019999961427,0.1113169998916419,38.92507699970338
space.MOV,60,space,True,space,0.9998183846473694,True,space,True,False,False,False,14.021289000083923,0.0072039999849948,2.227101000016773,22.00769399996716,0.0936489998366596,38.35693699988951
space.MOV,61,space,True,space,0.9997351765632628,True,space,True,False,False,False,13.823343000012756,0.0070849998792255,2.35281400000531,22.010446999956912,0.1154390001829597,38.30912800003716
space.MOV,62,space,True,space,0.9995996356010436,True,space,True,False,False,False,13.89762899998459,0.0091900001280009,2.3408009999457136,22.07324300002256,0.1281940001263137,38.449057000207176
space.MOV,63,space,True,space,0.9991156458854676,True,space,True,False,False,False,13.924050000014176,0.0080540000908513,2.2598600000947044,22.06424999985757,0.1208129999668017,38.3770270000241
space.MOV,64,space,True,space,0.9994741082191468,True,space,True,False,False,False,13.985188000106064,0.0090879998424497,2.364214999943215,22.279463000131727,0.0946630000271397,38.7326170000506
space.MOV,65,space,True,space,0.999496340751648,True,space,True,False,False,False,13.939164000021265,0.0073980002071039,2.2897900000771187,22.070855000038136,0.0991849999536498,38.40639200029728
space.MOV,66,space,True,space,0.9995549321174622,True,space,True,False,False,False,13.908524000044054,0.0083449999692675,2.6115890000255604,22.06240000009529,0.1067759999386908,38.69763400007287
space.MOV,67,space,True,space,0.9996837377548218,True,space,True,False,False,False,13.91596100006609,0.0067280000166647,2.338180000151624,22.02829199995904,0.1075909999599389,38.39675200015336
space.MOV,68,space,True,space,0.9997128844261168,True,space,True,False,False,False,13.883148999866536,0.0089749999006016,2.401905999931841,22.08604199995534,0.1223589999881369,38.502430999642456
space.MOV,69,space,True,space,0.9995936751365662,True,space,True,False,False,False,13.865849000012531,0.0082149999798275,2.41590200016617,22.07649499996478,0.0925700001062068,38.45903100022952
space.MOV,70,space,True,space,0.9991718530654908,True,space,True,False,False,False,13.838029999988066,0.0072170000748883,2.3194010000224807,22.039757999891663,0.0975180000750697,38.30192400005217
space.MOV,71,space,True,space,0.9993054866790771,True,space,True,False,False,False,13.858429000038086,0.0074810000114666,2.36153000014383,22.0335620001606,0.1052149998486129,38.3662170002026
space.MOV,72,space,True,space,0.9995393753051758,True,space,True,False,False,False,13.855630000080057,0.0091379999958007,2.35053100004734,22.04755200000364,0.1443349999590282,38.40718600008586
space.MOV,73,space,True,space,0.9993298053741456,True,space,True,False,False,False,14.175904000012451,0.008019000006243,2.3081379999894125,22.099320000052103,0.0944180001170025,38.68579900017721
space.MOV,74,space,True,space,0.9995934367179872,True,space,True,False,False,False,14.02239499998359,0.020918000018355,2.310411999815188,22.018598000158818,0.121545999945738,38.49386899992169
space.MOV,75,space,True,space,0.9996705055236816,True,space,True,False,False,False,14.069101999893974,0.0078250000115076,2.4278460000459745,22.08945600000333,0.1135119998707523,38.707740999825546
space.MOV,76,space,True,space,0.9996918439865112,True,space,True,False,False,False,13.903008999932354,0.0069889999849692,2.545757000007143,22.064626000201315,0.0963309998951444,38.616712000020925
space.MOV,77,space,True,space,0.9997146725654602,True,space,True,False,False,False,14.165418999937174,0.0087749999693187,2.3467209998671024,22.03093899993292,0.096856000027401,38.64870999973391
space.MOV,78,space,True,space,0.9997335076332092,True,space,True,False,False,False,13.926408999850535,0.0074020001648023,2.373997999939093,22.02487500017014,0.0965410001754207,38.4292250003
space.MOV,79,space,True,space,0.999620795249939,True,space,True,False,False,False,13.884335000057035,0.0084149999111104,2.3078909998730524,22.09173900018868,0.1082670000869256,38.400647000116805
space.MOV,80,space,True,space,0.9998377561569214,True,space,True,False,False,False,13.9391440000054,0.0086530001226492,2.4316039998666383,22.10953099984181,0.0938380001116456,38.58276999994814
space.MOV,81,space,True,space,0.9997798800468444,True,space,True,False,False,False,13.950861000012084,0.0085809999745833,2.602884999987509,22.14767899999969,0.093233999905351,38.80323999987922
space.MOV,82,space,True,space,0.9997022747993468,True,space,True,False,False,False,13.879773000098794,0.0078299999586306,2.643006999960562,22.06613899988952,0.1064650000444089,38.70321399995191
space.MOV,83,space,True,space,0.9994353652000428,True,space,True,False,False,False,14.296953999973994,0.0084000000697415,2.785819000109768,22.234905999994226,0.1025400001708476,39.42861900031858
space.MOV,84,space,True,space,0.9995743632316588,True,space,True,False,False,False,14.421405999883063,0.007684999900448,2.646874999982174,22.68131700020604,0.0946749999002349,39.85195799987196
space.MOV,85,space,True,space,0.9995704293251038,True,space,True,False,False,False,14.29284200003167,0.0067319999743631,2.6042389999929583,22.76573299991469,0.1172280001355829,39.78677400004926
space.MOV,86,space,True,space,0.9994584918022156,True,space,True,False,False,False,14.046025999959966,0.0075720001859735,2.3513529999945604,22.072351999895545,0.1124639998124621,38.58976699984851
space.MOV,87,space,True,space,0.999467432498932,True,space,True,False,False,False,14.21486799995364,0.0075619998369802,2.374829000018508,21.98203900002227,0.1083989998278411,38.68769699965924
space.MOV,88,space,True,space,0.9992769360542296,True,space,True,False,False,False,13.907643999800712,0.0072099999215424,2.8912810000747413,22.04073300003984,0.0926489999528712,38.9395169997897
space.MOV,89,space,True,space,0.9992905855178832,True,space,True,False,False,False,14.389627999889854,0.0076950000220676,2.329562999875634,22.49019300006693,0.1125310000134049,39.3296099998679
space.MOV,90,space,True,space,0.9995941519737244,True,space,True,False,False,False,14.15354899995691,0.0071150000167108,2.3634469998796703,22.05256100000952,0.0952910002069984,38.67196300006981
space.MOV,91,space,True,space,0.9994882345199584,True,space,True,False,False,False,14.072344999931374,0.0078690000009373,2.2827470002084738,22.021545000143306,0.1141110001299239,38.498617000414015
space.MOV,92,space,True,space,0.9995843768119812,True,space,True,False,False,False,13.819467000075749,0.0072949999321281,2.2605139999996027,22.083837000081985,0.1072150000709371,38.2783280001604
space.MOV,93,space,True,space,0.9992491602897644,True,space,True,False,False,False,14.261175999990884,0.0074550000590534,2.373091999970711,22.057436999830315,0.1048240001182421,38.803983999969205
space.MOV,94,space,True,space,0.9995126724243164,True,space,True,False,False,False,14.13259899982222,0.0089659999957802,2.344133999940823,22.05588199990416,0.1039569999647938,38.64553799962778
space.MOV,95,space,True,space,0.9994491934776306,True,space,True,False,False,False,14.20031500015284,0.0070300000061251,2.266115000111313,21.98402299995905,0.0934330000745831,38.55091600030392
space.MOV,96,space,True,space,0.9992583394050598,True,space,True,False,False,False,13.863807000007,0.008252000043285,2.6554270000360702,22.067724999942584,0.0968029999057762,38.69201399993472
space.MOV,97,space,True,space,0.999279797077179,True,space,True,False,False,False,13.95868800000244,0.0075970001489622,2.477945999999065,22.07620199988014,0.1212890001625055,38.64172200019311
space.MOV,98,space,True,space,0.9991520643234252,True,space,True,False,False,False,13.990815999932238,0.0081609998687781,2.389181999888024,22.12063899992245,0.1117790000080276,38.62057699961952
space.MOV,99,space,True,space,0.9996211528778076,True,space,True,False,False,False,13.869759000044724,0.0085189999481372,2.3618829998213187,22.02079799985768,0.107470000102694,38.36842899977455
space.MOV,100,space,True,space,0.9995331764221193,True,space,True,False,False,False,13.981959999910032,0.0093819999165134,2.4218420001034247,22.1506479999789,0.1345969999420049,38.69842899985088
space.MOV,101,space,True,space,0.999432384967804,True,space,True,False,False,False,13.955834000171308,0.0112029999854712,3.778265999926589,22.951257999920927,0.117964000082793,40.81452500008709
space.MOV,102,space,True,space,0.999634861946106,True,space,True,False,False,False,14.205712999910247,0.0096969999958673,2.388072000030661,22.13600499999302,0.1000209999801882,38.83950799990998
space.MOV,103,space,True,space,0.9995168447494508,True,space,True,False,False,False,13.858404999837148,0.0078470000062225,2.391246999877694,22.017790000063545,0.1439249999748426,38.41921399975945
space.MOV,104,space,True,space,0.9992856383323668,True,space,True,False,False,False,13.829541000177414,0.007675000006202,2.5155700000141223,22.053160999803367,0.1139220000823115,38.51986900008342
space.MOV,105,space,True,space,0.9993463158607484,True,space,True,False,False,False,13.93494100011594,0.007675000006202,2.354367999942042,22.001271999897654,0.0946850000218546,38.39294099998369
space.MOV,106,space,True,space,0.999462902545929,True,space,True,False,False,False,14.191512000024886,0.0077989998317207,2.4450989999422745,22.08263500006069,0.1139249998232116,38.840969999682784
space.MOV,107,space,True,space,0.9992493987083436,True,space,True,False,False,False,13.980922999962786,0.0075840000590687,2.4068010000064533,22.02540399980535,0.0973710000380378,38.518082999871694
space.MOV,108,space,True,space,0.9995617270469666,True,space,True,False,False,False,13.801969000041936,0.0083169998106313,2.376064999907612,21.97031000014249,0.0934479999159521,38.25010899981862
space.MOV,109,space,True,space,0.9992627501487732,True,space,True,False,False,False,14.161731000058351,0.0079469998581771,2.394234000121287,22.04830400000901,0.0981559999218006,38.71037199996863
space.MOV,110,space,True,space,0.9991028308868408,True,space,True,False,False,False,14.080017999958727,0.0088470001173845,2.465547999918272,22.099152999999205,0.1289429999360436,38.78250899992963
space.MOV,111,space,True,space,0.9996041655540466,True,space,True,False,False,False,13.94811800014395,0.0076349999744707,2.336506000119698,21.984991000181253,0.0955059999796503,38.37275600039902
space.MOV,112,space,True,space,0.999732792377472,True,space,True,False,False,False,13.941863999889392,0.0085650001437898,2.528867000137325,22.008091000088825,0.0985930000751977,38.58598000033453
space.MOV,113,space,True,space,0.9996426105499268,True,space,True,False,False,False,13.92869200003588,0.007730000106676,2.34687500005748,22.014620999925683,0.1014310000755358,38.399349000201255
space.MOV,114,space,True,space,0.9996019005775452,True,space,True,False,False,False,14.151921999882688,0.0067149999267712,2.335835999929259,21.99813699985497,0.092865999931746,38.58547599952544
space.MOV,115,space,True,space,0.9996837377548218,True,space,True,False,False,False,13.862339000070278,0.0080919999163597,2.41803699987031,22.07517299984829,0.09558100009599,38.45922199980123
space.MOV,116,space,True,space,0.999614715576172,True,space,True,False,False,False,13.841561000162985,0.0079359999745065,2.501681000012468,22.065905999852475,0.10212600000159,38.51921000000402
space.MOV,117,space,True,space,0.9994692206382751,True,space,True,False,False,False,14.013443000067127,0.0067650000801222,2.310217000058401,22.046787999897788,0.1131369999711751,38.49035000007461
space.MOV,118,space,True,space,0.9996469020843506,True,space,True,False,False,False,13.844031999951769,0.0093539999852509,2.43443399995158,22.048252000104185,0.0967889998264581,38.43286099981924
space.MOV,119,space,True,space,0.9997287392616272,True,space,True,False,False,False,13.93018400017354,0.0065210001594095,2.310786000180088,22.038837999843963,0.126118000025599,38.4124470003826
space.MOV,120,space,True,space,0.9997243285179138,True,space,True,False,False,False,14.01266800007761,0.0080460001754545,2.759580999963873,22.06564299990532,0.1236959999459941,38.969634000068254
space.MOV,121,space,True,space,0.9996778964996338,True,space,True,False,False,False,14.445875999854252,0.007186999937403,2.3746730000766547,22.0766669999648,0.1450259999273839,39.049428999760494
space.MOV,122,space,True,space,0.9994010925292968,True,space,True,False,False,False,13.95856699991782,0.0081799998952192,2.372503000060533,22.029622000218296,0.105851000171242,38.47472300026311
space.MOV,123,space,True,space,0.9996355772018432,True,space,True,False,False,False,14.112801999999649,0.0081460000274091,2.36676700001226,22.022262000064075,0.0958200000695796,38.60579700017297
space.MOV,124,space,True,space,0.999757707118988,True,space,True,False,False,False,14.159704000121565,0.0075529999321588,2.32880299995486,21.99853499996607,0.0947860000906075,38.58938100006526
space.MOV,125,space,True,space,0.9997207522392272,True,space,True,False,False,False,14.012195000077554,0.0072499999532738,2.3234950001551624,22.02873099986391,0.1050749999649269,38.47674600001483
space.MOV,126,space,True,space,0.9997217059135436,True,space,True,False,False,False,13.874124000039956,0.007809000180714,2.363783999953739,22.10215100012647,0.0998959999378712,38.44776400023875
space.MOV,127,space,True,space,0.9995784163475036,True,space,True,False,False,False,13.866891999896325,0.007266000011441,2.3852080000779097,21.99702799998704,0.0925370000004477,38.34893099997316
space.MOV,128,space,True,space,0.9995620846748352,True,space,True,False,False,False,15.71950399988964,0.0070920000325713,2.336333000130253,22.00951999998324,0.1238279999142832,40.19627699994999
space.MOV,129,space,True,space,0.9995301961898804,True,space,True,False,False,False,13.990452999905756,0.0082349999956932,2.5022160000389704,22.035723000044527,0.0935350001327606,38.63016200011771
space.MOV,130,space,True,space,0.9995383024215698,True,space,True,False,False,False,13.811184000132926,0.0073819999215629,2.2960569999668223,22.007362000067587,0.113485999918339,38.23547100000724
space.MOV,131,space,True,space,0.9993583559989928,True,space,True,False,False,False,13.806066999904942,0.0080830000115383,2.330763999907504,22.034878000113167,0.1077849999546742,38.28757699989183
space.MOV,132,space,True,space,0.9994708895683287,True,space,True,False,False,False,13.79662400017878,0.0077550000696646,2.3828509999930247,21.999576000098383,0.0941349999266094,38.28094100026647
space.MOV,133,space,True,space,0.9994747042655944,True,space,True,False,False,False,13.828712000076848,0.008367000191356,2.311823999889384,22.06547900004807,0.108504999843717,38.32288700004938
space.MOV,134,space,True,space,0.999419331550598,True,space,True,False,False,False,13.72383400007493,0.008396999874094,2.532427000005555,22.080760999870108,0.0953559999743447,38.44077499979903
space.MOV,135,space,True,space,0.9991482496261596,True,space,True,False,False,False,13.778235000017958,0.0073940000220318,2.3395309999614256,21.98698000006516,0.1137799999924027,38.22592000005898
space.MOV,136,space,True,space,0.9993751645088196,True,space,True,False,False,False,13.65757600001416,0.0070389999109465,2.302047000057428,21.96493799988275,0.1138499999342457,38.04544999979953
space.MOV,137,space,True,space,0.9992757439613342,True,space,True,False,False,False,13.870769000050132,0.006917000064277,2.265065000074173,21.994379000034314,0.092134000169608,38.2292640003925
space.MOV,138,space,True,space,0.9992087483406068,True,space,True,False,False,False,13.681540000106908,0.0098900000011781,2.3877920000359154,22.047925999913787,0.0939019998895673,38.22104999994736
